v 0.52858853 0.40999275 0.85854888
v 0.52858853 0.40149122 0.85813367
v 0.53234243 0.38992608 0.85527927
v 0.53317666 0.40999275 0.85574633
v 0.52858853 0.42998278 0.85751092
v 0.52858853 0.38992608 0.85756278
v 0.54835916 0.38992608 0.84526277
v 0.52858853 0.36993605 0.85590208
v 0.54702443 0.36993605 0.84443241
v 0.54910994 0.40999275 0.84578180
v 0.53234243 0.42998278 0.85517550
v 0.54477209 0.44376904 0.84297925
v 0.52858853 0.44851762 0.84775394
v 0.55832791 0.38992608 0.83887929
v 0.55703485 0.36993605 0.83804888
v 0.52858853 0.35224366 0.85398179
v 0.54531431 0.34994596 0.84334254
v 0.55907869 0.40999275 0.83934635
v 0.54823399 0.42998278 0.84521091
v 0.58131021 0.44124156 0.82087040
v 0.57000673 0.44514763 0.82471091
v 0.53346860 0.45709574 0.83509064
v 0.52858853 0.45073873 0.84526277
v 0.57000673 0.38992608 0.83093876
v 0.57000673 0.40999275 0.83197677
v 0.55528307 0.34994596 0.83690715
v 0.57000673 0.36993605 0.82922614
v 0.52858853 0.32995594 0.85102355
v 0.54318708 0.32995594 0.84199321
v 0.57000673 0.42998278 0.83083498
v 0.55820274 0.42998278 0.83877546
v 0.60375029 0.44338608 0.80275780
v 0.58293688 0.42998278 0.82206410
v 0.59294736 0.42998278 0.81485021
v 0.60650313 0.42998278 0.80483371
v 0.61651361 0.42998278 0.79725653
v 0.58739990 0.44897717 0.80810332
v 0.59353131 0.45671278 0.79476535
v 0.57000673 0.45518100 0.81287801
v 0.58018404 0.46000618 0.80011094
v 0.55653435 0.45901048 0.81708181
v 0.54322881 0.46061891 0.82175267
v 0.52858853 0.46061891 0.82958937
v 0.58293688 0.38992608 0.82206410
v 0.58368766 0.40999275 0.82258308
v 0.57167518 0.34994596 0.82574892
v 0.55319750 0.32995594 0.83550584
v 0.56804633 0.32995594 0.82548940
v 0.58064282 0.35660934 0.82040334
v 0.58168560 0.36993605 0.82112992
v 0.52858853 0.32811773 0.85076404
v 0.54139352 0.31479105 0.84085143
v 0.62539786 0.44476473 0.78433377
v 0.60958970 0.45073873 0.78957552
v 0.62890154 0.42998278 0.78724009
v 0.65960026 0.43764180 0.75957811
v 0.59369814 0.40999275 0.81536913
v 0.60717052 0.40999275 0.80535269
v 0.61713928 0.40999275 0.79772359
v 0.62948549 0.40999275 0.78775907
v 0.61542916 0.45809144 0.77587426
v 0.60208189 0.46054232 0.78142744
v 0.58810896 0.46092528 0.78884894
v 0.57000673 0.46069551 0.80286157
v 0.52858853 0.46100181 0.82865524
v 0.59290564 0.38992608 0.81479830
v 0.59165430 0.36993605 0.81391597
v 0.57943326 0.34328264 0.81952107
v 0.56571060 0.30996585 0.82388055
v 0.57805681 0.32995594 0.81858689
v 0.58840096 0.34994596 0.81391597
v 0.52858853 0.30904680 0.84780586
v 0.54881799 0.30889362 0.83493495
v 0.53960001 0.30146435 0.83970964
v 0.64625299 0.44537741 0.76549453
v 0.63094532 0.45173442 0.77068436
v 0.68016338 0.44016927 0.74011606
v 0.63891196 0.42998278 0.77898818
v 0.66072643 0.42423850 0.76061606
v 0.66844279 0.43051893 0.75257176
v 0.68112272 0.42998278 0.74099833
v 0.60641974 0.38992608 0.80483371
v 0.61638844 0.38992608 0.79715276
v 0.62877643 0.38992608 0.78713626
v 0.63878685 0.38992608 0.77893627
v 0.63949591 0.40999275 0.77950716
v 0.63649279 0.45870411 0.75656796
v 0.62314552 0.46077210 0.76253629
v 0.60925603 0.46130818 0.76949072
v 0.57000673 0.46192092 0.78999072
v 0.54994416 0.46138477 0.81023121
v 0.52858853 0.46192092 0.81142485
v 0.60362518 0.34994596 0.80270588
v 0.60521013 0.36993605 0.80389953
v 0.59002763 0.32995594 0.80991983
v 0.57572103 0.30996585 0.81697804
v 0.56308281 0.28997582 0.82206410
v 0.60053861 0.31777805 0.80037045
v 0.60178989 0.32995594 0.80130464
v 0.52858853 0.28997582 0.84443241
v 0.55002755 0.28997582 0.83073115
v 0.53788990 0.28997582 0.83861977
v 0.67002779 0.44438177 0.74478698
v 0.67044491 0.45510441 0.73020339
v 0.65163362 0.45219398 0.75142998
v 0.70043451 0.44047564 0.72034264
v 0.68813002 0.44392222 0.72823125
v 0.69113314 0.42998278 0.73139709
v 0.70151901 0.42998278 0.72143257
v 0.66093498 0.40999275 0.76077175
v 0.67094541 0.40999275 0.75168949
v 0.68187350 0.40999275 0.74172491
v 0.69188392 0.40999275 0.73217559
v 0.61522061 0.36993605 0.79621851
v 0.62765026 0.36993605 0.78620207
v 0.63766068 0.36993605 0.77805400
v 0.65000689 0.38992608 0.76928312
v 0.66001737 0.37989277 0.75999326
v 0.66039276 0.38992608 0.76030469
v 0.65701419 0.45901048 0.73700213
v 0.67741048 0.45924026 0.71743631
v 0.64366692 0.46077210 0.74322999
v 0.66410494 0.46084869 0.72366416
v 0.62990260 0.46146137 0.74992490
v 0.59002763 0.46207410 0.76995778
v 0.86998647 0.46176773 0.43002141
v 0.88996565 0.46161455 0.39000756
v 0.90815127 0.46107841 0.32840380
v 0.52858853 0.46184433 0.81002361
v 0.61363560 0.34994596 0.79502487
v 0.57305157 0.28997582 0.81510967
v 0.58706617 0.28997582 0.80509323
v 0.59895360 0.30445138 0.79917675
v 0.59136236 0.31065518 0.80576789
v 0.56112248 0.27649593 0.82071471
v 0.60833842 0.31065518 0.79310465
v 0.62247819 0.30996585 0.78194642
v 0.61180037 0.32995594 0.79357171
v 0.52858853 0.27588320 0.84162986
v 0.55140400 0.26983258 0.82574892
v 0.52858853 0.26998574 0.84043622
v 0.53467822 0.26998574 0.83659571
v 0.69063264 0.45541078 0.71048194
v 0.72049713 0.44055223 0.70046544
v 0.70827603 0.44422859 0.70825028
v 0.71148771 0.42998278 0.71151990
v 0.70226979 0.40999275 0.72215915
v 0.67040318 0.38992608 0.75127429
v 0.68137294 0.38992608 0.74125785
v 0.69138342 0.38992608 0.73170847
v 0.70181096 0.38992608 0.72169203
v 0.62623209 0.34994596 0.78500843
v 0.65155017 0.37192738 0.76642871
v 0.63624251 0.34994596 0.77686036
v 0.64812994 0.34994596 0.76684391
v 0.65926653 0.36656606 0.75931859
v 0.68070561 0.37376553 0.74058318
v 0.69768167 0.45931685 0.69766295
v 0.68437612 0.46084869 0.70409840
v 0.69063264 0.46153796 0.69060475
v 0.76996541 0.46192092 0.59002507
v 0.84996557 0.46176773 0.47003531
v 0.87006986 0.46123159 0.44937962
v 0.88337541 0.46100181 0.43002141
v 0.89009076 0.46115500 0.40921006
v 0.90681654 0.46115500 0.37002653
v 0.92387605 0.46107841 0.33001265
v 0.92433482 0.46107841 0.32840380
v 0.89914191 0.46015936 0.32840380
v 0.52858853 0.46069551 0.79694510
v 0.62452197 0.32995594 0.78360718
v 0.56867200 0.26983258 0.81401980
v 0.58422995 0.26998574 0.80301726
v 0.59707665 0.28997582 0.79777551
v 0.61155009 0.28974605 0.78666919
v 0.62093490 0.29625621 0.78070086
v 0.55899525 0.26316923 0.81931347
v 0.63248861 0.30996585 0.77379835
v 0.54669076 0.24999569 0.82434762
v 0.52858853 0.26263309 0.83882737
v 0.52921414 0.24877025 0.83529824
v 0.71057010 0.45548737 0.69060475
v 0.74014264 0.44016927 0.68012118
v 0.72829694 0.44399881 0.68806171
v 0.72153986 0.42998278 0.70150346
v 0.71223849 0.40999275 0.71224648
v 0.70097673 0.36993605 0.72091353
v 0.71177971 0.38992608 0.71177936
v 0.63449073 0.32995594 0.77545905
v 0.64650321 0.32995594 0.76544261
v 0.65814036 0.34994596 0.75833249
v 0.67995483 0.36043882 0.73990846
v 0.68842196 0.36825103 0.73269457
v 0.71757740 0.45924026 0.67742246
v 0.70423013 0.46084869 0.68432498
v 0.71057010 0.46146137 0.67046803
v 0.72362536 0.46084869 0.66408449
v 0.73017389 0.46138477 0.65001994
v 0.74961084 0.46130818 0.62941617
v 0.76908952 0.46107841 0.60860479
v 0.79119593 0.46146137 0.57113397
v 0.80979866 0.46130818 0.54933649
v 0.84950674 0.46115500 0.48871884
v 0.86302084 0.46084869 0.47003531
v 0.88095623 0.46038914 0.44232142
v 0.90068519 0.46031255 0.40194422
v 0.90252042 0.46084869 0.39000756
v 0.92158198 0.46061891 0.34641266
v 0.93417847 0.45709574 0.32840380
v 0.89092499 0.45770848 0.32840380
v 0.52858853 0.45862752 0.78760338
v 0.52858853 0.46061891 0.79627043
v 0.58181071 0.25459111 0.80130464
v 0.59424037 0.26998574 0.79569960
v 0.60746253 0.26998574 0.78568310
v 0.61926651 0.28292951 0.77935147
v 0.62856787 0.28974605 0.77312362
v 0.64224881 0.28997582 0.76186162
v 0.55670118 0.24999569 0.81775653
v 0.57175857 0.24877025 0.80696160
v 0.64454287 0.30996585 0.76378191
v 0.54297853 0.22992906 0.82190841
v 0.52858853 0.24930640 0.83581722
v 0.52858853 0.24777459 0.83545399
v 0.53000665 0.22992906 0.83021218
v 0.73017389 0.45510441 0.67046803
v 0.78372979 0.44415200 0.62474531
v 0.76508534 0.44514763 0.64607567
v 0.74468905 0.44438177 0.66994905
v 0.73155034 0.42998278 0.69107181
v 0.74106026 0.42998278 0.68105537
v 0.75945443 0.43702912 0.65941364
v 0.72224897 0.40999275 0.70223004
v 0.71098721 0.36993605 0.71089709
v 0.70030940 0.35760498 0.72029078
v 0.72174841 0.38992608 0.70176291
v 0.65455329 0.30996585 0.75521857
v 0.65647197 0.32995594 0.75687933
v 0.66923529 0.34994596 0.74831605
v 0.66769201 0.32995594 0.74691480
v 0.67924571 0.34994596 0.73923379
v 0.69167536 0.35055870 0.72755659
v 0.73697263 0.45901048 0.65666300
v 0.76179022 0.46061891 0.62240982
v 0.78456396 0.46092528 0.59002507
v 0.80299991 0.46084869 0.56521749
v 0.82502288 0.46107841 0.53003019
v 0.84254116 0.46077210 0.50532639
v 0.86055994 0.46023595 0.48114163
v 0.87682694 0.45885730 0.45565939
v 0.89684784 0.45885730 0.41528219
v 0.91974676 0.45992959 0.35975060
v 0.93384475 0.45694256 0.33001265
v 0.94589901 0.44713902 0.32840380
v 0.52858853 0.45824462 0.78625399
v 0.87157142 0.44913036 0.32840380
v 0.57955837 0.24126442 0.79964387
v 0.58911002 0.24877025 0.79450589
v 0.60445935 0.24999569 0.78339958
v 0.61747295 0.26998574 0.77795023
v 0.63132071 0.27052188 0.76668823
v 0.64070553 0.27749160 0.76051223
v 0.65225923 0.28997582 0.75329834
v 0.55298901 0.22992906 0.81526536
v 0.56754583 0.22992906 0.80524892
v 0.54072618 0.21828733 0.82045525
v 0.52858853 0.22992906 0.83109444
v 0.52858853 0.21085808 0.82611221
v 0.75111240 0.45204079 0.65136933
v 0.78890187 0.45012605 0.60860479
v 0.77513748 0.45747870 0.61431366
v 0.77013224 0.45135146 0.63024658
v 0.80212396 0.44269675 0.60284406
v 0.75603420 0.45847434 0.63574779
v 0.73221767 0.40999275 0.69179839
v 0.74172759 0.40999275 0.68183386
v 0.75248885 0.43021256 0.66839206
v 0.76058060 0.42370242 0.66065919
v 0.76712912 0.43021256 0.65162879
v 0.77847427 0.42998278 0.63813514
v 0.78639925 0.42998278 0.62811869
v 0.73175889 0.38992608 0.69133133
v 0.72028857 0.35768157 0.70025790
v 0.72091424 0.36993605 0.70088065
v 0.69943345 0.34427828 0.71940851
v 0.70990276 0.35101825 0.70985913
v 0.74064314 0.37330598 0.68064016
v 0.66585678 0.30996585 0.74525404
v 0.66372955 0.28997582 0.74333382
v 0.67770249 0.32995594 0.73783255
v 0.68838024 0.32995594 0.72786796
v 0.78072667 0.46023595 0.60102761
v 0.82126898 0.46046573 0.54222637
v 0.83874553 0.45969981 0.51866436
v 0.85588843 0.45809144 0.49447960
v 0.87303132 0.45556396 0.47003531
v 0.88475186 0.44560719 0.47003531
v 0.88963199 0.45066214 0.44958723
v 0.89338589 0.45594686 0.43002141
v 0.90493959 0.44599015 0.43002141
v 0.90944433 0.45035583 0.40910625
v 0.91253084 0.45510441 0.39000756
v 0.91682702 0.45870411 0.37002653
v 0.92400116 0.44514763 0.39000756
v 0.94564879 0.44690925 0.33001265
v 0.95332342 0.42998278 0.32840380
v 0.52858853 0.45273012 0.77167046
v 0.86994475 0.44828784 0.32840380
v 0.57751459 0.22992906 0.79819071
v 0.59177947 0.22870362 0.78739578
v 0.60191500 0.23452447 0.78142744
v 0.61442810 0.24999569 0.77556288
v 0.62677431 0.24999569 0.76554644
v 0.63887024 0.26416489 0.75900722
v 0.64842188 0.27052188 0.75231224
v 0.66131037 0.26998574 0.74115407
v 0.56375021 0.20993900 0.80260205
v 0.53075743 0.21093467 0.82476282
v 0.53788990 0.20496063 0.81858689
v 0.54844260 0.21093467 0.81324130
v 0.52858853 0.20350541 0.82408816
v 0.80925643 0.44568378 0.58831239
v 0.79453272 0.45678937 0.59002507
v 0.79866201 0.45969981 0.57855546
v 0.82030964 0.44047564 0.58052760
v 0.82389671 0.44422859 0.57004410
v 0.79640967 0.42998278 0.61535162
v 0.74131054 0.38992608 0.68131483
v 0.76041377 0.39337265 0.66050351
v 0.76074743 0.40999275 0.66086680
v 0.77000713 0.40999275 0.64996803
v 0.77922505 0.40999275 0.63901740
v 0.78710830 0.40999275 0.62905288
v 0.71945435 0.34435487 0.69942749
v 0.72771299 0.35055870 0.69164270
v 0.74001747 0.35997927 0.67996550
v 0.73275989 0.36794472 0.68837309
v 0.69834900 0.32995594 0.71837050
v 0.70844287 0.32995594 0.70835406
v 0.75995499 0.38004595 0.65998447
v 0.67586720 0.30996585 0.73617178
v 0.67373997 0.28997582 0.73419964
v 0.68662846 0.30996585 0.72615534
v 0.69663888 0.30996585 0.71670973
v 0.81634712 0.45855093 0.55556434
v 0.83503330 0.45724893 0.53003019
v 0.84950674 0.45479804 0.51119095
v 0.84950674 0.44591355 0.52816182
v 0.86318767 0.44369245 0.51004922
v 0.86902714 0.44997287 0.48845935
v 0.88133162 0.44193089 0.48243910
v 0.90168619 0.44239038 0.44351506
v 0.92128998 0.44193089 0.40293032
v 0.94014299 0.44016927 0.36042529
v 0.94206166 0.44284993 0.35004556
v 0.95278120 0.42998278 0.33001265
v 0.95449132 0.41206068 0.32840380
v 0.52858853 0.45196420 0.76995778
v 0.85914183 0.44170111 0.32840380
v 0.59957927 0.22119777 0.77966285
v 0.57376063 0.20993900 0.79544008
v 0.58744162 0.20993900 0.78547549
v 0.60913092 0.22870362 0.77416158
v 0.62360436 0.22992906 0.76295149
v 0.63678479 0.24999569 0.75724262
v 0.65084112 0.25191045 0.74582493
v 0.66001737 0.25995243 0.73996037
v 0.67132080 0.26998574 0.73201990
v 0.56120586 0.19714843 0.80078566
v 0.52858853 0.19446777 0.82159698
v 0.53459477 0.18994895 0.81645906
v 0.55098689 0.19033189 0.80566412
v 0.80979866 0.45525759 0.57113397
v 0.86014283 0.44016927 0.52027321
v 0.84254116 0.44323289 0.54399091
v 0.80400091 0.42998278 0.60533518
v 0.81401139 0.42998278 0.59184152
v 0.82126898 0.42998278 0.58187699
v 0.82936072 0.42998278 0.57004410
v 0.83807814 0.42998278 0.55717319
v 0.82969439 0.45089191 0.54980361
v 0.79711872 0.40999275 0.61623389
v 0.80475169 0.40999275 0.60626936
v 0.75298935 0.38801134 0.66828829
v 0.76729596 0.38801134 0.65199208
v 0.77876627 0.38992608 0.63849843
v 0.78673291 0.38992608 0.62848198
v 0.79674333 0.38992608 0.61576682
v 0.71845335 0.32995594 0.69833761
v 0.72804666 0.32995594 0.68837309
v 0.73939186 0.34994596 0.67929083
v 0.74840122 0.34994596 0.66932625
v 0.75841171 0.34994596 0.65816808
v 0.75949615 0.36993605 0.65941364
v 0.70677447 0.30996585 0.70669329
v 0.76800501 0.36993605 0.64939719
v 0.77797377 0.36993605 0.63751239
v 0.68454295 0.28997582 0.72423506
v 0.68220717 0.26998574 0.72200346
v 0.69455338 0.28997582 0.71473759
v 0.70485580 0.28997582 0.70477307
v 0.88274980 0.42998278 0.48482645
v 0.89092499 0.42998278 0.47003531
v 0.89818257 0.42998278 0.45659357
v 0.90327120 0.42998278 0.44657710
v 0.91136301 0.42998278 0.43002141
v 0.91803658 0.42998278 0.41590500
v 0.92262471 0.42998278 0.40588856
v 0.92946517 0.42998278 0.39000756
v 0.93680620 0.42998278 0.37231010
v 0.94089377 0.42998278 0.36229366
v 0.94552362 0.42998278 0.35004556
v 0.95407420 0.40999275 0.33001265
v 0.95461643 0.40999275 0.32840380
v 0.52858853 0.44361585 0.75355780
v 0.85843271 0.44116497 0.32840380
v 0.52858853 0.44292653 0.75231224
v 0.62131029 0.21629599 0.76103127
v 0.59745204 0.20993900 0.77805400
v 0.61138326 0.20978582 0.76705146
v 0.58347917 0.18994895 0.78251731
v 0.63361478 0.22992906 0.75459582
v 0.64546049 0.22992906 0.74463129
v 0.65801525 0.24662574 0.73819584
v 0.66940212 0.25221682 0.72937304
v 0.68062216 0.25780791 0.72055030
v 0.55832791 0.18382172 0.79881346
v 0.56871372 0.19033189 0.79331219
v 0.52858853 0.18994895 0.82029951
v 0.52858853 0.18389831 0.81853497
v 0.52858853 0.16980571 0.81433117
v 0.54518914 0.16995889 0.80348438
v 0.84458494 0.42998278 0.54715675
v 0.85459542 0.42998278 0.53153527
v 0.86089361 0.42998278 0.52151883
v 0.86785924 0.42998278 0.51004922
v 0.87691033 0.42998278 0.49484289
v 0.81476218 0.40999275 0.59282762
v 0.82197803 0.40999275 0.58286303
v 0.83082056 0.40999275 0.57004410
v 0.83878726 0.40999275 0.55821121
v 0.84529400 0.40999275 0.54824662
v 0.80441803 0.38992608 0.60580230
v 0.78598213 0.36993605 0.62754780
v 0.79599255 0.36993605 0.61483264
v 0.71678489 0.30996585 0.69667685
v 0.72646171 0.30996585 0.68666041
v 0.73805714 0.32995594 0.67783767
v 0.74706650 0.32995594 0.66787308
v 0.76692057 0.34994596 0.64815158
v 0.75707698 0.32995594 0.65661108
v 0.77693099 0.34994596 0.63621491
v 0.69217592 0.26998574 0.71250594
v 0.70260346 0.26998574 0.70254141
v 0.71482456 0.28997582 0.69470471
v 0.87757772 0.40999275 0.49588084
v 0.88333374 0.40999275 0.48591632
v 0.89217627 0.40999275 0.47003531
v 0.89880824 0.40999275 0.45773530
v 0.90389687 0.40999275 0.44777077
v 0.91265601 0.40999275 0.43002141
v 0.91870397 0.40999275 0.41720244
v 0.92320865 0.40999275 0.40723789
v 0.93071651 0.40999275 0.39000756
v 0.93747354 0.40999275 0.37381515
v 0.94147772 0.40999275 0.36379871
v 0.94673324 0.40999275 0.35004556
v 0.95340687 0.38992608 0.33001265
v 0.95403248 0.39230037 0.32840380
v 0.52858853 0.43879068 0.74707049
v 0.84704584 0.42944664 0.32840380
v 0.61893278 0.20296928 0.75911099
v 0.64212370 0.20993900 0.74177682
v 0.59344786 0.18994895 0.77504390
v 0.60646147 0.18994895 0.76507932
v 0.58093482 0.17784768 0.78064895
v 0.65542924 0.22992906 0.73591226
v 0.66656584 0.22992906 0.72594774
v 0.67874521 0.24448121 0.71878570
v 0.68988186 0.25045526 0.70985913
v 0.70093507 0.25650588 0.70088065
v 0.57084095 0.17064820 0.78568310
v 0.55519962 0.16995889 0.79663372
v 0.52858853 0.14966246 0.80794764
v 0.54193580 0.15594287 0.80130464
v 0.85530448 0.40999275 0.53252131
v 0.86151928 0.40999275 0.52255678
v 0.86911052 0.40999275 0.51004922
v 0.81438679 0.38992608 0.59236050
v 0.82160264 0.38992608 0.58234406
v 0.83011150 0.38992608 0.57004410
v 0.83845353 0.38992608 0.55774409
v 0.84496033 0.38992608 0.54772764
v 0.80366725 0.36993605 0.60481620
v 0.81367767 0.36993605 0.59132254
v 0.78493935 0.34994596 0.62619847
v 0.79494983 0.34994596 0.61348325
v 0.80266619 0.34994596 0.60351872
v 0.72454304 0.28997582 0.68468827
v 0.73643041 0.30996585 0.67607307
v 0.74548155 0.30996585 0.66610855
v 0.76558584 0.32995594 0.64659464
v 0.75549197 0.30996585 0.65479463
v 0.76404256 0.30996585 0.64477819
v 0.77559626 0.32995594 0.63460606
v 0.78364635 0.32995594 0.62458962
v 0.71261388 0.26998574 0.69242120
v 0.86840147 0.38992608 0.51004922
v 0.87720233 0.38992608 0.49525806
v 0.88300002 0.38992608 0.48529351
v 0.89146721 0.38992608 0.47003531
v 0.89843279 0.38992608 0.45706064
v 0.90356314 0.38992608 0.44704419
v 0.91198862 0.38992608 0.43002141
v 0.91841197 0.38992608 0.41652775
v 0.92287499 0.38992608 0.40651131
v 0.93004912 0.38992608 0.39000756
v 0.93713987 0.38992608 0.37293285
v 0.94114405 0.38992608 0.36296833
v 0.94606584 0.38992608 0.35004556
v 0.95394909 0.38992608 0.32840380
v 0.94477284 0.36993605 0.35004556
v 0.95207214 0.36993605 0.33001265
v 0.95278120 0.37215716 0.32840380
v 0.52858853 0.43319958 0.74037558
v 0.83920431 0.42086858 0.32840380
v 0.61647189 0.18994895 0.75708693
v 0.63069510 0.19155735 0.74577302
v 0.64028841 0.19929296 0.74016798
v 0.65213412 0.20993900 0.73300594
v 0.58856779 0.17064820 0.77265656
v 0.60249901 0.16995889 0.76191354
v 0.57805681 0.16452098 0.77852106
v 0.66335416 0.20993900 0.72304142
v 0.67653459 0.22992906 0.71676165
v 0.69914150 0.24317917 0.69911611
v 0.68717068 0.22992906 0.70674521
v 0.72078907 0.25704199 0.68079585
v 0.70998615 0.25007230 0.68993002
v 0.56475127 0.14996883 0.78339958
v 0.54919338 0.14958587 0.79419452
v 0.52858853 0.14062482 0.80498946
v 0.53868240 0.14261617 0.79907298
v 0.85497081 0.38992608 0.53195047
v 0.86118561 0.38992608 0.52198589
v 0.82089359 0.36993605 0.58130610
v 0.82869339 0.36993605 0.57004410
v 0.83778620 0.36993605 0.55670613
v 0.84433472 0.36993605 0.54674155
v 0.81388623 0.35017574 0.58831239
v 0.82030964 0.35699230 0.58047569
v 0.79365683 0.32995594 0.61182255
v 0.80137318 0.32995594 0.60180604
v 0.81009060 0.32995594 0.59002507
v 0.72233236 0.26998574 0.68240476
v 0.73455346 0.28997582 0.67404902
v 0.74364626 0.28997582 0.66403258
v 0.75361502 0.28997582 0.65266681
v 0.76224905 0.28997582 0.64265037
v 0.77405304 0.30996585 0.63268578
v 0.78214478 0.30996585 0.62266934
v 0.86715019 0.36993605 0.51004922
v 0.87657666 0.36993605 0.49411631
v 0.88233268 0.36993605 0.48409986
v 0.89013249 0.36993605 0.47003531
v 0.89776546 0.36993605 0.45581508
v 0.90293753 0.36993605 0.44579864
v 0.91073734 0.36993605 0.43002141
v 0.91778636 0.36993605 0.41517842
v 0.92229104 0.36993605 0.40516195
v 0.92879784 0.36993605 0.39000756
v 0.93651420 0.36993605 0.37132400
v 0.94047666 0.36993605 0.36130756
v 0.94005960 0.35921341 0.36021769
v 0.94272906 0.35147780 0.35108352
v 0.95261437 0.36993605 0.32840380
v 0.95023686 0.34994596 0.33001265
v 0.95098764 0.35186076 0.32840380
v 0.52858853 0.42852759 0.73544520
v 0.83323979 0.41190749 0.32840380
v 0.52858853 0.42661279 0.73352492
v 0.63778579 0.18596625 0.73809201
v 0.61246771 0.16995889 0.75386924
v 0.62468880 0.16995889 0.74385279
v 0.66114354 0.19676548 0.72101736
v 0.64950639 0.19132757 0.72952873
v 0.60028833 0.15931284 0.76020086
v 0.57476169 0.14996883 0.77613378
v 0.59040302 0.15157723 0.76502740
v 0.67336458 0.20993900 0.71375155
v 0.68404239 0.20993900 0.70378697
v 0.71903729 0.24371530 0.67892754
v 0.69718111 0.22992906 0.69719589
v 0.70706642 0.22992906 0.68717939
v 0.72967339 0.25129774 0.66958576
v 0.74026775 0.25895676 0.66024399
v 0.73234284 0.26998574 0.67166173
v 0.56162298 0.13664213 0.78111601
v 0.55102861 0.12997878 0.78620207
v 0.52858853 0.13296580 0.80244637
v 0.53542900 0.12997878 0.79689324
v 0.85430342 0.36993605 0.53096437
v 0.86055994 0.36993605 0.52094793
v 0.82564855 0.35017574 0.57170486
v 0.83682686 0.34994596 0.55525297
v 0.84341705 0.34994596 0.54528838
v 0.86014283 0.35860068 0.52027321
v 0.81955886 0.34366560 0.57943773
v 0.80045557 0.31693560 0.60061240
v 0.81868291 0.32995594 0.57819217
v 0.80604470 0.31019562 0.59153014
v 0.74156076 0.26998574 0.66169715
v 0.76083088 0.27603638 0.64098960
v 0.77960044 0.28185725 0.61950350
v 0.77355248 0.28913331 0.62863767
v 0.78089350 0.29518396 0.62111241
v 0.79336482 0.31019562 0.60834533
v 0.86460584 0.35109484 0.51150239
v 0.87565905 0.34994596 0.49250746
v 0.88137335 0.34994596 0.48249099
v 0.88825554 0.34994596 0.47003531
v 0.89684784 0.34994596 0.45405051
v 0.90201986 0.34994596 0.44403407
v 0.90894377 0.34994596 0.43002141
v 0.91691041 0.34994596 0.41320625
v 0.92141515 0.34994596 0.40324169
v 0.92704600 0.34994596 0.39000756
v 0.93613881 0.35147780 0.36815819
v 0.93939221 0.34581012 0.35840124
v 0.94218683 0.32995594 0.34594554
v 0.95077908 0.34986937 0.32840380
v 0.94794279 0.32995594 0.33001265
v 0.83286440 0.41129476 0.32840380
v 0.52858853 0.41121817 0.72070599
v 0.52858853 0.41910696 0.72719330
v 0.65876603 0.18343878 0.71883762
v 0.63469923 0.16995889 0.73544520
v 0.64621127 0.16995889 0.72542876
v 0.62181079 0.15571311 0.74146545
v 0.68158150 0.19546345 0.70145154
v 0.67019463 0.18941280 0.71017051
v 0.59728521 0.14598614 0.75786543
v 0.60616946 0.12997878 0.74499452
v 0.60963142 0.15088791 0.74966544
v 0.56900573 0.12997878 0.77338314
v 0.58352083 0.12997878 0.76258820
v 0.69401115 0.20993900 0.69413382
v 0.73855764 0.24563006 0.65832376
v 0.71707690 0.22992906 0.67685157
v 0.72637826 0.22992906 0.66688704
v 0.70410502 0.20993900 0.68411738
v 0.74639916 0.25137430 0.65100604
v 0.75937104 0.26270968 0.63922501
v 0.55832791 0.12331542 0.77878058
v 0.54481375 0.10998872 0.78329575
v 0.52858853 0.12323883 0.79907298
v 0.52858853 0.11044826 0.79445398
v 0.82560682 0.32995594 0.56817573
v 0.83557558 0.32995594 0.55343652
v 0.84220749 0.32995594 0.54342008
v 0.85438687 0.35109484 0.52816182
v 0.85071635 0.32995594 0.53003019
v 0.85943377 0.34527397 0.51913148
v 0.79937112 0.30360889 0.59921116
v 0.81722307 0.30996585 0.57606435
v 0.82414699 0.30996585 0.56609976
v 0.76717085 0.26960281 0.63154399
v 0.77834916 0.26998574 0.61789465
v 0.78614897 0.26998574 0.60793012
v 0.78706658 0.28913331 0.61171871
v 0.86448073 0.32995594 0.50755805
v 0.87540877 0.32926661 0.48861504
v 0.88053912 0.33547044 0.48103783
v 0.88487697 0.32926661 0.47169608
v 0.89567995 0.32995594 0.45181888
v 0.90089369 0.32995594 0.44180244
v 0.90664971 0.32995594 0.43002141
v 0.91649330 0.32896024 0.40884677
v 0.92058092 0.33493429 0.40142524
v 0.92395943 0.32896024 0.39172018
v 0.93296885 0.32995594 0.37002653
v 0.93843287 0.32995594 0.35596198
v 0.94085205 0.30996585 0.34231263
v 0.94848502 0.32995594 0.32840380
v 0.94523168 0.30996585 0.33001265
v 0.82285392 0.39452153 0.32840380
v 0.52858853 -0.11962885 0.32840380
v 0.67924571 0.18213674 0.69927180
v 0.65622169 0.16995889 0.71655405
v 0.66702467 0.16995889 0.70653760
v 0.62911010 0.14943270 0.73300594
v 0.64224881 0.14996883 0.72189963
v 0.61897451 0.14238641 0.73907810
v 0.69050747 0.18857032 0.69044900
v 0.59353131 0.12997878 0.75495911
v 0.60258240 0.11466072 0.74208820
v 0.61617994 0.12997878 0.73674268
v 0.58072627 0.11856683 0.76051223
v 0.70168585 0.19500390 0.68167818
v 0.73638868 0.22992906 0.65593642
v 0.74514782 0.22992906 0.64591998
v 0.71407378 0.20993900 0.67373765
v 0.72345853 0.20993900 0.66372120
v 0.75778604 0.24999569 0.63735670
v 0.76600295 0.24999569 0.62734020
v 0.77601337 0.24999569 0.61498833
v 0.55478251 0.10998872 0.77628946
v 0.57038212 0.11113758 0.76533884
v 0.52858853 0.10960577 0.79414260
v 0.54139352 0.09758110 0.78090847
v 0.83415741 0.30996585 0.55125678
v 0.84078932 0.30996585 0.54124033
v 0.85851616 0.32995594 0.51757449
v 0.84788007 0.30996585 0.53003019
v 0.79816151 0.28997582 0.59755039
v 0.80550247 0.28997582 0.58758581
v 0.81547123 0.28997582 0.57362509
v 0.82247853 0.28997582 0.56360865
v 0.78385490 0.24999569 0.60497189
v 0.79615939 0.26998574 0.59485167
v 0.86306256 0.30996585 0.50522262
v 0.87970495 0.32214373 0.47953278
v 0.88425136 0.30996585 0.46785557
v 0.89492917 0.31119132 0.44823787
v 0.90018463 0.31869715 0.44040117
v 0.90360487 0.31119132 0.43100750
v 0.91332334 0.30996585 0.41004044
v 0.91978842 0.32160759 0.39955688
v 0.92316699 0.30996585 0.38756830
v 0.93029940 0.30996585 0.37002653
v 0.93709815 0.30996585 0.35232908
v 0.94005960 0.29939640 0.34028861
v 0.94577390 0.30996585 0.32840380
v 0.94231194 0.29166079 0.33027214
v 0.52858853 -0.32037193 0.32840380
v 0.69943345 0.18160060 0.67939460
v 0.67703509 0.16995889 0.69709206
v 0.68733752 0.16995889 0.68712753
v 0.65221751 0.14996883 0.71292114
v 0.66318733 0.14996883 0.70295662
v 0.64012158 0.13978234 0.72003126
v 0.63027799 0.13181694 0.72542876
v 0.59002763 0.10991213 0.74997681
v 0.59932899 0.10133402 0.73944139
v 0.60954797 0.10876328 0.73388821
v 0.62327063 0.10998872 0.72278190
v 0.57730603 0.10524012 0.75791728
v 0.72133130 0.19599958 0.66138577
v 0.73346901 0.20993900 0.65261489
v 0.74226981 0.20993900 0.64265037
v 0.75511658 0.22992906 0.63419086
v 0.76341689 0.22992906 0.62417442
v 0.77342737 0.22992906 0.61171871
v 0.78135228 0.22992906 0.60170227
v 0.54885966 0.09053480 0.77286410
v 0.56320798 0.08999866 0.76232868
v 0.52858853 0.09045821 0.78677297
v 0.53054893 0.09053480 0.78552741
v 0.53755617 0.08425440 0.77826160
v 0.83999681 0.29977936 0.54004663
v 0.85709798 0.30996585 0.51523906
v 0.80350041 0.26998574 0.58488709
v 0.81459534 0.26891351 0.56895423
v 0.82101870 0.27496412 0.56153268
v 0.83323979 0.29189056 0.54803902
v 0.79386532 0.24999569 0.59184152
v 0.80128980 0.24999569 0.58182508
v 0.87190515 0.30996585 0.49001631
v 0.86143589 0.28997582 0.50247198
v 0.87878728 0.30996585 0.47787201
v 0.88258290 0.28997582 0.46484545
v 0.89046615 0.28997582 0.45000243
v 0.89914191 0.30537045 0.43837711
v 0.90277064 0.28997582 0.42576575
v 0.91891253 0.30996585 0.39758474
v 0.91011167 0.28997582 0.41004044
v 0.92162371 0.28997582 0.38388348
v 0.92717111 0.28997582 0.37002653
v 0.93580514 0.29166079 0.34817719
v 0.93893343 0.28606969 0.33712277
v 0.94318783 0.29334578 0.32840380
v 0.94289589 0.29150760 0.32840380
v 0.93910027 0.26998574 0.32840380
v 0.94197828 0.28614628 0.32840380
v 0.53476161 -0.31769127 0.32840380
v 0.52858853 -0.31868690 0.33483922
v 0.71912068 0.18267287 0.65899843
v 0.69730628 0.16995889 0.67726678
v 0.70689958 0.16995889 0.66725034
v 0.67319775 0.14996883 0.69340724
v 0.68354189 0.14996883 0.68339080
v 0.66080981 0.13809735 0.70072496
v 0.63711846 0.12645562 0.71743631
v 0.64900583 0.13227648 0.70908064
v 0.62060118 0.09880655 0.72049838
v 0.58627373 0.08999866 0.74478698
v 0.59628415 0.08999866 0.73700213
v 0.61034048 0.09130070 0.72589582
v 0.63328111 0.10998872 0.71406293
v 0.57317674 0.08999866 0.75480342
v 0.74055970 0.19822069 0.64062631
v 0.72988194 0.19048508 0.64981234
v 0.75348991 0.20909651 0.62900096
v 0.76137310 0.21514714 0.62168324
v 0.78001755 0.21989574 0.59998959
v 0.79207182 0.23176722 0.58810484
v 0.80008018 0.23957942 0.58016431
v 0.56028825 0.07942921 0.76020086
v 0.52858853 0.08877322 0.78609830
v 0.52858853 0.08502030 0.78459322
v 0.52858853 0.07529334 0.78064895
v 0.52858853 0.07000861 0.77841729
v 0.53317666 0.07000861 0.77525151
v 0.54977727 0.07169359 0.76435274
v 0.83878726 0.28645265 0.53817827
v 0.84437639 0.29189056 0.53091246
v 0.85542959 0.28997582 0.51248842
v 0.80963182 0.24999569 0.57004410
v 0.81964225 0.26163742 0.55950862
v 0.82631588 0.26891351 0.55172384
v 0.86861002 0.28997582 0.49001631
v 0.86035138 0.27802771 0.50065553
v 0.87711889 0.28997582 0.47486189
v 0.88112307 0.27419823 0.46214670
v 0.88546097 0.26853055 0.45181888
v 0.89784884 0.28997582 0.43573028
v 0.90126908 0.27335572 0.42265183
v 0.91732752 0.28997582 0.39384806
v 0.90518987 0.26799440 0.41201258
v 0.91599280 0.27029210 0.38876197
v 0.92049754 0.27718526 0.38123667
v 0.92333376 0.27029210 0.37090883
v 0.93130046 0.26998574 0.35004556
v 0.93747354 0.26998574 0.33297089
v 0.93568003 0.25282955 0.32840380
v 0.54994416 -0.31079811 0.32840380
v 0.55002755 -0.31033856 0.33001265
v 0.52858853 -0.31485742 0.34880000
v 0.71691006 0.16995889 0.65655917
v 0.72591943 0.16995889 0.64659464
v 0.69351065 0.14996883 0.67342627
v 0.70331252 0.14996883 0.66346169
v 0.68103927 0.13748461 0.68100345
v 0.65793180 0.12477064 0.69802624
v 0.66952729 0.13112763 0.68951488
v 0.64454287 0.10998872 0.70404649
v 0.64149803 0.09704497 0.70129585
v 0.61722267 0.08547984 0.71754014
v 0.62936032 0.09122411 0.70944393
v 0.58239466 0.07582947 0.74177682
v 0.58944368 0.06954907 0.73331738
v 0.60308290 0.07000861 0.72257429
v 0.75945443 0.20182043 0.61929595
v 0.73843253 0.18489400 0.63808328
v 0.74639916 0.19094461 0.63086933
v 0.79832834 0.22625272 0.57772505
v 0.77805722 0.20656903 0.59749848
v 0.78489769 0.21193035 0.59054404
v 0.81830752 0.24999569 0.55753648
v 0.80471003 0.23176722 0.57066685
v 0.81584662 0.22992906 0.55390358
v 0.55628407 0.06617910 0.75724262
v 0.57855731 0.06257936 0.73881859
v 0.52858853 0.06648546 0.77691221
v 0.54293680 0.05545646 0.76206923
v 0.83711880 0.26998574 0.53563523
v 0.84350049 0.26998574 0.52561879
v 0.85422003 0.27082825 0.50838846
v 0.82493943 0.24999569 0.54752004
v 0.86443901 0.27082825 0.49105430
v 0.85901666 0.26470101 0.49837199
v 0.87607616 0.26853055 0.46930873
v 0.87978834 0.26087153 0.45970747
v 0.89676440 0.26799440 0.42960623
v 0.88383424 0.24999569 0.44740748
v 0.89997607 0.26002902 0.42000496
v 0.90347975 0.24999569 0.40760118
v 0.91132128 0.24999569 0.39000756
v 0.91924620 0.26385856 0.37817463
v 0.92174882 0.24999569 0.36457717
v 0.92725456 0.24999569 0.35004556
v 0.93472070 0.24846390 0.32840380
v 0.56616938 -0.30306250 0.32840380
v 0.56571060 -0.30283272 0.33001265
v 0.56187326 -0.30091798 0.34314302
v 0.55069494 -0.30428797 0.34988987
v 0.53000665 -0.30796427 0.37002653
v 0.52858853 -0.30857700 0.37007844
v 0.71332300 0.14996883 0.65261489
v 0.72237408 0.14996883 0.64259845
v 0.73592991 0.16995889 0.63517690
v 0.70097673 0.13756120 0.66097057
v 0.67824471 0.12415792 0.67820096
v 0.69826561 0.12423451 0.65811616
v 0.65455329 0.10998872 0.69486040
v 0.66510600 0.10998872 0.68489587
v 0.63811946 0.08364168 0.69828570
v 0.65009034 0.08984549 0.69003385
v 0.66189432 0.09604929 0.68178195
v 0.61309338 0.07000861 0.71395916
v 0.62452197 0.07000861 0.70399457
v 0.60024667 0.05966892 0.72018695
v 0.75757748 0.18994895 0.61701238
v 0.76554412 0.18994895 0.60699594
v 0.74435538 0.16995889 0.62516046
v 0.79607600 0.20993900 0.57461119
v 0.80320841 0.20993900 0.56459475
v 0.77555460 0.18994895 0.59417695
v 0.78314584 0.18994895 0.58426434
v 0.82252026 0.22992906 0.54388714
v 0.82085186 0.21675552 0.54134411
v 0.81396967 0.21001559 0.54881752
v 0.54977727 0.04932924 0.75423253
v 0.56470954 0.05001856 0.74354136
v 0.57472003 0.05001856 0.73580849
v 0.58973563 0.05178013 0.72475410
v 0.52858853 0.05178013 0.77037299
v 0.53864068 0.04212976 0.75900722
v 0.83490819 0.24999569 0.53215802
v 0.84133154 0.24999569 0.52214158
v 0.84875596 0.24999569 0.51004922
v 0.86314601 0.24999569 0.48555303
v 0.85738999 0.24999569 0.49556947
v 0.87173831 0.24999569 0.47003531
v 0.87857878 0.24999569 0.45737201
v 0.89267683 0.24999569 0.43002141
v 0.88149846 0.22992906 0.44294420
v 0.89884990 0.24999569 0.41761762
v 0.90118569 0.22992906 0.40267080
v 0.90677488 0.22992906 0.39000756
v 0.91778636 0.24999569 0.37454173
v 0.92045581 0.23797104 0.36125565
v 0.92287499 0.23077154 0.35025316
v 0.93000746 0.22992906 0.33001265
v 0.93054968 0.22992906 0.32840380
v 0.57613814 -0.29793096 0.32840380
v 0.57567930 -0.29770118 0.33001265
v 0.56913084 -0.29494393 0.34988987
v 0.55782735 -0.29885006 0.35648099
v 0.54347908 -0.30160731 0.37002653
v 0.54014224 -0.29999888 0.38019869
v 0.52929759 -0.30252635 0.38813919
v 0.52858853 -0.30283272 0.38819110
v 0.72037196 0.13909301 0.64036679
v 0.73355240 0.14889657 0.62926048
v 0.74176931 0.15487060 0.62209845
v 0.70936048 0.13166377 0.64924145
v 0.67511642 0.10998872 0.67513889
v 0.68512690 0.10998872 0.66512245
v 0.69513732 0.10998872 0.65489841
v 0.70452213 0.10998872 0.64488196
v 0.71774423 0.12576631 0.63740855
v 0.65868258 0.08272259 0.67866802
v 0.63453239 0.07000861 0.69501609
v 0.64541876 0.07000861 0.68499964
v 0.67036146 0.08930935 0.67031235
v 0.68195689 0.09581953 0.66190475
v 0.62126857 0.05783076 0.70108825
v 0.59620076 0.04626563 0.71686548
v 0.60883892 0.05208649 0.70897686
v 0.75432408 0.16995889 0.61296427
v 0.76233244 0.16995889 0.60294783
v 0.79407388 0.18948939 0.56905800
v 0.80120635 0.19576980 0.56179219
v 0.77321881 0.16995889 0.58888328
v 0.78106034 0.17662224 0.58146179
v 0.83307296 0.23169063 0.52816182
v 0.84012198 0.23950283 0.52022135
v 0.83845353 0.22609954 0.51752263
v 0.81905830 0.20342883 0.53859347
v 0.82556510 0.21001559 0.53117198
v 0.56108075 0.03837683 0.74079072
v 0.58285350 0.03561959 0.72226292
v 0.52858853 0.03355165 0.76186162
v 0.53442794 0.03002850 0.75604898
v 0.54998583 0.03102417 0.74530596
v 0.84408444 0.23169063 0.51051629
v 0.86131072 0.23444788 0.48238719
v 0.85584670 0.22870362 0.48944542
v 0.86581546 0.22870362 0.47169608
v 0.87624300 0.22992906 0.45290875
v 0.88800526 0.22992906 0.43002141
v 0.88016373 0.21920642 0.44040117
v 0.89651418 0.22992906 0.41268724
v 0.90001780 0.21989574 0.40007588
v 0.90247869 0.21193035 0.38969615
v 0.91015339 0.20993900 0.37002653
v 0.91578424 0.23077154 0.36878097
v 0.91887081 0.22456774 0.35710377
v 0.92137343 0.21445782 0.34376580
v 0.92429316 0.20863697 0.33151773
v 0.92608666 0.21162398 0.32840380
v 0.58852607 -0.29119104 0.32840380
v 0.59002763 -0.28383833 0.34869617
v 0.58339572 -0.28192359 0.36545944
v 0.57155001 -0.28644240 0.37127212
v 0.55344778 -0.29662895 0.37002653
v 0.54810888 -0.29302919 0.38813919
v 0.53547072 -0.29770118 0.39353663
v 0.52858853 -0.29938614 0.39836323
v 0.52858853 -0.30237317 0.38959235
v 0.72600287 0.13143399 0.63040227
v 0.73943353 0.14154390 0.61929595
v 0.74994451 0.15004542 0.60995418
v 0.76045549 0.15854694 0.60056049
v 0.70160240 0.09643225 0.64171618
v 0.71453255 0.10998872 0.63372374
v 0.72329170 0.10998872 0.62375921
v 0.65542924 0.07000861 0.67555410
v 0.66564822 0.07000861 0.66553766
v 0.67878693 0.08249282 0.65873891
v 0.64187342 0.05668190 0.68173003
v 0.69025725 0.08946253 0.65022755
v 0.61743122 0.04450405 0.69766295
v 0.62969404 0.05055469 0.68972242
v 0.58973563 0.02941578 0.71338826
v 0.60007977 0.01999518 0.69999838
v 0.60312462 0.03002850 0.70264524
v 0.79924595 0.18244310 0.55893779
v 0.80642015 0.18948939 0.55136055
v 0.77889138 0.16329554 0.57855546
v 0.78644097 0.16995889 0.57113397
v 0.83632636 0.20993900 0.51409727
v 0.84245771 0.20993900 0.50413275
v 0.81713963 0.18994895 0.53563523
v 0.82356298 0.18994895 0.52561879
v 0.55661774 0.02505013 0.73736542
v 0.57851565 0.02229288 0.71878570
v 0.52858853 0.02543308 0.75786543
v 0.54327047 0.01547635 0.74234772
v 0.85968405 0.22112118 0.47948086
v 0.85071635 0.20993900 0.49001631
v 0.86372995 0.20993900 0.46686947
v 0.87403238 0.21147080 0.44823787
v 0.88329202 0.21147080 0.43017712
v 0.87845361 0.20587972 0.43697584
v 0.89413667 0.21193035 0.40806830
v 0.89826596 0.20656903 0.39618349
v 0.90118569 0.19554004 0.38284552
v 0.90431392 0.18925963 0.37111640
v 0.91269767 0.18994895 0.35004556
v 0.91749436 0.20863697 0.35025316
v 0.91970503 0.20113112 0.33919874
v 0.92049754 0.18994895 0.32840380
v 0.92304182 0.19975249 0.32840380
v 0.60241556 -0.28330225 0.32840380
v 0.60358346 -0.28215337 0.33001265
v 0.60062206 -0.28031522 0.34111896
v 0.59674299 -0.27801752 0.35445693
v 0.57922471 -0.27954930 0.37879741
v 0.56550205 -0.28307247 0.39000756
v 0.55006927 -0.28422129 0.40926194
v 0.56145614 -0.28077471 0.40215182
v 0.52858853 -0.29555666 0.40905434
v 0.52929759 -0.29494393 0.40978092
v 0.73722291 0.12997878 0.61664909
v 0.74535638 0.12997878 0.60663265
v 0.75811970 0.14522023 0.59760231
v 0.76558584 0.15111768 0.59059596
v 0.69855756 0.08310554 0.63839465
v 0.70973587 0.09061138 0.62967569
v 0.72083080 0.09811723 0.62090480
v 0.73447001 0.10838033 0.60969466
v 0.65021545 0.04971219 0.67015666
v 0.66210282 0.05614577 0.66200852
v 0.67565864 0.07000861 0.65552121
v 0.68537712 0.07000861 0.64550477
v 0.63816118 0.04335520 0.67825282
v 0.61313510 0.03002850 0.69382244
v 0.62427169 0.03002850 0.68385792
v 0.60833842 0.01264251 0.68847686
v 0.62085146 0.01869314 0.68074399
v 0.57438630 0.01003844 0.71546417
v 0.58226955 -0.00313508 0.70181483
v 0.59557509 0.00666847 0.69620979
v 0.60329151 -0.00482006 0.68287182
v 0.79724389 0.16995889 0.55613524
v 0.80412608 0.16995889 0.54611880
v 0.77659732 0.14996883 0.57549345
v 0.78393835 0.14996883 0.56547701
v 0.84074759 0.19730161 0.50127834
v 0.81492901 0.16911639 0.52935553
v 0.82139409 0.17524362 0.52224541
v 0.83411568 0.19033189 0.50880361
v 0.54998583 0.00934913 0.73404396
v 0.56437588 0.01003844 0.72340471
v 0.52858853 0.01164684 0.75080717
v 0.52858853 0.01034480 0.75013250
v 0.53843212 0.00214965 0.73881859
v 0.85822415 0.20993900 0.47688594
v 0.84487695 0.19033189 0.49084669
v 0.86160272 0.19416142 0.46302897
v 0.88174874 0.19354868 0.42363787
v 0.86598229 0.18849373 0.45176697
v 0.87695205 0.18811077 0.43017712
v 0.88587803 0.18811077 0.41190881
v 0.89643073 0.18925963 0.38969615
v 0.89935040 0.18221334 0.37853792
v 0.90168619 0.16995889 0.36421388
v 0.91820347 0.18994895 0.33499494
v 0.90715027 0.16995889 0.35004556
v 0.91540885 0.17141411 0.32850760
v 0.91540885 0.17133752 0.32840380
v 0.60412568 -0.28230655 0.32840380
v 0.61359388 -0.27587295 0.33001265
v 0.60838014 -0.27265620 0.34869617
v 0.61000681 -0.26430786 0.36857337
v 0.60333318 -0.26216328 0.38538855
v 0.59002763 -0.27587295 0.37127212
v 0.59152919 -0.26721829 0.39125311
v 0.57551247 -0.27732819 0.39000756
v 0.54343736 -0.28184700 0.42467588
v 0.56888056 -0.27349865 0.40926194
v 0.55678463 -0.27809405 0.41543788
v 0.52858853 -0.28720832 0.43079990
v 0.73976725 0.10064471 0.59962630
v 0.74231154 0.11397141 0.60289598
v 0.75536686 0.12997878 0.59396935
v 0.76304150 0.12997878 0.58405674
v 0.69534588 0.07000861 0.63496935
v 0.70448041 0.07000861 0.62495291
v 0.71786940 0.08479053 0.61747950
v 0.72646171 0.09084116 0.61047316
v 0.65851575 0.04281907 0.65847945
v 0.67023635 0.04963560 0.65022755
v 0.68191516 0.05637554 0.64197564
v 0.63424045 0.03002850 0.67461991
v 0.64487654 0.03002850 0.66460347
v 0.61663872 0.00536644 0.67690349
v 0.62902665 0.01164684 0.66906679
v 0.64128947 0.01792724 0.66117817
v 0.56062198 -0.00083737 0.72044647
v 0.56904739 -0.00864958 0.70923638
v 0.57747287 -0.01646178 0.69787055
v 0.59052813 -0.01064093 0.69039714
v 0.59874505 -0.01814677 0.67887563
v 0.61138326 -0.01201955 0.67124653
v 0.79486638 0.14881998 0.54954410
v 0.80170685 0.15471743 0.54253775
v 0.78151911 0.13579965 0.56210357
v 0.83882892 0.18397491 0.49806058
v 0.81939197 0.16191691 0.51907957
v 0.82623243 0.16911639 0.51145047
v 0.52858853 -0.00420734 0.74234772
v 0.52858853 -0.00964525 0.73933756
v 0.52858853 -0.01362795 0.73710597
v 0.53109109 -0.01186637 0.73627555
v 0.54235291 -0.02289537 0.72174394
v 0.54940188 -0.00849640 0.72465026
v 0.85626382 0.18849373 0.46982771
v 0.84258288 0.16995889 0.48451504
v 0.85972577 0.18075812 0.45960367
v 0.87991345 0.18022197 0.41984928
v 0.86339623 0.16995889 0.44657710
v 0.87182170 0.16995889 0.43002141
v 0.88312519 0.16995889 0.40666699
v 0.89071643 0.16995889 0.39000756
v 0.89759862 0.16995889 0.37423033
v 0.90014291 0.15938944 0.36047718
v 0.90210330 0.15157723 0.34911138
v 0.90856838 0.14996883 0.33001265
v 0.90915233 0.15004542 0.32840380
v 0.61401099 -0.27610272 0.32840380
v 0.63040310 -0.26530349 0.32840380
v 0.63044482 -0.26507372 0.32902658
v 0.62339580 -0.26231647 0.35004556
v 0.62051779 -0.26032513 0.36089236
v 0.61668044 -0.25764447 0.37423033
v 0.61000681 -0.25511700 0.39125311
v 0.59916216 -0.25940609 0.39872652
v 0.58531439 -0.26323557 0.41004044
v 0.55006927 -0.27556658 0.43079990
v 0.53847384 -0.27908975 0.43801382
v 0.53109109 -0.28590631 0.43079990
v 0.56992334 -0.26453763 0.42908725
v 0.52858853 -0.28177041 0.44429356
v 0.75824487 0.10447422 0.57772505
v 0.75027817 0.10922281 0.59038836
v 0.73747319 0.08999866 0.59682381
v 0.74527299 0.08999866 0.58685923
v 0.76078916 0.11780092 0.58109850
v 0.77388614 0.12944265 0.56926560
v 0.70143557 0.05729463 0.62152755
v 0.71444917 0.07000861 0.61353517
v 0.72299975 0.07000861 0.60351872
v 0.67841154 0.04304884 0.63829082
v 0.65484530 0.03002850 0.65484655
v 0.66477227 0.03002850 0.64488196
v 0.68996525 0.05017173 0.62988329
v 0.62385458 -0.00581574 0.66356552
v 0.63720185 0.00460053 0.65723389
v 0.64929783 0.01118730 0.64929336
v 0.55570012 -0.01416408 0.71660596
v 0.56412560 -0.02542284 0.70326799
v 0.55903697 -0.03874955 0.69921988
v 0.57050729 -0.03124370 0.69444525
v 0.58439672 -0.02994167 0.68370223
v 0.61947501 -0.01914244 0.65946549
v 0.59440720 -0.02994167 0.67508703
v 0.60141450 -0.04181316 0.66123009
v 0.60562724 -0.02994167 0.66512245
v 0.79949623 0.14139073 0.53932005
v 0.80700409 0.14881998 0.53158712
v 0.77905822 0.12247293 0.55873019
v 0.78685802 0.12944265 0.55125678
v 0.83674341 0.16995889 0.49447960
v 0.81747329 0.14996883 0.51601756
v 0.82364643 0.14996883 0.50600111
v 0.52858853 -0.03124370 0.72677809
v 0.52858853 -0.03323505 0.72558445
v 0.53693056 -0.03622207 0.71769583
v 0.85071635 0.16995889 0.47003531
v 0.84070587 0.15762785 0.48129731
v 0.85814077 0.16995889 0.45654166
v 0.87837023 0.16995889 0.41668347
v 0.86126900 0.15578969 0.44252902
v 0.86502296 0.14950928 0.43105942
v 0.88108134 0.15647900 0.40235943
v 0.88429308 0.14989224 0.39068222
v 0.89451206 0.15157723 0.36826199
v 0.89809912 0.14606273 0.35513163
v 0.90064347 0.13786757 0.34184557
v 0.90272897 0.13066809 0.32954556
v 0.90310436 0.13066809 0.32840380
v 0.63127899 -0.26469082 0.32840380
v 0.63741040 -0.25810403 0.33499494
v 0.63340622 -0.25527018 0.35004556
v 0.64295787 -0.24217327 0.36530375
v 0.62986088 -0.24990888 0.36976707
v 0.63920397 -0.23933943 0.37864172
v 0.62585670 -0.24424119 0.39000756
v 0.62193596 -0.24140735 0.40308601
v 0.61063248 -0.24638571 0.40988475
v 0.58126849 -0.26070809 0.42176953
v 0.59532481 -0.25687855 0.41004044
v 0.56316626 -0.26193357 0.44424164
v 0.55086178 -0.26629919 0.45057333
v 0.53109109 -0.27709842 0.45187077
v 0.52858853 -0.27771115 0.45368722
v 0.57651353 -0.25772107 0.43510750
v 0.75528342 0.08999866 0.57378078
v 0.76270783 0.08999866 0.56376433
v 0.77668077 0.10998872 0.55540866
v 0.76583612 0.11067803 0.57061493
v 0.73392779 0.06908952 0.58966178
v 0.74214470 0.07506356 0.58281118
v 0.69797361 0.04396793 0.61768705
v 0.70927709 0.05155036 0.60912377
v 0.72049713 0.05913279 0.60050863
v 0.67478275 0.03002850 0.63445032
v 0.68416756 0.03002850 0.62443388
v 0.66131037 0.01785065 0.64130098
v 0.63177955 -0.01263227 0.65168071
v 0.64400065 -0.00612210 0.64389592
v 0.65730619 0.00452395 0.63720095
v 0.54435498 -0.04993173 0.70331991
v 0.54010051 -0.06004164 0.70005029
v 0.55436540 -0.04993173 0.69548321
v 0.56178981 -0.06203298 0.68141866
v 0.56908911 -0.04832333 0.68458450
v 0.58047599 -0.04051112 0.68032879
v 0.63970447 -0.01944880 0.63964021
v 0.61563766 -0.02994167 0.65583259
v 0.62172741 -0.04234929 0.64166427
v 0.62606525 -0.02994167 0.64581615
v 0.58831751 -0.04786379 0.66849589
v 0.59620076 -0.05513985 0.65655917
v 0.60350001 -0.06433070 0.64322120
v 0.60913092 -0.04870628 0.64908576
v 0.79745245 0.12997878 0.53625804
v 0.80408436 0.12997878 0.52624160
v 0.78377151 0.10998872 0.54539222
v 0.83407396 0.15058155 0.48877072
v 0.81467873 0.12951924 0.50937450
v 0.82135236 0.13595282 0.50226438
v 0.52858853 -0.04112384 0.72075784
v 0.52858853 -0.05131035 0.71427053
v 0.84450155 0.15058155 0.47055429
v 0.83857870 0.14430115 0.47756061
v 0.85555470 0.14950928 0.44953531
v 0.87565905 0.14989224 0.40941763
v 0.85918355 0.14246300 0.43842900
v 0.86210322 0.12997878 0.42431256
v 0.87895417 0.14315230 0.39779234
v 0.88195729 0.13403806 0.38445437
v 0.88558608 0.12844697 0.37168729
v 0.89551312 0.13066809 0.34911138
v 0.89847451 0.12454087 0.33587721
v 0.90243697 0.12860015 0.32840380
v 0.64800477 -0.25274271 0.32840380
v 0.65034056 -0.25021523 0.33063543
v 0.64708716 -0.24523686 0.35004556
v 0.65709764 -0.23765443 0.35004556
v 0.64979833 -0.23428445 0.37116832
v 0.63586712 -0.23673536 0.39000756
v 0.66089326 -0.22072800 0.38159996
v 0.65025717 -0.22585954 0.38896957
v 0.63077849 -0.23060812 0.41123408
v 0.61772323 -0.23819058 0.41642398
v 0.60437596 -0.24309234 0.42644042
v 0.59056985 -0.25036842 0.43079990
v 0.55807763 -0.25879335 0.45757961
v 0.54477209 -0.26277602 0.46577960
v 0.52858853 -0.27081800 0.46847835
v 0.59987122 -0.23987554 0.43977839
v 0.58602345 -0.24408801 0.45000243
v 0.56992334 -0.25450426 0.45057333
v 0.76045549 0.07889308 0.56065041
v 0.77330220 0.09007525 0.54907703
v 0.78122717 0.09681520 0.54181117
v 0.73922497 0.06181345 0.57902253
v 0.74986112 0.07039156 0.56983650
v 0.71716028 0.04580609 0.59656429
v 0.69417799 0.03002850 0.61343139
v 0.70022595 0.01961222 0.60024911
v 0.70302057 0.03002850 0.60346681
v 0.72541893 0.05147377 0.58997315
v 0.68095589 0.01846337 0.62095666
v 0.66915190 0.01149366 0.62910479
v 0.65175873 -0.01270887 0.63175160
v 0.66368783 -0.00589233 0.62386304
v 0.52858853 -0.06655180 0.70420218
v 0.52858853 -0.06816021 0.70311230
v 0.52858853 -0.07635537 0.69745535
v 0.53401083 -0.07336834 0.69543129
v 0.54268658 -0.08278894 0.68209332
v 0.54806721 -0.06770067 0.68842500
v 0.55599213 -0.07535969 0.67669588
v 0.56954789 -0.06938565 0.66958576
v 0.58285350 -0.06341161 0.66247565
v 0.57509542 -0.05383783 0.67581362
v 0.64587760 -0.02994167 0.62599087
v 0.65955853 -0.01921903 0.61945164
v 0.64166486 -0.04227270 0.62163138
v 0.61680555 -0.05567600 0.63683766
v 0.62927693 -0.04893605 0.62926048
v 0.59048647 -0.07053450 0.65038323
v 0.59811938 -0.07765740 0.63818705
v 0.61092442 -0.07107063 0.63086933
v 0.79444927 0.10945259 0.52945930
v 0.80154002 0.11573299 0.52240109
v 0.81905830 0.12262611 0.49847579
v 0.82577366 0.12951924 0.49110618
v 0.84179038 0.12997878 0.46328849
v 0.83620119 0.12997878 0.47330493
v 0.84892279 0.12997878 0.45000243
v 0.86890197 0.12997878 0.41004044
v 0.85709798 0.12997878 0.43427712
v 0.86026800 0.11910296 0.42062777
v 0.87728572 0.12844697 0.39068222
v 0.87970495 0.12071136 0.37942022
v 0.88204074 0.10998872 0.36494046
v 0.88020545 0.09941927 0.36052907
v 0.88804698 0.10998872 0.35004556
v 0.89593017 0.11037167 0.32954556
v 0.89668095 0.11152053 0.32840380
v 0.65676391 -0.24623252 0.32840380
v 0.65980881 -0.23979895 0.33961391
v 0.67069513 -0.22670202 0.34937087
v 0.66402149 -0.22333206 0.37002653
v 0.64370865 -0.22294910 0.40599233
v 0.67778587 -0.21797074 0.35565060
v 0.67403197 -0.21460076 0.37002653
v 0.68162322 -0.20142724 0.38294932
v 0.66940212 -0.20946921 0.38891768
v 0.65705591 -0.21743460 0.39493793
v 0.63957936 -0.21957915 0.41933030
v 0.62606525 -0.22478728 0.43002141
v 0.61063248 -0.23573966 0.43188977
v 0.53926635 -0.25948262 0.47911757
v 0.58151877 -0.24102439 0.46199101
v 0.56979817 -0.24508367 0.46920493
v 0.55086178 -0.25618929 0.47148848
v 0.53154993 -0.26767778 0.47148848
v 0.52858853 -0.26553327 0.47932518
v 0.62185252 -0.22141729 0.44273660
v 0.61034048 -0.22654884 0.44963914
v 0.60387540 -0.22287251 0.46515685
v 0.59603393 -0.23711829 0.45000243
v 0.75757748 0.06556638 0.55675799
v 0.76483506 0.07131065 0.55006307
v 0.77851599 0.08348849 0.53791881
v 0.78602386 0.09007525 0.53075677
v 0.79903740 0.10240629 0.51861250
v 0.73638868 0.05001856 0.57538962
v 0.74402165 0.05001856 0.56537318
v 0.71390688 0.02903283 0.58997315
v 0.72266603 0.03500687 0.58327824
v 0.70481408 0.01180002 0.58950609
v 0.71912068 0.02168016 0.57891876
v 0.67699337 0.00513667 0.61664909
v 0.68304139 -0.00482006 0.60336304
v 0.69634694 0.00628552 0.59573394
v 0.70206124 -0.00336485 0.58244789
v 0.52858853 -0.08845662 0.68873638
v 0.52858853 -0.10009834 0.68006927
v 0.53630489 -0.09611565 0.67705917
v 0.55027783 -0.09029479 0.67020857
v 0.56395876 -0.08439733 0.66335791
v 0.57730603 -0.07673831 0.65759718
v 0.65588802 -0.02994167 0.61561114
v 0.66122693 -0.04173657 0.60128707
v 0.66506428 -0.02994167 0.60559469
v 0.67891204 -0.01814677 0.59869218
v 0.63686818 -0.05559941 0.61664909
v 0.64908928 -0.04862969 0.60896808
v 0.62352091 -0.06448387 0.62349975
v 0.61834884 -0.07781057 0.61825794
v 0.58477217 -0.08539301 0.64425921
v 0.57889104 -0.09871972 0.63896555
v 0.59207141 -0.09228614 0.63190728
v 0.59937072 -0.09925584 0.61934781
v 0.60500157 -0.08592914 0.62484908
v 0.80633670 0.10945259 0.51113909
v 0.81676424 0.10998872 0.49463528
v 0.82268709 0.10998872 0.48461884
v 0.84003854 0.11971568 0.46017456
v 0.83273923 0.11182688 0.46811506
v 0.84291655 0.11182688 0.44937962
v 0.86285400 0.11144394 0.40941763
v 0.85363609 0.11144394 0.42841256
v 0.85789049 0.10577626 0.41564548
v 0.87119603 0.10998872 0.39000756
v 0.87782800 0.10998872 0.37495691
v 0.87394893 0.09160706 0.36831391
v 0.87766111 0.08609256 0.35414553
v 0.88199902 0.09160706 0.34848857
v 0.88950682 0.09153047 0.32840380
v 0.89613879 0.10991213 0.32840380
v 0.66568995 -0.23933943 0.32840380
v 0.66981924 -0.23466741 0.33177722
v 0.68112272 -0.22095774 0.34231263
v 0.65025717 -0.21460076 0.41159737
v 0.68979841 -0.20977558 0.34952658
v 0.69843245 -0.19844021 0.35679239
v 0.68500173 -0.20456745 0.37002653
v 0.69501221 -0.19507025 0.37002653
v 0.70168585 -0.18166696 0.38310501
v 0.68984014 -0.18978553 0.38969615
v 0.67791104 -0.19798069 0.39628726
v 0.66393811 -0.20349519 0.41004044
v 0.66068470 -0.20058475 0.42109483
v 0.64988178 -0.20571630 0.42867208
v 0.63607568 -0.21666871 0.43002141
v 0.55040294 -0.24646230 0.49017200
v 0.53446966 -0.25657225 0.49001631
v 0.52858853 -0.25795084 0.49416819
v 0.52858853 -0.26170379 0.48700619
v 0.56295770 -0.24194349 0.48358086
v 0.59019446 -0.23014860 0.47024292
v 0.57626325 -0.23734806 0.47532898
v 0.64308298 -0.20265268 0.44450116
v 0.63019454 -0.21015854 0.45026189
v 0.61718094 -0.21766438 0.45607457
v 0.59882849 -0.21904300 0.47849479
v 0.75482464 0.04886970 0.55006307
v 0.76237416 0.05469056 0.54342008
v 0.77567971 0.07000861 0.53371501
v 0.78243679 0.07000861 0.52369857
v 0.79657650 0.08999866 0.51472008
v 0.80295819 0.08999866 0.50475556
v 0.74114364 0.03784071 0.56153268
v 0.73017389 0.02972214 0.57019979
v 0.73772341 0.02451400 0.55701751
v 0.71586728 0.01003844 0.57481873
v 0.72070569 -0.00114373 0.56090993
v 0.72379225 0.01003844 0.56485420
v 0.69050747 -0.01079410 0.59059596
v 0.69797361 -0.01669156 0.57756937
v 0.70940220 -0.00887935 0.56921369
v 0.52858853 -0.11120392 0.67124653
v 0.53050721 -0.11043802 0.67036426
v 0.54460526 -0.10461716 0.66372120
v 0.55791080 -0.09772404 0.65821993
v 0.57142490 -0.09152023 0.65121365
v 0.68037194 -0.04051112 0.58042383
v 0.67507470 -0.02994167 0.59433264
v 0.65651369 -0.05506328 0.59609723
v 0.66848451 -0.04778720 0.58831239
v 0.68375045 -0.02994167 0.58436811
v 0.63082021 -0.07099405 0.61078453
v 0.64316642 -0.06417751 0.60331112
v 0.62477225 -0.08585255 0.60491997
v 0.63811946 -0.07750422 0.59791368
v 0.61939162 -0.09917925 0.59931493
v 0.56554377 -0.10584261 0.64488196
v 0.55928719 -0.11916931 0.63932884
v 0.57275963 -0.11288892 0.63247818
v 0.57993376 -0.11985862 0.61986679
v 0.58602345 -0.10653192 0.62562758
v 0.60012150 -0.12008840 0.60009342
v 0.60462618 -0.10997848 0.60460860
v 0.82055986 0.09842359 0.48103783
v 0.83761936 0.10638898 0.45565939
v 0.84116471 0.09681520 0.44232142
v 0.86106050 0.09712156 0.40230751
v 0.84462667 0.09007525 0.43038470
v 0.85505420 0.09022844 0.40941763
v 0.86398017 0.09022844 0.39005944
v 0.86151928 0.07613583 0.38346830
v 0.86452246 0.06970225 0.37044173
v 0.87419915 0.07146382 0.34848857
v 0.88028890 0.07919944 0.34080759
v 0.88833892 0.08999866 0.33001265
v 0.88892287 0.08999866 0.32840380
v 0.67090368 -0.23505037 0.32840380
v 0.68404239 -0.22348525 0.33001265
v 0.69438654 -0.21483053 0.32840380
v 0.70164412 -0.20150383 0.34345442
v 0.71002787 -0.18993871 0.34999365
v 0.71836990 -0.17822039 0.35653287
v 0.70502263 -0.18503694 0.37002653
v 0.68425095 -0.18411784 0.41004044
v 0.71503311 -0.17454407 0.37002653
v 0.72116446 -0.16121736 0.38222274
v 0.70965248 -0.16956569 0.38933286
v 0.69805706 -0.17791404 0.39644298
v 0.67394853 -0.19415118 0.41004044
v 0.68091416 -0.18090107 0.42156196
v 0.66877651 -0.18878986 0.42799738
v 0.65643024 -0.19667865 0.43443280
v 0.55736852 -0.23819058 0.49691883
v 0.54402131 -0.24255620 0.50449604
v 0.52858853 -0.24960251 0.50906312
v 0.56979817 -0.23336537 0.49017200
v 0.58418822 -0.22302569 0.49001631
v 0.65113306 -0.19101097 0.45161128
v 0.63849485 -0.19859339 0.45783913
v 0.62414658 -0.20349519 0.47003531
v 0.61034048 -0.21421783 0.47112519
v 0.62035096 -0.20027839 0.48046696
v 0.60913092 -0.20449086 0.48830366
v 0.60187334 -0.20150383 0.50231630
v 0.59419864 -0.21544327 0.49001631
v 0.58010060 -0.22003867 0.50013655
v 0.75937104 0.04136386 0.53911245
v 0.76979858 0.05047809 0.52977067
v 0.78018439 0.05951574 0.52037704
v 0.79265577 0.07100429 0.50864792
v 0.80062240 0.07835694 0.50107074
v 0.81313545 0.09107093 0.48861504
v 0.74589860 0.03071781 0.55021876
v 0.73447001 0.00904277 0.55021876
v 0.74268693 0.01501681 0.54367954
v 0.70339596 -0.02542284 0.56423140
v 0.71674323 -0.01447044 0.55577195
v 0.72496009 -0.00864958 0.54949218
v 0.73909986 0.00169010 0.53874916
v 0.69455338 -0.03124370 0.57056308
v 0.52858853 -0.12246269 0.66211236
v 0.53801501 -0.11802046 0.65832376
v 0.55194622 -0.11189324 0.65157694
v 0.67578381 -0.05383783 0.57502633
v 0.68458462 -0.04824674 0.56900609
v 0.69922495 -0.03874955 0.55904156
v 0.65038228 -0.07038133 0.59038836
v 0.66243654 -0.06333502 0.58281118
v 0.65755641 -0.07666172 0.57725799
v 0.63182127 -0.09220955 0.59199721
v 0.64425087 -0.08523983 0.58462763
v 0.61559600 -0.11181664 0.59163392
v 0.61985040 -0.11978203 0.57985294
v 0.62556469 -0.10645533 0.58602887
v 0.63891196 -0.09856653 0.57876307
v 0.54593992 -0.12560289 0.64498580
v 0.53893268 -0.13892959 0.63906932
v 0.55290556 -0.13272579 0.63253009
v 0.55987120 -0.13984868 0.61981493
v 0.56658649 -0.12652197 0.62599087
v 0.57196712 -0.13188329 0.61597443
v 0.58022571 -0.14015505 0.60019720
v 0.58815068 -0.12805378 0.60408962
v 0.59357297 -0.13341510 0.59350228
v 0.60020494 -0.14015505 0.58021623
v 0.60408396 -0.12805378 0.58815670
v 0.81797385 0.08509689 0.47647074
v 0.82398009 0.09107093 0.46987963
v 0.83478308 0.09007525 0.44937962
v 0.83857870 0.08348849 0.43728724
v 0.85851616 0.08379485 0.39680627
v 0.84195721 0.07506356 0.42394927
v 0.84579456 0.06908952 0.41113031
v 0.85593015 0.06970225 0.39005944
v 0.85884982 0.06288572 0.37734425
v 0.86168611 0.05606918 0.36400628
v 0.87761945 0.06587274 0.33364555
v 0.86448073 0.04963560 0.35025316
v 0.88187385 0.07161701 0.32840380
v 0.68345845 -0.22455750 0.32840380
v 0.68541884 -0.22287251 0.32840380
v 0.70397991 -0.20586948 0.32840380
v 0.70473069 -0.20449086 0.33001265
v 0.71469939 -0.19461070 0.33001265
v 0.72149819 -0.18151377 0.34319493
v 0.72963166 -0.16956569 0.34921515
v 0.73780686 -0.15738785 0.35518354
v 0.72420931 -0.16458733 0.37002653
v 0.73421979 -0.15325198 0.37002653
v 0.74026775 -0.14023162 0.38045818
v 0.71766084 -0.15731126 0.39556068
v 0.70368791 -0.16389802 0.41004044
v 0.69421971 -0.17393135 0.41004044
v 0.66352099 -0.18335195 0.44543535
v 0.70060134 -0.16060464 0.42104295
v 0.68879735 -0.16864662 0.42794549
v 0.67686826 -0.17676517 0.43489990
v 0.56858861 -0.22333206 0.50807703
v 0.56095564 -0.22065140 0.52110362
v 0.55040294 -0.23451422 0.51067197
v 0.53793162 -0.23857351 0.51778209
v 0.52858853 -0.24876003 0.51051629
v 0.65914142 -0.17913948 0.45877331
v 0.64516854 -0.18465398 0.47003531
v 0.63415700 -0.19468729 0.47003531
v 0.64103919 -0.18090107 0.48140112
v 0.62823415 -0.18833031 0.48762897
v 0.61522061 -0.19575955 0.49380490
v 0.58293688 -0.20226975 0.52333528
v 0.58819240 -0.20855014 0.50786948
v 0.62272841 -0.18243285 0.50345808
v 0.60963142 -0.18963234 0.50953019
v 0.59628415 -0.19683184 0.51565427
v 0.57430291 -0.21559645 0.51347452
v 0.77718127 0.04618904 0.51570618
v 0.75653476 0.03002850 0.53506434
v 0.76333350 0.03002850 0.52504790
v 0.78372979 0.05170354 0.50942641
v 0.79782784 0.06510683 0.49650365
v 0.80429292 0.07100429 0.48991251
v 0.76058060 0.01884632 0.52094793
v 0.74986112 0.01026822 0.52982259
v 0.71057010 -0.03078416 0.55073774
v 0.72183186 -0.02289537 0.54243398
v 0.75707698 0.00551962 0.51560235
v 0.73655558 -0.01194296 0.53127575
v 0.73997581 -0.01990835 0.51996183
v 0.74372971 -0.00658164 0.52541119
v 0.52858853 -0.13295555 0.65287435
v 0.53180021 -0.13165352 0.65142119
v 0.66952729 -0.06930906 0.56947321
v 0.68137294 -0.06187980 0.56168836
v 0.70001739 -0.05996504 0.54004663
v 0.70327079 -0.04993173 0.54430234
v 0.71770257 -0.03622207 0.53688079
v 0.65117478 -0.09144364 0.57134151
v 0.66327071 -0.08424416 0.56392002
v 0.61976701 -0.13969550 0.55971622
v 0.62585670 -0.12636879 0.56651497
v 0.63916224 -0.11901613 0.55904156
v 0.63236350 -0.11273573 0.57263899
v 0.64479309 -0.10561283 0.56542510
v 0.65814036 -0.09757087 0.55779600
v 0.54652393 -0.14582272 0.62573135
v 0.52858853 -0.14352500 0.64332503
v 0.52858853 -0.15363492 0.63361996
v 0.53914118 -0.15922602 0.61919212
v 0.55978775 -0.15976214 0.59978205
v 0.57000673 -0.14498022 0.60502380
v 0.57989204 -0.15983874 0.57990485
v 0.58815068 -0.14413774 0.58815670
v 0.59962100 -0.15960896 0.55961245
v 0.60495985 -0.14482705 0.57004410
v 0.80187368 0.05583941 0.48316568
v 0.81526268 0.06954907 0.46987963
v 0.82172775 0.07575288 0.46313280
v 0.81897491 0.06250276 0.45815051
v 0.82252026 0.05415443 0.44481254
v 0.83624291 0.06908952 0.43038470
v 0.83924603 0.06181345 0.41849992
v 0.84245771 0.05423102 0.40516195
v 0.84637851 0.04856334 0.39151260
v 0.85618037 0.04963560 0.37044173
v 0.85880816 0.04274248 0.35710377
v 0.87361526 0.05162695 0.32840380
v 0.86143589 0.03684503 0.34376580
v 0.70614880 -0.20380153 0.32840380
v 0.71507478 -0.19491707 0.32840380
v 0.72375053 -0.18603261 0.32840380
v 0.72579432 -0.18388806 0.32840380
v 0.73442835 -0.17377816 0.33001265
v 0.74085170 -0.16091099 0.34189746
v 0.74635744 -0.15041813 0.34911138
v 0.74272865 -0.14321865 0.37002653
v 0.75732720 -0.13655530 0.35004556
v 0.75344819 -0.12943241 0.37049365
v 0.75874537 -0.11825022 0.37744805
v 0.74464732 -0.12958558 0.38829488
v 0.73680580 -0.13594258 0.39379615
v 0.72345853 -0.14398456 0.40635562
v 0.71482456 -0.15034154 0.41180497
v 0.71982974 -0.13969550 0.41969359
v 0.70581514 -0.14972882 0.42862016
v 0.69663888 -0.15623899 0.43438092
v 0.68329161 -0.16343847 0.44512394
v 0.67127907 -0.17125069 0.45197457
v 0.56896400 -0.20916285 0.52888840
v 0.55474079 -0.21613257 0.53438967
v 0.54143524 -0.22095774 0.54144788
v 0.54885966 -0.22417454 0.52868080
v 0.52858853 -0.23566307 0.53210616
v 0.52858853 -0.23780762 0.52868080
v 0.52858853 -0.24156053 0.52266055
v 0.67899549 -0.15884306 0.45846191
v 0.66514766 -0.16520005 0.47003531
v 0.66118520 -0.16114077 0.48166060
v 0.65513724 -0.17523338 0.47003531
v 0.64867216 -0.16864662 0.48819986
v 0.63607568 -0.17622904 0.49473909
v 0.57697237 -0.19752114 0.53667325
v 0.61743122 -0.17753108 0.51679599
v 0.60408396 -0.18350513 0.52478844
v 0.59836966 -0.17852676 0.53812641
v 0.59065330 -0.19047482 0.53075677
v 0.78147745 0.03699821 0.50236821
v 0.77359420 0.03018168 0.50942641
v 0.79490811 0.04948242 0.48991251
v 0.77822405 0.02367151 0.49717832
v 0.76416767 0.01134048 0.50937450
v 0.72662854 -0.02971189 0.53013396
v 0.75073701 -0.01125365 0.51113909
v 0.76141483 -0.00259895 0.50226438
v 0.75774431 -0.01592565 0.49650365
v 0.72258264 -0.04395769 0.52354288
v 0.73688924 -0.02994167 0.51555043
v 0.74051803 -0.04074089 0.50075936
v 0.67661798 -0.07520650 0.55582386
v 0.68833858 -0.06762408 0.54793525
v 0.71824479 -0.05728438 0.51752263
v 0.68195689 -0.08255917 0.54248589
v 0.69530416 -0.07329175 0.53387070
v 0.70039278 -0.08049123 0.52053273
v 0.67011118 -0.09006502 0.55011499
v 0.61897451 -0.15891965 0.53880107
v 0.62548131 -0.14559294 0.54637825
v 0.63878685 -0.13862324 0.53854156
v 0.63232177 -0.13249601 0.55270994
v 0.64479309 -0.12529653 0.54570359
v 0.65814036 -0.11771409 0.53771120
v 0.65146673 -0.11166346 0.55172384
v 0.67695165 -0.09588587 0.53610235
v 0.66360444 -0.10438739 0.54445803
v 0.52858853 -0.16351506 0.62370729
v 0.53217560 -0.17171022 0.61187440
v 0.53851557 -0.17875652 0.59858835
v 0.54644048 -0.16542983 0.60585415
v 0.55265528 -0.17224635 0.59256810
v 0.55887014 -0.17898630 0.57891876
v 0.56654477 -0.16565959 0.58649594
v 0.57267618 -0.17232294 0.57274282
v 0.57880759 -0.17890970 0.55873019
v 0.58631539 -0.16558300 0.56656688
v 0.59232169 -0.17201659 0.55250233
v 0.60562724 -0.16512346 0.54627448
v 0.79887056 0.04251271 0.47813150
v 0.80612814 0.04948242 0.47086570
v 0.81680596 0.04848675 0.45088470
v 0.81964225 0.04082772 0.43936318
v 0.82689983 0.04848675 0.43163028
v 0.83711880 0.04856334 0.41113031
v 0.83957970 0.04090431 0.39919358
v 0.84262455 0.03431755 0.38585564
v 0.84629506 0.02864987 0.37137592
v 0.84237432 0.01509340 0.36561516
v 0.85576332 0.03010509 0.35025316
v 0.86377162 0.03010509 0.32949367
v 0.86452246 0.03094758 0.32840380
v 0.85839105 0.02344174 0.33577341
v 0.73476201 -0.17416111 0.32840380
v 0.74335432 -0.16382143 0.33001265
v 0.74448049 -0.16328530 0.32840380
v 0.75453264 -0.14980541 0.33162153
v 0.75970471 -0.13961890 0.33940631
v 0.76496017 -0.12659857 0.35004556
v 0.76183194 -0.12246269 0.36411011
v 0.74206132 -0.12261587 0.40391639
v 0.76712912 -0.11097415 0.37049365
v 0.76283300 -0.10400444 0.39000756
v 0.75561708 -0.11396118 0.39000756
v 0.73100811 -0.13119398 0.41180497
v 0.70260346 -0.14291228 0.44418979
v 0.73851591 -0.11802046 0.41725433
v 0.72491843 -0.12606244 0.43002141
v 0.71682662 -0.13609576 0.43002141
v 0.69084120 -0.15087767 0.45135176
v 0.56362510 -0.20272927 0.54383522
v 0.54931849 -0.20946921 0.54928458
v 0.54389614 -0.20288245 0.56386811
v 0.53467822 -0.21620916 0.55478585
v 0.52858853 -0.21835367 0.55779600
v 0.52858853 -0.22425114 0.54928458
v 0.52858853 -0.22471069 0.54860991
v 0.69843245 -0.13808711 0.45752773
v 0.68425095 -0.14467387 0.47003531
v 0.67511642 -0.15463060 0.47003531
v 0.64295787 -0.16282575 0.50382137
v 0.68062216 -0.14061458 0.48088214
v 0.66856796 -0.14835019 0.48794037
v 0.66260338 -0.14275911 0.50350994
v 0.65630513 -0.15608582 0.49499857
v 0.63023627 -0.17017841 0.51030868
v 0.58502239 -0.18419443 0.54539222
v 0.57121634 -0.19093437 0.55130863
v 0.55720174 -0.19775091 0.55717319
v 0.62443852 -0.16420437 0.52546310
v 0.61150837 -0.17132728 0.53179473
v 0.78560674 0.03018168 0.49032769
v 0.77513748 0.00927254 0.49032769
v 0.78231162 0.01547635 0.48384035
v 0.76537728 -0.00956866 0.48991251
v 0.77889138 0.00207306 0.47823530
v 0.75378186 -0.03001826 0.48991251
v 0.76191533 -0.02335491 0.48316568
v 0.72942311 -0.04901264 0.50911504
v 0.72291631 -0.06433070 0.50418466
v 0.73626357 -0.05406760 0.49427199
v 0.74060142 -0.06088413 0.48093402
v 0.75807798 -0.03668161 0.47688594
v 0.71424061 -0.07053450 0.51051629
v 0.68867224 -0.08822685 0.52831751
v 0.68208206 -0.10254923 0.52276438
v 0.69542933 -0.09381793 0.51373398
v 0.70026767 -0.10032810 0.50039601
v 0.70343763 -0.08830345 0.50823271
v 0.71845335 -0.07765740 0.49769729
v 0.63778579 -0.15769421 0.51715934
v 0.63161272 -0.15164357 0.53200233
v 0.64420915 -0.14436750 0.52520359
v 0.65755641 -0.13724461 0.51684791
v 0.65117478 -0.13127057 0.53143144
v 0.66339588 -0.12391791 0.52437323
v 0.67015290 -0.11013167 0.53023779
v 0.52858853 -0.17324203 0.61332756
v 0.54556453 -0.18434761 0.58530229
v 0.52858853 -0.17799063 0.60808581
v 0.52858853 -0.18258603 0.60299975
v 0.52858853 -0.19193004 0.59199721
v 0.55140400 -0.19108756 0.57139343
v 0.56546032 -0.18442421 0.56558079
v 0.79645139 0.02857328 0.47086570
v 0.79957962 0.02091426 0.45929229
v 0.80270791 0.03424096 0.46479356
v 0.80733776 0.02857328 0.45155936
v 0.80320841 0.01348500 0.44595432
v 0.81768191 0.02803715 0.43163028
v 0.81997591 0.02007177 0.41995308
v 0.82302076 0.03339847 0.42602521
v 0.82748377 0.02803715 0.41201258
v 0.82314593 0.01348500 0.40666699
v 0.83736908 0.02864987 0.39151260
v 0.83949631 0.02099085 0.37895310
v 0.83695197 0.00911936 0.37137592
v 0.83912092 0.00176670 0.35788226
v 0.84554428 0.00911936 0.35072023
v 0.85472053 0.01088094 0.32949367
v 0.85563815 0.01202979 0.32840380
v 0.86414701 0.03010509 0.32840380
v 0.74277037 -0.16520005 0.32840380
v 0.75494975 -0.15087767 0.32840380
v 0.75907904 -0.14589931 0.32840380
v 0.76646173 -0.13647871 0.32840380
v 0.77084130 -0.13073444 0.32840380
v 0.77025735 -0.13027489 0.33068734
v 0.77805722 -0.11725456 0.33525443
v 0.77588826 -0.11036143 0.35186201
v 0.77989244 -0.09979197 0.35980248
v 0.76024693 -0.10032810 0.40054297
v 0.77755666 -0.09626883 0.37002653
v 0.77309370 -0.08906934 0.38959235
v 0.72137302 -0.12169679 0.44226950
v 0.70994443 -0.12989195 0.44989860
v 0.73580474 -0.11074439 0.43173409
v 0.74343771 -0.10461716 0.42623281
v 0.73976725 -0.09956221 0.43957078
v 0.53701401 -0.19767432 0.57720608
v 0.52858853 -0.20081453 0.58115041
v 0.52858853 -0.20969899 0.56947321
v 0.70397991 -0.12476040 0.46614289
v 0.69964200 -0.11947568 0.47948086
v 0.69517905 -0.13081104 0.47169608
v 0.68512690 -0.12912604 0.48856315
v 0.67590892 -0.13525327 0.49422011
v 0.68166494 -0.12192656 0.50226438
v 0.66965240 -0.12958558 0.50953019
v 0.65025717 -0.15026495 0.51030868
v 0.78685802 0.00927254 0.47096950
v 0.77609682 -0.01117706 0.47096950
v 0.78285384 -0.00535620 0.46489733
v 0.77926677 -0.01868290 0.45877331
v 0.76600295 -0.03001826 0.47013912
v 0.75807798 -0.05682485 0.45674926
v 0.75403214 -0.05008490 0.47013912
v 0.72287458 -0.08401439 0.48435935
v 0.73618013 -0.07421084 0.47397959
v 0.74343771 -0.06854315 0.46842647
v 0.76212388 -0.04349814 0.46354797
v 0.67674315 -0.11587593 0.51560235
v 0.69597155 -0.11488026 0.49001631
v 0.70377135 -0.10484694 0.49001631
v 0.71807796 -0.09734109 0.47704163
v 0.71407378 -0.09037137 0.49063909
v 0.79741073 0.00812369 0.45155936
v 0.79991335 0.00015830 0.43988216
v 0.80337530 -0.00642846 0.42659611
v 0.81797385 0.00812369 0.41201258
v 0.81993425 0.00015830 0.39992017
v 0.82289565 -0.00566256 0.38658223
v 0.83586752 -0.01010479 0.35072023
v 0.84179038 -0.00351803 0.34454429
v 0.81947541 -0.01898926 0.37890121
v 0.82231170 -0.02435058 0.36556327
v 0.84420955 -0.01010479 0.32944179
v 0.84458494 -0.01010479 0.32840380
v 0.85488737 0.01049798 0.32840380
v 0.77292681 -0.12790060 0.32840380
v 0.78477252 -0.11143370 0.32840380
v 0.78523135 -0.11036143 0.32918227
v 0.78268701 -0.10392785 0.34646454
v 0.79011142 -0.09014161 0.35030505
v 0.78406346 -0.08631210 0.37002653
v 0.75674325 -0.09527315 0.41388094
v 0.77805722 -0.07689150 0.39597589
v 0.76379228 -0.08914593 0.40832776
v 0.78118545 -0.08186986 0.38263792
v 0.72608626 -0.10982530 0.44937962
v 0.71732712 -0.11641206 0.45560747
v 0.76128972 -0.08194645 0.42244422
v 0.75766093 -0.07635537 0.43578219
v 0.74352115 -0.08508664 0.45000243
v 0.74039286 -0.08056782 0.46064165
v 0.73659724 -0.09511997 0.45000243
v 0.72237408 -0.10308535 0.46370369
v 0.71102893 -0.11128052 0.47159228
v 0.78748369 -0.01117706 0.45129991
v 0.77638876 -0.03124370 0.45129991
v 0.78302073 -0.02534626 0.44543535
v 0.75365674 -0.06976859 0.45005432
v 0.76191533 -0.06302866 0.44341129
v 0.76600295 -0.05008490 0.45005432
v 0.72929800 -0.08891617 0.46884164
v 0.77926677 -0.03867295 0.43868852
v 0.79770267 -0.01178978 0.43194169
v 0.79987162 -0.01975516 0.41979739
v 0.80312502 -0.02565262 0.40645942
v 0.81755674 -0.01140682 0.39197969
v 0.81872463 -0.03767728 0.35694808
v 0.83832842 -0.01684473 0.33572152
v 0.80708748 -0.03139688 0.39130500
v 0.81647229 -0.03055439 0.37132400
v 0.83515847 -0.02787373 0.32840380
v 0.78556502 -0.11028484 0.32840380
v 0.79628456 -0.09420089 0.32840380
v 0.79599255 -0.09374134 0.33001265
v 0.80028874 -0.08049123 0.34080759
v 0.79749411 -0.07589582 0.35409364
v 0.79440761 -0.06953883 0.37018225
v 0.78518963 -0.07007496 0.38959235
v 0.79615939 -0.05062103 0.39130500
v 0.78214478 -0.06348820 0.40438348
v 0.77880800 -0.05805029 0.41772145
v 0.77488720 -0.07007496 0.41066322
v 0.79862034 -0.05766734 0.37698096
v 0.76521045 -0.06976859 0.42950243
v 0.78740025 -0.03124370 0.43121511
v 0.77601337 -0.05077422 0.43121511
v 0.78277045 -0.04464699 0.42535055
v 0.79724389 -0.03139688 0.41185689
v 0.79941279 -0.03897932 0.39888221
v 0.80571103 -0.05062103 0.37018225
v 0.81476218 -0.04947218 0.35014933
v 0.82139409 -0.04250247 0.34361011
v 0.83419913 -0.02894600 0.32944179
v 0.80249935 -0.04434063 0.38554424
v 0.83436596 -0.02932895 0.32840380
v 0.80262446 -0.08432075 0.32840380
v 0.80237424 -0.08378461 0.33001265
v 0.81242639 -0.06816021 0.32840380
v 0.81759846 -0.05582917 0.33385316
v 0.80370897 -0.06953883 0.34848857
v 0.80154002 -0.06256911 0.36364299
v 0.78664947 -0.05077422 0.41066322
v 0.82318759 -0.04962536 0.32840380
f 1 2 3
f 1 3 4
f 1 4 5
f 1 5 13
f 1 13 23
f 1 23 43
f 1 43 65
f 1 65 92
f 1 92 129
f 1 129 170
f 1 170 212
f 1 212 211
f 1 211 255
f 1 255 307
f 1 307 358
f 1 358 415
f 1 415 417
f 1 417 470
f 1 470 525
f 1 525 579
f 1 579 581
f 1 581 635
f 1 635 634
f 1 634 687
f 1 687 735
f 1 735 786
f 1 786 838
f 1 838 888
f 1 888 943
f 1 943 1001
f 1 1001 1000
f 1 1000 1054
f 1 1054 1115
f 1 1115 1176
f 1 1176 1239
f 1 1239 1304
f 1 1304 1375
f 1 1375 1448
f 1 1448 1447
f 1 1447 1524
f 1 1524 1611
f 1 1611 1702
f 1 1702 1701
f 1 1701 1700
f 1 1700 1791
f 1 1791 1790
f 1 1790 1789
f 1 1789 1876
f 1 1876 1875
f 1 1875 1836
f 1 1836 1835
f 1 1835 1834
f 1 1834 1832
f 1 1832 1742
f 1 1742 1655
f 1 1655 1654
f 1 1654 1638
f 1 1638 1550
f 1 1550 1471
f 1 1471 1396
f 1 1396 1395
f 1 1395 1324
f 1 1324 1323
f 1 1323 1322
f 1 1322 1277
f 1 1277 1276
f 1 1276 1210
f 1 1210 1209
f 1 1209 1146
f 1 1146 1145
f 1 1145 1144
f 1 1144 1088
f 1 1088 1087
f 1 1087 1029
f 1 1029 974
f 1 974 917
f 1 917 864
f 1 864 812
f 1 812 811
f 1 811 810
f 1 810 809
f 1 809 757
f 1 757 709
f 1 709 657
f 1 657 656
f 1 656 600
f 1 600 542
f 1 542 484
f 1 484 431
f 1 431 430
f 1 430 429
f 1 429 370
f 1 370 321
f 1 321 268
f 1 268 267
f 1 267 224
f 1 224 223
f 1 223 180
f 1 180 141
f 1 141 139
f 1 139 100
f 1 100 72
f 1 72 51
f 1 51 28
f 1 28 16
f 1 16 8
f 1 8 6
f 1 6 2
f 2 6 3
f 3 7 4
f 3 6 8
f 3 8 9
f 3 9 7
f 4 7 10
f 4 10 11
f 4 11 5
f 5 11 12
f 5 12 13
f 7 14 10
f 7 9 15
f 7 15 14
f 8 16 17
f 8 17 9
f 9 17 15
f 10 14 18
f 10 18 31
f 10 31 19
f 10 19 11
f 11 19 12
f 12 19 20
f 12 20 21
f 12 21 22
f 12 22 13
f 13 22 23
f 14 24 25
f 14 25 18
f 14 15 24
f 15 17 26
f 15 26 27
f 15 27 24
f 16 28 17
f 17 28 29
f 17 29 26
f 18 25 30
f 18 30 31
f 19 31 20
f 20 32 21
f 20 31 30
f 20 30 33
f 20 33 34
f 20 34 35
f 20 35 36
f 20 36 32
f 21 32 37
f 21 37 38
f 21 38 39
f 21 39 22
f 22 39 40
f 22 40 41
f 22 41 42
f 22 42 43
f 22 43 23
f 24 44 25
f 24 27 44
f 25 44 45
f 25 45 33
f 25 33 30
f 26 46 27
f 26 29 47
f 26 47 48
f 26 48 46
f 27 46 49
f 27 49 50
f 27 50 44
f 28 51 29
f 29 51 52
f 29 52 47
f 32 53 54
f 32 54 38
f 32 38 37
f 32 36 55
f 32 55 56
f 32 56 53
f 33 45 57
f 33 57 34
f 34 57 35
f 35 57 58
f 35 58 36
f 36 58 59
f 36 59 60
f 36 60 55
f 38 61 40
f 38 40 39
f 38 54 61
f 40 61 62
f 40 62 63
f 40 63 64
f 40 64 42
f 40 42 41
f 42 64 63
f 42 63 65
f 42 65 43
f 44 66 57
f 44 57 45
f 44 50 67
f 44 67 66
f 46 48 68
f 46 68 49
f 47 52 69
f 47 69 48
f 48 70 68
f 48 69 96
f 48 96 70
f 49 68 71
f 49 71 67
f 49 67 50
f 51 72 52
f 52 73 69
f 52 72 74
f 52 74 73
f 53 75 76
f 53 76 61
f 53 61 54
f 53 56 77
f 53 77 75
f 55 78 56
f 55 60 86
f 55 86 78
f 56 78 79
f 56 79 80
f 56 80 81
f 56 81 77
f 57 66 82
f 57 82 58
f 58 82 59
f 59 82 83
f 59 83 60
f 60 83 84
f 60 84 85
f 60 85 86
f 61 87 62
f 61 76 87
f 62 88 89
f 62 89 63
f 62 87 88
f 63 89 90
f 63 90 91
f 63 91 65
f 65 91 90
f 65 90 92
f 66 67 82
f 67 71 93
f 67 93 94
f 67 94 82
f 68 70 95
f 68 95 71
f 69 73 97
f 69 97 96
f 70 96 98
f 70 98 95
f 71 95 99
f 71 99 93
f 72 100 74
f 73 74 101
f 73 101 97
f 74 100 102
f 74 102 101
f 75 77 103
f 75 103 104
f 75 104 105
f 75 105 87
f 75 87 76
f 77 106 107
f 77 107 103
f 77 81 108
f 77 108 109
f 77 109 106
f 78 86 79
f 79 81 80
f 79 86 110
f 79 110 111
f 79 111 112
f 79 112 81
f 81 112 113
f 81 113 108
f 82 94 114
f 82 114 83
f 83 114 115
f 83 115 84
f 84 115 116
f 84 116 85
f 85 117 86
f 85 116 118
f 85 118 117
f 86 117 119
f 86 119 110
f 87 105 104
f 87 104 120
f 87 120 88
f 88 120 121
f 88 121 122
f 88 122 123
f 88 123 124
f 88 124 89
f 89 124 90
f 90 125 92
f 90 124 125
f 92 125 126
f 92 126 127
f 92 127 128
f 92 128 129
f 93 130 114
f 93 114 94
f 93 99 130
f 95 98 99
f 96 97 131
f 96 131 132
f 96 132 133
f 96 133 134
f 96 134 98
f 97 101 135
f 97 135 131
f 98 134 133
f 98 133 136
f 98 136 137
f 98 137 138
f 98 138 99
f 99 138 130
f 100 139 102
f 101 102 140
f 101 140 135
f 102 139 141
f 102 141 142
f 102 142 140
f 103 107 104
f 104 107 143
f 104 143 121
f 104 121 120
f 106 109 144
f 106 144 145
f 106 145 107
f 107 145 143
f 108 113 109
f 109 146 144
f 109 113 147
f 109 147 186
f 109 186 146
f 110 119 148
f 110 148 111
f 111 148 112
f 112 148 149
f 112 149 150
f 112 150 113
f 113 150 151
f 113 151 147
f 114 130 152
f 114 152 115
f 115 152 154
f 115 154 116
f 116 153 118
f 116 154 155
f 116 155 156
f 116 156 153
f 117 118 119
f 118 153 156
f 118 156 192
f 118 192 157
f 118 157 149
f 118 149 148
f 118 148 119
f 121 143 158
f 121 158 123
f 121 123 122
f 123 158 159
f 123 159 160
f 123 160 124
f 124 160 125
f 125 160 161
f 125 161 126
f 126 161 162
f 126 162 163
f 126 163 164
f 126 164 165
f 126 165 127
f 127 165 166
f 127 166 167
f 127 167 168
f 127 168 128
f 128 168 209
f 128 209 254
f 128 254 306
f 128 306 357
f 128 357 414
f 128 414 469
f 128 469 521
f 128 521 524
f 128 524 576
f 128 576 578
f 128 578 631
f 128 631 684
f 128 684 733
f 128 733 781
f 128 781 782
f 128 782 784
f 128 784 783
f 128 783 835
f 128 835 882
f 128 882 935
f 128 935 992
f 128 992 1045
f 128 1045 1044
f 128 1044 1103
f 128 1103 1162
f 128 1162 1224
f 128 1224 1289
f 128 1289 1356
f 128 1356 1429
f 128 1429 1428
f 128 1428 1505
f 128 1505 1588
f 128 1588 1674
f 128 1674 1766
f 128 1766 1856
f 128 1856 1855
f 128 1855 1913
f 128 1913 1912
f 128 1912 1949
f 128 1949 1973
f 128 1973 1981
f 128 1981 1976
f 128 1976 1974
f 128 1974 1951
f 128 1951 1950
f 128 1950 1915
f 128 1915 1914
f 128 1914 1861
f 128 1861 1860
f 128 1860 1859
f 128 1859 1858
f 128 1858 1770
f 128 1770 1857
f 128 1857 1768
f 128 1768 1679
f 128 1679 1678
f 128 1678 1677
f 128 1677 1676
f 128 1676 1591
f 128 1591 1508
f 128 1508 1590
f 128 1590 1589
f 128 1589 1506
f 128 1506 1430
f 128 1430 1357
f 128 1357 1290
f 128 1290 1225
f 128 1225 1164
f 128 1164 1163
f 128 1163 1104
f 128 1104 1046
f 128 1046 993
f 128 993 936
f 128 936 883
f 128 883 836
f 128 836 785
f 128 785 735
f 128 735 687
f 128 687 686
f 128 686 633
f 128 633 580
f 128 580 526
f 128 526 471
f 128 471 416
f 128 416 359
f 128 359 308
f 128 308 256
f 128 256 210
f 128 210 169
f 128 169 129
f 129 169 170
f 130 138 171
f 130 171 152
f 131 135 172
f 131 172 173
f 131 173 132
f 132 173 214
f 132 214 174
f 132 174 133
f 133 174 175
f 133 175 176
f 133 176 136
f 135 140 177
f 135 177 172
f 136 176 137
f 137 178 171
f 137 171 138
f 137 176 178
f 140 142 179
f 140 179 177
f 141 180 142
f 142 180 181
f 142 181 179
f 143 182 158
f 143 145 182
f 144 183 184
f 144 184 145
f 144 146 185
f 144 185 183
f 145 184 182
f 146 186 185
f 147 151 188
f 147 188 186
f 149 157 150
f 150 157 187
f 150 187 151
f 151 187 188
f 152 171 154
f 154 171 189
f 154 189 190
f 154 190 155
f 155 191 156
f 155 190 191
f 156 191 192
f 157 192 193
f 157 193 187
f 158 182 194
f 158 194 195
f 158 195 159
f 159 195 160
f 160 196 161
f 160 195 197
f 160 197 196
f 161 196 198
f 161 198 199
f 161 199 200
f 161 200 201
f 161 201 202
f 161 202 162
f 162 202 203
f 162 203 163
f 163 203 164
f 164 204 205
f 164 205 206
f 164 206 207
f 164 207 166
f 164 166 165
f 164 203 204
f 166 207 167
f 167 207 208
f 167 208 168
f 168 208 209
f 169 210 211
f 169 211 212
f 169 212 170
f 171 178 189
f 172 177 213
f 172 213 173
f 173 213 214
f 174 214 215
f 174 215 175
f 175 215 216
f 175 216 176
f 176 216 217
f 176 217 218
f 176 218 178
f 177 179 219
f 177 219 220
f 177 220 213
f 178 221 189
f 178 218 221
f 179 181 222
f 179 222 219
f 180 223 181
f 181 223 224
f 181 224 225
f 181 225 222
f 182 226 194
f 182 184 226
f 183 227 228
f 183 228 229
f 183 229 184
f 183 185 230
f 183 230 231
f 183 231 232
f 183 232 227
f 184 229 226
f 185 186 233
f 185 233 230
f 186 188 233
f 187 234 188
f 187 193 235
f 187 235 234
f 188 236 233
f 188 234 236
f 189 221 190
f 190 221 237
f 190 237 238
f 190 238 191
f 191 239 192
f 191 238 240
f 191 240 239
f 192 239 241
f 192 241 242
f 192 242 235
f 192 235 193
f 194 226 243
f 194 243 244
f 194 244 197
f 194 197 195
f 196 197 198
f 197 244 199
f 197 199 198
f 199 244 200
f 200 202 201
f 200 244 245
f 200 245 202
f 202 245 246
f 202 246 247
f 202 247 203
f 203 247 248
f 203 248 204
f 204 248 249
f 204 249 205
f 205 249 250
f 205 250 251
f 205 251 206
f 206 208 207
f 206 251 252
f 206 252 208
f 208 252 209
f 209 252 253
f 209 253 254
f 210 255 211
f 210 256 255
f 213 220 257
f 213 257 258
f 213 258 259
f 213 259 214
f 214 259 215
f 215 260 216
f 215 259 260
f 216 260 261
f 216 261 262
f 216 262 217
f 217 262 218
f 218 263 237
f 218 237 221
f 218 262 263
f 219 222 264
f 219 264 265
f 219 265 220
f 220 265 257
f 222 225 266
f 222 266 264
f 224 267 225
f 225 267 268
f 225 268 266
f 226 229 228
f 226 228 269
f 226 269 243
f 227 270 271
f 227 271 272
f 227 272 228
f 227 232 273
f 227 273 270
f 228 272 274
f 228 274 269
f 230 233 275
f 230 275 276
f 230 276 231
f 231 277 232
f 231 276 278
f 231 278 277
f 232 277 278
f 232 278 279
f 232 279 280
f 232 280 281
f 232 281 273
f 233 236 282
f 233 282 275
f 234 235 283
f 234 283 284
f 234 284 236
f 235 242 285
f 235 285 286
f 235 286 283
f 236 284 287
f 236 287 282
f 237 288 238
f 237 263 289
f 237 289 288
f 238 288 240
f 239 240 290
f 239 290 241
f 240 288 341
f 240 341 290
f 241 290 291
f 241 291 285
f 241 285 242
f 243 269 274
f 243 274 244
f 244 292 245
f 244 274 292
f 245 292 246
f 246 292 293
f 246 293 247
f 247 293 248
f 248 293 249
f 249 293 294
f 249 294 295
f 249 295 250
f 250 295 296
f 250 296 297
f 250 297 298
f 250 298 299
f 250 299 251
f 251 299 300
f 251 300 301
f 251 301 302
f 251 302 303
f 251 303 252
f 252 303 304
f 252 304 305
f 252 305 253
f 253 305 254
f 254 305 306
f 255 256 307
f 256 308 307
f 257 265 309
f 257 309 310
f 257 310 311
f 257 311 258
f 258 311 259
f 259 311 312
f 259 312 260
f 260 312 313
f 260 313 314
f 260 314 261
f 261 314 262
f 262 314 315
f 262 315 316
f 262 316 263
f 263 316 289
f 264 266 317
f 264 317 265
f 265 317 309
f 266 268 318
f 266 318 319
f 266 319 320
f 266 320 317
f 268 321 318
f 270 273 322
f 270 322 323
f 270 323 271
f 271 323 324
f 271 324 292
f 271 292 274
f 271 274 272
f 273 325 326
f 273 326 322
f 273 281 327
f 273 327 325
f 275 282 276
f 276 282 328
f 276 328 329
f 276 329 330
f 276 330 278
f 278 280 279
f 278 330 331
f 278 331 332
f 278 332 280
f 280 332 281
f 281 332 333
f 281 333 327
f 282 287 328
f 283 286 334
f 283 334 335
f 283 335 336
f 283 336 337
f 283 337 284
f 284 337 287
f 285 291 338
f 285 338 339
f 285 339 334
f 285 334 286
f 287 337 336
f 287 336 340
f 287 340 328
f 288 289 341
f 289 316 368
f 289 368 342
f 289 342 341
f 290 341 343
f 290 343 291
f 291 343 344
f 291 344 338
f 292 324 293
f 293 324 294
f 294 324 345
f 294 345 346
f 294 346 295
f 295 346 347
f 295 347 348
f 295 348 349
f 295 349 350
f 295 350 296
f 296 350 297
f 297 300 298
f 297 350 349
f 297 349 351
f 297 351 352
f 297 352 300
f 298 300 299
f 300 352 353
f 300 353 304
f 300 304 301
f 301 304 302
f 302 304 303
f 304 353 354
f 304 354 355
f 304 355 305
f 305 355 306
f 306 355 354
f 306 354 356
f 306 356 357
f 307 308 358
f 308 359 358
f 309 360 310
f 309 317 361
f 309 361 362
f 309 362 360
f 310 360 311
f 311 360 363
f 311 363 312
f 312 363 364
f 312 364 313
f 313 364 365
f 313 365 314
f 314 365 366
f 314 366 367
f 314 367 315
f 315 367 316
f 316 367 368
f 317 320 369
f 317 369 361
f 318 321 370
f 318 370 319
f 319 369 320
f 319 370 371
f 319 371 372
f 319 372 369
f 322 326 373
f 322 373 323
f 323 373 345
f 323 345 324
f 325 374 375
f 325 375 326
f 325 327 376
f 325 376 377
f 325 377 378
f 325 378 379
f 325 379 380
f 325 380 374
f 326 381 373
f 326 375 381
f 327 333 382
f 327 382 383
f 327 383 376
f 328 340 384
f 328 384 329
f 329 384 340
f 329 340 385
f 329 385 386
f 329 386 332
f 329 332 331
f 329 331 330
f 332 386 387
f 332 387 333
f 333 387 388
f 333 388 382
f 334 339 389
f 334 389 390
f 334 390 335
f 335 391 336
f 335 390 391
f 336 391 392
f 336 392 393
f 336 393 394
f 336 394 340
f 338 344 395
f 338 395 339
f 339 395 446
f 339 446 389
f 340 394 396
f 340 396 397
f 340 397 386
f 340 386 385
f 341 342 398
f 341 398 343
f 342 368 399
f 342 399 398
f 343 398 344
f 344 398 400
f 344 400 401
f 344 401 395
f 345 373 381
f 345 381 346
f 346 381 375
f 346 375 348
f 346 348 347
f 348 375 349
f 349 375 374
f 349 374 351
f 351 374 402
f 351 402 403
f 351 403 404
f 351 404 352
f 352 404 405
f 352 405 406
f 352 406 353
f 353 406 407
f 353 407 408
f 353 408 354
f 354 408 409
f 354 409 410
f 354 410 411
f 354 411 412
f 354 412 356
f 356 412 413
f 356 413 357
f 357 413 414
f 358 359 415
f 359 416 417
f 359 417 415
f 360 418 363
f 360 362 419
f 360 419 420
f 360 420 418
f 361 369 421
f 361 421 362
f 362 421 419
f 363 418 364
f 364 418 422
f 364 422 365
f 365 422 423
f 365 423 366
f 366 423 424
f 366 424 367
f 367 424 425
f 367 425 426
f 367 426 368
f 368 426 399
f 369 372 427
f 369 427 428
f 369 428 421
f 370 429 371
f 371 429 430
f 371 430 431
f 371 431 432
f 371 432 372
f 372 432 427
f 374 380 433
f 374 433 434
f 374 434 435
f 374 435 436
f 374 436 437
f 374 437 402
f 376 383 438
f 376 438 377
f 377 438 378
f 378 438 439
f 378 439 440
f 378 440 379
f 379 440 380
f 380 440 441
f 380 441 442
f 380 442 433
f 382 388 443
f 382 443 383
f 383 443 438
f 386 397 444
f 386 444 387
f 387 444 445
f 387 445 388
f 388 445 443
f 389 446 447
f 389 447 390
f 390 448 391
f 390 447 448
f 391 448 449
f 391 449 392
f 392 449 393
f 393 450 396
f 393 396 394
f 393 449 451
f 393 451 502
f 393 502 450
f 395 401 446
f 396 450 397
f 397 450 452
f 397 452 444
f 398 399 400
f 399 453 400
f 399 426 453
f 400 453 454
f 400 454 401
f 401 454 455
f 401 455 446
f 402 437 456
f 402 456 457
f 402 457 458
f 402 458 403
f 403 458 404
f 404 458 459
f 404 459 460
f 404 460 405
f 405 460 461
f 405 461 406
f 406 461 407
f 407 461 462
f 407 462 408
f 408 462 463
f 408 463 464
f 408 464 409
f 409 464 465
f 409 465 410
f 410 465 411
f 411 465 466
f 411 466 467
f 411 467 412
f 412 467 413
f 413 467 520
f 413 520 468
f 413 468 469
f 413 469 414
f 416 470 417
f 416 471 470
f 418 420 472
f 418 472 473
f 418 473 422
f 419 421 474
f 419 474 475
f 419 475 472
f 419 472 420
f 421 428 476
f 421 476 474
f 422 473 423
f 423 477 424
f 423 473 477
f 424 477 478
f 424 478 425
f 425 478 479
f 425 479 426
f 426 479 480
f 426 480 481
f 426 481 453
f 427 482 476
f 427 476 428
f 427 432 483
f 427 483 482
f 431 484 485
f 431 485 432
f 432 485 483
f 433 442 434
f 434 442 486
f 434 486 435
f 435 486 487
f 435 487 436
f 436 487 488
f 436 488 456
f 436 456 437
f 438 443 489
f 438 489 439
f 439 489 490
f 439 490 491
f 439 491 440
f 440 491 492
f 440 492 441
f 441 492 442
f 442 492 493
f 442 493 486
f 443 445 494
f 443 494 495
f 443 495 489
f 444 452 496
f 444 496 497
f 444 497 445
f 445 497 498
f 445 498 494
f 446 455 499
f 446 499 447
f 447 500 448
f 447 499 500
f 448 500 501
f 448 501 449
f 449 501 451
f 450 502 452
f 451 501 503
f 451 503 504
f 451 504 502
f 452 502 505
f 452 505 506
f 452 506 496
f 453 481 454
f 454 507 455
f 454 481 507
f 455 507 555
f 455 555 499
f 456 488 508
f 456 508 509
f 456 509 510
f 456 510 457
f 457 510 458
f 458 510 511
f 458 511 459
f 459 511 512
f 459 512 513
f 459 513 460
f 460 513 514
f 460 514 461
f 461 514 515
f 461 515 462
f 462 515 463
f 463 515 516
f 463 516 464
f 464 516 517
f 464 517 465
f 465 517 518
f 465 518 519
f 465 519 466
f 466 519 467
f 467 519 520
f 468 521 469
f 468 520 522
f 468 522 523
f 468 523 524
f 468 524 521
f 470 471 525
f 471 526 525
f 472 475 527
f 472 527 528
f 472 528 529
f 472 529 473
f 473 529 530
f 473 530 477
f 474 476 531
f 474 531 532
f 474 532 475
f 475 532 527
f 476 482 533
f 476 533 531
f 477 530 534
f 477 534 478
f 478 535 479
f 478 534 535
f 479 536 480
f 479 535 537
f 479 537 536
f 480 536 481
f 481 538 507
f 481 536 539
f 481 539 538
f 482 483 540
f 482 540 533
f 483 485 541
f 483 541 540
f 484 542 543
f 484 543 485
f 485 543 541
f 486 493 544
f 486 544 545
f 486 545 487
f 487 545 488
f 488 545 508
f 489 495 546
f 489 546 490
f 490 546 547
f 490 547 491
f 491 547 548
f 491 548 492
f 492 548 549
f 492 549 493
f 493 549 544
f 494 498 495
f 495 498 550
f 495 550 551
f 495 551 546
f 496 506 497
f 497 506 552
f 497 552 498
f 498 552 553
f 498 553 554
f 498 554 550
f 499 555 556
f 499 556 500
f 500 556 501
f 501 556 557
f 501 557 503
f 502 504 505
f 503 557 558
f 503 558 559
f 503 559 504
f 504 560 505
f 504 559 560
f 505 560 561
f 505 561 506
f 506 561 552
f 507 538 555
f 508 545 562
f 508 562 509
f 509 562 563
f 509 563 510
f 510 563 564
f 510 564 511
f 511 564 565
f 511 565 512
f 512 565 566
f 512 566 567
f 512 567 513
f 513 567 514
f 514 567 568
f 514 568 515
f 515 568 569
f 515 569 570
f 515 570 516
f 516 570 517
f 517 570 571
f 517 571 518
f 518 571 572
f 518 572 519
f 519 572 573
f 519 573 522
f 519 522 520
f 522 573 574
f 522 574 575
f 522 575 523
f 523 576 524
f 523 575 577
f 523 577 578
f 523 578 576
f 525 526 579
f 526 580 581
f 526 581 579
f 527 582 528
f 527 532 583
f 527 583 584
f 527 584 582
f 528 582 529
f 529 585 530
f 529 582 586
f 529 586 585
f 530 585 534
f 531 533 587
f 531 587 532
f 532 587 583
f 533 540 588
f 533 588 589
f 533 589 587
f 534 585 590
f 534 590 535
f 535 590 591
f 535 591 537
f 536 592 539
f 536 537 593
f 536 593 594
f 536 594 592
f 537 591 593
f 538 539 592
f 538 592 595
f 538 595 596
f 538 596 597
f 538 597 555
f 540 541 598
f 540 598 588
f 541 543 599
f 541 599 598
f 542 600 543
f 543 600 601
f 543 601 599
f 544 549 602
f 544 602 603
f 544 603 545
f 545 603 562
f 546 551 547
f 547 551 604
f 547 604 548
f 548 604 605
f 548 605 606
f 548 606 549
f 549 606 607
f 549 607 602
f 550 554 608
f 550 608 551
f 551 608 604
f 552 561 609
f 552 609 553
f 553 609 554
f 554 610 608
f 554 609 611
f 554 611 610
f 555 597 556
f 556 597 612
f 556 612 557
f 557 612 558
f 558 612 613
f 558 613 559
f 559 613 614
f 559 614 615
f 559 615 616
f 559 616 560
f 560 616 561
f 561 617 609
f 561 616 617
f 562 603 607
f 562 607 563
f 563 607 618
f 563 618 619
f 563 619 564
f 564 619 620
f 564 620 565
f 565 620 621
f 565 621 622
f 565 622 566
f 566 622 623
f 566 623 567
f 567 623 568
f 568 623 624
f 568 624 569
f 569 624 625
f 569 625 626
f 569 626 570
f 570 626 571
f 571 626 627
f 571 627 572
f 572 627 628
f 572 628 574
f 572 574 573
f 574 628 629
f 574 629 575
f 575 629 630
f 575 630 577
f 577 631 578
f 577 630 632
f 577 632 631
f 580 633 634
f 580 634 635
f 580 635 581
f 582 636 586
f 582 584 637
f 582 637 638
f 582 638 636
f 583 587 639
f 583 639 584
f 584 639 637
f 585 640 591
f 585 591 590
f 585 586 636
f 585 636 641
f 585 641 640
f 587 589 642
f 587 642 643
f 587 643 644
f 587 644 639
f 588 598 645
f 588 645 646
f 588 646 589
f 589 646 642
f 591 640 647
f 591 647 593
f 592 648 595
f 592 594 649
f 592 649 650
f 592 650 648
f 593 647 651
f 593 651 594
f 594 651 649
f 595 648 596
f 596 648 652
f 596 652 653
f 596 653 612
f 596 612 597
f 598 599 654
f 598 654 645
f 599 601 655
f 599 655 654
f 600 656 601
f 601 656 657
f 601 657 655
f 602 607 603
f 604 608 658
f 604 658 605
f 605 658 659
f 605 659 660
f 605 660 606
f 606 661 607
f 606 660 662
f 606 662 663
f 606 663 661
f 607 661 663
f 607 663 618
f 608 610 658
f 609 617 664
f 609 664 611
f 610 611 665
f 610 665 666
f 610 666 658
f 611 664 665
f 612 653 613
f 613 653 667
f 613 667 614
f 614 667 668
f 614 668 669
f 614 669 670
f 614 670 616
f 614 616 615
f 616 670 664
f 616 664 617
f 618 663 671
f 618 671 619
f 619 671 672
f 619 672 673
f 619 673 620
f 620 673 621
f 621 673 674
f 621 674 675
f 621 675 622
f 622 675 676
f 622 676 623
f 623 676 624
f 624 676 677
f 624 677 625
f 625 677 678
f 625 678 679
f 625 679 626
f 626 679 627
f 627 679 680
f 627 680 681
f 627 681 628
f 628 681 629
f 629 681 682
f 629 682 630
f 630 682 731
f 630 731 683
f 630 683 632
f 631 632 684
f 632 683 685
f 632 685 733
f 632 733 684
f 633 686 634
f 634 686 687
f 636 688 641
f 636 638 689
f 636 689 690
f 636 690 688
f 637 639 691
f 637 691 692
f 637 692 638
f 638 692 689
f 639 644 693
f 639 693 691
f 640 641 688
f 640 688 694
f 640 694 647
f 642 646 695
f 642 695 643
f 643 695 696
f 643 696 697
f 643 697 693
f 643 693 644
f 645 654 698
f 645 698 646
f 646 698 695
f 647 694 699
f 647 699 651
f 648 650 700
f 648 700 701
f 648 701 652
f 649 651 702
f 649 702 703
f 649 703 650
f 650 703 700
f 651 699 702
f 652 704 653
f 652 701 704
f 653 668 667
f 653 704 705
f 653 705 706
f 653 706 668
f 654 655 707
f 654 707 708
f 654 708 698
f 655 657 709
f 655 709 710
f 655 710 707
f 658 666 659
f 659 666 711
f 659 711 712
f 659 712 660
f 660 712 662
f 662 713 663
f 662 712 714
f 662 714 713
f 663 713 671
f 664 670 715
f 664 715 716
f 664 716 665
f 665 716 717
f 665 717 718
f 665 718 666
f 666 718 711
f 668 706 719
f 668 719 669
f 669 720 715
f 669 715 670
f 669 719 720
f 671 713 761
f 671 761 721
f 671 721 722
f 671 722 672
f 672 722 673
f 673 722 674
f 674 722 675
f 675 722 723
f 675 723 724
f 675 724 725
f 675 725 676
f 676 725 677
f 677 725 726
f 677 726 727
f 677 727 678
f 678 727 728
f 678 728 679
f 679 728 680
f 680 728 681
f 681 728 729
f 681 729 730
f 681 730 682
f 682 730 731
f 683 731 732
f 683 732 685
f 685 732 734
f 685 734 733
f 688 736 694
f 688 690 737
f 688 737 738
f 688 738 736
f 689 692 739
f 689 739 740
f 689 740 690
f 690 740 737
f 691 693 741
f 691 741 692
f 692 741 739
f 693 697 742
f 693 742 741
f 694 736 699
f 695 698 696
f 696 698 743
f 696 743 744
f 696 744 745
f 696 745 697
f 697 745 746
f 697 746 742
f 698 708 747
f 698 747 743
f 699 736 748
f 699 748 702
f 700 703 749
f 700 749 750
f 700 750 701
f 701 751 704
f 701 750 751
f 702 748 703
f 703 748 749
f 704 751 752
f 704 752 705
f 705 752 706
f 706 752 753
f 706 753 754
f 706 754 719
f 707 710 755
f 707 755 756
f 707 756 708
f 708 756 747
f 709 757 758
f 709 758 710
f 710 758 759
f 710 759 755
f 711 718 760
f 711 760 712
f 712 760 714
f 713 714 761
f 714 760 761
f 715 720 762
f 715 762 716
f 716 762 717
f 717 762 763
f 717 763 764
f 717 764 718
f 718 764 765
f 718 765 760
f 719 754 766
f 719 766 720
f 720 766 767
f 720 767 762
f 721 768 722
f 721 761 769
f 721 769 768
f 722 768 770
f 722 770 723
f 723 770 823
f 723 823 771
f 723 771 724
f 724 771 772
f 724 772 773
f 724 773 725
f 725 773 726
f 726 773 774
f 726 774 727
f 727 775 728
f 727 774 776
f 727 776 775
f 728 775 729
f 729 775 777
f 729 777 730
f 730 777 778
f 730 778 731
f 731 778 732
f 732 778 779
f 732 779 780
f 732 780 734
f 733 734 781
f 734 782 781
f 734 780 783
f 734 783 784
f 734 784 782
f 735 785 786
f 736 787 748
f 736 738 788
f 736 788 789
f 736 789 787
f 737 740 790
f 737 790 738
f 738 790 791
f 738 791 788
f 739 741 792
f 739 792 740
f 740 792 790
f 741 742 793
f 741 793 794
f 741 794 792
f 742 746 793
f 743 747 744
f 744 795 745
f 744 747 796
f 744 796 797
f 744 797 798
f 744 798 795
f 745 795 746
f 746 795 799
f 746 799 793
f 747 756 800
f 747 800 796
f 748 801 749
f 748 787 802
f 748 802 801
f 749 801 750
f 750 801 803
f 750 803 751
f 751 803 804
f 751 804 752
f 752 804 753
f 753 804 805
f 753 805 754
f 754 805 806
f 754 806 807
f 754 807 766
f 755 759 808
f 755 808 756
f 756 808 800
f 757 809 758
f 758 809 810
f 758 810 811
f 758 811 759
f 759 811 812
f 759 812 813
f 759 813 814
f 759 814 808
f 760 765 815
f 760 815 816
f 760 816 761
f 761 816 817
f 761 817 769
f 762 767 763
f 763 767 818
f 763 818 819
f 763 819 764
f 764 819 820
f 764 820 815
f 764 815 765
f 766 807 767
f 767 807 818
f 768 769 821
f 768 821 770
f 769 817 822
f 769 822 821
f 770 821 823
f 771 823 824
f 771 824 772
f 772 824 825
f 772 825 826
f 772 826 773
f 773 826 774
f 774 826 827
f 774 827 776
f 775 776 828
f 775 828 777
f 776 827 829
f 776 829 830
f 776 830 828
f 777 828 831
f 777 831 778
f 778 831 832
f 778 832 833
f 778 833 779
f 779 833 780
f 780 833 834
f 780 834 783
f 783 834 835
f 785 836 837
f 785 837 838
f 785 838 786
f 787 789 839
f 787 839 840
f 787 840 802
f 788 791 841
f 788 841 842
f 788 842 789
f 789 842 839
f 790 792 843
f 790 843 791
f 791 843 841
f 792 794 844
f 792 844 845
f 792 845 843
f 793 799 846
f 793 846 844
f 793 844 794
f 795 847 799
f 795 798 848
f 795 848 849
f 795 849 847
f 796 800 850
f 796 850 797
f 797 850 851
f 797 851 852
f 797 852 798
f 798 852 848
f 799 847 846
f 800 808 850
f 801 853 803
f 801 802 854
f 801 854 855
f 801 855 853
f 802 840 854
f 803 853 804
f 804 853 805
f 805 856 806
f 805 853 857
f 805 857 858
f 805 858 856
f 806 856 807
f 807 859 818
f 807 856 860
f 807 860 861
f 807 861 859
f 808 814 862
f 808 862 863
f 808 863 850
f 812 864 813
f 813 864 865
f 813 865 814
f 814 865 862
f 815 820 866
f 815 866 867
f 815 867 816
f 816 867 817
f 817 867 868
f 817 868 822
f 818 859 819
f 819 866 820
f 819 859 869
f 819 869 866
f 821 822 870
f 821 870 823
f 822 868 871
f 822 871 870
f 823 870 872
f 823 872 824
f 824 872 873
f 824 873 825
f 825 874 826
f 825 873 875
f 825 875 874
f 826 874 827
f 827 874 876
f 827 876 829
f 828 830 831
f 829 876 877
f 829 877 878
f 829 878 830
f 830 878 879
f 830 879 831
f 831 879 832
f 832 879 880
f 832 880 833
f 833 880 881
f 833 881 835
f 833 835 834
f 835 881 882
f 836 883 837
f 837 883 884
f 837 884 885
f 837 885 886
f 837 886 838
f 838 886 887
f 838 887 888
f 839 842 889
f 839 889 840
f 840 889 890
f 840 890 891
f 840 891 854
f 841 843 892
f 841 892 842
f 842 892 889
f 843 845 893
f 843 893 894
f 843 894 892
f 844 846 895
f 844 895 896
f 844 896 893
f 844 893 845
f 846 847 895
f 847 849 897
f 847 897 898
f 847 898 899
f 847 899 895
f 848 852 900
f 848 900 901
f 848 901 897
f 848 897 849
f 850 863 851
f 851 863 902
f 851 902 852
f 852 902 900
f 853 855 903
f 853 903 904
f 853 904 857
f 854 891 905
f 854 905 855
f 855 905 903
f 856 858 906
f 856 906 907
f 856 907 860
f 857 904 908
f 857 908 909
f 857 909 858
f 858 909 906
f 859 861 910
f 859 910 869
f 860 907 861
f 861 911 910
f 861 907 912
f 861 912 911
f 862 865 913
f 862 913 914
f 862 914 863
f 863 914 915
f 863 915 916
f 863 916 902
f 864 917 865
f 865 917 918
f 865 918 913
f 866 869 919
f 866 919 920
f 866 920 867
f 867 920 921
f 867 921 868
f 868 921 871
f 869 910 919
f 870 871 922
f 870 922 872
f 871 921 923
f 871 923 922
f 872 922 873
f 873 922 924
f 873 924 925
f 873 925 875
f 874 875 876
f 875 926 876
f 875 925 981
f 875 981 927
f 875 927 926
f 876 926 928
f 876 928 877
f 877 928 929
f 877 929 878
f 878 929 930
f 878 930 931
f 878 931 879
f 879 931 880
f 880 931 932
f 880 932 881
f 881 932 933
f 881 933 934
f 881 934 882
f 882 934 935
f 883 936 937
f 883 937 884
f 884 937 885
f 885 937 938
f 885 938 939
f 885 939 886
f 886 940 887
f 886 939 940
f 887 940 941
f 887 941 942
f 887 942 943
f 887 943 888
f 889 892 944
f 889 944 890
f 890 944 945
f 890 945 891
f 891 945 946
f 891 946 905
f 892 947 944
f 892 894 947
f 893 896 948
f 893 948 949
f 893 949 894
f 894 949 950
f 894 950 951
f 894 951 952
f 894 952 947
f 895 899 896
f 896 899 948
f 897 953 898
f 897 901 954
f 897 954 955
f 897 955 953
f 898 953 899
f 899 953 956
f 899 956 957
f 899 957 948
f 900 902 958
f 900 958 901
f 901 958 954
f 902 916 959
f 902 959 960
f 902 960 958
f 903 905 961
f 903 961 962
f 903 962 904
f 904 962 908
f 905 946 961
f 906 909 963
f 906 963 964
f 906 964 907
f 907 964 912
f 908 962 965
f 908 965 966
f 908 966 909
f 909 966 963
f 910 911 967
f 910 967 968
f 910 968 919
f 911 969 967
f 911 912 970
f 911 970 971
f 911 971 969
f 912 964 970
f 913 918 972
f 913 972 914
f 914 972 915
f 915 972 973
f 915 973 916
f 916 973 959
f 917 974 918
f 918 974 975
f 918 975 976
f 918 976 972
f 919 968 920
f 920 968 921
f 921 968 977
f 921 977 923
f 922 923 978
f 922 978 924
f 923 977 979
f 923 979 978
f 924 978 980
f 924 980 925
f 925 980 981
f 926 927 982
f 926 982 928
f 927 981 983
f 927 983 982
f 928 982 984
f 928 984 929
f 929 984 985
f 929 985 930
f 930 985 986
f 930 986 987
f 930 987 988
f 930 988 931
f 931 988 932
f 932 988 989
f 932 989 933
f 933 989 990
f 933 990 934
f 934 990 991
f 934 991 992
f 934 992 935
f 936 993 937
f 937 993 938
f 938 993 994
f 938 994 995
f 938 995 996
f 938 996 939
f 939 941 940
f 939 996 997
f 939 997 941
f 941 997 998
f 941 998 999
f 941 999 1000
f 941 1000 942
f 942 1001 943
f 942 1000 1001
f 944 947 952
f 944 952 1002
f 944 1002 1003
f 944 1003 945
f 945 1003 946
f 946 1004 1005
f 946 1005 961
f 946 1003 1004
f 948 957 949
f 949 957 950
f 950 957 1006
f 950 1006 951
f 951 1006 1007
f 951 1007 952
f 952 1007 1008
f 952 1008 1002
f 953 955 1009
f 953 1009 1010
f 953 1010 1011
f 953 1011 956
f 954 958 1012
f 954 1012 955
f 955 1012 1009
f 956 1011 957
f 957 1011 1013
f 957 1013 1006
f 958 960 1014
f 958 1014 1015
f 958 1015 1012
f 959 973 1016
f 959 1016 1017
f 959 1017 1018
f 959 1018 960
f 960 1018 1014
f 961 1005 962
f 962 1005 965
f 963 966 1019
f 963 1019 964
f 964 1019 1020
f 964 1020 970
f 965 1005 1021
f 965 1021 966
f 966 1021 1022
f 966 1022 1019
f 967 969 968
f 968 969 977
f 969 971 1023
f 969 1023 1024
f 969 1024 977
f 970 1020 1025
f 970 1025 1026
f 970 1026 971
f 971 1026 1023
f 972 976 1027
f 972 1027 1028
f 972 1028 973
f 973 1028 1016
f 974 1029 975
f 975 1029 1030
f 975 1030 976
f 976 1030 1027
f 977 1024 979
f 978 979 1031
f 978 1031 980
f 979 1024 1032
f 979 1032 1031
f 980 1031 1033
f 980 1033 981
f 981 1033 1034
f 981 1034 983
f 982 983 1035
f 982 1035 984
f 983 1034 1036
f 983 1036 1035
f 984 1035 1037
f 984 1037 985
f 985 1037 1038
f 985 1038 986
f 986 1038 1039
f 986 1039 987
f 987 1039 1040
f 987 1040 1041
f 987 1041 1042
f 987 1042 989
f 987 989 988
f 989 1042 990
f 990 1042 1043
f 990 1043 991
f 991 1043 1044
f 991 1044 1045
f 991 1045 992
f 993 1046 1047
f 993 1047 1048
f 993 1048 994
f 994 1048 1049
f 994 1049 995
f 995 1049 1050
f 995 1050 996
f 996 1050 1051
f 996 1051 997
f 997 1051 998
f 998 1052 999
f 998 1051 1053
f 998 1053 1052
f 999 1054 1000
f 999 1052 1055
f 999 1055 1054
f 1002 1056 1003
f 1002 1008 1056
f 1003 1056 1057
f 1003 1057 1058
f 1003 1058 1004
f 1004 1058 1005
f 1005 1058 1059
f 1005 1059 1021
f 1006 1013 1060
f 1006 1060 1061
f 1006 1061 1062
f 1006 1062 1007
f 1007 1062 1008
f 1008 1062 1063
f 1008 1063 1056
f 1009 1012 1064
f 1009 1064 1065
f 1009 1065 1010
f 1010 1066 1011
f 1010 1065 1066
f 1011 1060 1013
f 1011 1066 1067
f 1011 1067 1060
f 1012 1015 1068
f 1012 1068 1064
f 1014 1018 1069
f 1014 1069 1070
f 1014 1070 1015
f 1015 1070 1068
f 1016 1028 1017
f 1017 1071 1072
f 1017 1072 1069
f 1017 1069 1018
f 1017 1028 1073
f 1017 1073 1074
f 1017 1074 1075
f 1017 1075 1076
f 1017 1076 1071
f 1019 1025 1020
f 1019 1022 1077
f 1019 1077 1078
f 1019 1078 1025
f 1021 1059 1079
f 1021 1079 1080
f 1021 1080 1022
f 1022 1080 1077
f 1023 1026 1081
f 1023 1081 1024
f 1024 1081 1032
f 1025 1078 1082
f 1025 1082 1083
f 1025 1083 1026
f 1026 1083 1084
f 1026 1084 1081
f 1027 1030 1085
f 1027 1085 1086
f 1027 1086 1028
f 1028 1086 1073
f 1029 1087 1030
f 1030 1087 1088
f 1030 1088 1089
f 1030 1089 1085
f 1031 1032 1090
f 1031 1090 1033
f 1032 1081 1091
f 1032 1091 1090
f 1033 1090 1092
f 1033 1092 1034
f 1034 1092 1036
f 1035 1036 1093
f 1035 1093 1037
f 1036 1092 1094
f 1036 1094 1095
f 1036 1095 1093
f 1037 1093 1096
f 1037 1096 1038
f 1038 1096 1097
f 1038 1097 1039
f 1039 1097 1098
f 1039 1098 1040
f 1040 1098 1099
f 1040 1099 1041
f 1041 1100 1043
f 1041 1043 1042
f 1041 1099 1101
f 1041 1101 1100
f 1043 1100 1044
f 1044 1100 1102
f 1044 1102 1103
f 1046 1104 1047
f 1047 1104 1105
f 1047 1105 1048
f 1048 1105 1106
f 1048 1106 1049
f 1049 1106 1107
f 1049 1107 1108
f 1049 1108 1109
f 1049 1109 1050
f 1050 1053 1051
f 1050 1109 1110
f 1050 1110 1111
f 1050 1111 1053
f 1052 1053 1112
f 1052 1112 1055
f 1053 1111 1113
f 1053 1113 1114
f 1053 1114 1112
f 1054 1055 1115
f 1055 1112 1115
f 1056 1063 1116
f 1056 1116 1117
f 1056 1117 1057
f 1057 1117 1118
f 1057 1118 1058
f 1058 1118 1119
f 1058 1119 1059
f 1059 1119 1079
f 1060 1067 1120
f 1060 1120 1121
f 1060 1121 1061
f 1061 1121 1122
f 1061 1122 1062
f 1062 1116 1063
f 1062 1122 1123
f 1062 1123 1116
f 1064 1068 1124
f 1064 1124 1065
f 1065 1124 1125
f 1065 1125 1126
f 1065 1126 1066
f 1066 1126 1067
f 1067 1126 1120
f 1068 1070 1127
f 1068 1127 1128
f 1068 1128 1124
f 1069 1072 1070
f 1070 1072 1127
f 1071 1076 1129
f 1071 1129 1072
f 1072 1129 1130
f 1072 1130 1131
f 1072 1131 1127
f 1073 1086 1132
f 1073 1132 1074
f 1074 1132 1133
f 1074 1133 1134
f 1074 1134 1135
f 1074 1135 1075
f 1075 1135 1076
f 1076 1135 1136
f 1076 1136 1137
f 1076 1137 1129
f 1077 1080 1138
f 1077 1138 1139
f 1077 1139 1078
f 1078 1139 1082
f 1079 1119 1140
f 1079 1140 1080
f 1080 1140 1138
f 1081 1084 1141
f 1081 1141 1091
f 1082 1139 1142
f 1082 1142 1083
f 1083 1142 1143
f 1083 1143 1084
f 1084 1143 1141
f 1085 1089 1132
f 1085 1132 1086
f 1088 1144 1089
f 1089 1144 1145
f 1089 1145 1146
f 1089 1146 1147
f 1089 1147 1148
f 1089 1148 1149
f 1089 1149 1132
f 1090 1091 1150
f 1090 1150 1092
f 1091 1141 1151
f 1091 1151 1150
f 1092 1150 1152
f 1092 1152 1094
f 1093 1095 1153
f 1093 1153 1096
f 1094 1152 1154
f 1094 1154 1095
f 1095 1154 1155
f 1095 1155 1153
f 1096 1153 1156
f 1096 1156 1097
f 1097 1156 1157
f 1097 1157 1098
f 1098 1157 1158
f 1098 1158 1099
f 1099 1158 1159
f 1099 1159 1101
f 1100 1101 1102
f 1101 1159 1160
f 1101 1160 1102
f 1102 1160 1161
f 1102 1161 1162
f 1102 1162 1103
f 1104 1163 1105
f 1105 1163 1164
f 1105 1164 1165
f 1105 1165 1166
f 1105 1166 1106
f 1106 1166 1167
f 1106 1167 1107
f 1107 1167 1108
f 1108 1167 1168
f 1108 1168 1169
f 1108 1169 1170
f 1108 1170 1110
f 1108 1110 1109
f 1110 1170 1171
f 1110 1171 1113
f 1110 1113 1111
f 1112 1114 1172
f 1112 1172 1173
f 1112 1173 1174
f 1112 1174 1115
f 1113 1171 1175
f 1113 1175 1114
f 1114 1175 1172
f 1115 1174 1176
f 1116 1177 1178
f 1116 1178 1117
f 1116 1123 1179
f 1116 1179 1180
f 1116 1180 1177
f 1117 1178 1118
f 1118 1178 1181
f 1118 1181 1119
f 1119 1181 1182
f 1119 1182 1140
f 1120 1126 1183
f 1120 1183 1121
f 1121 1184 1122
f 1121 1183 1184
f 1122 1184 1185
f 1122 1185 1123
f 1123 1185 1179
f 1124 1186 1125
f 1124 1128 1187
f 1124 1187 1188
f 1124 1188 1186
f 1125 1186 1126
f 1126 1186 1189
f 1126 1189 1183
f 1127 1131 1128
f 1128 1131 1187
f 1129 1137 1190
f 1129 1190 1130
f 1130 1190 1191
f 1130 1191 1131
f 1131 1191 1192
f 1131 1192 1187
f 1132 1149 1193
f 1132 1193 1133
f 1133 1193 1194
f 1133 1194 1134
f 1134 1194 1195
f 1134 1195 1196
f 1134 1196 1197
f 1134 1197 1136
f 1134 1136 1135
f 1136 1198 1137
f 1136 1197 1199
f 1136 1199 1200
f 1136 1200 1201
f 1136 1201 1198
f 1137 1198 1190
f 1138 1140 1202
f 1138 1202 1139
f 1139 1202 1203
f 1139 1203 1142
f 1140 1182 1204
f 1140 1204 1205
f 1140 1205 1202
f 1141 1143 1206
f 1141 1206 1151
f 1142 1203 1207
f 1142 1207 1208
f 1142 1208 1143
f 1143 1208 1206
f 1146 1209 1148
f 1146 1148 1147
f 1148 1193 1149
f 1148 1209 1210
f 1148 1210 1211
f 1148 1211 1195
f 1148 1195 1193
f 1150 1151 1212
f 1150 1212 1152
f 1151 1206 1213
f 1151 1213 1212
f 1152 1212 1214
f 1152 1214 1154
f 1153 1155 1215
f 1153 1215 1156
f 1154 1214 1216
f 1154 1216 1155
f 1155 1216 1217
f 1155 1217 1215
f 1156 1215 1218
f 1156 1218 1157
f 1157 1218 1219
f 1157 1219 1158
f 1158 1219 1220
f 1158 1220 1159
f 1159 1220 1221
f 1159 1221 1160
f 1160 1221 1222
f 1160 1222 1161
f 1161 1222 1223
f 1161 1223 1162
f 1162 1223 1224
f 1164 1225 1165
f 1165 1225 1226
f 1165 1226 1166
f 1166 1226 1167
f 1167 1226 1227
f 1167 1227 1228
f 1167 1228 1229
f 1167 1229 1168
f 1168 1229 1230
f 1168 1230 1231
f 1168 1231 1169
f 1169 1231 1232
f 1169 1232 1233
f 1169 1233 1170
f 1170 1234 1171
f 1170 1233 1235
f 1170 1235 1234
f 1171 1234 1175
f 1172 1175 1236
f 1172 1236 1237
f 1172 1237 1173
f 1173 1176 1174
f 1173 1237 1238
f 1173 1238 1239
f 1173 1239 1176
f 1175 1234 1240
f 1175 1240 1236
f 1177 1180 1241
f 1177 1241 1242
f 1177 1242 1243
f 1177 1243 1244
f 1177 1244 1181
f 1177 1181 1178
f 1179 1185 1245
f 1179 1245 1246
f 1179 1246 1180
f 1180 1246 1241
f 1181 1244 1204
f 1181 1204 1182
f 1183 1189 1247
f 1183 1247 1248
f 1183 1248 1249
f 1183 1249 1184
f 1184 1249 1185
f 1185 1249 1245
f 1186 1247 1189
f 1186 1188 1250
f 1186 1250 1251
f 1186 1251 1247
f 1187 1192 1252
f 1187 1252 1188
f 1188 1252 1250
f 1190 1198 1191
f 1191 1198 1253
f 1191 1253 1254
f 1191 1254 1192
f 1192 1254 1255
f 1192 1255 1252
f 1193 1195 1194
f 1195 1256 1257
f 1195 1257 1258
f 1195 1258 1259
f 1195 1259 1260
f 1195 1260 1261
f 1195 1261 1196
f 1195 1211 1256
f 1196 1261 1197
f 1197 1261 1199
f 1198 1262 1253
f 1198 1201 1200
f 1198 1200 1263
f 1198 1263 1264
f 1198 1264 1265
f 1198 1265 1262
f 1199 1261 1200
f 1200 1261 1266
f 1200 1266 1267
f 1200 1267 1268
f 1200 1268 1269
f 1200 1269 1264
f 1200 1264 1263
f 1202 1207 1203
f 1202 1205 1270
f 1202 1270 1271
f 1202 1271 1207
f 1204 1244 1243
f 1204 1243 1272
f 1204 1272 1205
f 1205 1272 1270
f 1206 1208 1273
f 1206 1273 1213
f 1207 1271 1274
f 1207 1274 1275
f 1207 1275 1208
f 1208 1275 1273
f 1210 1276 1211
f 1211 1276 1277
f 1211 1277 1257
f 1211 1257 1256
f 1212 1213 1278
f 1212 1278 1214
f 1213 1273 1279
f 1213 1279 1278
f 1214 1278 1280
f 1214 1280 1216
f 1215 1217 1281
f 1215 1281 1218
f 1216 1280 1282
f 1216 1282 1217
f 1217 1282 1283
f 1217 1283 1281
f 1218 1281 1284
f 1218 1284 1219
f 1219 1284 1285
f 1219 1285 1220
f 1220 1285 1286
f 1220 1286 1221
f 1221 1287 1222
f 1221 1286 1287
f 1222 1287 1288
f 1222 1288 1223
f 1223 1288 1289
f 1223 1289 1224
f 1225 1290 1226
f 1226 1290 1291
f 1226 1291 1292
f 1226 1292 1227
f 1227 1292 1228
f 1228 1293 1294
f 1228 1294 1230
f 1228 1230 1229
f 1228 1292 1293
f 1230 1295 1232
f 1230 1232 1231
f 1230 1294 1296
f 1230 1296 1297
f 1230 1297 1295
f 1232 1295 1298
f 1232 1298 1299
f 1232 1299 1233
f 1233 1299 1300
f 1233 1300 1235
f 1234 1235 1240
f 1235 1300 1301
f 1235 1301 1240
f 1236 1240 1302
f 1236 1302 1237
f 1237 1302 1303
f 1237 1303 1239
f 1237 1239 1238
f 1239 1303 1304
f 1240 1301 1305
f 1240 1305 1306
f 1240 1306 1307
f 1240 1307 1302
f 1241 1246 1308
f 1241 1308 1242
f 1242 1309 1310
f 1242 1310 1243
f 1242 1308 1309
f 1243 1310 1272
f 1245 1249 1311
f 1245 1311 1246
f 1246 1311 1312
f 1246 1312 1308
f 1247 1313 1248
f 1247 1251 1314
f 1247 1314 1315
f 1247 1315 1316
f 1247 1316 1313
f 1248 1313 1249
f 1249 1313 1317
f 1249 1317 1311
f 1250 1252 1318
f 1250 1318 1251
f 1251 1318 1314
f 1252 1255 1319
f 1252 1319 1318
f 1253 1262 1254
f 1254 1262 1320
f 1254 1320 1255
f 1255 1320 1321
f 1255 1321 1319
f 1257 1277 1322
f 1257 1322 1323
f 1257 1323 1324
f 1257 1324 1325
f 1257 1325 1326
f 1257 1326 1327
f 1257 1327 1259
f 1257 1259 1258
f 1259 1327 1328
f 1259 1328 1329
f 1259 1329 1330
f 1259 1330 1331
f 1259 1331 1261
f 1259 1261 1260
f 1261 1331 1266
f 1262 1332 1333
f 1262 1333 1320
f 1262 1265 1264
f 1262 1264 1334
f 1262 1334 1332
f 1264 1269 1335
f 1264 1335 1336
f 1264 1336 1334
f 1266 1331 1330
f 1266 1330 1267
f 1267 1330 1337
f 1267 1337 1268
f 1268 1335 1269
f 1268 1337 1338
f 1268 1338 1339
f 1268 1339 1335
f 1270 1272 1340
f 1270 1340 1341
f 1270 1341 1271
f 1271 1341 1274
f 1272 1310 1340
f 1273 1275 1279
f 1274 1341 1342
f 1274 1342 1275
f 1275 1342 1343
f 1275 1343 1279
f 1278 1279 1344
f 1278 1344 1280
f 1279 1343 1345
f 1279 1345 1344
f 1280 1344 1346
f 1280 1346 1282
f 1281 1283 1347
f 1281 1347 1284
f 1282 1346 1348
f 1282 1348 1283
f 1283 1348 1349
f 1283 1349 1347
f 1284 1347 1350
f 1284 1350 1285
f 1285 1350 1351
f 1285 1351 1286
f 1286 1351 1352
f 1286 1352 1287
f 1287 1352 1353
f 1287 1353 1354
f 1287 1354 1288
f 1288 1354 1355
f 1288 1355 1289
f 1289 1355 1356
f 1290 1357 1291
f 1291 1357 1358
f 1291 1358 1292
f 1292 1358 1293
f 1293 1358 1359
f 1293 1359 1360
f 1293 1360 1294
f 1294 1360 1296
f 1295 1297 1361
f 1295 1361 1298
f 1296 1362 1363
f 1296 1363 1364
f 1296 1364 1365
f 1296 1365 1366
f 1296 1366 1297
f 1296 1360 1362
f 1297 1366 1361
f 1298 1361 1367
f 1298 1367 1368
f 1298 1368 1299
f 1299 1369 1305
f 1299 1305 1300
f 1299 1368 1369
f 1300 1305 1301
f 1302 1370 1303
f 1302 1307 1371
f 1302 1371 1372
f 1302 1372 1373
f 1302 1373 1370
f 1303 1374 1304
f 1303 1370 1374
f 1304 1374 1375
f 1305 1369 1376
f 1305 1376 1377
f 1305 1377 1378
f 1305 1378 1379
f 1305 1379 1371
f 1305 1371 1306
f 1306 1371 1307
f 1308 1312 1380
f 1308 1380 1381
f 1308 1381 1382
f 1308 1382 1309
f 1309 1382 1310
f 1310 1382 1383
f 1310 1383 1384
f 1310 1384 1340
f 1311 1317 1385
f 1311 1385 1386
f 1311 1386 1380
f 1311 1380 1312
f 1313 1316 1387
f 1313 1387 1388
f 1313 1388 1317
f 1314 1318 1315
f 1315 1389 1390
f 1315 1390 1387
f 1315 1387 1316
f 1315 1318 1391
f 1315 1391 1392
f 1315 1392 1393
f 1315 1393 1394
f 1315 1394 1389
f 1317 1388 1385
f 1318 1319 1321
f 1318 1321 1391
f 1320 1333 1321
f 1321 1392 1391
f 1321 1333 1392
f 1324 1395 1326
f 1324 1326 1325
f 1326 1395 1396
f 1326 1396 1397
f 1326 1397 1398
f 1326 1398 1399
f 1326 1399 1328
f 1326 1328 1327
f 1328 1399 1329
f 1329 1399 1400
f 1329 1400 1330
f 1330 1400 1337
f 1332 1334 1333
f 1333 1334 1401
f 1333 1401 1402
f 1333 1402 1403
f 1333 1403 1404
f 1333 1404 1392
f 1334 1336 1405
f 1334 1405 1406
f 1334 1406 1402
f 1334 1402 1401
f 1335 1339 1407
f 1335 1407 1405
f 1335 1405 1336
f 1337 1400 1338
f 1338 1408 1339
f 1338 1400 1409
f 1338 1409 1410
f 1338 1410 1411
f 1338 1411 1412
f 1338 1412 1413
f 1338 1413 1408
f 1339 1408 1407
f 1340 1384 1341
f 1341 1384 1414
f 1341 1414 1342
f 1342 1414 1415
f 1342 1415 1416
f 1342 1416 1343
f 1343 1416 1345
f 1344 1345 1417
f 1344 1417 1346
f 1345 1416 1418
f 1345 1418 1417
f 1346 1417 1419
f 1346 1419 1348
f 1347 1349 1420
f 1347 1420 1350
f 1348 1419 1421
f 1348 1421 1349
f 1349 1421 1422
f 1349 1422 1420
f 1350 1420 1423
f 1350 1423 1351
f 1351 1423 1424
f 1351 1424 1353
f 1351 1353 1352
f 1353 1424 1425
f 1353 1425 1426
f 1353 1426 1427
f 1353 1427 1354
f 1354 1427 1355
f 1355 1427 1428
f 1355 1428 1429
f 1355 1429 1356
f 1357 1430 1358
f 1358 1430 1431
f 1358 1431 1432
f 1358 1432 1359
f 1359 1432 1362
f 1359 1362 1360
f 1361 1366 1433
f 1361 1433 1367
f 1362 1434 1435
f 1362 1435 1436
f 1362 1436 1363
f 1362 1432 1434
f 1363 1436 1364
f 1364 1436 1435
f 1364 1435 1437
f 1364 1437 1438
f 1364 1438 1439
f 1364 1439 1440
f 1364 1440 1365
f 1365 1440 1441
f 1365 1441 1366
f 1366 1441 1442
f 1366 1442 1433
f 1367 1433 1442
f 1367 1442 1443
f 1367 1443 1444
f 1367 1444 1376
f 1367 1376 1368
f 1368 1376 1369
f 1370 1373 1445
f 1370 1445 1446
f 1370 1446 1447
f 1370 1447 1448
f 1370 1448 1375
f 1370 1375 1374
f 1371 1449 1372
f 1371 1379 1450
f 1371 1450 1451
f 1371 1451 1449
f 1372 1449 1373
f 1373 1449 1445
f 1376 1444 1452
f 1376 1452 1453
f 1376 1453 1454
f 1376 1454 1377
f 1377 1454 1378
f 1378 1450 1379
f 1378 1454 1455
f 1378 1455 1450
f 1380 1386 1456
f 1380 1456 1457
f 1380 1457 1381
f 1381 1457 1382
f 1382 1457 1458
f 1382 1458 1459
f 1382 1459 1383
f 1383 1460 1384
f 1383 1459 1460
f 1384 1460 1461
f 1384 1461 1414
f 1385 1388 1462
f 1385 1462 1386
f 1386 1462 1456
f 1387 1390 1388
f 1388 1390 1463
f 1388 1463 1462
f 1389 1394 1390
f 1390 1464 1463
f 1390 1394 1465
f 1390 1465 1466
f 1390 1466 1467
f 1390 1467 1464
f 1392 1404 1468
f 1392 1468 1394
f 1392 1394 1393
f 1394 1466 1465
f 1394 1468 1469
f 1394 1469 1470
f 1394 1470 1466
f 1396 1471 1472
f 1396 1472 1473
f 1396 1473 1397
f 1397 1473 1398
f 1398 1473 1474
f 1398 1474 1399
f 1399 1409 1400
f 1399 1474 1475
f 1399 1475 1409
f 1402 1476 1477
f 1402 1477 1404
f 1402 1404 1403
f 1402 1406 1478
f 1402 1478 1479
f 1402 1479 1476
f 1404 1477 1476
f 1404 1476 1480
f 1404 1480 1469
f 1404 1469 1468
f 1405 1407 1481
f 1405 1481 1482
f 1405 1482 1478
f 1405 1478 1406
f 1407 1408 1481
f 1408 1483 1484
f 1408 1484 1481
f 1408 1413 1412
f 1408 1412 1485
f 1408 1485 1483
f 1409 1475 1410
f 1410 1474 1486
f 1410 1486 1487
f 1410 1487 1488
f 1410 1488 1489
f 1410 1489 1490
f 1410 1490 1412
f 1410 1412 1411
f 1410 1475 1474
f 1412 1490 1489
f 1412 1489 1491
f 1412 1491 1492
f 1412 1492 1485
f 1414 1461 1415
f 1415 1461 1493
f 1415 1493 1416
f 1416 1493 1418
f 1417 1418 1494
f 1417 1494 1419
f 1418 1493 1494
f 1419 1494 1495
f 1419 1495 1421
f 1420 1422 1496
f 1420 1496 1423
f 1421 1495 1497
f 1421 1497 1422
f 1422 1497 1498
f 1422 1498 1496
f 1423 1496 1499
f 1423 1499 1424
f 1424 1499 1425
f 1425 1499 1500
f 1425 1500 1501
f 1425 1501 1426
f 1426 1501 1502
f 1426 1502 1503
f 1426 1503 1427
f 1427 1504 1428
f 1427 1503 1504
f 1428 1504 1505
f 1430 1506 1431
f 1431 1506 1507
f 1431 1507 1432
f 1432 1507 1508
f 1432 1508 1434
f 1434 1508 1509
f 1434 1509 1435
f 1435 1510 1511
f 1435 1511 1512
f 1435 1512 1438
f 1435 1438 1437
f 1435 1509 1510
f 1438 1513 1439
f 1438 1512 1511
f 1438 1511 1514
f 1438 1514 1515
f 1438 1515 1516
f 1438 1516 1517
f 1438 1517 1513
f 1439 1513 1440
f 1440 1513 1518
f 1440 1518 1442
f 1440 1442 1441
f 1442 1452 1443
f 1442 1518 1519
f 1442 1519 1520
f 1442 1520 1521
f 1442 1521 1452
f 1443 1452 1444
f 1445 1449 1522
f 1445 1522 1523
f 1445 1523 1446
f 1446 1523 1447
f 1447 1523 1524
f 1449 1451 1525
f 1449 1525 1522
f 1450 1455 1526
f 1450 1526 1451
f 1451 1526 1525
f 1452 1521 1527
f 1452 1527 1528
f 1452 1528 1453
f 1453 1528 1529
f 1453 1529 1454
f 1454 1529 1530
f 1454 1530 1455
f 1455 1530 1531
f 1455 1531 1532
f 1455 1532 1533
f 1455 1533 1534
f 1455 1534 1535
f 1455 1535 1526
f 1456 1462 1536
f 1456 1536 1457
f 1457 1536 1537
f 1457 1537 1538
f 1457 1538 1458
f 1458 1538 1459
f 1459 1538 1539
f 1459 1539 1460
f 1460 1539 1540
f 1460 1540 1461
f 1461 1541 1493
f 1461 1540 1541
f 1462 1463 1464
f 1462 1464 1542
f 1462 1542 1536
f 1464 1467 1466
f 1464 1466 1543
f 1464 1543 1544
f 1464 1544 1542
f 1466 1470 1545
f 1466 1545 1546
f 1466 1546 1547
f 1466 1547 1548
f 1466 1548 1543
f 1469 1480 1476
f 1469 1476 1549
f 1469 1549 1545
f 1469 1545 1470
f 1471 1550 1472
f 1472 1550 1551
f 1472 1551 1473
f 1473 1551 1474
f 1474 1551 1552
f 1474 1552 1487
f 1474 1487 1486
f 1476 1479 1553
f 1476 1553 1554
f 1476 1554 1555
f 1476 1555 1549
f 1478 1482 1556
f 1478 1556 1557
f 1478 1557 1479
f 1479 1557 1553
f 1481 1484 1482
f 1482 1484 1556
f 1483 1485 1484
f 1484 1558 1556
f 1484 1485 1559
f 1484 1559 1560
f 1484 1560 1558
f 1485 1492 1491
f 1485 1491 1561
f 1485 1561 1562
f 1485 1562 1563
f 1485 1563 1564
f 1485 1564 1559
f 1487 1565 1566
f 1487 1566 1567
f 1487 1567 1568
f 1487 1568 1569
f 1487 1569 1489
f 1487 1489 1488
f 1487 1552 1551
f 1487 1551 1565
f 1489 1569 1568
f 1489 1568 1570
f 1489 1570 1571
f 1489 1571 1572
f 1489 1572 1491
f 1491 1572 1571
f 1491 1571 1573
f 1491 1573 1574
f 1491 1574 1575
f 1491 1575 1562
f 1491 1562 1561
f 1493 1541 1576
f 1493 1576 1577
f 1493 1577 1494
f 1494 1577 1578
f 1494 1578 1495
f 1495 1578 1579
f 1495 1579 1497
f 1496 1498 1580
f 1496 1580 1499
f 1497 1579 1581
f 1497 1581 1498
f 1498 1581 1582
f 1498 1582 1580
f 1499 1580 1500
f 1500 1580 1583
f 1500 1583 1584
f 1500 1584 1501
f 1501 1584 1585
f 1501 1585 1502
f 1502 1586 1503
f 1502 1585 1587
f 1502 1587 1586
f 1503 1586 1588
f 1503 1588 1505
f 1503 1505 1504
f 1506 1589 1507
f 1507 1589 1590
f 1507 1590 1508
f 1508 1591 1592
f 1508 1592 1509
f 1509 1592 1593
f 1509 1593 1510
f 1510 1593 1594
f 1510 1594 1511
f 1511 1595 1596
f 1511 1596 1597
f 1511 1597 1514
f 1511 1594 1595
f 1513 1517 1519
f 1513 1519 1518
f 1514 1597 1515
f 1515 1597 1598
f 1515 1598 1599
f 1515 1599 1600
f 1515 1600 1516
f 1516 1600 1517
f 1517 1600 1601
f 1517 1601 1602
f 1517 1602 1519
f 1519 1603 1520
f 1519 1602 1604
f 1519 1604 1605
f 1519 1605 1606
f 1519 1606 1603
f 1520 1603 1521
f 1521 1603 1527
f 1522 1525 1535
f 1522 1535 1607
f 1522 1607 1608
f 1522 1608 1609
f 1522 1609 1523
f 1523 1609 1610
f 1523 1610 1611
f 1523 1611 1524
f 1525 1526 1535
f 1527 1603 1612
f 1527 1612 1528
f 1528 1531 1529
f 1528 1612 1613
f 1528 1613 1614
f 1528 1614 1531
f 1529 1531 1530
f 1531 1533 1532
f 1531 1614 1615
f 1531 1615 1616
f 1531 1616 1617
f 1531 1617 1533
f 1533 1618 1619
f 1533 1619 1535
f 1533 1535 1534
f 1533 1617 1620
f 1533 1620 1621
f 1533 1621 1622
f 1533 1622 1618
f 1535 1619 1618
f 1535 1618 1623
f 1535 1623 1608
f 1535 1608 1607
f 1536 1624 1537
f 1536 1542 1544
f 1536 1544 1625
f 1536 1625 1626
f 1536 1626 1624
f 1537 1624 1538
f 1538 1624 1627
f 1538 1627 1628
f 1538 1628 1539
f 1539 1628 1540
f 1540 1628 1629
f 1540 1629 1576
f 1540 1576 1541
f 1543 1548 1544
f 1544 1630 1625
f 1544 1548 1631
f 1544 1631 1630
f 1545 1549 1555
f 1545 1555 1546
f 1546 1555 1632
f 1546 1632 1633
f 1546 1633 1547
f 1547 1633 1548
f 1548 1634 1631
f 1548 1633 1635
f 1548 1635 1636
f 1548 1636 1637
f 1548 1637 1634
f 1550 1638 1639
f 1550 1639 1551
f 1551 1639 1566
f 1551 1566 1565
f 1553 1557 1640
f 1553 1640 1641
f 1553 1641 1554
f 1554 1641 1555
f 1555 1641 1642
f 1555 1642 1643
f 1555 1643 1644
f 1555 1644 1632
f 1556 1558 1557
f 1557 1558 1640
f 1558 1560 1645
f 1558 1645 1646
f 1558 1646 1640
f 1559 1564 1560
f 1560 1564 1645
f 1562 1575 1574
f 1562 1574 1647
f 1562 1647 1648
f 1562 1648 1649
f 1562 1649 1650
f 1562 1650 1564
f 1562 1564 1563
f 1564 1650 1649
f 1564 1649 1651
f 1564 1651 1652
f 1564 1652 1645
f 1566 1653 1568
f 1566 1568 1567
f 1566 1639 1638
f 1566 1638 1654
f 1566 1654 1655
f 1566 1655 1656
f 1566 1656 1653
f 1568 1571 1570
f 1568 1653 1656
f 1568 1656 1657
f 1568 1657 1658
f 1568 1658 1571
f 1571 1658 1657
f 1571 1657 1659
f 1571 1659 1660
f 1571 1660 1574
f 1571 1574 1573
f 1574 1660 1659
f 1574 1659 1661
f 1574 1661 1662
f 1574 1662 1647
f 1576 1629 1663
f 1576 1663 1664
f 1576 1664 1665
f 1576 1665 1577
f 1577 1665 1578
f 1578 1665 1579
f 1579 1665 1666
f 1579 1666 1667
f 1579 1667 1668
f 1579 1668 1581
f 1580 1582 1583
f 1581 1668 1669
f 1581 1669 1582
f 1582 1669 1670
f 1582 1670 1583
f 1583 1670 1671
f 1583 1671 1584
f 1584 1671 1672
f 1584 1672 1585
f 1585 1672 1673
f 1585 1673 1587
f 1586 1587 1674
f 1586 1674 1588
f 1587 1673 1675
f 1587 1675 1674
f 1591 1676 1592
f 1592 1676 1593
f 1593 1677 1678
f 1593 1678 1594
f 1593 1676 1677
f 1594 1678 1679
f 1594 1679 1680
f 1594 1680 1681
f 1594 1681 1595
f 1595 1681 1596
f 1596 1682 1683
f 1596 1683 1598
f 1596 1598 1597
f 1596 1681 1682
f 1598 1683 1599
f 1599 1683 1684
f 1599 1684 1685
f 1599 1685 1686
f 1599 1686 1687
f 1599 1687 1688
f 1599 1688 1689
f 1599 1689 1600
f 1600 1690 1604
f 1600 1604 1601
f 1600 1689 1690
f 1601 1604 1602
f 1603 1606 1612
f 1604 1690 1691
f 1604 1691 1692
f 1604 1692 1693
f 1604 1693 1605
f 1605 1693 1694
f 1605 1694 1606
f 1606 1694 1695
f 1606 1695 1612
f 1608 1623 1618
f 1608 1618 1696
f 1608 1696 1697
f 1608 1697 1698
f 1608 1698 1699
f 1608 1699 1609
f 1609 1699 1610
f 1610 1700 1701
f 1610 1701 1702
f 1610 1702 1611
f 1610 1699 1700
f 1612 1615 1613
f 1612 1695 1703
f 1612 1703 1704
f 1612 1704 1705
f 1612 1705 1706
f 1612 1706 1615
f 1613 1615 1614
f 1615 1706 1705
f 1615 1705 1707
f 1615 1707 1708
f 1615 1708 1616
f 1616 1708 1620
f 1616 1620 1617
f 1618 1622 1709
f 1618 1709 1696
f 1620 1708 1710
f 1620 1710 1621
f 1621 1710 1711
f 1621 1711 1622
f 1622 1711 1712
f 1622 1712 1713
f 1622 1713 1709
f 1624 1626 1714
f 1624 1714 1627
f 1625 1630 1626
f 1626 1630 1715
f 1626 1715 1714
f 1627 1714 1716
f 1627 1716 1628
f 1628 1716 1663
f 1628 1663 1629
f 1630 1717 1715
f 1630 1631 1634
f 1630 1634 1718
f 1630 1718 1717
f 1632 1644 1633
f 1633 1636 1635
f 1633 1644 1719
f 1633 1719 1636
f 1634 1637 1636
f 1634 1636 1720
f 1634 1720 1721
f 1634 1721 1718
f 1636 1722 1720
f 1636 1719 1723
f 1636 1723 1724
f 1636 1724 1725
f 1636 1725 1722
f 1640 1646 1726
f 1640 1726 1641
f 1641 1727 1642
f 1641 1726 1727
f 1642 1728 1723
f 1642 1723 1644
f 1642 1644 1643
f 1642 1727 1729
f 1642 1729 1730
f 1642 1730 1731
f 1642 1731 1728
f 1644 1723 1719
f 1645 1652 1646
f 1646 1652 1732
f 1646 1732 1729
f 1646 1729 1726
f 1647 1662 1661
f 1647 1661 1733
f 1647 1733 1734
f 1647 1734 1735
f 1647 1735 1736
f 1647 1736 1649
f 1647 1649 1648
f 1649 1736 1737
f 1649 1737 1738
f 1649 1738 1739
f 1649 1739 1652
f 1649 1652 1651
f 1652 1740 1732
f 1652 1739 1738
f 1652 1738 1741
f 1652 1741 1740
f 1655 1742 1656
f 1656 1742 1743
f 1656 1743 1744
f 1656 1744 1745
f 1656 1745 1657
f 1657 1745 1744
f 1657 1744 1746
f 1657 1746 1747
f 1657 1747 1748
f 1657 1748 1659
f 1659 1748 1747
f 1659 1747 1749
f 1659 1749 1750
f 1659 1750 1751
f 1659 1751 1661
f 1661 1751 1750
f 1661 1750 1752
f 1661 1752 1712
f 1661 1712 1753
f 1661 1753 1733
f 1663 1716 1754
f 1663 1754 1755
f 1663 1755 1666
f 1663 1666 1664
f 1664 1666 1665
f 1666 1755 1756
f 1666 1756 1667
f 1667 1756 1757
f 1667 1757 1758
f 1667 1758 1668
f 1668 1758 1669
f 1669 1758 1759
f 1669 1759 1670
f 1670 1759 1760
f 1670 1760 1671
f 1671 1760 1761
f 1671 1761 1672
f 1672 1761 1673
f 1673 1761 1762
f 1673 1762 1763
f 1673 1763 1764
f 1673 1764 1675
f 1674 1675 1765
f 1674 1765 1766
f 1675 1764 1767
f 1675 1767 1765
f 1679 1768 1680
f 1680 1768 1769
f 1680 1769 1681
f 1681 1769 1770
f 1681 1770 1771
f 1681 1771 1772
f 1681 1772 1682
f 1682 1772 1683
f 1683 1772 1684
f 1684 1772 1773
f 1684 1773 1774
f 1684 1774 1685
f 1685 1774 1686
f 1686 1775 1687
f 1686 1774 1776
f 1686 1776 1777
f 1686 1777 1778
f 1686 1778 1775
f 1687 1775 1688
f 1688 1775 1779
f 1688 1779 1691
f 1688 1691 1689
f 1689 1691 1690
f 1691 1780 1692
f 1691 1779 1781
f 1691 1781 1782
f 1691 1782 1783
f 1691 1783 1780
f 1692 1780 1693
f 1693 1780 1784
f 1693 1784 1694
f 1694 1784 1703
f 1694 1703 1695
f 1696 1709 1785
f 1696 1785 1697
f 1697 1785 1786
f 1697 1786 1698
f 1698 1786 1787
f 1698 1787 1788
f 1698 1788 1789
f 1698 1789 1790
f 1698 1790 1791
f 1698 1791 1700
f 1698 1700 1699
f 1703 1784 1792
f 1703 1792 1793
f 1703 1793 1794
f 1703 1794 1705
f 1703 1705 1704
f 1705 1795 1707
f 1705 1794 1796
f 1705 1796 1797
f 1705 1797 1798
f 1705 1798 1799
f 1705 1799 1795
f 1707 1795 1708
f 1708 1795 1800
f 1708 1800 1710
f 1709 1713 1712
f 1709 1712 1801
f 1709 1801 1802
f 1709 1802 1803
f 1709 1803 1785
f 1710 1800 1804
f 1710 1804 1733
f 1710 1733 1805
f 1710 1805 1712
f 1710 1712 1711
f 1712 1750 1801
f 1712 1805 1733
f 1712 1733 1753
f 1712 1752 1750
f 1714 1754 1716
f 1714 1715 1717
f 1714 1717 1806
f 1714 1806 1754
f 1717 1718 1807
f 1717 1807 1808
f 1717 1808 1806
f 1718 1721 1807
f 1720 1722 1721
f 1721 1722 1809
f 1721 1809 1810
f 1721 1810 1807
f 1722 1725 1811
f 1722 1811 1812
f 1722 1812 1809
f 1723 1728 1813
f 1723 1813 1725
f 1723 1725 1724
f 1725 1813 1814
f 1725 1814 1815
f 1725 1815 1816
f 1725 1816 1817
f 1725 1817 1811
f 1726 1729 1727
f 1728 1731 1818
f 1728 1818 1814
f 1728 1814 1813
f 1729 1732 1740
f 1729 1740 1819
f 1729 1819 1731
f 1729 1731 1730
f 1731 1819 1820
f 1731 1820 1821
f 1731 1821 1822
f 1731 1822 1823
f 1731 1823 1824
f 1731 1824 1818
f 1733 1804 1825
f 1733 1825 1826
f 1733 1826 1735
f 1733 1735 1734
f 1735 1826 1827
f 1735 1827 1828
f 1735 1828 1829
f 1735 1829 1738
f 1735 1738 1737
f 1735 1737 1736
f 1738 1829 1830
f 1738 1830 1831
f 1738 1831 1741
f 1740 1741 1820
f 1740 1820 1819
f 1741 1831 1820
f 1742 1832 1743
f 1743 1832 1744
f 1744 1833 1747
f 1744 1747 1746
f 1744 1832 1834
f 1744 1834 1835
f 1744 1835 1836
f 1744 1836 1833
f 1747 1833 1837
f 1747 1837 1838
f 1747 1838 1750
f 1747 1750 1749
f 1750 1838 1802
f 1750 1802 1801
f 1754 1806 1839
f 1754 1839 1840
f 1754 1840 1841
f 1754 1841 1755
f 1755 1841 1756
f 1756 1841 1757
f 1757 1841 1842
f 1757 1842 1843
f 1757 1843 1844
f 1757 1844 1845
f 1757 1845 1846
f 1757 1846 1758
f 1758 1846 1759
f 1759 1846 1760
f 1760 1846 1847
f 1760 1847 1848
f 1760 1848 1849
f 1760 1849 1761
f 1761 1849 1850
f 1761 1850 1762
f 1762 1850 1763
f 1763 1850 1851
f 1763 1851 1852
f 1763 1852 1853
f 1763 1853 1764
f 1764 1853 1767
f 1765 1767 1854
f 1765 1854 1855
f 1765 1855 1856
f 1765 1856 1766
f 1767 1853 1854
f 1768 1857 1769
f 1769 1857 1770
f 1770 1858 1771
f 1771 1858 1859
f 1771 1859 1772
f 1772 1859 1860
f 1772 1860 1861
f 1772 1861 1862
f 1772 1862 1863
f 1772 1863 1773
f 1773 1863 1864
f 1773 1864 1774
f 1774 1864 1865
f 1774 1865 1776
f 1775 1778 1866
f 1775 1866 1781
f 1775 1781 1779
f 1776 1865 1867
f 1776 1867 1777
f 1777 1867 1868
f 1777 1868 1866
f 1777 1866 1778
f 1780 1783 1869
f 1780 1869 1870
f 1780 1870 1792
f 1780 1792 1784
f 1781 1871 1869
f 1781 1869 1782
f 1781 1866 1872
f 1781 1872 1873
f 1781 1873 1871
f 1782 1869 1783
f 1785 1787 1786
f 1785 1803 1787
f 1787 1803 1837
f 1787 1837 1874
f 1787 1874 1875
f 1787 1875 1876
f 1787 1876 1789
f 1787 1789 1788
f 1792 1870 1877
f 1792 1877 1878
f 1792 1878 1879
f 1792 1879 1796
f 1792 1796 1793
f 1793 1796 1794
f 1795 1799 1825
f 1795 1825 1800
f 1796 1798 1797
f 1796 1879 1878
f 1796 1878 1880
f 1796 1880 1881
f 1796 1881 1798
f 1798 1881 1882
f 1798 1882 1883
f 1798 1883 1828
f 1798 1828 1884
f 1798 1884 1799
f 1799 1884 1825
f 1800 1825 1804
f 1802 1838 1803
f 1803 1838 1837
f 1806 1808 1839
f 1807 1810 1808
f 1808 1840 1839
f 1808 1810 1885
f 1808 1885 1840
f 1809 1886 1810
f 1809 1812 1886
f 1810 1886 1887
f 1810 1887 1885
f 1811 1817 1812
f 1812 1888 1886
f 1812 1817 1889
f 1812 1889 1888
f 1814 1818 1824
f 1814 1824 1815
f 1815 1824 1816
f 1816 1890 1891
f 1816 1891 1817
f 1816 1824 1892
f 1816 1892 1893
f 1816 1893 1894
f 1816 1894 1890
f 1817 1891 1895
f 1817 1895 1889
f 1820 1822 1821
f 1820 1831 1896
f 1820 1896 1822
f 1822 1896 1882
f 1822 1882 1897
f 1822 1897 1878
f 1822 1878 1898
f 1822 1898 1899
f 1822 1899 1900
f 1822 1900 1824
f 1822 1824 1823
f 1824 1900 1892
f 1825 1884 1827
f 1825 1827 1826
f 1827 1884 1828
f 1828 1883 1830
f 1828 1830 1829
f 1830 1882 1896
f 1830 1896 1831
f 1830 1883 1882
f 1833 1836 1874
f 1833 1874 1837
f 1836 1875 1874
f 1840 1885 1887
f 1840 1887 1901
f 1840 1901 1902
f 1840 1902 1843
f 1840 1843 1842
f 1840 1842 1841
f 1843 1845 1844
f 1843 1902 1845
f 1845 1847 1846
f 1845 1902 1903
f 1845 1903 1904
f 1845 1904 1905
f 1845 1905 1848
f 1845 1848 1847
f 1848 1905 1849
f 1849 1905 1850
f 1850 1905 1851
f 1851 1905 1906
f 1851 1906 1852
f 1852 1907 1908
f 1852 1908 1853
f 1852 1906 1909
f 1852 1909 1910
f 1852 1910 1907
f 1853 1908 1854
f 1854 1908 1911
f 1854 1911 1912
f 1854 1912 1913
f 1854 1913 1855
f 1861 1914 1863
f 1861 1863 1862
f 1863 1914 1915
f 1863 1915 1916
f 1863 1916 1917
f 1863 1917 1864
f 1864 1917 1865
f 1865 1917 1918
f 1865 1918 1919
f 1865 1919 1867
f 1866 1920 1872
f 1866 1868 1921
f 1866 1921 1922
f 1866 1922 1920
f 1867 1919 1923
f 1867 1923 1868
f 1868 1923 1921
f 1869 1877 1870
f 1869 1871 1873
f 1869 1873 1924
f 1869 1924 1925
f 1869 1925 1877
f 1872 1920 1873
f 1873 1920 1926
f 1873 1926 1927
f 1873 1927 1928
f 1873 1928 1929
f 1873 1929 1930
f 1873 1930 1931
f 1873 1931 1924
f 1877 1925 1878
f 1878 1882 1880
f 1878 1925 1932
f 1878 1932 1899
f 1878 1899 1898
f 1878 1897 1882
f 1880 1882 1881
f 1886 1888 1887
f 1887 1888 1933
f 1887 1933 1902
f 1887 1902 1901
f 1888 1889 1895
f 1888 1895 1934
f 1888 1934 1935
f 1888 1935 1933
f 1890 1894 1929
f 1890 1929 1936
f 1890 1936 1937
f 1890 1937 1938
f 1890 1938 1895
f 1890 1895 1891
f 1892 1900 1899
f 1892 1899 1939
f 1892 1939 1929
f 1892 1929 1893
f 1893 1929 1894
f 1895 1938 1940
f 1895 1940 1934
f 1899 1932 1931
f 1899 1931 1939
f 1902 1933 1935
f 1902 1935 1941
f 1902 1941 1942
f 1902 1942 1903
f 1903 1905 1904
f 1903 1942 1905
f 1905 1942 1943
f 1905 1943 1944
f 1905 1944 1906
f 1906 1944 1909
f 1907 1910 1945
f 1907 1945 1946
f 1907 1946 1908
f 1908 1946 1911
f 1909 1947 1948
f 1909 1948 1910
f 1909 1944 1947
f 1910 1948 1945
f 1911 1946 1949
f 1911 1949 1912
f 1915 1950 1916
f 1916 1950 1951
f 1916 1951 1952
f 1916 1952 1917
f 1917 1952 1953
f 1917 1953 1918
f 1918 1953 1954
f 1918 1954 1919
f 1919 1954 1955
f 1919 1955 1923
f 1920 1922 1926
f 1921 1956 1957
f 1921 1957 1958
f 1921 1958 1959
f 1921 1959 1960
f 1921 1960 1926
f 1921 1926 1922
f 1921 1923 1956
f 1923 1955 1961
f 1923 1961 1956
f 1924 1931 1925
f 1925 1931 1932
f 1926 1960 1959
f 1926 1959 1962
f 1926 1962 1927
f 1927 1962 1937
f 1927 1937 1936
f 1927 1936 1929
f 1927 1929 1928
f 1929 1939 1931
f 1929 1931 1930
f 1934 1940 1935
f 1935 1942 1941
f 1935 1940 1963
f 1935 1963 1942
f 1937 1959 1964
f 1937 1964 1940
f 1937 1940 1938
f 1937 1962 1959
f 1940 1964 1965
f 1940 1965 1963
f 1942 1963 1965
f 1942 1965 1966
f 1942 1966 1967
f 1942 1967 1943
f 1943 1967 1947
f 1943 1947 1944
f 1945 1948 1968
f 1945 1968 1969
f 1945 1969 1970
f 1945 1970 1946
f 1946 1970 1971
f 1946 1971 1949
f 1947 1967 1972
f 1947 1972 1948
f 1948 1972 1968
f 1949 1971 1973
f 1951 1974 1952
f 1952 1974 1975
f 1952 1975 1953
f 1953 1975 1976
f 1953 1976 1977
f 1953 1977 1978
f 1953 1978 1954
f 1954 1978 1979
f 1954 1979 1955
f 1955 1979 1961
f 1956 1961 1957
f 1957 1961 1972
f 1957 1972 1967
f 1957 1967 1958
f 1958 1967 1980
f 1958 1980 1959
f 1959 1980 1965
f 1959 1965 1964
f 1961 1979 1968
f 1961 1968 1972
f 1965 1980 1966
f 1966 1980 1967
f 1968 1979 1969
f 1969 1979 1978
f 1969 1978 1977
f 1969 1977 1970
f 1970 1977 1981
f 1970 1981 1971
f 1971 1981 1973
f 1974 1976 1975
f 1976 1981 1977
