v -0.91218245 0.40991649 -0.43273270
v -0.90434241 0.40991649 -0.44866031
v -0.91207200 0.40681469 -0.43273270
v -0.91074693 0.42987934 -0.43273270
v -0.90362465 0.42987934 -0.44730371
v -0.89926296 0.40991649 -0.45865905
v -0.90390074 0.38987410 -0.44780615
v -0.91140950 0.38987410 -0.43273270
v -0.90450805 0.44538835 -0.43273270
v -0.90185785 0.44252515 -0.44383681
v -0.89849001 0.42987934 -0.45730242
v -0.89169896 0.42987934 -0.47001436
v -0.89313447 0.40991649 -0.47001436
v -0.89219594 0.38987410 -0.47001436
v -0.89876604 0.38987410 -0.45780486
v -0.90318298 0.36991125 -0.44629881
v -0.91118860 0.38653371 -0.43273270
v -0.90301734 0.44666088 -0.43273270
v -0.88965619 0.45071706 -0.44966522
v -0.88496321 0.44570649 -0.47001436
v -0.88148487 0.44204795 -0.48272631
v -0.88314122 0.42987934 -0.48554003
v -0.88385898 0.40991649 -0.48679614
v -0.88336205 0.38987410 -0.48599222
v -0.89059478 0.36991125 -0.47001436
v -0.89799309 0.36991125 -0.45629752
v -0.90953231 0.36609364 -0.43273270
v -0.90986359 0.36991125 -0.43273270
v -0.90213394 0.34994838 -0.44423878
v -0.89274800 0.45533001 -0.43273270
v -0.87657106 0.45874992 -0.45549363
v -0.87276149 0.45564812 -0.47001436
v -0.86900711 0.45000127 -0.48850447
v -0.86332035 0.44371814 -0.51005948
v -0.86011809 0.44021869 -0.52035969
v -0.87728882 0.42987934 -0.49553874
v -0.87806177 0.40991649 -0.49679488
v -0.87762010 0.38987410 -0.49599093
v -0.88253391 0.36991125 -0.48458534
v -0.88148487 0.34994838 -0.48272631
v -0.88849676 0.34994838 -0.47001436
v -0.89694405 0.34994838 -0.45423749
v -0.90776551 0.34994838 -0.43273270
v -0.90086412 0.32990599 -0.44182700
v -0.90721339 0.34525591 -0.43273270
v -0.88269955 0.46073827 -0.43273270
v -0.88087755 0.46034059 -0.44212848
v -0.86044931 0.46018153 -0.48091751
v -0.85548031 0.45795459 -0.49423236
v -0.84929663 0.45469373 -0.51071268
v -0.84951746 0.44578600 -0.52824813
v -0.84250563 0.44316140 -0.54402500
v -0.82014501 0.44021869 -0.58035201
v -0.83808875 0.42987934 -0.55733991
v -0.84471411 0.42987934 -0.54734117
v -0.85470736 0.42987934 -0.53186572
v -0.86111188 0.42987934 -0.52186704
v -0.86839980 0.42987934 -0.51005948
v -0.87000090 0.40991649 -0.51005948
v -0.86911750 0.38987410 -0.51005948
v -0.86078060 0.36991125 -0.52131432
v -0.86757159 0.36991125 -0.51005948
v -0.87679195 0.36991125 -0.49453384
v -0.87574291 0.34994838 -0.49277526
v -0.88060153 0.33539379 -0.48116872
v -0.88490796 0.32919019 -0.47172269
v -0.89567423 0.32990599 -0.45177549
v -0.90528101 0.32990599 -0.43273270
v -0.90009117 0.31900993 -0.44031966
v -0.90489453 0.32704279 -0.43273270
v -0.88131928 0.46089733 -0.43273270
v -0.86276823 0.46073827 -0.47001436
v -0.82412022 0.46081778 -0.53005695
v -0.82091796 0.46026108 -0.54161322
v -0.81589377 0.45835227 -0.55502862
v -0.83411348 0.45700020 -0.53005695
v -0.82953095 0.45071706 -0.54950166
v -0.82373375 0.44395673 -0.57005179
v -0.80198050 0.44236606 -0.60276121
v -0.78641087 0.42987934 -0.62818509
v -0.79640412 0.42987934 -0.61527216
v -0.80385768 0.42987934 -0.60527343
v -0.81390613 0.42987934 -0.59175760
v -0.82113886 0.42987934 -0.58175886
v -0.82936531 0.42987934 -0.57005179
v -0.83891690 0.40991649 -0.55849552
v -0.84548706 0.40991649 -0.54849678
v -0.85548031 0.40991649 -0.53312188
v -0.86188483 0.40991649 -0.52312315
v -0.86149836 0.38987410 -0.52247000
v -0.85437608 0.36991125 -0.53131306
v -0.86017329 0.35782218 -0.52046019
v -0.85514903 0.38987410 -0.53246868
v -0.86475587 0.35074371 -0.51151657
v -0.86447978 0.32990599 -0.50759751
v -0.87541163 0.32919019 -0.48875570
v -0.87966293 0.32203218 -0.47951064
v -0.88419026 0.30994314 -0.46780360
v -0.89479083 0.31137472 -0.44820809
v -0.89904213 0.30564833 -0.43820938
v -0.90235484 0.30994314 -0.43273270
v -0.90279651 0.31280634 -0.43273270
v -0.86994570 0.46137452 -0.43273270
v -0.86989051 0.46105641 -0.44931352
v -0.84929663 0.46089733 -0.48855472
v -0.80253255 0.46065873 -0.56437415
v -0.80954444 0.46097687 -0.54899925
v -0.78044802 0.46018153 -0.60075140
v -0.79380918 0.45644346 -0.59004927
v -0.80954444 0.45485279 -0.57065475
v -0.80915797 0.44530880 -0.58824044
v -0.78872973 0.44992173 -0.60843885
v -0.78365028 0.44403628 -0.62476844
v -0.75930208 0.43656015 -0.65928662
v -0.77840519 0.42987934 -0.63818377
v -0.78712863 0.40991649 -0.62903923
v -0.79712188 0.40991649 -0.61632729
v -0.80468583 0.40991649 -0.60632861
v -0.81467909 0.40991649 -0.59286296
v -0.82196701 0.40991649 -0.58286422
v -0.83096647 0.40991649 -0.57005179
v -0.83853042 0.38987410 -0.55794281
v -0.84515578 0.38987410 -0.54789388
v -0.84438282 0.36991125 -0.54678845
v -0.84338903 0.34994838 -0.54528111
v -0.85437608 0.35074371 -0.52824813
v -0.85945553 0.34454012 -0.51915383
v -0.85846174 0.32990599 -0.51759624
v -0.86298907 0.30994314 -0.50513554
v -0.87176770 0.30994314 -0.49006206
v -0.87872434 0.30994314 -0.47780234
v -0.88253391 0.28990075 -0.46473867
v -0.89026350 0.28990075 -0.45006716
v -0.89771700 0.28990075 -0.43549618
v -0.89904213 0.28990075 -0.43273270
v -0.86740601 0.46137452 -0.43273270
v -0.74997133 0.46177220 -0.61004668
v -0.76995784 0.46169266 -0.59004927
v -0.84995919 0.46137452 -0.47001436
v -0.76896405 0.46097687 -0.60848910
v -0.78381592 0.46073827 -0.59004927
v -0.76162094 0.46049967 -0.62220591
v -0.75576854 0.45827273 -0.63557106
v -0.77492690 0.45739788 -0.61411655
v -0.76504403 0.44491115 -0.64597172
v -0.73986763 0.43950287 -0.67993724
v -0.77001309 0.45111474 -0.63019484
v -0.75019217 0.43139049 -0.67029023
v -0.76051670 0.42319855 -0.66059297
v -0.76703167 0.42987934 -0.65159917
v -0.77912295 0.40991649 -0.63903797
v -0.78668690 0.38987410 -0.62843633
v -0.79668021 0.38987410 -0.61577463
v -0.80429935 0.38987410 -0.60577589
v -0.81429261 0.38987410 -0.59231025
v -0.82158053 0.38987410 -0.58231157
v -0.83019352 0.38987410 -0.57005179
v -0.82864761 0.36991125 -0.57005179
v -0.83775747 0.36991125 -0.55678719
v -0.83676362 0.34994838 -0.55527985
v -0.84217435 0.32990599 -0.54342204
v -0.85067689 0.32990599 -0.53005695
v -0.85697103 0.30994314 -0.51513422
v -0.86133271 0.28990075 -0.50232178
v -0.86834455 0.28990075 -0.49006206
v -0.87706798 0.28990075 -0.47473738
v -0.88104320 0.27439177 -0.46207568
v -0.88529444 0.26858580 -0.45177549
v -0.89490128 0.26834720 -0.43273270
v -0.89716494 0.28011817 -0.43273270
v -0.34819797 0.46097687 -0.89493483
v -0.34819797 0.46105641 -0.89604020
v -0.39004821 0.46169266 -0.88991034
v -0.46999431 0.46201080 -0.84986526
v -0.85636371 0.46057919 -0.43273270
v -0.61006564 0.46193126 -0.74997854
v -0.72981918 0.46121547 -0.64984059
v -0.74947441 0.46121547 -0.62934071
v -0.74246258 0.46065873 -0.64300728
v -0.73638934 0.45874992 -0.65632218
v -0.75090992 0.45183054 -0.65119720
v -0.74599612 0.44546786 -0.66657209
v -0.72010195 0.44005960 -0.70003515
v -0.72104055 0.42987934 -0.70098984
v -0.73274541 0.43170860 -0.68867981
v -0.74102712 0.42622080 -0.68114311
v -0.74146879 0.40991649 -0.68159533
v -0.75146204 0.40991649 -0.67079270
v -0.76062715 0.40991649 -0.66079396
v -0.76979220 0.40991649 -0.65004158
v -0.76029587 0.39528236 -0.66039199
v -0.77857083 0.38987410 -0.63843501
v -0.78585875 0.36991125 -0.62733090
v -0.79585201 0.36991125 -0.61471945
v -0.80347121 0.36991125 -0.60472071
v -0.81346446 0.36991125 -0.59125513
v -0.82080758 0.36991125 -0.58125639
v -0.82020020 0.35766312 -0.58045250
v -0.82555574 0.35050511 -0.57160938
v -0.82550055 0.32990599 -0.56799179
v -0.83549380 0.32990599 -0.55342078
v -0.84095973 0.31368122 -0.54156297
v -0.84614956 0.30819342 -0.53196621
v -0.84526622 0.28990075 -0.52839887
v -0.85525948 0.28990075 -0.51227027
v -0.86022848 0.27852750 -0.50051296
v -0.86425894 0.27113089 -0.49096644
v -0.87596375 0.26858580 -0.46926069
v -0.87971812 0.26103014 -0.45961368
v -0.89418352 0.26492727 -0.43273270
v -0.34819797 0.45890900 -0.88584054
v -0.34819797 0.46121547 -0.91136491
v -0.34819797 0.46113592 -0.91357565
v -0.37006170 0.46121547 -0.90654141
v -0.43002129 0.46185175 -0.86991292
v -0.59002393 0.46185175 -0.76997596
v -0.44917965 0.46129501 -0.86991292
v -0.48871100 0.46121547 -0.84946328
v -0.53663450 0.46113592 -0.81946713
v -0.54922271 0.46121547 -0.80966938
v -0.57081032 0.46145406 -0.79087782
v -0.84659129 0.45795459 -0.43273270
v -0.34819797 0.45867041 -0.88493609
v -0.62911355 0.46113592 -0.74922484
v -0.66980439 0.46121547 -0.70983291
v -0.69001174 0.46121547 -0.68998623
v -0.70999825 0.46121547 -0.66998875
v -0.70342815 0.46073827 -0.68345439
v -0.72308338 0.46065873 -0.66335642
v -0.71673405 0.45898855 -0.67667133
v -0.73147553 0.45222819 -0.67164683
v -0.70999825 0.45485279 -0.68998623
v -0.72496057 0.44427487 -0.68993598
v -0.70999825 0.44427487 -0.70500940
v -0.69994980 0.43982100 -0.71993214
v -0.70872843 0.43186769 -0.71279734
v -0.70121968 0.42645940 -0.72113800
v -0.72181350 0.40991649 -0.70179373
v -0.74097186 0.38987410 -0.68109286
v -0.75267673 0.38915831 -0.66823018
v -0.75979894 0.38200030 -0.65983933
v -0.76708686 0.38915831 -0.65190065
v -0.77768743 0.36991125 -0.63732964
v -0.77658319 0.34994838 -0.63592279
v -0.78469932 0.34994838 -0.62597430
v -0.79469258 0.34994838 -0.61326236
v -0.80242217 0.34994838 -0.60326362
v -0.81363010 0.35050511 -0.58824044
v -0.81942725 0.34422198 -0.57934713
v -0.81848872 0.32990599 -0.57799047
v -0.82400984 0.30994314 -0.56583124
v -0.83510733 0.30819342 -0.54899925
v -0.83985549 0.30039912 -0.53990495
v -0.83886170 0.28990075 -0.53839755
v -0.84327859 0.26993787 -0.52533394
v -0.85393441 0.27113089 -0.50835115
v -0.85890341 0.26524544 -0.49820173
v -0.86298907 0.24997503 -0.48528880
v -0.87149161 0.24997503 -0.47001436
v -0.87850344 0.24997503 -0.45725220
v -0.88363814 0.24997503 -0.44725347
v -0.89098126 0.24997503 -0.43273270
v -0.34819797 0.46081778 -0.91784650
v -0.39004821 0.46081778 -0.90227056
v -0.60840929 0.46097687 -0.76871985
v -0.43002129 0.46089733 -0.88292634
v -0.46999431 0.46089733 -0.86282837
v -0.50505358 0.46081778 -0.84252948
v -0.53000915 0.46105641 -0.82469261
v -0.56468189 0.46081778 -0.80283606
v -0.84526622 0.45755693 -0.43273270
v -0.34819797 0.45350075 -0.87157100
v -0.64247471 0.46057919 -0.74203986
v -0.66301340 0.46065873 -0.72254485
v -0.68338639 0.46065873 -0.70310009
v -0.69669235 0.45898855 -0.69671899
v -0.69166809 0.45222819 -0.71149099
v -0.68664384 0.44546786 -0.72616249
v -0.66610521 0.44507021 -0.74545652
v -0.64534575 0.44459301 -0.76444906
v -0.67946637 0.43735549 -0.73947734
v -0.69034302 0.43194720 -0.73033279
v -0.68073624 0.42407343 -0.74063301
v -0.70166135 0.40991649 -0.72159022
v -0.71165460 0.40991649 -0.71179247
v -0.70121968 0.38987410 -0.72113800
v -0.72126138 0.38987410 -0.70129126
v -0.72059888 0.37412649 -0.70058787
v -0.74036455 0.37587625 -0.68043971
v -0.74759722 0.36951357 -0.67179757
v -0.75913644 0.36991125 -0.65908563
v -0.76769418 0.36991125 -0.64908689
v -0.76659000 0.34994838 -0.64768004
v -0.77514774 0.32990599 -0.63426471
v -0.78337425 0.32990599 -0.62426597
v -0.79336751 0.32990599 -0.61165452
v -0.80115229 0.32990599 -0.60165578
v -0.80971009 0.32990599 -0.59004927
v -0.80032414 0.31773740 -0.60055041
v -0.81699800 0.30994314 -0.57582998
v -0.82224303 0.28990075 -0.56336927
v -0.83118731 0.28990075 -0.55005437
v -0.82605267 0.26930162 -0.55161196
v -0.83687407 0.26993787 -0.53533262
v -0.84151185 0.25347447 -0.52247000
v -0.84664649 0.24806623 -0.51196879
v -0.85713667 0.24997503 -0.49523729
v -0.86122233 0.23494324 -0.48217362
v -0.86558402 0.22889870 -0.47157195
v -0.87607419 0.22993264 -0.45267990
v -0.88131928 0.22993264 -0.44268119
v -0.88562572 0.22714898 -0.43273270
v -0.34819797 0.45771599 -0.92422760
v -0.35951632 0.45986339 -0.91945434
v -0.40147698 0.46026108 -0.90041155
v -0.59002393 0.46081778 -0.78389376
v -0.60056931 0.46010199 -0.78037667
v -0.62177044 0.46042013 -0.76128364
v -0.44194692 0.46034059 -0.88071555
v -0.48114705 0.46026108 -0.86051714
v -0.54198998 0.46034059 -0.82112521
v -0.83019352 0.45119426 -0.43273270
v -0.34819797 0.45270541 -0.86991292
v -0.67631930 0.45882946 -0.71641499
v -0.67123985 0.45198959 -0.73098600
v -0.65059084 0.45159194 -0.75043070
v -0.62414455 0.44363859 -0.78319037
v -0.63507640 0.45795459 -0.75535470
v -0.61393046 0.45692065 -0.77464873
v -0.65865171 0.43337882 -0.75877136
v -0.66003197 0.42001721 -0.75997722
v -0.68101227 0.40991649 -0.74088418
v -0.69100559 0.40991649 -0.73158890
v -0.69056386 0.38987410 -0.73113674
v -0.70055711 0.37460372 -0.72053504
v -0.71021914 0.36776385 -0.71023488
v -0.71988112 0.36084443 -0.69983417
v -0.73964679 0.36259419 -0.67968601
v -0.74787331 0.34994838 -0.66878289
v -0.75786656 0.34994838 -0.65767878
v -0.75643110 0.32990599 -0.65607095
v -0.76515448 0.32990599 -0.64602196
v -0.76360857 0.30994314 -0.64426339
v -0.77360183 0.30994314 -0.63245589
v -0.78188354 0.30994314 -0.62240690
v -0.79303622 0.31057939 -0.60833836
v -0.79921991 0.30437583 -0.59904307
v -0.80579007 0.31057939 -0.59145612
v -0.80523795 0.28990075 -0.58728576
v -0.81523120 0.28990075 -0.57336795
v -0.82086277 0.27550521 -0.56135947
v -0.81948251 0.26222315 -0.55929941
v -0.82467234 0.24997503 -0.54719043
v -0.83571464 0.24806623 -0.52950424
v -0.83991069 0.24011290 -0.52000797
v -0.84471411 0.22993264 -0.50784874
v -0.85548031 0.22889870 -0.48935860
v -0.85951078 0.22166118 -0.47925943
v -0.86354119 0.20989025 -0.46649724
v -0.87381053 0.21171951 -0.44815788
v -0.88004941 0.21959332 -0.44021919
v -0.88225782 0.21378738 -0.43273270
v -0.34819797 0.45238727 -0.93106085
v -0.34819797 0.45047846 -0.93337214
v -0.34819797 0.44578600 -0.93829614
v -0.37006170 0.44849014 -0.92749345
v -0.39004821 0.44467252 -0.92342365
v -0.39004821 0.45461419 -0.91226929
v -0.37006170 0.45843181 -0.91654015
v -0.41478294 0.45859087 -0.89644217
v -0.57798785 0.45938620 -0.79816329
v -0.59002393 0.45620486 -0.79389250
v -0.65578067 0.45843181 -0.73591000
v -0.45525289 0.45867041 -0.87659550
v -0.46999431 0.45525047 -0.87287736
v -0.49450821 0.45795459 -0.85584438
v -0.51841474 0.45962480 -0.83845967
v -0.55529594 0.45835227 -0.81615096
v -0.82715690 0.44984221 -0.43273270
v -0.34819797 0.44475207 -0.85514092
v -0.60233605 0.44220701 -0.80173069
v -0.60813326 0.44960362 -0.78846604
v -0.63717443 0.42987934 -0.77761316
v -0.65119815 0.42797056 -0.76610708
v -0.62723637 0.42987934 -0.78565234
v -0.62806457 0.40991649 -0.78635579
v -0.63800263 0.40991649 -0.77831662
v -0.66003197 0.41922188 -0.75997722
v -0.66798240 0.41150716 -0.75264150
v -0.65981114 0.40593982 -0.75977623
v -0.68051541 0.38987410 -0.74043202
v -0.68007368 0.37881896 -0.74008030
v -0.69001174 0.37007031 -0.72993082
v -0.69983935 0.36124212 -0.71983165
v -0.71916336 0.34994838 -0.69908053
v -0.72882539 0.34994838 -0.68913203
v -0.73881865 0.34994838 -0.67878163
v -0.74643779 0.32990599 -0.66717505
v -0.75482994 0.30994314 -0.65426213
v -0.76178658 0.28990075 -0.64215314
v -0.78066885 0.29602480 -0.62094980
v -0.78674209 0.28966215 -0.61165452
v -0.79789484 0.28990075 -0.59728450
v -0.80325031 0.26993787 -0.58462280
v -0.81434786 0.26930162 -0.56884593
v -0.80148357 0.25347447 -0.58216083
v -0.80733597 0.24806623 -0.57196110
v -0.81804699 0.24997503 -0.55718911
v -0.81556249 0.22993264 -0.55347103
v -0.82218784 0.22993264 -0.54342204
v -0.83085603 0.22993264 -0.53005695
v -0.83858562 0.22993264 -0.51784742
v -0.84206396 0.20989025 -0.50352764
v -0.85006958 0.20989025 -0.49006206
v -0.85796481 0.20989025 -0.47649595
v -0.86144316 0.19469939 -0.46272886
v -0.86569440 0.18881392 -0.45157450
v -0.87828261 0.20623171 -0.43675229
v -0.88109839 0.20941305 -0.43273270
v -0.34819797 0.43830988 -0.94261718
v -0.35935068 0.43807128 -0.93960249
v -0.40219474 0.44141167 -0.92086118
v -0.43002129 0.44546786 -0.90438086
v -0.40848881 0.45000127 -0.90915412
v -0.43002129 0.45548907 -0.89292502
v -0.57081032 0.45469373 -0.80966938
v -0.58809149 0.44499066 -0.80901617
v -0.44901401 0.45031941 -0.88930744
v -0.46999431 0.44522926 -0.88423270
v -0.48826930 0.44984221 -0.86885780
v -0.50665468 0.44467252 -0.86388355
v -0.53000915 0.44697902 -0.84664959
v -0.53000915 0.45700020 -0.83469129
v -0.53663450 0.45485279 -0.83293271
v -0.54949874 0.45063755 -0.82946587
v -0.57003736 0.44379768 -0.82343644
v -0.81501037 0.44308189 -0.43273270
v -0.34819797 0.44403628 -0.85403556
v -0.58014107 0.43998009 -0.82001984
v -0.61453778 0.42987934 -0.79570132
v -0.61536592 0.40991649 -0.79635447
v -0.62745726 0.38987410 -0.78585333
v -0.65191591 0.41150716 -0.76671004
v -0.63739526 0.38987410 -0.77781415
v -0.64932096 0.38987410 -0.76781547
v -0.65931422 0.38987410 -0.75937432
v -0.66997004 0.38987410 -0.74987805
v -0.65832043 0.36991125 -0.75852013
v -0.67162633 0.37126330 -0.74686337
v -0.67930073 0.36545739 -0.73937684
v -0.67825174 0.34994838 -0.73837197
v -0.68901795 0.34994838 -0.72837323
v -0.69901121 0.34994838 -0.71902770
v -0.70911491 0.34994838 -0.70902902
v -0.70762420 0.32990599 -0.70752168
v -0.71761745 0.32990599 -0.69752294
v -0.72727942 0.32990599 -0.68757445
v -0.73732793 0.32990599 -0.67717379
v -0.74483669 0.30994314 -0.66536623
v -0.74301469 0.28990075 -0.66330618
v -0.75300795 0.28990075 -0.65210164
v -0.76051670 0.27717543 -0.64069605
v -0.77939904 0.28274274 -0.61934197
v -0.78591394 0.26993787 -0.60768521
v -0.79590720 0.26993787 -0.59462154
v -0.78365028 0.24997503 -0.60477102
v -0.79485822 0.24806623 -0.58929557
v -0.79988241 0.24019243 -0.57995003
v -0.80551398 0.22993264 -0.56804204
v -0.80286384 0.20989025 -0.56422341
v -0.81357485 0.21052651 -0.54864752
v -0.82058668 0.21760498 -0.54101032
v -0.82511407 0.21052651 -0.53091109
v -0.83593547 0.20989025 -0.51352638
v -0.84046280 0.19819885 -0.50086468
v -0.84443808 0.19080226 -0.49056450
v -0.85586679 0.18881392 -0.46966267
v -0.85956597 0.18141733 -0.45926195
v -0.86309946 0.16988501 -0.44609785
v -0.87530124 0.18841626 -0.43273270
v -0.87734401 0.19565380 -0.43273270
v -0.34819797 0.43067467 -0.94472742
v -0.36901268 0.43075421 -0.93678880
v -0.39004821 0.42995888 -0.92834765
v -0.36161435 0.42470968 -0.94050694
v -0.44283032 0.44196841 -0.90131593
v -0.40473443 0.42995888 -0.92201680
v -0.41472772 0.42995888 -0.91744453
v -0.43002129 0.42995888 -0.91015899
v -0.48203039 0.44165027 -0.88101703
v -0.52001584 0.43990055 -0.85991418
v -0.54364634 0.44300234 -0.84232855
v -0.53663450 0.44825155 -0.84082115
v -0.80507231 0.43512854 -0.43273270
v -0.34819797 0.43679875 -0.84494126
v -0.54657257 0.42987934 -0.84423780
v -0.55656582 0.42987934 -0.83760548
v -0.57003736 0.42987934 -0.82836044
v -0.58113486 0.42987934 -0.82072324
v -0.59112811 0.42987934 -0.81333727
v -0.60454452 0.42987934 -0.80333853
v -0.60537267 0.40991649 -0.80394149
v -0.60471016 0.38987410 -0.80348927
v -0.61470342 0.38987410 -0.79585207
v -0.62635303 0.36991125 -0.78499919
v -0.63629109 0.36991125 -0.77696002
v -0.64694685 0.34994838 -0.76580566
v -0.65694010 0.34994838 -0.75731426
v -0.66825849 0.34994838 -0.74731553
v -0.66665733 0.32990599 -0.74590868
v -0.67665058 0.32990599 -0.73691487
v -0.68747205 0.32990599 -0.72691613
v -0.69746530 0.32990599 -0.71752036
v -0.70585740 0.30994314 -0.70581335
v -0.71585071 0.30994314 -0.69576436
v -0.72556788 0.30994314 -0.68581587
v -0.73556113 0.30994314 -0.67536497
v -0.73368394 0.28990075 -0.67330492
v -0.74130315 0.27375549 -0.66149741
v -0.73986763 0.26039389 -0.65988958
v -0.75908124 0.26389337 -0.63903797
v -0.76681077 0.27033556 -0.63145101
v -0.77807391 0.26993787 -0.61768389
v -0.77575505 0.24997503 -0.61476970
v -0.78160745 0.23382977 -0.60215825
v -0.78779113 0.22818291 -0.59195852
v -0.79855740 0.22993264 -0.57804072
v -0.79579681 0.20989025 -0.57422215
v -0.80098665 0.19644912 -0.56151021
v -0.81876475 0.20424339 -0.53819656
v -0.82307124 0.18992740 -0.52498221
v -0.83361661 0.19080226 -0.50855213
v -0.83853042 0.18483727 -0.49764901
v -0.84046280 0.15835267 -0.48091751
v -0.84217435 0.16988501 -0.48383170
v -0.85006958 0.16988501 -0.47001436
v -0.85785443 0.16988501 -0.45609653
v -0.86111188 0.15628481 -0.44222897
v -0.86989051 0.16988501 -0.43273270
v -0.34819797 0.42749333 -0.94492841
v -0.39004821 0.40991649 -0.92950326
v -0.34819797 0.40991649 -0.94603384
v -0.36222169 0.40991649 -0.94075811
v -0.37221494 0.40991649 -0.93678880
v -0.44548047 0.42995888 -0.90267253
v -0.45547372 0.42995888 -0.89754760
v -0.40589389 0.40991649 -0.92256951
v -0.41588715 0.40991649 -0.91799724
v -0.43002129 0.40991649 -0.91131467
v -0.46999431 0.42995888 -0.88986009
v -0.48418367 0.42995888 -0.88222289
v -0.49417692 0.42995888 -0.87654525
v -0.51201022 0.43194720 -0.86574256
v -0.52139616 0.42661849 -0.86076838
v -0.52884966 0.43194720 -0.85534191
v -0.80374724 0.43385601 -0.43273270
v -0.34819797 0.42661849 -0.83524400
v -0.34819797 0.43576482 -0.84388614
v -0.54740071 0.40991649 -0.84479052
v -0.55739397 0.40991649 -0.83820844
v -0.57003736 0.40991649 -0.82951605
v -0.58190781 0.40991649 -0.82127595
v -0.59190112 0.40991649 -0.81399041
v -0.59123856 0.38987410 -0.81343776
v -0.58052754 0.37659204 -0.82027102
v -0.60355067 0.36991125 -0.80263507
v -0.61359918 0.36991125 -0.79499787
v -0.62491751 0.34994838 -0.78384352
v -0.63485557 0.34994838 -0.77575409
v -0.64529049 0.32990599 -0.76439881
v -0.65528381 0.32990599 -0.75590742
v -0.66478014 0.30994314 -0.74420035
v -0.67477340 0.30994314 -0.73525679
v -0.68570524 0.30994314 -0.72520781
v -0.69569850 0.30994314 -0.71581203
v -0.70392501 0.28990075 -0.70385379
v -0.71391827 0.28990075 -0.69375455
v -0.72369069 0.28990075 -0.68380612
v -0.72159266 0.26993787 -0.68159533
v -0.72026759 0.25880325 -0.68028897
v -0.73854256 0.24997503 -0.65843248
v -0.74743164 0.24997503 -0.64843374
v -0.75742489 0.24997503 -0.63707840
v -0.76576179 0.24997503 -0.62707967
v -0.76316684 0.22993264 -0.62396449
v -0.77442998 0.22818291 -0.60929304
v -0.77978551 0.22046818 -0.59984696
v -0.78580356 0.20989025 -0.58783847
v -0.78287733 0.18992740 -0.58391941
v -0.79364353 0.18984786 -0.56894642
v -0.79899907 0.18316706 -0.55859601
v -0.80595571 0.18984786 -0.55120999
v -0.81666672 0.18992740 -0.53493071
v -0.81434786 0.16972592 -0.52910227
v -0.81904078 0.16288607 -0.51855087
v -0.82566619 0.16972592 -0.51116490
v -0.83626676 0.16988501 -0.49388066
v -0.82312644 0.14992215 -0.50523597
v -0.82102841 0.13687868 -0.50171888
v -0.83830959 0.14507061 -0.47714913
v -0.84410679 0.15103561 -0.47031584
v -0.85520428 0.14976308 -0.44936374
v -0.85901386 0.14300275 -0.43810889
v -0.86320990 0.14801335 -0.43273270
v -0.86409330 0.15087655 -0.43273270
v -0.86900711 0.16686273 -0.43273270
v -0.37138677 0.38995364 -0.93648732
v -0.39004821 0.38995364 -0.92874962
v -0.34819797 0.38995364 -0.94538069
v -0.35007516 0.38995364 -0.94472742
v -0.36133829 0.38995364 -0.94040644
v -0.44641906 0.40991649 -0.90317500
v -0.45641232 0.40991649 -0.89799976
v -0.40506572 0.38995364 -0.92216754
v -0.41505897 0.38995364 -0.91759527
v -0.43002129 0.38995364 -0.91041028
v -0.46999431 0.40991649 -0.89076453
v -0.48490140 0.40991649 -0.88262486
v -0.49489468 0.40991649 -0.87699747
v -0.51002258 0.40991649 -0.86810410
v -0.52178264 0.40991649 -0.86101961
v -0.53663450 0.40991649 -0.85162377
v -0.79507905 0.42518687 -0.43273270
v -0.34819797 0.42590269 -0.83464104
v -0.53663450 0.38987410 -0.85056865
v -0.54662776 0.38987410 -0.84418756
v -0.55662102 0.38987410 -0.83770597
v -0.57003736 0.38987410 -0.82851118
v -0.58124530 0.38987410 -0.82077348
v -0.55535114 0.36991125 -0.83685184
v -0.57174891 0.36999077 -0.82564723
v -0.57958895 0.36330998 -0.81961787
v -0.58831233 0.36999077 -0.81388992
v -0.60206002 0.34994838 -0.80147946
v -0.61205328 0.34994838 -0.79379201
v -0.60084534 0.33563238 -0.80057508
v -0.60851973 0.32934925 -0.79374176
v -0.62315077 0.32990599 -0.78243667
v -0.63308883 0.32990599 -0.77439749
v -0.64335811 0.30994314 -0.76279098
v -0.65335137 0.30994314 -0.75419909
v -0.66262692 0.28990075 -0.74229109
v -0.67262018 0.28990075 -0.73329723
v -0.68360722 0.28990075 -0.72329855
v -0.69360048 0.28990075 -0.71380228
v -0.70166135 0.26993787 -0.70164299
v -0.70033628 0.25864416 -0.70028639
v -0.70944619 0.25204289 -0.68938327
v -0.71850085 0.24544163 -0.67848015
v -0.72584397 0.22993264 -0.66622043
v -0.73583722 0.22993264 -0.65546799
v -0.74478149 0.22993264 -0.64546931
v -0.75477475 0.22993264 -0.63396323
v -0.76117927 0.21561664 -0.62155277
v -0.75924683 0.20233458 -0.61919123
v -0.77829480 0.20989025 -0.59783721
v -0.77525818 0.18992740 -0.59391809
v -0.78083450 0.17720206 -0.58125639
v -0.78607959 0.17028266 -0.57100648
v -0.79690099 0.16988501 -0.55558133
v -0.80363679 0.16988501 -0.54558259
v -0.80137312 0.15556902 -0.54216594
v -0.80639738 0.14928588 -0.53136331
v -0.81688756 0.14992215 -0.51518446
v -0.80352640 0.12987974 -0.52558517
v -0.81407177 0.13011836 -0.50905460
v -0.81870949 0.12351709 -0.49795049
v -0.82522446 0.13011836 -0.49076548
v -0.83654284 0.12813002 -0.47031584
v -0.84206396 0.13361782 -0.46383426
v -0.84670174 0.12813002 -0.45192623
v -0.85680538 0.12987974 -0.43388835
v -0.85735750 0.12987974 -0.43273270
v -0.36051011 0.37754643 -0.94005466
v -0.36829492 0.37054750 -0.93643707
v -0.39004821 0.36999077 -0.92744327
v -0.34819797 0.37046796 -0.94412452
v -0.35156587 0.37054750 -0.94291866
v -0.44548047 0.38995364 -0.90267253
v -0.45547372 0.38995364 -0.89754760
v -0.40357500 0.36999077 -0.92151433
v -0.41356826 0.36999077 -0.91689181
v -0.43002129 0.36999077 -0.90890288
v -0.44398975 0.36999077 -0.90191889
v -0.46999431 0.38995364 -0.88970935
v -0.48390758 0.38995364 -0.88212240
v -0.49395609 0.38995364 -0.87644476
v -0.51002258 0.38995364 -0.86699873
v -0.52089924 0.38995364 -0.86046690
v -0.78464413 0.41174576 -0.43273270
v -0.34819797 0.41063228 -0.82328570
v -0.52018148 0.37865990 -0.86006492
v -0.54535788 0.36991125 -0.84338367
v -0.55363959 0.34994838 -0.83574641
v -0.56843626 0.34994838 -0.82574773
v -0.57848471 0.34994838 -0.81886417
v -0.59002393 0.34994838 -0.81037283
v -0.59179068 0.32934925 -0.80635321
v -0.59957546 0.32219127 -0.79962039
v -0.62116313 0.30994314 -0.78082883
v -0.62005889 0.29976287 -0.77997470
v -0.64159137 0.29340023 -0.76128364
v -0.64893448 0.28807148 -0.75379711
v -0.66097057 0.27606195 -0.74083400
v -0.68161964 0.27327830 -0.72148973
v -0.68901795 0.26787001 -0.71329981
v -0.67996329 0.25991669 -0.71993214
v -0.69111598 0.25116801 -0.70711970
v -0.69851434 0.24528256 -0.69847757
v -0.70629913 0.22993264 -0.68636858
v -0.71629238 0.22993264 -0.67621911
v -0.72291774 0.20989025 -0.66310525
v -0.73291099 0.20989025 -0.65225232
v -0.74191046 0.20989025 -0.64225364
v -0.75311840 0.20941305 -0.62893873
v -0.74025410 0.19899419 -0.64039457
v -0.74599612 0.19135900 -0.63074756
v -0.75731444 0.18992740 -0.61677951
v -0.76526487 0.18992740 -0.60678077
v -0.76206261 0.16988501 -0.60271096
v -0.76029587 0.15898894 -0.60044992
v -0.77288407 0.17028266 -0.58874291
v -0.77868128 0.16376093 -0.57834220
v -0.78359509 0.14992215 -0.56507754
v -0.79441655 0.14928588 -0.54935098
v -0.79916471 0.14228696 -0.53884977
v -0.79701144 0.12987974 -0.53558385
v -0.80115229 0.11659770 -0.52191728
v -0.80573487 0.10991690 -0.51086342
v -0.81622499 0.10991690 -0.49388066
v -0.82224303 0.10991690 -0.48388195
v -0.83985549 0.12033576 -0.45981467
v -0.83030391 0.10991690 -0.47001436
v -0.84338903 0.10991690 -0.44634905
v -0.84935188 0.10689463 -0.43273270
v -0.35924026 0.36418486 -0.93960249
v -0.37006170 0.34994838 -0.93397510
v -0.39004821 0.34994838 -0.92563444
v -0.40158740 0.34994838 -0.92060995
v -0.34819797 0.35328877 -0.94281816
v -0.45398301 0.36999077 -0.89674366
v -0.46999431 0.36999077 -0.88815176
v -0.41158068 0.34994838 -0.91593719
v -0.43002129 0.34994838 -0.90699363
v -0.44211257 0.34994838 -0.90096420
v -0.48247212 0.36999077 -0.88126826
v -0.49246538 0.36999077 -0.87559056
v -0.51145810 0.37110424 -0.86458695
v -0.78133142 0.40673515 -0.43273270
v -0.34819797 -0.17409651 -0.43278295
v -0.51913249 0.36529830 -0.85936153
v -0.52813196 0.37110424 -0.85433704
v -0.53663450 0.35861751 -0.84765446
v -0.54364634 0.34994838 -0.84227824
v -0.55165195 0.32990599 -0.83444005
v -0.56655908 0.32990599 -0.82444137
v -0.57655233 0.32990599 -0.81750757
v -0.58825713 0.30994314 -0.80595124
v -0.59825039 0.30994314 -0.79861552
v -0.61006564 0.30994314 -0.78947097
v -0.61105943 0.29180956 -0.78545135
v -0.61840254 0.28648081 -0.77866834
v -0.63005215 0.28990075 -0.76997596
v -0.63993502 0.28011817 -0.75992703
v -0.65158463 0.26954022 -0.74751651
v -0.65925902 0.26277989 -0.73927641
v -0.67052215 0.26794955 -0.73038304
v -0.65743703 0.24997503 -0.73766851
v -0.66853452 0.24997503 -0.72766984
v -0.67852777 0.24997503 -0.71862578
v -0.68625736 0.22993264 -0.70581335
v -0.69625062 0.22993264 -0.69631708
v -0.70331770 0.20989025 -0.68330365
v -0.71331096 0.20989025 -0.67310393
v -0.72093016 0.19716492 -0.66099495
v -0.73810089 0.18563259 -0.63788235
v -0.74400848 0.16988501 -0.62486893
v -0.75400174 0.16988501 -0.61270964
v -0.74152398 0.15556902 -0.62190449
v -0.74975049 0.15063795 -0.60974520
v -0.75792176 0.14570688 -0.59743524
v -0.76526487 0.15135375 -0.59050143
v -0.77636242 0.14992215 -0.57507628
v -0.78122097 0.13632195 -0.56186187
v -0.78641087 0.12980023 -0.55110949
v -0.78337425 0.10991690 -0.54497963
v -0.79391962 0.10991690 -0.52915251
v -0.79872298 0.10323609 -0.51809865
v -0.80247736 0.09003358 -0.50403011
v -0.82025546 0.09910037 -0.48061603
v -0.83797830 0.10991690 -0.45639801
v -0.82356811 0.09138563 -0.46971291
v -0.84107018 0.09703250 -0.44207823
v -0.84233999 0.08796570 -0.43273270
v -0.35752872 0.34994838 -0.93894929
v -0.37006170 0.32998553 -0.93176430
v -0.40031755 0.33881372 -0.92005724
v -0.34819797 0.34994838 -0.94246644
v -0.45210582 0.34994838 -0.89573878
v -0.47187150 0.34867585 -0.88498640
v -0.48109180 0.35448179 -0.88051456
v -0.40821278 0.33125806 -0.91538447
v -0.43145677 0.33030367 -0.90402913
v -0.44073230 0.33714351 -0.90026081
v -0.48865578 0.34867585 -0.87554038
v -0.50775892 0.34994838 -0.86458695
v -0.77846038 0.40220177 -0.43273270
v -0.53663450 -0.03952616 -0.43273270
v -0.34819797 -0.35050136 -0.43278295
v -0.77194548 0.39066944 -0.43273270
v -0.51775217 0.34994838 -0.85855758
v -0.53000915 0.34994838 -0.85087013
v -0.53663450 0.34994838 -0.84669983
v -0.54165870 0.32990599 -0.84097189
v -0.54038888 0.31853274 -0.84016800
v -0.54822886 0.31105661 -0.83383715
v -0.56435061 0.30994314 -0.82293403
v -0.57434386 0.30994314 -0.81594998
v -0.58577263 0.28990075 -0.80414248
v -0.59576589 0.28990075 -0.79680669
v -0.60614562 0.26993787 -0.78464746
v -0.61613888 0.26993787 -0.77690977
v -0.62861669 0.26993787 -0.76691103
v -0.63855475 0.26993787 -0.75877136
v -0.64738858 0.24997503 -0.74636090
v -0.65428996 0.22993264 -0.73500556
v -0.66555309 0.22993264 -0.72495663
v -0.67554635 0.22993264 -0.71581203
v -0.68305510 0.20989025 -0.70284891
v -0.69304836 0.20989025 -0.69330239
v -0.70116448 0.19652866 -0.68114311
v -0.70988786 0.19016600 -0.66993850
v -0.71866649 0.18388286 -0.65858316
v -0.72540224 0.16988501 -0.64597172
v -0.73539555 0.16988501 -0.63486761
v -0.73075777 0.14777476 -0.63094854
v -0.73909467 0.14220741 -0.61904049
v -0.74500233 0.12987974 -0.60617781
v -0.75499558 0.12987974 -0.59376734
v -0.76278037 0.12987974 -0.58376867
v -0.77354658 0.12980023 -0.56909716
v -0.77884686 0.12303989 -0.55849552
v -0.77641761 0.10991690 -0.55497837
v -0.78100014 0.09743017 -0.54151273
v -0.78547227 0.09051077 -0.53050911
v -0.79607284 0.09003358 -0.51397860
v -0.80032414 0.07913751 -0.50061345
v -0.81258106 0.09138563 -0.48835373
v -0.81766051 0.08581831 -0.47614425
v -0.83449996 0.09027217 -0.44926327
v -0.82152534 0.07611524 -0.46282935
v -0.82550055 0.06967305 -0.45082086
v -0.83847523 0.08382998 -0.43720451
v -0.83698452 0.07428598 -0.43273270
v -0.34819797 0.33547333 -0.94090885
v -0.35465771 0.32998553 -0.93784392
v -0.39109725 0.33125806 -0.92307198
v -0.37006170 0.30994314 -0.92905104
v -0.38596258 0.30994314 -0.92246902
v -0.39844036 0.32553166 -0.91920310
v -0.44846189 0.33030367 -0.89533681
v -0.46844840 0.32998553 -0.88458443
v -0.47976673 0.34119973 -0.87976092
v -0.41003475 0.30994314 -0.91156590
v -0.42703986 0.30994314 -0.90337598
v -0.43902075 0.32378194 -0.89940661
v -0.48998085 0.32998553 -0.87247539
v -0.50566089 0.32998553 -0.86333084
v -0.53663450 -0.28075066 -0.43273270
v -0.37144199 -0.34413868 -0.43278295
v -0.37966847 -0.33984390 -0.43971676
v -0.36636254 -0.34167317 -0.44539440
v -0.35841209 -0.33952576 -0.45870930
v -0.34819797 -0.34087783 -0.46267861
v -0.51570934 0.32998553 -0.85725123
v -0.53000915 0.32998553 -0.84830761
v -0.53663450 0.32990599 -0.84413731
v -0.53663450 0.31543094 -0.84207726
v -0.53873253 0.30517113 -0.83911288
v -0.55005085 0.28990075 -0.82891315
v -0.56175566 0.28990075 -0.82112521
v -0.57174891 0.28990075 -0.81414115
v -0.58290166 0.26993787 -0.80203217
v -0.59289491 0.26993787 -0.79464614
v -0.60310900 0.24997503 -0.78233618
v -0.61310226 0.24997503 -0.77449799
v -0.62569046 0.24997503 -0.76449931
v -0.63562852 0.24997503 -0.75635964
v -0.64429671 0.22993264 -0.74364769
v -0.64175701 0.21490085 -0.74148715
v -0.64904487 0.20885631 -0.73329723
v -0.66224045 0.20989025 -0.72204238
v -0.67228889 0.20989025 -0.71284759
v -0.68090189 0.19732399 -0.70083910
v -0.68990135 0.19024552 -0.68983549
v -0.69884557 0.18316706 -0.67883188
v -0.70618868 0.16988501 -0.66647160
v -0.71618193 0.16988501 -0.65592021
v -0.72247607 0.15342161 -0.64270580
v -0.71993631 0.14006001 -0.63999259
v -0.72672737 0.12987974 -0.62773287
v -0.73672062 0.12987974 -0.61617655
v -0.74202091 0.11460936 -0.60256022
v -0.73942596 0.10132730 -0.59939480
v -0.75008178 0.10967830 -0.59014976
v -0.76062715 0.11810882 -0.58090472
v -0.76554096 0.11087130 -0.57055426
v -0.76250434 0.09003358 -0.56351995
v -0.77299452 0.09051077 -0.54894900
v -0.77823961 0.08406857 -0.53754342
v -0.78271168 0.07357018 -0.52422851
v -0.79010999 0.06967305 -0.51026046
v -0.79750836 0.06577592 -0.49609143
v -0.80380243 0.07142278 -0.48966008
v -0.81489992 0.06967305 -0.46971291
v -0.81881994 0.06283318 -0.45795560
v -0.82246387 0.05440266 -0.44464073
v -0.83383745 0.06657125 -0.43273270
v -0.83488643 0.06911632 -0.43273270
v -0.34819797 0.32998553 -0.94025564
v -0.34819797 0.32219127 -0.93930101
v -0.34819797 0.30970454 -0.93759269
v -0.34819797 0.30723900 -0.93724096
v -0.35007516 0.28998029 -0.93377411
v -0.37006170 0.28998029 -0.92588568
v -0.38226342 0.28998029 -0.92086118
v -0.39595586 0.30994314 -0.91809773
v -0.45000780 0.30994314 -0.89166892
v -0.46590868 0.30994314 -0.88317752
v -0.47844166 0.32998553 -0.87900722
v -0.41003475 0.28998029 -0.90829998
v -0.42372715 0.28998029 -0.90171790
v -0.43703312 0.30994314 -0.89840174
v -0.47590196 0.30994314 -0.87760037
v -0.48998085 0.30994314 -0.86956120
v -0.50328678 0.30994314 -0.86187375
v -0.54502660 -0.27613771 -0.43273270
v -0.53751785 -0.27852371 -0.43695328
v -0.52934659 -0.28464779 -0.43278295
v -0.50996739 -0.29435086 -0.43278295
v -0.50505358 -0.29673684 -0.43278295
v -0.49296227 -0.30214512 -0.43278295
v -0.48915267 -0.30381531 -0.43278295
v -0.45630190 -0.31709737 -0.43278295
v -0.45304441 -0.31829038 -0.43278295
v -0.44553566 -0.32099450 -0.43278295
v -0.43278185 -0.32552791 -0.43278295
v -0.40854403 -0.33332217 -0.43278295
v -0.39004821 -0.33888951 -0.43278295
v -0.39004821 -0.33316308 -0.45006716
v -0.34819797 -0.33769649 -0.47172269
v -0.39164937 -0.32505071 -0.47172269
v -0.37006170 -0.33204964 -0.47001436
v -0.35007516 -0.33053851 -0.49001181
v -0.51328003 0.30994314 -0.85579413
v -0.52658600 0.28998029 -0.84408706
v -0.53663450 0.29037794 -0.83780646
v -0.55087900 0.27152854 -0.82469261
v -0.56020975 0.27932280 -0.82007003
v -0.56816018 0.27152854 -0.81283480
v -0.58096921 0.25721258 -0.80062532
v -0.58858842 0.25029317 -0.79323930
v -0.60101098 0.23724970 -0.78067809
v -0.62237781 0.22993264 -0.76183629
v -0.63231581 0.22993264 -0.75364637
v -0.62044537 0.21879798 -0.76027870
v -0.62999696 0.21020839 -0.74987805
v -0.63938290 0.20153925 -0.73947734
v -0.66041845 0.19883512 -0.72028381
v -0.67852777 0.18404193 -0.69857806
v -0.68642300 0.16988501 -0.68616760
v -0.69641626 0.16988501 -0.67642009
v -0.70254475 0.14992215 -0.66260278
v -0.71397352 0.14801335 -0.64963961
v -0.70039147 0.13894655 -0.66044223
v -0.70657516 0.13131136 -0.65049380
v -0.71789348 0.12987974 -0.63773161
v -0.72269690 0.10991690 -0.62311035
v -0.73379439 0.10872389 -0.60959446
v -0.75808740 0.10482676 -0.57753831
v -0.72037804 0.09902084 -0.62049758
v -0.72573352 0.09138563 -0.61024767
v -0.72236562 0.06999118 -0.60281146
v -0.72004676 0.05989045 -0.60009819
v -0.73688626 0.09003358 -0.59627962
v -0.74180007 0.07587665 -0.58241206
v -0.74494708 0.09003358 -0.58628088
v -0.76029587 0.07921705 -0.56050527
v -0.76438153 0.07150231 -0.54985338
v -0.77614152 0.06808238 -0.53050911
v -0.77984071 0.06028812 -0.51990747
v -0.78398156 0.05010786 -0.50629115
v -0.79441655 0.04986926 -0.48966008
v -0.80159402 0.05623192 -0.48272631
v -0.80579007 0.04986926 -0.47066754
v -0.80253255 0.03459886 -0.46448743
v -0.81655627 0.04859672 -0.45082086
v -0.81948251 0.04104106 -0.43921429
v -0.82643914 0.04923299 -0.43273270
v -0.34819797 0.28998029 -0.93442726
v -0.34819797 0.26985836 -0.93075943
v -0.35007516 0.26993787 -0.93005598
v -0.37022734 0.27176714 -0.92246902
v -0.38022059 0.27956140 -0.91995674
v -0.39225668 0.28998029 -0.91643965
v -0.45000780 0.28998029 -0.88840300
v -0.46292728 0.28998029 -0.88151950
v -0.47292054 0.28998029 -0.87599254
v -0.41119421 0.27001742 -0.90402913
v -0.42129788 0.27677774 -0.90051204
v -0.43372044 0.28998029 -0.89674366
v -0.50135440 0.29554760 -0.86071813
v -0.54977477 -0.27335405 -0.43273270
v -0.56225258 -0.26134452 -0.44278169
v -0.55010605 -0.26516214 -0.44971547
v -0.53663450 -0.27247921 -0.45056963
v -0.53045082 -0.27581960 -0.45092136
v -0.51835954 -0.27908045 -0.45820683
v -0.52410150 -0.28210273 -0.44484171
v -0.49726874 -0.29872519 -0.43695328
v -0.51101637 -0.28599986 -0.45092136
v -0.48390758 -0.30158839 -0.44423878
v -0.47060165 -0.30469018 -0.45056963
v -0.44067708 -0.32011965 -0.44067138
v -0.44840667 -0.31431371 -0.44845933
v -0.41003475 -0.32695949 -0.45006716
v -0.42819929 -0.32163078 -0.44845933
v -0.34819797 -0.33101571 -0.49001181
v -0.41003475 -0.32171029 -0.46483916
v -0.39943415 -0.31964242 -0.47951064
v -0.38607299 -0.32186937 -0.48498732
v -0.37072423 -0.32417583 -0.49101669
v -0.36448535 -0.32123309 -0.50342715
v -0.34935743 -0.32306236 -0.51005948
v -0.50880796 0.28926450 -0.85499024
v -0.52349418 0.26993787 -0.84212756
v -0.53663450 0.27025604 -0.83373666
v -0.54535788 0.24997503 -0.82348669
v -0.55811173 0.26604074 -0.81866318
v -0.57119679 0.25029317 -0.80580056
v -0.57870555 0.24385096 -0.79896724
v -0.60863018 0.23033030 -0.77278966
v -0.59863687 0.22388811 -0.77886927
v -0.61078340 0.21124232 -0.76565492
v -0.61796087 0.20543638 -0.75826895
v -0.62723637 0.18992740 -0.74585843
v -0.63717443 0.18992740 -0.73756808
v -0.65075648 0.19127946 -0.72626299
v -0.65793395 0.18555306 -0.71807307
v -0.66588438 0.16988501 -0.70536113
v -0.67587763 0.16988501 -0.69611609
v -0.68255824 0.14992215 -0.68244946
v -0.69255149 0.14992215 -0.67260152
v -0.68034977 0.13910562 -0.68038946
v -0.68901795 0.13234529 -0.66903412
v -0.69763094 0.12558496 -0.65757829
v -0.70375937 0.10991690 -0.64406246
v -0.71375263 0.10991690 -0.63310909
v -0.75494039 0.09003358 -0.57351869
v -0.70110923 0.09750970 -0.64119846
v -0.70922530 0.09162424 -0.62918997
v -0.71739662 0.08573878 -0.61703074
v -0.73876345 0.06251505 -0.57854319
v -0.71369743 0.06999118 -0.61281013
v -0.70088840 0.05822025 -0.62105030
v -0.70878363 0.05249386 -0.60863984
v -0.70331770 0.03404213 -0.60386658
v -0.71662366 0.04668792 -0.59607863
v -0.72214478 0.03595093 -0.58271348
v -0.72457409 0.05201666 -0.58964729
v -0.73572677 0.05010786 -0.57467437
v -0.75725925 0.06593499 -0.55638522
v -0.76206261 0.05551612 -0.54307032
v -0.76725250 0.04939206 -0.53116232
v -0.77752185 0.05010786 -0.51628983
v -0.78111058 0.03762113 -0.50186956
v -0.79861259 0.04302939 -0.47780234
v -0.79607284 0.02879293 -0.47066754
v -0.79938555 0.02131680 -0.45906100
v -0.82566619 0.04748326 -0.43273270
v -0.81788135 0.03022453 -0.43273270
v -0.34819797 0.26802909 -0.93040770
v -0.36282900 0.24997503 -0.92106217
v -0.37701833 0.26627934 -0.91865039
v -0.38811582 0.27176714 -0.91488206
v -0.45105684 0.27049464 -0.88418245
v -0.46088445 0.27757308 -0.88036382
v -0.48716509 0.26993787 -0.86408454
v -0.49931157 0.28218603 -0.85951221
v -0.49158198 0.28926450 -0.86524016
v -0.39004821 0.24997503 -0.90945560
v -0.40545219 0.24997503 -0.90242136
v -0.41859251 0.26341617 -0.89920568
v -0.42880660 0.27001742 -0.89543730
v -0.56727684 -0.26301473 -0.43273270
v -0.57561374 -0.25704974 -0.43418980
v -0.55678666 -0.25792459 -0.45614678
v -0.54348069 -0.26198080 -0.46398500
v -0.53663450 -0.26420772 -0.46740162
v -0.51101637 -0.27653539 -0.47127050
v -0.49870425 -0.27931905 -0.47875696
v -0.50505358 -0.28250039 -0.46544209
v -0.49036735 -0.29610059 -0.45056963
v -0.46430755 -0.30174744 -0.46433669
v -0.47761351 -0.29880470 -0.45755365
v -0.45050472 -0.30476972 -0.47061729
v -0.43361002 -0.31773365 -0.45398629
v -0.42030406 -0.32004011 -0.46026689
v -0.34819797 -0.32330096 -0.51005948
v -0.39164937 -0.31757456 -0.49101669
v -0.42819929 -0.31415462 -0.46820557
v -0.41003475 -0.31176865 -0.49001181
v -0.37784651 -0.31916523 -0.49830222
v -0.37072423 -0.31662017 -0.51005948
v -0.35548589 -0.31852898 -0.51674205
v -0.34819797 -0.31964242 -0.51935482
v -0.53348744 0.26993787 -0.83569622
v -0.51002258 0.26993787 -0.85046816
v -0.52123052 0.25657630 -0.84067047
v -0.53663450 0.24997503 -0.82916439
v -0.54237646 0.23398884 -0.82152712
v -0.55535114 0.24997503 -0.81675386
v -0.56611741 0.22993264 -0.80419266
v -0.57611066 0.22993264 -0.79710817
v -0.58593827 0.20989025 -0.78434598
v -0.59593153 0.20989025 -0.77680928
v -0.60487580 0.18992740 -0.76379585
v -0.61486906 0.18992740 -0.75580692
v -0.62320596 0.16988501 -0.74254227
v -0.63314402 0.16988501 -0.73420167
v -0.64490402 0.16988501 -0.72420293
v -0.65489733 0.16988501 -0.71535987
v -0.66262692 0.15342161 -0.70239669
v -0.66958356 0.14801335 -0.69385505
v -0.65992153 0.14006001 -0.69988441
v -0.67046690 0.13147041 -0.68651932
v -0.66389674 0.10991690 -0.68375587
v -0.67742354 0.12574401 -0.67757571
v -0.68415934 0.10991690 -0.66416037
v -0.69415259 0.10991690 -0.65406114
v -0.68128836 0.09719157 -0.66129643
v -0.67808610 0.08398904 -0.65808076
v -0.69796216 0.08422764 -0.63788235
v -0.70370418 0.06999118 -0.62416548
v -0.74069583 0.03865507 -0.56100774
v -0.74345636 0.05010786 -0.56462538
v -0.68128836 0.05750445 -0.64139944
v -0.68934923 0.05122132 -0.62939095
v -0.69741011 0.04501773 -0.61718148
v -0.69448388 0.06999118 -0.63421446
v -0.69437343 0.02839527 -0.61034817
v -0.69967377 0.02068054 -0.59964603
v -0.71861124 0.02266887 -0.57829195
v -0.75416738 0.04939206 -0.54985338
v -0.75891560 0.04215453 -0.53859854
v -0.76278037 0.03006547 -0.52422851
v -0.76018548 0.01964660 -0.52040994
v -0.77785307 0.02433907 -0.49674463
v -0.78514099 0.03070173 -0.49006206
v -0.78210437 0.01590854 -0.48337948
v -0.78652132 0.00962541 -0.47076803
v -0.79712188 0.00827334 -0.45142376
v -0.79977202 0.00047908 -0.43966651
v -0.80308473 0.01384068 -0.44569588
v -0.81628025 0.02688413 -0.43273270
v -0.34819797 0.24997503 -0.92668957
v -0.35007516 0.24997503 -0.92598617
v -0.36012363 0.23987430 -0.91990650
v -0.37282225 0.24997503 -0.91689181
v -0.45839995 0.26421148 -0.87900722
v -0.44542527 0.24997503 -0.88272536
v -0.46850362 0.27049464 -0.87468618
v -0.48341072 0.24997503 -0.86187375
v -0.49715835 0.26993787 -0.85825610
v -0.39120767 0.22961451 -0.90423012
v -0.40208429 0.23597717 -0.90086377
v -0.41544545 0.24997503 -0.89769828
v -0.43002129 0.24997503 -0.89056355
v -0.57401258 -0.25871992 -0.43273270
v -0.58003062 -0.25474328 -0.43273270
v -0.59300530 -0.24599460 -0.43273270
v -0.59885776 -0.23907521 -0.43841037
v -0.58428192 -0.24281326 -0.45006716
v -0.58025151 -0.24010915 -0.46031713
v -0.56937486 -0.25299352 -0.44971547
v -0.56887794 -0.24337000 -0.46825582
v -0.56142437 -0.24090448 -0.48162091
v -0.55010605 -0.25442514 -0.47041631
v -0.53762829 -0.25848132 -0.47735012
v -0.52421194 -0.26237845 -0.48458534
v -0.51074034 -0.26651418 -0.49076548
v -0.47855210 -0.27923954 -0.49860367
v -0.48539829 -0.28250039 -0.48528880
v -0.49125069 -0.28639752 -0.47127050
v -0.50461185 -0.26237845 -0.50473356
v -0.49075383 -0.26651418 -0.51086342
v -0.47060165 -0.29625964 -0.47061729
v -0.45751655 -0.29880470 -0.47770184
v -0.44421059 -0.30158839 -0.48398244
v -0.43013167 -0.30429250 -0.49036354
v -0.39004821 -0.31025749 -0.51005948
v -0.42356154 -0.30127025 -0.50307548
v -0.40230516 -0.30079305 -0.52186704
v -0.34935743 -0.31518859 -0.52895153
v -0.37006170 -0.30818963 -0.53005695
v -0.34819797 -0.31598389 -0.52779591
v -0.51123726 0.24997503 -0.84529293
v -0.51874602 0.24329424 -0.83911288
v -0.53663450 0.23096657 -0.82444137
v -0.53972632 0.22062725 -0.81976861
v -0.54944354 0.22834197 -0.81524658
v -0.56219739 0.20989025 -0.80147946
v -0.57219064 0.20989025 -0.79434472
v -0.58268082 0.19374499 -0.78188401
v -0.58958220 0.18825719 -0.77495021
v -0.60194957 0.17545232 -0.76143432
v -0.59907860 0.16209075 -0.75922358
v -0.62077665 0.15827313 -0.74053252
v -0.64192265 0.15533040 -0.72164047
v -0.65092206 0.14769521 -0.71078753
v -0.63905162 0.14204834 -0.71917844
v -0.64766461 0.12987974 -0.70681822
v -0.65765786 0.12987974 -0.69782442
v -0.65313053 0.10991690 -0.69365406
v -0.66108096 0.09766877 -0.68109286
v -0.67394525 0.10991690 -0.67415911
v -0.66958356 0.09074937 -0.66963702
v -0.66455930 0.06999118 -0.66451210
v -0.67460775 0.06999118 -0.65456361
v -0.68449062 0.06999118 -0.64456487
v -0.73721749 0.02537300 -0.55638522
v -0.74218655 0.01590854 -0.54307032
v -0.74511272 0.03125846 -0.54985338
v -0.66135705 0.05742492 -0.66134667
v -0.66952831 0.05090319 -0.64958936
v -0.67769963 0.04430193 -0.63773161
v -0.68327594 0.03006547 -0.62351233
v -0.68029457 0.01964660 -0.62034690
v -0.68537402 0.01177281 -0.60959446
v -0.68233734 -0.00365665 -0.60266072
v -0.69647151 0.01010261 -0.59607863
v -0.70144051 -0.00230458 -0.58180910
v -0.70502925 0.01010261 -0.58602965
v -0.71502250 0.01010261 -0.57397091
v -0.72021240 -0.00031625 -0.56035459
v -0.72308338 0.01010261 -0.56392193
v -0.75587893 0.03006547 -0.53422725
v -0.74941921 0.01113654 -0.52930325
v -0.75665188 0.00628501 -0.51513422
v -0.76112401 -0.00206599 -0.50181937
v -0.76355332 0.01177281 -0.50910485
v -0.77868128 0.00262648 -0.47790280
v -0.78265649 -0.00484965 -0.46458793
v -0.80678385 0.00731894 -0.43273270
v -0.77901256 -0.01829078 -0.45840782
v -0.78282213 -0.02505111 -0.44509292
v -0.79640412 -0.01264391 -0.43273270
v -0.79772919 -0.01017838 -0.43273270
v -0.34819797 0.24814576 -0.92628759
v -0.34819797 0.22858058 -0.92186606
v -0.35603800 0.22651272 -0.91834891
v -0.36807409 0.23192097 -0.91468108
v -0.45541853 0.24997503 -0.87744963
v -0.46999431 0.24997503 -0.86941046
v -0.44222301 0.23542044 -0.88101703
v -0.48092619 0.23788597 -0.86041665
v -0.49340397 0.24997503 -0.85604537
v -0.38496876 0.20996979 -0.90211987
v -0.39860600 0.22261557 -0.89925587
v -0.40926179 0.22961451 -0.89588952
v -0.43145677 0.22921684 -0.88498640
v -0.60758114 -0.23549622 -0.43273270
v -0.61199802 -0.23215580 -0.43273270
v -0.62094229 -0.22070301 -0.44127434
v -0.60266733 -0.22197554 -0.46343231
v -0.59433037 -0.23581433 -0.45006716
v -0.58880925 -0.22905400 -0.46855727
v -0.57478559 -0.23613247 -0.47363198
v -0.58400589 -0.22285041 -0.48468584
v -0.56987172 -0.22984934 -0.48986107
v -0.55546159 -0.23684826 -0.49498606
v -0.54933310 -0.24448347 -0.48900691
v -0.53663450 -0.24782386 -0.49684510
v -0.51791781 -0.25871992 -0.49790025
v -0.45823431 -0.27908045 -0.51840013
v -0.46519095 -0.28234133 -0.50508523
v -0.47115377 -0.28623846 -0.49116743
v -0.49793130 -0.25871992 -0.51804841
v -0.48462534 -0.26237845 -0.52442950
v -0.45050472 -0.29602104 -0.49036354
v -0.45094639 -0.28599986 -0.51106441
v -0.43686748 -0.29872519 -0.49729729
v -0.38828146 -0.30246323 -0.52915251
v -0.41561109 -0.29824799 -0.51639032
v -0.40942740 -0.29443038 -0.52915251
v -0.39374739 -0.29761171 -0.53523213
v -0.38044143 -0.30007726 -0.54035711
v -0.34819797 -0.30564457 -0.55090857
v -0.37006170 -0.30182698 -0.54397476
v -0.50604737 0.23001218 -0.84363484
v -0.51604062 0.23001218 -0.83740449
v -0.53663450 0.21792310 -0.82102472
v -0.53663450 0.20989025 -0.81876367
v -0.53746265 0.20989025 -0.81821096
v -0.55005085 0.20989025 -0.80976987
v -0.56009936 0.19970998 -0.80002236
v -0.57986504 0.18038340 -0.77982396
v -0.59145939 0.16924873 -0.76736325
v -0.58632475 0.14992215 -0.76470023
v -0.59631801 0.14992215 -0.75711328
v -0.61072820 0.15095608 -0.74600917
v -0.61779523 0.14499107 -0.73812073
v -0.62994176 0.15016074 -0.72988057
v -0.62640822 0.12987974 -0.72530830
v -0.63634628 0.12987974 -0.71681696
v -0.64313728 0.10991690 -0.70274842
v -0.64054233 0.09878223 -0.70043713
v -0.64915532 0.09154470 -0.68928277
v -0.65787870 0.08438671 -0.67792743
v -0.65412432 0.06999118 -0.67451078
v -0.73362875 0.00962541 -0.54985338
v -0.73859781 0.00254695 -0.53819656
v -0.64103925 0.05814072 -0.68094212
v -0.64937615 0.05114179 -0.66943610
v -0.65771306 0.04422239 -0.65777928
v -0.66367590 0.03006547 -0.64376098
v -0.67372441 0.03006547 -0.63356125
v -0.66052884 0.01908987 -0.64059556
v -0.66842407 0.01272721 -0.62843633
v -0.67626411 0.00628501 -0.61597556
v -0.66290295 -0.00445198 -0.62311035
v -0.67052215 -0.01065558 -0.61059940
v -0.67808610 -0.01693871 -0.59793770
v -0.68984610 -0.00970118 -0.58984828
v -0.69735485 -0.01566618 -0.57688510
v -0.70878363 -0.00803098 -0.56864494
v -0.70287603 -0.02441484 -0.56357026
v -0.71618193 -0.01359832 -0.55522960
v -0.72137183 -0.02218791 -0.54186445
v -0.72413242 -0.00819005 -0.54914999
v -0.74334598 -0.00580405 -0.52483147
v -0.75035781 -0.01065558 -0.51061219
v -0.75736964 -0.01542758 -0.49614167
v -0.76173139 -0.02298325 -0.48277655
v -0.76493365 -0.00914445 -0.48966008
v -0.77569985 -0.01089418 -0.47076803
v -0.76565135 -0.02974357 -0.47001436
v -0.76195222 -0.04318470 -0.46333182
v -0.77603114 -0.03101610 -0.45107207
v -0.77906775 -0.03841271 -0.43841037
v -0.78530663 -0.03268630 -0.43273270
v -0.34819797 0.22030911 -0.91985631
v -0.37006170 0.20996979 -0.90845072
v -0.34963349 0.20957212 -0.91664064
v -0.44929004 0.22921684 -0.87569106
v -0.47076729 0.23072797 -0.86433578
v -0.43902075 0.22205885 -0.87940919
v -0.47794476 0.22452438 -0.85875857
v -0.48854536 0.23072797 -0.85413605
v -0.39501727 0.20996979 -0.89764810
v -0.38143525 0.19780119 -0.90051204
v -0.41003475 0.20996979 -0.89056355
v -0.42588043 0.20996979 -0.88282585
v -0.62392372 -0.22300950 -0.43273270
v -0.62419975 -0.20336476 -0.46549234
v -0.61597329 -0.21664682 -0.45463943
v -0.63397217 -0.21481755 -0.43273270
v -0.64225388 -0.20185363 -0.44323388
v -0.63750571 -0.19779742 -0.45659900
v -0.61089385 -0.21060228 -0.47111976
v -0.59736705 -0.21783981 -0.47674716
v -0.57826388 -0.21863514 -0.49805099
v -0.56495792 -0.22348669 -0.50553745
v -0.55054778 -0.23024702 -0.51061219
v -0.53575110 -0.23716640 -0.51563668
v -0.54215562 -0.24122262 -0.50227153
v -0.53663450 -0.24289280 -0.50533646
v -0.52945697 -0.24496067 -0.50940633
v -0.51074034 -0.25545907 -0.51086342
v -0.43730918 -0.27868280 -0.53779465
v -0.44487315 -0.28210273 -0.52442950
v -0.47054642 -0.26619607 -0.53065985
v -0.45094639 -0.27605820 -0.53065985
v -0.50947046 -0.24511975 -0.52950424
v -0.50251383 -0.24146122 -0.54241717
v -0.47755828 -0.25864041 -0.53779465
v -0.43013167 -0.29554385 -0.50985849
v -0.43040776 -0.28528404 -0.53065985
v -0.42400324 -0.28162551 -0.54317081
v -0.40926179 -0.28409106 -0.54990363
v -0.38828146 -0.29307830 -0.54819530
v -0.37006170 -0.29689592 -0.55397344
v -0.35747349 -0.29904333 -0.55834478
v -0.34819797 -0.30063397 -0.56135947
v -0.50262427 0.21410552 -0.84152460
v -0.50958091 0.20845865 -0.83564591
v -0.52741420 0.20996979 -0.82474279
v -0.53663450 0.20639078 -0.81775880
v -0.55032694 0.19175665 -0.80429316
v -0.55711794 0.18642792 -0.79791212
v -0.56749767 0.16988501 -0.78530061
v -0.57749093 0.16988501 -0.77806538
v -0.57290840 0.14992215 -0.77474922
v -0.58268082 0.13433361 -0.76198703
v -0.58963740 0.12860721 -0.75450057
v -0.60437888 0.12987974 -0.74344671
v -0.61437213 0.12987974 -0.73525679
v -0.60139745 0.11715443 -0.74103492
v -0.62276429 0.11437076 -0.72224337
v -0.62966567 0.10856483 -0.71395296
v -0.61950678 0.10100917 -0.71953017
v -0.63027304 0.09122657 -0.70596409
v -0.63711923 0.08557971 -0.69742244
v -0.64413106 0.06999118 -0.68380612
v -0.73572677 -0.01153044 -0.53091109
v -0.62878233 0.05225526 -0.68888080
v -0.63722968 0.04485866 -0.67752546
v -0.63297838 0.06999118 -0.69375455
v -0.62027973 0.05957232 -0.70013565
v -0.64357895 0.03006547 -0.66345692
v -0.65357220 0.03006547 -0.65375972
v -0.64043194 0.01940801 -0.66039199
v -0.64838237 0.01256814 -0.64848399
v -0.65644324 0.00580781 -0.63647544
v -0.65081167 -0.01113278 -0.63089830
v -0.65854126 -0.01781358 -0.61858833
v -0.66378635 -0.02990264 -0.60416806
v -0.66030800 -0.04032150 -0.60039967
v -0.67482865 -0.03157284 -0.59075266
v -0.68399370 -0.02592597 -0.58457255
v -0.67957681 -0.03936710 -0.57954806
v -0.69128162 -0.03189097 -0.57155913
v -0.69856954 -0.03777643 -0.55834478
v -0.70999825 -0.02998217 -0.55010462
v -0.73953640 -0.01916564 -0.51940501
v -0.71723098 -0.03546997 -0.53628731
v -0.72578871 -0.02934591 -0.52980572
v -0.74312514 -0.02990264 -0.50468332
v -0.75322878 -0.02974357 -0.48966008
v -0.75786656 -0.03634483 -0.47669691
v -0.75367051 -0.04986550 -0.47001436
v -0.75786656 -0.05654629 -0.45649850
v -0.76570660 -0.04986550 -0.44991642
v -0.76173139 -0.06274989 -0.44318363
v -0.77652800 -0.04787716 -0.43273270
v -0.34819797 0.21084465 -0.91749477
v -0.37033775 0.19064319 -0.90327549
v -0.34819797 0.20869724 -0.91694206
v -0.34819797 0.18976833 -0.91196787
v -0.35007516 0.19000693 -0.91131467
v -0.45000780 0.20996979 -0.87031490
v -0.46452838 0.20996979 -0.86242646
v -0.43587369 0.20996979 -0.87780136
v -0.47452167 0.20996979 -0.85679901
v -0.49180281 0.20845865 -0.84639835
v -0.38888878 0.19064319 -0.89518607
v -0.41108376 0.18968879 -0.88458443
v -0.37718397 0.18443960 -0.89870322
v -0.42218125 0.19613099 -0.88101703
v -0.61906511 -0.19906995 -0.47880721
v -0.63634628 -0.21282923 -0.43273270
v -0.64711249 -0.20376241 -0.43273270
v -0.65555984 -0.19596815 -0.43343613
v -0.65025955 -0.19024177 -0.45041889
v -0.65832043 -0.17831177 -0.45760390
v -0.64374459 -0.18332237 -0.47001436
v -0.64004546 -0.17998196 -0.48011357
v -0.60443407 -0.20352381 -0.49006206
v -0.60023803 -0.20010388 -0.50026178
v -0.59046561 -0.21394268 -0.49081573
v -0.57097596 -0.21513569 -0.51131558
v -0.55893987 -0.21911234 -0.51885235
v -0.58102447 -0.20066062 -0.52111334
v -0.54563391 -0.22380480 -0.52593684
v -0.53083730 -0.23048562 -0.53091109
v -0.52244514 -0.24146122 -0.52252018
v -0.44995260 -0.26555979 -0.55030560
v -0.43040776 -0.27502427 -0.54990363
v -0.46419713 -0.26213986 -0.54382402
v -0.51581979 -0.23716640 -0.53583509
v -0.51079553 -0.23048562 -0.55080807
v -0.49528116 -0.23700735 -0.55578232
v -0.48192000 -0.24106354 -0.56176138
v -0.48915267 -0.24472207 -0.54950166
v -0.47054642 -0.25474328 -0.55030560
v -0.45663315 -0.25816321 -0.55713892
v -0.41544545 -0.27796698 -0.55648571
v -0.40208429 -0.28075066 -0.56156045
v -0.39004821 -0.28313667 -0.56583124
v -0.37166283 -0.28687471 -0.57181036
v -0.34819797 -0.29586199 -0.57045376
v -0.49964285 0.20074391 -0.83966553
v -0.51002258 0.19000693 -0.83001852
v -0.52299726 0.19000693 -0.82182860
v -0.53663450 0.19032505 -0.81298554
v -0.54337025 0.16988501 -0.80218291
v -0.55336356 0.16988501 -0.79529935
v -0.56291509 0.14992215 -0.78198445
v -0.56037539 0.13926467 -0.78017569
v -0.56992698 0.13011836 -0.76987547
v -0.57947850 0.12105156 -0.75957531
v -0.57671797 0.10991690 -0.75741476
v -0.59808475 0.10379283 -0.73837197
v -0.61045212 0.10904203 -0.73033279
v -0.60669774 0.09003358 -0.72545904
v -0.60277772 0.07492225 -0.72224337
v -0.61669099 0.09003358 -0.71711838
v -0.60967916 0.06895725 -0.71360129
v -0.62304032 0.06999118 -0.70254743
v -0.61641496 0.04636979 -0.69676924
v -0.62392372 0.03372400 -0.68350464
v -0.61983806 0.02036240 -0.67983675
v -0.63032824 0.02823620 -0.67461127
v -0.59913379 0.06164018 -0.71917844
v -0.60984480 0.05185759 -0.70521039
v -0.60310900 0.03507607 -0.70259768
v -0.62972093 0.01169328 -0.66566771
v -0.63612545 0.00604641 -0.65632218
v -0.64308208 -0.00453152 -0.64300728
v -0.63855475 -0.01781358 -0.63868624
v -0.64059752 -0.04071917 -0.62064832
v -0.64799589 -0.04724090 -0.60798663
v -0.65544939 -0.05376263 -0.59517419
v -0.66489059 -0.04819530 -0.58914483
v -0.67593282 -0.04994503 -0.57532752
v -0.68449062 -0.04994503 -0.56527853
v -0.68068105 -0.06084109 -0.56085700
v -0.69525683 -0.05137663 -0.55100906
v -0.69945288 -0.05909136 -0.53930199
v -0.70386982 -0.04572976 -0.54497963
v -0.72214478 -0.04318470 -0.52297240
v -0.74003327 -0.04016244 -0.50021148
v -0.74301469 -0.04803623 -0.48840398
v -0.74036455 -0.06052296 -0.48061603
v -0.74306989 -0.06831722 -0.46825582
v -0.74014372 -0.08016768 -0.46041763
v -0.75333923 -0.06966929 -0.44991642
v -0.75748008 -0.07611148 -0.43564692
v -0.76095843 -0.07316875 -0.43273270
v -0.76421589 -0.06791955 -0.43273270
v -0.36387801 0.17433886 -0.90146667
v -0.34819797 0.18809813 -0.91151565
v -0.35162109 0.16861247 -0.90478283
v -0.35929546 0.16097727 -0.89960760
v -0.45078075 0.19032505 -0.86448646
v -0.46143657 0.19724445 -0.86071813
v -0.42930353 0.18968879 -0.87554038
v -0.48699945 0.19000693 -0.84398657
v -0.39004821 0.16996454 -0.88885522
v -0.40462404 0.16996454 -0.88212240
v -0.41842687 0.18284893 -0.87910771
v -0.37033775 0.16861247 -0.89714563
v -0.43002129 0.16996454 -0.86951095
v -0.62883753 -0.18419723 -0.48810250
v -0.61448258 -0.19517282 -0.49006206
v -0.65484208 -0.19700208 -0.43273270
v -0.65682971 -0.19517282 -0.43273270
v -0.66632605 -0.18626510 -0.43273270
v -0.66279256 -0.18260656 -0.44428903
v -0.67057735 -0.17059705 -0.45092136
v -0.67836213 -0.15818985 -0.45760390
v -0.66400719 -0.16399577 -0.47001436
v -0.66036326 -0.16033724 -0.48051554
v -0.65373784 -0.17401697 -0.47001436
v -0.62138397 -0.18101591 -0.50161839
v -0.64186740 -0.16168931 -0.50237203
v -0.62889272 -0.16892684 -0.50865263
v -0.60796762 -0.18817391 -0.50759751
v -0.60233605 -0.18189077 -0.52267092
v -0.59433037 -0.19525236 -0.51357663
v -0.56898838 -0.20463729 -0.52870035
v -0.53928465 -0.21935096 -0.53925174
v -0.55143112 -0.21585149 -0.53161454
v -0.58869886 -0.18881017 -0.52854955
v -0.57495117 -0.19572955 -0.53442824
v -0.56159002 -0.20113781 -0.54166347
v -0.52586824 -0.22388434 -0.54583383
v -0.44327199 -0.26150361 -0.56271607
v -0.42897224 -0.26420772 -0.56964988
v -0.51907724 -0.21927142 -0.55919892
v -0.50577134 -0.22364575 -0.56532878
v -0.49020171 -0.23008794 -0.57020253
v -0.47419041 -0.23645061 -0.57507628
v -0.46082923 -0.24034774 -0.58075398
v -0.46850362 -0.24384719 -0.56904691
v -0.44995260 -0.25362980 -0.56964988
v -0.40926179 -0.27335405 -0.56899667
v -0.39004821 -0.27748978 -0.57588023
v -0.37939242 -0.27971673 -0.57959831
v -0.36608648 -0.28210273 -0.58386916
v -0.34819797 -0.28528404 -0.58959705
v -0.49699271 0.19000693 -0.83810794
v -0.51029867 0.17139614 -0.82424039
v -0.52040231 0.17911085 -0.82022077
v -0.53663450 0.17052126 -0.80685568
v -0.54072011 0.15859127 -0.80037409
v -0.54844975 0.15111515 -0.79253590
v -0.53740746 0.14522968 -0.79816329
v -0.55021650 0.13154995 -0.78454697
v -0.55700749 0.12590308 -0.77781415
v -0.56672472 0.10991690 -0.76490122
v -0.56274951 0.09488510 -0.76198703
v -0.58444756 0.09003358 -0.74339646
v -0.59444082 0.09003358 -0.73545778
v -0.58119011 0.07794451 -0.74083400
v -0.59013432 0.06975258 -0.73008156
v -0.61150116 0.02775900 -0.69124234
v -0.59896815 0.02179400 -0.69903028
v -0.60647690 0.01010261 -0.68571538
v -0.61647016 0.01010261 -0.67682207
v -0.57743573 0.06458291 -0.73791975
v -0.58571744 0.05010786 -0.72450441
v -0.59571069 0.05010786 -0.71636474
v -0.58179742 0.03730300 -0.72138923
v -0.62281948 -0.00389525 -0.66255254
v -0.63065952 -0.01089418 -0.65064454
v -0.61818171 -0.01733638 -0.65828174
v -0.62044537 -0.04040103 -0.64044482
v -0.62800938 -0.04724090 -0.62808460
v -0.63551807 -0.05408076 -0.61557364
v -0.64214349 -0.06259082 -0.60220850
v -0.64932096 -0.06903302 -0.58929557
v -0.66157788 -0.06211362 -0.58180910
v -0.66870016 -0.06815816 -0.56854445
v -0.66246128 -0.08311041 -0.56286681
v -0.67576718 -0.07420269 -0.55497837
v -0.68128836 -0.08167881 -0.54161322
v -0.68482190 -0.06847629 -0.54899925
v -0.71772790 -0.05646676 -0.51689279
v -0.69978416 -0.07961094 -0.51975673
v -0.70442194 -0.06624936 -0.52598709
v -0.72893578 -0.04827483 -0.50855213
v -0.73578203 -0.05344450 -0.49393091
v -0.72247607 -0.06354522 -0.50352764
v -0.72915661 -0.06871489 -0.48880595
v -0.72253126 -0.08350807 -0.48373121
v -0.73583722 -0.07388455 -0.47373247
v -0.72893578 -0.08859821 -0.46850702
v -0.72214478 -0.10275514 -0.46333182
v -0.73622370 -0.09464274 -0.45006716
v -0.73953640 -0.09925567 -0.43926454
v -0.74323553 -0.08470108 -0.45006716
v -0.74964005 -0.08995028 -0.43273270
v -0.75328404 -0.08462155 -0.43273270
v -0.34819797 0.15867081 -0.90327549
v -0.34819797 0.15000167 -0.90076327
v -0.34819797 0.14443435 -0.89910519
v -0.35520983 0.15000167 -0.89794952
v -0.37006170 0.15000167 -0.89176941
v -0.44415540 0.16996454 -0.86212498
v -0.45795822 0.18388286 -0.85875857
v -0.46883488 0.19032505 -0.85448778
v -0.48302421 0.17417979 -0.84167534
v -0.39004821 0.15095608 -0.88322783
v -0.40109050 0.15835267 -0.88041407
v -0.41461730 0.16996454 -0.87724864
v -0.43018693 0.15095608 -0.86368257
v -0.44100833 0.15835267 -0.86041665
v -0.67466301 -0.17831177 -0.43273270
v -0.67615372 -0.17608483 -0.43408933
v -0.68277907 -0.16280277 -0.44428903
v -0.69034302 -0.15039559 -0.45061988
v -0.68344158 -0.14363526 -0.47001436
v -0.67996329 -0.13997672 -0.48006332
v -0.65522856 -0.15508805 -0.49388066
v -0.66174352 -0.14180599 -0.50237203
v -0.61569721 -0.17600530 -0.51493323
v -0.64915532 -0.14912304 -0.50905460
v -0.63640147 -0.15644011 -0.51568693
v -0.62309551 -0.16272324 -0.52357537
v -0.60984480 -0.16972217 -0.52980572
v -0.59637320 -0.17672111 -0.53603607
v -0.58301204 -0.18244751 -0.54322106
v -0.54911226 -0.20511448 -0.54899925
v -0.54176915 -0.20121735 -0.56176138
v -0.53663450 -0.21823749 -0.54342204
v -0.56915402 -0.18928736 -0.54909968
v -0.55513030 -0.19604769 -0.55502862
v -0.43487987 -0.25728834 -0.57608122
v -0.42157394 -0.26054919 -0.58115590
v -0.41003475 -0.26325333 -0.58527601
v -0.53663450 -0.20861396 -0.55663645
v -0.53663450 -0.20272848 -0.56467563
v -0.52145135 -0.20097876 -0.58135688
v -0.51145810 -0.21561289 -0.57125771
v -0.49842820 -0.21887374 -0.57869393
v -0.48512226 -0.22316855 -0.58432132
v -0.46900052 -0.22937214 -0.58919507
v -0.46375543 -0.22229367 -0.60306263
v -0.45000780 -0.23621202 -0.59502351
v -0.43913114 -0.23939335 -0.59934455
v -0.45000780 -0.24337000 -0.58502477
v -0.39137328 -0.26738906 -0.59160686
v -0.38557610 -0.26229894 -0.60356510
v -0.37166283 -0.27613771 -0.59035075
v -0.35548589 -0.27820560 -0.59723425
v -0.34819797 -0.27955765 -0.59944504
v -0.48981524 0.16853294 -0.83589721
v -0.51720005 0.16574927 -0.81806028
v -0.50317639 0.15000167 -0.82192910
v -0.52824235 0.17139614 -0.81263381
v -0.53663450 0.15564854 -0.80208242
v -0.51316965 0.15000167 -0.81549776
v -0.50036061 0.13926467 -0.82017052
v -0.52338374 0.12995929 -0.80208242
v -0.52045757 0.11914276 -0.80022335
v -0.53337699 0.12995929 -0.79545009
v -0.53663450 0.13019788 -0.79333979
v -0.54281819 0.10991690 -0.78188401
v -0.54011279 0.09973663 -0.78002495
v -0.55281144 0.10991690 -0.77484971
v -0.54966438 0.09066984 -0.76967448
v -0.55910552 0.08160304 -0.75932407
v -0.56965089 0.08899964 -0.75429958
v -0.57047909 0.07070698 -0.74595892
v -0.57749093 0.02402094 -0.71787208
v -0.58107966 -0.00135019 -0.70078886
v -0.59499294 0.01010261 -0.69566387
v -0.60211521 -0.00302038 -0.68184656
v -0.56407458 0.05352779 -0.74304473
v -0.55998892 0.04008666 -0.73992956
v -0.57047909 0.04811952 -0.73555827
v -0.57047909 0.03046313 -0.72671515
v -0.61017609 -0.01009884 -0.67013949
v -0.59742224 -0.01630244 -0.67772645
v -0.60487580 -0.02648271 -0.66436136
v -0.59990674 -0.03976477 -0.65988958
v -0.59587634 -0.04994503 -0.65627193
v -0.60189438 -0.06227269 -0.64180142
v -0.61525553 -0.05376263 -0.63552082
v -0.62221217 -0.06267036 -0.62215567
v -0.62955528 -0.06927162 -0.60954422
v -0.63678795 -0.07595241 -0.59673178
v -0.64319247 -0.08382621 -0.58341694
v -0.65655363 -0.07539569 -0.57623196
v -0.66930747 -0.08899587 -0.54920018
v -0.65014911 -0.09018888 -0.57020253
v -0.65716100 -0.09639247 -0.55678719
v -0.67615372 -0.09496087 -0.53518188
v -0.68548441 -0.08891635 -0.52915251
v -0.68139875 -0.10164167 -0.52181679
v -0.69652671 -0.09170002 -0.51186830
v -0.69967377 -0.09957381 -0.49965882
v -0.70453238 -0.08621222 -0.50639164
v -0.71789348 -0.07682729 -0.49704608
v -0.71772790 -0.09686968 -0.47664669
v -0.69912165 -0.11890040 -0.47885746
v -0.71695495 -0.11603720 -0.45519215
v -0.72115099 -0.12128639 -0.44187725
v -0.73600286 -0.10887921 -0.43273270
v -0.74781811 -0.09257488 -0.43273270
v -0.34819797 0.13075462 -0.89493483
v -0.37116593 0.12916395 -0.88478541
v -0.38336766 0.13528802 -0.88141900
v -0.45420384 0.16996454 -0.85669851
v -0.47954589 0.16081820 -0.83966553
v -0.39672881 0.14499107 -0.87835407
v -0.40865445 0.15095608 -0.87443495
v -0.42367196 0.13433361 -0.86177325
v -0.43697792 0.14499107 -0.85835660
v -0.44857231 0.15095608 -0.85393506
v -0.67841738 -0.17457370 -0.43273270
v -0.68647820 -0.16646130 -0.43273270
v -0.69614023 -0.15580384 -0.43393859
v -0.70221347 -0.14244226 -0.44358557
v -0.69790697 -0.13759072 -0.45690048
v -0.69426304 -0.13051225 -0.47132075
v -0.68404895 -0.12860346 -0.48805225
v -0.68095708 -0.12104779 -0.50131691
v -0.67504948 -0.13432986 -0.49342847
v -0.66881061 -0.12860346 -0.50850189
v -0.65649843 -0.13615912 -0.51568693
v -0.64313728 -0.14307852 -0.52377629
v -0.63021779 -0.15023652 -0.53035843
v -0.61729836 -0.15731499 -0.53694046
v -0.60393721 -0.16343905 -0.54432648
v -0.57677317 -0.17711876 -0.55658621
v -0.59041041 -0.17027891 -0.55040610
v -0.54927790 -0.18936689 -0.56929815
v -0.53663450 -0.19517282 -0.57437289
v -0.56341201 -0.18268611 -0.56351995
v -0.43029732 -0.25005081 -0.59025025
v -0.39888203 -0.25935620 -0.59929430
v -0.42576998 -0.24289280 -0.60416806
v -0.41003475 -0.25665206 -0.59532493
v -0.50831103 -0.20416009 -0.58884335
v -0.52879447 -0.18904877 -0.58899409
v -0.51383215 -0.19533190 -0.59472203
v -0.50052625 -0.20026296 -0.60050017
v -0.47711658 -0.21799889 -0.59763622
v -0.44917965 -0.22571361 -0.60989594
v -0.47142982 -0.21084088 -0.61115205
v -0.45525289 -0.21704447 -0.61642778
v -0.44194692 -0.22094160 -0.62145227
v -0.43151200 -0.23509854 -0.61049891
v -0.41632885 -0.23804128 -0.61748290
v -0.39137328 -0.25522047 -0.61019742
v -0.37492031 -0.25776553 -0.61688000
v -0.36161435 -0.26054919 -0.62100005
v -0.36895746 -0.26468492 -0.61019742
v -0.34930220 -0.27319500 -0.60879058
v -0.34819797 -0.27335405 -0.60914230
v -0.48992562 0.13154995 -0.82373792
v -0.48324507 0.11460936 -0.82182860
v -0.49655101 0.12598261 -0.81780905
v -0.50825584 0.13154995 -0.81243283
v -0.47650927 0.15000167 -0.83790696
v -0.46949744 0.12940255 -0.83514351
v -0.51002258 0.11150756 -0.80409217
v -0.51670319 0.10578117 -0.79776132
v -0.52967787 0.09186284 -0.78379327
v -0.53663450 0.08661364 -0.77706051
v -0.54568917 0.06999118 -0.76389635
v -0.55568242 0.06999118 -0.75676155
v -0.56412977 0.01423834 -0.72314781
v -0.55943680 0.00087675 -0.71953017
v -0.57047909 0.00859148 -0.71495789
v -0.56970608 -0.00882632 -0.70556211
v -0.57616585 -0.01471178 -0.69671899
v -0.58925092 -0.00882632 -0.68933302
v -0.55087900 0.04875579 -0.75058144
v -0.53735220 0.04406333 -0.75811821
v -0.54651731 0.03006547 -0.74460232
v -0.54204524 0.01734014 -0.74138665
v -0.55651057 0.03006547 -0.73731685
v -0.58406109 -0.02513064 -0.68345439
v -0.57892644 -0.03857177 -0.67908311
v -0.59201151 -0.03252724 -0.67169708
v -0.58124530 -0.06139782 -0.66104519
v -0.59637320 -0.07555476 -0.63667643
v -0.60940313 -0.06911255 -0.62944120
v -0.61685663 -0.07595241 -0.61688000
v -0.62353724 -0.08406481 -0.60356510
v -0.63767135 -0.09718780 -0.57758856
v -0.66279256 -0.10331187 -0.54342204
v -0.64379984 -0.10426627 -0.56427366
v -0.65048039 -0.11046986 -0.55055684
v -0.66930747 -0.10911781 -0.52920276
v -0.67593282 -0.11500327 -0.51463175
v -0.68526357 -0.10895874 -0.50885361
v -0.69591939 -0.11134474 -0.49182063
v -0.70442194 -0.10553880 -0.48629367
v -0.70364898 -0.12422913 -0.46549234
v -0.70955658 -0.12939879 -0.44941399
v -0.71353179 -0.13695446 -0.43273270
v -0.72380114 -0.12462680 -0.43273270
v -0.73368394 -0.11190146 -0.43273270
v -0.34819797 0.10999643 -0.88820207
v -0.35007516 0.10999643 -0.88744837
v -0.36398843 0.10999643 -0.88161993
v -0.37861946 0.12200595 -0.87925845
v -0.39004821 0.12916395 -0.87639451
v -0.46651602 0.15000167 -0.84363484
v -0.46248558 0.13568568 -0.84132361
v -0.41163588 0.12860721 -0.86589336
v -0.41936547 0.12097202 -0.85956252
v -0.43018693 0.12860721 -0.85649753
v -0.45116723 0.12940255 -0.84554416
v -0.69470471 -0.15803078 -0.43273270
v -0.69801742 -0.15445179 -0.43273270
v -0.70442194 -0.14745285 -0.43273270
v -0.66257167 -0.12279753 -0.52327389
v -0.63750571 -0.13735212 -0.53714144
v -0.65014911 -0.13011459 -0.53020763
v -0.62419975 -0.14395338 -0.54467821
v -0.61105943 -0.15087278 -0.55115974
v -0.59775352 -0.15787171 -0.55764133
v -0.55678666 -0.17719831 -0.57683486
v -0.58439237 -0.16375718 -0.56457514
v -0.57064474 -0.17051750 -0.57070500
v -0.54342550 -0.18260656 -0.58321595
v -0.53663450 -0.18562883 -0.58587891
v -0.40981388 -0.24631274 -0.61049891
v -0.53663450 -0.17664157 -0.59632987
v -0.52277642 -0.18204984 -0.60250998
v -0.50781411 -0.18825343 -0.60818762
v -0.50174087 -0.18125451 -0.62150252
v -0.47904900 -0.19914949 -0.61929172
v -0.48998085 -0.20376241 -0.60477102
v -0.46568784 -0.20368290 -0.62451720
v -0.44945568 -0.20964789 -0.62964219
v -0.43002129 -0.21616963 -0.63562131
v -0.41908944 -0.21935096 -0.63938969
v -0.43002129 -0.22436154 -0.62562257
v -0.40296769 -0.24130213 -0.62200499
v -0.41102856 -0.23048562 -0.63069731
v -0.39004821 -0.24432442 -0.62612504
v -0.37911636 -0.23947287 -0.63949013
v -0.35007516 -0.26285565 -0.62431622
v -0.36581042 -0.24241561 -0.64335901
v -0.34819797 -0.25617486 -0.63486761
v -0.34819797 -0.26412821 -0.62341183
v -0.47154024 0.10872389 -0.82670236
v -0.47921461 0.10124777 -0.81946713
v -0.48992562 0.10872389 -0.81564850
v -0.45856556 0.12240362 -0.83911288
v -0.50334203 0.09456697 -0.80203217
v -0.51002258 0.08876104 -0.79545009
v -0.52283162 0.07555851 -0.78178352
v -0.52967787 0.06927538 -0.77449799
v -0.54176915 0.05734539 -0.76113290
v -0.55076861 0.00914821 -0.73048353
v -0.53663450 0.00326275 -0.73766851
v -0.54535788 -0.00986025 -0.72385120
v -0.54099619 -0.02107444 -0.72068578
v -0.55535114 -0.00986025 -0.71626425
v -0.56280470 -0.02338091 -0.70219570
v -0.57086557 -0.03101610 -0.69063938
v -0.53663450 0.05432312 -0.76324314
v -0.51858038 0.06219692 -0.77896976
v -0.51731050 0.05853838 -0.77816588
v -0.51438427 0.05010786 -0.77625656
v -0.52399111 0.03459886 -0.76258999
v -0.51913249 0.02131680 -0.75932407
v -0.53039563 0.02879293 -0.75530446
v -0.53663450 0.02927013 -0.75118440
v -0.53663450 0.01423834 -0.74349695
v -0.55750442 -0.03682204 -0.69792491
v -0.56429541 -0.04994503 -0.68350464
v -0.57428867 -0.04994503 -0.67506349
v -0.56009936 -0.05996622 -0.68003774
v -0.56782895 -0.06736282 -0.66812968
v -0.56219739 -0.08231509 -0.66184908
v -0.57550329 -0.07467988 -0.65602070
v -0.58301204 -0.08326948 -0.64270580
v -0.59035516 -0.09026840 -0.63034558
v -0.60349548 -0.08390574 -0.62331134
v -0.61072820 -0.09066607 -0.61064965
v -0.61785048 -0.09742641 -0.59783721
v -0.62442058 -0.10474347 -0.58452231
v -0.61834735 -0.11818460 -0.57829195
v -0.63110119 -0.11118567 -0.57130796
v -0.65710574 -0.11659393 -0.53658879
v -0.63789219 -0.11762786 -0.55769157
v -0.64379984 -0.12399054 -0.54437673
v -0.34819797 0.09122657 -0.88177073
v -0.36012363 0.09989570 -0.87991166
v -0.37398171 0.10999643 -0.87724864
v -0.39004821 0.10999643 -0.86996317
v -0.40556264 0.10999643 -0.86262739
v -0.40142179 0.09806643 -0.86056739
v -0.41555589 0.10999643 -0.85765320
v -0.43002129 0.10999643 -0.85026717
v -0.44470751 0.10999643 -0.84247923
v -0.63099074 -0.13098946 -0.55120999
v -0.61818171 -0.13798839 -0.55799305
v -0.60482055 -0.14451012 -0.56507754
v -0.59145939 -0.15127045 -0.57150888
v -0.57793260 -0.15803078 -0.57788998
v -0.56457144 -0.16391625 -0.58447206
v -0.55054778 -0.17035843 -0.59050143
v -0.54425365 -0.16343905 -0.60386658
v -0.52978826 -0.16980171 -0.60989594
v -0.51510203 -0.17600530 -0.61587507
v -0.52343893 -0.16264372 -0.62300986
v -0.50218260 -0.16160978 -0.64180142
v -0.49340397 -0.17489184 -0.63481736
v -0.48009801 -0.17990243 -0.64009309
v -0.48804843 -0.18435630 -0.62893873
v -0.47142982 -0.19437748 -0.63074756
v -0.45701963 -0.19795650 -0.63783211
v -0.44365847 -0.20217177 -0.64265561
v -0.40572825 -0.22292995 -0.64366049
v -0.42836493 -0.20511448 -0.64963961
v -0.42058012 -0.20026296 -0.66034174
v -0.41147023 -0.21426082 -0.65024257
v -0.39004821 -0.23676875 -0.63612378
v -0.38905442 -0.22595221 -0.65024257
v -0.37149718 -0.23462135 -0.65004158
v -0.34819797 -0.23851848 -0.65828174
v -0.34819797 -0.24511975 -0.64979035
v -0.46557742 0.09003358 -0.82323551
v -0.45470077 0.10999643 -0.83690208
v -0.46154699 0.07770591 -0.82082373
v -0.47557068 0.09003358 -0.81725633
v -0.49920118 0.08120538 -0.79941940
v -0.44106355 0.09846410 -0.84046948
v -0.51112682 0.06927538 -0.78675771
v -0.51477075 0.01010261 -0.75635964
v -0.52365983 -0.00445198 -0.74244177
v -0.51824909 -0.01781358 -0.73872370
v -0.52918094 -0.02863011 -0.72450441
v -0.52200347 -0.04215077 -0.72133899
v -0.53663450 -0.03125470 -0.71747011
v -0.53663450 -0.03387930 -0.71581203
v -0.54922271 -0.02894824 -0.70933044
v -0.51432908 0.05853838 -0.78012544
v -0.50063664 0.03929133 -0.78032637
v -0.49550200 0.02592974 -0.77701026
v -0.50472230 0.01010261 -0.76304221
v -0.50058144 -0.00055485 -0.76027870
v -0.54414326 -0.04469583 -0.70310009
v -0.53840125 -0.05805743 -0.69867855
v -0.55054778 -0.05081990 -0.69400579
v -0.54856014 -0.06799909 -0.68365538
v -0.55413651 -0.07340735 -0.67521423
v -0.54083055 -0.08080395 -0.68064070
v -0.54844975 -0.08820054 -0.66868240
v -0.54270774 -0.10259607 -0.66215056
v -0.55601370 -0.09559715 -0.65652317
v -0.56959569 -0.08947308 -0.64963961
v -0.57699400 -0.09655154 -0.63732964
v -0.59764308 -0.09726734 -0.61778438
v -0.60454452 -0.10482301 -0.60446954
v -0.61144590 -0.11150379 -0.59145612
v -0.59836084 -0.11818460 -0.59838986
v -0.60504138 -0.12502447 -0.58507502
v -0.61161155 -0.13154618 -0.57170987
v -0.62458622 -0.12470633 -0.56497711
v -0.34819797 0.07094558 -0.87423396
v -0.34863967 0.07134324 -0.87423396
v -0.35432646 0.08661364 -0.87749988
v -0.36807409 0.09194237 -0.87353057
v -0.38977218 0.09082890 -0.86333084
v -0.39623189 0.08478437 -0.85810542
v -0.40887529 0.09082890 -0.85418630
v -0.42980042 0.09106751 -0.84358466
v -0.59841603 -0.13830653 -0.57839245
v -0.58505487 -0.14458965 -0.58497453
v -0.57141769 -0.15127045 -0.59140587
v -0.55761480 -0.15779218 -0.59778696
v -0.53680015 -0.15715592 -0.61723173
v -0.51554370 -0.15612198 -0.63632476
v -0.52332854 -0.14283992 -0.64280629
v -0.50864232 -0.14872539 -0.64893621
v -0.50179613 -0.14140832 -0.66139692
v -0.49351439 -0.15469038 -0.65511632
v -0.48015320 -0.16001911 -0.66014075
v -0.48677859 -0.16757478 -0.64762980
v -0.46999431 -0.17385791 -0.65386015
v -0.45773739 -0.17839131 -0.65838224
v -0.46999431 -0.18348144 -0.64391172
v -0.44443145 -0.18292470 -0.66300476
v -0.43394127 -0.19620675 -0.65597045
v -0.39507246 -0.21728307 -0.65697539
v -0.42091137 -0.18045917 -0.68059045
v -0.41003475 -0.19374123 -0.67365664
v -0.39628711 -0.19779742 -0.67782694
v -0.41003475 -0.20320570 -0.66365790
v -0.38171130 -0.22070301 -0.66099495
v -0.35405040 -0.23716640 -0.65667391
v -0.37006170 -0.22348669 -0.66426086
v -0.34863967 -0.22937214 -0.66923511
v -0.34819797 -0.22984934 -0.66878289
v -0.44862753 0.09106751 -0.83338493
v -0.45011824 0.07062745 -0.82449162
v -0.45685402 0.06442385 -0.81806028
v -0.46894532 0.07062745 -0.81348801
v -0.48545352 0.06999118 -0.80323803
v -0.48136789 0.05798166 -0.80077606
v -0.49544680 0.06999118 -0.79705793
v -0.43631536 0.08510251 -0.83790696
v -0.50941527 -0.00922398 -0.74952632
v -0.50494313 -0.02552830 -0.74324572
v -0.49914593 -0.03888990 -0.73932660
v -0.51096117 -0.03125470 -0.73570901
v -0.50958091 -0.04922923 -0.72555953
v -0.50267947 -0.06274989 -0.72179115
v -0.51598543 -0.05551236 -0.71696770
v -0.53017473 -0.05010410 -0.71003389
v -0.53663450 -0.04763857 -0.70686847
v -0.50737244 0.05853838 -0.78454697
v -0.50439101 0.05010786 -0.78273815
v -0.47650927 0.04485866 -0.79776132
v -0.46320331 0.03603046 -0.80183119
v -0.46993911 0.02966780 -0.79469645
v -0.48926312 0.03157660 -0.78369278
v -0.48214084 0.01741967 -0.78123081
v -0.47673011 0.00413761 -0.77786440
v -0.47004953 -0.01025791 -0.77439749
v -0.48893183 -0.00826959 -0.76349437
v -0.48158872 -0.02163117 -0.76088166
v -0.49489468 -0.01391645 -0.75656062
v -0.53663450 -0.05646676 -0.70104009
v -0.51074034 -0.07070322 -0.71048611
v -0.52498490 -0.06529496 -0.70365280
v -0.51880121 -0.07865655 -0.69903028
v -0.53663450 -0.08342855 -0.68189681
v -0.53663450 -0.08931401 -0.67737478
v -0.53431559 -0.09408601 -0.67551571
v -0.52095443 -0.10084634 -0.68074113
v -0.52840799 -0.10848154 -0.66878289
v -0.53663450 -0.11556000 -0.65617144
v -0.55717313 -0.11707114 -0.63758087
v -0.56368804 -0.10378908 -0.64320827
v -0.58428192 -0.10442534 -0.62396449
v -0.59134901 -0.11134474 -0.61125255
v -0.57793260 -0.11778693 -0.61808586
v -0.58499968 -0.12486540 -0.60477102
v -0.57826388 -0.13822699 -0.59828937
v -0.59168023 -0.13162573 -0.59170735
v -0.34819797 0.05853838 -0.86930996
v -0.37033775 0.06991164 -0.86428547
v -0.36387801 0.05583426 -0.86162251
v -0.38292593 0.07659245 -0.86122060
v -0.38977218 0.06991164 -0.85544240
v -0.41075248 0.06967305 -0.84514225
v -0.42300943 0.07611524 -0.84142411
v -0.56495792 -0.14451012 -0.60462022
v -0.55098945 -0.15079325 -0.61090088
v -0.53006434 -0.14999792 -0.63009435
v -0.54436409 -0.14379431 -0.62386400
v -0.53663450 -0.13687493 -0.63717890
v -0.52956742 -0.12955786 -0.64968985
v -0.51510203 -0.13552286 -0.65607095
v -0.52250040 -0.12216127 -0.66199982
v -0.50063664 -0.12057060 -0.68048996
v -0.47938025 -0.13941999 -0.67958552
v -0.46999431 -0.16375718 -0.66375840
v -0.47165066 -0.15079325 -0.67476201
v -0.45740613 -0.15795125 -0.67822891
v -0.45089120 -0.17059705 -0.67059171
v -0.43421733 -0.17616437 -0.67631960
v -0.38899922 -0.20940930 -0.66943610
v -0.41003475 -0.18372004 -0.68385631
v -0.42035928 -0.16017818 -0.70013565
v -0.41003475 -0.17346025 -0.69375455
v -0.39634234 -0.17775504 -0.69782442
v -0.38966173 -0.18968503 -0.68968475
v -0.38298118 -0.20145595 -0.68164557
v -0.37006170 -0.21473801 -0.67425960
v -0.35647967 -0.21815795 -0.67807817
v -0.34819797 -0.22006676 -0.68028897
v -0.42980042 0.06967305 -0.83524400
v -0.44487315 0.05853838 -0.82243156
v -0.44824106 0.05853838 -0.82057250
v -0.45425910 0.05853838 -0.81705534
v -0.46993911 0.05098272 -0.80449414
v -0.49031210 -0.03030030 -0.75012928
v -0.48578477 -0.04604790 -0.74369794
v -0.47949070 -0.05932996 -0.73957783
v -0.49147156 -0.05161523 -0.73646265
v -0.47551548 -0.03499277 -0.75701278
v -0.48970479 -0.06958975 -0.72596151
v -0.49616453 -0.07603195 -0.71726912
v -0.45072556 0.02966780 -0.80610198
v -0.45790303 0.02274840 -0.79861552
v -0.45011824 0.04931252 -0.81544751
v -0.43841341 0.04215453 -0.81901491
v -0.47004953 0.01050027 -0.78520012
v -0.46336895 -0.00381572 -0.78198445
v -0.45751655 -0.01709778 -0.77841711
v -0.46933180 -0.02894824 -0.76444906
v -0.50549525 -0.08533734 -0.70390403
v -0.49870425 -0.09869894 -0.69898003
v -0.51129246 -0.09114328 -0.69526190
v -0.50836623 -0.10848154 -0.68420804
v -0.53663450 -0.12653559 -0.64652443
v -0.54381198 -0.12351333 -0.64320827
v -0.55076861 -0.13067132 -0.63069731
v -0.56462669 -0.12438819 -0.62416548
v -0.57081032 -0.11070848 -0.63074756
v -0.57141769 -0.13130759 -0.61135304
v -0.55772525 -0.13774979 -0.61793512
v -0.34819797 0.04978972 -0.86574256
v -0.35057208 0.04963066 -0.86473769
v -0.37718397 0.06323085 -0.85860783
v -0.35758391 0.04263173 -0.85885906
v -0.37033775 0.04963066 -0.85609561
v -0.37486508 0.05853838 -0.85775369
v -0.39065555 0.05853838 -0.85041791
v -0.40616995 0.05853838 -0.84298170
v -0.41787475 0.06275365 -0.83881140
v -0.47777915 -0.11794600 -0.69837707
v -0.46447319 -0.12359287 -0.70299959
v -0.48998085 -0.12502447 -0.68420804
v -0.48534310 -0.10466394 -0.70365280
v -0.45630190 -0.13695446 -0.69742244
v -0.46601909 -0.14466919 -0.68420804
v -0.44404495 -0.16272324 -0.68270069
v -0.44299597 -0.14220366 -0.70189422
v -0.39556935 -0.15715592 -0.71741986
v -0.41003475 -0.16343905 -0.70320058
v -0.43372044 -0.15548572 -0.69591510
v -0.41908944 -0.13918139 -0.71932918
v -0.40572825 -0.14387386 -0.72319806
v -0.37006170 -0.17473277 -0.71510863
v -0.38303638 -0.18149310 -0.70154250
v -0.38226342 -0.16121212 -0.72108775
v -0.37006170 -0.20471683 -0.68521297
v -0.37006170 -0.18515164 -0.70505965
v -0.37006170 -0.19509330 -0.69506091
v -0.35741827 -0.19851324 -0.69847757
v -0.34819797 -0.21338594 -0.68767494
v -0.43046296 0.05853838 -0.83026975
v -0.43107027 0.04931252 -0.82609946
v -0.44354808 0.05551612 -0.82187885
v -0.46220952 -0.04223030 -0.76128364
v -0.47082251 -0.05081990 -0.75048095
v -0.45569456 -0.05559190 -0.75721377
v -0.46612954 -0.06601076 -0.74389893
v -0.45944893 -0.07937235 -0.73952758
v -0.47170588 -0.07157809 -0.73661339
v -0.48285860 -0.08255368 -0.72179115
v -0.49075383 -0.09066607 -0.71043587
v -0.44454187 0.01479507 -0.80253458
v -0.45072556 0.00890961 -0.79600281
v -0.42505223 0.03428073 -0.82263255
v -0.43107027 0.02863387 -0.81670368
v -0.45050472 -0.01025791 -0.78625530
v -0.43885511 0.00143348 -0.79921848
v -0.44415540 -0.02433531 -0.78233618
v -0.45050472 -0.03053890 -0.77510095
v -0.47568110 -0.09591527 -0.71696770
v -0.34819797 0.04454052 -0.86358207
v -0.39137328 0.04883533 -0.84609687
v -0.34819797 0.03801880 -0.86081862
v -0.34819797 0.03213333 -0.85825610
v -0.34819797 0.02847480 -0.85664827
v -0.35057208 0.02966780 -0.85614586
v -0.37160760 0.02855433 -0.84644860
v -0.38557610 0.03428073 -0.84252948
v -0.40456882 0.05472079 -0.84217775
v -0.41075248 0.04883533 -0.83655035
v -0.47004953 -0.10999267 -0.70993340
v -0.45459035 -0.11532140 -0.71626425
v -0.44128442 -0.12096827 -0.72073603
v -0.46237516 -0.10195981 -0.72143948
v -0.43002129 -0.13512519 -0.71596277
v -0.38800538 -0.14856632 -0.72882545
v -0.43002129 -0.12526307 -0.72410244
v -0.40340936 -0.12239987 -0.74178863
v -0.39374739 -0.13568193 -0.73656315
v -0.38044143 -0.14013579 -0.74008030
v -0.35730785 -0.17839131 -0.71852529
v -0.37006170 -0.15325879 -0.73430216
v -0.35603800 -0.15755358 -0.73796999
v -0.37006170 -0.16471158 -0.72430342
v -0.34819797 -0.18721950 -0.71455592
v -0.34819797 -0.20081970 -0.70088935
v -0.44945568 -0.04930876 -0.76485097
v -0.44238862 -0.06219316 -0.76133382
v -0.45089120 -0.07078275 -0.75048095
v -0.44608778 -0.08541688 -0.74369794
v -0.45166415 -0.09122281 -0.73611093
v -0.46944222 -0.08947308 -0.72576052
v -0.43134636 0.00890961 -0.80700642
v -0.41158068 0.02863387 -0.82705408
v -0.41931027 0.02099867 -0.81951737
v -0.39893726 0.04135919 -0.83936405
v -0.41158068 0.00827334 -0.81735682
v -0.42554915 -0.00556545 -0.80288631
v -0.43134636 -0.01129185 -0.79665595
v -0.41908944 -0.01892705 -0.79936922
v -0.43068379 -0.03053890 -0.78650653
v -0.43775088 -0.03761737 -0.77861810
v -0.34819797 0.00890961 -0.84770471
v -0.35145545 0.00867101 -0.84624761
v -0.36592084 0.01431787 -0.84257972
v -0.37928200 0.02091914 -0.83951479
v -0.39137328 0.02855433 -0.83720356
v -0.41677052 -0.11746880 -0.73796999
v -0.43857902 -0.09869894 -0.73907542
v -0.43118072 -0.11039034 -0.73475432
v -0.40843362 -0.10872014 -0.74902385
v -0.40015191 -0.09997147 -0.75997722
v -0.39004821 -0.11381027 -0.75540495
v -0.37757045 -0.11818460 -0.75862062
v -0.38828146 -0.12931927 -0.74440134
v -0.37006170 -0.14331712 -0.74274325
v -0.37055859 -0.12955786 -0.75344539
v -0.35366392 -0.13607959 -0.75686204
v -0.35001996 -0.16980171 -0.72993082
v -0.34819797 -0.17346025 -0.72751909
v -0.34819797 -0.18085684 -0.72078627
v -0.34819797 -0.13774979 -0.75816846
v -0.34819797 -0.14880492 -0.74897361
v -0.34819797 -0.15978052 -0.73982906
v -0.43068379 -0.05034269 -0.77510095
v -0.41721225 -0.05734163 -0.77836686
v -0.42902747 -0.06927162 -0.76439881
v -0.42173958 -0.08128116 -0.76088166
v -0.43504551 -0.07547522 -0.75701278
v -0.43018693 -0.09002981 -0.74997854
v -0.40594912 0.01368161 -0.82298422
v -0.39976543 0.00039955 -0.81976861
v -0.40572825 -0.02536924 -0.80293655
v -0.41147023 -0.03117517 -0.79660571
v -0.42444491 -0.04398003 -0.78233618
v -0.34819797 0.00103581 -0.84403682
v -0.35901940 0.00103581 -0.83946455
v -0.37160760 0.00867101 -0.83730400
v -0.39187020 0.00827334 -0.82740581
v -0.42527309 -0.10402767 -0.74294424
v -0.41351306 -0.09464274 -0.75630939
v -0.39004821 -0.10370953 -0.76258999
v -0.40810233 -0.08875728 -0.76324314
v -0.38955131 -0.08907542 -0.77278966
v -0.36426449 -0.12263846 -0.76198703
v -0.36890227 -0.10911781 -0.76937306
v -0.34819797 -0.17027891 -0.73038304
v -0.34819797 -0.12955786 -0.76429832
v -0.39871639 -0.03873084 -0.79921848
v -0.40390629 -0.06322709 -0.78198445
v -0.41036600 -0.06990789 -0.77429700
v -0.39590061 -0.07650915 -0.77776390
v -0.38645947 -0.00596312 -0.82303452
v -0.39187020 -0.01153044 -0.81745732
v -0.37939242 -0.01932471 -0.81956762
v -0.34819797 -0.00365665 -0.84182608
v -0.35145545 -0.01081464 -0.83675134
v -0.37166283 -0.01153044 -0.82725507
v -0.37359521 -0.09511994 -0.77675903
v -0.36028928 -0.10005100 -0.78002495
v -0.38259467 -0.08183788 -0.78118056
v -0.34819797 -0.11404887 -0.77575409
v -0.38535523 -0.04445723 -0.80258489
v -0.39126289 -0.05066083 -0.79600281
v -0.37166283 -0.03101610 -0.81685436
v -0.38955131 -0.06990789 -0.78514993
v -0.37751523 -0.05781882 -0.79866576
v -0.36608648 -0.02513064 -0.82273304
v -0.34819797 -0.00739472 -0.83991677
v -0.34819797 -0.01248485 -0.83730400
v -0.35101375 -0.03101610 -0.82640088
v -0.36818451 -0.08907542 -0.78344160
v -0.35532025 -0.07642962 -0.79776132
v -0.34819797 -0.07905422 -0.79936922
v -0.34819797 -0.08764382 -0.79374176
v -0.34819797 -0.10410720 -0.78273815
v -0.37050340 -0.06982835 -0.79464614
v -0.37050340 -0.05066083 -0.80620247
v -0.35830167 -0.03849223 -0.81911540
v -0.36415407 -0.06314756 -0.80188143
v -0.34819797 -0.03085704 -0.82760680
v -0.34819797 -0.03690157 -0.82439113
v -0.34819797 -0.04246890 -0.82137644
v -0.34924701 -0.06982835 -0.80464488
v -0.34819797 -0.06974882 -0.80509710
v -0.34819797 -0.04716136 -0.81866318
v -0.35101375 -0.05018363 -0.81559825
v -0.34819797 -0.05145616 -0.81610072
f 1 2 3
f 1 3 8
f 1 8 17
f 1 17 28
f 1 28 27
f 1 27 43
f 1 43 45
f 1 45 68
f 1 68 70
f 1 70 102
f 1 102 101
f 1 101 135
f 1 135 170
f 1 170 169
f 1 169 210
f 1 210 262
f 1 262 312
f 1 312 362
f 1 362 419
f 1 419 481
f 1 481 480
f 1 480 539
f 1 539 606
f 1 606 605
f 1 605 604
f 1 604 673
f 1 673 735
f 1 735 794
f 1 794 854
f 1 854 919
f 1 919 918
f 1 918 999
f 1 999 1080
f 1 1080 1081
f 1 1081 1165
f 1 1165 1254
f 1 1254 1258
f 1 1258 1257
f 1 1257 1351
f 1 1351 1445
f 1 1445 1540
f 1 1540 1539
f 1 1539 1644
f 1 1644 1643
f 1 1643 1751
f 1 1751 1750
f 1 1750 1847
f 1 1847 1846
f 1 1846 1845
f 1 1845 1861
f 1 1861 1860
f 1 1860 1859
f 1 1859 1763
f 1 1763 1762
f 1 1762 1659
f 1 1659 1558
f 1 1558 1557
f 1 1557 1556
f 1 1556 1462
f 1 1462 1461
f 1 1461 1367
f 1 1367 1364
f 1 1364 1273
f 1 1273 1272
f 1 1272 1181
f 1 1181 1180
f 1 1180 1179
f 1 1179 1095
f 1 1095 1013
f 1 1013 937
f 1 937 869
f 1 869 808
f 1 808 810
f 1 810 807
f 1 807 749
f 1 749 690
f 1 690 623
f 1 623 556
f 1 556 494
f 1 494 437
f 1 437 379
f 1 379 322
f 1 322 271
f 1 271 222
f 1 222 175
f 1 175 136
f 1 136 103
f 1 103 71
f 1 71 46
f 1 46 30
f 1 30 18
f 1 18 9
f 1 9 4
f 1 4 5
f 1 5 2
f 2 6 7
f 2 7 8
f 2 8 3
f 2 5 6
f 4 9 10
f 4 10 5
f 5 10 11
f 5 11 6
f 6 11 12
f 6 12 13
f 6 13 14
f 6 14 15
f 6 15 7
f 7 15 16
f 7 16 17
f 7 17 8
f 9 18 19
f 9 19 20
f 9 20 10
f 10 20 21
f 10 21 11
f 11 21 12
f 12 21 22
f 12 22 13
f 13 22 23
f 13 23 14
f 14 23 24
f 14 24 25
f 14 25 26
f 14 26 15
f 15 26 16
f 16 27 28
f 16 28 17
f 16 26 42
f 16 42 29
f 16 29 27
f 18 30 19
f 19 30 31
f 19 31 32
f 19 32 20
f 20 32 33
f 20 33 34
f 20 34 21
f 21 34 35
f 21 35 22
f 22 35 36
f 22 36 37
f 22 37 23
f 23 37 38
f 23 38 24
f 24 38 39
f 24 39 25
f 25 39 40
f 25 40 41
f 25 41 26
f 26 41 42
f 27 29 43
f 29 42 44
f 29 44 45
f 29 45 43
f 30 46 47
f 30 47 31
f 31 47 48
f 31 48 32
f 32 48 49
f 32 49 33
f 33 50 51
f 33 51 34
f 33 49 50
f 34 52 35
f 34 51 52
f 35 52 53
f 35 53 54
f 35 54 55
f 35 55 56
f 35 56 57
f 35 57 58
f 35 58 36
f 36 58 59
f 36 59 37
f 37 59 60
f 37 60 38
f 38 60 61
f 38 61 62
f 38 62 63
f 38 63 39
f 39 63 64
f 39 64 40
f 40 64 65
f 40 65 41
f 41 65 66
f 41 66 42
f 42 66 67
f 42 67 44
f 44 68 45
f 44 67 69
f 44 69 70
f 44 70 68
f 46 71 72
f 46 72 47
f 47 72 48
f 48 72 73
f 48 73 74
f 48 74 75
f 48 75 76
f 48 76 49
f 49 76 50
f 50 76 51
f 51 76 77
f 51 77 52
f 52 78 53
f 52 77 78
f 53 78 79
f 53 79 80
f 53 80 81
f 53 81 82
f 53 82 83
f 53 83 84
f 53 84 85
f 53 85 54
f 54 85 86
f 54 86 55
f 55 86 87
f 55 87 88
f 55 88 56
f 56 88 89
f 56 89 57
f 57 89 59
f 57 59 58
f 59 89 90
f 59 90 60
f 60 90 61
f 61 91 92
f 61 92 62
f 61 90 93
f 61 93 91
f 62 92 63
f 63 92 94
f 63 94 64
f 64 94 95
f 64 95 96
f 64 96 65
f 65 96 97
f 65 97 66
f 66 97 98
f 66 98 67
f 67 98 99
f 67 99 69
f 69 99 100
f 69 100 101
f 69 101 102
f 69 102 70
f 71 103 104
f 71 104 72
f 72 104 105
f 72 105 73
f 73 106 74
f 73 105 107
f 73 107 106
f 74 106 108
f 74 108 75
f 75 109 110
f 75 110 77
f 75 77 76
f 75 108 109
f 77 110 78
f 78 111 79
f 78 110 111
f 79 111 112
f 79 112 113
f 79 113 114
f 79 114 80
f 80 114 115
f 80 115 151
f 80 151 116
f 80 116 117
f 80 117 81
f 81 117 118
f 81 118 82
f 82 118 83
f 83 118 119
f 83 119 120
f 83 120 84
f 84 120 85
f 85 120 121
f 85 121 86
f 86 121 122
f 86 122 123
f 86 123 87
f 87 123 88
f 88 123 93
f 88 93 89
f 89 93 90
f 91 124 125
f 91 125 92
f 91 93 124
f 92 125 126
f 92 126 127
f 92 127 94
f 93 123 124
f 94 127 95
f 95 127 128
f 95 128 163
f 95 163 129
f 95 129 96
f 96 129 130
f 96 130 97
f 97 130 131
f 97 131 98
f 98 131 166
f 98 166 132
f 98 132 99
f 99 132 133
f 99 133 100
f 100 133 134
f 100 134 135
f 100 135 101
f 103 136 137
f 103 137 138
f 103 138 139
f 103 139 104
f 104 139 138
f 104 138 105
f 105 138 107
f 106 107 140
f 106 140 141
f 106 141 108
f 107 138 140
f 108 141 140
f 108 140 142
f 108 142 143
f 108 143 144
f 108 144 109
f 109 144 112
f 109 112 111
f 109 111 110
f 112 144 113
f 113 145 146
f 113 146 114
f 113 144 147
f 113 147 145
f 114 146 148
f 114 148 149
f 114 149 150
f 114 150 115
f 115 150 149
f 115 149 151
f 116 151 152
f 116 152 153
f 116 153 117
f 117 153 154
f 117 154 118
f 118 154 155
f 118 155 119
f 119 155 156
f 119 156 120
f 120 156 157
f 120 157 121
f 121 157 122
f 122 157 158
f 122 158 159
f 122 159 124
f 122 124 123
f 124 159 160
f 124 160 125
f 125 160 161
f 125 161 127
f 125 127 126
f 127 161 162
f 127 162 128
f 128 162 163
f 129 163 164
f 129 164 130
f 130 164 165
f 130 165 166
f 130 166 131
f 132 166 167
f 132 167 133
f 133 167 168
f 133 168 134
f 134 168 169
f 134 169 170
f 134 170 135
f 136 171 172
f 136 172 173
f 136 173 174
f 136 174 137
f 136 175 171
f 137 174 176
f 137 176 177
f 137 177 178
f 137 178 138
f 138 178 140
f 140 178 142
f 142 178 179
f 142 179 180
f 142 180 143
f 143 180 181
f 143 181 145
f 143 145 147
f 143 147 144
f 145 181 182
f 145 182 146
f 146 183 184
f 146 184 185
f 146 185 186
f 146 186 148
f 146 182 183
f 148 186 149
f 149 186 187
f 149 187 188
f 149 188 189
f 149 189 190
f 149 190 151
f 151 190 191
f 151 191 192
f 151 192 152
f 152 192 193
f 152 193 194
f 152 194 153
f 153 194 195
f 153 195 154
f 154 195 196
f 154 196 155
f 155 196 197
f 155 197 156
f 156 197 157
f 157 197 158
f 158 197 198
f 158 198 160
f 158 160 159
f 160 198 199
f 160 199 200
f 160 200 201
f 160 201 161
f 161 201 202
f 161 202 162
f 162 202 203
f 162 203 163
f 163 203 204
f 163 204 205
f 163 205 164
f 164 205 206
f 164 206 165
f 165 206 207
f 165 207 166
f 166 207 208
f 166 208 167
f 167 208 209
f 167 209 168
f 168 209 210
f 168 210 169
f 171 175 211
f 171 211 223
f 171 223 272
f 171 272 323
f 171 323 380
f 171 380 438
f 171 438 495
f 171 495 558
f 171 558 557
f 171 557 624
f 171 624 691
f 171 691 750
f 171 750 809
f 171 809 874
f 171 874 951
f 171 951 1028
f 171 1028 1109
f 171 1109 1116
f 171 1116 1206
f 171 1206 1298
f 171 1298 1394
f 171 1394 1491
f 171 1491 1591
f 171 1591 1697
f 171 1697 1802
f 171 1802 1892
f 171 1892 1891
f 171 1891 1971
f 171 1971 1970
f 171 1970 2044
f 171 2044 2123
f 171 2123 2184
f 171 2184 2230
f 171 2230 2229
f 171 2229 2265
f 171 2265 2264
f 171 2264 2291
f 171 2291 2268
f 171 2268 2267
f 171 2267 2266
f 171 2266 2292
f 171 2292 2306
f 171 2306 2320
f 171 2320 2319
f 171 2319 2318
f 171 2318 2329
f 171 2329 2332
f 171 2332 2330
f 171 2330 2327
f 171 2327 2326
f 171 2326 2325
f 171 2325 2314
f 171 2314 2313
f 171 2313 2300
f 171 2300 2280
f 171 2280 2247
f 171 2247 2209
f 171 2209 2208
f 171 2208 2207
f 171 2207 2205
f 171 2205 2155
f 171 2155 2092
f 171 2092 2010
f 171 2010 1936
f 171 1936 1848
f 171 1848 1752
f 171 1752 1647
f 171 1647 1646
f 171 1646 1645
f 171 1645 1542
f 171 1542 1449
f 171 1449 1448
f 171 1448 1446
f 171 1446 1352
f 171 1352 1260
f 171 1260 1259
f 171 1259 1166
f 171 1166 1082
f 171 1082 1001
f 171 1001 1000
f 171 1000 923
f 171 923 922
f 171 922 921
f 171 921 920
f 171 920 855
f 171 855 798
f 171 798 740
f 171 740 677
f 171 677 609
f 171 609 542
f 171 542 540
f 171 540 482
f 171 482 420
f 171 420 365
f 171 365 364
f 171 364 363
f 171 363 313
f 171 313 263
f 171 263 213
f 171 213 212
f 171 212 172
f 172 212 173
f 173 212 213
f 173 213 214
f 173 214 215
f 173 215 174
f 174 216 176
f 174 215 214
f 174 214 217
f 174 217 218
f 174 218 219
f 174 219 220
f 174 220 221
f 174 221 216
f 175 222 223
f 175 223 211
f 176 216 224
f 176 224 225
f 176 225 226
f 176 226 227
f 176 227 177
f 177 227 228
f 177 228 178
f 178 228 179
f 179 228 229
f 179 229 230
f 179 230 180
f 180 230 231
f 180 231 182
f 180 182 181
f 182 231 232
f 182 232 233
f 182 233 183
f 183 233 234
f 183 234 235
f 183 235 236
f 183 236 184
f 184 186 185
f 184 236 237
f 184 237 238
f 184 238 186
f 186 238 187
f 187 238 239
f 187 239 188
f 188 239 191
f 188 191 189
f 189 191 190
f 191 239 240
f 191 240 241
f 191 241 242
f 191 242 192
f 192 242 241
f 192 241 243
f 192 243 193
f 193 243 244
f 193 244 245
f 193 245 194
f 194 245 246
f 194 246 247
f 194 247 195
f 195 247 198
f 195 198 196
f 196 198 197
f 198 247 248
f 198 248 249
f 198 249 199
f 199 249 200
f 200 249 250
f 200 250 300
f 200 300 251
f 200 251 201
f 201 251 252
f 201 252 202
f 202 252 253
f 202 253 203
f 203 253 204
f 204 254 304
f 204 304 255
f 204 255 205
f 204 253 254
f 205 255 206
f 206 255 256
f 206 256 257
f 206 257 207
f 207 257 258
f 207 258 208
f 208 258 209
f 209 258 259
f 209 259 260
f 209 260 261
f 209 261 210
f 210 261 262
f 213 263 214
f 214 263 264
f 214 264 217
f 216 221 265
f 216 265 224
f 217 264 266
f 217 266 267
f 217 267 218
f 218 267 268
f 218 268 269
f 218 269 219
f 219 269 270
f 219 270 220
f 220 270 265
f 220 265 221
f 222 271 223
f 223 271 272
f 224 265 273
f 224 273 274
f 224 274 228
f 224 228 225
f 225 228 226
f 226 228 227
f 228 274 275
f 228 275 276
f 228 276 230
f 228 230 229
f 230 276 232
f 230 232 231
f 232 276 277
f 232 277 278
f 232 278 234
f 232 234 233
f 234 278 235
f 235 278 279
f 235 279 280
f 235 280 281
f 235 281 282
f 235 282 237
f 235 237 236
f 237 283 284
f 237 284 285
f 237 285 238
f 237 282 283
f 238 286 287
f 238 287 239
f 238 285 286
f 239 287 288
f 239 288 289
f 239 289 241
f 239 241 240
f 241 289 290
f 241 290 291
f 241 291 292
f 241 292 243
f 243 292 293
f 243 293 244
f 244 293 342
f 244 342 294
f 244 294 295
f 244 295 245
f 245 295 296
f 245 296 246
f 246 296 297
f 246 297 247
f 247 297 248
f 248 297 249
f 249 297 298
f 249 298 250
f 250 298 299
f 250 299 300
f 251 300 350
f 251 350 301
f 251 301 252
f 252 301 253
f 253 301 302
f 253 302 254
f 254 302 303
f 254 303 304
f 255 257 256
f 255 304 305
f 255 305 257
f 257 305 306
f 257 306 307
f 257 307 258
f 258 307 308
f 258 308 259
f 259 308 260
f 260 308 309
f 260 309 310
f 260 310 311
f 260 311 261
f 261 311 262
f 262 311 312
f 263 313 314
f 263 314 264
f 264 314 315
f 264 315 266
f 265 270 316
f 265 316 317
f 265 317 318
f 265 318 273
f 266 315 319
f 266 319 267
f 267 319 320
f 267 320 268
f 268 320 321
f 268 321 269
f 269 321 270
f 270 321 317
f 270 317 316
f 271 322 272
f 272 322 323
f 273 318 324
f 273 324 274
f 274 324 276
f 274 276 275
f 276 324 277
f 277 324 278
f 278 324 325
f 278 325 326
f 278 326 279
f 279 326 280
f 280 327 281
f 280 326 328
f 280 328 329
f 280 329 327
f 281 330 331
f 281 331 283
f 281 283 282
f 281 327 330
f 283 331 332
f 283 332 333
f 283 333 284
f 284 333 334
f 284 334 286
f 284 286 285
f 286 334 335
f 286 335 287
f 287 335 288
f 288 335 336
f 288 336 337
f 288 337 338
f 288 338 289
f 289 338 290
f 290 338 291
f 291 338 339
f 291 339 340
f 291 340 293
f 291 293 292
f 293 340 341
f 293 341 342
f 294 342 343
f 294 343 344
f 294 344 345
f 294 345 295
f 295 345 296
f 296 345 299
f 296 299 297
f 297 299 298
f 299 346 347
f 299 347 348
f 299 348 300
f 299 345 346
f 300 349 350
f 300 348 349
f 301 350 351
f 301 351 302
f 302 351 303
f 303 352 304
f 303 351 352
f 304 352 353
f 304 353 305
f 305 353 354
f 305 354 355
f 305 355 306
f 306 355 307
f 307 355 356
f 307 356 357
f 307 357 308
f 308 357 358
f 308 358 309
f 309 358 359
f 309 359 310
f 310 359 360
f 310 360 361
f 310 361 311
f 311 361 312
f 312 361 362
f 313 363 314
f 314 363 364
f 314 364 365
f 314 365 366
f 314 366 367
f 314 367 368
f 314 368 369
f 314 369 315
f 315 369 368
f 315 368 370
f 315 370 319
f 317 321 371
f 317 371 372
f 317 372 329
f 317 329 328
f 317 328 318
f 318 328 373
f 318 373 324
f 319 370 374
f 319 374 320
f 320 374 375
f 320 375 376
f 320 376 377
f 320 377 321
f 321 377 378
f 321 378 371
f 322 379 323
f 323 379 380
f 324 373 325
f 325 373 326
f 326 373 328
f 327 381 330
f 327 329 382
f 327 382 381
f 329 372 382
f 330 381 383
f 330 383 384
f 330 384 331
f 331 384 383
f 331 383 385
f 331 385 386
f 331 386 387
f 331 387 388
f 331 388 332
f 332 388 389
f 332 389 390
f 332 390 391
f 332 391 334
f 332 334 333
f 334 391 392
f 334 392 335
f 335 392 393
f 335 393 394
f 335 394 336
f 336 394 337
f 337 394 395
f 337 395 396
f 337 396 338
f 338 396 397
f 338 397 339
f 339 397 398
f 339 398 341
f 339 341 340
f 341 398 459
f 341 459 399
f 341 399 343
f 341 343 342
f 343 399 400
f 343 400 344
f 344 400 401
f 344 401 345
f 345 401 346
f 346 401 347
f 347 401 402
f 347 402 403
f 347 403 349
f 347 349 348
f 349 403 465
f 349 465 404
f 349 404 350
f 350 404 405
f 350 405 351
f 351 405 352
f 352 405 406
f 352 406 407
f 352 407 408
f 352 408 353
f 353 408 409
f 353 409 410
f 353 410 354
f 354 410 355
f 355 410 411
f 355 411 412
f 355 412 356
f 356 412 474
f 356 474 413
f 356 413 357
f 357 413 414
f 357 414 358
f 358 414 415
f 358 415 359
f 359 415 416
f 359 416 360
f 360 416 417
f 360 417 418
f 360 418 361
f 361 418 362
f 362 418 419
f 365 420 421
f 365 421 367
f 365 367 366
f 367 421 422
f 367 422 423
f 367 423 424
f 367 424 368
f 368 424 370
f 370 424 423
f 370 423 425
f 370 425 374
f 371 378 372
f 372 378 426
f 372 426 427
f 372 427 382
f 374 425 428
f 374 428 375
f 375 428 429
f 375 429 430
f 375 430 376
f 376 430 431
f 376 431 432
f 376 432 433
f 376 433 377
f 377 433 378
f 378 433 434
f 378 434 435
f 378 435 436
f 378 436 426
f 379 437 380
f 380 437 438
f 381 382 427
f 381 427 436
f 381 436 439
f 381 439 385
f 381 385 383
f 385 439 440
f 385 440 386
f 386 441 442
f 386 442 444
f 386 444 387
f 386 440 441
f 387 443 388
f 387 444 445
f 387 445 443
f 388 443 390
f 388 390 389
f 390 445 446
f 390 446 447
f 390 447 391
f 390 443 445
f 391 447 392
f 392 448 449
f 392 449 450
f 392 450 393
f 392 447 446
f 392 446 448
f 393 450 394
f 394 450 451
f 394 451 452
f 394 452 453
f 394 453 454
f 394 454 395
f 395 454 455
f 395 455 456
f 395 456 457
f 395 457 396
f 396 457 458
f 396 458 397
f 397 458 398
f 398 458 459
f 399 459 460
f 399 460 461
f 399 461 400
f 400 461 462
f 400 462 401
f 401 462 463
f 401 463 402
f 402 463 464
f 402 464 403
f 403 464 465
f 404 465 406
f 404 406 405
f 406 466 467
f 406 467 468
f 406 468 407
f 406 465 466
f 407 468 408
f 408 468 469
f 408 469 409
f 409 469 470
f 409 470 471
f 409 471 472
f 409 472 410
f 410 472 411
f 411 472 473
f 411 473 412
f 412 473 474
f 413 474 475
f 413 475 414
f 414 475 476
f 414 476 415
f 415 476 477
f 415 477 416
f 416 477 478
f 416 478 417
f 417 478 479
f 417 479 480
f 417 480 418
f 418 480 481
f 418 481 419
f 420 482 421
f 421 483 484
f 421 484 422
f 421 482 485
f 421 485 483
f 422 486 423
f 422 484 487
f 422 487 488
f 422 488 489
f 422 489 486
f 423 428 425
f 423 486 429
f 423 429 428
f 426 436 427
f 429 486 490
f 429 490 431
f 429 431 430
f 431 490 491
f 431 491 492
f 431 492 432
f 432 493 433
f 432 492 493
f 433 493 434
f 434 493 435
f 435 493 492
f 435 492 436
f 436 492 439
f 437 494 495
f 437 495 438
f 439 492 491
f 439 491 496
f 439 496 497
f 439 497 498
f 439 498 499
f 439 499 500
f 439 500 501
f 439 501 440
f 440 501 441
f 441 502 503
f 441 503 504
f 441 504 442
f 441 501 502
f 442 504 567
f 442 567 505
f 442 505 506
f 442 506 444
f 444 506 448
f 444 448 445
f 445 448 446
f 448 506 507
f 448 507 508
f 448 508 509
f 448 509 450
f 448 450 449
f 450 509 451
f 451 509 510
f 451 510 511
f 451 511 512
f 451 512 452
f 452 512 453
f 453 512 513
f 453 513 455
f 453 455 454
f 455 513 575
f 455 575 514
f 455 514 456
f 456 514 515
f 456 515 516
f 456 516 457
f 457 516 458
f 458 516 517
f 458 517 459
f 459 517 460
f 460 518 519
f 460 519 461
f 460 517 518
f 461 519 462
f 462 519 520
f 462 520 521
f 462 521 522
f 462 522 463
f 463 522 523
f 463 523 464
f 464 523 466
f 464 466 465
f 466 523 524
f 466 524 525
f 466 525 467
f 467 525 468
f 468 525 526
f 468 526 527
f 468 527 469
f 469 527 470
f 470 528 529
f 470 529 471
f 470 527 528
f 471 529 530
f 471 530 472
f 472 530 473
f 473 530 474
f 474 530 531
f 474 531 532
f 474 532 475
f 475 532 533
f 475 533 476
f 476 533 534
f 476 534 535
f 476 535 477
f 477 535 534
f 477 534 536
f 477 536 478
f 478 536 537
f 478 537 479
f 479 537 538
f 479 538 480
f 480 538 539
f 482 540 485
f 483 485 484
f 484 485 541
f 484 541 487
f 485 540 542
f 485 542 543
f 485 543 544
f 485 544 541
f 486 489 545
f 486 545 546
f 486 546 490
f 487 541 547
f 487 547 548
f 487 548 488
f 488 548 549
f 488 549 489
f 489 549 545
f 490 546 550
f 490 550 551
f 490 551 491
f 491 551 552
f 491 552 553
f 491 553 554
f 491 554 555
f 491 555 496
f 494 556 557
f 494 557 558
f 494 558 495
f 496 555 554
f 496 554 559
f 496 559 560
f 496 560 497
f 497 560 498
f 498 560 561
f 498 561 499
f 499 561 562
f 499 562 563
f 499 563 500
f 500 563 501
f 501 563 502
f 502 563 503
f 503 564 565
f 503 565 566
f 503 566 567
f 503 567 504
f 503 563 564
f 505 567 568
f 505 568 506
f 506 568 569
f 506 569 507
f 507 569 570
f 507 570 571
f 507 571 508
f 508 571 510
f 508 510 509
f 510 571 572
f 510 572 573
f 510 573 511
f 511 573 574
f 511 574 512
f 512 574 575
f 512 575 513
f 514 575 576
f 514 576 515
f 515 576 577
f 515 577 578
f 515 578 516
f 516 578 517
f 517 578 518
f 518 578 579
f 518 579 519
f 519 579 520
f 520 579 580
f 520 580 581
f 520 581 582
f 520 582 521
f 521 523 522
f 521 582 583
f 521 583 584
f 521 584 523
f 523 584 524
f 524 584 585
f 524 585 525
f 525 585 586
f 525 586 587
f 525 587 526
f 526 587 588
f 526 588 527
f 527 588 528
f 528 588 589
f 528 589 529
f 529 589 590
f 529 590 591
f 529 591 592
f 529 592 530
f 530 592 593
f 530 593 531
f 531 593 594
f 531 594 595
f 531 595 532
f 532 595 596
f 532 596 533
f 533 596 597
f 533 597 534
f 534 598 599
f 534 599 600
f 534 600 601
f 534 601 537
f 534 537 536
f 534 597 598
f 537 601 602
f 537 602 538
f 538 602 603
f 538 603 604
f 538 604 605
f 538 605 606
f 538 606 539
f 541 544 607
f 541 607 608
f 541 608 547
f 542 609 610
f 542 610 543
f 543 610 611
f 543 611 607
f 543 607 544
f 545 549 612
f 545 612 546
f 546 612 613
f 546 613 550
f 547 608 614
f 547 614 615
f 547 615 548
f 548 615 549
f 549 615 616
f 549 616 612
f 550 613 617
f 550 617 551
f 551 617 618
f 551 618 619
f 551 619 552
f 552 619 554
f 552 554 553
f 554 619 620
f 554 620 621
f 554 621 622
f 554 622 559
f 556 623 557
f 557 623 624
f 559 622 625
f 559 625 626
f 559 626 627
f 559 627 560
f 560 627 628
f 560 628 561
f 561 628 629
f 561 629 562
f 562 629 563
f 563 629 564
f 564 629 565
f 565 630 631
f 565 631 632
f 565 632 633
f 565 633 566
f 565 629 628
f 565 628 627
f 565 627 630
f 566 632 634
f 566 634 567
f 566 633 632
f 567 634 635
f 567 635 568
f 568 635 636
f 568 636 637
f 568 637 638
f 568 638 639
f 568 639 569
f 569 639 570
f 570 639 640
f 570 640 571
f 571 640 641
f 571 641 572
f 572 641 642
f 572 642 573
f 573 642 643
f 573 643 644
f 573 644 574
f 574 644 575
f 575 644 645
f 575 645 576
f 576 645 646
f 576 646 579
f 576 579 577
f 577 579 578
f 579 646 580
f 580 646 647
f 580 647 648
f 580 648 649
f 580 649 581
f 581 649 650
f 581 650 651
f 581 651 652
f 581 652 582
f 582 652 583
f 583 652 653
f 583 653 585
f 583 585 584
f 585 653 654
f 585 654 586
f 586 654 587
f 587 654 655
f 587 655 656
f 587 656 588
f 588 656 589
f 589 657 658
f 589 658 659
f 589 659 590
f 589 656 657
f 590 659 591
f 591 659 660
f 591 660 661
f 591 661 592
f 592 661 593
f 593 661 594
f 594 661 662
f 594 662 595
f 595 597 596
f 595 662 663
f 595 663 664
f 595 664 598
f 595 598 597
f 598 664 599
f 599 664 665
f 599 665 666
f 599 666 667
f 599 667 668
f 599 668 600
f 600 668 669
f 600 669 670
f 600 670 601
f 601 670 602
f 602 670 671
f 602 671 603
f 603 671 672
f 603 672 604
f 604 672 673
f 607 611 674
f 607 674 675
f 607 675 676
f 607 676 608
f 608 676 614
f 609 677 610
f 610 677 678
f 610 678 674
f 610 674 611
f 612 616 679
f 612 679 680
f 612 680 613
f 613 680 617
f 614 676 681
f 614 681 615
f 615 681 682
f 615 682 616
f 616 682 683
f 616 683 684
f 616 684 679
f 617 680 685
f 617 685 686
f 617 686 618
f 618 686 619
f 619 686 687
f 619 687 620
f 620 687 688
f 620 688 689
f 620 689 621
f 621 689 625
f 621 625 622
f 623 690 691
f 623 691 624
f 625 689 692
f 625 692 693
f 625 693 626
f 626 693 627
f 627 693 630
f 630 632 631
f 630 693 754
f 630 754 694
f 630 694 695
f 630 695 632
f 632 695 696
f 632 696 697
f 632 697 634
f 634 697 636
f 634 636 635
f 636 697 696
f 636 696 698
f 636 698 699
f 636 699 637
f 637 699 638
f 638 699 700
f 638 700 639
f 639 700 640
f 640 700 701
f 640 701 702
f 640 702 641
f 641 702 642
f 642 702 703
f 642 703 704
f 642 704 643
f 643 704 705
f 643 705 644
f 644 705 706
f 644 706 645
f 645 706 646
f 646 706 647
f 647 706 707
f 647 707 708
f 647 708 709
f 647 709 648
f 648 709 649
f 649 709 710
f 649 710 711
f 649 711 650
f 650 711 712
f 650 712 651
f 651 712 713
f 651 713 714
f 651 714 652
f 652 714 653
f 653 714 715
f 653 715 654
f 654 715 655
f 655 715 716
f 655 716 717
f 655 717 718
f 655 718 719
f 655 719 656
f 656 719 657
f 657 719 720
f 657 720 721
f 657 721 722
f 657 722 658
f 658 722 723
f 658 723 659
f 659 723 724
f 659 724 660
f 660 724 725
f 660 725 662
f 660 662 661
f 662 725 726
f 662 726 663
f 663 726 665
f 663 665 664
f 665 726 727
f 665 727 728
f 665 728 666
f 666 728 729
f 666 729 667
f 667 729 730
f 667 730 731
f 667 731 668
f 668 731 669
f 669 732 670
f 669 731 733
f 669 733 732
f 670 732 671
f 671 732 734
f 671 734 672
f 672 734 735
f 672 735 673
f 674 678 736
f 674 736 675
f 675 736 737
f 675 737 676
f 676 737 738
f 676 738 739
f 676 739 681
f 677 740 678
f 678 740 736
f 679 684 680
f 680 684 741
f 680 741 742
f 680 742 685
f 681 739 682
f 682 739 743
f 682 743 744
f 682 744 683
f 683 744 745
f 683 745 684
f 684 745 741
f 685 742 686
f 686 742 746
f 686 746 687
f 687 746 747
f 687 747 748
f 687 748 688
f 688 748 692
f 688 692 689
f 690 749 750
f 690 750 691
f 692 748 751
f 692 751 752
f 692 752 693
f 693 752 753
f 693 753 754
f 694 754 814
f 694 814 755
f 694 755 756
f 694 756 695
f 695 756 696
f 696 756 757
f 696 757 698
f 698 757 699
f 699 758 759
f 699 759 760
f 699 760 700
f 699 757 758
f 700 760 701
f 701 761 762
f 701 762 763
f 701 763 702
f 701 760 759
f 701 759 761
f 702 763 764
f 702 764 703
f 703 764 704
f 704 764 765
f 704 765 766
f 704 766 767
f 704 767 705
f 705 767 707
f 705 707 706
f 707 767 766
f 707 766 768
f 707 768 769
f 707 769 770
f 707 770 708
f 708 770 771
f 708 771 709
f 709 771 772
f 709 772 710
f 710 772 773
f 710 773 711
f 711 773 774
f 711 774 712
f 712 774 775
f 712 775 713
f 713 775 716
f 713 716 714
f 714 716 715
f 716 775 776
f 716 776 717
f 717 776 777
f 717 777 718
f 718 777 778
f 718 778 720
f 718 720 719
f 720 778 721
f 721 723 722
f 721 778 779
f 721 779 780
f 721 780 781
f 721 781 782
f 721 782 723
f 723 782 783
f 723 783 724
f 724 783 784
f 724 784 725
f 725 784 785
f 725 785 726
f 726 785 727
f 727 785 786
f 727 786 787
f 727 787 728
f 728 787 788
f 728 788 729
f 729 788 789
f 729 789 730
f 730 790 731
f 730 789 790
f 731 790 733
f 732 733 791
f 732 791 734
f 733 790 792
f 733 792 791
f 734 791 793
f 734 793 735
f 735 793 794
f 736 740 795
f 736 795 737
f 737 795 796
f 737 796 738
f 738 796 797
f 738 797 739
f 739 797 743
f 740 798 795
f 741 745 799
f 741 799 742
f 742 799 800
f 742 800 801
f 742 801 746
f 743 797 802
f 743 802 803
f 743 803 744
f 744 803 804
f 744 804 745
f 745 804 799
f 746 801 747
f 747 801 805
f 747 805 806
f 747 806 748
f 748 806 751
f 749 807 750
f 750 808 869
f 750 869 809
f 750 807 810
f 750 810 808
f 751 753 752
f 751 806 811
f 751 811 812
f 751 812 753
f 753 812 813
f 753 813 754
f 754 813 814
f 755 814 815
f 755 815 816
f 755 816 817
f 755 817 756
f 756 817 757
f 757 817 818
f 757 818 758
f 758 818 819
f 758 819 820
f 758 820 759
f 759 820 761
f 761 820 821
f 761 821 762
f 762 821 822
f 762 822 823
f 762 823 764
f 762 764 763
f 764 823 824
f 764 824 765
f 765 824 825
f 765 825 766
f 766 825 768
f 768 825 826
f 768 826 827
f 768 827 769
f 769 827 770
f 770 827 828
f 770 828 771
f 771 828 829
f 771 829 772
f 772 829 830
f 772 830 773
f 773 831 774
f 773 830 831
f 774 831 775
f 775 831 832
f 775 832 833
f 775 833 776
f 776 833 834
f 776 834 835
f 776 835 777
f 777 835 779
f 777 779 778
f 779 836 837
f 779 837 780
f 779 835 836
f 780 837 838
f 780 838 781
f 781 838 839
f 781 839 840
f 781 840 782
f 782 840 783
f 783 840 784
f 784 840 841
f 784 841 842
f 784 842 785
f 785 842 786
f 786 842 843
f 786 843 844
f 786 844 787
f 787 844 788
f 788 844 845
f 788 845 846
f 788 846 847
f 788 847 789
f 789 848 790
f 789 847 848
f 790 848 849
f 790 849 792
f 791 792 793
f 792 850 793
f 792 849 851
f 792 851 850
f 793 850 852
f 793 852 853
f 793 853 794
f 794 853 854
f 795 798 855
f 795 855 856
f 795 856 796
f 796 857 797
f 796 856 858
f 796 858 859
f 796 859 857
f 797 857 860
f 797 860 802
f 799 804 861
f 799 861 862
f 799 862 800
f 800 862 863
f 800 863 801
f 801 863 805
f 802 860 864
f 802 864 865
f 802 865 803
f 803 865 866
f 803 866 804
f 804 866 861
f 805 863 867
f 805 867 806
f 806 867 868
f 806 868 811
f 809 869 870
f 809 870 871
f 809 871 872
f 809 872 873
f 809 873 874
f 811 868 875
f 811 875 876
f 811 876 812
f 812 876 877
f 812 877 813
f 813 877 814
f 814 877 815
f 815 878 879
f 815 879 816
f 815 877 876
f 815 876 878
f 816 879 817
f 817 879 880
f 817 880 881
f 817 881 882
f 817 882 818
f 818 882 819
f 819 882 883
f 819 883 820
f 820 883 884
f 820 884 821
f 821 884 885
f 821 885 822
f 822 885 886
f 822 886 887
f 822 887 823
f 823 887 888
f 823 888 824
f 824 888 825
f 825 888 889
f 825 889 826
f 826 889 890
f 826 890 891
f 826 891 892
f 826 892 827
f 827 892 893
f 827 893 828
f 828 893 829
f 829 893 894
f 829 894 830
f 830 894 831
f 831 894 895
f 831 895 896
f 831 896 832
f 832 896 897
f 832 897 833
f 833 897 898
f 833 898 834
f 834 898 899
f 834 899 835
f 835 899 836
f 836 900 837
f 836 899 900
f 837 900 901
f 837 901 902
f 837 902 838
f 838 902 903
f 838 903 839
f 839 903 904
f 839 904 905
f 839 905 906
f 839 906 840
f 840 906 841
f 841 906 842
f 842 906 907
f 842 907 843
f 843 908 844
f 843 907 908
f 844 908 909
f 844 909 910
f 844 910 845
f 845 910 911
f 845 911 846
f 846 911 847
f 847 911 912
f 847 912 913
f 847 913 914
f 847 914 848
f 848 914 849
f 849 914 915
f 849 915 851
f 850 851 852
f 851 915 916
f 851 916 852
f 852 916 917
f 852 917 918
f 852 918 919
f 852 919 854
f 852 854 853
f 855 920 856
f 856 920 921
f 856 921 922
f 856 922 858
f 857 859 860
f 858 922 923
f 858 923 924
f 858 924 925
f 858 925 926
f 858 926 859
f 859 926 927
f 859 927 860
f 860 927 864
f 861 866 928
f 861 928 929
f 861 929 862
f 862 930 863
f 862 929 934
f 862 934 930
f 863 930 867
f 864 927 931
f 864 931 932
f 864 932 865
f 865 932 1011
f 865 1011 933
f 865 933 866
f 866 933 928
f 867 930 934
f 867 934 935
f 867 935 936
f 867 936 868
f 868 936 875
f 869 937 938
f 869 938 939
f 869 939 940
f 869 940 941
f 869 941 942
f 869 942 943
f 869 943 944
f 869 944 945
f 869 945 946
f 869 946 947
f 869 947 948
f 869 948 949
f 869 949 870
f 870 949 871
f 871 873 872
f 871 949 948
f 871 948 950
f 871 950 873
f 873 951 874
f 873 950 952
f 873 952 953
f 873 953 954
f 873 954 951
f 875 936 955
f 875 955 878
f 875 878 876
f 878 955 879
f 879 956 957
f 879 957 880
f 879 955 956
f 880 957 958
f 880 958 959
f 880 959 881
f 881 959 882
f 882 959 960
f 882 960 883
f 883 960 961
f 883 961 884
f 884 961 885
f 885 962 963
f 885 963 886
f 885 961 962
f 886 963 964
f 886 964 887
f 887 964 888
f 888 964 965
f 888 965 889
f 889 965 890
f 890 965 966
f 890 966 967
f 890 967 968
f 890 968 891
f 891 968 969
f 891 969 892
f 892 969 893
f 893 969 894
f 894 969 970
f 894 970 895
f 895 970 971
f 895 971 896
f 896 971 972
f 896 972 897
f 897 972 973
f 897 973 898
f 898 973 899
f 899 973 974
f 899 974 900
f 900 974 975
f 900 975 976
f 900 976 977
f 900 977 901
f 901 977 978
f 901 978 902
f 902 978 979
f 902 979 904
f 902 904 903
f 904 980 905
f 904 979 981
f 904 981 982
f 904 982 983
f 904 983 984
f 904 984 985
f 904 985 986
f 904 986 987
f 904 987 980
f 905 980 906
f 906 980 907
f 907 980 908
f 908 980 988
f 908 988 909
f 909 988 910
f 910 988 989
f 910 989 990
f 910 990 911
f 911 990 991
f 911 991 912
f 912 991 913
f 913 991 992
f 913 992 993
f 913 993 994
f 913 994 914
f 914 994 915
f 915 994 916
f 916 994 995
f 916 995 996
f 916 996 997
f 916 997 917
f 917 997 998
f 917 998 999
f 917 999 918
f 923 1000 924
f 924 1000 1001
f 924 1001 1002
f 924 1002 1003
f 924 1003 925
f 925 1003 1004
f 925 1004 926
f 926 1004 1005
f 926 1005 927
f 927 1005 931
f 928 933 1006
f 928 1006 1007
f 928 1007 929
f 929 1007 1008
f 929 1008 934
f 931 1005 1009
f 931 1009 1010
f 931 1010 932
f 932 1010 1011
f 933 1011 1006
f 934 1008 1012
f 934 1012 935
f 935 1012 936
f 936 1012 955
f 937 1013 1014
f 937 1014 1015
f 937 1015 938
f 938 1015 1016
f 938 1016 1017
f 938 1017 1018
f 938 1018 1019
f 938 1019 939
f 939 1019 940
f 940 1020 941
f 940 1019 1021
f 940 1021 1020
f 941 1020 942
f 942 1020 943
f 943 1020 1022
f 943 1022 1023
f 943 1023 944
f 944 1024 945
f 944 1023 1025
f 944 1025 1024
f 945 1024 946
f 946 1024 947
f 947 1026 948
f 947 1024 1027
f 947 1027 1026
f 948 1026 950
f 950 1026 952
f 951 954 1028
f 952 1026 1029
f 952 1029 1030
f 952 1030 1031
f 952 1031 953
f 953 1031 1032
f 953 1032 954
f 954 1032 1033
f 954 1033 1034
f 954 1034 1028
f 955 1012 956
f 956 1012 1035
f 956 1035 1036
f 956 1036 957
f 957 1036 1037
f 957 1037 958
f 958 1037 1038
f 958 1038 1039
f 958 1039 959
f 959 1039 960
f 960 1039 961
f 961 1039 1040
f 961 1040 1041
f 961 1041 962
f 962 1041 963
f 963 1042 964
f 963 1041 1043
f 963 1043 1042
f 964 1042 966
f 964 966 965
f 966 1043 1044
f 966 1044 1045
f 966 1045 967
f 966 1042 1043
f 967 1045 1046
f 967 1046 968
f 968 1046 1047
f 968 1047 1048
f 968 1048 969
f 969 1048 1049
f 969 1049 970
f 970 1049 1050
f 970 1050 1051
f 970 1051 971
f 971 1051 1052
f 971 1052 972
f 972 1052 1053
f 972 1053 973
f 973 1053 975
f 973 975 974
f 975 1054 1055
f 975 1055 1056
f 975 1056 976
f 975 1053 1054
f 976 1056 977
f 977 1056 1057
f 977 1057 1058
f 977 1058 978
f 978 1058 981
f 978 981 979
f 980 987 1059
f 980 1059 988
f 981 1058 1060
f 981 1060 1061
f 981 1061 1062
f 981 1062 982
f 982 1062 983
f 983 1062 984
f 984 1063 986
f 984 986 985
f 984 1062 1064
f 984 1064 1065
f 984 1065 1066
f 984 1066 1067
f 984 1067 1068
f 984 1068 1069
f 984 1069 1070
f 984 1070 1071
f 984 1071 1063
f 986 1063 988
f 986 988 1059
f 986 1059 987
f 988 1063 1072
f 988 1072 1073
f 988 1073 989
f 989 1073 990
f 990 1073 991
f 991 1073 1074
f 991 1074 1075
f 991 1075 992
f 992 1075 1076
f 992 1076 993
f 993 1076 1077
f 993 1077 994
f 994 1077 995
f 995 1077 996
f 996 1078 1079
f 996 1079 998
f 996 998 997
f 996 1077 1078
f 998 1080 999
f 998 1079 1081
f 998 1081 1080
f 1001 1082 1002
f 1002 1082 1083
f 1002 1083 1003
f 1003 1084 1004
f 1003 1083 1084
f 1004 1084 1085
f 1004 1085 1009
f 1004 1009 1005
f 1006 1011 1086
f 1006 1086 1087
f 1006 1087 1007
f 1007 1087 1008
f 1008 1087 1088
f 1008 1088 1089
f 1008 1089 1090
f 1008 1090 1012
f 1009 1085 1091
f 1009 1091 1092
f 1009 1092 1093
f 1009 1093 1010
f 1010 1093 1094
f 1010 1094 1011
f 1011 1094 1086
f 1012 1090 1089
f 1012 1089 1035
f 1013 1095 1014
f 1014 1095 1096
f 1014 1096 1097
f 1014 1097 1015
f 1015 1097 1098
f 1015 1098 1016
f 1016 1098 1099
f 1016 1099 1017
f 1017 1099 1018
f 1018 1100 1101
f 1018 1101 1102
f 1018 1102 1021
f 1018 1021 1019
f 1018 1099 1100
f 1020 1021 1103
f 1020 1103 1022
f 1021 1102 1103
f 1022 1104 1023
f 1022 1103 1105
f 1022 1105 1104
f 1023 1104 1106
f 1023 1106 1025
f 1024 1025 1107
f 1024 1107 1027
f 1025 1106 1107
f 1026 1027 1108
f 1026 1108 1029
f 1027 1107 1108
f 1028 1034 1109
f 1029 1108 1030
f 1030 1110 1031
f 1030 1108 1111
f 1030 1111 1112
f 1030 1112 1110
f 1031 1110 1113
f 1031 1113 1033
f 1031 1033 1032
f 1033 1113 1114
f 1033 1114 1115
f 1033 1115 1034
f 1034 1115 1116
f 1034 1116 1109
f 1035 1089 1036
f 1036 1117 1037
f 1036 1089 1118
f 1036 1118 1119
f 1036 1119 1117
f 1037 1117 1119
f 1037 1119 1120
f 1037 1120 1038
f 1038 1120 1121
f 1038 1121 1122
f 1038 1122 1039
f 1039 1122 1040
f 1040 1122 1041
f 1041 1122 1123
f 1041 1123 1124
f 1041 1124 1043
f 1043 1125 1126
f 1043 1126 1044
f 1043 1124 1125
f 1044 1126 1127
f 1044 1127 1045
f 1045 1127 1128
f 1045 1128 1046
f 1046 1128 1129
f 1046 1129 1047
f 1047 1129 1130
f 1047 1130 1131
f 1047 1131 1048
f 1048 1131 1049
f 1049 1131 1132
f 1049 1132 1050
f 1050 1132 1133
f 1050 1133 1051
f 1051 1133 1052
f 1052 1133 1134
f 1052 1134 1135
f 1052 1135 1054
f 1052 1054 1053
f 1054 1135 1136
f 1054 1136 1137
f 1054 1137 1138
f 1054 1138 1055
f 1055 1138 1139
f 1055 1139 1056
f 1056 1139 1140
f 1056 1140 1060
f 1056 1060 1057
f 1057 1060 1058
f 1060 1140 1141
f 1060 1141 1142
f 1060 1142 1143
f 1060 1143 1061
f 1061 1143 1144
f 1061 1144 1062
f 1062 1144 1064
f 1063 1071 1145
f 1063 1145 1146
f 1063 1146 1072
f 1064 1144 1065
f 1065 1147 1148
f 1065 1148 1149
f 1065 1149 1066
f 1065 1144 1150
f 1065 1150 1147
f 1066 1149 1067
f 1067 1151 1152
f 1067 1152 1069
f 1067 1069 1068
f 1067 1149 1151
f 1069 1152 1153
f 1069 1153 1145
f 1069 1145 1071
f 1069 1071 1070
f 1072 1146 1145
f 1072 1145 1154
f 1072 1154 1073
f 1073 1154 1155
f 1073 1155 1074
f 1074 1155 1075
f 1075 1155 1156
f 1075 1156 1076
f 1076 1156 1157
f 1076 1157 1158
f 1076 1158 1159
f 1076 1159 1077
f 1077 1159 1160
f 1077 1160 1078
f 1078 1160 1079
f 1079 1160 1161
f 1079 1161 1162
f 1079 1162 1163
f 1079 1163 1164
f 1079 1164 1081
f 1081 1164 1165
f 1082 1166 1167
f 1082 1167 1083
f 1083 1167 1168
f 1083 1168 1169
f 1083 1169 1084
f 1084 1169 1091
f 1084 1091 1085
f 1086 1170 1087
f 1086 1094 1171
f 1086 1171 1170
f 1087 1170 1172
f 1087 1172 1088
f 1088 1172 1170
f 1088 1170 1173
f 1088 1173 1267
f 1088 1267 1174
f 1088 1174 1089
f 1089 1174 1118
f 1091 1169 1175
f 1091 1175 1176
f 1091 1176 1092
f 1092 1176 1177
f 1092 1177 1093
f 1093 1177 1178
f 1093 1178 1094
f 1094 1178 1171
f 1095 1179 1096
f 1096 1180 1181
f 1096 1181 1182
f 1096 1182 1183
f 1096 1183 1184
f 1096 1184 1185
f 1096 1185 1097
f 1096 1179 1180
f 1097 1185 1184
f 1097 1184 1186
f 1097 1186 1187
f 1097 1187 1188
f 1097 1188 1189
f 1097 1189 1098
f 1098 1189 1099
f 1099 1190 1100
f 1099 1189 1190
f 1100 1190 1191
f 1100 1191 1101
f 1101 1192 1193
f 1101 1193 1194
f 1101 1194 1102
f 1101 1191 1195
f 1101 1195 1196
f 1101 1196 1192
f 1102 1194 1103
f 1103 1197 1105
f 1103 1194 1197
f 1104 1105 1197
f 1104 1197 1198
f 1104 1198 1106
f 1106 1111 1107
f 1106 1198 1199
f 1106 1199 1200
f 1106 1200 1111
f 1107 1111 1108
f 1110 1112 1201
f 1110 1201 1113
f 1111 1200 1112
f 1112 1200 1202
f 1112 1202 1203
f 1112 1203 1201
f 1113 1201 1114
f 1114 1204 1115
f 1114 1201 1205
f 1114 1205 1204
f 1115 1204 1116
f 1116 1204 1206
f 1118 1174 1207
f 1118 1207 1119
f 1119 1207 1208
f 1119 1208 1120
f 1120 1208 1121
f 1121 1208 1209
f 1121 1209 1210
f 1121 1210 1211
f 1121 1211 1122
f 1122 1211 1123
f 1123 1211 1212
f 1123 1212 1124
f 1124 1212 1213
f 1124 1213 1125
f 1125 1213 1214
f 1125 1214 1126
f 1126 1214 1215
f 1126 1215 1127
f 1127 1215 1216
f 1127 1216 1128
f 1128 1216 1129
f 1129 1216 1217
f 1129 1217 1218
f 1129 1218 1130
f 1130 1218 1219
f 1130 1219 1131
f 1131 1219 1132
f 1132 1219 1220
f 1132 1220 1133
f 1133 1220 1135
f 1133 1135 1134
f 1135 1220 1221
f 1135 1221 1222
f 1135 1222 1223
f 1135 1223 1136
f 1136 1223 1137
f 1137 1224 1225
f 1137 1225 1226
f 1137 1226 1138
f 1137 1223 1224
f 1138 1226 1139
f 1139 1141 1140
f 1139 1226 1141
f 1141 1226 1225
f 1141 1225 1227
f 1141 1227 1142
f 1142 1228 1229
f 1142 1229 1230
f 1142 1230 1143
f 1142 1227 1228
f 1143 1230 1150
f 1143 1150 1144
f 1145 1155 1154
f 1145 1153 1231
f 1145 1231 1232
f 1145 1232 1233
f 1145 1233 1155
f 1147 1234 1235
f 1147 1235 1236
f 1147 1236 1148
f 1147 1150 1230
f 1147 1230 1229
f 1147 1229 1234
f 1148 1236 1237
f 1148 1237 1149
f 1149 1237 1151
f 1151 1238 1152
f 1151 1237 1238
f 1152 1238 1239
f 1152 1239 1240
f 1152 1240 1241
f 1152 1241 1242
f 1152 1242 1243
f 1152 1243 1153
f 1153 1243 1244
f 1153 1244 1245
f 1153 1245 1246
f 1153 1246 1231
f 1155 1233 1232
f 1155 1232 1247
f 1155 1247 1156
f 1156 1247 1157
f 1157 1247 1232
f 1157 1232 1248
f 1157 1248 1249
f 1157 1249 1250
f 1157 1250 1251
f 1157 1251 1158
f 1158 1251 1160
f 1158 1160 1159
f 1160 1251 1250
f 1160 1250 1252
f 1160 1252 1161
f 1161 1252 1253
f 1161 1253 1162
f 1162 1253 1163
f 1163 1254 1164
f 1163 1253 1255
f 1163 1255 1256
f 1163 1256 1257
f 1163 1257 1258
f 1163 1258 1254
f 1164 1254 1165
f 1166 1259 1167
f 1167 1259 1168
f 1168 1259 1260
f 1168 1260 1261
f 1168 1261 1262
f 1168 1262 1169
f 1169 1262 1175
f 1170 1171 1263
f 1170 1263 1264
f 1170 1264 1173
f 1171 1178 1265
f 1171 1265 1263
f 1173 1264 1266
f 1173 1266 1267
f 1174 1267 1207
f 1175 1268 1269
f 1175 1269 1176
f 1175 1262 1268
f 1176 1269 1270
f 1176 1270 1177
f 1177 1270 1271
f 1177 1271 1178
f 1178 1271 1265
f 1181 1272 1182
f 1182 1272 1273
f 1182 1273 1274
f 1182 1274 1275
f 1182 1275 1276
f 1182 1276 1184
f 1182 1184 1183
f 1184 1187 1186
f 1184 1276 1275
f 1184 1275 1277
f 1184 1277 1278
f 1184 1278 1187
f 1187 1278 1279
f 1187 1279 1280
f 1187 1280 1281
f 1187 1281 1282
f 1187 1282 1188
f 1188 1282 1189
f 1189 1282 1283
f 1189 1283 1284
f 1189 1284 1190
f 1190 1284 1191
f 1191 1284 1195
f 1192 1285 1286
f 1192 1286 1193
f 1192 1196 1285
f 1193 1286 1287
f 1193 1287 1197
f 1193 1197 1194
f 1195 1284 1288
f 1195 1288 1196
f 1196 1288 1289
f 1196 1289 1285
f 1197 1290 1198
f 1197 1287 1291
f 1197 1291 1290
f 1198 1290 1292
f 1198 1292 1199
f 1199 1292 1200
f 1200 1292 1202
f 1201 1203 1293
f 1201 1293 1205
f 1202 1292 1294
f 1202 1294 1203
f 1203 1294 1295
f 1203 1295 1296
f 1203 1296 1297
f 1203 1297 1293
f 1204 1205 1298
f 1204 1298 1206
f 1205 1293 1297
f 1205 1297 1299
f 1205 1299 1298
f 1207 1267 1300
f 1207 1300 1208
f 1208 1300 1301
f 1208 1301 1209
f 1209 1301 1210
f 1210 1302 1303
f 1210 1303 1304
f 1210 1304 1305
f 1210 1305 1212
f 1210 1212 1211
f 1210 1301 1302
f 1212 1305 1306
f 1212 1306 1213
f 1213 1306 1214
f 1214 1306 1307
f 1214 1307 1215
f 1215 1307 1216
f 1216 1307 1308
f 1216 1308 1217
f 1217 1308 1309
f 1217 1309 1310
f 1217 1310 1311
f 1217 1311 1218
f 1218 1311 1312
f 1218 1312 1313
f 1218 1313 1219
f 1219 1313 1221
f 1219 1221 1220
f 1221 1313 1314
f 1221 1314 1315
f 1221 1315 1222
f 1222 1315 1316
f 1222 1316 1223
f 1223 1316 1224
f 1224 1316 1317
f 1224 1317 1225
f 1225 1317 1318
f 1225 1318 1319
f 1225 1319 1227
f 1227 1319 1228
f 1228 1319 1320
f 1228 1320 1234
f 1228 1234 1229
f 1231 1246 1245
f 1231 1245 1321
f 1231 1321 1232
f 1232 1321 1322
f 1232 1322 1248
f 1234 1320 1323
f 1234 1323 1324
f 1234 1324 1325
f 1234 1325 1235
f 1235 1325 1236
f 1236 1325 1326
f 1236 1326 1327
f 1236 1327 1237
f 1237 1327 1238
f 1238 1327 1328
f 1238 1328 1329
f 1238 1329 1330
f 1238 1330 1239
f 1239 1330 1240
f 1240 1331 1332
f 1240 1332 1333
f 1240 1333 1334
f 1240 1334 1242
f 1240 1242 1241
f 1240 1330 1331
f 1242 1334 1335
f 1242 1335 1336
f 1242 1336 1245
f 1242 1245 1244
f 1242 1244 1243
f 1245 1336 1337
f 1245 1337 1338
f 1245 1338 1339
f 1245 1339 1340
f 1245 1340 1322
f 1245 1322 1321
f 1248 1322 1249
f 1249 1322 1341
f 1249 1341 1250
f 1250 1341 1342
f 1250 1342 1343
f 1250 1343 1344
f 1250 1344 1345
f 1250 1345 1252
f 1252 1345 1344
f 1252 1344 1346
f 1252 1346 1253
f 1253 1346 1255
f 1255 1346 1347
f 1255 1347 1348
f 1255 1348 1349
f 1255 1349 1256
f 1256 1349 1350
f 1256 1350 1257
f 1257 1350 1351
f 1260 1352 1261
f 1261 1353 1262
f 1261 1352 1354
f 1261 1354 1353
f 1262 1353 1268
f 1263 1265 1355
f 1263 1355 1356
f 1263 1356 1264
f 1264 1356 1266
f 1265 1271 1357
f 1265 1357 1355
f 1266 1356 1358
f 1266 1358 1359
f 1266 1359 1300
f 1266 1300 1267
f 1268 1360 1269
f 1268 1353 1361
f 1268 1361 1360
f 1269 1360 1362
f 1269 1362 1270
f 1270 1362 1271
f 1271 1362 1363
f 1271 1363 1357
f 1273 1364 1274
f 1274 1365 1366
f 1274 1366 1275
f 1274 1364 1367
f 1274 1367 1368
f 1274 1368 1369
f 1274 1369 1365
f 1275 1366 1365
f 1275 1365 1370
f 1275 1370 1371
f 1275 1371 1277
f 1277 1371 1279
f 1277 1279 1278
f 1279 1371 1372
f 1279 1372 1280
f 1280 1372 1373
f 1280 1373 1281
f 1281 1373 1374
f 1281 1374 1375
f 1281 1375 1376
f 1281 1376 1282
f 1282 1377 1283
f 1282 1376 1377
f 1283 1377 1378
f 1283 1378 1284
f 1284 1378 1379
f 1284 1379 1288
f 1285 1380 1381
f 1285 1381 1291
f 1285 1291 1286
f 1285 1289 1382
f 1285 1382 1383
f 1285 1383 1380
f 1286 1291 1287
f 1288 1379 1384
f 1288 1384 1385
f 1288 1385 1386
f 1288 1386 1289
f 1289 1386 1382
f 1290 1291 1292
f 1291 1381 1387
f 1291 1387 1292
f 1292 1387 1294
f 1294 1387 1388
f 1294 1388 1295
f 1295 1388 1389
f 1295 1389 1296
f 1296 1389 1390
f 1296 1390 1391
f 1296 1391 1297
f 1297 1391 1392
f 1297 1392 1393
f 1297 1393 1299
f 1298 1299 1394
f 1299 1393 1394
f 1300 1359 1395
f 1300 1395 1301
f 1301 1395 1396
f 1301 1396 1397
f 1301 1397 1302
f 1302 1397 1303
f 1303 1397 1398
f 1303 1398 1304
f 1304 1398 1305
f 1305 1398 1399
f 1305 1399 1306
f 1306 1399 1400
f 1306 1400 1401
f 1306 1401 1307
f 1307 1401 1402
f 1307 1402 1309
f 1307 1309 1308
f 1309 1403 1404
f 1309 1404 1310
f 1309 1402 1403
f 1310 1404 1405
f 1310 1405 1406
f 1310 1406 1311
f 1311 1406 1312
f 1312 1406 1407
f 1312 1407 1314
f 1312 1314 1313
f 1314 1407 1408
f 1314 1408 1409
f 1314 1409 1315
f 1315 1409 1410
f 1315 1410 1316
f 1316 1410 1317
f 1317 1410 1411
f 1317 1411 1412
f 1317 1412 1413
f 1317 1413 1318
f 1318 1413 1414
f 1318 1414 1319
f 1319 1414 1320
f 1320 1414 1323
f 1322 1340 1339
f 1322 1339 1415
f 1322 1415 1341
f 1323 1416 1417
f 1323 1417 1324
f 1323 1414 1418
f 1323 1418 1419
f 1323 1419 1416
f 1324 1417 1325
f 1325 1417 1420
f 1325 1420 1421
f 1325 1421 1328
f 1325 1328 1326
f 1326 1328 1327
f 1328 1422 1423
f 1328 1423 1424
f 1328 1424 1329
f 1328 1421 1422
f 1329 1424 1331
f 1329 1331 1330
f 1331 1424 1425
f 1331 1425 1426
f 1331 1426 1332
f 1332 1426 1333
f 1333 1426 1427
f 1333 1427 1428
f 1333 1428 1429
f 1333 1429 1430
f 1333 1430 1335
f 1333 1335 1334
f 1335 1430 1431
f 1335 1431 1432
f 1335 1432 1337
f 1335 1337 1336
f 1337 1339 1338
f 1337 1432 1433
f 1337 1433 1434
f 1337 1434 1339
f 1339 1435 1415
f 1339 1434 1436
f 1339 1436 1437
f 1339 1437 1435
f 1341 1415 1435
f 1341 1435 1342
f 1342 1435 1343
f 1343 1435 1438
f 1343 1438 1439
f 1343 1439 1344
f 1344 1439 1440
f 1344 1440 1347
f 1344 1347 1346
f 1347 1440 1348
f 1348 1441 1442
f 1348 1442 1443
f 1348 1443 1350
f 1348 1350 1349
f 1348 1440 1441
f 1350 1443 1444
f 1350 1444 1445
f 1350 1445 1351
f 1352 1446 1354
f 1353 1354 1447
f 1353 1447 1361
f 1354 1448 1449
f 1354 1449 1450
f 1354 1450 1447
f 1354 1446 1448
f 1355 1357 1451
f 1355 1451 1452
f 1355 1452 1356
f 1356 1452 1358
f 1357 1363 1453
f 1357 1453 1451
f 1358 1452 1454
f 1358 1454 1455
f 1358 1455 1395
f 1358 1395 1359
f 1360 1361 1456
f 1360 1456 1457
f 1360 1457 1362
f 1361 1447 1458
f 1361 1458 1456
f 1362 1457 1459
f 1362 1459 1363
f 1363 1459 1453
f 1365 1369 1460
f 1365 1460 1370
f 1367 1461 1368
f 1368 1461 1462
f 1368 1462 1463
f 1368 1463 1464
f 1368 1464 1369
f 1369 1464 1465
f 1369 1465 1466
f 1369 1466 1467
f 1369 1467 1460
f 1370 1460 1371
f 1371 1460 1468
f 1371 1468 1469
f 1371 1469 1470
f 1371 1470 1372
f 1372 1471 1472
f 1372 1472 1373
f 1372 1470 1469
f 1372 1469 1473
f 1372 1473 1471
f 1373 1472 1374
f 1374 1472 1474
f 1374 1474 1375
f 1375 1475 1476
f 1375 1476 1377
f 1375 1377 1376
f 1375 1474 1475
f 1377 1476 1378
f 1378 1476 1379
f 1379 1476 1384
f 1380 1389 1388
f 1380 1388 1381
f 1380 1383 1477
f 1380 1477 1478
f 1380 1478 1389
f 1381 1388 1387
f 1382 1386 1479
f 1382 1479 1383
f 1383 1479 1477
f 1384 1476 1385
f 1385 1476 1480
f 1385 1480 1481
f 1385 1481 1482
f 1385 1482 1483
f 1385 1483 1484
f 1385 1484 1386
f 1386 1484 1485
f 1386 1485 1486
f 1386 1486 1479
f 1389 1478 1487
f 1389 1487 1390
f 1390 1487 1488
f 1390 1488 1391
f 1391 1488 1489
f 1391 1489 1392
f 1392 1489 1490
f 1392 1490 1393
f 1393 1490 1491
f 1393 1491 1394
f 1395 1455 1492
f 1395 1492 1396
f 1396 1492 1493
f 1396 1493 1494
f 1396 1494 1397
f 1397 1494 1398
f 1398 1494 1495
f 1398 1495 1399
f 1399 1495 1496
f 1399 1496 1497
f 1399 1497 1400
f 1400 1497 1401
f 1401 1497 1498
f 1401 1498 1403
f 1401 1403 1402
f 1403 1498 1499
f 1403 1499 1404
f 1404 1499 1500
f 1404 1500 1501
f 1404 1501 1405
f 1405 1501 1408
f 1405 1408 1406
f 1406 1408 1407
f 1408 1501 1502
f 1408 1502 1503
f 1408 1503 1504
f 1408 1504 1409
f 1409 1504 1411
f 1409 1411 1410
f 1411 1504 1503
f 1411 1503 1505
f 1411 1505 1506
f 1411 1506 1507
f 1411 1507 1412
f 1412 1507 1508
f 1412 1508 1509
f 1412 1509 1413
f 1413 1509 1419
f 1413 1419 1418
f 1413 1418 1414
f 1416 1510 1511
f 1416 1511 1417
f 1416 1419 1510
f 1417 1511 1512
f 1417 1512 1513
f 1417 1513 1420
f 1419 1509 1508
f 1419 1508 1514
f 1419 1514 1515
f 1419 1515 1516
f 1419 1516 1510
f 1420 1513 1422
f 1420 1422 1421
f 1422 1517 1518
f 1422 1518 1423
f 1422 1513 1512
f 1422 1512 1517
f 1423 1518 1424
f 1424 1518 1519
f 1424 1519 1425
f 1425 1520 1426
f 1425 1519 1520
f 1426 1520 1521
f 1426 1521 1428
f 1426 1428 1427
f 1428 1521 1522
f 1428 1522 1523
f 1428 1523 1524
f 1428 1524 1431
f 1428 1431 1429
f 1429 1431 1430
f 1431 1524 1525
f 1431 1525 1526
f 1431 1526 1433
f 1431 1433 1432
f 1433 1526 1527
f 1433 1527 1528
f 1433 1528 1529
f 1433 1529 1530
f 1433 1530 1434
f 1434 1530 1436
f 1435 1437 1531
f 1435 1531 1532
f 1435 1532 1438
f 1436 1530 1529
f 1436 1529 1531
f 1436 1531 1437
f 1438 1532 1439
f 1439 1532 1440
f 1440 1532 1533
f 1440 1533 1534
f 1440 1534 1441
f 1441 1534 1442
f 1442 1534 1535
f 1442 1535 1536
f 1442 1536 1537
f 1442 1537 1444
f 1442 1444 1443
f 1444 1537 1538
f 1444 1538 1539
f 1444 1539 1540
f 1444 1540 1445
f 1447 1450 1541
f 1447 1541 1458
f 1449 1542 1450
f 1450 1542 1543
f 1450 1543 1544
f 1450 1544 1541
f 1451 1453 1545
f 1451 1545 1546
f 1451 1546 1452
f 1452 1546 1454
f 1453 1459 1547
f 1453 1547 1545
f 1454 1546 1548
f 1454 1548 1455
f 1455 1548 1492
f 1456 1458 1549
f 1456 1549 1550
f 1456 1550 1457
f 1457 1550 1551
f 1457 1551 1459
f 1458 1541 1552
f 1458 1552 1549
f 1459 1551 1553
f 1459 1553 1547
f 1460 1467 1554
f 1460 1554 1555
f 1460 1555 1469
f 1460 1469 1468
f 1462 1556 1463
f 1463 1556 1557
f 1463 1557 1558
f 1463 1558 1559
f 1463 1559 1464
f 1464 1559 1465
f 1465 1467 1466
f 1465 1559 1560
f 1465 1560 1561
f 1465 1561 1562
f 1465 1562 1563
f 1465 1563 1564
f 1465 1564 1467
f 1467 1565 1554
f 1467 1564 1563
f 1467 1563 1566
f 1467 1566 1567
f 1467 1567 1565
f 1469 1555 1565
f 1469 1565 1568
f 1469 1568 1569
f 1469 1569 1570
f 1469 1570 1473
f 1471 1571 1472
f 1471 1473 1571
f 1472 1572 1474
f 1472 1571 1573
f 1472 1573 1572
f 1473 1570 1574
f 1473 1574 1575
f 1473 1575 1576
f 1473 1576 1571
f 1474 1572 1475
f 1475 1480 1476
f 1475 1572 1577
f 1475 1577 1480
f 1477 1479 1486
f 1477 1486 1578
f 1477 1578 1478
f 1478 1578 1579
f 1478 1579 1487
f 1480 1577 1481
f 1481 1577 1580
f 1481 1580 1581
f 1481 1581 1482
f 1482 1581 1582
f 1482 1582 1483
f 1483 1582 1583
f 1483 1583 1584
f 1483 1584 1585
f 1483 1585 1486
f 1483 1486 1485
f 1483 1485 1484
f 1486 1585 1586
f 1486 1586 1578
f 1487 1579 1587
f 1487 1587 1488
f 1488 1587 1588
f 1488 1588 1589
f 1488 1589 1489
f 1489 1589 1490
f 1490 1589 1590
f 1490 1590 1591
f 1490 1591 1491
f 1492 1548 1592
f 1492 1592 1493
f 1493 1592 1593
f 1493 1593 1594
f 1493 1594 1494
f 1494 1594 1495
f 1495 1594 1595
f 1495 1595 1496
f 1496 1595 1596
f 1496 1596 1497
f 1497 1596 1597
f 1497 1597 1498
f 1498 1597 1499
f 1499 1597 1598
f 1499 1598 1599
f 1499 1599 1600
f 1499 1600 1500
f 1500 1600 1601
f 1500 1601 1501
f 1501 1601 1502
f 1502 1601 1602
f 1502 1602 1603
f 1502 1603 1503
f 1503 1603 1604
f 1503 1604 1506
f 1503 1506 1505
f 1506 1605 1606
f 1506 1606 1514
f 1506 1514 1508
f 1506 1508 1507
f 1506 1604 1605
f 1510 1516 1511
f 1511 1516 1607
f 1511 1607 1512
f 1512 1607 1608
f 1512 1608 1609
f 1512 1609 1610
f 1512 1610 1517
f 1514 1606 1611
f 1514 1611 1612
f 1514 1612 1613
f 1514 1613 1515
f 1515 1613 1516
f 1516 1613 1614
f 1516 1614 1608
f 1516 1608 1607
f 1517 1610 1615
f 1517 1615 1518
f 1518 1615 1519
f 1519 1615 1616
f 1519 1616 1520
f 1520 1616 1617
f 1520 1617 1618
f 1520 1618 1521
f 1521 1618 1619
f 1521 1619 1620
f 1521 1620 1621
f 1521 1621 1522
f 1522 1621 1523
f 1523 1621 1622
f 1523 1622 1623
f 1523 1623 1524
f 1524 1623 1525
f 1525 1623 1527
f 1525 1527 1526
f 1527 1529 1528
f 1527 1623 1624
f 1527 1624 1625
f 1527 1625 1626
f 1527 1626 1627
f 1527 1627 1628
f 1527 1628 1529
f 1529 1629 1531
f 1529 1628 1627
f 1529 1627 1630
f 1529 1630 1631
f 1529 1631 1629
f 1531 1629 1632
f 1531 1632 1532
f 1532 1632 1633
f 1532 1633 1534
f 1532 1534 1533
f 1534 1633 1634
f 1534 1634 1635
f 1534 1635 1636
f 1534 1636 1637
f 1534 1637 1535
f 1535 1637 1536
f 1536 1638 1639
f 1536 1639 1640
f 1536 1640 1641
f 1536 1641 1642
f 1536 1642 1538
f 1536 1538 1537
f 1536 1637 1638
f 1538 1642 1641
f 1538 1641 1643
f 1538 1643 1644
f 1538 1644 1539
f 1541 1544 1552
f 1542 1645 1543
f 1543 1645 1544
f 1544 1645 1646
f 1544 1646 1647
f 1544 1647 1648
f 1544 1648 1649
f 1544 1649 1552
f 1545 1547 1650
f 1545 1650 1651
f 1545 1651 1546
f 1546 1651 1652
f 1546 1652 1548
f 1547 1553 1650
f 1548 1652 1653
f 1548 1653 1592
f 1549 1552 1649
f 1549 1649 1654
f 1549 1654 1655
f 1549 1655 1550
f 1550 1656 1551
f 1550 1655 1656
f 1551 1656 1553
f 1553 1656 1657
f 1553 1657 1658
f 1553 1658 1650
f 1554 1565 1555
f 1558 1659 1660
f 1558 1660 1559
f 1559 1660 1560
f 1560 1661 1561
f 1560 1660 1661
f 1561 1662 1663
f 1561 1663 1664
f 1561 1664 1563
f 1561 1563 1562
f 1561 1661 1662
f 1563 1665 1566
f 1563 1664 1666
f 1563 1666 1665
f 1565 1667 1569
f 1565 1569 1568
f 1565 1567 1667
f 1566 1665 1668
f 1566 1668 1669
f 1566 1669 1567
f 1567 1669 1670
f 1567 1670 1667
f 1569 1667 1671
f 1569 1671 1672
f 1569 1672 1673
f 1569 1673 1574
f 1569 1574 1570
f 1571 1576 1573
f 1572 1573 1674
f 1572 1674 1675
f 1572 1675 1676
f 1572 1676 1580
f 1572 1580 1577
f 1573 1576 1674
f 1574 1673 1575
f 1575 1673 1576
f 1576 1675 1674
f 1576 1673 1677
f 1576 1677 1678
f 1576 1678 1675
f 1578 1586 1679
f 1578 1679 1579
f 1579 1679 1680
f 1579 1680 1681
f 1579 1681 1587
f 1580 1676 1682
f 1580 1682 1675
f 1580 1675 1683
f 1580 1683 1684
f 1580 1684 1685
f 1580 1685 1686
f 1580 1686 1581
f 1581 1686 1582
f 1582 1686 1687
f 1582 1687 1583
f 1583 1687 1688
f 1583 1688 1584
f 1584 1688 1689
f 1584 1689 1690
f 1584 1690 1691
f 1584 1691 1692
f 1584 1692 1586
f 1584 1586 1585
f 1586 1692 1679
f 1587 1681 1588
f 1588 1681 1693
f 1588 1693 1589
f 1589 1693 1694
f 1589 1694 1695
f 1589 1695 1696
f 1589 1696 1590
f 1590 1696 1591
f 1591 1696 1697
f 1592 1653 1698
f 1592 1698 1593
f 1593 1699 1594
f 1593 1698 1700
f 1593 1700 1699
f 1594 1699 1701
f 1594 1701 1595
f 1595 1701 1596
f 1596 1701 1699
f 1596 1699 1702
f 1596 1702 1598
f 1596 1598 1597
f 1598 1702 1699
f 1598 1699 1703
f 1598 1703 1704
f 1598 1704 1705
f 1598 1705 1706
f 1598 1706 1707
f 1598 1707 1708
f 1598 1708 1599
f 1599 1708 1709
f 1599 1709 1600
f 1600 1709 1710
f 1600 1710 1711
f 1600 1711 1601
f 1601 1711 1602
f 1602 1710 1712
f 1602 1712 1713
f 1602 1713 1714
f 1602 1714 1603
f 1602 1711 1710
f 1603 1714 1713
f 1603 1713 1605
f 1603 1605 1604
f 1605 1713 1715
f 1605 1715 1611
f 1605 1611 1606
f 1608 1614 1716
f 1608 1716 1717
f 1608 1717 1718
f 1608 1718 1609
f 1609 1718 1719
f 1609 1719 1610
f 1610 1719 1615
f 1611 1715 1720
f 1611 1720 1721
f 1611 1721 1722
f 1611 1722 1612
f 1612 1722 1614
f 1612 1614 1613
f 1614 1723 1716
f 1614 1722 1721
f 1614 1721 1723
f 1615 1719 1724
f 1615 1724 1617
f 1615 1617 1616
f 1617 1725 1726
f 1617 1726 1618
f 1617 1724 1725
f 1618 1727 1728
f 1618 1728 1729
f 1618 1729 1730
f 1618 1730 1619
f 1618 1726 1727
f 1619 1730 1731
f 1619 1731 1620
f 1620 1731 1621
f 1621 1731 1732
f 1621 1732 1733
f 1621 1733 1622
f 1622 1733 1734
f 1622 1734 1735
f 1622 1735 1623
f 1623 1735 1624
f 1624 1735 1625
f 1625 1736 1627
f 1625 1627 1626
f 1625 1735 1737
f 1625 1737 1738
f 1625 1738 1736
f 1627 1736 1739
f 1627 1739 1740
f 1627 1740 1630
f 1629 1631 1630
f 1629 1630 1634
f 1629 1634 1632
f 1630 1740 1741
f 1630 1741 1742
f 1630 1742 1743
f 1630 1743 1744
f 1630 1744 1745
f 1630 1745 1634
f 1632 1634 1633
f 1634 1745 1635
f 1635 1745 1636
f 1636 1745 1744
f 1636 1744 1743
f 1636 1743 1746
f 1636 1746 1638
f 1636 1638 1637
f 1638 1746 1639
f 1639 1641 1640
f 1639 1746 1747
f 1639 1747 1748
f 1639 1748 1749
f 1639 1749 1641
f 1641 1750 1751
f 1641 1751 1643
f 1641 1749 1750
f 1647 1752 1648
f 1648 1752 1649
f 1649 1752 1753
f 1649 1753 1754
f 1649 1754 1654
f 1650 1658 1651
f 1651 1658 1755
f 1651 1755 1756
f 1651 1756 1653
f 1651 1653 1652
f 1653 1756 1698
f 1654 1754 1757
f 1654 1757 1655
f 1655 1757 1758
f 1655 1758 1656
f 1656 1758 1657
f 1657 1758 1759
f 1657 1759 1760
f 1657 1760 1658
f 1658 1760 1761
f 1658 1761 1755
f 1659 1762 1660
f 1660 1762 1763
f 1660 1763 1661
f 1661 1763 1764
f 1661 1764 1662
f 1662 1764 1765
f 1662 1765 1766
f 1662 1766 1663
f 1663 1766 1664
f 1664 1766 1767
f 1664 1767 1747
f 1664 1747 1768
f 1664 1768 1769
f 1664 1769 1770
f 1664 1770 1666
f 1665 1666 1668
f 1666 1770 1769
f 1666 1769 1771
f 1666 1771 1772
f 1666 1772 1668
f 1667 1670 1671
f 1668 1772 1773
f 1668 1773 1669
f 1669 1773 1774
f 1669 1774 1775
f 1669 1775 1670
f 1670 1775 1671
f 1671 1775 1776
f 1671 1776 1672
f 1672 1777 1673
f 1672 1776 1778
f 1672 1778 1777
f 1673 1777 1677
f 1675 1678 1779
f 1675 1779 1780
f 1675 1780 1684
f 1675 1684 1683
f 1675 1682 1676
f 1677 1777 1781
f 1677 1781 1678
f 1678 1781 1779
f 1679 1692 1691
f 1679 1691 1782
f 1679 1782 1680
f 1680 1783 1681
f 1680 1782 1784
f 1680 1784 1785
f 1680 1785 1783
f 1681 1783 1693
f 1684 1786 1686
f 1684 1686 1685
f 1684 1780 1787
f 1684 1787 1788
f 1684 1788 1789
f 1684 1789 1786
f 1686 1790 1687
f 1686 1786 1789
f 1686 1789 1790
f 1687 1790 1689
f 1687 1689 1688
f 1689 1791 1691
f 1689 1691 1690
f 1689 1790 1792
f 1689 1792 1793
f 1689 1793 1791
f 1691 1791 1794
f 1691 1794 1795
f 1691 1795 1796
f 1691 1796 1784
f 1691 1784 1782
f 1693 1783 1694
f 1694 1783 1797
f 1694 1797 1798
f 1694 1798 1799
f 1694 1799 1800
f 1694 1800 1696
f 1694 1696 1695
f 1696 1800 1801
f 1696 1801 1697
f 1697 1801 1802
f 1698 1756 1700
f 1699 1700 1703
f 1700 1704 1703
f 1700 1756 1704
f 1704 1803 1804
f 1704 1804 1805
f 1704 1805 1806
f 1704 1806 1705
f 1704 1756 1807
f 1704 1807 1808
f 1704 1808 1803
f 1705 1806 1706
f 1706 1709 1707
f 1706 1806 1809
f 1706 1809 1810
f 1706 1810 1710
f 1706 1710 1709
f 1707 1709 1708
f 1710 1810 1811
f 1710 1811 1812
f 1710 1812 1712
f 1712 1812 1813
f 1712 1813 1713
f 1713 1813 1814
f 1713 1814 1715
f 1715 1814 1720
f 1716 1815 1816
f 1716 1816 1817
f 1716 1817 1717
f 1716 1723 1815
f 1717 1817 1816
f 1717 1816 1818
f 1717 1818 1819
f 1717 1819 1820
f 1717 1820 1719
f 1717 1719 1718
f 1719 1820 1725
f 1719 1725 1724
f 1720 1814 1721
f 1721 1814 1821
f 1721 1821 1822
f 1721 1822 1823
f 1721 1823 1824
f 1721 1824 1825
f 1721 1825 1815
f 1721 1815 1723
f 1725 1819 1826
f 1725 1826 1827
f 1725 1827 1828
f 1725 1828 1726
f 1725 1820 1819
f 1726 1828 1727
f 1727 1829 1728
f 1727 1828 1827
f 1727 1827 1829
f 1728 1829 1729
f 1729 1731 1730
f 1729 1829 1830
f 1729 1830 1831
f 1729 1831 1731
f 1731 1831 1832
f 1731 1832 1732
f 1732 1832 1833
f 1732 1833 1733
f 1733 1833 1734
f 1734 1833 1834
f 1734 1834 1737
f 1734 1737 1735
f 1736 1738 1835
f 1736 1835 1739
f 1737 1834 1738
f 1738 1834 1836
f 1738 1836 1837
f 1738 1837 1835
f 1739 1835 1741
f 1739 1741 1740
f 1741 1743 1742
f 1741 1835 1838
f 1741 1838 1839
f 1741 1839 1840
f 1741 1840 1743
f 1743 1840 1841
f 1743 1841 1842
f 1743 1842 1746
f 1746 1842 1747
f 1747 1769 1768
f 1747 1767 1843
f 1747 1843 1748
f 1747 1842 1841
f 1747 1841 1769
f 1748 1843 1749
f 1749 1843 1844
f 1749 1844 1765
f 1749 1765 1845
f 1749 1845 1846
f 1749 1846 1847
f 1749 1847 1750
f 1752 1848 1849
f 1752 1849 1850
f 1752 1850 1753
f 1753 1850 1851
f 1753 1851 1754
f 1754 1851 1852
f 1754 1852 1757
f 1755 1761 1853
f 1755 1853 1756
f 1756 1853 1854
f 1756 1854 1807
f 1757 1852 1855
f 1757 1855 1758
f 1758 1855 1759
f 1759 1855 1856
f 1759 1856 1857
f 1759 1857 1760
f 1760 1857 1858
f 1760 1858 1761
f 1761 1858 1854
f 1761 1854 1853
f 1763 1859 1764
f 1764 1859 1860
f 1764 1860 1861
f 1764 1861 1765
f 1765 1844 1766
f 1765 1861 1845
f 1766 1844 1843
f 1766 1843 1767
f 1769 1862 1771
f 1769 1841 1840
f 1769 1840 1839
f 1769 1839 1862
f 1771 1862 1772
f 1772 1863 1773
f 1772 1862 1864
f 1772 1864 1863
f 1773 1863 1774
f 1774 1863 1775
f 1775 1863 1865
f 1775 1865 1866
f 1775 1866 1867
f 1775 1867 1776
f 1776 1867 1778
f 1777 1868 1781
f 1777 1778 1867
f 1777 1867 1869
f 1777 1869 1870
f 1777 1870 1868
f 1779 1781 1868
f 1779 1868 1871
f 1779 1871 1780
f 1780 1871 1872
f 1780 1872 1787
f 1783 1785 1784
f 1783 1784 1873
f 1783 1873 1797
f 1784 1796 1873
f 1787 1872 1874
f 1787 1874 1875
f 1787 1875 1788
f 1788 1875 1789
f 1789 1875 1876
f 1789 1876 1877
f 1789 1877 1878
f 1789 1878 1879
f 1789 1879 1792
f 1789 1792 1790
f 1791 1793 1794
f 1792 1879 1878
f 1792 1878 1880
f 1792 1880 1793
f 1793 1880 1881
f 1793 1881 1794
f 1794 1881 1882
f 1794 1882 1883
f 1794 1883 1884
f 1794 1884 1795
f 1795 1884 1796
f 1796 1885 1873
f 1796 1884 1886
f 1796 1886 1885
f 1797 1873 1885
f 1797 1885 1887
f 1797 1887 1798
f 1798 1887 1888
f 1798 1888 1799
f 1799 1889 1801
f 1799 1801 1800
f 1799 1888 1890
f 1799 1890 1891
f 1799 1891 1889
f 1801 1889 1892
f 1801 1892 1802
f 1803 1808 1804
f 1804 1808 1893
f 1804 1893 1894
f 1804 1894 1895
f 1804 1895 1805
f 1805 1895 1809
f 1805 1809 1806
f 1807 1854 1808
f 1808 1896 1893
f 1808 1854 1896
f 1809 1895 1897
f 1809 1897 1810
f 1810 1897 1898
f 1810 1898 1811
f 1811 1898 1899
f 1811 1899 1812
f 1812 1899 1900
f 1812 1900 1813
f 1813 1900 1901
f 1813 1901 1814
f 1814 1901 1821
f 1815 1825 1902
f 1815 1902 1816
f 1816 1902 1903
f 1816 1903 1904
f 1816 1904 1905
f 1816 1905 1906
f 1816 1906 1818
f 1818 1906 1907
f 1818 1907 1819
f 1819 1907 1908
f 1819 1908 1827
f 1819 1827 1826
f 1821 1901 1822
f 1822 1901 1909
f 1822 1909 1910
f 1822 1910 1911
f 1822 1911 1912
f 1822 1912 1913
f 1822 1913 1914
f 1822 1914 1915
f 1822 1915 1916
f 1822 1916 1824
f 1822 1824 1823
f 1824 1916 1915
f 1824 1915 1914
f 1824 1914 1917
f 1824 1917 1903
f 1824 1903 1902
f 1824 1902 1825
f 1827 1908 1918
f 1827 1918 1919
f 1827 1919 1920
f 1827 1920 1829
f 1829 1920 1921
f 1829 1921 1922
f 1829 1922 1923
f 1829 1923 1924
f 1829 1924 1830
f 1830 1924 1925
f 1830 1925 1926
f 1830 1926 1927
f 1830 1927 1831
f 1831 1927 1832
f 1832 1927 1928
f 1832 1928 1833
f 1833 1928 1929
f 1833 1929 1834
f 1834 1929 1930
f 1834 1930 1931
f 1834 1931 1932
f 1834 1932 1836
f 1835 1837 1933
f 1835 1933 1862
f 1835 1862 1838
f 1836 1932 1934
f 1836 1934 1837
f 1837 1934 1935
f 1837 1935 1933
f 1838 1862 1839
f 1848 1936 1849
f 1849 1936 1937
f 1849 1937 1850
f 1850 1938 1851
f 1850 1937 1938
f 1851 1938 1939
f 1851 1939 1852
f 1852 1939 1940
f 1852 1940 1855
f 1854 1858 1896
f 1855 1940 1856
f 1856 1940 1941
f 1856 1941 1942
f 1856 1942 1943
f 1856 1943 1857
f 1857 1943 1944
f 1857 1944 1858
f 1858 1944 1896
f 1862 1933 1864
f 1863 1864 1935
f 1863 1935 1945
f 1863 1945 1946
f 1863 1946 1865
f 1864 1933 1935
f 1865 1946 1866
f 1866 1947 1867
f 1866 1946 1947
f 1867 1947 1948
f 1867 1948 1949
f 1867 1949 1869
f 1868 1870 1950
f 1868 1950 1951
f 1868 1951 1871
f 1869 1949 1870
f 1870 1949 1950
f 1871 1951 1874
f 1871 1874 1872
f 1874 1951 1952
f 1874 1952 1953
f 1874 1953 1875
f 1875 1953 1954
f 1875 1954 1877
f 1875 1877 1876
f 1877 1954 1955
f 1877 1955 1956
f 1877 1956 1957
f 1877 1957 1958
f 1877 1958 1959
f 1877 1959 1878
f 1878 1959 1960
f 1878 1960 1880
f 1880 1960 1961
f 1880 1961 1881
f 1881 1961 1962
f 1881 1962 1882
f 1882 1962 1883
f 1883 1963 1886
f 1883 1886 1884
f 1883 1962 1964
f 1883 1964 1965
f 1883 1965 1966
f 1883 1966 1963
f 1885 1886 1967
f 1885 1967 1888
f 1885 1888 1887
f 1886 1963 1967
f 1888 1967 1968
f 1888 1968 1969
f 1888 1969 1890
f 1889 1891 1892
f 1890 1969 1970
f 1890 1970 1971
f 1890 1971 1891
f 1893 1972 1894
f 1893 1896 1973
f 1893 1973 1972
f 1894 1972 1974
f 1894 1974 1975
f 1894 1975 1976
f 1894 1976 1897
f 1894 1897 1895
f 1896 1944 1977
f 1896 1977 1973
f 1897 1976 1898
f 1898 1976 1899
f 1899 1976 1978
f 1899 1978 1910
f 1899 1910 1900
f 1900 1910 1901
f 1901 1910 1909
f 1903 1979 1980
f 1903 1980 1981
f 1903 1981 1905
f 1903 1905 1904
f 1903 1917 1914
f 1903 1914 1979
f 1905 1981 1982
f 1905 1982 1983
f 1905 1983 1984
f 1905 1984 1985
f 1905 1985 1986
f 1905 1986 1907
f 1905 1907 1906
f 1907 1986 1918
f 1907 1918 1908
f 1910 1978 1987
f 1910 1987 1911
f 1911 1987 1912
f 1912 1987 1988
f 1912 1988 1913
f 1913 1988 1914
f 1914 1988 1989
f 1914 1989 1990
f 1914 1990 1991
f 1914 1991 1979
f 1918 1986 1985
f 1918 1985 1992
f 1918 1992 1993
f 1918 1993 1994
f 1918 1994 1919
f 1919 1994 1921
f 1919 1921 1920
f 1921 1994 1993
f 1921 1993 1995
f 1921 1995 1996
f 1921 1996 1922
f 1922 1996 1923
f 1923 1925 1924
f 1923 1996 1997
f 1923 1997 1998
f 1923 1998 1999
f 1923 1999 2000
f 1923 2000 2001
f 1923 2001 1925
f 1925 2001 2002
f 1925 2002 1926
f 1926 2002 2003
f 1926 2003 1927
f 1927 2003 1928
f 1928 2003 1929
f 1929 2003 2004
f 1929 2004 2005
f 1929 2005 1930
f 1930 2005 1931
f 1931 1934 1932
f 1931 2005 2006
f 1931 2006 2007
f 1931 2007 2008
f 1931 2008 2009
f 1931 2009 1934
f 1934 2009 1945
f 1934 1945 1935
f 1936 2010 2011
f 1936 2011 2012
f 1936 2012 1937
f 1937 2012 2013
f 1937 2013 1938
f 1938 2013 2014
f 1938 2014 1939
f 1939 2014 1941
f 1939 1941 1940
f 1941 2014 2015
f 1941 2015 2016
f 1941 2016 1942
f 1942 2016 1943
f 1943 2016 2017
f 1943 2017 1977
f 1943 1977 1944
f 1945 2009 1946
f 1946 2018 1947
f 1946 2009 2008
f 1946 2008 2018
f 1947 2018 1948
f 1948 2018 1949
f 1949 2018 2019
f 1949 2019 2020
f 1949 2020 2021
f 1949 2021 1950
f 1950 2021 1951
f 1951 2021 1952
f 1952 2021 2022
f 1952 2022 1953
f 1953 2022 1955
f 1953 1955 1954
f 1955 2022 2023
f 1955 2023 1956
f 1956 2023 2024
f 1956 2024 2025
f 1956 2025 2026
f 1956 2026 2027
f 1956 2027 2028
f 1956 2028 2029
f 1956 2029 1958
f 1956 1958 1957
f 1958 2029 2030
f 1958 2030 2031
f 1958 2031 2032
f 1958 2032 1960
f 1958 1960 1959
f 1960 2032 1961
f 1961 2032 2031
f 1961 2031 2033
f 1961 2033 2034
f 1961 2034 1962
f 1962 2034 1964
f 1963 1966 2035
f 1963 2035 1968
f 1963 1968 1967
f 1964 2034 1965
f 1965 2034 2033
f 1965 2033 2036
f 1965 2036 2037
f 1965 2037 2038
f 1965 2038 2039
f 1965 2039 1966
f 1966 2039 2035
f 1968 2035 2040
f 1968 2040 1969
f 1969 2041 1970
f 1969 2040 2042
f 1969 2042 2043
f 1969 2043 2041
f 1970 2041 2043
f 1970 2043 2044
f 1972 1973 2045
f 1972 2045 1974
f 1973 1977 2045
f 1974 2046 2047
f 1974 2047 2048
f 1974 2048 2049
f 1974 2049 1976
f 1974 1976 1975
f 1974 2045 2046
f 1976 2049 2050
f 1976 2050 2051
f 1976 2051 1978
f 1977 2017 2052
f 1977 2052 2045
f 1978 2051 1987
f 1979 1991 1980
f 1980 1991 2053
f 1980 2053 1981
f 1981 2054 2055
f 1981 2055 2056
f 1981 2056 1982
f 1981 2053 2054
f 1982 2056 1983
f 1983 2055 2057
f 1983 2057 2058
f 1983 2058 2059
f 1983 2059 2060
f 1983 2060 2061
f 1983 2061 1985
f 1983 1985 1984
f 1983 2056 2055
f 1985 2061 1992
f 1987 2051 2062
f 1987 2062 2063
f 1987 2063 1988
f 1988 2063 2050
f 1988 2050 2064
f 1988 2064 2065
f 1988 2065 2066
f 1988 2066 2067
f 1988 2067 1989
f 1989 2067 2068
f 1989 2068 1991
f 1989 1991 1990
f 1991 2069 2070
f 1991 2070 2071
f 1991 2071 2072
f 1991 2072 2073
f 1991 2073 2053
f 1991 2068 2069
f 1992 2061 1993
f 1993 2061 2074
f 1993 2074 2059
f 1993 2059 2075
f 1993 2075 2076
f 1993 2076 2077
f 1993 2077 1997
f 1993 1997 1995
f 1995 1997 1996
f 1997 2077 2078
f 1997 2078 2079
f 1997 2079 1999
f 1997 1999 1998
f 1999 2080 2081
f 1999 2081 2082
f 1999 2082 2083
f 1999 2083 2084
f 1999 2084 2085
f 1999 2085 2000
f 1999 2079 2080
f 2000 2085 2001
f 2001 2085 2002
f 2002 2085 2086
f 2002 2086 2003
f 2003 2086 2087
f 2003 2087 2004
f 2004 2087 2006
f 2004 2006 2005
f 2006 2088 2089
f 2006 2089 2090
f 2006 2090 2091
f 2006 2091 2007
f 2006 2087 2088
f 2007 2091 2018
f 2007 2018 2008
f 2010 2092 2011
f 2011 2093 2012
f 2011 2092 2094
f 2011 2094 2093
f 2012 2093 2013
f 2013 2093 2095
f 2013 2095 2014
f 2014 2095 2015
f 2015 2095 2096
f 2015 2096 2097
f 2015 2097 2016
f 2016 2097 2098
f 2016 2098 2017
f 2017 2098 2052
f 2018 2091 2090
f 2018 2090 2019
f 2019 2090 2020
f 2020 2090 2099
f 2020 2099 2021
f 2021 2099 2100
f 2021 2100 2022
f 2022 2101 2023
f 2022 2100 2102
f 2022 2102 2101
f 2023 2101 2024
f 2024 2102 2103
f 2024 2103 2104
f 2024 2104 2105
f 2024 2105 2026
f 2024 2026 2025
f 2024 2101 2102
f 2026 2105 2106
f 2026 2106 2107
f 2026 2107 2108
f 2026 2108 2028
f 2026 2028 2027
f 2028 2109 2031
f 2028 2031 2030
f 2028 2030 2029
f 2028 2108 2110
f 2028 2110 2111
f 2028 2111 2109
f 2031 2109 2111
f 2031 2111 2112
f 2031 2112 2033
f 2033 2112 2113
f 2033 2113 2036
f 2035 2039 2114
f 2035 2114 2040
f 2036 2115 2037
f 2036 2113 2116
f 2036 2116 2117
f 2036 2117 2118
f 2036 2118 2115
f 2037 2115 2038
f 2038 2115 2118
f 2038 2118 2119
f 2038 2119 2120
f 2038 2120 2114
f 2038 2114 2039
f 2040 2114 2121
f 2040 2121 2122
f 2040 2122 2042
f 2042 2122 2043
f 2043 2122 2123
f 2043 2123 2044
f 2045 2052 2046
f 2046 2052 2124
f 2046 2124 2125
f 2046 2125 2126
f 2046 2126 2047
f 2047 2126 2127
f 2047 2127 2050
f 2047 2050 2048
f 2048 2050 2049
f 2050 2062 2051
f 2050 2127 2128
f 2050 2128 2065
f 2050 2065 2064
f 2050 2063 2062
f 2052 2098 2124
f 2053 2073 2054
f 2054 2073 2072
f 2054 2072 2129
f 2054 2129 2055
f 2055 2130 2131
f 2055 2131 2132
f 2055 2132 2058
f 2055 2058 2057
f 2055 2129 2133
f 2055 2133 2130
f 2058 2132 2131
f 2058 2131 2134
f 2058 2134 2135
f 2058 2135 2075
f 2058 2075 2059
f 2059 2074 2060
f 2060 2074 2061
f 2065 2136 2137
f 2065 2137 2066
f 2065 2128 2138
f 2065 2138 2139
f 2065 2139 2136
f 2066 2137 2140
f 2066 2140 2068
f 2066 2068 2067
f 2068 2140 2069
f 2069 2141 2070
f 2069 2140 2141
f 2070 2141 2142
f 2070 2142 2072
f 2070 2072 2071
f 2072 2142 2143
f 2072 2143 2133
f 2072 2133 2129
f 2075 2135 2077
f 2075 2077 2076
f 2077 2135 2144
f 2077 2144 2145
f 2077 2145 2146
f 2077 2146 2081
f 2077 2081 2078
f 2078 2081 2079
f 2079 2081 2080
f 2081 2146 2145
f 2081 2145 2147
f 2081 2147 2107
f 2081 2107 2082
f 2082 2107 2106
f 2082 2106 2083
f 2083 2106 2104
f 2083 2104 2148
f 2083 2148 2149
f 2083 2149 2084
f 2084 2149 2150
f 2084 2150 2151
f 2084 2151 2088
f 2084 2088 2152
f 2084 2152 2085
f 2085 2152 2086
f 2086 2152 2088
f 2086 2088 2087
f 2088 2151 2153
f 2088 2153 2089
f 2089 2153 2090
f 2090 2153 2154
f 2090 2154 2099
f 2092 2155 2156
f 2092 2156 2094
f 2093 2157 2095
f 2093 2094 2157
f 2094 2156 2158
f 2094 2158 2159
f 2094 2159 2160
f 2094 2160 2157
f 2095 2157 2096
f 2096 2157 2161
f 2096 2161 2162
f 2096 2162 2097
f 2097 2162 2163
f 2097 2163 2098
f 2098 2163 2124
f 2099 2154 2100
f 2100 2154 2102
f 2102 2154 2103
f 2103 2154 2150
f 2103 2150 2149
f 2103 2149 2148
f 2103 2148 2104
f 2104 2106 2105
f 2107 2164 2165
f 2107 2165 2166
f 2107 2166 2108
f 2107 2147 2145
f 2107 2145 2167
f 2107 2167 2164
f 2108 2166 2165
f 2108 2165 2168
f 2108 2168 2169
f 2108 2169 2110
f 2110 2169 2111
f 2111 2170 2112
f 2111 2169 2171
f 2111 2171 2170
f 2112 2170 2113
f 2113 2170 2116
f 2114 2120 2121
f 2116 2172 2173
f 2116 2173 2117
f 2116 2170 2174
f 2116 2174 2171
f 2116 2171 2175
f 2116 2175 2176
f 2116 2176 2172
f 2117 2173 2118
f 2118 2177 2178
f 2118 2178 2119
f 2118 2173 2172
f 2118 2172 2179
f 2118 2179 2177
f 2119 2178 2120
f 2120 2180 2122
f 2120 2122 2121
f 2120 2178 2181
f 2120 2181 2182
f 2120 2182 2183
f 2120 2183 2180
f 2122 2180 2184
f 2122 2184 2123
f 2124 2163 2185
f 2124 2185 2125
f 2125 2185 2186
f 2125 2186 2187
f 2125 2187 2126
f 2126 2187 2139
f 2126 2139 2138
f 2126 2138 2127
f 2127 2138 2128
f 2130 2133 2188
f 2130 2188 2189
f 2130 2189 2131
f 2131 2189 2190
f 2131 2190 2191
f 2131 2191 2192
f 2131 2192 2193
f 2131 2193 2134
f 2133 2143 2188
f 2134 2193 2194
f 2134 2194 2135
f 2135 2194 2195
f 2135 2195 2145
f 2135 2145 2144
f 2136 2196 2137
f 2136 2139 2196
f 2137 2196 2197
f 2137 2197 2140
f 2139 2187 2186
f 2139 2186 2198
f 2139 2198 2199
f 2139 2199 2196
f 2140 2197 2141
f 2141 2200 2142
f 2141 2197 2201
f 2141 2201 2200
f 2142 2202 2203
f 2142 2203 2143
f 2142 2200 2202
f 2143 2203 2188
f 2145 2195 2204
f 2145 2204 2167
f 2150 2154 2151
f 2151 2154 2153
f 2155 2205 2156
f 2156 2205 2158
f 2157 2160 2206
f 2157 2206 2161
f 2158 2205 2207
f 2158 2207 2208
f 2158 2208 2209
f 2158 2209 2210
f 2158 2210 2211
f 2158 2211 2159
f 2159 2206 2160
f 2159 2211 2212
f 2159 2212 2206
f 2161 2206 2162
f 2162 2206 2213
f 2162 2213 2214
f 2162 2214 2163
f 2163 2214 2186
f 2163 2186 2185
f 2164 2167 2215
f 2164 2215 2165
f 2165 2215 2216
f 2165 2216 2217
f 2165 2217 2168
f 2167 2204 2218
f 2167 2218 2215
f 2168 2171 2169
f 2168 2217 2171
f 2170 2171 2174
f 2171 2217 2219
f 2171 2219 2175
f 2172 2220 2179
f 2172 2176 2220
f 2175 2219 2217
f 2175 2217 2221
f 2175 2221 2222
f 2175 2222 2176
f 2176 2222 2223
f 2176 2223 2224
f 2176 2224 2220
f 2177 2225 2178
f 2177 2179 2225
f 2178 2225 2181
f 2179 2220 2224
f 2179 2224 2226
f 2179 2226 2227
f 2179 2227 2228
f 2179 2228 2225
f 2180 2183 2184
f 2181 2225 2183
f 2181 2183 2182
f 2183 2225 2229
f 2183 2229 2230
f 2183 2230 2184
f 2186 2214 2198
f 2188 2231 2190
f 2188 2190 2189
f 2188 2203 2231
f 2190 2232 2233
f 2190 2233 2191
f 2190 2231 2232
f 2191 2233 2192
f 2192 2234 2235
f 2192 2235 2218
f 2192 2218 2236
f 2192 2236 2194
f 2192 2194 2193
f 2192 2233 2234
f 2194 2236 2204
f 2194 2204 2195
f 2196 2199 2237
f 2196 2237 2201
f 2196 2201 2197
f 2198 2238 2239
f 2198 2239 2199
f 2198 2214 2240
f 2198 2240 2238
f 2199 2239 2237
f 2200 2201 2202
f 2201 2237 2241
f 2201 2241 2242
f 2201 2242 2243
f 2201 2243 2202
f 2202 2243 2244
f 2202 2244 2245
f 2202 2245 2246
f 2202 2246 2203
f 2203 2246 2231
f 2204 2236 2218
f 2206 2212 2240
f 2206 2240 2213
f 2209 2247 2248
f 2209 2248 2249
f 2209 2249 2210
f 2210 2249 2211
f 2211 2249 2250
f 2211 2250 2212
f 2212 2250 2251
f 2212 2251 2240
f 2213 2240 2214
f 2215 2218 2216
f 2216 2218 2217
f 2217 2252 2221
f 2217 2218 2253
f 2217 2253 2254
f 2217 2254 2252
f 2218 2235 2253
f 2221 2252 2222
f 2222 2252 2255
f 2222 2255 2256
f 2222 2256 2257
f 2222 2257 2258
f 2222 2258 2259
f 2222 2259 2223
f 2223 2259 2224
f 2224 2260 2227
f 2224 2227 2226
f 2224 2259 2261
f 2224 2261 2262
f 2224 2262 2260
f 2225 2228 2227
f 2225 2227 2263
f 2225 2263 2264
f 2225 2264 2265
f 2225 2265 2229
f 2227 2260 2262
f 2227 2262 2266
f 2227 2266 2267
f 2227 2267 2268
f 2227 2268 2263
f 2231 2246 2232
f 2232 2246 2269
f 2232 2269 2270
f 2232 2270 2271
f 2232 2271 2272
f 2232 2272 2273
f 2232 2273 2233
f 2233 2273 2234
f 2234 2273 2274
f 2234 2274 2253
f 2234 2253 2235
f 2237 2239 2241
f 2238 2275 2239
f 2238 2240 2275
f 2239 2275 2276
f 2239 2276 2241
f 2240 2251 2275
f 2241 2276 2242
f 2242 2276 2244
f 2242 2244 2243
f 2244 2277 2278
f 2244 2278 2279
f 2244 2279 2245
f 2244 2276 2277
f 2245 2279 2246
f 2246 2279 2269
f 2247 2280 2248
f 2248 2280 2281
f 2248 2281 2249
f 2249 2281 2282
f 2249 2282 2250
f 2250 2282 2283
f 2250 2283 2251
f 2251 2283 2275
f 2252 2254 2284
f 2252 2284 2255
f 2253 2274 2285
f 2253 2285 2284
f 2253 2284 2254
f 2255 2284 2256
f 2256 2286 2257
f 2256 2284 2285
f 2256 2285 2272
f 2256 2272 2287
f 2256 2287 2288
f 2256 2288 2286
f 2257 2286 2258
f 2258 2289 2261
f 2258 2261 2259
f 2258 2286 2290
f 2258 2290 2289
f 2261 2289 2262
f 2262 2289 2266
f 2263 2268 2291
f 2263 2291 2264
f 2266 2289 2292
f 2269 2279 2270
f 2270 2279 2293
f 2270 2293 2294
f 2270 2294 2295
f 2270 2295 2271
f 2271 2295 2272
f 2272 2295 2296
f 2272 2296 2287
f 2272 2285 2274
f 2272 2274 2273
f 2275 2283 2276
f 2276 2297 2298
f 2276 2298 2277
f 2276 2283 2297
f 2277 2298 2299
f 2277 2299 2293
f 2277 2293 2278
f 2278 2293 2279
f 2280 2300 2281
f 2281 2300 2301
f 2281 2301 2302
f 2281 2302 2297
f 2281 2297 2282
f 2282 2297 2283
f 2286 2288 2303
f 2286 2303 2304
f 2286 2304 2290
f 2287 2296 2288
f 2288 2296 2305
f 2288 2305 2303
f 2289 2290 2304
f 2289 2304 2306
f 2289 2306 2292
f 2293 2307 2308
f 2293 2308 2294
f 2293 2299 2309
f 2293 2309 2307
f 2294 2310 2296
f 2294 2296 2295
f 2294 2308 2311
f 2294 2311 2310
f 2296 2310 2305
f 2297 2302 2299
f 2297 2299 2298
f 2299 2312 2309
f 2299 2302 2312
f 2300 2313 2301
f 2301 2313 2314
f 2301 2314 2315
f 2301 2315 2312
f 2301 2312 2302
f 2303 2305 2304
f 2304 2305 2316
f 2304 2316 2317
f 2304 2317 2318
f 2304 2318 2319
f 2304 2319 2320
f 2304 2320 2306
f 2305 2310 2311
f 2305 2311 2321
f 2305 2321 2317
f 2305 2317 2316
f 2307 2322 2311
f 2307 2311 2308
f 2307 2309 2323
f 2307 2323 2322
f 2309 2312 2323
f 2311 2322 2324
f 2311 2324 2321
f 2312 2315 2323
f 2314 2325 2315
f 2315 2325 2326
f 2315 2326 2327
f 2315 2327 2323
f 2317 2321 2324
f 2317 2324 2328
f 2317 2328 2318
f 2318 2328 2329
f 2322 2323 2324
f 2323 2327 2330
f 2323 2330 2331
f 2323 2331 2324
f 2324 2331 2328
f 2328 2331 2332
f 2328 2332 2329
f 2330 2332 2331
