# Blender 5.1.2
# www.blender.org
o bowl_textured.full_tmp
v -1.001354 0.427033 -0.007445
v -0.996249 0.365704 0.070914
v -0.984695 0.436014 0.167116
v -0.991055 0.441994 0.087143
v -0.994200 0.442641 0.000654
v -0.990942 0.441951 0.087134
v -0.992688 0.442648 -0.051138
v -0.994387 0.442811 0.000644
v -0.994372 0.442727 0.017224
v -0.994347 0.442691 0.017230
v -0.982837 0.402603 0.180640
v -0.989539 0.443398 -0.087283
v -0.992530 0.442719 -0.051247
v -0.991031 0.443376 -0.082633
v -0.991342 0.315751 -0.068412
v -0.973073 0.396889 -0.238688
v -0.986986 0.433042 -0.159080
v -0.988567 0.442599 -0.096407
v -0.972376 0.220309 0.099049
v -0.982296 0.414165 0.182090
v -0.981834 0.419656 0.182537
v -0.985720 0.441418 0.132028
v -0.987587 0.443288 -0.102839
v -0.980631 0.370719 0.179053
v -0.979481 0.425790 0.189264
v -0.983816 0.442763 -0.137220
v -0.985196 0.443598 -0.121236
v -0.985738 0.442996 -0.121556
v -0.985835 0.443077 -0.119334
v -0.972140 0.265458 -0.163997
v -0.977857 0.342516 0.178609
v -0.980341 0.400427 0.189997
v -0.981321 0.407046 0.179163
v -0.981272 0.417522 0.189383
v -0.978847 0.423059 0.190161
v -0.981227 0.435147 0.176270
v -0.982792 0.435634 0.167770
v -0.980241 0.438134 0.172918
v -0.983380 0.443534 0.150557
v -0.984648 0.441380 0.135719
v -0.982938 0.441878 -0.137112
v -0.985226 0.444240 -0.121387
v -0.980639 0.370718 0.179055
v -0.980341 0.400428 0.189997
v -0.979410 0.432084 0.185855
v -0.980358 0.435575 0.181352
v -0.980264 0.435423 0.182075
v -0.980786 0.435642 0.179132
v -0.981922 0.436187 0.171463
v -0.980818 0.439995 0.168612
v -0.979915 0.438533 0.177678
v -0.979247 0.441530 0.167199
v -0.980814 0.441080 0.164806
v -0.978368 0.441487 0.169338
v -0.980107 0.441242 0.167946
v -0.981857 0.447009 -0.153661
v -0.983976 0.450983 0.044743
v -0.976961 0.334159 0.180006
v -0.978091 0.342490 0.178654
v -0.974747 0.432856 0.214555
v -0.979756 0.432798 0.188540
v -0.978690 0.435598 0.190402
v -0.978775 0.434857 0.191006
v -0.978690 0.435598 0.190402
v -0.976478 0.434856 0.192937
v -0.970303 0.437230 0.190698
v -0.979892 0.436818 0.181712
v -0.976599 0.436510 0.182366
v -0.979601 0.440297 0.174284
v -0.977885 0.439756 0.185179
v -0.977375 0.440213 0.186540
v -0.977821 0.441878 0.178646
v -0.978073 0.440989 0.180495
v -0.978656 0.439970 0.180974
v -0.979772 0.444938 -0.153349
v -0.977512 0.443838 -0.176489
v -0.978556 0.441952 0.174614
v -0.969802 0.452529 -0.137087
v -0.946854 0.109431 -0.051015
v -0.974342 0.311899 0.178602
v -0.976467 0.334140 0.180035
v -0.976322 0.339071 0.183463
v -0.976830 0.353702 0.194081
v -0.975873 0.348405 0.190896
v -0.976160 0.345016 0.189226
v -0.977390 0.437558 0.193271
v -0.978026 0.440370 0.199932
v -0.976574 0.438160 0.196434
v -0.976066 0.439276 0.196027
v -0.974047 0.442464 0.195992
v -0.976544 0.441864 0.186076
v -0.976684 0.440044 0.191164
v -0.977272 0.443632 -0.176495
v -0.965023 0.450838 0.198467
v -0.967645 0.269686 0.178732
v -0.974465 0.311883 0.178627
v -0.974488 0.434014 0.213446
v -0.974620 0.435568 0.210742
v -0.975120 0.434757 0.213187
v -0.971905 0.440159 0.201308
v -0.974644 0.439916 0.201976
v -0.973253 0.441848 0.202602
v -0.965476 0.442126 0.239743
v -0.975148 0.441408 0.194672
v -0.975151 0.440895 0.194156
v -0.975373 0.443178 -0.189090
v -0.975570 0.443826 -0.188686
v -0.974732 0.442878 0.191570
v -0.974193 0.443056 -0.188048
v -0.959221 0.219748 0.175891
v -0.968763 0.282178 0.184294
v -0.968685 0.282191 0.184278
v -0.953132 0.426760 0.308331
v -0.972206 0.442293 0.208223
v -0.971008 0.441066 0.208749
v -0.973452 0.443250 -0.199314
v -0.972566 0.442068 0.205658
v -0.972087 0.442986 -0.198243
v -0.973474 0.443751 -0.198911
v -0.965756 0.259644 0.179708
v -0.955053 0.433438 -0.296019
v -0.968992 0.443655 -0.218170
v -0.970954 0.443477 -0.209094
v -0.970361 0.443691 -0.209811
v -0.968908 0.441856 -0.210719
v -0.967472 0.269717 0.178700
v -0.968742 0.443897 -0.218103
v -0.968581 0.443091 -0.217336
v -0.969637 0.444146 -0.209606
v -0.964763 0.441600 0.239592
v -0.968318 0.444203 -0.217427
v -0.965552 0.259683 0.179671
v -0.967030 0.443567 -0.227549
v -0.966205 0.443539 -0.228207
v -0.967271 0.445137 -0.218174
v -0.966035 0.444582 -0.227445
v -0.964792 0.443988 -0.236022
v -0.964382 0.442864 -0.235575
v -0.965471 0.444192 -0.227887
v -0.964163 0.444141 -0.235684
v -0.958840 0.224127 0.176397
v -0.952604 0.275529 0.254604
v -0.962582 0.444190 -0.243149
v -0.962502 0.444338 -0.244408
v -0.943717 0.446380 0.064768
v -0.957237 0.442483 0.268872
v -0.960762 0.444159 -0.252539
v -0.960688 0.444095 -0.252459
v -0.957579 0.442719 0.268954
v -0.957278 0.217058 0.175979
v -0.958877 0.444593 -0.260918
v -0.958617 0.444349 -0.260705
v -0.938001 0.149951 -0.194557
v -0.953717 0.199701 0.174085
v -0.954477 0.210072 0.180654
v -0.956643 0.443140 -0.268218
v -0.956937 0.443411 -0.268306
v -0.936462 0.452195 -0.295985
v -0.953319 0.200089 0.175325
v -0.937011 0.258038 -0.300085
v -0.953605 0.445978 -0.276610
v -0.953279 0.444585 -0.275705
v -0.951850 0.443990 -0.283415
v -0.950089 0.442846 -0.288739
v -0.933437 0.443864 -0.151700
v -0.937305 0.081844 0.014557
v -0.948713 0.183544 0.177227
v -0.948532 0.183590 0.177189
v -0.926420 0.190131 0.281205
v -0.949900 0.442212 0.296151
v -0.950639 0.442834 0.296388
v -0.951022 0.442944 -0.289256
v -0.949883 0.443475 -0.289625
v -0.948753 0.445099 -0.294405
v -0.949755 0.444261 -0.288971
v -0.949706 0.443205 -0.292565
v -0.947988 0.442912 -0.295037
v -0.949004 0.444192 -0.289408
v -0.947747 0.444186 -0.295165
v -0.945468 0.166350 0.171382
v -0.945289 0.166399 0.171350
v -0.928419 0.359641 0.363855
v -0.945459 0.442358 0.310107
v -0.945220 0.442300 0.310639
v -0.946316 0.444328 -0.301892
v -0.946344 0.444339 -0.301828
v -0.931464 0.116455 0.167743
v -0.944114 0.444268 -0.308005
v -0.944204 0.444346 -0.307987
v -0.938045 0.442682 0.329084
v -0.941858 0.444314 -0.314185
v -0.941734 0.443542 -0.314414
v -0.939803 0.444960 -0.317430
v -0.939206 0.146438 0.175147
v -0.939170 0.146448 0.175140
v -0.919182 0.431697 -0.393670
v -0.939233 0.443457 -0.323596
v -0.939674 0.443511 -0.320482
v -0.939897 0.442980 -0.319652
v -0.940824 0.444193 -0.314196
v -0.939535 0.444196 -0.319743
v -0.938668 0.444156 -0.320252
v -0.937808 0.442925 -0.325674
v -0.937616 0.443493 -0.326514
v -0.938351 0.442700 0.329370
v -0.936285 0.444573 -0.328765
v -0.937438 0.444145 -0.325758
v -0.934651 0.128082 0.169988
v -0.935198 0.443773 -0.333274
v -0.936606 0.444140 -0.326279
v -0.935695 0.442922 -0.331643
v -0.934126 0.443140 -0.332227
v -0.935354 0.444079 -0.331751
v -0.925745 0.097305 0.166656
v -0.932600 0.122616 0.171452
v -0.932600 0.122616 0.171452
v -0.935585 0.444191 -0.333479
v -0.931815 0.444062 -0.342835
v -0.931652 0.444370 -0.342099
v -0.906173 0.452302 0.366729
v -0.906792 0.010519 -0.050606
v -0.930611 0.113981 0.167249
v -0.906568 0.433124 0.419945
v -0.929769 0.443636 -0.349004
v -0.930292 0.443612 0.349616
v -0.931474 0.443499 -0.343028
v -0.930765 0.444245 0.349964
v -0.898152 0.029827 -0.181035
v -0.930141 0.112312 0.172559
v -0.929521 0.114128 0.173224
v -0.924373 0.444015 -0.362463
v -0.930436 0.444084 -0.342752
v -0.930562 0.445084 -0.342636
v -0.928980 0.444268 -0.351206
v -0.922433 0.428949 0.041752
v -0.927584 0.444376 -0.353161
v -0.927420 0.443560 -0.353368
v -0.925214 0.097488 0.166567
v -0.921163 0.444061 0.372465
v -0.925930 0.444040 -0.358814
v -0.925383 0.442852 -0.358232
v -0.926516 0.444184 -0.353097
v -0.925153 0.444083 -0.358367
v -0.894341 0.119594 -0.317550
v -0.885412 0.267165 0.430033
v -0.923996 0.429389 -0.012244
v -0.923760 0.429503 -0.024791
v -0.922509 0.429191 0.041958
v -0.922316 0.430722 -0.078561
v -0.922906 0.430405 -0.077903
v -0.921547 0.443628 -0.369557
v -0.923338 0.443553 -0.363614
v -0.922843 0.445136 -0.363403
v -0.921615 0.445050 -0.365140
v -0.892684 0.445952 -0.315710
v -0.911313 0.062717 0.172282
v -0.918966 0.082048 0.170153
v -0.918872 0.082081 0.170136
v -0.922130 0.430441 -0.076537
v -0.917287 0.426885 0.085760
v -0.920896 0.429785 -0.097737
v -0.921558 0.431920 -0.100652
v -0.922051 0.431295 -0.088821
v -0.920874 0.430324 -0.091387
v -0.922672 0.431858 -0.088844
v -0.922422 0.444183 -0.363338
v -0.920498 0.443439 0.372267
v -0.898257 -0.001472 0.081515
v -0.884432 0.047817 0.262624
v -0.900919 0.361220 -0.428314
v -0.920098 0.429653 -0.091363
v -0.918611 0.431275 -0.110874
v -0.919198 0.430531 -0.112607
v -0.914192 0.432169 -0.151880
v -0.900506 0.444122 0.283435
v -0.918148 0.443993 -0.373447
v -0.919672 0.444157 -0.374023
v -0.918874 0.443257 -0.373694
v -0.918760 0.445224 -0.373640
v -0.918272 0.444522 -0.373264
v -0.917025 0.427124 0.085733
v -0.915478 0.432132 -0.145347
v -0.915553 0.443731 -0.383807
v -0.904952 0.404975 -0.056564
v -0.909716 0.424851 0.129865
v -0.910537 0.443777 -0.397371
v -0.914938 0.444087 -0.384232
v -0.914877 0.443772 0.386984
v -0.914328 0.443253 0.386782
v -0.915001 0.444393 -0.383198
v -0.911243 0.062744 0.172269
v -0.871615 0.120812 0.374331
v -0.908472 0.424211 0.134697
v -0.913474 0.443988 -0.388361
v -0.913094 0.443567 -0.388208
v -0.912771 0.445300 -0.388103
v -0.906231 0.047393 0.166370
v -0.908883 0.432111 -0.179805
v -0.912147 0.444143 -0.387936
v -0.906819 0.052676 0.174675
v -0.906581 0.052772 0.174630
v -0.909384 0.443964 -0.397695
v -0.906208 0.047402 0.166366
v -0.895839 0.433052 -0.442804
v -0.907572 0.430258 -0.177016
v -0.907414 0.431295 -0.183416
v -0.907431 0.444216 -0.402109
v -0.867902 0.252994 -0.459198
v -0.905760 0.430412 -0.186781
v -0.902376 0.431464 -0.205694
v -0.902639 0.431174 -0.205751
v -0.903629 0.443675 -0.407907
v -0.905768 0.444063 0.406504
v -0.905840 0.444115 0.406524
v -0.900515 0.034881 0.168078
v -0.902107 0.040078 0.169124
v -0.902194 0.040038 0.169147
v -0.851269 0.340949 0.515070
v -0.904532 0.444918 -0.408235
v -0.902862 0.443581 -0.410779
v -0.903064 0.444634 -0.410765
v -0.906964 0.446180 -0.404176
v -0.900537 0.034871 0.168082
v -0.898802 0.423277 0.185363
v -0.906816 0.430710 -0.175788
v -0.901963 0.444165 -0.410487
v -0.894971 0.022279 0.167140
v -0.897170 0.423074 0.183429
v -0.895061 0.022237 0.167157
v -0.884313 0.359336 -0.009841
v -0.887037 0.432115 -0.264994
v -0.887002 0.432211 -0.264201
v -0.865811 0.433976 -0.333106
v -0.878191 0.444155 0.463473
v -0.879042 0.445068 0.463808
v -0.892671 0.421419 0.204216
v -0.892767 0.421339 0.204238
v -0.888318 0.444098 -0.441367
v -0.859099 0.007341 -0.285391
v -0.885545 0.002700 0.168042
v -0.867379 0.423216 0.298134
v -0.885549 0.002698 0.168043
v -0.887854 0.443716 -0.441052
v -0.852736 -0.029776 0.239786
v -0.885850 0.419910 0.227989
v -0.885324 0.418811 0.226125
v -0.886046 0.420265 0.228403
v -0.882810 0.419056 0.238799
v -0.882202 0.418310 0.238423
v -0.872955 0.418869 0.269389
v -0.850815 -0.082508 0.089771
v -0.876388 -0.016009 0.165437
v -0.876373 -0.016001 0.165434
v -0.876755 0.431683 -0.295724
v -0.849824 -0.062174 -0.189366
v -0.878291 0.444072 -0.459874
v -0.877613 0.444437 -0.461931
v -0.875121 0.369831 -0.151447
v -0.878842 0.409258 0.224490
v -0.878832 0.409264 0.224484
v -0.875510 0.444077 -0.465525
v -0.877732 0.444844 -0.459404
v -0.869516 0.396542 0.232363
v -0.875968 0.407825 0.231946
v -0.876552 0.412919 0.242979
v -0.875973 0.411617 0.241348
v -0.879495 0.414667 0.235103
v -0.872296 0.410078 -0.250483
v -0.865597 -0.035844 0.165036
v -0.863786 0.445147 0.493022
v -0.871843 0.419627 0.271334
v -0.872229 0.417505 0.269881
v -0.874325 0.444027 -0.467481
v -0.824560 -0.127794 -0.054465
v -0.866730 0.431445 -0.322573
v -0.842183 0.442474 0.414825
v -0.867173 0.444736 -0.479073
v -0.874020 0.406789 0.237850
v -0.872161 0.397406 0.232895
v -0.867028 0.444587 -0.478989
v -0.815375 0.033528 0.420157
v -0.894478 0.392386 0.071248
v -0.866695 0.423143 0.298354
v -0.834075 0.436845 -0.543060
v -0.860813 0.444281 -0.490458
v -0.865856 -0.035988 0.165084
v -0.816103 0.103297 -0.471366
v -0.867280 0.392136 0.230984
v -0.864999 0.431928 -0.328186
v -0.864664 0.433960 -0.336151
v -0.862364 0.443997 0.491893
v -0.850888 -0.061342 0.167072
v -0.808269 0.004374 -0.405710
v -0.868813 0.398289 0.237485
v -0.867405 0.396447 0.238988
v -0.863296 0.419858 0.302096
v -0.864174 0.431782 -0.330324
v -0.863433 0.433140 -0.336481
v -0.860756 0.444271 -0.490442
v -0.869992 0.401791 0.240406
v -0.852325 0.424045 0.342441
v -0.862622 0.432491 -0.336634
v -0.813832 0.202826 0.123535
v -0.859523 0.372957 0.226323
v -0.832964 0.414900 0.552653
v -0.861449 0.368919 0.219904
v -0.824791 0.379991 -0.560302
v -0.855807 0.443949 -0.498503
v -0.847508 0.444356 0.516565
v -0.857785 0.368285 0.226258
v -0.848270 0.444464 -0.510852
v -0.851666 0.424648 0.342170
v -0.838404 0.426715 0.378904
v -0.855487 0.443576 -0.498341
v -0.850758 -0.061264 0.167045
v -0.847743 -0.066288 0.168430
v -0.844940 0.432016 -0.379356
v -0.846616 0.433686 -0.380478
v -0.848062 0.444248 -0.510722
v -0.847576 -0.066186 0.168398
v -0.818898 0.131433 0.482566
v -0.825099 0.445153 -0.462665
v -0.847201 0.434227 -0.380452
v -0.847712 0.444563 0.516727
v -0.817232 0.451350 0.549311
v -0.849526 0.344612 0.218244
v -0.839377 0.432409 -0.392858
v -0.810205 -0.033101 0.355100
v -0.843241 0.432720 -0.385029
v -0.844492 0.433850 -0.385310
v -0.843698 0.431782 -0.381424
v -0.839467 0.444034 -0.524902
v -0.839267 0.443788 -0.524774
v -0.831363 -0.093442 0.162938
v -0.839780 0.433043 -0.388792
v -0.836741 0.444608 0.535529
v -0.832761 -0.094358 0.163233
v -0.821747 0.329320 0.291433
v -0.838581 0.426363 0.377978
v -0.828612 0.286440 0.209982
v -0.835039 0.444306 -0.531329
v -0.835041 0.444315 -0.531328
v -0.836279 0.444191 0.535206
v -0.789590 0.228065 0.572016
v -0.796644 -0.142882 -0.176011
v -0.830740 0.444084 -0.537392
v -0.830718 0.444030 -0.537395
v -0.830569 0.425847 0.394648
v -0.830638 0.426262 0.394162
v -0.826798 0.444298 -0.543662
v -0.794291 -0.165313 0.048507
v -0.819381 0.269284 0.218676
v -0.820273 0.271686 0.219017
v -0.839000 0.321123 0.223045
v -0.821067 0.431814 -0.428244
v -0.826904 0.444423 -0.543731
v -0.820351 -0.108339 0.166885
v -0.820750 -0.108618 0.166966
v -0.823498 0.425616 0.410528
v -0.825936 0.427776 0.407826
v -0.820943 0.431975 -0.428148
v -0.822712 0.444289 -0.549804
v -0.822700 0.444261 -0.549801
v -0.814001 0.426506 0.428268
v -0.820706 0.426024 0.414615
v -0.819827 0.426002 0.416289
v -0.817888 0.426056 0.418559
v -0.818621 0.444239 -0.555864
v -0.800009 0.444149 0.586876
v -0.799990 0.444093 0.586774
v -0.800393 -0.145836 0.127512
v -0.773475 -0.104140 -0.340004
v -0.760779 0.347786 0.639536
v -0.816027 0.383277 -0.364818
v -0.818545 0.444129 -0.555819
v -0.809355 -0.124246 0.166461
v -0.815829 0.386042 0.366957
v -0.816618 0.424000 0.418534
v -0.814871 0.444160 -0.562030
v -0.841281 0.451635 -0.501641
v -0.807642 -0.126181 0.167908
v -0.778450 0.444994 -0.616485
v -0.814631 0.443872 -0.561867
v -0.812966 0.426776 0.432015
v -0.790796 0.428450 0.471193
v -0.742535 0.447026 0.587958
v -0.803769 -0.138704 0.138214
v -0.809110 0.443780 -0.569791
v -0.789289 0.236514 -0.575783
v -0.759097 -0.158391 -0.269534
v -0.812390 0.249434 0.214182
v -0.812418 0.249422 0.214189
v -0.802655 0.228467 0.218676
v -0.801966 -0.134400 0.162671
v -0.805280 -0.128562 0.171298
v -0.792507 0.431893 -0.477358
v -0.809460 0.443784 -0.570045
v -0.802717 -0.139402 0.139540
v -0.798484 0.444220 -0.584651
v -0.730618 0.444234 -0.593467
v -0.749775 0.452396 -0.621203
v -0.795938 -0.155597 0.097455
v -0.800105 -0.145614 0.127471
v -0.799326 -0.138510 0.162105
v -0.800549 -0.135717 0.168056
v -0.799694 -0.135807 0.171990
v -0.799588 -0.136016 0.171448
v -0.796812 -0.155012 0.095248
v -0.774242 0.173493 -0.244853
v -0.798152 0.444194 -0.584525
v -0.789045 -0.171758 0.006409
v -0.794252 -0.155604 0.113008
v -0.796878 -0.153114 0.108188
v -0.760595 0.316240 -0.634745
v -0.792643 0.431707 -0.477454
v -0.793384 -0.164588 0.048482
v -0.793124 -0.156948 0.113506
v -0.794796 -0.153676 0.120128
v -0.794808 -0.153685 0.120130
v -0.788674 -0.147893 0.180467
v -0.782970 0.433825 0.618185
v -0.791005 0.428196 0.471339
v -0.792685 -0.160661 0.092894
v -0.792681 -0.160657 0.092894
v -0.792424 -0.140374 0.188932
v -0.790511 -0.143201 0.187585
v -0.792855 0.204180 0.218414
v -0.754980 0.239781 -0.362184
v -0.791250 0.445005 -0.594416
v -0.793002 0.444658 -0.592958
v -0.767165 -0.184730 0.135108
v -0.788404 -0.147272 0.182445
v -0.752116 0.368865 0.470279
v -0.786387 -0.173562 0.024824
v -0.786575 -0.173792 0.024062
v -0.739480 0.076673 0.570012
v -0.789284 0.433534 -0.486237
v -0.788922 0.433996 -0.486008
v -0.780345 -0.181905 -0.008230
v -0.785288 -0.176069 0.005083
v -0.787164 -0.172424 0.042088
v -0.787185 -0.172442 0.042089
v -0.786680 -0.147252 0.190610
v -0.786680 -0.147252 0.190610
v -0.784899 -0.146281 0.200742
v -0.785179 -0.147030 0.201171
v -0.776161 0.430607 0.499408
v -0.775983 0.430796 0.499297
v -0.782050 0.444289 -0.607129
v -0.767656 -0.195769 -0.038696
v -0.780112 -0.181702 -0.008230
v -0.782404 -0.179462 0.005052
v -0.765507 0.066156 -0.014030
v -0.781056 0.109921 0.069288
v -0.781194 0.444527 0.610165
v -0.781123 0.444469 0.610116
v -0.776875 -0.156908 0.199416
v -0.764920 -0.120524 0.330033
v -0.783750 0.172263 0.203192
v -0.783736 0.172269 0.203188
v -0.788513 0.187561 0.208520
v -0.788568 0.187539 0.208535
v -0.784401 0.443822 -0.605142
v -0.778006 -0.184272 -0.031344
v -0.778057 -0.184317 -0.031345
v -0.776834 -0.156874 0.199406
v -0.750732 -0.038106 0.466344
v -0.774486 -0.156880 0.207614
v -0.775217 -0.157491 0.207799
v -0.769975 -0.158131 0.220284
v -0.743693 0.151416 -0.601956
v -0.753454 0.433524 -0.539821
v -0.776537 0.443396 -0.614487
v -0.745637 0.027066 -0.527868
v -0.760537 0.444170 -0.636029
v -0.753513 0.433444 -0.539856
v -0.771098 0.144038 0.206551
v -0.721755 0.388364 0.529213
v -0.765471 -0.160088 0.231816
v -0.768698 0.443758 -0.625098
v -0.756359 0.444712 0.641037
v -0.768523 0.443626 -0.624543
v -0.772656 -0.155700 0.219200
v -0.767744 -0.161030 0.221166
v -0.767744 -0.161030 0.221166
v -0.765290 -0.163112 0.223457
v -0.769520 0.137377 0.201247
v -0.756085 0.444366 0.640795
v -0.767663 -0.193191 -0.073243
v -0.767733 -0.193254 -0.073248
v -0.760235 -0.197722 -0.104998
v -0.765947 -0.159775 0.231277
v -0.719862 0.383175 -0.688408
v -0.767674 -0.195786 -0.038696
v -0.760710 -0.198175 -0.105054
v -0.754716 -0.197644 -0.144192
v -0.764278 -0.163008 0.227681
v -0.765002 0.379589 -0.458769
v -0.749748 0.429846 0.536599
v -0.761640 -0.198323 -0.087640
v -0.761695 -0.198374 -0.087646
v -0.758965 -0.160984 0.248574
v -0.759091 -0.161081 0.248608
v -0.730381 -0.236568 0.019197
v -0.736120 -0.205005 -0.198729
v -0.709468 -0.210869 0.262681
v -0.728516 0.441114 -0.675776
v -0.759885 0.443661 -0.635656
v -0.754787 -0.197714 -0.144204
v -0.704816 -0.244922 0.150131
v -0.754616 -0.160987 0.264601
v -0.754888 -0.160493 0.264869
v -0.706973 0.150853 0.643056
v -0.750692 0.429624 0.535498
v -0.749380 0.443009 -0.648912
v -0.720183 -0.092908 -0.457375
v -0.752485 0.102550 0.206237
v -0.752370 0.102603 0.206204
v -0.700421 0.251003 0.684596
v -0.748640 0.444554 -0.647529
v -0.750620 -0.202250 -0.145974
v -0.750324 -0.201964 -0.145915
v -0.755007 0.109330 0.208921
v -0.755011 0.109328 0.208922
v -0.768086 0.415425 -0.492609
v -0.744350 0.444092 0.655633
v -0.723845 0.008754 0.121083
v -0.746990 0.087199 0.200017
v -0.748897 0.443120 -0.649094
v -0.748600 0.444436 -0.647576
v -0.745434 -0.172508 0.261470
v -0.745435 -0.172509 0.261470
v -0.743982 -0.171487 0.266915
v -0.721594 0.430282 0.574963
v -0.747043 0.442865 -0.650168
v -0.746925 0.443214 -0.651195
v -0.746654 0.444500 -0.649676
v -0.746654 0.444500 -0.649676
v -0.741525 -0.173265 0.270557
v -0.743786 -0.172799 0.265495
v -0.744301 0.442756 -0.651495
v -0.745660 0.443960 -0.651518
v -0.741726 0.443597 -0.656280
v -0.744377 0.443286 -0.654010
v -0.744422 0.444782 -0.651728
v -0.743551 0.443635 0.655913
v -0.742506 -0.173141 0.268406
v -0.688182 -0.175032 -0.392595
v -0.746175 0.087000 0.201618
v -0.738372 0.073667 0.207775
v -0.703645 0.376432 -0.545623
v -0.743902 0.444694 -0.654754
v -0.743563 0.444138 -0.653603
v -0.736274 -0.205313 -0.191997
v -0.713732 -0.021913 0.033173
v -0.735660 0.063425 0.197793
v -0.730847 0.433713 -0.569825
v -0.730823 0.433738 -0.569824
v -0.736253 -0.205260 -0.194235
v -0.703777 -0.250073 -0.123448
v -0.727995 -0.207799 -0.214850
v -0.729218 -0.173731 0.300430
v -0.729482 -0.173972 0.300535
v -0.737343 0.071556 0.207364
v -0.732369 0.059788 0.202467
v -0.732277 0.059837 0.202443
v -0.674146 0.095763 -0.654154
v -0.735888 0.103462 0.265926
v -0.683697 0.434837 0.726183
v -0.727649 0.446211 0.671260
v -0.728248 -0.208060 -0.214921
v -0.727147 -0.204106 -0.230214
v -0.727032 -0.203985 -0.230181
v -0.722064 0.152398 0.353144
v -0.725056 0.444414 -0.673152
v -0.727351 0.446787 0.672375
v -0.719150 -0.177187 0.317576
v -0.725576 0.048594 0.205271
v -0.637398 0.449290 0.710449
v -0.705731 0.008719 0.196620
v -0.721928 0.431164 0.575959
v -0.726341 0.443074 -0.673649
v -0.726082 0.444416 -0.672124
v -0.710636 0.444731 -0.687989
v -0.718572 -0.210790 -0.236737
v -0.725371 0.443175 -0.675496
v -0.724319 0.443092 -0.675737
v -0.724054 0.444444 -0.674194
v -0.719277 -0.177308 0.317631
v -0.667057 -0.075083 -0.547472
v -0.725844 0.048447 0.205346
v -0.723352 0.443265 -0.677541
v -0.722289 0.443172 -0.677755
v -0.720961 0.444396 -0.677182
v -0.721996 0.444486 -0.676294
v -0.718573 -0.210791 -0.236737
v -0.713289 -0.210189 -0.253631
v -0.701488 0.433532 -0.604028
v -0.721300 0.443208 -0.679615
v -0.720282 0.443166 -0.679843
v -0.720062 0.444484 -0.678304
v -0.713119 -0.210007 -0.253572
v -0.714797 0.429261 0.584647
v -0.705088 0.428491 0.591011
v -0.719312 0.443330 -0.681747
v -0.718232 0.443230 -0.681893
v -0.717240 0.444517 -0.681343
v -0.717918 0.444528 -0.680454
v -0.693426 -0.049945 -0.067784
v -0.711249 0.043840 -0.251481
v -0.672928 0.370198 0.733050
v -0.717014 0.443211 -0.683564
v -0.716219 0.443227 -0.683960
v -0.715978 0.444526 -0.682456
v -0.715978 0.444526 -0.682456
v -0.712355 -0.179972 0.327183
v -0.696185 -0.183821 0.354422
v -0.711037 0.429852 0.586678
v -0.714933 0.443944 -0.684269
v -0.715554 0.443140 -0.684739
v -0.712523 0.442903 -0.685650
v -0.713385 0.442934 -0.684646
v -0.693771 -0.207356 -0.312068
v -0.712541 -0.180147 0.327265
v -0.713469 0.443184 -0.686807
v -0.712290 0.444176 -0.686210
v -0.654797 0.451443 -0.727481
v -0.709009 0.017286 0.202558
v -0.708666 0.017482 0.202467
v -0.707682 0.432140 0.593873
v -0.709170 0.429848 0.588990
v -0.711423 0.443190 -0.688860
v -0.710889 0.442518 -0.686554
v -0.710393 0.442928 -0.687787
v -0.710200 0.443980 -0.688090
v -0.663770 -0.256355 -0.245430
v -0.700695 -0.212773 -0.280060
v -0.658340 0.005225 -0.620186
v -0.706230 0.430658 0.593729
v -0.708841 0.442509 -0.688595
v -0.709323 0.443203 -0.690916
v -0.708398 0.442939 -0.689818
v -0.708691 0.443984 -0.689614
v -0.693439 0.444968 0.705784
v -0.685944 -0.155028 0.424666
v -0.658229 -0.024491 0.600216
v -0.656584 0.246690 -0.725764
v -0.704127 0.433385 -0.601395
v -0.706827 0.442582 -0.690648
v -0.706296 0.442894 -0.691802
v -0.705044 0.442502 -0.692318
v -0.705356 0.443196 -0.694839
v -0.706620 0.443962 -0.691637
v -0.705926 0.444650 -0.692525
v -0.700993 -0.213095 -0.280174
v -0.699716 -0.187861 0.338563
v -0.699652 -0.187794 0.338532
v -0.696650 -0.016165 -0.176612
v -0.697911 0.103649 -0.353294
v -0.687749 0.429144 0.615356
v -0.687628 0.430023 0.614424
v -0.704172 0.442879 -0.693953
v -0.705314 0.443183 -0.695008
v -0.704750 0.444167 -0.693741
v -0.693743 0.445692 0.706388
v -0.701870 -0.215480 -0.270008
v -0.701920 -0.215535 -0.270027
v -0.699761 0.433214 -0.606872
v -0.695569 0.443301 -0.705093
v -0.703293 0.443125 -0.697028
v -0.702811 0.443948 -0.696377
v -0.702716 0.442681 -0.695038
v -0.697132 -0.211332 -0.292801
v -0.697119 -0.211313 -0.292795
v -0.700352 0.001859 0.200575
v -0.701396 0.003659 0.200217
v -0.699343 0.000816 0.201408
v -0.699794 0.002616 0.203848
v -0.700843 0.443858 -0.698440
v -0.701220 0.443142 -0.699075
v -0.700803 0.442900 -0.697370
v -0.695438 0.442815 -0.704010
v -0.701036 0.444528 -0.697382
v -0.695873 -0.183510 0.354269
v -0.689982 -0.185925 0.361796
v -0.670368 0.175122 0.459394
v -0.689426 0.431975 0.614930
v -0.698778 0.443857 -0.700467
v -0.697112 0.443009 -0.701127
v -0.698669 0.442792 -0.699330
v -0.697114 0.443084 -0.703164
v -0.698970 0.444514 -0.699434
v -0.691895 -0.212177 -0.303868
v -0.691273 -0.210443 -0.308877
v -0.696726 0.443823 -0.702511
v -0.696324 0.443173 -0.703771
v -0.696930 0.444512 -0.701426
v -0.689821 -0.185755 0.361713
v -0.694260 0.443158 -0.705790
v -0.694808 0.444484 -0.703540
v -0.694808 0.444484 -0.703540
v -0.688663 -0.018405 0.197645
v -0.690350 0.432950 -0.615179
v -0.689973 0.432204 -0.611590
v -0.690734 0.433806 -0.616154
v -0.692780 0.444480 -0.705516
v -0.637392 -0.265452 0.272599
v -0.686505 -0.212156 -0.316720
v -0.688280 -0.018148 0.197534
v -0.687701 0.430725 0.615083
v -0.668202 0.444050 -0.730478
v -0.634416 -0.302837 0.078005
v -0.676360 0.431605 -0.627534
v -0.692752 0.444578 -0.705580
v -0.675802 0.444574 0.723826
v -0.686269 -0.211877 -0.316610
v -0.682428 -0.188734 0.370424
v -0.682559 -0.188872 0.370494
v -0.680147 0.433138 0.625531
v -0.684394 0.431614 0.620014
v -0.684515 0.431666 -0.620105
v -0.686102 0.431722 -0.617796
v -0.677206 0.444234 0.720904
v -0.680969 -0.210558 -0.330824
v -0.680958 -0.210545 -0.330818
v -0.671856 -0.214536 -0.339901
v -0.663599 -0.194663 0.393660
v -0.680954 -0.029004 0.197262
v -0.648099 0.398141 0.621806
v -0.672648 0.443739 -0.725963
v -0.512033 0.452585 0.839643
v -0.646087 -0.214854 -0.386756
v -0.675029 -0.041052 0.188020
v -0.630526 0.056444 0.676401
v -0.676122 -0.193668 0.372646
v -0.676157 -0.193705 0.372665
v -0.681056 -0.029075 0.197290
v -0.678696 0.433806 -0.628732
v -0.676660 0.432755 -0.629193
v -0.639949 0.440852 -0.679942
v -0.657243 -0.086765 0.107928
v -0.667703 0.008859 0.310375
v -0.641610 -0.095532 -0.150725
v -0.673302 -0.043840 0.186930
v -0.639612 0.063107 0.418273
v -0.623371 0.430428 -0.778407
v -0.673898 0.431754 0.631390
v -0.672692 0.434092 -0.635145
v -0.675266 0.433946 -0.632484
v -0.671601 -0.214240 -0.339771
v -0.673052 -0.044449 0.186265
v -0.669793 0.444161 0.728324
v -0.666355 -0.220736 -0.336591
v -0.666106 -0.193182 0.391657
v -0.666351 -0.051485 0.194265
v -0.666037 -0.051253 0.194175
v -0.669416 0.431993 -0.635806
v -0.673411 0.446075 0.724519
v -0.663685 -0.219599 -0.342674
v -0.651697 -0.221910 -0.361833
v -0.651228 -0.102410 0.025418
v -0.643114 0.144954 -0.475079
v -0.667626 0.429732 0.634994
v -0.668375 0.430817 0.635823
v -0.661138 0.431551 0.644509
v -0.667662 0.431889 0.638226
v -0.667108 0.444257 0.730150
v -0.653232 -0.291666 -0.069486
v -0.664960 -0.218014 -0.345366
v -0.669758 -0.048034 0.188898
v -0.641239 -0.065202 -0.240634
v -0.604642 0.140238 0.735892
v -0.661873 0.443146 -0.735143
v -0.658948 -0.197169 0.396772
v -0.658533 0.431989 -0.647832
v -0.666010 0.443855 -0.731184
v -0.666413 0.443033 -0.731802
v -0.633525 0.446708 0.759758
v -0.600986 -0.274316 -0.327307
v -0.663079 -0.221044 -0.342321
v -0.652747 -0.098491 0.068943
v -0.655901 -0.088631 0.101329
v -0.663899 0.443792 -0.733174
v -0.664298 0.443007 -0.733793
v -0.663921 0.442874 -0.732149
v -0.648102 0.443656 -0.747342
v -0.664120 0.444478 -0.732120
v -0.655411 0.443980 0.744624
v -0.648798 0.445612 0.747666
v -0.657657 -0.197047 0.400332
v -0.652135 -0.083590 0.146546
v -0.664755 -0.054754 0.188624
v -0.639232 0.005183 -0.356556
v -0.658405 0.432188 -0.647660
v -0.661949 0.443011 -0.734306
v -0.662006 0.444418 -0.734112
v -0.651721 -0.221939 -0.361846
v -0.612845 -0.244096 0.381846
v -0.651459 -0.195815 0.411231
v -0.651031 -0.079445 0.166669
v -0.664381 -0.055599 0.187799
v -0.622699 -0.089287 0.237056
v -0.661293 0.431970 0.645637
v -0.656040 -0.087065 0.102529
v -0.652045 -0.196481 0.411590
v -0.656527 -0.086195 0.110919
v -0.645673 0.442719 -0.748945
v -0.649563 0.444180 0.747127
v -0.649857 -0.215314 -0.377921
v -0.645526 -0.218952 -0.378578
v -0.646231 -0.107063 -0.006396
v -0.651368 -0.092661 0.112028
v -0.650981 -0.085034 0.146551
v -0.654594 -0.080694 0.145842
v -0.651418 -0.081266 0.158336
v -0.604145 0.142930 0.524026
v -0.649640 -0.191621 0.422280
v -0.649650 -0.191634 0.422288
v -0.650632 -0.101868 0.025412
v -0.648046 -0.103923 0.034019
v -0.651736 -0.097601 0.068845
v -0.653731 -0.097246 0.085675
v -0.651233 -0.094844 0.085397
v -0.653831 -0.068164 0.190147
v -0.652674 -0.071522 0.189941
v -0.649495 -0.073327 0.191525
v -0.650760 -0.073868 0.185811
v -0.650926 -0.070166 0.195896
v -0.629086 0.265448 0.753762
v -0.651632 0.443819 0.747701
v -0.650329 -0.079029 0.171040
v -0.629508 -0.161406 -0.497843
v -0.648389 -0.104243 0.034034
v -0.644619 -0.074632 0.205087
v -0.645444 -0.075430 0.200256
v -0.648017 0.443078 -0.748219
v -0.647523 0.443959 -0.747583
v -0.644514 -0.219960 -0.378254
v -0.641407 -0.216560 -0.389746
v -0.641628 -0.219012 -0.384872
v -0.638638 -0.194398 0.433872
v -0.644957 -0.108305 0.003133
v -0.645444 -0.107800 0.002338
v -0.646158 -0.107000 -0.006376
v -0.643079 -0.110213 0.009064
v -0.645517 0.442937 -0.748593
v -0.645676 0.444498 -0.748570
v -0.648592 -0.121816 0.524563
v -0.639854 -0.112082 -0.041571
v -0.639584 -0.111822 -0.041554
v -0.650342 -0.081447 0.164492
v -0.639499 -0.193053 0.434669
v -0.643409 -0.110043 0.010223
v -0.640218 -0.078757 0.208194
v -0.640796 -0.078741 0.206390
v -0.639922 -0.078116 0.210834
v -0.644622 -0.074616 0.206001
v -0.632436 0.431804 -0.670780
v -0.632409 0.431851 -0.670742
v -0.631535 0.442933 -0.762091
v -0.633665 0.443563 -0.759852
v -0.632730 0.443835 0.762727
v -0.633416 0.443967 0.762827
v -0.626966 -0.215337 -0.414383
v -0.620811 -0.123297 -0.110668
v -0.632776 -0.198575 0.435143
v -0.626193 -0.123282 -0.070843
v -0.630844 -0.120480 -0.054620
v -0.615251 -0.124963 -0.132505
v -0.626867 -0.216088 -0.413627
v -0.630548 -0.120177 -0.054594
v -0.606551 -0.060486 0.328069
v -0.620841 0.347689 -0.617866
v -0.633704 0.443122 -0.760535
v -0.633214 0.443990 -0.759888
v -0.632284 0.444300 0.763481
v -0.631199 0.442930 -0.760829
v -0.631366 0.444514 -0.760840
v -0.619296 -0.220312 -0.416754
v -0.626560 -0.123029 -0.071123
v -0.618948 0.442926 -0.771688
v -0.621948 -0.214804 -0.423073
v -0.629373 -0.199489 0.438963
v -0.619643 -0.200561 0.452335
v -0.619272 -0.200137 0.452076
v -0.590762 -0.159973 -0.010590
v -0.621775 -0.088500 0.237438
v -0.570445 0.270458 -0.799942
v -0.620002 0.444752 0.773025
v -0.621385 -0.214087 -0.422678
v -0.611272 -0.091754 0.257815
v -0.592072 0.410839 0.805044
v -0.572085 0.167885 -0.571532
v -0.620172 0.444972 0.773246
v -0.619156 0.442826 -0.771898
v -0.501921 0.443457 -0.795058
v -0.618818 -0.221786 -0.417214
v -0.613722 -0.220700 -0.424064
v -0.613722 -0.220700 -0.424064
v -0.617462 -0.125151 -0.117659
v -0.615639 -0.126355 -0.120782
v -0.589477 -0.323708 -0.081644
v -0.616390 -0.091440 0.244728
v -0.617852 -0.089530 0.245416
v -0.616100 -0.089575 0.249787
v -0.615826 -0.092382 0.243996
v -0.611101 0.443532 -0.777895
v -0.609927 0.444336 0.781876
v -0.608154 -0.214787 -0.442289
v -0.608161 -0.214796 -0.442294
v -0.615162 -0.124636 -0.132776
v -0.572316 -0.161813 0.145388
v -0.602053 -0.132855 -0.153560
v -0.601331 0.431727 -0.697548
v -0.601317 0.431754 -0.697529
v -0.610867 0.442966 -0.777657
v -0.609783 0.444140 0.781697
v -0.584697 -0.136812 -0.205453
v -0.610252 -0.096070 0.249524
v -0.610299 -0.096113 0.249542
v -0.611644 -0.091794 0.256293
v -0.563485 -0.107967 -0.326435
v -0.610414 -0.206082 0.454694
v -0.611295 -0.207181 0.455208
v -0.580824 0.050156 -0.485055
v -0.603061 -0.214125 -0.450699
v -0.604612 -0.212747 -0.450229
v -0.570636 0.079904 -0.737284
v -0.596278 0.445332 0.791122
v -0.602291 -0.206310 0.464972
v -0.602417 -0.206466 0.465068
v -0.600570 -0.203986 0.471015
v -0.604542 -0.133524 -0.144185
v -0.603814 -0.133004 -0.144437
v -0.588122 0.431930 0.712050
v -0.600690 0.443297 -0.786244
v -0.600844 0.443335 -0.786870
v -0.592476 -0.099219 0.284035
v -0.571195 -0.132209 -0.595857
v -0.596379 -0.216591 -0.454811
v -0.600548 -0.203957 0.470997
v -0.601896 -0.132683 -0.153522
v -0.571094 -0.047353 -0.401884
v -0.551496 0.399038 0.710496
v -0.561754 0.442032 -0.817835
v -0.591556 -0.312333 0.182463
v -0.596703 -0.213338 -0.459960
v -0.595802 -0.212879 -0.462313
v -0.556706 -0.011327 0.463239
v -0.593363 0.443130 -0.792819
v -0.547750 0.431953 -0.739731
v -0.596958 0.446283 0.792062
v -0.588564 -0.135940 -0.190941
v -0.592874 0.443355 -0.791962
v -0.498736 0.446084 0.802764
v -0.613950 0.413680 -0.665875
v -0.569328 0.432110 -0.723962
v -0.569354 0.432101 -0.723943
v -0.588549 -0.135922 -0.190937
v -0.592619 -0.099358 0.284099
v -0.562863 0.228423 0.615167
v -0.592270 0.444455 -0.791753
v -0.545899 -0.305893 0.315849
v -0.566941 -0.093677 0.635755
v -0.529303 -0.101122 -0.659443
v -0.585207 0.445729 0.798565
v -0.564955 0.450533 -0.802929
v -0.585031 0.445397 0.798334
v -0.584111 -0.136163 -0.205260
v -0.574191 -0.138612 -0.226321
v -0.550915 0.360722 -0.685510
v -0.584257 0.442894 -0.797447
v -0.584588 0.443256 -0.797919
v -0.591750 -0.207129 0.477450
v -0.591697 -0.207060 0.477407
v -0.589734 -0.200750 0.492332
v -0.589093 -0.200019 0.491814
v -0.582356 -0.102810 0.297214
v -0.582356 -0.102810 0.297214
v -0.550915 0.256462 0.810092
v -0.551944 0.431970 0.740487
v -0.582605 -0.212437 -0.478876
v -0.582462 -0.212243 -0.478753
v -0.533224 -0.168548 0.593683
v -0.581914 -0.129209 0.242844
v -0.572805 -0.112037 0.297566
v -0.564985 -0.107466 0.321858
v -0.515372 -0.016061 0.731112
v -0.531561 -0.079127 0.417716
v -0.517658 -0.015088 -0.728387
v -0.576513 0.443418 -0.804497
v -0.576505 0.446086 0.805058
v -0.568406 -0.212922 -0.494267
v -0.571319 -0.212269 -0.492135
v -0.562389 -0.207315 0.512617
v -0.576440 0.443260 -0.804401
v -0.567644 -0.221028 -0.482694
v -0.574576 -0.208533 0.495694
v -0.547306 -0.174663 -0.170739
v -0.562615 -0.138940 -0.255866
v -0.572739 -0.111969 0.297533
v -0.576405 0.445920 0.804948
v -0.487353 0.436294 0.870976
v -0.574703 -0.208695 0.495800
v -0.555340 -0.212440 -0.509901
v -0.569015 -0.143698 -0.224133
v -0.568689 -0.143064 -0.225991
v -0.568715 -0.140832 -0.232471
v -0.570302 0.444237 -0.808234
v -0.567363 0.442612 -0.808685
v -0.564555 -0.221052 -0.486155
v -0.564719 -0.142527 -0.238000
v -0.564314 -0.213872 -0.497262
v -0.564678 -0.217814 -0.491094
v -0.563599 -0.210757 0.505181
v -0.563929 -0.211189 0.505461
v -0.564106 -0.111500 0.314212
v -0.564565 -0.108259 0.319841
v -0.564854 -0.110450 0.315194
v -0.563512 -0.222069 -0.486848
v -0.562434 -0.207376 0.512657
v -0.563524 -0.143739 -0.238940
v -0.562476 -0.138779 -0.255809
v -0.563504 0.443310 -0.814181
v -0.596702 -0.301213 -0.237631
v -0.562649 0.443759 -0.814246
v -0.562743 0.442649 -0.812617
v -0.563766 0.444398 -0.812794
v -0.557484 0.444099 -0.816557
v -0.561560 0.443276 -0.813568
v -0.543718 -0.116016 0.340822
v -0.560099 -0.111515 0.321522
v -0.559774 -0.111918 0.321304
v -0.559774 -0.111918 0.321304
v -0.557650 0.444504 -0.817369
v -0.544651 -0.214199 -0.518811
v -0.555462 -0.141800 -0.263378
v -0.549534 -0.140686 -0.279555
v -0.490234 0.367516 -0.865980
v -0.556003 -0.142477 -0.263613
v -0.540289 0.445596 0.829644
v -0.552721 -0.210030 0.520611
v -0.552891 -0.208526 0.521316
v -0.517984 -0.204996 0.060141
v -0.550970 -0.110576 0.338490
v -0.545508 -0.113832 0.341121
v -0.547971 0.431558 -0.740001
v -0.540436 0.445994 0.829941
v -0.545262 -0.209340 -0.525131
v -0.483610 -0.040749 -0.513055
v -0.508101 0.077964 0.581354
v -0.507898 0.432095 0.771265
v -0.550093 0.444681 -0.822898
v -0.549754 0.444131 -0.822368
v -0.536912 -0.209224 0.538032
v -0.498203 -0.188951 0.240693
v -0.549638 -0.140816 -0.279604
v -0.530734 0.062736 0.760304
v -0.543707 -0.210587 -0.525883
v -0.538836 -0.140982 -0.300322
v -0.544061 -0.118300 0.335259
v -0.499122 -0.097250 -0.433029
v -0.543839 0.444498 -0.826682
v -0.543630 0.444130 -0.826352
v -0.538112 -0.210812 0.533715
v -0.536046 -0.210091 0.536731
v -0.535448 -0.211849 -0.531505
v -0.502927 -0.209184 -0.098983
v -0.538555 -0.140631 -0.300171
v -0.536142 0.431920 -0.749007
v -0.536198 -0.120065 0.346719
v -0.532192 -0.116138 0.357392
v -0.537812 0.444643 -0.831188
v -0.537418 0.443985 -0.830534
v -0.529487 -0.117249 0.360071
v -0.532263 0.428594 -0.747871
v -0.536157 0.431339 -0.748480
v -0.526058 -0.212410 0.542760
v -0.517615 -0.211927 0.552167
v -0.490051 -0.170498 -0.312637
v -0.531234 0.443783 -0.835210
v -0.528784 0.442987 -0.837146
v -0.529211 -0.256182 -0.469230
v -0.518072 0.446143 0.844106
v -0.517904 0.445772 0.843826
v -0.522104 -0.211938 0.547126
v -0.526952 -0.200932 -0.555444
v -0.526235 -0.199765 -0.557725
v -0.528316 -0.141898 -0.315114
v -0.528284 -0.141859 -0.315092
v -0.455011 0.119249 -0.829068
v -0.523934 0.428879 -0.753888
v -0.523696 0.429167 -0.753346
v -0.523890 0.443311 -0.841260
v -0.467249 0.450166 -0.866006
v -0.520145 -0.139113 -0.334068
v -0.524186 -0.118736 0.364906
v -0.512563 0.400790 0.738286
v -0.457741 0.411309 0.888520
v -0.460242 -0.317710 -0.396106
v -0.526060 -0.199202 -0.558674
v -0.490124 -0.184679 -0.611357
v -0.520000 -0.197298 -0.567044
v -0.474718 0.296790 0.864867
v -0.434749 -0.170403 0.387234
v -0.520374 -0.139416 -0.334214
v -0.509377 -0.141029 -0.348557
v -0.525142 -0.210908 -0.542205
v -0.524570 -0.210764 -0.543947
v -0.448453 -0.112683 0.710791
v -0.517042 0.443696 -0.844302
v -0.496761 -0.360450 -0.065246
v -0.520476 -0.210114 -0.549086
v -0.520476 -0.210114 -0.549086
v -0.507791 -0.210356 -0.560688
v -0.510542 -0.210249 -0.558468
v -0.475179 -0.033463 0.526671
v -0.504946 0.144210 0.807992
v -0.508184 0.429897 -0.766081
v -0.508206 0.429856 -0.766116
v -0.515593 0.443966 -0.845340
v -0.504153 -0.215035 0.560781
v -0.510747 -0.263709 0.477008
v -0.459707 0.230006 -0.859549
v -0.506896 0.443264 -0.851331
v -0.508768 -0.214201 -0.554623
v -0.509038 -0.213214 -0.555779
v -0.509059 -0.140603 -0.348328
v -0.503957 -0.123221 0.384481
v -0.504108 -0.123415 0.384598
v -0.466209 0.347124 -0.739349
v -0.505102 -0.208521 -0.566238
v -0.506763 0.443000 -0.851094
v -0.468845 -0.205363 -0.232555
v -0.469564 0.431758 0.794914
v -0.501822 0.429821 -0.770060
v -0.488719 -0.206558 -0.583153
v -0.432069 -0.088715 0.510643
v -0.501715 0.430055 -0.769923
v -0.495128 -0.141680 -0.365282
v -0.493055 -0.142265 -0.367178
v -0.489760 -0.139244 -0.377617
v -0.495485 0.442662 -0.858808
v -0.498422 0.443676 -0.855505
v -0.492545 -0.212245 0.574179
v -0.492479 -0.212143 0.574102
v -0.485144 -0.122238 0.409881
v -0.485714 0.430065 -0.781214
v -0.489852 0.443524 -0.860424
v -0.488523 -0.205316 -0.584458
v -0.489732 -0.139208 -0.377588
v -0.483942 -0.122323 0.411782
v -0.494643 -0.360339 0.098294
v -0.480139 -0.211348 0.585038
v -0.480107 -0.211294 0.585000
v -0.448045 -0.202930 -0.620772
v -0.470217 0.431404 -0.880502
v -0.481732 0.428791 -0.783630
v -0.488649 -0.209929 -0.578575
v -0.490177 -0.143959 -0.368621
v -0.485158 0.442468 -0.863766
v -0.467387 0.446915 0.874604
v -0.460311 -0.217384 0.599096
v -0.478236 -0.143614 -0.384208
v -0.481274 -0.210550 -0.583884
v -0.475755 0.429562 -0.786603
v -0.483323 0.443690 -0.865735
v -0.489427 0.452245 -0.839299
v -0.422485 -0.241288 -0.088154
v -0.480156 -0.207070 -0.589346
v -0.475912 -0.207950 -0.590757
v -0.438699 0.080719 0.638452
v -0.465904 -0.127367 0.424704
v -0.451033 -0.141166 -0.421766
v -0.479495 0.427746 -0.782257
v -0.475136 0.429222 -0.786608
v -0.415322 -0.188196 -0.372940
v -0.476480 -0.141179 -0.389882
v -0.475410 0.442088 -0.867015
v -0.475756 -0.210912 -0.588026
v -0.475877 -0.211627 -0.587344
v -0.459287 -0.127020 0.432558
v -0.412089 0.027264 -0.814372
v -0.475116 0.445067 -0.869166
v -0.462864 -0.143950 -0.402328
v -0.462294 -0.138194 -0.412746
v -0.465590 -0.127911 0.423456
v -0.419972 0.410710 -0.801424
v -0.471065 0.444203 -0.871179
v -0.472655 -0.377903 -0.008010
v -0.473446 0.427972 -0.786366
v -0.470037 -0.379647 0.054463
v -0.469808 -0.379484 0.054467
v -0.472155 -0.377367 -0.042795
v -0.464763 -0.141601 -0.403849
v -0.426755 0.390107 0.787521
v -0.469771 0.444121 -0.872361
v -0.467418 -0.379096 0.067800
v -0.460634 -0.205840 -0.606930
v -0.460358 -0.205412 -0.606585
v -0.469124 0.446691 0.872957
v -0.377202 0.443013 -0.859557
v -0.469016 -0.380378 0.068027
v -0.466155 -0.379437 0.077567
v -0.466308 -0.379567 0.077587
v -0.472059 -0.376746 -0.042512
v -0.464874 -0.376879 0.099042
v -0.426409 -0.293776 -0.493203
v -0.467096 -0.139289 -0.403328
v -0.422318 0.050431 0.819742
v -0.462099 0.443329 -0.876497
v -0.465759 0.443386 -0.875149
v -0.465858 0.445608 -0.872542
v -0.463759 -0.380009 0.091872
v -0.463521 -0.380152 0.092064
v -0.462193 -0.376101 -0.108326
v -0.464650 -0.377378 0.097890
v -0.462242 -0.138119 -0.412700
v -0.463555 0.428110 -0.792917
v -0.463451 0.428309 -0.792740
v -0.465257 0.444122 -0.874509
v -0.463644 0.443102 -0.875080
v -0.459054 -0.388068 0.090615
v -0.462862 -0.380943 0.091851
v -0.461510 -0.381948 0.095166
v -0.461951 -0.383328 0.091377
v -0.463956 -0.379054 0.093951
v -0.463336 -0.380310 0.091858
v -0.462360 -0.379520 0.099858
v -0.462360 -0.379520 0.099858
v -0.461427 -0.380189 0.100560
v -0.459572 -0.380897 0.107806
v -0.462906 -0.376209 -0.107849
v -0.459110 -0.126770 0.432389
v -0.460442 -0.385398 0.089194
v -0.459492 -0.387110 0.089218
v -0.460947 -0.383020 0.096154
v -0.459263 -0.385924 0.094004
v -0.459283 -0.215075 0.597464
v -0.451908 -0.211845 0.607297
v -0.451813 -0.211685 0.607174
v -0.458785 -0.388445 0.093301
v -0.458372 -0.387500 0.093910
v -0.457456 -0.388144 0.096890
v -0.458601 -0.383659 0.102394
v -0.458504 -0.385254 0.099598
v -0.457021 -0.378771 0.123793
v -0.457432 -0.378361 0.123882
v -0.447756 -0.374424 -0.164038
v -0.443730 -0.373939 -0.173448
v -0.417349 -0.213932 0.284475
v -0.450109 -0.141929 -0.420004
v -0.458047 0.442891 -0.878289
v -0.453582 -0.399085 0.091496
v -0.456689 -0.379292 0.126040
v -0.456039 -0.379438 0.126625
v -0.444815 -0.126070 0.448414
v -0.424136 0.447020 0.897527
v -0.455998 -0.391583 0.096295
v -0.455404 -0.380298 0.126442
v -0.450924 -0.377717 0.144863
v -0.454693 -0.379027 0.132792
v -0.455332 -0.378358 0.132646
v -0.442902 0.427932 -0.804812
v -0.442437 0.428738 -0.803825
v -0.449325 0.444720 -0.884050
v -0.448173 0.442424 -0.881827
v -0.451044 -0.407953 0.090728
v -0.479433 0.047162 -0.582842
v -0.442159 -0.444367 0.032327
v -0.449156 -0.409250 0.091133
v -0.447908 -0.202715 -0.620588
v -0.441925 -0.141607 -0.429100
v -0.443708 -0.129676 0.444049
v -0.447418 -0.410507 0.098891
v -0.447058 -0.410360 0.098822
v -0.446961 -0.376782 0.163010
v -0.446974 -0.376778 0.163009
v -0.433562 0.110699 -0.654238
v -0.442647 -0.203105 -0.624000
v -0.442591 -0.203013 -0.623923
v -0.436867 -0.138249 -0.439591
v -0.448997 -0.126614 0.442865
v -0.442257 -0.129215 0.445235
v -0.444133 -0.126136 0.447928
v -0.420306 0.440053 -0.901478
v -0.441301 -0.377448 0.174600
v -0.442623 -0.378516 0.175144
v -0.358315 -0.304147 0.527183
v -0.418031 -0.134246 -0.465540
v -0.372098 -0.063291 0.786485
v -0.408240 -0.011216 -0.596174
v -0.440723 0.443961 -0.888078
v -0.442786 0.444201 -0.886346
v -0.405064 0.451291 -0.893774
v -0.441487 -0.444000 -0.006431
v -0.441416 -0.443936 -0.006428
v -0.440725 -0.443249 0.032397
v -0.440551 -0.430305 0.089472
v -0.436717 -0.434430 0.090710
v -0.441544 -0.142074 -0.428960
v -0.436971 -0.138409 -0.439695
v -0.439777 -0.444799 -0.042206
v -0.439840 -0.443686 0.058210
v -0.438282 -0.377208 0.184499
v -0.433557 -0.204841 -0.628478
v -0.433010 -0.127165 0.457903
v -0.431344 -0.125938 0.461149
v -0.435442 0.428230 -0.808977
v -0.435365 0.428374 -0.808840
v -0.438608 0.444551 -0.888020
v -0.439331 -0.444422 -0.042155
v -0.439820 -0.443797 0.058118
v -0.437225 -0.442666 0.076763
v -0.437730 -0.439108 0.085554
v -0.437830 -0.436922 0.091182
v -0.437078 -0.437357 0.095767
v -0.439004 -0.377205 0.185839
v -0.438326 -0.378014 0.185646
v -0.437564 -0.377831 0.187146
v -0.438185 -0.377100 0.186274
v -0.399199 -0.227981 -0.251512
v -0.433524 -0.204783 -0.628430
v -0.400559 -0.022922 0.594830
v -0.438889 0.443647 -0.889099
v -0.437170 -0.440733 0.081882
v -0.435866 -0.442736 0.083394
v -0.435031 -0.440898 0.084320
v -0.435218 -0.443153 0.085111
v -0.435695 -0.441291 0.089815
v -0.434201 -0.439732 0.091828
v -0.435668 -0.439532 0.095556
v -0.435058 -0.439933 0.096454
v -0.433491 -0.441036 0.102219
v -0.437695 -0.378255 0.186419
v -0.431540 -0.376907 0.198900
v -0.433581 -0.377415 0.196408
v -0.434722 -0.443706 0.085510
v -0.434125 -0.441329 0.092803
v -0.435308 -0.441906 0.089706
v -0.433787 -0.443088 0.093309
v -0.434622 -0.441772 0.093848
v -0.433966 -0.442600 0.094282
v -0.434045 -0.442128 0.094132
v -0.429527 -0.141134 -0.443113
v -0.408763 0.184231 0.709017
v -0.416308 0.442788 -0.899839
v -0.429636 -0.444832 -0.099787
v -0.430635 -0.445706 -0.099859
v -0.433199 -0.444773 0.094245
v -0.432914 -0.444076 0.093640
v -0.431910 -0.444774 0.095704
v -0.432174 -0.443447 0.099944
v -0.432268 -0.443148 0.102078
v -0.430175 -0.443601 0.111224
v -0.428452 -0.443349 0.117593
v -0.431352 -0.377605 0.205982
v -0.429012 -0.377078 0.209342
v -0.426358 -0.126715 0.462670
v -0.432962 -0.452592 0.001289
v -0.424842 -0.443959 0.133590
v -0.429927 -0.377715 0.205724
v -0.427296 -0.197193 -0.641509
v -0.427284 -0.197172 -0.641490
v -0.429327 -0.140814 -0.442906
v -0.381103 0.301121 -0.912364
v -0.426751 -0.446517 -0.121833
v -0.427254 -0.443315 0.121948
v -0.428394 -0.376465 0.206920
v -0.430599 -0.376131 0.206251
v -0.417351 -0.372561 -0.229941
v -0.428436 -0.379259 0.214339
v -0.425501 -0.377124 0.214649
v -0.423369 -0.129061 0.464621
v -0.423972 0.427366 -0.814389
v -0.423978 0.427351 -0.814405
v -0.417230 0.432499 0.825700
v -0.421814 0.442421 -0.897705
v -0.425501 -0.445557 -0.121374
v -0.423267 -0.377151 0.218702
v -0.422773 -0.376780 0.219930
v -0.424195 -0.443525 0.133426
v -0.414913 -0.443482 0.164355
v -0.419754 -0.376143 0.228298
v -0.447273 -0.320245 0.404869
v -0.426757 -0.238231 0.101451
v -0.409304 -0.131316 0.474268
v -0.419953 -0.442258 0.144231
v -0.421163 -0.376340 0.225044
v -0.432664 -0.213200 0.619339
v -0.433063 -0.213925 0.619901
v -0.416822 -0.211761 0.632097
v -0.419436 -0.210768 0.631476
v -0.417471 -0.133383 -0.464831
v -0.413780 0.432577 0.825229
v -0.421194 0.441805 -0.898769
v -0.386447 -0.453906 0.175239
v -0.421888 -0.443527 0.143495
v -0.417464 -0.442997 0.153490
v -0.416213 -0.376698 0.234761
v -0.419148 -0.373828 0.235018
v -0.340651 -0.246562 -0.636225
v -0.411415 -0.196886 -0.651815
v -0.411451 -0.196946 -0.651872
v -0.420805 0.443176 -0.897785
v -0.420800 0.443168 -0.897776
v -0.407386 -0.445260 -0.176734
v -0.399842 -0.445103 -0.195054
v -0.402030 -0.436780 0.204229
v -0.416357 -0.377575 0.234496
v -0.394881 0.446576 0.910637
v -0.414588 0.442182 -0.899477
v -0.370107 -0.451999 -0.229359
v -0.415445 -0.443371 0.159035
v -0.417176 -0.375239 0.235575
v -0.420045 -0.374913 -0.228926
v -0.414892 -0.375728 0.238846
v -0.413630 -0.376512 0.239541
v -0.414936 -0.375781 0.237028
v -0.410605 -0.376844 0.244288
v -0.413942 -0.124830 0.478808
v -0.413942 -0.124830 0.478808
v -0.362346 0.103875 0.696528
v -0.414348 -0.444607 0.165860
v -0.413285 -0.377538 0.238421
v -0.409677 -0.442768 0.175414
v -0.395781 -0.376847 -0.268545
v -0.394848 -0.198210 -0.661633
v -0.399540 -0.134704 -0.477836
v -0.399555 -0.134729 -0.477852
v -0.409276 0.443531 -0.903679
v -0.409980 -0.443370 0.174909
v -0.408894 -0.443648 0.177840
v -0.410242 -0.441746 0.177540
v -0.406114 -0.376500 0.253048
v -0.403753 -0.128982 0.481669
v -0.408626 -0.125900 0.481888
v -0.404871 -0.126476 0.484022
v -0.400182 0.428067 -0.827557
v -0.408345 0.443239 -0.904081
v -0.409080 -0.442826 0.178254
v -0.403563 -0.442745 0.186970
v -0.409164 -0.442634 0.178530
v -0.405703 -0.376803 0.252902
v -0.355255 -0.167348 -0.466947
v -0.404402 -0.443462 0.187410
v -0.410222 -0.379692 0.239644
v -0.372500 -0.377881 -0.295354
v -0.404502 -0.377848 0.253045
v -0.388137 -0.129987 0.494702
v -0.401938 -0.127129 0.485879
v -0.375605 -0.090784 -0.550126
v -0.346488 0.342508 -0.803707
v -0.357775 0.378469 0.816510
v -0.404009 0.442968 -0.905787
v -0.404988 -0.376873 0.254239
v -0.398217 0.443444 -0.908781
v -0.404006 0.442960 -0.905778
v -0.403537 0.444283 -0.904715
v -0.401525 0.443471 -0.906510
v -0.401228 -0.443028 0.196295
v -0.401169 -0.442615 0.196727
v -0.412436 -0.213262 0.633100
v -0.402666 -0.212957 0.639584
v -0.439208 0.185384 0.857792
v -0.400172 0.428085 -0.827538
v -0.393727 -0.446676 0.202058
v -0.400132 -0.443944 0.196270
v -0.400132 -0.443944 0.196270
v -0.397364 -0.444953 0.199844
v -0.398653 -0.443575 0.200292
v -0.394857 -0.443418 0.206997
v -0.401012 -0.442676 0.197018
v -0.387062 -0.376819 0.281413
v -0.381595 -0.214073 0.651374
v -0.381677 -0.214240 0.651513
v -0.433420 -0.175008 0.663778
v -0.399288 -0.443842 0.198236
v -0.395350 -0.444978 0.203981
v -0.395847 -0.444150 0.204611
v -0.394120 -0.441997 0.212714
v -0.365593 -0.445998 -0.253892
v -0.415422 -0.104814 -0.736548
v -0.393191 -0.446874 0.204643
v -0.395306 -0.446454 0.200390
v -0.373073 -0.445053 -0.241606
v -0.393700 -0.444469 0.208967
v -0.395101 -0.442707 0.209169
v -0.395606 -0.377304 -0.266654
v -0.398159 -0.365917 0.291600
v -0.331665 -0.038723 -0.819288
v -0.391488 0.442606 -0.909288
v -0.387233 0.442816 -0.913054
v -0.394607 0.442049 -0.910826
v -0.393300 -0.446454 0.204522
v -0.394064 -0.444016 0.208700
v -0.392747 -0.443208 0.210661
v -0.393352 -0.442677 0.210068
v -0.393050 -0.442682 0.213264
v -0.392038 -0.376512 -0.274382
v -0.393885 -0.376086 -0.271410
v -0.392027 -0.376334 -0.273657
v -0.394870 -0.375258 -0.271488
v -0.383170 -0.194907 -0.671547
v -0.392021 -0.196594 -0.663880
v -0.387706 -0.129225 0.494148
v -0.390722 0.428847 -0.832810
v -0.390769 0.428751 -0.832902
v -0.393537 0.440164 -0.913354
v -0.393862 0.440950 -0.911970
v -0.392006 -0.444010 0.212776
v -0.391303 -0.444546 0.213039
v -0.391115 -0.444703 0.216030
v -0.390848 -0.443328 0.215172
v -0.385199 -0.131942 -0.492384
v -0.385590 -0.129366 -0.495513
v -0.335668 0.148222 -0.894416
v -0.386079 -0.444222 0.223172
v -0.365695 -0.439177 0.264531
v -0.387461 -0.377240 0.281675
v -0.306052 0.313131 -0.943467
v -0.384849 -0.443352 0.224619
v -0.381768 -0.443811 0.231266
v -0.343103 -0.387801 0.324140
v -0.336114 -0.254529 0.627134
v -0.373969 -0.129198 -0.505469
v -0.333302 0.040289 -0.674356
v -0.323643 0.227142 0.770636
v -0.376440 0.425897 -0.836912
v -0.380429 0.442571 -0.915386
v -0.385594 0.442972 -0.913986
v -0.385578 0.445196 -0.911914
v -0.385149 0.444306 -0.912920
v -0.384960 0.444246 -0.913092
v -0.379216 -0.444683 0.233505
v -0.381561 -0.377125 0.289551
v -0.381483 -0.377017 0.289493
v -0.318131 -0.216392 -0.392741
v -0.300970 -0.174914 0.490775
v -0.381232 -0.128474 -0.500856
v -0.381232 -0.128474 -0.500856
v -0.376273 0.443767 -0.918189
v -0.371637 -0.450454 0.235974
v -0.378366 -0.377583 -0.290178
v -0.373517 -0.377525 -0.301377
v -0.379222 -0.376538 -0.290619
v -0.382926 -0.375352 -0.287830
v -0.382926 -0.375352 -0.287830
v -0.323910 -0.365195 0.377158
v -0.373930 -0.190315 -0.681483
v -0.380567 -0.133777 -0.494431
v -0.343492 -0.132888 0.521638
v -0.376456 0.425861 -0.836948
v -0.293734 0.445244 0.896424
v -0.378830 -0.444918 0.234471
v -0.379422 -0.444060 0.235011
v -0.378915 -0.196946 -0.671525
v -0.378753 -0.190099 -0.678338
v -0.377092 -0.446088 0.234900
v -0.375609 -0.444107 0.239759
v -0.376677 -0.444469 0.238844
v -0.374652 -0.196326 -0.674616
v -0.379621 -0.133961 -0.494936
v -0.377268 -0.375565 -0.295231
v -0.372086 -0.376171 -0.300167
v -0.422609 -0.252690 -0.573501
v -0.374054 -0.129354 -0.505589
v -0.358405 -0.127019 -0.519104
v -0.332573 0.427539 0.942482
v -0.337819 0.433674 0.862887
v -0.339037 0.446075 0.931754
v -0.345307 -0.252780 0.128937
v -0.367617 -0.132950 0.504263
v -0.368896 -0.132459 0.503922
v -0.367153 0.443142 -0.921216
v -0.366044 -0.376837 -0.307388
v -0.368456 -0.377334 -0.302722
v -0.369316 -0.376749 0.305898
v -0.369323 -0.376759 0.305912
v -0.367111 -0.191567 -0.683680
v -0.288510 -0.124122 0.569147
v -0.300253 -0.001660 0.668329
v -0.333711 0.142047 0.892953
v -0.367895 -0.444355 0.252244
v -0.368156 -0.444666 0.252414
v -0.331533 -0.177169 -0.717523
v -0.358436 -0.127079 -0.519150
v -0.355839 0.442632 -0.926265
v -0.365496 0.444294 -0.921277
v -0.364911 0.444372 -0.921209
v -0.357616 -0.376991 -0.316206
v -0.329106 -0.248518 -0.224790
v -0.365296 0.443058 -0.922256
v -0.365296 0.443058 -0.922256
v -0.364872 0.445695 -0.921372
v -0.281133 -0.262285 -0.031612
v -0.355841 0.442654 -0.926293
v -0.359054 -0.444089 0.265199
v -0.359273 -0.444368 0.265352
v -0.359136 -0.376601 0.318662
v -0.358942 -0.376376 0.318555
v -0.305305 -0.056186 -0.621323
v -0.274310 -0.245748 0.297084
v -0.352199 -0.217419 0.664029
v -0.352176 -0.217369 0.663987
v -0.371205 -0.213952 0.657731
v -0.305836 -0.216745 0.392796
v -0.286149 0.078097 -0.889883
v -0.343477 0.424637 -0.850737
v -0.344147 0.442926 -0.930643
v -0.348593 -0.189158 -0.696019
v -0.348855 -0.189683 -0.696528
v -0.343277 -0.132846 0.521496
v -0.354062 -0.123137 -0.526650
v -0.354047 -0.123107 -0.526626
v -0.320572 -0.444996 -0.306435
v -0.352284 -0.443803 0.274281
v -0.308027 -0.376291 -0.362847
v -0.329720 -0.156344 0.738545
v -0.352299 -0.444093 0.274417
v -0.332533 -0.445705 -0.294232
v -0.346167 -0.443368 0.281902
v -0.346500 0.442772 -0.929746
v -0.343079 -0.443718 0.283799
v -0.345214 -0.443685 0.281760
v -0.363483 -0.362378 -0.342346
v -0.347456 -0.215367 0.669010
v -0.347321 -0.215072 0.668755
v -0.337154 -0.125319 -0.535070
v -0.345690 -0.123827 -0.530612
v -0.344539 -0.122406 -0.532238
v -0.345106 -0.445198 0.281832
v -0.344787 -0.443878 0.284239
v -0.345831 -0.186384 -0.700469
v -0.346627 -0.188263 -0.702188
v -0.319901 0.426035 -0.861014
v -0.342314 0.431758 0.857784
v -0.262556 0.452829 0.944310
v -0.344161 -0.444623 0.283833
v -0.341562 -0.120140 -0.538216
v -0.339890 -0.119161 -0.540400
v -0.278863 -0.286628 -0.605562
v -0.337717 -0.184111 -0.706835
v -0.337729 -0.184137 -0.706860
v -0.343025 0.425338 -0.849975
v -0.293035 -0.377201 -0.376784
v -0.332898 0.442102 -0.933890
v -0.331647 -0.377312 0.346330
v -0.332445 -0.119514 -0.544382
v -0.332419 -0.119468 -0.544339
v -0.335944 0.432988 0.861822
v -0.336912 0.433808 0.862366
v -0.335486 -0.176149 -0.715802
v -0.329201 -0.133886 0.530138
v -0.339332 -0.125154 -0.533742
v -0.338217 -0.125177 -0.533775
v -0.332322 0.432223 0.863874
v -0.332647 0.432653 0.862771
v -0.338998 0.431980 -0.938343
v -0.247266 0.450034 -0.953779
v -0.331837 -0.444360 0.298195
v -0.322565 -0.180968 -0.717228
v -0.318205 0.425262 -0.861517
v -0.330250 0.441258 -0.935156
v -0.332097 -0.444254 0.298460
v -0.285454 -0.445971 -0.340053
v -0.327014 -0.209894 0.685413
v -0.326393 -0.176745 -0.719437
v -0.329632 -0.177990 -0.716746
v -0.328948 -0.133376 0.529723
v -0.296327 0.432293 -0.953129
v -0.329578 0.439745 -0.937675
v -0.306842 -0.437856 0.330879
v -0.312129 -0.133010 0.540424
v -0.269487 0.099865 0.736325
v -0.325051 0.441855 -0.936947
v -0.326424 0.441326 -0.937754
v -0.322801 0.442576 -0.938197
v -0.319592 -0.444244 0.311163
v -0.322605 -0.180264 -0.717793
v -0.294716 -0.117972 -0.569058
v -0.312136 -0.133026 0.540435
v -0.316676 0.442643 -0.940326
v -0.331803 -0.377355 0.346185
v -0.315441 -0.178019 -0.722505
v -0.317928 -0.179640 -0.720524
v -0.320367 -0.115067 -0.556574
v -0.319578 -0.444251 0.311147
v -0.336021 0.433257 0.859995
v -0.283232 -0.324287 -0.522508
v -0.259242 -0.186908 -0.494818
v -0.289789 0.401014 -0.853142
v -0.316523 0.424795 -0.861143
v -0.316278 0.425730 -0.862101
v -0.304721 -0.177524 -0.728668
v -0.320350 -0.115036 -0.556545
v -0.210212 0.228629 -0.954116
v -0.312741 -0.376411 0.365640
v -0.268099 0.402183 0.860253
v -0.310630 0.442745 -0.942430
v -0.171928 0.438646 -0.917170
v -0.314107 -0.444002 0.316962
v -0.314109 -0.444030 0.316970
v -0.306852 -0.375462 0.369604
v -0.301409 -0.114266 -0.567122
v -0.303393 -0.114952 -0.565479
v -0.348431 0.310998 0.926452
v -0.311646 0.423130 -0.861380
v -0.302587 0.422330 -0.864232
v -0.210469 -0.244971 -0.365333
v -0.304970 -0.133439 0.544137
v -0.305004 -0.133510 0.544196
v -0.255834 -0.097459 -0.606392
v -0.296047 -0.110365 -0.574356
v -0.307561 0.442637 -0.943338
v -0.299338 -0.127898 0.553814
v -0.301246 0.422623 -0.866010
v -0.292513 0.435952 -0.952045
v -0.301135 -0.452156 0.313585
v -0.303065 -0.443758 0.325694
v -0.303503 -0.177411 -0.728889
v -0.299599 -0.127776 0.553117
v -0.303451 -0.444639 0.326607
v -0.301876 -0.443845 0.327358
v -0.301811 -0.443875 0.329316
v -0.300272 -0.443859 0.329931
v -0.307213 -0.375944 0.370010
v -0.302617 -0.208358 0.698350
v -0.302616 -0.208353 0.698349
v -0.298402 0.442663 -0.946381
v -0.298384 0.442618 -0.946319
v -0.301546 -0.445252 0.327572
v -0.301371 -0.444606 0.328621
v -0.301011 -0.443951 0.329887
v -0.299454 -0.445214 0.329586
v -0.299454 -0.445214 0.329586
v -0.284245 -0.172724 -0.740966
v -0.277850 -0.170817 -0.744740
v -0.267609 -0.449636 0.308553
v -0.294069 -0.116508 -0.567920
v -0.293626 0.423724 -0.868781
v -0.293727 0.423498 -0.869063
v -0.292670 0.435584 -0.951954
v -0.262303 -0.302411 0.582851
v -0.278081 -0.169505 -0.750810
v -0.289614 -0.126441 0.560497
v -0.284364 -0.444249 0.344269
v -0.288600 -0.129704 0.557616
v -0.283414 0.442136 -0.951021
v -0.288977 0.442561 -0.949417
v -0.166359 -0.260094 0.241281
v -0.276062 -0.209227 0.708474
v -0.280763 -0.209592 0.706269
v -0.293940 -0.110908 -0.574873
v -0.278845 -0.077394 0.816454
v -0.289341 0.437626 -0.952370
v -0.289496 0.437484 -0.952268
v -0.288732 0.446797 0.950787
v -0.277550 0.443296 -0.952241
v -0.285062 -0.444665 0.343008
v -0.285426 -0.444104 0.342392
v -0.284698 -0.443970 0.344256
v -0.279306 -0.127966 0.564060
v -0.280591 -0.111798 -0.580618
v -0.280480 -0.111537 -0.580366
v -0.280976 0.423761 -0.872869
v -0.280989 0.423740 -0.872901
v -0.283104 -0.445244 0.343924
v -0.283104 -0.445244 0.343924
v -0.220095 -0.366880 0.441301
v -0.278317 -0.126334 0.566983
v -0.277299 -0.129037 0.564415
v -0.276042 -0.128776 0.565238
v -0.263875 -0.102826 -0.596503
v -0.277655 0.437590 -0.954386
v -0.281460 0.441080 -0.952750
v -0.281750 0.442015 -0.952013
v -0.283868 0.444699 0.951588
v -0.279130 0.446176 0.951981
v -0.264497 -0.447441 -0.357355
v -0.259599 -0.377198 -0.398833
v -0.257291 -0.166103 -0.756927
v -0.220595 0.222727 0.804653
v -0.277272 0.436862 -0.956175
v -0.279640 0.441731 -0.952786
v -0.276584 0.437790 -0.955974
v -0.275296 0.440822 -0.954066
v -0.277210 0.443522 -0.952094
v -0.250294 -0.161444 -0.763621
v -0.272134 -0.124728 0.571970
v -0.267696 -0.127586 0.570630
v -0.272134 -0.124728 0.571970
v -0.266768 -0.126488 0.571337
v -0.267441 -0.113044 -0.585523
v -0.267346 -0.112818 -0.585302
v -0.192605 -0.019391 -0.874549
v -0.263285 0.433152 -0.961085
v -0.274138 -0.444468 0.351507
v -0.274405 -0.444917 0.351847
v -0.273340 0.439402 -0.956170
v -0.273340 0.439402 -0.956170
v -0.272887 0.439931 -0.956000
v -0.254162 -0.438775 -0.368121
v -0.244156 -0.096938 -0.815298
v -0.265972 0.443768 0.954909
v -0.262008 -0.445397 0.361167
v -0.271565 -0.375258 0.397110
v -0.271937 -0.375995 0.397656
v -0.266644 -0.173577 -0.747001
v -0.266607 -0.173488 -0.746901
v -0.267993 0.442184 -0.955870
v -0.265646 0.441427 -0.957806
v -0.269038 0.441356 -0.956198
v -0.266159 0.444090 0.955503
v -0.129342 -0.256773 -0.321070
v -0.242756 -0.204117 0.728183
v -0.265893 -0.103252 -0.595467
v -0.217161 -0.069768 0.650583
v -0.227376 0.163280 -0.775964
v -0.248849 0.431799 0.890426
v -0.265694 0.441344 -0.957111
v -0.205914 -0.156455 -0.560975
v -0.264451 0.435975 -0.960042
v -0.262682 0.437911 -0.960744
v -0.264525 0.440485 -0.957929
v -0.258647 -0.125521 0.576976
v -0.258468 -0.125075 0.576582
v -0.258466 0.067000 -0.720040
v -0.256809 0.423176 -0.879876
v -0.256876 0.423554 -0.879570
v -0.241432 0.430390 -0.966225
v -0.264366 0.440252 -0.958222
v -0.260980 0.443020 -0.957128
v -0.264842 -0.211243 0.712695
v -0.263828 -0.211252 0.711079
v -0.243243 -0.126443 0.583104
v -0.261234 0.438802 -0.959824
v -0.261234 0.438802 -0.959824
v -0.261662 0.440278 -0.958867
v -0.261450 0.437872 -0.960201
v -0.261098 0.441546 -0.958272
v -0.260954 0.441616 -0.958077
v -0.257244 -0.165988 -0.756794
v -0.260896 0.437520 -0.960494
v -0.260896 0.437520 -0.960494
v -0.255975 -0.098841 -0.604154
v -0.257502 0.434928 -0.962234
v -0.255705 0.436978 -0.956932
v -0.255496 0.436778 -0.962194
v -0.253777 0.441996 -0.959529
v -0.257988 0.441238 -0.958799
v -0.257690 0.439229 -0.958546
v -0.245319 -0.092920 -0.614103
v -0.252764 0.443201 -0.959515
v -0.153932 -0.153448 0.582682
v -0.253702 0.429702 0.886708
v -0.253702 0.429702 0.886708
v -0.253881 0.436996 -0.961414
v -0.254484 0.437753 -0.962838
v -0.253055 0.438975 -0.958910
v -0.254066 0.438234 -0.962002
v -0.252646 0.441008 -0.960816
v -0.252090 0.440960 -0.959979
v -0.252099 0.439931 -0.961587
v -0.212539 -0.379441 -0.422105
v -0.250240 -0.161310 -0.763460
v -0.243193 -0.126308 0.582985
v -0.230821 0.373389 -0.968464
v -0.248324 0.430796 0.889397
v -0.250061 0.439969 -0.962129
v -0.250688 0.439760 -0.961246
v -0.250635 0.438993 -0.964542
v -0.248383 0.437313 -0.963371
v -0.252144 0.442257 -0.960057
v -0.251022 -0.445693 0.369616
v -0.251047 -0.444931 0.369025
v -0.204692 -0.206513 0.481044
v -0.248777 0.435470 -0.962978
v -0.247533 0.435947 -0.962785
v -0.245539 0.442022 -0.961582
v -0.250296 0.440966 -0.961440
v -0.249614 0.439268 -0.960585
v -0.232216 -0.445014 -0.376159
v -0.238750 -0.443628 0.380641
v -0.248068 -0.374388 0.411332
v -0.248390 -0.375136 0.412241
v -0.237737 -0.164331 -0.765143
v -0.241345 0.417219 -0.967973
v -0.241341 0.417219 -0.967954
v -0.241240 0.429571 0.889893
v -0.244041 0.431476 -0.966213
v -0.244569 0.443081 -0.961450
v -0.243669 -0.205655 0.724363
v -0.237697 -0.164223 -0.765017
v -0.245921 0.437710 -0.964083
v -0.244855 0.438878 -0.960778
v -0.245868 0.438228 -0.964040
v -0.244434 0.441036 -0.962836
v -0.243920 0.440998 -0.962093
v -0.243882 0.439918 -0.963619
v -0.237703 0.444646 0.963833
v -0.237592 0.444291 0.963408
v -0.245296 -0.092864 -0.614045
v -0.234319 0.410693 -0.969195
v -0.234348 0.410693 -0.969304
v -0.241813 0.439934 -0.964157
v -0.242467 0.439751 -0.963288
v -0.243974 0.442217 -0.962111
v -0.193308 -0.221951 -0.453788
v -0.237480 0.427788 -0.968300
v -0.238209 0.431237 0.893788
v -0.239804 0.436556 -0.966138
v -0.237224 0.441962 -0.963551
v -0.242076 0.440930 -0.963468
v -0.237869 0.440482 -0.964097
v -0.236199 0.443075 -0.963383
v -0.244613 -0.206571 0.723178
v -0.232306 -0.161431 -0.768961
v -0.223162 -0.123197 0.594409
v -0.222109 0.304243 -0.963127
v -0.242327 0.422814 -0.881372
v -0.243187 0.420476 -0.881429
v -0.095131 0.451795 -0.973789
v -0.232220 -0.445104 -0.376290
v -0.238554 -0.444964 0.376989
v -0.239915 -0.445158 0.376720
v -0.232033 -0.375280 0.421212
v -0.211467 -0.114772 0.812809
v -0.231375 0.384466 -0.969049
v -0.231410 0.384458 -0.969193
v -0.237133 0.438133 -0.966157
v -0.236626 0.438806 -0.965956
v -0.236626 0.438806 -0.965956
v -0.234868 0.439251 -0.966565
v -0.235649 0.441941 -0.964289
v -0.223720 0.445179 0.968529
v -0.205036 -0.085795 -0.635317
v -0.226694 0.363251 -0.968776
v -0.229530 0.362890 -0.968100
v -0.230671 0.369134 -0.968329
v -0.228469 0.420380 -0.885659
v -0.227124 0.420075 -0.884590
v -0.234235 0.423373 -0.886113
v -0.236024 0.443138 -0.963232
v -0.232176 -0.375608 0.421497
v -0.223008 -0.122733 0.593997
v -0.202807 0.018600 -0.887215
v -0.220561 0.431124 0.896794
v -0.220568 0.431090 0.896831
v -0.231308 0.436272 -0.968178
v -0.232439 0.439990 -0.966315
v -0.228193 0.441974 -0.965664
v -0.230309 0.441174 -0.965083
v -0.232186 -0.444639 0.381143
v -0.234246 -0.445622 0.380715
v -0.232281 -0.161362 -0.768880
v -0.234604 -0.096219 -0.616412
v -0.234376 -0.095635 -0.615815
v -0.223537 0.370261 -0.970070
v -0.225650 0.376616 -0.970068
v -0.218456 0.364407 -0.970410
v -0.223435 0.443568 0.966745
v -0.205050 -0.152004 -0.784788
v -0.203546 0.132237 -0.927773
v -0.218459 0.346913 -0.969138
v -0.225086 0.352522 -0.968214
v -0.225086 0.352522 -0.968214
v -0.225086 0.352522 -0.968214
v -0.207457 0.419063 -0.889303
v -0.228263 0.437734 -0.968323
v -0.223934 0.441714 -0.966263
v -0.225492 0.436670 -0.969657
v -0.228387 -0.206507 0.728603
v -0.175632 -0.201874 0.748633
v -0.205895 0.080973 -0.910935
v -0.222062 0.304273 -0.962924
v -0.217958 -0.445020 0.390207
v -0.207263 -0.444665 -0.390442
v -0.215452 0.258611 -0.956737
v -0.215418 0.258641 -0.956586
v -0.217758 0.325953 -0.966666
v -0.219259 0.323818 -0.966404
v -0.211460 -0.377104 -0.425694
v -0.206091 0.057024 -0.902076
v -0.200385 0.116388 -0.923731
v -0.203073 0.157760 -0.935451
v -0.207821 0.236082 -0.953632
v -0.219335 0.340655 -0.968298
v -0.218418 0.344472 -0.968761
v -0.220188 0.361723 -0.970139
v -0.221450 0.436554 -0.970238
v -0.223325 0.439926 -0.968350
v -0.218706 0.442015 -0.967682
v -0.223702 0.440992 -0.967612
v -0.219079 0.440388 -0.967858
v -0.206852 -0.443435 -0.389463
v -0.194190 0.060663 0.741714
v -0.204374 0.147486 -0.932134
v -0.215937 0.278206 -0.960215
v -0.215972 0.278180 -0.960365
v -0.217694 0.443049 -0.967560
v -0.193105 -0.444981 -0.398087
v -0.212581 -0.123053 0.598503
v -0.215734 0.036098 0.893724
v -0.214022 0.329371 -0.968437
v -0.218535 0.438031 -0.970314
v -0.212617 0.441839 -0.969250
v -0.207718 0.443506 -0.971291
v -0.217175 0.441921 -0.968379
v -0.217450 -0.444796 0.390936
v -0.215016 -0.162350 -0.773612
v -0.215016 -0.162350 -0.773612
v -0.206283 0.218561 -0.950211
v -0.206357 0.216439 -0.949257
v -0.169243 0.422878 -0.983234
v -0.217538 0.443174 -0.967290
v -0.139251 0.447931 0.938887
v -0.211393 -0.378043 -0.424553
v -0.209331 -0.155217 -0.780800
v -0.209377 -0.155349 -0.780964
v -0.205584 0.241445 -0.955322
v -0.204536 0.243159 -0.956033
v -0.208687 0.267387 -0.960013
v -0.208714 0.267363 -0.960141
v -0.211618 0.295428 -0.964172
v -0.211660 0.295397 -0.964364
v -0.195023 0.418076 -0.891031
v -0.208285 0.442999 -0.969067
v -0.207070 -0.375068 0.434308
v -0.212592 -0.376018 0.430569
v -0.212578 -0.123043 0.598494
v -0.204981 -0.085649 -0.635154
v -0.202488 0.062336 -0.904901
v -0.205413 0.082134 -0.911235
v -0.203566 0.132207 -0.927869
v -0.207638 0.231723 -0.952675
v -0.207628 0.419360 -0.889801
v -0.202019 -0.379221 -0.428184
v -0.211384 -0.377156 -0.425424
v -0.201324 0.052197 -0.900482
v -0.201463 0.051950 -0.901107
v -0.200393 0.116379 -0.923766
v -0.195352 -0.374354 0.438063
v -0.205028 -0.151938 -0.784705
v -0.188100 -0.048489 -0.857815
v -0.199157 0.044535 -0.898822
v -0.202870 0.058597 -0.903731
v -0.203073 0.157760 -0.935455
v -0.153405 0.401512 0.888357
v -0.207093 0.441981 -0.970461
v -0.176855 0.444391 0.976763
v -0.206490 -0.377188 -0.428174
v -0.207536 -0.378219 -0.426219
v -0.207432 -0.379184 -0.425332
v -0.196297 0.027602 -0.892348
v -0.204388 0.147465 -0.932198
v -0.207456 0.443152 -0.969438
v -0.202745 0.018721 -0.886934
v -0.201392 0.195466 -0.945618
v -0.203551 0.221271 -0.951712
v -0.197304 0.442802 -0.971918
v -0.196935 0.442860 -0.971368
v -0.201248 -0.377672 -0.426830
v -0.198174 -0.144874 -0.792133
v -0.198166 -0.144847 -0.792099
v -0.201305 -0.119160 0.606430
v -0.201317 -0.119203 0.606468
v -0.196291 0.027613 -0.892321
v -0.184364 -0.379287 -0.435483
v -0.213050 -0.229991 -0.711959
v -0.193327 0.011953 -0.885553
v -0.193344 0.011929 -0.885605
v -0.199051 0.044728 -0.898335
v -0.193156 0.418858 -0.892164
v -0.194019 0.435682 -0.976136
v -0.185844 -0.255159 0.687804
v -0.080427 0.234985 -0.975097
v -0.169511 0.430267 0.907201
v -0.169366 0.430054 0.907603
v -0.196857 0.441979 -0.972515
v -0.195874 -0.375427 0.439174
v -0.187707 -0.010289 -0.876203
v -0.189520 -0.009071 -0.876977
v -0.193032 -0.002130 -0.879419
v -0.193073 -0.002219 -0.879606
v -0.118917 0.071166 -0.924928
v -0.197228 0.443174 -0.971472
v -0.188362 -0.138624 -0.799411
v -0.192427 -0.016093 -0.873344
v -0.191276 0.436634 -0.976342
v -0.193324 0.439018 -0.974988
v -0.192895 0.440243 -0.974428
v -0.193095 0.442445 -0.972011
v -0.190208 -0.445145 0.404371
v -0.195692 -0.445755 0.403129
v -0.193372 -0.445926 -0.398176
v -0.181387 -0.118398 0.612915
v -0.133791 0.078451 -0.759938
v -0.190711 0.437786 -0.973895
v -0.177994 -0.443836 -0.406255
v -0.177766 -0.442980 -0.405280
v -0.187150 -0.146974 -0.793278
v -0.187169 -0.147038 -0.793358
v -0.188366 -0.138636 -0.799427
v -0.180071 -0.118697 0.613390
v -0.188019 -0.048283 -0.857439
v -0.126289 -0.052562 0.686443
v -0.229335 -0.016991 -0.682603
v -0.135302 0.346707 -0.986052
v -0.187838 0.438088 -0.976448
v -0.176737 0.444128 0.976430
v -0.187549 -0.444254 0.405274
v -0.090389 -0.181776 -0.556021
v -0.182353 -0.034731 -0.865955
v -0.182353 -0.034729 -0.865952
v -0.167184 0.417073 -0.895078
v -0.188096 0.437867 -0.976502
v -0.184428 -0.379363 -0.435626
v -0.120757 -0.113687 -0.632737
v -0.076003 0.429311 0.920407
v -0.175873 0.442306 -0.976116
v -0.161056 -0.099075 -0.833368
v -0.169922 -0.065039 -0.851834
v -0.172615 -0.059224 -0.854335
v -0.172637 -0.059274 -0.854424
v -0.174951 0.443074 -0.975898
v -0.163137 -0.089675 -0.838597
v -0.174008 -0.077245 -0.843791
v -0.172775 -0.078619 -0.843655
v -0.172810 -0.075102 -0.845746
v -0.164500 -0.075224 -0.847296
v -0.170832 0.439078 -0.979113
v -0.177870 -0.445351 0.410208
v -0.177652 -0.444472 0.409431
v -0.155596 -0.313188 -0.599380
v -0.148664 -0.125114 -0.818256
v -0.181439 -0.075423 -0.650850
v -0.182366 -0.074360 -0.651522
v -0.173896 -0.066426 -0.850530
v -0.135633 0.186023 0.808766
v -0.174972 0.441058 -0.977232
v -0.173840 0.443410 -0.976662
v -0.174515 -0.374512 0.447926
v -0.171732 -0.119382 0.614688
v -0.159876 0.437495 -0.981798
v -0.167993 -0.138856 -0.803995
v -0.174543 0.442284 -0.976467
v -0.167956 -0.138731 -0.803829
v -0.165641 -0.071420 -0.849689
v -0.169895 -0.065053 -0.851987
v -0.157653 0.272195 -0.834391
v -0.170828 0.439054 -0.979072
v -0.170411 0.440258 -0.978535
v -0.157922 -0.114765 0.622603
v -0.150051 -0.113814 -0.825300
v -0.158466 -0.112716 -0.825111
v -0.166152 -0.107280 -0.827036
v -0.166152 -0.107280 -0.827036
v -0.165163 -0.079468 -0.844725
v -0.165454 -0.084766 -0.841500
v -0.165276 -0.091435 -0.837558
v -0.164822 0.374954 -0.872788
v -0.168361 0.442238 -0.977802
v -0.169068 -0.444330 0.412912
v -0.095218 -0.268186 -0.690626
v -0.157026 0.368668 -0.871317
v -0.165400 0.416342 -0.895536
v -0.164721 0.442504 -0.978634
v -0.160984 -0.098846 -0.833013
v -0.176932 -0.441308 0.413045
v -0.138957 -0.380327 -0.451105
v -0.138969 -0.380142 -0.450606
v -0.151898 -0.130493 -0.813446
v -0.157333 -0.115423 0.621879
v 0.001635 0.442373 -0.939484
v -0.156470 -0.062876 -0.667350
v -0.156511 -0.063014 -0.667531
v -0.171022 -0.069331 -0.658283
v -0.171076 -0.069509 -0.658498
v -0.158617 0.440897 -0.980128
v -0.154131 0.443159 -0.978648
v -0.156562 0.441961 -0.976868
v -0.138152 0.444294 0.981722
v -0.138183 0.444578 0.982013
v -0.141407 -0.376972 0.456628
v -0.138382 -0.376829 0.458205
v -0.136836 0.144920 -0.789018
v -0.158572 0.439048 -0.981130
v -0.156974 0.442660 -0.979180
v -0.168754 -0.444100 0.413142
v -0.156183 -0.445494 0.417638
v -0.155578 -0.444334 0.417912
v -0.096636 -0.363050 -0.486768
v -0.083643 -0.242794 0.406987
v -0.158142 0.440261 -0.980588
v -0.153557 0.439754 -0.978388
v -0.092168 -0.228418 -0.464215
v -0.149156 -0.113925 -0.826172
v -0.148612 -0.124918 -0.817982
v -0.128698 -0.129121 0.820261
v -0.158452 0.392174 -0.882190
v -0.158724 0.391611 -0.881791
v -0.151461 0.441914 -0.980596
v -0.156348 -0.130644 -0.812622
v -0.153713 0.285929 -0.840152
v -0.153715 0.285924 -0.840167
v -0.146911 0.269718 -0.835360
v -0.146918 0.269704 -0.835398
v -0.121967 0.414737 -0.901492
v -0.151976 0.442976 -0.979696
v -0.079589 -0.209527 0.505690
v -0.151279 -0.200224 0.754589
v -0.141482 -0.132286 -0.814234
v -0.143066 -0.131366 -0.813281
v -0.130048 -0.115364 0.628010
v -0.154330 0.398898 -0.886390
v -0.154585 0.396998 -0.885306
v -0.156601 0.403150 -0.888779
v -0.153045 0.393117 -0.883574
v -0.156196 0.409342 -0.892494
v -0.155376 0.410326 -0.893297
v -0.152758 0.410276 -0.893701
v -0.152143 0.405542 -0.890654
v -0.149552 0.402521 -0.889312
v -0.155466 0.404364 -0.889435
v -0.153179 0.404030 -0.889617
v -0.151315 0.406369 -0.891388
v -0.148786 0.406242 -0.891731
v -0.147848 0.407182 -0.892480
v -0.147023 0.408328 -0.893366
v -0.144996 0.408195 -0.893612
v -0.145724 0.406634 -0.892550
v -0.146234 0.440704 -0.982142
v -0.126221 -0.135884 -0.814662
v -0.130039 -0.115314 0.627961
v -0.135247 -0.059189 -0.674779
v -0.156831 0.374769 -0.874942
v -0.139984 0.444189 -0.980955
v -0.146081 -0.444613 0.420046
v -0.146116 -0.444761 0.420151
v -0.135209 -0.059035 -0.674575
v -0.136859 0.414293 -0.899483
v -0.146739 0.414264 -0.897469
v -0.144698 0.414269 -0.897803
v -0.138454 0.415257 -0.900086
v -0.124475 0.443609 -0.984285
v -0.139738 0.442908 -0.980269
v -0.129313 -0.442738 -0.423215
v -0.129385 -0.442965 -0.423503
v -0.123443 -0.195693 0.764169
v -0.076011 0.429420 0.920180
v -0.142567 0.441640 -0.982079
v -0.142457 0.441754 -0.982911
v -0.140072 0.442946 -0.981498
v -0.141454 -0.377719 0.457364
v -0.141747 -0.376555 0.457589
v -0.141662 -0.377015 0.458110
v -0.129783 -0.049904 -0.682574
v -0.133327 0.102450 -0.770343
v -0.144152 0.409378 -0.894518
v -0.146421 0.414022 -0.897710
v -0.140414 0.405202 -0.892444
v -0.137254 0.442101 -0.982589
v -0.120233 0.444068 -0.984779
v -0.132746 0.443520 -0.982072
v -0.129650 0.444303 -0.982368
v -0.135191 -0.377056 0.457642
v -0.074684 0.075585 0.770038
v -0.133535 0.079087 -0.758663
v -0.127261 0.086750 -0.763642
v -0.127272 0.086718 -0.763707
v -0.126259 -0.136076 -0.814931
v -0.125902 -0.002478 -0.714313
v -0.125970 -0.002747 -0.714744
v -0.098627 -0.434878 -0.436211
v -0.113913 -0.138072 -0.814691
v -0.118919 -0.111854 0.633531
v -0.129768 -0.049842 -0.682490
v -0.127826 0.047003 -0.743183
v -0.127856 0.043393 -0.741324
v -0.133651 0.043228 -0.740566
v -0.129272 0.037601 -0.737854
v -0.127613 0.102504 -0.771227
v -0.128563 0.101938 -0.773630
v -0.131828 0.110122 -0.774076
v -0.131828 0.110122 -0.774076
v -0.133045 0.101845 -0.769960
v -0.106554 0.436795 -0.990960
v -0.104898 0.444116 0.986635
v -0.104998 0.443882 0.986349
v -0.102214 -0.444579 0.432079
v -0.118886 -0.111670 0.633348
v -0.116315 -0.047428 -0.686555
v -0.117389 -0.047533 -0.686287
v -0.130977 0.138755 -0.787134
v -0.130999 0.138701 -0.787257
v -0.125270 0.029872 -0.734005
v -0.125271 0.029876 -0.733999
v -0.104299 0.417889 -0.906142
v -0.128176 0.003603 -0.718385
v -0.102666 0.168213 -0.805689
v -0.107265 -0.443143 -0.429159
v -0.106920 -0.443275 -0.429312
v -0.096840 -0.397800 -0.452580
v -0.113927 -0.138154 -0.814799
v -0.119522 -0.024884 -0.701533
v -0.119627 -0.025319 -0.702172
v -0.128246 0.003364 -0.718781
v -0.084553 -0.452105 -0.422899
v -0.110520 -0.376827 0.465623
v -0.107938 -0.053215 -0.683576
v -0.107929 -0.053170 -0.683513
v -0.105270 0.443175 -0.985393
v -0.105727 -0.402365 -0.448743
v -0.110480 -0.376648 0.465451
v -0.104305 0.417858 -0.906184
v -0.104765 0.441962 -0.986829
v -0.096282 -0.437331 -0.430407
v -0.104388 -0.408706 -0.446014
v -0.104264 -0.396428 -0.451362
v -0.101590 -0.399071 -0.450787
v -0.105162 0.443162 -0.985854
v -0.106038 -0.195476 0.766377
v -0.105947 -0.194801 0.765658
v -0.015569 -0.130395 0.624908
v -0.093541 -0.109504 0.638066
v -0.093574 -0.109788 0.638336
v -0.075358 -0.074794 -0.863238
v -0.104548 0.442106 -0.986782
v -0.050902 -0.452143 0.431366
v -0.098559 -0.434738 -0.435927
v -0.096683 -0.417582 -0.443565
v -0.097507 -0.420887 -0.442426
v -0.101838 -0.415116 -0.443872
v -0.100717 -0.415113 -0.444113
v -0.098989 -0.390953 -0.456302
v -0.097278 -0.384952 -0.460240
v -0.090191 -0.385772 -0.461014
v -0.095050 -0.382466 -0.461221
v -0.096336 -0.384142 -0.459756
v -0.090426 -0.145089 -0.812588
v -0.099188 -0.438880 -0.433718
v -0.095425 -0.393230 -0.454895
v -0.097868 -0.389652 -0.456070
v -0.097359 -0.387773 -0.457266
v -0.093507 -0.056704 -0.683305
v -0.093483 -0.056559 -0.683116
v -0.102306 -0.444873 0.432335
v -0.079118 -0.442778 -0.435448
v -0.095636 -0.398482 -0.452316
v -0.098476 -0.376993 0.467490
v -0.088372 -0.378004 0.467391
v -0.084360 0.443760 -0.987545
v -0.090094 -0.439722 -0.435949
v -0.093355 -0.438676 -0.435042
v -0.094719 -0.439157 -0.434498
v -0.091858 -0.390114 -0.457104
v -0.086312 -0.109461 0.640013
v -0.086298 -0.109336 0.639880
v -0.010013 0.171589 0.814705
v -0.081849 -0.443165 -0.434515
v -0.090476 -0.387880 -0.458598
v -0.024739 -0.258746 -0.343218
v -0.082488 -0.058084 -0.683137
v -0.082919 -0.059649 -0.685610
v -0.019978 0.003643 0.734612
v -0.089190 -0.438988 -0.435760
v -0.086790 -0.382020 -0.463191
v -0.089086 -0.384293 -0.461135
v -0.089644 -0.383412 -0.461618
v -0.088939 -0.443992 0.435417
v -0.071597 -0.381410 -0.466174
v -0.085129 -0.382196 -0.463840
v -0.085262 -0.382374 -0.463220
v -0.090455 -0.145271 -0.812815
v -0.084384 0.443436 -0.987213
v 0.189311 -0.264216 -0.022753
v -0.072397 -0.147243 -0.812022
v -0.072397 -0.147228 -0.811996
v -0.072249 -0.100272 0.650498
v -0.011758 0.083889 -0.935514
v -0.081627 0.444575 0.990713
v -0.054847 -0.379307 -0.470530
v -0.072252 -0.100305 0.650532
v -0.081543 0.444132 0.990075
v -0.059250 -0.381500 -0.467664
v -0.083232 -0.212065 -0.758802
v -0.066305 0.444137 -0.989113
v -0.076518 -0.445022 0.437294
v -0.076416 -0.444966 0.437248
v -0.030287 -0.379220 -0.470580
v -0.066708 -0.157443 -0.805211
v -0.067300 -0.156400 -0.805904
v -0.067300 -0.156400 -0.805904
v 0.028363 -0.036009 -0.886654
v -0.077041 -0.061648 -0.680786
v -0.077052 -0.061739 -0.680902
v 0.003102 0.338778 -0.994359
v -0.068112 0.427897 0.918833
v -0.068112 0.427928 0.918799
v -0.080532 0.419214 -0.910127
v -0.066277 0.443778 -0.989117
v -0.058912 -0.101755 0.650059
v -0.058909 -0.101729 0.650029
v 0.027140 -0.128663 -0.627372
v -0.059794 -0.068168 -0.677625
v -0.060074 -0.067250 -0.678349
v -0.055251 -0.443211 0.441266
v -0.055157 -0.442556 0.440514
v 0.045946 0.438969 0.933515
v -0.058644 -0.152342 -0.809795
v -0.059663 -0.150064 -0.811555
v -0.061940 0.443178 -0.989872
v -0.059112 0.443951 -0.989367
v -0.055186 -0.379190 -0.470222
v -0.053685 -0.161422 -0.802931
v -0.047914 -0.159003 -0.805135
v -0.050541 -0.155719 -0.807775
v -0.023727 0.366686 0.885818
v -0.048676 -0.382130 -0.468614
v -0.047967 -0.381179 -0.469418
v -0.029997 -0.073276 -0.675492
v 0.007484 -0.090573 0.664520
v -0.026718 0.444245 -0.990985
v -0.030389 0.444852 -0.990945
v -0.046030 0.444660 -0.989440
v -0.028705 -0.442864 -0.441031
v -0.039614 -0.162293 -0.803141
v -0.041545 -0.095307 0.657441
v -0.041545 -0.095314 0.657450
v -0.023365 -0.420710 0.318081
v -0.043361 -0.380269 -0.470561
v -0.041346 -0.380597 -0.470478
v 0.062416 -0.236713 -0.444553
v -0.039615 -0.162299 -0.803148
v -0.091818 0.371701 -0.881483
v 0.051715 -0.454315 0.423047
v -0.042154 -0.443501 0.442875
v -0.033588 -0.379665 -0.471644
v -0.020495 -0.399371 0.216196
v 0.108325 -0.253926 0.338560
v -0.020602 -0.093339 0.660181
v -0.028933 -0.074196 -0.674591
v -0.028861 -0.443287 -0.441566
v 0.043588 -0.196638 -0.535186
v 0.007923 -0.444236 -0.442468
v -0.027063 -0.381581 -0.470737
v -0.033318 0.418948 -0.912531
v -0.033945 0.419000 -0.912160
v -0.060033 0.453451 0.977183
v -0.020601 -0.093316 0.660157
v 0.022066 0.426809 0.918969
v -0.033112 -0.379104 -0.472344
v 0.055764 -0.137688 -0.823362
v 0.016307 0.429755 -0.999322
v 0.022722 -0.379592 -0.473098
v 0.066495 -0.273586 -0.687747
v 0.027795 -0.041754 -0.700423
v -0.012218 -0.071952 -0.677008
v -0.012218 -0.071963 -0.677022
v -0.026421 -0.317852 -0.609022
v 0.020940 -0.181541 0.558183
v -0.000800 -0.163401 -0.803203
v 0.022683 0.052753 -0.758841
v -0.002697 -0.077508 -0.672816
v 0.060570 0.185539 -0.816172
v 0.007913 -0.443107 -0.441148
v -0.002696 -0.077285 -0.672542
v -0.009847 0.383653 -0.890828
v 0.073254 0.444359 -0.988782
v 0.023047 -0.378934 -0.472367
v -0.000803 -0.163582 -0.803424
v -0.013498 0.421143 -0.914868
v -0.009723 0.419990 -0.913692
v -0.001720 0.421034 -0.914573
v -0.000738 0.421832 -0.915232
v 0.002598 0.420925 -0.914576
v 0.032120 0.444188 0.992057
v 0.031650 0.444278 0.992236
v 0.011165 -0.088500 0.665256
v 0.091065 -0.364514 -0.486987
v 0.064112 -0.262238 0.227497
v 0.012184 -0.076072 -0.673549
v 0.012184 -0.076086 -0.673564
v 0.018555 -0.171820 -0.796424
v 0.119111 0.292205 -0.981835
v 0.018550 -0.171615 -0.796183
v 0.109120 0.145424 -0.949240
v 0.011742 0.442936 0.993174
v 0.011742 0.442936 0.993174
v 0.011142 0.442014 0.993874
v 0.011319 0.441885 0.993925
v 0.023451 -0.443284 -0.441311
v 0.055583 -0.079598 0.670953
v 0.022152 0.425470 0.920134
v 0.022579 -0.444724 -0.441547
v 0.013946 0.430776 0.999691
v 0.026373 -0.085911 -0.665230
v 0.008608 0.419322 -0.913146
v 0.049672 0.422377 -0.914839
v 0.117879 -0.228477 0.452269
v 0.040385 -0.173469 -0.794378
v 0.118201 0.385673 0.887288
v 0.216433 0.452013 -0.953522
v 0.041226 -0.172967 -0.795141
v 0.032441 0.443952 0.991462
v 0.127293 0.066666 -0.922095
v 0.073548 0.424913 0.915570
v 0.043717 -0.444615 -0.439508
v 0.042855 -0.084432 -0.665612
v 0.048676 -0.087568 -0.661980
v 0.037230 -0.086252 -0.664418
v 0.029620 -0.087162 -0.664015
v 0.061416 0.444055 -0.989826
v 0.043692 -0.444467 -0.439056
v 0.127298 -0.230063 -0.734011
v 0.044727 -0.083238 0.667750
v 0.124593 -0.039922 -0.693452
v 0.122448 0.379213 -0.881969
v 0.072654 0.425290 0.915908
v 0.047404 -0.087602 -0.662644
v 0.047527 -0.083578 -0.666292
v 0.080701 0.127414 0.793355
v 0.078139 0.446354 -0.988516
v 0.043190 -0.444324 -0.439354
v 0.047577 -0.176702 -0.791201
v 0.052886 -0.086802 0.664635
v 0.049330 -0.085910 0.665512
v 0.053133 -0.085728 0.665401
v 0.047323 -0.083933 0.667326
v 0.049451 0.422057 -0.914411
v 0.050089 -0.442993 -0.439800
v 0.058949 -0.379603 -0.471512
v 0.050770 -0.084564 -0.665006
v 0.062335 -0.076523 0.676421
v 0.059948 -0.443886 -0.437927
v 0.068431 -0.179457 -0.787688
v 0.134685 -0.178183 0.551796
v 0.130709 -0.123202 0.622751
v 0.054913 -0.079815 0.670406
v 0.060930 0.441046 0.992521
v 0.065770 -0.444522 -0.436080
v 0.068157 -0.443605 -0.438032
v 0.058801 -0.378460 -0.469325
v 0.061577 -0.092756 -0.657176
v 0.061583 -0.092813 -0.657242
v 0.062099 -0.081628 0.667452
v 0.062992 -0.081752 0.668098
v 0.058658 -0.080710 0.669356
v 0.058658 -0.080710 0.669356
v 0.068884 0.443879 0.990083
v 0.060868 0.443046 0.991060
v 0.060868 0.443046 0.991060
v 0.068420 -0.179316 -0.787524
v 0.063627 -0.075901 0.673078
v 0.060256 0.442054 0.991844
v 0.060469 0.441923 0.991882
v 0.148043 0.000162 0.717358
v 0.102121 0.421786 0.909501
v 0.146278 0.412566 -0.987446
v 0.220249 0.444783 -0.920300
v 0.082869 -0.376775 -0.468488
v 0.070702 -0.075575 0.672940
v 0.068576 -0.075998 0.672574
v 0.082301 -0.078063 0.669436
v 0.124444 -0.424154 0.305951
v 0.075686 -0.089756 -0.658623
v 0.069379 -0.444351 -0.436111
v 0.075685 -0.089747 -0.658611
v 0.074600 0.440138 0.991846
v 0.074802 0.440245 0.991754
v 0.071010 0.440494 0.988037
v 0.081111 -0.445604 -0.433352
v 0.081484 -0.445235 -0.433905
v 0.084663 -0.182356 -0.783545
v 0.104567 -0.071130 0.672939
v 0.080736 -0.444990 -0.433798
v 0.075268 0.439084 0.992224
v 0.086470 0.441618 0.988943
v 0.090332 0.442344 0.989545
v 0.091804 0.445339 0.988290
v 0.081815 -0.444714 -0.434227
v 0.112296 -0.376503 -0.461186
v 0.097689 -0.377825 -0.465128
v 0.091216 -0.443332 -0.431155
v 0.093206 -0.444710 -0.432732
v 0.192900 -0.241607 -0.389751
v 0.084643 -0.182195 -0.783357
v 0.091647 -0.078449 0.668092
v 0.088500 -0.078726 0.668238
v 0.093140 0.423351 0.912605
v 0.093855 0.422980 0.911967
v 0.083060 -0.377185 -0.468359
v 0.099641 -0.376801 -0.465918
v 0.174704 -0.154231 -0.574691
v 0.092264 -0.097118 -0.650135
v 0.092250 -0.097023 -0.650029
v 0.091483 0.442935 0.987118
v 0.103859 -0.095992 -0.649579
v 0.165096 -0.451696 -0.402065
v 0.094129 0.441643 0.989260
v 0.114494 0.444528 -0.983606
v 0.093801 -0.444538 -0.431546
v 0.097457 -0.378971 -0.465493
v 0.097682 -0.079370 0.666590
v 0.097682 -0.079370 0.666590
v 0.092310 -0.078268 0.668164
v 0.104547 -0.071018 0.672797
v 0.118103 0.423890 -0.909427
v 0.101493 0.441291 0.987287
v 0.097554 0.440338 0.989680
v 0.106679 -0.183150 -0.780379
v 0.093632 -0.444883 -0.430767
v 0.101386 -0.443838 -0.429688
v 0.102418 -0.445504 -0.429441
v 0.104155 -0.445183 -0.429129
v 0.106345 -0.182100 -0.782272
v 0.111081 0.442901 0.987830
v 0.103234 0.444532 0.986190
v 0.101508 -0.445000 -0.429545
v 0.105566 -0.379227 -0.462406
v 0.120058 0.425022 0.910827
v 0.128578 -0.378290 -0.457580
v 0.103804 -0.095671 -0.649221
v 0.107694 -0.184846 -0.778860
v 0.119746 0.422701 0.908615
v 0.118086 0.424017 -0.909249
v 0.111335 0.444194 0.985793
v 0.113416 -0.377299 -0.462997
v 0.114220 -0.377086 -0.462542
v 0.153797 0.158428 0.795071
v 0.118143 0.421498 0.907927
v 0.111580 0.443602 0.986059
v 0.115133 -0.377935 -0.461667
v 0.114199 -0.378083 -0.461929
v 0.119210 -0.186444 -0.775746
v 0.119181 -0.186259 -0.775543
v 0.118313 -0.444877 -0.426052
v 0.118701 -0.445626 -0.426836
v 0.158374 -0.123915 -0.820785
v 0.126808 -0.097970 -0.643726
v 0.126826 -0.098076 -0.643843
v 0.128137 -0.066743 0.672053
v 0.128184 -0.066971 0.672335
v 0.114474 0.444395 -0.983479
v 0.124179 0.443040 0.985060
v 0.123913 0.442016 0.985740
v 0.124303 0.443287 0.984807
v 0.124320 0.443222 0.984816
v 0.124879 0.442484 0.985294
v 0.127460 -0.186189 -0.774489
v 0.127484 -0.186321 -0.774634
v 0.131282 -0.446393 -0.421368
v 0.126491 -0.445286 -0.423942
v 0.128496 -0.377620 -0.458253
v 0.130150 -0.377992 -0.457491
v 0.136528 0.423577 0.906560
v 0.143309 0.424039 0.906499
v 0.126618 -0.444263 -0.423336
v 0.169979 -0.057930 0.671570
v 0.136690 0.423754 -0.907022
v 0.148098 0.421283 0.902639
v 0.124287 0.442239 0.986069
v 0.147858 0.439562 0.984774
v 0.132632 0.441112 0.985158
v 0.147930 0.445962 -0.980516
v 0.126220 -0.445794 -0.422520
v 0.126348 -0.444972 -0.422471
v 0.132227 -0.444595 -0.421996
v 0.134512 -0.445119 -0.420788
v 0.130578 -0.378790 -0.456652
v 0.134274 -0.377803 -0.457119
v 0.136608 -0.376328 -0.457266
v 0.141519 0.442948 0.984028
v 0.145997 0.441257 0.980837
v 0.144532 -0.378697 -0.452287
v 0.142489 -0.103673 -0.637068
v 0.140999 -0.101643 -0.637407
v 0.174287 0.426063 -0.901782
v 0.147214 0.444540 -0.978804
v 0.172651 -0.203887 -0.498728
v 0.142535 -0.063880 0.671716
v 0.133555 0.166212 -0.799779
v 0.239098 0.444931 0.910917
v 0.240781 -0.137256 0.576243
v 0.150867 -0.376640 -0.452653
v 0.171260 -0.012224 -0.881474
v 0.192611 0.049017 0.734521
v 0.152483 0.423384 0.904773
v 0.145091 -0.444176 -0.418478
v 0.145076 -0.444091 -0.418400
v 0.144960 -0.378732 -0.452538
v 0.295470 -0.257420 -0.169404
v 0.142564 -0.063987 0.671853
v 0.148910 0.424502 -0.905473
v 0.148933 0.424370 -0.905621
v 0.174959 0.427205 -0.903470
v 0.148230 0.440197 0.983607
v 0.266282 0.452357 0.944880
v 0.150488 -0.377119 -0.452275
v 0.150642 -0.376242 -0.453088
v 0.154513 -0.189804 -0.766441
v 0.245219 -0.170050 -0.529582
v 0.156289 -0.099300 -0.635691
v 0.151223 -0.377701 -0.452264
v 0.157138 0.443016 0.980830
v 0.163257 0.440640 0.979827
v 0.157404 -0.443964 -0.413644
v 0.157468 -0.444250 -0.413902
v 0.228367 -0.246516 0.332171
v 0.152672 -0.187840 -0.768562
v 0.155030 -0.097952 -0.637740
v 0.172482 -0.439293 -0.412440
v 0.154078 -0.194013 -0.763690
v 0.163116 0.421696 0.900866
v 0.172949 -0.376542 -0.444618
v 0.172994 -0.376659 -0.444733
v 0.202928 -0.286428 -0.636996
v 0.161799 -0.189992 -0.764613
v 0.163110 0.421713 0.900837
v 0.156848 0.442932 0.980446
v 0.162351 -0.100434 -0.633232
v 0.167357 -0.063715 0.666932
v 0.163535 -0.062315 0.668946
v 0.172280 -0.102736 -0.628636
v 0.192028 -0.048302 0.673039
v 0.162212 0.438233 0.983113
v 0.160779 0.440016 0.981664
v 0.159979 0.442402 0.980337
v 0.161146 0.441042 0.981046
v 0.160818 0.441688 0.980677
v 0.161146 0.441042 0.981046
v 0.193425 0.451298 0.964289
v 0.247534 -0.450665 0.330772
v 0.166136 -0.444606 -0.410740
v 0.166035 -0.444315 -0.410473
v 0.161742 -0.189743 -0.764346
v 0.157324 0.443794 0.979726
v 0.167155 0.441423 0.979865
v 0.165706 -0.100908 -0.632271
v 0.169898 -0.057651 0.671201
v 0.173574 0.424435 -0.902228
v 0.161071 0.439911 0.981943
v 0.162026 0.439844 0.981560
v 0.167161 0.438716 0.981359
v 0.166478 0.439669 0.980822
v 0.172929 0.442435 0.978322
v 0.167861 0.441910 0.979419
v 0.167974 0.441094 0.977385
v 0.189315 -0.104720 -0.622463
v 0.171264 -0.189560 -0.762401
v 0.171280 -0.189632 -0.762475
v 0.170519 -0.064428 0.665755
v 0.183264 0.421341 0.896551
v 0.181209 0.444886 -0.972870
v 0.181171 0.444706 -0.972674
v 0.177404 -0.443963 -0.405714
v 0.177414 -0.443993 -0.405705
v 0.182946 -0.055680 0.669295
v 0.244425 -0.025941 -0.669884
v 0.199794 0.139869 0.776006
v 0.167046 0.441100 0.980028
v 0.173087 0.439765 0.978709
v 0.173443 0.440099 0.979468
v 0.172164 0.442428 0.978254
v 0.172916 0.441377 0.978406
v 0.195690 -0.190676 -0.756344
v 0.248703 0.177714 -0.931337
v 0.169604 0.443770 0.977694
v 0.172066 0.442702 0.978104
v 0.183210 0.421547 0.896296
v 0.177718 0.438324 0.979494
v 0.178187 0.439252 0.978016
v 0.177718 0.438324 0.979494
v 0.181296 -0.055702 0.669952
v 0.184112 -0.056822 0.668382
v 0.190811 -0.011415 0.698487
v 0.178875 0.441613 0.977655
v 0.179172 0.441037 0.975869
v 0.195662 -0.190578 -0.756235
v 0.195558 -0.022619 0.689665
v 0.192806 0.070825 0.745339
v 0.184008 0.425536 -0.900097
v 0.181690 0.431420 0.979697
v 0.180506 0.438132 0.979019
v 0.195228 -0.444969 -0.397560
v 0.187639 -0.376923 -0.437439
v 0.220123 -0.366204 -0.439494
v 0.177058 -0.103061 -0.627025
v 0.179877 0.440238 0.978440
v 0.185161 0.439290 0.976230
v 0.189244 -0.104484 -0.622223
v 0.186101 -0.052545 0.671159
v 0.191272 0.048338 0.733686
v 0.197699 0.096010 0.756556
v 0.185726 0.439871 0.977711
v 0.186122 0.441350 0.976493
v 0.186430 0.438023 0.973115
v 0.189084 -0.378217 -0.436108
v 0.192028 0.027766 0.721957
v 0.195583 0.422253 0.894668
v 0.196136 0.421630 0.894356
v 0.181610 0.442932 0.976224
v 0.190533 0.442462 0.974718
v 0.189786 0.443148 0.974588
v 0.192028 0.445340 0.972194
v 0.205146 -0.056063 0.663225
v 0.190821 -0.053542 0.668953
v 0.189948 -0.051296 0.671118
v 0.190626 -0.053242 0.669026
v 0.190830 -0.012860 0.697876
v 0.192791 0.070856 0.745280
v 0.193072 0.082441 0.751058
v 0.193088 0.082412 0.751119
v 0.190309 0.437821 0.977749
v 0.226416 -0.421722 0.224260
v 0.194274 -0.041139 0.677180
v 0.193808 -0.035878 0.680865
v 0.192699 -0.031953 0.684020
v 0.195557 -0.021375 0.690134
v 0.193756 -0.016519 0.693751
v 0.194693 0.020492 0.716608
v 0.194127 0.018929 0.716197
v 0.195952 0.030352 0.722375
v 0.196535 0.052234 0.735252
v 0.195081 0.112951 0.764726
v 0.195332 0.131741 0.772824
v 0.201274 0.148911 0.779308
v 0.192480 0.437162 0.977209
v 0.190144 0.438736 0.977098
v 0.190218 0.439960 0.976673
v 0.191621 0.444005 0.973543
v 0.195136 -0.444754 -0.397368
v 0.195082 0.112945 0.764742
v 0.197435 0.127030 0.770787
v 0.233169 0.207256 -0.793298
v 0.197617 -0.377616 -0.435369
v 0.198190 0.025263 0.719804
v 0.197120 0.030428 0.722164
v 0.197120 0.030428 0.722164
v 0.197781 0.095867 0.756862
v 0.199931 0.159538 0.784211
v 0.190972 0.441361 0.973959
v 0.190464 0.441674 0.975528
v 0.196253 0.439971 0.975485
v 0.214670 0.444674 -0.966546
v 0.214549 0.444162 -0.965985
v 0.200862 0.443026 0.972494
v 0.199669 -0.375801 -0.431559
v 0.197375 -0.377637 -0.433829
v 0.201089 -0.377064 -0.432814
v 0.197269 -0.375613 -0.434320
v 0.213358 -0.197076 -0.744933
v 0.228752 -0.202826 0.478675
v 0.281409 -0.002505 0.676234
v 0.199935 0.159534 0.784223
v 0.198426 0.171069 0.789214
v 0.198496 0.170951 0.789493
v 0.217523 0.378939 0.865085
v 0.192086 0.443090 0.974240
v 0.200223 0.442083 0.973795
v 0.200121 0.443277 0.972614
v 0.200106 0.443224 0.972576
v 0.202741 -0.444335 -0.394294
v 0.202745 -0.444362 -0.394321
v 0.271322 -0.227226 0.390307
v 0.211286 -0.106921 -0.613109
v 0.207419 -0.107065 -0.614154
v 0.231007 -0.072661 0.643048
v 0.213215 -0.104111 -0.616468
v 0.206004 0.138898 0.773694
v 0.201218 0.149004 0.779090
v 0.211467 0.246627 0.816163
v 0.212517 0.303344 0.837171
v 0.214393 0.331246 0.847110
v 0.213298 0.352635 0.855382
v 0.204932 0.420175 0.890772
v 0.202438 0.445237 0.970384
v 0.245986 -0.319687 -0.554884
v 0.205097 -0.055934 0.663057
v 0.209493 0.222649 0.807331
v 0.209515 0.222617 0.807417
v 0.212396 0.279421 0.828194
v 0.223188 0.397523 0.872154
v 0.201964 0.444062 0.971503
v 0.202434 0.445192 0.970332
v 0.209218 -0.193110 -0.749452
v 0.209276 -0.193300 -0.749650
v 0.206958 0.175510 0.789007
v 0.206954 0.175516 0.788993
v 0.240418 0.419368 0.881217
v 0.236394 0.445756 -0.964718
v 0.212963 -0.444390 -0.389245
v 0.208008 -0.376794 -0.427946
v 0.207865 -0.376740 -0.427962
v 0.217003 0.322019 0.842646
v 0.216914 0.322138 0.842322
v 0.252689 0.367009 -0.848951
v 0.299643 0.410213 -0.952820
v 0.224746 0.418835 0.885145
v 0.210192 0.418514 0.888716
v 0.198708 0.440014 0.974720
v 0.200823 0.441742 0.973510
v 0.211022 0.443005 0.970444
v 0.212912 -0.444217 -0.389078
v 0.249340 -0.082027 -0.824681
v 0.211448 0.246656 0.816087
v 0.212385 0.279438 0.828151
v 0.202420 0.443043 0.972288
v 0.210393 0.443295 0.970762
v 0.210300 0.443252 0.970508
v 0.221473 -0.065654 0.650593
v 0.212399 0.303516 0.836707
v 0.214416 0.331214 0.847196
v 0.212780 0.418488 0.888425
v 0.210434 0.442028 0.971775
v 0.216021 -0.197484 -0.743242
v 0.216259 0.260977 0.820241
v 0.216297 0.260920 0.820396
v 0.215537 0.298143 0.834120
v 0.214159 0.295181 0.833783
v 0.214229 0.358440 0.856937
v 0.213172 0.361884 0.858950
v 0.213172 0.361884 0.858950
v 0.212141 0.444279 0.969241
v 0.212615 0.445195 0.968320
v 0.214329 -0.376710 -0.425306
v 0.214389 -0.376899 -0.425486
v 0.217437 -0.108353 -0.608763
v 0.221580 -0.065917 0.650924
v 0.217559 0.345152 0.851645
v 0.217543 0.345178 0.851576
v 0.216652 0.370492 0.863158
v 0.218472 0.379632 0.864996
v 0.222243 0.311000 0.837630
v 0.217215 0.366713 0.859869
v 0.218428 0.367308 0.859807
v 0.211716 0.442184 0.971455
v 0.211057 0.441710 0.971461
v 0.282091 -0.415091 -0.072888
v 0.232736 -0.194377 -0.742170
v 0.262324 0.076596 -0.895553
v 0.221861 0.313824 0.838775
v 0.219626 0.363797 0.858099
v 0.221252 0.360406 0.856432
v 0.218594 0.383130 0.866528
v 0.224703 0.418968 0.884975
v 0.227335 0.426964 -0.890238
v 0.212658 0.443128 0.969844
v 0.212630 0.442986 0.970224
v 0.220528 0.443151 0.968549
v 0.220464 0.443176 0.968430
v 0.232732 0.444897 0.964397
v 0.221194 -0.444109 -0.384879
v 0.223097 -0.445133 -0.383546
v 0.245353 0.198525 0.788388
v 0.220874 0.388998 0.868639
v 0.222078 0.387428 0.867606
v 0.223138 0.392705 0.869817
v 0.328920 0.444022 0.879736
v 0.277128 -0.452300 -0.334361
v 0.290388 -0.139599 -0.769364
v 0.227967 -0.111070 -0.603187
v 0.273965 0.097827 0.734050
v 0.222710 0.372174 0.860728
v 0.225449 0.376805 0.862313
v 0.216834 0.439580 0.971458
v 0.219578 0.438283 0.970703
v 0.220078 0.437869 0.971441
v 0.234567 -0.444476 -0.377090
v 0.231745 -0.196482 -0.738948
v 0.224798 0.385349 0.865963
v 0.231132 0.405227 0.874418
v 0.230011 0.425775 -0.889355
v 0.248115 -0.377422 -0.405600
v 0.226748 0.381938 0.864620
v 0.227141 0.387267 0.866664
v 0.230523 0.397280 0.872902
v 0.232793 0.396259 0.869616
v 0.221538 0.442399 0.969399
v 0.221047 0.441716 0.969369
v 0.231931 0.444095 0.965197
v 0.229636 -0.064926 0.648562
v 0.229648 -0.064955 0.648598
v 0.314122 -0.018604 -0.837391
v 0.229027 0.390020 0.867058
v 0.230968 0.406086 0.874936
v 0.230968 0.406086 0.874936
v 0.234887 0.444189 -0.962750
v 0.230538 0.443130 0.966286
v 0.230538 0.443130 0.966286
v 0.232827 -0.376702 -0.415252
v 0.234150 -0.070500 0.641560
v 0.231696 0.401430 0.872126
v 0.233744 0.398468 0.870012
v 0.236288 0.402934 0.872072
v 0.235722 0.405119 0.873142
v 0.232632 -0.377848 -0.414663
v 0.234102 -0.377576 -0.414403
v 0.233032 -0.200378 -0.735320
v 0.237592 0.426900 -0.888713
v 0.226886 0.439406 0.969376
v 0.229269 0.438498 0.968389
v 0.229951 0.437656 0.969372
v 0.232222 0.444169 0.965046
v 0.245711 -0.444596 -0.370265
v 0.240049 -0.072754 0.638379
v 0.237166 0.402224 0.871138
v 0.237166 0.402224 0.871138
v 0.235727 0.409962 0.876110
v 0.234898 0.411268 0.877152
v 0.236634 0.410407 0.876157
v 0.265950 0.428155 -0.881818
v 0.231998 0.442614 0.965587
v 0.231031 0.441649 0.967243
v 0.235722 -0.445424 -0.377954
v 0.235827 -0.377176 -0.413592
v 0.311434 -0.256842 0.147872
v 0.240474 0.407076 0.873056
v 0.235992 0.405098 0.873058
v 0.235794 0.406552 0.873990
v 0.239777 0.408309 0.874015
v 0.237312 0.409164 0.875186
v 0.238393 0.407752 0.874036
v 0.237324 0.415308 0.879284
v 0.239791 0.414571 0.878129
v 0.238190 0.414006 0.878153
v 0.341974 -0.445143 0.193649
v 0.241470 -0.117265 -0.591520
v 0.241509 -0.117376 -0.591627
v 0.243022 -0.072209 0.636842
v 0.246754 0.418438 0.878613
v 0.241692 0.418305 0.880352
v 0.232732 0.442756 0.965129
v 0.232748 0.443000 0.965888
v 0.240650 0.443637 0.963519
v 0.240741 0.444198 0.964174
v 0.294490 -0.213039 -0.420946
v 0.248546 -0.196533 -0.733766
v 0.248580 -0.196620 -0.733856
v 0.240728 0.413248 0.876948
v 0.240728 0.413248 0.876948
v 0.240728 0.413248 0.876948
v 0.241563 0.412352 0.876133
v 0.238610 0.427682 -0.889190
v 0.244932 -0.067170 0.641344
v 0.185597 0.056101 -0.737757
v 0.244802 0.411740 0.874856
v 0.244772 0.413141 0.875819
v 0.244744 0.411746 0.875076
v 0.244187 0.416013 0.877995
v 0.245448 0.416722 0.878172
v 0.243332 0.417540 0.879334
v 0.247444 -0.376975 -0.407272
v 0.268361 -0.120522 -0.578156
v 0.252971 -0.072464 0.633913
v 0.249658 0.425789 -0.883144
v 0.249765 0.442865 0.962917
v 0.252612 0.445618 -0.957337
v 0.252619 0.445637 -0.957364
v 0.248909 0.444109 0.962027
v 0.246960 -0.377846 -0.406451
v 0.314260 -0.147471 0.525408
v 0.253079 -0.072694 0.634184
v 0.247180 0.443084 0.962396
v 0.247174 0.443068 0.962376
v 0.245788 -0.444693 -0.370347
v 0.268643 -0.121159 -0.578781
v 0.249036 0.419534 0.879298
v 0.249785 0.417985 0.878509
v 0.246702 0.425746 -0.885162
v 0.267644 -0.438908 -0.360328
v 0.253762 -0.375867 -0.403351
v 0.248423 0.442798 0.961143
v 0.247721 0.441751 0.963206
v 0.304493 0.145019 -0.740958
v 0.257376 0.418562 0.876046
v 0.258522 0.443921 0.957964
v 0.257509 -0.376378 -0.401483
v 0.272943 -0.200751 -0.720471
v 0.272947 -0.200757 -0.720477
v 0.257379 0.418562 0.876054
v 0.265962 0.428182 -0.881772
v 0.259006 -0.444439 -0.360865
v 0.258726 0.444449 0.959783
v 0.258943 -0.444280 -0.360762
v 0.265934 -0.443771 -0.356793
v 0.265915 -0.443759 -0.356769
v 0.269270 0.420962 0.874347
v 0.263784 0.443850 0.958103
v 0.263576 0.443000 0.958034
v 0.263262 0.444331 0.956968
v 0.266853 -0.077500 0.623944
v 0.269779 -0.080135 0.619910
v 0.272331 -0.376541 -0.391957
v 0.275572 -0.085721 0.612352
v 0.297012 0.316024 -0.946781
v 0.288281 0.419805 0.867099
v 0.270656 0.443649 0.954776
v 0.272318 -0.376530 -0.391956
v 0.303475 -0.197835 -0.711944
v 0.273965 -0.076549 0.621236
v 0.277298 -0.082600 0.614278
v 0.269252 0.421011 0.874293
v 0.271328 0.443688 0.955264
v 0.273190 -0.443601 -0.351090
v 0.273257 -0.443725 -0.351190
v 0.328492 -0.054879 -0.610589
v 0.277298 0.442805 0.952814
v 0.271763 0.444065 0.953851
v 0.284544 -0.444438 -0.341142
v 0.310517 -0.377534 -0.362293
v 0.271990 0.443467 0.954774
v 0.282519 0.444320 0.951971
v 0.277980 0.444224 0.953220
v 0.277557 0.444182 0.952706
v 0.284078 -0.443876 -0.340664
v 0.294611 0.392522 0.847325
v 0.288308 0.419754 0.867165
v 0.287531 -0.376673 -0.380512
v 0.287712 -0.376984 -0.380772
v 0.324399 0.199519 0.759404
v 0.392674 0.442144 -0.851625
v 0.288529 0.443281 0.950814
v 0.367570 -0.232941 -0.274352
v 0.335196 -0.190725 0.440382
v 0.288419 -0.085205 0.606454
v 0.288483 -0.085331 0.606586
v 0.299085 0.446369 -0.943436
v 0.299518 0.446577 -0.943600
v 0.337496 -0.379498 -0.333453
v 0.295591 -0.121847 -0.563534
v 0.295679 -0.122038 -0.563710
v 0.325436 -0.026077 0.639451
v 0.332718 0.428415 -0.858310
v 0.332736 0.428346 -0.858376
v 0.306226 0.422582 0.862826
v 0.302064 -0.445455 -0.325599
v 0.311810 -0.284392 -0.594351
v 0.295620 -0.088467 0.599212
v 0.295826 -0.088856 0.599616
v 0.291425 0.442849 0.949044
v 0.367593 -0.451002 -0.190730
v 0.292327 0.444067 0.947697
v 0.297790 0.442821 0.946702
v 0.308279 -0.377057 -0.364111
v 0.303312 -0.197464 -0.711555
v 0.306280 0.422465 0.862970
v 0.292550 0.443471 0.948639
v 0.301936 0.443544 0.946321
v 0.298733 0.443471 0.946633
v 0.301213 0.444569 0.945151
v 0.298032 0.444174 0.946528
v 0.304050 0.442953 0.944769
v 0.298555 0.444122 0.945624
v 0.449534 0.448992 -0.882770
v 0.315985 -0.122333 -0.553395
v 0.305703 -0.096512 0.586731
v 0.305688 -0.096485 0.586705
v 0.312213 -0.199093 -0.705586
v 0.312277 -0.119210 -0.559780
v 0.388057 -0.230278 0.256545
v 0.304912 0.443518 0.944607
v 0.304198 0.444194 0.944479
v 0.310137 0.442896 0.942682
v 0.304728 0.444132 0.943555
v 0.301292 -0.444429 -0.324770
v 0.308880 -0.443243 -0.320035
v 0.311882 -0.118471 -0.559096
v 0.312598 -0.199912 -0.706410
v 0.315892 -0.122139 -0.553226
v 0.363741 0.384402 0.815747
v 0.359299 0.392784 -0.820877
v 0.327837 0.445548 0.938478
v 0.380108 0.451395 0.906287
v 0.308893 -0.443252 -0.320045
v 0.311253 -0.377406 -0.361724
v 0.308871 -0.377666 -0.363442
v 0.368378 -0.162838 -0.469031
v 0.317751 -0.096462 0.579732
v 0.317705 -0.096390 0.579655
v 0.336804 0.057432 -0.682591
v 0.314114 0.443441 0.942166
v 0.311034 0.443511 0.942559
v 0.310416 0.444662 0.942198
v 0.310309 0.444167 0.942431
v 0.316212 0.442855 0.940596
v 0.310838 0.444144 0.941527
v 0.312608 -0.378385 -0.359240
v 0.311718 -0.376890 -0.361902
v 0.359844 -0.318354 -0.488425
v 0.365636 0.091998 -0.863282
v 0.317128 0.443484 0.940513
v 0.320369 0.444742 0.939331
v 0.316400 0.444149 0.940355
v 0.322270 0.442888 0.938527
v 0.316938 0.444121 0.939467
v 0.331378 0.423523 0.854057
v 0.331362 0.423591 0.853986
v 0.323606 -0.444114 -0.303675
v 0.323481 -0.443178 -0.305103
v 0.325996 0.443915 0.935934
v 0.322475 0.444126 0.938297
v 0.320800 -0.201197 -0.699344
v 0.320846 -0.201299 -0.699442
v 0.325186 -0.443961 -0.301719
v 0.325134 -0.443962 -0.301756
v 0.322904 -0.444220 -0.303868
v 0.322904 -0.444220 -0.303868
v 0.324166 -0.442749 -0.304403
v 0.326347 -0.442246 -0.303510
v 0.307276 -0.237267 -0.668406
v 0.337685 -0.101395 0.563669
v 0.373218 0.174430 -0.720920
v 0.326137 -0.442700 -0.302289
v 0.327286 -0.442030 -0.301857
v 0.342024 0.444577 0.931277
v 0.340256 -0.124956 -0.536943
v 0.341968 -0.377486 -0.331870
v 0.343275 0.421771 0.847703
v 0.337123 -0.443687 -0.287835
v 0.369547 -0.087620 -0.771992
v 0.343762 -0.203357 -0.685682
v 0.337719 -0.101446 0.563724
v 0.343220 0.421884 0.847579
v 0.339673 0.444383 0.932710
v 0.344909 0.443020 0.930484
v 0.339634 0.444100 0.931239
v 0.337949 -0.443414 -0.287878
v 0.338144 -0.379058 -0.333698
v 0.391340 -0.204279 0.354241
v 0.346214 -0.121660 -0.536405
v 0.398103 0.091706 0.669136
v 0.339848 0.443562 0.932358
v 0.347416 -0.443165 -0.276932
v 0.341942 -0.377940 -0.331090
v 0.344544 -0.378192 -0.328120
v 0.350973 -0.105208 0.550997
v 0.343899 -0.203640 -0.685947
v 0.409599 0.437094 -0.907651
v 0.349445 0.443077 0.929210
v 0.345489 0.443136 0.928761
v 0.345031 0.444160 0.930110
v 0.346316 -0.443214 -0.276985
v 0.344978 -0.377655 -0.328770
v 0.358484 -0.122575 -0.527442
v 0.347362 -0.120600 -0.536652
v 0.381081 -0.190144 -0.406077
v 0.350973 -0.105205 0.550995
v 0.404294 -0.003086 0.606433
v 0.346566 0.443759 0.929917
v 0.347581 -0.443988 -0.275169
v 0.347368 -0.444186 -0.275142
v 0.348672 -0.442647 -0.275636
v 0.350530 -0.441951 -0.275362
v 0.354152 -0.377574 -0.317258
v 0.354583 -0.378048 -0.317602
v 0.422662 -0.242997 0.027178
v 0.375506 0.429764 -0.841640
v 0.352167 0.443803 0.927610
v 0.430659 -0.156136 -0.685037
v 0.395713 0.218192 0.730942
v 0.358246 0.423780 0.843086
v 0.381359 0.446192 -0.912540
v 0.378068 0.446104 -0.913793
v 0.353274 -0.443004 -0.267140
v 0.353614 -0.443435 -0.267357
v 0.423234 -0.069871 0.537549
v 0.357345 0.423843 0.843618
v 0.359119 -0.199638 -0.681786
v 0.353184 -0.203479 -0.680955
v 0.359978 -0.122210 -0.526866
v 0.374633 0.429727 -0.842010
v 0.356419 0.444077 0.926599
v 0.356131 0.443285 0.925858
v 0.356134 0.445167 0.925776
v 0.355939 0.444066 0.925236
v 0.353458 -0.204797 -0.679238
v 0.360894 0.442810 0.924951
v 0.360891 -0.378481 -0.308490
v 0.360665 -0.378231 -0.308292
v 0.362514 0.444022 0.923747
v 0.362492 -0.443183 -0.256210
v 0.432136 -0.231478 0.157381
v 0.374356 -0.106687 0.533549
v 0.374461 -0.106851 0.533699
v 0.365218 0.423093 0.840205
v 0.366133 0.423353 0.839620
v 0.581974 0.451698 -0.775525
v 0.428785 0.348410 -0.895697
v 0.366394 0.445160 0.921672
v 0.366740 -0.443421 -0.250364
v 0.368614 -0.444678 -0.249628
v 0.362825 -0.443531 -0.256472
v 0.375065 -0.438423 -0.244753
v 0.369678 -0.377854 -0.298399
v 0.380141 -0.204276 -0.664988
v 0.377590 -0.204355 -0.666252
v 0.366716 0.444128 0.922573
v 0.366380 0.443261 0.921754
v 0.366193 0.444065 0.921152
v 0.368839 -0.442054 -0.250203
v 0.369585 -0.377741 -0.298327
v 0.418955 -0.237625 -0.133161
v 0.374742 0.440181 0.922237
v 0.370729 -0.443453 -0.244310
v 0.367948 -0.443792 -0.248258
v 0.369329 -0.441986 -0.248884
v 0.369832 -0.442002 -0.245141
v 0.373158 -0.121699 -0.518665
v 0.373268 -0.120278 -0.520338
v 0.373465 -0.121930 -0.518252
v 0.382602 0.242902 -0.900440
v 0.372607 0.443804 0.919484
v 0.373550 0.444134 0.918182
v 0.374907 -0.442669 -0.238503
v 0.374683 -0.443191 -0.238606
v 0.435878 -0.254147 -0.563966
v 0.322104 -0.423248 0.031849
v 0.382725 -0.123357 -0.510282
v 0.380348 -0.119686 -0.516124
v 0.380912 -0.121616 -0.513438
v 0.380516 -0.122172 -0.513331
v 0.397164 -0.108857 0.514734
v 0.390017 0.424210 0.828664
v 0.389914 0.424389 0.828454
v 0.376287 0.443247 0.916608
v 0.378512 -0.442432 -0.232781
v 0.381071 -0.444770 -0.231204
v 0.379959 -0.379119 -0.283516
v 0.381671 -0.378537 -0.281761
v 0.389551 -0.197661 -0.666938
v 0.377393 0.444026 0.917888
v 0.377291 0.443781 0.917650
v 0.381001 -0.441905 -0.231666
v 0.380235 -0.377436 -0.285636
v 0.380228 -0.377428 -0.285632
v 0.452262 -0.180640 -0.349047
v 0.401984 0.426094 0.824668
v 0.386258 0.444008 0.914413
v 0.386416 0.444169 0.914595
v 0.383190 -0.442714 -0.226530
v 0.380196 -0.443752 -0.229748
v 0.381588 -0.441893 -0.230371
v 0.381823 -0.441459 -0.226012
v 0.381030 -0.378155 -0.283517
v 0.381940 -0.376784 -0.280977
v 0.390065 -0.102088 0.526758
v 0.390509 -0.102771 0.527384
v 0.415874 -0.197370 -0.651136
v 0.389418 -0.197144 -0.667344
v 0.388173 -0.442672 -0.216309
v 0.388947 -0.443438 -0.216760
v 0.413573 -0.151253 0.446230
v 0.392737 0.445004 0.911371
v 0.391807 -0.442916 -0.211665
v 0.398652 -0.199125 -0.659447
v 0.398672 -0.199162 -0.659479
v 0.391317 0.443917 0.910978
v 0.506137 0.452087 0.840103
v 0.392967 -0.442932 -0.210037
v 0.394014 -0.443357 -0.206642
v 0.396656 -0.442537 -0.205614
v 0.395542 -0.442113 -0.205898
v 0.395162 -0.441606 -0.207430
v 0.394842 -0.378347 -0.263695
v 0.403454 -0.124985 -0.491951
v 0.412634 -0.119532 -0.491578
v 0.396661 -0.109167 0.514625
v 0.466067 0.399476 0.768500
v 0.395156 0.443346 0.909538
v 0.395169 0.445177 0.909396
v 0.394962 0.444048 0.908878
v 0.394514 -0.443722 -0.205098
v 0.397353 -0.441967 -0.201543
v 0.462485 -0.210083 -0.218720
v 0.398739 0.443465 0.908346
v 0.398604 -0.442033 -0.198806
v 0.421389 -0.437685 -0.156728
v 0.441007 -0.090711 -0.504851
v 0.462198 0.078187 -0.615509
v 0.401897 0.424985 0.823778
v 0.401499 0.444488 0.906768
v 0.400705 -0.441640 -0.195883
v 0.407626 0.423330 0.819396
v 0.440370 0.443782 0.828912
v 0.406556 -0.443091 -0.180986
v 0.404760 -0.441999 -0.190379
v 0.402033 -0.441797 -0.192380
v 0.407942 -0.125518 -0.487704
v 0.407942 -0.125518 -0.487704
v 0.405360 -0.122125 -0.493581
v 0.411822 -0.119136 -0.492266
v 0.407245 -0.122058 -0.492624
v 0.404871 0.444020 0.905893
v 0.404681 0.444247 0.905757
v 0.407844 -0.443324 -0.180216
v 0.481711 0.407268 -0.764674
v 0.404977 0.443487 0.906365
v 0.405137 -0.443197 -0.185838
v 0.468885 0.143044 -0.828241
v 0.454747 0.446954 0.878847
v 0.409781 -0.378813 -0.238414
v 0.409152 -0.378199 -0.238113
v 0.415746 -0.197138 -0.650932
v 0.433499 -0.193610 -0.643496
v 0.418939 -0.122430 -0.482738
v 0.420755 0.424443 0.814286
v 0.411180 -0.442480 -0.172079
v 0.419368 -0.120658 -0.484346
v 0.415280 -0.121382 -0.487092
v 0.457670 0.184113 -0.673682
v 0.415058 0.444181 0.900790
v 0.415724 0.442831 0.900580
v 0.411175 -0.442474 -0.172078
v 0.418265 -0.109987 0.495652
v 0.419458 -0.109545 0.495418
v 0.471496 0.429450 -0.791491
v 0.416211 -0.443009 -0.158416
v 0.416182 -0.443121 -0.157880
v 0.415898 -0.442019 -0.162748
v 0.417560 0.444960 0.898972
v 0.416048 -0.441803 -0.160030
v 0.417162 -0.441794 -0.158078
v 0.417162 -0.441794 -0.158078
v 0.424019 -0.123106 -0.477949
v 0.466663 -0.076779 -0.724000
v 0.423389 0.423006 0.811643
v 0.417382 0.443138 0.900768
v 0.418011 0.444143 0.899558
v 0.418388 -0.442574 -0.155255
v 0.419505 -0.441463 -0.151264
v 0.424274 -0.110349 0.490307
v 0.418564 0.444493 0.899509
v 0.448138 0.445951 -0.880977
v 0.420404 -0.442176 -0.148054
v 0.420651 -0.442111 -0.147954
v 0.420363 -0.440650 -0.151355
v 0.434386 -0.370594 -0.213121
v 0.465779 0.018248 -0.779405
v 0.422314 -0.443180 -0.139541
v 0.422419 -0.441974 -0.140052
v 0.424809 -0.441862 -0.136660
v 0.423158 -0.441908 -0.140006
v 0.423974 -0.441806 -0.139359
v 0.438427 -0.379641 -0.174113
v 0.422853 -0.378774 -0.213685
v 0.424944 -0.378648 -0.209140
v 0.422909 -0.378321 -0.214263
v 0.430229 -0.113871 0.480937
v 0.426877 -0.110937 0.487637
v 0.429930 -0.441866 -0.116801
v 0.425716 -0.441959 -0.131769
v 0.424045 -0.377263 -0.214089
v 0.426086 -0.375474 -0.213572
v 0.483319 -0.134396 -0.402641
v 0.427696 -0.115219 0.481355
v 0.404618 -0.022500 -0.591061
v 0.436717 0.423898 0.805027
v 0.436777 0.423879 0.805229
v 0.415383 -0.450250 -0.140832
v 0.431013 0.427888 -0.811814
v 0.434655 0.429006 -0.811114
v 0.427717 -0.441101 -0.119402
v 0.426888 -0.378752 -0.205434
v 0.426873 -0.378739 -0.205428
v 0.428427 -0.376909 -0.205732
v 0.425534 -0.378559 -0.207705
v 0.435593 -0.371195 -0.203529
v 0.500202 -0.209811 -0.108782
v 0.433355 -0.193377 -0.643286
v 0.445094 -0.121953 -0.460374
v 0.435837 -0.112014 0.478611
v 0.492934 0.366118 -0.734058
v 0.435276 0.444490 0.890909
v 0.435268 0.444555 0.890813
v 0.426871 -0.454236 -0.002806
v 0.431426 -0.440573 -0.112801
v 0.429671 -0.438668 -0.111884
v 0.464247 -0.185445 0.315166
v 0.506206 0.096417 0.592602
v 0.434164 -0.441718 -0.098208
v 0.433234 -0.441990 -0.101040
v 0.433987 -0.441002 -0.100455
v 0.434157 -0.440342 -0.102743
v 0.437030 -0.113151 0.476125
v 0.498256 0.447189 -0.854041
v 0.440534 -0.441347 -0.068222
v 0.434641 -0.442679 -0.092132
v 0.434819 -0.441826 -0.091899
v 0.435452 -0.442568 -0.092951
v 0.434590 -0.442864 -0.091738
v 0.433856 -0.441834 -0.098656
v 0.434117 -0.441310 -0.099018
v 0.434529 -0.440922 -0.098350
v 0.440420 0.427738 -0.806610
v 0.440420 0.427738 -0.806610
v 0.435586 0.429614 -0.811286
v 0.435785 -0.442963 -0.082794
v 0.437677 -0.441647 -0.080306
v 0.434495 -0.379707 -0.190152
v 0.435105 -0.379208 -0.186346
v 0.439653 -0.440732 -0.067694
v 0.448275 -0.195871 -0.630099
v 0.445693 -0.120761 -0.460542
v 0.444225 -0.115768 0.466168
v 0.444256 -0.115810 0.466201
v 0.471659 0.429741 -0.790563
v 0.448092 -0.195592 -0.629854
v 0.456154 0.444273 0.880110
v 0.466477 -0.120040 0.438142
v 0.454034 0.424975 0.797320
v 0.494780 -0.122374 0.404674
v 0.521187 0.023654 -0.530553
v 0.452491 0.444685 0.881656
v 0.497687 -0.084151 0.452172
v 0.476231 0.195654 0.667302
v 0.454219 0.425478 0.797367
v 0.518154 -0.186430 0.202507
v 0.464164 -0.114976 0.447379
v 0.464159 -0.114970 0.447373
v 0.511394 -0.014304 0.509102
v 0.454417 0.443651 0.881828
v 0.472016 -0.367897 -0.118616
v 0.465500 -0.120309 -0.441891
v 0.465549 -0.120374 -0.441938
v 0.529946 0.246613 -0.820758
v 0.462539 0.425704 0.791876
v 0.462673 0.425458 0.792108
v 0.458381 0.443546 0.879802
v 0.457992 0.444427 0.878873
v 0.485644 -0.194189 -0.602836
v 0.450197 -0.317552 -0.408891
v 0.497565 0.446063 -0.853451
v 0.466387 -0.119921 0.438057
v 0.465849 0.444557 0.874388
v 0.469305 0.444839 0.873171
v 0.537868 0.434943 -0.838220
v 0.524485 -0.121509 0.366244
v 0.519408 -0.125234 -0.648863
v 0.485752 -0.194345 -0.602967
v 0.488946 0.429035 -0.778934
v 0.479986 -0.116511 -0.432807
v 0.480029 -0.118673 0.424141
v 0.480087 -0.118747 0.424190
v 0.548839 -0.035882 -0.449172
v 0.480797 0.426021 0.780979
v 0.480833 0.425950 0.781046
v 0.517198 -0.197417 -0.575189
v 0.479660 -0.116116 -0.432545
v 0.478576 0.444315 0.867999
v 0.561412 0.443603 0.752211
v 0.475032 0.444407 0.870712
v 0.482640 -0.115072 0.426683
v 0.482613 -0.115038 0.426660
v 0.488928 0.429101 -0.778880
v 0.480817 0.444232 0.866843
v 0.516539 -0.205868 0.051964
v 0.493996 -0.121372 0.404119
v 0.496114 0.444106 0.857206
v 0.496360 0.444631 0.857675
v 0.496668 -0.188252 -0.601099
v 0.550969 0.074525 0.534246
v 0.501772 0.426171 0.768190
v 0.501691 0.426308 0.768068
v 0.596377 0.453151 0.775882
v 0.496653 -0.188227 -0.601081
v 0.543577 -0.154215 -0.257712
v 0.544937 -0.182339 0.123145
v 0.550798 0.160214 -0.586696
v 0.554928 0.398236 0.705461
v 0.538895 -0.148722 0.280906
v 0.507631 -0.118719 0.390821
v 0.507489 -0.118551 0.390713
v 0.517907 -0.106699 -0.400502
v 0.521088 0.431394 -0.756771
v 0.522117 0.429776 -0.757739
v 0.514462 -0.187723 -0.585710
v 0.514049 -0.187164 -0.585253
v 0.511557 0.444503 0.848421
v 0.510044 0.445755 0.850190
v 0.510023 0.443758 0.850592
v 0.509586 0.445588 0.848842
v 0.548027 -0.093021 0.375182
v 0.511914 0.444725 0.848999
v 0.523664 -0.120516 0.365713
v 0.517121 -0.105833 -0.399905
v 0.518990 0.425996 0.756239
v 0.524123 -0.186904 -0.577892
v 0.543430 0.336991 -0.828184
v 0.534733 0.446329 -0.830402
v 0.534643 0.446204 -0.830356
v 0.523088 -0.186457 -0.579060
v 0.529223 -0.104806 -0.382505
v 0.526654 -0.105379 -0.386246
v 0.518975 0.426015 0.756230
v 0.522942 0.444876 0.841727
v 0.523340 0.444886 0.841414
v 0.528755 -0.186299 -0.574382
v 0.566472 -0.035653 -0.676894
v 0.532347 0.428306 -0.749144
v 0.531315 0.427887 -0.749000
v 0.561379 -0.187340 -0.542261
v 0.532122 -0.187756 -0.569538
v 0.530756 -0.185607 -0.572965
v 0.528892 -0.104402 -0.384798
v 0.528924 -0.118430 0.361322
v 0.528887 -0.118387 0.361299
v 0.539396 0.426326 0.742331
v 0.532379 0.446325 0.835239
v 0.542070 -0.118867 0.338300
v 0.539068 -0.099666 -0.376607
v 0.586161 0.040358 -0.468837
v 0.553587 0.074848 -0.746155
v 0.556041 0.429185 -0.732046
v 0.539390 0.426334 0.742320
v 0.569628 -0.174483 -0.013025
v 0.537658 -0.186017 -0.565198
v 0.534641 -0.100370 -0.382612
v 0.534258 -0.100084 -0.383668
v 0.532008 0.445694 0.834690
v 0.541545 0.443708 0.829058
v 0.584599 -0.061206 -0.362893
v 0.643215 0.443471 -0.684567
v 0.570329 -0.138032 -0.590585
v 0.542041 -0.118835 0.338284
v 0.545489 -0.096211 -0.372456
v 0.592775 -0.037847 0.382126
v 0.585214 0.392823 -0.675391
v 0.540901 0.443062 0.828401
v 0.557263 -0.264824 -0.420468
v 0.539339 -0.185520 -0.564628
v 0.550673 -0.185156 -0.553308
v 0.550453 -0.184898 -0.553098
v 0.593825 -0.150272 -0.097159
v 0.548322 -0.099879 -0.362700
v 0.548027 -0.099793 -0.362606
v 0.546017 -0.096684 -0.370835
v 0.548509 -0.119621 0.325475
v 0.551071 -0.114880 0.329331
v 0.553041 -0.117297 0.320391
v 0.557695 0.424957 0.727059
v 0.552872 -0.112931 0.330414
v 0.552522 0.427538 -0.732790
v 0.597331 0.446718 -0.786653
v 0.553975 -0.118941 0.315702
v 0.557721 0.445553 0.820052
v 0.557489 0.445349 0.819870
v 0.557578 0.425138 0.726913
v 0.561664 -0.116974 0.305611
v 0.590795 -0.135128 0.188244
v 0.563144 -0.112238 0.312230
v 0.561412 -0.111287 0.318103
v 0.560118 0.427686 -0.727322
v 0.557601 0.429036 -0.730853
v 0.560013 0.428391 -0.728252
v 0.560790 -0.186616 -0.541754
v 0.566704 -0.110135 0.310531
v 0.566649 -0.110077 0.310502
v 0.565370 -0.098756 -0.333780
v 0.571776 -0.111125 0.299170
v 0.566947 -0.096599 -0.334020
v 0.565994 0.429700 -0.725256
v 0.566150 0.429078 -0.724350
v 0.574393 0.428225 -0.716576
v 0.565673 0.446432 0.812739
v 0.565625 0.446285 0.812648
v 0.567922 -0.096114 -0.334370
v 0.572774 -0.112050 0.293967
v 0.573396 -0.110207 0.295604
v 0.646954 -0.204396 -0.410874
v 0.610151 0.045891 0.441890
v 0.579922 0.427593 0.712273
v 0.597632 0.447073 -0.786562
v 0.577887 0.444570 0.805764
v 0.578716 -0.093830 -0.316891
v 0.578796 -0.093904 -0.316933
v 0.576127 -0.183306 -0.529361
v 0.581839 -0.105345 0.290611
v 0.629045 0.189695 -0.730423
v 0.601827 0.428236 -0.693523
v 0.577548 0.429099 -0.716220
v 0.577724 0.427768 0.713526
v 0.577959 0.444648 0.805833
v 0.576183 -0.183371 -0.529410
v 0.618179 -0.117445 -0.153407
v 0.613413 0.169918 0.527735
v 0.584805 0.445759 0.799124
v 0.584421 -0.107007 0.281193
v 0.584471 -0.107059 0.281216
v 0.581849 -0.105355 0.290615
v 0.583923 0.427633 -0.708754
v 0.583699 0.427970 -0.708486
v 0.597543 -0.091894 -0.281075
v 0.587248 -0.185032 -0.515986
v 0.593942 -0.106507 0.259921
v 0.589014 -0.089892 -0.301157
v 0.589580 -0.090407 -0.301417
v 0.584848 0.445859 0.799208
v 0.594684 0.426807 0.699378
v 0.593637 0.428268 0.701333
v 0.593625 -0.106192 0.259795
v 0.595526 -0.111304 0.244350
v 0.595460 -0.111238 0.244324
v 0.622050 -0.055090 0.306206
v 0.652388 -0.045745 -0.586308
v 0.594089 0.426212 0.698562
v 0.594740 0.445455 0.791486
v 0.595128 0.446196 0.792061
v 0.593920 -0.186982 -0.503877
v 0.594255 -0.187177 -0.503223
v 0.597300 -0.184134 -0.503785
v 0.594980 -0.092028 -0.285266
v 0.633623 0.046933 -0.665702
v 0.590497 -0.186771 -0.508027
v 0.597100 -0.184350 -0.503696
v 0.598662 -0.103870 0.254357
v 0.598762 -0.103972 0.254396
v 0.616471 -0.085908 -0.247991
v 0.666222 0.034157 -0.337303
v 0.613000 -0.102688 0.219229
v 0.606786 0.425974 0.686969
v 0.606920 0.429000 -0.688688
v 0.603787 -0.104454 0.240284
v 0.603790 -0.104457 0.240284
v 0.605464 -0.085194 -0.275288
v 0.608775 0.446249 0.780984
v 0.608819 0.446329 0.781062
v 0.613115 -0.186275 -0.481383
v 0.638275 0.179297 -0.502971
v 0.650123 0.428481 -0.644865
v 0.610487 -0.083953 -0.264453
v 0.609728 -0.084549 -0.264727
v 0.606218 -0.084202 -0.275508
v 0.623743 -0.128605 0.051695
v 0.630196 0.425602 -0.664429
v 0.681011 0.444460 0.649889
v 0.613145 -0.102826 0.219279
v 0.652170 -0.018364 -0.293169
v 0.616746 0.428001 -0.680654
v 0.613364 -0.084652 -0.257570
v 0.613364 -0.084652 -0.257570
v 0.621059 -0.101368 0.197269
v 0.622097 -0.102343 0.197640
v 0.616559 -0.084830 -0.249523
v 0.617097 -0.081936 -0.254134
v 0.609484 0.425969 0.685017
v 0.618940 0.427586 -0.677480
v 0.622677 0.446882 0.770971
v 0.615207 -0.186456 -0.478412
v 0.629633 -0.178551 -0.471268
v 0.618844 -0.079116 -0.255844
v 0.631968 0.427601 0.666161
v 0.626140 -0.076449 -0.242053
v 0.632396 -0.181079 -0.463838
v 0.644189 -0.066798 -0.216388
v 0.655184 0.361222 -0.589600
v 0.633480 0.426659 0.663760
v 0.626356 -0.100274 0.182486
v 0.626364 -0.100280 0.182486
v 0.626247 -0.076541 -0.242091
v 0.626298 0.428787 -0.672357
v 0.626344 0.429684 -0.673494
v 0.622105 0.445593 0.770407
v 0.640511 -0.093709 0.149925
v 0.651176 -0.116346 -0.522344
v 0.631544 -0.071847 -0.239383
v 0.669111 0.431950 -0.737338
v 0.636492 0.445754 0.758781
v 0.628503 -0.179866 -0.470473
v 0.642816 -0.095439 0.129949
v 0.631392 -0.071720 -0.239327
v 0.632363 -0.181044 -0.463813
v 0.678152 0.150032 -0.427534
v 0.667367 0.132272 0.430013
v 0.669024 0.429865 -0.631497
v 0.650954 0.429541 -0.649759
v 0.638600 0.445583 -0.752700
v 0.638864 0.445984 -0.752986
v 0.648311 -0.093620 0.110769
v 0.640544 -0.093738 0.149934
v 0.698635 0.381837 0.552295
v 0.683614 0.451654 0.701218
v 0.676770 -0.075737 -0.011973
v 0.659584 -0.059816 -0.184623
v 0.631289 0.361709 -0.765778
v 0.636033 0.444886 0.757761
v 0.636084 0.446384 0.757614
v 0.642998 -0.175803 -0.454942
v 0.641995 -0.178229 -0.454847
v 0.642516 -0.095174 0.129891
v 0.644010 -0.066651 -0.216328
v 0.642786 0.426222 0.653947
v 0.642854 0.426131 0.654014
v 0.640580 0.445290 0.754471
v 0.638029 0.445792 0.756676
v 0.638226 0.446438 0.755568
v 0.638075 0.444816 0.755633
v 0.689524 -0.017506 0.192323
v 0.630181 0.396635 0.637062
v 0.640127 0.445850 0.754672
v 0.647192 -0.092870 0.120072
v 0.647129 -0.092812 0.120061
v 0.693896 -0.038443 0.105093
v 0.644600 0.427640 -0.653254
v 0.646098 0.429171 0.654807
v 0.698318 0.432991 0.710962
v 0.647221 0.427445 0.651636
v 0.648002 -0.172608 -0.455335
v 0.652245 -0.061194 -0.202932
v 0.651937 -0.060957 -0.202835
v 0.696406 0.160956 -0.657209
v 0.654445 0.426416 0.642338
v 0.650831 0.428857 -0.648677
v 0.658547 -0.173483 -0.438515
v 0.659335 -0.085875 0.079766
v 0.651135 -0.091143 0.105878
v 0.649492 -0.091935 0.109435
v 0.682191 0.038008 0.311944
v 0.665150 0.446319 0.731381
v 0.655625 0.426538 0.641956
v 0.659412 -0.085938 0.079772
v 0.659129 -0.059463 -0.184499
v 0.754877 0.389032 -0.482998
v 0.684914 0.428999 -0.612033
v 0.665792 0.444423 -0.728762
v 0.662739 0.426662 0.634520
v 0.658997 0.427099 0.639062
v 0.664221 -0.082617 0.050504
v 0.776847 0.451445 -0.604892
v 0.658304 -0.173241 -0.438356
v 0.661967 -0.171498 -0.435770
v 0.672573 -0.075661 0.007907
v 0.664293 -0.082687 0.050519
v 0.674583 -0.172842 -0.414058
v 0.716203 0.036100 -0.568648
v 0.665017 0.426617 0.632776
v 0.665759 0.444478 -0.728755
v 0.764987 0.451853 0.611323
v 0.661981 -0.171511 -0.435779
v 0.665530 -0.083222 0.033879
v 0.665493 -0.083193 0.033877
v 0.689616 -0.046001 -0.089728
v 0.665755 -0.058455 -0.165219
v 0.665392 -0.058170 -0.165141
v 0.697356 0.003319 -0.208004
v 0.670357 0.447002 -0.723292
v 0.666424 -0.052772 -0.177006
v 0.666424 -0.052772 -0.177006
v 0.711124 0.313129 -0.685297
v 0.664410 0.444599 0.731051
v 0.672469 -0.075580 0.007906
v 0.669696 -0.077972 0.033580
v 0.670021 -0.078229 0.033599
v 0.744293 0.428819 -0.538485
v 0.692077 -0.259247 -0.140739
v 0.674455 -0.172715 -0.413979
v 0.672397 -0.048647 -0.164978
v 0.672358 -0.048619 -0.164969
v 0.670870 0.445685 0.726568
v 0.671259 0.446250 0.726938
v 0.674236 -0.073681 -0.011661
v 0.674298 -0.049363 -0.155398
v 0.674229 -0.049313 -0.155382
v 0.670498 0.444909 -0.721979
v 0.682118 -0.042158 -0.142423
v 0.733881 0.427266 0.550486
v 0.678727 0.426552 0.617790
v 0.676127 0.444185 -0.720833
v 0.687439 -0.162596 -0.411426
v 0.683896 -0.059825 -0.036017
v 0.682641 -0.060747 -0.046266
v 0.678463 0.426920 0.617539
v 0.680439 0.444379 -0.715425
v 0.680526 0.444579 -0.715549
v 0.681828 -0.063680 -0.014318
v 0.681828 -0.063680 -0.014318
v 0.682614 -0.060726 -0.046264
v 0.683257 -0.059363 -0.035959
v 0.682303 -0.042289 -0.142462
v 0.685609 0.428416 -0.610947
v 0.729412 -0.092505 -0.438893
v 0.686814 -0.052446 -0.068604
v 0.690395 0.427652 0.605748
v 0.690434 0.427604 0.605780
v 0.686831 -0.052458 -0.068608
v 0.687787 -0.035953 -0.138469
v 0.686708 -0.161965 -0.410985
v 0.690983 -0.161517 -0.403923
v 0.691157 -0.161439 -0.404321
v 0.690054 -0.044291 -0.088989
v 0.700115 0.446071 -0.695642
v 0.728649 -0.198244 -0.249247
v 0.689317 -0.051511 -0.049268
v 0.689262 -0.051472 -0.049264
v 0.689942 -0.039817 -0.110391
v 0.690453 -0.038436 -0.111581
v 0.692176 -0.035841 -0.113573
v 0.687678 -0.035877 -0.138447
v 0.699959 0.445807 -0.695480
v 0.710401 -0.024708 -0.007721
v 0.693904 -0.033480 -0.114232
v 0.693904 -0.033480 -0.114232
v 0.696381 -0.026624 -0.120899
v 0.696463 -0.026680 -0.120922
v 0.703223 0.428352 -0.590704
v 0.708131 -0.008854 -0.127267
v 0.702922 -0.016060 -0.127460
v 0.731552 0.154477 0.329090
v 0.750152 0.429372 0.530028
v 0.704343 0.429574 -0.591136
v 0.728179 0.445748 0.669310
v 0.702378 -0.015713 -0.127364
v 0.704481 -0.164322 -0.375260
v 0.708539 0.429014 0.586456
v 0.708333 0.429264 0.586287
v 0.703006 0.429810 -0.593142
v 0.704903 -0.164106 -0.374677
v 0.753024 0.002743 -0.493286
v 0.707402 -0.010191 -0.124310
v 0.747334 0.098005 0.212329
v 0.753850 0.111857 -0.215865
v 0.712499 0.427381 -0.578275
v 0.712601 0.428481 -0.579937
v 0.832411 0.450392 -0.484140
v 0.740332 -0.147887 -0.330794
v 0.716556 0.007339 -0.131571
v 0.710582 0.429664 -0.584106
v 0.728813 0.446500 0.669997
v 0.717407 0.008704 -0.131612
v 0.715465 0.429680 -0.578187
v 0.719072 0.427117 0.570136
v 0.719105 0.427076 0.570161
v 0.764555 0.077665 0.074663
v 0.718978 -0.152724 -0.366546
v 0.716369 -0.154119 -0.368484
v 0.721516 0.014780 -0.129177
v 0.723351 0.015453 -0.131570
v 0.773366 0.343384 0.411144
v 0.735231 0.197125 -0.361343
v 0.755179 0.434362 -0.648296
v 0.736878 0.445769 -0.656071
v 0.738913 0.045179 -0.127931
v 0.764864 0.440714 -0.536305
v 0.778597 0.428289 0.483056
v 0.725819 -0.152548 -0.352532
v 0.725783 -0.152518 -0.352515
v 0.732720 -0.146229 -0.349272
v 0.733222 -0.147107 -0.347149
v 0.743470 0.427875 0.539252
v 0.733460 0.427259 0.551952
v 0.746640 0.446085 0.649014
v 0.738727 0.044871 -0.126810
v 0.738844 0.045078 -0.127042
v 0.799426 0.333095 -0.586425
v 0.746205 0.445429 0.648723
v 0.737027 0.446007 -0.656212
v 0.742184 0.427759 0.540926
v 0.751728 0.444796 -0.641387
v 0.751460 0.444428 -0.641155
v 0.791335 0.445811 -0.593359
v 0.753909 0.074210 -0.129861
v 0.753774 0.074469 -0.130046
v 0.755231 0.173892 -0.593627
v 0.751655 0.427802 -0.529444
v 0.747331 -0.140671 -0.326703
v 0.749089 -0.139669 -0.324172
v 0.750831 0.428630 0.530675
v 0.763513 0.070769 -0.051336
v 0.829108 0.352340 0.294584
v 0.781816 0.427573 -0.483249
v 0.758905 0.445606 0.633932
v 0.758870 0.445579 0.633895
v 0.752142 -0.139041 -0.318596
v 0.752210 -0.138244 -0.319854
v 0.757773 0.428306 0.520524
v 0.757899 0.428162 0.520611
v 0.756174 0.445109 -0.635120
v 0.754885 0.443626 -0.634076
v 0.791909 0.151641 0.111254
v 0.765633 0.102430 -0.139452
v 0.760192 0.444743 -0.629683
v 0.758891 0.446195 -0.630244
v 0.766120 0.103288 -0.139021
v 0.846881 0.385654 -0.279940
v 0.771667 -0.133068 -0.279540
v 0.773238 0.428471 0.498041
v 0.761693 0.443886 -0.629454
v 0.793373 0.450665 0.538152
v 0.766714 0.101613 -0.132021
v 0.766567 0.101682 -0.131995
v 0.780546 0.444637 -0.606055
v 0.780237 0.443922 -0.605008
v 0.773515 0.445692 0.615652
v 0.773753 0.446014 0.615824
v 0.771254 0.114891 -0.139659
v 0.771306 0.114865 -0.139669
v 0.771426 -0.132889 -0.279456
v 0.783521 0.141443 -0.137359
v 0.809921 0.364542 -0.352260
v 0.773998 0.428882 0.496355
v 0.783571 0.141421 -0.137369
v 0.872985 0.385923 0.196492
v 0.780843 0.427214 0.484311
v 0.779120 0.425498 -0.485304
v 0.780214 0.428492 0.487076
v 0.787942 0.445849 0.597592
v 0.787997 0.445896 0.597631
v 0.816605 -0.114442 -0.169729
v 0.784773 0.146543 -0.142657
v 0.795529 0.149762 -0.524105
v 0.789846 0.424958 0.464760
v 0.790038 0.428462 0.471605
v 0.783682 0.427724 -0.481576
v 0.783441 0.426982 -0.480699
v 0.829899 0.441731 0.438893
v 0.787151 0.427026 -0.474248
v 0.785434 0.426254 -0.476101
v 0.827108 0.074749 -0.422718
v 0.785278 0.148170 -0.138261
v 0.798097 0.425100 -0.452328
v 0.787538 0.150474 -0.136420
v 0.835354 0.431565 -0.544308
v 0.790084 0.428407 0.471633
v 0.810799 0.177275 -0.054004
v 0.789935 0.158763 -0.141958
v 0.789847 0.158799 -0.141943
v 0.794230 0.428090 0.463962
v 0.790760 0.444841 -0.588851
v 0.796833 0.173390 -0.138010
v 0.796695 0.173448 -0.137983
v 0.795166 0.429522 0.464888
v 0.797774 0.446204 0.583207
v 0.795935 -0.115910 -0.242827
v 0.795824 -0.115834 -0.242796
v 0.799072 0.424458 -0.449476
v 0.797128 0.427427 0.457505
v 0.797760 0.446177 0.583190
v 0.799288 0.426958 0.452560
v 0.800041 0.444468 -0.581127
v 0.795696 -0.028434 -0.388069
v 0.800099 0.444520 -0.581173
v 0.802596 0.189200 -0.140129
v 0.802556 0.189217 -0.140119
v 0.812891 0.423075 -0.422940
v 0.830614 0.420963 -0.380224
v 0.808919 0.426097 0.434224
v 0.816480 0.423098 -0.416454
v 0.809652 0.446199 0.567073
v 0.809155 0.426159 0.434380
v 0.808455 0.445156 -0.567070
v 0.808792 0.445581 -0.567318
v 0.809219 0.205195 -0.141069
v 0.809405 0.205118 -0.141105
v 0.811435 0.211466 -0.142768
v 0.809463 0.445936 0.566954
v 0.810998 0.211644 -0.142689
v 0.814874 -0.135502 -0.053683
v 0.814640 -0.135335 -0.053668
v 0.810608 -0.141580 -0.050216
v 0.810608 -0.141580 -0.050216
v 0.814770 0.421598 -0.416202
v 0.817307 0.423354 -0.414559
v 0.816277 0.444698 -0.558522
v 0.816268 0.444681 -0.558513
v 0.890596 0.377283 0.029957
v 0.821656 0.235981 -0.140793
v 0.822716 0.427381 0.411287
v 0.823152 0.426908 0.411521
v 0.831945 0.425918 0.390520
v 0.828935 0.420792 -0.386321
v 0.825907 0.426859 -0.400017
v 0.820714 0.423842 -0.408940
v 0.824298 0.425407 0.404290
v 0.821636 0.235989 -0.140789
v 0.824328 0.425382 0.404312
v 0.826654 0.446073 0.541493
v 0.819270 -0.122917 -0.099202
v 0.820904 -0.121931 -0.091131
v 0.831628 0.261130 -0.141832
v 0.791742 0.439321 0.602359
v 0.826704 0.446128 0.541516
v 0.840773 0.444222 -0.522818
v 0.851715 0.406289 0.306244
v 0.820588 -0.114414 -0.136183
v 0.818931 -0.116709 -0.134415
v 0.828654 -0.090307 -0.188479
v 0.847956 0.452004 0.487055
v 0.831599 0.261141 -0.141826
v 0.840128 0.419397 -0.358126
v 0.866137 -0.059217 -0.057922
v 0.833006 0.419518 -0.374860
v 0.844712 0.426769 0.364232
v 0.831236 0.426923 0.390032
v 0.840455 0.443890 -0.522583
v 0.851669 0.239141 -0.478185
v 0.835757 0.274260 -0.146850
v 0.835344 0.273310 -0.146913
v 0.834564 0.446190 0.529736
v 0.834362 0.445896 0.529609
v 0.926147 0.451973 0.316291
v 0.838864 0.283802 -0.150542
v 0.836773 0.420648 -0.368455
v 0.838162 0.419955 -0.363737
v 0.839478 0.420364 -0.361426
v 0.846538 0.420124 -0.343540
v 0.837050 0.421374 -0.369314
v 0.828681 -0.084984 -0.196358
v 0.857935 0.018193 -0.296263
v 0.845703 0.298170 -0.143783
v 0.839496 0.418408 -0.357234
v 0.852889 0.437586 0.512878
v 0.845808 0.296968 -0.144903
v 0.844902 0.426571 0.364324
v 0.847108 0.419816 -0.341587
v 0.844662 0.446085 0.513373
v 0.844228 0.445906 0.513580
v 0.850792 0.311035 -0.143685
v 0.851048 0.311679 -0.143656
v 0.851950 0.427662 0.348095
v 0.860009 0.419541 -0.306233
v 0.853962 0.428744 0.346130
v 0.855148 -0.035932 -0.204709
v 0.855054 -0.035881 -0.204686
v 0.844596 -0.056291 -0.200660
v 0.844715 -0.056362 -0.200688
v 0.853273 0.425115 0.338495
v 0.861579 0.444399 -0.488320
v 0.859621 0.426332 0.326775
v 0.855596 0.426781 0.337969
v 0.855436 0.428686 0.343316
v 0.862011 0.444713 -0.488451
v 0.854553 0.445888 0.497101
v 0.854505 0.446103 0.497323
v 0.858787 0.330802 -0.142413
v 0.858436 0.333083 -0.150243
v 0.856668 0.427681 0.337552
v 0.859605 0.333816 -0.144624
v 0.859432 0.335571 -0.149486
v 0.858502 0.333434 -0.149740
v 0.875732 0.416000 -0.243121
v 0.859805 0.419348 -0.306123
v 0.862938 0.426688 0.318853
v 0.894875 0.222879 -0.383338
v 0.860450 0.335818 -0.144518
v 0.860515 0.338492 -0.149950
v 0.865606 0.419097 -0.286931
v 0.863036 0.425341 0.314756
v 0.885996 0.443302 -0.310351
v 0.860530 0.445863 0.486980
v 0.860731 0.446119 0.487096
v 0.864949 -0.016737 -0.206462
v 0.864327 -0.016416 -0.206314
v 0.865377 0.348704 -0.148326
v 0.865197 0.348781 -0.148291
v 0.897925 0.378842 -0.434575
v 0.876771 0.416985 -0.247978
v 0.864168 0.418374 -0.290687
v 0.870118 0.425318 0.294883
v 0.863752 0.427980 0.319570
v 0.868571 0.446198 0.472478
v 0.869699 0.417635 -0.273295
v 0.867515 0.419075 -0.283656
v 0.870812 0.424617 0.295126
v 0.869295 0.446602 0.472624
v 0.874150 0.444372 -0.465987
v 0.869935 0.359381 -0.147277
v 0.869979 0.359362 -0.147283
v 0.869829 0.417532 -0.273337
v 0.874078 0.444292 -0.465946
v 0.869147 0.445356 0.472758
v 0.876892 0.416787 -0.247023
v 0.874099 0.425477 0.284814
v 0.874262 0.425298 0.284878
v 0.914427 0.444940 0.242629
v 0.883223 0.445929 0.446795
v 0.880636 0.383784 -0.151447
v 0.880570 0.383816 -0.151428
v 0.878455 0.416009 -0.240374
v 0.887083 0.415222 -0.202763
v 0.885124 0.416230 -0.216329
v 0.882637 0.425538 0.257704
v 0.882591 0.425587 0.257670
v 0.934633 0.452358 -0.291337
v 0.884115 0.444134 -0.447751
v 0.881782 0.367964 -0.086632
v 0.884902 0.416394 -0.216272
v 0.883513 0.445896 0.446135
v 0.883124 0.016634 -0.206074
v 0.882732 0.021023 -0.207600
v 0.907557 0.424163 0.124867
v 0.886546 0.395373 -0.149322
v 0.886789 0.395253 -0.149363
v 0.887398 0.415001 -0.202842
v 0.891916 0.423963 0.213296
v 0.892628 0.407800 -0.154782
v 0.886671 0.031400 -0.210629
v 0.891493 0.404456 -0.149435
v 0.891850 0.414603 -0.179095
v 0.892073 0.414478 -0.178111
v 0.893977 0.406797 -0.150080
v 0.892199 0.425352 0.220841
v 0.886165 0.445453 -0.448015
v 0.891654 0.445898 0.429718
v 0.891651 0.445894 0.429719
v 0.910365 0.445315 -0.396814
v 0.894308 0.410431 -0.153639
v 0.894806 0.412426 -0.157389
v 0.899377 0.424428 0.184466
v 0.910827 0.434062 -0.172648
v 0.896222 0.425519 0.206492
v 0.889293 0.037260 -0.211217
v 0.899078 0.058932 -0.209359
v 0.898850 0.059024 -0.209307
v 0.892744 0.048360 -0.216566
v 0.892761 0.048353 -0.216570
v 0.900183 0.412999 -0.128827
v 0.896882 0.412727 -0.148291
v 0.896426 0.413194 -0.152059
v 0.895722 0.410942 -0.147606
v 0.896481 0.425958 0.206385
v 0.907238 0.417407 -0.093858
v 0.899296 0.424510 0.184440
v 0.909219 0.443986 -0.396178
v 0.899298 0.411094 -0.125486
v 0.899919 0.414041 -0.134889
v 0.899474 0.413332 -0.134468
v 0.901749 0.414469 -0.124352
v 0.900602 0.415206 -0.135884
v 0.906554 0.445779 0.397623
v 0.902242 0.423934 0.168569
v 0.902268 0.424376 0.168212
v 0.906706 0.445963 0.397696
v 0.915940 0.422546 0.014962
v 0.908980 0.416922 -0.077025
v 0.903176 0.424902 0.167328
v 0.906794 0.423432 0.139877
v 0.906626 0.423570 0.139847
v 0.907669 0.418541 -0.085067
v 0.908445 0.423702 0.126134
v 0.944580 0.449623 -0.160793
v 0.913014 0.447337 0.385604
v 0.912625 0.419965 -0.051097
v 0.912544 0.423595 0.094185
v 0.913888 0.420377 -0.050551
v 0.914143 0.421713 0.060274
v 0.912577 0.423569 0.094191
v 0.912228 0.445623 0.385099
v 0.907944 0.080863 -0.206964
v 0.913594 0.418897 -0.014248
v 0.914688 0.419428 -0.013946
v 0.914135 0.423514 0.062514
v 0.915772 0.421737 -0.013287
v 0.916111 0.422898 0.013280
v 0.918349 0.445407 0.369121
v 0.918659 0.445806 0.369233
v 0.922711 0.445536 0.360004
v 0.922754 0.445588 0.360024
v 0.928480 0.444217 -0.349776
v 0.926885 0.445417 0.349781
v 0.939886 0.442871 0.029330
v 0.926911 0.445440 0.349790
v 0.939597 0.431523 -0.338667
v 0.928299 0.444069 -0.349744
v 0.933318 0.446038 0.330873
v 0.933836 0.446541 0.331051
v 0.937828 0.445519 0.318444
v 0.937861 0.445572 0.318458
v 0.953776 0.436750 0.294354
v 0.948059 0.444538 -0.295390
v 0.944761 0.445053 0.299016
v 0.944133 0.445775 0.300092
v 0.946193 0.444813 0.296527
v 0.945040 0.445630 0.296648
v 0.948713 0.444511 -0.290759
v 0.946844 0.443835 0.297164
v 0.951539 0.444592 0.279242
v 0.949814 0.442216 -0.281894
v 0.951654 0.444688 0.279245
v 0.952374 0.442708 -0.281972
v 0.952623 0.442227 -0.282334
v 0.949570 0.438943 -0.278007
v 0.973593 0.452754 0.113293
v 0.958897 0.443598 -0.255848
v 0.954852 0.443991 0.262981
v 0.955138 0.446221 0.261769
v 0.954882 0.440154 -0.279068
v 0.954882 0.440154 -0.279068
v 0.955429 0.440197 -0.276051
v 0.955435 0.440259 -0.276714
v 0.955962 0.442013 -0.266409
v 0.955367 0.442907 -0.270906
v 0.954889 0.443177 -0.270498
v 0.955856 0.439573 -0.266894
v 0.956266 0.441640 -0.270965
v 0.955973 0.441425 -0.272408
v 0.954784 0.441804 -0.275980
v 0.956800 0.442599 -0.264982
v 0.956449 0.444176 0.263729
v 0.958467 0.444760 0.253556
v 0.960303 0.436846 -0.265500
v 0.957002 0.439908 -0.272188
v 0.957068 0.440523 -0.270578
v 0.956754 0.441490 -0.269724
v 0.959078 0.444480 0.253286
v 0.958904 0.438192 -0.268318
v 0.958904 0.438192 -0.268318
v 0.958904 0.438192 -0.268318
v 0.959463 0.438300 -0.265928
v 0.958940 0.439946 -0.265244
v 0.959008 0.440101 -0.258430
v 0.960079 0.439636 -0.261392
v 0.962084 0.442829 -0.250510
v 0.961882 0.436003 -0.257534
v 0.964547 0.443776 -0.239763
v 0.964687 0.445625 0.227848
v 0.985873 0.445869 -0.121158
v 0.963461 0.313195 -0.228130
v 0.961937 0.304670 -0.227289
v 0.962948 0.316314 -0.230260
v 0.963250 0.302726 -0.221151
v 0.964096 0.308454 -0.220726
v 0.966288 0.442215 -0.230599
v 0.964747 0.444984 0.227299
v 0.955553 0.431977 -0.243307
v 0.965042 0.435920 -0.248682
v 0.965042 0.435920 -0.248682
v 0.965219 0.434757 -0.249160
v 0.964781 0.437254 -0.247634
v 0.964923 0.435187 -0.249916
v 0.964847 0.438991 -0.244428
v 0.964541 0.437656 -0.243208
v 0.966790 0.435772 -0.241810
v 0.964041 0.443731 -0.233532
v 0.968146 0.443313 -0.217522
v 0.966847 0.441770 -0.217719
v 0.967583 0.445228 0.212603
v 0.967204 0.435536 -0.240588
v 0.967237 0.434797 -0.241272
v 0.978689 0.434777 0.198377
v 0.967042 0.445956 0.212962
v 0.968839 0.444290 0.212103
v 0.970712 0.444243 0.201535
v 0.970478 0.391029 -0.231478
v 0.971012 0.390999 -0.231612
v 0.966737 0.440529 -0.228415
v 0.970166 0.436924 -0.226392
v 0.970648 0.440221 -0.217726
v 0.972428 0.443888 -0.194131
v 0.972436 0.443623 -0.199131
v 0.969164 0.445938 0.203192
v 0.969660 0.444949 0.205877
v 0.969441 0.444964 0.203052
v 0.969240 0.444152 0.211838
v 0.971575 0.435924 -0.222825
v 0.971202 0.437972 -0.220412
v 0.971104 0.435171 -0.224978
v 0.971734 0.438022 -0.213722
v 0.975089 0.443580 -0.189170
v 0.973235 0.446674 0.183034
v 0.972672 0.432873 -0.225445
v 0.972864 0.434668 -0.218118
v 0.973360 0.435689 -0.214780
v 0.973263 0.436054 -0.214548
v 0.972039 0.441791 -0.200284
v 0.975679 0.446051 0.179096
v 0.974547 0.442761 -0.188261
v 0.976526 0.445369 0.176220
v 0.977706 0.444547 0.166054
v 0.978317 0.444772 0.158888
v 0.983488 0.444816 0.132469
v 0.977368 0.442384 -0.169353
v 0.978333 0.443262 -0.169479
v 0.977415 0.445883 0.159848
v 0.977392 0.445858 0.159868
v 0.981134 0.444598 0.146555
v 0.978287 0.444945 0.159502
v 0.980263 0.443681 -0.151953
v 0.980507 0.443910 -0.151993
v 0.980625 0.444110 0.146470
v 0.981502 0.442441 -0.140382
v 0.984328 0.444340 -0.141674
v 0.984448 0.444363 -0.121070
v 0.982932 0.444241 0.132405
v 0.987400 0.443834 -0.102328
v 0.987314 0.443759 -0.102332
v 0.989487 0.444449 0.080617
v 0.990844 0.444115 -0.061581
v 0.989245 0.444236 0.080462
v 0.998037 0.430714 0.080596
v 0.993113 0.444685 -0.009478
v 0.990695 0.443971 -0.061564
v 0.993067 0.444717 -0.009787
v 0.991803 0.444040 0.044549
v 0.991923 0.444113 0.044514
v -0.878799 0.411931 0.231644
v -0.878237 0.411033 0.233324
v -0.877908 0.408014 0.231639
v -0.876466 0.408802 0.232410
v -0.875093 0.408718 0.237415
v -0.876587 0.411871 0.240607
v -0.874132 0.407234 0.237354
v -0.873694 0.408954 0.242976
v -0.866133 0.404395 0.259000
v -0.871150 0.416302 0.269602
v -0.871173 0.416284 0.269609
v -0.869994 0.401790 0.240406
v -0.869787 0.412990 0.266103
v -0.855054 0.362500 0.225735
v -0.836375 0.350974 -0.270600
v -0.847766 0.345085 0.226005
v -0.847933 0.345019 0.226046
v -0.849499 0.344623 0.218237
v -0.838962 0.321137 0.223035
v -0.827206 0.282998 0.209827
v -0.826948 0.281944 0.209210
v -0.817322 0.256844 0.207332
v -0.824312 0.278740 0.214388
v -0.817197 0.256896 0.207300
v -0.805483 0.230306 0.211202
v -0.805569 0.230270 0.211226
v -0.801786 0.223130 0.213726
v -0.801786 0.223130 0.213726
v -0.800165 0.220094 0.215404
v -0.801431 0.225522 0.218750
v -0.775521 0.108262 -0.125372
v -0.797385 0.211464 0.212265
v -0.800339 0.223730 0.220231
v -0.795094 0.207046 0.214200
v -0.783826 0.178995 0.213767
v -0.783770 0.179018 0.213752
v -0.773017 0.149623 0.206370
v -0.775621 0.156198 0.205808
v -0.774487 0.153764 0.209920
v -0.769489 0.137390 0.201239
v -0.763697 0.125812 0.204020
v -0.764261 0.125553 0.204160
v -0.747766 0.094443 0.206024
v -0.748506 0.094088 0.206227
v -0.735547 0.063484 0.197765
v -0.705448 0.008822 0.196590
v -0.502239 -0.213845 0.562718
v -0.474542 -0.379429 -0.007105
v -0.427748 -0.368484 0.233522
v -0.450553 -0.377986 0.145326
v -0.414729 -0.451698 0.011580
v -0.358469 0.155798 -0.718772
v -0.374348 -0.450078 -0.156014
v -0.288286 -0.413834 -0.012751
v -0.312618 0.009863 0.851342
v -0.371193 -0.213925 0.657706
v -0.290093 -0.449653 -0.280892
v -0.233276 -0.413860 -0.164172
v -0.327100 -0.210095 0.685595
v -0.246789 0.227952 0.943613
v -0.312580 -0.376153 0.365455
v -0.259126 -0.415870 0.150513
v -0.247756 0.366624 -0.849826
v -0.289255 -0.376625 0.383049
v -0.249756 -0.366397 -0.422754
v -0.289576 -0.377080 0.383424
v -0.281716 -0.376246 0.390224
v -0.281602 -0.376137 0.390098
v -0.195723 0.374913 0.977666
v -0.181822 0.434327 0.982591
v -0.261212 -0.445375 0.361229
v -0.254466 -0.206002 0.719978
v -0.217082 -0.452764 0.376629
v -0.254503 -0.206107 0.720080
v -0.145731 -0.412249 0.249828
v -0.154049 -0.450042 -0.373607
v -0.134204 -0.421266 -0.287943
v -0.228362 -0.206430 0.728528
v -0.145397 -0.311238 0.607238
v -0.200603 -0.205371 0.737570
v -0.200592 -0.205323 0.737526
v -0.206872 -0.374829 0.434503
v -0.153500 0.253687 -0.828731
v -0.126105 -0.387946 0.041654
v -0.130173 -0.451124 0.390261
v -0.175535 -0.201526 0.748260
v -0.132069 0.035374 0.909822
v -0.161446 0.360908 -0.867472
v -0.174539 -0.374767 0.448216
v -0.182688 -0.070858 -0.654346
v -0.182244 -0.069650 -0.655490
v -0.101204 0.190879 0.960723
v -0.178480 -0.072930 -0.653780
v -0.178480 -0.072930 -0.653780
v -0.160965 0.399530 -0.885748
v -0.158036 0.337539 -0.858657
v -0.154700 -0.200428 0.753272
v -0.157941 0.360974 -0.868056
v -0.054433 -0.279341 0.678070
v -0.065157 -0.229849 0.739088
v -0.159723 -0.199762 0.753180
v -0.157670 0.272161 -0.834486
v -0.158101 0.337403 -0.859013
v -0.157587 0.379987 -0.876343
v -0.159715 0.398776 -0.885418
v -0.160006 0.407360 -0.890538
v -0.155581 0.348937 -0.863525
v -0.160018 0.396806 -0.884262
v -0.160402 0.413272 -0.894478
v -0.140981 -0.366598 0.472771
v -0.149417 -0.197470 0.757500
v -0.153396 0.253868 -0.828221
v -0.154039 0.310951 -0.849234
v -0.154045 0.310940 -0.849266
v -0.154456 0.359921 -0.868647
v -0.149170 0.315006 -0.852126
v -0.149118 0.315110 -0.851853
v -0.156320 0.403092 -0.888504
v -0.156214 0.415216 -0.896594
v -0.153810 0.412874 -0.895765
v -0.150988 0.415184 -0.897989
v -0.154172 0.417504 -0.898652
v -0.153682 0.346932 -0.863416
v -0.151081 0.412315 -0.895378
v -0.151896 0.411298 -0.894528
v -0.148486 0.412252 -0.895764
v -0.038330 -0.389113 -0.120331
v -0.144669 0.254747 -0.830254
v -0.144682 0.254721 -0.830324
v -0.149486 0.400888 -0.888334
v -0.149486 0.400888 -0.888334
v -0.141647 0.398811 -0.888427
v -0.137496 0.193444 -0.808399
v -0.143880 0.187131 -0.804748
v -0.143102 0.195856 -0.808342
v -0.144965 0.244017 -0.826301
v -0.144789 0.243706 -0.826271
v -0.140602 0.181714 -0.803014
v -0.142650 0.205636 -0.812330
v -0.141064 0.199663 -0.810133
v -0.143745 0.401342 -0.889579
v -0.143948 0.402830 -0.890416
v -0.143948 0.402830 -0.890416
v -0.137248 -0.198061 0.758964
v -0.137247 -0.198052 0.758955
v -0.136808 0.144985 -0.788867
v -0.139504 0.411106 -0.896424
v -0.136297 0.176271 -0.801870
v -0.083459 0.354206 0.990828
v -0.089732 -0.445665 0.437237
v -0.131708 0.034906 -0.735974
v -0.130806 0.188462 -0.807598
v -0.128196 0.066981 -0.753672
v -0.128199 0.066972 -0.753690
v -0.121970 0.414753 -0.901465
v -0.123417 -0.195540 0.764000
v -0.111277 -0.047893 -0.687060
v -0.002608 -0.362036 0.500926
v 0.049863 -0.318025 0.609988
v -0.094765 -0.195325 0.768098
v -0.094764 -0.195314 0.768086
v -0.089598 -0.187023 0.776050
v -0.089604 -0.187065 0.776098
v -0.072698 -0.185001 0.779687
v -0.080547 0.419037 -0.910323
v 0.070621 -0.453856 -0.422130
v -0.043290 -0.444466 0.443057
v 0.020022 -0.383545 0.062414
v -0.045587 -0.376751 0.474823
v -0.086587 -0.376981 0.469989
v -0.072672 -0.184733 0.779385
v -0.022916 0.036653 0.917984
v -0.058095 -0.182515 0.782821
v -0.058094 -0.182515 0.782822
v -0.005374 -0.163201 0.802040
v 0.019753 -0.414315 -0.290415
v -0.042661 -0.378738 0.474404
v -0.042552 -0.376656 0.473906
v -0.046618 -0.172860 0.791872
v -0.041855 -0.172708 0.792237
v -0.034680 -0.172634 0.792197
v -0.031462 -0.173505 0.792337
v -0.033818 -0.176934 0.788988
v -0.033818 -0.176934 0.788988
v -0.002726 -0.443285 0.445694
v -0.000551 0.262009 0.980232
v -0.026906 -0.377650 0.475700
v -0.019883 -0.378110 0.475572
v -0.020938 -0.377763 0.475836
v -0.015714 -0.377737 0.475493
v 0.098277 0.117668 0.942634
v 0.000759 -0.085441 0.858917
v 0.066844 -0.205479 0.763075
v -0.010676 -0.377358 0.476402
v -0.007114 -0.172512 0.793430
v -0.007114 -0.172521 0.793441
v -0.005356 -0.162780 0.801500
v 0.045264 -0.156233 0.806326
v 0.050062 -0.442762 0.442249
v 0.012080 -0.165176 0.798736
v 0.012079 -0.165463 0.799090
v 0.029550 -0.379281 0.473653
v 0.029577 -0.378726 0.472817
v 0.098954 -0.263525 0.695142
v 0.091002 0.029363 0.911532
v 0.076723 0.434578 0.994912
v 0.107547 0.303842 0.982252
v 0.051911 -0.443025 0.442697
v 0.045272 -0.155974 0.805997
v 0.120000 -0.387517 -0.014839
v 0.103877 -0.423491 -0.305017
v 0.122928 0.405931 0.991095
v 0.114748 -0.076755 0.855859
v 0.112021 -0.319862 -0.594745
v 0.070704 -0.155046 0.804947
v 0.098118 -0.443586 0.435240
v 0.080425 -0.442253 0.438145
v 0.078642 -0.381583 0.465410
v 0.070703 -0.155046 0.804944
v 0.184712 -0.452498 -0.377283
v 0.078929 -0.382186 0.466331
v 0.078792 -0.441797 0.438407
v 0.081676 -0.154988 0.804208
v 0.081678 -0.155001 0.804225
v 0.086307 -0.147682 0.809403
v 0.110029 -0.434014 0.436986
v 0.086307 -0.147678 0.809399
v 0.109891 -0.385440 0.458210
v 0.127773 -0.368668 0.471391
v 0.126063 -0.403236 0.205734
v 0.111597 -0.385473 0.457698
v 0.104075 -0.441093 0.434169
v 0.109945 -0.402558 0.449268
v 0.115759 -0.147103 0.806374
v 0.115835 -0.147560 0.806956
v 0.106811 -0.441280 0.433842
v 0.106452 -0.432229 0.438505
v 0.164998 -0.403627 -0.162173
v 0.107030 -0.404814 0.449160
v 0.125160 -0.133937 0.815098
v 0.115832 -0.441372 0.430477
v 0.108931 -0.440237 0.432906
v 0.108912 -0.439030 0.434662
v 0.108912 -0.439030 0.434662
v 0.111732 -0.424087 0.440086
v 0.111816 -0.424233 0.440448
v 0.210105 0.227731 0.952173
v 0.111367 -0.399721 0.450264
v 0.109850 -0.398182 0.451276
v 0.111331 -0.395514 0.452147
v 0.110922 -0.389668 0.455184
v 0.112444 -0.387352 0.456185
v 0.113591 -0.390283 0.454222
v 0.223314 -0.452127 0.377419
v 0.113323 -0.441103 0.432471
v 0.113919 -0.440644 0.432637
v 0.113444 -0.392922 0.452881
v 0.112485 -0.392124 0.453518
v 0.112246 -0.385562 0.457306
v 0.113904 -0.440632 0.432628
v 0.115230 -0.439343 0.432966
v 0.113054 -0.438604 0.433847
v 0.113904 -0.440632 0.432628
v 0.113594 -0.436728 0.434646
v 0.114392 -0.398119 0.450244
v 0.116543 -0.388853 0.454079
v 0.116828 -0.442714 0.430576
v 0.117402 -0.442281 0.430717
v 0.115616 -0.395484 0.451106
v 0.115616 -0.395484 0.451106
v 0.116236 -0.387524 0.455124
v 0.116128 -0.385837 0.456242
v 0.116236 -0.387524 0.455124
v 0.117834 -0.385286 0.456184
v 0.118454 -0.388049 0.454278
v 0.121901 -0.384614 0.457095
v 0.117730 -0.438844 0.432640
v 0.117684 -0.439969 0.432019
v 0.125146 -0.133869 0.815003
v 0.120524 -0.441635 0.430329
v 0.119901 -0.441129 0.430816
v 0.121582 -0.385458 0.455084
v 0.121582 -0.385458 0.455084
v 0.121074 -0.443298 0.429022
v 0.123950 -0.443109 0.428973
v 0.121849 -0.442149 0.429619
v 0.127213 -0.443323 0.428562
v 0.125168 -0.442648 0.428474
v 0.127462 -0.383631 0.454775
v 0.131859 -0.136794 0.811779
v 0.131809 -0.136557 0.811462
v 0.136632 0.424123 -0.906596
v 0.202318 -0.186729 0.758736
v 0.223899 -0.322804 0.555210
v 0.206666 -0.033739 0.863334
v 0.208011 -0.062939 0.846204
v 0.249296 -0.289236 0.616669
v 0.147714 -0.125610 0.817026
v 0.147720 -0.125637 0.817065
v 0.236325 -0.424632 -0.225083
v 0.198316 -0.382618 0.430458
v 0.173424 -0.443465 0.412446
v 0.162602 -0.442869 0.416587
v 0.152896 0.438560 0.983518
v 0.226025 -0.404476 0.092410
v 0.177265 -0.383421 0.439094
v 0.178463 -0.122327 0.813432
v 0.178470 -0.122352 0.813469
v 0.212654 0.269820 0.958384
v 0.170098 0.435825 0.981580
v 0.170328 -0.442276 0.413978
v 0.255886 -0.249989 0.672037
v 0.173778 -0.381512 0.441676
v 0.173778 -0.381512 0.441676
v 0.206426 -0.090984 0.828826
v 0.205914 0.050887 0.900709
v 0.202671 0.425647 0.977113
v 0.172616 0.434320 0.981488
v 0.221582 -0.442981 0.390258
v 0.232614 -0.368087 0.432317
v 0.210216 0.188571 0.941564
v 0.178039 -0.382784 0.439017
v 0.181026 -0.381334 0.439001
v 0.187494 -0.115882 0.816185
v 0.187408 -0.115600 0.815788
v 0.211715 -0.053175 0.850431
v 0.210471 0.378855 0.973376
v 0.195844 0.433966 0.977334
v 0.172857 -0.443045 0.413262
v 0.192344 -0.383034 0.433945
v 0.193666 0.435706 0.977690
v 0.192412 -0.382551 0.433463
v 0.209302 -0.006367 0.874709
v 0.192406 -0.383558 0.432658
v 0.209537 0.398999 0.974754
v 0.196553 0.432663 0.977529
v 0.196548 0.432660 0.977512
v 0.215875 0.335072 0.967413
v 0.198563 -0.382307 0.431050
v 0.198288 -0.381546 0.431790
v 0.206429 -0.033145 0.862050
v 0.212949 -0.032356 0.860992
v 0.207800 0.068763 0.906491
v 0.213103 0.302596 0.963427
v 0.199446 0.428178 0.977522
v 0.200166 0.438215 0.975421
v 0.200816 0.437468 0.975568
v 0.202262 0.436504 0.975981
v 0.200816 0.437468 0.975568
v 0.197047 0.439053 0.975669
v 0.196402 0.439656 0.975558
v 0.211426 -0.109490 0.815216
v 0.209952 -0.071736 0.839713
v 0.206059 0.095307 0.916095
v 0.206091 0.095260 0.916238
v 0.212045 0.423091 0.975447
v 0.211359 0.426697 0.974723
v 0.205285 0.434081 0.974110
v 0.203827 0.436084 0.975366
v 0.214921 -0.107189 0.815763
v 0.206407 -0.090932 0.828745
v 0.205713 0.122205 0.924784
v 0.206647 0.156243 0.933713
v 0.206698 0.156182 0.933943
v 0.214310 0.343896 0.968588
v 0.215414 -0.381307 0.424100
v 0.209486 -0.067574 0.842209
v 0.209313 -0.006390 0.874757
v 0.206653 0.000403 0.879128
v 0.207226 0.000772 0.878281
v 0.207749 0.068840 0.906274
v 0.205784 0.133353 0.927696
v 0.207310 0.135314 0.928064
v 0.210257 0.164266 0.934963
v 0.210305 0.164209 0.935182
v 0.206376 0.181472 0.940411
v 0.206381 0.181466 0.940434
v 0.210157 0.188637 0.941289
v 0.215017 0.393049 0.973251
v 0.215424 0.392923 0.972776
v 0.207265 0.431915 0.975497
v 0.209674 0.027332 0.889850
v 0.209674 0.027332 0.889850
v 0.205880 0.050945 0.900549
v 0.208884 0.081077 0.910385
v 0.208928 0.081008 0.910590
v 0.208906 0.100780 0.916525
v 0.209038 0.100584 0.917134
v 0.211400 0.258660 0.955887
v 0.210296 0.260879 0.957026
v 0.210965 0.268713 0.958183
v 0.210526 0.376173 0.973059
v 0.209135 0.400662 0.975272
v 0.212900 -0.089135 0.827879
v 0.212990 -0.089366 0.828243
v 0.211445 -0.056809 0.848208
v 0.209790 0.228179 0.950439
v 0.216237 0.238859 0.951344
v 0.211000 0.437440 0.973518
v 0.210356 0.438205 0.973374
v 0.211000 0.437440 0.973518
v 0.206680 0.439674 0.973528
v 0.214956 -0.381146 0.424137
v 0.212831 -0.106862 0.816557
v 0.212939 -0.032334 0.860950
v 0.211830 0.000328 0.877340
v 0.212083 0.057086 0.901221
v 0.212112 0.057039 0.901344
v 0.216254 0.238845 0.951409
v 0.213024 0.302650 0.963068
v 0.215874 0.335073 0.967403
v 0.214244 0.343931 0.968285
v 0.225315 -0.111673 0.809971
v 0.214219 0.126775 0.924082
v 0.212683 0.130110 0.925347
v 0.212548 0.130948 0.925642
v 0.214629 0.199983 0.942959
v 0.214644 0.199966 0.943031
v 0.217355 0.270888 0.957176
v 0.217534 0.433722 0.976205
v 0.213872 0.436010 0.973315
v 0.226594 -0.443658 0.387248
v 0.215593 -0.067235 0.840421
v 0.215683 -0.067451 0.840789
v 0.219691 0.270573 0.959277
v 0.216002 0.278270 0.958782
v 0.216002 0.278270 0.958782
v 0.211805 0.437603 0.973288
v 0.220433 0.399282 0.975610
v 0.234971 -0.114208 0.805645
v 0.269920 0.051085 0.885116
v 0.232917 0.430890 0.970848
v 0.298371 -0.201481 0.711825
v 0.225187 -0.111344 0.809491
v 0.296350 0.109250 0.898694
v 0.235085 -0.114467 0.806030
v 0.248662 -0.443524 0.371349
v 0.246010 -0.443621 0.374808
v 0.240516 -0.121703 0.798372
v 0.240550 -0.121785 0.798486
v 0.283923 -0.380558 0.381859
v 0.245336 -0.444436 0.373290
v 0.264637 -0.124833 0.788527
v 0.284088 -0.380807 0.382039
v 0.255767 -0.121945 0.793735
v 0.253674 -0.119592 0.796070
v 0.251003 -0.443452 0.369212
v 0.282937 -0.409631 0.364458
v 0.262681 -0.443877 0.361132
v 0.262695 -0.443905 0.361156
v 0.266086 -0.124151 0.787883
v 0.283725 -0.124386 0.782197
v 0.269844 -0.442983 0.354683
v 0.269831 -0.443079 0.354655
v 0.326341 -0.364411 -0.373732
v 0.283272 -0.443391 0.344914
v 0.283036 -0.443128 0.344655
v 0.284711 -0.124923 0.785655
v 0.294429 -0.132066 0.772734
v 0.345655 -0.033652 0.817868
v 0.285352 -0.128332 0.778730
v 0.394052 -0.314435 0.478856
v 0.294321 -0.131837 0.772437
v 0.363988 -0.364937 0.339274
v 0.298884 -0.379759 0.372267
v 0.298625 -0.379472 0.371761
v 0.310808 -0.132753 0.765918
v 0.301767 -0.444906 0.328079
v 0.299264 -0.381164 0.369540
v 0.310821 -0.132782 0.765953
v 0.302056 -0.445230 0.328467
v 0.321869 -0.143864 0.752328
v 0.376793 -0.452803 0.216962
v 0.337005 -0.379229 0.337693
v 0.414072 -0.234388 0.612487
v 0.363628 -0.378609 0.305639
v 0.380403 0.247060 0.901680
v 0.319600 -0.138192 0.757840
v 0.322868 -0.137595 0.756957
v 0.342535 -0.445650 0.285824
v 0.324132 -0.144689 0.750662
v 0.389703 0.371678 0.918357
v 0.324838 -0.145522 0.749698
v 0.327354 -0.138408 0.757458
v 0.341850 -0.444862 0.285211
v 0.331244 -0.141304 0.750408
v 0.331244 -0.141304 0.750408
v 0.367055 -0.451744 -0.233239
v 0.336672 -0.145429 0.744644
v 0.336261 -0.145882 0.744066
v 0.336883 -0.379073 0.337528
v 0.421640 -0.288694 0.515209
v 0.347904 -0.147011 0.737405
v 0.348136 -0.147433 0.737905
v 0.353144 -0.148372 0.734959
v 0.351370 -0.153079 0.731133
v 0.355474 -0.154422 0.727928
v 0.357193 -0.155312 0.726535
v 0.370962 -0.377877 0.300522
v 0.386523 -0.159221 0.709090
v 0.385839 -0.158870 0.708616
v 0.371842 -0.445219 0.246927
v 0.398830 -0.445789 0.200045
v 0.381680 -0.444508 0.228706
v 0.370798 -0.444081 0.246247
v 0.373710 -0.376995 0.298345
v 0.436003 -0.078696 0.743834
v 0.444689 0.125820 0.838185
v 0.382085 -0.444536 0.228935
v 0.383224 -0.442914 0.229542
v 0.415742 -0.390561 0.218514
v 0.387637 -0.444924 0.218288
v 0.392898 -0.443363 0.213976
v 0.393340 -0.378565 -0.264989
v 0.390491 -0.377431 -0.268605
v 0.394261 -0.442604 0.209009
v 0.394996 -0.443084 0.206173
v 0.400261 -0.159563 0.700200
v 0.400285 -0.159601 0.700242
v 0.430085 0.012936 0.801398
v 0.417327 -0.377155 0.233299
v 0.402193 -0.378583 -0.251831
v 0.402174 -0.378565 -0.251817
v 0.436876 -0.162977 0.675800
v 0.404334 -0.441126 0.180995
v 0.404870 -0.444071 0.183787
v 0.416756 -0.377232 0.234382
v 0.450706 -0.365380 0.197014
v 0.408941 -0.443834 0.177321
v 0.421842 -0.443279 0.141737
v 0.423664 -0.444144 0.134296
v 0.442068 -0.170993 0.664375
v 0.421491 -0.442960 0.141624
v 0.433056 -0.444221 0.103921
v 0.423247 -0.443754 0.134173
v 0.464928 -0.379998 0.095894
v 0.437113 -0.163364 0.676242
v 0.425251 -0.443979 0.125434
v 0.425211 -0.443951 0.125421
v 0.428532 -0.444938 0.111195
v 0.429715 -0.442518 0.110890
v 0.430828 -0.442481 0.111976
v 0.428539 -0.440865 -0.123728
v 0.428662 -0.440546 -0.124062
v 0.447358 -0.379817 -0.147229
v 0.469398 0.435033 0.880580
v 0.431364 -0.442430 0.102496
v 0.430364 -0.438808 -0.121210
v 0.434620 -0.433880 -0.114163
v 0.430482 -0.440536 -0.116994
v 0.432150 -0.440782 -0.106850
v 0.432667 -0.440796 -0.107489
v 0.433632 -0.438912 -0.107387
v 0.433541 -0.438514 -0.108666
v 0.432548 -0.438498 -0.113082
v 0.433679 -0.378503 -0.192263
v 0.511941 0.213391 0.826566
v 0.438068 -0.443456 0.071662
v 0.433998 -0.433308 -0.114703
v 0.434656 -0.438906 -0.103074
v 0.434656 -0.438906 -0.103074
v 0.439111 -0.444233 0.072154
v 0.435198 -0.443440 -0.086034
v 0.443212 -0.443706 0.040835
v 0.440135 -0.420511 -0.111767
v 0.454629 -0.376584 0.140829
v 0.438746 -0.380241 -0.174845
v 0.454765 -0.376278 0.140790
v 0.442001 -0.170888 0.664270
v 0.442428 -0.442677 -0.042600
v 0.443521 -0.443771 0.040805
v 0.442511 -0.442724 -0.042589
v 0.440243 -0.420553 -0.111792
v 0.443875 -0.380508 -0.159371
v 0.444796 -0.380512 -0.158192
v 0.452954 -0.172063 0.655833
v 0.452982 -0.172790 0.654879
v 0.464778 -0.378441 0.085105
v 0.461869 -0.379687 -0.089807
v 0.448015 -0.403919 -0.105948
v 0.448020 -0.404306 -0.106064
v 0.456104 -0.383009 -0.112991
v 0.447695 -0.380436 -0.147044
v 0.506626 -0.320379 0.321930
v 0.467887 -0.379694 -0.053258
v 0.453458 -0.379358 -0.131079
v 0.471729 -0.379416 0.020192
v 0.453528 -0.393713 -0.100837
v 0.453106 -0.394686 -0.100386
v 0.453073 -0.389551 -0.110776
v 0.454098 -0.390988 -0.103562
v 0.454318 -0.389308 -0.106167
v 0.453448 -0.389899 -0.108560
v 0.454372 -0.387252 -0.110298
v 0.452558 -0.380214 -0.136259
v 0.457898 -0.177040 0.647092
v 0.455104 -0.389500 -0.102270
v 0.455992 -0.387302 -0.103392
v 0.457569 -0.385824 -0.107586
v 0.455138 -0.387312 -0.106900
v 0.455138 -0.387312 -0.106900
v 0.456450 -0.385220 -0.106295
v 0.455138 -0.387312 -0.106900
v 0.454051 -0.383292 -0.119104
v 0.457906 -0.377811 0.131962
v 0.457184 -0.385260 -0.102912
v 0.457184 -0.385260 -0.102912
v 0.458075 -0.382712 -0.105658
v 0.457373 -0.377346 0.131810
v 0.466058 -0.173176 0.645277
v 0.534814 0.340431 0.837671
v 0.458555 -0.382862 -0.104191
v 0.458095 -0.383084 -0.102255
v 0.464317 -0.174230 0.644771
v 0.552954 0.002252 0.715641
v 0.545518 0.086449 0.761836
v 0.507833 0.438176 0.857531
v 0.462269 -0.380894 -0.092179
v 0.531122 -0.119894 0.649026
v 0.464490 -0.379541 0.095608
v 0.464170 -0.380902 -0.079457
v 0.465813 -0.380131 -0.076591
v 0.465459 -0.378317 0.084633
v 0.467820 -0.179424 0.637232
v 0.472818 -0.178532 0.634343
v 0.466722 -0.380209 -0.070158
v 0.535883 -0.282740 0.402826
v 0.527592 -0.234203 0.516626
v 0.482283 -0.177790 0.628530
v 0.473579 -0.172146 0.640630
v 0.470695 -0.380946 -0.032019
v 0.470676 -0.380914 -0.032064
v 0.470132 -0.379279 0.060557
v 0.469055 -0.380402 -0.053608
v 0.470600 -0.379469 0.056149
v 0.472699 -0.172534 0.640868
v 0.473398 -0.381122 0.005277
v 0.474151 -0.381518 0.005036
v 0.472710 -0.379806 0.019871
v 0.478201 -0.175613 0.633771
v 0.477560 -0.174438 0.635254
v 0.493375 -0.363878 0.052089
v 0.482502 -0.179270 0.626264
v 0.496975 -0.171057 0.623814
v 0.497026 -0.171128 0.623878
v 0.498538 -0.180493 0.612531
v 0.498732 -0.179724 0.612905
v 0.498408 -0.178032 0.615044
v 0.498408 -0.178032 0.615044
v 0.504460 -0.178972 0.609040
v 0.504634 -0.177625 0.610447
v 0.504800 -0.179580 0.608128
v 0.525546 -0.313801 -0.323815
v 0.529685 -0.179788 0.585785
v 0.589155 -0.318734 -0.139640
v 0.529784 -0.179916 0.585891
v 0.561529 -0.187342 0.546676
v 0.598224 0.431399 0.800525
v 0.538526 -0.183357 0.572088
v 0.537557 -0.183251 0.573613
v 0.599890 -0.321689 0.034273
v 0.546387 -0.183346 0.565593
v 0.599006 -0.303720 0.217133
v 0.546156 -0.183074 0.566210
v 0.547450 -0.184646 0.562963
v 0.557067 -0.181753 0.557069
v 0.553730 -0.180427 0.561965
v 0.553444 -0.179926 0.563021
v 0.555262 -0.182038 0.558426
v 0.561561 -0.186423 0.546444
v 0.595254 -0.293284 -0.273708
v 0.627247 0.267746 0.757327
v 0.582204 -0.182346 0.529395
v 0.631302 -0.247076 0.344951
v 0.582204 -0.182347 0.529396
v 0.586218 -0.185666 0.520420
v 0.601989 -0.060029 0.632118
v 0.615804 -0.187018 0.483353
v 0.588594 -0.184697 0.518965
v 0.660718 -0.129051 0.505458
v 0.593159 -0.183525 0.514755
v 0.592539 -0.183842 0.515532
v 0.594466 -0.180784 0.517530
v 0.594466 -0.180784 0.517530
v 0.630615 -0.206059 0.431701
v 0.615642 -0.186821 0.483224
v 0.672486 0.028749 0.621794
v 0.624930 -0.185950 0.471022
v 0.624957 -0.185981 0.471042
v 0.671287 -0.249417 -0.253255
v 0.639814 -0.182974 0.455006
v 0.671451 -0.080012 0.540278
v 0.647260 -0.185013 0.440977
v 0.639766 -0.182922 0.454972
v 0.638426 0.445109 0.757326
v 0.640549 0.445142 0.755335
v 0.675446 -0.281088 0.003204
v 0.652640 -0.283530 0.156563
v 0.658594 -0.184928 0.423054
v 0.647253 -0.185006 0.440972
v 0.671246 0.142823 0.678914
v 0.659001 -0.185353 0.423300
v 0.694991 0.310230 0.706070
v 0.708460 -0.186847 0.330567
v 0.677595 -0.185646 0.389797
v 0.663930 -0.187755 0.410187
v 0.663823 -0.187643 0.410121
v 0.671460 -0.184350 0.402843
v 0.707464 -0.237381 0.183384
v 0.677421 -0.185467 0.389702
v 0.671473 -0.184363 0.402851
v 0.694153 -0.184848 0.359671
v 0.697726 -0.187205 0.348342
v 0.737738 -0.139487 0.359172
v 0.694576 -0.184296 0.360473
v 0.694689 -0.183098 0.362350
v 0.697453 -0.186930 0.348210
v 0.724024 -0.184932 0.293327
v 0.749839 0.129438 0.584867
v 0.756043 -0.209875 -0.043012
v 0.745597 -0.218113 0.076624
v 0.707393 -0.185744 0.330044
v 0.717497 -0.183038 0.313374
v 0.766827 -0.070318 0.403398
v 0.734298 -0.183900 0.268954
v 0.717460 -0.183002 0.313358
v 0.714276 -0.155887 -0.370607
v 0.715729 -0.157931 -0.364233
v 0.744841 0.004935 0.514281
v 0.721672 -0.186188 0.295544
v 0.726941 -0.185100 0.284479
v 0.726891 -0.180848 0.296636
v 0.743476 -0.184282 0.238938
v 0.734482 -0.184033 0.267439
v 0.744312 -0.185012 0.239194
v 0.745104 -0.144026 -0.325503
v 0.789584 0.412639 0.612355
v 0.816173 -0.123966 -0.141550
v 0.750703 -0.184584 0.208606
v 0.750778 -0.184642 0.208627
v 0.777549 -0.172112 0.139959
v 0.786415 -0.124077 -0.257937
v 0.823977 0.137458 0.479828
v 0.760958 -0.181876 0.180150
v 0.758939 -0.180410 0.194022
v 0.758641 -0.180146 0.193953
v 0.756552 -0.180562 0.203212
v 0.756552 -0.180562 0.203212
v 0.765284 -0.132565 -0.296628
v 0.758951 -0.137726 -0.304210
v 0.770509 -0.173619 0.168554
v 0.760924 -0.181846 0.180142
v 0.798893 -0.090671 -0.291415
v 0.770087 -0.173264 0.168463
v 0.766103 -0.131968 -0.296908
v 0.780344 0.253202 0.595395
v 0.769487 -0.173011 0.176294
v 0.769488 -0.173012 0.176294
v 0.809632 -0.089492 0.264705
v 0.798837 0.031528 0.447939
v 0.776864 -0.174130 0.130421
v 0.777102 -0.171737 0.139888
v 0.817626 -0.129025 0.111094
v 0.776617 -0.173927 0.130385
v 0.780924 -0.122714 -0.275128
v 0.780926 -0.122715 -0.275129
v 0.802084 -0.154835 0.029520
v 0.787748 -0.163581 0.116776
v 0.787681 -0.163526 0.116766
v 0.785885 -0.123676 -0.257763
v 0.793565 -0.162855 0.066565
v 0.790998 -0.162421 0.096744
v 0.790821 -0.162276 0.096726
v 0.793504 -0.162806 0.066561
v 0.844437 0.303960 0.517103
v 0.805589 -0.150449 0.001400
v 0.804327 -0.151489 0.019954
v 0.799876 -0.157142 0.030710
v 0.800929 -0.155646 0.049740
v 0.800276 -0.155680 0.050530
v 0.808480 -0.146479 -0.001886
v 0.810268 -0.104626 -0.217215
v 0.805058 -0.107898 -0.228943
v 0.805005 -0.107863 -0.228929
v 0.801268 -0.155662 0.021134
v 0.810783 -0.142279 -0.039621
v 0.807662 -0.147493 0.005166
v 0.805747 -0.149728 0.014592
v 0.806068 -0.148806 0.010301
v 0.806482 -0.148223 0.039628
v 0.814659 -0.133104 -0.079345
v 0.816014 -0.122497 -0.129649
v 0.807765 -0.147877 -0.007843
v 0.807292 -0.147524 0.031912
v 0.807292 -0.147524 0.031912
v 0.807288 -0.147296 0.039376
v 0.810070 -0.104497 -0.217164
v 0.847209 0.014456 0.323367
v 0.810258 -0.142926 -0.037565
v 0.812870 -0.139611 -0.034296
v 0.809406 -0.144542 -0.028776
v 0.809406 -0.144542 -0.028776
v 0.815753 -0.127954 -0.100699
v 0.812809 -0.139645 -0.034873
v 0.815755 -0.130584 -0.080527
v 0.815772 -0.128018 -0.100872
v 0.815414 -0.128564 -0.100730
v 0.816168 -0.119447 -0.140886
v 0.815786 -0.122357 -0.131285
v 0.816293 -0.112699 -0.166415
v 0.816706 -0.104614 -0.190807
v 0.813648 -0.101897 -0.209825
v 0.814666 -0.102651 -0.204885
v 0.815378 -0.098691 -0.213175
v 0.817398 -0.111782 -0.163836
v 0.819027 -0.105767 -0.175972
v 0.816870 -0.106848 -0.183036
v 0.817434 -0.103484 -0.190717
v 0.817688 -0.118816 -0.133782
v 0.819732 -0.113824 -0.143180
v 0.819602 -0.104148 -0.178418
v 0.818904 -0.106090 -0.175706
v 0.818941 -0.097474 -0.201687
v 0.820185 -0.096404 -0.195703
v 0.819896 -0.120904 -0.107868
v 0.819587 -0.122099 -0.103620
v 0.826457 -0.086469 -0.199347
v 0.828593 -0.083851 -0.197249
v 0.827108 -0.089598 -0.187766
v 0.827748 -0.086666 -0.193416
v 0.879226 0.129786 0.363300
v 0.856775 -0.048847 0.174942
v 0.897222 0.433289 0.439198
v 0.901875 0.006776 0.022383
v 0.873577 0.000256 -0.205412
v 0.905600 0.309461 0.405759
v 0.873573 0.000257 -0.205412
v 0.903310 0.088735 0.247443
v 0.914177 0.056163 0.133392
v 0.889570 0.040728 -0.218171
v 0.877202 0.009268 -0.208476
v 0.877109 0.009312 -0.208454
v 0.889649 0.040729 -0.216086
v 0.940506 0.106382 -0.074256
v 0.907682 0.083858 -0.214744
v 0.901287 0.067455 -0.212691
v 0.899410 0.063558 -0.214511
v 0.904675 0.072919 -0.207948
v 0.895708 0.136632 -0.317269
v 0.904552 0.077452 -0.215511
v 0.903634 0.071478 -0.209878
v 0.906851 0.078148 -0.207295
v 0.911609 0.093410 -0.210942
v 0.941133 0.262128 0.286454
v 0.925517 0.437277 0.371322
v 0.908106 0.086155 -0.213045
v 0.938132 0.349962 -0.332733
v 0.937208 0.135403 -0.161520
v 0.911477 0.093458 -0.210910
v 0.920493 0.117519 -0.208713
v 0.929422 0.148437 -0.213894
v 0.920393 0.117551 -0.208690
v 0.957292 0.209039 0.170965
v 0.926628 0.136370 -0.207941
v 0.956004 0.147612 0.023108
v 0.926977 0.137443 -0.207902
v 0.934648 0.235006 -0.280565
v 0.931366 0.156535 -0.212677
v 0.931901 0.157630 -0.212999
v 0.959086 0.370148 0.282026
v 0.939956 0.184537 -0.210910
v 0.940033 0.184516 -0.210929
v 0.941432 0.194132 -0.214603
v 0.941098 0.194219 -0.214526
v 0.950755 0.253800 -0.235042
v 0.946160 0.212215 -0.214351
v 0.946312 0.212177 -0.214387
v 0.950397 0.234165 -0.218389
v 0.950533 0.234260 -0.218356
v 0.950670 0.253120 -0.234316
v 0.950776 0.260838 -0.240120
v 0.950814 0.260843 -0.240139
v 0.958887 0.285120 -0.227046
v 0.954479 0.250191 -0.216382
v 0.954530 0.250180 -0.216395
v 0.957390 0.273180 -0.222448
v 0.957646 0.273132 -0.222510
v 0.958748 0.285145 -0.227011
v 0.960787 0.299793 -0.227856
v 0.964277 0.327447 -0.231128
v 0.969820 0.416093 -0.236793
v 0.965490 0.433656 -0.251105
v 0.960965 0.440205 -0.257172
v 0.960808 0.440716 -0.256664
v 0.964098 0.327472 -0.231086
v 0.967081 0.344162 -0.228814
v 0.967952 0.363736 -0.233509
v 0.963056 0.437750 -0.253774
v 0.963353 0.438578 -0.251040
v 0.962799 0.438661 -0.253080
v 0.963250 0.436659 -0.254445
v 0.963056 0.437750 -0.253774
v 0.963060 0.439862 -0.249972
v 0.963266 0.441130 -0.246112
v 0.965035 0.434128 -0.250594
v 0.964992 0.434404 -0.250530
v 0.967811 0.344402 -0.228740
v 0.966663 0.363266 -0.238602
v 0.969180 0.383906 -0.235418
v 0.965127 0.424747 -0.236932
v 0.967058 0.433982 -0.242928
v 0.967058 0.433982 -0.242928
v 0.967058 0.433982 -0.242928
v 0.969165 0.364307 -0.228951
v 0.968942 0.382504 -0.236108
v 0.970271 0.414553 -0.235949
v 0.964888 0.422056 -0.237425
v 0.968837 0.432227 -0.236446
v 0.969118 0.431487 -0.236805
v 0.969092 0.432774 -0.235855
v 0.969076 0.432178 -0.236472
v 0.968145 0.310519 -0.219739
v 0.971890 0.384075 -0.228515
v 0.983509 0.301379 0.119946
v 0.978381 0.260566 -0.107471
v 0.993890 0.321065 0.022781
v 0.999181 0.424989 -0.071944
v -0.158438 0.441072 -0.980054
vn -0.9893 -0.1306 -0.0644
vn -0.9946 -0.0713 0.0755
vn -0.9851 0.1715 -0.0148
vn -0.9571 0.2538 -0.1399
vn -0.8867 0.4280 0.1747
vn -0.9853 0.1543 0.0734
vn -0.9324 0.3596 0.0366
vn -0.9057 0.4236 -0.0162
vn -0.9377 0.3408 -0.0669
vn -0.9441 0.3199 -0.0792
vn -0.9704 -0.0207 -0.2406
vn -0.9843 -0.0411 0.1718
vn -0.8258 0.5517 -0.1168
vn -0.7980 0.6020 -0.0281
vn -0.5773 0.8164 -0.0154
vn -0.4909 0.8705 -0.0340
vn -0.6372 0.7706 0.0095
vn -0.5848 0.8057 0.0939
vn -0.3227 0.9462 0.0248
vn -0.9727 -0.2149 0.0880
vn -0.9721 0.0537 0.2282
vn -0.8461 0.5248 0.0930
vn -0.9705 -0.1772 -0.1638
vn -0.9842 -0.0862 0.1548
vn -0.7564 0.1161 -0.6437
vn -0.9521 0.1220 0.2804
vn -0.7051 0.6930 0.1501
vn -0.8473 0.5219 -0.0986
vn -0.9523 0.2817 -0.1171
vn -0.9311 -0.3341 -0.1465
vn -0.6181 0.7797 -0.1001
vn -0.6303 0.7701 0.0985
vn -0.9849 -0.0880 0.1492
vn -0.9676 -0.0789 0.2398
vn -0.8685 0.3395 0.3612
vn -0.9917 0.0216 0.1266
vn -0.8409 0.5330 -0.0938
vn -0.8202 0.5580 -0.1259
vn -0.1782 0.9840 -0.0094
vn -0.9841 -0.1120 0.1376
vn -0.9975 -0.0497 0.0498
vn -0.9569 -0.0437 0.2870
vn -0.9874 0.0664 0.1440
vn -0.6292 0.7770 -0.0195
vn -0.3731 0.9245 0.0779
vn -0.9825 -0.0665 0.1737
vn -0.9754 -0.0903 0.2009
vn -0.9692 0.2344 0.0758
vn -0.9793 0.0108 0.2020
vn -0.9752 0.1564 0.1569
vn -0.9168 0.3848 0.1070
vn -0.3316 0.9414 -0.0620
vn -0.7176 0.6837 0.1326
vn -0.9531 -0.2966 -0.0604
vn -0.9830 -0.1317 0.1280
vn -0.9753 -0.1357 0.1743
vn -0.9690 -0.1540 0.1932
vn -0.9452 -0.3233 0.0458
vn -0.2217 0.8808 0.4184
vn -0.1747 0.8846 0.4324
vn -0.1334 0.8855 0.4451
vn -0.8452 0.5118 -0.1542
vn -0.9158 0.3334 -0.2239
vn -0.8355 0.5281 -0.1519
vn -0.4883 0.8674 -0.0958
vn -0.9748 -0.1583 0.1573
vn -0.9703 -0.1329 0.2020
vn -0.9963 -0.0207 -0.0837
vn -0.9847 -0.0967 0.1448
vn -0.7387 0.6546 0.1610
vn -0.9737 -0.1537 0.1683
vn -0.9411 0.1516 0.3024
vn -0.9228 0.2352 -0.3051
vn -0.7980 0.5436 0.2601
vn -0.9505 0.1460 0.2743
vn -0.9193 0.2978 0.2575
vn -0.3982 0.9132 0.0871
vn -0.8671 0.4638 -0.1817
vn -0.9544 -0.2314 0.1884
vn -0.9719 -0.1699 0.1626
vn -0.8760 0.4446 -0.1869
vn -0.7837 0.5923 0.1872
vn -0.4590 0.8831 -0.0976
vn -0.9495 -0.1641 0.2675
vn -0.9061 0.3667 -0.2110
vn -0.7688 0.6187 0.1615
vn -0.5130 0.8503 -0.1178
vn -0.9641 -0.1681 0.2057
vn -0.8865 -0.3251 -0.3293
vn -0.3597 0.9318 -0.0484
vn -0.2102 0.9748 -0.0752
vn -0.8505 0.4784 -0.2184
vn 0.3772 0.9258 -0.0245
vn -0.9518 -0.2160 0.2179
vn -0.9617 -0.1851 0.2024
vn -0.9634 -0.1759 0.2022
vn -0.4975 0.8592 -0.1192
vn -0.9416 0.2683 -0.2033
vn -0.9014 0.3717 0.2220
vn -0.5216 0.8431 -0.1311
vn -0.9402 -0.3382 0.0408
vn -0.9228 0.3308 -0.1975
vn -0.5678 0.7646 -0.3049
vn -0.6378 0.7501 0.1747
vn -0.4400 0.8939 -0.0860
vn -0.9451 -0.2691 0.1853
vn -0.8993 -0.2777 0.3378
vn -0.8844 0.4061 0.2299
vn -0.4726 0.8739 -0.1135
vn -0.5324 0.8347 -0.1410
vn -0.9463 -0.2370 0.2200
vn -0.9473 -0.2283 0.2247
vn -0.9327 -0.1802 -0.3123
vn -0.8828 0.4194 -0.2117
vn -0.6188 0.7534 -0.2223
vn -0.4277 0.8931 0.1391
vn -0.7869 0.5512 -0.2775
vn -0.5773 0.8026 -0.1505
vn -0.9524 -0.2537 0.1690
vn -0.9458 -0.2447 0.2136
vn -0.9255 -0.2414 0.2917
vn -0.5353 0.8326 -0.1422
vn -0.9508 -0.2654 0.1601
vn -0.9435 -0.2508 0.2165
vn -0.9057 0.2146 -0.3656
vn -0.8655 0.4097 0.2882
vn -0.8134 0.4893 -0.3144
vn -0.8122 0.4824 -0.3279
vn -0.1141 0.9922 0.0494
vn -0.9493 -0.2865 0.1299
vn -0.8581 0.4096 0.3096
vn -0.8081 0.5002 -0.3111
vn -0.9359 -0.0509 0.3485
vn -0.4091 0.9019 0.1389
vn -0.9084 -0.2424 0.3406
vn -0.5270 0.8224 -0.2143
vn -0.9551 -0.2726 0.1159
vn -0.7783 0.5758 -0.2503
vn -0.5356 0.8223 -0.1922
vn -0.9411 -0.2629 0.2125
vn -0.9232 -0.1000 0.3710
vn -0.8536 0.4034 -0.3295
vn -0.5418 0.8188 -0.1897
vn 0.4857 0.8639 -0.1336
vn -0.9242 -0.3177 0.2120
vn -0.5600 0.8030 -0.2038
vn -0.9372 -0.3277 0.1192
vn -0.8983 -0.0917 -0.4297
vn -0.8723 0.3530 0.3385
vn -0.6215 0.7591 -0.1936
vn -0.9617 -0.2617 0.0820
vn -0.8762 0.2271 0.4252
vn -0.5998 0.7624 -0.2428
vn -0.8489 0.4134 -0.3293
vn -0.9027 -0.3889 -0.1839
vn -0.9397 -0.2779 -0.1993
vn -0.8292 0.4594 -0.3184
vn -0.8951 -0.4429 -0.0510
vn -0.7446 0.6091 -0.2731
vn -0.4398 0.8784 -0.1870
vn 0.3977 0.9144 0.0752
vn 0.3252 0.9393 0.1090
vn -0.8715 0.3464 0.3472
vn -0.8941 -0.4408 0.0789
vn 0.7076 0.7065 0.0147
vn 0.6251 0.7802 -0.0239
vn -0.7813 0.5321 -0.3262
vn -0.5365 0.8077 -0.2447
vn 0.4865 -0.8475 0.2123
vn -0.9203 -0.3639 0.1435
vn -0.8489 -0.2819 0.4470
vn -0.9185 -0.3272 0.2219
vn -0.8868 -0.3731 0.2728
vn -0.9111 -0.3599 0.2008
vn -0.8834 -0.1816 0.4319
vn 0.7935 0.6085 -0.0000
vn 0.8042 0.5937 -0.0273
vn 0.8441 0.5343 0.0464
vn 0.7212 0.6924 0.0198
vn 0.6405 0.7664 0.0491
vn 0.5233 0.8467 0.0967
vn -0.7929 0.5511 -0.2602
vn -0.6764 0.7027 -0.2209
vn -0.7540 0.5723 -0.3224
vn -0.7783 0.5325 -0.3327
vn -0.2109 -0.9773 -0.0198
vn -0.7704 0.5873 -0.2480
vn -0.8068 0.5001 -0.3146
vn -0.8007 0.4854 0.3510
vn -0.8962 -0.1787 0.4061
vn -0.3335 0.9275 0.1688
vn -0.9138 -0.3452 0.2141
vn -0.8945 -0.3009 -0.3307
vn -0.7988 0.5017 -0.3320
vn -0.7791 0.5212 -0.3483
vn -0.7241 0.6103 0.3214
vn -0.9136 -0.3799 0.1450
vn -0.8528 0.2627 -0.4513
vn -0.8993 -0.3812 0.2144
vn -0.8648 -0.1937 -0.4633
vn 0.4421 0.8930 0.0841
vn 0.3492 0.9354 0.0557
vn 0.6687 0.7285 0.1489
vn -0.7547 0.5563 0.3478
vn 0.5137 0.8194 -0.2546
vn 0.1076 0.9790 0.1732
vn -0.7611 0.5367 -0.3643
vn -0.9183 -0.0957 -0.3841
vn -0.4912 0.8418 -0.2241
vn -0.9041 -0.3767 0.2018
vn 0.8056 0.5821 -0.1105
vn 0.8420 0.5186 -0.1488
vn 0.8750 0.4772 -0.0815
vn -0.5287 0.8368 0.1421
vn 0.6927 0.7095 -0.1292
vn 0.5240 0.8462 0.0969
vn 0.6034 0.7813 0.1600
vn -0.9259 -0.3563 0.1255
vn -0.9081 -0.3930 0.1446
vn -0.8876 -0.4178 0.1941
vn -0.9438 -0.2696 -0.1913
vn -0.8501 -0.1068 0.5157
vn -0.9016 -0.3918 0.1832
vn -0.8982 -0.4131 0.1504
vn -0.0115 0.9997 0.0220
vn -0.0438 0.9985 0.0325
vn -0.1912 0.9745 -0.1174
vn -0.8774 -0.2971 0.3766
vn 0.6644 0.7333 -0.1444
vn 0.7269 0.6731 -0.1365
vn 0.7733 0.5839 0.2473
vn -0.7515 0.5687 0.3342
vn -0.8863 -0.4128 0.2100
vn 0.6511 0.7438 -0.1514
vn 0.7425 0.6363 0.2091
vn -0.7453 0.5554 -0.3688
vn -0.7388 0.5531 -0.3849
vn -0.8866 -0.4371 0.1513
vn 0.5371 0.8155 0.2157
vn -0.8455 -0.4745 0.2451
vn -0.8575 -0.2760 -0.4343
vn -0.7757 -0.5187 -0.3595
vn 0.6060 0.7707 -0.1970
vn -0.8731 -0.4648 0.1470
vn 0.6015 0.7597 -0.2472
vn -0.7233 0.5876 -0.3626
vn -0.8435 -0.5046 -0.1841
vn 0.7100 0.6915 -0.1331
vn 0.7235 0.6739 -0.1496
vn 0.7576 0.6321 -0.1625
vn -0.3410 0.9197 -0.1947
vn 0.8403 0.5122 -0.1774
vn -0.7518 0.4998 -0.4301
vn -0.8691 0.0595 0.4910
vn -0.2745 0.9409 0.1986
vn -0.8689 -0.4563 0.1917
vn -0.8781 -0.4318 0.2062
vn 0.8518 0.4569 -0.2561
vn -0.8164 -0.5756 -0.0459
vn -0.8646 -0.4828 0.1394
vn 0.3803 0.9066 0.1828
vn -0.7558 0.4836 -0.4416
vn -0.8126 0.2832 -0.5093
vn -0.8587 -0.4758 0.1904
vn -0.7874 0.3288 -0.5214
vn -0.7581 0.4710 -0.4511
vn -0.8246 -0.3069 -0.4753
vn -0.8494 -0.5089 0.1399
vn -0.8194 -0.0460 -0.5714
vn 0.6068 0.7496 0.2644
vn 0.6862 0.6849 0.2451
vn 0.8069 0.5425 0.2336
vn 0.7994 0.5009 -0.3318
vn 0.8316 0.4952 -0.2515
vn 0.8107 0.5211 -0.2669
vn -0.4813 0.8241 -0.2988
vn -0.8421 -0.5340 0.0753
vn -0.8584 -0.4805 0.1796
vn -0.8140 -0.4150 -0.4064
vn -0.8585 -0.4202 -0.2940
vn 0.8867 0.3861 -0.2542
vn 0.8819 0.4066 -0.2385
vn 0.8759 0.3707 -0.3089
vn 0.5908 0.7657 0.2542
vn 0.5415 0.8127 0.2151
vn -0.1789 0.9816 -0.0665
vn -0.8149 0.2239 0.5347
vn 0.2715 0.9489 -0.1607
vn -0.6151 0.6749 -0.4076
vn -0.7573 0.4765 -0.4465
vn -0.8551 0.0534 0.5156
vn -0.5832 0.7279 0.3607
vn 0.3337 0.9246 0.1837
vn -0.5191 0.7707 -0.3696
vn -0.8562 -0.4817 0.1866
vn 0.7213 0.6063 0.3349
vn 0.6753 0.6860 0.2708
vn -0.5087 0.8100 -0.2918
vn -0.8357 -0.5289 0.1479
vn -0.8233 -0.2815 0.4930
vn -0.8212 -0.3827 0.4233
vn 0.6114 0.7567 0.2314
vn 0.5736 0.7771 0.2592
vn -0.8155 -0.4647 0.3450
vn -0.6683 0.6021 -0.4369
vn -0.8244 -0.5488 0.1383
vn -0.5548 0.7821 -0.2838
vn -0.7844 -0.6190 0.0389
vn -0.8143 -0.5394 0.2142
vn -0.6574 0.6102 -0.4421
vn -0.5013 0.8068 -0.3127
vn -0.5628 0.7447 0.3587
vn -0.7920 -0.2069 0.5743
vn 0.8141 0.4510 -0.3658
vn 0.7842 0.5423 -0.3016
vn 0.7576 0.5415 -0.3644
vn -0.6432 0.6326 -0.4314
vn -0.6656 0.6113 -0.4281
vn -0.8340 0.0508 0.5495
vn -0.7518 0.2387 0.6147
vn -0.6324 -0.6430 -0.4320
vn -0.3905 0.8740 -0.2892
vn 0.4433 0.8633 -0.2411
vn 0.5954 0.7409 -0.3106
vn 0.6108 0.7465 -0.2639
vn -0.6619 0.5991 -0.4506
vn -0.7945 -0.2002 -0.5733
vn 0.5838 0.7306 -0.3541
vn -0.6478 0.6426 -0.4093
vn -0.8052 -0.5838 0.1044
vn -0.7814 -0.6030 -0.1609
vn -0.7729 -0.5404 -0.3325
vn -0.3700 0.8837 -0.2867
vn -0.5260 0.7475 0.4056
vn -0.8062 -0.5753 0.1377
vn -0.8137 -0.5662 0.1318
vn -0.7574 -0.0986 0.6455
vn -0.6834 0.5503 -0.4796
vn -0.7375 0.4100 0.5366
vn -0.3754 0.8918 -0.2526
vn -0.7587 -0.5672 0.3205
vn -0.7680 0.1474 -0.6232
vn -0.4352 0.8463 -0.3073
vn -0.6277 0.6645 -0.4055
vn 0.2937 0.9263 -0.2358
vn -0.8081 -0.5742 0.1311
vn 0.5897 0.7240 -0.3579
vn 0.8952 0.3643 -0.2566
vn 0.8953 0.3625 -0.2589
vn -0.4474 0.8488 -0.2819
vn 0.5167 0.8172 0.2554
vn 0.4970 0.7977 0.3415
vn -0.0567 0.9983 -0.0114
vn 0.3228 0.9091 0.2634
vn -0.7492 -0.6540 0.1046
vn -0.7826 -0.6032 0.1540
vn -0.7472 0.5049 -0.4322
vn -0.7776 -0.6183 0.1142
vn -0.7750 -0.5972 0.2068
vn -0.7419 -0.6193 -0.2571
vn -0.7646 -0.6445 -0.0006
vn -0.7754 -0.6177 0.1310
vn -0.7794 -0.6103 0.1416
vn -0.7881 -0.5997 0.1388
vn -0.7459 -0.3396 0.5730
vn -0.3498 0.9005 -0.2583
vn -0.7736 -0.6256 0.1009
vn -0.7672 -0.6341 0.0967
vn -0.7740 -0.6266 0.0913
vn -0.7646 -0.6249 0.1574
vn -0.7888 -0.5887 0.1765
vn -0.7400 -0.6672 0.0858
vn -0.7927 -0.5853 0.1704
vn -0.4093 0.8725 -0.2667
vn -0.7566 -0.6478 0.0888
vn -0.7338 -0.6679 0.1246
vn -0.7745 -0.6104 0.1659
vn -0.7571 -0.1219 -0.6418
vn -0.0804 0.9950 -0.0599
vn 0.4905 0.8116 0.3174
vn -0.6818 -0.7311 0.0240
vn -0.6939 -0.7199 0.0196
vn -0.7751 -0.6208 0.1175
vn -0.7719 -0.6244 0.1198
vn -0.6677 0.5142 0.5383
vn -0.7336 -0.6750 0.0784
vn -0.6654 -0.7462 0.0211
vn 0.5709 0.7408 -0.3541
vn -0.4698 0.7874 0.3991
vn -0.7921 -0.5925 0.1469
vn -0.7733 -0.6026 0.1974
vn 0.9161 0.3778 -0.1343
vn 0.9063 0.3657 -0.2120
vn 0.8985 0.3923 -0.1972
vn 0.3542 0.9124 0.2050
vn -0.7611 -0.6477 -0.0352
vn -0.7669 -0.6417 -0.0097
vn -0.7422 -0.6700 0.0151
vn -0.7443 -0.6674 0.0264
vn -0.7235 -0.6811 0.1126
vn 0.8894 0.3768 -0.2589
vn 0.8570 0.4140 -0.3070
vn -0.5807 0.6870 -0.4369
vn -0.3021 0.9140 -0.2708
vn -0.7251 -0.6600 0.1966
vn -0.7259 -0.6579 0.2008
vn -0.7059 -0.6892 0.1631
vn -0.4511 0.8152 0.3632
vn -0.7505 -0.3877 -0.5352
vn 0.6099 0.6428 0.4635
vn -0.7273 -0.3269 -0.6034
vn -0.7420 -0.6704 0.0032
vn -0.7435 -0.6688 0.0026
vn -0.7591 -0.6468 -0.0742
vn -0.7600 -0.6479 -0.0503
vn -0.2589 0.9208 -0.2916
vn 0.4011 0.8539 0.3316
vn -0.5402 0.7445 -0.3922
vn -0.7482 -0.4699 0.4684
vn -0.7350 -0.6511 0.1894
vn -0.7270 -0.6476 0.2285
vn -0.7592 -0.5934 0.2672
vn -0.7182 -0.5273 -0.4540
vn -0.7176 -0.0383 -0.6954
vn -0.6564 0.5366 0.5303
vn -0.6980 0.3298 0.6356
vn -0.5804 0.6793 -0.4490
vn -0.7036 -0.7090 -0.0481
vn -0.7200 -0.6935 -0.0267
vn -0.7178 -0.6944 -0.0507
vn -0.7575 -0.6473 -0.0844
vn -0.7480 -0.6156 0.2480
vn -0.7589 -0.6064 0.2375
vn -0.7464 -0.2701 -0.6082
vn -0.6711 0.4068 -0.6198
vn -0.7398 -0.6572 -0.1440
vn -0.7603 -0.6415 -0.1021
vn -0.6605 -0.7118 0.2389
vn -0.7680 -0.5928 0.2426
vn 0.5020 0.7946 -0.3416
vn -0.7016 -0.6881 -0.1851
vn 0.0066 0.9966 -0.0826
vn -0.6889 -0.7207 -0.0775
vn -0.7189 -0.6584 0.2230
vn -0.7296 -0.6485 0.2169
vn -0.4662 0.7219 -0.5114
vn 0.8757 0.4128 -0.2506
vn 0.8545 0.4618 -0.2380
vn -0.7086 -0.2685 0.6526
vn -0.6544 0.2825 0.7014
vn -0.6312 -0.7633 0.1380
vn -0.7000 -0.6434 0.3097
vn -0.7313 -0.6412 0.2327
vn 0.8275 0.3868 -0.4069
vn -0.7031 -0.1878 0.6859
vn 0.4751 0.8243 -0.3079
vn 0.0344 0.9989 -0.0313
vn -0.6346 0.5672 -0.5249
vn -0.1673 0.9721 0.1642
vn -0.7105 -0.6572 0.2515
vn -0.3596 -0.9316 -0.0523
vn -0.7186 -0.6360 0.2813
vn 0.5033 0.7797 0.3725
vn -0.7039 0.3282 0.6299
vn -0.6221 -0.7754 -0.1085
vn -0.6885 -0.7143 -0.1256
vn -0.7110 -0.6422 0.2865
vn -0.6623 -0.6468 -0.3783
vn -0.6982 -0.6605 0.2761
vn -0.6674 -0.7284 -0.1549
vn -0.7123 -0.6391 0.2901
vn -0.7003 -0.6381 0.3199
vn -0.6264 0.4934 0.6035
vn -0.4080 0.8147 -0.4121
vn 0.8717 0.4477 -0.1992
vn 0.8537 0.4702 -0.2241
vn 0.8372 0.4943 -0.2340
vn 0.2496 0.9236 -0.2909
vn -0.6561 -0.7229 -0.2168
vn -0.6581 -0.7304 -0.1828
vn -0.7161 -0.6570 -0.2358
vn -0.6937 -0.6818 -0.2321
vn -0.7064 -0.6761 -0.2093
vn -0.6612 -0.4426 0.6057
vn -0.6533 -0.4157 -0.6328
vn -0.6740 -0.3150 -0.6682
vn -0.6610 -0.5068 -0.5534
vn -0.4854 0.7738 -0.4070
vn -0.4543 0.7507 -0.4796
vn -0.3539 0.8664 -0.3523
vn -0.3262 0.8856 -0.3306
vn -0.3132 0.8807 -0.3553
vn -0.6863 -0.6833 -0.2490
vn -0.4173 0.8290 -0.3724
vn -0.3680 0.8584 -0.3574
vn -0.2087 0.9473 -0.2430
vn -0.6791 -0.6082 0.4109
vn 0.8940 0.4477 0.0183
vn 0.8326 0.5522 -0.0424
vn 0.8078 0.5842 0.0783
vn -0.5475 0.4225 -0.7223
vn -0.4152 0.8452 -0.3365
vn -0.3917 0.8639 -0.3166
vn -0.3765 0.8608 -0.3424
vn -0.6825 -0.6706 0.2907
vn -0.6557 -0.1902 -0.7307
vn -0.6782 -0.0820 0.7303
vn -0.4169 0.7788 -0.4687
vn -0.6871 -0.6375 0.3486
vn -0.6481 -0.7275 -0.2255
vn -0.5844 -0.7855 -0.2037
vn 0.7815 0.3878 -0.4888
vn 0.7666 0.3779 -0.5192
vn -0.6687 -0.6807 -0.2990
vn -0.5941 0.4623 -0.6583
vn -0.5992 0.5337 0.5968
vn -0.4014 0.8087 -0.4300
vn -0.6826 -0.6824 -0.2615
vn 0.7112 0.4565 -0.5347
vn 0.5865 0.6384 -0.4984
vn 0.6264 0.4894 -0.6067
vn 0.4740 0.8026 -0.3622
vn 0.5259 0.4288 -0.7346
vn 0.5244 0.7350 -0.4298
vn 0.5952 0.6308 -0.4978
vn -0.1727 0.9477 0.2683
vn -0.6406 -0.7226 -0.2598
vn 0.4505 0.8298 0.3294
vn 0.4739 0.7497 0.4619
vn -0.6544 -0.7086 -0.2638
vn 0.8524 0.5045 -0.1372
vn 0.8249 0.5296 -0.1978
vn 0.8176 0.5439 -0.1890
vn -0.5121 0.5858 0.6282
vn -0.3700 0.8355 -0.4063
vn -0.6586 -0.6575 0.3659
vn 0.8186 0.5043 -0.2749
vn 0.7831 0.5041 -0.3641
vn 0.7947 0.5394 -0.2782
vn 0.5005 0.5010 -0.7060
vn -0.7980 -0.5118 -0.3182
vn -0.7275 -0.6157 -0.3027
vn -0.6295 -0.7334 -0.2568
vn -0.6307 -0.7137 0.3048
vn -0.6946 -0.6271 0.3525
vn -0.6733 -0.6521 0.3486
vn 0.2685 0.9257 0.2666
vn 0.3211 0.8853 0.3363
vn 0.4636 0.7654 0.4464
vn 0.4685 0.7490 0.4685
vn -0.6116 0.2172 -0.7608
vn -0.1489 0.9677 0.2036
vn -0.6741 0.0106 0.7385
vn -0.6562 -0.6847 -0.3171
vn -0.6212 -0.7144 -0.3221
vn -0.6299 -0.7158 0.3014
vn -0.6218 0.3890 -0.6798
vn -0.4314 0.7775 -0.4575
vn 0.8116 0.5514 -0.1932
vn 0.8047 0.5600 -0.1972
vn -0.2443 0.9447 -0.2185
vn -0.1477 0.9799 -0.1338
vn 0.4715 0.7432 0.4746
vn 0.7719 0.6315 -0.0733
vn 0.7947 0.5956 -0.1171
vn 0.4628 0.7607 0.4551
vn 0.8025 0.5743 -0.1617
vn 0.7893 0.5608 -0.2498
vn -0.6373 -0.6841 -0.3548
vn -0.6079 -0.7353 -0.2996
vn -0.6247 -0.7056 -0.3346
vn -0.6050 -0.6322 -0.4840
vn 0.7819 0.5573 -0.2793
vn 0.7725 0.5866 -0.2433
vn 0.8220 0.5345 0.1964
vn 0.7430 0.6054 0.2853
vn 0.8333 0.4674 0.2954
vn 0.0636 0.9970 -0.0443
vn -0.5414 -0.7748 0.3264
vn -0.6284 -0.7490 0.2100
vn -0.6280 -0.1750 0.7582
vn 0.6011 0.4634 -0.6512
vn 0.6116 0.4662 -0.6392
vn 0.6149 0.4501 -0.6475
vn 0.3711 0.8810 -0.2934
vn 0.3991 0.8435 -0.3596
vn 0.3486 0.8442 0.4071
vn -0.5705 -0.7773 -0.2652
vn -0.6218 -0.7087 -0.3332
vn -0.6106 -0.6990 -0.3724
vn -0.5477 -0.8045 0.2299
vn -0.6205 -0.7097 0.3336
vn -0.6370 -0.6825 0.3584
vn -0.6344 -0.3611 0.6835
vn 0.5598 0.6039 -0.5674
vn 0.5136 0.7109 0.4804
vn -0.4961 0.6076 -0.6202
vn -0.3410 0.8545 0.3918
vn -0.4907 -0.8236 -0.2845
vn -0.5864 -0.7527 -0.2993
vn -0.1587 0.9401 -0.3017
vn -0.6749 0.1684 0.7184
vn -0.3977 0.8054 0.4396
vn -0.4464 -0.8779 -0.1732
vn -0.5272 -0.8480 -0.0536
vn -0.3820 0.8467 0.3702
vn 0.7516 0.5901 -0.2947
vn 0.3960 0.8381 -0.3752
vn -0.5176 0.5672 -0.6406
vn -0.3761 0.8125 -0.4454
vn -0.4451 -0.8842 0.1418
vn -0.4901 -0.8697 0.0580
vn -0.6115 -0.7383 -0.2844
vn 0.5125 0.6048 -0.6095
vn 0.7587 0.6513 -0.0170
vn 0.7078 0.7059 0.0261
vn 0.7883 0.5995 -0.1381
vn 0.6635 0.7291 -0.1676
vn 0.7516 0.6382 -0.1667
vn 0.7619 0.6241 -0.1734
vn 0.7668 0.5921 -0.2480
vn 0.7741 0.5989 -0.2054
vn -0.6105 -0.2736 0.7433
vn -0.6096 -0.7003 0.3715
vn 0.8739 0.4595 -0.1586
vn 0.7214 0.6851 -0.1014
vn 0.7810 0.5884 -0.2095
vn -0.5741 -0.7522 -0.3234
vn -0.6269 -0.6904 -0.3611
vn -0.5907 -0.7268 -0.3506
vn -0.6342 -0.6592 0.4041
vn -0.6231 -0.6571 0.4241
vn -0.6024 -0.6688 0.4357
vn -0.6428 -0.5689 0.5130
vn 0.6816 0.7317 0.0045
vn 0.6933 0.7206 0.0092
vn -0.5532 -0.7389 -0.3848
vn 0.7372 0.6741 0.0455
vn 0.7375 0.6707 0.0784
vn 0.7347 0.6579 0.1654
vn 0.6526 0.7576 0.0124
vn -0.5893 0.4713 -0.6562
vn 0.4788 0.7596 0.4401
vn 0.5562 0.5556 0.6180
vn 0.4886 0.6623 0.5680
vn -0.5319 0.6433 0.5507
vn -0.5257 0.6883 0.4999
vn -0.4790 0.6064 0.6347
vn -0.5993 -0.6983 -0.3915
vn 0.6903 0.7228 0.0323
vn 0.6915 0.7223 -0.0123
vn 0.6069 0.7947 0.0117
vn -0.3151 0.8581 -0.4054
vn -0.6808 -0.5291 0.5066
vn -0.6102 -0.6601 0.4381
vn 0.4118 0.7906 0.4531
vn -0.5706 -0.7042 0.4225
vn 0.7024 0.7114 -0.0238
vn 0.7134 0.6785 -0.1749
vn 0.6305 0.7326 -0.2564
vn -0.5653 -0.5229 0.6380
vn 0.7465 0.4515 -0.4888
vn 0.6928 0.3970 -0.6020
vn -0.3165 0.8418 -0.4372
vn -0.5950 -0.7122 0.3725
vn 0.6576 0.7498 0.0732
vn 0.6886 0.7240 0.0408
vn -0.5249 0.5384 -0.6592
vn -0.5196 0.6056 0.6027
vn -0.5003 0.5887 0.6350
vn -0.5887 -0.6835 -0.4315
vn 0.7291 0.6785 0.0901
vn 0.7124 0.6941 0.1041
vn -0.5673 -0.5796 -0.5850
vn -0.5887 0.0380 0.8075
vn -0.5736 -0.1708 -0.8011
vn 0.6220 0.3660 -0.6922
vn -0.6179 -0.6041 -0.5032
vn -0.5975 -0.6336 -0.4915
vn -0.5657 -0.5885 -0.5776
vn 0.0177 0.9994 0.0286
vn 0.7111 0.6621 -0.2367
vn 0.7140 0.6441 -0.2745
vn 0.6778 0.7073 -0.2010
vn 0.7077 0.6309 -0.3181
vn -0.8532 -0.2885 0.4345
vn 0.7091 0.5863 -0.3917
vn -0.5339 0.5258 -0.6621
vn -0.4555 -0.7948 -0.4010
vn 0.6882 0.7121 0.1387
vn 0.6793 0.7131 0.1734
vn 0.4203 0.7475 0.5143
vn -0.3320 0.8341 0.4405
vn 0.2501 0.9013 0.3536
vn 0.6454 0.7538 0.1239
vn 0.6817 0.7243 0.1034
vn 0.7055 0.6557 -0.2690
vn -0.5819 0.2516 0.7734
vn -0.5694 0.4795 0.6678
vn -0.5668 0.5902 -0.5748
vn 0.6817 0.6933 0.2335
vn -0.5971 -0.6849 -0.4176
vn -0.5736 -0.3263 -0.7513
vn -0.3790 0.7985 -0.4677
vn -0.5413 -0.7345 0.4092
vn -0.5475 -0.7193 0.4276
vn 0.6604 0.7383 0.1373
vn -0.5326 0.5079 -0.6770
vn -0.1664 0.9756 0.1431
vn 0.6939 0.6367 -0.3362
vn -0.5181 -0.7627 0.3872
vn -0.5681 -0.6770 0.4679
vn -0.2064 0.9199 -0.3335
vn 0.6591 0.5209 -0.5424
vn -0.5267 0.3528 -0.7734
vn -0.3294 -0.7989 -0.5033
vn 0.3937 0.7768 0.4915
vn -0.6310 -0.5516 0.5455
vn -0.5841 -0.6642 0.4666
vn -0.7528 0.0896 0.6521
vn 0.6570 0.6580 0.3680
vn 0.6753 0.5663 0.4725
vn 0.7517 0.5078 0.4207
vn -0.5282 -0.7365 -0.4225
vn -0.5278 -0.7507 -0.3973
vn 0.7018 0.6534 -0.2839
vn 0.6707 0.6714 -0.3152
vn 0.1948 0.9320 -0.3058
vn -0.4414 0.6276 -0.6414
vn -0.4293 0.5742 0.6972
vn -0.4167 -0.8760 0.2430
vn 0.5304 0.4780 -0.7001
vn 0.4778 0.6757 -0.5614
vn -0.3048 0.7600 -0.5740
vn 0.0010 0.9968 -0.0798
vn 0.6559 0.6535 -0.3776
vn -0.4294 0.7007 -0.5698
vn -0.5182 -0.6318 0.5764
vn -0.5206 -0.4357 0.7343
vn -0.5488 -0.1834 0.8155
vn -0.6685 0.0314 -0.7430
vn 0.2637 0.8770 -0.4017
vn 0.0931 0.9843 -0.1502
vn -0.5427 -0.7007 -0.4630
vn -0.5339 -0.7295 -0.4276
vn 0.6184 0.7616 0.1938
vn 0.6295 0.7559 0.1797
vn 0.5475 0.8225 0.1537
vn 0.6692 0.6515 -0.3575
vn -0.5256 -0.4281 -0.7352
vn -0.5298 -0.5310 -0.6613
vn -0.5358 -0.3456 0.7704
vn -0.4049 0.7084 -0.5781
vn -0.1699 0.9645 0.2022
vn -0.4931 -0.7380 0.4607
vn 0.5735 0.7891 0.2201
vn 0.6744 0.6847 0.2763
vn 0.6170 0.7455 0.2521
vn 0.5849 0.7826 0.2133
vn 0.4802 0.5903 0.6488
vn -0.4123 0.7331 -0.5409
vn -0.3068 0.6208 -0.7214
vn -0.4908 -0.7714 0.4050
vn -0.5163 -0.7427 0.4264
vn -0.0478 -0.9661 -0.2535
vn -0.5094 -0.7208 -0.4700
vn -0.5227 -0.7168 -0.4615
vn 0.6731 0.7020 0.2327
vn 0.6163 0.7148 -0.3305
vn 0.5969 0.7305 -0.3318
vn -0.5305 -0.7313 -0.4287
vn -0.5486 -0.6848 -0.4797
vn -0.5343 -0.6757 -0.5078
vn -0.2387 0.8812 -0.4079
vn 0.6085 0.7635 0.2163
vn 0.5638 0.7890 0.2439
vn 0.6037 0.4350 -0.6681
vn -0.5032 -0.7002 0.5065
vn -0.5445 -0.6690 0.5059
vn 0.6850 0.6889 0.2372
vn 0.6335 0.7120 0.3028
vn -0.5046 -0.0820 -0.8594
vn 0.5866 0.7644 0.2676
vn -0.3972 0.7571 -0.5186
vn -0.4131 0.6776 -0.6085
vn -0.3693 0.7089 0.6009
vn 0.5934 0.7934 -0.1357
vn 0.4547 0.8893 -0.0483
vn -0.4488 0.0026 0.8936
vn -0.4882 0.2833 0.8255
vn -0.4835 0.4903 0.7251
vn -0.4706 -0.2984 -0.8304
vn 0.3917 0.7544 0.5267
vn 0.4609 0.5808 0.6710
vn 0.2594 0.9132 0.3144
vn 0.4705 0.8534 -0.2244
vn 0.6330 0.6785 -0.3727
vn 0.6326 0.6929 -0.3461
vn -0.4608 0.2195 -0.8599
vn -0.4559 0.6678 -0.5884
vn -0.3793 0.7617 -0.5253
vn 0.5443 0.7680 -0.3374
vn 0.3841 0.7821 0.4908
vn 0.6475 0.6627 -0.3762
vn 0.6144 0.6243 -0.4824
vn 0.6114 0.6821 -0.4012
vn 0.4139 0.6375 -0.6498
vn 0.4896 0.4907 -0.7208
vn -0.4638 0.4728 -0.7492
vn 0.2327 0.9109 0.3407
vn 0.4410 0.8947 0.0710
vn -0.3586 0.7794 -0.5138
vn 0.5978 0.7065 -0.3788
vn 0.6141 0.6735 -0.4114
vn 0.6056 0.7201 0.3387
vn 0.5823 0.7289 0.3602
vn -0.2764 0.8495 -0.4495
vn 0.5608 0.7670 0.3118
vn 0.5540 0.7758 0.3022
vn 0.4922 0.8173 0.2996
vn -0.3374 0.7878 -0.5152
vn -0.4674 0.5511 0.6912
vn -0.4042 0.6542 0.6392
vn 0.2938 0.9122 0.2855
vn -0.5706 0.1173 -0.8128
vn -0.2253 0.8899 -0.3967
vn 0.5980 0.6798 -0.4245
vn -0.4323 -0.8084 0.3996
vn -0.4741 -0.7428 0.4728
vn -0.4711 -0.7462 0.4703
vn -0.4710 -0.6566 -0.5891
vn -0.5270 -0.6668 -0.5269
vn -0.3929 -0.8973 -0.2013
vn -0.4435 -0.8939 -0.0651
vn -0.4071 -0.9115 -0.0588
vn 0.4318 0.8179 -0.3802
vn -0.4734 -0.7393 -0.4789
vn -0.4794 -0.7358 -0.4784
vn -0.4577 -0.7346 -0.5008
vn -0.4684 -0.7233 -0.5074
vn -0.5244 -0.6733 -0.5213
vn -0.4495 -0.5491 0.7046
vn 0.5174 0.4321 -0.7387
vn 0.4116 0.6909 0.5943
vn 0.5169 -0.1125 0.8486
vn -0.3017 0.8688 -0.3928
vn -0.4049 0.5602 -0.7227
vn -0.5118 0.3486 -0.7852
vn 0.5746 0.6878 -0.4435
vn -0.4693 -0.2099 -0.8577
vn -0.1410 -0.8736 -0.4658
vn -0.3769 0.6995 -0.6071
vn 0.5328 0.7393 -0.4118
vn 0.5329 0.7547 -0.3826
vn 0.4926 0.6444 -0.5849
vn 0.4154 0.8892 0.1915
vn 0.5309 0.7648 0.3650
vn 0.5403 0.7671 0.3457
vn 0.2814 0.8335 -0.4754
vn 0.3258 0.8203 0.4700
vn -0.4692 0.4315 -0.7705
vn 0.5503 0.6804 -0.4840
vn 0.4054 0.5720 0.7130
vn 0.1531 0.9596 0.2361
vn -0.3479 0.7778 -0.5235
vn 0.5520 0.7118 0.4343
vn 0.5835 0.7025 0.4074
vn 0.4920 0.7830 0.3806
vn -0.3490 0.7053 -0.6171
vn 0.1811 0.9044 0.3864
vn 0.5776 0.6482 0.4961
vn 0.5207 0.7453 -0.4163
vn -0.4697 -0.6877 -0.5536
vn -0.4651 -0.7016 -0.5398
vn -0.4264 -0.7603 -0.4900
vn 0.5110 0.7661 0.3898
vn -0.3997 0.4858 0.7774
vn -0.3721 0.5862 -0.7197
vn 0.2616 0.9640 0.0470
vn 0.4064 -0.6486 0.6435
vn 0.3363 0.8202 0.4627
vn 0.5676 0.5513 -0.6115
vn 0.2848 0.9558 -0.0725
vn 0.4781 0.3665 -0.7982
vn -0.4465 -0.5286 -0.7220
vn -0.3453 0.6960 -0.6296
vn 0.2314 0.9238 0.3050
vn -0.3909 -0.5525 -0.7361
vn -0.0610 0.9756 0.2111
vn -0.4275 -0.7301 -0.5330
vn -0.4621 -0.7118 -0.5289
vn -0.4184 -0.6512 -0.6332
vn 0.4479 0.8162 0.3649
vn 0.5071 0.7448 0.4338
vn -0.4064 0.6445 -0.6477
vn 0.5916 0.6373 0.4938
vn 0.5506 0.7115 0.4366
vn 0.5129 0.7130 0.4780
vn 0.5439 0.6764 -0.4966
vn 0.5525 0.6926 -0.4637
vn -0.4656 0.4557 -0.7586
vn 0.3959 0.8504 0.3465
vn 0.5514 0.7126 0.4338
vn -0.4282 -0.3820 -0.8190
vn 0.3719 0.7017 0.6077
vn 0.9458 -0.3133 -0.0855
vn -0.4097 0.9116 0.0335
vn -0.6289 -0.7775 0.0011
vn -0.4206 -0.5411 -0.7282
vn -0.3662 0.5080 -0.7796
vn -0.9000 -0.4357 -0.0135
vn -0.8735 -0.4749 0.1071
vn 0.4086 -0.9117 -0.0426
vn -0.9615 -0.2549 0.1024
vn -0.8257 0.5397 0.1644
vn -0.3313 0.4795 -0.8126
vn -0.3969 0.4995 -0.7700
vn -0.3147 0.7069 -0.6335
vn -0.8759 -0.4587 0.1496
vn -0.8138 -0.5761 0.0761
vn -0.8505 -0.5061 0.1433
vn -0.7855 -0.6017 0.1447
vn -0.7788 -0.5940 0.2014
vn 0.3254 0.9192 -0.2219
vn -0.9418 0.1653 0.2928
vn -0.8571 -0.4467 0.2568
vn -0.8249 -0.5043 0.2554
vn -0.8289 -0.4936 0.2634
vn -0.7948 -0.5585 0.2374
vn 0.4627 0.7738 0.4325
vn -0.3522 0.6655 -0.6580
vn -0.2139 0.7661 -0.6060
vn -0.9517 -0.0887 0.2941
vn -0.9452 0.1285 0.3002
vn 0.4486 0.4329 -0.7819
vn 0.3690 0.5684 -0.7353
vn 0.4651 0.5504 -0.6933
vn -0.4838 0.1153 -0.8676
vn -0.6281 0.0897 -0.7730
vn -0.9142 -0.4021 0.0504
vn -0.8910 -0.3971 0.2200
vn -0.8674 -0.4304 0.2497
vn -0.8538 -0.4716 0.2203
vn -0.6223 -0.7519 0.2177
vn 0.4911 0.7465 -0.4490
vn 0.4839 0.7391 -0.4686
vn -0.9182 -0.3761 0.1244
vn -0.5085 -0.2700 0.8176
vn -0.4293 -0.3591 0.8287
vn -0.4404 -0.2387 0.8655
vn 0.3009 0.8200 0.4869
vn -0.8875 -0.4181 0.1938
vn -0.9030 -0.3742 0.2113
vn -0.8876 -0.3671 0.2781
vn -0.6327 0.7700 0.0819
vn -0.4702 -0.8542 0.2221
vn -0.5935 -0.7750 0.2169
vn 0.4621 0.7333 -0.4988
vn 0.5123 0.6854 -0.5175
vn -0.8921 -0.4169 0.1741
vn -0.8393 -0.4345 -0.3268
vn -0.8704 -0.4873 -0.0706
vn 0.1049 -0.9945 -0.0033
vn -0.8399 -0.4447 0.3111
vn -0.3689 -0.9205 0.1290
vn -0.4205 -0.7207 -0.5512
vn -0.3696 -0.7698 -0.5205
vn -0.4117 -0.7288 -0.5471
vn 0.5287 0.6500 -0.5459
vn -0.8969 -0.4219 -0.1328
vn -0.3353 -0.8940 0.2972
vn -0.2845 -0.8703 0.4020
vn -0.4166 -0.7305 0.5411
vn -0.3694 -0.7077 0.6022
vn -0.5627 -0.2690 0.7817
vn -0.3071 0.7503 -0.5854
vn -0.9039 -0.4269 -0.0267
vn -0.8976 -0.3933 0.1991
vn -0.8810 -0.4390 0.1767
vn -0.9248 -0.3694 0.0908
vn -0.9011 -0.3945 0.1798
vn 0.0092 0.9875 0.1576
vn 0.4855 0.6802 0.5491
vn -0.0383 0.9446 -0.3259
vn -0.0898 0.9731 -0.2123
vn -0.3797 -0.9251 0.0031
vn -0.7839 -0.6206 0.0186
vn -0.7158 -0.6980 -0.0227
vn -0.9066 -0.4142 -0.0803
vn -0.9869 -0.1029 0.1241
vn -0.8879 -0.3974 -0.2317
vn 0.4489 0.7772 0.4409
vn 0.4636 0.7757 0.4282
vn 0.4217 0.7798 0.4628
vn 0.4899 0.7020 -0.5169
vn -0.2899 0.8060 0.5160
vn -0.1162 0.9553 0.2718
vn -0.8320 -0.4161 0.3670
vn -0.0198 -0.9993 0.0302
vn 0.2909 0.9387 0.1850
vn -0.4152 -0.6934 0.5889
vn -0.4210 -0.6457 0.6371
vn -0.4467 -0.6797 0.5817
vn -0.5442 -0.4797 -0.6883
vn -0.3397 -0.9367 0.0846
vn -0.5453 -0.8354 0.0693
vn -0.9065 -0.3926 0.1554
vn -0.8999 -0.4091 0.1511
vn -0.9129 -0.3674 0.1777
vn 0.2390 -0.9692 -0.0592
vn -0.6302 -0.7218 0.2861
vn -0.5475 -0.7891 0.2786
vn -0.8068 -0.5678 0.1632
vn -0.8534 -0.4780 0.2078
vn -0.8822 -0.3986 0.2506
vn -0.8401 -0.4439 0.3116
vn -0.4429 -0.5819 -0.6820
vn -0.4149 -0.6874 -0.5960
vn -0.4214 -0.6727 -0.6082
vn 0.4587 0.7656 0.4511
vn -0.3985 0.2066 0.8936
vn -0.4911 -0.8111 0.3178
vn 0.4626 0.7534 -0.4672
vn 0.1328 0.9520 -0.2758
vn 0.4828 0.7050 -0.5194
vn -0.3939 -0.1326 -0.9095
vn 0.2956 0.6946 -0.6558
vn -0.5244 -0.7956 0.3033
vn 0.4445 0.7742 0.4505
vn -0.6144 -0.7719 0.1636
vn -0.7501 -0.6283 0.2065
vn -0.9581 0.1250 0.2576
vn -0.3619 -0.9221 0.1368
vn -0.8142 -0.4827 0.3225
vn 0.5659 -0.7691 -0.2970
vn -0.5972 -0.7719 0.2180
vn -0.3688 -0.7118 -0.5978
vn -0.3926 -0.7236 -0.5677
vn -0.3860 -0.6997 -0.6012
vn 0.4405 0.7589 -0.4795
vn -0.2379 0.7770 -0.5828
vn 0.7506 0.6107 -0.2523
vn -0.4391 -0.8874 0.1405
vn -0.8342 0.4888 0.2553
vn 0.4210 -0.8964 -0.1389
vn -0.7904 -0.4800 0.3806
vn -0.3085 -0.7704 -0.5580
vn -0.7290 -0.5387 0.4223
vn -0.6191 -0.7269 0.2971
vn -0.6238 -0.7639 0.1654
vn -0.8255 -0.3832 -0.4144
vn -0.3400 0.1950 -0.9200
vn -0.3057 0.6792 -0.6672
vn -0.3802 0.4050 -0.8315
vn -0.0554 0.7587 -0.6491
vn -0.2389 0.9278 -0.2864
vn -0.5353 -0.8197 0.2039
vn -0.5636 -0.7697 0.2998
vn -0.5918 -0.7426 0.3134
vn -0.4173 -0.6237 -0.6610
vn 0.4551 0.7170 -0.5279
vn -0.4250 -0.6491 -0.6309
vn -0.3343 0.1325 0.9331
vn -0.2851 0.7772 -0.5610
vn -0.7371 -0.6044 0.3024
vn -0.4853 -0.8100 0.3291
vn -0.9736 0.0956 0.2071
vn -0.5467 -0.7598 0.3519
vn -0.6200 -0.6864 0.3800
vn 0.4385 0.7355 -0.5165
vn -0.2616 0.8052 -0.5322
vn 0.3972 0.7747 -0.4920
vn 0.4220 0.4172 -0.8049
vn -0.3408 -0.2746 0.8991
vn -0.3502 -0.1414 0.9259
vn 0.2920 0.7684 0.5695
vn -0.1426 0.8077 -0.5721
vn 0.1396 0.9099 -0.3906
vn -0.1970 0.9670 0.1615
vn -0.5667 -0.7882 0.2400
vn -0.6725 -0.6571 0.3405
vn -0.6461 -0.6786 0.3494
vn -0.6505 -0.6908 0.3157
vn -0.5934 -0.6898 0.4148
vn -0.3771 -0.7016 0.6047
vn -0.3705 -0.6937 0.6176
vn 0.3727 0.4104 -0.8323
vn -0.3631 0.5404 -0.7590
vn -0.7056 -0.6391 0.3061
vn -0.7704 -0.3857 -0.5077
vn -0.5002 -0.7818 -0.3724
vn -0.5444 -0.7913 0.2785
vn -0.6008 -0.7474 0.2837
vn -0.5809 -0.7659 0.2754
vn -0.6958 -0.5089 0.5068
vn 0.4228 0.7385 0.5252
vn 0.4264 0.7495 0.5063
vn 0.3561 0.8006 0.4818
vn 0.4961 0.6659 -0.5572
vn -0.2267 0.7828 -0.5795
vn -0.3772 0.6673 -0.6422
vn -0.3889 -0.8747 0.2893
vn -0.9073 -0.3260 0.2656
vn -0.6724 -0.6012 0.4318
vn -0.3981 -0.6262 -0.6703
vn 0.4385 0.7093 -0.5519
vn 0.4251 0.6998 -0.5740
vn 0.2788 0.7816 0.5581
vn -0.3525 -0.2674 -0.8968
vn -0.6924 -0.5920 0.4125
vn -0.4942 -0.8460 0.2000
vn -0.5288 -0.7757 0.3446
vn 0.5141 0.3981 0.7598
vn 0.4772 0.5222 0.7068
vn 0.3976 0.4624 0.7926
vn 0.1470 0.9753 -0.1646
vn -0.3431 -0.4586 -0.8197
vn -0.3152 -0.1283 -0.9403
vn -0.7699 -0.4553 0.4471
vn -0.6302 -0.4974 0.5962
vn -0.2414 0.8843 -0.3996
vn -0.2036 0.8834 -0.4221
vn -0.3361 0.7130 -0.6154
vn 0.2606 0.9142 0.3104
vn 0.3666 0.3603 -0.8578
vn -0.3852 0.5764 -0.7206
vn -0.4129 0.6024 -0.6831
vn -0.2018 0.8537 -0.4802
vn -0.6955 -0.5846 0.4178
vn -0.5841 -0.6650 -0.4654
vn -0.7860 -0.4541 -0.4195
vn -0.4860 -0.7797 -0.3948
vn 0.1486 0.9866 -0.0672
vn -0.3929 -0.6295 -0.6704
vn -0.3929 -0.8824 0.2589
vn -0.6550 -0.6095 0.4467
vn -0.5420 -0.8103 0.2227
vn -0.6314 -0.6607 0.4060
vn -0.6237 -0.6359 0.4546
vn 0.4437 0.7372 0.5095
vn 0.4402 0.7366 0.5135
vn 0.3942 0.7386 0.5469
vn 0.1565 0.9814 0.1110
vn 0.4521 0.7079 0.5427
vn 0.2351 0.7442 -0.6252
vn 0.2816 0.7193 -0.6350
vn 0.4335 0.6384 0.6360
vn 0.4547 0.6834 0.5712
vn 0.4094 0.6977 0.5879
vn -0.3019 -0.3335 -0.8931
vn -0.4074 0.1936 -0.8925
vn 0.4254 0.6839 -0.5926
vn 0.4138 0.6778 -0.6077
vn 0.2809 0.7574 -0.5895
vn -0.2578 0.6831 -0.6833
vn -0.2837 0.6617 -0.6941
vn 0.3573 0.5240 -0.7732
vn 0.0433 0.9923 -0.1162
vn 0.3684 0.7549 -0.5426
vn 0.2984 0.8235 -0.4825
vn -0.2295 -0.6641 -0.7116
vn -0.2947 0.5967 -0.7464
vn -0.6613 -0.6237 0.4169
vn -0.5934 -0.6615 0.4587
vn -0.3536 -0.6387 -0.6834
vn -0.6690 -0.4135 -0.6177
vn -0.3429 -0.6772 -0.6510
vn -0.3588 0.3296 -0.8733
vn -0.3232 0.3864 -0.8638
vn -0.4997 -0.7685 0.3997
vn -0.6102 -0.6735 0.4172
vn -0.5934 -0.6310 0.4998
vn -0.5996 -0.6580 0.4555
vn -0.6132 -0.5692 0.5478
vn -0.3295 -0.7329 0.5953
vn -0.2928 -0.7892 0.5398
vn -0.2963 -0.7321 0.6134
vn 0.2367 0.9222 -0.3058
vn 0.3040 0.7614 0.5726
vn 0.2499 0.7295 0.6367
vn -0.2774 0.4631 -0.8418
vn 0.0747 0.9972 0.0094
vn -0.3485 -0.7413 0.5736
vn -0.3345 -0.6927 -0.6389
vn 0.3666 0.6976 0.6156
vn -0.5444 -0.6246 0.5599
vn -0.3468 -0.7015 -0.6226
vn -0.6170 -0.6127 -0.4939
vn -0.5078 -0.7524 0.4195
vn -0.1487 0.7858 -0.6004
vn 0.3422 0.7326 0.5883
vn 0.3621 0.7419 0.5643
vn 0.4401 0.6057 0.6628
vn 0.3800 0.7152 0.5866
vn 0.3978 0.6976 -0.5959
vn 0.3768 0.7116 0.5930
vn 0.2711 0.8522 0.4475
vn -0.2284 0.6316 -0.7409
vn -0.1020 0.9054 -0.4121
vn -0.5978 -0.4432 -0.6680
vn -0.5787 -0.4301 -0.6929
vn -0.5403 -0.0186 -0.8413
vn -0.4147 -0.6455 -0.6414
vn -0.5832 0.2165 -0.7830
vn -0.6685 -0.4367 0.6020
vn -0.5868 -0.4993 0.6374
vn 0.3652 0.7577 -0.5409
vn 0.3467 0.7498 -0.5635
vn -0.1589 0.5343 -0.8302
vn -0.3267 -0.6594 -0.6771
vn 0.3403 0.7540 -0.5619
vn 0.3212 0.4126 -0.8524
vn -0.1583 0.9562 -0.2464
vn -0.5701 -0.5991 0.5622
vn -0.3502 0.5911 -0.7266
vn -0.2847 0.4667 -0.8374
vn 0.3402 0.7437 0.5754
vn 0.3249 0.6873 0.6497
vn 0.3865 0.6666 0.6373
vn -0.1507 -0.1949 -0.9692
vn -0.1884 0.8367 -0.5143
vn 0.2995 0.6200 0.7252
vn 0.2933 0.5046 0.8120
vn 0.2623 0.5679 0.7802
vn 0.1335 0.9427 -0.3059
vn -0.1525 0.8554 0.4951
vn 0.1237 0.9723 0.1984
vn 0.2612 0.4848 -0.8348
vn -0.2838 0.4731 -0.8340
vn 0.3205 0.7505 -0.5779
vn 0.0397 0.9559 -0.2911
vn 0.2485 0.8346 0.4916
vn 0.3260 0.7356 -0.5938
vn -0.2933 0.2309 -0.9277
vn -0.3008 0.4634 -0.8335
vn -0.2667 0.4807 -0.8353
vn 0.3736 0.6919 -0.6178
vn 0.0655 -0.9602 -0.2714
vn -0.2181 -0.8136 -0.5390
vn -0.2132 0.7220 -0.6582
vn -0.1551 -0.4233 -0.8926
vn -0.2314 0.4757 -0.8486
vn 0.1306 0.5477 0.8264
vn 0.2238 0.6042 0.7648
vn 0.3946 0.6511 -0.6484
vn 0.3513 0.6946 -0.6278
vn -0.1443 0.4878 -0.8610
vn -0.2127 0.7499 -0.6265
vn 0.2719 0.7701 -0.5771
vn -0.4679 -0.5307 0.7067
vn -0.4763 -0.4664 0.7453
vn 0.0415 0.9965 -0.0719
vn -0.1982 -0.7420 -0.6404
vn 0.2505 0.6137 -0.7488
vn 0.2561 0.5920 0.7642
vn 0.2211 0.5886 0.7776
vn -0.2000 0.7572 -0.6219
vn -0.2108 0.7162 -0.6653
vn 0.2289 0.6415 0.7322
vn 0.2096 0.4124 0.8866
vn -0.2494 0.0635 -0.9663
vn -0.0906 0.8367 -0.5402
vn -0.2529 0.3962 -0.8826
vn 0.1292 0.6910 -0.7112
vn -0.2655 -0.6640 -0.6991
vn -0.2642 -0.6724 -0.6914
vn 0.1351 0.8944 -0.4263
vn 0.1385 0.8816 -0.4513
vn -0.5363 0.4344 -0.7236
vn -0.5097 0.4488 -0.7341
vn -0.4557 0.4089 -0.7906
vn -0.0500 -0.7910 -0.6098
vn -0.1886 -0.6225 -0.7596
vn 0.0657 0.9364 -0.3446
vn 0.2515 0.3635 -0.8970
vn 0.2451 -0.3497 -0.9042
vn -0.2473 0.4753 -0.8444
vn -0.1788 0.4598 -0.8698
vn -0.2253 0.6046 -0.7640
vn -0.1342 0.8022 0.5818
vn 0.0504 0.9941 0.0963
vn -0.2640 -0.6746 -0.6894
vn -0.0282 0.9722 0.2326
vn -0.0606 -0.7720 -0.6327
vn 0.2444 0.7840 -0.5706
vn -0.0264 -0.9994 -0.0202
vn -0.2163 0.1665 -0.9620
vn 0.0178 0.7474 -0.6641
vn 0.2461 0.7150 -0.6543
vn 0.5422 -0.1838 -0.8199
vn 0.5747 0.1315 -0.8077
vn 0.5851 0.1594 -0.7951
vn 0.5272 0.4397 -0.7272
vn 0.5372 0.4599 -0.7070
vn 0.1654 0.8996 -0.4042
vn 0.2462 0.6906 0.6801
vn 0.3213 0.6484 0.6902
vn 0.2667 0.7032 0.6591
vn 0.3580 0.5909 0.7229
vn 0.3063 0.6344 0.7097
vn 0.2812 0.6110 0.7399
vn -0.2072 0.7207 -0.6616
vn 0.1420 0.7898 -0.5967
vn 0.2736 0.6598 -0.6998
vn 0.2394 0.6346 -0.7348
vn -0.2712 -0.0528 -0.9611
vn -0.3888 -0.5766 -0.7186
vn -0.4714 -0.5067 -0.7219
vn -0.0927 -0.9882 -0.1218
vn 0.2380 0.7802 -0.5784
vn 0.2848 0.7148 -0.6387
vn 0.3322 0.6011 0.7269
vn -0.1801 0.3416 -0.9224
vn -0.1584 0.3848 -0.9093
vn 0.1458 0.9161 0.3736
vn -0.2403 -0.6580 -0.7137
vn -0.1984 -0.6590 -0.7255
vn -0.1614 0.7080 -0.6875
vn 0.2326 0.8175 -0.5270
vn -0.1736 0.2593 0.9501
vn -0.2751 0.2813 0.9194
vn -0.2652 -0.0719 -0.9615
vn -0.2275 0.7604 0.6083
vn -0.3438 -0.7548 -0.5586
vn 0.1410 0.8595 -0.4913
vn -0.4160 -0.7346 -0.5360
vn -0.2356 -0.8827 -0.4066
vn -0.2656 -0.0537 -0.9626
vn -0.3148 0.4289 -0.8467
vn -0.2789 0.5593 -0.7806
vn -0.3340 0.4316 -0.8379
vn -0.0996 0.7510 -0.6527
vn 0.2198 0.4589 -0.8609
vn 0.2652 0.6095 0.7471
vn -0.3132 0.5786 -0.7531
vn -0.0085 0.9825 -0.1861
vn -0.2095 -0.9070 -0.3654
vn -0.2238 -0.8470 -0.4821
vn -0.1191 -0.8924 -0.4353
vn -0.0850 0.9001 0.4272
vn -0.2102 0.0218 -0.9774
vn -0.2060 0.1294 -0.9700
vn -0.1648 0.0763 -0.9834
vn 0.2058 0.6157 -0.7606
vn 0.1923 0.6325 -0.7503
vn 0.1451 0.7308 -0.6670
vn -0.1355 0.6674 -0.7322
vn 0.2665 0.5352 0.8016
vn -0.2037 -0.3607 -0.9102
vn -0.2740 -0.0564 -0.9601
vn -0.2030 0.1494 -0.9677
vn 0.3404 0.6225 0.7047
vn 0.2499 0.6891 0.6802
vn -0.2446 -0.0910 -0.9653
vn 0.0539 -0.1038 -0.9931
vn 0.0233 0.0372 -0.9990
vn -0.0722 0.4178 -0.9056
vn -0.1614 0.8469 -0.5067
vn -0.2034 0.6394 -0.7415
vn -0.4381 -0.5255 -0.7293
vn -0.4258 -0.4775 -0.7686
vn 0.2694 0.6354 0.7237
vn -0.2478 -0.2758 -0.9287
vn 0.2647 0.6845 -0.6793
vn 0.2511 0.6877 -0.6812
vn -0.2099 -0.1447 -0.9670
vn -0.2333 -0.1232 -0.9646
vn -0.2380 -0.1424 -0.9608
vn -0.2056 -0.0219 -0.9784
vn 0.1742 -0.0770 -0.9817
vn -0.2418 -0.1761 -0.9542
vn -0.2388 -0.1102 -0.9648
vn -0.2001 -0.0750 -0.9769
vn -0.1995 -0.0431 -0.9789
vn -0.1291 -0.0918 -0.9874
vn -0.1059 0.7766 -0.6210
vn -0.1994 0.1280 -0.9715
vn -0.2839 0.7815 -0.5556
vn -0.3016 0.7698 -0.5626
vn -0.2980 0.7757 -0.5563
vn -0.3910 -0.4263 -0.8157
vn -0.6115 -0.2476 -0.7515
vn 0.3565 -0.2026 -0.9121
vn -0.2337 -0.2705 -0.9339
vn -0.1817 -0.0825 -0.9799
vn -0.1966 -0.0806 -0.9772
vn -0.2539 -0.5316 -0.8080
vn -0.2383 -0.5975 -0.7656
vn -0.2317 -0.6016 -0.7645
vn -0.2370 -0.2891 -0.9275
vn -0.2392 -0.1739 -0.9553
vn 0.1417 0.4926 -0.8587
vn 0.2192 0.6298 0.7452
vn 0.1469 0.7091 0.6896
vn 0.2320 0.7449 -0.6256
vn 0.2407 0.7747 -0.5848
vn -0.2046 -0.3528 -0.9130
vn -0.2273 -0.3352 -0.9143
vn -0.2265 -0.1606 -0.9607
vn -0.2511 -0.1386 -0.9580
vn -0.2365 -0.1323 -0.9626
vn -0.1914 -0.1504 -0.9699
vn -0.1108 -0.3595 -0.9265
vn -0.2286 -0.3182 -0.9201
vn -0.2027 -0.1106 -0.9730
vn -0.2333 -0.2122 -0.9490
vn -0.2400 -0.2046 -0.9490
vn -0.1819 -0.1833 -0.9661
vn -0.1711 -0.2125 -0.9621
vn -0.1266 0.7450 -0.6549
vn -0.1717 -0.5065 -0.8449
vn -0.3694 -0.4746 0.7990
vn -0.3311 -0.4878 0.8077
vn -0.4310 -0.3174 -0.8447
vn -0.1908 -0.3785 -0.9057
vn -0.0647 -0.0699 -0.9955
vn -0.0907 0.4292 -0.8987
vn 0.0468 0.9728 -0.2270
vn -0.2417 -0.5960 -0.7658
vn -0.2105 -0.5912 -0.7786
vn 0.2289 0.6924 -0.6842
vn -0.0649 -0.9869 -0.1480
vn -0.3347 -0.4361 -0.8354
vn 0.2027 0.6699 0.7143
vn 0.1217 0.7016 0.7021
vn -0.0328 -0.3310 -0.9431
vn -0.2520 -0.2408 -0.9373
vn -0.1652 0.2717 -0.9481
vn -0.1795 0.6899 -0.7013
vn -0.1656 -0.1920 -0.9673
vn -0.0710 -0.2099 -0.9751
vn -0.2206 -0.1679 -0.9608
vn 0.1497 0.6202 -0.7700
vn 0.1313 0.4547 -0.8809
vn 0.9907 -0.0130 -0.1354
vn 0.1701 -0.2640 -0.9494
vn -0.1647 -0.3945 -0.9040
vn -0.1833 -0.3747 -0.9089
vn -0.1138 -0.3403 -0.9334
vn -0.1776 -0.3558 -0.9175
vn -0.1781 -0.3159 -0.9319
vn -0.1748 -0.2916 -0.9404
vn -0.1613 -0.1996 -0.9665
vn 0.0211 0.5092 -0.8604
vn -0.1580 -0.6587 -0.7357
vn -0.2196 -0.5821 -0.7829
vn -0.1712 -0.6333 -0.7547
vn 0.1755 0.7602 -0.6256
vn 0.1961 0.7258 -0.6593
vn -0.2114 -0.5978 -0.7733
vn -0.1959 -0.5787 -0.7917
vn 0.2031 0.7780 0.5946
vn 0.1881 0.6831 -0.7057
vn -0.0820 -0.8174 -0.5702
vn -0.1703 -0.2774 -0.9455
vn -0.1545 -0.2599 -0.9532
vn -0.1676 -0.2779 -0.9459
vn 0.1466 0.3711 -0.9169
vn -0.0212 -0.5021 -0.8646
vn -0.1679 -0.3971 -0.9023
vn -0.1662 -0.3986 -0.9019
vn -0.3407 -0.4511 -0.8249
vn 0.0297 0.7500 -0.6607
vn -0.1849 0.6627 -0.7257
vn -0.1945 -0.5128 -0.8362
vn -0.1949 -0.5141 -0.8353
vn -0.1989 -0.5061 -0.8392
vn -0.1465 -0.4084 -0.9010
vn -0.1497 0.7535 -0.6402
vn -0.1627 0.9036 -0.3963
vn -0.1803 0.4021 -0.8977
vn -0.0757 -0.7048 -0.7054
vn 0.1901 0.6449 0.7403
vn -0.1918 -0.4832 -0.8542
vn -0.1369 -0.4198 -0.8972
vn -0.1503 -0.4064 -0.9013
vn -0.2679 0.3269 -0.9063
vn -0.1812 -0.5586 -0.8094
vn 0.1716 0.7179 -0.6746
vn -0.0967 -0.4311 -0.8971
vn -0.1593 -0.4731 -0.8665
vn -0.0749 -0.4927 -0.8670
vn -0.1521 -0.4515 -0.8792
vn -0.0748 0.3575 -0.9309
vn 0.1351 0.5906 -0.7955
vn -0.1482 -0.4482 -0.8816
vn -0.1859 -0.5566 -0.8097
vn -0.1951 -0.6121 -0.7663
vn -0.2678 -0.4666 -0.8430
vn -0.1730 -0.5903 -0.7884
vn -0.1026 0.5905 -0.8005
vn -0.0611 0.8643 -0.4992
vn 0.1645 0.6701 -0.7238
vn -0.1524 -0.4561 -0.8768
vn 0.0015 0.9811 0.1936
vn -0.1706 0.5984 -0.7828
vn -0.1623 0.5659 0.8083
vn -0.1009 0.5466 0.8313
vn 0.0056 0.9922 0.1249
vn -0.1516 -0.4905 -0.8582
vn 0.0963 0.7201 -0.6872
vn 0.2782 0.3832 0.8808
vn 0.2057 0.3598 0.9101
vn 0.1764 0.3392 0.9240
vn 0.0543 0.9361 0.3475
vn -0.3927 -0.6162 -0.6827
vn -0.1621 -0.5236 -0.8364
vn -0.1508 -0.5446 -0.8250
vn 0.0519 0.9005 -0.4318
vn -0.1224 -0.5654 0.8157
vn -0.1288 -0.3767 0.9173
vn -0.2079 -0.5526 0.8071
vn 0.3954 0.7975 -0.4558
vn 0.3627 0.8461 -0.3906
vn 0.3720 0.8141 -0.4460
vn -0.0079 0.8724 0.4887
vn 0.1831 0.3353 0.9242
vn 0.1744 0.3304 0.9276
vn 0.1581 0.3455 0.9250
vn -0.1523 -0.6259 -0.7649
vn -0.1535 -0.6012 -0.7842
vn -0.1581 -0.5892 -0.7924
vn 0.1449 0.6693 -0.7287
vn 0.0779 0.8301 0.5521
vn -0.1416 -0.6273 -0.7658
vn 0.1779 0.5464 0.8184
vn 0.1909 0.5757 0.7951
vn 0.1623 0.5790 0.7990
vn -0.1191 0.7636 -0.6346
vn -0.2912 -0.4219 -0.8586
vn 0.1475 0.7144 -0.6840
vn 0.1225 0.7242 -0.6786
vn 0.0320 0.7116 -0.7018
vn -0.2385 0.9540 -0.1817
vn -0.2483 0.9610 -0.1217
vn -0.2549 0.9525 -0.1669
vn -0.0827 0.1374 -0.9871
vn -0.1545 0.3981 -0.9042
vn -0.0671 0.8750 -0.4795
vn 0.1366 0.6178 0.7744
vn 0.1706 0.6338 0.7544
vn -0.1758 0.9569 -0.2310
vn -0.2000 0.9654 -0.1674
vn -0.1728 0.9618 -0.2125
vn -0.2635 -0.7064 -0.6569
vn -0.2047 -0.6178 -0.7592
vn -0.1318 -0.5782 -0.8052
vn 0.0828 0.4408 -0.8938
vn -0.0408 0.3988 0.9162
vn 0.1710 0.4382 0.8824
vn 0.0098 0.3979 0.9174
vn -0.0489 -0.5683 -0.8214
vn 0.0827 0.7353 -0.6727
vn 0.1110 0.6726 -0.7317
vn -0.0761 0.8205 0.5666
vn -0.0794 0.8315 0.5499
vn 0.1193 -0.9736 -0.1944
vn 0.0175 -0.9651 -0.2612
vn 0.0593 -0.9829 -0.1741
vn -0.0988 -0.6226 -0.7763
vn -0.0971 -0.5350 -0.8392
vn 0.2971 0.5171 0.8027
vn 0.1241 0.5878 0.7994
vn -0.1284 0.8039 0.5808
vn -0.1537 -0.8461 -0.5104
vn -0.1436 -0.8018 -0.5801
vn -0.1684 -0.8278 -0.5352
vn -0.1395 -0.5787 -0.8035
vn -0.0101 0.9990 -0.0424
vn -0.0881 0.3116 -0.9461
vn 0.0093 0.6889 -0.7248
vn 0.0142 0.5198 -0.8542
vn 0.3872 -0.7827 -0.4873
vn -0.2704 -0.4357 -0.8585
vn -0.2003 -0.3795 -0.9033
vn -0.2086 -0.4050 -0.8902
vn 0.1262 0.5926 0.7956
vn 0.0955 0.6293 0.7713
vn -0.2462 -0.4933 -0.8343
vn -0.2493 -0.5022 -0.8281
vn 0.0115 0.7507 -0.6605
vn -0.0551 -0.3667 -0.9287
vn 0.1041 0.6775 -0.7281
vn 0.1024 0.4382 0.8930
vn 0.0425 0.4840 0.8740
vn 0.1187 0.6421 0.7574
vn -0.1210 -0.3731 -0.9199
vn 0.0159 0.3741 -0.9272
vn -0.1700 -0.4144 -0.8941
vn -0.1757 -0.4099 -0.8951
vn -0.1760 -0.4046 -0.8974
vn -0.0890 -0.5702 -0.8167
vn 0.0760 0.7172 -0.6927
vn -0.1293 0.6999 -0.7025
vn -0.0696 0.6414 -0.7641
vn -0.0901 0.7709 -0.6306
vn 0.1128 0.6767 -0.7276
vn -0.2427 -0.3986 -0.8844
vn -0.2093 -0.3906 -0.8964
vn -0.1539 -0.4264 -0.8914
vn 0.1157 0.8054 -0.5813
vn -0.0660 -0.5740 -0.8162
vn -0.0265 0.9996 0.0037
vn 0.0688 0.6504 -0.7564
vn -0.1200 -0.4534 -0.8832
vn -0.0457 0.4719 -0.8804
vn -0.0624 -0.5972 -0.7997
vn -0.0513 -0.4419 -0.8956
vn -0.0703 -0.5654 -0.8218
vn 0.0184 0.2316 -0.9726
vn -0.0568 -0.7113 -0.7006
vn -0.0588 0.6313 -0.7733
vn -0.0254 -0.5653 -0.8245
vn -0.0577 -0.6252 -0.7783
vn -0.0833 -0.5816 -0.8092
vn 0.0602 0.7067 -0.7050
vn 0.0301 -0.4471 -0.8940
vn -0.0081 -0.3214 -0.9469
vn -0.0163 0.5202 -0.8539
vn 0.0342 0.3932 -0.9188
vn 0.0507 0.6960 -0.7162
vn 0.0040 -0.1106 -0.9939
vn 0.0667 0.6558 -0.7520
vn 0.1264 -0.6668 0.7344
vn -0.1055 -0.5925 -0.7986
vn -0.0551 -0.5759 -0.8156
vn -0.0558 0.8127 -0.5800
vn -0.1141 -0.6307 -0.7676
vn -0.0596 -0.4237 -0.9039
vn 0.0120 0.7383 -0.6744
vn -0.0199 0.8438 -0.5363
vn 0.0593 0.7069 0.7048
vn 0.0098 0.7604 -0.6494
vn -0.0374 0.9516 0.3049
vn -0.0193 -0.5761 -0.8172
vn -0.0319 0.4275 -0.9034
vn 0.0522 0.6355 -0.7703
vn 0.0377 0.6943 -0.7187
vn 0.1324 0.8633 0.4870
vn 0.0144 0.6195 0.7848
vn -0.0071 0.9140 -0.4057
vn 0.0535 0.6350 -0.7707
vn 0.0544 0.6819 0.7294
vn 0.0641 0.6607 0.7479
vn -0.0238 0.7365 0.6761
vn -0.0344 0.9895 -0.1406
vn -0.0422 -0.6437 -0.7641
vn -0.0096 -0.6683 -0.7439
vn -0.0686 -0.9425 -0.3272
vn -0.0546 -0.8116 -0.5817
vn -0.0008 -0.8955 -0.4451
vn 0.0240 0.6227 -0.7821
vn 0.0480 -0.5745 -0.8171
vn 0.0224 0.6889 -0.7246
vn 0.0454 -0.8210 -0.5691
vn -0.0199 -0.6013 -0.7988
vn -0.0133 -0.6019 -0.7984
vn 0.0194 -0.4392 -0.8982
vn 0.0037 0.6972 -0.7169
vn 0.0172 0.6618 0.7495
vn 0.0105 0.6036 0.7972
vn -0.0269 0.5681 0.8225
vn 0.1399 0.2707 -0.9524
vn -0.0254 0.6994 -0.7143
vn -0.0080 0.6258 0.7800
vn -0.0274 -0.2920 0.9560
vn -0.0109 0.6232 0.7820
vn -0.0639 0.9421 -0.3293
vn -0.0371 0.8607 0.5078
vn -0.0858 0.4138 -0.9063
vn 0.1210 -0.1541 -0.9806
vn 0.0067 -0.6240 -0.7814
vn 0.0075 0.5966 0.8025
vn -0.0858 0.1068 0.9906
vn 0.0367 0.5321 0.8459
vn 0.0300 0.9860 -0.1638
vn 0.0911 -0.4611 -0.8827
vn 0.0048 -0.9696 0.2447
vn -0.0775 0.6399 -0.7645
vn -0.0279 0.6591 0.7515
vn -0.1610 0.9180 -0.3626
vn -0.0731 0.7194 -0.6907
vn 0.1013 -0.2604 -0.9602
vn -0.1155 0.4302 -0.8953
vn 0.0035 -0.6786 -0.7345
vn 0.0165 -0.7095 -0.7045
vn 0.0382 0.8612 0.5068
vn 0.0118 0.8759 0.4824
vn 0.0168 0.9630 -0.2688
vn 0.0361 -0.6397 -0.7678
vn -0.0473 0.7512 -0.6584
vn -0.1104 0.9174 0.3823
vn -0.0413 0.6521 0.7570
vn 0.0147 0.4125 -0.9108
vn 0.1305 -0.4352 -0.8908
vn 0.0458 -0.9561 -0.2893
vn 0.1188 -0.7414 -0.6605
vn -0.0256 0.6298 0.7763
vn -0.0591 0.6171 0.7846
vn -0.0385 0.6031 -0.7967
vn -0.0619 0.6771 -0.7333
vn 0.1278 -0.3419 -0.9310
vn -0.0003 0.7574 0.6530
vn -0.0568 0.7143 0.6975
vn -0.1056 0.8388 -0.5341
vn -0.1191 0.7254 -0.6780
vn 0.0204 -0.7162 -0.6976
vn -0.0521 0.6634 0.7465
vn 0.0566 0.3123 0.9483
vn 0.0603 0.6007 0.7972
vn 0.0108 0.4742 0.8804
vn 0.1012 0.5885 0.8021
vn 0.0309 -0.7457 -0.6656
vn 0.0823 -0.8809 -0.4661
vn 0.1261 -0.8457 -0.5185
vn -0.0827 0.6612 -0.7457
vn -0.0850 0.5337 -0.8414
vn -0.1495 0.5139 -0.8447
vn -0.0655 0.5967 0.7998
vn 0.0067 0.4509 0.8925
vn -0.0835 0.5239 0.8477
vn -0.0655 0.6458 0.7607
vn -0.0855 0.6282 0.7733
vn -0.0032 0.8711 -0.4910
vn 0.1702 -0.4548 -0.8742
vn -0.0469 0.6905 -0.7218
vn 0.1284 0.5494 0.8256
vn 0.1160 0.7470 0.6547
vn 0.0998 0.9877 0.1200
vn 0.0233 -0.9858 -0.1662
vn 0.0167 -0.8026 -0.5962
vn 0.1451 -0.7938 -0.5907
vn 0.0969 -0.7783 -0.6204
vn -0.1365 0.6013 -0.7873
vn -0.1498 0.7849 -0.6012
vn 0.1518 0.0474 -0.9873
vn 0.0685 0.9179 0.3909
vn -0.1581 0.7747 0.6122
vn 0.1619 -0.3930 -0.9052
vn 0.0397 -0.7105 -0.7025
vn 0.2878 -0.7565 -0.5873
vn 0.1989 0.1046 -0.9744
vn 0.0768 -0.8038 -0.5900
vn -0.0257 -0.9252 0.3785
vn 0.1006 -0.6586 -0.7457
vn -0.0772 0.6740 -0.7347
vn 0.0454 0.9524 -0.3015
vn -0.0719 0.6774 0.7321
vn -0.0949 0.6976 0.7101
vn 0.1891 -0.4843 -0.8542
vn 0.1578 -0.5596 -0.8136
vn 0.0488 0.5643 -0.8241
vn -0.0993 0.6571 -0.7472
vn -0.0919 0.6397 -0.7631
vn -0.0858 0.6415 -0.7623
vn -0.1238 0.6481 -0.7514
vn -0.1119 0.5784 0.8080
vn -0.0847 0.6985 -0.7106
vn 0.0651 -0.6901 -0.7207
vn 0.0922 -0.6791 -0.7283
vn 0.1431 0.2251 -0.9638
vn 0.2381 -0.4477 -0.8619
vn -0.1132 0.9678 0.2246
vn -0.0187 -0.9971 -0.0738
vn -0.1146 0.5281 -0.8414
vn 0.0620 -0.7677 -0.6378
vn 0.0996 -0.7264 -0.6800
vn -0.1300 0.5832 -0.8019
vn -0.1727 0.3847 -0.9067
vn -0.1358 0.8848 0.4457
vn -0.1492 0.7019 0.6965
vn 0.0433 -0.6799 0.7320
vn 0.0920 0.7978 0.5958
vn 0.1440 -0.6424 -0.7527
vn -0.1665 0.5275 -0.8331
vn 0.1125 -0.6699 -0.7338
vn 0.1038 -0.6639 -0.7405
vn -0.1099 0.6526 -0.7497
vn 0.1053 0.3909 0.9144
vn 0.1662 0.0429 0.9852
vn -0.1243 -0.9377 -0.3243
vn 0.1744 -0.4266 -0.8874
vn -0.1878 0.6050 -0.7737
vn -0.0453 0.9914 0.1225
vn -0.0902 0.7580 -0.6460
vn -0.1374 0.6479 -0.7492
vn -0.1458 0.6486 -0.7470
vn -0.2115 0.9743 -0.0776
vn -0.1407 0.6649 -0.7336
vn -0.1045 0.9033 -0.4161
vn 0.2113 -0.7378 -0.6411
vn 0.1345 -0.8073 -0.5747
vn 0.1796 -0.8946 -0.4093
vn 0.2430 -0.7882 -0.5654
vn 0.2674 -0.5777 -0.7712
vn 0.3227 -0.5314 -0.7833
vn 0.2356 -0.7118 -0.6617
vn -0.1122 0.9804 -0.1619
vn -0.1537 0.6379 0.7547
vn -0.1806 0.6370 0.7494
vn -0.1446 0.5666 0.8112
vn 0.2234 -0.6151 -0.7562
vn -0.0963 0.7008 0.7068
vn 0.0744 0.9756 0.2065
vn -0.1933 -0.8003 0.5676
vn 0.2095 -0.7621 -0.6126
vn -0.1649 0.4576 -0.8738
vn 0.1415 0.2227 -0.9646
vn 0.1249 0.6381 -0.7597
vn -0.1063 0.9923 0.0640
vn -0.2460 0.7492 -0.6150
vn -0.1465 0.6575 -0.7391
vn 0.2531 -0.7249 -0.6407
vn 0.2390 -0.7267 -0.6441
vn 0.1521 -0.9197 -0.3619
vn 0.2454 -0.6134 -0.7507
vn -0.1889 0.8822 -0.4314
vn 0.1319 0.7398 0.6597
vn -0.2546 0.4651 0.8479
vn -0.2451 0.5586 0.7924
vn -0.0932 0.6013 -0.7936
vn -0.1770 0.6451 -0.7434
vn -0.1566 0.5133 -0.8438
vn 0.1846 -0.6310 -0.7535
vn 0.1621 -0.6335 -0.7566
vn -0.2066 0.5685 -0.7964
vn -0.1350 0.7318 -0.6680
vn -0.1654 0.6413 0.7493
vn -0.2194 0.6133 0.7588
vn 0.1324 0.7393 0.6603
vn 0.1748 -0.6358 -0.7518
vn -0.1587 0.5091 -0.8459
vn 0.0715 0.8671 -0.4930
vn 0.2101 -0.8070 -0.5520
vn 0.3626 -0.4333 -0.8251
vn 0.1601 -0.6634 -0.7309
vn 0.1913 -0.4940 -0.8481
vn 0.1876 -0.6876 -0.7014
vn 0.2086 -0.6210 -0.7556
vn 0.2553 -0.5062 -0.8238
vn 0.2266 -0.7286 -0.6463
vn 0.2207 -0.8741 -0.4327
vn -0.2499 0.6385 -0.7280
vn -0.2265 0.6438 -0.7309
vn 0.2523 -0.2453 -0.9361
vn 0.1616 -0.8417 -0.5151
vn -0.1402 0.4409 -0.8866
vn -0.1396 0.7437 -0.6538
vn -0.2227 0.5347 -0.8152
vn -0.1822 0.5595 -0.8086
vn 0.2436 -0.8057 -0.5399
vn 0.2302 -0.7835 -0.5772
vn -0.2044 0.6102 -0.7654
vn -0.1985 0.6094 -0.7676
vn -0.9017 0.3149 -0.2964
vn -0.2399 0.5129 -0.8242
vn -0.1945 0.5760 -0.7939
vn -0.2417 0.5126 -0.8239
vn -0.1550 0.4359 -0.8866
vn -0.1862 0.4177 -0.8893
vn 0.1616 0.7120 0.6834
vn -0.1163 0.9915 -0.0586
vn -0.1996 0.6079 -0.7685
vn -0.2474 0.5071 -0.8256
vn -0.2147 0.3993 -0.8913
vn -0.2002 0.4111 -0.8893
vn -0.2175 0.3900 -0.8948
vn -0.2244 0.3691 -0.9019
vn -0.2920 0.3699 -0.8820
vn -0.2452 0.5137 -0.8222
vn -0.1279 0.7280 -0.6735
vn 0.3021 -0.6491 -0.6981
vn 0.3829 -0.4972 -0.7786
vn -0.1953 0.6421 0.7413
vn -0.2250 0.6720 0.7055
vn -0.2455 0.5640 -0.7885
vn -0.2449 0.5449 -0.8019
vn -0.3309 0.5053 -0.7970
vn -0.2478 0.5529 -0.7955
vn -0.1261 0.4504 -0.8839
vn -0.1851 0.4407 -0.8784
vn -0.2351 0.4620 -0.8552
vn -0.2209 0.3649 -0.9045
vn -0.2106 0.3340 -0.9188
vn 0.2582 -0.8538 -0.4520
vn 0.2792 -0.8249 -0.4915
vn 0.4540 -0.4463 -0.7712
vn -0.2065 0.5919 -0.7791
vn -0.2463 0.5647 -0.7877
vn -0.2466 0.5410 -0.8040
vn -0.0070 0.4994 -0.8663
vn -0.2429 0.4879 -0.8384
vn -0.1865 0.3526 -0.9170
vn -0.1671 0.3783 -0.9105
vn 0.0806 0.7293 0.6795
vn 0.0938 0.7183 0.6894
vn -0.1921 0.9416 -0.2765
vn -0.2141 0.3634 -0.9067
vn -0.2035 0.3435 -0.9168
vn -0.1769 0.3816 -0.9072
vn -0.1770 0.8152 0.5514
vn -0.0915 0.8470 0.5237
vn 0.2300 0.1825 -0.9559
vn 0.3053 -0.6593 -0.6871
vn -0.2128 0.3555 -0.9101
vn -0.1980 0.3351 -0.9211
vn -0.1883 0.5344 -0.8240
vn -0.1773 0.4595 -0.8703
vn -0.1905 0.5918 -0.7833
vn -0.0922 0.8437 0.5288
vn 0.2800 -0.8186 -0.5015
vn -0.2189 0.7104 0.6689
vn -0.2061 0.7033 0.6803
vn -0.1048 0.4894 -0.8657
vn -0.3139 0.4177 -0.8527
vn -0.2376 0.3805 -0.8937
vn -0.2820 0.3654 -0.8871
vn -0.2508 0.3929 -0.8847
vn -0.2968 0.4768 -0.8274
vn -0.1956 0.3443 -0.9183
vn -0.2089 0.6226 -0.7542
vn 0.0950 0.8537 -0.5120
vn 0.2765 -0.7539 -0.5959
vn -0.5218 0.1856 -0.8326
vn -0.2279 0.3839 -0.8948
vn -0.1475 0.7011 -0.6977
vn -0.2564 0.4127 -0.8740
vn 0.2933 -0.1284 -0.9474
vn -0.3239 0.3332 -0.8855
vn 0.1761 0.6269 0.7589
vn 0.1447 0.7113 0.6879
vn -0.2641 0.5620 -0.7839
vn -0.2409 0.3735 -0.8958
vn -0.2491 0.3405 -0.9066
vn -0.2021 0.3439 -0.9170
vn 0.1757 -0.7305 -0.6599
vn 0.1692 -0.7485 -0.6412
vn 0.2360 -0.6588 -0.7144
vn -0.2434 0.3519 -0.9039
vn -0.2383 0.3528 -0.9049
vn -0.1843 0.5605 0.8074
vn -0.2062 0.6759 0.7075
vn 0.0241 0.9962 -0.0836
vn 0.1165 0.6922 0.7123
vn 0.2627 -0.8308 -0.4906
vn 0.1489 -0.9115 -0.3835
vn 0.2966 -0.5903 -0.7507
vn 0.2690 -0.3324 -0.9040
vn -0.3107 0.3167 -0.8962
vn -0.2064 0.3173 -0.9256
vn 0.3059 0.0686 -0.9496
vn -0.1683 0.4837 -0.8589
vn -0.1707 0.8877 -0.4276
vn 0.1699 0.3931 0.9037
vn 0.2973 0.5939 0.7476
vn 0.2215 0.3955 0.8914
vn -0.2473 0.3452 -0.9054
vn -0.3764 0.3550 -0.8557
vn -0.2601 0.3458 -0.9015
vn -0.0678 0.3722 -0.9257
vn -0.2155 0.7426 -0.6341
vn 0.4706 -0.4657 -0.7494
vn -0.2590 0.3511 -0.8998
vn -0.3364 0.3177 -0.8865
vn 0.1670 0.5696 0.8048
vn 0.1978 0.3869 0.9007
vn -0.2524 0.5290 -0.8103
vn -0.1941 0.4580 -0.8675
vn -0.2343 0.4473 -0.8631
vn 0.0291 0.3654 -0.9304
vn 0.1075 0.8118 -0.5740
vn 0.3335 -0.4236 -0.8423
vn -0.3352 0.4206 -0.8431
vn 0.1727 0.3797 0.9088
vn 0.3626 0.7101 0.6036
vn 0.2315 0.4097 0.8824
vn 0.1750 -0.7553 -0.6316
vn 0.2314 -0.7130 -0.6619
vn -0.2651 0.3688 -0.8909
vn -0.2999 0.4424 -0.8452
vn 0.1150 0.5332 0.8381
vn 0.1545 0.4126 0.8977
vn 0.2813 0.3373 0.8984
vn 0.2654 -0.8754 -0.4040
vn 0.2382 -0.8815 -0.4077
vn 0.0305 -0.9990 -0.0337
vn 0.1326 0.3058 -0.9428
vn 0.1742 -0.9046 -0.3890
vn 0.2640 -0.8423 -0.4700
vn 0.2327 -0.7296 -0.6431
vn 0.2480 -0.7050 -0.6644
vn -0.2966 0.6503 -0.6994
vn -0.1919 0.6457 -0.7391
vn 0.1081 0.8289 0.5489
vn -0.2336 0.6860 -0.6891
vn -0.2991 0.5930 -0.7476
vn -0.2531 0.5916 -0.7655
vn -0.2644 0.7329 0.6269
vn -0.2365 0.7196 0.6529
vn 0.0966 0.8807 -0.4638
vn -0.2372 0.9074 0.3471
vn -0.1817 0.7664 0.6162
vn -0.3042 0.6423 0.7035
vn -0.2747 0.6200 -0.7349
vn -0.2580 0.6596 -0.7059
vn 0.4839 -0.6180 -0.6195
vn 0.2628 -0.8209 -0.5070
vn -0.1590 0.8248 0.5426
vn -0.1631 0.8694 0.4665
vn -0.2634 0.5814 -0.7698
vn 0.2018 -0.7377 -0.6442
vn 0.2452 -0.7073 -0.6630
vn -0.3296 0.7647 -0.5537
vn -0.2431 0.8049 0.5413
vn -0.2490 0.5210 -0.8165
vn -0.2874 0.6317 -0.7199
vn -0.2323 0.5512 -0.8014
vn 0.1791 0.8069 0.5629
vn 0.2814 0.7218 0.6323
vn 0.2177 -0.9426 -0.2532
vn 0.3857 -0.7784 -0.4953
vn -0.2165 0.4586 0.8619
vn -0.2865 0.5491 0.7851
vn -0.3986 0.4550 0.7963
vn -0.1928 0.6483 -0.7366
vn -0.2491 0.9506 0.1851
vn 0.4421 -0.6484 -0.6198
vn 0.5270 -0.4967 -0.6897
vn 0.4450 -0.6387 -0.6278
vn -0.2418 0.6057 -0.7581
vn -0.2704 0.6663 -0.6950
vn -0.3026 0.6748 -0.6732
vn -0.2689 0.5583 -0.7848
vn -0.2464 0.7590 -0.6027
vn 0.3049 -0.8176 -0.4884
vn 0.1950 -0.9438 -0.2668
vn 0.2815 -0.6432 -0.7121
vn -0.3171 0.6371 -0.7025
vn -0.3409 0.6101 -0.7153
vn 0.5840 -0.5130 -0.6291
vn 0.2556 -0.6887 -0.6785
vn 0.4768 -0.5766 -0.6634
vn 0.3460 -0.7820 -0.5185
vn -0.3759 0.5835 0.7199
vn -0.3789 0.3705 -0.8481
vn -0.2188 0.7119 -0.6674
vn 0.1353 -0.9718 -0.1930
vn -0.0929 -0.9921 0.0847
vn 0.2872 -0.6908 -0.6636
vn -0.3573 0.4303 0.8290
vn 0.0871 0.9442 -0.3176
vn 0.3414 -0.7962 -0.4995
vn 0.5792 -0.5723 -0.5806
vn -0.3375 0.6760 -0.6551
vn 0.1588 0.8089 0.5660
vn 0.1782 0.8059 0.5645
vn -0.2656 0.6064 0.7495
vn -0.2013 -0.2062 0.9576
vn -0.2345 0.7154 0.6582
vn 0.6117 -0.4351 -0.6607
vn -0.2950 0.7280 0.6189
vn -0.3553 0.6130 -0.7057
vn -0.4002 0.5449 -0.7369
vn -0.2838 0.5268 -0.8012
vn -0.3286 0.6722 -0.6635
vn -0.0691 0.9833 0.1683
vn 0.3354 0.1138 -0.9352
vn -0.2553 0.7463 -0.6147
vn 0.1826 0.7985 0.5736
vn 0.0448 0.9951 -0.0882
vn -0.3108 0.8563 -0.4125
vn -0.3098 0.7389 0.5983
vn -0.3398 0.6939 -0.6349
vn -0.3677 0.7904 0.4900
vn -0.2611 0.8158 0.5160
vn -0.3651 0.6639 0.6526
vn -0.3892 0.6177 -0.6834
vn -0.2709 0.9471 -0.1722
vn -0.3455 0.6959 -0.6295
vn 0.1794 0.7429 0.6449
vn -0.3949 0.6280 -0.6706
vn -0.3930 0.6220 -0.6772
vn 0.3829 -0.3181 -0.8673
vn 0.3973 -0.2022 -0.8951
vn 0.2095 0.8116 0.5454
vn 0.1444 0.9302 0.3376
vn 0.3297 -0.6433 -0.6910
vn 0.3988 0.3232 -0.8582
vn -0.3191 0.5465 -0.7743
vn -0.3554 0.6955 -0.6245
vn -0.4165 0.6172 -0.6676
vn 0.4513 -0.8152 -0.3631
vn 0.4752 -0.7729 -0.4205
vn 0.4955 -0.7870 -0.3676
vn 0.3836 -0.5121 -0.7685
vn -0.3799 0.4110 -0.8287
vn -0.2567 0.7405 -0.6211
vn 0.2210 0.7942 0.5661
vn -0.3389 0.8896 -0.3061
vn -0.4741 0.4208 -0.7734
vn 0.0474 -0.9674 -0.2487
vn 0.3561 -0.6540 -0.6675
vn -0.4461 0.3771 0.8117
vn -0.3469 0.3972 0.8497
vn -0.2522 0.9676 -0.0098
vn -0.4764 0.5305 0.7011
vn -0.3063 0.5352 -0.7873
vn 0.6327 -0.5003 -0.5911
vn 0.6442 -0.5862 -0.4913
vn -0.3027 0.7968 0.5230
vn -0.4186 0.6160 0.6673
vn 0.5012 -0.7397 -0.4490
vn -0.3346 0.7478 0.5735
vn -0.4109 0.6674 0.6210
vn -0.4196 0.6345 0.6491
vn -0.3878 0.6985 -0.6014
vn 0.3251 -0.6803 -0.6569
vn 0.3395 -0.6962 -0.6325
vn -0.4646 0.3646 -0.8070
vn -0.2936 0.6367 -0.7130
vn -0.2367 0.7556 -0.6108
vn 0.2915 0.6003 -0.7448
vn 0.2350 0.7553 -0.6118
vn -0.3596 0.8592 0.3640
vn -0.4990 0.5965 -0.6287
vn -0.3031 0.5247 -0.7955
vn 0.2731 -0.8939 -0.3555
vn 0.3308 -0.8923 -0.3071
vn 0.3142 -0.8816 -0.3523
vn 0.4214 -0.6088 -0.6722
vn -0.4149 0.6596 -0.6267
vn -0.4548 0.6463 -0.6127
vn 0.3196 0.3800 0.8680
vn 0.3385 0.0727 0.9381
vn 0.2528 0.7999 0.5443
vn 0.2848 0.7320 0.6189
vn 0.2158 0.8074 0.5491
vn -0.4241 0.7325 -0.5325
vn -0.5096 0.6195 0.5971
vn -0.3346 0.6375 -0.6940
vn -0.3205 0.6932 -0.6455
vn -0.0273 0.9993 0.0271
vn 0.6312 -0.5531 -0.5438
vn 0.3862 -0.8703 -0.3056
vn -0.3093 0.9445 -0.1106
vn -0.3991 0.6985 0.5940
vn -0.4972 0.5067 -0.7043
vn -0.3605 0.5854 0.7262
vn -0.3675 0.4712 0.8018
vn -0.2505 0.7916 0.5573
vn -0.2379 -0.9224 -0.3044
vn 0.1992 0.5514 0.8101
vn -0.4142 0.6612 -0.6255
vn -0.2644 0.9612 0.0791
vn 0.3622 -0.7229 -0.5884
vn 0.3548 -0.6602 -0.6620
vn -0.4339 0.7720 -0.4645
vn 0.4443 -0.0898 -0.8914
vn 0.7143 -0.4849 -0.5046
vn 0.6988 -0.5331 -0.4770
vn -0.4006 0.7255 0.5596
vn -0.4150 0.7075 -0.5720
vn -0.3686 0.5477 -0.7511
vn -0.3331 0.6778 -0.6554
vn -0.2850 0.7281 -0.6234
vn 0.2628 0.7663 0.5862
vn 0.3053 0.7984 0.5190
vn -0.4055 0.6951 -0.5936
vn -0.0387 -0.9899 -0.1366
vn 0.6679 -0.6068 -0.4309
vn 0.1162 0.9694 0.2164
vn -0.4433 0.8392 0.3151
vn 0.3760 -0.7324 -0.5676
vn 0.3790 -0.6689 -0.6395
vn 0.3757 -0.6871 -0.6219
vn -0.2072 0.8939 -0.3975
vn 0.1446 -0.9894 0.0093
vn 0.7942 -0.4500 -0.4083
vn 0.8158 -0.5005 -0.2898
vn 0.4529 0.0136 0.8915
vn 0.3615 0.4766 0.8013
vn 0.3084 0.7889 0.5316
vn 0.2778 0.7593 0.5885
vn 0.2574 0.7368 0.6251
vn -0.4428 0.7064 0.5522
vn -0.4786 0.6655 -0.5727
vn 0.4752 -0.3901 -0.7887
vn -0.5238 0.3811 0.7618
vn -0.5312 0.3736 0.7604
vn 0.2496 0.8007 0.5447
vn -0.4067 0.8959 0.1789
vn 0.3198 0.7696 0.5526
vn -0.4478 0.7262 0.5217
vn -0.4607 0.4775 -0.7481
vn -0.2953 0.6898 -0.6611
vn -0.4267 0.6502 0.6286
vn -0.4444 0.6968 0.5631
vn -0.4807 0.6608 -0.5765
vn -0.5393 0.4259 0.7265
vn 0.4860 -0.2766 -0.8291
vn -0.4524 0.7043 -0.5471
vn -0.5579 0.2635 0.7869
vn 0.3462 0.6483 0.6781
vn -0.3302 0.6396 -0.6942
vn -0.3012 0.7388 -0.6029
vn -0.4493 0.7033 -0.5509
vn -0.3287 0.6517 -0.6836
vn 0.4070 0.5404 -0.7364
vn 0.4750 -0.4901 -0.7308
vn -0.4507 0.7055 -0.5469
vn -0.4585 0.7494 0.4777
vn -0.4909 0.6575 -0.5716
vn -0.3643 0.6137 -0.7004
vn -0.3325 0.7376 -0.5877
vn -0.4467 0.5357 0.7166
vn -0.3303 0.6793 0.6553
vn -0.4471 0.8455 -0.2918
vn 0.3149 0.7121 0.6276
vn -0.5354 0.7344 0.4171
vn -0.4751 0.6961 0.5382
vn -0.4674 0.7025 -0.5367
vn -0.5211 0.6403 -0.5643
vn -0.5932 0.4162 -0.6891
vn 0.4210 -0.8984 -0.1248
vn 0.9042 -0.3313 -0.2697
vn 0.7557 -0.6384 -0.1458
vn -0.4449 0.8909 0.0913
vn -0.4890 0.7036 -0.5156
vn -0.3670 0.6715 0.6438
vn -0.3706 0.6493 0.6641
vn -0.4057 0.6107 0.6801
vn 0.3614 0.5816 0.7288
vn 0.3569 0.0517 0.9327
vn 0.4706 0.1860 0.8625
vn 0.3835 -0.7921 -0.4750
vn 0.4028 -0.7219 -0.5627
vn 0.4135 -0.7199 -0.5575
vn -0.5016 0.6906 0.5211
vn -0.3489 0.7359 -0.5802
vn -0.5041 0.7094 -0.4926
vn -0.5119 0.7486 -0.4213
vn -0.3900 0.6033 -0.6956
vn -0.5895 0.6147 -0.5241
vn -0.5280 0.6479 -0.5490
vn -0.4930 0.8512 -0.1802
vn -0.4998 0.7023 -0.5070
vn -0.6109 0.5190 -0.5979
vn 0.5203 -0.8330 -0.1879
vn 0.4692 -0.8612 -0.1951
vn 0.5196 -0.8450 -0.1266
vn -0.5492 0.3697 -0.7495
vn 0.5397 -0.1980 -0.8182
vn -0.4588 0.5659 -0.6851
vn -0.2598 0.8721 0.4146
vn 0.4573 -0.7175 -0.5255
vn -0.5299 0.6723 0.5170
vn -0.5401 0.6685 -0.5112
vn 0.5220 0.2773 -0.8066
vn -0.3850 0.7065 -0.5938
vn 0.4035 0.5554 -0.7271
vn 0.4640 0.5782 0.6711
vn 0.2738 0.8100 0.5185
vn -0.5514 0.6756 -0.4894
vn 0.2236 0.8748 0.4297
vn 0.5227 -0.5631 -0.6400
vn -0.4294 0.5855 -0.6876
vn -0.5779 0.7230 -0.3786
vn -0.3735 0.7151 -0.5910
vn -0.4527 0.8907 -0.0401
vn -0.5981 0.5699 -0.5635
vn -0.5444 0.6778 -0.4941
vn -0.4388 0.5899 0.6778
vn -0.5069 0.6847 -0.5236
vn -0.2659 0.8972 -0.3527
vn -0.4887 0.7076 -0.5103
vn -0.6583 0.5438 0.5205
vn -0.6143 0.4704 0.6335
vn 0.1814 0.9514 -0.2490
vn -0.5598 0.2588 0.7872
vn 0.4329 0.6797 0.5921
vn 0.3547 0.7334 0.5799
vn 0.5501 -0.1068 -0.8282
vn 0.4502 -0.6870 -0.5704
vn -0.5876 0.6617 -0.4657
vn -0.6596 0.4306 -0.6160
vn -0.4425 0.5967 -0.6694
vn -0.3739 0.7175 -0.5878
vn 0.1020 0.9850 0.1388
vn -0.7117 0.4493 -0.5401
vn -0.6414 0.6364 -0.4285
vn -0.5827 0.7739 0.2479
vn -0.6241 0.6247 0.4694
vn -0.5490 0.8288 -0.1078
vn -0.5842 0.7607 -0.2830
vn -0.5886 0.6720 -0.4494
vn -0.5448 0.4818 -0.6864
vn -0.5811 0.6189 0.5284
vn 0.3053 0.7683 0.5625
vn 0.5634 -0.3299 -0.7575
vn -0.3664 0.7622 -0.5336
vn 0.5098 -0.6497 -0.5640
vn 0.4887 -0.6398 -0.5932
vn 0.5735 -0.5812 -0.5774
vn -0.6014 0.6798 -0.4197
vn -0.4464 0.6160 -0.6491
vn 0.5760 -0.4475 -0.6841
vn 0.5661 -0.5232 -0.6370
vn 0.5708 -0.5245 -0.6317
vn 0.5042 -0.6669 -0.5486
vn 0.4168 0.6504 -0.6350
vn 0.3308 0.8005 0.4998
vn -0.4607 0.6298 0.6254
vn -0.4617 0.6367 0.6176
vn 0.2745 0.9468 0.1683
vn 0.4954 -0.6250 -0.6033
vn 0.5397 -0.6480 -0.5374
vn -0.7904 0.4056 -0.4591
vn -0.7118 0.5823 -0.3929
vn -0.4598 0.6007 -0.6540
vn -0.6103 0.7317 0.3034
vn -0.6509 0.6591 0.3767
vn -0.3816 0.7684 -0.5137
vn -0.5769 0.8167 0.0144
vn -0.6122 0.7006 0.3666
vn -0.7080 0.5759 0.4088
vn -0.4702 0.6139 0.6341
vn -0.6304 0.7032 -0.3288
vn -0.6436 0.6737 -0.3632
vn -0.6218 0.6809 -0.3869
vn -0.6550 0.6293 0.4184
vn -0.7029 0.5442 -0.4581
vn 0.5832 -0.5437 -0.6036
vn 0.5633 -0.6196 -0.5466
vn 0.6495 -0.3209 -0.6893
vn -0.6293 0.7706 0.1006
vn -0.6161 0.6640 0.4237
vn -0.6191 0.6563 0.4314
vn -0.4236 0.7562 -0.4987
vn -0.5108 0.2155 0.8323
vn -0.3860 0.8451 0.3698
vn -0.6541 0.6117 0.4449
vn 0.5358 -0.6977 -0.4755
vn -0.4912 0.5808 -0.6491
vn 0.4745 -0.8002 -0.3669
vn -0.6340 0.6856 -0.3577
vn 0.3759 0.6057 0.7013
vn 0.3318 0.8087 0.4858
vn 0.6248 -0.2341 -0.7449
vn -0.6479 0.7391 -0.1843
vn -0.6640 0.6357 0.3937
vn 0.5736 0.3543 -0.7386
vn -0.6388 0.6977 -0.3243
vn -0.6055 0.7231 -0.3323
vn -0.6446 0.6780 -0.3533
vn -0.6175 0.4821 -0.6215
vn -0.6091 0.7189 -0.3350
vn 0.5204 -0.6623 -0.5390
vn 0.5334 -0.6549 -0.5354
vn -0.5044 0.5756 -0.6437
vn -0.6463 0.7039 -0.2945
vn -0.6385 0.6943 0.3320
vn -0.4240 0.7058 0.5675
vn -0.0814 0.9346 -0.3464
vn -0.6291 0.6955 0.3470
vn -0.6716 0.6449 0.3649
vn -0.5751 0.4746 0.6663
vn -0.5116 0.5802 0.6337
vn -0.6488 0.7030 -0.2914
vn -0.6538 0.6933 -0.3031
vn -0.6693 0.6641 -0.3332
vn -0.6653 0.6635 -0.3423
vn -0.6561 0.6814 0.3243
vn -0.7002 0.3795 -0.6047
vn 0.6314 -0.0891 -0.7703
vn 0.1576 0.9677 -0.1970
vn -0.7204 0.4611 -0.5181
vn -0.5022 0.5862 -0.6357
vn 0.2795 0.8707 0.4047
vn 0.3708 0.7521 -0.5448
vn -0.7365 0.5841 -0.3412
vn 0.5838 -0.6640 -0.4672
vn 0.6057 -0.7004 -0.3775
vn -0.6418 0.7036 -0.3049
vn 0.2770 0.8709 0.4060
vn -0.6786 0.7324 -0.0556
vn -0.6491 0.7049 -0.2860
vn 0.2030 -0.9360 -0.2875
vn -0.5398 0.5807 0.6094
vn -0.4095 0.7695 0.4900
vn -0.6973 0.6966 0.1689
vn -0.6538 0.7070 -0.2696
vn -0.6581 0.6464 -0.3861
vn -0.7209 0.6057 0.3368
vn 0.4991 -0.6282 -0.5969
vn -0.5826 0.7619 -0.2829
vn -0.7029 0.6486 -0.2918
vn -0.5192 0.6114 -0.5972
vn 0.6609 -0.4654 -0.5888
vn -0.6957 0.6632 -0.2759
vn -0.7014 0.6481 0.2967
vn -0.7384 0.6039 0.3002
vn 0.6433 -0.3617 -0.6748
vn -0.6884 0.6879 -0.2299
vn -0.7040 0.6610 0.2599
vn -0.6875 0.6656 0.2904
vn -0.6776 0.6643 -0.3155
vn 0.4617 -0.7841 -0.4148
vn 0.5796 -0.6596 -0.4785
vn 0.5635 -0.6931 -0.4495
vn 0.5952 -0.6215 -0.5093
vn 0.6535 -0.5529 -0.5169
vn -0.6912 0.6587 -0.2972
vn -0.6342 0.3801 0.6733
vn -0.6755 0.4037 0.6171
vn -0.6794 0.6846 -0.2641
vn -0.7138 0.6453 -0.2719
vn -0.7913 0.4666 0.3953
vn -0.5333 0.6021 -0.5942
vn -0.2991 0.9085 -0.2918
vn -0.7682 0.5460 0.3341
vn -0.3788 0.8427 0.3825
vn -0.4650 0.7560 0.4608
vn -0.5744 0.6269 0.5264
vn -0.4649 0.6764 -0.5713
vn -0.6884 0.6827 -0.2448
vn -0.7152 0.6409 -0.2787
vn -0.7726 0.5421 0.3305
vn -0.7007 0.6819 -0.2099
vn -0.7518 0.6186 -0.2285
vn -0.7268 0.6082 0.3192
vn -0.7041 0.6149 0.3553
vn 0.3407 0.8523 0.3969
vn 0.3579 0.8416 0.4045
vn -0.7337 0.6027 0.3138
vn -0.5542 0.5639 -0.6122
vn -0.5146 0.6379 -0.5729
vn 0.6146 -0.6442 -0.4553
vn -0.7320 0.6395 0.2350
vn -0.7396 0.6103 0.2838
vn -0.7356 0.6037 0.3074
vn -0.7160 0.3810 0.5850
vn -0.7040 0.6863 -0.1827
vn -0.6975 0.7013 -0.1470
vn -0.7499 0.5863 0.3065
vn -0.7402 0.5968 0.3096
vn -0.4388 0.7697 -0.4637
vn 0.6571 0.2548 -0.7095
vn -0.6940 0.7072 -0.1349
vn -0.5546 0.5861 -0.5906
vn 0.5676 0.4682 -0.6772
vn -0.8069 0.4669 -0.3619
vn -0.7113 0.4475 0.5420
vn -0.7778 0.4011 0.4839
vn 0.6247 -0.5995 -0.5004
vn 0.6357 -0.6182 -0.4623
vn -0.7742 0.3967 -0.4932
vn -0.5629 0.5947 -0.5739
vn 0.5983 -0.6704 -0.4389
vn -0.7855 0.6188 0.0132
vn -0.7564 0.6196 0.2097
vn -0.7049 0.4269 -0.5665
vn -0.7102 0.6937 -0.1199
vn -0.7716 0.6132 -0.1689
vn -0.3878 0.9216 0.0163
vn 0.3280 0.8901 0.3165
vn -0.7203 0.6790 -0.1420
vn -0.7609 0.6317 -0.1480
vn -0.8213 0.5572 -0.1225
vn -0.4909 0.6973 -0.5224
vn 0.6476 -0.6112 -0.4549
vn 0.6325 -0.6310 -0.4491
vn -0.7781 0.5718 0.2599
vn -0.7421 0.6657 -0.0785
vn -0.7683 0.6127 -0.1852
vn 0.3686 0.8774 -0.3070
vn 0.2820 0.9114 -0.2999
vn -0.7557 0.6460 -0.1075
vn -0.5722 0.5956 -0.5637
vn -0.4811 0.7343 -0.4789
vn -0.7731 0.6111 0.1699
vn -0.8277 0.4764 0.2967
vn -0.8247 0.5079 0.2487
vn -0.8177 0.5315 -0.2209
vn -0.7260 0.6796 -0.1054
vn -0.7756 0.6233 -0.0995
vn -0.7509 0.4503 0.4831
vn -0.0689 0.9959 0.0589
vn -0.1662 0.9715 0.1693
vn 0.3571 0.8635 -0.3562
vn -0.7831 0.5760 0.2346
vn -0.7780 0.5736 0.2564
vn -0.5853 0.5873 -0.5591
vn -0.6507 0.4668 -0.5989
vn -0.4569 0.7498 -0.4786
vn -0.7547 0.6526 -0.0681
vn -0.4440 0.7967 -0.4100
vn 0.1704 0.9741 0.1486
vn 0.2422 0.9386 0.2456
vn -0.7819 0.6100 -0.1283
vn 0.7280 -0.3717 -0.5761
vn 0.3713 0.8284 0.4193
vn -0.7508 0.6596 -0.0337
vn -0.7636 0.6327 0.1288
vn -0.6406 -0.5091 -0.5748
vn -0.7415 -0.0533 0.6689
vn -0.8117 0.5413 0.2195
vn -0.7911 0.5695 0.2232
vn -0.6834 0.5147 0.5176
vn -0.4442 0.7885 0.4254
vn 0.6352 0.5449 -0.5473
vn -0.7859 0.6172 -0.0362
vn -0.7358 0.6737 -0.0683
vn -0.6712 0.7406 -0.0310
vn -0.7857 0.6163 -0.0535
vn -0.8027 0.5624 0.1984
vn -0.7925 0.5794 0.1903
vn 0.0658 0.9577 0.2803
vn -0.8043 0.5694 0.1700
vn -0.8148 0.5420 0.2060
vn -0.7920 0.5903 0.1557
vn -0.5830 0.6159 -0.5299
vn 0.7313 -0.5218 -0.4391
vn 0.6953 -0.6023 -0.3921
vn -0.8808 0.4707 0.0505
vn -0.9854 0.0333 -0.1668
vn -0.8078 0.5546 0.1997
vn -0.6629 0.5427 -0.5158
vn -0.8027 0.5962 -0.0122
vn -0.8427 0.5383 0.0053
vn -0.8005 0.5992 -0.0144
vn -0.9250 0.3791 -0.0254
vn -0.8044 0.5941 -0.0062
vn -0.9105 0.4135 0.0042
vn 0.7125 -0.1330 -0.6890
vn 0.7009 -0.2611 -0.6638
vn -0.5769 0.6538 -0.4895
vn -0.5135 0.7291 0.4525
vn 0.4928 0.6426 -0.5867
vn 0.5518 0.5754 -0.6036
vn 0.5750 0.6140 -0.5408
vn -0.8004 0.5992 0.0187
vn 0.6705 -0.6274 -0.3959
vn 0.6718 -0.6427 -0.3681
vn 0.6761 -0.6343 -0.3749
vn -0.7849 0.6006 0.1524
vn -0.8209 0.5418 0.1805
vn 0.6395 0.4790 -0.6014
vn -0.8235 0.5656 0.0443
vn -0.8077 0.5891 -0.0230
vn -0.8057 0.5883 0.0686
vn -0.4826 0.7802 -0.3980
vn -0.8483 0.5131 0.1308
vn -0.0605 0.9973 -0.0421
vn -0.8393 0.5371 0.0842
vn -0.7829 0.6086 0.1289
vn -0.8617 0.4794 0.1662
vn -0.8398 0.5249 0.1387
vn -0.8270 0.5498 0.1176
vn -0.8395 0.5357 0.0913
vn -0.8183 0.5525 0.1586
vn -0.8244 0.5408 0.1670
vn -0.8443 0.3865 -0.3711
vn -0.6667 0.6101 -0.4282
vn -0.8489 0.5079 0.1464
vn -0.8331 0.5438 0.1010
vn -0.5734 0.6840 -0.4509
vn -0.7389 0.5960 0.3142
vn -0.7167 0.5964 0.3616
vn -0.5355 0.7374 -0.4116
vn -0.8328 0.5230 0.1816
vn -0.8740 0.4223 -0.2405
vn -0.8405 0.3796 0.3865
vn 0.7636 -0.4082 -0.5003
vn -0.2886 0.9422 0.1700
vn -0.8455 0.4988 0.1908
vn 0.6668 -0.6847 -0.2941
vn 0.6839 -0.6613 -0.3081
vn -0.5205 0.4540 0.7232
vn -0.8110 0.3919 -0.4344
vn 0.7290 -0.4161 0.5435
vn -0.8920 0.4428 -0.0916
vn -0.8713 0.4135 0.2645
vn 0.7330 0.2767 -0.6214
vn 0.5911 0.5876 -0.5525
vn 0.3799 0.8672 0.3220
vn -0.8382 0.4686 0.2790
vn -0.8597 0.4698 0.2004
vn -0.5449 0.7005 0.4609
vn -0.5506 0.6919 0.4671
vn -0.4518 0.8203 0.3507
vn -0.7265 0.4805 -0.4911
vn -0.5553 0.7028 0.4448
vn -0.5880 0.6677 -0.4565
vn -0.6644 0.5487 -0.5075
vn 0.5139 0.6911 -0.5081
vn -0.8918 0.4493 0.0527
vn 0.5527 0.6610 0.5076
vn -0.6070 0.6667 -0.4325
vn 0.4494 0.8078 0.3814
vn -0.1433 0.9845 -0.1016
vn -0.8839 0.4470 0.1372
vn -0.8702 0.4511 0.1981
vn -0.5934 0.6823 -0.4270
vn 0.7489 0.5198 -0.4110
vn -0.5586 0.7195 -0.4126
vn -0.8854 0.4451 0.1341
vn 0.7973 -0.1168 -0.5922
vn 0.6024 0.5907 -0.5368
vn 0.6133 0.6622 -0.4305
vn 0.4165 0.8447 0.3361
vn 0.7604 -0.5480 -0.3486
vn 0.8041 -0.5180 -0.2916
vn 0.7643 -0.5447 -0.3453
vn -0.9121 0.3869 -0.1356
vn -0.4506 0.8570 -0.2501
vn -0.8640 0.3929 -0.3148
vn -0.8141 -0.1834 -0.5510
vn 0.0034 -0.9999 0.0138
vn -0.8919 0.4170 0.1748
vn 0.4635 0.7494 -0.4729
vn 0.7649 -0.5653 -0.3088
vn 0.6406 0.6238 0.4478
vn 0.0457 0.9989 0.0073
vn 0.6017 0.6264 -0.4955
vn -0.8444 0.4539 0.2846
vn -0.8958 0.4202 0.1449
vn -0.8840 0.4304 0.1827
vn -0.8978 0.4030 0.1775
vn -0.8992 0.4120 0.1473
vn 0.4243 0.8379 0.3434
vn -0.9229 0.3538 0.1518
vn -0.9008 0.4026 0.1626
vn -0.8962 0.4019 0.1880
vn -0.8748 0.4451 -0.1915
vn 0.4465 0.8323 0.3286
vn -0.9031 0.3840 0.1924
vn -0.8381 0.4105 0.3593
vn 0.7547 0.0910 -0.6497
vn -0.9214 0.3848 0.0537
vn -0.6730 0.6014 -0.4306
vn -0.4678 0.7919 -0.3925
vn -0.0388 0.9988 -0.0300
vn -0.7222 0.4986 -0.4794
vn -0.5591 0.7409 -0.3722
vn -0.9057 0.3740 0.1996
vn -0.5331 0.7517 0.3883
vn -0.7274 0.5658 0.3882
vn -0.9128 0.3762 0.1589
vn 0.4983 0.7452 -0.4431
vn 0.7026 0.4860 -0.5198
vn -0.9244 0.3437 0.1653
vn -0.9014 0.4112 0.1356
vn -0.9150 0.3771 0.1435
vn -0.9088 0.3612 0.2089
vn -0.5874 0.7368 -0.3347
vn 0.4238 0.8569 0.2935
vn -0.7301 0.5208 0.4424
vn -0.6710 0.6742 0.3084
vn -0.7803 0.5099 0.3621
vn -0.5780 0.7450 -0.3330
vn -0.3896 0.8967 -0.2103
vn -0.5240 0.7913 -0.3150
vn -0.9164 0.3745 0.1414
vn -0.9037 0.3776 0.2017
vn -0.5224 0.7933 -0.3126
vn -0.9027 0.3657 0.2270
vn 0.2530 0.9657 -0.0592
vn 0.4362 0.8853 -0.1615
vn 0.3450 0.9096 0.2316
vn -0.9378 0.3249 0.1226
vn -0.8113 0.3768 0.4471
vn -0.5300 0.7931 -0.3001
vn 0.6130 0.6667 0.4240
vn 0.5890 0.6918 0.4176
vn 0.7274 0.4164 0.5455
vn 0.1993 0.9726 0.1194
vn -0.7351 0.5401 0.4098
vn -0.8679 0.1921 0.4582
vn 0.7237 0.5159 -0.4584
vn -0.1282 -0.9888 0.0763
vn -0.9248 0.3542 0.1390
vn 0.5951 0.6968 -0.4004
vn -0.9006 0.4327 -0.0409
vn -0.9059 0.3667 0.2119
vn -0.5919 0.7615 -0.2642
vn -0.6233 0.7373 -0.2605
vn -0.9171 0.3727 0.1416
vn 0.2349 0.9611 0.1454
vn -0.7911 0.4692 0.3924
vn -0.8448 0.3906 0.3658
vn 0.7821 -0.4669 0.4126
vn -0.4295 0.8679 -0.2497
vn 0.8233 -0.5628 -0.0733
vn 0.8689 -0.4917 -0.0564
vn 0.8220 -0.5652 -0.0704
vn -0.9058 0.3665 0.2126
vn 0.4576 0.8335 -0.3097
vn 0.3547 0.9049 0.2354
vn 0.7389 -0.4565 0.4957
vn -0.9231 0.3613 0.1320
vn -0.8015 0.5193 -0.2965
vn -0.9070 0.3832 0.1748
vn -0.6336 0.7051 -0.3184
vn -0.9070 0.3699 0.2012
vn 0.1463 0.9883 0.0426
vn -0.6948 0.6392 0.3296
vn -0.7950 0.5093 -0.3296
vn -0.9156 0.3593 0.1806
vn -0.9221 0.3627 0.1348
vn -0.9184 0.3601 0.1639
vn -0.7430 0.5978 -0.3011
vn 0.6900 0.5699 -0.4462
vn 0.7620 0.4503 -0.4654
vn 0.8126 0.2274 -0.5366
vn 0.6566 0.6035 0.4524
vn 0.8125 0.2936 0.5036
vn 0.6509 0.6402 0.4081
vn -0.9214 0.3639 0.1365
vn -0.7776 0.5532 0.2988
vn -0.9391 -0.0864 0.3327
vn 0.4139 0.8834 0.2198
vn -0.8034 0.5262 0.2786
vn 0.3386 0.9161 -0.2147
vn -0.7939 0.4698 -0.3861
vn -0.8630 -0.2181 -0.4558
vn -0.9067 0.4133 0.0838
vn 0.4253 0.8779 0.2200
vn -0.9209 0.3645 0.1378
vn -0.9209 0.3602 0.1491
vn -0.9422 0.3348 0.0090
vn -0.9210 0.3610 0.1465
vn -0.8191 0.5482 0.1689
vn -0.7418 0.6003 -0.2989
vn -0.8142 0.5128 0.2721
vn -0.7624 0.5903 -0.2651
vn -0.6531 0.7091 -0.2659
vn -0.6393 0.7313 -0.2377
vn -0.8322 0.4639 -0.3037
vn -0.4090 0.9066 -0.1039
vn 0.2478 0.9609 -0.1234
vn 0.4169 0.8702 0.2626
vn -0.9136 0.3838 0.1341
vn -0.6426 0.7224 0.2553
vn 0.4101 0.8830 0.2283
vn -0.9026 0.3929 0.1760
vn -0.7530 0.6552 0.0619
vn -0.8102 0.5232 0.2641
vn -0.7623 0.5766 -0.2940
vn -0.4385 0.8833 0.1659
vn 0.3566 0.9071 -0.2237
vn -0.9069 0.4041 0.1192
vn -0.9043 0.3896 0.1745
vn -0.6274 0.7457 0.2244
vn 0.4667 -0.8674 -0.1727
vn 0.6577 0.6323 0.4093
vn 0.7392 0.5309 0.4145
vn -0.6439 0.7198 -0.2593
vn -0.7559 0.6066 -0.2464
vn -0.9089 0.3327 0.2513
vn -0.6172 0.7524 0.2302
vn 0.4037 0.8887 0.2173
vn -0.8866 0.4214 0.1907
vn -0.5584 0.8176 -0.1406
vn 0.3171 0.9377 0.1418
vn -0.5725 0.8042 -0.1597
vn -0.5938 0.7944 -0.1281
vn -0.8909 0.4370 0.1236
vn -0.8682 0.4584 0.1901
vn -0.7499 0.6258 0.2146
vn -0.3703 0.9209 0.1219
vn -0.7932 0.5763 -0.1968
vn -0.7037 0.6856 -0.1865
vn 0.1656 0.9844 -0.0597
vn 0.8846 0.1078 -0.4537
vn 0.8916 -0.0489 -0.4501
vn -0.7071 0.6812 0.1895
vn -0.8820 0.4537 0.1270
vn -0.8506 0.4967 0.1725
vn -0.7419 0.6451 0.1825
vn -0.8115 0.5736 -0.1115
vn -0.8184 0.5486 0.1711
vn -0.8601 0.4908 0.1390
vn -0.7574 0.6235 0.1941
vn -0.6027 0.7844 0.1466
vn -0.6264 0.7615 -0.1669
vn 0.8716 0.2381 0.4286
vn -0.8469 0.5038 0.1700
vn -0.7347 0.6607 0.1539
vn -0.8597 0.4911 0.1405
vn -0.8359 0.5322 0.1340
vn -0.5135 0.8498 -0.1192
vn -0.5571 0.8199 -0.1321
vn -0.8700 0.4861 0.0830
vn 0.0504 0.9987 0.0103
vn -0.8308 0.5396 0.1365
vn -0.7973 0.5899 0.1277
vn -0.7523 0.6461 0.1287
vn 0.8113 -0.4458 0.3783
vn -0.8190 0.5687 0.0768
vn -0.8696 0.4922 -0.0391
vn -0.7817 0.6165 0.0941
vn 0.5218 0.8504 0.0679
vn -0.7098 0.6985 -0.0914
vn -0.6113 0.7828 -0.1164
vn -0.6069 0.7859 -0.1181
vn -0.6042 0.7918 0.0893
vn -0.6430 0.7650 0.0375
vn -0.8242 0.5632 0.0592
vn 0.6580 0.7520 0.0386
vn -0.3046 0.9501 -0.0671
vn -0.8563 0.5164 0.0115
vn -0.7857 0.6142 -0.0739
vn -0.6713 0.7374 -0.0748
vn 0.6870 0.6667 0.2892
vn 0.6929 0.6604 0.2893
vn 0.8770 0.3183 0.3599
vn -0.7992 0.5998 0.0384
vn -0.3376 -0.9385 0.0721
vn -0.0644 -0.9967 0.0496
vn -0.0303 -0.9995 0.0002
vn 0.6198 -0.7308 0.2862
vn 0.8316 -0.4497 0.3259
vn -0.6553 0.7553 0.0038
vn 0.6998 0.6462 0.3043
vn 0.8427 0.4453 0.3024
vn -0.4862 0.8738 -0.0052
vn 0.5147 0.8393 -0.1749
vn -0.8493 0.4069 -0.3365
vn 0.4542 0.8794 0.1423
vn 0.5134 0.8385 -0.1826
vn 0.4536 0.8808 0.1359
vn 0.3547 0.9346 0.0279
vn 0.4785 0.8719 -0.1046
vn 0.1957 0.9805 0.0178
vn 0.5589 -0.8085 -0.1842
vn 0.7600 0.5704 0.3114
vn 0.3701 0.9247 0.0897
vn 0.7465 0.6369 0.1925
vn 0.7549 0.6188 0.2171
vn 0.9031 0.3211 0.2851
vn 0.4978 0.8527 0.1584
vn 0.8949 -0.4134 -0.1680
vn 0.9711 0.1830 -0.1534
vn 0.6837 0.7210 0.1126
vn 0.7870 0.5863 0.1920
vn 0.7715 0.6138 0.1677
vn 0.6136 0.7837 0.0965
vn 0.5664 0.8183 0.0974
vn -0.7022 -0.6999 0.1306
vn 0.2819 0.9589 -0.0319
vn 0.7360 0.6343 -0.2365
vn 0.9202 -0.3042 -0.2464
vn 0.8801 0.4351 -0.1898
vn 0.7215 0.6466 -0.2476
vn 0.1320 0.9866 0.0963
vn -0.0219 0.9996 0.0188
vn 0.9815 0.0693 -0.1787
vn 0.6894 0.7223 0.0550
vn 0.5146 0.8529 0.0875
vn 0.4939 0.8638 0.0998
vn 0.9149 -0.3806 -0.1348
vn -0.2074 -0.9733 0.0981
vn 0.7165 0.6965 -0.0393
vn 0.9960 -0.0299 -0.0840
vn 0.3359 0.9419 -0.0094
vn 0.5240 0.8512 0.0299
vn 0.3699 0.9288 0.0223
vn 0.8745 0.4830 -0.0434
vn 0.9835 0.1641 -0.0765
vn 0.9485 0.2794 -0.1489
vn 0.8810 0.4694 -0.0599
vn 0.9407 0.3390 0.0098
vn 0.6237 0.7792 -0.0617
vn 0.7977 0.5981 0.0765
vn 0.8222 0.5615 0.0930
vn 0.6935 0.7026 0.1592
vn 0.9210 0.3895 0.0069
vn 0.8826 0.4426 0.1587
vn 0.8916 0.4031 -0.2062
vn -0.2769 0.9517 0.1323
vn 0.8036 0.5784 -0.1405
vn 0.7566 0.6092 -0.2373
vn 0.7948 0.5651 -0.2212
vn 0.7795 0.5656 -0.2694
vn 0.6827 0.6936 0.2296
vn 0.7605 0.5299 -0.3753
vn 0.7354 0.4706 -0.4875
vn 0.8338 0.4944 -0.2457
vn 0.7849 0.5597 -0.2658
vn 0.6121 0.7002 -0.3676
vn 0.8123 0.5150 -0.2738
vn 0.9245 0.3108 -0.2208
vn 0.7251 0.6335 -0.2702
vn 0.8763 0.3888 0.2847
vn 0.8725 0.4441 -0.2037
vn 0.6753 0.3677 -0.6394
vn 0.8990 0.3717 -0.2318
vn 0.8965 0.3633 -0.2533
vn 0.5845 0.7639 -0.2736
vn 0.9032 0.3568 -0.2385
vn 0.9082 0.3561 -0.2200
vn 0.8941 0.3618 -0.2639
vn 0.8195 0.4486 0.3566
vn 0.3894 0.9022 -0.1855
vn 0.8970 0.4181 0.1437
vn 0.8984 0.3651 -0.2443
vn 0.9056 0.3679 -0.2112
vn 0.8884 0.3709 -0.2705
vn 0.9036 0.3740 -0.2090
vn 0.9019 0.3634 -0.2337
vn 0.5539 0.7941 0.2503
vn 0.6959 0.5612 0.4481
vn 0.8810 0.3795 0.2824
vn 0.9012 0.3783 -0.2114
vn 0.9018 0.3682 -0.2261
vn 0.8408 0.3687 0.3963
vn 0.6705 0.6267 0.3970
vn 0.9078 0.3657 -0.2053
vn 0.8944 0.3666 -0.2563
vn 0.7331 0.5541 -0.3943
vn 0.9073 0.4097 -0.0943
vn 0.0909 0.9922 -0.0854
vn -0.8060 0.4431 0.3925
vn 0.8878 0.3842 -0.2532
vn 0.8972 0.3696 -0.2419
vn 0.8975 0.3696 -0.2405
vn 0.9026 0.3635 -0.2305
vn 0.8942 0.3647 -0.2595
vn 0.8901 0.3688 -0.2678
vn 0.9018 0.3697 -0.2238
vn -0.7847 -0.6117 0.1004
vn -0.7954 -0.5989 0.0936
vn 0.9064 0.3648 -0.2131
vn 0.6728 0.6022 0.4297
vn 0.9004 0.3665 -0.2343
vn 0.7820 0.4221 0.4587
vn 0.9093 0.3510 -0.2237
vn -0.7557 -0.6548 0.0067
vn 0.8874 0.3814 -0.2587
vn 0.9086 0.3570 -0.2165
vn 0.6861 0.6004 -0.4108
vn 0.9082 0.3585 -0.2160
vn 0.8962 0.3510 -0.2712
vn 0.8961 0.4075 -0.1759
vn 0.8846 0.3767 -0.2748
vn 0.9272 0.3682 -0.0685
vn 0.8857 0.3906 -0.2511
vn -0.7627 -0.6399 -0.0941
vn 0.8698 0.4234 -0.2534
vn 0.8418 0.3981 -0.3646
vn 0.6717 0.5540 -0.4918
vn 0.5852 0.6780 0.4448
vn 0.8873 0.4248 -0.1798
vn 0.8705 0.4193 -0.2577
vn -0.7078 -0.6970 -0.1153
vn 0.8698 0.4262 -0.2487
vn 0.7079 0.4234 0.5653
vn 0.8723 0.4380 -0.2172
vn 0.8671 0.4301 -0.2514
vn 0.8079 0.4136 0.4197
vn 0.8704 0.3760 -0.3178
vn 0.4942 0.7592 0.4235
vn -0.6960 -0.6831 -0.2214
vn 0.8618 0.4584 -0.2171
vn 0.8674 0.4529 -0.2060
vn 0.8535 0.4361 -0.2852
vn 0.8426 0.4645 -0.2726
vn 0.8272 0.4739 -0.3021
vn 0.4301 0.8395 -0.3321
vn 0.7425 0.3943 0.5415
vn 0.8278 0.4868 -0.2791
vn -0.6438 -0.7334 -0.2185
vn -0.6949 -0.6415 0.3250
vn -0.6724 -0.6701 0.3143
vn -0.6854 -0.6795 -0.2618
vn 0.8283 0.4776 -0.2929
vn -0.6348 -0.7014 -0.3241
vn -0.6615 -0.6571 0.3616
vn -0.6416 -0.6591 0.3923
vn -0.6711 -0.6358 0.3814
vn -0.6490 -0.6741 0.3528
vn 0.7888 0.5812 -0.2000
vn 0.7898 0.5846 -0.1856
vn 0.7535 0.5080 -0.4173
vn -0.4746 0.6789 0.5602
vn -0.6584 -0.6811 -0.3203
vn 0.7926 0.5899 -0.1542
vn 0.7193 0.6716 -0.1778
vn -0.6317 -0.6652 0.3980
vn 0.3871 0.8919 -0.2336
vn 0.7723 0.5272 -0.3544
vn 0.5451 0.8365 -0.0554
vn 0.6439 0.3798 0.6642
vn 0.8504 0.5090 -0.1332
vn 0.6496 0.3738 0.6621
vn 0.7483 0.6633 -0.0089
vn 0.9106 0.3872 -0.1448
vn 0.7505 0.6261 -0.2116
vn -0.6157 -0.6925 -0.3759
vn 0.9843 -0.1298 0.1194
vn 0.7140 0.6679 -0.2102
vn 0.6841 0.4585 0.5673
vn -0.6416 -0.6523 -0.4035
vn -0.6015 -0.6788 -0.4213
vn -0.6780 -0.5466 0.4915
vn 0.6517 0.7507 0.1083
vn 0.4615 0.6866 0.5618
vn -0.5265 -0.7792 -0.3402
vn 0.7206 0.6370 -0.2738
vn 0.7207 0.6805 0.1322
vn 0.6302 -0.0167 -0.7763
vn -0.5678 -0.6882 -0.4516
vn 0.6662 0.7320 0.1428
vn 0.5681 0.4077 0.7148
vn -0.5327 -0.7534 0.3854
vn -0.5556 -0.6861 -0.4697
vn 0.8856 0.3675 0.2841
vn -0.5835 -0.6502 0.4866
vn -0.5525 -0.6998 0.4527
vn 0.6599 0.6673 -0.3454
vn -0.5188 -0.7232 -0.4558
vn 0.5920 0.7754 0.2198
vn -0.4834 -0.7320 -0.4801
vn -0.5568 -0.6696 -0.4915
vn 0.5828 0.7365 -0.3435
vn -0.4202 -0.9041 0.0776
vn -0.4851 -0.7400 0.4660
vn -0.4142 -0.8109 0.4134
vn 0.5703 0.5615 0.5996
vn -0.4767 -0.1528 0.8657
vn -0.4935 -0.7417 0.4543
vn 0.3093 0.8586 0.4088
vn -0.3415 -0.8946 -0.2882
vn 0.5587 0.7638 0.3234
vn -0.4185 -0.8068 0.4171
vn -0.4974 -0.6683 0.5532
vn 0.5868 0.7342 0.3416
vn 0.5744 0.4473 0.6856
vn -0.4722 -0.7373 0.4831
vn -0.4646 -0.6901 0.5548
vn -0.4105 -0.7898 0.4558
vn 0.1487 0.9612 0.2323
vn 0.4978 0.3936 0.7729
vn 0.6086 0.6466 0.4598
vn -0.4608 -0.7129 -0.5286
vn -0.3278 -0.8646 -0.3808
vn -0.4571 -0.6862 0.5659
vn -0.4876 -0.8682 -0.0925
vn -0.5718 -0.5314 0.6250
vn 0.5290 0.7371 0.4206
vn -0.6125 -0.3175 0.7239
vn 0.3710 0.7466 0.5521
vn -0.3727 -0.7866 -0.4923
vn 0.3789 0.5319 0.7574
vn 0.5328 0.7210 0.4431
vn -0.8840 -0.2326 -0.4056
vn -0.5800 -0.7975 -0.1659
vn -0.4561 -0.6874 0.5652
vn -0.5643 -0.5626 -0.6042
vn -0.8222 -0.5573 0.1154
vn -0.2489 -0.8941 -0.3724
vn 0.5062 0.7358 0.4498
vn -0.3852 -0.4842 0.7856
vn 0.2975 0.7648 0.5714
vn -0.4153 -0.8606 0.2947
vn -0.8979 -0.3195 0.3028
vn 0.2962 0.8178 0.4934
vn 0.3796 0.3759 0.8454
vn -0.5425 -0.8364 -0.0777
vn -0.8833 -0.4441 0.1499
vn 0.3893 0.6320 0.6701
vn 0.1606 0.9753 0.1514
vn -0.5669 -0.8197 -0.0816
vn -0.8346 -0.5238 0.1707
vn -0.3358 -0.8829 -0.3283
vn -0.2716 -0.9596 -0.0737
vn -0.3947 -0.6970 0.5987
vn -0.3573 -0.7267 0.5867
vn -0.3863 -0.6627 0.6415
vn -0.0706 -0.9973 0.0194
vn 0.3034 0.7479 0.5904
vn 0.4118 0.3779 0.8292
vn -0.5337 0.8166 0.2197
vn -0.6012 -0.7489 0.2787
vn -0.2724 -0.9483 -0.1630
vn 0.1581 -0.9874 -0.0105
vn -0.5721 -0.7506 0.3306
vn -0.3426 -0.9314 -0.1234
vn -0.8851 0.2510 0.3918
vn -0.0903 -0.9957 -0.0201
vn 0.0346 -0.9970 0.0685
vn -0.3645 -0.7089 -0.6038
vn -0.8653 -0.4343 0.2503
vn -0.6538 -0.6326 0.4151
vn -0.5124 -0.7741 0.3718
vn 0.3304 0.6500 0.6843
vn 0.4039 0.7181 0.5667
vn 0.2133 -0.9746 0.0685
vn -0.2270 -0.9606 0.1601
vn -0.6172 -0.7834 -0.0730
vn -0.3155 -0.8734 0.3710
vn 0.3284 0.6509 0.6845
vn 0.4559 0.6886 0.5638
vn 0.3228 0.6352 0.7017
vn 0.2722 0.7176 0.6410
vn -0.4792 -0.7949 -0.3722
vn -0.4794 -0.7918 0.3784
vn -0.3255 -0.3954 0.8589
vn -0.8005 0.2499 0.5448
vn -0.4998 -0.7857 -0.3645
vn -0.3473 -0.7077 -0.6152
vn -0.3573 -0.6754 0.6451
vn -0.3243 -0.6146 0.7191
vn -0.1002 -0.9949 -0.0130
vn -0.4945 -0.7610 0.4200
vn -0.4173 -0.8299 -0.3703
vn -0.5124 -0.7951 0.3243
vn 0.2260 -0.9740 0.0152
vn -0.4973 -0.7483 0.4389
vn -0.3439 -0.6894 0.6375
vn -0.3320 -0.7187 0.6109
vn -0.2854 -0.9108 -0.2984
vn -0.3275 -0.8898 0.3178
vn 0.3079 -0.8621 0.4024
vn -0.1907 -0.9565 0.2209
vn -0.1472 -0.9755 -0.1636
vn -0.3007 -0.7288 0.6152
vn -0.3340 -0.6687 0.6643
vn -0.6144 -0.6606 0.4314
vn 0.2073 -0.9716 -0.1139
vn -0.4436 -0.7906 0.4221
vn -0.2624 0.2590 0.9295
vn -0.4005 -0.8484 0.3460
vn -0.2937 -0.7167 -0.6325
vn 0.3646 0.7000 0.6141
vn 0.3397 0.7425 0.5774
vn -0.2967 -0.7329 0.6122
vn 0.3646 0.6634 0.6534
vn 0.1784 -0.9759 0.1255
vn 0.3692 0.6921 0.6202
vn -0.2794 -0.5053 0.8165
vn 0.1235 -0.9823 -0.1409
vn -0.4194 -0.8191 0.3914
vn -0.2309 -0.6972 0.6787
vn -0.3533 -0.8180 0.4539
vn -0.5671 -0.6011 0.5631
vn -0.4045 -0.7995 0.4441
vn -0.2381 -0.7319 0.6385
vn -0.1742 -0.8963 -0.4077
vn -0.1933 -0.8977 0.3959
vn -0.3033 -0.6873 0.6601
vn 0.3565 0.6331 0.6871
vn 0.3127 0.4255 0.8492
vn -0.2386 -0.2083 0.9485
vn -0.0779 -0.9906 -0.1126
vn -0.0850 0.9959 0.0309
vn 0.3275 0.7012 0.6333
vn 0.2582 0.4061 0.8766
vn -0.5155 -0.6521 0.5559
vn -0.3339 -0.8214 0.4624
vn 0.4414 0.3702 0.8174
vn 0.2183 0.5604 0.7989
vn -0.4425 -0.7639 0.4697
vn -0.2955 -0.8429 0.4496
vn -0.3479 -0.8304 0.4352
vn -0.2186 -0.8710 0.4399
vn -0.4095 -0.7825 0.4690
vn -0.5320 -0.4926 0.6887
vn -0.2275 0.6463 0.7284
vn -0.2600 -0.7252 0.6376
vn 0.4917 -0.5507 -0.6745
vn -0.1974 -0.8738 0.4444
vn 0.3628 0.5639 0.7419
vn -0.2004 -0.0919 0.9754
vn 0.1352 0.8946 -0.4259
vn 0.3061 0.6827 0.6635
vn -0.0831 -0.9737 0.2119
vn -0.3604 -0.8016 0.4770
vn 0.0598 0.8514 0.5211
vn -0.4046 -0.7838 0.4711
vn 0.3176 0.6583 0.6824
vn -0.5838 -0.3382 0.7381
vn -0.4060 -0.6243 0.6674
vn 0.0349 0.9643 0.2624
vn -0.2205 -0.3712 0.9020
vn -0.3348 -0.7302 0.5955
vn 0.1736 0.6519 0.7381
vn -0.1231 -0.9691 0.2137
vn -0.2750 -0.8876 0.3696
vn -0.3874 -0.8101 0.4400
vn -0.5243 -0.5210 0.6736
vn -0.1661 -0.7882 0.5926
vn -0.3523 -0.7385 0.5749
vn 0.0481 -0.9837 0.1733
vn -0.2562 -0.6911 0.6759
vn 0.2278 0.5414 0.8093
vn 0.2010 0.5224 0.8287
vn -0.2063 -0.8478 0.4886
vn -0.2542 -0.6409 -0.7243
vn -0.1381 -0.9526 0.2712
vn 0.2663 -0.8487 0.4569
vn 0.1059 -0.9676 0.2292
vn -0.3081 -0.7772 0.5487
vn -0.2016 -0.7079 0.6769
vn -0.2871 -0.5499 0.7843
vn -0.4744 -0.1016 -0.8744
vn -0.1385 -0.9441 -0.2993
vn -0.2708 -0.8741 0.4031
vn -0.2320 -0.6005 -0.7652
vn -0.2185 -0.6327 -0.7429
vn -0.2336 -0.6603 -0.7137
vn -0.3345 -0.7497 0.5710
vn 0.0614 -0.7665 0.6393
vn -0.4649 0.5531 0.6913
vn -0.1020 0.9913 0.0837
vn -0.1409 0.6793 0.7202
vn -0.2580 -0.8415 0.4746
vn -0.1780 -0.6491 0.7395
vn -0.1506 -0.7995 0.5815
vn -0.2001 -0.6548 -0.7289
vn 0.2255 -0.8676 -0.4432
vn -0.4458 0.3959 -0.8028
vn 0.5024 0.0298 -0.8641
vn -0.1076 -0.8891 0.4449
vn -0.2063 -0.7247 0.6574
vn -0.1845 -0.7198 0.6692
vn -0.1693 -0.7644 0.6222
vn -0.1632 -0.6645 -0.7293
vn -0.2568 -0.8178 0.5151
vn 0.1374 -0.9594 -0.2464
vn -0.2304 -0.7962 0.5595
vn 0.1820 0.6173 0.7654
vn 0.0339 0.9993 -0.0173
vn -0.2332 -0.8562 0.4610
vn -0.1315 -0.8733 0.4691
vn -0.1823 -0.4155 -0.8911
vn -0.2850 -0.5459 0.7879
vn -0.1486 -0.7262 0.6712
vn 0.2436 0.6110 0.7532
vn 0.0888 -0.9678 0.2355
vn -0.2084 -0.8066 0.5532
vn 0.1705 0.7138 0.6792
vn 0.0961 -0.9951 -0.0229
vn -0.1906 -0.6038 -0.7740
vn 0.1792 0.4572 0.8711
vn 0.2291 0.6089 0.7594
vn 0.2067 0.3999 0.8929
vn 0.2082 0.3838 0.8997
vn 0.1330 0.5153 0.8466
vn 0.0436 -0.9851 0.1666
vn -0.2468 -0.7097 0.6598
vn 0.2098 0.5967 0.7745
vn -0.0938 -0.8815 -0.4628
vn -0.1880 -0.5877 -0.7869
vn 0.1985 0.6232 0.7564
vn -0.1248 -0.9201 0.3712
vn -0.2364 -0.8297 0.5057
vn -0.2660 -0.6951 -0.6679
vn -0.1155 0.9109 -0.3960
vn 0.1793 0.6297 0.7559
vn 0.1375 0.5235 0.8409
vn 0.2087 0.3605 0.9091
vn 0.1667 0.4885 0.8565
vn -0.2309 -0.7123 0.6628
vn -0.1000 -0.2363 0.9665
vn 0.1752 0.4772 0.8611
vn -0.0405 -0.8330 0.5518
vn -0.1584 -0.6036 -0.7814
vn -0.2574 -0.4690 0.8448
vn -0.1602 -0.4370 0.8851
vn -0.0535 -0.7340 0.6770
vn -0.1331 -0.7240 0.6768
vn -0.1598 -0.6470 0.7456
vn -0.0408 -0.9346 0.3533
vn -0.1392 -0.6632 0.7354
vn -0.1605 -0.5083 -0.8461
vn 0.1935 0.3920 0.8994
vn 0.2058 0.3452 0.9157
vn 0.2034 0.3917 0.8973
vn 0.0891 0.5042 0.8590
vn -0.2337 -0.5032 0.8319
vn -0.0890 -0.7609 0.6428
vn 0.1443 0.7019 0.6975
vn -0.0924 0.7545 0.6497
vn -0.1682 -0.8205 0.5463
vn 0.1815 0.5326 0.8267
vn 0.2360 0.3583 0.9033
vn 0.1199 0.3177 0.9406
vn 0.1606 0.3381 0.9273
vn 0.1536 0.3381 0.9285
vn 0.1614 0.3334 0.9289
vn 0.1388 0.4798 0.8663
vn 0.1478 0.5000 0.8533
vn 0.1390 0.4886 0.8614
vn 0.0133 -0.9840 -0.1775
vn -0.1485 -0.9427 0.2987
vn 0.1368 0.3459 0.9283
vn 0.0838 0.4003 0.9125
vn 0.1388 0.3487 0.9269
vn 0.1263 0.3725 0.9194
vn -0.1065 -0.9173 0.3836
vn 0.2077 0.3654 0.9074
vn 0.1221 0.3440 0.9310
vn 0.1934 0.3410 0.9199
vn 0.1630 0.3401 0.9261
vn 0.1489 0.3443 0.9270
vn 0.0966 0.6707 0.7354
vn 0.1628 0.3390 0.9266
vn 0.1952 0.3350 0.9218
vn 0.0801 0.6582 0.7486
vn -0.1199 -0.6501 0.7503
vn 0.0897 0.4868 0.8689
vn 0.1300 0.4503 0.8834
vn -0.1159 -0.6996 0.7051
vn 0.1755 0.5532 0.8143
vn 0.1241 0.3898 0.9125
vn 0.1232 0.4205 0.8989
vn -0.1135 -0.7558 0.6449
vn -0.1198 -0.8497 0.5135
vn -0.2430 0.4186 0.8751
vn 0.1352 0.4069 0.9034
vn 0.1018 0.3765 0.9208
vn 0.2075 0.3763 0.9030
vn 0.1992 0.3720 0.9066
vn 0.1437 -0.8478 -0.5106
vn 0.0101 0.4804 0.8770
vn 0.1013 0.4861 0.8680
vn 0.0924 0.4656 0.8801
vn 0.0975 0.5078 0.8560
vn 0.0794 0.7531 0.6531
vn 0.1574 0.5560 0.8162
vn 0.0301 -0.9951 0.0937
vn 0.1819 0.3518 0.9182
vn -0.1071 -0.6926 0.7133
vn 0.0352 0.4834 0.8747
vn 0.1240 0.4913 0.8621
vn 0.1840 0.3846 0.9046
vn 0.2013 0.5643 0.8007
vn 0.9763 0.1083 0.1873
vn 0.8026 -0.2989 -0.5161
vn 0.1810 0.4381 0.8805
vn 0.2066 0.3679 0.9066
vn -0.1129 -0.7640 0.6353
vn 0.1051 0.5153 0.8505
vn 0.3065 0.5990 0.7398
vn 0.1257 0.5904 0.7973
vn 0.1409 0.5769 0.8046
vn 0.0909 0.6819 0.7258
vn 0.1402 0.5266 0.8385
vn -0.0819 -0.0992 0.9917
vn -0.0848 -0.6599 0.7465
vn 0.1860 0.5884 0.7869
vn -0.0989 -0.6485 0.7547
vn 0.0078 -0.9997 -0.0231
vn -0.0347 -0.9901 0.1357
vn 0.0025 -0.8970 0.4420
vn -0.1221 -0.6968 0.7068
vn -0.0978 -0.6463 0.7568
vn 0.3171 0.9026 0.2911
vn -0.0860 -0.7377 0.6696
vn 0.1187 0.5958 0.7943
vn -0.0189 -0.9026 -0.4301
vn -0.0078 -0.5129 0.8584
vn -0.1000 -0.6598 0.7448
vn -0.0690 -0.6317 0.7722
vn -0.1132 -0.8125 0.5718
vn 0.0478 0.4924 0.8690
vn -0.0905 -0.7802 -0.6190
vn 0.0375 -0.8958 0.4429
vn -0.0576 -0.6695 0.7405
vn -0.0606 0.8542 0.5164
vn 0.0127 -0.9891 0.1469
vn 0.0123 -0.9883 -0.1523
vn -0.0403 -0.7365 -0.6753
vn 0.0861 0.6005 0.7950
vn 0.0921 0.6222 0.7774
vn -0.1247 -0.8554 0.5027
vn -0.0864 -0.7973 0.5973
vn -0.0868 -0.4429 0.8923
vn -0.0160 -0.9989 -0.0436
vn -0.0653 -0.6690 0.7403
vn 0.0847 0.6315 0.7707
vn 0.0653 0.6122 0.7880
vn -0.0826 -0.4267 0.9006
vn 0.0120 -0.9986 -0.0523
vn 0.0535 -0.9753 -0.2145
vn -0.2155 -0.2426 -0.9459
vn 0.3028 0.9520 0.0441
vn -0.0614 -0.6371 0.7683
vn -0.0232 0.4652 0.8849
vn -0.0237 -0.3656 0.9305
vn -0.0766 -0.7568 0.6491
vn 0.1617 -0.1683 -0.9724
vn 0.0009 -0.1843 0.9829
vn 0.0032 0.1790 0.9838
vn -0.0625 -0.6263 -0.7771
vn -0.0591 -0.6295 -0.7748
vn -0.0671 -0.6280 -0.7753
vn -0.0480 -0.6740 0.7372
vn -0.0077 -0.9752 0.2211
vn -0.0502 -0.6380 0.7684
vn -0.0178 -0.6260 0.7797
vn -0.0584 -0.6342 -0.7709
vn -0.0077 -0.7131 0.7010
vn -0.0223 -0.7912 0.6111
vn 0.0321 0.5441 0.8384
vn -0.0132 -0.6824 0.7308
vn -0.0346 -0.6590 0.7514
vn 0.0031 -0.4048 0.9144
vn 0.0585 -0.7003 0.7114
vn 0.0856 -0.2801 0.9561
vn 0.0571 -0.3938 0.9174
vn -0.0300 -0.6756 0.7366
vn -0.0057 -0.7011 -0.7131
vn 0.0258 0.6255 0.7798
vn 0.0011 -0.8381 0.5455
vn -0.0486 0.3762 0.9253
vn 0.0002 0.5373 0.8434
vn 0.0088 -0.6649 0.7469
vn 0.0159 -0.6445 0.7644
vn 0.0486 -0.5848 0.8097
vn 0.0059 -0.6609 0.7504
vn 0.0447 -0.7384 0.6729
vn 0.0299 -0.8435 0.5363
vn -0.0238 0.6235 0.7815
vn 0.1043 -0.4024 0.9095
vn 0.0884 -0.8003 0.5930
vn 0.0864 -0.3882 0.9175
vn 0.0828 -0.7726 -0.6295
vn 0.0993 -0.1496 0.9837
vn 0.0395 -0.6447 0.7634
vn -0.0010 -0.8836 -0.4683
vn 0.1469 -0.3970 0.9060
vn 0.0395 -0.1549 0.9871
vn 0.1367 -0.8291 0.5422
vn 0.1241 -0.0255 0.9919
vn 0.0381 0.3218 0.9460
vn -0.1167 0.4354 0.8926
vn 0.0764 -0.9046 -0.4193
vn 0.1045 -0.5068 0.8557
vn -0.0891 -0.9959 0.0181
vn -0.0459 -0.9955 0.0825
vn 0.0540 -0.6403 0.7662
vn -0.0831 -0.9651 0.2483
vn 0.0549 -0.5826 0.8109
vn 0.1115 -0.7921 -0.6001
vn -0.0918 -0.9848 -0.1478
vn 0.1135 -0.8878 0.4460
vn -0.1010 -0.9615 -0.2555
vn 0.0882 -0.6129 0.7852
vn 0.3932 0.5679 0.7231
vn 0.0404 -0.6919 -0.7208
vn 0.1491 -0.1725 0.9736
vn -0.1135 -0.9860 0.1225
vn 0.0595 -0.6100 0.7901
vn 0.0783 -0.5596 0.8250
vn 0.1866 -0.4108 0.8924
vn 0.1566 0.3609 0.9194
vn -0.1143 0.6943 0.7106
vn 0.0842 0.0413 0.9956
vn 0.1550 -0.4319 0.8885
vn 0.0685 -0.6347 0.7697
vn -0.1560 0.3901 0.9075
vn -0.0965 0.6930 0.7145
vn -0.1170 0.6499 0.7509
vn 0.1682 -0.4834 0.8591
vn 0.1307 -0.6252 0.7695
vn 0.0285 0.6997 0.7139
vn 0.2120 -0.3819 0.8995
vn 0.0681 -0.6040 0.7940
vn 0.0741 -0.5681 0.8196
vn 0.1592 -0.8215 -0.5476
vn 0.1530 -0.4491 0.8803
vn 0.1015 0.9882 -0.1151
vn -0.1198 0.6466 0.7534
vn 0.2451 -0.3809 -0.8915
vn 0.1142 -0.5659 0.8166
vn 0.3922 -0.3342 0.8570
vn 0.1945 -0.1979 0.9607
vn -0.1306 0.5231 0.8422
vn 0.1396 -0.8515 -0.5054
vn 0.1832 -0.6708 0.7186
vn 0.1740 -0.6722 0.7196
vn 0.1137 -0.6935 0.7114
vn 0.1058 0.8337 0.5420
vn 0.0636 0.0767 0.9950
vn 0.0771 -0.9574 0.2783
vn 0.2295 0.2756 0.9335
vn -0.1702 0.5138 0.8408
vn 0.0247 -0.9632 -0.2677
vn 0.1686 -0.5915 0.7884
vn 0.1810 -0.5833 0.7918
vn 0.2309 -0.3733 0.8985
vn 0.2711 -0.3692 0.8889
vn 0.2282 -0.3753 0.8984
vn 0.2725 -0.4306 0.8604
vn 0.2328 -0.4349 0.8699
vn -0.1166 -0.9826 -0.1445
vn 0.1449 -0.5606 0.8153
vn 0.1947 -0.9311 0.3083
vn 0.2584 -0.6370 0.7263
vn 0.3446 -0.4122 0.8434
vn 0.1447 0.9326 0.3307
vn 0.1990 0.9483 0.2473
vn 0.0986 0.9359 0.3382
vn 0.1574 -0.9061 0.3926
vn 0.0261 0.8327 -0.5531
vn -0.1263 0.7369 0.6641
vn -0.1199 0.3562 0.9267
vn 0.1990 -0.8520 0.4843
vn 0.1433 -0.5586 0.8169
vn 0.1487 -0.6073 0.7804
vn 0.1356 -0.8979 0.4188
vn 0.1916 -0.7644 0.6156
vn 0.1891 -0.5063 0.8414
vn 0.1512 -0.5865 -0.7957
vn 0.2955 -0.5766 0.7617
vn 0.0637 0.7953 0.6029
vn 0.1359 0.8205 0.5552
vn 0.0570 0.7858 0.6159
vn -0.1738 -0.9824 -0.0688
vn 0.1333 -0.9583 -0.2528
vn -0.2434 0.6181 0.7474
vn -0.1100 0.4479 0.8873
vn 0.3388 -0.3868 0.8577
vn 0.1972 -0.1540 0.9682
vn 0.2159 -0.7685 -0.6023
vn 0.2789 -0.6767 -0.6814
vn -0.1984 -0.9609 0.1930
vn 0.1518 -0.5541 0.8185
vn 0.1482 0.1046 0.9834
vn 0.1976 0.6474 0.7361
vn 0.2078 0.6441 0.7362
vn 0.1941 -0.5911 0.7829
vn 0.1786 -0.4022 0.8980
vn 0.2202 -0.7745 0.5931
vn 0.1851 -0.4649 -0.8658
vn 0.2995 -0.4725 0.8289
vn -0.2636 0.3667 0.8922
vn 0.1885 0.2691 0.9445
vn 0.0348 0.7272 0.6855
vn 0.1017 0.5951 0.7972
vn 0.2694 -0.7268 -0.6318
vn 0.2838 -0.6894 -0.6664
vn 0.3798 -0.4745 0.7941
vn 0.1767 -0.3489 0.9203
vn 0.1662 0.0258 0.9858
vn 0.3112 -0.7537 0.5789
vn 0.1442 0.1628 0.9761
vn 0.1935 -0.2536 0.9478
vn 0.0287 0.0880 0.9957
vn -0.2180 -0.9740 0.0620
vn 0.1884 -0.7265 0.6608
vn 0.1600 -0.5484 0.8208
vn -0.2300 0.6082 0.7597
vn 0.2769 -0.6664 0.6923
vn 0.2567 -0.8541 0.4524
vn 0.1379 0.1349 0.9812
vn 0.2986 -0.4593 0.8366
vn 0.2010 -0.5330 0.8219
vn 0.1409 0.1570 0.9775
vn 0.1364 0.1483 0.9795
vn -0.1938 -0.9650 -0.1764
vn 0.1741 -0.0851 0.9810
vn -0.2602 0.4060 0.8760
vn 0.1796 -0.0361 0.9831
vn 0.4760 -0.3505 0.8066
vn 0.2002 -0.5855 0.7856
vn 0.1331 0.7557 0.6412
vn 0.3283 -0.7654 0.5535
vn 0.1721 -0.1432 0.9746
vn 0.1796 -0.0690 0.9813
vn 0.0097 0.4055 0.9140
vn 0.0034 0.4421 0.8970
vn -0.0682 0.4256 0.9023
vn 0.1939 -0.5467 0.8146
vn 0.3376 -0.5095 0.7915
vn 0.3955 -0.3847 0.8340
vn 0.4039 -0.3826 0.8309
vn 0.1819 -0.5918 0.7853
vn 0.1774 -0.3161 0.9320
vn 0.1643 -0.2323 0.9587
vn 0.1705 -0.2933 0.9407
vn 0.1674 -0.1156 0.9791
vn 0.1665 -0.1094 0.9800
vn -0.1579 0.7853 0.5986
vn 0.1702 -0.2496 0.9533
vn 0.1812 -0.0603 0.9816
vn 0.2397 0.1291 0.9622
vn 0.2422 0.1553 0.9577
vn 0.2324 0.1558 0.9601
vn 0.3339 0.4169 -0.8454
vn 0.3994 -0.0242 -0.9164
vn 0.2748 -0.8358 -0.4754
vn 0.2737 -0.5838 -0.7644
vn 0.1696 -0.3209 0.9318
vn 0.1883 -0.2567 0.9480
vn 0.1815 -0.2653 0.9469
vn 0.1695 -0.2486 0.9537
vn 0.8755 0.0219 -0.4828
vn 0.1628 0.6459 0.7459
vn -0.0244 -0.9957 0.0899
vn 0.2699 -0.5205 0.8101
vn -0.0828 0.3310 0.9400
vn 0.0989 0.0072 0.9951
vn -0.0296 0.0555 0.9980
vn 0.2529 -0.3226 0.9121
vn 0.3541 -0.1261 0.9267
vn -0.2032 0.5437 0.8143
vn 0.1408 0.4612 0.8760
vn 0.1490 0.3858 0.9105
vn 0.0995 0.5152 0.8513
vn 0.1874 -0.5923 0.7836
vn 0.2793 -0.3737 0.8845
vn 0.2210 -0.3938 0.8922
vn 0.2132 -0.3918 0.8950
vn 0.2135 -0.3806 0.8998
vn 0.1548 0.4199 0.8943
vn 0.2295 0.4300 0.8732
vn 0.2612 -0.8122 -0.5215
vn 0.2219 -0.5104 0.8308
vn 0.2141 -0.5165 0.8291
vn 0.1810 -0.5117 0.8399
vn 0.2692 -0.4527 0.8501
vn 0.1999 -0.4610 0.8646
vn 0.2902 -0.4561 0.8413
vn 0.2252 -0.2574 0.9397
vn 0.2326 -0.2536 0.9389
vn 0.1880 -0.2698 0.9444
vn 0.3510 -0.2445 0.9039
vn -0.2421 0.0053 0.9702
vn 0.1390 -0.8801 -0.4540
vn 0.2384 -0.6173 0.7498
vn 0.1993 -0.3169 0.9273
vn 0.2578 -0.2802 0.9247
vn 0.1456 -0.3489 0.9258
vn 0.2434 -0.2407 0.9396
vn 0.2427 -0.2380 0.9405
vn 0.2291 -0.2341 0.9448
vn 0.1992 0.3662 0.9090
vn 0.1950 -0.5931 0.7812
vn -0.2299 0.7159 0.6593
vn 0.2375 -0.5083 0.8278
vn 0.2191 -0.3625 0.9059
vn 0.2171 -0.3363 0.9164
vn 0.2200 -0.3228 0.9205
vn 0.1232 -0.3431 0.9312
vn 0.2419 -0.3004 0.9226
vn 0.1448 -0.0311 0.9890
vn -0.6716 0.2101 0.7105
vn 0.0181 -0.1192 0.9927
vn -0.0636 -0.0164 0.9978
vn -0.4962 0.4731 -0.7280
vn 0.3113 -0.2903 0.9049
vn 0.2752 -0.2102 0.9381
vn -0.0992 -0.1208 0.9877
vn 0.4328 0.7882 0.4376
vn 0.1127 -0.6106 0.7839
vn 0.2623 -0.5387 0.8006
vn 0.2825 -0.6900 0.6665
vn 0.2518 -0.2261 0.9410
vn 0.2301 -0.1842 0.9556
vn -0.0227 -0.1254 0.9918
vn -0.0555 -0.1278 0.9902
vn 0.2401 -0.4117 0.8791
vn 0.1997 -0.2491 0.9476
vn 0.1211 0.2489 0.9609
vn 0.1276 0.2411 0.9621
vn 0.1254 0.2450 0.9614
vn 0.2537 0.0845 0.9636
vn 0.4622 0.8609 0.2126
vn 0.1974 -0.5685 0.7987
vn 0.5233 -0.4141 0.7448
vn -0.0214 0.8711 0.4906
vn 0.2190 -0.5953 0.7731
vn 0.0178 -0.2425 0.9700
vn 0.0993 0.6635 0.7416
vn 0.0388 0.3003 0.9531
vn 0.3834 -0.7385 0.5546
vn -0.2060 -0.9728 -0.1058
vn 0.3922 -0.4535 0.8003
vn 0.4589 -0.6352 0.6213
vn 0.4077 -0.7629 -0.5018
vn 0.0844 0.9964 -0.0005
vn 0.2513 -0.6123 0.7496
vn 0.1044 -0.7720 0.6271
vn 0.2123 -0.6325 0.7449
vn -0.1634 -0.9665 -0.1981
vn 0.5935 -0.4461 0.6699
vn 0.3000 -0.8099 -0.5040
vn 0.2418 -0.5924 0.7685
vn 0.5637 -0.4227 0.7096
vn 0.2819 -0.9369 0.2067
vn -0.1099 -0.9918 0.0657
vn 0.3575 -0.8030 -0.4769
vn 0.4969 -0.4663 0.7319
vn 0.3366 -0.4465 0.8290
vn 0.2477 -0.6075 0.7548
vn 0.2825 0.7618 0.5829
vn 0.1895 0.7720 0.6067
vn 0.4213 -0.6791 0.6012
vn 0.6033 -0.4431 0.6631
vn 0.2068 0.5529 0.8072
vn 0.3388 -0.0082 0.9408
vn 0.4128 -0.7669 -0.4914
vn 0.3826 -0.7793 0.4963
vn 0.2841 -0.8966 0.3396
vn 0.2589 -0.6179 0.7424
vn 0.4051 -0.7855 -0.4678
vn 0.3038 0.1615 0.9390
vn 0.5548 -0.4222 0.7169
vn 0.0022 -0.9342 0.3569
vn -0.2577 -0.9655 -0.0362
vn 0.2148 -0.9666 0.1400
vn 0.6276 -0.3813 0.6787
vn 0.0720 0.8546 0.5143
vn 0.3601 -0.8764 0.3198
vn 0.2794 -0.6218 0.7317
vn 0.2395 -0.9405 0.2413
vn 0.4769 -0.5476 0.6875
vn 0.3531 -0.8311 -0.4296
vn 0.1465 -0.8296 0.5387
vn -0.0484 -0.8987 0.4359
vn 0.4535 -0.7373 -0.5007
vn 0.5718 -0.4617 0.6781
vn -0.3247 -0.9452 -0.0351
vn 0.1115 0.8096 0.5763
vn 0.3152 -0.6827 -0.6592
vn 0.4211 -0.7998 -0.4277
vn 0.3768 -0.8642 -0.3335
vn 0.6026 -0.6007 0.5254
vn 0.2930 -0.6144 0.7326
vn -0.3228 0.6576 0.6808
vn 0.6784 -0.4809 0.5555
vn 0.4199 -0.8111 0.4072
vn 0.3885 -0.0611 0.9194
vn 0.3632 -0.7530 0.5487
vn 0.3171 -0.5917 0.7412
vn 0.3105 -0.6148 0.7250
vn -0.2936 0.3651 -0.8835
vn -0.6513 0.3771 0.6585
vn 0.4816 -0.7501 -0.4532
vn 0.3191 -0.6808 -0.6593
vn 0.3831 -0.1883 0.9043
vn 0.3118 -0.6243 0.7162
vn 0.0023 -0.8303 0.5573
vn 0.7015 -0.3959 0.5926
vn 0.2749 -0.9196 0.2806
vn 0.3198 -0.5934 0.7387
vn 0.1780 -0.8396 0.5132
vn 0.3071 -0.9321 -0.1922
vn 0.5283 -0.7220 -0.4468
vn 0.3437 -0.8406 0.4186
vn 0.3340 -0.6291 0.7020
vn 0.3318 -0.6174 0.7133
vn 0.4639 -0.8035 -0.3729
vn -0.2829 -0.9514 0.1216
vn 0.5350 -0.6679 -0.5174
vn 0.4704 -0.7068 -0.5284
vn 0.3150 -0.6189 0.7195
vn 0.1825 -0.8044 0.5653
vn 0.2029 -0.7890 0.5799
vn 0.5274 -0.7580 -0.3839
vn -0.3750 0.2647 -0.8884
vn 0.2112 0.9407 0.2655
vn 0.4674 -0.7708 -0.4329
vn 0.2532 -0.9513 -0.1757
vn 0.4070 -0.8199 -0.4027
vn 0.2999 -0.6175 0.7272
vn 0.5056 -0.7536 -0.4201
vn 0.6073 -0.6706 -0.4260
vn 0.4184 -0.8466 -0.3290
vn 0.4875 -0.7926 -0.3664
vn 0.4853 -0.7940 0.3661
vn 0.3253 -0.6339 0.7017
vn 0.2058 0.6496 0.7319
vn 0.4043 -0.8367 -0.3694
vn 0.5017 -0.7893 0.3539
vn 0.3527 -0.6700 0.6533
vn 0.5787 -0.6704 -0.4644
vn 0.6239 -0.6404 -0.4480
vn 0.3129 -0.6819 0.6611
vn 0.5799 -0.7285 -0.3647
vn -0.4550 0.5644 0.6888
vn 0.4376 -0.3903 0.8100
vn 0.7033 -0.3256 -0.6320
vn 0.7652 -0.3881 0.5137
vn 0.1521 0.7014 0.6963
vn 0.5541 -0.6999 -0.4507
vn 0.3529 -0.6984 -0.6227
vn 0.3468 -0.6958 -0.6290
vn 0.3764 -0.6059 0.7009
vn 0.3336 -0.6571 0.6759
vn 0.5773 -0.7442 -0.3360
vn 0.5627 -0.7829 -0.2654
vn 0.4418 -0.5046 0.7417
vn 0.3818 0.7185 0.5814
vn 0.4025 0.7191 0.5664
vn 0.3681 0.7676 0.5246
vn 0.5166 -0.7760 0.3619
vn 0.1788 -0.9839 -0.0063
vn -0.3030 -0.9122 0.2759
vn 0.3754 -0.6646 -0.6460
vn 0.5939 -0.7238 -0.3514
vn 0.5827 -0.7051 -0.4042
vn 0.5966 -0.6496 -0.4713
vn 0.8061 -0.4405 0.3951
vn 0.8515 0.0343 -0.5232
vn 0.5640 -0.6693 -0.4836
vn 0.5089 -0.8335 0.2151
vn 0.5597 -0.7670 -0.3137
vn 0.4426 -0.2865 0.8497
vn 0.8298 0.4977 -0.2526
vn 0.7407 -0.4407 -0.5071
vn 0.1455 0.8915 0.4291
vn 0.0126 0.9968 0.0793
vn 0.6930 -0.5735 0.4368
vn 0.2939 -0.9348 0.1994
vn 0.6524 -0.6044 -0.4572
vn 0.2216 0.9695 0.1047
vn 0.7903 -0.4446 0.4217
vn 0.2534 -0.9613 0.1078
vn 0.4293 -0.8889 -0.1596
vn 0.7781 -0.2458 -0.5780
vn 0.8220 -0.2647 0.5043
vn 0.6464 -0.6437 -0.4097
vn 0.5416 -0.7948 -0.2737
vn -0.1604 -0.9688 0.1892
vn 0.4257 -0.5284 0.7346
vn 0.5953 0.6973 -0.3993
vn -0.4406 -0.8628 0.2481
vn 0.7880 -0.4296 -0.4410
vn -0.5063 -0.8093 0.2976
vn 0.6443 -0.6624 0.3821
vn 0.8728 -0.1204 -0.4729
vn 0.8497 -0.4114 0.3298
vn -0.2672 -0.9580 -0.1042
vn 0.3747 -0.6687 0.6422
vn 0.5245 -0.2311 0.8194
vn 0.9359 0.3191 -0.1489
vn 0.6902 -0.5583 -0.4603
vn 0.3716 0.0578 0.9266
vn 0.3680 -0.9067 0.2059
vn 0.8632 -0.2032 -0.4621
vn 0.6123 -0.7447 -0.2653
vn 0.5991 -0.7209 -0.3485
vn 0.7236 -0.6402 0.2580
vn 0.8348 0.4321 0.3411
vn 0.8482 -0.3379 -0.4080
vn 0.6127 -0.7681 -0.1861
vn 0.3681 -0.9007 0.2307
vn -0.4511 0.6701 0.5895
vn 0.2841 0.8508 0.4420
vn 0.6188 -0.7397 -0.2645
vn 0.4396 -0.5862 0.6806
vn 0.6363 -0.7271 -0.2578
vn 0.5258 -0.8202 -0.2254
vn 0.6620 -0.7058 -0.2523
vn 0.5546 -0.7816 -0.2855
vn 0.3130 -0.9469 0.0732
vn 0.4106 -0.9026 0.1291
vn 0.4445 -0.8769 0.1829
vn 0.3984 -0.6690 -0.6275
vn 0.3849 -0.6789 0.6253
vn 0.6832 -0.6974 -0.2163
vn 0.8981 -0.4210 0.1270
vn 0.8708 -0.4059 0.2774
vn 0.7778 -0.6078 -0.1599
vn 0.8413 -0.4164 -0.3446
vn 0.4004 -0.6663 -0.6291
vn 0.7273 -0.6535 -0.2099
vn 0.7235 -0.6672 -0.1771
vn 0.8616 -0.4421 0.2495
vn 0.8667 -0.4320 -0.2492
vn 0.7187 -0.6511 -0.2441
vn 0.4371 -0.6616 -0.6093
vn 0.6696 -0.7271 -0.1517
vn 0.8595 -0.4631 0.2164
vn 0.8773 -0.4011 -0.2635
vn 0.0864 -0.9943 -0.0619
vn 0.5880 -0.7853 -0.1938
vn 0.5707 -0.7890 -0.2276
vn 0.1091 0.9938 0.0218
vn 0.8636 0.4742 0.1713
vn 0.7101 -0.6839 0.1678
vn 0.8639 -0.4529 0.2202
vn 0.6800 -0.7237 -0.1173
vn 0.3986 -0.9171 0.0056
vn 0.9020 -0.4033 0.1542
vn 0.8965 -0.3705 -0.2428
vn 0.0851 -0.9944 -0.0623
vn 0.4107 -0.8884 -0.2049
vn 0.8027 -0.5243 -0.2841
vn 0.6529 -0.6622 -0.3678
vn 0.5593 -0.8261 -0.0688
vn 0.7054 -0.7073 0.0455
vn 0.7050 -0.7079 0.0436
vn 0.7164 -0.6968 0.0358
vn 0.5123 -0.2135 0.8318
vn -0.3296 0.6884 0.6461
vn 0.4482 -0.8925 0.0508
vn -0.7550 -0.6372 -0.1549
vn 0.4932 -0.8672 -0.0678
vn 0.4977 -0.8649 -0.0658
vn 0.9107 -0.3513 -0.2174
vn 0.9027 -0.3695 -0.2205
vn 0.9087 -0.3793 -0.1746
vn 0.8962 -0.3810 -0.2271
vn -0.7860 -0.5621 0.2574
vn 0.7441 -0.6094 -0.2739
vn 0.4726 -0.8784 -0.0704
vn 0.9295 0.3358 0.1524
vn 0.8943 -0.4388 -0.0882
vn 0.9122 -0.3897 -0.1262
vn 0.9115 -0.3926 -0.1228
vn 0.8921 -0.4244 -0.1551
vn 0.9171 -0.3984 0.0143
vn 0.6446 -0.7328 0.2181
vn 0.6682 -0.7193 0.1901
vn 0.4252 -0.6785 0.5991
vn 0.3563 0.5878 0.7263
vn 0.9214 -0.3826 -0.0688
vn 0.9276 -0.2811 -0.2461
vn 0.9013 -0.3424 -0.2655
vn 0.8981 -0.3750 -0.2296
vn 0.6869 -0.6772 -0.2636
vn 0.4539 -0.6507 -0.6088
vn 0.4570 -0.6312 0.6267
vn 0.3824 -0.7052 0.5970
vn 0.8606 -0.4376 -0.2606
vn 0.5305 -0.5533 0.6422
vn 0.9237 -0.3780 0.0624
vn 0.6848 -0.6884 -0.2391
vn 0.4041 0.5095 0.7597
vn 0.8716 -0.4899 0.0202
vn 0.8998 -0.3987 -0.1775
vn 0.8988 -0.3931 -0.1938
vn 0.6786 -0.6761 -0.2871
vn 0.6547 -0.7374 -0.1663
vn 0.6850 -0.7195 -0.1140
vn -0.4915 0.7258 0.4812
vn 0.5275 -0.1077 0.8427
vn 0.4267 0.5475 0.7198
vn -0.4240 -0.9050 -0.0340
vn 0.4271 -0.6756 0.6010
vn 0.4622 -0.6204 0.6337
vn 0.4423 -0.6535 0.6143
vn 0.4726 0.2937 0.8309
vn 0.8964 -0.4196 -0.1430
vn 0.9575 -0.0288 -0.2869
vn 0.4650 -0.6386 -0.6131
vn 0.5576 -0.3145 0.7682
vn -0.6147 -0.7880 0.0353
vn -0.2421 -0.9694 0.0397
vn 0.4189 -0.6752 0.6071
vn 0.5598 -0.4086 0.7209
vn -0.1699 -0.9855 -0.0034
vn 0.6214 -0.7699 0.1454
vn 0.6379 0.7644 0.0936
vn 0.8389 0.5278 0.1329
vn 0.4742 -0.7566 0.4502
vn 0.3666 0.5631 0.7406
vn 0.6724 -0.7318 -0.1110
vn 0.4712 -0.6197 0.6276
vn -0.5544 -0.8316 0.0323
vn 0.8026 -0.5912 -0.0796
vn -0.5410 0.8366 0.0861
vn 0.4393 -0.8394 0.3200
vn 0.4458 -0.6921 0.5676
vn 0.4528 -0.6576 0.6022
vn 0.4442 -0.6578 0.6082
vn 0.4411 -0.6632 0.6046
vn -0.5318 0.7014 0.4746
vn 0.4788 -0.8761 0.0570
vn 0.7021 -0.7107 -0.0450
vn 0.7727 -0.6297 -0.0796
vn 0.5189 -0.8503 0.0875
vn 0.5738 -0.8134 0.0956
vn 0.3818 -0.8936 -0.2358
vn 0.4731 -0.6302 0.6156
vn 0.4702 -0.6619 0.5838
vn 0.4896 -0.6312 0.6016
vn 0.3783 0.5975 0.7070
vn 0.3671 0.6374 0.6774
vn 0.4341 -0.7131 0.5504
vn 0.4832 -0.6370 0.6007
vn 0.5064 -0.6309 0.5878
vn 0.4826 -0.6459 0.5915
vn -0.6091 0.6820 0.4049
vn 0.3493 0.6182 0.7042
vn 0.4288 -0.8977 -0.1012
vn 0.4838 -0.6944 0.5327
vn 0.5314 -0.6294 0.5670
vn 0.3144 0.7280 0.6092
vn 0.4336 0.6026 0.6700
vn 0.5863 -0.5636 -0.5819
vn 0.6259 0.1637 0.7626
vn 0.4246 -0.9051 0.0245
vn 0.4526 -0.8746 0.1738
vn 0.4991 -0.6863 0.5291
vn 0.5892 0.2066 0.7811
vn 0.5474 -0.6555 -0.5203
vn -0.0757 0.9945 0.0730
vn 0.4948 -0.6907 0.5274
vn 0.6389 -0.5503 0.5376
vn 0.4621 -0.7482 0.4761
vn 0.3650 -0.8797 0.3049
vn 0.4914 -0.6880 0.5340
vn 0.4981 -0.6926 0.5217
vn 0.4700 -0.8562 -0.2144
vn 0.4956 0.4538 0.7406
vn 0.6209 -0.1763 0.7638
vn 0.5482 -0.6465 -0.5306
vn 0.5874 -0.5888 0.5552
vn 0.6099 -0.4810 0.6298
vn 0.5529 -0.7801 0.2929
vn 0.6538 -0.5761 0.4906
vn 0.5417 -0.6992 0.4666
vn 0.5711 -0.6520 0.4988
vn 0.4827 0.4573 0.7469
vn 0.5630 -0.7034 0.4340
vn 0.5796 -0.6131 0.5368
vn 0.5760 -0.7206 0.3860
vn -0.7750 0.5054 0.3794
vn -0.7441 0.5382 0.3959
vn 0.5617 -0.6771 0.4753
vn 0.5709 -0.6551 0.4949
vn 0.5078 0.5215 0.6857
vn 0.2760 0.8571 0.4351
vn 0.3675 0.7973 0.4787
vn 0.5850 -0.6476 0.4883
vn 0.6046 -0.6493 0.4613
vn 0.6693 -0.2731 0.6910
vn -0.7325 0.6253 0.2691
vn 0.6041 0.3905 0.6946
vn -0.2945 0.8869 -0.3560
vn 0.5939 -0.7695 -0.2349
vn 0.6762 -0.3807 0.6307
vn -0.3357 0.8514 0.4030
vn 0.5891 -0.6636 -0.4610
vn 0.6315 -0.6481 0.4257
vn 0.6135 -0.7808 -0.1180
vn 0.6024 -0.6443 -0.4712
vn 0.5642 -0.8257 0.0001
vn -0.4866 0.6911 0.5344
vn -0.4849 0.7045 0.5182
vn -0.5004 0.6915 0.5210
vn 0.5358 -0.8352 0.1242
vn 0.6032 -0.6714 0.4305
vn -0.7194 0.6421 0.2650
vn 0.6190 -0.6528 0.4367
vn 0.6198 -0.6701 0.4083
vn 0.6769 -0.4948 0.5450
vn 0.6828 0.2225 0.6959
vn 0.5973 -0.6780 -0.4284
vn 0.6222 -0.6506 0.4354
vn 0.6287 -0.6695 0.3956
vn 0.6261 -0.6500 0.4307
vn 0.6673 -0.6260 0.4035
vn 0.5840 0.5321 0.6130
vn 0.6984 -0.1254 0.7046
vn 0.6139 -0.7196 0.3246
vn 0.6175 -0.6755 -0.4031
vn 0.6066 -0.6906 -0.3938
vn 0.6509 -0.6668 0.3628
vn 0.6746 -0.6352 0.3761
vn 0.5916 0.4794 0.6482
vn 0.6203 -0.7061 0.3414
vn 0.6228 -0.6956 0.3582
vn 0.6843 -0.5850 -0.4354
vn 0.6105 -0.6925 -0.3843
vn 0.5835 0.2664 0.7672
vn 0.6443 -0.7461 0.1680
vn 0.6213 -0.7030 0.3462
vn 0.6394 -0.7138 0.2857
vn 0.7300 -0.5923 0.3408
vn -0.8013 0.5653 0.1958
vn 0.7050 -0.6719 -0.2269
vn 0.6636 -0.6627 0.3472
vn 0.6717 -0.6470 0.3610
vn 0.6811 -0.6492 0.3385
vn 0.4473 0.8191 -0.3591
vn 0.7632 -0.2458 -0.5976
vn 0.7035 0.3303 0.6292
vn 0.7199 -0.6924 -0.0486
vn 0.7346 -0.5823 -0.3482
vn 0.7509 -0.4098 0.5178
vn 0.6968 -0.7142 0.0661
vn 0.6669 -0.7039 0.2445
vn 0.7561 -0.2882 0.5876
vn 0.6828 -0.6582 0.3171
vn 0.6862 -0.6553 0.3157
vn 0.6607 -0.7120 0.2378
vn 0.8034 -0.5086 0.3096
vn 0.7005 -0.6157 -0.3610
vn 0.7225 -0.5813 -0.3743
vn 0.7149 -0.5861 -0.3814
vn 0.7729 -0.4968 0.3948
vn 0.6887 -0.6584 0.3037
vn 0.7097 -0.6359 -0.3033
vn 0.7276 -0.5846 -0.3590
vn 0.7207 -0.5994 -0.3484
vn 0.7100 -0.6466 0.2789
vn 0.6531 -0.7061 0.2736
vn 0.7870 0.0324 0.6160
vn 0.7430 -0.5623 -0.3631
vn 0.7129 -0.5917 -0.3763
vn 0.7770 -0.1837 0.6021
vn 0.6958 -0.6879 0.2064
vn 0.7200 -0.5970 -0.3538
vn 0.6289 -0.7382 0.2440
vn 0.6635 -0.7053 0.2495
vn 0.7438 -0.5853 -0.3227
vn 0.7112 -0.6813 0.1735
vn 0.8430 -0.5276 -0.1053
vn 0.7462 -0.6027 -0.2828
vn 0.7644 -0.5409 -0.3509
vn 0.7278 -0.6741 0.1264
vn 0.7647 -0.6038 0.2252
vn 0.6213 0.5905 0.5151
vn 0.7069 -0.6829 0.1843
vn 0.8306 -0.2773 0.4829
vn 0.7197 -0.6795 0.1424
vn -0.8129 0.5434 -0.2095
vn 0.6357 -0.7622 0.1221
vn 0.6427 -0.7578 0.1127
vn 0.7494 -0.6040 -0.2713
vn -0.7802 0.1944 0.5945
vn 0.7259 -0.6740 0.1371
vn 0.7848 -0.5373 -0.3087
vn 0.5110 0.7644 0.3931
vn 0.7828 -0.5906 0.1958
vn 0.7660 -0.6014 -0.2272
vn 0.8325 -0.5262 -0.1734
vn 0.5923 0.6187 0.5161
vn 0.8090 -0.5341 0.2455
vn 0.7412 -0.6491 0.1712
vn 0.7657 -0.5752 -0.2878
vn 0.8125 -0.3823 0.4401
vn 0.8041 -0.2860 -0.5212
vn 0.7485 -0.6453 0.1531
vn 0.8116 -0.5269 0.2526
vn 0.8061 -0.4469 -0.3879
vn 0.7655 -0.5832 -0.2718
vn 0.7603 -0.6438 0.0866
vn 0.8161 -0.5689 0.1017
vn 0.7337 -0.6729 0.0944
vn 0.7669 -0.5770 -0.2810
vn 0.7596 -0.6346 0.1427
vn 0.7715 -0.5656 -0.2912
vn 0.7675 -0.6410 0.0069
vn 0.7441 -0.6586 0.1119
vn 0.7596 -0.6408 0.1112
vn 0.5830 0.6761 0.4506
vn 0.7575 -0.6469 0.0880
vn 0.8370 -0.3374 -0.4308
vn 0.7625 -0.6419 0.0811
vn 0.7916 -0.5603 -0.2436
vn 0.7601 -0.6476 0.0533
vn 0.8448 -0.1312 0.5188
vn 0.1559 0.9800 -0.1239
vn 0.8116 -0.5419 -0.2180
vn 0.8047 -0.5468 -0.2311
vn 0.7978 -0.6013 0.0447
vn 0.7634 -0.6414 0.0757
vn 0.7686 -0.6360 0.0693
vn 0.7887 -0.6147 -0.0110
vn 0.7766 -0.6286 0.0418
vn 0.8006 -0.5655 -0.1980
vn 0.8216 -0.5272 -0.2170
vn 0.7815 -0.6228 -0.0365
vn 0.7832 -0.6216 -0.0154
vn 0.8105 -0.5426 -0.2207
vn 0.8487 -0.2026 -0.4886
vn 0.7775 -0.6277 -0.0388
vn 0.8917 -0.4513 0.0345
vn 0.7902 -0.6085 -0.0729
vn 0.8113 -0.5843 0.0180
vn 0.9084 -0.4173 -0.0266
vn 0.7972 -0.6038 0.0036
vn 0.7972 -0.6038 0.0013
vn 0.7914 -0.6112 0.0088
vn 0.7878 -0.6160 0.0011
vn 0.8546 -0.4137 0.3139
vn 0.7018 0.5282 -0.4780
vn 0.9889 -0.1455 0.0298
vn 0.7706 -0.6254 -0.1226
vn 0.7762 -0.6254 -0.0799
vn 0.7879 -0.6066 -0.1059
vn 0.8256 -0.5236 -0.2102
vn 0.7817 -0.6016 -0.1644
vn 0.8320 -0.5545 0.0181
vn 0.7178 0.4642 -0.5190
vn 0.8158 -0.5777 0.0252
vn 0.8638 -0.4750 0.1679
vn 0.8532 -0.4765 -0.2120
vn 0.8639 -0.4019 -0.3035
vn 0.8361 -0.5485 0.0087
vn 0.8237 -0.5643 -0.0549
vn 0.8289 -0.5586 -0.0293
vn 0.8222 -0.5669 -0.0507
vn 0.9207 -0.3752 -0.1076
vn 0.8661 -0.4561 -0.2044
vn 0.8288 -0.5517 -0.0938
vn 0.9113 -0.4067 0.0644
vn 0.9229 -0.3601 -0.1362
vn 0.8542 -0.4782 -0.2040
vn 0.8243 -0.5570 -0.1013
vn 0.8105 -0.5767 -0.1024
vn 0.8282 -0.5512 -0.1011
vn 0.8403 -0.5201 -0.1529
vn 0.9358 -0.3350 -0.1100
vn 0.9367 -0.3348 -0.1028
vn 0.9358 -0.3363 -0.1054
vn 0.8290 -0.5145 -0.2193
vn 0.8215 -0.5400 -0.1833
vn 0.7584 0.4232 0.4957
vn 0.8150 -0.5405 -0.2090
vn 0.7592 -0.6260 -0.1782
vn 0.7782 -0.5698 -0.2642
vn 0.8101 -0.4780 -0.3395
vn 0.8299 -0.5476 -0.1070
vn 0.8377 -0.4921 -0.2370
vn 0.8851 -0.2908 0.3633
vn 0.8540 -0.4604 -0.2421
vn 0.6653 0.6236 0.4105
vn 0.8614 0.2657 0.4329
vn 0.8445 -0.4805 -0.2364
vn 0.8030 -0.4951 -0.3318
vn 0.8742 -0.4653 -0.1385
vn 0.8973 -0.2969 -0.3266
vn 0.8934 -0.2216 -0.3908
vn 0.8669 -0.4432 -0.2282
vn 0.9020 -0.4310 0.0237
vn 0.8643 -0.4682 -0.1836
vn 0.8867 -0.4183 -0.1968
vn 0.8641 -0.4444 -0.2365
vn 0.9010 -0.1365 0.4117
vn 0.8780 -0.4198 -0.2300
vn 0.8930 -0.3881 -0.2281
vn 0.9091 -0.3386 0.2426
vn -0.4971 0.8206 0.2819
vn 0.9188 -0.3721 0.1316
vn -0.6912 0.3780 -0.6160
vn 0.7597 -0.4614 -0.4582
vn 0.8905 -0.4135 -0.1899
vn 0.7394 0.5462 -0.3937
vn 0.7121 0.5930 0.3758
vn 0.9037 -0.3969 -0.1605
vn 0.9390 -0.3348 -0.0785
vn 0.9090 -0.3310 -0.2533
vn 0.7193 0.5952 0.3582
vn 0.7035 -0.4363 0.5610
vn 0.9054 -0.3601 -0.2251
vn 0.9016 -0.3843 -0.1985
vn 0.9154 -0.3538 -0.1919
vn 0.8081 -0.3421 -0.4795
vn 0.9160 -0.3721 -0.1498
vn 0.9068 -0.3391 -0.2505
vn 0.8633 -0.3050 -0.4021
vn 0.7412 0.5790 0.3397
vn 0.9397 -0.1945 0.2814
vn 0.9356 -0.1067 -0.3366
vn 0.9188 -0.3446 -0.1924
vn 0.9401 -0.2959 -0.1694
vn 0.9005 -0.3377 -0.2740
vn 0.9202 -0.3254 -0.2177
vn 0.9221 -0.3068 -0.2357
vn 0.9342 -0.3322 -0.1301
vn 0.9276 -0.2778 -0.2499
vn 0.9586 -0.0661 0.2771
vn 0.9175 0.2064 -0.3401
vn 0.9333 -0.2112 -0.2905
vn 0.8245 0.4417 -0.3537
vn 0.9258 -0.3126 -0.2125
vn 0.9563 -0.2366 0.1718
vn 0.9398 -0.2991 -0.1652
vn 0.8335 0.4520 -0.3179
vn 0.9587 -0.2826 0.0314
vn 0.9337 -0.2827 -0.2198
vn 0.7766 0.5656 0.2773
vn -0.8356 -0.4381 -0.3315
vn 0.9370 -0.2699 -0.2216
vn 0.9414 -0.2403 -0.2369
vn 0.9339 -0.2535 -0.2521
vn 0.9750 -0.1823 -0.1271
vn 0.9414 -0.2357 -0.2414
vn 0.6473 0.7440 0.1658
vn 0.7377 0.6236 0.2588
vn 0.9466 -0.2479 -0.2062
vn 0.9531 -0.2333 -0.1929
vn 0.9384 -0.2422 -0.2464
vn 0.8695 0.4211 -0.2582
vn 0.9440 -0.2224 -0.2437
vn 0.9768 -0.1852 -0.1072
vn 0.9459 -0.2080 -0.2488
vn 0.9568 -0.2211 -0.1888
vn 0.9490 -0.1836 -0.2562
vn 0.9490 -0.1641 -0.2693
vn 0.7391 0.6334 0.2290
vn 0.9612 -0.1985 -0.1916
vn 0.9504 -0.2023 -0.2363
vn 0.9492 -0.2050 -0.2388
vn 0.9489 -0.1489 -0.2782
vn 0.1997 0.9718 0.1258
vn 0.6927 0.7169 -0.0789
vn 0.9615 0.0529 -0.2696
vn 0.9530 -0.1909 -0.2353
vn 0.9676 0.1629 -0.1929
vn 0.7249 0.6585 0.2023
vn 0.9576 -0.0460 -0.2844
vn 0.8027 0.5534 -0.2224
vn 0.9026 0.2441 -0.3546
vn 0.8195 0.5328 0.2111
vn 0.9641 -0.1799 -0.1955
vn 0.9618 -0.1773 -0.2084
vn 0.9462 -0.1654 -0.2780
vn 0.9278 -0.2710 -0.2563
vn 0.9521 -0.1345 -0.2748
vn 0.9810 0.0930 -0.1701
vn 0.9668 0.1400 -0.2137
vn 0.4547 0.8906 0.0053
vn 0.9444 -0.1920 -0.2668
vn 0.9552 -0.1155 -0.2725
vn 0.7229 -0.6294 -0.2852
vn 0.7589 -0.5921 -0.2710
vn 0.7392 -0.6432 -0.1998
vn 0.8597 -0.1225 -0.4959
vn 0.9340 -0.2173 -0.2837
vn 0.8418 -0.1486 -0.5189
vn 0.9568 -0.0962 -0.2742
vn 0.9575 -0.0962 -0.2719
vn 0.9429 0.2741 0.1895
vn 0.9431 0.2866 -0.1688
vn 0.8483 0.5146 -0.1251
vn 0.8428 0.4985 -0.2027
vn 0.9405 0.2686 -0.2082
vn 0.9186 -0.0927 -0.3842
vn 0.8333 0.4609 0.3051
vn 0.4369 -0.0975 -0.8942
vn 0.8762 0.0085 -0.4818
vn 0.6703 0.0625 -0.7394
vn 0.9675 -0.0684 -0.2434
vn 0.6869 -0.0595 -0.7244
vn 0.9327 -0.1163 -0.3414
vn 0.9672 -0.0653 -0.2456
vn 0.9508 0.1323 -0.2802
vn 0.7369 0.6706 -0.0853
vn 0.7449 0.6605 -0.0944
vn 0.7308 0.6778 -0.0812
vn 0.7533 0.6452 0.1275
vn 0.7441 0.6296 0.2236
vn 0.9807 -0.1446 0.1315
vn 0.7653 -0.1148 -0.6333
vn 0.9177 0.0936 -0.3861
vn 0.9041 0.4113 -0.1160
vn 0.9005 0.4195 -0.1147
vn 0.9000 0.4217 -0.1102
vn -0.9393 0.3406 -0.0417
vn 0.9910 -0.1331 0.0167
vn 0.8465 0.5101 0.1527
vn 0.4431 0.8958 0.0346
vn -0.8871 0.4447 -0.1239
vn 0.9693 0.2291 0.0894
vn -0.7136 0.6889 0.1271
vn -0.0272 0.9983 -0.0514
vn 0.8342 0.5379 0.1212
vn 0.8240 0.5608 0.0811
vn 0.2216 0.9750 -0.0171
vn 0.8691 0.4924 0.0465
vt 0.271238 0.506677
vt 0.280404 0.533074
vt 0.295476 0.518282
vt 0.298513 0.488961
vt 0.298172 0.549898
vt 0.299848 0.535864
vt 0.300013 0.523298
vt 0.300114 0.520160
vt 0.300232 0.510261
vt 0.300449 0.503127
vt 0.286705 0.475147
vt 0.290718 0.552359
vt 0.300441 0.499974
vt 0.388714 0.626946
vt 0.380667 0.618510
vt 0.393270 0.632365
vt 0.378028 0.615830
vt 0.366228 0.605380
vt 0.372221 0.612951
vt 0.248374 0.532135
vt 0.294615 0.552761
vt 0.299747 0.543702
vt 0.261465 0.485275
vt 0.283653 0.551729
vt 0.292972 0.552736
vt 0.295803 0.553684
vt 0.298646 0.550867
vt 0.300617 0.496225
vt 0.398541 0.638862
vt 0.395317 0.634795
vt 0.398673 0.639364
vt 0.357478 0.598536
vt 0.277462 0.551261
vt 0.290225 0.553786
vt 0.298085 0.551470
vt 0.299779 0.546718
vt 0.300620 0.492981
vt 0.300659 0.489638
vt 0.398306 0.644727
vt 0.275191 0.551723
vt 0.140971 0.230004
vt 0.139515 0.231490
vt 0.143297 0.231437
vt 0.400883 0.642082
vt 0.343814 0.592450
vt 0.132908 0.229996
vt 0.128901 0.232908
vt 0.144869 0.231499
vt 0.146830 0.235831
vt 0.146883 0.231152
vt 0.147377 0.232418
vt 0.403215 0.645130
vt 0.351792 0.594271
vt 0.226882 0.498581
vt 0.270267 0.550972
vt 0.126718 0.230333
vt 0.124959 0.231230
vt 0.147932 0.233528
vt 0.147416 0.231958
vt 0.148357 0.232484
vt 0.300632 0.482250
vt 0.300650 0.480087
vt 0.300772 0.484852
vt 0.406193 0.649400
vt 0.260876 0.550142
vt 0.119535 0.231225
vt 0.126996 0.232262
vt 0.124422 0.231132
vt 0.346266 0.590634
vt 0.263495 0.551245
vt 0.144781 0.252482
vt 0.298263 0.459535
vt 0.147142 0.235658
vt 0.148916 0.240823
vt 0.148879 0.235499
vt 0.300846 0.477970
vt 0.249678 0.548337
vt 0.258378 0.549952
vt 0.300762 0.476035
vt 0.343868 0.588872
vt 0.407746 0.651645
vt 0.112319 0.244748
vt 0.300850 0.473988
vt 0.337859 0.585123
vt 0.409208 0.653714
vt 0.112789 0.232908
vt 0.410573 0.655915
vt 0.411372 0.657555
vt 0.418674 0.674967
vt 0.300866 0.470543
vt 0.359799 0.616480
vt 0.099826 0.234026
vt 0.107661 0.232858
vt 0.110154 0.232413
vt 0.412629 0.659250
vt 0.300886 0.468489
vt 0.149056 0.246021
vt 0.413779 0.660841
vt 0.222000 0.515767
vt 0.300876 0.466663
vt 0.300876 0.465090
vt 0.331960 0.581687
vt 0.414733 0.662521
vt 0.244763 0.547396
vt 0.247197 0.548651
vt 0.148947 0.250894
vt 0.416699 0.665754
vt 0.415759 0.664132
vt 0.094259 0.234473
vt 0.097894 0.233969
vt 0.258249 0.456658
vt 0.300924 0.463143
vt 0.417599 0.667254
vt 0.326465 0.578669
vt 0.300818 0.459676
vt 0.418452 0.668932
vt 0.241080 0.547416
vt 0.090387 0.235665
vt 0.092472 0.253660
vt 0.420514 0.672678
vt 0.237549 0.546010
vt 0.086846 0.235549
vt 0.297385 0.439182
vt 0.149029 0.253553
vt 0.300971 0.457485
vt 0.300997 0.456079
vt 0.307992 0.575046
vt 0.226130 0.543375
vt 0.149166 0.257325
vt 0.301033 0.454648
vt 0.319266 0.575130
vt 0.314729 0.573254
vt 0.323354 0.577016
vt 0.421333 0.674244
vt 0.232884 0.545838
vt 0.300872 0.452564
vt 0.421992 0.675557
vt 0.082205 0.237178
vt 0.129639 0.264396
vt 0.300969 0.450336
vt 0.422907 0.677698
vt 0.321957 0.589850
vt 0.074515 0.238782
vt 0.424103 0.680101
vt 0.221797 0.542520
vt 0.282019 0.427751
vt 0.149288 0.261420
vt 0.425437 0.682957
vt 0.078079 0.237575
vt 0.145496 0.275469
vt 0.300977 0.448015
vt 0.300916 0.446620
vt 0.206970 0.474040
vt 0.235373 0.475369
vt 0.300940 0.443381
vt 0.201330 0.500263
vt 0.301075 0.445546
vt 0.426356 0.684867
vt 0.393979 0.653933
vt 0.416653 0.686251
vt 0.149379 0.266102
vt 0.200135 0.523471
vt 0.371630 0.631678
vt 0.362708 0.623358
vt 0.300945 0.441754
vt 0.427211 0.686555
vt 0.427689 0.688125
vt 0.214158 0.541827
vt 0.218350 0.542474
vt 0.067696 0.240371
vt 0.060108 0.258610
vt 0.071119 0.238728
vt 0.109565 0.279939
vt 0.795737 0.954296
vt 0.796613 0.966915
vt 0.801673 0.945631
vt 0.381976 0.642300
vt 0.384739 0.645738
vt 0.386886 0.648368
vt 0.300996 0.440623
vt 0.301267 0.440641
vt 0.301290 0.440605
vt 0.300919 0.438305
vt 0.428401 0.690005
vt 0.429537 0.692294
vt 0.301007 0.437167
vt 0.149370 0.269117
vt 0.309619 0.571081
vt 0.288273 0.563529
vt 0.063522 0.241887
vt 0.228711 0.447812
vt 0.300907 0.435160
vt 0.301279 0.437174
vt 0.306316 0.569709
vt 0.210472 0.540113
vt 0.299723 0.424426
vt 0.211607 0.541592
vt 0.258613 0.417916
vt 0.793724 0.922865
vt 0.793952 0.930251
vt 0.794061 0.923373
vt 0.149490 0.273315
vt 0.301768 0.568087
vt 0.301054 0.433838
vt 0.301058 0.432332
vt 0.430794 0.695325
vt 0.431251 0.696864
vt 0.060988 0.243036
vt 0.797651 0.974627
vt 0.800069 0.991082
vt 0.806031 0.969474
vt 0.798837 0.982992
vt 0.346696 0.611330
vt 0.392396 0.655433
vt 0.399068 0.665899
vt 0.207397 0.539719
vt 0.208888 0.540170
vt 0.059830 0.242197
vt 0.058260 0.243165
vt 0.123529 0.294097
vt 0.056773 0.243600
vt 0.204858 0.538891
vt 0.793712 0.917130
vt 0.794002 0.921168
vt 0.435797 0.723022
vt 0.079586 0.274684
vt 0.332160 0.602197
vt 0.336019 0.604325
vt 0.406125 0.677829
vt 0.149543 0.285808
vt 0.054239 0.244342
vt 0.327271 0.599288
vt 0.793083 0.904069
vt 0.301312 0.431633
vt 0.301094 0.424125
vt 0.200340 0.537773
vt 0.413663 0.691983
vt 0.042082 0.262015
vt 0.434468 0.705635
vt 0.431685 0.697892
vt 0.318675 0.594933
vt 0.196022 0.536255
vt 0.313127 0.591286
vt 0.300976 0.419422
vt 0.185786 0.465738
vt 0.801191 0.998134
vt 0.801805 0.999717
vt 0.802960 0.998618
vt 0.435994 0.710631
vt 0.803740 0.996615
vt 0.301104 0.417932
vt 0.149547 0.292393
vt 0.264807 0.559524
vt 0.045437 0.247678
vt 0.049743 0.246181
vt 0.806651 0.996964
vt 0.172406 0.487354
vt 0.191622 0.534833
vt 0.437222 0.714994
vt 0.301167 0.414480
vt 0.436428 0.712112
vt 0.041055 0.249477
vt 0.299646 0.398224
vt 0.301093 0.411499
vt 0.224000 0.409688
vt 0.186081 0.533289
vt 0.287187 0.395171
vt 0.792711 0.889260
vt 0.792917 0.896864
vt 0.798738 0.904380
vt 0.737961 0.042417
vt 0.735906 0.045520
vt 0.739190 0.042751
vt 0.437945 0.717841
vt 0.181072 0.518038
vt 0.035545 0.252276
vt 0.201865 0.421493
vt 0.203077 0.449376
vt 0.746713 0.043751
vt 0.744585 0.042799
vt 0.756091 0.060709
vt 0.792187 0.887514
vt 0.792524 0.887359
vt 0.792453 0.877075
vt 0.149587 0.302802
vt 0.149591 0.298310
vt 0.301135 0.409306
vt 0.301102 0.406132
vt 0.281207 0.561465
vt 0.274906 0.559913
vt 0.427419 0.719412
vt 0.438484 0.719964
vt 0.034084 0.253456
vt 0.792467 0.874712
vt 0.418193 0.702614
vt 0.439241 0.723042
vt 0.184603 0.533250
vt 0.079262 0.300090
vt 0.057471 0.292306
vt 0.791778 0.877212
vt 0.418942 0.705792
vt 0.042957 0.284557
vt 0.301079 0.402358
vt 0.178663 0.530187
vt 0.440132 0.726698
vt 0.162654 0.503864
vt 0.028115 0.255704
vt 0.301211 0.400653
vt 0.440362 0.728405
vt 0.270128 0.558785
vt 0.099233 0.317504
vt 0.740971 0.068350
vt 0.732332 0.057492
vt 0.731601 0.067538
vt 0.301234 0.398985
vt 0.301260 0.397363
vt 0.142010 0.306340
vt 0.146316 0.323814
vt 0.440713 0.730036
vt 0.441020 0.731628
vt 0.290406 0.576923
vt 0.288074 0.580604
vt 0.291749 0.581799
vt 0.301263 0.395703
vt 0.253585 0.387184
vt 0.283802 0.579183
vt 0.301250 0.394049
vt 0.166548 0.519380
vt 0.168222 0.461741
vt 0.177334 0.428983
vt 0.441362 0.733252
vt 0.256133 0.556390
vt 0.171549 0.527881
vt 0.175184 0.529503
vt 0.128064 0.329690
vt 0.301149 0.392319
vt 0.149550 0.316173
vt 0.441697 0.734874
vt 0.022481 0.288384
vt 0.301006 0.377640
vt 0.442092 0.736554
vt 0.301077 0.390110
vt 0.247865 0.563239
vt 0.168334 0.521969
vt 0.273253 0.576058
vt 0.772917 0.050401
vt 0.777623 0.052659
vt 0.442531 0.738740
vt 0.421728 0.714248
vt 0.425092 0.726596
vt 0.301188 0.386096
vt 0.433967 0.755167
vt 0.164841 0.513508
vt 0.168509 0.525964
vt 0.443043 0.742705
vt 0.024710 0.258102
vt 0.015871 0.269136
vt 0.164326 0.440097
vt 0.160873 0.495305
vt 0.744135 0.688655
vt 0.752295 0.694202
vt 0.746932 0.689466
vt 0.065412 0.325927
vt 0.443430 0.744940
vt 0.737884 0.684999
vt 0.740782 0.688043
vt 0.740238 0.686689
vt 0.752748 0.697292
vt 0.018288 0.262520
vt 0.017429 0.266109
vt 0.020797 0.260816
vt 0.301182 0.383321
vt 0.736847 0.685581
vt 0.741259 0.695226
vt 0.015973 0.265857
vt 0.271823 0.371963
vt 0.440975 0.756341
vt 0.425937 0.728523
vt 0.160503 0.498598
vt 0.160855 0.501864
vt 0.742222 0.688568
vt 0.015876 0.267387
vt 0.149586 0.322700
vt 0.728657 0.679876
vt 0.714117 0.686638
vt 0.266245 0.573840
vt 0.249300 0.555508
vt 0.754876 0.701819
vt 0.755945 0.700537
vt 0.849875 0.972209
vt 0.854742 0.982489
vt 0.858235 0.980794
vt 0.301186 0.379800
vt 0.158345 0.486977
vt 0.158811 0.491575
vt 0.719536 0.675922
vt 0.723156 0.678078
vt 0.726689 0.680194
vt 0.788930 0.055655
vt 0.803806 0.070884
vt 0.443964 0.748270
vt 0.445420 0.762691
vt 0.013682 0.271799
vt 0.013707 0.270340
vt 0.013385 0.274249
vt 0.240508 0.554836
vt 0.206502 0.390063
vt 0.428754 0.742802
vt 0.444490 0.751026
vt 0.711822 0.672686
vt 0.716420 0.675145
vt 0.156083 0.477724
vt 0.156057 0.484295
vt 0.301016 0.371617
vt 0.301049 0.374698
vt 0.444803 0.753899
vt 0.040752 0.311750
vt 0.756130 0.703255
vt 0.758202 0.706927
vt 0.758066 0.705077
vt 0.179214 0.399995
vt 0.287653 0.357175
vt 0.149727 0.331236
vt 0.149743 0.335427
vt 0.445151 0.757111
vt 0.699284 0.668635
vt 0.709182 0.673366
vt 0.702598 0.669612
vt 0.155299 0.474399
vt 0.012706 0.279885
vt 0.013029 0.276709
vt 0.235610 0.375740
vt 0.300345 0.359995
vt 0.154255 0.461892
vt 0.155611 0.462972
vt 0.757837 0.722107
vt 0.012695 0.282790
vt 0.256573 0.572279
vt 0.154087 0.450282
vt 0.300915 0.367827
vt 0.695733 0.666810
vt 0.762668 0.715398
vt 0.761907 0.711185
vt 0.301243 0.367990
vt 0.804836 0.060563
vt 0.806340 0.060720
vt 0.083034 0.340601
vt 0.146124 0.355988
vt 0.737202 0.708554
vt 0.763703 0.716388
vt 0.764218 0.714045
vt 0.793417 0.083436
vt 0.105046 0.347664
vt 0.245782 0.570449
vt 0.300940 0.367281
vt 0.301044 0.365475
vt 0.230753 0.554370
vt 0.763575 0.716833
vt 0.153695 0.451822
vt 0.010195 0.286018
vt 0.429994 0.751171
vt 0.236084 0.554578
vt 0.685751 0.674605
vt 0.686782 0.663791
vt 0.010066 0.291980
vt 0.161474 0.407880
vt 0.768049 0.723101
vt 0.676198 0.660169
vt 0.009276 0.296199
vt 0.008502 0.298732
vt 0.149867 0.340445
vt 0.301227 0.360555
vt 0.883314 0.974040
vt 0.887022 0.974023
vt 0.896010 0.970057
vt 0.210600 0.562734
vt 0.665984 0.658022
vt 0.671358 0.659241
vt 0.668155 0.657638
vt 0.152745 0.441085
vt 0.153758 0.443277
vt 0.043678 0.344541
vt 0.201289 0.362311
vt 0.222663 0.357748
vt 0.184298 0.376832
vt 0.300901 0.359847
vt 0.300919 0.359214
vt 0.301232 0.359913
vt 0.301240 0.359262
vt 0.152712 0.436952
vt 0.300917 0.358566
vt 0.445636 0.773219
vt 0.442461 0.788502
vt 0.014438 0.315842
vt 0.880469 0.935791
vt 0.901422 0.939520
vt 0.905947 0.917599
vt 0.300931 0.357922
vt 0.301238 0.358643
vt 0.301247 0.357971
vt 0.770026 0.727262
vt 0.256391 0.344491
vt 0.133467 0.358567
vt 0.300929 0.357272
vt 0.007816 0.305202
vt 0.661847 0.656980
vt 0.657377 0.666735
vt 0.745772 0.090472
vt 0.788034 0.104375
vt 0.153500 0.423809
vt 0.300890 0.350555
vt 0.149917 0.351227
vt 0.445622 0.774723
vt 0.152148 0.430639
vt 0.740410 0.103284
vt 0.730397 0.114005
vt 0.739414 0.129056
vt 0.242936 0.570454
vt 0.233936 0.569894
vt 0.729921 0.114127
vt 0.730224 0.120176
vt 0.170305 0.563258
vt 0.152559 0.427971
vt 0.430844 0.760394
vt 0.430773 0.762031
vt 0.152487 0.425163
vt 0.894856 0.958707
vt 0.897709 0.969954
vt 0.902117 0.968246
vt 0.149721 0.356679
vt 0.445575 0.786735
vt 0.007366 0.307262
vt 0.829744 0.070265
vt 0.826540 0.088289
vt 0.833898 0.071820
vt 0.234135 0.569439
vt 0.652863 0.655111
vt 0.649349 0.654034
vt 0.655541 0.656063
vt 0.771632 0.733455
vt 0.774723 0.738189
vt 0.774026 0.736151
vt 0.791743 0.813398
vt 0.791801 0.817014
vt 0.792405 0.814063
vt 0.430653 0.769017
vt 0.296308 0.327042
vt 0.220173 0.554323
vt 0.215257 0.554408
vt 0.152747 0.418686
vt 0.151922 0.415895
vt 0.775343 0.740698
vt 0.300978 0.343787
vt 0.301218 0.350111
vt 0.904938 0.967121
vt 0.907588 0.964726
vt 0.792258 0.811919
vt 0.792233 0.807277
vt 0.431183 0.768855
vt 0.919175 0.939108
vt 0.917084 0.947325
vt 0.431113 0.770777
vt 0.908363 0.964151
vt 0.914677 0.961750
vt 0.640796 0.653960
vt 0.640712 0.655444
vt 0.643572 0.653475
vt 0.164484 0.380868
vt 0.836679 0.073247
vt 0.841747 0.075891
vt 0.896995 0.898881
vt 0.908376 0.878367
vt 0.881979 0.883970
vt 0.214003 0.554670
vt 0.766625 0.755567
vt 0.774921 0.742255
vt 0.108694 0.369188
vt 0.233685 0.569919
vt 0.230959 0.569385
vt 0.227475 0.569730
vt 0.226954 0.569244
vt 0.432807 0.783249
vt 0.150702 0.414434
vt 0.150082 0.409201
vt 0.151776 0.403796
vt 0.750790 0.736760
vt 0.777328 0.748463
vt 0.777301 0.746446
vt 0.062455 0.357956
vt 0.729918 0.128789
vt 0.431029 0.775100
vt 0.300922 0.340697
vt 0.202060 0.555409
vt 0.632614 0.669523
vt 0.639216 0.655325
vt 0.917674 0.945565
vt 0.212832 0.554433
vt 0.206375 0.555010
vt 0.652137 0.683387
vt 0.689387 0.691490
vt 0.207949 0.554506
vt 0.850266 0.089020
vt 0.224691 0.569274
vt 0.300941 0.336073
vt 0.445244 0.792594
vt 0.729075 0.733514
vt 0.714508 0.713831
vt 0.647065 0.654171
vt 0.729956 0.150638
vt 0.919812 0.930625
vt 0.920679 0.924001
vt 0.694627 0.400842
vt 0.688818 0.395146
vt 0.693518 0.401360
vt 0.842734 0.075553
vt 0.846927 0.081262
vt 0.845947 0.077696
vt 0.080495 0.372174
vt 0.779073 0.751601
vt 0.695841 0.402482
vt 0.697160 0.405943
vt 0.847013 0.077802
vt 0.634141 0.655144
vt 0.631109 0.653531
vt 0.630165 0.654344
vt 0.005767 0.322691
vt 0.005325 0.326219
vt 0.003915 0.332058
vt 0.022361 0.335431
vt 0.920968 0.925585
vt 0.921455 0.926719
vt 0.619659 0.654446
vt 0.921566 0.916545
vt 0.923402 0.912900
vt 0.915328 0.895512
vt 0.921557 0.926216
vt 0.300869 0.331854
vt 0.792080 0.803502
vt 0.796989 0.794867
vt 0.792476 0.795997
vt 0.149691 0.364624
vt 0.149689 0.369785
vt 0.201542 0.554910
vt 0.151652 0.396524
vt 0.712073 0.430610
vt 0.706024 0.420720
vt 0.698911 0.431747
vt 0.444957 0.796941
vt 0.781227 0.758177
vt 0.780764 0.753456
vt 0.430550 0.782920
vt 0.782163 0.764771
vt 0.703274 0.415636
vt 0.686284 0.392010
vt 0.662910 0.387358
vt 0.029021 0.366331
vt 0.813420 0.106982
vt 0.797727 0.126342
vt 0.444669 0.801176
vt 0.004327 0.328538
vt 0.713563 0.437740
vt 0.712232 0.434205
vt 0.300856 0.328451
vt 0.201250 0.555061
vt 0.197773 0.555582
vt 0.151985 0.386468
vt 0.923959 0.909305
vt 0.923643 0.900975
vt 0.170752 0.358885
vt 0.141693 0.383069
vt 0.261650 0.318446
vt 0.774830 0.142897
vt 0.620832 0.653743
vt 0.618836 0.652906
vt 0.617728 0.654404
vt 0.434093 0.832590
vt 0.671586 0.382683
vt 0.669672 0.381557
vt 0.669511 0.382071
vt 0.850991 0.093800
vt 0.850538 0.091772
vt 0.842914 0.102669
vt 0.300999 0.326254
vt 0.600462 0.666316
vt 0.923788 0.896077
vt 0.925360 0.890404
vt 0.429895 0.792138
vt 0.194826 0.555759
vt 0.428500 0.823411
vt 0.719332 0.453911
vt 0.718302 0.447360
vt 0.667782 0.381792
vt 0.149899 0.380262
vt 0.149839 0.373388
vt 0.444286 0.803498
vt 0.925748 0.878497
vt 0.151842 0.388670
vt 0.218587 0.329526
vt 0.444043 0.806439
vt 0.002671 0.334091
vt 0.002559 0.336748
vt 0.925666 0.892578
vt 0.300888 0.323434
vt 0.191081 0.556449
vt 0.852419 0.100168
vt 0.003265 0.338057
vt 0.004173 0.342841
vt 0.441417 0.814451
vt 0.830801 0.126743
vt 0.300697 0.312895
vt 0.300791 0.321312
vt 0.428241 0.807420
vt 0.784222 0.770967
vt 0.784172 0.768706
vt 0.783022 0.767413
vt 0.918078 0.852652
vt 0.903970 0.840803
vt 0.890983 0.856256
vt 0.608189 0.652827
vt 0.609836 0.653635
vt 0.667023 0.380554
vt 0.659964 0.377855
vt 0.173686 0.570752
vt 0.443658 0.808611
vt 0.188202 0.556844
vt 0.747536 0.758680
vt 0.737306 0.156861
vt 0.192260 0.571583
vt 0.301167 0.321361
vt 0.301009 0.319158
vt 0.853254 0.103615
vt 0.443316 0.810922
vt 0.012268 0.366452
vt 0.046369 0.387481
vt 0.107359 0.390728
vt 0.300896 0.316991
vt 0.149894 0.383149
vt 0.150072 0.385707
vt 0.603499 0.653429
vt 0.600977 0.655743
vt 0.724174 0.467701
vt 0.722983 0.464531
vt 0.712638 0.465366
vt 0.855208 0.105431
vt 0.197716 0.322647
vt 0.177556 0.338049
vt 0.064180 0.387254
vt 0.443026 0.813180
vt 0.185657 0.557432
vt 0.785833 0.779682
vt 0.926426 0.873302
vt 0.926478 0.866266
vt 0.927644 0.873095
vt 0.927008 0.871484
vt 0.428987 0.801444
vt 0.301088 0.315426
vt 0.442562 0.815398
vt 0.002147 0.346015
vt 0.001561 0.349096
vt 0.002398 0.350377
vt 0.598266 0.654837
vt 0.599636 0.653878
vt 0.927568 0.869641
vt 0.654713 0.377846
vt 0.650762 0.375973
vt 0.599695 0.656065
vt 0.152527 0.369180
vt 0.152868 0.365006
vt 0.300837 0.313583
vt 0.724970 0.476187
vt 0.726494 0.482140
vt 0.810242 0.148917
vt 0.002115 0.358391
vt 0.001935 0.353322
vt 0.726647 0.479755
vt 0.926700 0.860186
vt 0.281981 0.296838
vt 0.927118 0.863876
vt 0.301062 0.312197
vt 0.301025 0.310185
vt 0.176028 0.559036
vt 0.675373 0.405913
vt 0.676255 0.428239
vt 0.138261 0.417979
vt 0.147188 0.410428
vt 0.149930 0.395493
vt 0.225377 0.297583
vt 0.792845 0.778324
vt 0.793863 0.767155
vt 0.792999 0.772677
vt 0.650203 0.398203
vt 0.645231 0.373468
vt 0.643774 0.373875
vt 0.294942 0.290641
vt 0.442027 0.818210
vt 0.441600 0.820398
vt 0.641557 0.373928
vt 0.427786 0.810725
vt 0.854198 0.109810
vt 0.847913 0.127011
vt 0.855595 0.115654
vt 0.730100 0.172941
vt 0.739109 0.170929
vt 0.300981 0.307120
vt 0.301058 0.308675
vt 0.694183 0.458092
vt 0.441268 0.822013
vt 0.856699 0.115309
vt 0.856034 0.119947
vt 0.926582 0.854977
vt 0.926975 0.850716
vt 0.440972 0.823636
vt 0.728459 0.490929
vt 0.727593 0.485770
vt 0.720959 0.499740
vt 0.440648 0.825990
vt 0.150001 0.401451
vt 0.170217 0.560468
vt 0.300883 0.305557
vt 0.300723 0.303567
vt 0.436156 0.840985
vt 0.856834 0.122562
vt 0.773498 0.786904
vt 0.788630 0.792719
vt 0.788427 0.788973
vt 0.159742 0.342619
vt 0.155358 0.356595
vt 0.630476 0.714704
vt 0.671235 0.720342
vt 0.680695 0.701914
vt 0.617218 0.380242
vt 0.587683 0.655552
vt 0.584052 0.656261
vt 0.152582 0.359530
vt 0.154966 0.357311
vt 0.152672 0.354012
vt 0.024153 0.398101
vt 0.809936 0.168698
vt 0.426668 0.813480
vt 0.426207 0.817607
vt 0.439976 0.829071
vt 0.300792 0.301706
vt 0.300773 0.299507
vt 0.857669 0.128655
vt 0.251749 0.291627
vt 0.580141 0.657754
vt 0.439390 0.831724
vt 0.638397 0.372196
vt 0.630642 0.371126
vt 0.850716 0.157704
vt 0.706525 0.487565
vt 0.729493 0.503804
vt 0.729679 0.499554
vt 0.170477 0.576088
vt 0.425681 0.819616
vt 0.300780 0.296763
vt 0.857755 0.135277
vt 0.794599 0.747967
vt 0.793881 0.761372
vt 0.438821 0.833774
vt 0.926142 0.834324
vt 0.926480 0.842270
vt 0.926971 0.836781
vt 0.438224 0.835998
vt 0.420759 0.855824
vt 0.915246 0.825499
vt 0.623310 0.369323
vt 0.571959 0.657856
vt 0.572836 0.658391
vt 0.577441 0.657074
vt 0.728744 0.509857
vt 0.150023 0.414739
vt 0.300774 0.294405
vt 0.680605 0.467571
vt 0.424341 0.824652
vt 0.424290 0.826372
vt 0.836298 0.151458
vt 0.654992 0.432686
vt 0.784775 0.182968
vt 0.794485 0.756434
vt 0.794545 0.752506
vt 0.437910 0.837726
vt 0.437343 0.839441
vt 0.113460 0.585273
vt 0.153622 0.344991
vt 0.153911 0.347482
vt 0.154609 0.335317
vt 0.728685 0.514290
vt 0.728301 0.519622
vt 0.436867 0.840643
vt 0.729092 0.519022
vt 0.926050 0.824273
vt 0.926728 0.821077
vt 0.858561 0.142917
vt 0.858655 0.140387
vt 0.300819 0.292130
vt 0.714854 0.521769
vt 0.926756 0.826585
vt 0.207315 0.295638
vt 0.794159 0.755017
vt 0.690161 0.740527
vt 0.692458 0.742557
vt 0.679086 0.732162
vt 0.178527 0.311783
vt 0.300827 0.290939
vt 0.662263 0.233800
vt 0.662692 0.220215
vt 0.662705 0.222549
vt 0.694095 0.744082
vt 0.697895 0.747074
vt 0.300078 0.279484
vt 0.300679 0.289146
vt 0.436695 0.842064
vt 0.664917 0.217074
vt 0.662770 0.218605
vt 0.662961 0.216333
vt 0.696408 0.746407
vt 0.699031 0.748986
vt 0.628865 0.402398
vt 0.701692 0.751426
vt 0.658335 0.214006
vt 0.659122 0.215066
vt 0.659380 0.213805
vt 0.660085 0.214247
vt 0.728285 0.524693
vt 0.436414 0.842481
vt 0.436141 0.843859
vt 0.701950 0.751932
vt 0.702983 0.753111
vt 0.739965 0.190600
vt 0.730351 0.197342
vt 0.835489 0.172350
vt 0.300764 0.286213
vt 0.435345 0.846034
vt 0.677233 0.230243
vt 0.657390 0.214841
vt 0.660338 0.221902
vt 0.660251 0.218207
vt 0.618417 0.369026
vt 0.616017 0.368533
vt 0.677161 0.225601
vt 0.081921 0.399124
vt 0.061154 0.415586
vt 0.091175 0.417924
vt 0.423208 0.829289
vt 0.667157 0.217608
vt 0.652955 0.216401
vt 0.653909 0.214978
vt 0.707626 0.758454
vt 0.717781 0.770298
vt 0.704942 0.755361
vt 0.611819 0.368613
vt 0.858413 0.147417
vt 0.669376 0.218300
vt 0.662376 0.268041
vt 0.662083 0.240439
vt 0.661730 0.253900
vt 0.660673 0.227378
vt 0.660634 0.225117
vt 0.564185 0.660280
vt 0.560208 0.660915
vt 0.558741 0.661692
vt 0.611295 0.367664
vt 0.677239 0.256339
vt 0.752907 0.790057
vt 0.763302 0.819684
vt 0.790162 0.810853
vt 0.791012 0.818683
vt 0.790994 0.813554
vt 0.434697 0.848078
vt 0.677132 0.237371
vt 0.675146 0.219166
vt 0.669981 0.217392
vt 0.648667 0.216786
vt 0.647060 0.218126
vt 0.926289 0.816152
vt 0.924931 0.809042
vt 0.300764 0.284883
vt 0.429945 0.856016
vt 0.449489 0.250533
vt 0.448335 0.243135
vt 0.446713 0.251720
vt 0.677188 0.244374
vt 0.676472 0.221408
vt 0.677224 0.261094
vt 0.728015 0.527237
vt 0.728320 0.529879
vt 0.926979 0.818722
vt 0.858366 0.151401
vt 0.157881 0.563778
vt 0.146910 0.567378
vt 0.660545 0.232491
vt 0.660665 0.229405
vt 0.696234 0.501650
vt 0.001126 0.388232
vt 0.008587 0.393627
vt 0.001311 0.383087
vt 0.300534 0.283852
vt 0.452456 0.229639
vt 0.449731 0.237510
vt 0.676812 0.221068
vt 0.676592 0.219712
vt 0.675769 0.219586
vt 0.712320 0.765046
vt 0.714031 0.767535
vt 0.711053 0.763221
vt 0.645750 0.222608
vt 0.646271 0.219564
vt 0.645768 0.225419
vt 0.645818 0.231190
vt 0.155712 0.328696
vt 0.154074 0.331845
vt 0.154353 0.333843
vt 0.926908 0.814405
vt 0.149882 0.432716
vt 0.714749 0.768814
vt 0.605981 0.367187
vt 0.607837 0.367454
vt 0.859151 0.153473
vt 0.267972 0.272361
vt 0.157286 0.579614
vt 0.715466 0.769975
vt 0.727431 0.531686
vt 0.453720 0.226028
vt 0.455823 0.221301
vt 0.454694 0.223729
vt 0.660735 0.236588
vt 0.660615 0.234029
vt 0.660799 0.235382
vt 0.716586 0.771616
vt 0.549631 0.664016
vt 0.556751 0.662724
vt 0.553573 0.662356
vt 0.601542 0.367452
vt 0.300314 0.280120
vt 0.645870 0.227169
vt 0.459408 0.214615
vt 0.456939 0.218951
vt 0.645786 0.229202
vt 0.647579 0.238795
vt 0.543549 0.679155
vt 0.660175 0.241727
vt 0.660937 0.237799
vt 0.717257 0.773050
vt 0.677162 0.277910
vt 0.298220 0.262707
vt 0.300496 0.277298
vt 0.299885 0.273711
vt 0.300559 0.280004
vt 0.300550 0.278819
vt 0.717803 0.773583
vt 0.718446 0.775328
vt 0.645981 0.233371
vt 0.155518 0.320884
vt 0.858150 0.156872
vt 0.155724 0.324747
vt 0.145120 0.448311
vt 0.432755 0.853852
vt 0.645693 0.234075
vt 0.645762 0.236025
vt 0.645956 0.234018
vt 0.660786 0.244255
vt 0.660984 0.241120
vt 0.858962 0.158673
vt 0.432205 0.855607
vt 0.595018 0.366811
vt 0.805434 0.192313
vt 0.080804 0.441534
vt 0.120359 0.442355
vt 0.418919 0.844734
vt 0.431774 0.856817
vt 0.127304 0.588959
vt 0.464759 0.207155
vt 0.463790 0.207924
vt 0.462179 0.210010
vt 0.645671 0.237977
vt 0.645889 0.240069
vt 0.645958 0.237911
vt 0.001145 0.396302
vt 0.000877 0.401672
vt 0.743692 0.208279
vt 0.300430 0.275162
vt 0.646139 0.241226
vt 0.677015 0.293351
vt 0.662173 0.300226
vt 0.464571 0.206529
vt 0.463967 0.207377
vt 0.647417 0.253086
vt 0.726746 0.541834
vt 0.728390 0.537038
vt 0.716268 0.544738
vt 0.598576 0.366458
vt 0.431471 0.857329
vt 0.430299 0.860607
vt 0.465315 0.206663
vt 0.465549 0.205228
vt 0.464736 0.206470
vt 0.156027 0.317450
vt 0.858493 0.159251
vt 0.859178 0.163634
vt 0.418039 0.847188
vt 0.235219 0.268888
vt 0.645615 0.244041
vt 0.645802 0.242115
vt 0.660768 0.251387
vt 0.865369 0.774947
vt 0.895713 0.782967
vt 0.884822 0.761198
vt 0.599192 0.418606
vt 0.192977 0.284280
vt 0.271514 0.255876
vt 0.645640 0.245880
vt 0.657133 0.265490
vt 0.300489 0.273915
vt 0.300448 0.271569
vt 0.429803 0.860743
vt 0.699348 0.536819
vt 0.777779 0.206930
vt 0.430179 0.861176
vt 0.429911 0.861029
vt 0.429224 0.863235
vt 0.645607 0.247797
vt 0.614224 0.714654
vt 0.618712 0.714215
vt 0.615085 0.714144
vt 0.636206 0.439451
vt 0.157804 0.313848
vt 0.470969 0.199875
vt 0.469493 0.200704
vt 0.466439 0.204225
vt 0.470473 0.199365
vt 0.469521 0.200335
vt 0.725495 0.547595
vt 0.726171 0.546415
vt 0.725702 0.550377
vt 0.679419 0.504325
vt 0.726547 0.548483
vt 0.730713 0.216547
vt 0.137643 0.587190
vt 0.914451 0.787517
vt 0.924360 0.795965
vt 0.923981 0.791701
vt 0.216562 0.264657
vt 0.428131 0.865299
vt 0.860046 0.168449
vt 0.860088 0.175514
vt 0.857761 0.191158
vt 0.300501 0.268877
vt 0.427978 0.865621
vt 0.828619 0.197827
vt 0.730219 0.216432
vt 0.589982 0.367687
vt 0.580664 0.379045
vt 0.162232 0.289816
vt 0.300315 0.266532
vt 0.645587 0.251111
vt 0.645683 0.254488
vt 0.160266 0.302487
vt 0.677326 0.304848
vt 0.158043 0.307282
vt 0.428257 0.865620
vt 0.427391 0.867761
vt 0.475154 0.194318
vt 0.472668 0.196951
vt 0.660989 0.261361
vt 0.660897 0.257832
vt 0.645565 0.256934
vt 0.790619 0.835022
vt 0.780937 0.838370
vt 0.789264 0.839177
vt 0.593870 0.395089
vt 0.416413 0.850247
vt 0.413351 0.857551
vt 0.300322 0.264270
vt 0.645651 0.481989
vt 0.790584 0.832146
vt 0.157399 0.308752
vt 0.923109 0.789657
vt 0.660791 0.269958
vt 0.538150 0.668377
vt 0.533633 0.670247
vt 0.645614 0.259007
vt 0.426450 0.869785
vt 0.724888 0.556800
vt 0.724722 0.554742
vt 0.724103 0.558666
vt 0.923003 0.787388
vt 0.860330 0.179166
vt 0.922143 0.785319
vt 0.411283 0.863008
vt 0.425093 0.872721
vt 0.414036 0.889830
vt 0.677241 0.319379
vt 0.662106 0.319924
vt 0.526229 0.672578
vt 0.532170 0.670500
vt 0.530156 0.670911
vt 0.645682 0.263760
vt 0.647514 0.272271
vt 0.583146 0.367770
vt 0.579545 0.368186
vt 0.300019 0.261558
vt 0.528164 0.670434
vt 0.575254 0.368389
vt 0.806702 0.214581
vt 0.424037 0.874924
vt 0.645603 0.267681
vt 0.300129 0.260568
vt 0.300212 0.258993
vt 0.723240 0.560574
vt 0.719655 0.572364
vt 0.722826 0.566774
vt 0.251832 0.243364
vt 0.422760 0.877532
vt 0.796973 0.722356
vt 0.803743 0.720479
vt 0.797315 0.719579
vt 0.127795 0.575208
vt 0.115870 0.580855
vt 0.678060 0.545767
vt 0.738361 0.229885
vt 0.300204 0.257276
vt 0.573300 0.368664
vt 0.859051 0.187676
vt 0.703507 0.563588
vt 0.860179 0.183447
vt 0.298204 0.253792
vt 0.298672 0.253766
vt 0.300189 0.255555
vt 0.860244 0.185421
vt 0.160900 0.292200
vt 0.159929 0.296637
vt 0.421478 0.880131
vt 0.195792 0.256035
vt 0.299055 0.253347
vt 0.396069 0.895133
vt 0.402560 0.878765
vt 0.571039 0.367748
vt 0.568026 0.367947
vt 0.300021 0.252776
vt 0.420472 0.882120
vt 0.565603 0.368871
vt 0.645768 0.291487
vt 0.661255 0.293891
vt 0.588431 0.446376
vt 0.515043 0.692987
vt 0.845947 0.214837
vt 0.797258 0.717754
vt 0.797276 0.715484
vt 0.419202 0.884430
vt 0.417844 0.887059
vt 0.408323 0.868438
vt 0.407162 0.871061
vt 0.298350 0.248452
vt 0.299301 0.251223
vt 0.298850 0.251068
vt 0.117969 0.597357
vt 0.521734 0.674727
vt 0.515517 0.677249
vt 0.859267 0.192744
vt 0.859212 0.195950
vt 0.299900 0.251105
vt 0.299415 0.250573
vt 0.162499 0.285725
vt 0.163551 0.283654
vt 0.095575 0.606764
vt 0.778117 0.232411
vt 0.300004 0.249923
vt 0.298968 0.248469
vt 0.299628 0.249133
vt 0.112304 0.582879
vt 0.653879 0.547856
vt 0.513651 0.679251
vt 0.858741 0.198285
vt 0.160994 0.288801
vt 0.562746 0.369030
vt 0.404365 0.876142
vt 0.297276 0.244597
vt 0.299254 0.248370
vt 0.859056 0.202025
vt 0.298965 0.248201
vt 0.299435 0.247852
vt 0.299868 0.248644
vt 0.562929 0.394139
vt 0.717467 0.584056
vt 0.718012 0.581237
vt 0.717032 0.579065
vt 0.907416 0.766060
vt 0.917736 0.762759
vt 0.917003 0.759918
vt 0.416290 0.889546
vt 0.540872 0.382429
vt 0.731089 0.236924
vt 0.731573 0.235553
vt 0.294321 0.244262
vt 0.662663 0.344059
vt 0.675610 0.328558
vt 0.662075 0.333721
vt 0.556737 0.370110
vt 0.560372 0.369007
vt 0.718783 0.576437
vt 0.298540 0.246017
vt 0.298823 0.247018
vt 0.687093 0.563758
vt 0.510551 0.679984
vt 0.506529 0.682536
vt 0.415325 0.891177
vt 0.149672 0.462518
vt 0.146678 0.480968
vt 0.149615 0.468701
vt 0.284220 0.242720
vt 0.106578 0.586234
vt 0.662172 0.344779
vt 0.566857 0.729766
vt 0.587338 0.720345
vt 0.572450 0.721097
vt 0.292532 0.243421
vt 0.731339 0.331895
vt 0.730321 0.333797
vt 0.732178 0.332600
vt 0.414299 0.892828
vt 0.815030 0.231452
vt 0.915338 0.751099
vt 0.730877 0.333886
vt 0.393146 0.916842
vt 0.558743 0.704844
vt 0.542784 0.695790
vt 0.528187 0.718806
vt 0.103691 0.587920
vt 0.735763 0.332834
vt 0.733373 0.333453
vt 0.735111 0.345415
vt 0.731490 0.238348
vt 0.731530 0.243165
vt 0.114630 0.599615
vt 0.730297 0.335134
vt 0.898683 0.745084
vt 0.204251 0.254392
vt 0.287010 0.242982
vt 0.732408 0.332513
vt 0.716618 0.587428
vt 0.714947 0.589134
vt 0.278819 0.241068
vt 0.730874 0.334214
vt 0.730025 0.336013
vt 0.730541 0.334753
vt 0.413417 0.894377
vt 0.677442 0.332896
vt 0.677352 0.338723
vt 0.917704 0.758333
vt 0.229834 0.247155
vt 0.858379 0.207115
vt 0.858232 0.209845
vt 0.258521 0.242993
vt 0.273596 0.241636
vt 0.268835 0.242644
vt 0.737589 0.333693
vt 0.253355 0.242810
vt 0.263009 0.242655
vt 0.276905 0.241644
vt 0.747884 0.336566
vt 0.743097 0.334401
vt 0.751456 0.351619
vt 0.412014 0.896427
vt 0.731317 0.335940
vt 0.731347 0.336264
vt 0.730437 0.336998
vt 0.730319 0.338193
vt 0.677382 0.341825
vt 0.233394 0.246262
vt 0.249244 0.243271
vt 0.235788 0.245508
vt 0.750384 0.335874
vt 0.752392 0.337210
vt 0.177954 0.272793
vt 0.164722 0.275407
vt 0.163238 0.277335
vt 0.226229 0.247718
vt 0.260513 0.241675
vt 0.742425 0.255135
vt 0.398007 0.885350
vt 0.396357 0.887722
vt 0.551661 0.370646
vt 0.548980 0.371223
vt 0.212931 0.252200
vt 0.214123 0.251219
vt 0.266808 0.241305
vt 0.761222 0.337188
vt 0.756895 0.337021
vt 0.763274 0.338950
vt 0.211737 0.251790
vt 0.218413 0.250614
vt 0.755672 0.337924
vt 0.254964 0.241969
vt 0.771475 0.339198
vt 0.769529 0.340019
vt 0.775309 0.341005
vt 0.410926 0.898287
vt 0.188989 0.258053
vt 0.645607 0.302315
vt 0.661188 0.307191
vt 0.209898 0.251837
vt 0.206246 0.252830
vt 0.730329 0.339199
vt 0.730403 0.340865
vt 0.552535 0.424642
vt 0.165704 0.273934
vt 0.166991 0.271789
vt 0.857428 0.212827
vt 0.662675 0.346469
vt 0.662778 0.350122
vt 0.712437 0.596644
vt 0.695037 0.607983
vt 0.202573 0.253656
vt 0.244210 0.243479
vt 0.731556 0.341527
vt 0.409511 0.900367
vt 0.777583 0.341021
vt 0.777204 0.364202
vt 0.767020 0.338428
vt 0.731736 0.254434
vt 0.104718 0.605929
vt 0.199549 0.254850
vt 0.197604 0.254655
vt 0.823071 0.349946
vt 0.819485 0.348944
vt 0.813030 0.362269
vt 0.815896 0.347161
vt 0.810851 0.345965
vt 0.803415 0.345436
vt 0.779891 0.341907
vt 0.730624 0.341588
vt 0.500216 0.685985
vt 0.498728 0.686274
vt 0.494946 0.688674
vt 0.545975 0.371305
vt 0.541769 0.372761
vt 0.496563 0.686887
vt 0.168439 0.269211
vt 0.702411 0.582956
vt 0.857490 0.217505
vt 0.503262 0.718517
vt 0.796347 0.344060
vt 0.793992 0.343922
vt 0.799855 0.344556
vt 0.787934 0.250234
vt 0.192115 0.256030
vt 0.817667 0.348016
vt 0.826681 0.351220
vt 0.677181 0.345167
vt 0.088103 0.619062
vt 0.406567 0.904577
vt 0.179785 0.258572
vt 0.177487 0.259331
vt 0.182369 0.258884
vt 0.829639 0.351846
vt 0.731415 0.342183
vt 0.730840 0.343090
vt 0.731255 0.345269
vt 0.487783 0.713481
vt 0.709981 0.602615
vt 0.185150 0.257014
vt 0.833148 0.353215
vt 0.831183 0.352924
vt 0.730582 0.344908
vt 0.171458 0.260627
vt 0.539583 0.373715
vt 0.186563 0.256859
vt 0.839976 0.355701
vt 0.845040 0.376512
vt 0.842399 0.358728
vt 0.731313 0.347326
vt 0.841909 0.237117
vt 0.836946 0.355560
vt 0.173690 0.259820
vt 0.175624 0.261211
vt 0.183729 0.257088
vt 0.168559 0.265758
vt 0.730818 0.345912
vt 0.405342 0.906555
vt 0.856863 0.223020
vt 0.844168 0.360195
vt 0.074531 0.611276
vt 0.403903 0.908375
vt 0.149438 0.481590
vt 0.149495 0.489452
vt 0.635882 0.571477
vt 0.845957 0.361106
vt 0.730477 0.347879
vt 0.857114 0.727799
vt 0.849105 0.710148
vt 0.837958 0.708505
vt 0.669384 0.579469
vt 0.851271 0.363493
vt 0.849421 0.362174
vt 0.854637 0.366473
vt 0.537536 0.406112
vt 0.019123 0.472222
vt 0.057592 0.481030
vt 0.023201 0.454692
vt 0.730870 0.347580
vt 0.730421 0.348180
vt 0.730859 0.348331
vt 0.372684 0.925599
vt 0.830665 0.706229
vt 0.833752 0.707864
vt 0.834448 0.706506
vt 0.490523 0.690877
vt 0.487412 0.692103
vt 0.485252 0.694548
vt 0.857028 0.229112
vt 0.681968 0.596350
vt 0.483325 0.697489
vt 0.902575 0.728410
vt 0.910881 0.739247
vt 0.910047 0.735310
vt 0.401774 0.910888
vt 0.677223 0.354642
vt 0.535846 0.374558
vt 0.530224 0.377038
vt 0.732761 0.273876
vt 0.731367 0.347325
vt 0.730490 0.350999
vt 0.730883 0.350470
vt 0.730808 0.353777
vt 0.399208 0.914629
vt 0.704892 0.613205
vt 0.707571 0.609027
vt 0.730509 0.351051
vt 0.730462 0.352374
vt 0.858644 0.369181
vt 0.857164 0.367697
vt 0.859560 0.372371
vt 0.813580 0.255475
vt 0.872897 0.717155
vt 0.878325 0.719115
vt 0.876640 0.717631
vt 0.675419 0.360791
vt 0.527203 0.377766
vt 0.856376 0.232185
vt 0.087836 0.599236
vt 0.081827 0.603831
vt 0.522281 0.206401
vt 0.551479 0.194784
vt 0.530381 0.175463
vt 0.479365 0.704412
vt 0.481661 0.699806
vt 0.908363 0.733175
vt 0.907753 0.731099
vt 0.149379 0.496158
vt 0.500644 0.356027
vt 0.505331 0.358136
vt 0.490610 0.350198
vt 0.677382 0.358553
vt 0.550712 0.475090
vt 0.731211 0.357168
vt 0.730701 0.357304
vt 0.830044 0.262938
vt 0.676410 0.360709
vt 0.663186 0.358647
vt 0.668435 0.362771
vt 0.666814 0.363052
vt 0.700712 0.618520
vt 0.698312 0.620138
vt 0.667100 0.364298
vt 0.664158 0.365604
vt 0.510421 0.392564
vt 0.671046 0.361946
vt 0.855855 0.237267
vt 0.911889 0.061977
vt 0.898577 0.065618
vt 0.875591 0.081692
vt 0.671722 0.362658
vt 0.790521 0.275890
vt 0.671635 0.362724
vt 0.667324 0.364302
vt 0.860091 0.374801
vt 0.522292 0.379674
vt 0.730959 0.357355
vt 0.730627 0.361228
vt 0.730710 0.357339
vt 0.855844 0.239324
vt 0.705442 0.220649
vt 0.702436 0.220235
vt 0.706597 0.222470
vt 0.520340 0.380712
vt 0.861877 0.379574
vt 0.565028 0.531261
vt 0.853806 0.242906
vt 0.696605 0.219703
vt 0.730711 0.364580
vt 0.694728 0.219779
vt 0.693908 0.230123
vt 0.693893 0.220323
vt 0.737436 0.381015
vt 0.394039 0.920807
vt 0.391384 0.923926
vt 0.477171 0.707686
vt 0.477592 0.709774
vt 0.862478 0.382991
vt 0.516690 0.380597
vt 0.836579 0.394950
vt 0.810517 0.381629
vt 0.734058 0.293066
vt 0.746904 0.280339
vt 0.514371 0.382537
vt 0.755099 0.376927
vt 0.854370 0.245436
vt 0.693995 0.224902
vt 0.864429 0.384864
vt 0.863083 0.385724
vt 0.065296 0.637072
vt 0.707474 0.224195
vt 0.707892 0.233811
vt 0.733077 0.275447
vt 0.512526 0.409548
vt 0.374137 0.916816
vt 0.086866 0.620453
vt 0.639677 0.595992
vt 0.864366 0.387935
vt 0.730915 0.372121
vt 0.852969 0.249778
vt 0.510099 0.383616
vt 0.873692 0.086537
vt 0.872295 0.092300
vt 0.385974 0.929943
vt 0.852559 0.254132
vt 0.685508 0.627391
vt 0.691487 0.623883
vt 0.669213 0.625507
vt 0.526669 0.460527
vt 0.474937 0.715277
vt 0.469787 0.722303
vt 0.510213 0.358011
vt 0.522344 0.363666
vt 0.530444 0.365207
vt 0.851899 0.260089
vt 0.858755 0.406868
vt 0.505952 0.385775
vt 0.484908 0.748423
vt 0.866172 0.390775
vt 0.866208 0.398119
vt 0.708349 0.243861
vt 0.072454 0.634639
vt 0.680593 0.630309
vt 0.872527 0.095442
vt 0.879066 0.099799
vt 0.731252 0.392009
vt 0.499456 0.389173
vt 0.871260 0.097620
vt 0.708158 0.240913
vt 0.871211 0.100396
vt 0.510174 0.441104
vt 0.654511 0.611017
vt 0.801561 0.288915
vt 0.764549 0.403056
vt 0.868284 0.402629
vt 0.149014 0.518600
vt 0.149303 0.500848
vt 0.148807 0.518579
vt 0.341168 0.963743
vt 0.694143 0.247703
vt 0.694021 0.240377
vt 0.848928 0.271935
vt 0.674231 0.632910
vt 0.849900 0.270340
vt 0.851003 0.268066
vt 0.796565 0.403074
vt 0.745036 0.308237
vt 0.468910 0.726730
vt 0.466221 0.731183
vt 0.050299 0.635128
vt 0.059204 0.624861
vt 0.368110 0.946690
vt 0.868463 0.407261
vt 0.064969 0.643530
vt 0.334510 0.958451
vt 0.670037 0.635190
vt 0.371152 0.944395
vt 0.708616 0.253230
vt 0.708484 0.248058
vt 0.467855 0.754911
vt 0.869340 0.104747
vt 0.869723 0.107936
vt 0.492936 0.393086
vt 0.491851 0.394814
vt 0.816315 0.409819
vt 0.371174 0.920405
vt 0.361120 0.930447
vt 0.493601 0.425835
vt 0.483961 0.411567
vt 0.464237 0.737128
vt 0.666816 0.636101
vt 0.053772 0.630956
vt 0.148994 0.527405
vt 0.149226 0.522075
vt 0.148772 0.527393
vt 0.525667 0.774230
vt 0.519010 0.778299
vt 0.523098 0.778948
vt 0.489892 0.395545
vt 0.735845 0.307673
vt 0.828471 0.294067
vt 0.983651 0.076335
vt 0.975276 0.068356
vt 0.983918 0.089485
vt 0.867792 0.111630
vt 0.868269 0.114101
vt 0.734830 0.302490
vt 0.708811 0.258612
vt 0.487638 0.395907
vt 0.148531 0.527586
vt 0.148328 0.530044
vt 0.148861 0.529341
vt 0.544045 0.365258
vt 0.544358 0.366282
vt 0.546937 0.365808
vt 0.708719 0.256174
vt 0.848404 0.280004
vt 0.849731 0.275449
vt 0.739196 0.406194
vt 0.037173 0.653650
vt 0.635713 0.636009
vt 0.870046 0.413335
vt 0.870714 0.416881
vt 0.547204 0.366269
vt 0.549281 0.366120
vt 0.693921 0.252596
vt 0.694024 0.255786
vt 0.870784 0.421488
vt 0.484938 0.399018
vt 0.735294 0.306304
vt 0.664379 0.638059
vt 0.660358 0.638974
vt 0.694040 0.259201
vt 0.858040 0.426582
vt 0.731520 0.400508
vt 0.483495 0.400540
vt 0.484254 0.399542
vt 0.481478 0.400338
vt 0.349552 0.940653
vt 0.062314 0.647097
vt 0.462947 0.740590
vt 0.460805 0.745332
vt 0.731620 0.407506
vt 0.708799 0.264294
vt 0.606889 0.604972
vt 0.708838 0.261137
vt 0.736274 0.315854
vt 0.871475 0.422093
vt 0.871919 0.424547
vt 0.847569 0.284643
vt 0.794798 0.304511
vt 0.625904 0.620518
vt 0.649587 0.643008
vt 0.047602 0.638479
vt 0.043209 0.643705
vt 0.871831 0.426539
vt 0.058429 0.651774
vt 0.460284 0.748075
vt 0.459279 0.750008
vt 0.056320 0.654941
vt 0.148674 0.538411
vt 0.147977 0.544766
vt 0.148224 0.542519
vt 0.833983 0.423697
vt 0.845906 0.292693
vt 0.735688 0.310939
vt 0.735511 0.315281
vt 0.477154 0.403557
vt 0.474543 0.405798
vt 0.847231 0.287480
vt 0.059090 0.651836
vt 0.038952 0.668148
vt 0.518905 0.790125
vt 0.520327 0.785911
vt 0.708892 0.267985
vt 0.708900 0.266121
vt 0.708802 0.270330
vt 0.707843 0.276515
vt 0.517576 0.793769
vt 0.504748 0.479011
vt 0.866693 0.125356
vt 0.865716 0.128766
vt 0.880781 0.119692
vt 0.694360 0.266465
vt 0.339509 0.948837
vt 0.029110 0.669448
vt 0.694123 0.262846
vt 0.693854 0.267565
vt 0.821558 0.304334
vt 0.361835 0.951990
vt 0.355860 0.956474
vt 0.559004 0.575675
vt 0.469817 0.434891
vt 0.847007 0.291074
vt 0.561830 0.365133
vt 0.564729 0.364614
vt 0.566651 0.361828
vt 0.708865 0.273220
vt 0.485444 0.452778
vt 0.041243 0.646623
vt 0.642959 0.645616
vt 0.645473 0.645237
vt 0.054374 0.657559
vt 0.470720 0.409826
vt 0.736383 0.318549
vt 0.872740 0.434346
vt 0.872774 0.432382
vt 0.843822 0.297145
vt 0.053086 0.660275
vt 0.866252 0.131734
vt 0.865959 0.134206
vt 0.039114 0.649593
vt 0.872708 0.436486
vt 0.736332 0.321918
vt 0.349453 0.960882
vt 0.693991 0.272900
vt 0.694256 0.276990
vt 0.458230 0.756290
vt 0.456006 0.759749
vt 0.454190 0.764610
vt 0.872719 0.441453
vt 0.849674 0.444219
vt 0.516340 0.798933
vt 0.511418 0.808822
vt 0.462528 0.422732
vt 0.847424 0.292219
vt 0.791557 0.433082
vt 0.477176 0.781053
vt 0.816656 0.305773
vt 0.050538 0.663776
vt 0.838039 0.299905
vt 0.736640 0.324123
vt 0.515716 0.802575
vt 0.515149 0.805617
vt 0.464268 0.415739
vt 0.467688 0.411442
vt 0.840969 0.298865
vt 0.836726 0.300000
vt 0.835008 0.300440
vt 0.828100 0.302912
vt 0.813890 0.306738
vt 0.810818 0.308224
vt 0.036809 0.652797
vt 0.516572 0.521255
vt 0.465891 0.412710
vt 0.825813 0.303324
vt 0.807027 0.308791
vt 0.803619 0.309742
vt 0.801068 0.310933
vt 0.796441 0.311845
vt 0.798710 0.311657
vt 0.825868 0.304023
vt 0.048866 0.666425
vt 0.709025 0.282496
vt 0.709015 0.284295
vt 0.865152 0.139814
vt 0.865314 0.144962
vt 0.895011 0.619896
vt 0.897170 0.621314
vt 0.904328 0.608946
vt 0.899526 0.622316
vt 0.920098 0.633003
vt 0.922821 0.633894
vt 0.916066 0.630509
vt 0.793732 0.312269
vt 0.763722 0.320718
vt 0.573719 0.362349
vt 0.575524 0.361907
vt 0.708974 0.292602
vt 0.892487 0.618882
vt 0.891634 0.615848
vt 0.901590 0.623932
vt 0.908454 0.627425
vt 0.910017 0.627488
vt 0.752152 0.323144
vt 0.757496 0.322134
vt 0.035549 0.654846
vt 0.035577 0.655481
vt 0.489664 0.473256
vt 0.792780 0.313824
vt 0.769193 0.319636
vt 0.746513 0.325094
vt 0.329171 0.955200
vt 0.731538 0.414806
vt 0.732028 0.426576
vt 0.709028 0.286862
vt 0.782120 0.316532
vt 0.759765 0.322357
vt 0.737542 0.331487
vt 0.742339 0.327178
vt 0.737183 0.326471
vt 0.731746 0.422042
vt 0.577987 0.361147
vt 0.634092 0.648027
vt 0.638960 0.646810
vt 0.914988 0.631048
vt 0.935280 0.636935
vt 0.937787 0.638279
vt 0.949123 0.633985
vt 0.940004 0.639369
vt 0.943654 0.639430
vt 0.776595 0.318026
vt 0.737552 0.328788
vt 0.343147 0.965296
vt 0.458133 0.797008
vt 0.462955 0.420006
vt 0.929573 0.636213
vt 0.048009 0.668382
vt 0.925862 0.634409
vt 0.759126 0.440179
vt 0.764931 0.321003
vt 0.034258 0.656792
vt 0.034286 0.657432
vt 0.889672 0.611594
vt 0.942664 0.640455
vt 0.773437 0.319330
vt 0.754211 0.323435
vt 0.874514 0.447248
vt 0.873515 0.445085
vt 0.873836 0.450669
vt 0.954168 0.642506
vt 0.959625 0.643900
vt 0.984255 0.100895
vt 0.983991 0.116648
vt 0.984369 0.112783
vt 0.031729 0.661273
vt 0.579993 0.360518
vt 0.709046 0.289505
vt 0.861710 0.458692
vt 0.814500 0.439268
vt 0.962764 0.644207
vt 0.761407 0.322623
vt 0.739165 0.440710
vt 0.047246 0.670034
vt 0.030221 0.690102
vt 0.444946 0.230137
vt 0.445105 0.228538
vt 0.443870 0.229534
vt 0.966927 0.646028
vt 0.978466 0.649435
vt 0.981729 0.649808
vt 0.976255 0.648056
vt 0.045824 0.672525
vt 0.694239 0.291883
vt 0.970548 0.646942
vt 0.974024 0.646770
vt 0.033972 0.657135
vt 0.031716 0.661002
vt 0.461860 0.421484
vt 0.992395 0.652670
vt 0.993338 0.651320
vt 0.991747 0.651302
vt 0.339371 0.967922
vt 0.832965 0.455943
vt 0.926720 0.620636
vt 0.444795 0.231747
vt 0.444944 0.230144
vt 0.443767 0.231163
vt 0.454337 0.769731
vt 0.452958 0.773711
vt 0.985196 0.650177
vt 0.991246 0.638495
vt 0.444690 0.231999
vt 0.444213 0.234770
vt 0.585885 0.358116
vt 0.583305 0.359306
vt 0.694194 0.288189
vt 0.988852 0.650907
vt 0.487896 0.798702
vt 0.470995 0.806962
vt 0.875232 0.451474
vt 0.874534 0.454718
vt 0.461322 0.424663
vt 0.043262 0.676926
vt 0.030611 0.662729
vt 0.888316 0.608333
vt 0.889694 0.610170
vt 0.888033 0.606612
vt 0.618901 0.649103
vt 0.625462 0.648165
vt 0.335638 0.969985
vt 0.593005 0.623435
vt 0.862183 0.153426
vt 0.861453 0.159994
vt 0.460059 0.424825
vt 0.459663 0.427138
vt 0.513992 0.817580
vt 0.514254 0.814625
vt 0.984731 0.114412
vt 0.984866 0.120417
vt 0.887990 0.604578
vt 0.452049 0.777731
vt 0.451326 0.783864
vt 0.463475 0.454219
vt 0.616068 0.636136
vt 0.996593 0.650793
vt 0.998107 0.650769
vt 0.998067 0.649450
vt 0.029634 0.664356
vt 0.028504 0.666390
vt 0.594263 0.351010
vt 0.589296 0.356682
vt 0.902505 0.125483
vt 0.881921 0.144324
vt 0.900608 0.159232
vt 0.042037 0.679082
vt 0.563274 0.607030
vt 0.709030 0.299023
vt 0.707795 0.300770
vt 0.709033 0.300844
vt 0.998581 0.647629
vt 0.458445 0.430889
vt 0.458271 0.434111
vt 0.998369 0.643938
vt 0.040411 0.681275
vt 0.694073 0.294239
vt 0.694113 0.298211
vt 0.874873 0.467736
vt 0.886184 0.599779
vt 0.885580 0.597845
vt 0.708909 0.302915
vt 0.875262 0.460898
vt 0.513831 0.824131
vt 0.513975 0.828428
vt 0.876259 0.166385
vt 0.948515 0.618218
vt 0.038494 0.685421
vt 0.694451 0.308985
vt 0.694157 0.302474
vt 0.449536 0.790633
vt 0.296157 0.973933
vt 0.326080 0.975039
vt 0.709044 0.306255
vt 0.694782 0.317539
vt 0.456874 0.436780
vt 0.026362 0.670294
vt 0.025152 0.672406
vt 0.984929 0.135772
vt 0.321597 0.959983
vt 0.307242 0.966918
vt 0.708987 0.311331
vt 0.612042 0.649941
vt 0.885097 0.595002
vt 0.898344 0.594383
vt 0.998842 0.640866
vt 0.456544 0.439100
vt 0.731823 0.430525
vt 0.731764 0.441180
vt 0.036378 0.688987
vt 0.023883 0.675245
vt 0.292325 0.989053
vt 0.470909 0.472991
vt 0.606829 0.650912
vt 0.456442 0.442732
vt 0.586541 0.642856
vt 0.860898 0.166924
vt 0.861900 0.170560
vt 0.884217 0.592681
vt 0.486047 0.511657
vt 0.455090 0.445589
vt 0.022917 0.677195
vt 0.882549 0.589020
vt 0.882580 0.586224
vt 0.810660 0.463191
vt 0.778082 0.461302
vt 0.021910 0.679285
vt 0.017818 0.694105
vt 0.875093 0.470322
vt 0.734769 0.466884
vt 0.999038 0.636064
vt 0.453843 0.451136
vt 0.881386 0.580707
vt 0.708925 0.317938
vt 0.708444 0.318593
vt 0.708863 0.318611
vt 0.851284 0.474315
vt 0.990449 0.624378
vt 0.033781 0.694412
vt 0.019689 0.683985
vt 0.473031 0.496219
vt 0.924661 0.592565
vt 0.875639 0.472688
vt 0.876010 0.478594
vt 0.927916 0.162069
vt 0.922348 0.144686
vt 0.511027 0.558403
vt 0.884418 0.184060
vt 0.998649 0.633397
vt 0.708245 0.326514
vt 0.861030 0.172153
vt 0.861281 0.179761
vt 0.708665 0.322706
vt 0.600350 0.651196
vt 0.595648 0.651930
vt 0.599003 0.652202
vt 0.453010 0.455216
vt 0.449056 0.801436
vt 0.449051 0.804278
vt 0.953471 0.604077
vt 0.032927 0.697295
vt 0.031498 0.700347
vt 0.731843 0.459874
vt 0.308017 0.983222
vt 0.577844 0.631577
vt 0.889544 0.564679
vt 0.999097 0.630752
vt 0.486470 0.829406
vt 0.488969 0.853402
vt 0.509876 0.837282
vt 0.865449 0.496118
vt 0.880581 0.576651
vt 0.881078 0.567245
vt 0.443299 0.254372
vt 0.443635 0.248825
vt 0.443159 0.255121
vt 0.018619 0.686149
vt 0.017634 0.688437
vt 0.451014 0.461279
vt 0.869556 0.201632
vt 0.999084 0.629162
vt 0.030488 0.702330
vt 0.254102 0.992169
vt 0.694332 0.324896
vt 0.694178 0.327747
vt 0.491588 0.536250
vt 0.591940 0.652372
vt 0.903468 0.580781
vt 0.985148 0.145855
vt 0.976187 0.144419
vt 0.297935 0.970935
vt 0.442508 0.257426
vt 0.443174 0.256379
vt 0.880360 0.570674
vt 0.534586 0.587141
vt 0.448340 0.810748
vt 0.875158 0.482047
vt 0.456218 0.482849
vt 0.754770 0.471333
vt 0.694295 0.335027
vt 0.707325 0.334655
vt 0.589010 0.652322
vt 0.449699 0.468065
vt 0.999074 0.623936
vt 0.028513 0.707837
vt 0.027318 0.710426
vt 0.016677 0.690707
vt 0.015410 0.693717
vt 0.449124 0.464817
vt 0.708269 0.338469
vt 0.708318 0.340598
vt 0.008210 0.724754
vt 0.556702 0.629673
vt 0.446728 0.819438
vt 0.447142 0.815167
vt 0.446861 0.812415
vt 0.018844 0.717906
vt 0.708142 0.344365
vt 0.708105 0.343035
vt 0.707198 0.353364
vt 0.442890 0.261605
vt 0.442917 0.260242
vt 0.442721 0.262868
vt 0.014933 0.695107
vt 0.014112 0.697372
vt 0.581501 0.651367
vt 0.879474 0.564017
vt 0.827628 0.492356
vt 0.965366 0.181612
vt 0.930520 0.183194
vt 0.014018 0.698324
vt 0.535921 0.608755
vt 0.010013 0.710234
vt 0.578800 0.651982
vt 0.993075 0.604457
vt 0.999250 0.621423
vt 0.861376 0.189418
vt 0.861424 0.197919
vt 0.879313 0.557627
vt 0.907072 0.190745
vt 0.800162 0.486555
vt 0.448321 0.474059
vt 0.274384 0.978262
vt 0.012962 0.700499
vt 0.027107 0.712066
vt 0.025933 0.715957
vt 0.447819 0.475993
vt 0.998938 0.617277
vt 0.731965 0.477238
vt 0.847346 0.498471
vt 0.448036 0.478365
vt 0.571085 0.651491
vt 0.879072 0.555248
vt 0.998920 0.613662
vt 0.024903 0.719037
vt 0.980517 0.176830
vt 0.984712 0.159953
vt 0.464315 0.513592
vt 0.011309 0.705272
vt 0.556554 0.643976
vt 0.860865 0.201759
vt 0.447447 0.480284
vt 0.878851 0.552461
vt 0.927031 0.566470
vt 0.633185 0.313999
vt 0.638297 0.303499
vt 0.638310 0.303252
vt 0.513605 0.594271
vt 0.447506 0.482976
vt 0.985100 0.160868
vt 0.984679 0.162364
vt 0.985015 0.170175
vt 0.442606 0.270590
vt 0.442612 0.266922
vt 0.441351 0.276832
vt 0.461467 0.833290
vt 0.445944 0.823481
vt 0.446832 0.828294
vt 0.861358 0.208108
vt 0.023504 0.722982
vt 0.447198 0.491086
vt 0.446858 0.500863
vt 0.999315 0.610023
vt 0.884593 0.539355
vt 0.878093 0.549097
vt 0.469679 0.539093
vt 0.446397 0.489059
vt 0.901376 0.548224
vt 0.528910 0.878295
vt 0.528445 0.875602
vt 0.540430 0.895677
vt 0.947945 0.581058
vt 0.777215 0.500285
vt 0.999222 0.607848
vt 0.261083 0.981112
vt 0.447063 0.838471
vt 0.861539 0.214060
vt 0.878256 0.543069
vt 0.735324 0.499384
vt 0.022931 0.725363
vt 0.731909 0.489992
vt 0.009648 0.710812
vt 0.009062 0.712790
vt 0.877205 0.540986
vt 0.008320 0.714883
vt 0.858407 0.517459
vt 0.999254 0.603594
vt 0.446826 0.511654
vt 0.021770 0.729937
vt 0.491325 0.566829
vt 0.446733 0.495380
vt 0.877288 0.536717
vt 0.984856 0.174940
vt 0.878115 0.536821
vt 0.012493 0.746258
vt 0.445915 0.495331
vt 0.880187 0.228826
vt 0.896502 0.211015
vt 0.280135 0.992488
vt 0.269658 0.979122
vt 0.007957 0.716422
vt 0.006842 0.720319
vt 0.756168 0.501883
vt 0.445795 0.840956
vt 0.876769 0.531227
vt 0.920364 0.547520
vt 0.999393 0.598573
vt 0.020455 0.735323
vt 0.003843 0.749293
vt 0.446124 0.505139
vt 0.884036 0.518056
vt 0.525152 0.627020
vt 0.864910 0.228801
vt 0.475113 0.557914
vt 0.455232 0.528755
vt 0.877356 0.526994
vt 0.992138 0.579832
vt 0.862477 0.217835
vt 0.005925 0.724220
vt 0.814704 0.512819
vt 0.019509 0.739947
vt 0.872556 0.523267
vt 0.872506 0.518188
vt 0.862332 0.535257
vt 0.876764 0.520449
vt 0.999386 0.594221
vt 0.838389 0.523509
vt 0.446568 0.846082
vt 0.446575 0.848529
vt 0.448550 0.848185
vt 0.731924 0.499829
vt 0.005169 0.727232
vt 0.985087 0.183768
vt 0.984699 0.186664
vt 0.004820 0.729643
vt 0.872216 0.525676
vt 0.872265 0.527843
vt 0.446106 0.513373
vt 0.446853 0.519155
vt 0.999433 0.589045
vt 0.865026 0.232568
vt 0.866082 0.234288
vt 0.018524 0.745428
vt 0.488938 0.586586
vt 0.539164 0.647338
vt 0.876104 0.247381
vt 0.985008 0.193351
vt 0.447476 0.522407
vt 0.877377 0.512957
vt 0.877579 0.518772
vt 0.866396 0.236236
vt 0.896935 0.512234
vt 0.447584 0.851628
vt 0.447306 0.853524
vt 0.448129 0.856971
vt 0.496222 0.604882
vt 0.545294 0.648883
vt 0.541024 0.648725
vt 0.017034 0.756136
vt 0.257929 0.981233
vt 0.230315 0.988022
vt 0.866793 0.238058
vt 0.449039 0.860295
vt 0.999074 0.583896
vt 0.472759 0.872799
vt 0.878235 0.510282
vt 0.004124 0.732054
vt 0.003338 0.736125
vt 0.788701 0.528255
vt 0.458278 0.553437
vt 0.866121 0.239587
vt 0.731859 0.516974
vt 0.447404 0.525184
vt 0.877525 0.507862
vt 0.879055 0.506654
vt 0.992403 0.557372
vt 0.878050 0.504119
vt 0.872033 0.534015
vt 0.872165 0.537275
vt 0.018045 0.750765
vt 0.446520 0.530113
vt 0.531830 0.644902
vt 0.245657 0.983282
vt 0.003029 0.738567
vt 0.866438 0.246484
vt 0.867198 0.247012
vt 0.975631 0.203960
vt 0.984925 0.198715
vt 0.447111 0.531470
vt 0.879226 0.504607
vt 0.879311 0.500898
vt 0.527752 0.643395
vt 0.944985 0.537866
vt 0.750893 0.526860
vt 0.253540 0.997664
vt 0.913525 0.522987
vt 0.999483 0.578302
vt 0.002387 0.741661
vt 0.270558 0.994736
vt 0.891899 0.494139
vt 0.449424 0.864726
vt 0.465050 0.891530
vt 0.446007 0.533235
vt 0.002171 0.743800
vt 0.470987 0.582482
vt 0.446757 0.535459
vt 0.451720 0.870019
vt 0.984796 0.206786
vt 0.243365 0.983249
vt 0.499308 0.618738
vt 0.447816 0.540494
vt 0.880311 0.498987
vt 0.868309 0.254994
vt 0.984900 0.201543
vt 0.449593 0.543550
vt 0.880022 0.496726
vt 0.999350 0.574057
vt 0.841789 0.549870
vt 0.447805 0.542348
vt 0.867957 0.258210
vt 0.869555 0.261362
vt 0.821926 0.536841
vt 0.449876 0.550333
vt 0.511436 0.635797
vt 0.519368 0.639496
vt 0.880170 0.491651
vt 0.452086 0.871375
vt 0.451642 0.871888
vt 0.453805 0.877638
vt 0.871659 0.545292
vt 0.856015 0.557309
vt 0.880675 0.489811
vt 0.926536 0.212046
vt 0.969272 0.231525
vt 0.879219 0.488500
vt 0.880559 0.486674
vt 0.899515 0.262737
vt 0.999268 0.569497
vt 0.012145 0.782878
vt 0.514641 0.638105
vt 0.236549 0.983808
vt 0.984544 0.221982
vt 0.984620 0.215837
vt 0.016280 0.760523
vt 0.448771 0.545442
vt 0.880965 0.481748
vt 0.885862 0.268805
vt 0.451328 0.555419
vt 0.881276 0.476628
vt 0.869538 0.263514
vt 0.869635 0.265182
vt 0.001252 0.750470
vt 0.000897 0.754165
vt 0.870880 0.266418
vt 0.016164 0.772316
vt 0.016629 0.765007
vt 0.454837 0.883648
vt 0.502088 0.633851
vt 0.869616 0.266811
vt 0.871177 0.269426
vt 0.928227 0.239418
vt 0.452173 0.558926
vt 0.453960 0.566682
vt 0.508938 0.635971
vt 0.872384 0.270890
vt 0.015599 0.776403
vt 0.735207 0.536388
vt 0.456056 0.570511
vt 0.999387 0.562520
vt 0.731882 0.528883
vt 0.914738 0.489665
vt 0.898205 0.231839
vt 0.923273 0.257267
vt 0.870024 0.558490
vt 0.868674 0.564008
vt 0.933480 0.513444
vt 0.999241 0.559474
vt 0.870673 0.560188
vt 0.469415 0.600762
vt 0.495043 0.630162
vt 0.985502 0.533373
vt 0.457831 0.574856
vt 0.883223 0.465282
vt 0.881755 0.473077
vt 0.000475 0.759746
vt 0.456819 0.573056
vt 0.882921 0.461357
vt 0.895666 0.450236
vt 0.016234 0.776036
vt 0.454968 0.886598
vt 0.456317 0.891285
vt 0.873732 0.276158
vt 0.459843 0.581968
vt 0.883399 0.458790
vt 0.196509 0.994813
vt 0.241664 0.999058
vt 0.457894 0.576169
vt 0.999281 0.555587
vt 0.999618 0.558464
vt 0.491352 0.627440
vt 0.498763 0.632614
vt 0.889819 0.287696
vt 0.901366 0.466811
vt 0.883509 0.456466
vt 0.885082 0.449789
vt 0.973246 0.261447
vt 0.984920 0.232643
vt 0.985143 0.221555
vt 0.233625 0.999728
vt 0.874921 0.279419
vt 0.875335 0.283081
vt 0.999229 0.553366
vt 0.016162 0.780927
vt 0.016278 0.779626
vt 0.462734 0.588026
vt 0.016372 0.787483
vt 0.003769 0.802543
vt 0.002402 0.775269
vt 0.467143 0.596767
vt 0.823137 0.563894
vt 0.000224 0.767288
vt 0.464905 0.591099
vt 0.476665 0.617164
vt 0.016176 0.782961
vt 0.231920 0.999500
vt 0.492676 0.629761
vt 0.876866 0.285387
vt 0.984735 0.253017
vt 0.217535 0.984391
vt 0.732043 0.536804
vt 0.463992 0.591954
vt 0.885627 0.440456
vt 0.885805 0.443628
vt 0.887075 0.439673
vt 0.877694 0.288108
vt 0.875626 0.286687
vt 0.000182 0.769049
vt 0.488360 0.626984
vt 0.489896 0.628239
vt 0.485261 0.625548
vt 0.999313 0.548226
vt 0.849680 0.580427
vt 0.866070 0.576393
vt 0.470658 0.606477
vt 0.472334 0.608133
vt 0.879017 0.292645
vt 0.999408 0.528731
vt 0.887251 0.434731
vt 0.899728 0.426531
vt 0.887954 0.430677
vt 0.468231 0.602211
vt 0.890184 0.429306
vt 0.474305 0.612899
vt 0.760762 0.550551
vt 0.794625 0.549881
vt 0.999616 0.544517
vt 0.211626 0.983963
vt 0.731818 0.538656
vt 0.732051 0.541284
vt 0.229045 0.999951
vt 0.891179 0.424966
vt 0.458782 0.897617
vt 0.457678 0.900147
vt 0.458620 0.901959
vt 0.483483 0.625574
vt 0.880666 0.294378
vt 0.731652 0.547286
vt 0.892993 0.421832
vt 0.890919 0.423225
vt 0.471473 0.609609
vt 0.016317 0.791279
vt 0.479433 0.621055
vt 0.222767 0.999719
vt 0.893139 0.418424
vt 0.479195 0.622117
vt 0.881260 0.298567
vt 0.882777 0.298264
vt 0.895734 0.410447
vt 0.894815 0.414284
vt 0.903009 0.405075
vt 0.885070 0.298413
vt 0.941075 0.486145
vt 0.999719 0.522650
vt 0.908552 0.402707
vt 0.896687 0.409199
vt 0.999671 0.538612
vt 0.898712 0.407353
vt 0.901011 0.405421
vt 0.016774 0.797214
vt 0.886604 0.299870
vt 0.926119 0.463845
vt 0.934567 0.277942
vt 0.829703 0.580736
vt 0.168044 0.985484
vt 0.890345 0.300347
vt 0.462380 0.908211
vt 0.462931 0.911618
vt 0.906539 0.402786
vt 0.982326 0.499509
vt 0.999457 0.534229
vt 0.921795 0.435221
vt 0.914760 0.295982
vt 0.734688 0.562516
vt 0.731555 0.558965
vt 0.000173 0.787302
vt 0.892247 0.301943
vt 0.899024 0.304856
vt 0.205510 0.983673
vt 0.201636 0.983473
vt 0.187282 0.984757
vt 0.018792 0.813053
vt 0.202116 0.983113
vt 0.017478 0.801534
vt 0.018175 0.806730
vt 0.210602 0.999430
vt 0.920925 0.412575
vt 0.999547 0.525386
vt 0.020516 0.821972
vt 0.000547 0.793461
vt 0.011511 0.818267
vt 0.914808 0.400969
vt 0.905367 0.307790
vt 0.999094 0.510072
vt 0.731746 0.563453
vt 0.018530 0.809838
vt 0.921426 0.398864
vt 0.756093 0.579019
vt 0.205908 0.999355
vt 0.192001 0.997815
vt 0.000875 0.797843
vt 0.860434 0.598609
vt 0.848888 0.611363
vt 0.860656 0.599874
vt 0.939814 0.441569
vt 0.020541 0.840680
vt 0.982644 0.468932
vt 0.019259 0.815665
vt 0.202638 0.998981
vt 0.911801 0.308583
vt 0.731562 0.565095
vt 0.860008 0.602734
vt 0.999728 0.520026
vt 0.999700 0.513917
vt 0.731849 0.566819
vt 0.974281 0.303595
vt 0.927453 0.396611
vt 0.927831 0.395354
vt 0.914651 0.309806
vt 0.911625 0.309642
vt 0.001417 0.803064
vt 0.936253 0.393492
vt 0.930487 0.394865
vt 0.920439 0.311971
vt 0.989682 0.444613
vt 0.002180 0.808254
vt 0.921743 0.311686
vt 0.970023 0.287834
vt 0.195731 0.998328
vt 0.947192 0.405037
vt 0.999193 0.505453
vt 0.999680 0.507119
vt 0.999811 0.511032
vt 0.021246 0.825053
vt 0.022005 0.828274
vt 0.924353 0.312634
vt 0.188105 0.981488
vt 0.173650 0.978369
vt 0.922629 0.313009
vt 0.731562 0.573151
vt 0.731443 0.579669
vt 0.938054 0.392888
vt 0.940165 0.391883
vt 0.943621 0.391661
vt 0.927835 0.314372
vt 0.999963 0.504986
vt 0.002839 0.812109
vt 0.984605 0.267175
vt 0.157476 0.973948
vt 0.983180 0.289598
vt 0.999429 0.503349
vt 0.999144 0.497524
vt 0.022752 0.830553
vt 0.947186 0.390518
vt 0.931406 0.315252
vt 0.023681 0.832999
vt 0.936532 0.316517
vt 0.983845 0.280728
vt 0.984160 0.274180
vt 0.003654 0.816613
vt 0.950593 0.389841
vt 0.934829 0.316496
vt 0.024987 0.837463
vt 0.440071 0.377171
vt 0.440065 0.372599
vt 0.438635 0.368327
vt 0.010592 0.835333
vt 0.167808 0.976343
vt 0.159760 0.973941
vt 0.188586 0.997404
vt 0.185020 0.996834
vt 0.952302 0.388898
vt 0.182387 0.996440
vt 0.985516 0.410705
vt 0.941822 0.318659
vt 0.026339 0.843308
vt 0.028276 0.848202
vt 0.957564 0.388103
vt 0.999216 0.486355
vt 0.160012 0.973538
vt 0.153009 0.970967
vt 0.999127 0.489957
vt 0.999562 0.491522
vt 0.318720 0.505722
vt 0.330698 0.502817
vt 0.316601 0.501767
vt 0.947623 0.320516
vt 0.172811 0.994771
vt 0.005577 0.826522
vt 0.004946 0.823349
vt 0.963345 0.386764
vt 0.995074 0.467876
vt 0.950671 0.320710
vt 0.999382 0.479940
vt 0.955646 0.322655
vt 0.025907 0.875032
vt 0.983011 0.294100
vt 0.027243 0.844709
vt 0.965869 0.385394
vt 0.971610 0.384650
vt 0.968352 0.384482
vt 0.999549 0.475954
vt 0.731378 0.594211
vt 0.731109 0.602138
vt 0.735009 0.590215
vt 0.439944 0.387223
vt 0.438366 0.392559
vt 0.439954 0.391465
vt 0.974491 0.383999
vt 0.983079 0.297494
vt 0.143409 0.967015
vt 0.006549 0.830709
vt 0.983044 0.304519
vt 0.163998 0.992566
vt 0.031955 0.858667
vt 0.030507 0.854273
vt 0.987478 0.390938
vt 0.007549 0.834880
vt 0.978875 0.383214
vt 0.979438 0.381920
vt 0.958952 0.323792
vt 0.964830 0.324663
vt 0.982049 0.315695
vt 0.999507 0.471057
vt 0.982838 0.308069
vt 0.999219 0.468349
vt 0.034864 0.864408
vt 0.033241 0.860076
vt 0.032860 0.860455
vt 0.040130 0.884621
vt 0.141725 0.985486
vt 0.008271 0.837490
vt 0.982928 0.381326
vt 0.135422 0.963193
vt 0.009328 0.841023
vt 0.967254 0.325814
vt 0.982642 0.315032
vt 0.982738 0.310658
vt 0.999388 0.463851
vt 0.129155 0.968011
vt 0.158434 0.991034
vt 0.985597 0.380740
vt 0.969721 0.326730
vt 0.132185 0.961511
vt 0.130382 0.960885
vt 0.439940 0.398538
vt 0.440012 0.402351
vt 0.037304 0.869315
vt 0.999256 0.461373
vt 0.128337 0.959616
vt 0.123047 0.956576
vt 0.011135 0.847416
vt 0.975158 0.328442
vt 0.038566 0.871604
vt 0.016334 0.861799
vt 0.041500 0.877288
vt 0.047556 0.887284
vt 0.990804 0.379101
vt 0.977686 0.329365
vt 0.982078 0.322831
vt 0.982418 0.320707
vt 0.998963 0.445701
vt 0.999334 0.455203
vt 0.120597 0.973169
vt 0.730954 0.611193
vt 0.746122 0.614027
vt 0.121833 0.955672
vt 0.993461 0.378609
vt 0.980504 0.330071
vt 0.116940 0.952963
vt 0.999291 0.426858
vt 0.982007 0.326804
vt 0.995682 0.377903
vt 0.114467 0.951157
vt 0.106248 0.950065
vt 0.045930 0.884409
vt 0.012489 0.851471
vt 0.981740 0.330218
vt 0.109715 0.948015
vt 0.996696 0.381194
vt 0.997200 0.377295
vt 0.999161 0.439389
vt 0.999324 0.444077
vt 0.998182 0.386172
vt 0.998966 0.436103
vt 0.997353 0.379645
vt 0.997774 0.379239
vt 0.104875 0.944531
vt 0.015171 0.858980
vt 0.099583 0.940987
vt 0.999172 0.405453
vt 0.998195 0.389419
vt 0.998868 0.430278
vt 0.056604 0.899668
vt 0.052661 0.894700
vt 0.050528 0.891606
vt 0.098498 0.953656
vt 0.092291 0.936080
vt 0.998752 0.393576
vt 0.998788 0.414327
vt 0.998989 0.420936
vt 0.998519 0.400347
vt 0.058282 0.902732
vt 0.067570 0.913702
vt 0.440122 0.427932
vt 0.440030 0.424135
vt 0.438044 0.428367
vt 0.080027 0.925474
vt 0.079562 0.925637
vt 0.086069 0.931217
vt 0.062943 0.907923
vt 0.017809 0.865424
vt 0.018677 0.867535
vt 0.075122 0.921590
vt 0.440114 0.430193
vt 0.019626 0.869843
vt 0.067896 0.923648
vt 0.131289 0.981246
vt 0.021639 0.873847
vt 0.022914 0.876567
vt 0.118652 0.975120
vt 0.024903 0.880766
vt 0.027045 0.884969
vt 0.108102 0.969289
vt 0.050004 0.914798
vt 0.111340 0.971326
vt 0.028888 0.888261
vt 0.033214 0.895191
vt 0.440217 0.452643
vt 0.440265 0.449094
vt 0.439031 0.446704
vt 0.030021 0.890124
vt 0.103770 0.966595
vt 0.106198 0.968266
vt 0.440947 0.463620
vt 0.440660 0.460642
vt 0.440578 0.464016
vt 0.035082 0.898146
vt 0.036503 0.900421
vt 0.099340 0.963592
vt 0.085838 0.953903
vt 0.444189 0.546201
vt 0.444429 0.543151
vt 0.444115 0.541385
vt 0.443204 0.546097
vt 0.039347 0.904590
vt 0.097990 0.963051
vt 0.094605 0.960647
vt 0.041955 0.908401
vt 0.045517 0.913397
vt 0.043584 0.910843
vt 0.089206 0.956651
vt 0.091295 0.958197
vt 0.075266 0.945405
vt 0.082358 0.951288
vt 0.066626 0.937461
vt 0.052843 0.922558
vt 0.058135 0.928705
vt 0.443214 0.526370
vt 0.432241 0.522960
vt 0.443625 0.533280
vt 0.442812 0.518985
vt 0.442210 0.509323
vt 0.354872 0.617209
vt 0.795007 0.944201
vt 0.794601 0.937228
vt 0.793712 0.922180
vt 0.813406 0.952931
vt 0.810596 0.923333
vt 0.812931 0.993705
vt 0.800575 0.994400
vt 0.803903 0.997632
vt 0.733929 0.039956
vt 0.734333 0.044823
vt 0.735967 0.041390
vt 0.412225 0.690098
vt 0.804483 0.998481
vt 0.738652 0.041698
vt 0.734480 0.045514
vt 0.732789 0.049593
vt 0.738603 0.041420
vt 0.740310 0.042041
vt 0.733456 0.045338
vt 0.303643 0.586638
vt 0.813167 0.898486
vt 0.818578 0.993170
vt 0.818635 0.991853
vt 0.831926 0.987675
vt 0.750917 0.045015
vt 0.295656 0.583056
vt 0.824107 0.991443
vt 0.751133 0.043777
vt 0.756461 0.046299
vt 0.803446 0.876467
vt 0.731629 0.064005
vt 0.869122 0.916118
vt 0.834801 0.988144
vt 0.832958 0.987332
vt 0.768241 0.049624
vt 0.838684 0.985969
vt 0.835455 0.988254
vt 0.792315 0.864879
vt 0.795969 0.846094
vt 0.852135 0.893735
vt 0.840600 0.986573
vt 0.771150 0.048754
vt 0.837330 0.871549
vt 0.792136 0.852088
vt 0.844545 0.985092
vt 0.776892 0.051116
vt 0.731536 0.072728
vt 0.869841 0.954662
vt 0.731355 0.075222
vt 0.730980 0.083885
vt 0.778868 0.052253
vt 0.847367 0.985025
vt 0.850281 0.984420
vt 0.778697 0.053271
vt 0.783163 0.054481
vt 0.781430 0.052748
vt 0.163367 0.512049
vt 0.787017 0.054118
vt 0.791760 0.850063
vt 0.856786 0.982914
vt 0.806263 0.851927
vt 0.861950 0.980524
vt 0.159334 0.494330
vt 0.790583 0.054399
vt 0.864765 0.979928
vt 0.730269 0.090059
vt 0.866207 0.978780
vt 0.794694 0.057001
vt 0.868946 0.978584
vt 0.798484 0.056936
vt 0.795895 0.056549
vt 0.801125 0.058361
vt 0.155330 0.470859
vt 0.872801 0.978500
vt 0.874275 0.977737
vt 0.730464 0.099279
vt 0.791719 0.835476
vt 0.877811 0.975764
vt 0.876505 0.976873
vt 0.687835 0.662872
vt 0.808580 0.061293
vt 0.804582 0.827638
vt 0.881083 0.975878
vt 0.813481 0.063554
vt 0.867421 0.864813
vt 0.810163 0.061310
vt 0.791670 0.827045
vt 0.153134 0.446464
vt 0.815410 0.063064
vt 0.816346 0.064225
vt 0.884357 0.974500
vt 0.818929 0.065661
vt 0.894056 0.971691
vt 0.729923 0.109076
vt 0.858945 0.836777
vt 0.825883 0.068611
vt 0.657623 0.657101
vt 0.770837 0.729765
vt 0.007027 0.302463
vt 0.151574 0.432706
vt 0.897579 0.970768
vt 0.152536 0.422179
vt 0.005179 0.316142
vt 0.004818 0.318318
vt 0.006644 0.309797
vt 0.005417 0.311363
vt 0.910076 0.964881
vt 0.910788 0.963671
vt 0.149836 0.359187
vt 0.638882 0.654617
vt 0.916958 0.953914
vt 0.916314 0.957755
vt 0.004923 0.320804
vt 0.918990 0.942253
vt 0.914585 0.963322
vt 0.920508 0.932195
vt 0.854475 0.808855
vt 0.687340 0.392937
vt 0.812762 0.803053
vt 0.705059 0.417087
vt 0.685538 0.390653
vt 0.682447 0.387358
vt 0.627499 0.653631
vt 0.699560 0.409056
vt 0.678583 0.385344
vt 0.881039 0.823862
vt 0.621380 0.653209
vt 0.151943 0.393936
vt 0.782669 0.762744
vt 0.924114 0.898463
vt 0.792653 0.787171
vt 0.613575 0.653180
vt 0.719785 0.450478
vt 0.149715 0.376426
vt 0.152182 0.383761
vt 0.925904 0.881749
vt 0.810558 0.781718
vt 0.002593 0.340329
vt 0.152399 0.378601
vt 0.720470 0.456065
vt 0.785481 0.776632
vt 0.786545 0.773464
vt 0.656393 0.376817
vt 0.152137 0.374068
vt 0.724161 0.473388
vt 0.591141 0.655582
vt 0.597697 0.654693
vt 0.855292 0.110735
vt 0.701657 0.742205
vt 0.787032 0.780948
vt 0.001637 0.357590
vt 0.901158 0.808451
vt 0.117416 0.411925
vt 0.787524 0.783952
vt 0.793227 0.769734
vt 0.604808 0.688315
vt 0.728498 0.495189
vt 0.001283 0.360954
vt 0.001581 0.363856
vt 0.926119 0.846292
vt 0.882100 0.792878
vt 0.788890 0.797872
vt 0.001374 0.371239
vt 0.000878 0.368033
vt 0.793647 0.763206
vt 0.814422 0.762064
vt 0.729335 0.508537
vt 0.569858 0.659966
vt 0.581468 0.681170
vt 0.001344 0.374976
vt 0.672244 0.728060
vt 0.789947 0.801731
vt 0.729879 0.511533
vt 0.790325 0.805459
vt 0.793976 0.757438
vt 0.565580 0.671504
vt 0.800664 0.745717
vt 0.926895 0.830292
vt 0.646487 0.717425
vt 0.658834 0.721623
vt 0.000686 0.380382
vt 0.568665 0.659813
vt 0.696496 0.746234
vt 0.153926 0.339282
vt 0.729465 0.521654
vt 0.036120 0.421571
vt 0.422075 0.834262
vt 0.725810 0.784910
vt 0.709390 0.760752
vt 0.421386 0.836339
vt 0.816193 0.740004
vt 0.445848 0.259761
vt 0.450885 0.233484
vt 0.795165 0.743649
vt 0.794756 0.746061
vt 0.445926 0.272933
vt 0.645680 0.219999
vt 0.602941 0.710636
vt 0.446313 0.277851
vt 0.001359 0.392724
vt 0.791043 0.824174
vt 0.791535 0.822618
vt 0.466276 0.213486
vt 0.420309 0.839061
vt 0.856050 0.753372
vt 0.458543 0.215864
vt 0.660818 0.240031
vt 0.455181 0.303883
vt 0.457638 0.247973
vt 0.719614 0.777147
vt 0.448232 0.290820
vt 0.460513 0.212604
vt 0.661395 0.281816
vt 0.661759 0.292297
vt 0.544982 0.665981
vt 0.645916 0.237648
vt 0.719580 0.777644
vt 0.722615 0.784364
vt 0.794951 0.738454
vt 0.925559 0.804373
vt 0.458361 0.288130
vt 0.645901 0.240924
vt 0.645667 0.241609
vt 0.732969 0.808857
vt 0.795250 0.736198
vt 0.924451 0.799304
vt 0.796600 0.727201
vt 0.795900 0.733641
vt 0.453492 0.306445
vt 0.723385 0.786415
vt 0.051480 0.439149
vt 0.467839 0.202413
vt 0.612991 0.714290
vt 0.541886 0.667601
vt 0.001084 0.404547
vt 0.014498 0.422255
vt 0.661470 0.301124
vt 0.724854 0.790779
vt 0.606587 0.715344
vt 0.660876 0.253432
vt 0.479659 0.258304
vt 0.725985 0.794300
vt 0.000679 0.410321
vt 0.000050 0.408686
vt 0.462779 0.322713
vt 0.477082 0.192664
vt 0.472153 0.316940
vt 0.489994 0.186668
vt 0.661883 0.303249
vt 0.789741 0.840813
vt 0.001931 0.416227
vt 0.479259 0.190770
vt 0.493620 0.223277
vt 0.727737 0.802886
vt 0.149692 0.457425
vt 0.482435 0.188055
vt 0.158655 0.305298
vt 0.922156 0.783531
vt 0.923533 0.786353
vt 0.790308 0.846725
vt 0.921349 0.779918
vt 0.487910 0.293834
vt 0.723545 0.563073
vt 0.032224 0.442248
vt 0.497891 0.189505
vt 0.485671 0.185674
vt 0.003319 0.437218
vt 0.728853 0.808639
vt 0.645691 0.269456
vt 0.487093 0.184573
vt 0.787255 0.861560
vt 0.159754 0.299455
vt 0.660996 0.275785
vt 0.789575 0.852876
vt 0.920439 0.773592
vt 0.878632 0.741473
vt 0.101217 0.465034
vt 0.473006 0.335764
vt 0.002148 0.422356
vt 0.921493 0.776029
vt 0.811433 0.715349
vt 0.645680 0.273659
vt 0.729030 0.810433
vt 0.720949 0.571236
vt 0.408982 0.866768
vt 0.489746 0.182879
vt 0.660979 0.277581
vt 0.729225 0.815291
vt 0.735054 0.832398
vt 0.494341 0.179882
vt 0.645689 0.278440
vt 0.788299 0.857921
vt 0.001934 0.428538
vt 0.660863 0.282438
vt 0.762150 0.845785
vt 0.720482 0.573668
vt 0.134995 0.477637
vt 0.859594 0.190205
vt 0.920919 0.770609
vt 0.661036 0.284967
vt 0.729545 0.817854
vt 0.919050 0.765479
vt 0.497220 0.178298
vt 0.921349 0.768113
vt 0.645564 0.281302
vt 0.729701 0.820486
vt 0.149842 0.459534
vt 0.057419 0.462013
vt 0.661176 0.287653
vt 0.798523 0.709272
vt 0.511049 0.174784
vt 0.503146 0.175367
vt 0.500502 0.176729
vt 0.645407 0.284780
vt 0.772859 0.872585
vt 0.729713 0.826745
vt 0.002711 0.434144
vt 0.001544 0.431156
vt 0.797720 0.711221
vt 0.799065 0.706769
vt 0.002465 0.436160
vt 0.508464 0.680500
vt 0.645500 0.287817
vt 0.496994 0.342760
vt 0.505846 0.325444
vt 0.729376 0.830932
vt 0.787096 0.867075
vt 0.787663 0.864718
vt 0.479540 0.341678
vt 0.487485 0.347775
vt 0.645532 0.290868
vt 0.163571 0.280218
vt 0.163019 0.281702
vt 0.566111 0.730651
vt 0.645473 0.292506
vt 0.400659 0.881708
vt 0.507732 0.173256
vt 0.506156 0.173980
vt 0.149457 0.471800
vt 0.511341 0.171914
vt 0.003717 0.452189
vt 0.002585 0.440031
vt 0.505037 0.683171
vt 0.661223 0.298077
vt 0.484488 0.345819
vt 0.645514 0.296627
vt 0.752742 0.869835
vt 0.785985 0.870643
vt 0.784273 0.876972
vt 0.002814 0.446316
vt 0.502169 0.685841
vt 0.728679 0.837301
vt 0.661257 0.304367
vt 0.728184 0.839876
vt 0.799740 0.701334
vt 0.799422 0.703649
vt 0.517887 0.169804
vt 0.727356 0.853908
vt 0.825004 0.349482
vt 0.646514 0.307267
vt 0.783095 0.882884
vt 0.913317 0.745515
vt 0.645639 0.304242
vt 0.727192 0.845074
vt 0.392734 0.892916
vt 0.518944 0.253405
vt 0.166666 0.270159
vt 0.806671 0.699453
vt 0.912148 0.744580
vt 0.810296 0.701395
vt 0.813407 0.702252
vt 0.803773 0.697663
vt 0.520889 0.169085
vt 0.645620 0.306603
vt 0.912272 0.742681
vt 0.539592 0.742821
vt 0.493964 0.687794
vt 0.912962 0.744454
vt 0.525925 0.168127
vt 0.522913 0.168612
vt 0.553980 0.739580
vt 0.562585 0.732873
vt 0.709085 0.605428
vt 0.800631 0.697320
vt 0.818574 0.703258
vt 0.804514 0.698597
vt 0.645664 0.308738
vt 0.092686 0.492625
vt 0.886557 0.722719
vt 0.753969 0.896964
vt 0.170063 0.262124
vt 0.645644 0.311770
vt 0.645674 0.326290
vt 0.767799 0.903149
vt 0.781060 0.888599
vt 0.782139 0.886587
vt 0.550036 0.169263
vt 0.004572 0.458311
vt 0.853054 0.363181
vt 0.862930 0.714178
vt 0.825012 0.704925
vt 0.813713 0.701220
vt 0.803261 0.696647
vt 0.660847 0.321123
vt 0.003631 0.456330
vt 0.390410 0.895791
vt 0.094855 0.593959
vt 0.724710 0.853132
vt 0.895614 0.725985
vt 0.824041 0.703794
vt 0.837942 0.707290
vt 0.946060 0.051001
vt 0.949478 0.050013
vt 0.950044 0.048306
vt 0.977403 0.042771
vt 0.978554 0.044231
vt 0.979488 0.041521
vt 0.660707 0.319452
vt 0.661245 0.312150
vt 0.964973 0.045074
vt 0.971048 0.055304
vt 0.967292 0.044869
vt 0.970069 0.043876
vt 0.645516 0.313844
vt 0.853421 0.711682
vt 0.840396 0.707969
vt 0.958663 0.046777
vt 0.953134 0.048365
vt 0.959684 0.047408
vt 0.388423 0.898294
vt 0.943585 0.051608
vt 0.945948 0.049800
vt 0.386453 0.901034
vt 0.005017 0.463941
vt 0.887937 0.722662
vt 0.976614 0.041776
vt 0.780299 0.891578
vt 0.897523 0.726879
vt 0.972195 0.043637
vt 0.974273 0.042872
vt 0.004389 0.460804
vt 0.538449 0.166773
vt 0.528283 0.167837
vt 0.864800 0.713392
vt 0.931187 0.061526
vt 0.932851 0.054308
vt 0.929557 0.055367
vt 0.645585 0.323481
vt 0.881310 0.719491
vt 0.889887 0.722817
vt 0.885762 0.721363
vt 0.982083 0.046168
vt 0.982266 0.043384
vt 0.981795 0.042297
vt 0.532163 0.291800
vt 0.933835 0.054673
vt 0.779531 0.894742
vt 0.895413 0.067278
vt 0.896641 0.065751
vt 0.921590 0.057622
vt 0.980205 0.042945
vt 0.903743 0.064268
vt 0.908301 0.062913
vt 0.906592 0.062566
vt 0.919869 0.059541
vt 0.722492 0.859234
vt 0.889805 0.068667
vt 0.887955 0.069384
vt 0.701943 0.618722
vt 0.704529 0.615418
vt 0.384351 0.904597
vt 0.883149 0.072347
vt 0.129177 0.500866
vt 0.777884 0.898156
vt 0.878165 0.074810
vt 0.004968 0.467315
vt 0.660762 0.328750
vt 0.660785 0.326231
vt 0.716154 0.884815
vt 0.776702 0.900646
vt 0.006981 0.471826
vt 0.875986 0.079528
vt 0.720559 0.863814
vt 0.876677 0.077071
vt 0.510580 0.742107
vt 0.031209 0.499284
vt 0.005020 0.469778
vt 0.007303 0.475428
vt 0.541541 0.166584
vt 0.380789 0.909138
vt 0.511367 0.360541
vt 0.727294 0.907166
vt 0.777603 0.902705
vt 0.077745 0.607208
vt 0.573268 0.177164
vt 0.551141 0.219719
vt 0.540046 0.753085
vt 0.982857 0.053161
vt 0.982773 0.048851
vt 0.544412 0.166759
vt 0.716301 0.872710
vt 0.645758 0.335679
vt 0.551206 0.253289
vt 0.775992 0.906351
vt 0.694758 0.622156
vt 0.696187 0.621701
vt 0.660583 0.339927
vt 0.660731 0.331215
vt 0.645477 0.328820
vt 0.542803 0.750303
vt 0.874725 0.083166
vt 0.007741 0.478480
vt 0.902461 0.091102
vt 0.057651 0.501605
vt 0.549248 0.166690
vt 0.645645 0.333289
vt 0.108938 0.513257
vt 0.145826 0.517590
vt 0.865489 0.387831
vt 0.774701 0.909438
vt 0.536621 0.330753
vt 0.010063 0.481748
vt 0.012311 0.490616
vt 0.475392 0.713056
vt 0.010179 0.484084
vt 0.552169 0.166797
vt 0.982958 0.061182
vt 0.773328 0.915543
vt 0.009131 0.483740
vt 0.645802 0.343408
vt 0.756016 0.929587
vt 0.076402 0.528390
vt 0.660175 0.353225
vt 0.010110 0.489248
vt 0.529771 0.767288
vt 0.682729 0.629973
vt 0.712589 0.878309
vt 0.931839 0.089249
vt 0.983453 0.067502
vt 0.770444 0.920343
vt 0.771705 0.921717
vt 0.013565 0.500454
vt 0.769176 0.924807
vt 0.011817 0.493655
vt 0.572694 0.170249
vt 0.677864 0.632245
vt 0.645907 0.353230
vt 0.738566 0.927832
vt 0.054524 0.521719
vt 0.533926 0.365729
vt 0.116612 0.534481
vt 0.766019 0.931710
vt 0.538498 0.365949
vt 0.659296 0.361307
vt 0.706604 0.886576
vt 0.693788 0.904449
vt 0.138182 0.538994
vt 0.146813 0.530212
vt 0.972966 0.093337
vt 0.497968 0.768443
vt 0.031886 0.519862
vt 0.571875 0.275722
vt 0.571527 0.355921
vt 0.762899 0.936433
vt 0.557168 0.337675
vt 0.014011 0.505100
vt 0.543518 0.366156
vt 0.580784 0.224349
vt 0.583007 0.173689
vt 0.584578 0.202253
vt 0.698948 0.894875
vt 0.869447 0.408964
vt 0.578966 0.172088
vt 0.574368 0.307999
vt 0.013994 0.507050
vt 0.015713 0.508624
vt 0.647710 0.363225
vt 0.148694 0.532640
vt 0.050913 0.633877
vt 0.645955 0.358037
vt 0.761330 0.938419
vt 0.926489 0.107111
vt 0.658047 0.640431
vt 0.866910 0.118181
vt 0.646203 0.361966
vt 0.757601 0.945115
vt 0.148536 0.534673
vt 0.655025 0.364781
vt 0.761734 0.940010
vt 0.015872 0.513638
vt 0.551945 0.366018
vt 0.658680 0.366280
vt 0.521478 0.782492
vt 0.867122 0.120521
vt 0.522018 0.782234
vt 0.018628 0.516540
vt 0.650057 0.364134
vt 0.100343 0.549909
vt 0.983981 0.093245
vt 0.555599 0.365770
vt 0.737887 0.954867
vt 0.691796 0.901604
vt 0.693689 0.899662
vt 0.047362 0.638467
vt 0.045667 0.640634
vt 0.588582 0.176070
vt 0.586926 0.175153
vt 0.653271 0.642422
vt 0.558707 0.365396
vt 0.756198 0.948965
vt 0.757695 0.948067
vt 0.683177 0.219910
vt 0.680556 0.224340
vt 0.684930 0.220162
vt 0.692503 0.218134
vt 0.041318 0.537417
vt 0.610555 0.203621
vt 0.017931 0.517414
vt 0.608760 0.192043
vt 0.693621 0.219289
vt 0.692724 0.232399
vt 0.148554 0.542117
vt 0.148973 0.538322
vt 0.696724 0.931333
vt 0.984033 0.095722
vt 0.343987 0.944951
vt 0.346204 0.943265
vt 0.704686 0.944388
vt 0.020667 0.520854
vt 0.755614 0.952460
vt 0.598947 0.181560
vt 0.596753 0.180148
vt 0.034733 0.535727
vt 0.457352 0.755386
vt 0.681655 0.909875
vt 0.148170 0.544364
vt 0.148446 0.544647
vt 0.599270 0.256000
vt 0.694092 0.267800
vt 0.647278 0.645021
vt 0.339443 0.948093
vt 0.679883 0.232677
vt 0.109828 0.551029
vt 0.566751 0.364160
vt 0.708935 0.275305
vt 0.587917 0.325800
vt 0.021503 0.526102
vt 0.147382 0.547999
vt 0.147831 0.545750
vt 0.148072 0.544802
vt 0.751175 0.957825
vt 0.049032 0.539769
vt 0.714549 0.952960
vt 0.456877 0.757661
vt 0.036987 0.537101
vt 0.935448 0.126718
vt 0.148216 0.546704
vt 0.148454 0.545602
vt 0.569473 0.363551
vt 0.708929 0.278065
vt 0.682620 0.909628
vt 0.060397 0.542388
vt 0.145231 0.551844
vt 0.608699 0.188416
vt 0.091536 0.548579
vt 0.147818 0.547504
vt 0.603714 0.294737
vt 0.681212 0.910654
vt 0.022831 0.528406
vt 0.865402 0.136858
vt 0.678797 0.912023
vt 0.673659 0.919142
vt 0.146669 0.550600
vt 0.681603 0.909911
vt 0.028356 0.533269
vt 0.148130 0.548676
vt 0.148229 0.547742
vt 0.604141 0.224987
vt 0.134329 0.552856
vt 0.970648 0.122215
vt 0.144304 0.553166
vt 0.679209 0.244071
vt 0.750092 0.960176
vt 0.036610 0.653198
vt 0.674184 0.915153
vt 0.117206 0.552075
vt 0.139300 0.552811
vt 0.444515 0.226320
vt 0.444916 0.226675
vt 0.445138 0.225395
vt 0.024296 0.532354
vt 0.032672 0.535272
vt 0.041595 0.538632
vt 0.047227 0.539817
vt 0.746819 0.965037
vt 0.064440 0.543567
vt 0.084007 0.546799
vt 0.076515 0.545648
vt 0.124341 0.553108
vt 0.126605 0.552701
vt 0.864472 0.144147
vt 0.089832 0.547688
vt 0.137380 0.553609
vt 0.441827 0.225892
vt 0.441719 0.227458
vt 0.442881 0.225549
vt 0.694222 0.281554
vt 0.694232 0.279523
vt 0.514724 0.809199
vt 0.453790 0.768209
vt 0.067251 0.544351
vt 0.071848 0.545090
vt 0.070200 0.544367
vt 0.086135 0.547634
vt 0.107135 0.550623
vt 0.035281 0.655159
vt 0.514967 0.807530
vt 0.028651 0.534568
vt 0.443761 0.228036
vt 0.443162 0.226989
vt 0.061716 0.543589
vt 0.103042 0.551112
vt 0.337542 0.949738
vt 0.444904 0.226919
vt 0.444763 0.228284
vt 0.445245 0.226921
vt 0.744360 0.966265
vt 0.357399 0.252636
vt 0.352483 0.243812
vt 0.346887 0.245914
vt 0.055064 0.541782
vt 0.442827 0.228903
vt 0.443780 0.228176
vt 0.694230 0.283148
vt 0.326764 0.256241
vt 0.331551 0.252737
vt 0.326577 0.255106
vt 0.339324 0.249718
vt 0.339134 0.248655
vt 0.334051 0.251878
vt 0.375362 0.237326
vt 0.380908 0.234961
vt 0.376401 0.236238
vt 0.094029 0.549444
vt 0.441025 0.227554
vt 0.514033 0.813616
vt 0.318649 0.272962
vt 0.375946 0.236322
vt 0.368938 0.238256
vt 0.374416 0.237829
vt 0.383010 0.235189
vt 0.388263 0.234063
vt 0.386639 0.233744
vt 0.444759 0.228528
vt 0.742382 0.967526
vt 0.629524 0.648292
vt 0.331574 0.253879
vt 0.357746 0.241292
vt 0.358962 0.241810
vt 0.364414 0.239698
vt 0.361677 0.240318
vt 0.367351 0.238274
vt 0.434938 0.229156
vt 0.433200 0.228721
vt 0.430010 0.228055
vt 0.435549 0.227423
vt 0.443322 0.231481
vt 0.374368 0.256257
vt 0.390676 0.234105
vt 0.422868 0.229146
vt 0.321807 0.260913
vt 0.322873 0.258284
vt 0.716176 0.967449
vt 0.396931 0.232574
vt 0.406505 0.232228
vt 0.420579 0.229957
vt 0.413555 0.230340
vt 0.344837 0.246857
vt 0.399519 0.232999
vt 0.444630 0.230081
vt 0.031483 0.661015
vt 0.321187 0.262863
vt 0.678963 0.248672
vt 0.863830 0.146690
vt 0.740359 0.967802
vt 0.404042 0.231144
vt 0.444788 0.233466
vt 0.031489 0.661072
vt 0.614226 0.193367
vt 0.627142 0.240098
vt 0.692903 0.235691
vt 0.657752 0.923026
vt 0.709105 0.295381
vt 0.444552 0.234476
vt 0.735390 0.970986
vt 0.319170 0.267680
vt 0.319572 0.264898
vt 0.678674 0.250290
vt 0.678655 0.253166
vt 0.513923 0.819246
vt 0.738220 0.969817
vt 0.685824 0.255414
vt 0.616959 0.196082
vt 0.617335 0.321094
vt 0.590923 0.355849
vt 0.692142 0.251858
vt 0.337848 0.273580
vt 0.731894 0.973839
vt 0.027845 0.667293
vt 0.027179 0.668798
vt 0.618457 0.197808
vt 0.678494 0.255298
vt 0.444369 0.238704
vt 0.444601 0.236575
vt 0.592809 0.354957
vt 0.620923 0.200595
vt 0.659178 0.950057
vt 0.728818 0.974457
vt 0.595696 0.353120
vt 0.444233 0.240673
vt 0.678410 0.258837
vt 0.318459 0.269894
vt 0.618427 0.271428
vt 0.635427 0.232936
vt 0.678236 0.264362
vt 0.444039 0.242251
vt 0.639802 0.931850
vt 0.725406 0.976612
vt 0.624318 0.204907
vt 0.653960 0.924405
vt 0.514567 0.834366
vt 0.316459 0.276273
vt 0.317388 0.274060
vt 0.600075 0.350315
vt 0.692335 0.255650
vt 0.315967 0.279626
vt 0.443916 0.244083
vt 0.449329 0.793161
vt 0.601862 0.349336
vt 0.605746 0.346224
vt 0.692062 0.266697
vt 0.721588 0.977062
vt 0.608421 0.651539
vt 0.691791 0.276140
vt 0.642705 0.927152
vt 0.425732 0.259983
vt 0.683615 0.975697
vt 0.722315 0.977857
vt 0.315057 0.283325
vt 0.443755 0.246318
vt 0.708755 0.313371
vt 0.708623 0.317909
vt 0.449491 0.795553
vt 0.398568 0.262390
vt 0.720735 0.977291
vt 0.314826 0.282134
vt 0.677802 0.277208
vt 0.631692 0.215992
vt 0.720054 0.978597
vt 0.021080 0.680659
vt 0.618240 0.332141
vt 0.516642 0.845651
vt 0.664095 0.962549
vt 0.718428 0.978674
vt 0.609447 0.343143
vt 0.708434 0.319019
vt 0.708862 0.318627
vt 0.694204 0.318567
vt 0.715958 0.979865
vt 0.312411 0.289022
vt 0.313080 0.286487
vt 0.611830 0.341193
vt 0.443444 0.252996
vt 0.443590 0.251210
vt 0.694380 0.319506
vt 0.694289 0.322542
vt 0.517661 0.848751
vt 0.713801 0.980108
vt 0.708540 0.325753
vt 0.613940 0.339427
vt 0.708664 0.328151
vt 0.708817 0.325985
vt 0.636894 0.225709
vt 0.712304 0.980525
vt 0.443594 0.254483
vt 0.616190 0.337181
vt 0.631536 0.929017
vt 0.705435 0.983553
vt 0.518431 0.851159
vt 0.708557 0.331071
vt 0.312254 0.290526
vt 0.617452 0.335967
vt 0.861077 0.183662
vt 0.347750 0.287118
vt 0.708254 0.332924
vt 0.677845 0.288156
vt 0.443470 0.256488
vt 0.519209 0.854092
vt 0.876270 0.487451
vt 0.876483 0.481329
vt 0.309540 0.299407
vt 0.310780 0.292182
vt 0.618592 0.334776
vt 0.708381 0.333883
vt 0.326115 0.299034
vt 0.443248 0.257879
vt 0.443483 0.256513
vt 0.638434 0.230058
vt 0.639979 0.282142
vt 0.694340 0.331969
vt 0.874773 0.489635
vt 0.619688 0.333684
vt 0.620715 0.332553
vt 0.708449 0.335487
vt 0.688991 0.298702
vt 0.520325 0.857645
vt 0.520775 0.857842
vt 0.640898 0.237161
vt 0.621899 0.331251
vt 0.372164 0.282166
vt 0.708159 0.337395
vt 0.520708 0.858626
vt 0.443054 0.258465
vt 0.443346 0.258504
vt 0.692132 0.296200
vt 0.692243 0.278580
vt 0.623452 0.329358
vt 0.639387 0.232582
vt 0.677957 0.296907
vt 0.677746 0.292872
vt 0.624603 0.327958
vt 0.522486 0.862752
vt 0.640460 0.234927
vt 0.625824 0.326447
vt 0.627777 0.323783
vt 0.708267 0.341756
vt 0.309299 0.302807
vt 0.626783 0.325245
vt 0.694136 0.339372
vt 0.694112 0.342317
vt 0.694165 0.336539
vt 0.613394 0.929031
vt 0.707996 0.345965
vt 0.677901 0.305910
vt 0.677728 0.298793
vt 0.692972 0.988977
vt 0.702046 0.985237
vt 0.628796 0.322067
vt 0.523932 0.866023
vt 0.442773 0.264102
vt 0.677829 0.304152
vt 0.708042 0.347281
vt 0.630141 0.320255
vt 0.525446 0.869087
vt 0.643977 0.250863
vt 0.642246 0.241410
vt 0.708149 0.348373
vt 0.707942 0.350006
vt 0.618677 0.955831
vt 0.582330 0.651774
vt 0.442541 0.266314
vt 0.631643 0.317502
vt 0.308229 0.311780
vt 0.632195 0.316650
vt 0.631456 0.318336
vt 0.707810 0.352325
vt 0.528166 0.874638
vt 0.644842 0.259707
vt 0.644189 0.252607
vt 0.603488 0.933294
vt 0.875118 0.492406
vt 0.690359 0.988438
vt 0.707604 0.353980
vt 0.692018 0.327977
vt 0.677934 0.314114
vt 0.633901 0.313610
vt 0.694176 0.355222
vt 0.874785 0.496691
vt 0.634102 0.313225
vt 0.634846 0.311802
vt 0.677941 0.315813
vt 0.707687 0.356537
vt 0.707756 0.354537
vt 0.874034 0.500761
vt 0.636349 0.308703
vt 0.677930 0.317739
vt 0.694008 0.360056
vt 0.694003 0.348557
vt 0.529125 0.875878
vt 0.528515 0.874620
vt 0.644498 0.257908
vt 0.644383 0.254616
vt 0.644948 0.257846
vt 0.678085 0.321096
vt 0.707250 0.358813
vt 0.707411 0.358817
vt 0.678371 0.329424
vt 0.705373 0.361046
vt 0.693929 0.353090
vt 0.693830 0.352123
vt 0.531623 0.879645
vt 0.529565 0.876403
vt 0.637983 0.304716
vt 0.705476 0.361115
vt 0.706832 0.360761
vt 0.707388 0.359406
vt 0.392820 0.292657
vt 0.644779 0.274049
vt 0.678152 0.322964
vt 0.640199 0.298100
vt 0.639010 0.301366
vt 0.702721 0.362550
vt 0.685035 0.364860
vt 0.680243 0.360670
vt 0.682551 0.364850
vt 0.694129 0.357900
vt 0.533859 0.882419
vt 0.641961 0.292521
vt 0.645118 0.267053
vt 0.693120 0.357236
vt 0.679998 0.358488
vt 0.679760 0.356212
vt 0.693255 0.363504
vt 0.692062 0.330327
vt 0.692149 0.318251
vt 0.591311 0.924808
vt 0.687033 0.989487
vt 0.442219 0.275097
vt 0.679546 0.351897
vt 0.536218 0.885639
vt 0.688615 0.364868
vt 0.699042 0.364557
vt 0.537852 0.887648
vt 0.874751 0.505522
vt 0.306106 0.317518
vt 0.306413 0.314432
vt 0.694448 0.365352
vt 0.317015 0.327727
vt 0.678655 0.335949
vt 0.693887 0.362858
vt 0.009986 0.709490
vt 0.692435 0.343577
vt 0.690770 0.364433
vt 0.691820 0.366312
vt 0.539451 0.889769
vt 0.542280 0.892428
vt 0.546372 0.897043
vt 0.564912 0.650772
vt 0.418075 0.292721
vt 0.009688 0.709813
vt 0.692267 0.320394
vt 0.683946 0.990354
vt 0.305800 0.321098
vt 0.305172 0.319730
vt 0.441491 0.286808
vt 0.693219 0.365383
vt 0.544658 0.894945
vt 0.874076 0.515652
vt 0.362796 0.308403
vt 0.692976 0.353347
vt 0.693308 0.361244
vt 0.680873 0.990688
vt 0.343605 0.318699
vt 0.692298 0.335553
vt 0.579000 0.919963
vt 0.589076 0.924161
vt 0.581508 0.921111
vt 0.652254 0.985730
vt 0.442219 0.278033
vt 0.548587 0.899080
vt 0.305868 0.322894
vt 0.692413 0.346493
vt 0.552811 0.903285
vt 0.550000 0.900746
vt 0.629718 0.973379
vt 0.678518 0.991466
vt 0.305342 0.324396
vt 0.304359 0.322857
vt 0.561110 0.650897
vt 0.569724 0.921450
vt 0.563416 0.911135
vt 0.556644 0.906450
vt 0.566165 0.913150
vt 0.573214 0.917227
vt 0.495524 0.881617
vt 0.305020 0.324804
vt 0.304265 0.326705
vt 0.305647 0.328970
vt 0.441993 0.280116
vt 0.441820 0.284128
vt 0.673372 0.992561
vt 0.675667 0.993569
vt 0.304238 0.332713
vt 0.304396 0.330746
vt 0.550083 0.650225
vt 0.441916 0.287294
vt 0.523168 0.914672
vt 0.664386 0.995027
vt 0.303579 0.340233
vt 0.441645 0.290380
vt 0.441662 0.287724
vt 0.446937 0.850249
vt 0.441778 0.292778
vt 0.551949 0.935652
vt 0.588144 0.960322
vt 0.661530 0.995078
vt 0.437023 0.308251
vt 0.872187 0.530280
vt 0.441530 0.294894
vt 0.658760 0.995588
vt 0.303685 0.347335
vt 0.302925 0.343502
vt 0.441391 0.298733
vt 0.655767 0.996549
vt 0.653238 0.996108
vt 0.495057 0.901141
vt 0.441470 0.301044
vt 0.401256 0.319273
vt 0.871373 0.541662
vt 0.302124 0.351325
vt 0.329215 0.340190
vt 0.607415 0.983119
vt 0.312099 0.370529
vt 0.645242 0.997588
vt 0.647429 0.998072
vt 0.441248 0.303934
vt 0.634604 0.998321
vt 0.303013 0.357098
vt 0.622767 0.994470
vt 0.523589 0.641904
vt 0.867535 0.251213
vt 0.643437 0.997907
vt 0.643654 0.998798
vt 0.441216 0.308521
vt 0.441329 0.305946
vt 0.001708 0.746563
vt 0.302445 0.361440
vt 0.301804 0.369934
vt 0.372962 0.339109
vt 0.516939 0.639470
vt 0.441058 0.315744
vt 0.441170 0.312229
vt 0.490357 0.916131
vt 0.347206 0.351154
vt 0.984800 0.211201
vt 0.871731 0.555023
vt 0.631127 0.998737
vt 0.510799 0.935629
vt 0.453685 0.881614
vt 0.537148 0.948433
vt 0.985142 0.221506
vt 0.985118 0.213903
vt 0.569318 0.964198
vt 0.626351 0.999633
vt 0.507445 0.636182
vt 0.301993 0.373388
vt 0.622754 0.999132
vt 0.325643 0.366617
vt 0.437013 0.336325
vt 0.870061 0.562736
vt 0.302702 0.378124
vt 0.617979 0.998899
vt 0.302121 0.381744
vt 0.301957 0.386519
vt 0.440819 0.319792
vt 0.410363 0.338527
vt 0.614864 0.998507
vt 0.868315 0.568990
vt 0.869039 0.567688
vt 0.301714 0.389655
vt 0.302317 0.391999
vt 0.440770 0.328429
vt 0.609254 0.998350
vt 0.612496 0.998962
vt 0.456201 0.892594
vt 0.868520 0.573841
vt 0.440608 0.330116
vt 0.567290 0.977961
vt 0.599126 0.997104
vt 0.594405 0.996473
vt 0.312216 0.408205
vt 0.877744 0.289612
vt 0.482897 0.928254
vt 0.601581 0.997504
vt 0.301946 0.395264
vt 0.302194 0.402712
vt 0.984675 0.238769
vt 0.792407 0.568829
vt 0.440215 0.347824
vt 0.519115 0.959742
vt 0.865944 0.578358
vt 0.341899 0.380076
vt 0.543103 0.971872
vt 0.585131 0.995193
vt 0.370816 0.367321
vt 0.301981 0.410137
vt 0.301854 0.405431
vt 0.579566 0.993917
vt 0.590030 0.996247
vt 0.461815 0.910463
vt 0.864411 0.587130
vt 0.866469 0.584021
vt 0.327538 0.403058
vt 0.302559 0.414538
vt 0.465964 0.920445
vt 0.463875 0.914973
vt 0.462061 0.911965
vt 0.303264 0.418880
vt 0.302097 0.418478
vt 0.430556 0.366021
vt 0.862493 0.592859
vt 0.863814 0.590758
vt 0.397512 0.368273
vt 0.572926 0.991970
vt 0.463672 0.916694
vt 0.302735 0.425535
vt 0.302447 0.421277
vt 0.861652 0.597493
vt 0.566140 0.989749
vt 0.492415 0.958069
vt 0.466755 0.924008
vt 0.465959 0.922151
vt 0.550010 0.986414
vt 0.302718 0.431759
vt 0.440177 0.353937
vt 0.562215 0.989132
vt 0.371697 0.396752
vt 0.559561 0.987940
vt 0.303703 0.440304
vt 0.302822 0.438619
vt 0.564433 0.990003
vt 0.471546 0.932786
vt 0.204121 0.999085
vt 0.555931 0.988101
vt 0.469177 0.929430
vt 0.440099 0.358264
vt 0.303688 0.442547
vt 0.474091 0.938211
vt 0.486915 0.954807
vt 0.440009 0.363474
vt 0.305454 0.446997
vt 0.303570 0.445239
vt 0.858875 0.604887
vt 0.348380 0.399249
vt 0.797410 0.586661
vt 0.557739 0.989100
vt 0.323622 0.435445
vt 0.835052 0.601017
vt 0.858737 0.607959
vt 0.548181 0.985006
vt 0.316613 0.464225
vt 0.305228 0.448840
vt 0.856652 0.610241
vt 0.306269 0.454794
vt 0.471399 0.935097
vt 0.526378 0.977091
vt 0.305765 0.456674
vt 0.307717 0.460537
vt 0.440033 0.368693
vt 0.544288 0.984984
vt 0.812768 0.602296
vt 0.540084 0.983260
vt 0.856800 0.613181
vt 0.534068 0.980098
vt 0.408010 0.390931
vt 0.731273 0.577103
vt 0.475479 0.942040
vt 0.854767 0.616880
vt 0.310126 0.474886
vt 0.308261 0.464785
vt 0.308595 0.470893
vt 0.523870 0.976153
vt 0.530267 0.979186
vt 0.476775 0.945312
vt 0.478533 0.947801
vt 0.519376 0.974222
vt 0.520327 0.974131
vt 0.852981 0.620029
vt 0.776695 0.601097
vt 0.512101 0.970123
vt 0.521891 0.975429
vt 0.504002 0.965771
vt 0.311599 0.482221
vt 0.311984 0.479138
vt 0.310358 0.480482
vt 0.309954 0.478483
vt 0.344779 0.428269
vt 0.731319 0.582976
vt 0.494532 0.959743
vt 0.509974 0.968673
vt 0.508636 0.969138
vt 0.499798 0.963300
vt 0.850883 0.623948
vt 0.852385 0.622390
vt 0.311971 0.477703
vt 0.731305 0.585394
vt 0.312277 0.484412
vt 0.333442 0.457652
vt 0.479477 0.949697
vt 0.825071 0.621816
vt 0.312312 0.486779
vt 0.315591 0.496553
vt 0.314318 0.492338
vt 0.314069 0.495252
vt 0.487689 0.955882
vt 0.482689 0.952410
vt 0.500998 0.965284
vt 0.493320 0.959660
vt 0.491208 0.958801
vt 0.481203 0.952285
vt 0.319128 0.507396
vt 0.317442 0.505568
vt 0.318813 0.511099
vt 0.485203 0.954664
vt 0.481796 0.952831
vt 0.485252 0.954705
vt 0.847370 0.628114
vt 0.851553 0.624691
vt 0.440013 0.384027
vt 0.326811 0.523565
vt 0.323557 0.520851
vt 0.325271 0.525219
vt 0.327549 0.525584
vt 0.321169 0.513014
vt 0.841383 0.631148
vt 0.369996 0.424752
vt 0.836941 0.632677
vt 0.439928 0.395723
vt 0.436612 0.410711
vt 0.334136 0.528004
vt 0.328041 0.524902
vt 0.338529 0.530050
vt 0.800312 0.628400
vt 0.780491 0.620907
vt 0.832584 0.634496
vt 0.345403 0.491315
vt 0.342783 0.531503
vt 0.350133 0.533496
vt 0.828843 0.636193
vt 0.407443 0.418472
vt 0.826853 0.636541
vt 0.819863 0.637853
vt 0.361540 0.448819
vt 0.730974 0.607093
vt 0.355079 0.471163
vt 0.346418 0.532477
vt 0.348420 0.533514
vt 0.824194 0.637830
vt 0.153936 0.989722
vt 0.440007 0.409020
vt 0.820596 0.638623
vt 0.369079 0.516663
vt 0.810229 0.641858
vt 0.440028 0.413134
vt 0.818180 0.638711
vt 0.815925 0.640783
vt 0.820611 0.638615
vt 0.359076 0.536072
vt 0.353269 0.535022
vt 0.813908 0.640519
vt 0.360308 0.537283
vt 0.362364 0.536765
vt 0.440016 0.421061
vt 0.399296 0.446943
vt 0.752070 0.634213
vt 0.364005 0.536878
vt 0.375180 0.532599
vt 0.365212 0.537945
vt 0.366956 0.537994
vt 0.802736 0.645010
vt 0.807908 0.643182
vt 0.795733 0.646356
vt 0.424145 0.449908
vt 0.734000 0.633940
vt 0.776423 0.639883
vt 0.730581 0.621761
vt 0.371992 0.538685
vt 0.387100 0.469769
vt 0.798480 0.646350
vt 0.730368 0.630717
vt 0.376416 0.496839
vt 0.376532 0.539284
vt 0.440256 0.437020
vt 0.440077 0.432660
vt 0.380629 0.540725
vt 0.793495 0.646911
vt 0.787763 0.648706
vt 0.386733 0.541339
vt 0.785490 0.648514
vt 0.440296 0.439957
vt 0.440223 0.444165
vt 0.389068 0.542412
vt 0.393037 0.542918
vt 0.781451 0.649446
vt 0.729916 0.640504
vt 0.776746 0.649825
vt 0.401001 0.524920
vt 0.772354 0.647985
vt 0.397736 0.544114
vt 0.770812 0.647437
vt 0.765196 0.650561
vt 0.440206 0.445203
vt 0.401504 0.544276
vt 0.772904 0.650856
vt 0.776027 0.649478
vt 0.760910 0.650958
vt 0.730234 0.642922
vt 0.730712 0.644348
vt 0.113451 0.972625
vt 0.768306 0.650521
vt 0.731439 0.646459
vt 0.440635 0.452866
vt 0.741207 0.652342
vt 0.731260 0.647753
vt 0.731146 0.645885
vt 0.440533 0.454974
vt 0.406192 0.545943
vt 0.409326 0.546719
vt 0.412500 0.547279
vt 0.413090 0.546208
vt 0.755575 0.651165
vt 0.736014 0.651641
vt 0.732087 0.649040
vt 0.730726 0.646238
vt 0.415457 0.547660
vt 0.751988 0.651948
vt 0.445125 0.553878
vt 0.444653 0.551566
vt 0.443705 0.551108
vt 0.418940 0.548242
vt 0.414853 0.546005
vt 0.416230 0.547938
vt 0.747640 0.651552
vt 0.743425 0.651601
vt 0.437776 0.467636
vt 0.444449 0.550991
vt 0.444795 0.548842
vt 0.444232 0.548031
vt 0.443670 0.550648
vt 0.422479 0.548114
vt 0.733821 0.651251
vt 0.442684 0.551002
vt 0.442149 0.549817
vt 0.440120 0.550279
vt 0.426831 0.549923
vt 0.426891 0.548446
vt 0.431058 0.549784
vt 0.431325 0.548535
vt 0.442578 0.547935
vt 0.444260 0.546268
vt 0.442929 0.547558
vt 0.440791 0.465872
vt 0.440985 0.470140
vt 0.409689 0.483851
vt 0.433210 0.549097
vt 0.437850 0.549879
vt 0.442724 0.546236
vt 0.414765 0.503382
vt 0.440784 0.472020
vt 0.440894 0.475249
vt 0.441001 0.478080
vt 0.437048 0.493277
vt 0.443894 0.538139
vt 0.443732 0.535130
vt 0.441095 0.481018
vt 0.441484 0.491544
vt 0.443459 0.529732
vt 0.441751 0.498812
s 1
f 15/1/1 2/2/2 1/3/3
f 15/1/1 1/3/3 17/4/4
f 2/2/2 3/5/5 1/3/3
f 1/3/3 3/5/5 4/6/6
f 1/3/3 10/7/7 5/8/8
f 13/9/9 1/3/3 5/8/8
f 1/3/3 4/6/6 10/7/7
f 17/4/4 1/3/3 12/10/10
f 12/10/10 1/3/3 13/9/9
f 16/11/11 15/1/1 17/4/4
f 2/2/2 11/12/12 3/5/5
f 17/4/4 12/10/10 23/13/13
f 7/14/14 8/15/15 14/16/16
f 9/17/17 6/18/18 57/19/19
f 15/1/1 19/20/20 2/2/2
f 11/12/12 21/21/21 3/5/5
f 3/5/5 22/22/22 4/6/6
f 8/15/15 57/19/19 14/16/16
f 8/15/15 9/17/17 57/19/19
f 30/23/23 15/1/1 16/11/11
f 24/24/24 11/12/12 2/2/2
f 11/12/12 20/25/25 21/21/21
f 21/21/21 25/26/26 3/5/5
f 3/5/5 38/27/27 22/22/22
f 17/4/4 23/13/13 27/28/28
f 29/29/29 18/30/30 42/31/31
f 6/18/18 40/32/32 57/19/19
f 18/30/30 14/16/16 42/31/31
f 31/33/33 24/24/24 2/2/2
f 11/12/12 24/24/24 32/34/34
f 25/26/26 36/35/35 3/5/5
f 22/22/22 38/27/27 39/36/36
f 17/4/4 26/37/37 75/38/38
f 17/4/4 27/28/28 26/37/37
f 42/31/31 14/16/16 78/39/39
f 19/20/20 58/40/40 2/2/2
f 2/2/2 58/40/40 31/33/33
f 33/41/41 44/42/42 34/43/43
f 41/44/44 42/31/31 78/39/39
f 40/32/32 94/45/45 57/19/19
f 43/46/46 83/47/47 44/42/42
f 35/48/48 34/43/43 60/49/49
f 35/48/48 60/49/49 45/50/50
f 45/50/50 60/49/49 65/51/51
f 56/52/52 41/44/44 78/39/39
f 40/32/32 52/53/53 94/45/45
f 14/16/16 57/19/19 78/39/39
f 79/54/54 19/20/20 15/1/1
f 80/55/55 58/40/40 19/20/20
f 59/56/56 81/57/57 83/47/47
f 59/56/56 83/47/47 43/46/46
f 44/42/42 83/47/47 34/43/43
f 60/49/49 87/58/58 65/51/51
f 62/59/59 65/51/60 66/60/61
f 17/4/4 106/61/62 116/62/63
f 17/4/4 93/63/64 106/61/62
f 17/4/4 75/38/38 93/63/64
f 56/52/52 78/39/39 76/64/65
f 79/54/54 15/1/1 30/23/23
f 95/65/66 80/55/55 19/20/20
f 96/66/67 85/67/68 81/68/69
f 85/67/68 96/66/67 83/47/47
f 52/53/53 90/69/70 94/45/45
f 95/65/66 112/70/71 80/55/55
f 113/71/72 34/43/43 83/47/47
f 121/72/73 16/11/11 17/4/4
f 87/58/74 99/73/75 103/74/76
f 87/58/74 103/74/76 114/75/77
f 17/4/4 116/62/63 123/76/78
f 110/77/79 120/78/80 19/20/20
f 19/20/20 120/78/80 95/65/66
f 34/43/43 113/71/72 60/49/49
f 113/71/72 99/73/75 60/49/49
f 17/4/4 123/76/78 122/79/81
f 90/69/70 115/80/82 94/45/45
f 107/81/83 76/64/65 78/39/39
f 96/66/67 142/82/84 83/47/47
f 17/4/4 122/79/81 133/83/85
f 115/80/82 130/84/86 94/45/45
f 119/85/87 107/81/83 78/39/39
f 111/86/88 142/82/84 96/66/67
f 17/4/4 133/83/85 121/72/73
f 125/87/89 119/85/87 135/88/90
f 119/85/87 78/39/39 158/89/91
f 121/72/73 133/83/85 143/90/92
f 135/88/90 119/85/87 158/89/91
f 78/39/39 57/19/19 145/91/93
f 141/92/94 142/82/84 132/93/95
f 132/93/95 142/82/84 126/94/96
f 126/94/96 142/82/84 111/86/88
f 83/47/47 142/82/84 113/71/72
f 136/95/97 135/88/90 158/89/91
f 143/90/92 147/96/98 121/72/73
f 103/74/76 99/73/75 146/97/99
f 137/98/100 136/95/97 158/89/91
f 166/99/101 19/20/20 79/54/54
f 99/73/75 113/71/72 146/97/99
f 121/72/73 151/100/102 156/101/103
f 121/72/73 147/96/98 151/100/102
f 130/84/86 149/102/104 94/45/45
f 144/103/105 137/98/100 158/89/91
f 57/19/19 94/45/45 145/91/93
f 154/104/106 155/105/107 110/77/79
f 146/97/99 113/71/72 170/106/108
f 152/107/109 148/108/110 158/89/91
f 148/108/110 144/103/105 158/89/91
f 159/109/111 142/82/84 150/110/112
f 150/110/112 142/82/84 141/92/94
f 160/111/113 30/23/23 16/11/11
f 121/72/73 156/101/103 161/112/114
f 157/113/115 152/107/109 158/89/91
f 94/45/45 149/102/104 171/114/116
f 121/72/73 161/112/114 176/115/117
f 162/116/118 157/113/115 158/89/91
f 19/20/20 154/104/106 110/77/79
f 19/20/20 167/117/119 154/104/106
f 168/118/120 169/119/121 159/109/111
f 169/119/121 142/82/84 159/109/111
f 174/120/122 162/116/118 158/89/91
f 19/20/20 181/121/123 167/117/119
f 180/122/124 169/119/121 168/118/120
f 16/11/11 121/72/73 196/123/125
f 170/106/108 113/71/72 183/124/126
f 121/72/73 176/115/117 185/125/127
f 121/72/73 185/125/127 188/126/128
f 94/45/45 220/127/129 145/91/93
f 187/128/130 181/121/123 19/20/20
f 183/124/126 113/71/72 190/129/131
f 121/72/73 188/126/128 191/130/132
f 171/114/116 205/131/133 227/132/134
f 171/114/116 184/133/135 205/131/133
f 186/134/136 174/120/122 158/89/91
f 187/128/130 195/135/137 181/121/123
f 121/72/73 191/130/132 197/136/138
f 189/137/139 186/134/136 158/89/91
f 94/45/45 171/114/116 220/127/129
f 194/138/140 169/119/121 180/122/124
f 142/82/84 182/139/141 113/71/72
f 121/72/73 197/136/138 217/140/142
f 193/141/143 189/137/139 158/89/91
f 145/91/93 220/127/129 275/142/144
f 194/138/140 229/143/145 169/119/121
f 206/144/146 193/141/143 158/89/91
f 214/145/147 187/128/130 19/20/20
f 160/111/113 16/11/11 270/146/148
f 270/146/148 16/11/11 196/123/125
f 113/71/72 225/147/149 190/129/131
f 206/144/146 158/89/91 219/148/150
f 166/99/101 214/145/147 19/20/20
f 208/149/151 229/143/145 194/138/140
f 182/139/141 223/150/152 113/71/72
f 217/140/142 218/151/153 224/152/154
f 171/114/116 227/132/134 220/127/129
f 228/153/155 79/54/54 153/154/156
f 121/72/73 217/140/142 224/152/154
f 121/72/73 224/152/154 231/155/157
f 79/54/54 221/156/158 166/99/101
f 196/123/125 121/72/73 231/155/157
f 231/155/157 224/152/154 236/157/159
f 234/158/160 219/148/150 158/89/91
f 78/39/39 165/159/161 255/160/162
f 142/82/84 169/119/121 182/139/141
f 113/71/72 223/150/152 239/161/163
f 225/147/149 113/71/72 239/161/163
f 166/99/101 268/162/164 214/145/147
f 165/159/161 145/91/93 246/163/165
f 145/91/93 235/164/166 246/163/165
f 196/123/125 231/155/157 251/165/167
f 240/166/168 234/158/160 254/167/169
f 158/89/91 78/39/39 255/160/162
f 256/168/170 258/169/171 214/145/147
f 268/162/164 166/99/101 221/156/158
f 257/170/172 269/171/173 238/172/174
f 238/172/174 269/171/173 229/143/145
f 169/119/121 245/173/175 182/139/141
f 247/174/176 248/175/177 284/176/178
f 165/159/161 250/177/179 261/178/180
f 165/159/161 261/178/180 273/179/181
f 251/165/167 277/180/182 196/123/125
f 277/180/182 251/165/167 279/181/183
f 196/123/125 279/182/184 283/183/185
f 280/184/186 254/167/169 287/185/187
f 268/162/164 256/168/170 214/145/147
f 196/123/125 283/183/185 294/186/188
f 239/161/163 223/150/152 288/187/189
f 227/132/134 267/188/190 335/189/191
f 287/185/187 254/167/169 234/158/160
f 220/127/129 227/132/134 335/189/191
f 291/190/192 269/171/173 257/170/172
f 244/191/193 228/153/155 153/154/156
f 196/123/125 294/186/188 286/192/194
f 294/186/188 283/183/185 296/193/195
f 267/188/190 289/194/196 335/189/191
f 268/162/164 297/195/197 256/168/170
f 304/196/198 196/123/125 286/192/194
f 287/185/187 234/158/160 158/89/91
f 297/195/197 301/197/199 256/168/170
f 269/171/173 169/119/121 229/143/145
f 308/198/200 160/111/113 270/146/148
f 298/199/201 282/200/202 325/201/203
f 288/187/189 223/150/152 313/202/204
f 289/194/196 314/203/205 335/189/191
f 286/192/194 307/204/206 319/205/207
f 302/206/208 287/185/187 322/207/209
f 300/208/210 269/171/173 291/190/192
f 244/191/193 160/111/113 308/198/200
f 281/209/211 328/210/212 382/211/213
f 281/209/211 293/212/214 328/210/212
f 145/91/93 275/142/144 285/213/215
f 165/159/161 274/214/216 310/215/217
f 304/196/198 286/192/194 319/205/207
f 322/207/209 287/185/187 158/89/91
f 315/216/218 317/217/219 268/162/164
f 268/162/164 317/217/219 297/195/197
f 303/218/220 316/219/221 300/208/210
f 182/139/141 318/220/222 223/150/152
f 316/219/221 323/221/223 300/208/210
f 268/162/164 327/222/224 315/216/218
f 311/223/225 309/224/226 325/201/203
f 158/89/91 255/160/162 480/225/227
f 169/119/121 292/226/228 245/173/175
f 182/139/141 245/173/175 318/220/222
f 275/142/144 336/227/229 324/228/230
f 165/159/161 310/215/217 331/229/231
f 313/202/204 223/150/152 334/230/232
f 323/221/223 329/231/233 269/171/173
f 169/119/121 269/171/173 292/226/228
f 322/207/209 158/89/91 480/225/227
f 336/227/229 275/142/144 347/232/234
f 311/223/225 325/201/203 332/233/235
f 304/196/198 321/234/236 338/235/237
f 340/236/238 327/222/224 268/162/164
f 333/237/239 165/159/161 331/229/231
f 255/160/162 165/159/161 333/237/239
f 344/238/240 269/171/173 329/231/233
f 270/146/148 196/123/125 304/196/198
f 343/239/241 312/240/242 322/207/209
f 275/142/144 350/241/243 347/232/234
f 268/162/164 352/242/244 340/236/238
f 275/142/144 341/243/245 350/241/243
f 304/196/198 338/235/237 356/244/246
f 355/245/247 221/156/158 228/153/155
f 345/246/248 349/247/249 367/248/250
f 357/249/251 343/239/241 322/207/209
f 328/210/212 367/248/250 360/250/252
f 304/196/198 356/244/246 361/251/253
f 223/150/152 370/252/254 334/230/232
f 335/189/191 425/253/255 220/127/129
f 353/254/256 344/238/240 342/255/257
f 328/210/212 360/250/252 363/256/258
f 374/257/259 268/162/164 221/156/158
f 369/258/260 352/242/244 268/162/164
f 318/220/222 370/252/254 223/150/152
f 357/249/251 322/207/209 380/259/261
f 355/245/247 374/257/259 221/156/158
f 304/196/198 361/251/253 377/260/262
f 373/261/263 357/249/251 380/259/261
f 386/262/264 344/238/240 353/254/256
f 384/263/265 304/196/198 385/264/266
f 304/196/198 377/260/262 385/264/266
f 387/265/267 244/191/193 308/198/200
f 268/162/164 392/266/268 369/258/260
f 270/146/148 304/196/198 407/267/269
f 389/268/270 354/269/271 368/270/272
f 400/271/273 4504/272/274 395/273/275
f 399/274/276 380/259/261 322/207/209
f 351/275/277 392/266/268 268/162/164
f 415/276/278 344/238/240 386/262/264
f 393/277/279 244/191/193 387/265/267
f 399/274/276 322/207/209 480/225/227
f 355/245/247 228/153/155 339/278/280
f 407/267/269 308/198/200 270/146/148
f 4509/279/281 404/280/282 438/281/283
f 390/282/284 402/283/285 417/284/286
f 370/252/254 436/285/287 424/286/288
f 384/263/265 408/287/289 411/288/290
f 384/263/265 385/264/266 408/287/289
f 391/289/291 409/290/292 335/189/191
f 255/160/162 333/237/239 422/291/293
f 414/292/294 399/274/276 480/225/227
f 255/160/162 422/291/293 480/225/227
f 415/276/278 416/293/295 344/238/240
f 389/268/270 435/294/296 417/284/286
f 422/291/293 333/237/239 418/295/297
f 419/296/298 414/292/294 480/225/227
f 351/275/277 420/297/299 392/266/268
f 292/226/228 421/298/300 245/173/175
f 269/171/173 381/299/301 292/226/228
f 393/277/279 339/278/280 244/191/193
f 423/300/302 390/282/284 417/284/286
f 422/291/293 418/295/297 427/301/303
f 344/238/240 428/302/304 269/171/173
f 384/263/265 411/288/290 432/303/305
f 434/304/306 420/297/299 351/275/277
f 433/305/307 419/296/298 480/225/227
f 374/257/259 451/306/308 351/275/277
f 437/307/309 344/238/240 416/293/295
f 384/263/265 432/303/305 441/308/310
f 433/305/307 480/225/227 442/309/311
f 409/290/292 443/310/312 425/253/255
f 381/299/301 421/298/300 292/226/228
f 421/298/300 444/311/313 245/173/175
f 438/281/283 4504/272/274 477/312/314
f 412/313/315 449/314/316 477/312/314
f 407/267/269 304/196/198 384/263/265
f 384/263/265 441/308/310 446/315/317
f 384/263/265 446/315/317 450/316/318
f 405/317/319 521/318/320 436/285/287
f 447/319/321 442/309/311 456/320/322
f 245/173/175 444/311/313 318/220/222
f 376/321/323 459/322/324 448/323/325
f 384/263/265 450/316/318 462/324/326
f 456/320/322 442/309/311 480/225/227
f 489/325/327 308/198/200 407/267/269
f 376/321/323 464/326/328 459/322/324
f 384/263/265 462/324/326 468/327/329
f 451/306/308 471/328/330 351/275/277
f 445/329/331 374/257/259 355/245/247
f 472/330/332 355/245/247 339/278/280
f 463/331/333 456/320/322 480/225/227
f 443/310/312 470/332/334 425/253/255
f 351/275/277 476/333/335 457/334/336
f 318/220/222 473/335/337 405/317/319
f 384/263/265 468/327/329 479/336/338
f 436/285/287 521/318/320 469/337/339
f 475/338/340 463/331/333 480/225/227
f 437/307/309 558/339/341 344/238/240
f 384/263/265 482/340/342 407/267/269
f 483/341/343 475/338/340 480/225/227
f 558/339/341 428/302/304 344/238/240
f 384/263/265 479/336/338 497/342/344
f 376/321/323 220/127/129 486/343/345
f 487/344/346 351/275/277 471/328/330
f 464/326/328 376/321/323 485/345/347
f 491/346/348 438/281/283 493/347/349
f 488/348/350 483/341/343 480/225/227
f 472/330/332 339/278/280 393/277/279
f 422/291/293 455/349/351 515/350/352
f 482/340/342 384/263/265 497/342/344
f 482/340/342 497/342/344 499/351/353
f 480/225/227 422/291/293 500/352/354
f 502/353/355 471/328/330 451/306/308
f 487/344/346 504/354/356 476/333/335
f 376/321/323 486/343/345 485/345/347
f 510/355/357 488/348/350 480/225/227
f 458/356/358 546/357/359 437/307/309
f 472/330/332 490/358/360 355/245/247
f 387/265/267 308/198/200 489/325/327
f 374/257/259 511/359/361 451/306/308
f 503/360/362 506/361/363 498/362/364
f 546/357/359 558/339/341 437/307/309
f 421/298/300 536/363/365 444/311/313
f 510/355/357 480/225/227 530/364/366
f 508/365/367 517/366/368 513/367/369
f 503/360/362 520/368/370 506/361/363
f 507/369/371 525/370/372 481/371/373
f 525/370/372 546/357/359 481/371/373
f 318/220/222 444/311/313 473/335/337
f 482/340/342 499/351/353 529/372/374
f 524/373/375 531/374/376 508/365/367
f 532/375/377 525/370/372 507/369/371
f 407/267/269 514/376/378 489/325/327
f 514/376/378 407/267/269 482/340/342
f 501/377/379 480/225/227 500/352/354
f 520/368/370 503/360/362 531/374/376
f 422/291/293 515/350/352 537/378/380
f 534/379/381 541/380/382 451/306/308
f 531/374/376 519/381/383 517/366/368
f 531/374/376 503/360/362 519/381/383
f 543/382/384 546/357/359 525/370/372
f 521/318/320 555/383/385 469/337/339
f 516/384/386 604/385/387 524/373/375
f 485/345/347 486/343/345 547/386/388
f 470/332/334 556/387/389 425/253/255
f 530/364/366 480/225/227 501/377/379
f 220/127/129 425/253/255 486/343/345
f 604/385/387 531/374/376 524/373/375
f 520/368/370 557/388/390 545/389/391
f 403/390/392 562/391/393 560/392/394
f 482/340/342 529/372/374 549/393/395
f 564/394/396 539/395/397 374/257/259
f 540/396/398 604/385/387 535/397/399
f 604/385/387 542/398/400 535/397/399
f 381/299/301 536/363/365 421/298/300
f 4530/399/401 438/281/283 668/400/402
f 563/401/403 530/364/366 652/402/404
f 568/403/405 546/357/359 566/404/406
f 568/403/405 570/405/407 546/357/359
f 425/253/255 556/387/389 581/406/408
f 652/402/404 530/364/366 501/377/379
f 574/407/409 393/277/279 387/265/267
f 422/291/293 537/378/380 576/408/410
f 573/409/411 563/401/403 652/402/404
f 565/410/412 604/385/387 551/411/413
f 589/412/414 550/413/415 374/257/259
f 575/414/416 482/340/342 580/415/417
f 573/409/411 652/402/404 582/416/418
f 558/339/341 567/417/419 428/302/304
f 428/302/304 567/417/419 381/299/301
f 569/418/420 586/419/421 583/420/422
f 472/330/332 393/277/279 616/421/423
f 593/422/424 514/376/378 482/340/342
f 588/423/425 521/318/320 626/424/426
f 582/416/418 652/402/404 608/425/427
f 601/426/428 594/427/429 590/428/430
f 600/429/431 589/412/414 374/257/259
f 602/430/432 558/339/341 579/431/433
f 574/407/409 387/265/267 571/432/434
f 607/433/435 482/340/342 575/414/416
f 601/426/428 604/385/387 594/427/429
f 621/434/436 596/435/437 445/329/331
f 569/418/420 606/436/438 586/419/421
f 602/430/432 611/437/439 558/339/341
f 547/386/388 486/343/345 614/438/440
f 605/439/441 621/434/436 445/329/331
f 607/433/435 575/414/416 615/440/442
f 595/441/443 604/385/387 601/426/428
f 632/442/444 603/443/445 606/436/438
f 593/422/424 482/340/342 607/433/435
f 615/440/442 575/414/416 620/444/446
f 623/445/447 668/400/402 618/446/448
f 536/363/365 613/447/449 444/311/313
f 571/432/434 489/325/327 514/376/378
f 521/318/320 669/448/450 626/424/426
f 610/449/451 606/436/438 569/418/420
f 632/442/444 633/450/452 612/451/453
f 668/400/402 438/281/283 674/452/454
f 444/311/313 613/447/449 619/453/455
f 486/343/345 634/454/456 614/438/440
f 607/433/435 615/440/442 635/455/457
f 607/433/435 635/455/457 643/456/458
f 425/253/255 581/406/408 676/457/459
f 606/436/438 647/458/460 632/442/444
f 393/277/279 574/407/409 616/421/423
f 619/453/455 473/335/337 444/311/313
f 605/439/441 654/459/461 621/434/436
f 639/460/462 558/339/341 611/437/439
f 422/291/293 576/408/410 657/461/463
f 581/406/408 646/462/464 676/457/459
f 660/463/465 595/441/443 622/464/466
f 639/460/462 662/465/467 558/339/341
f 660/463/465 604/385/387 595/441/443
f 648/466/468 490/358/360 472/330/332
f 606/436/438 663/467/469 647/458/460
f 660/463/465 622/464/466 659/468/470
f 473/335/337 669/448/450 521/318/320
f 677/469/471 724/470/472 558/339/341
f 616/421/423 648/466/468 472/330/332
f 626/424/426 669/448/450 670/471/473
f 607/433/435 643/456/458 675/472/474
f 656/473/475 678/474/476 680/475/477
f 425/253/255 679/476/478 486/343/345
f 696/477/479 671/478/480 673/479/481
f 685/480/482 672/481/483 490/358/360
f 567/417/419 746/482/484 536/363/365
f 738/483/485 571/432/434 667/484/486
f 574/407/409 690/485/487 616/421/423
f 607/433/435 686/486/488 692/487/489
f 692/487/490 675/488/491 694/489/492
f 697/490/493 685/480/482 490/358/360
f 607/433/435 692/487/489 699/491/494
f 684/492/495 652/402/404 727/493/496
f 745/494/497 567/417/419 558/339/341
f 553/495/498 655/496/499 709/497/500
f 607/433/435 699/491/494 705/498/501
f 705/498/502 694/499/503 707/500/504
f 606/436/438 689/501/505 663/467/469
f 571/432/434 514/376/378 747/502/506
f 473/335/337 711/503/507 669/448/450
f 607/433/435 705/498/501 712/504/508
f 724/470/472 717/505/509 558/339/341
f 652/402/404 501/377/379 727/493/496
f 702/506/510 736/507/511 696/477/479
f 674/452/454 533/508/512 786/509/513
f 723/510/514 490/358/360 648/466/468
f 607/433/435 712/504/508 769/511/515
f 571/432/434 747/502/506 667/484/486
f 669/448/450 765/512/516 670/471/473
f 684/492/495 727/493/496 754/513/517
f 473/335/337 619/453/455 711/503/507
f 737/514/518 490/358/360 723/510/514
f 578/515/519 704/516/520 829/517/521
f 703/518/522 486/343/345 760/519/523
f 747/502/506 514/376/378 593/422/424
f 730/520/524 761/521/525 704/516/520
f 425/253/255 831/522/526 679/476/478
f 773/523/527 737/514/518 723/510/514
f 500/352/354 748/524/528 768/525/529
f 533/508/512 578/515/519 786/509/513
f 793/526/530 773/523/527 723/510/514
f 627/527/531 775/528/532 809/529/533
f 765/512/516 669/448/450 815/530/534
f 754/513/517 727/493/496 811/531/535
f 785/532/536 745/494/497 717/505/509
f 777/533/537 842/534/538 802/535/539
f 486/343/345 787/536/540 760/519/523
f 774/537/541 794/538/542 755/539/543
f 756/540/544 798/541/545 784/542/546
f 704/516/520 761/521/525 829/517/521
f 805/543/547 698/544/548 804/545/549
f 500/352/354 768/525/529 813/546/550
f 607/433/435 769/511/515 846/547/551
f 676/457/459 744/548/552 823/549/553
f 824/550/554 648/466/468 826/551/555
f 818/552/556 798/541/545 756/540/544
f 846/547/551 769/511/515 830/553/557
f 769/511/515 814/554/558 830/553/557
f 425/253/255 676/457/459 831/522/526
f 606/436/438 818/552/556 756/540/544
f 627/527/531 828/555/559 833/556/560
f 821/557/561 804/545/549 857/558/562
f 500/352/354 813/546/550 838/559/563
f 881/560/564 627/527/531 841/561/565
f 593/422/424 607/433/435 846/547/551
f 500/352/354 838/559/563 848/562/566
f 627/527/531 851/563/567 925/564/568
f 850/565/569 853/566/570 825/567/571
f 648/466/468 616/421/423 932/568/572
f 837/569/573 842/534/538 855/570/574
f 758/571/575 871/572/576 710/573/577
f 823/549/553 858/574/578 676/457/459
f 898/575/579 836/576/580 818/552/556
f 711/503/507 619/453/455 929/577/581
f 760/578/582 819/579/583 863/580/584
f 819/579/585 486/343/345 866/581/586
f 840/582/587 500/352/354 848/562/566
f 859/583/588 826/551/555 860/584/589
f 832/585/590 860/584/589 826/551/555
f 807/586/591 898/575/579 606/436/438
f 836/576/580 874/587/592 854/588/593
f 746/482/484 834/589/594 536/363/365
f 761/521/525 865/590/595 829/517/521
f 840/582/587 848/562/566 894/591/596
f 830/553/557 873/592/597 846/547/551
f 676/457/459 878/593/598 831/522/526
f 879/594/599 853/566/570 880/595/600
f 881/560/564 841/561/565 882/596/601
f 852/597/602 889/598/603 858/574/578
f 1125/599/604 868/600/605 660/463/465
f 747/502/506 593/422/424 846/547/551
f 852/597/602 888/601/606 889/598/603
f 858/574/578 889/598/603 676/457/459
f 842/534/538 902/602/607 855/570/574
f 866/581/586 486/343/345 903/603/608
f 501/377/379 500/352/354 840/582/587
f 676/457/459 889/598/603 878/593/598
f 846/547/551 873/592/597 907/604/609
f 886/605/610 811/531/535 727/493/496
f 1046/606/611 610/449/451 812/607/612
f 879/594/599 736/507/511 808/608/613
f 865/590/595 1035/609/614 829/517/521
f 861/610/615 911/611/616 709/497/500
f 906/612/617 913/613/618 912/614/619
f 901/615/620 957/616/621 924/617/622
f 834/589/594 872/618/623 613/447/449
f 486/343/345 679/476/478 903/603/608
f 905/619/624 874/587/592 898/575/579
f 904/620/625 912/614/619 922/621/626
f 924/617/622 957/616/621 927/622/627
f 897/623/628 909/624/629 938/625/630
f 917/626/631 941/627/632 745/494/497
f 984/628/633 948/629/634 745/494/497
f 861/610/615 943/630/635 911/611/616
f 861/610/615 945/631/636 943/630/635
f 997/632/637 897/623/628 938/625/630
f 709/497/500 911/611/616 950/633/638
f 709/497/500 968/634/639 843/635/640
f 911/611/616 945/636/641 950/633/638
f 846/547/551 907/604/609 960/637/642
f 997/632/637 879/594/599 897/623/628
f 709/497/500 950/633/638 968/634/639
f 875/638/643 1056/639/644 959/640/645
f 908/641/646 669/448/450 962/642/647
f 889/598/603 963/643/648 878/593/598
f 964/644/649 832/585/590 648/466/468
f 949/645/650 953/646/651 986/647/652
f 886/605/610 727/493/496 961/648/653
f 905/619/624 966/649/654 918/650/655
f 894/591/596 958/651/656 840/582/587
f 898/575/579 1024/652/657 905/619/624
f 986/647/652 933/653/658 922/621/626
f 912/614/619 951/654/659 1085/655/660
f 948/629/634 1064/656/661 746/482/484
f 845/657/662 786/509/513 916/658/663
f 961/648/653 727/493/496 995/659/664
f 983/660/665 984/628/633 941/627/632
f 980/661/666 971/662/667 986/647/652
f 846/547/551 960/637/642 981/663/668
f 976/664/669 989/665/670 878/593/598
f 1026/666/671 648/466/468 932/568/572
f 843/635/640 967/667/672 965/668/673
f 690/485/487 738/483/485 1039/669/674
f 929/577/581 992/670/675 711/503/507
f 988/671/676 747/502/506 846/547/551
f 916/658/663 829/517/521 1061/672/677
f 970/673/678 990/674/679 998/675/680
f 727/493/496 501/377/379 1268/676/681
f 987/677/682 1004/678/683 1006/679/684
f 902/602/607 991/680/685 1005/681/686
f 902/602/607 972/682/687 991/680/685
f 846/547/551 981/663/668 1007/683/688
f 998/675/680 990/674/679 1183/684/689
f 843/635/640 969/685/690 1013/686/691
f 958/651/656 1014/687/692 840/582/587
f 878/593/598 989/665/670 1008/688/693
f 1268/676/681 501/377/379 996/689/694
f 980/661/666 986/647/652 1033/690/695
f 980/661/666 1033/690/695 1000/691/696
f 987/677/682 1020/692/697 1085/655/660
f 669/448/450 1052/693/698 994/694/699
f 1016/695/700 995/659/664 727/493/496
f 871/572/576 843/635/640 1018/696/701
f 996/689/694 501/377/379 840/582/587
f 1009/697/702 648/466/468 1026/666/671
f 667/484/486 1028/698/703 738/483/485
f 1016/695/700 727/493/496 1037/699/704
f 878/593/598 1008/688/693 831/522/526
f 1023/700/705 1030/701/706 984/628/633
f 1013/686/691 969/685/690 1034/702/707
f 667/484/486 747/502/506 1028/698/703
f 846/547/551 1007/683/688 1036/703/708
f 1008/688/693 1029/704/709 831/522/526
f 991/680/685 972/682/687 1038/705/710
f 1032/706/711 1076/707/712 984/628/633
f 1037/699/704 727/493/496 1067/708/713
f 972/682/687 842/534/538 1049/709/714
f 846/547/551 1036/703/708 1045/710/715
f 1045/710/715 1036/703/708 1050/711/716
f 996/689/694 840/582/587 1051/712/717
f 1074/713/718 1041/714/719 1031/715/720
f 1028/698/703 747/502/506 988/671/676
f 871/572/576 1018/696/701 1022/716/721
f 1043/717/722 893/718/723 1022/716/721
f 916/658/663 1049/709/714 845/657/662
f 1048/719/724 1183/684/689 1040/720/725
f 1031/715/720 1024/652/657 1074/713/718
f 1085/655/660 1021/721/726 1060/722/727
f 903/603/608 679/476/478 1055/723/728
f 727/493/496 1268/676/681 1067/708/713
f 1054/724/729 1037/699/704 1067/708/713
f 1029/704/709 1068/725/730 831/522/526
f 807/586/591 1063/726/731 898/575/579
f 1061/672/677 829/517/521 1044/727/732
f 903/603/608 1055/723/728 1081/728/733
f 1050/711/716 1062/729/734 1072/730/735
f 972/682/687 1079/731/736 1038/705/710
f 1045/710/715 1050/711/716 1072/730/735
f 1054/724/729 1067/708/713 1073/732/737
f 1076/707/712 1084/733/738 948/629/634
f 1084/733/738 1064/656/661 948/629/634
f 1064/656/661 1088/734/739 746/482/484
f 872/618/623 1080/735/740 929/577/581
f 1045/710/715 1072/730/735 1091/736/741
f 1066/737/742 1052/693/698 1092/738/743
f 1083/739/744 1097/740/745 1048/719/724
f 1069/741/746 1059/742/747 1099/743/748
f 1079/731/736 972/682/687 1101/744/749
f 1090/745/750 1065/746/751 738/483/485
f 834/589/594 1158/747/752 872/618/623
f 1073/732/737 1067/708/713 1096/748/753
f 1068/725/730 1102/749/754 831/522/526
f 1024/652/657 1116/750/755 1074/713/718
f 1033/690/695 986/647/652 1099/743/748
f 1018/696/701 1070/751/756 1100/752/757
f 1090/745/750 738/483/485 1028/698/703
f 1097/740/745 1183/684/689 1048/719/724
f 1070/751/756 1018/696/701 1106/753/758
f 1100/752/757 1070/751/756 1108/754/759
f 840/582/587 1057/755/760 1051/712/717
f 1045/710/715 1091/736/741 1109/756/761
f 1096/748/753 1067/708/713 1110/757/762
f 1098/758/763 1115/759/764 1095/760/765
f 679/476/478 831/522/526 1055/723/728
f 1113/761/766 1097/740/745 1094/762/767
f 1100/752/757 1108/754/759 1122/763/768
f 1086/764/769 1117/765/770 1085/655/660
f 1183/684/689 1097/740/745 1120/766/771
f 1105/767/772 932/568/572 1159/768/773
f 1045/710/715 1109/756/761 1124/769/774
f 1112/770/775 1099/743/748 1140/771/776
f 916/658/663 1061/672/677 1151/772/777
f 1155/773/778 1084/733/738 1142/774/779
f 1123/775/780 1112/770/775 1140/771/776
f 1022/716/721 1100/752/757 1138/776/781
f 988/671/676 846/547/551 1139/777/782
f 1100/752/757 1137/778/783 1138/776/781
f 1045/710/715 1135/779/784 1153/780/785
f 1102/749/754 1141/781/786 831/522/526
f 1012/782/787 1144/783/788 986/647/652
f 1199/784/789 1103/785/790 992/670/675
f 1092/738/743 1052/693/698 1148/786/791
f 1028/698/703 988/671/676 1191/787/792
f 1058/788/793 1193/789/794 1147/790/795
f 1012/782/787 1085/655/660 1156/791/796
f 1117/765/770 1145/792/797 1131/793/798
f 846/547/551 1045/710/715 1257/794/799
f 1129/795/800 1067/708/713 1154/796/801
f 1085/655/660 1131/793/798 1171/797/802
f 1051/712/717 1170/798/803 996/689/694
f 1087/799/804 1089/800/805 1146/801/806
f 1049/709/714 916/658/663 1151/772/777
f 1035/609/614 1152/802/807 1198/803/808
f 1045/710/715 1153/780/785 1173/804/809
f 1173/804/809 1153/780/785 1163/805/810
f 1099/743/748 986/647/652 1168/806/811
f 1154/796/801 1067/708/713 1164/807/812
f 1044/727/732 1198/803/808 1061/672/677
f 1044/727/732 1035/609/614 1198/803/808
f 1161/808/813 1146/801/806 1172/809/814
f 846/547/551 1257/794/799 1139/777/782
f 1045/710/715 1173/804/809 1257/794/799
f 1022/716/721 1160/810/815 1190/811/816
f 1164/807/812 1067/708/713 1174/812/817
f 986/647/652 1144/783/788 1168/806/811
f 1169/813/818 1157/814/819 1180/815/820
f 1174/812/817 1067/708/713 1182/816/821
f 1148/786/791 1103/785/790 1184/817/822
f 1141/781/786 1185/818/823 831/522/526
f 1173/804/809 1181/819/824 1194/820/825
f 1182/816/821 1067/708/713 1195/821/826
f 1195/821/826 1067/708/713 1268/676/681
f 1172/809/814 1089/800/805 1197/822/827
f 1223/823/828 1186/824/829 1166/825/830
f 1202/826/831 1201/827/832 1039/669/674
f 1257/794/799 1173/804/809 1194/820/825
f 1471/828/833 1212/829/834 1002/830/835
f 1085/655/660 1171/797/802 1205/831/836
f 1167/832/837 1209/833/838 1183/684/689
f 1208/834/839 1187/835/840 1202/826/831
f 1208/834/839 1202/826/831 1215/836/841
f 1084/733/738 1210/837/842 1064/656/661
f 1151/772/777 1061/672/677 1272/838/843
f 1170/798/803 1192/839/844 1219/840/845
f 1182/816/821 1195/821/826 1211/841/846
f 1085/655/660 1205/831/836 1156/791/796
f 1257/794/799 1194/820/825 1221/842/847
f 1090/745/750 1028/698/703 1191/787/792
f 1257/794/799 1221/842/847 1225/843/848
f 1197/822/827 1089/800/805 1230/844/849
f 1191/787/792 988/671/676 1224/845/850
f 1272/838/843 1061/672/677 1198/803/808
f 988/671/676 1139/777/782 1224/845/850
f 1183/684/689 1209/833/838 1226/846/851
f 1211/841/846 1195/821/826 1233/847/852
f 1171/797/802 1175/848/853 1205/831/836
f 1175/848/853 1229/849/854 1205/831/836
f 1089/800/805 1049/709/714 1238/850/855
f 1180/815/820 1099/743/748 1234/851/856
f 1228/852/857 1206/853/858 1180/815/820
f 1081/728/733 1055/723/728 1235/854/859
f 996/689/694 1170/798/803 1239/855/860
f 1257/794/799 1225/843/848 1243/856/861
f 1230/844/849 1089/800/805 1247/857/862
f 1193/789/794 1365/858/863 1236/859/864
f 1233/847/852 1195/821/826 1244/860/865
f 1242/861/866 1207/862/867 1241/863/868
f 1244/860/865 1195/821/826 1249/864/869
f 996/689/694 1302/865/870 1268/676/681
f 1207/862/867 1242/861/866 1162/866/871
f 1229/849/854 1252/867/872 1205/831/836
f 1250/868/873 1259/869/874 1232/870/875
f 1260/871/876 1228/852/857 1180/815/820
f 1184/817/822 1103/785/790 1262/872/877
f 1243/856/861 1261/873/878 1257/794/799
f 1168/806/811 1144/783/788 1269/874/879
f 1239/855/860 1258/875/880 1266/876/881
f 1238/850/855 1049/709/714 1217/877/882
f 1144/783/788 1486/878/883 1269/874/879
f 1144/783/788 1156/791/796 1486/878/883
f 1272/838/843 1198/803/808 1446/879/884
f 1275/880/885 1236/859/864 1320/881/886
f 1267/882/887 1249/864/869 1279/883/888
f 1055/723/728 831/522/526 1738/884/889
f 1270/885/890 1237/886/891 1256/887/892
f 1264/888/893 1260/871/876 1285/889/894
f 1279/883/888 1249/864/869 1289/890/895
f 1309/891/896 1264/888/893 1285/889/894
f 1162/866/871 1286/892/897 1274/893/898
f 1089/800/805 1282/894/899 1287/895/900
f 1257/794/799 1261/873/878 1284/896/901
f 1285/889/894 1260/871/876 1277/897/902
f 1286/892/897 1162/866/871 1295/898/903
f 1090/745/750 1191/787/792 1283/899/904
f 1276/900/905 1275/880/885 1320/881/886
f 1293/901/906 1303/902/907 4543/903/908
f 1202/826/831 1065/746/751 1583/904/909
f 1065/746/751 1090/745/750 1583/904/909
f 1257/794/799 1284/896/901 1297/905/910
f 1290/906/911 1298/907/912 1292/908/913
f 1304/909/914 4543/903/908 1303/902/907
f 1304/909/914 1307/910/915 4543/903/908
f 1386/911/916 1257/794/799 1311/912/917
f 1257/794/799 1297/905/910 1311/912/917
f 1289/890/895 1249/864/869 1195/821/826
f 1282/894/899 1089/800/805 1238/850/855
f 1239/855/860 1266/876/881 996/689/694
f 1312/913/918 1289/890/895 1195/821/826
f 1298/907/912 1323/914/919 1305/915/920
f 1323/914/919 1315/916/921 1305/915/920
f 1328/917/922 1332/918/923 1307/910/915
f 1168/806/811 1269/874/879 1234/851/856
f 1156/791/796 1351/919/924 1486/878/883
f 1180/815/820 1234/851/856 1277/897/902
f 1332/918/923 1348/920/925 1307/910/915
f 1342/921/926 1345/922/927 1337/923/928
f 1345/922/927 1331/924/929 1337/923/928
f 1285/889/894 1277/897/902 1352/925/930
f 1322/926/931 1195/821/826 1353/927/932
f 1355/928/933 1362/929/934 1348/920/925
f 1446/879/884 1198/803/808 1296/930/935
f 1198/803/808 1152/802/807 1495/931/936
f 1424/932/937 1151/772/777 1272/838/843
f 1311/912/917 1366/933/938 1386/911/916
f 1353/927/932 1195/821/826 1367/934/939
f 1298/907/912 1370/935/940 1323/914/919
f 1359/936/941 1361/937/942 1345/922/943
f 1361/937/942 1347/938/944 1345/922/943
f 1273/939/945 1334/940/946 1205/831/836
f 1370/935/940 1298/907/912 1290/906/911
f 1370/935/940 1404/941/947 1323/914/919
f 1218/942/948 1310/943/949 1565/944/950
f 1266/876/881 1319/945/951 996/689/694
f 1404/941/947 1354/946/952 1323/914/919
f 1375/947/953 1359/936/941 1368/948/954
f 1375/947/953 1361/937/942 1359/936/941
f 1378/949/955 4544/950/956 4545/951/957
f 1156/791/796 1205/831/836 1351/919/924
f 1205/831/836 1334/940/946 1374/952/958
f 1282/894/899 1238/850/855 1357/953/959
f 1404/941/947 1371/954/960 1354/946/952
f 1350/955/961 1294/956/962 1316/957/963
f 1387/958/964 1377/959/965 1361/937/942
f 1299/960/966 1372/961/967 1381/962/968
f 1334/940/946 1385/963/969 1374/952/958
f 1198/803/808 1495/931/936 1296/930/935
f 1294/956/962 1449/964/970 1290/906/911
f 1223/823/828 1485/965/971 1389/966/972
f 1263/967/973 1491/968/974 1341/969/975
f 1367/934/939 1195/821/826 1393/970/976
f 1290/906/911 1396/971/977 1370/935/940
f 1404/941/947 1400/972/978 1371/954/960
f 1400/972/978 1376/973/979 1371/954/960
f 1399/974/980 1417/975/981 1375/947/953
f 1375/947/953 1417/975/981 1361/937/942
f 1274/893/898 1382/976/982 1390/977/983
f 1386/911/916 1366/933/938 1394/978/984
f 1195/821/826 1268/676/681 1395/979/985
f 1460/980/986 1398/981/987 1397/982/988
f 1403/983/989 1396/971/977 1290/906/911
f 1426/984/990 1400/972/978 1404/941/947
f 1467/985/991 1449/964/970 1294/956/962
f 1373/986/992 1277/897/902 1402/987/993
f 1274/893/898 1401/988/994 1382/976/982
f 1357/953/959 1238/850/855 1408/989/995
f 831/522/526 1301/990/996 1358/991/997
f 1467/985/991 1294/956/962 1350/955/961
f 1436/992/998 1405/993/999 1387/958/964
f 1234/851/856 1269/874/879 1422/994/1000
f 1490/995/1001 1577/996/1002 1340/997/1003
f 1386/911/916 1394/978/984 1425/998/1004
f 1450/999/1005 1413/1000/1006 1460/980/986
f 1428/1001/1007 1431/1002/1008 1400/1003/1009
f 1437/1004/1010 1458/1005/1011 1420/1006/1012
f 1456/1007/1013 1417/975/981 1434/1008/1014
f 1417/975/981 1461/1009/1015 1361/937/942
f 1461/1009/1015 1387/958/964 1361/937/942
f 1277/897/902 1234/851/856 1422/994/1000
f 1393/970/976 1195/821/826 1395/979/985
f 1456/1007/1013 1461/1009/1015 1417/975/981
f 1461/1009/1015 1483/1010/1016 1387/958/964
f 1483/1010/1016 1436/992/998 1387/958/964
f 1463/1011/1017 1423/1012/1018 1380/1013/1019
f 1390/977/983 1382/976/982 1465/1014/1020
f 1262/872/877 1103/785/790 1511/1015/1021
f 1473/1016/1022 4544/950/956 1458/1005/1011
f 1205/831/836 1374/952/958 1459/1017/1023
f 1374/952/958 1407/1018/1024 1459/1017/1023
f 1408/989/995 1238/850/855 1474/1019/1025
f 1139/777/782 1257/794/799 1466/1020/1026
f 1235/854/859 1055/723/728 1477/1021/1027
f 1473/1016/1022 1481/1022/1028 4544/950/956
f 1402/987/993 1277/897/902 1445/1023/1029
f 1455/1024/1030 1482/1025/1031 1468/1026/1032
f 1436/992/998 1480/1027/1033 1469/1028/1034
f 1480/1027/1033 1472/1029/1035 1469/1028/1034
f 1481/1022/1028 1484/1030/1036 4544/950/956
f 1504/1031/1037 1406/1032/1038 1464/1033/1039
f 1459/1017/1023 1487/1034/1040 1205/831/836
f 1139/777/782 1466/1020/1026 1224/845/850
f 1425/998/1004 1478/1035/1041 1386/911/916
f 1461/1009/1015 1498/1036/1042 1483/1010/1016
f 1482/1025/1031 1524/1037/1043 1488/1038/1044
f 1498/1036/1042 1499/1039/1045 1483/1010/1016
f 1483/1010/1016 1509/1040/1046 1436/992/998
f 1406/1032/1038 1504/1031/1037 1502/1041/1047
f 1436/992/998 1547/1042/1048 1480/1027/1033
f 1547/1042/1048 1489/1043/1049 1480/1027/1033
f 1510/1044/1050 4544/950/956 1484/1030/1036
f 1508/1045/1051 1467/985/991 1350/955/961
f 1238/850/855 1217/877/882 1424/932/937
f 1257/794/799 1386/911/916 1759/1046/1052
f 1386/911/916 1540/1047/1053 1609/1048/1054
f 1386/911/916 1505/1049/1055 1512/1050/1056
f 1519/1051/1057 1520/1052/1058 4544/950/956
f 1526/1053/1059 1509/1040/1046 1483/1010/1016
f 1528/1054/1060 1202/826/831 1583/904/909
f 1474/1019/1025 1238/850/855 1522/1055/1061
f 1503/1056/1062 1202/826/831 1528/1054/1060
f 1199/784/789 1669/1057/1063 1103/785/790
f 1386/911/916 1512/1050/1056 1540/1047/1053
f 1447/1058/1064 1393/970/976 1395/979/985
f 1533/1059/1065 1542/1060/1066 1509/1040/1046
f 1533/1059/1065 1509/1040/1046 1543/1061/1067
f 1547/1042/1048 1544/1062/1068 1518/1063/1069
f 1474/1019/1025 1522/1055/1061 1536/1064/1070
f 1531/1065/1071 1447/1058/1064 1395/979/985
f 1205/831/836 1487/1034/1040 1550/1066/1072
f 1272/838/843 1446/879/884 1523/1067/1073
f 1565/944/950 1683/1068/1074 1807/1069/1075
f 1386/911/916 1609/1048/1054 1759/1046/1052
f 996/689/694 1566/1070/1076 1302/865/870
f 1555/1071/1077 1531/1065/1071 1395/979/985
f 1055/723/728 1738/884/889 1654/1072/1078
f 1567/1073/1079 1578/1074/1080 1546/1075/1081
f 1569/1076/1082 1572/1077/1083 1573/1078/1084
f 1564/1079/1085 1575/1080/1086 1577/996/1002
f 1446/879/884 1296/930/935 1554/1081/1087
f 1609/1048/1054 1540/1047/1053 1557/1082/1088
f 1572/1077/1083 1581/1083/1089 1509/1040/1046
f 1582/1084/1090 1508/1045/1051 1350/955/961
f 1582/1084/1090 1350/955/961 1548/1085/1091
f 1436/992/998 1509/1040/1046 1547/1042/1048
f 1567/1073/1092 1580/1086/1093 1571/1087/1094
f 1619/1088/1095 1547/1042/1048 1509/1040/1046
f 1529/1089/1096 1494/1090/1097 1545/1091/1098
f 1487/1034/1040 1551/1092/1099 1550/1066/1072
f 1560/1093/1100 1395/979/985 1593/1094/1101
f 1584/1095/1102 1597/1096/1103 1580/1097/1104
f 1528/1054/1060 1583/904/909 1604/1098/1105
f 1538/1099/1106 1238/850/855 1606/1100/1107
f 1302/865/870 1566/1070/1076 1608/1101/1108
f 1581/1083/1089 1619/1088/1095 1509/1040/1046
f 1191/787/792 1224/845/850 1617/1102/1109
f 1618/1103/1110 1581/1083/1089 1614/1104/1111
f 1547/1042/1048 1574/1105/1112 1544/1062/1068
f 1379/1106/1113 1392/1107/1114 1627/1108/1115
f 1618/1103/1110 1619/1088/1095 1581/1083/1089
f 1486/878/883 1351/919/924 1703/1109/1116
f 1283/899/904 1591/1110/1117 1583/904/909
f 1466/1020/1026 1257/794/799 1621/1111/1118
f 1618/1103/1110 1623/1112/1119 1619/1088/1095
f 1547/1042/1048 1624/1113/1120 1574/1105/1112
f 1609/1048/1054 1592/1114/1121 1630/1115/1122
f 1593/1094/1101 1395/979/985 1632/1116/1123
f 1277/897/902 1422/994/1000 1638/1117/1124
f 1446/879/884 1554/1081/1087 1628/1118/1125
f 1593/1119/1126 1634/1120/1127 1642/1121/1128
f 1623/1112/1119 1661/1122/1129 1619/1088/1095
f 1644/1123/1130 1600/1124/1131 1647/1125/1132
f 1486/878/883 1703/1109/1116 1672/1126/1133
f 1604/1098/1105 1583/904/909 1650/1127/1134
f 1257/794/799 1759/1046/1052 1621/1111/1118
f 1634/1120/1127 1632/1116/1123 1642/1121/1128
f 1643/1128/1135 1635/1129/1136 1613/1130/1137
f 1643/1128/1135 1660/1131/1138 1656/1132/1139
f 1663/1133/1140 1615/1134/1141 1545/1091/1098
f 1663/1133/1140 1545/1091/1098 1667/1135/1142
f 1619/1088/1095 1624/1113/1120 1547/1042/1048
f 1422/994/1000 1269/874/879 1692/1136/1143
f 1641/1137/1144 1663/1133/1140 1667/1135/1142
f 1296/930/935 1495/931/936 1789/1138/1145
f 1477/1021/1027 1055/723/728 1757/1139/1146
f 1395/979/985 1268/676/681 1302/865/870
f 1269/874/879 1486/878/883 1672/1126/1133
f 1552/1140/1147 1626/1141/1148 1668/1142/1149
f 1283/899/904 1191/787/792 1708/1143/1150
f 1224/845/850 1466/1020/1026 1617/1102/1109
f 1642/1121/1128 1632/1116/1123 1689/1144/1151
f 1674/1145/1152 1606/1100/1107 1652/1146/1153
f 1238/850/855 1424/932/937 1681/1147/1154
f 1609/1048/1054 1630/1115/1122 1675/1148/1155
f 1632/1116/1123 1395/979/985 1695/1149/1156
f 1632/1116/1123 1695/1149/1156 1689/1144/1151
f 1272/838/843 1523/1067/1073 1682/1150/1157
f 1617/1102/1109 1708/1143/1150 1191/787/792
f 1495/931/936 1670/1151/1158 1789/1138/1145
f 1550/1066/1072 1673/1152/1159 1639/1153/1160
f 1845/1154/1161 1583/904/909 1591/1110/1117
f 1609/1048/1054 1675/1148/1155 1688/1155/1162
f 1685/1156/1163 1699/1157/1164 1619/1088/1095
f 1583/904/909 1845/1154/1161 1686/1158/1165
f 1272/838/843 1682/1150/1157 1424/932/937
f 1554/1081/1087 1296/930/935 1789/1138/1145
f 1582/1084/1090 1548/1085/1091 1721/1159/1166
f 1650/1127/1134 1686/1158/1165 1734/1160/1167
f 1693/1161/1168 1695/1149/1156 1697/1162/1169
f 1643/1128/1135 1698/1163/1170 1684/1164/1171
f 1624/1113/1120 1700/1165/1172 1678/1166/1173
f 1523/1067/1073 1446/879/884 1628/1118/1125
f 1757/1139/1146 1055/723/728 1654/1072/1078
f 1699/1157/1164 1720/1167/1174 1619/1088/1095
f 4551/1168/1175 1625/1169/1176 1705/1170/1177
f 1351/919/924 1205/831/836 1707/1171/1178
f 1302/865/870 1653/1172/1179 1709/1173/1180
f 1759/1046/1052 1609/1048/1054 1710/1174/1181
f 1609/1048/1054 1688/1155/1162 1710/1174/1181
f 1269/874/879 1672/1126/1133 1696/1175/1182
f 1576/1176/1183 1625/1169/1176 4551/1168/1175
f 1650/1127/1134 1734/1160/1167 1711/1177/1184
f 1552/1140/1147 1668/1142/1149 1715/1178/1185
f 1624/1113/1120 1784/1179/1186 1700/1165/1172
f 1502/1041/1047 1680/1180/1187 1712/1181/1188
f 1722/1182/1189 1619/1088/1095 1720/1167/1174
f 1692/1136/1143 1269/874/879 1696/1175/1182
f 1697/1162/1169 1695/1149/1156 1723/1183/1190
f 1714/1184/1191 1687/1185/1192 1730/1186/1193
f 1552/1140/1147 1715/1178/1185 1731/1187/1194
f 1652/1146/1153 1238/850/855 1754/1188/1195
f 1591/1110/1117 1283/899/904 1708/1143/1150
f 1617/1102/1109 1466/1020/1026 1621/1111/1118
f 1552/1140/1147 1731/1187/1194 1741/1189/1196
f 1302/865/870 1709/1173/1180 1736/1190/1197
f 1723/1183/1190 1695/1149/1156 1747/1191/1198
f 1545/1091/1098 1277/897/902 1638/1117/1124
f 1747/1191/1198 1695/1149/1156 1760/1192/1199
f 831/522/526 1358/991/997 1738/884/889
f 1766/1193/1200 1721/1159/1166 1718/1194/1201
f 1638/1117/1124 1422/994/1000 1692/1136/1143
f 1762/1195/1202 1735/1196/1203 1744/1197/1204
f 1765/1198/1205 1773/1199/1206 1619/1088/1095
f 1713/1200/1207 1770/1201/1208 1639/1153/1160
f 1681/1147/1154 1424/932/937 1682/1150/1157
f 1759/1046/1052 1710/1174/1181 1764/1202/1209
f 1744/1197/1204 1753/1203/1210 1762/1195/1202
f 1639/1153/1160 1770/1201/1208 1774/1204/1211
f 1523/1067/1073 1628/1118/1125 1775/1205/1212
f 1747/1191/1198 1760/1192/1199 1778/1206/1213
f 1788/1207/1214 1773/1199/1206 1765/1198/1205
f 1703/1109/1116 1351/919/924 1707/1171/1178
f 1759/1046/1052 1776/1208/1215 1783/1209/1216
f 1729/1210/1217 1781/1211/1218 1796/1212/1219
f 1695/1149/1156 1395/979/985 1760/1192/1199
f 1682/1150/1157 1523/1067/1073 1775/1205/1212
f 1797/1213/1220 1617/1102/1109 1621/1111/1118
f 1778/1206/1213 1760/1192/1199 1800/1214/1221
f 1763/1215/1222 1792/1216/1223 1809/1217/1224
f 1358/991/997 1671/1218/1225 1878/1219/1226
f 1638/1117/1124 1692/1136/1143 1810/1220/1227
f 1789/1138/1145 1799/1221/1228 1554/1081/1087
f 1759/1046/1052 1783/1209/1216 1815/1222/1229
f 1358/991/997 1878/1219/1226 1738/884/889
f 1639/1153/1160 1774/1204/1211 1811/1223/1230
f 1754/1188/1195 1681/1147/1154 1816/1224/1231
f 1781/1211/1218 1545/1091/1098 1791/1225/1232
f 1782/1226/1233 1754/1188/1195 1816/1224/1231
f 1628/1118/1125 1554/1081/1087 1799/1221/1228
f 1759/1046/1052 1771/1227/1234 1621/1111/1118
f 1759/1046/1052 1818/1228/1235 1771/1227/1234
f 1759/1046/1052 1815/1222/1229 1830/1229/1236
f 1812/1230/1237 1782/1226/1233 1816/1224/1231
f 1818/1228/1235 1759/1046/1052 1830/1229/1236
f 1837/1231/1238 1821/1232/1239 1845/1154/1161
f 1831/1233/1240 1800/1214/1221 1760/1192/1199
f 1896/1234/1241 1591/1110/1117 1708/1143/1150
f 1818/1228/1235 1830/1229/1236 1856/1235/1242
f 1801/1236/1243 1302/865/870 2021/1237/1244
f 1822/1238/1245 1846/1239/1246 1811/1223/1230
f 1856/1235/1242 1830/1229/1236 1849/1240/1247
f 1831/1233/1240 1760/1192/1199 1850/1241/1248
f 1302/865/870 1801/1236/1243 1395/979/985
f 1811/1223/1230 1846/1239/1246 1872/1242/1249
f 1811/1223/1230 1872/1242/1249 1639/1153/1160
f 1773/1199/1206 1984/1243/1250 1985/1244/1251
f 1696/1175/1182 1672/1126/1133 1851/1245/1252
f 1502/1041/1047 1735/1196/1203 2170/1246/1253
f 1681/1147/1154 1682/1150/1157 1918/1247/1254
f 1842/1248/1255 1792/1216/1223 1867/1249/1256
f 1850/1241/1248 1760/1192/1199 1859/1250/1257
f 1760/1192/1199 1912/1251/1258 1859/1250/1257
f 1672/1126/1133 1703/1109/1116 1851/1245/1252
f 1302/865/870 1841/1252/1259 1866/1253/1260
f 1771/1227/1234 1856/1235/1242 1897/1254/1261
f 1856/1235/1242 1849/1240/1247 1875/1255/1262
f 1897/1254/1261 1856/1235/1242 1884/1256/1263
f 1856/1235/1242 1875/1255/1262 1884/1256/1263
f 1757/1139/1146 1654/1072/1078 2011/1257/1264
f 1795/1258/1265 1838/1259/1266 2170/1246/1253
f 1863/1260/1267 1681/1147/1154 1893/1261/1268
f 1735/1196/1203 1795/1258/1265 2170/1246/1253
f 1875/1255/1269 1887/1262/1270 1900/1263/1271
f 1882/1264/1272 1845/1154/1161 1889/1265/1273
f 1654/1072/1078 1738/884/889 2117/1266/1274
f 1708/1143/1150 1617/1102/1109 1797/1213/1220
f 1628/1118/1125 1883/1267/1275 1775/1205/1212
f 1900/1263/1276 1911/1268/1277 1884/1256/1263
f 1897/1254/1261 1884/1256/1263 1924/1269/1278
f 1884/1256/1263 1911/1268/1277 1925/1270/1279
f 1878/1219/1226 1914/1271/1280 1738/884/889
f 1692/1136/1143 1696/1175/1182 1915/1272/1281
f 1838/1259/1266 1910/1273/1282 2170/1246/1253
f 1681/1147/1154 1927/1274/1283 1893/1261/1268
f 1924/1269/1278 1884/1256/1263 1925/1270/1279
f 1845/1154/1161 1882/1264/1272 1909/1275/1284
f 1639/1153/1160 1872/1242/1249 1891/1276/1285
f 1866/1253/1260 1929/1277/1286 2021/1237/1244
f 1771/1227/1234 1897/1254/1261 1931/1278/1287
f 1924/1269/1278 1925/1270/1279 1937/1279/1288
f 1681/1147/1154 1936/1280/1289 1927/1274/1283
f 1628/1118/1125 1799/1221/1228 1883/1267/1275
f 1897/1254/1290 1944/1281/1291 1948/1282/1292
f 1944/1281/1291 1937/1279/1293 1948/1282/1292
f 1937/1279/1293 1941/1283/1294 1948/1282/1292
f 1707/1171/1178 1639/1153/1160 1977/1284/1295
f 1946/1285/1296 1917/1286/1297 1894/1287/1298
f 1702/1288/1299 1813/1289/1300 1953/1290/1301
f 1912/1251/1258 1760/1192/1199 1954/1291/1302
f 1891/1276/1285 1955/1292/1303 1639/1153/1160
f 1789/1138/1145 1920/1293/1304 1957/1294/1305
f 1771/1227/1234 1931/1278/1287 1988/1295/1306
f 1718/1194/1201 1965/1296/1307 1903/1297/1308
f 1718/1194/1201 1881/1298/1309 1965/1296/1307
f 1955/1292/1303 1891/1276/1285 1967/1299/1310
f 1891/1276/1285 1926/1300/1311 1967/1299/1310
f 1864/1301/1312 1781/1211/1218 1894/1287/1298
f 1931/1278/1287 1897/1254/1261 1978/1302/1313
f 1897/1254/1261 1958/1303/1314 1978/1302/1313
f 1638/1117/1124 1810/1220/1227 2009/1304/1315
f 1791/1225/1232 1638/1117/1124 2009/1304/1315
f 2170/1246/1253 1943/1305/1316 1987/1306/1317
f 1954/1291/1302 1760/1192/1199 1992/1307/1318
f 1905/1308/1319 4565/1309/1320 2002/1310/1321
f 1621/1111/1118 1771/1227/1234 1968/1311/1322
f 1738/884/889 1914/1271/1280 2001/1312/1323
f 2083/1313/1324 1965/1296/1307 1881/1298/1309
f 2152/1314/1325 1746/1315/1326 4560/1316/1327
f 1936/1280/1289 1681/1147/1154 1918/1247/1254
f 1771/1227/1234 1988/1295/1306 2004/1317/1328
f 1979/1318/1329 2015/1319/1330 1991/1320/1331
f 1992/1307/1318 1760/1192/1199 2016/1321/1332
f 1707/1171/1178 1977/1284/1295 1703/1109/1116
f 1775/1205/1212 1883/1267/1275 2097/1322/1333
f 1702/1288/1299 1953/1290/1301 2037/1323/1334
f 1991/1320/1331 2015/1319/1330 2033/1324/1335
f 2023/1325/1336 1760/1192/1199 1395/979/985
f 1790/1326/1337 1742/1327/1338 2235/1328/1339
f 1738/884/889 2001/1312/1323 2036/1329/1340
f 1989/1330/1341 2010/1331/1342 2115/1332/1343
f 1799/1221/1228 1990/1333/1344 2048/1334/1345
f 2011/1257/1264 1654/1072/1078 2049/1335/1346
f 2033/1324/1335 2015/1319/1330 2053/1336/1347
f 2208/1337/1348 1702/1288/1299 2037/1323/1334
f 1682/1150/1157 1775/1205/1212 2097/1322/1333
f 1896/1234/1241 1708/1143/1150 2047/1338/1349
f 2029/1339/1350 1771/1227/1234 2004/1317/1328
f 2010/1331/1342 1991/1340/1351 2115/1332/1343
f 2003/1341/1352 1894/1287/1298 2057/1342/1353
f 1621/1111/1118 1968/1311/1322 2065/1343/1354
f 1771/1227/1234 2029/1339/1350 1968/1311/1322
f 1991/1340/1355 2034/1344/1356 2071/1345/1357
f 2034/1344/1356 2053/1346/1358 2071/1345/1357
f 2016/1321/1332 1760/1192/1199 2052/1347/1359
f 2024/1348/1360 1903/1297/1308 2078/1349/1361
f 1953/1290/1301 2058/1350/1362 2037/1323/1334
f 1708/1143/1150 1797/1213/1220 2064/1351/1363
f 1639/1153/1160 1955/1292/1303 1977/1284/1295
f 2019/1352/1364 1918/1247/1254 2131/1353/1365
f 1797/1213/1220 1621/1111/1118 2079/1354/1366
f 1621/1111/1118 2081/1355/1367 2020/1356/1368
f 2005/1357/1369 1989/1330/1341 2115/1332/1343
f 1797/1213/1220 2079/1354/1366 2087/1358/1370
f 1621/1111/1118 2020/1356/1368 2099/1359/1371
f 1621/1111/1118 2065/1343/1354 2088/1360/1372
f 2061/1361/1373 2030/1362/1374 2209/1363/1375
f 2052/1347/1359 1760/1192/1199 2101/1364/1376
f 1692/1136/1143 1915/1272/1281 1810/1220/1227
f 2081/1355/1367 1621/1111/1118 2088/1360/1372
f 2115/1332/1343 1991/1340/1351 2072/1365/1377
f 2072/1366/1378 2095/1367/1379 2107/1368/1380
f 1903/1297/1308 1965/1296/1307 2102/1369/1381
f 1682/1150/1157 2097/1322/1333 1918/1247/1254
f 2064/1351/1363 1797/1213/1220 2098/1370/1382
f 1797/1213/1220 2113/1371/1383 2086/1372/1384
f 2068/1373/1385 2061/1361/1373 2089/1374/1386
f 2078/1349/1361 1903/1297/1308 2102/1369/1381
f 1904/1375/1387 2119/1376/1388 2111/1377/1389
f 2085/1378/1390 1708/1143/1150 2064/1351/1363
f 2098/1370/1382 1797/1213/1220 2086/1372/1384
f 1621/1111/1118 2099/1359/1371 2123/1379/1391
f 1799/1221/1228 2149/1380/1392 1883/1267/1275
f 2089/1374/1386 2061/1361/1373 2209/1363/1375
f 2005/1357/1369 2115/1332/1343 2030/1362/1374
f 1801/1236/1243 2069/1381/1393 2127/1382/1394
f 2046/1383/1395 2103/1384/1396 1955/1292/1303
f 2047/1338/1349 1708/1143/1150 2084/1385/1397
f 2084/1385/1397 1708/1143/1150 2133/1386/1398
f 2020/1356/1368 2125/1387/1399 2099/1359/1371
f 2076/1388/1400 2082/1389/1401 2126/1390/1402
f 2209/1363/1375 2030/1362/1374 2115/1332/1343
f 2047/1338/1349 2084/1385/1397 2140/1391/1403
f 1708/1143/1150 2075/1392/1404 2133/1386/1398
f 1708/1143/1150 2085/1378/1390 2075/1392/1404
f 1621/1111/1118 2123/1379/1391 2079/1354/1366
f 2089/1374/1386 2209/1363/1375 2105/1393/1405
f 2079/1354/1366 2122/1394/1406 2087/1358/1370
f 2080/1395/1407 2124/1396/1408 2121/1397/1409
f 2082/1389/1401 2105/1393/1405 2126/1390/1402
f 2048/1334/1345 2149/1380/1392 1799/1221/1228
f 2101/1364/1376 1760/1192/1199 2128/1398/1410
f 1904/1375/1387 1896/1234/1241 2145/1399/1411
f 2195/1400/1412 2143/1401/1413 1985/1244/1251
f 2047/1338/1349 2146/1402/1414 2155/1403/1415
f 2072/1365/1377 2108/1404/1416 2161/1405/1417
f 1703/1109/1116 1977/1284/1295 2294/1406/1418
f 2063/1407/1419 1904/1375/1387 2164/1408/1420
f 2131/1353/1365 1918/1247/1254 2167/1409/1421
f 1965/1296/1307 2138/1410/1422 2169/1411/1423
f 2132/1412/1424 2057/1342/1353 2219/1413/1425
f 1896/1234/1241 2047/1338/1349 2171/1414/1426
f 2113/1371/1383 2159/1415/1427 2086/1372/1384
f 2115/1332/1343 2072/1365/1377 2175/1416/1428
f 2072/1365/1377 2161/1405/1417 2175/1416/1428
f 2162/1417/1429 2128/1398/1410 1760/1192/1199
f 2136/1418/1430 2121/1397/1409 2177/1419/1431
f 2100/1420/1432 2126/1390/1402 2124/1396/1408
f 2149/1380/1392 2048/1334/1345 2179/1421/1433
f 2049/1335/1346 1654/1072/1078 2178/1422/1434
f 1896/1234/1241 2184/1423/1435 2182/1424/1436
f 2105/1393/1405 2209/1363/1375 2126/1390/1402
f 1896/1234/1241 2171/1414/1426 2184/1423/1435
f 2168/1425/1437 2173/1426/1438 2186/1427/1439
f 2147/1428/1440 2134/1429/1441 2142/1430/1442
f 2160/1431/1443 2136/1418/1430 2177/1419/1431
f 2175/1416/1428 2161/1405/1417 2193/1432/1444
f 2120/1433/1445 2144/1434/1446 2203/1435/1447
f 2103/1384/1396 2166/1436/1448 2197/1437/1449
f 2144/1434/1446 2165/1438/1450 2203/1435/1447
f 2164/1408/1420 1904/1375/1387 2188/1439/1451
f 2057/1342/1353 1922/1440/1452 2219/1413/1425
f 2167/1409/1421 1918/1247/1254 2205/1441/1453
f 2102/1369/1381 1965/1296/1307 2169/1411/1423
f 2265/1442/1454 1742/1327/1338 2170/1246/1253
f 2170/1246/1253 2120/1433/1445 2203/1435/1447
f 2156/1443/1455 2148/1444/1456 2135/1445/1457
f 2121/1397/1409 2124/1396/1408 2177/1419/1431
f 2124/1396/1408 2126/1390/1402 2209/1363/1375
f 1883/1267/1275 2149/1380/1392 2240/1446/1458
f 2145/1399/1411 1896/1234/1241 2214/1447/1459
f 2186/1427/1439 2173/1426/1438 2141/1448/1460
f 2147/1428/1440 2142/1430/1442 2186/1427/1439
f 2172/1449/1461 2168/1425/1437 2186/1427/1439
f 2142/1430/1442 2135/1445/1457 2186/1427/1439
f 2102/1369/1381 2169/1411/1423 2201/1450/1462
f 1654/1072/1078 2117/1266/1274 2220/1451/1463
f 2162/1417/1429 1760/1192/1199 2226/1452/1464
f 1904/1375/1387 2227/1453/1465 2222/1454/1466
f 1904/1375/1387 2145/1399/1411 2228/1455/1467
f 2185/1456/1468 2172/1449/1461 2186/1427/1439
f 2141/1448/1460 2147/1428/1440 2186/1427/1439
f 2217/1457/1469 2199/1458/1470 2232/1459/1471
f 2217/1457/1469 2232/1459/1471 2175/1416/1428
f 2487/1460/1472 2170/1246/1253 2203/1435/1447
f 2237/1461/1473 2132/1412/1424 2219/1413/1425
f 2145/1399/1411 2223/1462/1474 2228/1455/1467
f 2189/1463/1475 2183/1464/1476 2186/1427/1439
f 2183/1464/1476 2185/1456/1468 2186/1427/1439
f 2124/1396/1408 2209/1363/1375 2177/1419/1431
f 2232/1459/1471 2199/1458/1470 2242/1465/1477
f 2236/1466/1478 2188/1439/1451 1904/1375/1387
f 2197/1437/1449 2244/1467/1479 1955/1292/1303
f 2227/1453/1465 1904/1375/1387 2228/1455/1467
f 2145/1399/1411 2224/1468/1480 2223/1462/1474
f 2206/1469/1481 2428/1470/1482 2225/1471/1483
f 2097/1322/1333 1883/1267/1275 2240/1446/1458
f 2115/1332/1343 2175/1416/1428 2245/1472/1484
f 2175/1416/1428 2232/1459/1471 2245/1472/1484
f 1654/1072/1078 2220/1451/1463 2178/1422/1434
f 1918/1247/1254 2097/1322/1333 2207/1473/1485
f 2215/1474/1486 2189/1463/1475 2428/1470/1482
f 2135/1445/1457 2148/1444/1456 2186/1427/1439
f 2148/1444/1456 2160/1431/1443 2177/1419/1431
f 2236/1466/1478 1904/1375/1387 2255/1475/1487
f 1904/1375/1387 2222/1454/1466 2257/1476/1488
f 2228/1455/1467 2223/1462/1474 2249/1477/1489
f 2188/1439/1451 2236/1466/1478 2248/1478/1490
f 2255/1475/1487 1904/1375/1387 2257/1476/1488
f 2232/1459/1471 2263/1479/1491 2245/1472/1484
f 2226/1452/1464 1760/1192/1199 2268/1480/1492
f 2205/1441/1453 1918/1247/1254 2254/1481/1493
f 2186/1427/1439 2148/1444/1456 2177/1419/1431
f 2225/1471/1483 2428/1470/1482 2250/1482/1494
f 1738/884/889 2036/1329/1340 2550/1483/1495
f 2268/1480/1492 1760/1192/1199 2281/1484/1496
f 2151/1485/1497 4565/1309/1320 2284/1486/1498
f 1915/1272/1281 1696/1175/1182 2463/1487/1499
f 2487/1460/1472 2265/1442/1454 2170/1246/1253
f 2231/1488/1500 2250/1482/1494 2428/1470/1482
f 2245/1472/1484 2263/1479/1491 2282/1489/1501
f 1918/1247/1254 2207/1473/1485 2254/1481/1493
f 1919/1490/1502 4634/1491/1503 4578/1492/1504
f 2009/1304/1315 1810/1220/1227 2297/1493/1505
f 2269/1494/1506 2261/1495/1507 2298/1496/1508
f 1977/1284/1295 1955/1292/1303 2311/1497/1509
f 2300/1498/1510 4582/1499/1511 2028/1500/1512
f 5423/1501/1513 2282/1502/1514 2296/1503/1515
f 1395/979/985 1801/1236/1243 2275/1504/1516
f 2189/1463/1475 2186/1427/1439 2428/1470/1482
f 2305/1505/1517 2251/1506/1518 2307/1507/1519
f 2246/1508/1520 2304/1509/1521 2313/1510/1522
f 2254/1481/1493 2207/1473/1485 2315/1511/1523
f 2219/1413/1425 1922/1440/1452 2213/1512/1524
f 2487/1460/1472 2246/1508/1520 2334/1513/1525
f 2407/1514/1526 2277/1515/1527 2341/1516/1528
f 2281/1484/1496 1760/1192/1199 2338/1517/1529
f 2201/1450/1462 2169/1411/1423 2349/1518/1530
f 2246/1508/1520 2313/1510/1522 2334/1513/1525
f 1955/1292/1303 2274/1519/1531 2335/1520/1532
f 2149/1380/1392 2179/1421/1433 2351/1521/1533
f 2245/1522/1534 2296/1503/1535 2347/1523/1536
f 2245/1472/1484 2353/1524/1537 2346/1525/1538
f 2009/1304/1315 2297/1493/1505 2213/1512/1524
f 2338/1517/1529 1760/1192/1199 2364/1526/1539
f 1703/1109/1116 2294/1406/1418 1851/1245/1252
f 2336/1527/1540 2276/1528/1541 2219/1413/1425
f 1760/1192/1199 2023/1325/1336 2364/1526/1539
f 2353/1524/1542 2347/1529/1543 2366/1530/1544
f 2314/1531/1545 2299/1532/1546 2372/1533/1547
f 2261/1495/1507 2428/1470/1482 2298/1496/1508
f 2207/1473/1485 2097/1322/1333 2368/1534/1548
f 2115/1332/1343 2245/1472/1484 2346/1525/1538
f 1977/1284/1295 2311/1497/1509 2294/1406/1418
f 2299/1532/1546 2298/1496/1508 2372/1533/1547
f 2359/1535/1549 2198/1536/1550 2370/1537/1551
f 2169/1411/1423 2375/1538/1552 2349/1518/1530
f 1955/1292/1303 2335/1520/1532 2377/1539/1553
f 2315/1511/1523 2207/1473/1485 2392/1540/1554
f 2097/1322/1333 2240/1446/1458 2368/1534/1548
f 2550/1483/1495 2283/1541/1555 2389/1542/1556
f 4570/1543/1557 2531/1544/1558 4580/1545/1559
f 2487/1460/1472 2334/1513/1525 2475/1546/1560
f 2334/1513/1525 2376/1547/1561 2475/1546/1560
f 2407/1514/1526 2358/1548/1562 2394/1549/1563
f 2284/1486/1498 4565/1309/1320 2390/1550/1564
f 2348/1551/1565 2402/1552/1566 2200/1553/1567
f 2349/1518/1530 2375/1538/1552 2403/1554/1568
f 1696/1175/1182 1851/1245/1252 2582/1555/1569
f 2115/1332/1343 2346/1525/1538 2388/1556/1570
f 2388/1556/1570 2346/1525/1538 2413/1557/1571
f 2207/1473/1485 2368/1534/1548 2466/1558/1572
f 2403/1554/1568 2375/1538/1552 2418/1559/1573
f 2272/1560/1574 2414/1561/1575 2375/1538/1552
f 2414/1561/1575 2272/1560/1574 2420/1562/1576
f 2411/1563/1577 2336/1527/1540 2446/1564/1578
f 2404/1565/1579 2272/1560/1574 2437/1566/1580
f 2377/1539/1553 2425/1567/1581 1955/1292/1303
f 2115/1332/1343 2388/1556/1570 2209/1363/1375
f 2375/1538/1552 2414/1561/1575 2434/1568/1582
f 2272/1560/1574 2404/1565/1579 2420/1562/1576
f 2392/1540/1554 2207/1473/1485 2427/1569/1583
f 2384/1570/1584 2380/1571/1585 2465/1572/1586
f 2375/1538/1552 2434/1568/1582 2432/1573/1587
f 2240/1446/1458 2149/1380/1392 2460/1574/1588
f 2023/1325/1336 1395/979/985 2275/1504/1516
f 2432/1575/1589 2414/1561/1590 2404/1576/1591
f 2405/1577/1592 2372/1533/1547 2428/1470/1482
f 2377/1539/1553 2426/1578/1593 2425/1567/1581
f 2388/1556/1570 2429/1579/1594 2453/1580/1595
f 2429/1579/1594 2413/1581/1596 2453/1580/1595
f 2297/1493/1505 1810/1220/1227 2463/1487/1499
f 2207/1473/1485 2459/1582/1597 2427/1569/1583
f 2431/1583/1598 2433/1584/1599 2454/1585/1600
f 2425/1567/1581 2426/1578/1593 2458/1586/1601
f 2405/1577/1592 2428/1470/1482 2441/1587/1602
f 1696/1175/1182 2477/1588/1603 2463/1487/1499
f 2459/1582/1597 2207/1473/1485 2480/1589/1604
f 2240/1446/1458 2460/1574/1588 2368/1534/1548
f 2433/1584/1599 2443/1590/1605 2454/1585/1600
f 2388/1556/1570 2453/1580/1595 2488/1591/1606
f 2443/1590/1605 2438/1592/1607 2491/1593/1608
f 2438/1592/1607 2473/1594/1609 2491/1593/1608
f 1696/1175/1182 2582/1555/1569 2477/1588/1603
f 2388/1556/1570 2555/1595/1610 2209/1363/1375
f 2476/1596/1611 2364/1526/1539 2502/1597/1612
f 2475/1546/1560 2478/1598/1613 2492/1599/1614
f 2441/1587/1602 2428/1470/1482 2479/1600/1615
f 2458/1586/1601 2484/1601/1616 2425/1567/1581
f 2428/1470/1482 2186/1427/1439 2495/1602/1617
f 2117/1266/1274 1738/884/889 2550/1483/1495
f 2443/1590/1605 2491/1593/1608 2454/1585/1600
f 2487/1460/1472 2475/1546/1560 2492/1599/1614
f 2186/1427/1439 2177/1419/1431 2481/1603/1618
f 2149/1380/1392 2552/1604/1619 2519/1605/1620
f 2484/1601/1616 2503/1606/1621 2425/1567/1581
f 2209/1363/1375 2498/1607/1622 2177/1419/1431
f 2480/1589/1604 2207/1473/1485 2504/1608/1623
f 2491/1593/1608 2473/1594/1609 2486/1609/1624
f 2494/1610/1625 2479/1600/1615 2512/1611/1626
f 2220/1451/1463 2117/1266/1274 2510/1612/1627
f 2461/1613/1628 2454/1585/1600 2544/1614/1629
f 2149/1380/1392 2519/1605/1620 2460/1574/1588
f 2149/1380/1392 2500/1615/1630 2552/1604/1619
f 2149/1380/1392 2351/1521/1533 2500/1615/1630
f 2311/1497/1509 1955/1292/1303 2562/1616/1631
f 2275/1504/1516 1801/1236/1243 2549/1617/1632
f 2220/1451/1463 2510/1612/1627 2499/1618/1633
f 2297/1493/1505 2463/1487/1499 2534/1619/1634
f 2512/1611/1626 2428/1470/1482 2518/1620/1635
f 2388/1556/1570 2488/1591/1606 2524/1621/1636
f 2504/1608/1623 2207/1473/1485 2530/1622/1637
f 2209/1363/1375 2555/1595/1610 2498/1607/1622
f 2425/1567/1581 2503/1606/1621 2529/1623/1638
f 2507/1624/1639 2522/1625/1640 2465/1572/1586
f 2454/1585/1600 2491/1593/1608 2544/1614/1629
f 2502/1597/1612 2364/1526/1539 2525/1626/1641
f 2364/1526/1539 2023/1325/1336 2525/1626/1641
f 2530/1622/1637 2207/1473/1485 2542/1627/1642
f 2543/1628/1643 2506/1629/1644 2505/1630/1645
f 2294/1406/1418 2541/1631/1646 1851/1245/1252
f 2487/1460/1472 2528/1632/1647 2572/1633/1648
f 1955/1292/1303 2425/1567/1581 2562/1616/1631
f 2409/1634/1649 2527/1635/1650 2546/1636/1651
f 2542/1627/1642 2207/1473/1485 2523/1637/1652
f 2207/1473/1485 2466/1558/1572 2523/1637/1652
f 2428/1470/1482 2554/1638/1653 2518/1620/1635
f 2425/1567/1581 2529/1623/1638 2551/1639/1654
f 2495/1602/1617 2186/1427/1439 2481/1603/1618
f 2466/1558/1572 2368/1534/1548 2460/1574/1588
f 2388/1556/1570 2524/1621/1636 2555/1595/1610
f 2265/1442/1454 2487/1460/1472 2557/1640/1655
f 2510/1612/1627 2117/1266/1274 2550/1483/1495
f 2535/1641/1656 2518/1620/1635 2563/1642/1657
f 2544/1614/1629 2491/1593/1608 2596/1643/1658
f 2518/1620/1635 2554/1638/1653 2563/1642/1657
f 2595/1644/1659 2499/1618/1633 2510/1612/1627
f 2543/1628/1643 2505/1630/1645 2565/1645/1660
f 2522/1625/1640 2560/1646/1661 2558/1647/1662
f 2555/1595/1610 2524/1621/1636 2570/1648/1663
f 2425/1567/1581 2551/1639/1654 2580/1649/1664
f 2560/1646/1661 2568/1650/1665 2558/1647/1662
f 2544/1614/1629 2596/1643/1658 2567/1651/1666
f 2568/1650/1665 2584/1652/1667 2558/1647/1662
f 2294/1406/1418 2311/1497/1509 2601/1653/1668
f 2297/1493/1505 2534/1619/1634 2545/1654/1669
f 2460/1574/1588 2623/1655/1670 2466/1558/1572
f 2177/1419/1431 2498/1607/1622 2586/1656/1671
f 2213/1512/1524 2545/1654/1669 2505/1630/1645
f 2585/1657/1672 2563/1642/1657 2554/1638/1653
f 2589/1658/1673 2482/1659/1674 2591/1660/1675
f 2023/1325/1336 2275/1504/1516 2604/1661/1676
f 2596/1643/1658 2491/1593/1608 2644/1662/1677
f 2491/1593/1608 2556/1663/1678 2644/1662/1677
f 2523/1637/1652 2466/1558/1572 2635/1664/1679
f 2565/1645/1660 2505/1630/1645 2598/1665/1680
f 2523/1637/1652 2594/1666/1681 2630/1667/1682
f 1851/1245/1252 2541/1631/1646 2582/1555/1569
f 2177/1419/1431 2588/1668/1683 2481/1603/1618
f 2460/1574/1588 2519/1605/1620 2603/1669/1684
f 2487/1460/1472 2587/1670/1685 2602/1671/1686
f 2523/1637/1652 2635/1664/1679 2594/1666/1681
f 2519/1605/1620 2552/1604/1619 2603/1669/1684
f 2681/1672/1687 2550/1483/1495 2578/1673/1688
f 2525/1626/1641 2023/1325/1336 2624/1674/1689
f 2585/1657/1672 2554/1638/1653 2605/1675/1690
f 2595/1644/1659 2510/1612/1627 2608/1676/1691
f 2604/1661/1676 2275/1504/1516 2661/1677/1692
f 2598/1665/1680 2505/1630/1645 2611/1678/1693
f 2614/1679/1694 2525/1626/1641 2624/1674/1689
f 2596/1643/1658 2643/1680/1695 2615/1681/1696
f 2596/1643/1658 2644/1662/1677 2643/1680/1695
f 2616/1682/1697 2487/1460/1472 2602/1671/1686
f 2558/1647/1662 2613/1683/1698 2622/1684/1699
f 2311/1497/1509 2562/1616/1631 2601/1653/1668
f 2580/1649/1664 2617/1685/1700 2627/1686/1701
f 2495/1602/1617 2481/1603/1618 2607/1687/1702
f 2177/1419/1431 2586/1656/1671 2588/1668/1683
f 2275/1504/1516 2573/1688/1703 2631/1689/1704
f 2562/1616/1631 2425/1567/1581 2638/1690/1705
f 2425/1567/1581 2580/1649/1664 2639/1691/1706
f 2481/1603/1618 2588/1668/1683 2607/1687/1702
f 2602/1671/1686 2637/1692/1707 2616/1682/1697
f 2294/1406/1418 2601/1653/1668 2541/1631/1646
f 2611/1678/1693 2505/1630/1645 2645/1693/1708
f 2580/1649/1664 2627/1686/1701 2639/1691/1706
f 2681/1672/1687 2578/1673/1688 2651/1694/1709
f 2425/1567/1581 2639/1691/1706 2638/1690/1705
f 2652/1695/1710 2579/1696/1711 2656/1697/1712
f 2023/1325/1336 2604/1661/1676 2624/1674/1689
f 2633/1698/1713 2581/1699/1714 2693/1700/1715
f 2639/1691/1706 2627/1686/1701 2647/1701/1716
f 2603/1669/1684 2552/1604/1619 2659/1702/1717
f 2466/1558/1572 2623/1655/1670 2658/1703/1718
f 2600/1704/1719 2569/1705/1720 2727/1706/1721
f 2460/1574/1588 2603/1669/1684 2623/1655/1670
f 2646/1707/1722 2667/1708/1723 2622/1684/1699
f 2552/1604/1619 2620/1709/1724 2659/1702/1717
f 2686/1710/1725 2643/1680/1695 2644/1662/1677
f 2498/1607/1622 2555/1595/1610 2586/1656/1671
f 2647/1701/1716 2663/1711/1726 2639/1691/1706
f 2635/1664/1679 2466/1558/1572 2658/1703/1718
f 2641/1712/1727 2670/1713/1728 2672/1714/1729
f 4661/1715/1730 2668/1716/1731 2673/1717/1732
f 2622/1684/1699 2667/1708/1723 2558/1647/1662
f 2674/1718/1733 2643/1680/1695 2686/1710/1725
f 2635/1664/1679 2676/1719/1734 2665/1720/1735
f 2676/1719/1734 2635/1664/1679 2658/1703/1718
f 2586/1656/1671 2555/1595/1610 2660/1721/1736
f 2550/1483/1495 2681/1672/1687 2833/1722/1737
f 2505/1630/1645 2545/1654/1669 2695/1723/1738
f 2654/1724/1739 2605/1675/1690 2688/1725/1740
f 2673/1717/1732 2682/1726/1741 2685/1727/1742
f 2662/1728/1743 2684/1729/1744 2644/1662/1677
f 2605/1675/1690 2717/1730/1745 2688/1725/1740
f 2639/1691/1706 2663/1711/1726 2690/1731/1746
f 2620/1709/1724 2692/1732/1747 2659/1702/1717
f 2669/1733/1748 2505/1630/1645 2696/1734/1749
f 2686/1710/1725 2644/1662/1677 2683/1735/1750
f 2644/1662/1677 2684/1729/1744 2683/1735/1750
f 2554/1638/1653 2495/1602/1617 2740/1736/1751
f 2555/1595/1610 2570/1648/1663 2745/1737/1752
f 2639/1691/1706 2690/1731/1746 2706/1738/1753
f 2707/1739/1754 2690/1731/1755 2708/1740/1756
f 2275/1504/1516 2631/1689/1704 2709/1741/1757
f 2608/1676/1691 2510/1612/1627 2691/1742/1758
f 2675/1743/1759 2712/1744/1760 2616/1682/1697
f 2706/1738/1753 2707/1739/1754 2708/1740/1756
f 2766/1745/1761 2555/1595/1610 2745/1737/1752
f 2686/1710/1725 2683/1735/1750 2739/1746/1762
f 2463/1487/1499 2687/1747/1763 2534/1619/1634
f 2601/1653/1668 2562/1616/1631 2638/1690/1705
f 2639/1691/1706 2706/1738/1753 2708/1740/1756
f 2555/1595/1610 2766/1745/1761 2660/1721/1736
f 2716/1748/1764 2686/1710/1725 2739/1746/1762
f 2603/1669/1684 2659/1702/1717 2762/1749/1765
f 2725/1750/1766 2717/1730/1745 2736/1751/1767
f 2744/1752/1768 2676/1719/1734 2658/1703/1718
f 2658/1703/1718 2623/1655/1670 2731/1753/1769
f 2603/1669/1684 2731/1753/1769 2623/1655/1670
f 2545/1654/1669 2534/1619/1634 2781/1754/1770
f 2505/1630/1645 2695/1723/1738 2777/1755/1771
f 2681/1672/1687 2728/1756/1772 2774/1757/1773
f 2736/1751/1767 2717/1730/1745 2752/1758/1774
f 2722/1759/1775 2691/1742/1758 2510/1612/1627
f 2616/1682/1697 2737/1760/1776 2751/1761/1777
f 2722/1759/1775 2510/1612/1627 2757/1762/1778
f 2763/1763/1779 2827/1764/1780 2764/1765/1781
f 2681/1672/1687 2774/1757/1773 2833/1722/1737
f 2495/1602/1617 2787/1766/1782 2740/1736/1751
f 2744/1752/1768 2658/1703/1718 2760/1767/1783
f 2659/1702/1717 2726/1768/1784 2758/1769/1785
f 2659/1702/1717 2758/1769/1785 2762/1749/1765
f 2708/1740/1756 2743/1770/1786 2639/1691/1706
f 2639/1691/1706 2743/1770/1786 2794/1771/1787
f 2744/1752/1768 2760/1767/1783 2782/1772/1788
f 2732/1773/1789 2722/1759/1775 2757/1762/1778
f 2510/1612/1627 2550/1483/1495 2784/1774/1790
f 2772/1775/1791 2734/1776/1792 2581/1699/1714
f 2770/1777/1793 2754/1778/1794 2791/1779/1795
f 2754/1778/1794 2739/1746/1762 2813/1780/1796
f 2772/1775/1791 2581/1699/1714 2786/1781/1797
f 2810/1782/1798 2541/1631/1646 2601/1653/1668
f 2742/1783/1799 2778/1784/1800 2618/1785/1801
f 2757/1762/1778 2510/1612/1627 2784/1774/1790
f 2754/1778/1794 2813/1780/1796 2791/1779/1795
f 2739/1746/1762 2683/1735/1750 2813/1780/1796
f 2683/1735/1750 2776/1786/1802 2813/1780/1796
f 2275/1504/1516 2709/1741/1757 2797/1787/1803
f 2661/1677/1692 2275/1504/1516 2797/1787/1803
f 2784/1774/1790 2550/1483/1495 2799/1788/1804
f 2776/1786/1802 2723/1789/1805 2801/1790/1806
f 2658/1703/1718 2731/1753/1769 2788/1791/1807
f 2702/1792/1808 2624/1674/1689 2780/1793/1809
f 2463/1487/1499 2477/1588/1603 2793/1794/1810
f 2638/1690/1705 2639/1691/1706 2785/1795/1811
f 2687/1747/1763 2463/1487/1499 2793/1794/1810
f 2782/1772/1788 2760/1767/1783 2824/1796/1812
f 2799/1788/1804 2550/1483/1495 2833/1722/1737
f 2790/1797/1813 2808/1798/1814 2700/1799/1815
f 2809/1800/1816 2791/1779/1795 2813/1780/1796
f 2954/1801/1817 2601/1653/1668 2638/1690/1705
f 2774/1757/1773 2806/1802/1818 2833/1722/1737
f 2781/1754/1770 2534/1619/1634 2687/1747/1763
f 2777/1755/1771 2825/1803/1819 2822/1804/1820
f 2789/1805/1821 2757/1762/1778 2784/1774/1790
f 2794/1771/1787 2823/1806/1822 2639/1691/1706
f 2603/1669/1684 2762/1749/1765 2815/1807/1823
f 2819/1808/1824 2802/1809/1825 2740/1736/1751
f 2760/1767/1783 2658/1703/1718 2826/1810/1826
f 2789/1805/1821 2784/1774/1790 2820/1811/1827
f 2618/1785/1801 2804/1812/1828 2840/1813/1829
f 2833/1722/1737 2806/1802/1818 2847/1814/1830
f 2819/1808/1824 2740/1736/1751 2852/1815/1831
f 2815/1807/1823 2854/1816/1832 2603/1669/1684
f 2780/1793/1809 2624/1674/1689 2855/1817/1833
f 2776/1786/1802 2816/1818/1834 2899/1819/1835
f 2814/1820/1836 2851/1821/1837 2880/1822/1838
f 2852/1815/1831 2740/1736/1751 2867/1823/1839
f 2740/1736/1751 2787/1766/1782 3006/1824/1840
f 2776/1786/1802 2899/1819/1835 2813/1780/1796
f 2817/1825/1841 2581/1699/1714 2888/1826/1842
f 2639/1691/1706 2823/1806/1822 2969/1827/1843
f 2853/1828/1844 2760/1767/1783 2826/1810/1826
f 2588/1668/1683 2586/1656/1671 2868/1829/1845
f 2557/1640/1655 2616/1682/1697 2818/1830/1846
f 2788/1791/1807 2731/1753/1769 2882/1831/1847
f 2871/1832/1848 2820/1811/1827 2784/1774/1790
f 2826/1810/1826 2658/1703/1718 2881/1833/1849
f 2854/1816/1832 2902/1834/1850 2603/1669/1684
f 2887/1835/1851 2888/1826/1842 2951/1836/1852
f 2823/1806/1822 2907/1837/1853 2969/1827/1843
f 2823/1806/1822 2859/1838/1854 2907/1837/1853
f 2607/1687/1702 2588/1668/1683 2868/1829/1845
f 2881/1833/1849 2918/1839/1855 2826/1810/1826
f 2881/1833/1849 2658/1703/1718 2921/1840/1856
f 2658/1703/1718 2877/1841/1857 2921/1840/1856
f 2877/1841/1857 2658/1703/1718 2922/1842/1858
f 2882/1831/1847 2731/1753/1769 2913/1843/1859
f 2913/1843/1859 2731/1753/1769 2895/1844/1860
f 2833/1722/1737 2847/1814/1830 2904/1845/1861
f 2582/1555/1569 2541/1631/1646 3118/1846/1862
f 2907/1837/1853 2859/1838/1854 2908/1847/1863
f 2658/1703/1718 2788/1791/1807 2924/1848/1864
f 2895/1844/1860 2731/1753/1769 2926/1849/1865
f 2926/1849/1865 2731/1753/1769 2935/1850/1866
f 2731/1753/1769 2861/1851/1867 2935/1850/1866
f 2582/1555/1569 3118/1846/1862 2477/1588/1603
f 2861/1851/1867 2942/1852/1868 2928/1853/1869
f 2658/1703/1718 2940/1854/1870 2922/1842/1858
f 2861/1851/1867 2731/1753/1769 2942/1852/1868
f 2871/1832/1848 2784/1774/1790 2901/1855/1871
f 2933/1856/1872 2813/1780/1796 2965/1857/1873
f 2892/1858/1874 2970/1859/1875 2618/1785/1801
f 2917/1860/1876 2919/1861/1877 2955/1862/1878
f 2919/1861/1877 2920/1863/1879 2955/1862/1878
f 2912/1864/1880 2914/1865/1881 2925/1866/1882
f 2942/1852/1868 2731/1753/1769 2957/1867/1883
f 2731/1753/1769 2603/1669/1684 2974/1868/1884
f 2700/1799/1815 2886/1869/1885 2964/1870/1886
f 2813/1780/1796 2899/1819/1835 3116/1871/1887
f 2910/1872/1888 2917/1860/1876 2980/1873/1889
f 2920/1863/1879 2911/1874/1890 2955/1862/1878
f 2923/1875/1891 2938/1876/1892 2911/1874/1890
f 2603/1669/1684 2976/1877/1893 2975/1878/1894
f 2833/1722/1737 2948/1879/1895 2978/1880/1896
f 2601/1653/1668 2954/1801/1817 2966/1881/1897
f 2957/1867/1883 2989/1882/1898 2942/1852/1868
f 2731/1753/1769 2974/1868/1884 2983/1883/1899
f 2603/1669/1684 2959/1884/1900 2976/1877/1893
f 2661/1677/1692 2797/1787/1803 3048/1885/1901
f 2766/1745/1761 2856/1886/1902 2992/1887/1903
f 2965/1857/1873 2813/1780/1796 2993/1888/1904
f 2917/1860/1876 2955/1862/1878 2980/1873/1889
f 2731/1753/1769 2981/1889/1905 2957/1867/1883
f 2974/1868/1884 2603/1669/1684 2996/1890/1906
f 2603/1669/1684 2975/1878/1894 2996/1890/1906
f 2603/1669/1684 2991/1891/1907 2984/1892/1908
f 2603/1669/1684 2902/1834/1850 3001/1893/1909
f 2856/1886/1902 2947/1894/1910 2992/1887/1903
f 2855/1817/1833 2624/1674/1689 2604/1661/1676
f 2700/1799/1815 2964/1870/1886 3005/1895/1911
f 2993/1888/1904 2813/1780/1796 3116/1871/1887
f 2810/1782/1798 2601/1653/1668 2966/1881/1897
f 2967/1896/1912 2850/1897/1913 2695/1723/1738
f 2938/1876/1892 2894/1898/1914 2925/1866/1882
f 2971/1899/1915 2972/1900/1916 3056/1901/1917
f 2956/1902/1918 3056/1901/1917 2972/1900/1916
f 2956/1902/1918 2990/1903/1919 3056/1901/1917
f 2731/1753/1769 2973/1904/1920 2981/1889/1905
f 2991/1891/1907 2603/1669/1684 3000/1905/1921
f 2855/1817/1833 2604/1661/1676 2946/1906/1922
f 2616/1682/1697 3312/1907/1923 2818/1830/1846
f 2954/1801/1817 2638/1690/1705 2785/1795/1811
f 2969/1827/1843 2907/1837/1853 3012/1908/1924
f 2934/1909/1925 2971/1899/1915 3056/1901/1917
f 2977/1910/1926 2901/1855/1871 2784/1774/1790
f 2934/1909/1925 3056/1901/1917 2941/1911/1927
f 2868/1829/1845 2586/1656/1671 3197/1912/1928
f 2731/1753/1769 2983/1883/1899 2973/1904/1920
f 2983/1883/1899 2974/1868/1884 3020/1913/1929
f 2603/1669/1684 2984/1892/1908 2959/1884/1900
f 3000/1905/1921 2603/1669/1684 3001/1893/1909
f 2978/1880/1896 3004/1914/1930 3026/1915/1931
f 2833/1722/1737 2978/1880/1896 3026/1915/1931
f 2980/1873/1889 2955/1862/1878 3030/1916/1932
f 2990/1903/1919 2958/1917/1933 3056/1901/1917
f 2973/1904/1920 2983/1883/1899 3018/1918/1934
f 2975/1878/1894 2976/1877/1893 3031/1919/1935
f 2541/1631/1646 2810/1782/1798 3118/1846/1862
f 3017/1920/1936 2988/1921/1937 3041/1922/1938
f 2988/1921/1937 2867/1823/1839 3041/1922/1938
f 2867/1823/1839 2740/1736/1751 3041/1922/1938
f 2914/1865/1881 2941/1911/1927 2925/1866/1882
f 2982/1923/1939 3007/1924/1940 3056/1901/1917
f 2779/1925/1941 3157/1926/1942 3074/1927/1943
f 2833/1722/1737 3026/1915/1931 3053/1928/1944
f 2700/1799/1815 3005/1895/1911 3054/1929/1945
f 2993/1888/1904 3116/1871/1887 3055/1930/1946
f 3041/1922/1938 2740/1736/1751 3062/1931/1947
f 2787/1766/1782 2607/1687/1702 3042/1932/1948
f 2958/1917/1933 2982/1923/1939 3056/1901/1917
f 3007/1924/1940 3019/1933/1949 3056/1901/1917
f 2974/1868/1884 2996/1890/1906 3043/1934/1950
f 2660/1721/1736 2999/1935/1951 3197/1912/1928
f 3015/1936/1952 2977/1910/1926 3060/1937/1953
f 3051/1938/1954 3010/1939/1955 3068/1940/1956
f 2833/1722/1737 3053/1928/1944 2799/1788/1804
f 2740/1736/1751 3006/1824/1840 3062/1931/1947
f 3019/1933/1949 3008/1941/1957 3056/1901/1917
f 3014/1942/1958 3032/1943/1959 2997/1944/1960
f 3015/1936/1952 3060/1937/1953 3047/1945/1961
f 2660/1721/1736 2766/1745/1761 2992/1887/1903
f 2899/1819/1835 3075/1946/1962 3116/1871/1887
f 2607/1687/1702 2868/1829/1845 3042/1932/1948
f 3008/1941/1957 3021/1947/1963 3035/1948/1964
f 2997/1944/1960 3032/1943/1959 3035/1948/1964
f 2660/1721/1736 2992/1887/1903 2999/1935/1951
f 3053/1928/1944 3049/1949/1965 3082/1950/1966
f 3012/1908/1924 3083/1951/1967 2969/1827/1843
f 3059/1952/1968 3079/1953/1969 3086/1954/1970
f 2946/1906/1922 2604/1661/1676 3089/1955/1971
f 2639/1691/1706 2969/1827/1843 2785/1795/1811
f 3006/1824/1840 2787/1766/1782 3085/1956/1972
f 2925/1866/1882 3064/1957/1973 2938/1876/1892
f 2925/1866/1882 2941/1911/1927 3064/1957/1973
f 2977/1910/1926 2784/1774/1790 3060/1937/1953
f 3090/1958/1974 3051/1959/1975 3103/1960/1976
f 2953/1961/1977 3071/1962/1978 3312/1907/1923
f 3008/1941/1957 3035/1948/1964 3056/1901/1917
f 3032/1943/1959 3045/1963/1979 3218/1964/1980
f 3114/1965/1981 3103/1960/1982 3158/1966/1983
f 3106/1967/1984 2700/1799/1815 3070/1968/1985
f 2899/1819/1835 3099/1969/1986 3075/1946/1962
f 2911/1874/1890 2938/1876/1892 2955/1862/1878
f 3035/1948/1964 3032/1943/1959 3056/1901/1917
f 3066/1970/1987 3086/1954/1970 3079/1953/1969
f 2979/1971/1988 2818/1830/1846 3239/1972/1989
f 3032/1943/1959 3218/1964/1980 3056/1901/1917
f 3045/1963/1979 3066/1970/1987 3079/1953/1969
f 3100/1973/1990 3041/1922/1938 3140/1974/1991
f 2969/1827/1843 3107/1975/1992 2785/1795/1811
f 2941/1911/1927 3056/1901/1917 3064/1957/1973
f 3047/1945/1961 3060/1937/1953 3132/1976/1993
f 2799/1788/1804 3053/1928/1944 3137/1977/1994
f 3093/1978/1995 3084/1979/1996 3131/1980/1997
f 2695/1723/1738 3155/1981/1998 3129/1982/1999
f 3084/1979/1996 3030/1916/1932 2955/1862/1878
f 3089/1955/1971 2604/1661/1676 3159/1983/2000
f 2781/1754/1770 2687/1747/1763 3138/1984/2001
f 2970/1859/1875 3130/1985/2002 3168/1986/2003
f 3146/1987/2004 3156/1988/2005 3107/1975/1992
f 3131/1980/1997 3084/1979/1996 2955/1862/1878
f 3154/1989/2006 3117/1990/2007 2888/1826/1842
f 2785/1795/1811 3107/1975/1992 3156/1988/2005
f 3145/1991/2008 3157/1926/1942 3183/1992/2009
f 3131/1980/1997 2955/1862/1878 3164/1993/2010
f 2477/1588/1603 3118/1846/1862 2793/1794/1810
f 3045/1963/1979 3079/1953/1969 3218/1964/1980
f 3312/1907/1923 3139/1994/2011 3180/1995/2012
f 2954/1801/1817 2785/1795/1811 3163/1996/2013
f 2695/1723/1738 2803/1997/2014 3155/1981/1998
f 2938/1876/1892 3064/1957/1973 2955/1862/1878
f 3150/1998/2015 3170/1999/2016 3177/2000/2017
f 3161/2001/2018 3178/2002/2019 2799/1788/1804
f 3061/2003/2020 3106/1967/1984 3186/2004/2021
f 3147/2005/2022 2860/2006/2023 3282/2007/2024
f 3132/1976/1993 3060/1937/1953 3182/2008/2025
f 2687/1747/1763 2793/1794/1810 3225/2009/2026
f 3184/2010/2027 3172/2011/2028 3188/2012/2029
f 3150/1998/2015 3177/2000/2017 3189/2013/2030
f 2785/1795/1811 3193/2014/2031 3196/2015/2032
f 2785/1795/1811 3156/1988/2005 3193/2014/2031
f 2860/2006/2023 2970/1859/1875 3168/1986/2003
f 3150/1998/2015 3189/2013/2030 3198/2016/2033
f 3182/2008/2025 3060/1937/1953 3204/2017/2034
f 3075/1946/1962 3179/2018/2035 3195/2019/2036
f 3140/1974/1991 3041/1922/1938 3201/2020/2037
f 3194/2021/2038 3164/1993/2010 3203/2022/2039
f 3188/2012/2029 3172/2011/2028 3207/2023/2040
f 3140/1974/1991 3201/2020/2037 3181/2024/2041
f 3079/1953/1969 3150/1998/2015 3198/2016/2033
f 3200/2025/2042 2888/1826/1842 3220/2026/2043
f 2860/2006/2023 3168/1986/2003 3208/2027/2044
f 3064/1957/1973 3056/1901/1917 3222/2028/2045
f 3204/2017/2034 3060/1937/1953 3219/2029/2046
f 3212/2030/2047 3195/2019/2036 3221/2031/2048
f 3312/1907/1923 3180/1995/2012 3247/2032/2049
f 2661/1677/1692 3048/1885/1901 3223/2033/2050
f 2604/1661/1676 3229/2034/2051 3159/1983/2000
f 3217/2035/2052 3207/2023/2040 3172/2011/2028
f 3075/1946/1962 3231/2036/2053 3172/2011/2028
f 2785/1795/1811 3196/2015/2032 3227/2037/2054
f 2799/1788/1804 3215/2038/2055 3224/2039/2056
f 3183/1992/2009 3157/1926/1942 3236/2040/2057
f 3113/2041/2058 3235/2042/2059 3223/2033/2050
f 3217/2035/2052 3172/2011/2028 3238/2043/2060
f 3155/1981/1998 2803/1997/2014 3232/2044/2061
f 3228/2045/2062 3203/2022/2039 3234/2046/2063
f 3203/2022/2039 3164/1993/2010 3234/2046/2063
f 3079/1953/1969 3198/2016/2033 3237/2047/2064
f 2687/1747/1763 3225/2009/2026 3138/1984/2001
f 3240/2048/2065 2785/1795/1811 3227/2037/2054
f 3056/1901/1917 3218/1964/1980 3222/2028/2045
f 3048/1885/1901 3113/2041/2058 3223/2033/2050
f 3234/2046/2063 3164/1993/2010 2955/1862/1878
f 3160/2049/2066 3230/2050/2067 2992/1887/1903
f 3218/1964/1980 3079/1953/1969 3237/2047/2064
f 3219/2029/2046 3060/1937/1953 3248/2051/2068
f 2799/1788/1804 3224/2039/2056 3252/2052/2069
f 3229/2034/2051 2604/1661/1676 3256/2053/2070
f 2954/1801/1817 3163/1996/2013 3226/2054/2071
f 3232/2044/2061 2803/1997/2014 3257/2055/2072
f 3258/2056/2073 2785/1795/1811 3240/2048/2065
f 3172/2011/2028 3231/2036/2053 3238/2043/2060
f 2966/1881/1897 2954/1801/1817 3226/2054/2071
f 2803/1997/2014 3138/1984/2001 3279/2057/2074
f 3168/1986/2003 3233/2058/2075 3261/2059/2076
f 3228/2045/2062 3234/2046/2063 3241/2060/2077
f 2810/1782/1798 2966/1881/1897 3262/2061/2078
f 3208/2027/2044 3168/1986/2003 3261/2059/2076
f 3118/1846/1862 2810/1782/1798 3262/2061/2078
f 2785/1795/1811 3258/2056/2073 3280/2062/2079
f 2799/1788/1804 3252/2052/2069 3285/2063/2080
f 3259/2064/2081 3241/2060/2077 3281/2065/2082
f 3085/1956/1972 3042/1932/1948 3292/2066/2083
f 3042/1932/1948 2868/1829/1845 3292/2066/2083
f 3257/2055/2072 2803/1997/2014 3279/2057/2074
f 3197/1912/1928 3413/2067/2084 2868/1829/1845
f 2799/1788/1804 3285/2063/2080 3294/2068/2085
f 3275/2069/2086 2799/1788/1804 3294/2068/2085
f 3201/2020/2037 3062/1931/1947 3270/2070/2087
f 3241/2060/2077 3234/2046/2063 3281/2065/2082
f 2999/1935/1951 2992/1887/1903 3340/2071/2088
f 3237/2047/2064 3298/2072/2089 3218/1964/1980
f 3060/1937/1953 2784/1774/1790 2799/1788/1804
f 2785/1795/1811 3280/2062/2079 3313/2073/2090
f 3340/2071/2088 2992/1887/1903 3230/2050/2067
f 3324/2074/2091 3281/2065/2082 3234/2046/2063
f 3309/2075/2092 3311/2076/2093 3306/2077/2094
f 3163/1996/2013 2785/1795/1811 3313/2073/2090
f 3062/1931/1947 3006/1824/1840 3322/2078/2095
f 2868/1829/1845 3413/2067/2084 3292/2066/2083
f 3218/1964/1980 3272/2079/2096 3222/2028/2045
f 3248/2051/2068 3060/1937/1953 3299/2080/2097
f 3275/2069/2086 3294/2068/2085 3317/2081/2098
f 2966/1881/1897 3226/2054/2071 3331/2082/2099
f 2955/1862/1878 3064/1957/1973 3333/2083/2100
f 3305/2084/2101 3270/2070/2087 3339/2085/2102
f 3282/2007/2024 3314/2086/2103 3176/2087/2104
f 3064/1957/1973 3222/2028/2045 3333/2083/2100
f 2793/1794/1810 3118/1846/1862 3358/2088/2105
f 3282/2007/2024 3208/2027/2044 3558/2089/2106
f 3218/1964/1980 3298/2072/2089 3320/2090/2107
f 2955/1862/1878 3333/2083/2100 3234/2046/2063
f 3311/2076/2108 3231/2036/2053 3355/2091/2109
f 3271/2092/2110 3332/2093/2111 3261/2059/2076
f 3311/2076/2108 3355/2091/2109 3329/2094/2112
f 3318/2095/2113 3346/2096/2114 3347/2097/2115
f 3313/2073/2090 3338/2098/2116 3163/1996/2013
f 3312/1907/1923 3323/2099/2117 3371/2100/2118
f 3333/2083/2100 3222/2028/2045 3362/2101/2119
f 3325/2102/2120 3299/2080/2097 3363/2103/2121
f 3230/2050/2067 3365/2104/2122 3340/2071/2088
f 3229/2034/2051 3256/2053/2070 3364/2105/2123
f 3262/2061/2078 2966/1881/1897 3331/2082/2099
f 3138/1984/2001 3348/2106/2124 3279/2057/2074
f 3324/2074/2091 3234/2046/2063 3368/2107/2125
f 3218/1964/1980 3320/2090/2107 3369/2108/2126
f 3291/2109/2127 3633/2110/2128 4950/2111/2129
f 3363/2103/2121 3299/2080/2097 3060/1937/1953
f 3062/1931/1947 3322/2078/2095 3361/2112/2130
f 3138/1984/2001 3225/2009/2026 3348/2106/2124
f 3349/2113/2131 3324/2074/2091 3449/2114/2132
f 3222/2028/2045 3272/2079/2096 3362/2101/2119
f 3374/2115/2133 3274/2116/2134 3379/2117/2135
f 3275/2069/2086 3360/2118/2136 3382/2119/2137
f 3163/1996/2013 3338/2098/2116 3385/2120/2138
f 3208/2027/2044 3261/2059/2076 3480/2121/2139
f 3218/1964/1980 3369/2108/2126 3387/2122/2140
f 3363/2103/2121 3060/1937/1953 3388/2123/2141
f 2604/1661/1676 2661/1677/1692 3389/2124/2142
f 3480/2121/2139 3261/2059/2076 3332/2093/2111
f 3231/2036/2053 3381/2125/2143 3396/2126/2144
f 3384/2127/2145 3118/1846/1862 3262/2061/2078
f 3346/2096/2114 3318/2095/2113 3410/2128/2146
f 3234/2046/2063 3350/2129/2147 3368/2107/2125
f 3359/2130/2148 3236/2040/2057 3273/2131/2149
f 3235/2042/2059 3373/2132/2150 3223/2033/2050
f 3379/2117/2135 3405/2133/2151 3399/2134/2152
f 3349/2113/2131 3449/2114/2132 3386/2135/2153
f 3225/2009/2026 2793/1794/1810 3404/2136/2154
f 3371/2100/2118 3397/2137/2155 3312/1907/1923
f 3370/2138/2156 3339/2085/2102 3361/2112/2130
f 3226/2054/2071 3163/1996/2013 3454/2139/2157
f 3350/2129/2147 3234/2046/2063 3333/2083/2100
f 3197/1912/1928 2999/1935/1951 3390/2140/2158
f 3449/2114/2132 3324/2074/2091 3368/2107/2125
f 3355/2091/2109 5010/2141/2159 3395/2142/2160
f 3318/2095/2113 3279/2057/2074 3420/2143/2161
f 3163/1996/2013 3424/2144/2162 3454/2139/2157
f 3218/1964/1980 3387/2122/2140 3426/2145/2163
f 3388/2123/2141 3060/1937/1953 3425/2146/2164
f 3425/2146/2164 3060/1937/1953 3439/2147/2165
f 3275/2069/2086 3414/2148/2166 3440/2149/2167
f 3163/1996/2013 3385/2120/2138 3448/2150/2168
f 3424/2144/2162 3163/1996/2013 3448/2150/2168
f 3218/1964/1980 3426/2145/2163 3272/2079/2096
f 3445/2151/2169 3395/2142/2160 3453/2152/2170
f 2793/1794/1810 3358/2088/2105 3404/2136/2154
f 3358/2088/2105 3118/1846/1862 3384/2127/2145
f 3331/2082/2099 3226/2054/2071 3454/2139/2157
f 3460/2153/2171 2799/1788/1804 3275/2069/2086
f 3348/2106/2124 3225/2009/2026 3438/2154/2172
f 3450/2155/2173 3397/2137/2155 3457/2156/2174
f 3397/2137/2155 3451/2157/2175 3457/2156/2174
f 3413/2067/2084 3197/1912/1928 3390/2140/2158
f 3060/1937/1953 2799/1788/1804 3460/2153/2171
f 2999/1935/1951 3340/2071/2088 3390/2140/2158
f 3060/1937/1953 3460/2153/2171 3486/2158/2176
f 3478/2159/2177 3463/2160/2178 3479/2161/2179
f 3455/2162/2180 3441/2163/2181 3477/2164/2182
f 3275/2069/2086 3459/2165/2183 3483/2166/2184
f 2661/1677/1692 3223/2033/2050 3389/2124/2142
f 2604/1661/1676 3389/2124/2142 3256/2053/2070
f 3439/2147/2165 3060/1937/1953 3486/2158/2176
f 3420/2143/2161 3279/2057/2074 3491/2167/2185
f 3469/2168/2186 3449/2114/2132 3368/2107/2125
f 3322/2078/2095 3085/1956/1972 3540/2169/2187
f 3574/2170/2188 3314/2086/2103 3512/2171/2189
f 3275/2069/2086 3483/2166/2184 3496/2172/2190
f 3225/2009/2026 3404/2136/2154 3476/2173/2191
f 3275/2069/2086 3496/2172/2190 3502/2174/2192
f 3279/2057/2074 3507/2175/2193 3491/2167/2185
f 3272/2079/2096 3426/2145/2163 3470/2176/2194
f 3426/2145/2163 3482/2177/2195 3470/2176/2194
f 3423/2178/2196 3468/2179/2197 3480/2121/2139
f 3469/2168/2186 3368/2107/2125 3517/2180/2198
f 3282/2007/2024 3558/2089/2106 3481/2181/2199
f 3282/2007/2024 3481/2181/2199 3512/2171/2189
f 3292/2066/2083 3413/2067/2084 3501/2182/2200
f 3362/2101/2119 3272/2079/2096 3470/2176/2194
f 3348/2106/2124 3438/2154/2172 3279/2057/2074
f 3454/2139/2157 3424/2144/2162 3516/2183/2201
f 3223/2033/2050 3373/2132/2150 3518/2184/2202
f 3502/2174/2192 3496/2172/2190 3513/2185/2203
f 3485/2186/2204 3439/2147/2165 3528/2187/2205
f 3454/2139/2157 3516/2183/2201 3533/2188/2206
f 3482/2177/2195 3508/2189/2207 3470/2176/2194
f 3365/2104/2122 3535/2190/2208 3340/2071/2088
f 3322/2078/2095 3540/2169/2187 3527/2191/2209
f 3292/2066/2083 3501/2182/2200 3540/2169/2187
f 3454/2139/2157 3533/2188/2206 3550/2192/2210
f 3528/2187/2205 3439/2147/2165 3486/2158/2176
f 3507/2175/2193 3279/2057/2074 3572/2193/2211
f 3551/2194/2212 3517/2180/2198 3368/2107/2125
f 3470/2176/2194 3508/2189/2207 3560/2195/2213
f 3528/2187/2205 3486/2158/2176 3559/2196/2214
f 3498/2197/2215 3562/2198/2216 3359/2130/2148
f 3454/2139/2157 3580/2199/2217 3331/2082/2099
f 3502/2174/2192 3513/2185/2203 3575/2200/2218
f 3262/2061/2078 3331/2082/2099 3580/2199/2217
f 3279/2057/2074 3438/2154/2172 3556/2201/2219
f 3468/2179/2197 3526/2202/2220 3480/2121/2139
f 3454/2139/2157 3550/2192/2210 3586/2203/2221
f 3573/2204/2222 3551/2194/2212 3368/2107/2125
f 3350/2129/2147 3333/2083/2100 3581/2205/2223
f 3275/2069/2086 3502/2174/2192 3460/2153/2171
f 3561/2206/2224 3590/2207/2225 3592/2208/2226
f 3279/2057/2074 3556/2201/2219 3572/2193/2211
f 3404/2136/2154 3570/2209/2227 3476/2173/2191
f 3225/2009/2026 3476/2173/2191 3438/2154/2172
f 3454/2139/2157 3586/2203/2221 3606/2210/2228
f 3598/2211/2229 3597/2212/2230 3608/2213/2231
f 3576/2214/2232 3534/2215/2233 5041/2216/2234
f 3418/2217/2235 3506/2218/2236 3604/2219/2237
f 3526/2202/2220 3605/2220/2238 3480/2121/2139
f 3486/2158/2176 3618/2221/2239 3559/2196/2214
f 3454/2139/2157 3611/2222/2240 3613/2223/2241
f 3470/2176/2194 3560/2195/2213 3612/2224/2242
f 3562/2198/2216 3498/2197/2215 3597/2212/2230
f 3573/2204/2222 3368/2107/2125 3616/2225/2243
f 3597/2212/2230 3498/2197/2215 3608/2213/2231
f 3607/2226/2244 3573/2204/2222 3616/2225/2243
f 3619/2227/2245 3384/2127/2145 3262/2061/2078
f 3611/2222/2240 3454/2139/2157 3620/2228/2246
f 3454/2139/2157 3606/2210/2228 3620/2228/2246
f 3368/2107/2125 3350/2129/2147 3622/2229/2247
f 3404/2136/2154 3358/2088/2105 3570/2209/2227
f 3619/2227/2245 3262/2061/2078 3580/2199/2217
f 3569/2230/2248 3539/2231/2249 3624/2232/2250
f 3362/2101/2119 3617/2233/2251 3333/2083/2100
f 3413/2067/2084 3627/2234/2252 3501/2182/2200
f 3470/2176/2194 3612/2224/2242 3628/2235/2253
f 3389/2124/2142 3223/2033/2050 3676/2236/2254
f 3418/2217/2235 3604/2219/2237 3632/2237/2255
f 3613/2223/2241 3580/2199/2217 3454/2139/2157
f 3605/2220/2238 3625/2238/2256 3480/2121/2139
f 3350/2129/2147 3581/2205/2223 3622/2229/2247
f 3333/2083/2100 3617/2233/2251 3581/2205/2223
f 3413/2067/2084 3390/2140/2158 3627/2234/2252
f 3621/2239/2257 3607/2226/2244 3616/2225/2243
f 3390/2140/2158 3340/2071/2088 3638/2240/2258
f 3618/2221/2239 3486/2158/2176 3629/2241/2259
f 3535/2190/2208 3634/2242/2260 3340/2071/2088
f 3460/2153/2171 3631/2243/2261 3636/2244/2262
f 3635/2245/2263 3621/2239/2257 3616/2225/2243
f 3460/2153/2171 3636/2244/2262 3653/2246/2264
f 3340/2071/2088 3634/2242/2260 3638/2240/2258
f 3361/2112/2130 3527/2191/2209 3640/2247/2265
f 3362/2101/2119 3470/2176/2194 3617/2233/2251
f 3470/2176/2194 3628/2235/2253 3648/2248/2266
f 3580/2199/2217 3613/2223/2241 3639/2249/2267
f 3629/2241/2259 3486/2158/2176 3647/2250/2268
f 3358/2088/2105 3384/2127/2145 3658/2251/2269
f 3613/2223/2241 3611/2222/2240 3644/2252/2270
f 3645/2253/2271 3635/2245/2263 3616/2225/2243
f 3608/2213/2231 3498/2197/2215 3642/2254/2272
f 3655/2255/2273 3645/2253/2271 3616/2225/2243
f 3647/2250/2268 3486/2158/2176 3652/2256/2274
f 3658/2251/2269 3384/2127/2145 3619/2227/2245
f 3613/2223/2241 3644/2252/2270 3654/2257/2275
f 3616/2225/2243 3368/2107/2125 3622/2229/2247
f 3480/2121/2139 3646/2258/2276 3614/2259/2277
f 3256/2053/2070 3389/2124/2142 3587/2260/2278
f 3223/2033/2050 3656/2261/2279 3676/2236/2254
f 3460/2153/2171 3657/2262/2280 3660/2263/2281
f 3570/2209/2227 3358/2088/2105 3658/2251/2269
f 3627/2234/2252 3390/2140/2158 3690/2264/2282
f 3632/2237/2255 3662/2265/2283 3418/2217/2235
f 3655/2255/2273 3616/2225/2243 3659/2266/2284
f 3622/2229/2247 3581/2205/2223 3663/2267/2285
f 3470/2176/2194 3648/2248/2266 3665/2268/2286
f 3647/2250/2268 3652/2256/2274 3664/2269/2287
f 3486/2158/2176 3460/2153/2171 3666/2270/2288
f 3673/2271/2289 3639/2249/2267 3613/2223/2241
f 3659/2266/2284 3616/2225/2243 3684/2272/2290
f 3438/2154/2172 3476/2173/2191 3668/2273/2291
f 3438/2154/2172 3668/2273/2291 3556/2201/2219
f 3480/2121/2139 3675/2274/2292 3646/2258/2276
f 3658/2251/2269 3619/2227/2245 3669/2275/2293
f 3580/2199/2217 3672/2276/2294 3619/2227/2245
f 3674/2277/2295 3659/2266/2284 3684/2272/2290
f 3617/2233/2251 3470/2176/2194 3671/2278/2296
f 3672/2276/2294 3580/2199/2217 3639/2249/2267
f 3650/2279/2297 3675/2274/2292 3480/2121/2139
f 3460/2153/2171 3660/2263/2281 3680/2280/2298
f 3668/2273/2291 3476/2173/2191 3570/2209/2227
f 3540/2169/2187 3501/2182/2200 3714/2281/2299
f 3664/2269/2287 3652/2256/2274 3696/2282/2300
f 3679/2283/2301 3667/2284/2302 3725/2285/2303
f 3674/2277/2295 3684/2272/2290 3686/2286/2304
f 3470/2176/2194 3665/2268/2286 3688/2287/2305
f 3527/2191/2209 3540/2169/2187 3700/2288/2306
f 3678/2289/2307 3693/2290/2308 3649/2291/2309
f 3638/2240/2258 3634/2242/2260 3692/2292/2310
f 3460/2153/2171 3680/2280/2298 3698/2293/2311
f 3677/2294/2312 3498/2197/2215 3702/2295/2313
f 3527/2191/2209 3700/2288/2306 3640/2247/2265
f 3581/2205/2223 3617/2233/2251 3671/2278/2296
f 3460/2153/2171 3698/2293/2311 3721/2296/2314
f 3689/2297/2315 3725/2285/2303 3705/2298/2316
f 3639/2249/2267 3707/2299/2317 3711/2300/2318
f 3470/2176/2194 3688/2287/2305 3709/2301/2319
f 3675/2274/2292 3695/2302/2320 3720/2303/2321
f 3716/2304/2322 3696/2282/2300 3652/2256/2274
f 3486/2158/2176 3666/2270/2288 3652/2256/2274
f 3470/2176/2194 3709/2301/2319 3671/2278/2296
f 3570/2209/2227 3658/2251/2269 3717/2305/2323
f 3556/2201/2219 3668/2273/2291 3736/2306/2324
f 3675/2274/2292 3720/2303/2321 3723/2307/2325
f 3498/2197/2215 3715/2308/2326 3702/2295/2313
f 3639/2249/2267 3711/2300/2318 3739/2309/2327
f 3672/2276/2294 3639/2249/2267 3739/2309/2327
f 3684/2272/2290 3726/2310/2328 3708/2311/2329
f 3720/2303/2321 3712/2312/2330 3723/2307/2325
f 3616/2225/2243 3622/2229/2247 3728/2313/2331
f 3704/2314/2332 3732/2315/2333 3733/2316/2334
f 3668/2273/2291 3570/2209/2227 3735/2317/2335
f 3686/2286/2304 3684/2272/2290 3708/2311/2329
f 3694/2318/2336 3556/2201/2219 3727/2319/2337
f 3652/2256/2274 3783/2320/2338 3716/2304/2322
f 3676/2236/2254 3701/2321/2339 3724/2322/2340
f 3658/2251/2269 3669/2275/2293 3717/2305/2323
f 3727/2319/2337 3556/2201/2219 3736/2306/2324
f 3723/2307/2325 3712/2312/2330 3738/2323/2341
f 3540/2169/2187 3714/2281/2299 3700/2288/2306
f 3676/2236/2254 3724/2322/2340 3389/2124/2142
f 3704/2314/2332 3733/2316/2334 3703/2324/2342
f 3671/2278/2296 3709/2301/2319 3742/2325/2343
f 3649/2291/2309 3703/2324/2342 3731/2326/2344
f 3740/2327/2345 3726/2310/2328 3684/2272/2290
f 3460/2153/2171 3722/2328/2346 3748/2329/2347
f 3675/2274/2292 3723/2307/2325 3646/2258/2276
f 3684/2272/2290 3616/2225/2243 3728/2313/2331
f 3714/2281/2299 3501/2182/2200 3780/2330/2348
f 3751/2331/2349 3619/2227/2245 3672/2276/2294
f 3738/2323/2341 3737/2332/2350 3723/2307/2325
f 3638/2240/2258 3692/2292/2310 3745/2333/2351
f 3739/2309/2327 3746/2334/2352 3672/2276/2294
f 3741/2335/2353 3740/2327/2345 3753/2336/2354
f 3671/2278/2296 3900/2337/2355 3581/2205/2223
f 3750/2338/2356 3741/2335/2353 3753/2336/2354
f 3734/2339/2357 3725/2285/2303 3757/2340/2358
f 3753/2336/2354 3740/2327/2345 3684/2272/2290
f 3749/2341/2359 3716/2304/2322 3783/2320/2338
f 3672/2276/2294 3746/2334/2352 3761/2342/2360
f 3736/2306/2324 3668/2273/2291 3762/2343/2361
f 3701/2321/2339 3782/2344/2362 3724/2322/2340
f 3460/2153/2171 3748/2329/2347 3766/2345/2363
f 3737/2332/2350 3760/2346/2364 3768/2347/2365
f 3715/2308/2326 3729/2348/2366 3765/2349/2367
f 3570/2209/2227 3717/2305/2323 3735/2317/2335
f 3672/2276/2294 3761/2342/2360 3769/2350/2368
f 3750/2338/2369 3759/2351/2370 3770/2352/2371
f 3753/2336/2354 3684/2272/2290 3759/2351/2370
f 3668/2273/2291 3776/2353/2372 3762/2343/2361
f 3663/2267/2285 3581/2205/2223 3787/2354/2373
f 3690/2264/2282 3638/2240/2258 3886/2355/2374
f 3587/2260/2278 3389/2124/2142 3774/2356/2375
f 3723/2307/2325 3737/2332/2350 3768/2347/2365
f 3728/2313/2331 3622/2229/2247 3772/2357/2376
f 3772/2357/2376 3622/2229/2247 3663/2267/2285
f 3671/2278/2296 3742/2325/2343 3773/2358/2377
f 3460/2153/2171 3766/2345/2363 3775/2359/2378
f 3691/2360/2379 3587/2260/2278 3774/2356/2375
f 3759/2351/2370 3805/2361/2380 3770/2352/2371
f 3759/2351/2370 3684/2272/2290 3805/2361/2380
f 3703/2324/2342 3778/2362/2381 3771/2363/2382
f 3672/2276/2294 3769/2350/2368 3779/2364/2383
f 3669/2275/2293 3619/2227/2245 3751/2331/2349
f 3666/2270/2288 3775/2359/2378 3788/2365/2384
f 3669/2275/2293 3835/2366/2385 3717/2305/2323
f 3672/2276/2294 3779/2364/2383 3789/2367/2386
f 3771/2363/2382 3778/2362/2381 3815/2368/2387
f 3765/2349/2367 3729/2348/2366 3781/2369/2388
f 3782/2344/2362 3792/2370/2389 3724/2322/2340
f 3835/2366/2385 3669/2275/2293 3751/2331/2349
f 3668/2273/2291 3735/2317/2335 3786/2371/2390
f 3751/2331/2349 3672/2276/2294 3796/2372/2391
f 3791/2373/2392 3770/2352/2371 3805/2361/2380
f 3581/2205/2223 3900/2337/2355 3787/2354/2373
f 3768/2347/2365 3798/2374/2393 3723/2307/2325
f 3793/2375/2394 3765/2349/2367 3781/2369/2388
f 3805/2361/2380 3684/2272/2290 3728/2313/2331
f 3672/2276/2294 3789/2367/2386 3796/2372/2391
f 3751/2331/2349 3796/2372/2391 3803/2376/2395
f 3790/2377/2396 3791/2373/2392 3805/2361/2380
f 3671/2278/2296 3773/2358/2377 3800/2378/2397
f 3700/2288/2306 3806/2379/2398 3725/2285/2303
f 3803/2376/2395 3796/2372/2391 3817/2380/2399
f 3798/2374/2393 3813/2381/2400 3826/2382/2401
f 3714/2281/2299 3780/2330/2348 3814/2383/2402
f 3751/2331/2349 3803/2376/2395 3821/2384/2403
f 3668/2273/2291 3819/2385/2404 3794/2386/2405
f 3802/2387/2406 3790/2377/2396 3805/2361/2380
f 3787/2354/2373 3772/2357/2376 3663/2267/2285
f 3811/2388/2407 3812/2389/2408 3829/2390/2409
f 3795/2391/2410 3725/2285/2303 3866/2392/2411
f 3802/2387/2406 3805/2361/2380 3818/2393/2412
f 3670/2394/2413 3857/2395/2414 3729/2348/2366
f 3804/2396/2415 3818/2393/2412 3825/2397/2416
f 3723/2307/2325 3820/2398/2417 3646/2258/2276
f 3671/2278/2296 3800/2378/2397 3847/2399/2418
f 3783/2320/2338 3652/2256/2274 3837/2400/2419
f 3794/2386/2405 3819/2385/2404 3832/2401/2420
f 3627/2234/2252 3690/2264/2282 3886/2355/2374
f 3792/2370/2389 3823/2402/2421 3724/2322/2340
f 3735/2317/2335 3717/2305/2323 3835/2366/2385
f 3819/2385/2404 3668/2273/2291 3786/2371/2390
f 3825/2397/2416 3818/2393/2412 3805/2361/2380
f 3729/2348/2366 3831/2403/2422 3836/2404/2423
f 3801/2405/2424 3783/2320/2338 3837/2400/2419
f 3837/2400/2419 3652/2256/2274 3666/2270/2288
f 3821/2384/2403 3803/2376/2395 3824/2406/2425
f 3825/2397/2416 3805/2361/2380 3838/2407/2426
f 3798/2374/2393 3826/2382/2401 3839/2408/2427
f 3798/2374/2393 3839/2408/2427 3723/2307/2325
f 3900/2337/2355 3671/2278/2296 3847/2399/2418
f 3751/2331/2349 3821/2384/2403 3843/2409/2428
f 3838/2407/2426 3805/2361/2380 3844/2410/2429
f 3833/2411/2430 3842/2412/2431 3839/2408/2427
f 3666/2270/2288 3827/2413/2432 3864/2414/2433
f 3842/2412/2431 3852/2415/2434 3839/2408/2427
f 3853/2416/2435 3822/2417/2436 3801/2405/2424
f 3771/2363/2382 3829/2390/2409 3855/2418/2437
f 3819/2385/2404 3786/2371/2390 3856/2419/2438
f 3852/2415/2434 3845/2420/2439 3861/2421/2440
f 3670/2394/2413 3830/2422/2441 3857/2395/2414
f 3751/2331/2349 3859/2423/2442 3865/2424/2443
f 3751/2331/2349 3843/2409/2428 3859/2423/2442
f 3819/2385/2404 3856/2419/2438 3854/2425/2444
f 3861/2421/2440 3867/2426/2445 3839/2408/2427
f 3801/2405/2424 3837/2400/2419 3906/2427/2446
f 3638/2240/2258 3745/2333/2351 3868/2428/2447
f 3835/2366/2385 3751/2331/2349 3871/2429/2448
f 3900/2337/2355 3847/2399/2418 3858/2430/2449
f 3745/2333/2351 3879/2431/2450 3868/2428/2447
f 3728/2313/2331 3772/2357/2376 3919/2432/2451
f 3713/2433/2452 3820/2398/2417 3874/2434/2453
f 3851/2435/2454 3795/2391/2410 3909/2436/2455
f 3871/2429/2448 3751/2331/2349 3865/2424/2443
f 3772/2357/2376 3787/2354/2373 3875/2437/2456
f 3900/2337/2355 3858/2430/2449 3894/2438/2457
f 3853/2416/2435 3801/2405/2424 3906/2427/2446
f 3851/2435/2454 3909/2436/2455 3873/2439/2458
f 3735/2317/2335 3884/2440/2459 3786/2371/2390
f 3856/2419/2438 3786/2371/2390 3885/2441/2460
f 3787/2354/2373 3900/2337/2355 3882/2442/2461
f 3884/2440/2459 3735/2317/2335 3835/2366/2385
f 3880/2443/2462 3835/2366/2385 3871/2429/2448
f 3881/2444/2463 3860/2445/2464 3844/2410/2429
f 3666/2270/2288 3864/2414/2433 3895/2446/2465
f 3805/2361/2380 3728/2313/2331 3919/2432/2451
f 3871/2429/2448 3902/2447/2466 3880/2443/2462
f 3891/2448/2467 3881/2444/2463 3904/2449/2468
f 3893/2450/2469 3853/2416/2435 3906/2427/2446
f 3771/2363/2382 3889/2451/2470 3915/2452/2471
f 3867/2426/2445 3892/2453/2472 3839/2408/2427
f 3881/2444/2463 3844/2410/2429 3904/2449/2468
f 3835/2366/2385 3880/2443/2462 3916/2454/2473
f 3891/2448/2467 3904/2449/2468 3903/2455/2474
f 3774/2356/2375 3930/2456/2475 3878/2457/2476
f 3880/2443/2462 3917/2458/2477 3916/2454/2473
f 3919/2432/2451 3772/2357/2376 3875/2437/2456
f 3900/2337/2355 3894/2438/2457 3921/2459/2478
f 3894/2438/2457 3908/2460/2479 3921/2459/2478
f 3786/2371/2390 3884/2440/2459 3944/2461/2480
f 3885/2441/2460 3786/2371/2390 3944/2461/2480
f 3856/2419/2438 3885/2441/2460 3910/2462/2481
f 3892/2453/2472 3946/2463/2482 3839/2408/2427
f 3844/2410/2429 3805/2361/2380 3899/2464/2483
f 3918/2465/2484 3903/2455/2474 3922/2466/2485
f 3904/2449/2468 3844/2410/2429 3899/2464/2483
f 3857/2395/2414 3830/2422/2441 3924/2467/2486
f 3831/2403/2422 3925/2468/2487 3877/2469/2488
f 3878/2457/2476 3930/2456/2475 3926/2470/2489
f 3892/2453/2472 3911/2471/2490 3946/2463/2482
f 3911/2471/2490 3923/2472/2491 3946/2463/2482
f 3927/2473/2492 3900/2337/2355 3921/2459/2478
f 3928/2474/2493 3913/2475/2494 3906/2427/2446
f 3835/2366/2385 3916/2454/2473 3929/2476/2495
f 3922/2466/2485 3903/2455/2474 3904/2449/2468
f 3906/2427/2446 3837/2400/2419 3973/2477/2496
f 3939/2478/2497 3666/2270/2288 3883/2479/2498
f 3835/2366/2385 3933/2480/2499 3884/2440/2459
f 3805/2361/2380 3919/2432/2451 3899/2464/2483
f 3806/2379/2398 3814/2383/2402 3936/2481/2500
f 3666/2270/2288 3951/2482/2501 3883/2479/2498
f 3666/2270/2288 3895/2446/2465 3951/2482/2501
f 3933/2480/2499 3835/2366/2385 3941/2483/2502
f 3944/2461/2480 3884/2440/2459 3943/2484/2503
f 3937/2485/2504 3928/2474/2493 3973/2477/2496
f 3928/2474/2493 3906/2427/2446 3973/2477/2496
f 3926/2470/2489 3930/2456/2475 3947/2486/2505
f 3835/2366/2385 3929/2476/2495 3941/2483/2502
f 3885/2441/2460 3944/2461/2480 3948/2487/2506
f 3923/2472/2491 3949/2488/2507 3946/2463/2482
f 3857/2395/2414 3955/2489/2508 3831/2403/2422
f 3876/2490/2509 3724/2322/2340 3823/2402/2421
f 3879/2431/2450 3938/2491/2510 3868/2428/2447
f 3774/2356/2375 3389/2124/2142 3930/2456/2475
f 3941/2483/2502 3953/2492/2511 3933/2480/2499
f 3942/2493/2512 3934/2494/2513 3954/2495/2514
f 3934/2494/2513 3922/2466/2485 3954/2495/2514
f 3949/2488/2507 3959/2496/2515 3946/2463/2482
f 3949/2488/2507 3945/2497/2516 3959/2496/2515
f 3883/2479/2498 3951/2482/2501 3960/2498/2517
f 3944/2461/2480 3963/2499/2518 3958/2500/2519
f 3944/2461/2480 3966/2501/2520 3963/2499/2518
f 3900/2337/2355 3927/2473/2492 3968/2502/2521
f 3666/2270/2288 3939/2478/2497 3837/2400/2419
f 3866/2392/2411 3982/2503/2522 3970/2504/2523
f 3884/2440/2459 3971/2505/2524 3972/2506/2525
f 3954/2495/2514 3922/2466/2485 3904/2449/2468
f 3944/2461/2480 3943/2484/2503 3966/2501/2520
f 3946/2463/2482 3959/2496/2515 3980/2507/2526
f 3882/2442/2461 3900/2337/2355 3967/2508/2527
f 3925/2468/2487 3831/2403/2422 3955/2489/2508
f 3952/2509/2528 4001/2510/2529 3962/2511/2530
f 3924/2467/2486 3830/2422/2441 3874/2434/2453
f 3971/2505/2524 3884/2440/2459 3976/2512/2531
f 3977/2513/2532 3962/2511/2530 4001/2510/2529
f 3952/2509/2528 3954/2495/2514 4001/2510/2529
f 3884/2440/2459 3972/2506/2525 3983/2514/2533
f 3780/2330/2348 3950/2515/2534 3912/2516/2535
f 3900/2337/2355 3968/2502/2521 3985/2517/2536
f 3876/2490/2509 3981/2518/2537 3724/2322/2340
f 3965/2519/2538 3975/2520/2539 3868/2428/2447
f 3947/2486/2505 3930/2456/2475 3974/2521/2540
f 3866/2392/2411 3806/2379/2398 3982/2503/2522
f 3979/2522/2541 3977/2513/2532 4001/2510/2529
f 3884/2440/2459 3983/2514/2533 3943/2484/2503
f 3935/2523/2542 3988/2524/2543 3989/2525/2544
f 3966/2501/2520 3943/2484/2503 3987/2526/2545
f 3980/2507/2526 3999/2527/2546 3946/2463/2482
f 3787/2354/2373 3882/2442/2461 3875/2437/2456
f 3975/2520/2539 3992/2528/2547 3868/2428/2447
f 3979/2522/2541 3994/2529/2548 3978/2530/2549
f 3983/2514/2533 3972/2506/2525 3995/2531/2550
f 3984/2532/2551 3973/2477/2496 3837/2400/2419
f 3994/2529/2548 3979/2522/2541 4001/2510/2529
f 4001/2510/2529 3954/2495/2514 3904/2449/2468
f 3943/2484/2503 3997/2533/2552 3987/2526/2545
f 3974/2521/2540 3930/2456/2475 4000/2534/2553
f 3986/2535/2554 3994/2529/2548 4001/2510/2529
f 3987/2526/2545 3997/2533/2552 4002/2536/2555
f 3999/2527/2546 4003/2537/2556 4004/2538/2557
f 3996/2539/2558 3991/2540/2559 4007/2541/2560
f 3991/2540/2559 3986/2535/2554 4001/2510/2529
f 3999/2527/2546 4004/2538/2557 4008/2542/2561
f 3839/2408/2427 3946/2463/2482 3820/2398/2417
f 3919/2432/2451 3875/2437/2456 4009/2543/2562
f 3882/2442/2461 3967/2508/2527 4010/2544/2563
f 3991/2540/2559 4001/2510/2529 4038/2545/2564
f 3991/2540/2559 4038/2545/2564 4007/2541/2560
f 3998/2546/2565 3996/2539/2558 4007/2541/2560
f 3946/2463/2482 3999/2527/2546 4008/2542/2561
f 3967/2508/2527 3900/2337/2355 4016/2547/2566
f 3998/2546/2565 4007/2541/2560 4005/2548/2567
f 4016/2547/2566 3900/2337/2355 3985/2517/2536
f 4013/2549/2568 4005/2548/2567 4007/2541/2560
f 4015/2550/2569 3984/2532/2551 3837/2400/2419
f 4008/2542/2561 4020/2551/2570 3946/2463/2482
f 3899/2464/2483 3919/2432/2451 4021/2552/2571
f 3820/2398/2417 4040/2553/2572 3874/2434/2453
f 3982/2503/2522 3806/2379/2398 4019/2554/2573
f 3857/2395/2414 3924/2467/2486 3955/2489/2508
f 3930/2456/2475 3389/2124/2142 4025/2555/2574
f 3946/2463/2482 4020/2551/2570 4027/2556/2575
f 3771/2363/2382 4018/2557/2576 5223/2558/2577
f 4030/2559/2578 4007/2541/2560 4038/2545/2564
f 4039/2560/2579 4009/2543/2562 3875/2437/2456
f 3967/2508/2527 4016/2547/2566 4033/2561/2580
f 3724/2322/2340 4025/2555/2574 3389/2124/2142
f 3904/2449/2468 3899/2464/2483 4034/2562/2581
f 3946/2463/2482 4022/2563/2582 3820/2398/2417
f 3820/2398/2417 4022/2563/2582 4040/2553/2572
f 3875/2437/2456 3882/2442/2461 4039/2560/2579
f 3950/2515/2534 3868/2428/2447 4041/2564/2583
f 3992/2528/2547 4057/2565/2584 4041/2564/2583
f 3939/2478/2497 3883/2479/2498 4012/2566/2585
f 4037/2567/2586 4043/2568/2587 4027/2556/2575
f 3946/2463/2482 4027/2556/2575 4043/2568/2587
f 4011/2569/2588 4031/2570/2589 4044/2571/2590
f 3724/2322/2340 4011/2569/2588 4044/2571/2590
f 4015/2550/2569 3837/2400/2419 4068/2572/2591
f 4022/2563/2582 3946/2463/2482 4043/2568/2587
f 4021/2552/2571 3919/2432/2451 4009/2543/2562
f 4031/2570/2589 4023/2573/2592 4044/2571/2590
f 4032/2574/2593 4015/2550/2569 4051/2575/2594
f 3724/2322/2340 4044/2571/2590 4025/2555/2574
f 4000/2534/2553 3930/2456/2475 4042/2576/2595
f 4038/2545/2564 4001/2510/2529 4069/2577/2596
f 3967/2508/2527 4050/2578/2597 4010/2544/2563
f 4051/2575/2594 4015/2550/2569 4068/2572/2591
f 4068/2572/2591 3837/2400/2419 4101/2579/2598
f 3939/2478/2497 4012/2566/2585 4056/2580/2599
f 3899/2464/2483 4021/2552/2571 4034/2562/2581
f 3837/2400/2419 3939/2478/2497 4089/2581/2600
f 4001/2510/2529 3904/2449/2468 4034/2562/2581
f 4038/2545/2564 4069/2577/2596 4054/2582/2601
f 4022/2563/2582 4043/2568/2587 4062/2583/2602
f 4045/2584/2603 3882/2442/2461 4010/2544/2563
f 4057/2565/2584 4059/2585/2604 4041/2564/2583
f 4051/2575/2594 4068/2572/2591 4058/2586/2605
f 4054/2582/2601 4069/2577/2596 4063/2587/2606
f 3950/2515/2534 4041/2564/2583 4055/2588/2607
f 4042/2576/2595 3930/2456/2475 4060/2589/2608
f 4039/2560/2579 3882/2442/2461 4045/2584/2603
f 4001/2510/2529 4034/2562/2581 4069/2577/2596
f 3930/2456/2475 4061/2590/2609 4060/2589/2608
f 3939/2478/2497 4056/2580/2599 4072/2591/2610
f 4067/2592/2611 5248/2593/2612 4074/2594/2613
f 4034/2562/2581 4021/2552/2571 4080/2595/2614
f 4116/2596/2615 4101/2579/2598 3837/2400/2419
f 4021/2552/2571 4009/2543/2562 4070/2597/2616
f 4076/2598/2617 4068/2572/2591 4101/2579/2598
f 4060/2589/2608 4061/2590/2609 4082/2599/2618
f 4062/2583/2602 4081/2600/2619 4022/2563/2582
f 4059/2585/2604 4079/2601/2620 4041/2564/2583
f 4074/2594/2613 5248/2593/2612 5245/2602/2621
f 4010/2544/2563 4077/2603/2622 4087/2604/2623
f 4079/2601/2620 4088/2605/2624 4041/2564/2583
f 4040/2553/2572 4022/2563/2582 4085/2606/2625
f 4010/2544/2563 4087/2604/2623 4045/2584/2603
f 4063/2587/2606 4090/2607/2626 4084/2608/2627
f 4090/2607/2626 4063/2587/2606 4069/2577/2596
f 4081/2600/2619 4096/2609/2628 4022/2563/2582
f 4081/2600/2619 4091/2610/2629 4096/2609/2628
f 3939/2478/2497 4072/2591/2610 4094/2611/2630
f 4099/2612/2631 4097/2613/2632 4090/2607/2626
f 4022/2563/2582 4096/2609/2628 4102/2614/2633
f 4009/2543/2562 4039/2560/2579 4070/2597/2616
f 4116/2596/2615 3837/2400/2419 4089/2581/2600
f 4080/2595/2614 4021/2552/2571 4103/2615/2634
f 3939/2478/2497 4094/2611/2630 4107/2616/2635
f 4102/2614/2633 4110/2617/2636 4022/2563/2582
f 4021/2552/2571 4070/2597/2616 4103/2615/2634
f 4040/2553/2572 4085/2606/2625 4100/2618/2637
f 4082/2599/2618 4061/2590/2609 4092/2619/2638
f 4099/2612/2631 4090/2607/2626 4125/2620/2639
f 4112/2621/2640 4045/2584/2603 4113/2622/2641
f 4045/2584/2603 4087/2604/2623 4106/2623/2642
f 4039/2560/2579 4045/2584/2603 4112/2621/2640
f 4104/2624/2643 4101/2579/2598 4124/2625/2644
f 4124/2625/2644 4101/2579/2598 4116/2596/2615
f 4069/2577/2596 4034/2562/2581 4125/2620/2639
f 4110/2617/2636 4126/2626/2645 4022/2563/2582
f 4065/2627/2646 4117/2628/2647 4044/2571/2590
f 4110/2617/2636 4122/2629/2648 4126/2626/2645
f 4093/2630/2649 4142/2631/2650 4041/2564/2583
f 4099/2612/2631 4125/2620/2639 4120/2632/2651
f 4120/2632/2651 4125/2620/2639 4127/2633/2652
f 4127/2633/2652 4125/2620/2639 4131/2634/2653
f 4126/2626/2645 4130/2635/2654 4022/2563/2582
f 4040/2553/2572 4100/2618/2637 3924/2467/2486
f 4112/2621/2640 4113/2622/2641 4132/2636/2655
f 3939/2478/2497 4107/2616/2635 4133/2637/2656
f 3924/2467/2486 4100/2618/2637 4071/2638/2657
f 4044/2571/2590 4117/2628/2647 4172/2639/2658
f 4100/2618/2637 4146/2640/2659 4071/2638/2657
f 4112/2621/2640 4137/2641/2660 4147/2642/2661
f 4128/2643/2662 4124/2625/2644 4116/2596/2615
f 4131/2634/2653 4125/2620/2639 4143/2644/2663
f 4022/2563/2582 4130/2635/2654 4144/2645/2664
f 4139/2646/2665 4128/2643/2662 4116/2596/2615
f 4022/2563/2582 4144/2645/2664 4155/2647/2666
f 4071/2638/2657 4145/2648/2667 4121/2649/2668
f 4149/2650/2669 3939/2478/2497 4133/2637/2656
f 4143/2644/2663 4125/2620/2639 4153/2651/2670
f 4144/2645/2664 4154/2652/2671 4155/2647/2666
f 4150/2653/2672 4139/2646/2665 4116/2596/2615
f 4156/2654/2673 4138/2655/2674 4181/2656/2675
f 4044/2571/2590 4172/2639/2658 4025/2555/2574
f 4089/2581/2600 3939/2478/2497 4188/2657/2676
f 4136/2658/2677 4148/2659/2678 4117/2628/2647
f 4140/2660/2679 4061/2590/2609 4151/2661/2680
f 4153/2651/2670 4125/2620/2639 4157/2662/2681
f 4071/2638/2657 4146/2640/2659 4145/2648/2667
f 4151/2661/2680 4061/2590/2609 4165/2663/2682
f 4125/2620/2639 4034/2562/2581 4166/2664/2683
f 4155/2647/2666 4167/2665/2684 4022/2563/2582
f 4150/2653/2672 4116/2596/2615 4168/2666/2685
f 4116/2596/2615 4194/2667/2686 4168/2666/2685
f 4157/2662/2681 4125/2620/2639 4175/2668/2687
f 4061/2590/2609 3930/2456/2475 4165/2663/2682
f 4112/2621/2640 4147/2642/2661 4170/2669/2688
f 4162/2670/2689 4171/2671/2690 4172/2639/2658
f 4170/2669/2688 4147/2642/2661 4174/2672/2691
f 4148/2659/2678 4172/2639/2658 4117/2628/2647
f 4039/2560/2579 4112/2621/2640 4070/2597/2616
f 4174/2672/2691 4147/2642/2661 4169/2673/2692
f 4178/2674/2693 4191/2675/2694 5300/2676/2695
f 4022/2563/2582 4167/2665/2684 4180/2677/2696
f 4165/2663/2682 3930/2456/2475 4183/2678/2697
f 4188/2657/2676 3939/2478/2497 4199/2679/2698
f 3939/2478/2497 4149/2650/2669 4199/2679/2698
f 4166/2664/2683 4034/2562/2581 4080/2595/2614
f 4199/2679/2698 4149/2650/2669 4177/2680/2699
f 4175/2668/2687 4125/2620/2639 4189/2681/2700
f 4146/2640/2659 4100/2618/2637 4085/2606/2625
f 4070/2597/2616 4112/2621/2640 4184/2682/2701
f 4022/2563/2582 4180/2677/2696 4197/2683/2702
f 4112/2621/2640 4170/2669/2688 4193/2684/2703
f 4022/2563/2582 4213/2685/2704 4085/2606/2625
f 4184/2682/2701 4112/2621/2640 4193/2684/2703
f 4116/2596/2615 4089/2581/2600 4201/2686/2705
f 4146/2640/2659 4085/2606/2625 4190/2687/2706
f 4194/2667/2686 4176/2688/2707 4168/2666/2685
f 4198/2689/2708 4189/2681/2700 4210/2690/2709
f 4189/2681/2700 4125/2620/2639 4210/2690/2709
f 4198/2689/2708 4210/2690/2709 4202/2691/2710
f 4022/2563/2582 4197/2683/2702 4213/2685/2704
f 4201/2686/2705 4089/2581/2600 4188/2657/2676
f 4220/2692/2711 4184/2682/2701 4193/2684/2703
f 4195/2693/2712 4232/2694/2713 4123/2695/2714
f 4200/2696/2715 4212/2697/2716 4217/2698/2717
f 4210/2690/2709 4125/2620/2639 4218/2699/2718
f 4085/2606/2625 4215/2700/2719 4190/2687/2706
f 4171/2671/2690 4206/2701/2720 4172/2639/2658
f 4199/2679/2698 4216/2702/2721 4188/2657/2676
f 4085/2606/2625 4221/2703/2722 4215/2700/2719
f 3930/2456/2475 4228/2704/2723 4183/2678/2697
f 4222/2705/2724 4214/2706/2725 4194/2667/2686
f 4125/2620/2639 4166/2664/2683 4286/2707/2726
f 4080/2595/2614 4103/2615/2634 4166/2664/2683
f 4070/2597/2616 4184/2682/2701 4103/2615/2634
f 4188/2657/2676 4216/2702/2721 4233/2708/2727
f 4125/2620/2639 4286/2707/2726 4218/2699/2718
f 4218/2699/2718 4235/2709/2728 4236/2710/2729
f 4213/2685/2704 4219/2711/2730 4246/2712/2731
f 4085/2606/2625 4213/2685/2704 4241/2713/2732
f 4220/2692/2711 4229/2714/2733 4184/2682/2701
f 4235/2709/2728 4218/2699/2718 4286/2707/2726
f 4213/2685/2704 4246/2712/2731 4241/2713/2732
f 4085/2606/2625 4247/2715/2734 4221/2703/2722
f 4248/2716/2735 4184/2682/2701 4229/2714/2733
f 4243/2717/2736 4227/2718/2737 4237/2719/2738
f 4222/2705/2724 4194/2667/2686 4275/2720/2739
f 3930/2456/2475 4306/2721/2740 4228/2704/2723
f 4188/2657/2676 4233/2708/2727 4250/2722/2741
f 4235/2709/2728 4286/2707/2726 4255/2723/2742
f 4206/2701/2720 4242/2724/2743 4172/2639/2658
f 4243/2717/2736 4237/2719/2738 4222/2705/2724
f 4275/2720/2739 4194/2667/2686 4116/2596/2615
f 4188/2657/2676 4250/2722/2741 4261/2725/2744
f 4246/2712/2731 4254/2726/2745 4241/2713/2732
f 4085/2606/2625 4241/2713/2732 4257/2727/2746
f 4085/2606/2625 4257/2727/2746 4262/2728/2747
f 4085/2606/2625 4262/2728/2747 4247/2715/2734
f 4184/2682/2701 4248/2716/2735 4259/2729/2748
f 4172/2639/2658 4242/2724/2743 4249/2730/2749
f 4306/2721/2740 4266/2731/2750 4228/2704/2723
f 4255/2723/2742 4286/2707/2726 4268/2732/2751
f 4254/2726/2745 4267/2733/2752 4241/2713/2732
f 4258/2734/2753 4263/2735/2754 4242/2724/2743
f 4243/2717/2736 4222/2705/2724 4275/2720/2739
f 4251/2736/2755 4212/2697/2716 4265/2737/2756
f 4264/2738/2757 4243/2717/2736 4275/2720/2739
f 4184/2682/2701 4259/2729/2748 4273/2739/2758
f 4269/2740/2759 4272/2741/2760 4263/2735/2754
f 4025/2555/2574 4172/2639/2658 4249/2730/2749
f 4188/2657/2676 4261/2725/2744 4276/2742/2761
f 4241/2713/2732 4267/2733/2752 4277/2743/2762
f 4263/2735/2754 4272/2741/2760 4242/2724/2743
f 4274/2744/2763 4264/2738/2757 4275/2720/2739
f 4342/2745/2764 4188/2657/2676 4276/2742/2761
f 4274/2744/2763 4275/2720/2739 4282/2746/2765
f 4282/2746/2765 4275/2720/2739 4311/2747/2766
f 4188/2657/2676 4342/2745/2764 4201/2686/2705
f 4268/2732/2751 4286/2707/2726 4278/2748/2767
f 4241/2713/2732 4292/2749/2768 4280/2750/2769
f 4241/2713/2732 4280/2750/2769 4281/2751/2770
f 4295/2752/2771 4103/2615/2634 4184/2682/2701
f 4184/2682/2701 4273/2739/2758 4283/2753/2772
f 4025/2555/2574 4284/2754/2773 3930/2456/2475
f 4241/2713/2732 4277/2743/2762 4292/2749/2768
f 4295/2752/2771 4184/2682/2701 4283/2753/2772
f 4123/2695/2714 4303/2755/2774 4256/2756/2775
f 4242/2724/2743 4272/2741/2760 4249/2730/2749
f 4279/2757/2776 4249/2730/2749 4272/2741/2760
f 4025/2555/2574 4249/2730/2749 4284/2754/2773
f 4278/2748/2767 4286/2707/2726 4293/2758/2777
f 4292/2749/2768 4296/2759/2778 4280/2750/2769
f 4279/2757/2776 4287/2760/2779 4249/2730/2749
f 4166/2664/2683 4103/2615/2634 4291/2761/2780
f 4291/2761/2780 4103/2615/2634 4295/2752/2771
f 4280/2750/2769 4296/2759/2778 4299/2762/2781
f 4293/2758/2777 4286/2707/2726 4298/2763/2782
f 4294/2764/2783 4310/2765/2784 4287/2760/2779
f 4302/2766/2785 4282/2746/2765 4311/2747/2766
f 4342/2745/2764 4276/2742/2761 4304/2767/2786
f 4296/2759/2778 4308/2768/2787 4299/2762/2781
f 4294/2764/2783 4300/2769/2788 4310/2765/2784
f 4249/2730/2749 4287/2760/2779 4310/2765/2784
f 3930/2456/2475 4284/2754/2773 4306/2721/2740
f 4298/2763/2782 4286/2707/2726 4317/2770/2789
f 4298/2763/2782 4317/2770/2789 4318/2771/2790
f 4309/2772/2791 4295/2752/2771 4321/2773/2792
f 4286/2707/2726 4166/2664/2683 4322/2774/2793
f 4291/2761/2780 4295/2752/2771 4331/2775/2794
f 4331/2775/2794 4295/2752/2771 4309/2772/2791
f 4286/2707/2726 4322/2774/2793 4317/2770/2789
f 4318/2771/2790 4317/2770/2789 4327/2776/2795
f 4318/2771/2790 4327/2776/2795 4329/2777/2796
f 4310/2765/2784 4300/2769/2788 4319/2778/2797
f 4275/2720/2739 4116/2596/2615 4201/2686/2705
f 4342/2745/2764 4304/2767/2786 4330/2779/2798
f 4319/2778/2797 4328/2780/2799 4310/2765/2784
f 4166/2664/2683 4291/2761/2780 4334/2781/2800
f 4166/2664/2683 4335/2782/2801 4322/2774/2793
f 4291/2761/2780 4331/2775/2794 4337/2783/2802
f 4338/2784/2803 4332/2785/2804 4275/2720/2739
f 4332/2785/2804 4323/2786/2805 4275/2720/2739
f 4323/2786/2805 4311/2747/2766 4275/2720/2739
f 4249/2730/2749 4310/2765/2784 4341/2787/2806
f 4310/2765/2784 4328/2780/2799 4339/2788/2807
f 4335/2782/2801 4166/2664/2683 4345/2789/2808
f 4291/2761/2780 4346/2790/2809 4334/2781/2800
f 4346/2790/2809 4291/2761/2780 4344/2791/2810
f 4166/2664/2683 4334/2781/2800 4351/2792/2811
f 4166/2664/2683 4351/2792/2811 4345/2789/2808
f 4340/2793/2812 4338/2784/2803 4275/2720/2739
f 4340/2793/2812 4275/2720/2739 4352/2794/2813
f 4356/2795/2814 4348/2796/2815 5350/2797/2816
f 4350/2798/2817 4353/2799/2818 4343/2800/2819
f 4347/2801/2820 4340/2793/2812 4352/2794/2813
f 4342/2745/2764 4355/2802/2821 4357/2803/2822
f 4353/2799/2818 4354/2804/2823 4343/2800/2819
f 4358/2805/2824 4356/2795/2814 5350/2797/2816
f 4249/2730/2749 4341/2787/2806 4284/2754/2773
f 4343/2800/2819 4354/2804/2823 4339/2788/2807
f 4342/2745/2764 4357/2803/2822 4360/2806/2825
f 4354/2804/2823 4352/2794/2813 4361/2807/2826
f 4361/2807/2826 4352/2794/2813 4275/2720/2739
f 4339/2788/2807 4354/2804/2823 4361/2807/2826
f 4306/2721/2740 4284/2754/2773 4364/2808/2827
f 4310/2765/2784 4339/2788/2807 4341/2787/2806
f 4342/2745/2764 4360/2806/2825 4365/2809/2828
f 4339/2788/2807 4361/2807/2826 4341/2787/2806
f 4342/2745/2764 4365/2809/2828 4367/2810/2829
f 4284/2754/2773 4375/2811/2830 4364/2808/2827
f 4201/2686/2705 4342/2745/2764 4367/2810/2829
f 4201/2686/2705 4367/2810/2829 4371/2812/2831
f 4201/2686/2705 4371/2812/2831 4377/2813/2832
f 4284/2754/2773 4415/2814/2833 4375/2811/2830
f 4361/2807/2826 4275/2720/2739 4383/2815/2834
f 4415/2814/2833 4384/2816/2835 4375/2811/2830
f 4201/2686/2705 4377/2813/2832 4385/2817/2836
f 4383/2815/2834 4275/2720/2739 4201/2686/2705
f 4361/2807/2826 4383/2815/2834 4341/2787/2806
f 4383/2815/2834 4201/2686/2705 4416/2818/2837
f 4399/2819/2838 4379/2820/2839 4369/2821/2840
f 4416/2818/2837 4201/2686/2705 4400/2822/2841
f 4415/2814/2833 4435/2823/2842 4423/2824/2843
f 4441/2825/2844 4424/2826/2845 4442/2827/2846
f 4383/2815/2834 4416/2818/2837 4437/2828/2847
f 4383/2815/2834 4437/2828/2847 4443/2829/2848
f 4284/2754/2773 4341/2787/2806 4383/2815/2834
f 4415/2814/2833 4449/2830/2849 4435/2823/2842
f 4284/2754/2773 4383/2815/2834 4417/2831/2850
f 4436/2832/2851 4450/2833/2852 4459/2834/2853
f 4436/2832/2851 4459/2834/2853 4458/2835/2854
f 4383/2815/2834 4443/2829/2848 4466/2836/2855
f 4415/2814/2833 4467/2837/2856 4449/2830/2849
f 4415/2814/2833 4472/2838/2857 4467/2837/2856
f 4415/2814/2833 4417/2831/2850 4472/2838/2857
f 4383/2815/2834 4466/2836/2855 4470/2839/2858
f 4471/2840/2859 4383/2815/2834 4476/2841/2860
f 4383/2815/2834 4470/2839/2858 4476/2841/2860
f 4417/2831/2850 4481/2842/2861 4478/2843/2862
f 4417/2831/2850 4488/2844/2863 4485/2845/2864
f 4417/2831/2850 4383/2815/2834 4491/2846/2865
f 4417/2831/2850 4491/2846/2865 4488/2844/2863
f 4491/2846/2865 4383/2815/2834 4489/2847/2866
f 4491/2846/2865 4489/2847/2866 4494/2848/2867
f 4486/2849/2868 5422/2850/2869 4482/2851/2870
f 4492/2852/2871 4493/2853/2872 5422/2850/2869
f 153/154/156 79/54/54 30/23/23
f 78/39/39 145/91/93 165/159/161
f 160/111/113 153/154/156 30/23/23
f 153/154/156 160/111/113 244/191/193
f 165/159/161 246/163/165 250/177/179
f 235/164/166 145/91/93 260/2854/2873
f 274/214/216 165/159/161 273/179/181
f 259/2855/2874 284/176/178 272/2856/2875
f 259/2855/2874 247/174/176 284/176/178
f 260/2854/2873 145/91/93 285/213/215
f 248/175/177 281/209/211 382/211/213
f 284/176/178 248/175/177 382/211/213
f 325/201/203 282/200/202 272/2856/2875
f 311/223/225 298/2857/2876 309/224/226
f 228/153/155 221/156/158 79/54/54
f 284/176/178 382/211/213 330/2858/2877
f 285/213/215 275/142/144 324/228/230
f 323/221/223 269/171/173 300/208/210
f 272/2856/2875 284/176/178 358/2859/2878
f 272/2856/2875 358/2859/2878 325/201/203
f 328/210/212 406/2860/2879 382/211/213
f 337/2861/2880 345/246/248 328/210/212
f 244/191/193 339/278/280 228/153/155
f 284/176/178 330/2858/2877 358/2859/2878
f 325/201/203 358/2859/2878 368/270/272
f 342/255/257 344/238/240 329/231/233
f 345/246/248 367/248/250 328/210/212
f 368/270/272 332/233/235 325/201/203
f 354/269/271 332/233/235 368/270/272
f 360/250/252 4498/2862/2881 363/256/258
f 348/2863/2882 372/2864/2883 4501/2865/2884
f 333/237/239 331/229/231 375/2866/2885
f 275/142/144 376/321/323 341/243/245
f 4498/2862/2881 378/2867/2886 363/256/258
f 4501/2865/2884 372/2864/2883 4504/272/274
f 220/127/129 376/321/323 275/142/144
f 406/2860/2879 328/210/212 363/256/258
f 4501/2865/2884 400/271/273 379/2868/2887
f 400/271/273 4501/2865/2884 4504/272/274
f 4506/2869/2888 383/2870/2889 4504/272/274
f 379/2871/2890 395/273/275 388/2872/2891
f 4506/2869/2888 371/2873/2892 383/2870/2889
f 374/257/259 351/275/277 268/162/164
f 330/2858/2877 382/211/213 403/390/392
f 389/268/270 368/270/272 435/294/296
f 341/243/245 376/321/323 401/2874/2893
f 395/273/275 4504/272/274 388/2872/2891
f 405/317/319 370/252/254 318/220/222
f 368/270/272 358/2859/2878 4510/2875/2894
f 404/280/282 388/2872/2891 438/281/283
f 417/284/286 402/283/285 389/268/270
f 388/2872/2891 4504/272/274 438/281/283
f 406/2860/2879 4512/2876/2895 426/2877/2896
f 383/2870/2889 477/312/314 4504/272/274
f 406/2860/2879 426/2877/2896 440/2878/2897
f 438/281/283 4511/2879/2898 4509/279/281
f 412/313/315 477/312/314 383/2870/2889
f 403/390/392 406/2860/2879 440/2878/2897
f 376/321/323 413/2880/2899 401/2874/2893
f 425/253/255 335/189/191 409/290/292
f 382/211/213 406/2860/2879 403/390/392
f 426/2877/2896 4514/2881/2900 440/2878/2897
f 4513/2882/2901 4511/2879/2898 454/2883/2902
f 435/294/296 368/270/272 474/2884/2903
f 474/2884/2903 368/270/272 4510/2875/2894
f 412/313/315 439/2885/2904 449/314/316
f 405/317/319 436/285/287 370/252/254
f 428/302/304 381/299/301 269/171/173
f 413/2880/2899 376/321/323 448/323/325
f 358/2859/2878 330/2858/2877 4526/2886/2905
f 440/2878/2897 4514/2881/2900 453/2887/2906
f 454/2883/2902 4511/2879/2898 438/281/283
f 457/334/336 434/304/306 351/275/277
f 440/2878/2897 4516/2888/2907 403/390/392
f 452/2889/2908 454/2883/2902 438/281/283
f 427/301/303 455/349/351 422/291/293
f 403/390/392 4516/2888/2907 4517/2890/2909
f 4516/2888/2907 453/2891/2910 4517/2890/2909
f 461/2892/2911 435/294/296 625/2893/2912
f 358/2859/2878 4526/2886/2905 509/2894/2913
f 4517/2890/2909 492/2895/2914 403/390/392
f 4519/2896/2915 452/2889/2908 491/346/348
f 452/2889/2908 438/281/283 491/346/348
f 474/2884/2903 4510/2875/2894 528/2897/2916
f 496/2898/2917 461/2892/2911 625/2893/2912
f 487/344/346 476/333/335 351/275/277
f 330/2858/2877 553/495/498 4526/2886/2905
f 403/390/392 492/2895/2914 4520/2899/2918
f 491/346/348 493/347/349 4521/2900/2919
f 474/2884/2903 625/2893/2912 435/294/296
f 467/2901/2920 477/312/314 449/314/316
f 490/358/360 445/329/331 355/245/247
f 330/2858/2877 403/390/392 554/2902/2921
f 4510/2875/2894 358/2859/2878 509/2894/2913
f 484/2903/2922 522/2904/2923 467/2901/2920
f 330/2858/2877 554/2902/2921 553/495/498
f 4521/2900/2919 493/347/349 4523/2905/2924
f 481/371/373 546/357/359 458/356/358
f 4520/2899/2918 4524/2906/2925 4529/2907/2926
f 4523/2905/2927 4528/2908/2928 527/2909/2929
f 4523/2905/2927 527/2909/2929 4527/2910/2930
f 493/347/349 438/281/283 4528/2908/2928
f 513/367/2931 519/381/383 503/360/362
f 4528/2908/2928 438/281/283 527/2909/2929
f 473/335/337 521/318/320 405/317/319
f 523/2911/2932 502/353/355 451/306/308
f 477/312/314 467/2901/2920 533/508/512
f 531/374/376 517/366/368 508/365/367
f 403/390/392 4520/2899/2918 562/391/393
f 4520/2899/2918 4529/2907/2926 562/391/393
f 527/2909/2929 4530/399/401 561/2912/2933
f 496/2898/2917 625/2893/2912 538/2913/2934
f 374/257/259 539/395/397 511/359/361
f 511/359/361 534/379/381 451/306/308
f 542/398/400 604/385/387 516/384/386
f 528/2897/2916 4510/2875/2894 509/2894/2913
f 562/391/393 4531/2914/2935 560/392/394
f 527/2909/2929 438/281/283 4530/399/401
f 625/2893/2912 474/2884/2903 598/2915/2936
f 550/413/415 564/394/396 374/257/259
f 403/390/392 560/392/394 4533/2916/2937
f 539/395/397 552/2917/2938 511/359/361
f 571/432/434 387/265/267 489/325/327
f 559/2918/2939 4530/399/401 668/400/402
f 598/2915/2936 474/2884/2903 528/2897/2916
f 403/390/392 4533/2916/2937 577/2919/2940
f 522/2904/2923 548/2920/2941 467/2901/2920
f 604/385/387 540/396/398 551/411/413
f 570/405/407 579/431/433 546/357/359
f 577/2919/2940 587/2921/2942 403/390/392
f 674/452/454 438/281/283 477/312/314
f 467/2901/2920 548/2920/2941 578/515/519
f 594/427/429 604/385/387 565/410/412
f 559/2918/2939 668/400/402 4534/2922/2943
f 521/318/320 588/423/425 555/383/385
f 520/368/370 531/374/376 557/388/390
f 567/417/419 536/363/365 381/299/301
f 403/390/392 587/2921/2942 4537/2923/2944
f 531/374/376 569/418/420 557/388/390
f 4535/2924/2945 4532/2925/2946 4536/2926/2947
f 4532/2925/2946 4534/2922/2943 4536/2926/2947
f 445/329/331 591/2927/2948 374/257/259
f 558/339/341 546/357/359 579/431/433
f 403/390/392 627/527/531 554/2902/2921
f 509/2894/2913 4526/2886/2905 710/573/577
f 596/435/437 591/2927/2948 445/329/331
f 554/2902/2921 627/527/531 553/495/498
f 403/390/392 4537/2923/2944 627/527/531
f 533/508/512 467/2901/2920 578/515/519
f 591/2927/2948 600/429/431 374/257/259
f 606/436/438 603/443/445 586/419/421
f 4537/2923/2944 624/2928/2949 617/2929/2950
f 4536/2926/2947 4534/2922/2943 668/400/402
f 548/2920/2941 599/2930/2951 578/515/519
f 625/2893/2912 572/2931/2952 538/2913/2934
f 490/358/360 605/439/441 445/329/331
f 4536/2926/2947 668/400/402 623/445/447
f 610/449/451 569/418/420 531/374/376
f 610/449/451 531/374/376 604/385/387
f 627/527/531 4537/2923/2944 628/2932/2953
f 4537/2923/2944 617/2929/2950 4539/2933/2954
f 632/442/444 612/451/453 603/443/445
f 4537/2923/2944 4539/2933/2954 628/2932/2953
f 622/464/466 595/441/443 609/2934/2955
f 618/446/448 668/400/402 4538/2935/2956
f 625/2893/2912 598/2915/2936 651/2936/2957
f 628/2932/2953 650/2937/2958 656/473/475
f 668/400/402 664/2938/2959 4538/2935/2956
f 509/2894/2913 759/2939/2960 528/2897/2916
f 627/527/531 655/496/499 553/495/498
f 627/527/531 628/2932/2953 656/473/475
f 4538/2935/2956 664/2938/2959 649/2940/2961
f 477/312/314 533/508/512 674/452/454
f 658/2941/2962 572/2931/2952 625/2893/2912
f 4526/2886/2905 553/495/498 709/497/500
f 422/291/293 657/461/463 500/352/354
f 490/358/360 661/2942/2963 605/439/441
f 4540/2943/2964 664/2938/2959 665/2944/2965
f 677/469/471 558/339/341 662/465/467
f 656/473/475 666/2945/2966 678/474/476
f 509/2894/2913 710/573/577 759/2939/2960
f 627/527/531 656/473/475 680/475/477
f 672/481/483 661/2942/2963 490/358/360
f 664/2938/2959 691/2946/2967 665/2944/2965
f 738/483/485 574/407/409 571/432/434
f 578/515/519 599/2930/2951 704/516/520
f 710/573/577 4526/2886/2905 758/571/575
f 4526/2886/2905 709/497/500 758/571/575
f 664/2938/2959 668/400/402 691/2946/2967
f 598/2915/2936 528/2897/2916 759/2939/2960
f 500/352/354 657/461/463 748/524/528
f 658/2941/2962 625/2893/2912 698/544/548
f 671/478/480 660/463/465 659/468/470
f 634/454/456 486/343/345 703/518/522
f 678/474/476 729/2947/2968 680/475/477
f 651/2936/2957 804/545/549 625/2893/2912
f 599/2930/2951 681/2948/2969 704/516/520
f 625/2893/2912 804/545/549 698/544/548
f 691/2946/2967 668/400/402 842/534/538
f 862/2949/2970 651/2936/2957 598/2915/2936
f 736/507/511 660/463/465 671/478/480
f 490/358/360 737/514/518 697/490/493
f 691/2946/2967 842/534/538 728/2950/2971
f 736/507/511 671/478/480 696/477/479
f 668/400/402 674/452/454 842/534/538
f 767/2951/2972 736/507/511 702/506/510
f 738/483/485 690/485/487 574/407/409
f 689/501/505 756/540/544 716/2952/2973
f 757/2953/2974 717/505/509 724/470/472
f 717/505/509 745/494/497 558/339/341
f 745/494/497 948/629/634 567/417/419
f 627/527/531 680/475/477 775/528/532
f 862/2949/2970 598/2915/2936 759/2939/2960
f 766/2954/2975 697/490/493 737/514/518
f 606/436/438 756/540/544 689/501/505
f 680/475/477 729/2947/2968 778/2955/2976
f 728/2950/2971 842/534/538 777/533/537
f 812/607/612 610/449/451 604/385/387
f 767/2951/2972 755/539/543 736/507/511
f 948/629/634 746/482/484 567/417/419
f 648/466/468 816/2956/2977 723/510/514
f 674/452/454 845/657/662 842/534/538
f 655/496/499 627/527/531 881/560/564
f 808/608/613 755/539/543 794/538/542
f 824/550/554 816/2956/2977 648/466/468
f 785/532/536 827/2957/2978 745/494/497
f 709/497/500 655/496/499 881/560/564
f 627/527/531 809/529/533 828/555/559
f 610/449/451 807/586/591 606/436/438
f 808/608/613 736/507/511 755/539/543
f 890/2958/2979 745/494/497 827/2957/2978
f 758/571/575 709/497/500 843/635/640
f 786/509/513 845/657/662 674/452/454
f 817/2959/2980 827/2957/2978 785/532/536
f 868/600/605 604/385/387 660/463/465
f 832/585/590 826/551/555 648/466/468
f 835/2960/2981 827/2957/2978 817/2959/2980
f 627/527/531 925/564/568 841/561/565
f 627/527/531 833/556/560 851/563/567
f 834/589/594 613/447/449 536/363/365
f 802/535/539 842/534/538 837/569/573
f 868/600/605 812/607/612 604/385/387
f 709/497/500 881/560/564 861/610/615
f 828/555/559 856/2961/2982 833/556/560
f 759/2939/2960 710/573/577 893/718/723
f 853/566/570 808/608/613 825/567/571
f 833/556/560 856/2961/2982 892/2962/2983
f 787/536/540 486/343/345 819/579/585
f 898/575/579 818/552/556 606/436/438
f 758/571/575 843/635/640 871/572/576
f 925/564/568 851/563/567 892/2962/2984
f 872/618/623 619/453/455 613/447/449
f 867/2963/2985 815/530/534 669/448/450
f 869/2964/2986 853/566/570 850/565/569
f 932/568/572 616/421/423 690/485/487
f 736/507/511 1125/599/604 660/463/465
f 841/561/565 925/564/568 891/2965/2987
f 879/594/599 808/608/613 853/566/570
f 759/2939/2960 893/718/723 862/2949/2970
f 578/515/519 916/658/663 786/509/513
f 898/575/579 874/587/592 836/576/580
f 925/564/568 900/2966/2988 891/2965/2987
f 804/545/549 651/2936/2957 1056/639/644
f 875/638/643 857/558/562 804/545/549
f 897/623/628 879/594/599 880/595/600
f 855/570/574 957/616/621 901/615/620
f 899/2967/2989 745/494/497 890/2958/2979
f 881/560/564 882/596/601 923/2968/2990
f 925/564/568 892/2962/2984 928/2969/2991
f 578/515/519 829/517/521 916/658/663
f 669/448/450 908/641/646 867/2963/2985
f 899/2967/2989 917/626/631 745/494/497
f 881/560/564 920/2970/2992 861/610/615
f 855/570/574 902/602/607 957/616/621
f 651/2936/2957 862/2949/2970 993/2971/2993
f 804/545/549 1056/639/644 875/638/643
f 913/613/618 915/2972/2994 951/654/659
f 973/2973/2995 1056/639/644 651/2936/2957
f 1046/606/611 807/586/591 610/449/451
f 919/2974/2996 933/653/658 953/646/651
f 931/2975/2997 926/2976/2998 951/654/659
f 973/2973/2995 651/2936/2957 993/2971/2993
f 745/494/497 941/627/632 984/628/633
f 893/718/723 710/573/577 871/572/576
f 939/2977/2999 997/632/637 938/625/630
f 921/2978/3000 922/621/626 933/653/658
f 913/613/618 951/654/659 912/614/619
f 926/2976/2998 954/2979/3001 951/654/659
f 872/618/623 929/577/581 619/453/455
f 953/646/651 933/653/658 986/647/652
f 954/2979/3001 1085/655/660 951/654/659
f 1025/2980/3002 862/2949/2970 893/718/723
f 970/2981/3003 997/632/637 939/2977/2999
f 842/534/538 972/682/687 902/602/607
f 843/635/640 965/668/673 969/685/690
f 994/694/699 962/642/647 669/448/450
f 968/634/639 967/667/672 843/635/640
f 1085/655/660 954/2979/3001 987/677/682
f 992/670/675 669/448/450 711/503/507
f 1002/830/835 812/607/612 868/600/605
f 982/2982/3004 964/644/649 648/466/468
f 1024/652/657 966/649/654 905/619/624
f 971/662/667 949/645/650 986/647/652
f 912/614/619 1085/655/660 922/621/626
f 1002/830/835 868/600/605 1125/599/604
f 879/594/599 1125/599/604 736/507/511
f 1024/652/657 985/2983/3005 966/649/654
f 984/628/633 1076/707/712 948/629/634
f 1039/669/674 932/568/572 690/485/487
f 1001/2984/3006 969/685/690 965/668/673
f 845/657/662 1049/709/714 842/534/538
f 1009/697/702 982/2982/3004 648/466/468
f 922/621/626 1085/655/660 1012/782/787
f 987/677/682 1006/679/684 1020/692/697
f 1056/639/644 1015/2985/3007 959/640/645
f 1010/2986/3008 1183/684/689 990/674/679
f 1004/678/3009 1021/721/726 1020/692/697
f 1022/716/721 893/718/723 871/572/576
f 1046/606/611 1063/726/731 807/586/591
f 1183/684/689 997/632/637 998/675/680
f 1000/691/696 1033/690/695 1011/2987/3010
f 1052/693/698 1017/2988/3011 994/694/699
f 1030/701/706 1032/706/711 984/628/633
f 829/517/521 1035/609/614 1044/727/732
f 932/568/572 1047/2989/3012 1026/666/671
f 1020/692/697 1021/721/726 1085/655/660
f 993/2971/2993 862/2949/2970 1025/2980/3002
f 1013/686/691 1053/2990/3013 843/635/640
f 992/670/675 1052/693/698 669/448/450
f 1040/720/725 1183/684/689 1010/2986/3008
f 893/718/723 1043/717/722 1025/2980/3002
f 1056/639/644 973/2973/2995 1071/2991/3014
f 1075/2992/3015 1076/707/712 1032/706/711
f 1014/687/692 1057/755/760 840/582/587
f 1018/696/701 843/635/640 1053/2990/3013
f 1056/639/644 1058/788/793 1015/2985/3007
f 1082/2993/3016 1047/2989/3012 932/568/572
f 922/621/626 1012/782/787 986/647/652
f 1042/2994/3017 1033/690/695 1059/742/747
f 1099/743/748 1059/742/747 1033/690/695
f 1056/639/644 1193/789/794 1058/788/793
f 1183/684/689 879/594/599 997/632/637
f 1088/734/739 834/589/594 746/482/484
f 1080/735/740 992/670/675 929/577/581
f 1074/713/718 1104/2995/3018 1077/2996/3019
f 1065/746/751 1039/669/674 738/483/485
f 972/682/687 1049/709/714 1089/800/805
f 1076/707/712 1095/760/765 1142/774/779
f 1105/767/772 1082/2993/3016 932/568/572
f 1022/716/721 1018/696/701 1100/752/757
f 1060/722/727 1086/764/769 1085/655/660
f 1060/722/727 1078/2997/3020 1086/764/769
f 1098/758/763 1095/760/765 1076/707/712
f 972/682/687 1089/800/805 1087/799/804
f 1158/747/752 834/589/594 1088/734/739
f 1116/750/755 1104/2995/3018 1074/713/718
f 1097/740/745 1083/739/744 1094/762/767
f 972/682/687 1087/799/804 1101/744/749
f 1223/823/828 1116/750/755 1024/652/657
f 1105/767/772 1093/2998/3021 1082/2993/3016
f 1069/741/746 1099/743/748 1107/2999/3022
f 1071/2991/3014 1193/789/794 1056/639/644
f 1084/733/738 1076/707/712 1142/774/779
f 1024/652/657 898/575/579 1223/823/828
f 1039/669/674 1159/768/773 932/568/572
f 1103/785/790 1052/693/698 992/670/675
f 1112/770/775 1107/2999/3022 1099/743/748
f 1160/810/815 1022/716/721 1138/776/781
f 1117/765/770 1131/793/798 1085/655/660
f 1071/2991/3014 973/2973/2995 993/2971/2993
f 1136/3000/3023 1120/766/771 1113/3001/3024
f 1087/799/804 1146/801/806 1132/3002/3025
f 1253/3003/3026 1046/606/611 812/607/612
f 1080/735/740 872/618/623 1218/942/948
f 1063/726/731 1223/823/828 898/575/579
f 1223/823/828 1121/3004/3027 1116/750/755
f 1165/3005/3028 1155/773/778 1142/774/779
f 1065/746/751 1202/826/831 1039/669/674
f 1025/2980/3002 1043/717/722 1150/3006/3029
f 1204/3007/3030 992/670/675 1080/735/740
f 1223/823/828 1143/3008/3031 1121/3004/3027
f 1150/3006/3029 1043/717/722 1162/866/871
f 1218/942/948 872/618/623 1158/747/752
f 1043/717/722 1022/716/721 1162/866/871
f 1103/785/790 1148/786/791 1052/693/698
f 1212/829/834 1253/3003/3026 1002/830/835
f 1253/3003/3026 812/607/612 1002/830/835
f 1223/823/828 1166/825/830 1143/3008/3031
f 1177/3009/3032 1147/790/795 1193/789/794
f 1012/782/787 1156/791/796 1144/783/788
f 1140/771/776 1180/815/820 1157/814/819
f 1200/3010/3033 1125/599/604 879/594/599
f 1146/801/806 1089/800/805 1172/809/814
f 1189/3011/3034 1169/813/818 1180/815/820
f 1187/835/840 1208/834/839 1159/768/773
f 1178/3012/3035 1179/3013/3036 1155/773/778
f 1201/827/832 1187/835/840 1159/768/773
f 1039/669/674 1201/827/832 1159/768/773
f 1180/815/820 1140/771/776 1099/743/748
f 1196/3014/3037 1022/716/721 1190/811/816
f 1049/709/714 1151/772/777 1217/877/882
f 1199/784/789 992/670/675 1204/3007/3030
f 1136/3000/3023 1183/684/689 1120/766/771
f 1369/3015/3038 993/2971/2993 1025/2980/3002
f 1200/3010/3033 879/594/599 1183/684/689
f 1234/851/856 1099/743/748 1168/806/811
f 1189/3011/3034 1180/815/820 1206/853/858
f 1193/789/794 1071/2991/3014 1365/858/863
f 1210/837/842 1088/734/739 1064/656/661
f 1222/3016/3039 1186/824/829 1223/823/828
f 1207/862/867 1022/716/721 1196/3014/3037
f 1183/684/689 1136/3000/3023 1167/832/837
f 1179/3013/3036 1245/3017/3040 1155/773/778
f 1245/3017/3040 1084/733/738 1155/773/778
f 1125/599/604 1471/828/833 1002/830/835
f 1207/862/867 1162/866/871 1022/716/721
f 1301/990/996 831/522/526 1185/818/823
f 1369/3015/3038 1025/2980/3002 1150/3006/3029
f 993/2971/2993 1369/3015/3038 1379/1106/1113
f 1215/836/841 1202/826/831 1237/886/891
f 1219/840/845 1239/855/860 1170/798/803
f 1200/3010/3033 1471/828/833 1125/599/604
f 4542/3018/3041 1245/3017/3040 1179/3013/3036
f 1379/1106/1113 1071/2991/3014 993/2971/2993
f 1218/942/948 1204/3007/3030 1080/735/740
f 1236/859/864 1220/3019/3042 1193/789/794
f 1232/870/875 1183/684/689 1226/846/851
f 1231/3020/3043 1365/858/863 1071/2991/3014
f 1485/965/971 1223/823/828 1063/726/731
f 1263/967/973 1222/3016/3039 1223/823/828
f 1379/1106/1113 1231/3020/3043 1071/2991/3014
f 1253/3003/3026 4544/950/956 1046/606/611
f 1240/3021/3044 1228/852/857 1260/871/876
f 4543/903/908 1253/3003/3026 1212/829/834
f 4544/950/956 1063/726/731 1046/606/611
f 1281/3022/3045 1183/684/689 1232/870/875
f 1084/733/738 1577/996/1002 1210/837/842
f 1308/3023/3046 1200/3010/3033 1183/684/689
f 1254/3024/3047 1084/733/738 1245/3017/3040
f 1306/3025/3048 4543/903/908 1212/829/834
f 1237/886/891 1202/826/831 1256/887/892
f 1263/967/973 1246/3026/3049 1222/3016/3039
f 1260/871/876 1264/888/893 1251/3027/3050
f 1263/967/973 1255/3028/3051 1246/3026/3049
f 1089/800/805 1287/895/900 1247/857/862
f 1236/859/864 1275/880/885 1248/3029/3052
f 1281/3022/3045 1666/3030/3053 1183/684/689
f 1281/3022/3045 1232/870/875 1259/869/874
f 1288/3031/3054 1365/858/863 1231/3020/3043
f 1277/897/902 1260/871/876 1180/815/820
f 1162/866/871 1242/861/866 1278/3032/3055
f 1252/867/872 1273/939/945 1205/831/836
f 1565/944/950 1204/3007/3030 1218/942/948
f 1471/828/833 1349/3033/3056 1212/829/834
f 1365/858/863 1320/881/886 1236/859/864
f 1333/3034/3057 1306/3025/3048 1212/829/834
f 1295/898/903 1162/866/871 1278/3032/3055
f 4543/903/908 4545/951/957 1253/3003/3026
f 4544/950/956 1485/965/971 1063/726/731
f 1339/3035/3058 1084/733/738 1254/3024/3047
f 1307/910/915 4545/951/957 4543/903/908
f 1299/960/966 1281/3022/3045 1271/3036/3059
f 1304/909/914 1314/3037/3060 1307/910/915
f 1299/960/966 1666/3030/3053 1281/3022/3045
f 1339/3035/3058 1340/997/1003 1084/733/738
f 1300/3038/3061 1270/885/890 1256/887/892
f 1349/3033/3056 1333/3034/3057 1212/829/834
f 1666/3030/3053 1308/3023/3046 1183/684/689
f 1307/910/915 1348/920/925 4545/951/957
f 1318/3039/3062 1285/889/894 1352/925/930
f 1151/772/777 1424/932/937 1217/877/882
f 1088/734/739 1310/943/949 1158/747/752
f 1310/943/949 1218/942/948 1158/747/752
f 1390/977/983 1150/3006/3029 1162/866/871
f 1362/929/934 4545/951/957 1348/920/925
f 1340/997/1003 1577/996/1002 1084/733/738
f 4545/951/957 4544/950/956 1253/3003/3026
f 1283/899/904 1583/904/909 1090/745/750
f 1390/977/983 1162/866/871 1274/893/898
f 1150/3006/3029 1392/1107/1114 1369/3015/3038
f 1389/966/972 1263/967/973 1223/823/828
f 1391/3040/3063 1088/734/739 1210/837/842
f 1319/945/951 1364/3041/3064 996/689/694
f 4544/950/956 1590/3042/3065 1485/965/971
f 1378/949/955 1388/3043/3066 4544/950/956
f 1666/3030/3053 1299/960/966 1381/962/968
f 1373/986/992 1352/925/930 1277/897/902
f 1202/826/831 1380/1013/1019 1256/887/892
f 1406/1032/1038 1666/3030/3053 1381/962/968
f 1409/3044/3067 996/689/694 1364/3041/3064
f 1403/983/989 1290/906/911 1449/964/970
f 1388/3043/3066 1420/1006/1012 4544/950/956
f 1460/980/986 1413/1000/1006 1398/981/987
f 1420/1006/1012 1458/1005/1011 4544/950/956
f 1231/3020/3043 1553/3045/3068 1288/3031/3054
f 1460/980/986 1397/982/988 1412/3046/3069
f 1450/999/1005 1414/3047/3070 1413/1000/1006
f 1552/1140/1147 1150/3006/3029 1390/977/983
f 1365/858/863 1475/3048/3071 1410/3049/3072
f 1460/980/986 1412/3046/3069 1448/3050/3073
f 1454/3051/3074 1456/1007/1013 1434/1008/1014
f 1726/3052/3075 1471/828/833 1200/3010/3033
f 1463/1011/1017 1380/1013/1019 1202/826/831
f 1288/3031/3054 1475/3048/3071 1365/858/863
f 1479/3053/3076 1460/980/986 1448/3050/3073
f 1490/995/1001 1492/3054/3077 1577/996/1002
f 1392/1107/1114 1379/1106/1113 1369/3015/3038
f 1450/999/1005 1524/1037/1043 1455/1024/1030
f 1460/980/986 1524/1037/1043 1450/999/1005
f 1502/1041/1047 1666/3030/3053 1406/1032/1038
f 1563/3055/3078 1493/3056/3079 1491/968/974
f 1497/3057/3080 1524/1037/1043 1460/980/986
f 1524/1037/1043 1482/1025/1031 1455/1024/1030
f 1807/1069/1075 1204/3007/3030 1565/944/950
f 1476/3058/3081 996/689/694 1409/3044/3067
f 1263/967/973 1625/1169/1176 1491/968/974
f 1503/1056/1062 1463/1011/1017 1202/826/831
f 1391/3040/3063 1310/943/949 1088/734/739
f 4547/3059/3082 1231/3020/3043 1379/1106/1113
f 1476/3058/3081 1566/1070/1076 996/689/694
f 1524/1037/1043 1514/3060/3083 1488/1038/1044
f 1547/1042/1048 1500/3061/3084 1489/1043/1049
f 1513/3062/3085 1460/980/986 1479/3053/3076
f 4546/3063/3086 1497/3057/3080 1460/980/986
f 1392/1107/1114 1150/3006/3029 1552/1140/1147
f 1520/1052/1058 1535/3064/3087 4544/950/956
f 1545/1091/1098 1445/1023/1029 1277/897/902
f 1494/1090/1097 1445/1023/1029 1545/1091/1098
f 1522/1055/1061 1238/850/855 1538/1099/1106
f 1543/1061/1067 1509/1040/1046 1526/1053/1059
f 1492/3054/3077 1564/1079/1085 1577/996/1002
f 1807/1069/1075 1199/784/789 1204/3007/3030
f 1513/3062/3085 4546/3063/3086 1460/980/986
f 1513/3062/3085 1479/3053/3076 1507/3065/3088
f 1524/1037/1043 1546/1075/1081 1532/3066/3089
f 1548/1085/1091 1350/955/961 1516/3067/3090
f 1625/1169/1176 1563/3055/3078 1491/968/974
f 1548/1085/1091 1516/3067/3090 1527/3068/3091
f 1605/3069/3092 1502/1041/1047 1504/1031/1037
f 4547/3059/3082 1553/3045/3068 1231/3020/3043
f 1524/1037/1043 1567/1073/1079 1546/1075/1081
f 1542/1060/1066 1561/3070/3093 1509/1040/1046
f 1535/3064/3087 1590/3042/3065 4544/950/956
f 1669/1057/1063 1511/1015/1021 1103/785/790
f 1573/1078/1084 1509/1040/1046 1561/3070/3093
f 1573/1078/1084 1572/1077/1083 1509/1040/1046
f 1556/3071/3094 1620/3072/3095 1535/3064/3087
f 1535/3064/3087 1620/3072/3095 1590/3042/3065
f 1288/3031/3054 1539/3073/3096 1475/3048/3071
f 1726/3052/3075 1600/1124/1131 1471/828/833
f 1530/3074/3097 1552/1140/1147 1390/977/983
f 1524/1037/1043 1584/1095/1102 1567/1073/1079
f 4548/3075/3098 4546/3063/3086 1513/3062/3085
f 1598/3076/3099 1581/1083/1089 1572/1077/1083
f 1497/3057/3080 1584/1095/1102 1524/1037/1043
f 1612/3077/3100 1581/1083/1089 1598/3076/3099
f 1590/3042/3065 1649/3078/3101 1485/965/971
f 1288/3031/3054 1607/3079/3102 1539/3073/3096
f 1584/1095/1102 1613/1130/1137 1597/1096/1103
f 1389/966/972 1625/1169/1176 1263/967/973
f 1625/1169/1176 1576/1176/1183 1563/3055/3078
f 1545/1091/1098 1615/1134/1141 1529/1089/1096
f 1616/3080/3103 1552/1140/1147 1530/3074/3097
f 1647/1125/1132 1600/1124/1131 1726/3052/3075
f 1745/3081/3104 1629/3082/3105 1288/3031/3054
f 1288/3031/3054 1629/3082/3105 1607/3079/3102
f 1497/3057/3080 1613/1130/1137 1584/1095/1102
f 1513/3062/3085 1507/3065/3088 1586/3083/3106
f 1620/3072/3095 1637/3084/3107 1590/3042/3065
f 1626/1141/1148 1552/1140/1147 1616/3080/3103
f 1391/3040/3063 4550/3085/3108 1310/943/949
f 1643/1128/1135 1613/1130/1137 1497/3057/3080
f 1613/1130/1137 1635/1129/1136 1622/3086/3109
f 1664/3087/3110 1647/1125/1132 1726/3052/3075
f 1502/1041/1047 1605/3069/3092 1657/3088/3111
f 1683/1068/1074 1565/944/950 1310/943/949
f 1575/1080/1086 1706/3089/3112 1577/996/1002
f 1719/3090/3113 1210/837/842 1577/996/1002
f 1238/850/855 1652/1146/1153 1606/1100/1107
f 1548/1085/1091 1527/3068/3091 1645/3091/3114
f 1637/3084/3107 1679/3092/3115 1590/3042/3065
f 1205/831/836 1550/1066/1072 1639/1153/1160
f 1653/1172/1179 1302/865/870 1608/1101/1108
f 1664/3087/3110 1726/3052/3075 1691/3093/3116
f 1685/1156/1163 1619/1088/1095 1661/1122/1129
f 1680/1180/1187 1502/1041/1047 1657/3088/3111
f 1643/1128/1135 1684/1164/1171 1660/1131/1138
f 1624/1113/1120 1636/3094/3117 1574/1105/1112
f 4549/3095/3118 4546/3063/3086 4548/3075/3098
f 1679/3092/3115 1701/3096/3119 1590/3042/3065
f 1686/1158/1165 1650/1127/1134 1583/904/909
f 1624/1113/1120 1678/1166/1173 1636/3094/3117
f 1701/3096/3119 1649/3078/3101 1590/3042/3065
f 1706/3089/3112 1719/3090/3113 1577/996/1002
f 4550/3085/3108 1683/1068/1074 1310/943/949
f 1627/1108/1115 4547/3059/3082 1379/1106/1113
f 1552/1140/1147 1702/1288/1299 1392/1107/1114
f 1790/1326/1337 1200/3010/3033 1308/3023/3046
f 1727/3097/3120 1706/3089/3112 1704/3098/3121
f 1639/1153/1160 1673/1152/1159 1713/1200/1207
f 1807/1069/1075 1669/1057/1063 1199/784/789
f 1719/3090/3113 1391/3040/3063 1210/837/842
f 1716/3099/3122 1513/3062/3085 1586/3083/3106
f 1649/3078/3101 1389/966/972 1485/965/971
f 1742/1327/1338 1308/3023/3046 1666/3030/3053
f 1742/1327/1338 1666/3030/3053 1502/1041/1047
f 1643/1128/1135 1717/3100/3123 1698/1163/1170
f 1792/1216/1223 1745/3081/3104 1288/3031/3054
f 4552/3101/3124 4548/3075/3098 1513/3062/3085
f 1497/3057/3080 1819/3102/3125 1643/1128/1135
f 1676/3103/3126 1718/1194/1201 1548/1085/1091
f 1790/1326/1337 1308/3023/3046 1742/1327/1338
f 1625/1169/1176 1728/3104/3127 1705/1170/1177
f 4554/3105/3128 1706/3089/3112 1727/3097/3120
f 4554/3105/3128 1719/3090/3113 1706/3089/3112
f 1729/1210/1217 1730/1186/1193 1687/1185/1192
f 1681/1147/1154 1754/1188/1195 1238/850/855
f 1643/1128/1135 1724/3106/3129 1717/3100/3123
f 1721/1159/1166 1548/1085/1091 1718/1194/1201
f 4557/3107/3130 1497/3057/3080 4546/3063/3086
f 1701/3096/3119 1748/3108/3131 1649/3078/3101
f 1746/1315/1326 1691/3093/3116 1726/3052/3075
f 1702/1288/1299 1627/1108/1115 1392/1107/1114
f 1545/1091/1098 1687/1185/1192 1667/1135/1142
f 1669/1057/1063 1858/3109/3132 1511/1015/1021
f 1643/1128/1135 1761/3110/3133 1724/3106/3129
f 4549/3095/3118 4557/3107/3130 4546/3063/3086
f 1729/1210/1217 1687/1185/1192 1545/1091/1098
f 1792/1216/1223 1288/3031/3054 1553/3045/3068
f 1722/1182/1189 1765/1198/1205 1619/1088/1095
f 1790/1326/1337 1726/3052/3075 1200/3010/3033
f 1205/831/836 1639/1153/1160 1707/1171/1178
f 1686/1158/1165 1743/3111/3134 1734/1160/1167
f 1750/3112/3135 1552/1140/1147 1741/1189/1196
f 1750/3112/3135 1741/1189/1196 1756/3113/3136
f 1773/1199/1206 1624/1113/1120 1619/1088/1095
f 1625/1169/1176 1767/3114/3137 1728/3104/3127
f 1750/3112/3135 1787/3115/3138 1552/1140/1147
f 1819/3102/3125 1761/3110/3133 1643/1128/1135
f 4553/3116/3139 4549/3095/3118 4548/3075/3098
f 4560/1316/1327 1726/3052/3075 1790/1326/1337
f 1781/1211/1218 1729/1210/1217 1545/1091/1098
f 1796/1212/1219 1749/3117/3140 1729/1210/1217
f 1855/3118/3141 4550/3085/3108 1391/3040/3063
f 1497/3057/3080 1839/3119/3142 1819/3102/3125
f 1761/3110/3133 1819/3102/3125 1779/3120/3143
f 1712/1181/1188 1735/1196/1203 1502/1041/1047
f 1916/3121/3144 1719/3090/3113 4554/3105/3128
f 1855/3118/3141 1391/3040/3063 1719/3090/3113
f 1798/3122/3145 1649/3078/3101 1748/3108/3131
f 4560/1316/1327 1746/1315/1326 1726/3052/3075
f 1792/1216/1223 1763/1215/1222 1745/3081/3104
f 4552/3101/3124 4553/3116/3139 4548/3075/3098
f 1803/3123/3146 1773/1199/1206 1788/1207/1214
f 1819/3102/3125 1802/3124/3147 1779/3120/3143
f 1934/3125/3148 1767/3114/3137 1625/1169/1176
f 1821/1232/1239 1785/3126/3149 1686/1158/1165
f 1624/1113/1120 4556/3127/3150 1784/1179/1186
f 1934/3125/3148 1829/3128/3151 1767/3114/3137
f 1795/1258/1265 1735/1196/1203 1762/1195/1202
f 1814/3129/3152 1552/1140/1147 1787/3115/3138
f 1928/3130/3153 1627/1108/1115 2208/1337/1348
f 1683/1068/1074 4555/3131/3154 1807/1069/1075
f 1880/3132/3155 1513/3062/3085 1716/3099/3122
f 1828/3133/3156 1916/3121/3144 4554/3105/3128
f 1845/1154/1161 1821/1232/1239 1686/1158/1165
f 1814/3129/3152 1787/3115/3138 1806/3134/3157
f 1904/1375/1387 1845/1154/1161 1591/1110/1117
f 1702/1288/1299 2208/1337/1348 1627/1108/1115
f 4558/3135/3158 1792/1216/1223 1553/3045/3068
f 1826/3136/3159 1773/1199/1206 1803/3123/3146
f 1827/3137/3160 1649/3078/3101 1798/3122/3145
f 1781/1211/1218 1805/3138/3161 1796/1212/1219
f 1813/1289/1300 1702/1288/1299 1552/1140/1147
f 1919/1490/1502 4547/3059/3082 1627/1108/1115
f 1817/3139/3162 1302/865/870 1736/1190/1197
f 1819/3102/3125 1820/3140/3163 1802/3124/3147
f 1804/3141/3164 4556/3127/3150 1624/1113/1120
f 1814/3129/3152 1813/1289/1300 1552/1140/1147
f 1919/1490/1502 1553/3045/3068 4547/3059/3082
f 1827/3137/3160 4559/3142/3165 1649/3078/3101
f 1545/1091/1098 1638/1117/1124 1791/1225/1232
f 1817/3139/3162 1841/1252/1259 1302/865/870
f 1919/1490/1502 1627/1108/1115 1928/3130/3153
f 1870/3143/3166 1389/966/972 1649/3078/3101
f 1819/3102/3125 1861/3144/3167 1820/3140/3163
f 1847/3145/3168 1773/1199/1206 1826/3136/3159
f 4557/3107/3130 1839/3119/3142 1497/3057/3080
f 1624/1113/1120 1985/1244/1251 1804/3141/3164
f 1934/3125/3148 1853/3146/3169 1829/3128/3151
f 1852/3147/3170 1916/3121/3144 1828/3133/3156
f 1842/1248/1255 1809/1217/1224 1792/1216/1223
f 1985/1244/1251 1624/1113/1120 1773/1199/1206
f 1985/1244/1251 4561/3148/3171 1804/3141/3164
f 1870/3143/3166 1844/3149/3172 1389/966/972
f 1844/3149/3172 1625/1169/1176 1389/966/972
f 1854/3150/3173 1781/1211/1218 1864/1301/1312
f 4555/3131/3154 4564/3151/3174 1807/1069/1075
f 1718/1194/1201 1903/1297/1308 1766/1193/1200
f 1681/1147/1154 1863/1260/1267 1848/3152/3175
f 1865/3153/3176 1813/1289/1300 1814/3129/3152
f 1985/1244/1251 4562/3154/3177 4561/3148/3171
f 4563/3155/3178 1649/3078/3101 4559/3142/3165
f 1874/3156/3179 1813/1289/1300 1865/3153/3176
f 1896/1234/1241 1904/1375/1387 1591/1110/1117
f 2021/1237/1244 1302/865/870 1866/1253/1260
f 1819/3102/3125 1898/3157/3180 1861/3144/3167
f 1984/1243/1250 1773/1199/1206 1847/3145/3168
f 1895/3158/3181 1874/3156/3179 1865/3153/3176
f 1807/1069/1075 4564/3151/3174 1669/1057/1063
f 1899/3159/3182 1984/1243/1250 1847/3145/3168
f 4563/3155/3178 1908/3160/3183 1649/3078/3101
f 1855/3118/3141 1719/3090/3113 2028/1500/1512
f 4565/1309/1320 1879/3161/3184 1858/3109/3132
f 1916/3121/3144 2028/1500/1512 1719/3090/3113
f 1904/1375/1387 1889/1265/1273 1845/1154/1161
f 4555/3131/3154 1683/1068/1074 2104/3162/3185
f 1919/1490/1502 4558/3135/3158 1553/3045/3068
f 4565/1309/1320 1858/3109/3132 1669/1057/1063
f 1985/1244/1251 1907/3163/3186 4562/3154/3177
f 1781/1211/1218 1791/1225/1232 1922/1440/1452
f 2104/3162/3185 1683/1068/1074 4550/3085/3108
f 4565/1309/1320 1905/1308/1319 1879/3161/3184
f 1792/1216/1223 2022/3164/3187 1867/1249/1256
f 4568/3165/3188 1975/3166/3189 1819/3102/3125
f 1975/3166/3189 4566/3167/3190 1819/3102/3125
f 4566/3167/3190 1898/3157/3180 1819/3102/3125
f 1906/3168/3191 1984/1243/1250 1899/3159/3182
f 1844/3149/3172 2176/3169/3192 1625/1169/1176
f 1986/3170/3193 1649/3078/3101 1908/3160/3183
f 4567/3171/3194 1916/3121/3144 1852/3147/3170
f 1935/3172/3195 4567/3171/3194 1852/3147/3170
f 4565/1309/1320 1669/1057/1063 4564/3151/3174
f 2022/3164/3187 1930/3173/3196 1867/1249/1256
f 1789/1138/1145 1957/1294/1305 1799/1221/1228
f 4570/1543/1557 1839/3119/3142 4557/3107/3130
f 2170/1246/1253 1910/1273/1282 1943/1305/1316
f 1986/3170/3193 1870/3143/3166 1649/3078/3101
f 1855/3118/3141 2104/3162/3185 4550/3085/3108
f 1903/1297/1308 2024/1348/1360 1766/1193/1200
f 2042/3174/3197 2022/3164/3187 1792/1216/1223
f 2017/3175/3198 1916/3121/3144 4567/3171/3194
f 1987/1306/1317 1943/1305/1316 1966/3176/3199
f 1957/1294/1305 1990/1333/1344 1799/1221/1228
f 2176/3169/3192 1934/3125/3148 1625/1169/1176
f 1894/1287/1298 2003/1341/1352 1946/1285/1296
f 1839/3119/3142 4568/3165/3188 1819/3102/3125
f 1984/1243/1250 1906/3168/3191 1976/3177/3200
f 4571/3178/3201 4552/3101/3124 1513/3062/3085
f 4572/3179/3202 4553/3116/3139 4552/3101/3124
f 2045/3180/3203 1870/3143/3166 1986/3170/3193
f 1934/3125/3148 1993/3181/3204 4569/3182/3205
f 1983/3183/3206 2196/3184/3207 1880/3132/3155
f 2026/3185/3208 1984/1243/1250 1976/3177/3200
f 2018/3186/3209 1994/3187/3210 1889/1265/1273
f 1904/1375/1387 2018/3186/3209 1889/1265/1273
f 1894/1287/1298 1781/1211/1218 1922/1440/1452
f 1936/1280/1289 1918/1247/1254 2019/1352/1364
f 2195/1400/1412 1985/1244/1251 1984/1243/1250
f 2152/1314/1325 4560/1316/1327 2163/3188/3211
f 2055/3189/3212 2195/1400/1412 1984/1243/1250
f 2041/3190/3213 2069/1381/1393 2021/1237/1244
f 2069/1381/1393 1801/1236/1243 2021/1237/1244
f 1975/3166/3189 2054/3191/3214 2025/3192/3215
f 2170/1246/1253 1742/1327/1338 1502/1041/1047
f 1967/1299/1310 2046/1383/1395 1955/1292/1303
f 1922/1440/1452 2057/1342/1353 1894/1287/1298
f 4565/1309/1320 2062/3193/3216 2002/1310/1321
f 1975/3166/3189 2110/3194/3217 2054/3191/3214
f 2409/1634/1649 4571/3178/3201 1513/3062/3085
f 2176/3169/3192 1993/3181/3204 1934/3125/3148
f 2074/3195/3218 1916/3121/3144 2073/3196/3219
f 4558/3135/3158 2042/3174/3197 1792/1216/1223
f 2170/1246/1253 1987/1306/1317 2056/3197/3220
f 4568/3165/3188 2110/3194/3217 1975/3166/3189
f 2143/1401/1413 2027/3198/3221 1985/1244/1251
f 2096/3199/3222 2196/3184/3207 1983/3183/3206
f 2077/3200/3223 2195/1400/1412 2055/3189/3212
f 1870/3143/3166 4574/3201/3224 1844/3149/3172
f 2176/3169/3192 4573/3202/3225 1993/3181/3204
f 2176/3169/3192 4576/3203/3226 4573/3202/3225
f 4575/3204/3227 2074/3195/3218 2073/3196/3219
f 1916/3121/3144 2074/3195/3218 2028/1500/1512
f 2112/3205/3228 2170/1246/1253 2056/3197/3220
f 4577/3206/3229 1870/3143/3166 2045/3180/3203
f 2111/1377/1389 2018/3186/3209 1904/1375/1387
f 2143/1401/1413 2129/3207/3230 2027/3198/3221
f 1844/3149/3172 4574/3201/3224 2176/3169/3192
f 2119/1376/1388 1904/1375/1387 2063/1407/1419
f 2409/1634/1649 1513/3062/3085 1880/3132/3155
f 2120/1433/1445 2170/1246/1253 2112/3205/3228
f 2104/3162/3185 1855/3118/3141 2028/1500/1512
f 4577/3206/3229 2181/3208/3231 1870/3143/3166
f 2140/1391/1403 2146/1402/1414 2047/1338/1349
f 2151/1485/1497 2062/3193/3216 4565/1309/1320
f 4571/3178/3201 4572/3179/3202 4552/3101/3124
f 1919/1490/1502 4578/1492/1504 4558/3135/3158
f 2174/3209/3232 2137/3210/3233 2042/3174/3197
f 4568/3165/3188 2194/3211/3234 2110/3194/3217
f 4580/1545/1559 4568/3165/3188 1839/3119/3142
f 2181/3208/3231 4605/3212/3235 1870/3143/3166
f 2213/1512/1524 1922/1440/1452 1791/1225/1232
f 2300/1498/1510 2028/1500/1512 2074/3195/3218
f 2168/1425/1437 2172/1449/1461 2158/3213/3236
f 2198/1536/1550 1928/3130/3153 2208/1337/1348
f 2270/3214/3237 2143/1401/1413 2195/1400/1412
f 2235/1328/1339 4560/1316/1327 1790/1326/1337
f 4581/3215/3238 4576/3203/3226 2176/3169/3192
f 2103/1384/1396 2197/1437/1449 1955/1292/1303
f 2238/3216/3239 2208/1337/1348 2037/1323/1334
f 2198/1536/1550 1919/1490/1502 1928/3130/3153
f 2212/3217/3240 2270/3214/3237 2195/1400/1412
f 4584/3218/3241 4605/3212/3235 2181/3208/3231
f 2216/3219/3242 1801/1236/1243 2127/1382/1394
f 4553/3116/3139 4579/3220/3243 4549/3095/3118
f 2009/1304/1315 2213/1512/1524 1791/1225/1232
f 2188/1439/1451 2202/3221/3244 2164/1408/1420
f 2301/3222/3245 2042/3174/3197 4558/3135/3158
f 2238/3216/3239 4586/3223/3246 2208/1337/1348
f 2262/3224/3247 2301/3222/3245 4558/3135/3158
f 2215/1474/1486 2428/1470/1482 2206/1469/1481
f 4583/3225/3248 2262/3224/3247 4558/3135/3158
f 2318/3226/3249 2174/3209/3232 2042/3174/3197
f 2233/3227/3250 2194/3211/3234 4568/3165/3188
f 2234/3228/3251 2270/3214/3237 2212/3217/3240
f 4570/1543/1557 4580/1545/1559 1839/3119/3142
f 4579/3220/3243 4557/3107/3130 4549/3095/3118
f 2265/1442/1454 2235/1328/1339 1742/1327/1338
f 2279/3229/3252 2208/1337/1348 4586/3223/3246
f 2409/1634/1649 1880/3132/3155 2196/3184/3207
f 2279/3229/3252 2277/1515/1527 2208/1337/1348
f 2235/1328/1339 2293/3230/3253 4560/1316/1327
f 2246/1508/1520 2203/1435/1447 2204/3231/3254
f 4589/3232/3255 2279/3229/3252 4586/3223/3246
f 2028/1500/1512 4582/1499/1511 2104/3162/3185
f 4582/1499/1511 4555/3131/3154 2104/3162/3185
f 2291/3233/3256 2264/3234/3257 4568/3165/3188
f 2264/3234/3257 2233/3227/3250 4568/3165/3188
f 2271/3235/3258 2218/3236/3259 2163/3188/3211
f 2219/1413/1425 2278/3237/3260 2237/1461/1473
f 2318/3226/3249 2267/3238/3261 2174/3209/3232
f 2251/1506/1518 4558/3135/3158 4578/1492/1504
f 4591/3239/3262 4583/3225/3248 4558/3135/3158
f 4590/3240/3263 2318/3226/3249 2042/3174/3197
f 2290/3241/3264 2270/3214/3237 2234/3228/3251
f 2293/3230/3253 2271/3235/3258 2163/3188/3211
f 4560/1316/1327 2293/3230/3253 2163/3188/3211
f 4587/3242/3265 4564/3151/3174 4555/3131/3154
f 2208/1337/1348 2381/3243/3266 2198/1536/1550
f 4590/3240/3263 2042/3174/3197 2301/3222/3245
f 4594/3244/3267 2176/3169/3192 4574/3201/3224
f 2273/3245/3268 2248/1478/1490 2236/1466/1478
f 2276/1528/1541 2278/3237/3260 2219/1413/1425
f 2292/3246/3269 4645/3247/3270 2270/3214/3237
f 4645/3247/3270 2143/1401/1413 2270/3214/3237
f 4595/3248/3271 4581/3215/3238 2176/3169/3192
f 2312/3249/3272 4596/3250/3273 4581/3215/3238
f 2246/1508/1520 2487/1460/1472 2203/1435/1447
f 1955/1292/1303 2244/1467/1479 2274/1519/1531
f 4580/1545/1559 2430/3251/3274 4568/3165/3188
f 4606/3252/3275 2300/1498/1510 2074/3195/3218
f 2298/1496/1508 2258/3253/3276 2269/1494/1506
f 2198/1536/1550 2287/3254/3277 1919/1490/1502
f 4558/3135/3158 4608/3255/3278 4591/3239/3262
f 4583/3225/3248 4610/3256/3279 2262/3224/3247
f 2323/3257/3280 2267/3238/3261 2318/3226/3249
f 2367/3258/3281 2143/1401/1413 4645/3247/3270
f 4592/3259/3282 4606/3252/3275 2074/3195/3218
f 2216/3219/3242 4616/3260/3283 1801/1236/1243
f 2283/1541/1555 2036/1329/1340 2211/3261/3284
f 2286/3262/3285 4605/3212/3235 4584/3218/3241
f 2407/1514/1526 2208/1337/1348 2277/1515/1527
f 2408/3263/3286 2381/3243/3266 2208/1337/1348
f 4587/3242/3265 4555/3131/3154 4582/1499/1511
f 2305/1505/1517 4558/3135/3158 2251/1506/1518
f 4595/3248/3271 2312/3249/3272 4581/3215/3238
f 2305/1505/1517 4608/3255/3278 4558/3135/3158
f 4608/3255/3278 4611/3264/3287 4591/3239/3262
f 2428/1470/1482 2261/1495/1507 2231/1488/1500
f 4623/3265/3288 2251/1506/1518 4578/1492/1504
f 4624/3266/3289 2308/3267/3290 4597/3268/3291
f 2319/3269/3292 4627/3270/3293 4613/3271/3294
f 2200/1553/1567 2409/1634/1649 2196/3184/3207
f 2143/1401/1413 2285/3272/3295 2243/3273/3296
f 4574/3201/3224 1870/3143/3166 4605/3212/3235
f 4598/3274/3297 2536/3275/3298 4602/3276/3299
f 4593/3277/3300 4602/3276/3299 2536/3275/3298
f 2340/3278/3301 4645/3247/3270 2292/3246/3269
f 4579/3220/3243 4570/1543/1557 4557/3107/3130
f 2359/1535/1549 2287/3254/3277 2198/1536/1550
f 2287/3254/3277 4629/3279/3302 1919/1490/1502
f 4631/3280/3303 4578/1492/1504 4634/1491/1503
f 2308/3267/3290 4609/3281/3304 2306/3282/3305
f 2308/3267/3290 4612/3283/3306 4609/3281/3304
f 2536/3275/3298 4598/3274/3297 4612/3283/3306
f 2342/3284/3307 1801/1236/1243 4616/3260/3283
f 4629/3279/3302 4634/1491/1503 1919/1490/1502
f 4632/3285/3308 4624/3266/3289 4607/3286/3309
f 2342/3284/3307 2309/3287/3310 1801/1236/1243
f 2367/3258/3281 2285/3272/3295 2143/1401/1413
f 4606/3252/3275 2350/3288/3311 2300/1498/1510
f 2408/3263/3286 2382/3289/3312 2381/3243/3266
f 2302/3290/3313 2536/3275/3298 2319/3269/3292
f 4640/3291/3314 2312/3249/3272 4595/3248/3271
f 2358/1548/1562 2407/1514/1526 2341/1516/1528
f 2374/3292/3315 2408/3263/3286 2208/1337/1348
f 2536/3275/3298 4624/3266/3289 4632/3285/3308
f 4593/3277/3300 2536/3275/3298 2266/3293/3316
f 2536/3275/3298 4599/3294/3317 2266/3293/3316
f 4599/3294/3317 2536/3275/3298 2302/3290/3313
f 4639/3295/3318 2350/3288/3311 4606/3252/3275
f 2308/3267/3290 2536/3275/3298 4612/3283/3306
f 2391/3296/3319 2339/3297/3320 2291/3233/3256
f 2395/3298/3321 2287/3254/3277 2359/1535/1549
f 2401/3299/3322 4630/3300/3323 4633/3301/3324
f 2536/3275/3298 4627/3270/3293 2319/3269/3292
f 2283/1541/1555 2550/1483/1495 2036/1329/1340
f 2430/3251/3274 2291/3233/3256 4568/3165/3188
f 2340/3278/3301 2448/3302/3325 4645/3247/3270
f 4648/3303/3326 2198/1536/1550 2381/3243/3266
f 2536/3275/3298 2308/3267/3290 4624/3266/3289
f 2408/3263/3286 2397/3304/3327 2382/3289/3312
f 2379/3305/3328 4648/3303/3326 2381/3243/3266
f 4650/3306/3329 2345/3307/3330 2361/3308/3331
f 4553/3116/3139 4622/3309/3332 4579/3220/3243
f 2401/3299/3322 4632/3285/3308 4635/3310/3333
f 4651/3311/3334 4640/3291/3314 4595/3248/3271
f 2428/1470/1482 2372/1533/1547 2298/1496/1508
f 2407/1514/1526 2374/3292/3315 2208/1337/1348
f 2398/3312/3335 2380/1571/1585 4646/3313/3336
f 2401/3299/3322 4633/3301/3324 4641/3314/3337
f 2401/3299/3322 2536/3275/3298 4632/3285/3308
f 2536/3275/3298 2361/3308/3331 2332/3315/3338
f 4649/3316/3339 2371/3317/3340 2369/3318/3341
f 2396/3319/3342 2401/3299/3322 4641/3314/3337
f 4627/3270/3293 2536/3275/3298 2332/3315/3338
f 2375/1538/1552 2169/1411/1423 2272/1560/1574
f 2415/3320/3343 4605/3212/3235 2286/3262/3285
f 2465/1572/1586 2400/3321/3344 2373/3322/3345
f 4649/3316/3339 2384/1570/1584 2371/3317/3340
f 2536/3275/3298 4650/3306/3329 2361/3308/3331
f 2430/3251/3274 2391/3296/3319 2291/3233/3256
f 4572/3179/3202 4622/3309/3332 4553/3116/3139
f 2336/1527/1540 4652/3323/3346 2378/3324/3347
f 2465/1572/1586 2398/3312/3335 2400/3321/3344
f 2465/1572/1586 2380/1571/1585 2398/3312/3335
f 2309/3287/3310 2399/3325/3348 1801/1236/1243
f 2465/1572/1586 2373/3322/3345 2406/3326/3349
f 4587/3242/3265 4644/3327/3350 4564/3151/3174
f 4644/3327/3350 4565/1309/1320 4564/3151/3174
f 2424/3328/3351 4651/3311/3334 4595/3248/3271
f 2465/1572/1586 2406/3326/3349 2393/3329/3352
f 2384/1570/1584 2401/3299/3322 2396/3319/3342
f 2402/1552/1566 2409/1634/1649 2200/1553/1567
f 2411/1563/1577 4652/3323/3346 2336/1527/1540
f 2423/3330/3353 2300/1498/1510 2350/3288/3311
f 2384/1570/1584 4649/3316/3339 2380/1571/1585
f 2367/3258/3281 2451/3331/3354 2410/3332/3355
f 4653/3333/3356 4574/3201/3224 4605/3212/3235
f 2219/1413/1425 2446/1564/1578 2336/1527/1540
f 4655/3334/3357 2424/3328/3351 4595/3248/3271
f 4657/3335/3358 2300/1498/1510 2423/3330/3353
f 2447/3336/3359 2465/1572/1586 2393/3329/3352
f 2452/3337/3360 4605/3212/3235 2415/3320/3343
f 2412/3338/3361 2447/3336/3359 2393/3329/3352
f 2561/3339/3362 2293/3230/3253 2235/1328/1339
f 1915/1272/1281 2463/1487/1499 1810/1220/1227
f 2300/1498/1510 4687/3340/3363 4582/1499/1511
f 2482/1659/1674 2390/1550/1564 4565/1309/1320
f 4657/3335/3358 2423/3330/3353 4656/3341/3364
f 4659/3342/3365 2300/1498/1510 4657/3335/3358
f 2430/3251/3274 2471/3343/3366 2391/3296/3319
f 4660/3344/3367 1801/1236/1243 2399/3325/3348
f 2265/1442/1454 2561/3339/3362 2235/1328/1339
f 2569/1705/1720 4650/3306/3329 2536/3275/3298
f 2449/3345/3368 2409/1634/1649 2402/1552/1566
f 4654/3346/3369 4594/3244/3267 4574/3201/3224
f 4595/3248/3271 4658/3347/3370 4655/3334/3357
f 2389/1542/1556 2485/3348/3371 2550/1483/1495
f 2537/3349/3372 2430/3251/3274 4580/1545/1559
f 2540/3350/3373 4570/1543/1557 4579/3220/3243
f 2293/3230/3253 2483/3351/3374 2271/3235/3258
f 4594/3244/3267 4595/3248/3271 2176/3169/3192
f 2569/1705/1720 2501/3352/3375 2416/3353/3376
f 2430/3251/3274 2490/3354/3377 2471/3343/3366
f 2452/3337/3360 4664/3355/3378 4605/3212/3235
f 2569/1705/1720 2416/3353/3376 4650/3306/3329
f 4662/3356/3379 2367/3258/3281 4645/3247/3270
f 4661/1715/1730 4572/3179/3202 4571/3178/3201
f 4622/3309/3332 4663/3357/3380 4579/3220/3243
f 4595/3248/3271 4666/3358/3381 4658/3347/3370
f 2496/3359/3382 2464/3360/3383 2446/1564/1578
f 4673/3361/3384 2451/3331/3354 2367/3258/3281
f 4664/3355/3378 4653/3333/3356 4605/3212/3235
f 2219/1413/1425 2496/3359/3382 2446/1564/1578
f 4673/3361/3384 4665/3362/3385 2451/3331/3354
f 2489/3363/3386 4662/3356/3379 4645/3247/3270
f 4673/3361/3384 2367/3258/3281 4662/3356/3379
f 2483/3351/3374 2472/3364/3387 2271/3235/3258
f 4653/3333/3356 4654/3346/3369 4574/3201/3224
f 2507/1624/1639 2465/1572/1586 2497/3365/3388
f 2409/1634/1649 4661/1715/1730 4571/3178/3201
f 4659/3342/3365 4668/3366/3389 2300/1498/1510
f 2564/3367/3390 2384/1570/1584 2465/1572/1586
f 4667/3368/3391 4587/3242/3265 4582/1499/1511
f 2430/3251/3274 2508/3369/3392 2490/3354/3377
f 2506/1629/1644 2496/3359/3382 2219/1413/1425
f 4660/3344/3367 2549/1617/1632 1801/1236/1243
f 2509/3370/3393 4662/3356/3379 2489/3363/3386
f 2428/1470/1482 2512/1611/1626 2479/1600/1615
f 4587/3242/3265 4681/3371/3394 4644/3327/3350
f 2597/3372/3395 4565/1309/1320 4644/3327/3350
f 4687/3340/3363 4667/3368/3391 4582/1499/1511
f 2518/1620/3396 2516/3373/3397 2494/1610/3398
f 2597/3372/3395 2482/1659/1674 4565/1309/1320
f 4595/3248/3271 4669/3374/3399 4666/3358/3381
f 2213/1512/1524 2505/1630/1645 2219/1413/1425
f 4671/3375/3400 4572/3179/3202 4661/1715/1730
f 4668/3366/3389 4674/3376/3401 2300/1498/1510
f 4674/3376/3401 4670/3377/3402 2300/1498/1510
f 2517/3378/3403 2487/1460/1472 2492/1599/1614
f 4572/3179/3202 4671/3375/3400 4622/3309/3332
f 2540/3350/3373 2531/1544/1558 4570/1543/1557
f 2528/1632/1647 2487/1460/1472 2517/3378/3403
f 2527/1635/1650 2409/1634/1649 2449/3345/3368
f 4676/3379/3404 4670/3377/3402 4674/3376/3401
f 2505/1630/1645 2506/1629/1644 2219/1413/1425
f 2430/3251/3274 2538/3380/3405 2508/3369/3392
f 2531/1544/1558 2537/3349/3372 4580/1545/1559
f 2540/3350/3373 4579/3220/3243 4663/3357/3380
f 2569/1705/1720 2548/3381/3406 2501/3352/3375
f 2557/1640/1655 2561/3339/3362 2265/1442/1454
f 4595/3248/3271 4677/3382/3407 4669/3374/3399
f 4678/3383/3408 4674/3376/3401 4668/3366/3389
f 2522/1625/1640 2558/1647/1662 2465/1572/1586
f 4680/3384/3409 4673/3361/3384 4662/3356/3379
f 2558/1647/1662 2564/3367/3390 2465/1572/1586
f 2573/1688/1703 2275/1504/1516 2549/1617/1632
f 2561/3339/3362 2581/1699/1714 2293/3230/3253
f 2401/3299/3322 2569/1705/1720 2536/3275/3298
f 2546/1636/1651 4661/1715/1730 2409/1634/1649
f 4595/3248/3271 4688/3385/3410 4677/3382/3407
f 4686/3386/3411 4587/3242/3265 4667/3368/3391
f 2384/1570/1584 2564/3367/3390 2401/3299/3322
f 4670/3377/3402 4687/3340/3363 2300/1498/1510
f 4681/3371/3394 2597/3372/3395 4644/3327/3350
f 4686/3386/3411 4681/3371/3394 4587/3242/3265
f 4680/3384/3409 4698/3387/3412 4673/3361/3384
f 2297/1493/1505 2545/1654/1669 2213/1512/1524
f 4690/3388/3413 4670/3377/3402 4676/3379/3404
f 2571/3389/3414 2483/3351/3374 2293/3230/3253
f 2581/1699/1714 2571/3389/3414 2293/3230/3253
f 2565/1645/1660 2559/3390/3415 2543/1628/1643
f 4685/3391/3416 4653/3333/3356 4664/3355/3378
f 2564/3367/3390 2566/3392/3417 2401/3299/3322
f 2566/3392/3417 2569/1705/1720 2401/3299/3322
f 2577/3393/3418 2548/3381/3406 2569/1705/1720
f 2578/1673/1688 2550/1483/1495 2485/3348/3371
f 4688/3385/3410 4691/3394/3419 4677/3382/3407
f 4688/3385/3410 4692/3395/3420 4691/3394/3419
f 4693/3396/3421 4687/3340/3363 4670/3377/3402
f 4696/3397/3422 4692/3395/3420 4688/3385/3410
f 4695/3398/3423 4693/3396/3421 4670/3377/3402
f 2589/1658/1673 2579/1696/1711 2482/1659/1674
f 2587/1670/1685 2487/1460/1472 2572/1633/1648
f 2597/3372/3395 2591/1660/1675 2482/1659/1674
f 2597/3372/3395 2579/1696/1711 2589/1658/1673
f 2430/3251/3274 4694/3399/3424 2538/3380/3405
f 2598/1665/1680 2583/3400/3425 2565/1645/1660
f 4703/3401/3426 4698/3387/3412 4680/3384/3409
f 4699/3402/3427 4595/3248/3271 4594/3244/3267
f 4687/3340/3363 4700/3403/3428 4667/3368/3391
f 2593/3404/3429 4661/1715/1730 2546/1636/1651
f 2613/1683/1698 2558/1647/1662 2584/1652/1667
f 4700/3403/3428 4686/3386/3411 4667/3368/3391
f 4702/3405/3430 2597/3372/3395 4681/3371/3394
f 2537/3349/3372 4694/3399/3424 2430/3251/3274
f 4704/3406/3431 4696/3397/3422 4688/3385/3410
f 2609/3407/3432 4661/1715/1730 2593/3404/3429
f 2558/1647/1662 2618/1785/1801 2564/3367/3390
f 2616/1682/1697 2557/1640/1655 2487/1460/1472
f 2554/1638/1653 2428/1470/1482 2495/1602/1617
f 4703/3401/3426 4713/3408/3433 4698/3387/3412
f 4697/3409/3434 4724/3410/3435 4685/3391/3416
f 4654/3346/3369 4699/3402/3427 4594/3244/3267
f 4707/3411/3436 4701/3412/3437 2597/3372/3395
f 2619/3413/3438 2727/1706/1721 2569/1705/1720
f 4724/3410/3435 4653/3333/3356 4685/3391/3416
f 2557/1640/1655 4709/3414/3439 2561/3339/3362
f 4687/3340/3363 4708/3415/3440 4700/3403/3428
f 4686/3386/3411 4702/3405/3430 4681/3371/3394
f 4622/3309/3332 4705/3416/3441 4663/3357/3380
f 4688/3385/3410 4595/3248/3271 4699/3402/3427
f 2569/1705/1720 2600/1704/1719 2577/3393/3418
f 2581/1699/1714 2633/1698/1713 2571/3389/3414
f 4701/3412/3437 2641/1712/1727 2597/3372/3395
f 2641/1712/1727 2579/1696/1711 2597/3372/3395
f 4702/3405/3430 4707/3411/3436 2597/3372/3395
f 2566/3392/3417 2619/3413/3438 2569/1705/1720
f 4661/1715/1730 4715/3417/3442 4671/3375/3400
f 2561/3339/3362 4709/3414/3439 2581/1699/1714
f 4688/3385/3410 4710/3418/3443 4704/3406/3431
f 4715/3417/3442 4706/3419/3444 4671/3375/3400
f 4693/3396/3421 4714/3420/3445 4687/3340/3363
f 2641/1712/1727 2656/1697/1712 2579/1696/1711
f 2642/3421/3446 4661/1715/1730 2609/3407/3432
f 4725/3422/3447 2531/1544/1558 2540/3350/3373
f 4725/3422/3447 2540/3350/3373 4663/3357/3380
f 4711/3423/3448 4694/3399/3424 2537/3349/3372
f 2669/1733/1748 2645/1693/1708 2505/1630/1645
f 2666/3424/3449 2537/3349/3372 2531/1544/1558
f 4716/3425/3450 4724/3410/3435 4697/3409/3434
f 2717/1730/1745 2605/1675/1690 2554/1638/1653
f 2641/1712/1727 2672/1714/1729 2652/1695/3451
f 2605/1675/1690 2654/1724/1739 2626/3426/3452
f 4725/3422/3447 2666/3424/3449 2531/1544/1558
f 4701/3412/3437 2670/1713/1728 2641/1712/1727
f 4711/3423/3448 4717/3427/3453 4694/3399/3424
f 2675/1743/1759 2616/1682/1697 2637/1692/1707
f 4671/3375/3400 4733/3428/3454 4622/3309/3332
f 4718/3429/3455 4720/3430/3456 4714/3420/3445
f 2700/1799/1815 4715/3417/3442 4661/1715/1730
f 4721/3431/3457 4713/3408/3433 4703/3401/3426
f 4720/3430/3456 4687/3340/3363 4714/3420/3445
f 4701/3412/3437 2680/3432/3458 2672/1714/3459
f 2679/3433/3460 2681/1672/1687 2651/1694/1709
f 4712/3434/3461 4721/3431/3457 4703/3401/3426
f 2667/1708/1723 2618/1785/1801 2558/1647/1662
f 4688/3385/3410 4719/3435/3462 4710/3418/3443
f 2783/3436/3463 2566/3392/3417 2564/3367/3390
f 2699/3437/3464 2696/1734/1749 2505/1630/1645
f 4733/3428/3454 4705/3416/3441 4622/3309/3332
f 2697/3438/3465 2618/1785/1801 2667/1708/1723
f 4727/3439/3466 4721/3431/3457 4712/3434/3461
f 4688/3385/3410 4730/3440/3467 4719/3435/3462
f 4701/3412/3437 2710/3441/3468 2680/3432/3458
f 4721/3431/3457 4728/3442/3469 4713/3408/3433
f 4730/3440/3467 4722/3443/3470 4719/3435/3462
f 4729/3444/3471 4687/3340/3363 4720/3430/3456
f 2715/3445/3472 4661/1715/1730 2673/1717/1732
f 2715/3445/3472 2673/1717/1732 2685/1727/1742
f 4726/3446/3473 4713/3408/3433 4728/3442/3469
f 2693/1700/1715 2734/1776/1792 2694/3447/3474
f 2724/3448/3475 2618/1785/1801 2697/3438/3465
f 2763/1763/1779 2710/3441/3468 4701/3412/3437
f 2581/1699/1714 2734/1776/1792 2693/1700/1715
f 2781/1754/1770 2695/1723/1738 2545/1654/1669
f 4706/3419/3444 4733/3428/3454 4671/3375/3400
f 2734/1776/1792 2704/3449/3476 2694/3447/3474
f 4729/3444/3471 4735/3450/3477 4687/3340/3363
f 2715/3445/3472 2700/1799/1815 4661/1715/1730
f 4740/3451/3478 4728/3442/3469 4721/3431/3457
f 4724/3410/3435 4654/3346/3369 4653/3333/3356
f 2777/1755/1771 2699/3437/3464 2505/1630/1645
f 4742/3452/3479 4702/3405/3430 4686/3386/3411
f 4735/3450/3477 4708/3415/3440 4687/3340/3363
f 3147/2005/2022 2783/3436/3463 2564/3367/3390
f 2619/3413/3438 4787/3453/3480 2727/1706/1721
f 2742/1783/1799 2618/1785/1801 2724/3448/3475
f 2715/3445/3472 2738/3454/3481 2700/1799/1815
f 4788/3455/3482 4730/3440/3467 4688/3385/3410
f 2737/1760/1776 2616/1682/1697 2712/1744/1760
f 2787/1766/1782 2495/1602/1617 2607/1687/1702
f 2618/1785/1801 3147/2005/2022 2564/3367/3390
f 4705/3416/3441 4725/3422/3447 4663/3357/3380
f 4771/3456/3483 4716/3425/3450 4723/3457/3484
f 2718/3458/3485 2746/3459/3486 2728/1756/1772
f 2740/1736/1751 2717/1730/1745 2554/1638/1653
f 4701/3412/3437 2827/1764/1780 2763/1763/1779
f 4780/3460/3487 4736/3461/3488 4711/3423/3448
f 2741/3462/3489 2699/3437/3464 2777/1755/1771
f 2753/3463/3490 2700/1799/1815 2738/3454/3481
f 4730/3440/3467 4786/3464/3491 4774/3465/3492
f 2746/3459/3486 2774/1757/1773 2728/1756/1772
f 4732/3466/3493 4782/3467/3494 4741/3468/3495
f 4782/3467/3494 4761/3469/3496 4741/3468/3495
f 2740/1736/1751 2752/1758/1774 2717/1730/1745
f 4708/3415/3440 4790/3470/3497 4700/3403/3428
f 2834/3471/3498 2537/3349/3372 2666/3424/3449
f 4724/3410/3435 4716/3425/3450 4771/3456/3483
f 4785/3472/3499 4708/3415/3440 4735/3450/3477
f 4749/3473/3500 4711/3423/3448 2537/3349/3372
f 4784/3474/3501 4761/3469/3496 4796/3475/3502
f 2783/3436/3463 2619/3413/3438 2566/3392/3417
f 2764/1765/3503 2775/3476/3504 2748/3477/3505
f 2723/1789/1805 2776/1786/1802 2683/1735/1750
f 4782/3467/3494 4796/3475/3502 4761/3469/3496
f 4789/3478/3506 4654/3346/3369 4724/3410/3435
f 4707/3411/3436 2827/1764/1780 4701/3412/3437
f 2751/1761/1777 2814/1820/1836 2616/1682/1697
f 4788/3455/3482 4786/3464/3491 4730/3440/3467
f 2796/3479/3507 4787/3453/3480 2779/1925/1941
f 2795/3480/3508 2797/1787/1803 2761/3481/3509
f 2797/1787/1803 2709/1741/1757 2761/3481/3509
f 4792/3482/3510 4699/3402/3427 4654/3346/3369
f 4785/3472/3499 4793/3483/3511 4708/3415/3440
f 2804/1812/1828 2618/1785/1801 2778/1784/1800
f 2557/1640/1655 2818/1830/1846 4709/3414/3439
f 4788/3455/3482 4688/3385/3410 4699/3402/3427
f 2740/1736/1751 2802/1809/1825 2752/1758/1774
f 4788/3455/3482 4794/3484/3512 4786/3464/3491
f 4749/3473/3500 4797/3485/3513 4711/3423/3448
f 4798/3486/3514 4780/3460/3487 4711/3423/3448
f 4791/3487/3515 4790/3470/3497 4708/3415/3440
f 2790/1797/1813 2700/1799/1815 2753/3463/3490
f 4797/3485/3513 4798/3486/3514 4711/3423/3448
f 2811/3488/3516 2814/1820/1836 2751/1761/1777
f 2803/1997/2014 2695/1723/1738 2781/1754/1770
f 2779/1925/1941 4787/3453/3480 2619/3413/3438
f 4801/3489/3517 4724/3410/3435 4771/3456/3483
f 2827/3490/3518 2807/3491/3519 2775/3476/3520
f 4800/3492/3521 4725/3422/3447 4705/3416/3441
f 2816/1818/1834 2776/1786/1802 2805/3493/3522
f 2581/1699/1714 2817/1825/1841 2786/1781/1797
f 2818/1830/1846 2979/1971/1988 4709/3414/3439
f 2822/1804/1820 2812/3494/3523 2777/1755/1771
f 2842/3495/3524 2797/1787/1803 2795/3480/3508
f 4824/3496/3525 4796/3475/3502 4782/3467/3494
f 4742/3452/3479 4804/3497/3526 4702/3405/3430
f 2835/3498/3527 2700/1799/1815 2808/1798/1814
f 2813/1780/1796 2836/3499/3528 2809/1800/1816
f 4795/3500/3529 4733/3428/3454 4706/3419/3444
f 4802/3501/3530 4708/3415/3440 4793/3483/3511
f 4707/3411/3436 2884/3502/3531 2827/1764/1780
f 2845/3503/3532 2843/3504/3533 2827/1764/3532
f 2850/1897/1913 2825/1803/1819 2777/1755/1771
f 2834/3471/3498 4749/3473/3500 2537/3349/3372
f 4803/3505/3534 4794/3484/3512 4788/3455/3482
f 4864/3506/3535 4700/3403/3428 4790/3470/3497
f 4792/3482/3510 4807/3507/3536 4699/3402/3427
f 2851/1821/1837 2814/1820/1836 2837/3508/3537
f 4821/3509/3538 4790/3470/3497 4791/3487/3515
f 2936/3510/3539 2619/3413/3438 2783/3436/3463
f 2864/3511/3540 2807/3512/3541 2845/3503/3542
f 2857/3513/3543 2700/1799/1815 2835/3498/3527
f 2813/1780/1796 2858/3514/3544 2836/3499/3528
f 4808/3515/3545 4724/3410/3435 4801/3489/3517
f 2979/1971/1988 2581/1699/1714 4709/3414/3439
f 4807/3507/3536 4788/3455/3482 4699/3402/3427
f 4700/3403/3428 4811/3516/3546 4686/3386/3411
f 4812/3517/3547 2884/3502/3531 4707/3411/3436
f 4749/3473/3500 4814/3518/3548 4797/3485/3513
f 2884/3502/3549 2864/3511/3540 2845/3503/3542
f 4686/3386/3411 4816/3519/3550 4742/3452/3479
f 2884/3502/3549 2872/3520/3551 2864/3511/3540
f 3040/3521/3552 4705/3416/3441 4733/3428/3454
f 4808/3515/3545 4818/3522/3553 4724/3410/3435
f 2695/1723/1738 2850/1897/1913 2777/1755/1771
f 4819/3523/3554 4708/3415/3440 4802/3501/3530
f 2889/3524/3555 2618/1785/1801 2840/1813/1829
f 4825/3525/3556 4724/3410/3435 4818/3522/3553
f 4825/3525/3556 4815/3526/3557 4724/3410/3435
f 4864/3506/3535 4811/3516/3546 4700/3403/3428
f 4812/3517/3547 4823/3527/3558 2884/3502/3531
f 2857/3513/3543 2886/1869/1885 2700/1799/1815
f 4715/3417/3442 4795/3500/3529 4706/3419/3444
f 4825/3525/3556 4818/3522/3553 4801/3528/3559
f 2888/1826/1842 2887/1835/1851 2817/1825/1841
f 4654/3346/3369 4789/3478/3506 4792/3482/3510
f 4810/3529/3560 4791/3487/3515 4708/3415/3440
f 4819/3523/3554 4810/3529/3560 4708/3415/3440
f 2860/2006/2023 3147/2005/2022 2618/1785/1801
f 3147/2005/2022 2936/3510/3539 2783/3436/3463
f 2884/3502/3531 2896/3530/3561 2890/3531/3562
f 2916/3532/3563 2666/3424/3449 4725/3422/3447
f 2889/3524/3555 2892/1858/1874 2618/1785/1801
f 4702/3405/3430 4822/3533/3564 4707/3411/3436
f 3040/3521/3552 4800/3492/3521 4705/3416/3441
f 4823/3527/3558 2896/3530/3561 2884/3502/3531
f 2936/3510/3539 2998/3534/3565 2619/3413/3438
f 4851/3535/3566 4812/3517/3547 4707/3411/3436
f 2813/1780/1796 2933/1856/1872 2858/3514/3544
f 4800/3492/3521 2916/3532/3563 4725/3422/3447
f 3157/1926/1942 2779/1925/1941 2619/3413/3438
f 4917/3536/3567 4796/3475/3502 4824/3496/3525
f 4788/3455/3482 4820/3537/3568 4803/3505/3534
f 2960/3538/3569 2948/1879/1895 2833/1722/1737
f 4898/3539/3570 4815/3526/3557 4825/3525/3556
f 4839/3540/3571 4702/3405/3430 4804/3497/3526
f 4830/3541/3572 4851/3535/3566 4707/3411/3436
f 3002/3542/3573 2961/3543/3574 2943/3544/3575
f 2880/1822/1838 2953/1961/1977 2814/1820/1836
f 4847/3545/3576 4810/3529/3560 4819/3523/3554
f 4810/3529/3560 4848/3546/3577 4791/3487/3515
f 4837/3547/3578 4828/3548/3579 4790/3470/3497
f 2700/1799/1815 3061/2003/2020 4715/3417/3442
f 4855/3549/3580 4820/3537/3568 4788/3455/3482
f 4838/3550/3581 4686/3386/3411 4811/3516/3546
f 4858/3551/3582 4686/3386/3411 4857/3552/3583
f 4839/3540/3571 4833/3553/3584 4702/3405/3430
f 4833/3553/3584 4860/3554/3585 4702/3405/3430
f 2916/3532/3563 2834/3471/3498 2666/3424/3449
f 2979/1971/1988 2888/1826/1842 2581/1699/1714
f 3312/1907/1923 2616/1682/1697 2814/1820/1836
f 2968/3555/3586 2970/1859/1875 2892/1858/1874
f 4871/3556/3587 4816/3519/3550 4686/3386/3411
f 4874/3557/3588 4830/3541/3572 4707/3411/3436
f 4840/3558/3589 4852/3559/3590 4831/3560/3591
f 2995/3561/3592 2899/1819/1835 2949/3562/3593
f 3027/3563/3594 2951/1836/1852 2888/1826/1842
f 2953/1961/1977 3312/1907/1923 2814/1820/1836
f 2987/3564/3595 2953/1961/1977 2880/1822/1838
f 4838/3550/3581 4880/3565/3596 4686/3386/3411
f 4882/3566/3597 4686/3386/3411 4849/3567/3598
f 4858/3551/3582 4869/3568/3599 4686/3386/3411
f 4869/3568/3599 4871/3556/3587 4686/3386/3411
f 4742/3452/3479 4884/3569/3600 4804/3497/3526
f 4822/3533/3564 4874/3557/3588 4707/3411/3436
f 3009/3570/3601 3004/1914/1930 2978/1880/1896
f 3027/3563/3594 2994/3571/3602 2951/1836/1852
f 4889/3572/3603 4810/3529/3560 4847/3545/3576
f 4828/3548/3579 4864/3506/3535 4790/3470/3497
f 4882/3566/3597 4857/3552/3583 4686/3386/3411
f 4860/3554/3585 4822/3533/3564 4702/3405/3430
f 2998/3534/3565 3157/1926/1942 2619/3413/3438
f 4894/3573/3604 3002/3542/3605 4853/3574/3606
f 4902/3575/3607 4838/3550/3581 4811/3516/3546
f 4880/3565/3596 4849/3567/3598 4686/3386/3411
f 4893/3576/3608 4884/3569/3600 4742/3452/3479
f 3048/1885/1901 2797/1787/1803 2883/3577/3609
f 3002/3578/3610 3016/3579/3611 2962/3580/3612
f 4908/3581/3613 4855/3549/3580 4788/3455/3482
f 4926/3582/3614 4878/3583/3615 4865/3584/3616
f 4877/3585/3617 4811/3516/3546 4864/3506/3535
f 4915/3586/3618 4894/3573/3604 4853/3574/3606
f 4923/3587/3619 3016/3579/3611 3002/3578/3610
f 3028/3588/3620 2899/1819/1835 2995/3561/3592
f 4890/3589/3621 4862/3590/3622 4856/3591/3623
f 2970/1859/1875 2860/2006/2023 2618/1785/1801
f 4900/3592/3624 4836/3593/3625 4891/3594/3626
f 4911/3595/3627 4859/3596/3628 4867/3597/3629
f 4912/3598/3630 4742/3452/3479 4816/3519/3550
f 4852/3599/3631 4915/3586/3618 4853/3574/3606
f 3092/3600/3632 3027/3563/3594 2888/1826/1842
f 4953/3601/3633 4862/3590/3622 4890/3589/3621
f 4926/3582/3614 4867/3602/3634 4883/3603/3635
f 4926/3582/3614 4909/3604/3636 4867/3602/3634
f 4870/3605/3637 4873/3606/3638 4872/3607/3639
f 4923/3587/3619 3038/3608/3640 3016/3579/3611
f 3099/1969/1986 2899/1819/1835 3028/3588/3620
f 4925/3609/3641 4908/3581/3613 4788/3455/3482
f 3063/3610/3642 2967/1896/1912 2695/1723/1738
f 4953/3601/3633 4919/3611/3643 4862/3590/3622
f 4926/3582/3614 4879/3612/3644 4878/3583/3615
f 4926/3582/3614 4903/3613/3645 4879/3612/3644
f 4903/3613/3645 4881/3614/3646 4866/3615/3647
f 4926/3582/3614 4850/3616/3648 4881/3614/3646
f 2660/1721/1736 3197/1912/1928 2586/1656/1671
f 4924/3617/3649 4875/3618/3650 4887/3619/3651
f 4915/3586/3618 4888/3620/3652 4924/3617/3649
f 4888/3620/3652 4915/3586/3618 4852/3599/3631
f 4915/3586/3618 4927/3621/3653 4923/3587/3619
f 4927/3621/3653 3038/3608/3640 4923/3587/3619
f 4926/3582/3614 4881/3614/3646 4903/3613/3645
f 4930/3622/3654 4913/3623/3655 4873/3606/3638
f 4907/3624/3656 4924/3617/3649 4887/3619/3651
f 3038/3608/3657 3068/1940/1956 3010/1939/1955
f 4929/3625/3658 4890/3589/3621 4899/3626/3659
f 4870/3605/3637 4930/3622/3654 4873/3606/3638
f 3070/1968/1985 2700/1799/1815 3054/1929/1945
f 4928/3627/3660 4788/3455/3482 4807/3507/3536
f 4926/3582/3614 4883/3603/3635 4850/3616/3648
f 4930/3622/3654 4859/3596/3628 4911/3595/3627
f 4930/3622/3654 4870/3605/3637 4859/3596/3628
f 4913/3623/3655 4930/3622/3654 4892/3628/3661
f 4920/3629/3662 4906/3630/3663 4905/3631/3664
f 4906/3630/3663 4924/3617/3649 4907/3624/3656
f 3049/1949/1965 3053/1928/1944 3026/1915/1931
f 4926/3582/3614 4863/3632/3665 4900/3592/3624
f 4930/3622/3654 4911/3595/3627 4909/3604/3636
f 4930/3622/3654 4904/3633/3666 4892/3628/3661
f 4926/3582/3614 4865/3584/3616 4863/3632/3665
f 3176/2087/2104 2936/3510/3539 3147/2005/2022
f 4927/3621/3667 3080/3634/3668 3068/1940/3669
f 3134/3635/3670 3082/1950/1966 3049/1949/1965
f 4953/3601/3633 4891/3594/3626 4919/3611/3643
f 3103/1960/1976 3051/1959/1975 3080/3634/3671
f 3129/1982/1999 3063/3610/3642 2695/1723/1738
f 4931/3636/3672 4890/3589/3621 4929/3625/3658
f 3106/1967/1984 3061/2003/2020 2700/1799/1815
f 3040/3521/3552 4733/3428/3454 4795/3500/3529
f 4926/3582/3614 4930/3622/3654 4909/3604/3636
f 4933/3637/3673 4796/3475/3502 4917/3536/3567
f 3130/1985/2002 2970/1859/1875 3029/3638/3674
f 4926/3582/3614 4900/3592/3624 4891/3594/3626
f 3085/1956/1972 2787/1766/1782 3042/1932/1948
f 3158/1966/1983 3103/1960/1982 4927/3621/3653
f 3139/1994/2011 3312/1907/1923 3071/1962/1978
f 4788/3455/3482 4935/3639/3675 4925/3609/3641
f 4904/3633/3666 4920/3629/3662 4885/3640/3676
f 4915/3586/3618 3158/1966/1983 4927/3621/3653
f 3158/1966/1983 3136/3641/3677 3114/1965/1981
f 3137/1977/1994 3053/1928/1944 3134/3642/3678
f 4749/3473/3500 4932/3643/3679 4814/3518/3548
f 3128/3644/3680 2916/3532/3563 4800/3492/3521
f 3075/1946/1962 3172/2011/2028 3116/1871/1887
f 4920/3629/3662 4924/3617/3649 4906/3630/3663
f 4933/3637/3673 4861/3645/3681 4796/3475/3502
f 4936/3646/3682 4815/3526/3557 4898/3539/3570
f 3312/1907/1923 3239/1972/1989 2818/1830/1846
f 4953/3601/3633 4926/3582/3614 4891/3594/3626
f 3172/2011/2028 3167/3647/3683 3116/1871/1887
f 4931/3636/3672 4953/3601/3633 4890/3589/3621
f 3158/1966/1983 3165/3648/3684 3136/3641/3677
f 2888/1826/1842 3117/1990/2007 3092/3600/3632
f 3138/1984/2001 2803/1997/2014 2781/1754/1770
f 4938/3649/3685 4935/3639/3675 4788/3455/3482
f 4940/3650/3686 4931/3636/3672 4934/3651/3687
f 4920/3629/3662 4904/3633/3666 4930/3622/3654
f 3161/2001/2018 2799/1788/1804 3137/1977/1994
f 4942/3652/3688 4945/3653/3689 4933/3637/3673
f 2888/1826/1842 3173/3654/3690 3154/1989/2006
f 4938/3649/3685 4941/3655/3691 4935/3639/3675
f 3282/2007/2024 3176/2087/2104 3147/2005/2022
f 4945/3653/3689 4943/3656/3692 4933/3637/3673
f 4815/3526/3557 4789/3478/3506 4724/3410/3435
f 4944/3657/3693 4932/3643/3679 4749/3473/3500
f 3184/2010/2027 3167/3647/3683 3172/2011/2028
f 3243/3658/3694 4795/3500/3529 4715/3417/3442
f 4861/3645/3681 4933/3637/3673 4943/3656/3692
f 3187/3659/3695 3061/2003/2020 3186/2004/2021
f 4943/3656/3692 4939/3660/3696 4861/3645/3681
f 4955/3661/3697 4926/3582/3614 4953/3601/3633
f 4947/3662/3698 4938/3649/3685 4788/3455/3482
f 3190/3663/3699 3199/3664/3700 2799/1788/1804
f 4948/3665/3701 4944/3657/3693 4749/3473/3500
f 4949/3666/3702 4943/3656/3692 4945/3653/3689
f 2888/1826/1842 3200/2025/2042 3173/3654/3690
f 3158/1966/1983 3205/3667/3703 3185/3668/3704
f 3206/3669/3705 3061/2003/2020 3187/3659/3695
f 4915/3586/3618 3205/3667/3703 3158/1966/1983
f 3199/3664/3700 3215/2038/2055 2799/1788/1804
f 4951/3670/3706 4948/3665/3701 4749/3473/3500
f 4950/2111/2129 3220/2026/2043 2888/1826/1842
f 4789/3478/3506 4957/3671/3707 4792/3482/3510
f 4954/3672/3708 4947/3662/3698 4788/3455/3482
f 3211/3673/3709 3061/2003/2020 3206/3669/3705
f 3195/2019/2036 3212/2030/2047 3075/1946/1962
f 3214/3674/3710 3205/3667/3703 4915/3586/3618
f 4952/3675/3711 4943/3656/3692 4949/3666/3702
f 3201/2020/2037 3041/1922/1938 3062/1931/1947
f 4953/3601/3633 4940/3650/3686 4946/3676/3712
f 4800/3492/3521 3040/3521/3552 3419/3677/3713
f 4954/3672/3708 4788/3455/3482 4928/3627/3660
f 4953/3601/3633 4931/3636/3672 4940/3650/3686
f 4815/3526/3557 4957/3671/3707 4789/3478/3506
f 3273/2131/2149 2998/3534/3565 2936/3510/3539
f 3273/2131/2149 3157/1926/1942 2998/3534/3565
f 3061/2003/2020 3243/3658/3694 4715/3417/3442
f 4968/3678/3714 4749/3473/3500 2834/3471/3498
f 4952/3675/3711 4966/3679/3715 4943/3656/3692
f 4915/3586/3618 3242/3680/3716 3214/3674/3710
f 3128/3644/3680 2834/3471/3498 2916/3532/3563
f 3128/3644/3680 4800/3492/3521 3419/3677/3713
f 3075/1946/1962 3212/2030/2047 3231/2036/2053
f 4959/3681/3717 4815/3526/3557 4936/3646/3682
f 4928/3627/3660 4965/3682/3718 4954/3672/3708
f 4963/3683/3719 4951/3670/3706 4749/3473/3500
f 4960/3684/3720 4959/3681/3717 4936/3646/3682
f 3246/3685/3721 3220/2026/2043 4950/2111/2129
f 3291/2109/2127 2888/1826/1842 2979/1971/1988
f 4958/3686/3722 4953/3601/3633 4956/3687/3723
f 3267/3688/3724 3061/2003/2020 3211/3673/3709
f 4961/3689/3725 4939/3660/3696 4943/3656/3692
f 2888/1826/1842 3291/2109/2127 4950/2111/2129
f 4962/3690/3726 4953/3601/3633 4958/3686/3722
f 4915/3586/3618 3250/3691/3727 3242/3680/3716
f 4959/3681/3717 4957/3671/3707 4815/3526/3557
f 3260/3692/3728 3312/1907/1923 3247/2032/2049
f 4915/3586/3618 3274/2116/2134 3250/3691/3727
f 3268/3693/3729 3061/2003/2020 3267/3688/3724
f 3268/3693/3729 3300/3694/3730 3061/2003/2020
f 4986/3695/3731 4961/3689/3725 4943/3656/3692
f 4967/3696/3732 4965/3682/3718 4928/3627/3660
f 3257/2055/2072 3269/3697/3733 3232/2044/2061
f 4971/3698/3734 4943/3656/3692 4966/3679/3715
f 4969/3699/3735 4959/3681/3717 4960/3684/3720
f 4977/3700/3736 4915/3586/3618 4924/3617/3649
f 4968/3678/3714 4963/3683/3719 4749/3473/3500
f 4986/3695/3731 4943/3656/3692 4971/3698/3734
f 4792/3482/3510 4970/3701/3737 4807/3507/3536
f 4967/3696/3732 4974/3702/3738 4965/3682/3718
f 4962/3690/3726 4979/3703/3739 4953/3601/3633
f 3176/2087/2104 3273/2131/2149 2936/3510/3539
f 3274/2116/2134 3283/3704/3740 3250/3691/3727
f 3311/2076/2108 3276/3705/3741 3238/2043/2060
f 3273/2131/2149 3236/2040/2057 3157/1926/1942
f 3311/2076/2108 3301/3706/3742 3276/3705/3741
f 3304/3707/3743 3312/1907/1923 3260/3692/3728
f 4930/3622/3654 4972/3708/3744 4920/3629/3662
f 3282/2007/2024 2860/2006/2023 3208/2027/2044
f 4955/3661/3697 4930/3622/3654 4926/3582/3614
f 4928/3627/3660 4978/3709/3745 4967/3696/3732
f 4979/3703/3739 4962/3690/3726 4973/3710/3746
f 4920/3629/3662 4977/3700/3736 4924/3617/3649
f 4975/3711/3747 4971/3698/3734 4966/3679/3715
f 3238/2043/2060 3231/2036/2053 3311/2076/2108
f 4972/3708/3744 4977/3700/3736 4920/3629/3662
f 4980/3712/3748 4963/3683/3719 4968/3678/3714
f 4982/3713/3749 4974/3702/3738 4967/3696/3732
f 4977/3700/3736 3274/2116/2134 4915/3586/3618
f 3302/3714/3750 3317/2081/2098 3294/2068/2085
f 3300/3694/3730 4983/3715/3751 3061/2003/2020
f 3246/3685/3721 4950/2111/2129 3345/3716/3752
f 4987/3717/3753 4792/3482/3510 4957/3671/3707
f 4928/3627/3660 4985/3718/3754 4978/3709/3745
f 3318/2095/2113 3257/2055/2072 3279/2057/2074
f 3243/3658/3694 3040/3521/3552 4795/3500/3529
f 3239/1972/1989 3291/2109/2127 2979/1971/1988
f 3323/2099/2117 3312/1907/1923 3304/3707/3743
f 4985/3718/3754 4982/3713/3755 4978/3709/3745
f 3085/1956/1972 3322/2078/2095 3006/1824/1840
f 3321/3719/3756 4983/3715/3751 3300/3694/3730
f 3316/3720/3757 3329/2094/2112 3306/3721/3758
f 3319/3722/3759 3231/2036/2053 3212/2030/2047
f 3128/3644/3680 4968/3678/3714 2834/3471/3498
f 3311/2076/2108 3329/2094/2112 3316/3720/3757
f 4970/3701/3737 4928/3627/3660 4807/3507/3536
f 4988/3723/3760 4985/3718/3754 4928/3627/3660
f 4989/3724/3761 4979/3703/3739 4984/3725/3762
f 4979/3703/3739 4955/3661/3697 4953/3601/3633
f 3344/3726/3763 4983/3715/3751 3321/3719/3756
f 3274/2116/2134 3341/3727/3764 3326/3728/3765
f 3337/3729/3766 3357/3730/3767 3231/2036/2053
f 4950/2111/2129 3356/3731/3768 3345/3716/3752
f 4928/3627/3660 4991/3732/3769 4988/3723/3760
f 4983/3715/3751 3243/3658/3694 3061/2003/2020
f 3329/2094/2112 3355/2091/2109 3335/3733/3770
f 3062/1931/1947 3361/2112/2130 3270/2070/2087
f 3360/2118/2136 3275/2069/2086 3317/2081/2098
f 3344/3726/3763 3366/3734/3771 4983/3715/3751
f 3355/2091/2109 3367/3735/3772 3352/3736/3773
f 5000/3737/3774 4980/3712/3748 4968/3678/3714
f 4991/3732/3769 4928/3627/3660 4993/3738/3775
f 3274/2116/2134 3374/2115/2133 3341/3727/3764
f 3357/3730/3767 3381/2125/2143 3231/2036/2053
f 4987/3717/3753 4970/3701/3737 4792/3482/3510
f 3361/2112/2130 3339/2085/2102 3270/2070/2087
f 3374/2115/2133 3376/3739/3776 3341/3727/3764
f 3366/3734/3771 3394/3740/3777 4983/3715/3751
f 4994/3741/3778 4959/3681/3717 4969/3699/3735
f 4995/3742/3779 4993/3738/3775 4928/3627/3660
f 4950/2111/2129 3380/3743/3780 3356/3731/3768
f 3314/2086/2103 3273/2131/2149 3176/2087/2104
f 3355/2091/2109 3383/3744/3781 3367/3735/3772
f 4990/3745/3782 4979/3703/3739 4989/3724/3761
f 3274/2116/2134 3405/2133/2151 3379/2117/2135
f 3394/3740/3777 3392/3746/3783 4983/3715/3751
f 3355/2091/2109 3395/2142/2160 3383/3744/3781
f 3372/3747/3784 3423/2178/2196 3332/2093/2111
f 5015/3748/3785 4930/3622/3654 4955/3661/3697
f 3395/2142/2160 3402/3749/3786 3383/3744/3781
f 4997/3750/3787 4971/3698/3734 4975/3711/3747
f 3399/2134/2152 3391/3751/3788 3379/2117/2135
f 4950/2111/2129 3403/3752/3789 3380/3743/3780
f 3370/2138/2156 3398/3753/3790 3378/3754/3791
f 4996/3755/3792 4990/3745/3782 4992/3756/3793
f 3406/3757/3794 4983/3715/3751 3392/3746/3783
f 3395/2142/2160 3409/3758/3795 3402/3749/3786
f 3231/2036/2053 5010/2141/2159 3355/2091/2109
f 4979/3703/3739 5002/3759/3796 4955/3661/3697
f 3480/2121/2139 3558/2089/2106 3208/2027/2044
f 3405/2133/3797 3415/3760/3798 3391/3761/3799
f 3414/2148/2166 3275/2069/2086 3382/2119/2137
f 4999/3762/3800 5000/3737/3774 4968/3678/3714
f 3577/3763/3801 3419/3677/3713 3040/3521/3552
f 3396/2126/2144 3431/3764/3802 3231/2036/2053
f 3312/1907/1923 3418/2217/2235 3239/1972/1989
f 3370/2138/2156 3432/3765/3803 3398/3753/3790
f 3406/3757/3794 3416/3766/3804 4983/3715/3751
f 3418/2217/2235 3291/2109/2127 3239/1972/1989
f 4977/3700/3736 5041/2216/2234 3274/2116/2134
f 3577/3763/3801 3128/3644/3680 3419/3677/3713
f 3416/3766/3804 3428/3767/3805 4983/3715/3751
f 3243/3658/3694 3577/3763/3801 3040/3521/3552
f 3395/2142/2160 3417/3768/3806 3409/3758/3795
f 5006/3769/3807 4971/3698/3734 4997/3750/3787
f 4950/2111/2129 3436/3770/3808 3403/3752/3789
f 3436/3770/3808 3430/3771/3809 3403/3752/3789
f 3361/2112/2130 3432/3765/3803 3370/2138/2156
f 3420/2143/2161 3410/2128/2146 3318/2095/2113
f 4999/3762/3800 4968/3678/3714 4998/3772/3810
f 3428/3767/3805 3442/3773/3811 4983/3715/3751
f 3423/2178/2196 3480/2121/2139 3332/2093/2111
f 5015/3748/3785 5003/3774/3812 4930/3622/3654
f 3395/2142/2160 3435/3775/3813 3417/3768/3806
f 3447/3776/3814 3436/3770/3808 4950/2111/2129
f 3397/2137/2155 3450/2155/2173 3312/1907/1923
f 5003/3774/3812 4972/3708/3744 4930/3622/3654
f 5041/2216/2234 3405/2133/2151 3274/2116/2134
f 3433/3777/3815 3441/2163/2181 3415/3778/3816
f 3395/2142/2160 3445/2151/2169 3435/3775/3813
f 4979/3703/3739 4990/3745/3782 4996/3755/3792
f 3405/2133/2151 3441/2163/2181 3433/3777/3815
f 5016/3779/3817 5001/3780/3818 4971/3698/3734
f 3231/2036/2053 3431/3764/3802 5010/2141/2159
f 3452/3781/3819 4983/3715/3751 3442/3773/3811
f 5007/3782/3820 4999/3762/3800 4998/3772/3810
f 3463/2160/2178 3453/2152/2170 3395/2142/2160
f 4950/2111/2129 3539/2231/2249 3447/3776/3814
f 4970/3701/3737 4995/3742/3779 4928/3627/3660
f 3577/3763/3801 4968/3678/3714 3128/3644/3680
f 5008/3783/3821 4997/3750/3787 5004/3784/3822
f 5016/3779/3817 4971/3698/3734 5006/3769/3807
f 3452/3781/3819 3461/3785/3823 4983/3715/3751
f 3539/2231/2249 5009/3786/3824 3447/3776/3814
f 3459/2165/2183 3275/2069/2086 3440/2149/2167
f 5011/3787/3825 5007/3782/3820 4998/3772/3810
f 5010/2141/2159 3463/2160/2178 3395/2142/2160
f 3475/3788/3826 3488/3789/3827 4983/3715/3751
f 3461/3785/3823 3475/3788/3826 4983/3715/3751
f 3453/2152/2170 3463/2160/2178 3456/3790/3828
f 5006/3769/3807 4997/3750/3787 5008/3783/3821
f 5014/3791/3829 4979/3703/3739 4996/3755/3792
f 3475/3788/3826 3484/3792/3830 3488/3789/3827
f 5017/3793/3831 3504/3794/3832 5010/2141/2159
f 3466/3795/3833 5017/3793/3831 5010/2141/2159
f 4959/3681/3717 4994/3741/3778 5022/3796/3834
f 3498/2197/2215 3359/2130/2148 3273/2131/2149
f 5010/2141/2159 3504/3794/3832 3463/2160/2178
f 3561/2206/2224 3243/3658/3694 4983/3715/3751
f 3488/3789/3827 3561/2206/2224 4983/3715/3751
f 3479/2161/2179 3489/3797/3835 3478/2159/2177
f 5024/3798/3836 5008/3783/3821 5012/3799/3837
f 5019/3800/3838 5013/3801/3839 4995/3742/3779
f 3441/2163/2181 5041/2216/2234 3477/2164/2182
f 3488/3789/3827 3487/3802/3840 3561/2206/2224
f 3539/2231/2249 5018/3803/3841 5009/3786/3824
f 3405/2133/2151 5041/2216/2234 3441/2163/2181
f 5041/2216/2234 3495/3804/3842 3477/2164/2182
f 5021/3805/3843 5024/3798/3836 5012/3799/3837
f 3479/2161/2179 3500/3806/3844 3489/3797/3835
f 3450/2155/2173 3418/2217/2235 3312/1907/1923
f 3574/2170/2188 3273/2131/2149 3314/2086/2103
f 3487/3802/3840 3509/3807/3845 3561/2206/2224
f 3539/2231/2249 3503/3808/3846 5018/3803/3841
f 5015/3748/3785 4955/3661/3697 5002/3759/3796
f 3292/2066/2083 3540/2169/2187 3085/1956/1972
f 3282/2007/2024 3512/2171/2189 3314/2086/2103
f 5025/3809/3847 5020/3810/3848 4998/3772/3810
f 3479/2161/2179 3497/3811/3849 3500/3806/3844
f 3504/3794/3832 3479/2161/2179 3463/2160/2178
f 3527/2191/2209 3361/2112/2130 3322/2078/2095
f 3479/2161/2179 3515/3812/3850 3497/3811/3849
f 4959/3681/3717 5079/3813/3851 4957/3671/3707
f 3507/2175/2193 3492/3814/3852 3491/2167/2185
f 5041/2216/2234 3514/3815/3853 3495/3804/3842
f 3509/3807/3845 3519/3816/3854 3561/2206/2224
f 5024/3798/3836 5006/3769/3807 5008/3783/3821
f 3506/2218/2236 3418/2217/2235 3450/2155/2173
f 5032/3817/3855 4979/3703/3739 5014/3791/3829
f 3519/3816/3854 3531/3818/3856 3561/2206/2224
f 3521/3819/3857 3519/3816/3854 3509/3807/3845
f 3479/2161/2179 3523/3820/3858 3515/3812/3850
f 3549/3821/3859 3503/3808/3846 3539/2231/2249
f 4968/3678/3714 5029/3822/3860 4998/3772/3810
f 5029/3822/3860 5026/3823/3861 4998/3772/3810
f 4959/3681/3717 5022/3796/3834 5023/3824/3862
f 3361/2112/2130 3458/3825/3863 3432/3765/3803
f 5027/3826/3864 5019/3800/3838 4995/3742/3779
f 5002/3759/3796 4979/3703/3739 5032/3817/3855
f 3561/2206/2224 3577/3763/3801 3243/3658/3694
f 5025/3809/3847 4998/3772/3810 5026/3823/3861
f 3523/3820/3858 3479/2161/2179 3532/3827/3865
f 5031/3828/3866 5024/3798/3836 5028/3829/3867
f 5031/3828/3866 5006/3769/3807 5024/3798/3836
f 5027/3826/3864 4995/3742/3779 4970/3701/3737
f 5041/2216/2234 3534/2215/2233 3514/3815/3853
f 3531/3818/3856 3542/3830/3868 3561/2206/2224
f 3546/3831/3869 3479/2161/2179 3504/3794/3832
f 4950/2111/2129 3633/2110/2128 3539/2231/2249
f 3361/2112/2130 3505/3832/3870 3458/3825/3863
f 3545/3833/3871 3553/3834/3872 3561/2206/2224
f 5030/3835/3873 5031/3828/3866 5028/3829/3867
f 3479/2161/2179 3543/3836/3874 3537/3837/3875
f 3361/2112/2130 3571/3838/3876 3505/3832/3870
f 5029/3822/3860 4968/3678/3714 3577/3763/3801
f 3553/3834/3872 3552/3839/3877 3561/2206/2224
f 5034/3840/3878 5031/3828/3866 5030/3835/3873
f 3546/3831/3869 5040/3841/3879 3479/2161/2179
f 3548/3842/3880 3546/3831/3869 3504/3794/3832
f 3539/2231/2249 3568/3843/3881 3547/3844/3882
f 5035/3845/3883 5033/3846/3884 5026/3823/3861
f 5035/3845/3883 5037/3847/3885 5033/3846/3884
f 5036/3848/3886 5031/3828/3866 5034/3840/3878
f 3543/3836/3874 5039/3849/3887 3564/3850/3888
f 3479/2161/2179 5040/3841/3879 3543/3836/3874
f 3569/2230/2248 3568/3843/3881 3539/2231/2249
f 5035/3845/3883 5026/3823/3861 5029/3822/3860
f 5057/3851/3889 5031/3828/3866 5036/3848/3886
f 3543/3836/3874 5044/3852/3890 5039/3849/3887
f 3602/3853/3891 3546/3831/3869 3548/3842/3880
f 5051/3854/3892 3602/3853/3891 3548/3842/3880
f 3569/2230/2248 3601/3855/3893 3566/3856/3894
f 3418/2217/2235 3633/2110/2128 3291/2109/2127
f 3582/3857/3895 3561/2206/2224 3552/3839/3877
f 5044/3858/3896 3579/3859/3897 3564/3860/3898
f 5052/3861/3899 4972/3708/3744 5003/3774/3812
f 3598/2211/3900 3359/2130/2148 3562/2198/2216
f 5059/3862/3901 5029/3822/3860 3577/3763/3801
f 3582/3857/3895 3590/2207/2225 3561/2206/2224
f 5057/3851/3889 5036/3848/3886 5042/3863/3902
f 3543/3836/3874 5040/3841/3879 5044/3852/3890
f 5052/3861/3899 4977/3700/3736 4972/3708/3744
f 3588/3864/3903 3577/3763/3801 3561/2206/2224
f 3599/3865/3904 3588/3864/3903 3561/2206/2224
f 3592/2208/2226 3599/3865/3904 3561/2206/2224
f 5040/3841/3879 5068/3866/3905 5044/3852/3890
f 5060/3867/3906 3591/3868/3907 5054/3869/3908
f 3546/3831/3869 5069/3870/3909 5040/3841/3879
f 3569/2230/2248 5062/3871/3910 3601/3855/3893
f 3588/3864/3903 5065/3872/3911 3577/3763/3801
f 5059/3862/3901 5053/3873/3912 5029/3822/3860
f 3574/2170/2188 3498/2197/2215 3273/2131/2149
f 5065/3872/3911 5059/3862/3901 3577/3763/3801
f 3591/3868/3907 5080/3874/3913 3600/3875/3914
f 5080/3874/3913 3603/3876/3915 3600/3875/3914
f 5060/3867/3906 5074/3877/3916 3591/3868/3907
f 5073/3878/3917 5031/3828/3866 5057/3851/3889
f 5061/3879/3918 5006/3769/3807 5031/3828/3866
f 5061/3879/3918 5016/3779/3817 5006/3769/3807
f 5023/3824/3862 5022/3796/3834 5063/3880/3919
f 5072/3881/3920 5027/3826/3864 4970/3701/3737
f 5041/2216/2234 3610/3882/3921 3576/2214/2232
f 5080/3874/3913 5067/3883/3922 3603/3876/3915
f 3569/2230/2248 5070/3884/3923 5062/3871/3910
f 5074/3877/3916 5080/3874/3913 3591/3868/3907
f 5075/3885/3924 5074/3877/3916 5060/3867/3906
f 5076/3886/3925 5068/3866/3905 5040/3841/3879
f 3569/2230/2248 5078/3887/3926 5070/3884/3923
f 3361/2112/2130 3609/3888/3927 3571/3838/3876
f 5071/3889/3928 5032/3817/3855 5064/3890/3929
f 5077/3891/3930 5076/3886/3925 5040/3841/3879
f 5114/3892/3931 5002/3759/3796 5032/3817/3855
f 5067/3883/3922 5080/3874/3913 5066/3893/3932
f 5081/3894/3933 5077/3891/3930 5040/3841/3879
f 3615/3895/3934 3502/2174/2192 3575/2200/2218
f 5082/3896/3935 5066/3893/3932 5080/3874/3913
f 5075/3885/3924 5083/3897/3936 5074/3877/3916
f 5085/3898/3937 5083/3897/3936 5075/3885/3924
f 5078/3887/3926 3624/2232/2250 5090/3899/3938
f 5023/3824/3862 5079/3813/3851 4959/3681/3717
f 5082/3896/3935 5073/3878/3917 5057/3851/3889
f 3624/2232/2250 5099/3900/3939 5090/3899/3938
f 3569/2230/2248 3624/2232/2250 5078/3887/3926
f 5082/3896/3935 5057/3851/3889 5066/3893/3932
f 3624/2232/2250 5113/3901/3940 5099/3900/3939
f 3556/2201/2219 3626/3902/3941 3572/2193/2211
f 4977/3700/3736 5052/3861/3899 5106/3903/3942
f 3623/3904/3943 3631/2243/2261 3502/2174/2192
f 5100/3905/3944 5061/3879/3918 5031/3828/3866
f 5109/3906/3945 5072/3881/3920 4970/3701/3737
f 5105/3907/3946 5071/3889/3928 5091/3908/3947
f 5112/3909/3948 5041/2216/2234 4977/3700/3736
f 3631/2243/2261 3460/2153/2171 3502/2174/2192
f 5108/3910/3949 5074/3877/3916 5083/3897/3936
f 5113/3901/3940 5107/3911/3950 5099/3900/3939
f 3641/3912/3951 3609/3888/3927 3361/2112/2130
f 5114/3892/3931 5032/3817/3855 5071/3889/3928
f 3614/2259/2277 3558/2089/2106 3480/2121/2139
f 5105/3907/3946 5114/3892/3931 5071/3889/3928
f 5003/3774/3812 5015/3748/3785 5111/3913/3952
f 5080/3874/3913 5126/3914/3953 5082/3896/3935
f 5074/3877/3916 5117/3915/3954 5080/3874/3913
f 5120/3916/3955 5109/3906/3945 4970/3701/3737
f 5110/3917/3956 5015/3748/3785 5002/3759/3796
f 3614/2259/2277 3481/2181/2199 3558/2089/2106
f 5128/3918/3957 5073/3878/3917 5082/3896/3935
f 5118/3919/3958 5104/3920/3959 5115/3921/3960
f 5123/3922/3961 4970/3701/3737 4987/3717/3753
f 5041/2216/2234 3637/3923/3962 3610/3882/3921
f 3624/2232/2250 5116/3924/3963 5113/3901/3940
f 5125/3925/3964 5114/3892/3931 5105/3907/3946
f 5110/3917/3956 5002/3759/3796 5114/3892/3931
f 5112/3909/3948 4977/3700/3736 5106/3903/3942
f 5133/3926/3965 5082/3896/3935 5126/3914/3953
f 5116/3924/3963 5129/3927/3966 5121/3928/3967
f 5118/3919/3958 5063/3880/3919 5104/3920/3959
f 5122/3929/3968 4987/3717/3753 4957/3671/3707
f 5116/3924/3963 3624/2232/2250 5129/3927/3966
f 3418/2217/2235 3731/2326/2344 3633/2110/2128
f 5123/3922/3961 5124/3930/3969 4970/3701/3737
f 5135/3931/3970 5105/3907/3971 5119/3932/3972
f 3556/2201/2219 3643/3933/3973 3626/3902/3941
f 5137/3934/3974 5132/3935/3975 5127/3936/3976
f 5137/3934/3974 5134/3937/3977 5132/3935/3975
f 3624/2232/2250 5127/3936/3976 5129/3927/3966
f 3625/2238/2256 3650/2279/2297 3480/2121/2139
f 3624/2232/2250 5137/3934/3974 5127/3936/3976
f 5137/3934/3974 5130/3938/3978 5134/3937/3977
f 5137/3934/3974 5118/3919/3958 5130/3938/3978
f 5148/3939/3979 3624/2232/2250 3539/2231/2249
f 5124/3930/3969 5120/3916/3955 4970/3701/3737
f 3640/2247/2265 3641/3912/3951 3361/2112/2130
f 5137/3934/3974 5063/3880/3919 5118/3919/3958
f 5023/3824/3862 5063/3880/3919 5137/3934/3974
f 5135/3940/3980 5114/3892/3931 5125/3925/3964
f 5110/3917/3956 5111/3913/3952 5015/3748/3785
f 3657/2262/2280 3460/2153/2171 3653/2246/2264
f 3640/2247/2265 3667/2284/2302 3641/3912/3951
f 5138/3941/3981 5139/3942/3982 5135/3940/3980
f 5139/3942/3982 5114/3892/3931 5135/3940/3980
f 5112/3909/3948 3651/3943/3983 5041/2216/2234
f 3518/2184/2202 3656/2261/2279 3223/2033/2050
f 5112/3909/3948 3661/3944/3984 3651/3943/3983
f 3731/2326/2344 5148/3939/3979 3633/2110/2128
f 5148/3939/3979 3539/2231/2249 3633/2110/2128
f 3390/2140/2158 3638/2240/2258 3690/2264/2282
f 5079/3813/3851 5122/3929/3968 4957/3671/3707
f 5122/3929/3968 5123/3922/3961 4987/3717/3753
f 3662/2265/2283 3649/2291/2309 3418/2217/2235
f 5123/3922/3961 5141/3945/3985 5124/3930/3969
f 5141/3945/3985 5140/3946/3986 5124/3930/3969
f 5145/3947/3987 5139/3942/3982 5143/3948/3988
f 3481/2181/2199 3670/2394/2413 3512/2171/2189
f 3649/2291/2309 3731/2326/2344 3418/2217/2235
f 5145/3947/3987 5114/3892/3931 5139/3942/3982
f 3556/2201/2219 3687/3949/3989 3643/3933/3973
f 3677/2294/2312 3642/2254/2272 3498/2197/2215
f 5112/3909/3948 3681/3950/3990 3661/3944/3984
f 3678/2289/2307 3649/2291/2309 3662/2265/2283
f 3670/2394/2413 3574/2170/2188 3512/2171/2189
f 3725/2285/2303 3667/2284/2302 3640/2247/2265
f 3670/2394/2413 3481/2181/2199 3614/2259/2277
f 5148/3939/3979 5150/3951/3991 3624/2232/2250
f 5149/3952/3992 5141/3945/3985 5123/3922/3961
f 3725/2285/2303 3689/2297/2315 3679/2283/2301
f 5151/3953/3993 5114/3892/3931 5145/3947/3987
f 3556/2201/2219 3694/2318/2336 3687/3949/3989
f 5111/3913/3952 5052/3861/3899 5003/3774/3812
f 5112/3909/3948 3697/3954/3994 3685/3955/3995
f 3699/3956/3996 3704/2314/2332 3649/2291/2309
f 5112/3909/3948 3710/3957/3997 3697/3954/3994
f 3646/2258/2276 3713/2433/2452 3614/2259/2277
f 5156/3958/3998 5137/3934/3974 3624/2232/2250
f 5137/3934/3974 5158/3959/3999 5023/3824/3862
f 3649/2291/2309 3704/2314/2332 3703/2324/2342
f 5155/3960/4000 5149/3952/3992 5123/3922/3961
f 3721/2296/2314 3722/2328/2346 3460/2153/2171
f 5158/3959/3999 5079/3813/3851 5023/3824/3862
f 5106/3903/3942 5153/3961/4001 5112/3909/3948
f 3725/2285/2303 3718/3962/4002 3705/2298/2316
f 5112/3909/3948 3730/3963/4003 3710/3957/3997
f 5157/3964/4004 5155/3960/4000 5123/3922/3961
f 5163/3965/4005 5151/3953/3993 5154/3966/4006
f 3574/2170/2188 3729/2348/2366 3498/2197/2215
f 3725/2285/2303 3734/2339/2357 3718/3962/4002
f 5158/3959/3999 5122/3929/3968 5079/3813/3851
f 3627/2234/2252 3780/2330/2348 3501/2182/2200
f 5156/3958/3998 5158/3959/3999 5137/3934/3974
f 3670/2394/2413 3729/2348/2366 3574/2170/2188
f 5112/3909/3948 3747/3967/4007 3730/3963/4003
f 5156/3958/3998 3624/2232/2250 5150/3951/3991
f 5161/3968/4008 5157/3964/4004 5123/3922/3961
f 5163/3965/4005 5114/3892/3931 5151/3953/3993
f 3729/2348/2366 3715/2308/2326 3498/2197/2215
f 5152/3969/4009 5161/3968/4008 5123/3922/3961
f 5166/3970/4010 5150/3951/3991 5148/3939/3979
f 5112/3909/3948 3767/3971/4011 3747/3967/4007
f 5111/3913/3952 5167/3972/4012 5052/3861/3899
f 5153/3961/4001 3767/3971/4011 5112/3909/3948
f 3725/2285/2303 3785/3973/4013 3757/2340/2358
f 5165/3974/4014 5114/3892/3931 5163/3965/4005
f 5172/3975/4015 5110/3917/3956 5114/3892/3931
f 5169/3976/4016 5123/3922/3961 5122/3929/3968
f 3775/2359/2378 3666/2270/2288 3460/2153/2171
f 3703/2324/2342 3771/2363/2382 3731/2326/2344
f 5175/3977/4017 5114/3892/3931 5165/3974/4014
f 3700/2288/2306 3725/2285/2303 3640/2247/2265
f 5166/3970/4010 5148/3939/3979 3731/2326/2344
f 5171/3978/4018 5168/3979/4019 5152/3969/4009
f 5153/3961/4001 3784/3980/4020 3767/3971/4011
f 3794/2386/2405 3776/2353/2372 3668/2273/2291
f 3814/2383/2402 3700/2288/2306 3714/2281/2299
f 5173/3981/4021 5152/3969/4009 5123/3922/3961
f 5170/3982/4022 5175/3977/4017 5165/3974/4014
f 5167/3972/4012 5106/3903/3942 5052/3861/3899
f 5180/3983/4023 5173/3981/4021 5123/3922/3961
f 5152/3969/4009 5173/3981/4021 5171/3978/4018
f 3797/3984/4024 3776/2353/2372 3794/2386/2405
f 3798/2374/2393 3768/2347/2365 3777/3985/4025
f 3725/2285/2303 3795/2391/2410 3785/3973/4013
f 3815/2368/2387 3811/2388/2407 3771/2363/2382
f 5173/3981/4021 5177/3986/4026 5171/3978/4018
f 5179/3987/4027 5168/3979/4019 5171/3978/4018
f 3784/3980/4020 3809/3988/4028 3799/3989/4029
f 5158/3959/3999 5169/3976/4016 5122/3929/3968
f 3788/2365/2384 3808/3990/4030 3666/2270/2288
f 5176/3991/4031 5175/3977/4017 5170/3982/4022
f 3809/3988/4028 3784/3980/4020 5153/3961/4001
f 3646/2258/2276 3820/2398/2417 3713/2433/2452
f 3830/2422/2441 3670/2394/2413 3614/2259/2277
f 3713/2433/2452 3830/2422/2441 3614/2259/2277
f 3829/2390/2409 3771/2363/2382 3811/2388/2407
f 5181/3992/4032 5175/3977/4017 5176/3991/4031
f 3808/3990/4030 3827/2413/2432 3666/2270/2288
f 5196/3993/4033 5111/3913/3952 5110/3917/3956
f 3729/2348/2366 3836/2404/2423 3781/2369/2388
f 5180/3983/4023 5123/3922/3961 5169/3976/4016
f 3832/2401/2420 3834/3994/4034 3794/2386/2405
f 3809/3988/4028 5153/3961/4001 3849/3995/4035
f 5196/3993/4033 5167/3972/4012 5111/3913/3952
f 3886/2355/2374 3780/2330/2348 3627/2234/2252
f 3833/2411/2430 3839/2408/2427 3826/2382/2401
f 5167/3972/4012 5153/3961/4001 5106/3903/3942
f 3849/3995/4035 3828/3996/4036 3809/3988/4028
f 3638/2240/2258 3868/2428/2447 3886/2355/2374
f 3731/2326/2344 5185/3997/4037 5166/3970/4010
f 5172/3975/4015 5114/3892/3931 5175/3977/4017
f 5182/3998/4038 5196/3993/4033 5110/3917/3956
f 3836/2404/2423 3840/3999/4039 3781/2369/2388
f 3851/2435/2454 3850/4000/4040 3795/2391/2410
f 3814/2383/2402 3806/2379/2398 3700/2288/2306
f 5183/4001/4041 5173/3981/4021 5180/3983/4023
f 3956/4002/4042 5150/3951/3991 5166/3970/4010
f 3870/4003/4043 3855/2418/2437 3829/2390/2409
f 3861/2421/2440 3839/2408/2427 3852/2415/2434
f 3723/2307/2325 3839/2408/2427 3820/2398/2417
f 3806/2379/2398 3866/2392/2411 3725/2285/2303
f 5182/3998/4038 5110/3917/3956 5172/3975/4015
f 5192/4004/4044 5156/3958/3998 5150/3951/3991
f 3877/4005/4045 3863/4006/4046 3836/2404/4047
f 5192/4004/4044 5193/4007/4048 5156/3958/3998
f 5186/4008/4049 5183/4001/4041 5180/3983/4023
f 3856/2419/2438 3872/4009/4050 3854/2425/2444
f 3857/2395/2414 3831/2403/2422 3729/2348/2366
f 5175/3977/4017 5181/3992/4032 5184/4010/4051
f 5193/4007/4048 5158/3959/3999 5156/3958/3998
f 3771/2363/2382 5185/3997/4037 3731/2326/2344
f 5188/4011/4052 5186/4008/4049 5180/3983/4023
f 5175/3977/4017 5187/4012/4053 5172/3975/4015
f 3849/3995/4035 5153/3961/4001 3907/4013/4054
f 3909/2436/2455 3890/4014/4055 3873/2439/2458
f 5189/4015/4056 5175/3977/4017 5184/4010/4051
f 5192/4004/4044 5150/3951/3991 3956/4002/4042
f 5193/4007/4048 5169/3976/4016 5158/3959/3999
f 3889/2451/2470 3771/2363/2382 3855/2418/2437
f 3780/2330/2348 3912/2516/2535 3814/2383/2402
f 5166/3970/4010 5185/3997/4037 3956/4002/4042
f 5194/4016/4057 5188/4011/4052 5180/3983/4023
f 5175/3977/4017 5189/4015/4056 5195/4017/4058
f 3866/2392/2411 3909/2436/2455 3795/2391/2410
f 3874/2434/2453 3830/2422/2441 3713/2433/2452
f 5197/4018/4059 5175/3977/4017 5195/4017/4058
f 5182/3998/4038 5172/3975/4015 5187/4012/4053
f 3907/4013/4054 3869/4019/4060 3849/3995/4035
f 5167/3972/4012 5198/4020/4061 5153/3961/4001
f 3915/2452/2471 3935/2523/2542 3771/2363/2382
f 3866/2392/2411 3970/2504/2523 3909/2436/2455
f 5202/4021/4062 5194/4016/4057 5180/3983/4023
f 3909/2436/2455 3932/4022/4063 3931/4023/4064
f 3907/4013/4054 5153/3961/4001 5198/4020/4061
f 5201/4024/4065 5206/4025/4066 5197/4018/4059
f 3970/2504/2523 3932/4022/4063 3909/2436/2455
f 3907/4013/4054 3920/4026/4067 3869/4019/4060
f 5200/4027/4068 5180/3983/4023 5169/3976/4016
f 5203/4028/4069 5202/4021/4062 5180/3983/4023
f 3940/4029/4070 3935/2523/2542 3915/2452/2471
f 3886/2355/2374 3950/2515/2534 3780/2330/2348
f 5200/4027/4068 5203/4028/4069 5180/3983/4023
f 3970/2504/2523 3957/4030/4071 3932/4022/4063
f 5198/4020/4061 5167/3972/4012 5196/3993/4033
f 3920/4026/4067 3907/4013/4054 3961/4031/4072
f 5193/4007/4048 5204/4032/4073 5169/3976/4016
f 3868/2428/2447 3950/2515/2534 3886/2355/2374
f 3938/2491/2510 3965/2519/2538 3868/2428/2447
f 3912/2516/2535 3936/2481/2500 3814/2383/2402
f 5208/4033/4074 5169/3976/4016 5199/4034/4075
f 5209/4035/4076 5197/4018/4059 5206/4025/4066
f 3980/2507/2526 3959/2496/2515 3964/4036/4077
f 5208/4033/4074 5200/4027/4068 5169/3976/4016
f 5192/4004/4044 5204/4032/4073 5193/4007/4048
f 3771/2363/2382 3993/4037/4078 5185/3997/4037
f 5208/4033/4074 5207/4038/4079 5200/4027/4068
f 5205/4039/4080 5209/4035/4076 5206/4025/4066
f 3989/2525/2544 3771/2363/2382 3935/2523/2542
f 5204/4032/4073 5199/4034/4075 5169/3976/4016
f 5210/4040/4081 5209/4035/4076 5205/4039/4080
f 5175/3977/4017 5197/4018/4059 5209/4035/4076
f 3955/2489/2508 4006/4041/4082 3925/2468/2487
f 3912/2516/2535 4064/4042/4083 3936/2481/2500
f 4011/2569/2588 3724/2322/2340 3981/2518/2537
f 3907/4013/4054 4029/4043/4084 3961/4031/4072
f 4012/2566/2585 3883/2479/2498 3960/2498/2517
f 3989/2525/2544 4018/2557/2576 3771/2363/2382
f 3936/2481/2500 4019/2554/2573 3806/2379/2398
f 3992/2528/2547 4041/2564/2583 3868/2428/2447
f 3956/4002/4042 5215/4044/4085 5192/4004/4044
f 3970/2504/2523 3982/2503/2522 3990/4045/4086
f 5224/4046/4087 5182/3998/4038 5187/4012/4053
f 5192/4004/4044 5216/4047/4088 5204/4032/4073
f 5204/4032/4073 5213/4048/4089 5199/4034/4075
f 5214/4049/4090 5196/3993/4033 5182/3998/4038
f 5217/4050/4091 5209/4035/4076 5212/4051/4092
f 5220/4052/4093 5213/4048/4089 5204/4032/4073
f 5218/4053/4094 5199/4034/4075 5213/4048/4089
f 5209/4035/4076 5210/4040/4081 5212/4051/4092
f 5222/4054/4095 5223/2558/2577 4018/2557/2576
f 3982/2503/2522 4036/4055/4096 4014/4056/4097
f 3982/2503/2522 4014/4056/4097 3990/4045/4086
f 5175/3977/4017 5219/4057/4098 5187/4012/4053
f 5221/4058/4099 5209/4035/4076 5217/4050/4091
f 4026/4059/4100 3993/4037/4078 3771/2363/2382
f 3993/4037/4078 3956/4002/4042 5185/3997/4037
f 5219/4057/4098 5224/4046/4087 5187/4012/4053
f 5223/2558/2577 4026/4059/4100 3771/2363/2382
f 4046/4060/4101 5223/2558/2577 4035/4061/4102
f 5192/4004/4044 5215/4044/4085 5216/4047/4088
f 5227/4062/4103 5221/4058/4099 5225/4063/4104
f 5227/4062/4103 5209/4035/4076 5221/4058/4099
f 5232/4064/4105 3907/4013/4054 5198/4020/4061
f 5223/2558/2577 4046/4060/4101 4026/4059/4100
f 3982/2503/2522 4049/4065/4106 4047/4066/4107
f 3982/2503/2522 4047/4066/4107 4036/4055/4096
f 5251/4067/4108 5198/4020/4061 5196/3993/4033
f 5228/4068/4109 5220/4052/4093 5204/4032/4073
f 5251/4067/4108 5196/3993/4033 5214/4049/4090
f 4048/4069/4110 4026/4059/4100 4046/4060/4101
f 5209/4035/4076 5219/4057/4098 5175/3977/4017
f 5229/4070/4111 5227/4062/4103 5226/4071/4112
f 5224/4046/4087 5214/4049/4090 5182/3998/4038
f 4055/2588/2607 3912/2516/2535 3950/2515/2534
f 4067/2592/2611 5231/4072/4113 4049/4065/4106
f 4065/2627/2646 4044/2571/2590 4023/2573/2592
f 5235/4073/4114 5228/4068/4109 5204/4032/4073
f 5251/4067/4108 5232/4064/4105 5198/4020/4061
f 3993/4037/4078 5233/4074/4115 3956/4002/4042
f 4026/4059/4100 4075/4075/4116 3993/4037/4078
f 4066/4076/4117 4075/4075/4116 4026/4059/4100
f 4040/2553/2572 3924/2467/2486 3874/2434/2453
f 5248/2593/2612 4067/2592/2611 4049/4065/4106
f 5233/4074/4115 5215/4044/4085 3956/4002/4042
f 5236/4077/4118 5204/4032/4073 5216/4047/4088
f 5230/4078/4119 5227/4062/4103 5229/4070/4111
f 5248/2593/2612 4049/4065/4106 3982/2503/2522
f 3907/4013/4054 4181/2656/2675 4029/4043/4084
f 4181/2656/2675 4052/4079/4120 4029/4043/4084
f 5241/4080/4121 5235/4073/4114 5204/4032/4073
f 5209/4035/4076 5227/4062/4103 5230/4078/4119
f 5224/4046/4087 5238/4081/4122 5214/4049/4090
f 3912/2516/2535 4055/2588/2607 4064/4042/4083
f 4181/2656/2675 3907/4013/4054 5232/4064/4105
f 5239/4082/4123 5241/4080/4121 5204/4032/4073
f 5242/4083/4124 5230/4078/4119 5234/4084/4125
f 5243/4085/4126 5235/4073/4114 5241/4080/4121
f 4075/4075/4116 4086/4086/4127 3993/4037/4078
f 4071/2638/2657 3955/2489/2508 3924/2467/2486
f 4060/2589/2608 4082/2599/2618 4078/4087/4128
f 5236/4077/4118 5246/4088/4129 5204/4032/4073
f 5246/4088/4129 5239/4082/4123 5204/4032/4073
f 5244/4089/4130 4086/4086/4127 4075/4075/4116
f 4073/4090/4131 4052/4079/4120 4181/2656/2675
f 5240/4091/4132 5230/4078/4119 5242/4083/4124
f 5237/4092/4133 4109/4093/4134 3993/4037/4078
f 4073/4090/4131 4181/2656/2675 4095/4094/4135
f 5252/4095/4136 5240/4091/4132 5247/4096/4137
f 5248/2593/2612 5250/4097/4138 5245/2602/2621
f 5255/4098/4139 5224/4046/4087 5219/4057/4098
f 4111/4099/4140 4019/2554/2573 3936/2481/2500
f 4064/4042/4083 4111/4099/4140 3936/2481/2500
f 4088/2605/2624 4093/2630/2649 4041/2564/2583
f 5246/4088/4129 5253/4100/4141 5239/4082/4123
f 5230/4078/4119 5254/4101/4142 5209/4035/4076
f 4141/4102/4143 5248/2593/2612 3982/2503/2522
f 5237/4092/4133 3993/4037/4078 4086/4086/4127
f 5248/2593/2612 4098/4103/4144 5250/4097/4138
f 5256/4104/4145 5236/4077/4118 5216/4047/4088
f 5258/4105/4146 5252/4095/4136 5249/4106/4147
f 5258/4105/4146 5240/4091/4132 5252/4095/4136
f 5258/4105/4146 5230/4078/4119 5240/4091/4132
f 5255/4098/4139 5238/4081/4122 5224/4046/4087
f 3993/4037/4078 4109/4093/4134 5233/4074/4115
f 5248/2593/2612 5261/4107/4148 4098/4103/4144
f 5254/4101/4142 5219/4057/4098 5209/4035/4076
f 5258/4105/4146 5249/4106/4147 5257/4108/4149
f 5260/4109/4150 5237/4092/4133 4086/4086/4127
f 4019/2554/2573 4141/4102/4143 3982/2503/2522
f 5262/4110/4151 5216/4047/4088 5215/4044/4085
f 5259/4111/4152 5263/4112/4153 5257/4108/4149
f 5263/4112/4153 5258/4105/4146 5257/4108/4149
f 4069/2577/2596 4125/2620/2639 4090/2607/2626
f 4108/4113/4154 4095/4094/4135 4181/2656/2675
f 5216/4047/4088 5264/4114/4155 5256/4104/4145
f 5258/4105/4146 5254/4101/4142 5230/4078/4119
f 4111/4099/4140 4119/4115/4156 4019/2554/2573
f 5268/4116/4157 5264/4114/4155 5216/4047/4088
f 5248/2593/2612 5265/4117/4158 5261/4107/4148
f 5262/4110/4151 5266/4118/4159 5216/4047/4088
f 5266/4118/4159 5268/4116/4157 5216/4047/4088
f 5232/4064/4105 5251/4067/4108 5270/4119/4160
f 4093/2630/2649 4129/4120/4161 4142/2631/2650
f 5237/4092/4133 4134/4121/4162 4109/4093/4134
f 5248/2593/2612 4135/4122/4163 5265/4117/4158
f 4041/2564/2583 4142/2631/2650 4123/2695/2714
f 4108/4113/4154 4181/2656/2675 4138/2655/2674
f 5274/4123/4164 5267/4124/4165 5269/4125/4166
f 5215/4044/4085 5272/4126/4167 5262/4110/4151
f 4119/4115/4156 4141/4102/4143 4019/2554/2573
f 5275/4127/4168 5266/4118/4159 5262/4110/4151
f 5267/4124/4165 5258/4105/4146 5263/4112/4153
f 5278/4128/4169 5277/4129/4170 4134/4121/4162
f 5215/4044/4085 5276/4130/4171 5271/4131/4172
f 5271/4131/4172 5272/4126/4167 5215/4044/4085
f 5258/4105/4146 5267/4124/4165 5274/4123/4164
f 5277/4129/4170 4109/4093/4134 4134/4121/4162
f 5248/2593/2612 5279/4132/4173 4135/4122/4163
f 4055/2588/2607 4196/4133/4174 4064/4042/4083
f 4041/2564/2583 4123/2695/2714 4055/2588/2607
f 5281/4134/4175 5276/4130/4171 5215/4044/4085
f 5284/4135/4176 5272/4126/4167 5271/4131/4172
f 5233/4074/4115 5286/4136/4177 5215/4044/4085
f 4064/4042/4083 4196/4133/4174 4111/4099/4140
f 5283/4137/4178 5289/4138/4179 5280/4139/4180
f 5289/4138/4181 5274/4123/4182 5273/4140/4183
f 5293/4141/4184 5255/4098/4139 5219/4057/4098
f 5251/4067/4108 5214/4049/4090 5238/4081/4122
f 4142/2631/2650 4152/4142/4185 4123/2695/2714
f 5287/4143/4186 5286/4136/4177 5233/4074/4115
f 4161/4144/4187 5281/4134/4175 5215/4044/4085
f 5286/4136/4177 4158/4145/4188 5215/4044/4085
f 4158/4145/4188 4161/4144/4187 5215/4044/4085
f 5298/4146/4189 5286/4136/4177 5287/4143/4186
f 5248/2593/2612 5309/4147/4190 5279/4132/4173
f 5309/4147/4190 5292/4148/4191 5279/4132/4173
f 5258/4105/4146 5289/4138/4179 5283/4137/4178
f 5289/4138/4179 5258/4105/4146 5291/4149/4192
f 4152/4142/4185 4164/4150/4193 4123/2695/2714
f 5258/4105/4146 5283/4137/4178 5282/4151/4194
f 5327/4152/4195 5254/4101/4142 5258/4105/4146
f 5277/4129/4170 5307/4153/4196 4109/4093/4134
f 4141/4102/4143 4209/4154/4197 5248/2593/2612
f 5288/4155/4198 5258/4105/4146 5282/4151/4194
f 4159/4156/4199 5295/4157/4200 4160/4158/4201
f 5258/4105/4146 5274/4123/4164 5291/4149/4192
f 4109/4093/4134 5310/4159/4202 5233/4074/4115
f 5307/4153/4196 5306/4160/4203 4109/4093/4134
f 4191/2675/2694 4159/4156/4199 5300/2676/2695
f 5298/4146/4189 4179/4161/4204 5286/4136/4177
f 5233/4074/4115 4186/4162/4205 5287/4143/4186
f 5310/4159/4202 5315/4163/4206 5233/4074/4115
f 5319/4164/4207 5306/4160/4203 5307/4153/4196
f 4191/2675/2694 5295/4157/4200 4159/4156/4199
f 5320/4165/4208 5301/4166/4209 5304/4167/4210
f 5311/4168/4211 5315/4163/4206 5310/4159/4202
f 4191/2675/2694 5288/4155/4198 5295/4157/4200
f 5319/4169/4212 5311/4170/4213 4109/4093/4214
f 5309/4147/4190 5323/4171/4215 5308/4172/4216
f 5248/2593/2612 5323/4171/4215 5309/4147/4190
f 5270/4119/4160 5251/4067/4108 5238/4081/4122
f 4156/2654/2673 4181/2656/2675 4182/4173/4217
f 5304/4167/4210 4191/2675/2694 5320/4165/4208
f 5320/4165/4208 4191/2675/2694 4178/2674/2693
f 4212/2697/2716 4181/2656/2675 5232/4064/4105
f 4187/4174/4218 5316/4175/4219 5318/4176/4220
f 5322/4177/4221 4187/4174/4218 5318/4176/4220
f 5293/4141/4184 5219/4057/4098 5254/4101/4142
f 4196/4133/4174 4119/4115/4156 4111/4099/4140
f 4185/4178/4222 4191/2675/2694 5304/4167/4210
f 4191/2675/2694 5258/4105/4146 5288/4155/4198
f 4187/4174/4218 4185/4178/4222 5316/4175/4219
f 4226/4179/4223 5323/4171/4215 5248/2593/2612
f 4187/4174/4218 4191/2675/2694 4185/4178/4222
f 4164/4150/4193 4195/2693/2712 4123/2695/2714
f 4200/2696/2715 4182/4173/4217 4181/2656/2675
f 4119/4115/4156 4209/4154/4197 4141/4102/4143
f 4200/2696/2715 4181/2656/2675 4212/2697/2716
f 5326/4180/4224 5255/4098/4139 5293/4141/4184
f 5326/4180/4224 5238/4081/4122 5255/4098/4139
f 4223/4181/4225 4226/4179/4223 5248/2593/2612
f 4209/4154/4197 4223/4181/4225 5248/2593/2612
f 4234/4182/4226 4217/2698/2717 4212/2697/2716
f 5328/4183/4227 5232/4064/4105 5270/4119/4160
f 4225/4184/4228 4187/4174/4218 4208/4185/4229
f 4055/2588/2607 4256/2756/2775 4196/4133/4174
f 5232/4064/4105 5328/4183/4227 4212/2697/2716
f 4224/4186/4230 4187/4174/4218 4225/4184/4228
f 4119/4115/4156 5344/4187/4231 4209/4154/4197
f 4196/4133/4174 4244/4188/4232 4119/4115/4156
f 4209/4154/4197 4253/4189/4233 4223/4181/4225
f 5293/4141/4184 5254/4101/4142 5327/4152/4195
f 4251/2736/2755 4234/4182/4226 4212/2697/2716
f 4123/2695/2714 4256/2756/2775 4055/2588/2607
f 4119/4115/4156 4244/4188/4232 5344/4187/4231
f 4191/2675/2694 5329/4190/4234 5258/4105/4146
f 5329/4190/4234 5327/4152/4195 5258/4105/4146
f 4224/4186/4230 4252/4191/4235 4187/4174/4218
f 4252/4191/4235 4289/4192/4236 4187/4174/4218
f 5332/4193/4237 4253/4189/4233 4209/4154/4197
f 5331/4194/4238 5270/4119/4160 5238/4081/4122
f 4209/4154/4197 5337/4195/4239 5332/4193/4237
f 4289/4192/4236 4191/2675/2694 4187/4174/4218
f 5335/4196/4240 5337/4195/4239 4209/4154/4197
f 5333/4197/4241 5293/4141/4184 5327/4152/4195
f 5293/4141/4184 5333/4197/4241 5326/4180/4224
f 4232/2694/2713 4303/2755/2774 4123/2695/2714
f 5328/4183/4227 4265/2737/2756 4212/2697/2716
f 4232/2694/2713 4270/4198/4242 4303/2755/2774
f 5329/4190/4234 5334/4199/4243 5327/4152/4195
f 5330/4200/4244 4289/4192/4236 4252/4191/4235
f 5336/4201/4245 4289/4192/4236 5330/4200/4244
f 5335/4196/4240 4290/4202/4246 5337/4195/4239
f 4266/2731/2750 4306/2721/2740 4285/4203/4247
f 5331/4194/4238 5238/4081/4122 5326/4180/4224
f 4196/4133/4174 4256/2756/2775 4244/4188/4232
f 4288/4204/4248 4265/2737/2756 5328/4183/4227
f 5328/4183/4227 5270/4119/4160 5331/4194/4238
f 4312/4205/4249 4290/4202/4246 5335/4196/4240
f 4289/4192/4236 5339/4206/4250 4191/2675/2694
f 4209/4154/4197 5340/4207/4251 5335/4196/4240
f 4305/4208/4252 4288/4204/4248 5328/4183/4227
f 5334/4199/4243 5333/4197/4241 5327/4152/4195
f 4316/4209/4253 4314/4210/4254 4312/4211/4255
f 4313/4212/4256 4289/4192/4236 4297/4213/4257
f 5341/4214/4258 4314/4210/4254 4316/4209/4253
f 5341/4214/4258 4316/4209/4253 5335/4196/4240
f 5340/4207/4251 5341/4214/4258 5335/4196/4240
f 5342/4215/4259 5343/4216/4260 4313/4212/4256
f 4305/4208/4252 5328/4183/4227 4333/4217/4261
f 5339/4206/4250 5329/4190/4234 4191/2675/2694
f 5344/4187/4231 5340/4207/4251 4209/4154/4197
f 4333/4217/4261 5328/4183/4227 5350/2797/2816
f 5349/4218/4262 5331/4194/4238 5326/4180/4224
f 4256/2756/2775 5352/4219/4263 4244/4188/4232
f 4349/4220/4264 4313/4212/4256 5343/4216/4260
f 4313/4212/4256 5353/4221/4265 4289/4192/4236
f 4349/4220/4264 5353/4221/4265 4313/4212/4256
f 5351/4222/4266 5354/4223/4267 4349/4220/4264
f 5340/4207/4251 5355/4224/4268 5348/4225/4269
f 5344/4187/4231 5356/4226/4270 5340/4207/4251
f 5365/4227/4271 5328/4183/4227 5331/4194/4238
f 5356/4226/4270 5355/4224/4268 5340/4207/4251
f 4303/2755/2774 4363/4228/4272 4256/2756/2775
f 4348/2796/2815 4333/4217/4261 5350/2797/2816
f 5354/4223/4267 5353/4221/4265 4349/4220/4264
f 5333/4197/4241 5349/4218/4262 5326/4180/4224
f 4244/4188/4232 5362/4229/4273 5344/4187/4231
f 4303/2755/2774 4324/4230/4274 4363/4228/4272
f 5353/4221/4265 5339/4206/4250 4289/4192/4236
f 5357/4231/4275 5353/4221/4265 5354/4223/4267
f 5358/4232/4276 5333/4197/4241 5334/4199/4243
f 5356/4226/4270 5359/4233/4277 5355/4224/4268
f 4324/4230/4274 4359/4234/4278 4363/4228/4272
f 5360/4235/4279 5334/4199/4243 5329/4190/4234
f 5361/4236/4280 5353/4221/4265 5357/4231/4275
f 4358/2805/2824 5350/2797/2816 4366/4237/4281
f 5362/4229/4273 5356/4226/4270 5344/4187/4231
f 4244/4188/4232 5352/4219/4263 5362/4229/4273
f 4362/4238/4282 4358/2805/2824 4366/4237/4281
f 5363/4239/4283 5353/4221/4265 5361/4236/4280
f 5362/4229/4273 5364/4240/4284 5356/4226/4270
f 5358/4232/4276 5349/4218/4262 5333/4197/4241
f 5360/4235/4279 5329/4190/4234 5339/4206/4250
f 4256/2756/2775 4363/4228/4272 5352/4219/4263
f 5362/4229/4273 5367/4241/4285 5364/4240/4284
f 5365/4227/4271 5350/2797/2816 5328/4183/4227
f 5366/4242/4286 5353/4221/4265 5363/4239/4283
f 5368/4243/4287 5367/4241/4285 5362/4229/4273
f 5365/4227/4271 5331/4194/4238 5349/4218/4262
f 4368/4244/4288 4366/4237/4281 4369/2821/2840
f 4366/4237/4281 5350/2797/2816 4369/2821/2840
f 4372/4245/4289 4368/4244/4288 4369/2821/2840
f 5369/4246/4290 5353/4221/4265 5366/4242/4286
f 5371/4247/4291 5353/4221/4265 5369/4246/4290
f 5362/4229/4273 5372/4248/4292 5368/4243/4287
f 4363/4228/4272 4359/4234/4278 4370/4249/4293
f 5360/4235/4279 5358/4232/4276 5334/4199/4243
f 5374/4250/4294 5372/4248/4292 5362/4229/4273
f 4369/2821/2840 5350/2797/2816 5365/4227/4271
f 5371/4247/4291 5420/4251/4295 5353/4221/4265
f 5370/4252/4296 5374/4250/4294 5362/4229/4273
f 5373/4253/4297 5420/4251/4295 5371/4247/4291
f 5362/4229/4273 5377/4254/4298 5370/4252/4296
f 5378/4255/4299 5377/4254/4298 5362/4229/4273
f 5352/4219/4263 5378/4255/4299 5362/4229/4273
f 4379/2820/2839 4373/4256/4300 4369/2821/2840
f 5353/4221/4265 5420/4251/4295 5339/4206/4250
f 5380/4257/4301 5420/4251/4295 5373/4253/4297
f 5377/4254/4298 5379/4258/4302 5374/4259/4303
f 5352/4219/4263 4419/4260/4304 5378/4255/4299
f 4378/4261/4305 4389/4262/4306 4370/4249/4293
f 4375/2811/2830 4384/2816/2835 4391/4263/4307
f 5382/4264/4308 5379/4258/4302 5377/4254/4298
f 5378/4255/4299 5382/4264/4308 5377/4254/4298
f 4370/4249/4293 4401/4265/4309 4363/4228/4272
f 4370/4249/4293 4389/4262/4306 4401/4265/4309
f 4399/2819/2838 4386/4266/4310 4379/2820/2839
f 4201/2686/2705 4385/2817/2836 4400/2822/2841
f 5352/4219/4263 4363/4228/4272 4445/4267/4311
f 4401/4265/4309 4414/4268/4312 4363/4228/4272
f 4389/4262/4306 4408/4269/4313 4401/4265/4309
f 4399/2819/2838 4369/2821/2840 4405/4270/4314
f 5381/4271/4315 5420/4251/4295 5380/4257/4301
f 5383/4272/4316 5420/4251/4295 5381/4271/4315
f 5384/4273/4317 4421/4274/4318 5383/4272/4316
f 5352/4219/4263 5385/4275/4319 4419/4260/4304
f 5386/4276/4320 4445/4267/4311 4363/4228/4272
f 4414/4268/4312 5387/4277/4321 4363/4228/4272
f 4394/4278/4322 4414/4268/4312 4401/4265/4309
f 4421/4274/4318 5420/4251/4295 5383/4272/4316
f 5365/4227/4271 5349/4218/4262 5358/4232/4276
f 4418/4279/4323 4421/4274/4318 5384/4273/4317
f 5352/4219/4263 5391/4280/4324 5385/4275/4319
f 5387/4277/4321 5386/4276/4320 4363/4228/4272
f 4398/4281/4325 4413/4282/4326 4425/4283/4327
f 4284/2754/2773 4417/2831/2850 4415/2814/2833
f 5390/4284/4328 5417/4285/4329 4418/4286/4330
f 5392/4287/4331 5391/4280/4324 5352/4219/4263
f 4445/4267/4311 5404/4288/4332 5352/4219/4263
f 4405/4270/4314 4369/2821/2840 4440/4289/4333
f 5417/4285/4329 5420/4251/4295 4421/4274/4318
f 5352/4219/4263 5404/4288/4332 5392/4287/4331
f 4413/4290/4334 4434/4291/4335 4446/4292/4336
f 4413/4290/4334 4446/4292/4336 4432/4293/4337
f 4424/2826/2845 4405/4270/4314 4440/4289/4333
f 5402/4294/4338 5417/4285/4329 5390/4284/4328
f 5387/4277/4321 5405/4295/4339 5386/4276/4320
f 4425/4296/4340 5413/4297/4341 5412/4298/4342
f 4442/2827/2846 4424/2826/2845 4440/4289/4333
f 5420/4251/4295 5360/4235/4279 5339/4206/4250
f 5403/4299/4343 5409/4300/4344 5402/4294/4338
f 5410/4301/4345 5418/4302/4346 5409/4300/4344
f 5412/4298/4342 5413/4297/4341 4461/4303/4347
f 4432/4293/4337 4461/4303/4347 5413/4297/4341
f 4446/4292/4336 4461/4303/4347 4432/4293/4337
f 4446/4292/4348 4436/4304/4349 4455/4305/4350
f 4453/4306/4351 4440/4289/4333 4460/4307/4352
f 4453/4306/4351 4442/2827/2846 4440/4289/4333
f 5365/4227/4271 5358/4232/4276 5419/4308/4353
f 5418/4302/4346 5402/4294/4338 5409/4300/4344
f 4444/4309/4354 5411/4310/4355 5418/4302/4346
f 5412/4298/4342 4461/4303/4347 5411/4310/4355
f 4440/4289/4333 4369/2821/2840 5365/4227/4271
f 4455/4305/4356 4458/2835/4357 4461/4303/4358
f 5419/4308/4353 5358/4232/4276 5360/4235/4279
f 4458/2835/2854 4459/2834/2853 4463/4311/4359
f 5421/4312/4360 5419/4308/4353 5360/4235/4279
f 5418/4302/4346 5417/4285/4329 5402/4294/4338
f 5411/4310/4355 4461/4303/4347 5418/4302/4346
f 4459/2834/2853 4461/4303/4347 4463/4311/4359
f 4460/4307/4352 4440/4289/4333 4468/4313/4361
f 4472/2838/2857 4417/2831/2850 4478/2843/2862
f 5420/4251/4295 5421/4312/4360 5360/4235/4279
f 4477/4314/4362 4468/4313/4361 4480/4315/4363
f 5365/4227/4271 5419/4308/4353 4490/4316/4364
f 4461/4303/4347 5422/2850/2869 5418/4302/4346
f 4461/4303/4347 4482/2851/2870 5422/2850/2869
f 4459/2834/2853 4482/2851/2870 4461/4303/4347
f 4459/2834/2853 4473/4317/4365 4482/2851/2870
f 4479/4318/4366 4482/2851/2870 4473/4317/4365
f 4480/4315/4363 4468/4313/4361 4484/4319/4367
f 4440/4289/4333 5365/4227/4271 4490/4316/4364
f 4490/4316/4364 4468/4313/4361 4440/4289/4333
f 4484/4319/4367 4468/4313/4361 4490/4316/4364
f 4487/4320/4368 4484/4319/4367 4490/4316/4364
f 5418/4302/4346 5422/2850/2869 5417/4285/4329
f 4483/4321/4369 4486/2849/2868 4482/2851/2870
f 4383/2815/2834 4471/2840/2859 4489/2847/2866
f 5417/4285/4329 5422/2850/2869 5420/4251/4295
f 4486/2849/2868 4492/2852/2871 5422/2850/2869
f 4487/4320/4368 4490/4316/4364 4495/4322/4370
f 5420/4251/4295 5422/2850/2869 5421/4312/4360
f 4490/4316/4364 5419/4308/4353 5421/4312/4360
f 4495/4322/4370 4490/4316/4364 4493/2853/2872
f 4493/2853/2872 4490/4316/4364 5422/2850/2869
f 5422/2850/2869 4490/4316/4364 5421/4312/4360
l 37 49
l 36 38
l 45 62
l 70 74
l 72 77
l 129 124
l 232 226
l 242 237
l 286 296
l 319 321
l 326 320
l 356 362
l 417 430
l 532 543
l 584 597
l 629 630
l 687 688
l 714 719
l 770 781
l 936 946
l 1336 1343
l 1344 1346
l 1360 1362
l 1356 1363
l 1385 1407
l 1411 1425
l 1415 1416
l 1429 1440
l 1436 1470
l 1873 1892
l 1887 1911
l 1925 1941
l 1961 1964
l 1970 1981
l 2230 2259
l 2320 2327
l 2363 2365
l 2445 2462
l 2455 2467
l 2439 2468
l 2513 2525
l 2849 2863
l 3033 3066
l 3073 3097
l 3087 3121
l 3142 3149
l 3519 3525
l 3593 3595
l 3810 3816
l 4163 4173
l 4238 4240
l 372 4506
l 406 410
l 4522 4525
l 526 544
l 776 4541
l 1118 1133
l 1444 1434
l 1534 1541
l 1562 1568
l 1588 1596
l 1650 1662
l 1740 1755
l 1823 1832
l 1834 1836
l 1862 1869
l 2328 4638
l 2356 2367
l 4682 4684
l 2606 2579
l 2673 2677
l 2703 2713
l 2719 2733
l 4739 4757
l 4747 4766
l 4772 4776
l 2748 2763
l 2874 2885
l 4832 4876
l 4864 4901
l 3165 3174
l 3342 3351
l 3393 3402
l 4999 5005
l 3430 3447
l 3499 3496
l 3542 3545
l 5038 5043
l 5131 5136
l 3888 3896
l 5207 5211
l 5294 5297
l 5303 5314
l 5341 5346
l 5375 5376
l 4406 4409
l 4431 5399
l 4439 5416
l 61 63
l 86 88
l 71 92
l 73 91
l 104 108
l 100 105
l 177 179
l 199 201
l 251 253
l 299 295
l 734 735
l 741 749
l 810 820
l 805 821
l 813 848
l 876 887
l 1265 1280
l 1313 1321
l 1383 1384
l 1426 1428
l 1452 1453
l 1500 1518
l 1555 1560
l 1557 1592
l 1732 1739
l 1737 1751
l 1886 1901
l 1956 1969
l 1982 1996
l 1999 2007
l 2071 2095
l 2109 2116
l 2180 2187
l 2252 2253
l 2288 2295
l 2440 2469
l 2514 2526
l 2515 2521
l 2628 2640
l 2648 2664
l 2876 2909
l 2924 2940
l 2937 2950
l 3034 3072
l 3088 3110
l 3122 3148
l 3154 3162
l 3152 3169
l 3308 3310
l 3393 3409
l 3840 3863
l 4114 4118
l 4248 4260
l 4325 4326
l 4425 4432
l 4451 4453
l 4468 4474
l 249 265
l 346 347
l 4499 4500
l 4515 4518
l 585 592
l 934 956
l 1119 1134
l 1136 1149
l 1646 1648
l 1793 1808
l 2118 2154
l 2316 4600
l 2321 4604
l 2285 2356
l 4628 4647
l 2653 2657
l 2680 2698
l 2710 2698
l 4731 4738
l 4737 4751
l 4744 4760
l 4748 4768
l 4758 4773
l 2828 2830
l 2865 2869
l 2906 2932
l 2929 4844
l 4894 4923
l 4933 4937
l 3166 3175
l 3209 3216
l 4960 4964
l 3287 3295
l 3411 3421
l 3471 3473
l 3493 3510
l 3579 5046
l 5144 5146
l 5142 5147
l 3681 3685
l 5177 5179
l 4178 5301
l 4374 4376
l 46 48
l 50 69
l 178 173
l 200 192
l 266 252
l 262 264
l 682 683
l 700 701
l 762 764
l 884 895
l 942 944
l 935 955
l 975 978
l 1213 1227
l 1317 1327
l 1418 1419
l 1510 1519
l 1558 1559
l 1615 1641
l 1772 1777
l 1768 1786
l 1947 1949
l 1950 1954
l 1962 1974
l 2091 2106
l 2193 2199
l 2245 5423
l 2333 2352
l 2419 2435
l 2520 2532
l 2629 2650
l 2649 2655
l 2927 2971
l 3123 3144
l 3174 3158
l 3412 3422
l 3554 3555
l 3841 3846
l 3848 3862
l 4011 4023
l 4148 4162
l 4317 4329
l 4382 4393
l 4452 4454
l 778 775
l 1324 1329
l 1579 1595
l 1640 1651
l 1794 1809
l 2317 4603
l 4614 4619
l 2322 2329
l 4629 4643
l 4683 4689
l 4734 4743
l 4750 4762
l 4745 4765
l 4752 4764
l 4769 4777
l 2750 2765
l 2798 4799
l 2807 2843
l 2897 2903
l 2930 4845
l 2961 2962
l 4895 4897
l 3010 3016
l 3004 3049
l 3052 3081
l 3210 3213
l 3244 3249
l 3284 3288
l 3337 3319
l 3437 3446
l 3494 3511
l 3583 3594
l 5048 5056
l 5084 5086
l 5097 5102
l 5159 5162
l 5305 5317
l 5302 5321
l 4395 4402
l 4426 5400
l 5406 5414
l 4448 4456
l 47 64
l 66 87
l 102 117
l 138 140
l 163 172
l 210 204
l 218 233
l 276 278
l 397 398
l 512 518
l 620 635
l 633 647
l 693 695
l 707 712
l 732 740
l 779 792
l 769 782
l 803 822
l 863 866
l 909 939
l 1003 1019
l 1325 1330
l 1433 1439
l 1457 1462
l 1535 1549
l 1769 1780
l 1948 1958
l 2032 2051
l 2190 2210
l 2221 2226
l 2383 2386
l 2610 2634
l 2636 2643
l 2689 2705
l 2792 2800
l 2898 2915
l 2899 2952
l 3037 3065
l 3096 3119
l 3120 3124
l 3125 3133
l 3277 3289
l 3541 3544
l 3801 3807
l 3842 3845
l 3905 3914
l 4227 4222
l 4239 4245
l 4307 4320
l 359 4496
l 365 4497
l 1214 1216
l 1441 1442
l 1501 1515
l 1570 1585
l 1655 1659
l 1824 1825
l 2238 4589
l 2262 2337
l 4630 4635
l 2470 2474
l 2493 2511
l 2533 2553
l 4675 4679
l 2539 2547
l 4770 4778
l 2829 2838
l 4806 4797
l 2866 2873
l 2870 2878
l 4809 4817
l 2931 2945
l 2949 2952
l 4841 4846
l 4868 4910
l 3011 3039
l 4896 4916
l 3025 3050
l 4886 4921
l 3067 3069
l 3102 3104
l 3090 3114
l 3101 3171
l 3245 3253
l 3265 3286
l 3296 3303
l 3429 3435
l 3589 5058
l 5101 5103
l 3682 3683
l 5160 5164
l 3812 3815
l 3887 5190
l 5285 5290
l 5296 5299
l 5324 5325
l 4411 4414
l 4420 4422
l 4427 5394
l 4433 5408
l 4447 4457
l 53 55
l 97 98
l 139 134
l 164 175
l 202 198
l 211 213
l 263 271
l 429 431
l 481 494
l 641 644
l 788 797
l 839 849
l 974 977
l 1127 1128
l 1314 1328
l 1312 1322
l 1326 1337
l 1427 1438
l 1478 1505
l 1496 1506
l 1571 1578
l 1572 1587
l 1657 1658
l 1764 1776
l 1923 1945
l 1963 1971
l 1997 2000
l 2012 2031
l 2033 2034
l 2038 2067
l 2092 2094
l 2303 2310
l 2354 2338
l 2421 2450
l 2755 2771
l 2823 2841
l 2879 2891
l 3022 3045
l 3057 3077
l 3111 3127
l 3126 3153
l 3202 3196
l 3278 3290
l 3353 3354
l 3706 3719
l 3754 3764
l 3947 3969
l 4204 4207
l 4331 4336
l 366 4503
l 394 4507
l 4505 4508
l 495 505
l 631 640
l 844 870
l 910 940
l 1170 1176
l 1266 1291
l 1470 1469
l 1731 1756
l 1920 1990
l 2043 2042
l 2360 4621
l 4626 4636
l 2324 4637
l 2574 2576
l 2590 2592
l 2625 2632
l 4755 4763
l 2801 2805
l 2904 2960
l 4826 4843
l 4842 4854
l 4791 4918
l 3091 3115
l 3074 3145
l 3254 3264
l 3263 3266
l 3293 3297
l 4976 4981
l 3514 3522
l 3536 3538
l 3522 3534
l 3584 5055
l 5049 5050
l 3590 3599
l 5089 5098
l 5093 5096
l 3744 3755
l 5322 4208
l 4315 5338
l 5345 5343
l 4375 4380
l 4388 4390
l 4396 4397
l 4394 4408
l 5396 5401
l 4428 5407
l 51 67
l 68 54
l 106 109
l 203 207
l 212 209
l 231 253
l 430 435
l 460 465
l 466 478
l 638 642
l 645 653
l 694 699
l 713 715
l 704 718
l 725 733
l 771 783
l 789 791
l 782 814
l 877 885
l 1259 1271
l 1430 1432
l 1521 1537
l 1538 1536
l 1612 1614
l 1635 1656
l 1752 1758
l 1843 1857
l 1876 1877
l 1902 1913
l 1924 1944
l 1932 1939
l 1959 1972
l 1973 1995
l 1980 1992
l 2039 2059
l 2071 2072
l 2066 2090
l 2114 2160
l 2229 2260
l 2280 2289
l 2355 2357
l 2346 2366
l 2436 2443
l 2721 2729
l 2767 2769
l 2900 2939
l 3013 3035
l 3023 3044
l 2984 3078
l 3112 3143
l 3443 3444
l 3563 3596
l 3739 3743
l 3752 3758
l 4024 4028
l 4043 4053
l 4205 4211
l 4230 4231
l 4442 4451
l 4462 4464
l 367 4498
l 364 4502
l 952 966
l 1027 1040
l 1599 1611
l 1645 1676
l 1833 1835
l 1860 1868
l 2130 4577
l 2267 4615
l 2325 4601
l 2330 4620
l 2385 2387
l 4664 4672
l 4676 4678
l 2612 2621
l 4754 4767
l 2759 2768
l 2831 2862
l 2839 2848
l 2905 2944
l 4829 4834
l 2963 3003
l 2948 3009
l 3105 3135
l 3178 3190
l 3251 3255
l 3335 3352
l 3400 3401
l 3472 3477
l 3585 5047
l 3630 3631
l 3695 3712
l 5312 5313
l 4261 4271
l 4403 4407
l 4410 4412
l 5388 5393
l 4429 5398
l 4474 4477
l 28 42
l 82 84
l 116 118
l 215 222
l 283 290
l 389 390
l 750 753
l 763 772
l 795 801
l 799 806
l 883 896
l 930 889
l 937 947
l 1130 1126
l 1689 1693
l 1871 1890
l 1921 1933
l 2006 2014
l 2040 2060
l 2107 2108
l 2139 2153
l 2150 2157
l 2191 2192
l 2241 2247
l 2256 2298
l 2417 2422
l 2615 2636
l 2714 2720
l 3024 3036
l 3092 3098
l 3094 3109
l 3307 3315
l 3467 3490
l 3565 3567
l 3557 3573
l 3756 3763
l 4105 4115
l 4192 4203
l 341 396
l 1517 1525
l 1561 1569
l 1665 1677
l 1725 1733
l 2326 4625
l 2343 4617
l 2331 2362
l 2575 2599
l 2671 2678
l 2701 2711
l 2681 2718
l 4756 4759
l 4781 4783
l 2747 2749
l 2844 2846
l 2872 2890
l 2985 2986
l 3191 3192
l 3327 3343
l 3375 3377
l 3376 3379
l 3464 3474
l 3462 3465
l 3532 3537
l 5087 5092
l 5094 5077
l 3897 3901
l 4186 5315
l 4381 4387
l 4392 4404
l 5389 5395
l 4430 5397
l 4449 4465
l 89 101
l 128 131
l 135 127
l 216 230
l 224 233
l 241 243
l 305 306
l 636 637
l 675 686
l 706 708
l 720 722
l 721 726
l 718 730
l 742 743
l 731 739
l 751 752
l 780 790
l 796 800
l 847 864
l 914 913
l 1335 1338
l 1342 1359
l 1526 1533
l 1587 1598
l 1589 1601
l 1594 1610
l 1631 1633
l 1644 1664
l 1690 1694
l 1814 1840
l 1885 1888
l 1938 1940
l 1942 1951
l 1952 1960
l 1998 2008
l 2013 2016
l 2035 2044
l 2050 2070
l 2093 2101
l 2175 2199
l 2239 2250
l 2242 2263
l 2442 2456
l 2444 2457
l 2502 2513
l 2756 2773
l 2875 2893
l 3046 3058
l 2959 3076
l 3095 3108
l 3141 3151
l 3407 3408
l 3429 3445
l 3520 3524
l 3547 3549
l 4006 4017
l 4083 4088
l 4301 4296
l 4372 4373
l 4469 4475
l 979 999
l 1111 1114
l 1188 1203
l 1355 1360
l 1421 1435
l 1443 1451
l 1602 1603
l 1763 1794
l 4585 4588
l 4583 4618
l 2344 4642
l 4746 4753
l 2730 2735
l 4775 4779
l 2821 2832
l 4805 4813
l 4827 4835
l 4831 4853
l 4914 4922
l 3301 3309
l 3328 3334
l 3330 3336
l 3427 3434
l 3455 3472
l 3420 3492
l 3525 3531
l 3529 3530
l 3566 3568
l 3578 5045
l 5088 5095
l 5174 5178
l 3898 5191
l 5347 5340
l 4394 4411
l 4438 5415
