v -0.00012153 0.40990674 1.00892007
v -0.01003048 0.40990674 1.00892007
v -0.00012153 0.38994575 1.00778353
v -0.00012153 0.42994955 1.00783288
v -0.03003711 0.40990674 1.00842595
v -0.03003711 0.38994575 1.00733876
v -0.01003048 0.38994575 1.00778353
v -0.01003048 0.42994955 1.00783288
v -0.03003711 0.42994955 1.00743759
v -0.00012153 0.36990294 1.00595522
v -0.00012153 0.44508392 1.00323737
v -0.05004373 0.40990674 1.00753641
v -0.05004373 0.42994955 1.00659752
v -0.05004373 0.38994575 1.00644934
v -0.05004373 0.36990294 1.00467038
v -0.03003711 0.36990294 1.00551045
v -0.01003048 0.36990294 1.00595522
v -0.01003048 0.44508392 1.00323737
v -0.03003711 0.44483849 1.00299025
v -0.05004373 0.44426584 1.00259495
v -0.00012153 0.34994194 1.00373149
v -0.00012153 0.45506442 0.99290967
v -0.07005036 0.40990674 1.00625169
v -0.07005036 0.38994575 1.00521398
v -0.07005036 0.42994955 1.00536215
v -0.07005036 0.44336596 1.00200200
v -0.09005699 0.44205704 1.00121140
v -0.07005036 0.36990294 1.00348449
v -0.05004373 0.34994194 1.00244677
v -0.03003711 0.34994194 1.00328684
v -0.01003048 0.34994194 1.00373149
v -0.01003048 0.45506442 0.99290967
v -0.03003711 0.45481899 0.99286032
v -0.05004373 0.45424634 0.99256378
v -0.07005036 0.45334646 0.99206966
v -0.00012153 0.32539973 1.00056899
v -0.00012153 0.45809129 0.98796821
v -0.01003048 0.46119997 0.98292792
v -0.09005699 0.40990674 1.00462103
v -0.09005699 0.38994575 1.00358331
v -0.10444854 0.44082993 1.00047016
v -0.09005699 0.42994955 1.00363266
v -0.09005699 0.45203754 0.99147666
v -0.12313397 0.46013647 0.98021013
v -0.15002967 0.44909248 0.98747408
v -0.09194440 0.36802137 1.00150788
v -0.08651808 0.35476857 1.00056899
v -0.07047503 0.34887844 1.00111258
v -0.06405781 0.33791625 1.00022304
v -0.05004373 0.33505300 1.00061834
v -0.03003711 0.33210793 1.00101376
v -0.01003048 0.33055359 1.00121140
v -0.03003711 0.46119997 0.98287851
v -0.05004373 0.46111816 0.98258203
v -0.07005036 0.46095455 0.98208785
v -0.09005699 0.46070912 0.98149490
v -0.11006361 0.46038190 0.98080313
v -0.01003048 0.32049128 0.99987715
v -0.00012153 0.32049128 0.99987715
v -0.00012153 0.46119997 0.98287851
v -0.03003711 0.46226346 0.96993184
v -0.05004373 0.46226346 0.96993184
v -0.11006361 0.40990674 1.00249612
v -0.12303960 0.39452696 1.00032187
v -0.12445517 0.42463207 1.00051951
v -0.11157355 0.38863683 1.00121140
v -0.11926477 0.38119236 0.99987715
v -0.10591128 0.37342066 1.00061834
v -0.11780202 0.43796667 0.99967951
v -0.16998911 0.44786537 0.98589283
v -0.18999574 0.44614741 0.98421270
v -0.21000236 0.44377500 0.98233497
v -0.11067702 0.43068582 1.00140905
v -0.21000236 0.46111816 0.96247029
v -0.23000900 0.46046370 0.96098781
v -0.24105039 0.46005467 0.96009839
v -0.13644028 0.45964563 0.97887594
v -0.09982437 0.36008605 0.99992657
v -0.09194440 0.34887844 0.99938303
v -0.07741128 0.34151578 0.99972892
v -0.07047503 0.33071721 0.99879003
v -0.07005036 0.30993813 0.99587458
v -0.05004373 0.32499069 0.99923480
v -0.03003711 0.32204562 0.99967951
v -0.07005036 0.46218166 0.96993184
v -0.11006361 0.46185443 0.96993184
v -0.18999574 0.46136358 0.96385384
v -0.03003711 0.30993813 0.99785113
v -0.01003048 0.30993813 0.99824649
v -0.00012153 0.30993813 0.99824649
v -0.00012153 0.46169081 0.97650403
v -0.42993373 0.46291792 0.86991656
v -0.38992047 0.46283612 0.88997895
v -0.26992789 0.46259069 0.92990601
v -0.00012153 0.46218166 0.96993184
v -0.21000236 0.46242708 0.94991893
v -0.12558761 0.40990674 1.00066781
v -0.15002967 0.38994575 0.99622047
v -0.12983431 0.38863683 0.99898767
v -0.13554375 0.40990674 0.99938303
v -0.15002967 0.40990674 0.99730760
v -0.13068365 0.43068582 0.99888885
v -0.15002967 0.42994955 0.99626988
v -0.13002305 0.36990294 0.99735701
v -0.11157355 0.36802137 0.99943244
v -0.22425237 0.44156620 0.98085248
v -0.16998911 0.42994955 0.99315679
v -0.16998911 0.45784587 0.97536749
v -0.18999574 0.45620972 0.97383565
v -0.24855287 0.45138308 0.96637404
v -0.26851231 0.44835621 0.96454567
v -0.26992789 0.44729272 0.96518809
v -0.23000900 0.46209985 0.94991893
v -0.26851231 0.46160901 0.94552100
v -0.28993452 0.46119997 0.94265497
v -0.30385423 0.46046370 0.94102430
v -0.25426233 0.45899117 0.95762765
v -0.11006361 0.34994194 0.99760407
v -0.11006361 0.32989913 0.99508393
v -0.09005699 0.32989913 0.99710995
v -0.09005699 0.30993813 0.99424386
v -0.09005699 0.28989536 0.99108136
v -0.07005036 0.28989536 0.99266261
v -0.05004373 0.30993813 0.99706054
v -0.03003711 0.28989536 0.99468863
v -0.01003048 0.28989536 0.99508393
v -0.00012153 0.28989536 0.99513334
v -0.46989977 0.46250889 0.84990364
v -0.48212081 0.46201804 0.85005188
v -0.45045936 0.46185443 0.87075663
v -0.41049331 0.46185443 0.89096725
v -0.34995440 0.46250889 0.90994245
v -0.28993452 0.46259069 0.92990601
v -0.00012153 0.46160901 0.96335971
v -0.48212081 0.46152720 0.82984126
v -0.16998911 0.40990674 0.99409568
v -0.16998911 0.38994575 0.99295914
v -0.15002967 0.36990294 0.99439216
v -0.13002305 0.34994194 0.99513334
v -0.30187243 0.44107535 0.96059251
v -0.23760585 0.43493980 0.97937006
v -0.21000236 0.42994955 0.98589283
v -0.18999574 0.42994955 0.98964834
v -0.28993452 0.44377500 0.96237141
v -0.26992789 0.45727322 0.95510745
v -0.28993452 0.45375550 0.95268619
v -0.26992789 0.46160901 0.94517511
v -0.32994777 0.46160901 0.92555749
v -0.34995440 0.46095455 0.92229617
v -0.36198667 0.46030009 0.92061603
v -0.31716049 0.45940021 0.93825710
v -0.13002305 0.32989913 0.99261320
v -0.11006361 0.30993813 0.99221790
v -0.11006361 0.28989536 0.98905534
v -0.09005699 0.26993436 0.98762232
v -0.05004373 0.28989536 0.99384856
v -0.07005036 0.26993436 0.98920357
v -0.05004373 0.26993436 0.99038959
v -0.03003711 0.26993436 0.99118018
v -0.01003048 0.26993436 0.99162495
v -0.00012153 0.26993436 0.99167430
v -0.48216799 0.06418881 0.57639343
v -0.48216799 0.06418881 0.80434328
v -0.48212081 0.46054551 0.86131841
v -0.46989977 0.46128178 0.86448097
v -0.42993373 0.46144539 0.88498807
v -0.38992047 0.46136358 0.90401268
v -0.36915886 0.46160901 0.91033781
v -0.00012153 0.46095455 0.95654047
v -0.48212081 0.45997286 0.81971127
v -0.18999574 0.40990674 0.99053776
v -0.18999574 0.38994575 0.98940122
v -0.16998911 0.36990294 0.99113077
v -0.15002967 0.34994194 0.99216849
v -0.36047673 0.44025728 0.94008541
v -0.32994777 0.42994955 0.95258731
v -0.31442374 0.42994955 0.95802295
v -0.30446762 0.42994955 0.96143258
v -0.28993452 0.42994955 0.96587986
v -0.26992789 0.42994955 0.97161198
v -0.32994777 0.44745633 0.94561982
v -0.34995440 0.44312054 0.94206202
v -0.24831694 0.42888606 0.97734410
v -0.24072009 0.42160520 0.98011130
v -0.23057522 0.42888606 0.98164314
v -0.21000236 0.40990674 0.98663402
v -0.40417045 0.46062732 0.90149254
v -0.41747677 0.45940021 0.89828062
v -0.37529296 0.45866394 0.91720641
v -0.32994777 0.45751864 0.93553925
v -0.15002967 0.32989913 0.98964834
v -0.15002967 0.30993813 0.98683167
v -0.13002305 0.30993813 0.98974717
v -0.13002305 0.28989536 0.98658460
v -0.13002305 0.26993436 0.98317504
v -0.11006361 0.26993436 0.98559630
v -0.09005699 0.24997334 0.98386681
v -0.07005036 0.24997334 0.98544806
v -0.05004373 0.24997334 0.98663402
v -0.03003711 0.24997334 0.98742467
v -0.01003048 0.24997334 0.98786938
v -0.00012153 0.24997334 0.98786938
v -0.48212081 0.45948201 0.81783348
v -0.48212081 0.45653695 0.80992717
v -0.48212081 0.44704729 0.79016131
v -0.48212081 0.44050270 0.77914184
v -0.48212081 0.43027678 0.76881415
v -0.48212081 0.42045990 0.75947475
v -0.48216799 -0.02882617 0.50414920
v -0.47494861 0.06418881 0.80859298
v -0.48212081 0.07130605 0.80720937
v -0.48212081 0.08995813 0.81457216
v -0.48212081 0.09781164 0.81763583
v -0.48212081 0.10190201 0.81916773
v -0.48212081 0.11270057 0.82297266
v -0.48212081 0.11548202 0.82391155
v -0.48212081 0.13012555 0.82885301
v -0.48212081 0.15000474 0.83527690
v -0.48212081 0.15794006 0.83779705
v -0.48212081 0.16203043 0.83908182
v -0.48212081 0.17307441 0.84234321
v -0.48212081 0.17495598 0.84288675
v -0.48212081 0.19009034 0.84713638
v -0.48212081 0.20906965 0.85232496
v -0.48212081 0.21970461 0.85504276
v -0.48212081 0.22723089 0.85692054
v -0.48212081 0.23688416 0.85929239
v -0.48212081 0.24997334 0.86235613
v -0.48212081 0.27017975 0.86665523
v -0.48212081 0.28964990 0.87041074
v -0.48212081 0.30993813 0.87391919
v -0.48212081 0.32351816 0.87604398
v -0.48212081 0.32989913 0.87698287
v -0.48212081 0.34257928 0.87881124
v -0.48212081 0.36172220 0.88113368
v -0.48212081 0.36990294 0.88207257
v -0.48212081 0.38994575 0.88399976
v -0.48212081 0.40990674 0.88528454
v -0.48212081 0.42994955 0.88454330
v -0.48212081 0.44246608 0.88167727
v -0.48212081 0.45261019 0.87130016
v -0.48216799 0.05674434 0.80132902
v -0.46989977 0.45620972 0.87446272
v -0.45739561 0.45931840 0.87807000
v -0.44408935 0.46070912 0.88172668
v -0.00012153 0.45768225 0.94655871
v -0.21000236 0.38994575 0.98549747
v -0.18999574 0.36990294 0.98752350
v -0.16998911 0.34994194 0.98890710
v -0.40624660 0.42994955 0.92274088
v -0.38992047 0.42994955 0.92960954
v -0.37213153 0.42994955 0.93682402
v -0.36212823 0.42994955 0.94082665
v -0.34995440 0.42994955 0.94532335
v -0.38992047 0.44582018 0.92417389
v -0.40327394 0.44230247 0.92140669
v -0.34995440 0.40990674 0.94611400
v -0.32994777 0.40990674 0.95327914
v -0.31527311 0.40990674 0.95836884
v -0.30526978 0.40990674 0.96172905
v -0.28993452 0.40990674 0.96647286
v -0.26992789 0.40990674 0.97220492
v -0.26851231 0.40990674 0.97260028
v -0.24072009 0.41587868 0.98011130
v -0.23175485 0.40941590 0.98189020
v -0.23954046 0.40254408 0.97986424
v -0.42993373 0.45670056 0.89501923
v -0.42993373 0.44672006 0.90524805
v -0.38992047 0.45588249 0.91404390
v -0.16998911 0.32989913 0.98638695
v -0.16998911 0.30993813 0.98347151
v -0.18060584 0.29922137 0.98006189
v -0.15002967 0.28989536 0.98371857
v -0.14814225 0.27132505 0.98080313
v -0.14016792 0.25987202 0.97996306
v -0.13002305 0.25635433 0.98065484
v -0.11652801 0.24203803 0.97956777
v -0.10992205 0.24923708 0.98169255
v -0.10322171 0.23827489 0.98025954
v -0.09005699 0.23532982 0.98090196
v -0.07005036 0.23164849 0.98169255
v -0.05202551 0.22796716 0.98203850
v -0.03003711 0.23001234 0.98337269
v -0.01003048 0.23001234 0.98376799
v -0.00012153 0.23991103 0.98584342
v -0.00012153 0.45326465 0.93835592
v -0.00012153 0.44868344 0.92990601
v -0.00012153 0.44099355 0.91878772
v -0.00012153 0.42994955 0.90920126
v -0.00012153 0.42471388 0.90480334
v -0.00012153 0.41931459 0.90030658
v -0.48212081 0.41784206 0.75744879
v -0.48212081 0.39485419 0.74297029
v -0.00012153 -0.19718574 0.50414920
v -0.48216799 -0.27612984 0.50414920
v -0.48212081 0.40925229 0.75176609
v -0.45734847 0.06345254 0.81847590
v -0.46919200 0.07016075 0.81432509
v -0.46206701 0.07686895 0.82114428
v -0.47980872 0.10018405 0.81985950
v -0.47183436 0.10811936 0.82717288
v -0.45876402 0.12186300 0.83932889
v -0.46961665 0.12914386 0.83562279
v -0.46272761 0.13519761 0.84150314
v -0.47693041 0.15000474 0.83824176
v -0.47976154 0.16023067 0.83987248
v -0.47183436 0.16816598 0.84659284
v -0.45786750 0.18387298 0.85884768
v -0.46876734 0.19033577 0.85464746
v -0.46131203 0.19720758 0.86067605
v -0.46437907 0.20996954 0.86235613
v -0.47777975 0.22485848 0.85874885
v -0.47065473 0.23091222 0.86418450
v -0.48070526 0.23819308 0.86037958
v -0.46989977 0.24997334 0.86902714
v -0.45791468 0.26510769 0.87891006
v -0.46046269 0.27836049 0.88024426
v -0.47249496 0.28989536 0.87579691
v -0.46244448 0.28989536 0.88133138
v -0.47556204 0.30993813 0.87752640
v -0.46555871 0.30993813 0.88296205
v -0.46834266 0.32989913 0.88449389
v -0.47834599 0.32989913 0.87905830
v -0.47976154 0.34061590 0.87989831
v -0.48127145 0.35395050 0.88068897
v -0.46989977 0.36990294 0.88869417
v -0.46989977 0.38994575 0.89062130
v -0.46989977 0.40990674 0.89195549
v -0.46989977 0.42994955 0.89121431
v -0.44371188 0.44287512 0.90188789
v -0.46989977 0.44622922 0.88498807
v -0.45673501 0.42994955 0.89823115
v -0.48216799 0.04619119 0.79653579
v -0.47726071 0.04357335 0.79831469
v -0.47032446 0.05003613 0.80528218
v -0.22755535 0.38994575 0.98169255
v -0.22345021 0.36990294 0.98075366
v -0.21000236 0.36990294 0.98357034
v -0.18999574 0.34994194 0.98525041
v -0.41620272 0.42994955 0.91824412
v -0.41695771 0.40990674 0.91859001
v -0.40695441 0.40990674 0.92308676
v -0.38992047 0.40990674 0.93035072
v -0.37312245 0.40990674 0.93721938
v -0.36311913 0.40990674 0.94117254
v -0.42993373 0.42994955 0.91177082
v -0.36170357 0.38994575 0.94057953
v -0.34995440 0.38994575 0.94497746
v -0.32994777 0.38994575 0.95209318
v -0.31333849 0.38994575 0.95772648
v -0.30333516 0.38994575 0.96103722
v -0.28993452 0.38994575 0.96513867
v -0.26992789 0.38994575 0.97101903
v -0.24831694 0.40941590 0.97788763
v -0.24992125 0.38994575 0.97630638
v -0.23755866 0.38994575 0.97932065
v -0.19150567 0.32859021 0.98228556
v -0.18485254 0.30993813 0.98085248
v -0.19485584 0.30993813 0.97897476
v -0.18839145 0.29153150 0.97734410
v -0.17437737 0.28588676 0.97897476
v -0.16107106 0.27893317 0.98016071
v -0.15352139 0.26559854 0.97892535
v -0.14814225 0.25193673 0.97719586
v -0.15002967 0.23001234 0.97250146
v -0.13002305 0.24637382 0.97872770
v -0.13002305 0.23001234 0.97531807
v -0.13002305 0.20996954 0.97101903
v -0.11006361 0.20996954 0.97344029
v -0.10992205 0.23099403 0.97798645
v -0.09005699 0.22534932 0.97882652
v -0.07005036 0.22166799 0.97961712
v -0.06004705 0.22003184 0.97991365
v -0.04669356 0.21847750 0.98025954
v -0.03003711 0.21708678 0.98055601
v -0.01003048 0.21618690 0.98080313
v -0.00012153 0.23001234 0.98376799
v -0.00012153 -0.37266254 0.50414920
v -0.47683603 -0.27899310 0.50414920
v -0.48216799 -0.27220309 0.51156139
v -0.45664066 0.06418881 0.81916773
v -0.45041218 0.04880902 0.81610399
v -0.44404215 0.05469915 0.82213259
v -0.43635094 0.08480427 0.83814293
v -0.44866633 0.09093982 0.83379447
v -0.46640807 0.08995813 0.82361501
v -0.45036501 0.07016075 0.82489979
v -0.45498919 0.11000093 0.83725345
v -0.45126152 0.12914386 0.84565395
v -0.44498587 0.11000093 0.84263968
v -0.46692711 0.15000474 0.84382564
v -0.44843042 0.15115005 0.85410386
v -0.45399827 0.16996574 0.85682166
v -0.45069531 0.19033577 0.86428332
v -0.44399497 0.16996574 0.86201024
v -0.44994032 0.20996954 0.86996597
v -0.44894946 0.22984873 0.87545103
v -0.45470607 0.24997334 0.87722993
v -0.44470274 0.24997334 0.88231969
v -0.45069531 0.27099782 0.88375270
v -0.44994032 0.28989536 0.88770586
v -0.44994032 0.30993813 0.89111549
v -0.44824165 0.33079901 0.89516747
v -0.45196933 0.34994194 0.89580989
v -0.47183436 0.34830579 0.88508689
v -0.45428139 0.36990294 0.89704525
v -0.45621598 0.38994575 0.89798415
v -0.45744282 0.40990674 0.89862651
v -0.44677889 0.42994955 0.90346915
v -0.48216799 0.03866491 0.79302734
v -0.48216799 0.03007513 0.78897536
v -0.47032446 0.02901164 0.79564631
v -0.46390724 0.03498358 0.80226791
v -0.23345354 0.36990294 0.97843122
v -0.22071347 0.35853171 0.98011130
v -0.21014392 0.35108724 0.98139608
v -0.20358515 0.33439854 0.98070431
v -0.42993373 0.40990674 0.91246259
v -0.42993373 0.38994575 0.91107899
v -0.41544777 0.38994575 0.91789824
v -0.40549165 0.38994575 0.92244434
v -0.38992047 0.38994575 0.92906594
v -0.37170687 0.38994575 0.93662637
v -0.36047673 0.37783825 0.94013482
v -0.35118121 0.37063920 0.94290203
v -0.32994777 0.36990294 0.95036364
v -0.30880868 0.36924848 0.95738053
v -0.30140057 0.37538403 0.96039486
v -0.29149163 0.36924848 0.96276677
v -0.26992789 0.36990294 0.96909183
v -0.26851231 0.36990294 0.96948713
v -0.24992125 0.36990294 0.97437918
v -0.19919690 0.32106394 0.97976542
v -0.21000236 0.30993813 0.97591102
v -0.21000236 0.28989536 0.97284734
v -0.18999574 0.26993436 0.97339094
v -0.16862074 0.27132505 0.97749233
v -0.16998911 0.24997334 0.97329205
v -0.16998911 0.23001234 0.96924007
v -0.15002967 0.20996954 0.96820235
v -0.13002305 0.19000854 0.96652228
v -0.11006361 0.19000854 0.96894360
v -0.09005699 0.20996954 0.97546631
v -0.07005036 0.20996954 0.97699821
v -0.07005036 0.19000854 0.97245204
v -0.05202551 0.21111484 0.97838175
v -0.03003711 0.20710628 0.97833240
v -0.00012153 0.21618690 0.98080313
v -0.01003048 0.20620640 0.97853005
v -0.00012153 0.20612459 0.97853005
v -0.00012153 -0.34067586 0.58177960
v -0.01003048 -0.37282616 0.50414920
v -0.46711582 -0.28365612 0.50414920
v -0.45933023 -0.27956575 0.51951712
v -0.48216799 -0.26394054 0.52668226
v -0.44800574 0.06418881 0.82386208
v -0.43880457 0.04136455 0.81936538
v -0.43488818 0.06418881 0.83078015
v -0.43021682 0.06418881 0.83320147
v -0.42304462 0.07596907 0.84150314
v -0.42979217 0.09093982 0.84362799
v -0.44116384 0.09813887 0.84056425
v -0.42998087 0.12881663 0.85647577
v -0.43668121 0.14525992 0.85830414
v -0.42993373 0.11000093 0.85029894
v -0.44073915 0.15859452 0.86037958
v -0.42884845 0.19033577 0.87520397
v -0.43498254 0.20996954 0.87752640
v -0.42993373 0.16996574 0.86892831
v -0.43837988 0.22297691 0.87920654
v -0.44163570 0.23631151 0.88078779
v -0.42993373 0.24997334 0.88953424
v -0.42814064 0.27132505 0.89487100
v -0.43238735 0.28989536 0.89635342
v -0.43602061 0.30993813 0.89803350
v -0.43842709 0.32474527 0.89921951
v -0.44045606 0.33807987 0.90020776
v -0.44196600 0.34994194 0.90094900
v -0.44427806 0.36990294 0.90213495
v -0.44625986 0.38994575 0.90312326
v -0.44743949 0.40990674 0.90381503
v -0.48216799 0.01584065 0.78210670
v -0.45862246 0.02164898 0.79915476
v -0.45116717 0.02901164 0.80676460
v -0.24992125 0.34994194 0.97215557
v -0.22845188 0.35108724 0.97744292
v -0.21693863 0.34519711 0.97932065
v -0.21014392 0.32859021 0.97853005
v -0.42993373 0.36990294 0.90910244
v -0.41323006 0.36990294 0.91690993
v -0.40327394 0.36990294 0.92145610
v -0.38992047 0.36990294 0.92718816
v -0.36826235 0.37063920 0.93628049
v -0.35868371 0.36442184 0.93944299
v -0.34646267 0.34994194 0.94235849
v -0.32994777 0.34994194 0.94823885
v -0.30994114 0.34994194 0.95490980
v -0.29918286 0.36204943 0.95970303
v -0.28686744 0.34994194 0.96197611
v -0.26992789 0.34994194 0.96686816
v -0.26851231 0.35133266 0.96741176
v -0.23000900 0.30993813 0.97161198
v -0.23000900 0.28989536 0.96844941
v -0.23000900 0.26993436 0.96508920
v -0.21000236 0.26993436 0.96943772
v -0.18999574 0.24997334 0.96968478
v -0.18999574 0.23001234 0.96568221
v -0.16998911 0.20996954 0.96494102
v -0.15965551 0.18019165 0.95990068
v -0.15177554 0.18812697 0.96296442
v -0.14630203 0.17601947 0.96093839
v -0.13488315 0.16268489 0.95925832
v -0.12898497 0.16963851 0.96172905
v -0.09005699 0.19000854 0.97092021
v -0.11006361 0.16996574 0.96410096
v -0.05004373 0.19000854 0.97363794
v -0.07005036 0.16996574 0.96760941
v -0.03003711 0.19000854 0.97437918
v -0.01003048 0.19000854 0.97477448
v -0.00012153 0.19000854 0.97477448
v -0.00012153 -0.33642188 0.59176135
v -0.01003048 -0.34067586 0.58177960
v -0.03003711 -0.37249893 0.50414920
v -0.03003711 -0.34051225 0.58148313
v -0.45145029 -0.29060975 0.50414920
v -0.45159182 -0.28692842 0.51170957
v -0.43814397 -0.27915671 0.53859121
v -0.45159182 -0.27686611 0.53117901
v -0.47098505 -0.26713103 0.53117901
v -0.44602394 -0.28267443 0.52529866
v -0.46499249 -0.26254982 0.54447150
v -0.47834599 -0.25903210 0.53859121
v -0.48216799 -0.26107728 0.53162372
v -0.44531617 0.01387727 0.80295968
v -0.43125489 0.02827537 0.81728995
v -0.41960010 0.02042186 0.81976068
v -0.42549828 0.03375646 0.82272553
v -0.41068205 0.04872721 0.83666050
v -0.43125489 0.04880902 0.82633281
v -0.41785425 0.06255266 0.83888417
v -0.41063488 0.06958809 0.84501159
v -0.39577144 0.08529511 0.85800767
v -0.40851152 0.09110343 0.85410386
v -0.41898668 0.12137216 0.85949010
v -0.42332774 0.13470677 0.86156547
v -0.42998087 0.15115005 0.86334443
v -0.40091467 0.09862971 0.86042893
v -0.41497594 0.11000093 0.85756290
v -0.41341880 0.16996574 0.87688404
v -0.41761830 0.18387298 0.87886065
v -0.42148751 0.19720758 0.88068897
v -0.42497924 0.20996954 0.88231969
v -0.40855870 0.23074861 0.89521688
v -0.43101898 0.22984873 0.88434565
v -0.40992707 0.20996954 0.88943535
v -0.40388733 0.24997334 0.90178907
v -0.41747677 0.26568037 0.89882416
v -0.42030787 0.27901495 0.90010893
v -0.42238402 0.28989536 0.90114665
v -0.42601731 0.30993813 0.90282673
v -0.40992707 0.32989913 0.91335207
v -0.43106616 0.33079901 0.90356797
v -0.42993373 0.34994194 0.90673053
v -0.48216799 0.00553292 0.77681935
v -0.47754383 0.00291509 0.77845001
v -0.47046602 0.00970510 0.78615868
v -0.45116717 0.00831437 0.79688168
v -0.24992125 0.32989913 0.96963537
v -0.23000900 0.32989913 0.97437918
v -0.40874743 0.34896025 0.91641581
v -0.40129215 0.35493219 0.92056662
v -0.39161915 0.34896025 0.92397624
v -0.36991382 0.34994194 0.93321675
v -0.35646600 0.34994194 0.93865240
v -0.34301811 0.32989913 0.94107372
v -0.32994777 0.32989913 0.94566929
v -0.30994114 0.32989913 0.95238966
v -0.29682359 0.34994194 0.95901120
v -0.29257688 0.32989913 0.95772648
v -0.28257358 0.32989913 0.96069133
v -0.26851231 0.32989913 0.96469390
v -0.24992125 0.30993813 0.96681875
v -0.25152555 0.28850460 0.96301383
v -0.24543864 0.26993436 0.96133375
v -0.24123913 0.25831771 0.96029603
v -0.22948995 0.25095505 0.96163023
v -0.21000236 0.24997334 0.96568221
v -0.20967208 0.23033957 0.96187729
v -0.20278300 0.21733220 0.96054310
v -0.19523333 0.20399760 0.95906067
v -0.18914640 0.21037857 0.96158081
v -0.18192703 0.19851650 0.96029603
v -0.16998911 0.19401710 0.96133375
v -0.16998911 0.18403660 0.95901120
v -0.16998911 0.16996574 0.95560163
v -0.15002967 0.15000474 0.95387208
v -0.15177554 0.16963851 0.95851707
v -0.12898497 0.15155908 0.95718288
v -0.12157685 0.15924898 0.96009839
v -0.09005699 0.16996574 0.96607757
v -0.11006361 0.15671295 0.96079016
v -0.05004373 0.16996574 0.96874595
v -0.03003711 0.16996574 0.96953654
v -0.09005699 0.15294981 0.96177846
v -0.06995599 0.14853221 0.96217376
v -0.01003048 0.16996574 0.96988249
v -0.00012153 0.16996574 0.96988249
v -0.01003048 -0.33642188 0.59176135
v -0.00012153 -0.32832295 0.61009419
v -0.05004373 -0.37200809 0.50414920
v -0.05004373 -0.34026682 0.58089018
v -0.03003711 -0.33625826 0.59146488
v -0.43465227 -0.29789060 0.50414920
v -0.43087742 -0.28602853 0.53117901
v -0.42479050 -0.28201997 0.54382914
v -0.41610837 -0.27825683 0.55717111
v -0.43087742 -0.27563900 0.55030245
v -0.44394779 -0.26189536 0.56319970
v -0.45036501 -0.26623115 0.55074722
v -0.43083024 -0.29633626 0.51047421
v -0.45730126 -0.25854126 0.55781353
v -0.47098505 -0.25551438 0.55074722
v -0.48216799 -0.24954244 0.55025303
v -0.48216799 -0.25821403 0.53641695
v -0.43951237 0.00054267 0.79969835
v -0.43163240 0.00831437 0.80760467
v -0.39119446 0.02860260 0.83720404
v -0.39874414 0.04136455 0.83932889
v -0.41172013 0.00806895 0.81778407
v -0.40619943 0.01338643 0.82302207
v -0.40450075 0.05461735 0.84209609
v -0.40841717 0.06418881 0.84397388
v -0.39520523 0.06418881 0.85020012
v -0.38940144 0.09110343 0.86299855
v -0.38940144 0.07024255 0.85524040
v -0.38241798 0.07703257 0.86102194
v -0.41134265 0.12881663 0.86541986
v -0.40497261 0.11000093 0.86235613
v -0.40808684 0.15172270 0.87401801
v -0.38992047 0.11000093 0.86927420
v -0.40020686 0.15949440 0.88004661
v -0.40341550 0.16996574 0.88157845
v -0.41058767 0.19033577 0.88395035
v -0.39747012 0.22461306 0.89882416
v -0.40096185 0.23794766 0.90040541
v -0.39327061 0.20996954 0.89704525
v -0.38992047 0.24997334 0.90801531
v -0.38992047 0.26993436 0.91216612
v -0.41044611 0.27132505 0.90317267
v -0.40992707 0.28989536 0.90687877
v -0.40992707 0.30993813 0.91033781
v -0.39761168 0.32989913 0.91893589
v -0.39945191 0.34159759 0.91972655
v -0.48216799 -0.00174793 0.77301443
v -0.48216799 -0.00976506 0.76866591
v -0.47046602 -0.01091036 0.77538633
v -0.46419033 -0.00485661 0.78250200
v -0.38756120 0.32989913 0.92323500
v -0.36991382 0.32989913 0.93064719
v -0.35297424 0.32989913 0.93731821
v -0.34080040 0.31795526 0.94023365
v -0.33070272 0.31075621 0.94265497
v -0.30994114 0.30993813 0.94952363
v -0.28809428 0.31165609 0.95654047
v -0.28016713 0.31942779 0.95999956
v -0.26997507 0.31165609 0.96172905
v -0.26332191 0.29423112 0.96088898
v -0.25926396 0.28089654 0.95980185
v -0.25544196 0.26993436 0.95881355
v -0.24874161 0.25095505 0.95688641
v -0.23581281 0.24498309 0.95896184
v -0.22250651 0.23721139 0.96054310
v -0.21613649 0.22387679 0.95911008
v -0.20967208 0.21037857 0.95747936
v -0.21000236 0.19000854 0.95273554
v -0.18914640 0.19107203 0.95718288
v -0.18999574 0.16996574 0.95194495
v -0.16998911 0.15000474 0.95051193
v -0.15002967 0.13004375 0.94843650
v -0.13002305 0.13004375 0.95130253
v -0.11006361 0.14673245 0.95822060
v -0.05004373 0.15000474 0.96365619
v -0.03003711 0.15000474 0.96439743
v -0.01003048 0.15000474 0.96479273
v -0.09005699 0.14296931 0.95920891
v -0.07656194 0.14092413 0.95970303
v -0.06320846 0.13920617 0.96014774
v -0.00012153 0.15982163 0.96731293
v -0.01003048 -0.32832295 0.61009419
v -0.00012153 -0.32186016 0.62388092
v -0.07005036 -0.37110820 0.50414920
v -0.06268942 -0.34002140 0.58034658
v -0.07604291 -0.33977598 0.57965481
v -0.05004373 -0.33601284 0.59087193
v -0.03003711 -0.32799572 0.61009419
v -0.42479050 -0.30165374 0.50414920
v -0.41667461 -0.29870868 0.51739228
v -0.41002145 -0.29519096 0.52964711
v -0.40959680 -0.28463781 0.55030245
v -0.40275490 -0.28103828 0.56206316
v -0.39459181 -0.29797241 0.53607106
v -0.40959680 -0.27383924 0.56927770
v -0.42913157 -0.26467681 0.56996953
v -0.43526566 -0.25764138 0.57659107
v -0.45036501 -0.25420547 0.56996953
v -0.46135920 -0.24070725 0.58118665
v -0.46876734 -0.24447039 0.56942594
v -0.48216799 -0.24160713 0.56260669
v -0.45097840 -0.01091036 0.78709757
v -0.43163240 -0.01181024 0.79742527
v -0.41964728 -0.01966374 0.79974777
v -0.42615888 -0.00632915 0.80320674
v -0.37906781 0.02099452 0.83952653
v -0.38534346 0.03424731 0.84239262
v -0.37005538 0.04962710 0.85588282
v -0.39119446 0.04872721 0.84585166
v -0.41172013 -0.01181024 0.80780232
v -0.39978221 0.00013364 0.81985950
v -0.39190224 0.00806895 0.82737052
v -0.37675571 0.06361616 0.85850179
v -0.36991382 0.08995813 0.87130016
v -0.35939148 0.10067490 0.87970066
v -0.37005538 0.07024255 0.86398679
v -0.38944858 0.12979832 0.87584633
v -0.39577144 0.14615980 0.87807000
v -0.37062162 0.10836478 0.87727934
v -0.37769943 0.12309011 0.87900889
v -0.38944858 0.15172270 0.88256675
v -0.38992047 0.16996574 0.88765645
v -0.38808024 0.19164468 0.89447570
v -0.39043951 0.23074861 0.90337032
v -0.38331449 0.20996954 0.90139371
v -0.38020027 0.19949819 0.90005952
v -0.37576482 0.26993436 0.91824412
v -0.36934760 0.24940069 0.91661346
v -0.37873751 0.28269631 0.91947949
v -0.38888237 0.28956813 0.91631699
v -0.39416713 0.30993813 0.91745353
v -0.38416383 0.30993813 0.92175257
v -0.48216799 -0.02277242 0.76155019
v -0.45829216 -0.01819121 0.77894413
v -0.36991382 0.30993813 0.92768234
v -0.34839725 0.31075621 0.93623108
v -0.33792210 0.30462065 0.93919593
v -0.32442707 0.28989536 0.94146901
v -0.30994114 0.28989536 0.94636106
v -0.28993452 0.28989536 0.95258731
v -0.27667540 0.30609319 0.95901120
v -0.26997507 0.28850460 0.95807236
v -0.26992789 0.26993436 0.95486039
v -0.26992789 0.24997334 0.95100605
v -0.24992125 0.23001234 0.95224142
v -0.22948995 0.23033957 0.95742995
v -0.23000900 0.20996954 0.95283437
v -0.23000900 0.19000854 0.94818944
v -0.21000236 0.16996574 0.94789290
v -0.18999574 0.15000474 0.94675636
v -0.18848580 0.13037097 0.94171607
v -0.16998911 0.13004375 0.94502687
v -0.16998911 0.11621829 0.94112313
v -0.14960501 0.10926466 0.94245732
v -0.13002305 0.11000093 0.94552100
v -0.11006361 0.13004375 0.95367444
v -0.11006361 0.11000093 0.94794238
v -0.05004373 0.13797906 0.96049368
v -0.03003711 0.13667014 0.96083957
v -0.01003048 0.13593388 0.96103722
v -0.00012153 0.14288750 0.96291500
v -0.00012153 0.15000474 0.96479273
v -0.09005699 0.13004375 0.95565104
v -0.06995599 0.13151628 0.95757818
v -0.05004373 0.12799856 0.95772648
v -0.01003048 -0.32186016 0.62388092
v -0.03003711 -0.32169655 0.62353504
v -0.00012153 -0.31932414 0.62882239
v -0.09000979 -0.36988109 0.50414920
v -0.09000979 -0.33936694 0.57866651
v -0.06962569 -0.33634007 0.58825290
v -0.09000979 -0.33445850 0.59008127
v -0.05004373 -0.32742307 0.61009419
v -0.40950242 -0.30713484 0.50414920
v -0.41002145 -0.30427158 0.51047421
v -0.40332112 -0.30116290 0.52267969
v -0.38874084 -0.29371843 0.54862237
v -0.38992047 -0.28357431 0.56651050
v -0.37982279 -0.27989298 0.58000070
v -0.38992047 -0.27776599 0.57649225
v -0.38874084 -0.30312628 0.52964711
v -0.38123834 -0.30034482 0.54096311
v -0.40997428 -0.26353151 0.58568335
v -0.42191219 -0.26083186 0.58148313
v -0.40997428 -0.25698692 0.59571457
v -0.43068868 -0.25036052 0.59057546
v -0.43946517 -0.23964375 0.59971714
v -0.44994032 -0.24381593 0.58558452
v -0.44994032 -0.23669869 0.59561574
v -0.46952230 -0.22974506 0.58968598
v -0.48216799 -0.23391724 0.57347798
v -0.48216799 -0.24119809 0.56319970
v -0.44489151 -0.02506303 0.78279853
v -0.39190224 -0.01172843 0.81773466
v -0.43833274 -0.03847944 0.77904302
v -0.41172013 -0.03152581 0.79722762
v -0.39912161 -0.03921571 0.79950064
v -0.40629381 -0.02588110 0.80315733
v -0.36576152 0.01436812 0.84254086
v -0.37142378 0.02860260 0.84629637
v -0.37142378 0.00864160 0.83720404
v -0.35887244 0.00103352 0.83942771
v -0.36344942 0.05608988 0.86151606
v -0.35726812 0.04283708 0.85874885
v -0.38652310 -0.00624734 0.82302207
v -0.36722428 0.06418881 0.86294913
v -0.35490885 0.08995813 0.87782294
v -0.35160589 0.10836478 0.88538337
v -0.36439312 0.11400949 0.88187492
v -0.34047011 0.07940498 0.88014543
v -0.34490556 0.08995813 0.88197374
v -0.34825569 0.07163328 0.87396860
v -0.38246515 0.13634291 0.88108432
v -0.37062162 0.12979832 0.88414800
v -0.36991382 0.15000474 0.89057189
v -0.36953634 0.16955671 0.89635342
v -0.37595356 0.18616359 0.89823115
v -0.36991382 0.23001234 0.91186965
v -0.36991382 0.20996954 0.90702701
v -0.36953634 0.19164468 0.90243143
v -0.36585587 0.26993436 0.92234552
v -0.36226979 0.25569987 0.92086309
v -0.35863650 0.24228345 0.91943008
v -0.37123501 0.28956813 0.92377853
v -0.38152146 0.29594907 0.92066544
v -0.48216799 -0.03414365 0.75487924
v -0.47622263 -0.03602522 0.75759703
v -0.46971104 -0.02956244 0.76535511
v -0.46286914 -0.04297885 0.76174784
v -0.45097840 -0.03103497 0.77592987
v -0.34995440 0.28989536 0.93222845
v -0.33443037 0.28989536 0.93796057
v -0.32131281 0.27737880 0.94043130
v -0.31055453 0.27034336 0.94265497
v -0.28993452 0.26993436 0.94907892
v -0.28993452 0.24997334 0.94517511
v -0.26992789 0.23001234 0.94675636
v -0.26851231 0.23001234 0.94715172
v -0.24992125 0.20996954 0.94784355
v -0.25044030 0.18959950 0.94290203
v -0.24416463 0.17544682 0.94112313
v -0.23066959 0.16922948 0.94290203
v -0.22444111 0.15605849 0.94102430
v -0.21004955 0.14959571 0.94255614
v -0.20339641 0.13732460 0.94067836
v -0.19414806 0.12398999 0.93880063
v -0.18079458 0.11949059 0.94008541
v -0.18848580 0.11163708 0.93623108
v -0.16998911 0.10623780 0.93805939
v -0.15602222 0.10206562 0.93929476
v -0.14266875 0.09871152 0.94038188
v -0.13002305 0.09601188 0.94122195
v -0.11006361 0.09224874 0.94245732
v -0.09005699 0.11000093 0.94991893
v -0.03003711 0.12668964 0.95807236
v -0.01003048 0.12595338 0.95831943
v -0.00012153 0.13593388 0.96103722
v -0.07005036 0.11000093 0.95145077
v -0.05004373 0.11000093 0.95258731
v -0.03003711 0.11000093 0.95332855
v -0.01003048 -0.31670630 0.63386267
v -0.03003711 -0.31654269 0.63351679
v -0.05004373 -0.31621546 0.63287437
v -0.05004373 -0.32128751 0.62294203
v -0.00012153 -0.31670630 0.63386267
v -0.11029954 -0.36832675 0.50414920
v -0.11001642 -0.34272105 0.56695521
v -0.11001642 -0.33863068 0.57693696
v -0.11001642 -0.33298597 0.59008127
v -0.07005036 -0.32652318 0.61009419
v -0.09000979 -0.32545969 0.61009419
v -0.07005036 -0.32087848 0.62205255
v -0.38992047 -0.31384304 0.50414920
v -0.38992047 -0.31138882 0.51007891
v -0.36996102 -0.29723614 0.55479920
v -0.37189561 -0.28717384 0.57204491
v -0.34938815 -0.28471962 0.59052598
v -0.35575819 -0.27833864 0.59749347
v -0.37189561 -0.27645707 0.59052598
v -0.38572097 -0.26238620 0.60376912
v -0.39138320 -0.26770368 0.59171200
v -0.36996102 -0.30909821 0.53004247
v -0.35802311 -0.29928133 0.55880177
v -0.36996102 -0.30222639 0.54476804
v -0.39907444 -0.25952294 0.59947008
v -0.40987989 -0.24643376 0.61063778
v -0.42611170 -0.24299785 0.60436213
v -0.41643867 -0.23817122 0.61770409
v -0.43163240 -0.23547158 0.61063778
v -0.44229630 -0.22123709 0.62180549
v -0.44937411 -0.22614554 0.61014366
v -0.46433190 -0.22254601 0.60347265
v -0.48216799 -0.22123709 0.59087193
v -0.37944528 -0.01958194 0.81971127
v -0.44975159 -0.04976886 0.76555276
v -0.44290972 -0.06269442 0.76164901
v -0.43097180 -0.05075055 0.77568281
v -0.41761830 -0.05794960 0.77869707
v -0.42502642 -0.04461499 0.78265023
v -0.41058767 -0.05075055 0.78670228
v -0.39147758 -0.05099597 0.79648638
v -0.38572097 -0.04502403 0.80281144
v -0.39147758 -0.03152581 0.80745643
v -0.35037905 0.02966610 0.85608047
v -0.35132277 0.00864160 0.84614813
v -0.37165970 -0.01172843 0.82727170
v -0.35132277 -0.01099217 0.83685815
v -0.34556615 -0.00493842 0.84234321
v -0.35037905 0.04962710 0.86453038
v -0.35556945 0.06418881 0.86798942
v -0.34396183 0.03612888 0.86161494
v -0.32876813 0.11106443 0.89521688
v -0.33461910 0.12652603 0.89793468
v -0.34801978 0.13192531 0.89427799
v -0.33589312 0.06418881 0.87619221
v -0.33334512 0.06418881 0.87722993
v -0.32381365 0.06418881 0.88088661
v -0.32839066 0.07163328 0.88187492
v -0.32994777 0.08995813 0.88780469
v -0.35368204 0.15000474 0.89739114
v -0.35816467 0.16252127 0.89921951
v -0.36264727 0.17593767 0.90104783
v -0.35500324 0.23001234 0.91799706
v -0.34995440 0.19000854 0.90999186
v -0.34877476 0.21070580 0.91577339
v -0.34995440 0.26993436 0.92852235
v -0.35118121 0.24940069 0.92387742
v -0.34499991 0.23001234 0.92190081
v -0.48216799 -0.04543307 0.74796116
v -0.48216799 -0.05001428 0.74514455
v -0.46971104 -0.04976886 0.75324851
v -0.45616883 -0.05639526 0.75764644
v -0.32876813 0.27034336 0.93642873
v -0.31758517 0.26404423 0.93914652
v -0.30328798 0.24997334 0.94102430
v -0.30007938 0.23982923 0.93998659
v -0.28186581 0.21749581 0.94057953
v -0.26851231 0.21185111 0.94314909
v -0.26327473 0.19598047 0.94092548
v -0.25751811 0.18264587 0.93929476
v -0.25044030 0.16922948 0.93776292
v -0.23779459 0.16211224 0.93939364
v -0.23066959 0.14959571 0.93776292
v -0.21674989 0.14272389 0.93919593
v -0.21004955 0.13037097 0.93726879
v -0.21000236 0.11000093 0.93119079
v -0.18999574 0.09003994 0.92906594
v -0.16998911 0.09003994 0.93287086
v -0.14960501 0.09118524 0.93682402
v -0.13002305 0.08594957 0.93796057
v -0.11006361 0.08218643 0.93919593
v -0.09888066 0.08030486 0.93983835
v -0.09133099 0.08815837 0.94300091
v -0.07005036 0.09003994 0.94527394
v -0.00012153 0.12595338 0.95831943
v -0.01003048 0.11000093 0.95372385
v -0.05004373 0.09003994 0.94645989
v -0.03003711 0.09003994 0.94715172
v -0.01003048 0.09003994 0.94759643
v -0.00012153 -0.30803472 0.65007067
v -0.01003048 -0.30795291 0.65007067
v -0.03003711 -0.30762568 0.65007067
v -0.05004373 -0.30697122 0.65007067
v -0.07005036 -0.31572461 0.63203436
v -0.12955120 -0.36644518 0.50414920
v -0.13002305 -0.34190297 0.56492925
v -0.13002305 -0.33781260 0.57491100
v -0.10039060 -0.31997859 0.62012541
v -0.10827056 -0.32333270 0.61137903
v -0.13002305 -0.32333270 0.60722816
v -0.13002305 -0.33118621 0.59008127
v -0.09000979 -0.32030582 0.62086666
v -0.37557608 -0.31850606 0.50414920
v -0.37128222 -0.31719714 0.51052368
v -0.35080373 -0.29576361 0.56982124
v -0.34240472 -0.28079286 0.60149610
v -0.33367541 -0.29797241 0.57634401
v -0.32815471 -0.29306397 0.58820355
v -0.34938815 -0.27351201 0.60890830
v -0.36906451 -0.26500404 0.61029190
v -0.37510422 -0.25788680 0.61711109
v -0.35632443 -0.31891510 0.51749110
v -0.34981284 -0.31564280 0.52930123
v -0.35080373 -0.30525327 0.55129075
v -0.34466961 -0.30149013 0.56300205
v -0.39138320 -0.25535077 0.61029190
v -0.40313238 -0.24144351 0.62210202
v -0.38992047 -0.23702592 0.63628399
v -0.41115391 -0.23056313 0.63084841
v -0.41917545 -0.21951914 0.63959479
v -0.42993373 -0.22459120 0.62595630
v -0.42993373 -0.21649227 0.63593811
v -0.44408935 -0.20242141 0.64295501
v -0.44984597 -0.20986587 0.63000834
v -0.45564979 -0.21739215 0.61686403
v -0.47768539 -0.21845564 0.59818530
v -0.48216799 -0.21747395 0.59586281
v -0.37165970 -0.03128039 0.81714171
v -0.35854214 -0.03880667 0.81931597
v -0.36618617 -0.02547207 0.82282436
v -0.44975159 -0.06964805 0.75305086
v -0.43540722 -0.07602903 0.75730056
v -0.42922592 -0.06964805 0.76495981
v -0.41058767 -0.07022070 0.77479333
v -0.40431201 -0.06367611 0.78220552
v -0.37793535 -0.05835863 0.79895711
v -0.37076318 -0.05099597 0.80661637
v -0.33688402 0.02279428 0.85869944
v -0.33782774 -0.01827302 0.83908182
v -0.33065554 -0.01099217 0.84545630
v -0.33013651 0.01011414 0.85563576
v -0.32843783 0.05142686 0.87416625
v -0.33013651 0.02966610 0.86438215
v -0.31541464 0.10509250 0.89828062
v -0.32126564 0.11842709 0.90040541
v -0.32876813 0.13192531 0.90173960
v -0.34004545 0.13986063 0.89996070
v -0.32074660 0.05919856 0.88019484
v -0.31569776 0.06418881 0.88390094
v -0.30994114 0.06999713 0.88815057
v -0.30923337 0.09061259 0.89566159
v -0.30210835 0.09772983 0.90075135
v -0.34367871 0.15000474 0.90144312
v -0.35085091 0.16955671 0.90406215
v -0.34131944 0.21782304 0.92046779
v -0.33013651 0.18894504 0.91730523
v -0.33688402 0.20448844 0.91878772
v -0.32994777 0.16996574 0.91226494
v -0.32994777 0.24997334 0.93193197
v -0.32994777 0.23001234 0.92753410
v -0.48216799 -0.05590441 0.74138904
v -0.48004466 -0.06015839 0.74005479
v -0.46801236 -0.06809371 0.74267381
v -0.45999083 -0.08003758 0.74000537
v -0.31329131 0.24997334 0.93771350
v -0.30800653 0.23189391 0.93553925
v -0.29521927 0.22649463 0.93850416
v -0.28908518 0.21046038 0.93667579
v -0.27662820 0.20407940 0.93894887
v -0.26997507 0.21046038 0.94240791
v -0.26851231 0.19099022 0.93815827
v -0.26851231 0.18878143 0.93761468
v -0.26851231 0.17143826 0.93316734
v -0.24992125 0.15000474 0.93282145
v -0.23000900 0.13004375 0.93242615
v -0.23000900 0.11000093 0.92644697
v -0.21132356 0.08848560 0.92397624
v -0.20551975 0.07645991 0.92120898
v -0.18862736 0.06983352 0.92239499
v -0.16998911 0.06999713 0.92605162
v -0.15002967 0.06999713 0.92956007
v -0.13002305 0.06999713 0.93247557
v -0.11006361 0.06999713 0.93494630
v -0.11006361 0.06418881 0.93287086
v -0.09090632 0.06418881 0.93484747
v -0.09133099 0.07122424 0.93731821
v -0.08552718 0.07866871 0.94038188
v -0.07005036 0.07695076 0.94102430
v -0.00012153 0.11000093 0.95372385
v -0.05004373 0.07523280 0.94161725
v -0.03003711 0.07408750 0.94196320
v -0.00012153 0.09003994 0.94759643
v -0.01003048 0.07351485 0.94216084
v -0.00012153 -0.30124471 0.66217726
v -0.01003048 -0.30124471 0.66212785
v -0.03003711 -0.30099928 0.66178197
v -0.05004373 -0.30059025 0.66123843
v -0.06542619 -0.30026302 0.66059601
v -0.07127717 -0.30476242 0.65194845
v -0.09000979 -0.30508965 0.64918125
v -0.09000979 -0.31507015 0.63084841
v -0.15002967 -0.36399096 0.50414920
v -0.15002967 -0.34092128 0.56240904
v -0.15002967 -0.34582973 0.55005538
v -0.16928133 -0.34313008 0.55119193
v -0.15002967 -0.33666730 0.57239079
v -0.15002967 -0.32897741 0.59008127
v -0.11374408 -0.31932414 0.61889005
v -0.10827056 -0.31498834 0.62808114
v -0.13002305 -0.31850606 0.61720991
v -0.15002967 -0.32218739 0.60485625
v -0.36547840 -0.32153293 0.50414920
v -0.32999495 -0.28291985 0.60495508
v -0.32999495 -0.27670249 0.61498630
v -0.32815471 -0.30304447 0.56982124
v -0.32036912 -0.30001760 0.58029717
v -0.35000157 -0.26304066 0.62457275
v -0.36189231 -0.26066825 0.62121254
v -0.37052724 -0.25019690 0.63040364
v -0.37925655 -0.23956195 0.63964421
v -0.38992047 -0.24455220 0.62630224
v -0.34981284 -0.32349631 0.51052368
v -0.34297094 -0.32079667 0.52208668
v -0.32999495 -0.31204328 0.55005538
v -0.32999495 -0.31826064 0.53636754
v -0.38911831 -0.22614554 0.65031779
v -0.40591633 -0.22303686 0.64384443
v -0.39520523 -0.21747395 0.65713698
v -0.41153139 -0.21444708 0.65031779
v -0.42082691 -0.20037623 0.66054660
v -0.42847097 -0.20544827 0.64977419
v -0.43413323 -0.19644947 0.65624750
v -0.45116717 -0.19072296 0.65091074
v -0.45744282 -0.19824924 0.63821119
v -0.46626651 -0.20397575 0.62486923
v -0.47961998 -0.19972177 0.61982894
v -0.47197592 -0.21125659 0.61167550
v -0.48216799 -0.20749345 0.60831529
v -0.36462906 -0.06367611 0.80216908
v -0.35108685 -0.05042332 0.81595576
v -0.34514147 -0.04412415 0.82223141
v -0.44994032 -0.08445518 0.74306911
v -0.43899330 -0.09918050 0.73946184
v -0.43054712 -0.09042712 0.75033307
v -0.42205375 -0.08175553 0.76110548
v -0.39629048 -0.07701071 0.77805471
v -0.38973171 -0.07022070 0.78561515
v -0.38293701 -0.08232819 0.78146434
v -0.37076318 -0.07013889 0.79510278
v -0.32357773 0.01682234 0.86136782
v -0.33065554 -0.03005328 0.83572161
v -0.31555620 -0.03684329 0.83819234
v -0.32447425 -0.02342688 0.84170079
v -0.30932772 -0.00911060 0.85459805
v -0.31565058 0.00356955 0.85830414
v -0.31366879 0.04578215 0.87757587
v -0.30814809 0.03187490 0.87372148
v -0.30923337 0.11106443 0.90243143
v -0.30994114 0.12996194 0.90806472
v -0.32994777 0.15000474 0.90663171
v -0.30814809 0.05142686 0.88182551
v -0.28922671 0.07081521 0.89561224
v -0.29536083 0.08431342 0.89842886
v -0.28922671 0.09061259 0.90262908
v -0.28993452 0.11000093 0.90870708
v -0.33013651 0.21070580 0.92283970
v -0.31871763 0.18158238 0.91952890
v -0.32357773 0.19491698 0.92125845
v -0.30814809 0.15172270 0.91508162
v -0.31432939 0.16996574 0.91794765
v -0.30994114 0.20996954 0.92980719
v -0.48216799 -0.06220358 0.73733699
v -0.48216799 -0.08371891 0.72285849
v -0.47622263 -0.09656267 0.71752173
v -0.46286914 -0.10253461 0.72191966
v -0.47334433 -0.07349300 0.73560750
v -0.28993452 0.19000854 0.93133903
v -0.28993452 0.16996574 0.92615044
v -0.26851231 0.16996574 0.93277204
v -0.26851231 0.15000474 0.92738581
v -0.26851231 0.13053459 0.92190081
v -0.24992125 0.13004375 0.92713875
v -0.24855287 0.11106443 0.92185140
v -0.24105039 0.09912056 0.92022073
v -0.23000900 0.09494838 0.92160434
v -0.21887323 0.08079571 0.91962773
v -0.21132356 0.06983352 0.91750288
v -0.19726230 0.06418881 0.91859001
v -0.19443117 0.06304350 0.91878772
v -0.18107769 0.05936217 0.92017132
v -0.16998911 0.06418881 0.92397624
v -0.15866461 0.06418881 0.92595279
v -0.14946344 0.06418881 0.92753410
v -0.13002305 0.06418881 0.93040013
v -0.11001642 0.04995432 0.92763293
v -0.07005036 0.06418881 0.93652755
v -0.09000979 0.04995432 0.92965889
v -0.07005036 0.04995432 0.93128961
v -0.07005036 0.06697026 0.93751585
v -0.05004373 0.06418881 0.93776292
v -0.03263231 0.06418881 0.93850416
v -0.01003048 0.06418881 0.93899828
v -0.00012153 0.07351485 0.94216084
v -0.00012153 -0.29502735 0.67220849
v -0.01003048 -0.29502735 0.67215908
v -0.03003711 -0.29478192 0.67181313
v -0.05004373 -0.29437289 0.67126960
v -0.07127717 -0.29502735 0.66840351
v -0.07873248 -0.29977217 0.65990424
v -0.09000979 -0.29936314 0.65911359
v -0.11001642 -0.29846326 0.65753233
v -0.11001642 -0.30418977 0.64755052
v -0.17003630 -0.35131082 0.53009188
v -0.18999574 -0.34869298 0.53009188
v -0.18617372 -0.35924613 0.50414920
v -0.16928133 -0.33601284 0.56843764
v -0.16210915 -0.34018502 0.56067955
v -0.18999574 -0.34239382 0.54615164
v -0.17550981 -0.33936694 0.55865353
v -0.17003630 -0.32644138 0.59008127
v -0.13002305 -0.31171605 0.63005775
v -0.15002967 -0.31736076 0.61483800
v -0.15002967 -0.30934364 0.63005775
v -0.17003630 -0.32087848 0.60213846
v -0.34986001 -0.32595053 0.50414920
v -0.30998832 -0.29600903 0.59299672
v -0.31017706 -0.28545588 0.61113191
v -0.31697178 -0.27899310 0.61849475
v -0.32999495 -0.26614934 0.63104606
v -0.30998832 -0.30803472 0.57006836
v -0.30998832 -0.30149013 0.58306438
v -0.33664811 -0.25862306 0.63831002
v -0.35000157 -0.25592342 0.63460392
v -0.36595026 -0.24258882 0.64354795
v -0.37156531 -0.23473531 0.65012014
v -0.38189894 -0.22090986 0.66118902
v -0.33008933 -0.33134982 0.50414920
v -0.32999495 -0.32905921 0.51007891
v -0.31942540 -0.31981498 0.53972775
v -0.32999495 -0.32251462 0.52633637
v -0.31163982 -0.31703353 0.55015421
v -0.38916549 -0.20953864 0.66958952
v -0.40997428 -0.20340310 0.66390681
v -0.39647925 -0.19800381 0.67798996
v -0.40997428 -0.19407706 0.67393798
v -0.42771599 -0.18859597 0.66865063
v -0.44484431 -0.18311487 0.66336322
v -0.45819777 -0.17869727 0.65881711
v -0.46994698 -0.18409656 0.64453626
v -0.47174001 -0.19514056 0.63094723
v -0.48216799 -0.18131511 0.63835943
v -0.48216799 -0.19882189 0.61879122
v -0.33641216 -0.05745875 0.81842649
v -0.35589975 -0.07701071 0.79806763
v -0.34952971 -0.07013889 0.80508453
v -0.32985339 -0.05042332 0.82499862
v -0.41379631 -0.09509014 0.75650990
v -0.45498919 -0.11595102 0.71687931
v -0.44173008 -0.12135030 0.72112900
v -0.43139645 -0.11071534 0.73531103
v -0.41705209 -0.11783259 0.73832530
v -0.42563984 -0.10449798 0.74321735
v -0.40044281 -0.10040762 0.76021600
v -0.40827560 -0.08903639 0.76367503
v -0.38973171 -0.08936362 0.77321208
v -0.37406614 -0.09566279 0.77701700
v -0.36080703 -0.10057123 0.78032780
v -0.36840391 -0.08936362 0.78398448
v -0.30229709 -0.00182974 0.86082429
v -0.30932772 0.01011414 0.86359149
v -0.30932772 -0.03005328 0.84412211
v -0.30932772 -0.04895078 0.83394271
v -0.30224991 -0.04158812 0.84076190
v -0.30026811 0.03972840 0.88004661
v -0.28866050 0.13118905 0.91567457
v -0.30031529 0.15949440 0.92007244
v -0.28998169 0.04995432 0.88745880
v -0.28946266 0.06418881 0.89304262
v -0.28205454 0.07809606 0.90060306
v -0.27497673 0.06418881 0.89783585
v -0.26992789 0.08995813 0.90860826
v -0.26851231 0.11139166 0.91602045
v -0.27488235 0.12529892 0.91834295
v -0.31121513 0.18894504 0.92402565
v -0.30432606 0.16996574 0.92145610
v -0.48216799 -0.07054793 0.73175317
v -0.48216799 -0.09459929 0.71500158
v -0.47074911 -0.11071534 0.71055424
v -0.28866050 0.15172270 0.92160434
v -0.28115803 0.13863352 0.92031956
v -0.26148167 0.11842709 0.92041838
v -0.25430951 0.10509250 0.91834295
v -0.24855287 0.09143066 0.91547692
v -0.23000900 0.06999713 0.91300619
v -0.23000900 0.08496788 0.91824412
v -0.21000236 0.04995432 0.91033781
v -0.18867455 0.05159047 0.91557574
v -0.17003630 0.04660022 0.91735464
v -0.17003630 0.05658072 0.92115963
v -0.14809507 0.04962710 0.92234552
v -0.14016792 0.03997383 0.91992426
v -0.13002305 0.04995432 0.92511278
v -0.13002305 0.03825587 0.92061603
v -0.11001642 0.03522900 0.92190081
v -0.09000979 0.03261116 0.92293853
v -0.06877635 0.02860260 0.92298794
v -0.06127386 0.01976741 0.92002308
v -0.05004373 0.02999333 0.92476690
v -0.05004373 0.04995432 0.93252498
v -0.03003711 0.04995432 0.93331563
v -0.03003711 0.06402519 0.93850416
v -0.00012153 0.06418881 0.93899828
v -0.01003048 0.04995432 0.93371093
v -0.00012153 0.05658072 0.93618166
v -0.00012153 -0.28496504 0.68757641
v -0.01003048 -0.28496504 0.68757641
v -0.03003711 -0.28480142 0.68727994
v -0.05004373 -0.28447419 0.68663752
v -0.07005036 -0.28381974 0.68579751
v -0.09000979 -0.29249132 0.67008364
v -0.13002305 -0.30312628 0.64567280
v -0.11001642 -0.29052794 0.67008364
v -0.13002305 -0.28815553 0.67008364
v -0.13002305 -0.29723614 0.65565455
v -0.21000236 -0.34092128 0.54244554
v -0.21000236 -0.34574792 0.53009188
v -0.21000236 -0.35343781 0.51007891
v -0.21000236 -0.35564661 0.50414920
v -0.18999574 -0.33249512 0.57006836
v -0.18999574 -0.33830345 0.55613339
v -0.18136081 -0.32014221 0.60050780
v -0.18881610 -0.32333270 0.59102017
v -0.17003630 -0.31597003 0.61212021
v -0.15002967 -0.30189916 0.64339972
v -0.16555369 -0.30075386 0.64147252
v -0.17131031 -0.30525327 0.63188612
v -0.28847176 -0.29347301 0.60831529
v -0.29413402 -0.29829964 0.59709817
v -0.30361828 -0.28103828 0.62180549
v -0.31017706 -0.27416646 0.62916827
v -0.32329461 -0.26115909 0.64176905
v -0.29399246 -0.31850606 0.55682522
v -0.28833020 -0.31449750 0.56828940
v -0.28847176 -0.30345351 0.59027892
v -0.28078052 -0.30018121 0.60045838
v -0.32999495 -0.25314197 0.64913183
v -0.34089479 -0.24029821 0.66054660
v -0.34853882 -0.24496123 0.65012014
v -0.35420108 -0.23735315 0.65684050
v -0.35660753 -0.21829203 0.67828649
v -0.36996102 -0.21501973 0.67453098
v -0.38312575 -0.20160334 0.68189377
v -0.36996102 -0.22369131 0.66454917
v -0.31012988 -0.33625826 0.50414920
v -0.30819526 -0.33519477 0.50820118
v -0.31163982 -0.32496884 0.53187078
v -0.30607194 -0.32136932 0.54348326
v -0.38992047 -0.18990488 0.69004714
v -0.39676234 -0.17796101 0.69825000
v -0.40997428 -0.18409656 0.68431509
v -0.42129877 -0.18074246 0.68090546
v -0.43465227 -0.17657028 0.67670518
v -0.48056370 -0.18041523 0.64058310
v -0.44470274 -0.16315387 0.68322796
v -0.45800906 -0.15849085 0.67873120
v -0.46994698 -0.16446279 0.66454917
v -0.46994698 -0.17444329 0.65451801
v -0.48216799 -0.17763378 0.64226317
v -0.34259346 -0.08183734 0.80108196
v -0.32985339 -0.06923901 0.81412739
v -0.32305869 -0.06212177 0.82119370
v -0.34952971 -0.08911820 0.79312617
v -0.46522844 -0.12437718 0.70358676
v -0.44937411 -0.12953104 0.70966476
v -0.44366467 -0.14270203 0.70240080
v -0.42993373 -0.13574840 0.71658283
v -0.42993373 -0.12576790 0.72453862
v -0.41941136 -0.13959335 0.71969599
v -0.41157857 -0.13116719 0.73091310
v -0.40369862 -0.12265922 0.74203140
v -0.38992047 -0.11423306 0.75581807
v -0.40870026 -0.10907920 0.74934477
v -0.36934760 -0.10957004 0.76965421
v -0.35000157 -0.10417075 0.78279853
v -0.36462906 -0.12306826 0.76224202
v -0.35000157 -0.11415125 0.77573222
v -0.28998169 -0.01622784 0.85805702
v -0.28998169 -0.00624734 0.86299855
v -0.28998169 0.01003233 0.87046015
v -0.28998169 -0.02997147 0.85108960
v -0.30998832 -0.06637575 0.82371384
v -0.28998169 -0.05541357 0.83740175
v -0.28998169 -0.04543307 0.84293616
v -0.28998169 0.02573934 0.87742758
v -0.27837408 0.02115813 0.87940419
v -0.28998169 0.03563803 0.88172668
v -0.26865387 0.05134505 0.89492041
v -0.29446432 0.14624161 0.91814530
v -0.26851231 0.07065159 0.90223378
v -0.26445436 0.06418881 0.90114665
v -0.26110420 0.05895314 0.90025717
v -0.26851231 0.09134886 0.90949774
v -0.25581944 0.06418881 0.90376562
v -0.48216799 -0.10188015 0.70951653
v -0.48216799 -0.10678859 0.70581043
v -0.47853470 -0.11881427 0.69909006
v -0.24992125 0.06999713 0.90752113
v -0.24996844 0.06418881 0.90539634
v -0.23765303 0.06418881 0.90875649
v -0.23123582 0.04848179 0.90450686
v -0.22533764 0.03670153 0.90129489
v -0.20844525 0.02999333 0.90262908
v -0.18999574 0.02999333 0.90663171
v -0.17003630 0.02999333 0.91063428
v -0.15347421 0.04283708 0.91883707
v -0.14809507 0.03195670 0.91527927
v -0.13002305 0.01003233 0.90865767
v -0.13002305 0.02827537 0.91646516
v -0.11001642 0.02516669 0.91775000
v -0.09000979 0.02263066 0.91883707
v -0.07462734 0.02099452 0.91952890
v -0.05004373 0.01911295 0.92031956
v -0.06877635 0.01191390 0.91602045
v -0.05004373 0.00913245 0.91597104
v -0.03003711 0.02999333 0.92555749
v -0.03003711 0.01813126 0.92076427
v -0.01003048 0.02999333 0.92600226
v -0.00012153 0.04995432 0.93371093
v -0.00012153 -0.27825683 0.69760764
v -0.01003048 -0.27817503 0.69755816
v -0.03003711 -0.27801141 0.69726169
v -0.05004373 -0.27752057 0.69666874
v -0.07005036 -0.27694792 0.69582868
v -0.09000979 -0.28300166 0.68466097
v -0.11001642 -0.28201997 0.68312913
v -0.15002967 -0.29584542 0.65343088
v -0.13002305 -0.28079286 0.68135017
v -0.14087570 -0.28005660 0.68021363
v -0.14851974 -0.28471962 0.67122018
v -0.21000236 -0.33683091 0.55242729
v -0.22076064 -0.34002140 0.54037011
v -0.23411413 -0.33895791 0.53750408
v -0.23048085 -0.35229251 0.50414920
v -0.21000236 -0.32251462 0.58558452
v -0.21000236 -0.32938644 0.57006836
v -0.18881610 -0.31498834 0.60831529
v -0.19476147 -0.31907871 0.59828413
v -0.18999574 -0.30435339 0.62803173
v -0.17885998 -0.29977217 0.63974303
v -0.26997507 -0.29584542 0.61291087
v -0.28998169 -0.28308347 0.62506688
v -0.28998169 -0.27662069 0.63504863
v -0.30998832 -0.26344970 0.64503038
v -0.30998832 -0.25616884 0.65501213
v -0.28833020 -0.32267824 0.55015421
v -0.28059179 -0.32006040 0.56038308
v -0.26997507 -0.30811653 0.59003186
v -0.26997507 -0.31654269 0.57293439
v -0.26997507 -0.30149013 0.60292912
v -0.32999495 -0.24242520 0.66326439
v -0.32999495 -0.23424447 0.67324615
v -0.34330124 -0.22140071 0.68179488
v -0.34877476 -0.22941783 0.66944122
v -0.35052061 -0.21019310 0.69034368
v -0.35773998 -0.19882189 0.69889241
v -0.36996102 -0.20495743 0.68550104
v -0.36996102 -0.19554959 0.69553220
v -0.38336170 -0.18188776 0.70200551
v -0.29738981 -0.33920333 0.50414920
v -0.28998169 -0.33732176 0.51334029
v -0.28998169 -0.33069536 0.53004247
v -0.38963735 -0.16969846 0.70986247
v -0.40997428 -0.16397195 0.70378447
v -0.40997428 -0.17395245 0.69434625
v -0.42087412 -0.16053604 0.70062190
v -0.42771599 -0.16855316 0.68871295
v -0.43422759 -0.15603663 0.69652051
v -0.45078969 -0.15063734 0.69064015
v -0.48216799 -0.15767278 0.66227615
v -0.45701814 -0.13771178 0.69810176
v -0.46994698 -0.14392914 0.68362325
v -0.48004466 -0.14000238 0.68011481
v -0.46994698 -0.15390964 0.67448151
v -0.48216799 -0.16209038 0.65797704
v -0.32999495 -0.09599002 0.79722762
v -0.32999495 -0.08592771 0.80375034
v -0.30998832 -0.07643806 0.81783348
v -0.42851815 -0.14965566 0.70561278
v -0.39407277 -0.13599382 0.73679346
v -0.41157857 -0.15047373 0.71480393
v -0.40605789 -0.14409275 0.72350091
v -0.37793535 -0.11856885 0.75888181
v -0.38836333 -0.12961285 0.74484801
v -0.33716714 -0.11832343 0.77869707
v -0.33027807 -0.11096077 0.78680110
v -0.37071598 -0.12985827 0.75389093
v -0.35405952 -0.13632105 0.75705343
v -0.34070605 -0.14041142 0.76026541
v -0.34835008 -0.12985827 0.76476216
v -0.27974245 -0.01982736 0.85988539
v -0.27181530 -0.01189205 0.86625987
v -0.27096596 0.00986871 0.87668639
v -0.27181530 -0.03046232 0.85696995
v -0.29956034 -0.07979216 0.81981009
v -0.29177475 -0.07185685 0.82722229
v -0.27837408 -0.05901309 0.83937830
v -0.27096596 -0.05140501 0.84599990
v -0.26502061 0.01641330 0.88152903
v -0.27096596 0.02876622 0.88488925
v -0.25298831 0.02982971 0.89086843
v -0.24996844 0.04496408 0.89798415
v -0.25298831 0.05592626 0.90144312
v -0.24996844 0.05486277 0.90188789
v -0.48216799 -0.11668728 0.69820058
v -0.48216799 -0.12257741 0.69340736
v -0.47112662 -0.13059454 0.69434625
v -0.23873830 0.04087371 0.89956540
v -0.23123582 0.02999333 0.89694643
v -0.21401313 0.02336693 0.89847827
v -0.20070684 0.01960379 0.90005952
v -0.18999574 0.01714957 0.90114665
v -0.17003630 0.01265017 0.90317267
v -0.15923083 0.00029725 0.89981246
v -0.15153961 0.00823257 0.90450686
v -0.11001642 0.01003233 0.91127664
v -0.14592454 -0.00207516 0.90089959
v -0.13002305 -0.00461119 0.90208554
v -0.11001642 -0.00747445 0.90341973
v -0.09000979 0.01003233 0.91340148
v -0.07005036 -0.01001048 0.90608811
v -0.05004373 -0.01001048 0.90737289
v -0.03003711 0.00815076 0.91641581
v -0.01003048 0.00757811 0.91661346
v -0.01003048 0.01764041 0.92096192
v -0.00012153 0.02999333 0.92600226
v -0.00012153 -0.26475862 0.71544629
v -0.01003048 -0.26884899 0.71001071
v -0.03003711 -0.26034102 0.72063482
v -0.04353213 -0.26009560 0.72028893
v -0.05013810 -0.26614934 0.71188843
v -0.07005036 -0.26696742 0.70926946
v -0.09000979 -0.26614934 0.70818233
v -0.09000979 -0.27612984 0.69464272
v -0.11001642 -0.27506635 0.69311088
v -0.17131031 -0.29535457 0.64888477
v -0.17003630 -0.28422877 0.66667402
v -0.13002305 -0.27367562 0.69133192
v -0.15002967 -0.26222259 0.70294440
v -0.14851974 -0.27310297 0.68816942
v -0.15418199 -0.27899310 0.67868179
v -0.22845188 -0.33544019 0.54827648
v -0.26176479 -0.34034863 0.52104896
v -0.24996844 -0.34141213 0.52381623
v -0.24996844 -0.33085898 0.55005538
v -0.23595436 -0.35131082 0.50414920
v -0.21000236 -0.31776980 0.59561574
v -0.22628134 -0.32112390 0.58252084
v -0.23175485 -0.32480523 0.57199550
v -0.21000236 -0.31048894 0.61009419
v -0.21000236 -0.30263543 0.62481982
v -0.18999574 -0.29870868 0.63806295
v -0.18999574 -0.29134601 0.65007067
v -0.25298831 -0.28979167 0.63020599
v -0.26950321 -0.28504685 0.63099664
v -0.24996844 -0.29838145 0.61725938
v -0.26256695 -0.28062925 0.64117604
v -0.27587324 -0.27874768 0.63826060
v -0.28960422 -0.26582211 0.65100956
v -0.29602143 -0.25862306 0.65832293
v -0.30814809 -0.24496123 0.67033070
v -0.26997507 -0.32676861 0.55005538
v -0.26997507 -0.32120571 0.56295264
v -0.24996844 -0.31269774 0.59008127
v -0.25298831 -0.30451700 0.60465860
v -0.24996844 -0.31875148 0.57757938
v -0.25298831 -0.30345351 0.60663521
v -0.30036250 -0.24005279 0.68021363
v -0.31366879 -0.23751676 0.67714995
v -0.32999495 -0.22426397 0.68505627
v -0.31621680 -0.21837384 0.69834882
v -0.32999495 -0.21534696 0.69503802
v -0.34438652 -0.20209418 0.70230198
v -0.35099247 -0.19047754 0.71055424
v -0.35759842 -0.17869727 0.71880651
v -0.36996102 -0.18548729 0.70556337
v -0.36996102 -0.17509775 0.71554512
v -0.38255954 -0.16143592 0.72142547
v -0.28913236 -0.34100309 0.50414920
v -0.27511829 -0.33895791 0.51744169
v -0.26907855 -0.33576742 0.52860940
v -0.39581865 -0.15734555 0.71776879
v -0.48216799 -0.14229299 0.67645812
v -0.48216799 -0.13705732 0.68115252
v -0.31904793 -0.09942593 0.79955006
v -0.38071930 -0.14049323 0.74045014
v -0.33027807 -0.12928562 0.77331090
v -0.32376647 -0.12216838 0.78156316
v -0.36996102 -0.14376552 0.74316794
v -0.34853882 -0.14916481 0.74929535
v -0.30998832 -0.13599382 0.77681935
v -0.34297094 -0.16159953 0.74143845
v -0.32999495 -0.15325518 0.75433564
v -0.32999495 -0.14327468 0.76263732
v -0.26638898 -0.02408134 0.86201024
v -0.25298831 -0.01213747 0.87189317
v -0.25520602 0.00307870 0.87856412
v -0.25534758 -0.03733414 0.85855120
v -0.30574164 -0.10327087 0.80216908
v -0.29177475 -0.09009989 0.81595576
v -0.28625405 -0.08347349 0.82213259
v -0.27096596 -0.06972986 0.83557338
v -0.26502061 -0.06285804 0.84160197
v -0.25298831 -0.04919621 0.85286850
v -0.25298831 -0.04175173 0.85692054
v -0.25298831 0.00553292 0.88034308
v -0.24996844 0.02999333 0.89180726
v -0.24911910 0.00986871 0.88330793
v -0.23005618 0.01003233 0.88859534
v -0.20844525 0.01175028 0.89472276
v -0.18999574 0.00716907 0.89674872
v -0.17003630 0.00266967 0.89877474
v -0.17003630 -0.01001048 0.89284497
v -0.15153961 -0.00927421 0.89655107
v -0.13002305 -0.01467350 0.89739114
v -0.11001642 -0.01745494 0.89867592
v -0.09586079 -0.01917290 0.89951599
v -0.08953795 -0.01148301 0.90371621
v -0.08255450 -0.02048182 0.90015835
v -0.07005036 -0.02146351 0.90065253
v -0.05004373 -0.02285423 0.90134430
v -0.03003711 -0.01001048 0.90821296
v -0.01003048 -0.01001048 0.90870708
v -0.00012153 0.00757811 0.91661346
v -0.00012153 0.01764041 0.92096192
v -0.00012153 -0.26058644 0.72093135
v -0.01003048 -0.26058644 0.72088194
v -0.03003711 -0.25183305 0.73051780
v -0.05683844 -0.25968656 0.71984422
v -0.05004373 -0.24136171 0.74153727
v -0.07005036 -0.25927752 0.71930063
v -0.11001642 -0.26508585 0.70674932
v -0.09000979 -0.25837764 0.71821356
v -0.13002305 -0.26377693 0.70501983
v -0.18999574 -0.28242901 0.66390681
v -0.17003630 -0.27760237 0.67665577
v -0.13002305 -0.25584161 0.71505100
v -0.15002967 -0.25412366 0.71297556
v -0.16470435 -0.26083186 0.70121491
v -0.27554294 -0.34378454 0.50414920
v -0.26931447 -0.34501165 0.50414920
v -0.25298831 -0.34820214 0.50414920
v -0.24996844 -0.34877479 0.50414920
v -0.24996844 -0.32333270 0.56759763
v -0.23175485 -0.31670630 0.58953774
v -0.23958763 -0.31981498 0.57990187
v -0.22552638 -0.30108109 0.62210202
v -0.23133019 -0.30541688 0.61177433
v -0.21000236 -0.29682711 0.63480157
v -0.21104045 -0.28611034 0.65170139
v -0.20509508 -0.28103828 0.66168314
v -0.23133019 -0.29560000 0.62926710
v -0.24996844 -0.28226539 0.64364678
v -0.23887986 -0.29960856 0.61963129
v -0.25298831 -0.27531177 0.65288734
v -0.26950321 -0.27351201 0.64868706
v -0.28271514 -0.26075006 0.66123843
v -0.26997507 -0.25518715 0.67393798
v -0.28960422 -0.25265113 0.66879886
v -0.26997507 -0.23694411 0.69656992
v -0.28998169 -0.23342639 0.69241905
v -0.30286333 -0.22107348 0.70131373
v -0.28998169 -0.24185255 0.68238789
v -0.30989397 -0.20994768 0.71001071
v -0.32999495 -0.20536646 0.70571160
v -0.32999495 -0.19554959 0.71564394
v -0.34424496 -0.18213318 0.72206789
v -0.35637161 -0.15783639 0.73817706
v -0.36996102 -0.16511725 0.72468686
v -0.36996102 -0.15374602 0.73466861
v -0.31135669 -0.10997908 0.79525101
v -0.30998832 -0.12593152 0.78437978
v -0.30871433 -0.15039192 0.76575047
v -0.29805040 -0.13910250 0.77919126
v -0.32999495 -0.17493413 0.73545927
v -0.32999495 -0.16487183 0.74440330
v -0.31461251 -0.15718193 0.75764644
v -0.25298831 -0.03471630 0.86062664
v -0.25298831 -0.02898978 0.86354208
v -0.24911910 -0.03046232 0.86393738
v -0.24911910 -0.00870156 0.87470978
v -0.24189973 -0.00109347 0.88049132
v -0.24194692 -0.04109728 0.86052781
v -0.29352060 -0.11660548 0.79752409
v -0.28814146 -0.10997908 0.80409622
v -0.27384427 -0.09680809 0.81783348
v -0.26053798 -0.10032581 0.82015598
v -0.26827639 -0.09009989 0.82396090
v -0.25298831 -0.07578360 0.83769822
v -0.24996844 -0.07676529 0.83804411
v -0.24996844 -0.06678479 0.84387505
v -0.24911910 -0.04862355 0.85430157
v -0.23005618 -0.00444758 0.88202316
v -0.20971926 -0.01082855 0.88399976
v -0.18999574 -0.01001048 0.88879299
v -0.18999574 -0.02408134 0.88197374
v -0.17003630 -0.02808990 0.88399976
v -0.15196428 -0.03193485 0.88528454
v -0.13002305 -0.02997147 0.88973188
v -0.11001642 -0.02997147 0.89244968
v -0.08953795 -0.02825352 0.89556277
v -0.07005036 -0.03152581 0.89566159
v -0.03003711 -0.02367231 0.90173960
v -0.05004373 -0.03283473 0.89630401
v -0.03003711 -0.03365280 0.89679813
v -0.01003048 -0.02416315 0.90198672
v -0.00012153 -0.01001048 0.90870708
v -0.00012153 -0.24708822 0.73649698
v -0.01003048 -0.25199667 0.73081428
v -0.01003048 -0.24201617 0.74227846
v -0.03003711 -0.24177074 0.74198198
v -0.07005036 -0.25011510 0.72997421
v -0.03003711 -0.23219928 0.75201315
v -0.05004373 -0.23179024 0.75151902
v -0.07005036 -0.23105398 0.75082719
v -0.07005036 -0.24062544 0.74079603
v -0.08227138 -0.24021640 0.74025249
v -0.11001642 -0.25723234 0.71678048
v -0.08939639 -0.24684280 0.73170376
v -0.09562486 -0.23948014 0.73946184
v -0.11001642 -0.24733365 0.72844237
v -0.18999574 -0.27572080 0.67388856
v -0.17083845 -0.26655838 0.69172728
v -0.18999574 -0.26565850 0.68787289
v -0.13002305 -0.24586111 0.72681171
v -0.15002967 -0.24414316 0.72478569
v -0.17003630 -0.24209797 0.72251260
v -0.17083845 -0.25346920 0.70877534
v -0.17805782 -0.25952294 0.69953477
v -0.23005618 -0.28463781 0.64745170
v -0.21840137 -0.27948394 0.65950888
v -0.21104045 -0.27457550 0.66904593
v -0.23005618 -0.27817503 0.65743351
v -0.24996844 -0.27555719 0.65367794
v -0.24996844 -0.26557669 0.66790938
v -0.25298831 -0.26516765 0.66731644
v -0.26997507 -0.26271343 0.66390681
v -0.25298831 -0.25780499 0.67724878
v -0.25044030 -0.24741545 0.69148016
v -0.26997507 -0.24512485 0.68658817
v -0.25747094 -0.23907110 0.69909006
v -0.26997507 -0.22696361 0.70798469
v -0.28998169 -0.22344589 0.70398211
v -0.28998169 -0.21420166 0.71396387
v -0.30361828 -0.20143972 0.72157371
v -0.31687739 -0.19857647 0.71865827
v -0.32999495 -0.18556909 0.72537863
v -0.28021431 -0.12012319 0.79999483
v -0.30125901 -0.16053604 0.76046306
v -0.29083103 -0.14924662 0.77365679
v -0.28474411 -0.14212938 0.78166199
v -0.31640553 -0.17820643 0.73847353
v -0.23005618 -0.02997147 0.86942244
v -0.23005618 -0.01442808 0.87722993
v -0.23005618 -0.05402284 0.85667342
v -0.23005618 -0.04404234 0.86210907
v -0.25298831 -0.10204376 0.82129252
v -0.24996844 -0.09001808 0.82984126
v -0.26997507 -0.12249561 0.80177373
v -0.24996844 -0.11276053 0.81496745
v -0.23906860 -0.07954674 0.83962536
v -0.21618366 -0.01810940 0.87900889
v -0.20283018 -0.02129989 0.88059014
v -0.18999574 -0.03406184 0.87688404
v -0.17003630 -0.03807040 0.87891006
v -0.15984425 -0.03995197 0.87989831
v -0.14658514 -0.04207896 0.88103485
v -0.13002305 -0.04445138 0.88231969
v -0.11001642 -0.04690560 0.88365388
v -0.09000979 -0.04903259 0.88479042
v -0.07189059 -0.05197766 0.88479042
v -0.05004373 -0.05001428 0.88735998
v -0.03003711 -0.05001428 0.88824940
v -0.01003048 -0.05001428 0.88874358
v -0.01003048 -0.03414365 0.89699578
v -0.00012153 -0.02416315 0.90198672
v -0.00012153 -0.02923521 0.89946651
v -0.00012153 -0.24201617 0.74227846
v -0.01003048 -0.23252651 0.75230968
v -0.03003711 -0.22221878 0.76219261
v -0.05004373 -0.22172794 0.76174784
v -0.07005036 -0.22107348 0.76105607
v -0.08444192 -0.22041902 0.76041365
v -0.09779540 -0.21968275 0.75972188
v -0.11001642 -0.23849845 0.73847353
v -0.21000236 -0.26344970 0.68480921
v -0.18999574 -0.25821403 0.69785470
v -0.13002305 -0.23702592 0.73674405
v -0.15002967 -0.23522615 0.73481685
v -0.18329541 -0.24070725 0.72098076
v -0.22618698 -0.26148632 0.68214083
v -0.23175485 -0.26745826 0.67191195
v -0.23949327 -0.25976837 0.67991716
v -0.24996844 -0.25821403 0.67789114
v -0.25298831 -0.24438858 0.69424742
v -0.24407026 -0.24119809 0.70156080
v -0.25298831 -0.23039952 0.71060365
v -0.25983021 -0.21984637 0.71999246
v -0.26997507 -0.21796480 0.71801585
v -0.28998169 -0.20413937 0.72434098
v -0.28998169 -0.19407706 0.73432273
v -0.30305207 -0.18131511 0.74129015
v -0.26997507 -0.13247611 0.79426271
v -0.28998169 -0.17305256 0.75384152
v -0.28998169 -0.16299026 0.76258790
v -0.26997507 -0.15538217 0.77627575
v -0.26997507 -0.14548348 0.78428096
v -0.20971926 -0.02874436 0.87515455
v -0.23142456 -0.07169323 0.84619755
v -0.21457936 -0.05762237 0.85865003
v -0.20877555 -0.05058693 0.86388797
v -0.24996844 -0.10269822 0.82173729
v -0.23142456 -0.08952723 0.83552396
v -0.24996844 -0.13689370 0.79757351
v -0.25298831 -0.12625875 0.80449152
v -0.23005618 -0.11701451 0.81783348
v -0.23005618 -0.10703401 0.82460332
v -0.22571512 -0.08240999 0.84145373
v -0.18999574 -0.05001428 0.86838472
v -0.17003630 -0.05001428 0.87248611
v -0.15196428 -0.04919621 0.87619221
v -0.13002305 -0.05451369 0.87688404
v -0.11001642 -0.05696791 0.87826765
v -0.09000979 -0.05901309 0.87940419
v -0.07977055 -0.05991297 0.87989831
v -0.06646426 -0.06089466 0.88044190
v -0.05004373 -0.06179454 0.88098544
v -0.03003711 -0.06261262 0.88143021
v -0.01003048 -0.06310346 0.88167727
v -0.00012153 -0.05001428 0.88879299
v -0.00012153 -0.03414365 0.89699578
v -0.00012153 -0.23252651 0.75230968
v -0.01003048 -0.22246420 0.76248908
v -0.03003711 -0.21182925 0.77222377
v -0.05004373 -0.21125659 0.77172965
v -0.07005036 -0.21052033 0.77108723
v -0.08095019 -0.20004900 0.78003126
v -0.11001642 -0.20880237 0.76832002
v -0.11001642 -0.21878287 0.75883240
v -0.11001642 -0.22843614 0.74890006
v -0.09430367 -0.19914912 0.77929008
v -0.13002305 -0.22704542 0.74731874
v -0.21000236 -0.25584161 0.69479096
v -0.21000236 -0.24586111 0.70714462
v -0.19660170 -0.23915291 0.71915239
v -0.17003630 -0.23309916 0.73249435
v -0.15002967 -0.22516385 0.74544102
v -0.17003630 -0.22311866 0.74326676
v -0.18560749 -0.22131890 0.74138904
v -0.19896097 -0.21968275 0.73970890
v -0.23175485 -0.25445089 0.68930596
v -0.23005618 -0.24324328 0.70398211
v -0.23005618 -0.23457170 0.71401328
v -0.24642953 -0.22205517 0.72231495
v -0.25298831 -0.21371081 0.72868943
v -0.26020768 -0.20004900 0.74010420
v -0.26813483 -0.20642996 0.73051780
v -0.27360836 -0.19734935 0.73753464
v -0.28998169 -0.18409656 0.74385977
v -0.26997507 -0.17722474 0.75759703
v -0.26997507 -0.16732605 0.76624459
v -0.25600818 -0.15840904 0.77864766
v -0.25298831 -0.15489133 0.78245258
v -0.20877555 -0.06825732 0.85390621
v -0.20122588 -0.06048562 0.86023128
v -0.21000236 -0.09566279 0.83720404
v -0.23821926 -0.13934793 0.79940182
v -0.23099989 -0.13157623 0.80711055
v -0.21821263 -0.11938693 0.81946421
v -0.21000236 -0.08560048 0.84338093
v -0.18999574 -0.06261262 0.86146665
v -0.17003630 -0.06613033 0.86349267
v -0.14913315 -0.07112058 0.86443156
v -0.13002305 -0.06997528 0.86813766
v -0.11001642 -0.06997528 0.87085545
v -0.09000979 -0.06997528 0.87312853
v -0.07189059 -0.06858455 0.87559927
v -0.05004373 -0.07185685 0.87525338
v -0.03003711 -0.07267492 0.87564868
v -0.01003048 -0.07300215 0.87589574
v -0.00012153 -0.07308396 0.87594515
v -0.00012153 -0.06310346 0.88167727
v -0.00012153 -0.22246420 0.76248908
v -0.01003048 -0.21207467 0.77247083
v -0.01003048 -0.20209418 0.78185964
v -0.03003711 -0.20176695 0.78161258
v -0.05004373 -0.20127611 0.78116781
v -0.07005036 -0.20045803 0.78047603
v -0.05004373 -0.18810512 0.79282969
v -0.05674407 -0.17967896 0.79974777
v -0.07005036 -0.17910631 0.79925358
v -0.09000979 -0.17796101 0.79831469
v -0.08859423 -0.19145922 0.78670228
v -0.13002305 -0.20716622 0.76678813
v -0.13002305 -0.21722853 0.75730056
v -0.11001642 -0.19808562 0.77830178
v -0.11001642 -0.18810512 0.78709757
v -0.21000236 -0.23735315 0.71717584
v -0.21000236 -0.22737265 0.72814590
v -0.15002967 -0.21526515 0.75542277
v -0.17003630 -0.21305636 0.75329792
v -0.19207190 -0.21043852 0.75053072
v -0.19853631 -0.19947635 0.75957364
v -0.21000236 -0.20806611 0.74805999
v -0.21000236 -0.21804661 0.73812765
v -0.23005618 -0.22450939 0.72508216
v -0.23005618 -0.21510154 0.73506391
v -0.24996844 -0.20184876 0.74188316
v -0.25298831 -0.18712343 0.75463212
v -0.25898087 -0.17951535 0.75962305
v -0.26813483 -0.19039573 0.74618220
v -0.25298831 -0.16536267 0.77375561
v -0.24270189 -0.16094507 0.78082192
v -0.18999574 -0.07267492 0.85563576
v -0.19537488 -0.09836243 0.83893359
v -0.21089889 -0.11161523 0.82643163
v -0.23099989 -0.14908300 0.79381800
v -0.22486578 -0.14172034 0.80127960
v -0.21089889 -0.12904020 0.81432509
v -0.20490634 -0.12175934 0.82114428
v -0.18928796 -0.09108157 0.84476453
v -0.17003630 -0.07619264 0.85771114
v -0.15522008 -0.07856505 0.85909474
v -0.14186659 -0.08052842 0.86023128
v -0.13002305 -0.08200096 0.86117017
v -0.11001642 -0.08429156 0.86250436
v -0.09000979 -0.08617313 0.86364090
v -0.07005036 -0.08764566 0.86453038
v -0.05004373 -0.08879097 0.86522216
v -0.03003711 -0.08952723 0.86571634
v -0.00837898 -0.09189965 0.86472803
v -0.00012153 -0.08347349 0.86976832
v -0.00012153 -0.21207467 0.77247083
v -0.00012153 -0.20716622 0.77716523
v -0.00012153 -0.20209418 0.78185964
v -0.01003048 -0.19072296 0.79189080
v -0.03003711 -0.19047754 0.79164374
v -0.04343776 -0.18016981 0.80014306
v -0.05004373 -0.17182545 0.80651754
v -0.07005036 -0.16912581 0.80735761
v -0.09000979 -0.16798051 0.80646813
v -0.11001642 -0.16658978 0.80528218
v -0.11001642 -0.17657028 0.79707932
v -0.15002967 -0.20520285 0.76495981
v -0.13002305 -0.19644947 0.77676994
v -0.13002305 -0.18638717 0.78561515
v -0.17003630 -0.20307587 0.76288438
v -0.18513565 -0.20119430 0.76120430
v -0.18221015 -0.18057884 0.78047603
v -0.19551644 -0.17869727 0.77884531
v -0.21000236 -0.18785970 0.76698583
v -0.21000236 -0.19784020 0.75794291
v -0.23005618 -0.20512104 0.74509513
v -0.23005618 -0.19464971 0.75507689
v -0.24558020 -0.18196957 0.76179725
v -0.25298831 -0.17272533 0.76743054
v -0.23005618 -0.17321618 0.77420038
v -0.23005618 -0.16323568 0.78269970
v -0.18206859 -0.10065304 0.84036660
v -0.18928796 -0.10834293 0.83364618
v -0.21000236 -0.14433818 0.80325615
v -0.21000236 -0.15423687 0.79539925
v -0.18999574 -0.13411225 0.81565928
v -0.18999574 -0.12413175 0.82282436
v -0.17003630 -0.09001808 0.84936005
v -0.14913315 -0.08830012 0.85420269
v -0.15002967 -0.10539787 0.84343028
v -0.13002305 -0.09198146 0.85504276
v -0.11001642 -0.09427206 0.85642636
v -0.09000979 -0.09615363 0.85756290
v -0.07005036 -0.09762616 0.85845238
v -0.05004373 -0.09877147 0.85914415
v -0.03003711 -0.09950773 0.85963833
v -0.01399405 -0.09983496 0.85983598
v -0.00064057 -0.09999858 0.85993481
v -0.00012153 -0.09999858 0.85993481
v -0.00012153 -0.19072296 0.79189080
v -0.01003048 -0.18074246 0.80063719
v -0.03003711 -0.18049704 0.80039012
v -0.03003711 -0.16994388 0.80893886
v -0.03003711 -0.15808181 0.81847590
v -0.05004373 -0.15742736 0.81808060
v -0.07005036 -0.15652747 0.81738877
v -0.09000979 -0.15538217 0.81644988
v -0.11001642 -0.15382783 0.81531334
v -0.13002305 -0.16479002 0.80384916
v -0.13002305 -0.17477052 0.79564631
v -0.15002967 -0.19432248 0.77499098
v -0.15002967 -0.18434198 0.78383619
v -0.17003630 -0.19203188 0.77291560
v -0.17003630 -0.18205138 0.78181022
v -0.17046097 -0.16855316 0.79307675
v -0.17739722 -0.15922712 0.79940182
v -0.18938233 -0.17117099 0.78665286
v -0.21000236 -0.16650797 0.78546691
v -0.21000236 -0.17648847 0.77696759
v -0.23005618 -0.18458740 0.76416916
v -0.17003630 -0.10253461 0.84155256
v -0.17003630 -0.11251511 0.83493102
v -0.18999574 -0.15734555 0.79791939
v -0.18999574 -0.14744686 0.80567747
v -0.17003630 -0.13705732 0.81783348
v -0.17003630 -0.12699501 0.82489979
v -0.15002967 -0.11537836 0.83685815
v -0.13002305 -0.11791439 0.83848882
v -0.13002305 -0.10785209 0.84506100
v -0.10992205 -0.11161523 0.84535748
v -0.09000979 -0.10997908 0.84866828
v -0.07005036 -0.10997908 0.85049659
v -0.05004373 -0.10997908 0.85188019
v -0.03003711 -0.10997908 0.85276967
v -0.00837898 -0.10801570 0.85459805
v -0.00012153 -0.10801570 0.85464746
v -0.00012153 -0.18074246 0.80063719
v -0.00012153 -0.16994388 0.80948246
v -0.01003048 -0.16994388 0.80943304
v -0.01003048 -0.15832724 0.81872296
v -0.01003048 -0.14842854 0.82628340
v -0.03003711 -0.14810131 0.82603633
v -0.05004373 -0.14761047 0.82554221
v -0.07005036 -0.14671059 0.82489979
v -0.09000979 -0.14540167 0.82396090
v -0.11001642 -0.14384733 0.82277501
v -0.13002305 -0.14196576 0.82139134
v -0.13002305 -0.15194626 0.81383091
v -0.15002967 -0.16266303 0.80216908
v -0.15002967 -0.17264353 0.79386741
v -0.16409093 -0.16094507 0.80078542
v -0.17046097 -0.15161903 0.80676460
v -0.15597504 -0.13902070 0.81921715
v -0.14960501 -0.13133080 0.82573986
v -0.11652801 -0.11930512 0.83947712
v -0.14262156 -0.14057504 0.82040310
v -0.13002305 -0.13002189 0.82994008
v -0.10317454 -0.12061404 0.84031719
v -0.09000979 -0.12159573 0.84105837
v -0.07005036 -0.12290464 0.84194785
v -0.05004373 -0.12388633 0.84263968
v -0.03003711 -0.12454079 0.84308439
v -0.01003048 -0.12486802 0.84333146
v -0.00012153 -0.11595102 0.84936005
v -0.00012153 -0.15840904 0.81872296
v -0.00012153 -0.15358241 0.82247847
v -0.00012153 -0.14851035 0.82628340
v -0.01003048 -0.13484852 0.83626521
v -0.03003711 -0.13460310 0.83601809
v -0.05004373 -0.13386683 0.83557338
v -0.07005036 -0.13296695 0.83483213
v -0.09000979 -0.13157623 0.83394271
v -0.10992205 -0.12838574 0.83394271
v -0.14960501 -0.14834674 0.81323797
v -0.00012153 -0.12486802 0.84333146
v -0.00012153 -0.13493033 0.83626521
f 1 2 7
f 1 7 3
f 1 3 10
f 1 10 21
f 1 21 36
f 1 36 59
f 1 59 90
f 1 90 127
f 1 127 161
f 1 161 202
f 1 202 285
f 1 285 377
f 1 377 448
f 1 448 450
f 1 450 520
f 1 520 607
f 1 607 688
f 1 688 769
f 1 769 768
f 1 768 864
f 1 864 962
f 1 962 1066
f 1 1066 1069
f 1 1069 1180
f 1 1180 1289
f 1 1289 1291
f 1 1291 1405
f 1 1405 1512
f 1 1512 1611
f 1 1611 1610
f 1 1610 1693
f 1 1693 1762
f 1 1762 1763
f 1 1763 1817
f 1 1817 1816
f 1 1816 1868
f 1 1868 1867
f 1 1867 1918
f 1 1918 1962
f 1 1962 1999
f 1 1999 2027
f 1 2027 2038
f 1 2038 2039
f 1 2039 2030
f 1 2030 2029
f 1 2029 2028
f 1 2028 2001
f 1 2001 2000
f 1 2000 1963
f 1 1963 1921
f 1 1921 1920
f 1 1920 1919
f 1 1919 1869
f 1 1869 1818
f 1 1818 1764
f 1 1764 1694
f 1 1694 1612
f 1 1612 1513
f 1 1513 1406
f 1 1406 1292
f 1 1292 1181
f 1 1181 1071
f 1 1071 967
f 1 967 872
f 1 872 775
f 1 775 690
f 1 690 609
f 1 609 521
f 1 521 451
f 1 451 378
f 1 378 294
f 1 294 291
f 1 291 290
f 1 290 289
f 1 289 288
f 1 288 287
f 1 287 286
f 1 286 246
f 1 246 169
f 1 169 134
f 1 134 95
f 1 95 91
f 1 91 60
f 1 60 37
f 1 37 22
f 1 22 11
f 1 11 4
f 1 4 8
f 1 8 2
f 2 5 6
f 2 6 7
f 2 8 9
f 2 9 5
f 3 7 17
f 3 17 10
f 4 11 18
f 4 18 8
f 5 12 14
f 5 14 6
f 5 9 13
f 5 13 12
f 6 14 15
f 6 15 16
f 6 16 17
f 6 17 7
f 8 18 19
f 8 19 9
f 9 19 20
f 9 20 13
f 10 17 31
f 10 31 21
f 11 22 32
f 11 32 18
f 12 23 24
f 12 24 14
f 12 13 25
f 12 25 23
f 13 20 26
f 13 26 27
f 13 27 25
f 14 24 28
f 14 28 15
f 15 28 29
f 15 29 30
f 15 30 16
f 16 30 31
f 16 31 17
f 18 32 33
f 18 33 19
f 19 33 34
f 19 34 20
f 20 34 35
f 20 35 26
f 21 31 36
f 22 37 38
f 22 38 32
f 23 39 40
f 23 40 24
f 23 25 39
f 24 40 28
f 25 27 41
f 25 41 42
f 25 42 39
f 26 35 43
f 26 43 44
f 26 44 27
f 27 45 41
f 27 44 45
f 28 46 47
f 28 47 48
f 28 48 29
f 28 40 46
f 29 48 49
f 29 49 50
f 29 50 30
f 30 50 51
f 30 51 31
f 31 51 52
f 31 52 36
f 32 38 53
f 32 53 54
f 32 54 33
f 33 54 55
f 33 55 56
f 33 56 34
f 34 56 57
f 34 57 44
f 34 44 35
f 35 44 43
f 36 52 58
f 36 58 59
f 37 60 38
f 38 60 61
f 38 61 62
f 38 62 53
f 39 63 64
f 39 64 40
f 39 42 65
f 39 65 63
f 40 64 66
f 40 66 67
f 40 67 68
f 40 68 46
f 41 69 42
f 41 45 70
f 41 70 71
f 41 71 72
f 41 72 69
f 42 69 73
f 42 73 65
f 44 57 74
f 44 74 75
f 44 75 76
f 44 76 77
f 44 77 45
f 45 77 70
f 46 68 78
f 46 78 47
f 47 78 79
f 47 79 80
f 47 80 48
f 48 80 49
f 49 81 82
f 49 82 83
f 49 83 50
f 49 80 81
f 50 83 84
f 50 84 51
f 51 84 58
f 51 58 52
f 53 62 85
f 53 85 54
f 54 85 86
f 54 86 55
f 55 86 87
f 55 87 56
f 56 87 57
f 57 87 74
f 58 84 88
f 58 88 89
f 58 89 90
f 58 90 59
f 60 91 61
f 61 92 93
f 61 93 94
f 61 94 133
f 61 133 96
f 61 96 62
f 61 91 95
f 61 95 92
f 62 96 85
f 63 65 97
f 63 97 64
f 64 98 99
f 64 99 67
f 64 67 66
f 64 97 100
f 64 100 98
f 65 101 100
f 65 100 97
f 65 73 69
f 65 69 102
f 65 102 103
f 65 103 101
f 67 99 98
f 67 98 104
f 67 104 105
f 67 105 68
f 68 105 78
f 69 72 106
f 69 106 107
f 69 107 103
f 69 103 102
f 70 77 108
f 70 108 109
f 70 109 71
f 71 109 76
f 71 76 72
f 72 76 110
f 72 110 111
f 72 111 112
f 72 112 106
f 74 87 113
f 74 113 114
f 74 114 115
f 74 115 75
f 75 115 76
f 76 109 108
f 76 108 77
f 76 115 116
f 76 116 117
f 76 117 111
f 76 111 110
f 78 105 118
f 78 118 79
f 79 118 119
f 79 119 120
f 79 120 80
f 80 120 81
f 81 120 82
f 82 121 122
f 82 122 123
f 82 123 156
f 82 156 124
f 82 124 83
f 82 120 121
f 83 124 84
f 84 124 88
f 85 96 86
f 86 96 87
f 87 96 113
f 88 124 125
f 88 125 126
f 88 126 89
f 89 126 127
f 89 127 90
f 92 95 128
f 92 128 129
f 92 129 130
f 92 130 131
f 92 131 93
f 93 132 133
f 93 133 94
f 93 131 132
f 95 134 135
f 95 135 128
f 96 133 113
f 98 100 101
f 98 101 136
f 98 136 137
f 98 137 173
f 98 173 138
f 98 138 104
f 101 103 107
f 101 107 136
f 104 138 174
f 104 174 139
f 104 139 105
f 105 139 118
f 106 140 141
f 106 141 142
f 106 142 143
f 106 143 107
f 106 112 144
f 106 144 140
f 107 143 136
f 111 117 145
f 111 145 146
f 111 146 112
f 112 146 144
f 113 133 147
f 113 147 114
f 114 147 115
f 115 147 133
f 115 133 148
f 115 148 149
f 115 149 116
f 116 149 150
f 116 150 151
f 116 151 145
f 116 145 117
f 118 139 152
f 118 152 119
f 119 152 193
f 119 193 153
f 119 153 121
f 119 121 120
f 121 153 154
f 121 154 122
f 122 154 196
f 122 196 155
f 122 155 157
f 122 157 123
f 123 157 158
f 123 158 156
f 124 156 125
f 125 156 158
f 125 158 159
f 125 159 160
f 125 160 126
f 126 160 161
f 126 161 127
f 128 135 129
f 129 135 162
f 129 162 163
f 129 163 164
f 129 164 165
f 129 165 130
f 130 165 166
f 130 166 131
f 131 166 167
f 131 167 168
f 131 168 132
f 132 168 148
f 132 148 133
f 134 169 135
f 135 169 170
f 135 170 162
f 136 171 172
f 136 172 137
f 136 143 171
f 137 172 173
f 138 173 249
f 138 249 174
f 139 174 191
f 139 191 152
f 140 175 176
f 140 176 177
f 140 177 178
f 140 178 179
f 140 179 180
f 140 180 141
f 140 144 181
f 140 181 182
f 140 182 175
f 141 180 183
f 141 183 184
f 141 184 185
f 141 185 142
f 142 185 184
f 142 184 186
f 142 186 171
f 142 171 143
f 144 146 151
f 144 151 181
f 145 151 146
f 148 168 167
f 148 167 149
f 149 167 150
f 150 167 187
f 150 187 188
f 150 188 189
f 150 189 181
f 150 181 190
f 150 190 151
f 151 190 181
f 152 191 192
f 152 192 193
f 153 193 194
f 153 194 154
f 154 194 195
f 154 195 196
f 155 196 197
f 155 197 198
f 155 198 157
f 157 198 199
f 157 199 158
f 158 199 200
f 158 200 159
f 159 200 201
f 159 201 160
f 160 201 161
f 161 201 202
f 162 170 203
f 162 203 204
f 162 204 205
f 162 205 206
f 162 206 207
f 162 207 208
f 162 208 209
f 162 209 295
f 162 295 380
f 162 380 455
f 162 455 533
f 162 533 624
f 162 624 623
f 162 623 708
f 162 708 799
f 162 799 798
f 162 798 900
f 162 900 1004
f 162 1004 1115
f 162 1115 1229
f 162 1229 1228
f 162 1228 1345
f 162 1345 1461
f 162 1461 1456
f 162 1456 1569
f 162 1569 1570
f 162 1570 1492
f 162 1492 1491
f 162 1491 1382
f 162 1382 1381
f 162 1381 1264
f 162 1264 1150
f 162 1150 1263
f 162 1263 1149
f 162 1149 1038
f 162 1038 937
f 162 937 936
f 162 936 833
f 162 833 740
f 162 740 655
f 162 655 654
f 162 654 564
f 162 564 482
f 162 482 411
f 162 411 410
f 162 410 333
f 162 333 242
f 162 242 163
f 163 210 211
f 163 211 212
f 163 212 213
f 163 213 214
f 163 214 215
f 163 215 216
f 163 216 217
f 163 217 218
f 163 218 219
f 163 219 220
f 163 220 221
f 163 221 222
f 163 222 223
f 163 223 224
f 163 224 225
f 163 225 226
f 163 226 227
f 163 227 228
f 163 228 229
f 163 229 230
f 163 230 231
f 163 231 232
f 163 232 233
f 163 233 234
f 163 234 235
f 163 235 236
f 163 236 237
f 163 237 238
f 163 238 239
f 163 239 240
f 163 240 241
f 163 241 164
f 163 242 210
f 164 243 244
f 164 244 245
f 164 245 165
f 164 241 243
f 165 245 166
f 166 245 187
f 166 187 167
f 169 246 203
f 169 203 170
f 171 186 247
f 171 247 172
f 172 247 248
f 172 248 173
f 173 248 249
f 174 249 270
f 174 270 191
f 175 250 251
f 175 251 252
f 175 252 253
f 175 253 254
f 175 254 176
f 175 182 255
f 175 255 256
f 175 256 250
f 176 254 257
f 176 257 258
f 176 258 177
f 177 258 259
f 177 259 178
f 178 259 260
f 178 260 261
f 178 261 179
f 179 261 262
f 179 262 180
f 180 262 184
f 180 184 183
f 181 255 182
f 181 189 255
f 184 262 263
f 184 263 264
f 184 264 186
f 186 264 265
f 186 265 266
f 186 266 247
f 187 245 188
f 188 244 267
f 188 267 268
f 188 268 255
f 188 255 269
f 188 269 189
f 188 245 244
f 189 269 255
f 191 270 192
f 192 271 272
f 192 272 273
f 192 273 193
f 192 270 271
f 193 273 194
f 194 273 195
f 195 274 275
f 195 275 276
f 195 276 196
f 195 273 274
f 196 276 277
f 196 277 278
f 196 278 197
f 197 278 279
f 197 279 280
f 197 280 198
f 198 280 281
f 198 281 282
f 198 282 199
f 199 282 283
f 199 283 200
f 200 283 201
f 201 283 284
f 201 284 285
f 201 285 202
f 203 246 204
f 204 246 205
f 205 246 286
f 205 286 287
f 205 287 206
f 206 287 288
f 206 288 207
f 207 288 208
f 208 288 289
f 208 289 290
f 208 290 291
f 208 291 292
f 208 292 209
f 209 293 294
f 209 294 378
f 209 378 452
f 209 452 523
f 209 523 610
f 209 610 691
f 209 691 776
f 209 776 873
f 209 873 972
f 209 972 1079
f 209 1079 1192
f 209 1192 1305
f 209 1305 1420
f 209 1420 1532
f 209 1532 1629
f 209 1629 1628
f 209 1628 1627
f 209 1627 1626
f 209 1626 1565
f 209 1565 1446
f 209 1446 1331
f 209 1331 1214
f 209 1214 1202
f 209 1202 1089
f 209 1089 980
f 209 980 880
f 209 880 781
f 209 781 696
f 209 696 613
f 209 613 525
f 209 525 453
f 209 453 379
f 209 379 295
f 209 292 296
f 209 296 293
f 210 242 297
f 210 297 298
f 210 298 211
f 211 298 299
f 211 299 212
f 212 299 213
f 213 300 214
f 213 299 300
f 214 300 301
f 214 301 215
f 215 302 216
f 215 301 302
f 216 302 303
f 216 303 217
f 217 303 304
f 217 304 305
f 217 305 218
f 218 305 306
f 218 306 219
f 219 306 220
f 220 306 221
f 221 306 307
f 221 307 308
f 221 308 222
f 222 308 309
f 222 309 223
f 223 309 224
f 224 309 310
f 224 310 311
f 224 311 225
f 225 312 226
f 225 311 312
f 226 312 227
f 227 313 314
f 227 314 228
f 227 312 313
f 228 314 313
f 228 313 315
f 228 315 316
f 228 316 229
f 229 316 317
f 229 317 318
f 229 318 230
f 230 318 231
f 231 318 319
f 231 319 320
f 231 320 232
f 232 320 321
f 232 321 322
f 232 322 323
f 232 323 324
f 232 324 233
f 233 324 234
f 234 324 325
f 234 325 235
f 235 325 326
f 235 326 236
f 236 326 327
f 236 327 237
f 237 327 328
f 237 328 238
f 238 328 329
f 238 329 239
f 239 329 240
f 240 330 331
f 240 331 241
f 240 329 332
f 240 332 330
f 241 331 243
f 242 333 334
f 242 334 335
f 242 335 297
f 243 331 244
f 244 331 268
f 244 268 267
f 247 266 336
f 247 336 337
f 247 337 338
f 247 338 248
f 248 338 339
f 248 339 249
f 249 339 270
f 250 340 341
f 250 341 342
f 250 342 343
f 250 343 251
f 250 256 340
f 251 343 344
f 251 344 252
f 252 344 253
f 253 344 345
f 253 345 257
f 253 257 254
f 255 268 256
f 256 268 330
f 256 330 346
f 256 346 340
f 257 345 347
f 257 347 348
f 257 348 258
f 258 348 349
f 258 349 259
f 259 349 350
f 259 350 260
f 260 350 351
f 260 351 261
f 261 351 352
f 261 352 353
f 261 353 262
f 262 353 263
f 263 266 354
f 263 354 264
f 263 353 266
f 264 354 266
f 264 266 265
f 266 353 355
f 266 355 356
f 266 356 336
f 268 331 330
f 270 357 358
f 270 358 272
f 270 272 271
f 270 339 357
f 272 358 359
f 272 359 360
f 272 360 361
f 272 361 362
f 272 362 273
f 273 362 274
f 274 362 363
f 274 363 275
f 275 363 364
f 275 364 365
f 275 365 366
f 275 366 276
f 276 366 277
f 277 279 278
f 277 366 367
f 277 367 368
f 277 368 369
f 277 369 370
f 277 370 279
f 279 370 369
f 279 369 371
f 279 371 280
f 280 371 372
f 280 372 281
f 281 372 373
f 281 373 282
f 282 373 374
f 282 374 283
f 283 374 375
f 283 375 376
f 283 376 284
f 284 376 448
f 284 448 377
f 284 377 285
f 291 296 292
f 291 294 296
f 293 296 294
f 295 379 380
f 297 381 299
f 297 299 298
f 297 335 382
f 297 382 383
f 297 383 381
f 299 384 385
f 299 385 386
f 299 386 300
f 299 381 387
f 299 387 384
f 300 388 301
f 300 386 388
f 301 388 302
f 302 389 304
f 302 304 303
f 302 388 390
f 302 390 389
f 304 391 305
f 304 389 392
f 304 392 391
f 305 391 306
f 306 391 307
f 307 391 393
f 307 393 308
f 308 394 310
f 308 310 309
f 308 393 395
f 308 395 394
f 310 396 311
f 310 394 396
f 311 396 397
f 311 397 313
f 311 313 312
f 313 397 398
f 313 398 315
f 315 398 316
f 316 399 400
f 316 400 317
f 316 398 399
f 317 400 401
f 317 401 319
f 317 319 318
f 319 401 402
f 319 402 321
f 319 321 320
f 321 402 403
f 321 403 322
f 322 403 404
f 322 404 324
f 322 324 323
f 324 404 405
f 324 405 325
f 325 405 326
f 326 405 406
f 326 406 407
f 326 407 327
f 327 407 328
f 328 408 329
f 328 407 408
f 329 408 332
f 330 332 409
f 330 409 346
f 332 408 409
f 333 410 334
f 334 410 411
f 334 411 412
f 334 412 413
f 334 413 335
f 335 413 382
f 336 356 414
f 336 414 337
f 337 414 415
f 337 415 338
f 338 415 416
f 338 416 339
f 339 417 357
f 339 416 417
f 340 346 341
f 341 418 419
f 341 419 420
f 341 420 421
f 341 421 342
f 341 346 418
f 342 421 343
f 343 421 422
f 343 422 423
f 343 423 344
f 344 423 347
f 344 347 345
f 346 409 418
f 347 423 424
f 347 424 348
f 348 424 425
f 348 425 349
f 349 425 426
f 349 426 350
f 350 426 427
f 350 427 428
f 350 428 351
f 351 428 352
f 352 428 429
f 352 429 353
f 353 429 430
f 353 430 431
f 353 431 355
f 355 431 432
f 355 432 414
f 355 414 356
f 357 417 433
f 357 433 358
f 358 433 359
f 359 434 435
f 359 435 360
f 359 433 434
f 360 435 436
f 360 436 361
f 361 436 437
f 361 437 362
f 362 437 438
f 362 438 363
f 363 438 364
f 364 438 365
f 365 367 366
f 365 438 439
f 365 439 508
f 365 508 440
f 365 440 368
f 365 368 367
f 368 440 441
f 368 441 442
f 368 442 369
f 369 442 443
f 369 443 371
f 371 443 372
f 372 443 444
f 372 444 373
f 373 444 445
f 373 445 446
f 373 446 374
f 374 446 447
f 374 447 375
f 375 447 376
f 376 447 449
f 376 449 450
f 376 450 448
f 378 451 452
f 379 453 454
f 379 454 455
f 379 455 380
f 381 383 456
f 381 456 387
f 382 413 457
f 382 457 383
f 383 457 458
f 383 458 456
f 384 387 456
f 384 456 458
f 384 458 459
f 384 459 460
f 384 460 461
f 384 461 462
f 384 462 385
f 385 462 388
f 385 388 386
f 388 462 390
f 389 390 463
f 389 463 464
f 389 464 392
f 390 462 465
f 390 465 463
f 391 392 393
f 392 466 393
f 392 464 466
f 393 466 395
f 394 395 467
f 394 467 468
f 394 468 396
f 395 466 469
f 395 469 467
f 396 468 470
f 396 470 397
f 397 470 471
f 397 471 398
f 398 471 399
f 399 472 473
f 399 473 400
f 399 471 472
f 400 473 474
f 400 474 401
f 401 474 475
f 401 475 402
f 402 475 476
f 402 476 403
f 403 477 404
f 403 476 477
f 404 477 478
f 404 478 406
f 404 406 405
f 406 479 480
f 406 480 407
f 406 478 479
f 407 480 481
f 407 481 408
f 408 481 409
f 409 481 418
f 411 482 412
f 412 482 483
f 412 483 413
f 413 483 484
f 413 484 457
f 414 432 485
f 414 485 486
f 414 486 415
f 415 486 487
f 415 487 416
f 416 487 417
f 417 488 433
f 417 487 488
f 418 481 480
f 418 480 419
f 419 480 479
f 419 479 489
f 419 489 420
f 420 489 490
f 420 490 491
f 420 491 421
f 421 491 492
f 421 492 422
f 422 492 493
f 422 493 423
f 423 493 424
f 424 493 494
f 424 494 425
f 425 494 495
f 425 495 496
f 425 496 426
f 426 496 427
f 427 496 497
f 427 497 498
f 427 498 428
f 428 498 429
f 429 498 499
f 429 499 430
f 430 499 500
f 430 500 431
f 431 500 501
f 431 501 485
f 431 485 432
f 433 488 434
f 434 488 502
f 434 502 435
f 435 502 503
f 435 503 504
f 435 504 505
f 435 505 436
f 436 505 506
f 436 506 438
f 436 438 437
f 438 506 507
f 438 507 439
f 439 507 508
f 440 508 509
f 440 509 510
f 440 510 441
f 441 510 511
f 441 511 512
f 441 512 513
f 441 513 442
f 442 514 443
f 442 513 515
f 442 515 600
f 442 600 514
f 443 514 445
f 443 445 444
f 445 516 446
f 445 514 600
f 445 600 517
f 445 517 516
f 446 516 447
f 447 516 518
f 447 518 449
f 449 518 519
f 449 519 450
f 450 519 520
f 451 521 608
f 451 608 522
f 451 522 452
f 452 522 524
f 452 524 523
f 453 525 526
f 453 526 454
f 454 527 528
f 454 528 529
f 454 529 455
f 454 526 530
f 454 530 527
f 455 529 531
f 455 531 532
f 455 532 533
f 457 484 534
f 457 534 535
f 457 535 536
f 457 536 537
f 457 537 538
f 457 538 539
f 457 539 459
f 457 459 458
f 459 539 540
f 459 540 460
f 460 540 541
f 460 541 542
f 460 542 543
f 460 543 461
f 461 543 465
f 461 465 462
f 463 544 545
f 463 545 464
f 463 465 544
f 464 545 546
f 464 546 466
f 465 543 547
f 465 547 548
f 465 548 544
f 466 546 549
f 466 549 469
f 467 550 551
f 467 551 468
f 467 469 550
f 468 551 552
f 468 552 470
f 469 549 550
f 470 553 554
f 470 554 471
f 470 552 555
f 470 555 553
f 471 554 472
f 472 554 553
f 472 553 556
f 472 556 557
f 472 557 473
f 473 558 474
f 473 557 558
f 474 559 560
f 474 560 475
f 474 558 559
f 475 560 476
f 476 560 561
f 476 561 562
f 476 562 477
f 477 563 478
f 477 562 561
f 477 561 563
f 478 563 489
f 478 489 479
f 482 564 565
f 482 565 566
f 482 566 483
f 483 566 567
f 483 567 534
f 483 534 484
f 485 500 568
f 485 568 486
f 485 501 500
f 486 568 569
f 486 569 487
f 487 569 488
f 488 569 502
f 489 563 490
f 490 563 570
f 490 570 571
f 490 571 491
f 491 571 492
f 492 571 572
f 492 572 573
f 492 573 493
f 493 573 494
f 494 573 574
f 494 574 495
f 495 574 575
f 495 575 496
f 496 575 576
f 496 576 577
f 496 577 497
f 497 578 498
f 497 577 578
f 498 578 499
f 499 578 579
f 499 579 580
f 499 580 500
f 500 580 581
f 500 581 568
f 502 582 503
f 502 569 568
f 502 568 582
f 503 582 583
f 503 583 504
f 504 584 585
f 504 585 586
f 504 586 587
f 504 587 505
f 504 583 584
f 505 587 506
f 506 587 588
f 506 588 507
f 507 588 589
f 507 589 590
f 507 590 591
f 507 591 508
f 508 591 592
f 508 592 593
f 508 593 509
f 509 593 594
f 509 594 595
f 509 595 596
f 509 596 597
f 509 597 511
f 509 511 510
f 511 597 596
f 511 596 512
f 512 596 598
f 512 598 599
f 512 599 513
f 513 599 515
f 515 599 601
f 515 601 600
f 516 517 602
f 516 602 603
f 516 603 518
f 517 600 604
f 517 604 605
f 517 605 602
f 518 603 519
f 519 603 606
f 519 606 607
f 519 607 520
f 521 609 689
f 521 689 608
f 522 608 612
f 522 612 524
f 523 524 611
f 523 611 610
f 524 612 694
f 524 694 611
f 525 613 526
f 526 613 530
f 527 530 614
f 527 614 615
f 527 615 616
f 527 616 617
f 527 617 618
f 527 618 619
f 527 619 528
f 528 619 531
f 528 531 529
f 530 613 620
f 530 620 614
f 531 619 621
f 531 621 532
f 532 621 622
f 532 622 623
f 532 623 624
f 532 624 533
f 534 567 625
f 534 625 626
f 534 626 535
f 535 626 536
f 536 627 628
f 536 628 537
f 536 626 629
f 536 629 630
f 536 630 627
f 537 628 538
f 538 628 631
f 538 631 540
f 538 540 539
f 540 631 632
f 540 632 541
f 541 632 633
f 541 633 542
f 542 634 547
f 542 547 543
f 542 633 635
f 542 635 636
f 542 636 634
f 544 637 545
f 544 548 638
f 544 638 637
f 545 637 639
f 545 639 546
f 546 639 549
f 547 640 638
f 547 638 548
f 547 634 640
f 549 639 641
f 549 641 642
f 549 642 550
f 550 643 551
f 550 642 643
f 551 555 552
f 551 643 555
f 553 555 644
f 553 644 645
f 553 645 556
f 555 643 646
f 555 646 644
f 556 647 648
f 556 648 649
f 556 649 557
f 556 645 647
f 557 649 558
f 558 649 650
f 558 650 559
f 559 650 651
f 559 651 560
f 560 651 561
f 561 652 653
f 561 653 570
f 561 570 563
f 561 651 652
f 564 654 565
f 565 654 655
f 565 655 656
f 565 656 657
f 565 657 566
f 566 657 567
f 567 657 625
f 568 581 582
f 570 653 571
f 571 653 572
f 572 653 658
f 572 658 659
f 572 659 573
f 573 659 574
f 574 659 660
f 574 660 575
f 575 660 661
f 575 661 576
f 576 661 662
f 576 662 663
f 576 663 577
f 577 579 578
f 577 663 664
f 577 664 579
f 579 664 665
f 579 665 580
f 580 665 581
f 581 665 666
f 581 666 582
f 582 666 667
f 582 667 583
f 583 668 584
f 583 667 668
f 584 669 585
f 584 668 669
f 585 670 671
f 585 671 586
f 585 669 670
f 586 671 672
f 586 672 587
f 587 672 588
f 588 672 673
f 588 673 589
f 589 673 674
f 589 674 675
f 589 675 590
f 590 675 676
f 590 676 592
f 590 592 591
f 592 676 594
f 592 594 593
f 594 676 677
f 594 677 595
f 595 677 678
f 595 678 596
f 596 678 679
f 596 679 680
f 596 680 598
f 598 680 681
f 598 681 599
f 599 681 601
f 600 601 604
f 601 681 685
f 601 685 604
f 602 605 682
f 602 682 603
f 603 682 683
f 603 683 684
f 603 684 606
f 604 685 605
f 605 685 686
f 605 686 687
f 605 687 682
f 606 684 688
f 606 688 607
f 608 689 612
f 609 690 773
f 609 773 689
f 610 611 692
f 610 692 693
f 610 693 691
f 611 694 692
f 612 689 695
f 612 695 694
f 613 696 697
f 613 697 620
f 614 620 697
f 614 697 698
f 614 698 615
f 615 699 700
f 615 700 616
f 615 698 701
f 615 701 699
f 616 702 703
f 616 703 617
f 616 700 702
f 617 703 618
f 618 703 704
f 618 704 705
f 618 705 621
f 618 621 619
f 621 705 706
f 621 706 707
f 621 707 708
f 621 708 622
f 622 708 623
f 625 657 709
f 625 709 710
f 625 710 711
f 625 711 712
f 625 712 629
f 625 629 626
f 627 630 713
f 627 713 628
f 628 713 714
f 628 714 715
f 628 715 716
f 628 716 631
f 629 712 717
f 629 717 718
f 629 718 630
f 630 718 719
f 630 719 713
f 631 716 720
f 631 720 633
f 631 633 632
f 633 720 635
f 634 636 721
f 634 721 722
f 634 722 640
f 635 720 636
f 636 720 723
f 636 723 721
f 637 638 724
f 637 724 725
f 637 725 639
f 638 640 724
f 639 725 641
f 640 722 726
f 640 726 727
f 640 727 724
f 641 725 728
f 641 728 729
f 641 729 642
f 642 729 730
f 642 730 643
f 643 730 646
f 644 731 645
f 644 646 732
f 644 732 731
f 645 731 647
f 646 730 733
f 646 733 732
f 647 734 648
f 647 731 735
f 647 735 734
f 648 734 736
f 648 736 737
f 648 737 649
f 649 737 650
f 650 738 651
f 650 737 738
f 651 738 652
f 652 658 653
f 652 738 739
f 652 739 658
f 655 740 656
f 656 740 741
f 656 741 657
f 657 741 709
f 658 739 659
f 659 739 742
f 659 742 660
f 660 742 743
f 660 743 661
f 661 743 744
f 661 744 662
f 662 744 745
f 662 745 746
f 662 746 663
f 663 746 747
f 663 747 664
f 664 747 748
f 664 748 665
f 665 748 666
f 666 748 667
f 667 748 749
f 667 749 668
f 668 749 750
f 668 750 669
f 669 750 751
f 669 751 670
f 670 751 752
f 670 752 671
f 671 752 753
f 671 753 672
f 672 753 673
f 673 753 754
f 673 754 674
f 674 754 675
f 675 754 755
f 675 755 756
f 675 756 677
f 675 677 676
f 677 756 757
f 677 757 678
f 678 757 758
f 678 758 759
f 678 759 679
f 679 759 760
f 679 760 761
f 679 761 762
f 679 762 680
f 680 763 681
f 680 762 764
f 680 764 763
f 681 763 685
f 682 687 765
f 682 765 683
f 683 765 766
f 683 766 684
f 684 766 767
f 684 767 768
f 684 768 769
f 684 769 688
f 685 763 770
f 685 770 686
f 686 770 771
f 686 771 687
f 687 771 772
f 687 772 765
f 689 773 774
f 689 774 695
f 690 775 773
f 691 693 777
f 691 777 776
f 692 694 693
f 693 694 778
f 693 778 779
f 693 779 777
f 694 695 780
f 694 780 778
f 695 774 780
f 696 781 782
f 696 782 697
f 697 782 783
f 697 783 701
f 697 701 698
f 699 701 784
f 699 784 700
f 700 784 785
f 700 785 786
f 700 786 787
f 700 787 702
f 701 783 788
f 701 788 789
f 701 789 784
f 702 787 790
f 702 790 791
f 702 791 703
f 703 791 704
f 704 792 793
f 704 793 794
f 704 794 795
f 704 795 705
f 704 791 792
f 705 795 706
f 706 794 796
f 706 796 797
f 706 797 798
f 706 798 799
f 706 799 708
f 706 708 707
f 706 795 794
f 709 741 800
f 709 800 710
f 710 800 711
f 711 801 717
f 711 717 712
f 711 800 802
f 711 802 803
f 711 803 804
f 711 804 805
f 711 805 801
f 713 806 807
f 713 807 714
f 713 719 808
f 713 808 809
f 713 809 806
f 714 807 715
f 715 810 720
f 715 720 716
f 715 807 811
f 715 811 810
f 717 801 718
f 718 801 812
f 718 812 719
f 719 809 808
f 719 812 809
f 720 813 723
f 720 810 813
f 721 814 722
f 721 723 814
f 722 815 816
f 722 816 727
f 722 727 726
f 722 814 817
f 722 817 818
f 722 818 815
f 723 813 819
f 723 819 814
f 724 727 820
f 724 820 725
f 725 820 728
f 727 816 821
f 727 821 820
f 728 820 822
f 728 822 729
f 729 822 823
f 729 823 824
f 729 824 730
f 730 824 733
f 731 732 825
f 731 825 735
f 732 733 826
f 732 826 825
f 733 824 827
f 733 827 826
f 734 828 736
f 734 735 829
f 734 829 828
f 735 825 830
f 735 830 829
f 736 831 832
f 736 832 737
f 736 828 831
f 737 832 738
f 738 832 739
f 739 832 742
f 740 833 834
f 740 834 835
f 740 835 741
f 741 835 836
f 741 836 837
f 741 837 802
f 741 802 800
f 742 832 831
f 742 831 838
f 742 838 743
f 743 838 744
f 744 838 839
f 744 839 745
f 745 839 840
f 745 840 746
f 746 840 841
f 746 841 842
f 746 842 747
f 747 842 750
f 747 750 749
f 747 749 748
f 750 842 751
f 751 842 843
f 751 843 844
f 751 844 845
f 751 845 752
f 752 845 846
f 752 846 754
f 752 754 753
f 754 846 755
f 755 846 847
f 755 847 848
f 755 848 849
f 755 849 756
f 756 849 850
f 756 850 851
f 756 851 757
f 757 851 852
f 757 852 758
f 758 852 853
f 758 853 854
f 758 854 759
f 759 854 760
f 760 854 855
f 760 855 856
f 760 856 857
f 760 857 761
f 761 857 858
f 761 858 762
f 762 858 859
f 762 859 764
f 763 764 861
f 763 861 770
f 764 859 860
f 764 860 861
f 765 772 862
f 765 862 766
f 766 862 863
f 766 863 767
f 767 864 768
f 767 863 962
f 767 962 864
f 770 861 865
f 770 865 771
f 771 865 772
f 772 865 866
f 772 866 867
f 772 867 862
f 773 775 868
f 773 868 869
f 773 869 774
f 774 869 870
f 774 870 871
f 774 871 780
f 775 872 868
f 776 777 874
f 776 874 873
f 777 875 874
f 777 779 876
f 777 876 875
f 778 780 877
f 778 877 779
f 779 877 878
f 779 878 876
f 780 871 879
f 780 879 877
f 781 880 881
f 781 881 782
f 782 881 788
f 782 788 783
f 784 882 883
f 784 883 785
f 784 789 882
f 785 883 786
f 786 883 884
f 786 884 885
f 786 885 886
f 786 886 887
f 786 887 888
f 786 888 790
f 786 790 787
f 788 881 889
f 788 889 789
f 789 890 882
f 789 889 891
f 789 891 890
f 790 888 892
f 790 892 791
f 791 892 792
f 792 892 893
f 792 893 894
f 792 894 793
f 793 894 794
f 794 895 896
f 794 896 897
f 794 897 898
f 794 898 796
f 794 894 895
f 796 898 899
f 796 899 797
f 797 899 900
f 797 900 798
f 801 805 901
f 801 901 812
f 802 837 902
f 802 902 903
f 802 903 904
f 802 904 905
f 802 905 906
f 802 906 803
f 803 906 804
f 804 906 907
f 804 907 908
f 804 908 909
f 804 909 910
f 804 910 805
f 805 910 901
f 806 911 807
f 806 809 912
f 806 912 911
f 807 911 811
f 809 812 913
f 809 913 914
f 809 914 915
f 809 915 912
f 810 811 916
f 810 916 917
f 810 917 813
f 811 918 916
f 811 911 918
f 812 901 913
f 813 917 819
f 814 819 817
f 815 818 919
f 815 919 920
f 815 920 921
f 815 921 816
f 816 921 821
f 817 819 922
f 817 922 923
f 817 923 924
f 817 924 925
f 817 925 926
f 817 926 818
f 818 926 919
f 819 917 916
f 819 916 922
f 820 821 822
f 821 921 927
f 821 927 822
f 822 927 928
f 822 928 823
f 823 928 929
f 823 929 824
f 824 929 827
f 825 930 830
f 825 826 930
f 826 827 931
f 826 931 932
f 826 932 930
f 827 929 931
f 828 933 838
f 828 838 831
f 828 829 933
f 829 830 934
f 829 934 933
f 830 930 935
f 830 935 934
f 833 936 834
f 834 936 937
f 834 937 938
f 834 938 836
f 834 836 835
f 836 938 939
f 836 939 902
f 836 902 837
f 838 933 940
f 838 940 839
f 839 940 840
f 840 940 941
f 840 941 841
f 841 941 942
f 841 942 842
f 842 942 843
f 843 942 943
f 843 943 944
f 843 944 844
f 844 944 945
f 844 945 845
f 845 945 846
f 846 946 847
f 846 945 946
f 847 947 848
f 847 946 947
f 848 948 949
f 848 949 849
f 848 947 948
f 849 949 850
f 850 949 950
f 850 950 951
f 850 951 851
f 851 951 852
f 852 952 853
f 852 951 952
f 853 855 854
f 853 952 953
f 853 953 855
f 855 953 954
f 855 954 856
f 856 954 955
f 856 955 857
f 857 955 956
f 857 956 858
f 858 956 957
f 858 957 859
f 859 957 958
f 859 958 860
f 860 958 959
f 860 959 861
f 861 959 960
f 861 960 961
f 861 961 865
f 862 867 863
f 863 867 963
f 863 963 1066
f 863 1066 962
f 865 961 964
f 865 964 866
f 866 964 867
f 867 964 965
f 867 965 966
f 867 966 963
f 868 872 967
f 868 967 968
f 868 968 969
f 868 969 869
f 869 969 970
f 869 970 870
f 870 879 871
f 870 970 971
f 870 971 879
f 873 874 973
f 873 973 972
f 874 875 974
f 874 974 973
f 875 876 974
f 876 878 975
f 876 975 976
f 876 976 977
f 876 977 978
f 876 978 974
f 877 879 878
f 878 879 979
f 878 979 975
f 879 971 979
f 880 980 881
f 881 980 981
f 881 981 889
f 882 890 883
f 883 890 982
f 883 982 884
f 884 983 885
f 884 982 984
f 884 984 985
f 884 985 983
f 885 986 987
f 885 987 886
f 885 983 986
f 886 987 887
f 887 987 988
f 887 988 892
f 887 892 888
f 889 981 989
f 889 989 990
f 889 990 991
f 889 991 891
f 890 891 991
f 890 991 992
f 890 992 982
f 892 988 993
f 892 993 994
f 892 994 893
f 893 994 895
f 893 895 894
f 895 995 996
f 895 996 997
f 895 997 998
f 895 998 897
f 895 897 896
f 895 994 995
f 897 997 999
f 897 999 1000
f 897 1000 1001
f 897 1001 1002
f 897 1002 898
f 897 998 997
f 898 1002 899
f 899 1002 1003
f 899 1003 900
f 900 1003 1004
f 901 910 1005
f 901 1005 1006
f 901 1006 1007
f 901 1007 913
f 902 939 903
f 903 905 904
f 903 939 1008
f 903 1008 1009
f 903 1009 1010
f 903 1010 905
f 905 1010 1011
f 905 1011 1012
f 905 1012 907
f 905 907 906
f 907 1012 908
f 908 1012 1013
f 908 1013 909
f 909 1006 1005
f 909 1005 910
f 909 1013 1014
f 909 1014 1006
f 911 912 1015
f 911 1015 918
f 912 915 1015
f 913 1007 914
f 914 1007 1016
f 914 1016 915
f 915 1016 1017
f 915 1017 1018
f 915 1018 1015
f 916 918 1019
f 916 1019 923
f 916 923 922
f 918 1015 1020
f 918 1020 1019
f 919 926 1021
f 919 1021 1022
f 919 1022 920
f 920 1022 1023
f 920 1023 1024
f 920 1024 921
f 921 1024 927
f 923 1019 1025
f 923 1025 924
f 924 1026 1027
f 924 1027 925
f 924 1025 1026
f 925 1027 926
f 926 1028 1029
f 926 1029 1021
f 926 1027 1028
f 927 1024 1030
f 927 1030 928
f 928 1030 1031
f 928 1031 931
f 928 931 929
f 930 932 1032
f 930 1032 935
f 931 1033 1034
f 931 1034 932
f 931 1031 1035
f 931 1035 1033
f 932 1034 1032
f 933 934 1036
f 933 1036 940
f 934 935 1037
f 934 1037 1036
f 935 1032 1037
f 937 1038 1039
f 937 1039 938
f 938 1039 1040
f 938 1040 939
f 939 1040 1041
f 939 1041 1008
f 940 1036 941
f 941 1036 1042
f 941 1042 942
f 942 1042 943
f 943 1043 1044
f 943 1044 944
f 943 1042 1043
f 944 1045 1046
f 944 1046 1047
f 944 1047 945
f 944 1044 1045
f 945 1047 946
f 946 1047 1046
f 946 1046 1048
f 946 1048 1049
f 946 1049 947
f 947 1049 1050
f 947 1050 1051
f 947 1051 948
f 948 1051 949
f 949 1051 950
f 950 1052 951
f 950 1051 1052
f 951 1052 952
f 952 1052 1053
f 952 1053 953
f 953 1053 1054
f 953 1054 954
f 954 1054 1055
f 954 1055 1056
f 954 1056 1057
f 954 1057 955
f 955 1057 1058
f 955 1058 956
f 956 1058 957
f 957 1058 1059
f 957 1059 958
f 958 1059 1060
f 958 1060 959
f 959 1060 1061
f 959 1061 1062
f 959 1062 1063
f 959 1063 1064
f 959 1064 960
f 960 1064 961
f 961 1064 1065
f 961 1065 964
f 963 966 1069
f 963 1069 1066
f 964 1065 1067
f 964 1067 1068
f 964 1068 965
f 965 1068 966
f 966 1068 1070
f 966 1070 1180
f 966 1180 1069
f 967 1071 1072
f 967 1072 968
f 968 1072 969
f 969 1072 1073
f 969 1073 970
f 970 1073 1074
f 970 1074 1075
f 970 1075 1076
f 970 1076 971
f 971 1076 1077
f 971 1077 1078
f 971 1078 979
f 972 973 1080
f 972 1080 1081
f 972 1081 1082
f 972 1082 1079
f 973 974 1080
f 974 1083 1080
f 974 978 1084
f 974 1084 1083
f 975 1085 977
f 975 977 976
f 975 979 1078
f 975 1078 1086
f 975 1086 1085
f 977 1085 1087
f 977 1087 1199
f 977 1199 1088
f 977 1088 1084
f 977 1084 978
f 980 1089 989
f 980 989 981
f 982 992 984
f 983 985 1090
f 983 1090 1091
f 983 1091 986
f 984 992 1092
f 984 1092 1093
f 984 1093 985
f 985 1093 1090
f 986 1091 1094
f 986 1094 1095
f 986 1095 987
f 987 1095 988
f 988 1095 1096
f 988 1096 1097
f 988 1097 1098
f 988 1098 993
f 989 1089 1099
f 989 1099 1100
f 989 1100 990
f 990 1101 991
f 990 1100 1102
f 990 1102 1101
f 991 1101 992
f 992 1101 1092
f 993 1098 994
f 994 1097 995
f 994 1098 1097
f 995 1097 1103
f 995 1103 1104
f 995 1104 996
f 996 1104 997
f 997 1105 1106
f 997 1106 1107
f 997 1107 1108
f 997 1108 1000
f 997 1000 999
f 997 1104 1105
f 1000 1108 1107
f 1000 1107 1109
f 1000 1109 1110
f 1000 1110 1111
f 1000 1111 1001
f 1001 1111 1002
f 1002 1111 1112
f 1002 1112 1113
f 1002 1113 1114
f 1002 1114 1003
f 1003 1114 1115
f 1003 1115 1004
f 1006 1014 1116
f 1006 1116 1117
f 1006 1117 1118
f 1006 1118 1016
f 1006 1016 1007
f 1008 1041 1119
f 1008 1119 1009
f 1009 1119 1120
f 1009 1120 1121
f 1009 1121 1122
f 1009 1122 1010
f 1010 1122 1011
f 1011 1122 1123
f 1011 1123 1012
f 1012 1123 1124
f 1012 1124 1013
f 1013 1124 1125
f 1013 1125 1126
f 1013 1126 1116
f 1013 1116 1014
f 1015 1127 1020
f 1015 1018 1127
f 1016 1118 1128
f 1016 1128 1129
f 1016 1129 1130
f 1016 1130 1017
f 1017 1130 1131
f 1017 1131 1132
f 1017 1132 1018
f 1018 1132 1127
f 1019 1020 1133
f 1019 1133 1025
f 1020 1127 1134
f 1020 1134 1133
f 1021 1135 1022
f 1021 1029 1135
f 1022 1136 1023
f 1022 1135 1136
f 1023 1136 1024
f 1024 1136 1137
f 1024 1137 1035
f 1024 1035 1030
f 1025 1133 1138
f 1025 1138 1026
f 1026 1138 1027
f 1027 1138 1139
f 1027 1139 1140
f 1027 1140 1029
f 1027 1029 1028
f 1029 1140 1141
f 1029 1141 1142
f 1029 1142 1136
f 1029 1136 1135
f 1030 1035 1031
f 1032 1034 1143
f 1032 1143 1037
f 1033 1035 1144
f 1033 1144 1145
f 1033 1145 1034
f 1034 1145 1143
f 1035 1137 1146
f 1035 1146 1147
f 1035 1147 1144
f 1036 1037 1042
f 1037 1143 1148
f 1037 1148 1043
f 1037 1043 1042
f 1038 1149 1039
f 1039 1149 1040
f 1040 1149 1041
f 1041 1150 1151
f 1041 1151 1152
f 1041 1152 1120
f 1041 1120 1119
f 1041 1149 1153
f 1041 1153 1150
f 1043 1148 1044
f 1044 1148 1045
f 1045 1148 1154
f 1045 1154 1046
f 1046 1154 1049
f 1046 1049 1048
f 1049 1154 1050
f 1050 1155 1156
f 1050 1156 1051
f 1050 1154 1155
f 1051 1156 1157
f 1051 1157 1158
f 1051 1158 1159
f 1051 1159 1052
f 1052 1159 1160
f 1052 1160 1053
f 1053 1160 1161
f 1053 1161 1162
f 1053 1162 1054
f 1054 1162 1163
f 1054 1163 1055
f 1055 1163 1164
f 1055 1164 1165
f 1055 1165 1166
f 1055 1166 1056
f 1056 1166 1167
f 1056 1167 1057
f 1057 1167 1168
f 1057 1168 1058
f 1058 1168 1169
f 1058 1169 1170
f 1058 1170 1171
f 1058 1171 1059
f 1059 1171 1061
f 1059 1061 1060
f 1061 1171 1172
f 1061 1172 1062
f 1062 1173 1063
f 1062 1172 1174
f 1062 1174 1175
f 1062 1175 1173
f 1063 1065 1064
f 1063 1173 1176
f 1063 1176 1065
f 1065 1176 1177
f 1065 1177 1067
f 1067 1177 1178
f 1067 1178 1068
f 1068 1178 1179
f 1068 1179 1070
f 1070 1179 1289
f 1070 1289 1180
f 1071 1181 1182
f 1071 1182 1072
f 1072 1182 1183
f 1072 1183 1073
f 1073 1183 1184
f 1073 1184 1074
f 1074 1184 1075
f 1075 1184 1185
f 1075 1185 1186
f 1075 1186 1077
f 1075 1077 1076
f 1077 1186 1187
f 1077 1187 1188
f 1077 1188 1189
f 1077 1189 1086
f 1077 1086 1078
f 1079 1082 1190
f 1079 1190 1191
f 1079 1191 1192
f 1080 1083 1193
f 1080 1193 1194
f 1080 1194 1082
f 1080 1082 1081
f 1082 1195 1190
f 1082 1194 1196
f 1082 1196 1195
f 1083 1084 1193
f 1084 1088 1197
f 1084 1197 1193
f 1085 1086 1198
f 1085 1198 1087
f 1086 1189 1198
f 1087 1198 1200
f 1087 1200 1199
f 1088 1199 1201
f 1088 1201 1197
f 1089 1202 1099
f 1090 1093 1203
f 1090 1203 1204
f 1090 1204 1205
f 1090 1205 1091
f 1091 1205 1206
f 1091 1206 1094
f 1092 1101 1207
f 1092 1207 1093
f 1093 1207 1208
f 1093 1208 1203
f 1094 1206 1209
f 1094 1209 1210
f 1094 1210 1095
f 1095 1210 1211
f 1095 1211 1096
f 1096 1211 1097
f 1097 1212 1213
f 1097 1213 1103
f 1097 1211 1212
f 1099 1202 1214
f 1099 1214 1215
f 1099 1215 1100
f 1100 1216 1102
f 1100 1215 1217
f 1100 1217 1216
f 1101 1102 1216
f 1101 1216 1218
f 1101 1218 1207
f 1103 1213 1104
f 1104 1213 1105
f 1105 1213 1219
f 1105 1219 1220
f 1105 1220 1107
f 1105 1107 1106
f 1107 1221 1222
f 1107 1222 1223
f 1107 1223 1109
f 1107 1220 1221
f 1109 1223 1224
f 1109 1224 1110
f 1110 1224 1225
f 1110 1225 1226
f 1110 1226 1111
f 1111 1226 1227
f 1111 1227 1113
f 1111 1113 1112
f 1113 1227 1228
f 1113 1228 1229
f 1113 1229 1115
f 1113 1115 1114
f 1116 1230 1117
f 1116 1126 1231
f 1116 1231 1232
f 1116 1232 1230
f 1117 1230 1118
f 1118 1230 1233
f 1118 1233 1129
f 1118 1129 1128
f 1120 1234 1121
f 1120 1152 1235
f 1120 1235 1236
f 1120 1236 1237
f 1120 1237 1238
f 1120 1238 1239
f 1120 1239 1234
f 1121 1234 1122
f 1122 1234 1240
f 1122 1240 1241
f 1122 1241 1123
f 1123 1241 1240
f 1123 1240 1242
f 1123 1242 1125
f 1123 1125 1124
f 1125 1242 1243
f 1125 1243 1244
f 1125 1244 1245
f 1125 1245 1231
f 1125 1231 1126
f 1127 1132 1246
f 1127 1246 1247
f 1127 1247 1134
f 1129 1248 1130
f 1129 1233 1249
f 1129 1249 1250
f 1129 1250 1248
f 1130 1248 1131
f 1131 1246 1132
f 1131 1248 1246
f 1133 1134 1251
f 1133 1251 1138
f 1134 1247 1246
f 1134 1246 1251
f 1136 1142 1252
f 1136 1252 1253
f 1136 1253 1146
f 1136 1146 1137
f 1138 1251 1254
f 1138 1254 1255
f 1138 1255 1139
f 1139 1256 1140
f 1139 1255 1257
f 1139 1257 1256
f 1140 1256 1141
f 1141 1258 1142
f 1141 1256 1258
f 1142 1258 1259
f 1142 1259 1260
f 1142 1260 1252
f 1143 1145 1148
f 1144 1261 1145
f 1144 1147 1253
f 1144 1253 1262
f 1144 1262 1261
f 1145 1261 1148
f 1146 1253 1147
f 1148 1261 1154
f 1149 1263 1153
f 1150 1264 1151
f 1150 1153 1263
f 1151 1264 1265
f 1151 1265 1152
f 1152 1265 1235
f 1154 1261 1262
f 1154 1262 1253
f 1154 1253 1155
f 1155 1253 1266
f 1155 1266 1157
f 1155 1157 1156
f 1157 1266 1267
f 1157 1267 1158
f 1158 1267 1260
f 1158 1260 1268
f 1158 1268 1159
f 1159 1268 1160
f 1160 1269 1161
f 1160 1268 1269
f 1161 1269 1270
f 1161 1270 1271
f 1161 1271 1272
f 1161 1272 1162
f 1162 1272 1163
f 1163 1272 1271
f 1163 1271 1164
f 1164 1271 1273
f 1164 1273 1165
f 1165 1273 1166
f 1166 1273 1274
f 1166 1274 1167
f 1167 1274 1275
f 1167 1275 1276
f 1167 1276 1168
f 1168 1276 1169
f 1169 1276 1277
f 1169 1277 1170
f 1170 1277 1171
f 1171 1277 1278
f 1171 1278 1279
f 1171 1279 1172
f 1172 1279 1280
f 1172 1280 1281
f 1172 1281 1282
f 1172 1282 1174
f 1173 1177 1176
f 1173 1175 1286
f 1173 1286 1177
f 1174 1282 1175
f 1175 1282 1283
f 1175 1283 1284
f 1175 1284 1285
f 1175 1285 1286
f 1177 1286 1178
f 1178 1286 1287
f 1178 1287 1288
f 1178 1288 1179
f 1179 1288 1287
f 1179 1287 1290
f 1179 1290 1291
f 1179 1291 1289
f 1181 1292 1293
f 1181 1293 1182
f 1182 1293 1294
f 1182 1294 1183
f 1183 1294 1295
f 1183 1295 1184
f 1184 1295 1185
f 1185 1295 1296
f 1185 1296 1297
f 1185 1297 1186
f 1186 1297 1187
f 1187 1297 1188
f 1188 1298 1189
f 1188 1297 1299
f 1188 1299 1300
f 1188 1300 1301
f 1188 1301 1298
f 1189 1298 1198
f 1190 1195 1191
f 1191 1195 1302
f 1191 1302 1303
f 1191 1303 1192
f 1192 1304 1305
f 1192 1303 1304
f 1193 1196 1194
f 1193 1197 1306
f 1193 1306 1196
f 1195 1196 1307
f 1195 1307 1417
f 1195 1417 1302
f 1196 1306 1307
f 1197 1201 1308
f 1197 1308 1309
f 1197 1309 1306
f 1198 1298 1200
f 1199 1310 1308
f 1199 1308 1201
f 1199 1200 1310
f 1200 1298 1311
f 1200 1311 1312
f 1200 1312 1313
f 1200 1313 1310
f 1203 1314 1204
f 1203 1208 1315
f 1203 1315 1314
f 1204 1314 1316
f 1204 1316 1205
f 1205 1317 1206
f 1205 1316 1317
f 1206 1318 1209
f 1206 1317 1318
f 1207 1218 1319
f 1207 1319 1320
f 1207 1320 1321
f 1207 1321 1208
f 1208 1322 1315
f 1208 1321 1322
f 1209 1323 1324
f 1209 1324 1325
f 1209 1325 1210
f 1209 1318 1323
f 1210 1325 1211
f 1211 1325 1324
f 1211 1324 1326
f 1211 1326 1212
f 1212 1326 1213
f 1213 1327 1328
f 1213 1328 1329
f 1213 1329 1219
f 1213 1326 1330
f 1213 1330 1327
f 1214 1331 1332
f 1214 1332 1215
f 1215 1332 1333
f 1215 1333 1217
f 1216 1217 1333
f 1216 1333 1334
f 1216 1334 1319
f 1216 1319 1218
f 1219 1329 1221
f 1219 1221 1220
f 1221 1335 1336
f 1221 1336 1337
f 1221 1337 1222
f 1221 1329 1335
f 1222 1337 1338
f 1222 1338 1223
f 1223 1338 1339
f 1223 1339 1224
f 1224 1339 1225
f 1225 1340 1226
f 1225 1339 1341
f 1225 1341 1342
f 1225 1342 1343
f 1225 1343 1344
f 1225 1344 1345
f 1225 1345 1340
f 1226 1340 1227
f 1227 1340 1228
f 1228 1340 1345
f 1230 1232 1346
f 1230 1346 1347
f 1230 1347 1348
f 1230 1348 1233
f 1231 1245 1244
f 1231 1244 1349
f 1231 1349 1346
f 1231 1346 1232
f 1233 1348 1249
f 1234 1239 1240
f 1235 1265 1350
f 1235 1350 1236
f 1236 1350 1351
f 1236 1351 1352
f 1236 1352 1353
f 1236 1353 1354
f 1236 1354 1238
f 1236 1238 1237
f 1238 1354 1355
f 1238 1355 1356
f 1238 1356 1357
f 1238 1357 1358
f 1238 1358 1359
f 1238 1359 1239
f 1239 1359 1240
f 1240 1243 1242
f 1240 1359 1358
f 1240 1358 1360
f 1240 1360 1243
f 1243 1360 1244
f 1244 1361 1349
f 1244 1360 1362
f 1244 1362 1363
f 1244 1363 1361
f 1246 1248 1364
f 1246 1364 1365
f 1246 1365 1366
f 1246 1366 1251
f 1248 1250 1367
f 1248 1367 1364
f 1249 1348 1368
f 1249 1368 1369
f 1249 1369 1250
f 1250 1369 1370
f 1250 1370 1367
f 1251 1366 1371
f 1251 1371 1372
f 1251 1372 1373
f 1251 1373 1374
f 1251 1374 1254
f 1252 1260 1267
f 1252 1267 1375
f 1252 1375 1253
f 1253 1375 1267
f 1253 1267 1266
f 1254 1374 1257
f 1254 1257 1255
f 1256 1257 1376
f 1256 1376 1258
f 1257 1377 1376
f 1257 1374 1378
f 1257 1378 1377
f 1258 1270 1379
f 1258 1379 1259
f 1258 1376 1380
f 1258 1380 1270
f 1259 1268 1260
f 1259 1379 1269
f 1259 1269 1268
f 1264 1381 1265
f 1265 1382 1383
f 1265 1383 1350
f 1265 1381 1382
f 1269 1379 1270
f 1270 1380 1384
f 1270 1384 1271
f 1271 1384 1385
f 1271 1385 1386
f 1271 1386 1387
f 1271 1387 1273
f 1273 1387 1388
f 1273 1388 1389
f 1273 1389 1390
f 1273 1390 1274
f 1274 1390 1275
f 1275 1390 1391
f 1275 1391 1392
f 1275 1392 1276
f 1276 1392 1277
f 1277 1392 1278
f 1278 1392 1393
f 1278 1393 1394
f 1278 1394 1395
f 1278 1395 1280
f 1278 1280 1279
f 1280 1395 1396
f 1280 1396 1281
f 1281 1396 1397
f 1281 1397 1282
f 1282 1397 1398
f 1282 1398 1283
f 1283 1398 1284
f 1284 1399 1285
f 1284 1398 1400
f 1284 1400 1401
f 1284 1401 1399
f 1285 1402 1287
f 1285 1287 1286
f 1285 1399 1403
f 1285 1403 1402
f 1287 1402 1404
f 1287 1404 1290
f 1290 1405 1291
f 1290 1404 1512
f 1290 1512 1405
f 1292 1406 1293
f 1293 1406 1407
f 1293 1407 1408
f 1293 1408 1294
f 1294 1408 1295
f 1295 1408 1409
f 1295 1409 1410
f 1295 1410 1296
f 1296 1411 1297
f 1296 1410 1411
f 1297 1411 1299
f 1298 1301 1311
f 1299 1411 1412
f 1299 1412 1300
f 1300 1413 1301
f 1300 1412 1414
f 1300 1414 1415
f 1300 1415 1416
f 1300 1416 1413
f 1301 1413 1311
f 1302 1417 1418
f 1302 1418 1303
f 1303 1418 1419
f 1303 1419 1304
f 1304 1420 1305
f 1304 1419 1420
f 1306 1309 1421
f 1306 1421 1422
f 1306 1422 1417
f 1306 1417 1307
f 1308 1310 1423
f 1308 1423 1424
f 1308 1424 1309
f 1309 1424 1421
f 1310 1313 1425
f 1310 1425 1423
f 1311 1413 1312
f 1312 1426 1313
f 1312 1413 1426
f 1313 1426 1425
f 1314 1315 1322
f 1314 1322 1427
f 1314 1427 1428
f 1314 1428 1316
f 1316 1428 1429
f 1316 1429 1317
f 1317 1429 1430
f 1317 1430 1318
f 1318 1430 1431
f 1318 1431 1323
f 1319 1334 1432
f 1319 1432 1433
f 1319 1433 1320
f 1320 1434 1321
f 1320 1433 1435
f 1320 1435 1434
f 1321 1434 1322
f 1322 1434 1436
f 1322 1436 1427
f 1323 1431 1437
f 1323 1437 1324
f 1324 1438 1439
f 1324 1439 1440
f 1324 1440 1326
f 1324 1437 1438
f 1326 1440 1330
f 1327 1330 1440
f 1327 1440 1439
f 1327 1439 1441
f 1327 1441 1442
f 1327 1442 1328
f 1328 1442 1443
f 1328 1443 1329
f 1329 1443 1442
f 1329 1442 1444
f 1329 1444 1445
f 1329 1445 1335
f 1331 1446 1332
f 1332 1446 1447
f 1332 1447 1448
f 1332 1448 1333
f 1333 1448 1432
f 1333 1432 1334
f 1335 1445 1336
f 1336 1449 1450
f 1336 1450 1451
f 1336 1451 1338
f 1336 1338 1337
f 1336 1445 1449
f 1338 1451 1452
f 1338 1452 1453
f 1338 1453 1339
f 1339 1453 1341
f 1341 1453 1452
f 1341 1452 1454
f 1341 1454 1455
f 1341 1455 1342
f 1342 1456 1343
f 1342 1455 1457
f 1342 1457 1458
f 1342 1458 1459
f 1342 1459 1460
f 1342 1460 1456
f 1343 1456 1461
f 1343 1461 1344
f 1344 1461 1345
f 1346 1349 1462
f 1346 1462 1463
f 1346 1463 1347
f 1347 1464 1348
f 1347 1463 1464
f 1348 1464 1368
f 1349 1361 1462
f 1350 1383 1457
f 1350 1457 1351
f 1351 1457 1352
f 1352 1455 1454
f 1352 1454 1465
f 1352 1465 1355
f 1352 1355 1353
f 1352 1457 1455
f 1353 1355 1354
f 1355 1466 1356
f 1355 1465 1452
f 1355 1452 1467
f 1355 1467 1468
f 1355 1468 1466
f 1356 1466 1357
f 1357 1469 1358
f 1357 1466 1470
f 1357 1470 1469
f 1358 1469 1360
f 1360 1469 1362
f 1361 1363 1471
f 1361 1471 1472
f 1361 1472 1462
f 1362 1471 1363
f 1362 1469 1473
f 1362 1473 1474
f 1362 1474 1475
f 1362 1475 1476
f 1362 1476 1471
f 1364 1477 1365
f 1364 1367 1477
f 1365 1477 1478
f 1365 1478 1479
f 1365 1479 1366
f 1366 1479 1372
f 1366 1372 1371
f 1367 1370 1480
f 1367 1480 1477
f 1368 1464 1481
f 1368 1481 1369
f 1369 1481 1482
f 1369 1482 1483
f 1369 1483 1370
f 1370 1483 1484
f 1370 1484 1480
f 1372 1485 1486
f 1372 1486 1373
f 1372 1479 1485
f 1373 1486 1374
f 1374 1486 1487
f 1374 1487 1488
f 1374 1488 1378
f 1376 1377 1380
f 1377 1378 1380
f 1378 1488 1489
f 1378 1489 1380
f 1380 1385 1384
f 1380 1489 1490
f 1380 1490 1385
f 1382 1491 1383
f 1383 1492 1493
f 1383 1493 1457
f 1383 1491 1492
f 1385 1490 1386
f 1386 1490 1387
f 1387 1490 1494
f 1387 1494 1388
f 1388 1494 1495
f 1388 1495 1496
f 1388 1496 1389
f 1389 1496 1497
f 1389 1497 1390
f 1390 1497 1391
f 1391 1393 1392
f 1391 1497 1498
f 1391 1498 1499
f 1391 1499 1500
f 1391 1500 1393
f 1393 1500 1501
f 1393 1501 1394
f 1394 1502 1395
f 1394 1501 1503
f 1394 1503 1504
f 1394 1504 1505
f 1394 1505 1502
f 1395 1502 1396
f 1396 1502 1397
f 1397 1502 1506
f 1397 1506 1398
f 1398 1506 1400
f 1399 1401 1509
f 1399 1509 1403
f 1400 1506 1507
f 1400 1507 1508
f 1400 1508 1401
f 1401 1508 1509
f 1402 1403 1404
f 1403 1509 1510
f 1403 1510 1511
f 1403 1511 1404
f 1404 1511 1611
f 1404 1611 1512
f 1406 1513 1514
f 1406 1514 1407
f 1407 1514 1408
f 1408 1514 1515
f 1408 1515 1516
f 1408 1516 1517
f 1408 1517 1409
f 1409 1517 1518
f 1409 1518 1410
f 1410 1518 1519
f 1410 1519 1520
f 1410 1520 1411
f 1411 1520 1412
f 1412 1520 1521
f 1412 1521 1414
f 1413 1522 1426
f 1413 1416 1523
f 1413 1523 1522
f 1414 1521 1524
f 1414 1524 1415
f 1415 1524 1525
f 1415 1525 1526
f 1415 1526 1527
f 1415 1527 1416
f 1416 1527 1523
f 1417 1528 1419
f 1417 1419 1418
f 1417 1422 1528
f 1419 1529 1530
f 1419 1530 1420
f 1419 1528 1531
f 1419 1531 1529
f 1420 1530 1529
f 1420 1529 1532
f 1421 1424 1533
f 1421 1533 1534
f 1421 1534 1422
f 1422 1534 1535
f 1422 1535 1528
f 1423 1425 1536
f 1423 1536 1424
f 1424 1536 1533
f 1425 1426 1537
f 1425 1537 1536
f 1426 1538 1537
f 1426 1522 1539
f 1426 1539 1538
f 1427 1540 1541
f 1427 1541 1428
f 1427 1436 1542
f 1427 1542 1540
f 1428 1543 1544
f 1428 1544 1429
f 1428 1541 1543
f 1429 1544 1545
f 1429 1545 1430
f 1430 1545 1546
f 1430 1546 1431
f 1431 1546 1547
f 1431 1547 1437
f 1432 1448 1548
f 1432 1548 1433
f 1433 1549 1435
f 1433 1548 1549
f 1434 1435 1550
f 1434 1550 1551
f 1434 1551 1436
f 1435 1549 1552
f 1435 1552 1550
f 1436 1551 1553
f 1436 1553 1542
f 1437 1547 1554
f 1437 1554 1555
f 1437 1555 1438
f 1438 1555 1556
f 1438 1556 1439
f 1439 1556 1557
f 1439 1557 1558
f 1439 1558 1559
f 1439 1559 1441
f 1441 1559 1442
f 1442 1560 1561
f 1442 1561 1562
f 1442 1562 1445
f 1442 1445 1444
f 1442 1559 1560
f 1445 1562 1561
f 1445 1561 1563
f 1445 1563 1564
f 1445 1564 1449
f 1446 1565 1447
f 1447 1565 1566
f 1447 1566 1448
f 1448 1566 1567
f 1448 1567 1548
f 1449 1564 1450
f 1450 1564 1568
f 1450 1568 1452
f 1450 1452 1451
f 1452 1568 1467
f 1452 1465 1454
f 1456 1460 1459
f 1456 1459 1569
f 1457 1493 1570
f 1457 1570 1459
f 1457 1459 1458
f 1459 1570 1569
f 1462 1472 1571
f 1462 1571 1463
f 1463 1571 1464
f 1464 1571 1481
f 1466 1468 1572
f 1466 1572 1470
f 1467 1568 1468
f 1468 1568 1572
f 1469 1470 1572
f 1469 1572 1473
f 1471 1476 1475
f 1471 1475 1573
f 1471 1573 1574
f 1471 1574 1472
f 1472 1574 1571
f 1473 1572 1474
f 1474 1572 1575
f 1474 1575 1576
f 1474 1576 1475
f 1475 1577 1573
f 1475 1576 1578
f 1475 1578 1579
f 1475 1579 1580
f 1475 1580 1577
f 1477 1581 1478
f 1477 1480 1581
f 1478 1581 1582
f 1478 1582 1583
f 1478 1583 1479
f 1479 1583 1485
f 1480 1584 1581
f 1480 1484 1584
f 1481 1571 1585
f 1481 1585 1586
f 1481 1586 1587
f 1481 1587 1482
f 1482 1588 1483
f 1482 1587 1588
f 1483 1589 1484
f 1483 1588 1589
f 1484 1589 1590
f 1484 1590 1591
f 1484 1591 1584
f 1485 1487 1486
f 1485 1583 1592
f 1485 1592 1487
f 1487 1592 1593
f 1487 1593 1494
f 1487 1494 1488
f 1488 1494 1490
f 1488 1490 1489
f 1492 1570 1493
f 1494 1593 1495
f 1495 1593 1594
f 1495 1594 1595
f 1495 1595 1496
f 1496 1595 1596
f 1496 1596 1497
f 1497 1596 1597
f 1497 1597 1498
f 1498 1597 1598
f 1498 1598 1499
f 1499 1598 1500
f 1500 1599 1600
f 1500 1600 1503
f 1500 1503 1501
f 1500 1598 1599
f 1502 1505 1506
f 1503 1600 1601
f 1503 1601 1504
f 1504 1601 1505
f 1505 1601 1602
f 1505 1602 1603
f 1505 1603 1604
f 1505 1604 1506
f 1506 1604 1507
f 1507 1604 1605
f 1507 1605 1606
f 1507 1606 1607
f 1507 1607 1508
f 1508 1607 1608
f 1508 1608 1509
f 1509 1608 1609
f 1509 1609 1510
f 1510 1610 1611
f 1510 1611 1511
f 1510 1609 1693
f 1510 1693 1610
f 1513 1612 1613
f 1513 1613 1514
f 1514 1613 1515
f 1515 1613 1614
f 1515 1614 1516
f 1516 1615 1517
f 1516 1614 1616
f 1516 1616 1615
f 1517 1615 1518
f 1518 1615 1617
f 1518 1617 1519
f 1519 1618 1520
f 1519 1617 1619
f 1519 1619 1618
f 1520 1618 1521
f 1521 1618 1620
f 1521 1620 1524
f 1522 1523 1539
f 1523 1621 1539
f 1523 1527 1622
f 1523 1622 1621
f 1524 1620 1525
f 1525 1527 1526
f 1525 1620 1623
f 1525 1623 1624
f 1525 1624 1625
f 1525 1625 1527
f 1527 1625 1622
f 1528 1535 1531
f 1529 1567 1566
f 1529 1566 1626
f 1529 1626 1627
f 1529 1627 1628
f 1529 1628 1629
f 1529 1629 1532
f 1529 1531 1567
f 1531 1535 1630
f 1531 1630 1548
f 1531 1548 1567
f 1533 1631 1534
f 1533 1536 1631
f 1534 1631 1632
f 1534 1632 1535
f 1535 1632 1630
f 1536 1537 1633
f 1536 1633 1634
f 1536 1634 1631
f 1537 1538 1635
f 1537 1635 1633
f 1538 1539 1635
f 1539 1636 1635
f 1539 1621 1637
f 1539 1637 1636
f 1540 1638 1639
f 1540 1639 1543
f 1540 1543 1541
f 1540 1542 1638
f 1542 1553 1640
f 1542 1640 1638
f 1543 1639 1641
f 1543 1641 1642
f 1543 1642 1544
f 1544 1642 1545
f 1545 1642 1643
f 1545 1643 1546
f 1546 1643 1644
f 1546 1644 1645
f 1546 1645 1554
f 1546 1554 1547
f 1548 1630 1549
f 1549 1630 1552
f 1550 1634 1551
f 1550 1552 1632
f 1550 1632 1631
f 1550 1631 1634
f 1551 1634 1640
f 1551 1640 1553
f 1552 1630 1632
f 1554 1646 1647
f 1554 1647 1648
f 1554 1648 1555
f 1554 1645 1649
f 1554 1649 1646
f 1555 1648 1557
f 1555 1557 1556
f 1557 1648 1650
f 1557 1650 1651
f 1557 1651 1558
f 1558 1651 1559
f 1559 1651 1652
f 1559 1652 1653
f 1559 1653 1560
f 1560 1653 1561
f 1561 1653 1578
f 1561 1578 1654
f 1561 1654 1655
f 1561 1655 1564
f 1561 1564 1563
f 1564 1654 1656
f 1564 1656 1572
f 1564 1572 1568
f 1564 1655 1654
f 1565 1626 1566
f 1571 1574 1657
f 1571 1657 1585
f 1572 1656 1654
f 1572 1654 1575
f 1573 1577 1574
f 1574 1577 1658
f 1574 1658 1657
f 1575 1654 1576
f 1576 1654 1578
f 1577 1580 1659
f 1577 1659 1660
f 1577 1660 1658
f 1578 1653 1661
f 1578 1661 1662
f 1578 1662 1579
f 1579 1662 1663
f 1579 1663 1580
f 1580 1663 1659
f 1581 1584 1664
f 1581 1664 1665
f 1581 1665 1582
f 1582 1665 1666
f 1582 1666 1667
f 1582 1667 1583
f 1583 1667 1668
f 1583 1668 1592
f 1584 1591 1669
f 1584 1669 1664
f 1585 1657 1670
f 1585 1670 1671
f 1585 1671 1586
f 1586 1671 1672
f 1586 1672 1587
f 1587 1672 1673
f 1587 1673 1674
f 1587 1674 1588
f 1588 1674 1675
f 1588 1675 1589
f 1589 1675 1676
f 1589 1676 1677
f 1589 1677 1590
f 1590 1678 1669
f 1590 1669 1591
f 1590 1677 1678
f 1592 1594 1593
f 1592 1668 1594
f 1594 1668 1595
f 1595 1668 1679
f 1595 1679 1596
f 1596 1679 1680
f 1596 1680 1597
f 1597 1680 1681
f 1597 1681 1598
f 1598 1681 1599
f 1599 1681 1682
f 1599 1682 1683
f 1599 1683 1600
f 1600 1683 1684
f 1600 1684 1601
f 1601 1684 1685
f 1601 1685 1686
f 1601 1686 1602
f 1602 1686 1603
f 1603 1686 1687
f 1603 1687 1605
f 1603 1605 1604
f 1605 1687 1688
f 1605 1688 1606
f 1606 1688 1607
f 1607 1689 1608
f 1607 1688 1690
f 1607 1690 1691
f 1607 1691 1689
f 1608 1689 1609
f 1609 1689 1692
f 1609 1692 1762
f 1609 1762 1693
f 1612 1694 1695
f 1612 1695 1613
f 1613 1695 1614
f 1614 1695 1696
f 1614 1696 1697
f 1614 1697 1616
f 1615 1616 1698
f 1615 1698 1617
f 1616 1699 1700
f 1616 1700 1701
f 1616 1701 1702
f 1616 1702 1698
f 1616 1697 1699
f 1617 1698 1703
f 1617 1703 1619
f 1618 1619 1704
f 1618 1704 1620
f 1619 1705 1706
f 1619 1706 1707
f 1619 1707 1704
f 1619 1703 1705
f 1620 1704 1623
f 1621 1622 1708
f 1621 1708 1637
f 1622 1625 1709
f 1622 1709 1710
f 1622 1710 1708
f 1623 1704 1711
f 1623 1711 1712
f 1623 1712 1624
f 1624 1712 1713
f 1624 1713 1714
f 1624 1714 1625
f 1625 1714 1715
f 1625 1715 1709
f 1633 1640 1634
f 1633 1635 1638
f 1633 1638 1640
f 1635 1636 1716
f 1635 1716 1638
f 1636 1637 1716
f 1637 1717 1716
f 1637 1708 1718
f 1637 1718 1717
f 1638 1716 1639
f 1639 1716 1719
f 1639 1719 1641
f 1641 1719 1720
f 1641 1720 1721
f 1641 1721 1722
f 1641 1722 1723
f 1641 1723 1642
f 1642 1723 1643
f 1643 1723 1644
f 1644 1723 1724
f 1644 1724 1725
f 1644 1725 1726
f 1644 1726 1649
f 1644 1649 1645
f 1646 1649 1726
f 1646 1726 1727
f 1646 1727 1728
f 1646 1728 1729
f 1646 1729 1647
f 1647 1729 1648
f 1648 1730 1650
f 1648 1729 1730
f 1650 1731 1732
f 1650 1732 1651
f 1650 1730 1731
f 1651 1732 1652
f 1652 1732 1733
f 1652 1733 1653
f 1653 1733 1661
f 1657 1658 1670
f 1658 1734 1670
f 1658 1660 1734
f 1659 1663 1735
f 1659 1735 1660
f 1660 1735 1736
f 1660 1736 1737
f 1660 1737 1734
f 1661 1738 1662
f 1661 1733 1738
f 1662 1735 1663
f 1662 1738 1735
f 1664 1669 1666
f 1664 1666 1665
f 1666 1739 1740
f 1666 1740 1667
f 1666 1669 1739
f 1667 1740 1668
f 1668 1740 1679
f 1669 1678 1741
f 1669 1741 1742
f 1669 1742 1739
f 1670 1734 1671
f 1671 1734 1673
f 1671 1673 1672
f 1673 1743 1744
f 1673 1744 1676
f 1673 1676 1675
f 1673 1675 1674
f 1673 1734 1745
f 1673 1745 1746
f 1673 1746 1743
f 1676 1744 1747
f 1676 1747 1677
f 1677 1741 1678
f 1677 1747 1741
f 1679 1740 1748
f 1679 1748 1680
f 1680 1748 1749
f 1680 1749 1681
f 1681 1749 1682
f 1682 1749 1750
f 1682 1750 1751
f 1682 1751 1683
f 1683 1751 1752
f 1683 1752 1684
f 1684 1752 1753
f 1684 1753 1685
f 1685 1753 1754
f 1685 1754 1686
f 1686 1754 1755
f 1686 1755 1756
f 1686 1756 1687
f 1687 1756 1688
f 1688 1756 1757
f 1688 1757 1758
f 1688 1758 1690
f 1689 1691 1692
f 1690 1758 1691
f 1691 1758 1759
f 1691 1759 1760
f 1691 1760 1761
f 1691 1761 1692
f 1692 1761 1763
f 1692 1763 1762
f 1694 1764 1696
f 1694 1696 1695
f 1696 1764 1818
f 1696 1818 1765
f 1696 1765 1697
f 1697 1765 1699
f 1698 1702 1703
f 1699 1765 1766
f 1699 1766 1700
f 1700 1766 1767
f 1700 1767 1768
f 1700 1768 1701
f 1701 1703 1702
f 1701 1768 1769
f 1701 1769 1703
f 1703 1769 1770
f 1703 1770 1706
f 1703 1706 1705
f 1704 1707 1711
f 1706 1770 1771
f 1706 1771 1707
f 1707 1771 1711
f 1708 1710 1718
f 1709 1715 1710
f 1710 1772 1718
f 1710 1715 1773
f 1710 1773 1772
f 1711 1771 1774
f 1711 1774 1775
f 1711 1775 1712
f 1712 1775 1713
f 1713 1775 1776
f 1713 1776 1714
f 1714 1776 1715
f 1715 1776 1773
f 1716 1717 1719
f 1717 1718 1719
f 1718 1772 1777
f 1718 1777 1778
f 1718 1778 1719
f 1719 1778 1721
f 1719 1721 1720
f 1721 1778 1779
f 1721 1779 1722
f 1722 1779 1780
f 1722 1780 1724
f 1722 1724 1723
f 1724 1780 1725
f 1725 1781 1726
f 1725 1780 1779
f 1725 1779 1782
f 1725 1782 1781
f 1726 1781 1727
f 1727 1782 1783
f 1727 1783 1784
f 1727 1784 1728
f 1727 1781 1782
f 1728 1784 1729
f 1729 1784 1785
f 1729 1785 1730
f 1730 1785 1786
f 1730 1786 1731
f 1731 1786 1787
f 1731 1787 1788
f 1731 1788 1732
f 1732 1788 1738
f 1732 1738 1733
f 1734 1737 1789
f 1734 1789 1745
f 1735 1738 1788
f 1735 1788 1790
f 1735 1790 1791
f 1735 1791 1792
f 1735 1792 1736
f 1736 1792 1737
f 1737 1792 1793
f 1737 1793 1789
f 1739 1742 1794
f 1739 1794 1748
f 1739 1748 1740
f 1741 1747 1795
f 1741 1795 1796
f 1741 1796 1742
f 1742 1797 1794
f 1742 1796 1797
f 1743 1798 1799
f 1743 1799 1744
f 1743 1746 1798
f 1744 1799 1747
f 1745 1789 1800
f 1745 1800 1801
f 1745 1801 1746
f 1746 1801 1802
f 1746 1802 1803
f 1746 1803 1798
f 1747 1799 1804
f 1747 1804 1795
f 1748 1794 1749
f 1749 1794 1750
f 1750 1794 1797
f 1750 1797 1805
f 1750 1805 1751
f 1751 1805 1806
f 1751 1806 1752
f 1752 1806 1807
f 1752 1807 1753
f 1753 1807 1808
f 1753 1808 1754
f 1754 1808 1809
f 1754 1809 1755
f 1755 1809 1756
f 1756 1809 1810
f 1756 1810 1811
f 1756 1811 1757
f 1757 1811 1812
f 1757 1812 1758
f 1758 1812 1813
f 1758 1813 1759
f 1759 1813 1814
f 1759 1814 1815
f 1759 1815 1760
f 1760 1816 1761
f 1760 1815 1816
f 1761 1817 1763
f 1761 1816 1817
f 1765 1818 1869
f 1765 1869 1819
f 1765 1819 1766
f 1766 1819 1820
f 1766 1820 1767
f 1767 1820 1821
f 1767 1821 1768
f 1768 1821 1822
f 1768 1822 1769
f 1769 1822 1823
f 1769 1823 1770
f 1770 1824 1825
f 1770 1825 1826
f 1770 1826 1771
f 1770 1823 1827
f 1770 1827 1824
f 1771 1826 1828
f 1771 1828 1774
f 1772 1773 1829
f 1772 1829 1777
f 1773 1830 1829
f 1773 1776 1831
f 1773 1831 1830
f 1774 1828 1775
f 1775 1832 1776
f 1775 1828 1833
f 1775 1833 1834
f 1775 1834 1832
f 1776 1832 1835
f 1776 1835 1836
f 1776 1836 1831
f 1777 1829 1779
f 1777 1779 1778
f 1779 1829 1837
f 1779 1837 1838
f 1779 1838 1782
f 1782 1839 1783
f 1782 1838 1839
f 1783 1839 1840
f 1783 1840 1784
f 1784 1840 1841
f 1784 1841 1842
f 1784 1842 1785
f 1785 1842 1843
f 1785 1843 1786
f 1786 1843 1842
f 1786 1842 1844
f 1786 1844 1787
f 1787 1844 1845
f 1787 1845 1788
f 1788 1845 1790
f 1789 1793 1800
f 1790 1846 1847
f 1790 1847 1791
f 1790 1845 1846
f 1791 1847 1792
f 1792 1847 1848
f 1792 1848 1793
f 1793 1848 1849
f 1793 1849 1800
f 1795 1804 1796
f 1796 1804 1850
f 1796 1850 1851
f 1796 1851 1797
f 1797 1851 1805
f 1798 1803 1799
f 1799 1803 1852
f 1799 1852 1804
f 1800 1853 1801
f 1800 1849 1853
f 1801 1853 1854
f 1801 1854 1802
f 1802 1855 1803
f 1802 1854 1855
f 1803 1855 1852
f 1804 1852 1856
f 1804 1856 1850
f 1805 1851 1857
f 1805 1857 1806
f 1806 1857 1858
f 1806 1858 1807
f 1807 1858 1859
f 1807 1859 1808
f 1808 1859 1860
f 1808 1860 1809
f 1809 1860 1861
f 1809 1861 1810
f 1810 1861 1862
f 1810 1862 1811
f 1811 1862 1863
f 1811 1863 1812
f 1812 1863 1864
f 1812 1864 1813
f 1813 1864 1814
f 1814 1864 1865
f 1814 1865 1815
f 1815 1865 1866
f 1815 1866 1867
f 1815 1867 1868
f 1815 1868 1816
f 1819 1869 1919
f 1819 1919 1870
f 1819 1870 1820
f 1820 1870 1871
f 1820 1871 1872
f 1820 1872 1873
f 1820 1873 1821
f 1821 1873 1822
f 1822 1873 1874
f 1822 1874 1823
f 1823 1875 1876
f 1823 1876 1877
f 1823 1877 1878
f 1823 1878 1879
f 1823 1879 1827
f 1823 1874 1875
f 1824 1880 1881
f 1824 1881 1825
f 1824 1827 1882
f 1824 1882 1931
f 1824 1931 1880
f 1825 1881 1828
f 1825 1828 1826
f 1827 1879 1883
f 1827 1883 1882
f 1828 1881 1833
f 1829 1830 1838
f 1829 1838 1837
f 1830 1831 1884
f 1830 1884 1838
f 1831 1836 1885
f 1831 1885 1884
f 1832 1834 1835
f 1833 1881 1886
f 1833 1886 1834
f 1834 1886 1887
f 1834 1887 1835
f 1835 1887 1888
f 1835 1888 1836
f 1836 1888 1889
f 1836 1889 1890
f 1836 1890 1891
f 1836 1891 1885
f 1838 1884 1839
f 1839 1884 1892
f 1839 1892 1840
f 1840 1892 1893
f 1840 1893 1841
f 1841 1893 1894
f 1841 1894 1842
f 1842 1895 1896
f 1842 1896 1897
f 1842 1897 1845
f 1842 1845 1844
f 1842 1894 1895
f 1845 1896 1846
f 1845 1897 1896
f 1846 1896 1847
f 1847 1898 1848
f 1847 1896 1898
f 1848 1899 1849
f 1848 1898 1899
f 1849 1899 1853
f 1850 1900 1851
f 1850 1856 1900
f 1851 1900 1857
f 1852 1901 1856
f 1852 1855 1902
f 1852 1902 1901
f 1853 1903 1904
f 1853 1904 1854
f 1853 1899 1903
f 1854 1904 1905
f 1854 1905 1855
f 1855 1905 1906
f 1855 1906 1902
f 1856 1901 1907
f 1856 1907 1900
f 1857 1900 1908
f 1857 1908 1858
f 1858 1908 1909
f 1858 1909 1859
f 1859 1909 1910
f 1859 1910 1860
f 1860 1910 1911
f 1860 1911 1861
f 1861 1911 1912
f 1861 1912 1862
f 1862 1912 1913
f 1862 1913 1863
f 1863 1913 1914
f 1863 1914 1864
f 1864 1914 1915
f 1864 1915 1916
f 1864 1916 1865
f 1865 1916 1866
f 1866 1916 1917
f 1866 1917 1867
f 1867 1917 1918
f 1870 1919 1920
f 1870 1920 1871
f 1871 1921 1963
f 1871 1963 1922
f 1871 1922 1923
f 1871 1923 1872
f 1871 1920 1921
f 1872 1923 1873
f 1873 1923 1875
f 1873 1875 1874
f 1875 1924 1876
f 1875 1923 1924
f 1876 1924 1925
f 1876 1925 1926
f 1876 1926 1877
f 1877 1926 1927
f 1877 1927 1878
f 1878 1927 1928
f 1878 1928 1929
f 1878 1929 1883
f 1878 1883 1879
f 1880 1930 1881
f 1880 1931 1930
f 1881 1930 1886
f 1882 1883 1931
f 1883 1932 1931
f 1883 1929 1932
f 1884 1885 1892
f 1885 1891 1892
f 1886 1930 1933
f 1886 1933 1887
f 1887 1933 1934
f 1887 1934 1888
f 1888 1934 1889
f 1889 1935 1936
f 1889 1936 1937
f 1889 1937 1938
f 1889 1938 1890
f 1889 1934 1935
f 1890 1939 1891
f 1890 1938 1939
f 1891 1939 1893
f 1891 1893 1892
f 1893 1939 1894
f 1894 1939 1940
f 1894 1940 1895
f 1895 1940 1941
f 1895 1941 1896
f 1896 1941 1942
f 1896 1942 1898
f 1898 1942 1899
f 1899 1942 1941
f 1899 1941 1943
f 1899 1943 1944
f 1899 1944 1903
f 1900 1907 1908
f 1901 1945 1907
f 1901 1902 1906
f 1901 1906 1946
f 1901 1946 1945
f 1903 1947 1904
f 1903 1944 1948
f 1903 1948 1947
f 1904 1947 1905
f 1905 1947 1949
f 1905 1949 1906
f 1906 1949 1950
f 1906 1950 1946
f 1907 1945 1951
f 1907 1951 1908
f 1908 1951 1909
f 1909 1951 1952
f 1909 1952 1910
f 1910 1952 1953
f 1910 1953 1954
f 1910 1954 1911
f 1911 1954 1955
f 1911 1955 1912
f 1912 1955 1956
f 1912 1956 1913
f 1913 1956 1957
f 1913 1957 1914
f 1914 1957 1958
f 1914 1958 1915
f 1915 1958 1959
f 1915 1959 1916
f 1916 1959 1960
f 1916 1960 1917
f 1917 1960 1961
f 1917 1961 1918
f 1918 1961 1962
f 1922 1963 2000
f 1922 2000 1964
f 1922 1964 1965
f 1922 1965 1923
f 1923 1965 1924
f 1924 1965 1966
f 1924 1966 1967
f 1924 1967 1968
f 1924 1968 1925
f 1925 1968 1926
f 1926 1968 1969
f 1926 1969 1927
f 1927 1969 1970
f 1927 1970 1928
f 1928 1970 1971
f 1928 1971 1972
f 1928 1972 1973
f 1928 1973 1929
f 1929 1973 1932
f 1930 1931 1974
f 1930 1974 1933
f 1931 1932 1975
f 1931 1975 1974
f 1932 1973 1975
f 1933 1974 1976
f 1933 1976 1934
f 1934 1976 1935
f 1935 1976 1977
f 1935 1977 1978
f 1935 1978 1979
f 1935 1979 1980
f 1935 1980 1936
f 1936 1980 1981
f 1936 1981 1982
f 1936 1982 1937
f 1937 1982 1943
f 1937 1943 1983
f 1937 1983 1940
f 1937 1940 1938
f 1938 1940 1939
f 1940 1983 1941
f 1941 1983 1943
f 1943 1982 1981
f 1943 1981 1944
f 1944 1981 1948
f 1945 1984 1951
f 1945 1946 1985
f 1945 1985 1984
f 1946 1950 1985
f 1947 1948 1986
f 1947 1986 1987
f 1947 1987 1949
f 1948 1981 1986
f 1949 1987 1988
f 1949 1988 1950
f 1950 1989 1985
f 1950 1988 1989
f 1951 1984 1953
f 1951 1953 1952
f 1953 1990 1991
f 1953 1991 1992
f 1953 1992 1954
f 1953 1984 1990
f 1954 1992 1955
f 1955 1992 1993
f 1955 1993 1956
f 1956 1993 1994
f 1956 1994 1957
f 1957 1994 1995
f 1957 1995 1958
f 1958 1995 1996
f 1958 1996 1959
f 1959 1996 1997
f 1959 1997 1960
f 1960 1997 1998
f 1960 1998 1961
f 1961 1998 1999
f 1961 1999 1962
f 1964 2000 2001
f 1964 2001 2002
f 1964 2002 1965
f 1965 2002 1966
f 1966 2002 1967
f 1967 2002 2003
f 1967 2003 2004
f 1967 2004 2005
f 1967 2005 2006
f 1967 2006 1968
f 1968 2006 2007
f 1968 2007 1969
f 1969 2007 1970
f 1970 2007 2008
f 1970 2008 1971
f 1971 2008 2009
f 1971 2009 2010
f 1971 2010 2011
f 1971 2011 1972
f 1972 2012 1973
f 1972 2011 2012
f 1973 2012 2013
f 1973 2013 1975
f 1974 1975 1977
f 1974 1977 1976
f 1975 2013 1977
f 1977 2013 1978
f 1978 2013 2014
f 1978 2014 1979
f 1979 1986 1980
f 1979 2014 2015
f 1979 2015 1987
f 1979 1987 1986
f 1980 1986 1981
f 1984 1985 1990
f 1985 1989 1990
f 1987 2015 1988
f 1988 2015 2016
f 1988 2016 1989
f 1989 2016 1990
f 1990 2016 2017
f 1990 2017 1991
f 1991 2018 1992
f 1991 2017 2019
f 1991 2019 2020
f 1991 2020 2018
f 1992 2018 1993
f 1993 2018 2021
f 1993 2021 1994
f 1994 2021 2022
f 1994 2022 1995
f 1995 2022 2023
f 1995 2023 1996
f 1996 2023 2024
f 1996 2024 1997
f 1997 2024 2025
f 1997 2025 1998
f 1998 2025 2026
f 1998 2026 2027
f 1998 2027 1999
f 2001 2028 2002
f 2002 2028 2003
f 2003 2028 2029
f 2003 2029 2004
f 2004 2029 2030
f 2004 2030 2039
f 2004 2039 2031
f 2004 2031 2032
f 2004 2032 2005
f 2005 2032 2006
f 2006 2032 2033
f 2006 2033 2007
f 2007 2033 2034
f 2007 2034 2008
f 2008 2034 2035
f 2008 2035 2009
f 2009 2035 2036
f 2009 2036 2010
f 2010 2020 2019
f 2010 2019 2011
f 2010 2036 2020
f 2011 2019 2037
f 2011 2037 2012
f 2012 2014 2013
f 2012 2037 2016
f 2012 2016 2015
f 2012 2015 2014
f 2016 2019 2017
f 2016 2037 2019
f 2018 2020 2036
f 2018 2036 2021
f 2021 2036 2035
f 2021 2035 2022
f 2022 2035 2034
f 2022 2034 2023
f 2023 2034 2024
f 2024 2034 2033
f 2024 2033 2032
f 2024 2032 2025
f 2025 2032 2026
f 2026 2038 2027
f 2026 2032 2031
f 2026 2031 2039
f 2026 2039 2038
