v 0.43503514 -0.48572505 -0.63404441
v 0.43503514 -0.48572505 -0.46807849
v 0.43503514 -0.47796106 -0.63865376
v 0.44427699 -0.48572505 -0.63184118
v 0.54945219 -0.48572505 -0.41427368
v 0.43503514 -0.48561084 -0.46715084
v 0.45004776 -0.47407907 -0.63700134
v 0.43503514 -0.46871281 -0.64311814
v 0.45004776 -0.46403158 -0.64198756
v 0.45100230 -0.48572505 -0.63010180
v 0.78492481 -0.48572505 -0.41427368
v 0.69055355 0.48990929 -0.41427368
v 0.69363415 0.50989008 -0.41427368
v 0.43503514 0.48990929 -0.55748266
v 0.47000676 -0.48572505 -0.62499958
v 0.46796745 -0.48572505 -0.62555039
v 0.46180621 -0.46094882 -0.64048010
v 0.46913898 -0.46859860 -0.63453722
v 0.43503514 -0.45352739 -0.65010464
v 0.45004776 -0.44998795 -0.64822030
v 0.77572632 -0.48572505 -0.42557964
v 0.78141028 -0.48207140 -0.42181098
v 0.79503447 -0.46985459 -0.41427368
v 0.69710529 0.52987087 -0.41427368
v 0.43503514 0.49253535 -0.55774355
v 0.48575699 -0.48309898 -0.62183970
v 0.47538698 -0.48572505 -0.62340516
v 0.47512665 -0.45672435 -0.63856679
v 0.46913898 -0.44998795 -0.64314711
v 0.49148434 -0.47156721 -0.62610120
v 0.43503514 -0.44998795 -0.65167010
v 0.43503514 -0.43936956 -0.65590262
v 0.43503514 -0.43411744 -0.65796083
v 0.44974405 -0.42909372 -0.65639544
v 0.47005013 -0.42989296 -0.65071344
v 0.76505262 -0.48572505 -0.43810320
v 0.76249266 -0.48355567 -0.44285750
v 0.77585649 -0.47339404 -0.43511724
v 0.78423059 -0.46802777 -0.42911637
v 0.79880929 -0.45786607 -0.41859314
v 0.80006760 -0.46140552 -0.41427368
v 0.70118386 0.54985172 -0.41427368
v 0.43503514 0.51799661 -0.56041062
v 0.43503514 0.50989008 -0.55954093
v 0.43503514 0.50772077 -0.55930901
v 0.49912083 -0.47933120 -0.61963654
v 0.49447820 -0.48572505 -0.61734635
v 0.48796982 -0.48572505 -0.61952055
v 0.51005489 -0.46551585 -0.62282538
v 0.48462886 -0.44336569 -0.64140773
v 0.49079013 -0.44998795 -0.63656646
v 0.43503514 -0.42429835 -0.66146863
v 0.44284517 -0.42190063 -0.66065693
v 0.45616561 -0.41687685 -0.65903348
v 0.47039723 -0.41002631 -0.65723610
v 0.49005252 -0.40991217 -0.65146720
v 0.49079013 -0.43080634 -0.64419079
v 0.75871778 -0.48572505 -0.44520566
v 0.74492007 -0.48572505 -0.45978746
v 0.74301094 -0.48401237 -0.46309227
v 0.75633138 -0.47442162 -0.45619273
v 0.76826340 -0.46722853 -0.44816262
v 0.78002185 -0.46003544 -0.44013247
v 0.80427635 -0.45375574 -0.41427368
v 0.79351586 -0.45067298 -0.42981213
v 0.80232382 -0.44450748 -0.42297059
v 0.43503514 0.53443795 -0.56235290
v 0.43503514 0.52576053 -0.56130928
v 0.70500207 0.56674975 -0.41427368
v 0.51005489 -0.47556335 -0.61763620
v 0.52897251 -0.48572505 -0.60453290
v 0.50554240 -0.48572505 -0.61346173
v 0.51005489 -0.44998795 -0.63001484
v 0.52181333 -0.46129137 -0.62068015
v 0.49794930 -0.43811363 -0.63929152
v 0.43503514 -0.41459334 -0.66457051
v 0.44974405 -0.41002631 -0.66265720
v 0.46397567 -0.40351826 -0.66106278
v 0.47733951 -0.39712441 -0.65920740
v 0.51100945 -0.41082555 -0.64424872
v 0.50506514 -0.42475504 -0.64169765
v 0.49005252 -0.39027387 -0.65717816
v 0.51005489 -0.38993132 -0.65068448
v 0.73975676 -0.48572505 -0.46497661
v 0.73619884 -0.47453576 -0.47645652
v 0.74856472 -0.46779943 -0.46862930
v 0.72509122 -0.48572505 -0.47918156
v 0.76071370 -0.46106303 -0.46080208
v 0.77381718 -0.44998795 -0.45320681
v 0.78271198 -0.44998795 -0.44323435
v 0.80727017 -0.44793278 -0.41427368
v 0.79690021 -0.43331826 -0.43633482
v 0.80462348 -0.42795193 -0.42981213
v 0.81577444 -0.42989296 -0.41456357
v 0.43503514 0.54985172 -0.56438220
v 0.70647734 0.57234436 -0.41427368
v 0.54277027 -0.48195720 -0.60119909
v 0.53179282 -0.48572505 -0.60343128
v 0.52910268 -0.46871281 -0.61383855
v 0.51100945 -0.43080634 -0.63737822
v 0.52910268 -0.44930285 -0.62317324
v 0.53513378 -0.45558256 -0.61801308
v 0.54966915 -0.46996874 -0.60459089
v 0.43503514 -0.40991217 -0.66596198
v 0.43503514 -0.38993132 -0.67164397
v 0.45004776 -0.38993132 -0.66828120
v 0.47039723 -0.39027387 -0.66294706
v 0.48337060 -0.38376582 -0.66097581
v 0.51838559 -0.41813284 -0.63937849
v 0.52415633 -0.40477425 -0.64149475
v 0.49669105 -0.37543094 -0.65891755
v 0.50892675 -0.36926544 -0.65627944
v 0.53005725 -0.36995053 -0.64862621
v 0.53049111 -0.38981712 -0.64337903
v 0.72287840 -0.48366988 -0.48277628
v 0.71563244 -0.47385073 -0.49608254
v 0.72830200 -0.46757102 -0.48845825
v 0.74079812 -0.46117717 -0.48080498
v 0.71871305 -0.48572505 -0.48506644
v 0.75407517 -0.44998795 -0.47410834
v 0.76383770 -0.44998795 -0.46410692
v 0.77772224 -0.43525922 -0.45752627
v 0.81599140 -0.42989296 -0.41427368
v 0.78887320 -0.42760944 -0.44877139
v 0.79998082 -0.41995960 -0.44004548
v 0.81863815 -0.41664851 -0.41833222
v 0.82006997 -0.42053050 -0.41427368
v 0.71129352 0.58992749 -0.41427368
v 0.43503514 0.56971830 -0.56748408
v 0.55609071 -0.47659093 -0.59821314
v 0.55149150 -0.48572505 -0.59485036
v 0.54632819 -0.48572505 -0.59725648
v 0.53005725 -0.42989296 -0.63062358
v 0.54242313 -0.44222397 -0.62097001
v 0.54945219 -0.44930285 -0.61470824
v 0.56372720 -0.46334654 -0.60172087
v 0.45004776 -0.36995053 -0.67318046
v 0.43503514 -0.36972219 -0.67654324
v 0.47005013 -0.36995053 -0.66802025
v 0.49005252 -0.36926544 -0.66239625
v 0.53049111 -0.41082555 -0.63714629
v 0.53747678 -0.39643937 -0.63900161
v 0.50155061 -0.36218655 -0.66045398
v 0.54619801 -0.36995053 -0.64248037
v 0.54220617 -0.38308078 -0.64082795
v 0.53005725 -0.34996969 -0.65297461
v 0.70226860 -0.48275644 -0.50202543
v 0.70539260 -0.48572505 -0.49712616
v 0.70938438 -0.46825612 -0.50512731
v 0.72031844 -0.46049213 -0.50037301
v 0.73355210 -0.44998795 -0.49399528
v 0.74409568 -0.44998795 -0.48402283
v 0.75798017 -0.43594426 -0.47802195
v 0.76943493 -0.42886537 -0.46952799
v 0.78084624 -0.42190063 -0.46100503
v 0.79329890 -0.40991217 -0.45236611
v 0.80193335 -0.40991217 -0.44236466
v 0.81278062 -0.40991217 -0.42902941
v 0.82315063 -0.41288072 -0.41427368
v 0.82124150 -0.40328991 -0.42169502
v 0.82510310 -0.40797114 -0.41427368
v 0.71780187 0.60990828 -0.41427368
v 0.43503514 0.58992749 -0.57131070
v 0.57023555 -0.46996874 -0.59502429
v 0.58320892 -0.48264229 -0.58163106
v 0.56507224 -0.48572505 -0.58850157
v 0.55005962 -0.40991217 -0.62957996
v 0.54945219 -0.42897952 -0.62311530
v 0.55574358 -0.43514502 -0.61810005
v 0.57023555 -0.45010209 -0.60485178
v 0.57704765 -0.45683849 -0.59853202
v 0.43503514 -0.35910380 -0.67892039
v 0.43651035 -0.35613519 -0.67923927
v 0.44944030 -0.34974134 -0.67752886
v 0.47005013 -0.34996969 -0.67222381
v 0.49005252 -0.34996969 -0.66645485
v 0.54932201 -0.38981712 -0.63601565
v 0.50515193 -0.34996969 -0.66170055
v 0.51513141 -0.34996969 -0.65827978
v 0.55170840 -0.35122561 -0.64439368
v 0.55943167 -0.35876125 -0.63972634
v 0.55622089 -0.36995053 -0.63839281
v 0.51873267 -0.33729619 -0.65952629
v 0.52914608 -0.33033144 -0.65691721
v 0.55005962 -0.32998890 -0.64900303
v 0.68087775 -0.48092961 -0.52075273
v 0.69515276 -0.46996874 -0.51611441
v 0.69545650 -0.48572505 -0.50553316
v 0.68573731 -0.48572505 -0.51347631
v 0.69931811 -0.45900786 -0.51947719
v 0.71012199 -0.45135802 -0.51431704
v 0.72352922 -0.44998795 -0.50327194
v 0.73767406 -0.43548757 -0.49787989
v 0.74951929 -0.42909372 -0.48961782
v 0.76123434 -0.42258567 -0.48129779
v 0.77390397 -0.40991217 -0.47364452
v 0.78327602 -0.40991217 -0.46364307
v 0.79698694 -0.38993132 -0.45665658
v 0.80553460 -0.38993132 -0.44665512
v 0.81555748 -0.38993132 -0.43456644
v 0.82354110 -0.38993132 -0.42456502
v 0.83109081 -0.39084470 -0.41427368
v 0.72422343 0.62657797 -0.41427368
v 0.43503514 0.61002249 -0.57603604
v 0.58993423 -0.46985459 -0.58510983
v 0.59652936 -0.47659093 -0.57809430
v 0.58615935 -0.48572505 -0.57803631
v 0.57687408 -0.48572505 -0.58281964
v 0.56594002 -0.40991217 -0.62265146
v 0.56155777 -0.42178643 -0.62068015
v 0.57184094 -0.39164394 -0.62566638
v 0.56893390 -0.42897952 -0.61438936
v 0.58325231 -0.44347990 -0.60160494
v 0.60312450 -0.46323234 -0.58168900
v 0.58997762 -0.45010209 -0.59505326
v 0.43503514 -0.35476512 -0.67981905
v 0.44236791 -0.34289080 -0.68051481
v 0.45568836 -0.33352834 -0.67894936
v 0.46809763 -0.32804793 -0.67660123
v 0.49005252 -0.32998890 -0.67004955
v 0.51126981 -0.33033144 -0.66317898
v 0.56259906 -0.34540266 -0.64108884
v 0.56954134 -0.35122561 -0.63676941
v 0.57006198 -0.36995053 -0.63230503
v 0.52185673 -0.32393759 -0.66062790
v 0.53456974 -0.30989391 -0.65798986
v 0.56580985 -0.32998890 -0.64250934
v 0.55005962 -0.30989391 -0.65201795
v 0.65848899 -0.47818941 -0.53901625
v 0.67033422 -0.47088218 -0.53466779
v 0.68517327 -0.46996874 -0.52408653
v 0.67341483 -0.48572505 -0.52304292
v 0.67723304 -0.45603925 -0.53805959
v 0.69059694 -0.45090133 -0.53055125
v 0.70352685 -0.44564927 -0.52304292
v 0.71689069 -0.43423164 -0.51733196
v 0.72903967 -0.42818034 -0.50921488
v 0.74105841 -0.42212898 -0.50106877
v 0.75377142 -0.40991217 -0.49402428
v 0.76388109 -0.40991217 -0.48405182
v 0.77776563 -0.38993132 -0.47773206
v 0.78700745 -0.38993132 -0.46770164
v 0.79915643 -0.37725776 -0.45909169
v 0.81811750 -0.37360412 -0.43775529
v 0.82527667 -0.36812371 -0.43068182
v 0.83651447 -0.36995053 -0.41546226
v 0.83612394 -0.37417501 -0.41427368
v 0.72691357 0.63240099 -0.41427368
v 0.43503514 0.62155426 -0.57936984
v 0.62152147 -0.48138636 -0.56090343
v 0.60542411 -0.48572505 -0.56733912
v 0.60989320 -0.46985459 -0.57415169
v 0.57969439 -0.39940792 -0.61981046
v 0.57591951 -0.40991217 -0.61807108
v 0.58997762 -0.42920792 -0.60404009
v 0.58368617 -0.38604933 -0.62175274
v 0.59657276 -0.43548757 -0.59815514
v 0.60989320 -0.44930285 -0.58461696
v 0.61644495 -0.45558256 -0.57789141
v 0.62894100 -0.46859860 -0.56362844
v 0.43503514 -0.34688693 -0.68126857
v 0.43503514 -0.33524102 -0.68326885
v 0.44944030 -0.32804793 -0.68129754
v 0.46015742 -0.32016975 -0.68002200
v 0.47256669 -0.30989391 -0.67796373
v 0.49005252 -0.30989391 -0.67294854
v 0.51005489 -0.30989391 -0.66657078
v 0.57583272 -0.32998890 -0.63807392
v 0.59006441 -0.34996969 -0.62752169
v 0.59023792 -0.36846620 -0.62323123
v 0.52454686 -0.30989391 -0.66161358
v 0.53778052 -0.28991312 -0.65914941
v 0.57110333 -0.30898052 -0.64335006
v 0.57847947 -0.31503183 -0.63929152
v 0.55005962 -0.28991312 -0.65439510
v 0.57006198 -0.28991312 -0.64610410
v 0.63488531 -0.47430742 -0.55675793
v 0.64968097 -0.46962619 -0.54980040
v 0.66391259 -0.46483082 -0.54284286
v 0.66590852 -0.48572505 -0.52855098
v 0.65423685 -0.48572505 -0.53692895
v 0.64573258 -0.48572505 -0.54275590
v 0.64521194 -0.48515415 -0.54345167
v 0.67033422 -0.44964540 -0.54623467
v 0.68183231 -0.44279486 -0.54145133
v 0.69576019 -0.42989296 -0.53681302
v 0.71012199 -0.42852283 -0.52570999
v 0.72040522 -0.42087305 -0.52043384
v 0.73294467 -0.40991217 -0.51365030
v 0.74379194 -0.40991217 -0.50364882
v 0.75784999 -0.38993132 -0.49799585
v 0.76774275 -0.38993132 -0.48796540
v 0.77971810 -0.37919879 -0.47976133
v 0.79047859 -0.37154895 -0.47057161
v 0.80115235 -0.36401337 -0.46141088
v 0.80961323 -0.36880875 -0.44961208
v 0.82006997 -0.36024553 -0.44013247
v 0.83859712 -0.35408002 -0.41821629
v 0.84024590 -0.35898960 -0.41427368
v 0.83738220 -0.36995053 -0.41427368
v 0.73758733 0.64986992 -0.41427368
v 0.43503514 0.63137341 -0.58273268
v 0.43503514 0.62406611 -0.58021057
v 0.64356315 -0.48572505 -0.54417640
v 0.62577361 -0.48572505 -0.55539542
v 0.61397177 -0.48572505 -0.56246889
v 0.59023792 -0.39164394 -0.61691147
v 0.59006441 -0.40991217 -0.61111355
v 0.60164928 -0.42212898 -0.60082221
v 0.59705001 -0.37406087 -0.61847693
v 0.60898203 -0.42920792 -0.59383571
v 0.62191194 -0.44233811 -0.58108026
v 0.64091641 -0.46094882 -0.56055558
v 0.62920135 -0.44930285 -0.57334000
v 0.43503514 -0.32941800 -0.68413854
v 0.43503514 -0.31468928 -0.68625480
v 0.45004776 -0.30989391 -0.68367469
v 0.46258721 -0.30989391 -0.68065977
v 0.47681883 -0.28991312 -0.67912334
v 0.49005252 -0.28991312 -0.67523873
v 0.51005489 -0.28991312 -0.66888994
v 0.59006441 -0.32998890 -0.63140631
v 0.60264719 -0.34996969 -0.62131792
v 0.60043436 -0.36081642 -0.62018728
v 0.52780104 -0.28991312 -0.66274416
v 0.53947270 -0.27746791 -0.65978718
v 0.58051878 -0.30167323 -0.64019018
v 0.58837223 -0.30898052 -0.63549387
v 0.54854101 -0.27050316 -0.65677226
v 0.57006198 -0.26993227 -0.64801741
v 0.58195060 -0.28991312 -0.64085698
v 0.58412004 -0.26993227 -0.64184260
v 0.65506124 -0.44998795 -0.55669993
v 0.65918320 -0.43868452 -0.55948293
v 0.66998708 -0.43114889 -0.55513448
v 0.68578070 -0.42989296 -0.54435033
v 0.69914454 -0.41824698 -0.53939307
v 0.70938438 -0.41093975 -0.53376913
v 0.72296518 -0.40991217 -0.52266604
v 0.73719680 -0.38993132 -0.51753491
v 0.74787050 -0.38993132 -0.50753343
v 0.75984591 -0.37954128 -0.49990916
v 0.78184420 -0.36584020 -0.48199356
v 0.79403651 -0.34996969 -0.47349957
v 0.80297470 -0.34996969 -0.46349815
v 0.81295419 -0.34996969 -0.45167035
v 0.82128489 -0.34996969 -0.44163993
v 0.83217555 -0.34848541 -0.42818871
v 0.84015912 -0.34083563 -0.42027453
v 0.84341329 -0.34574521 -0.41427368
v 0.84215504 -0.35111147 -0.41427368
v 0.74800068 0.66231507 -0.41427368
v 0.43503514 0.65066916 -0.59180641
v 0.61158538 -0.39107311 -0.60592437
v 0.60564107 -0.40991217 -0.60302544
v 0.62629426 -0.42989296 -0.58366030
v 0.61566395 -0.40991217 -0.59748840
v 0.63983166 -0.41961712 -0.57986265
v 0.62273633 -0.38513595 -0.60157597
v 0.60828781 -0.36846620 -0.61398351
v 0.64512515 -0.44998795 -0.56322259
v 0.63627374 -0.42989296 -0.57771742
v 0.43503514 -0.30989391 -0.68689257
v 0.45004776 -0.28991312 -0.68593591
v 0.46679595 -0.28991312 -0.68176138
v 0.47916186 -0.27678287 -0.67973208
v 0.48857728 -0.27004647 -0.67747092
v 0.51005489 -0.26993227 -0.67065835
v 0.53174943 -0.27050316 -0.66312104
v 0.60633528 -0.32998890 -0.62328923
v 0.61123824 -0.30909467 -0.62407196
v 0.61262673 -0.34996969 -0.61601281
v 0.62638104 -0.36995053 -0.60363424
v 0.54094791 -0.26422352 -0.66030902
v 0.59197348 -0.28991312 -0.63616061
v 0.61006677 -0.28991312 -0.62717384
v 0.54997283 -0.26251084 -0.65683025
v 0.55218571 -0.24983732 -0.65685928
v 0.57001859 -0.24983732 -0.64946687
v 0.58576888 -0.24983732 -0.64256734
v 0.59409958 -0.26993227 -0.63717526
v 0.59470701 -0.26251084 -0.63746518
v 0.59574836 -0.24983732 -0.63795799
v 0.66334856 -0.42544007 -0.56229496
v 0.67666900 -0.41379410 -0.55768555
v 0.68022692 -0.40054971 -0.56023669
v 0.70235538 -0.40500259 -0.54194421
v 0.71563244 -0.38993132 -0.53643614
v 0.72721732 -0.38993132 -0.52643472
v 0.73945302 -0.37851369 -0.51956415
v 0.74175262 -0.36515510 -0.52165139
v 0.76201534 -0.36629689 -0.50205439
v 0.77442467 -0.34996969 -0.49434316
v 0.78405702 -0.34996969 -0.48434171
v 0.79642290 -0.32998890 -0.47613764
v 0.80527431 -0.32998890 -0.46613619
v 0.81525379 -0.32998890 -0.45436639
v 0.82349771 -0.32998890 -0.44439393
v 0.83352059 -0.32998890 -0.43172544
v 0.84124386 -0.32998890 -0.42172402
v 0.84662414 -0.32998890 -0.41427368
v 0.75116807 0.66437024 -0.41427368
v 0.43503514 0.66140169 -0.59853202
v 0.61926526 -0.39849454 -0.59951770
v 0.63189149 -0.41173893 -0.58737099
v 0.64369327 -0.40625852 -0.58223981
v 0.65020168 -0.41173893 -0.57609403
v 0.62967861 -0.39107311 -0.59569103
v 0.63636053 -0.36995053 -0.59780729
v 0.43503514 -0.28991312 -0.68915373
v 0.43503514 -0.26993227 -0.69098008
v 0.45004776 -0.26993227 -0.68770427
v 0.47152537 -0.27004647 -0.68228316
v 0.48094079 -0.26353842 -0.68025392
v 0.51005489 -0.26251084 -0.67120916
v 0.49248230 -0.24983732 -0.67770284
v 0.53001386 -0.24983732 -0.66517925
v 0.61870116 -0.31514603 -0.61925966
v 0.61631477 -0.32998890 -0.61798412
v 0.62052351 -0.30178744 -0.62024528
v 0.63145757 -0.35042644 -0.60534459
v 0.63006914 -0.32998890 -0.61030185
v 0.63909405 -0.35739112 -0.59943068
v 0.54220617 -0.24983732 -0.66080183
v 0.61006677 -0.26993227 -0.62926108
v 0.62382108 -0.26993227 -0.62207162
v 0.62186861 -0.28991312 -0.62097001
v 0.55374771 -0.22997068 -0.65746802
v 0.57001859 -0.22997068 -0.65071344
v 0.58711392 -0.22997068 -0.64320511
v 0.61006677 -0.24983732 -0.63088453
v 0.59709340 -0.22997068 -0.63859576
v 0.61006677 -0.22997068 -0.63218904
v 0.66998708 -0.40831369 -0.56432420
v 0.65692699 -0.39381331 -0.57803631
v 0.66812134 -0.38821870 -0.57238334
v 0.68270010 -0.38993132 -0.56194705
v 0.69267958 -0.38993132 -0.55452573
v 0.70565295 -0.38993132 -0.54458225
v 0.71849608 -0.37577349 -0.53878433
v 0.73016775 -0.37052137 -0.53020334
v 0.72083914 -0.36252904 -0.54075563
v 0.73272771 -0.34996969 -0.53374010
v 0.74400890 -0.34996969 -0.52373868
v 0.75403178 -0.34996969 -0.51440400
v 0.76440179 -0.34996969 -0.50440258
v 0.77689785 -0.32998890 -0.49689424
v 0.78644341 -0.32998890 -0.48689279
v 0.79846221 -0.30989391 -0.47836983
v 0.80718338 -0.30989391 -0.46833941
v 0.81716287 -0.30989391 -0.45668554
v 0.82536346 -0.30989391 -0.44668412
v 0.83534294 -0.30989391 -0.43413159
v 0.84770882 -0.32393759 -0.41427368
v 0.84302282 -0.30989391 -0.42413014
v 0.76982540 0.67430359 -0.41427368
v 0.43503514 0.66905147 -0.60867840
v 0.65020168 -0.38821870 -0.58406615
v 0.65002811 -0.36995053 -0.58940029
v 0.66022456 -0.38056886 -0.58015257
v 0.45004776 -0.26251084 -0.68825507
v 0.43503514 -0.25497526 -0.69205272
v 0.47091791 -0.26251084 -0.68297893
v 0.47005013 -0.24983732 -0.68410957
v 0.48254621 -0.24983732 -0.68068874
v 0.51001149 -0.24983732 -0.67210782
v 0.48449871 -0.22997068 -0.68129754
v 0.49447820 -0.22997068 -0.67828262
v 0.53001386 -0.22997068 -0.66639686
v 0.62833357 -0.30909467 -0.61473727
v 0.63184810 -0.28991312 -0.61534601
v 0.64156723 -0.34414673 -0.60088021
v 0.64655697 -0.30989391 -0.60398209
v 0.64382344 -0.32998890 -0.60227168
v 0.66243738 -0.36995053 -0.58160204
v 0.64889997 -0.35042644 -0.59487933
v 0.66616887 -0.34996969 -0.58406615
v 0.54372483 -0.22997068 -0.66138166
v 0.63440806 -0.26251084 -0.61679554
v 0.63380057 -0.26993227 -0.61647666
v 0.62533969 -0.24983732 -0.62288338
v 0.63536257 -0.24983732 -0.61734635
v 0.55509275 -0.20987569 -0.65801883
v 0.55643785 -0.18989490 -0.65854067
v 0.57001859 -0.20987569 -0.65178609
v 0.58832884 -0.20987569 -0.64375591
v 0.59835172 -0.20987569 -0.63917553
v 0.62668478 -0.22997068 -0.62357908
v 0.61006677 -0.20987569 -0.63334864
v 0.67241687 -0.36995053 -0.57490546
v 0.68686545 -0.36995053 -0.56493300
v 0.69684494 -0.36995053 -0.55765659
v 0.71103317 -0.36949378 -0.54661155
v 0.69918793 -0.35750532 -0.55942494
v 0.70873356 -0.35054058 -0.55351108
v 0.72274822 -0.34996969 -0.54235005
v 0.73546124 -0.32998890 -0.53611726
v 0.74661225 -0.32998890 -0.52611583
v 0.75663513 -0.32998890 -0.51686811
v 0.76691830 -0.32998890 -0.50683773
v 0.77893710 -0.30989391 -0.49901047
v 0.78843933 -0.30989391 -0.48898005
v 0.77993506 -0.29961807 -0.49996716
v 0.79954696 -0.29733455 -0.47958741
v 0.81876832 -0.28991312 -0.45859888
v 0.82692546 -0.28991312 -0.44862643
v 0.83694834 -0.28991312 -0.43613189
v 0.85009521 -0.31023645 -0.41427368
v 0.84449804 -0.28991312 -0.42613044
v 0.85308909 -0.28991312 -0.41427368
v 0.78284216 0.67921317 -0.41427368
v 0.43503514 0.67841393 -0.62755072
v 0.45000437 -0.24983732 -0.68912476
v 0.43503514 -0.24983732 -0.69240057
v 0.45000437 -0.22997068 -0.69034231
v 0.47005013 -0.22997068 -0.68529809
v 0.51001149 -0.22997068 -0.67329639
v 0.47005013 -0.20987569 -0.68637073
v 0.48627764 -0.20987569 -0.68181938
v 0.49625713 -0.20987569 -0.67883343
v 0.53001386 -0.20987569 -0.66746950
v 0.64885658 -0.28991312 -0.60537362
v 0.65375954 -0.32998890 -0.59609687
v 0.65657985 -0.30989391 -0.59780729
v 0.65879267 -0.28991312 -0.59925675
v 0.67614836 -0.34996969 -0.57742757
v 0.67857814 -0.33512682 -0.57907999
v 0.54506987 -0.20987569 -0.66193247
v 0.65007150 -0.24983732 -0.60876536
v 0.65193725 -0.27175909 -0.60554755
v 0.65119964 -0.26251084 -0.60691005
v 0.63670766 -0.22997068 -0.61807108
v 0.54645836 -0.18989490 -0.66245425
v 0.55899775 -0.14993328 -0.65955532
v 0.57001859 -0.18989490 -0.65282971
v 0.60004389 -0.17984740 -0.63995826
v 0.59006441 -0.14993328 -0.64604610
v 0.60078150 -0.16660298 -0.64030612
v 0.61006677 -0.18989490 -0.63445026
v 0.62776947 -0.20987569 -0.62415892
v 0.63883370 -0.18989490 -0.61931765
v 0.63779235 -0.20987569 -0.61870885
v 0.62885422 -0.18989490 -0.62470973
v 0.69150805 -0.35054058 -0.56655639
v 0.70122725 -0.34414673 -0.56099039
v 0.71315926 -0.32998890 -0.55458367
v 0.72543836 -0.32998890 -0.54458225
v 0.73771745 -0.30989391 -0.53808856
v 0.74873829 -0.30989391 -0.52805811
v 0.75876117 -0.30989391 -0.51889741
v 0.76895761 -0.30989391 -0.50889593
v 0.75980252 -0.29904717 -0.51988304
v 0.76088727 -0.28580278 -0.52089769
v 0.78097641 -0.28625947 -0.50103974
v 0.79026169 -0.29185408 -0.49034256
v 0.80054486 -0.28397596 -0.48068902
v 0.80735695 -0.29036981 -0.47176018
v 0.81963611 -0.27746791 -0.45967150
v 0.82688206 -0.27050316 -0.45181531
v 0.83820665 -0.26993227 -0.43775529
v 0.84575629 -0.26993227 -0.42778286
v 0.85343617 -0.28740126 -0.41427368
v 0.78869963 0.68012655 -0.41427368
v 0.43503514 0.68024075 -0.63755214
v 0.43503514 -0.23488025 -0.69332826
v 0.43503514 -0.22997068 -0.69361818
v 0.43503514 -0.20987569 -0.69474876
v 0.45000437 -0.20987569 -0.69144392
v 0.51001149 -0.20987569 -0.67436904
v 0.45000437 -0.18989490 -0.69248754
v 0.47005013 -0.14993328 -0.68941462
v 0.48796982 -0.18989490 -0.68234116
v 0.50029230 -0.16180758 -0.68005097
v 0.51126981 -0.14993328 -0.67703605
v 0.53001386 -0.14993328 -0.67051339
v 0.65992081 -0.27952307 -0.59992355
v 0.67111522 -0.32907552 -0.58508080
v 0.66998708 -0.30989391 -0.58911037
v 0.68044388 -0.32176822 -0.58032650
v 0.66998708 -0.28991312 -0.59195137
v 0.68825388 -0.32907552 -0.57342696
v 0.65007150 -0.22997068 -0.61027282
v 0.66339195 -0.22997068 -0.60212672
v 0.66213363 -0.24983732 -0.60137302
v 0.66126591 -0.26251084 -0.60079324
v 0.66100556 -0.26627868 -0.60061932
v 0.65007150 -0.20987569 -0.61154836
v 0.53001386 -0.12995246 -0.67149901
v 0.54897487 -0.14993328 -0.66343993
v 0.55183858 -0.13052335 -0.66326594
v 0.55977881 -0.13760225 -0.65984517
v 0.57001859 -0.14993328 -0.65485895
v 0.57132030 -0.10985748 -0.65619248
v 0.59006441 -0.12995246 -0.64697379
v 0.60260379 -0.12995246 -0.64120483
v 0.61162877 -0.14993328 -0.63575476
v 0.60850471 -0.17185508 -0.63618958
v 0.63006914 -0.14993328 -0.62621719
v 0.63180470 -0.16922902 -0.62427485
v 0.63957131 -0.17550872 -0.61972350
v 0.65007150 -0.18989490 -0.61276597
v 0.70317972 -0.32998890 -0.56246889
v 0.71550226 -0.30989391 -0.55646801
v 0.72769457 -0.30989391 -0.54649556
v 0.73914933 -0.29516518 -0.53933513
v 0.74027741 -0.28180659 -0.54032075
v 0.75108129 -0.26993227 -0.53197175
v 0.76197195 -0.26993227 -0.52197033
v 0.77195144 -0.26993227 -0.51217180
v 0.78206110 -0.26993227 -0.50217038
v 0.79204059 -0.26993227 -0.49167609
v 0.80145603 -0.26993227 -0.48167467
v 0.81295419 -0.27050316 -0.46836841
v 0.82046044 -0.26422352 -0.46062815
v 0.83933473 -0.24983732 -0.43917578
v 0.83864051 -0.26251084 -0.43830609
v 0.85560566 -0.26970392 -0.41427368
v 0.84336990 -0.26251084 -0.43201536
v 0.84614682 -0.26251084 -0.42830467
v 0.85612631 -0.26251084 -0.41459256
v 0.79308194 0.68035489 -0.41427368
v 0.45000437 0.68035489 -0.63601565
v 0.43503514 0.68035489 -0.65004671
v 0.43503514 -0.19491865 -0.69553149
v 0.43503514 -0.15278767 -0.69770569
v 0.43503514 -0.13006665 -0.69886529
v 0.45000437 -0.16991408 -0.69350219
v 0.45000437 -0.12995246 -0.69547349
v 0.47005013 -0.12995246 -0.69037127
v 0.49005252 -0.14993328 -0.68373269
v 0.50124693 -0.14993328 -0.68034089
v 0.51274502 -0.12995246 -0.67752886
v 0.66855526 -0.27175909 -0.59505326
v 0.68565053 -0.26993227 -0.58386326
v 0.68395835 -0.28991312 -0.58267468
v 0.68183231 -0.30989391 -0.58125418
v 0.69185519 -0.30989391 -0.57423866
v 0.66443330 -0.20987569 -0.60279351
v 0.67332804 -0.22997068 -0.59563303
v 0.67441279 -0.20987569 -0.59635782
v 0.67215657 -0.24983732 -0.59482133
v 0.68066078 -0.26251084 -0.58795083
v 0.51413345 -0.10985748 -0.67802173
v 0.53001386 -0.10985748 -0.67245567
v 0.55001622 -0.10985748 -0.66494739
v 0.56051642 -0.12424366 -0.66016406
v 0.56828302 -0.13052335 -0.65654039
v 0.57236165 -0.08987668 -0.65665632
v 0.59006441 -0.10985748 -0.64790142
v 0.61258334 -0.12995246 -0.63624758
v 0.59006441 -0.08987668 -0.64880013
v 0.60438275 -0.08987668 -0.64210349
v 0.61440563 -0.08987668 -0.63717526
v 0.61353785 -0.10985748 -0.63671142
v 0.64082962 -0.14993328 -0.62041920
v 0.63006914 -0.12995246 -0.62720281
v 0.65085250 -0.14993328 -0.61450535
v 0.66629905 -0.16991408 -0.60398209
v 0.66538787 -0.18989490 -0.60340232
v 0.70552278 -0.30989391 -0.56423724
v 0.71745479 -0.28991312 -0.55803347
v 0.73146945 -0.28911388 -0.54661155
v 0.71910357 -0.26993227 -0.55930901
v 0.72995085 -0.26993227 -0.55035120
v 0.74110180 -0.26993227 -0.54104549
v 0.75160199 -0.26251084 -0.53240657
v 0.75845748 -0.26251084 -0.52611583
v 0.76244926 -0.26251084 -0.52240515
v 0.77247214 -0.26251084 -0.51260662
v 0.78253841 -0.26251084 -0.50260520
v 0.79251790 -0.26251084 -0.49213994
v 0.79841882 -0.26251084 -0.48584917
v 0.80188996 -0.26251084 -0.48213848
v 0.81260705 -0.24983732 -0.47152829
v 0.81282401 -0.26251084 -0.46961495
v 0.81954932 -0.26251084 -0.46190369
v 0.82124150 -0.24983732 -0.46152684
v 0.83985543 -0.23853390 -0.43990055
v 0.84679765 -0.24983732 -0.42917436
v 0.85634327 -0.26251084 -0.41427368
v 0.85673374 -0.24983732 -0.41549122
v 0.85738456 -0.25200665 -0.41427368
v 0.81113183 0.68046910 -0.41427368
v 0.78809220 0.68046910 -0.42824668
v 0.63006914 0.68069744 -0.56997722
v 0.47005013 0.68035489 -0.64427775
v 0.43503514 0.68001235 -0.66036701
v 0.43503514 -0.10985748 -0.69979298
v 0.43711782 -0.10985748 -0.69935811
v 0.43880999 -0.09421536 -0.69970596
v 0.45000437 -0.10985748 -0.69640118
v 0.47005013 -0.10985748 -0.69132799
v 0.49005252 -0.12995246 -0.68468934
v 0.49005252 -0.10985748 -0.68564600
v 0.50272214 -0.12995246 -0.68083370
v 0.69567347 -0.26993227 -0.57693470
v 0.68621463 -0.26251084 -0.58421111
v 0.69393790 -0.28991312 -0.57571715
v 0.67541075 -0.18989490 -0.59699559
v 0.68825388 -0.22997068 -0.58566064
v 0.68933862 -0.20987569 -0.58635634
v 0.68708241 -0.24983732 -0.58484888
v 0.50415397 -0.10985748 -0.68129754
v 0.50554240 -0.08987668 -0.68176138
v 0.51552188 -0.08987668 -0.67845654
v 0.53001386 -0.08987668 -0.67338336
v 0.55001622 -0.08987668 -0.66584605
v 0.56233871 -0.08987668 -0.66094679
v 0.57331616 -0.06989586 -0.65706217
v 0.59006441 -0.06989586 -0.64964080
v 0.60529393 -0.06989586 -0.64250934
v 0.61527342 -0.06989586 -0.63761008
v 0.63006914 -0.08987668 -0.62905812
v 0.63006914 -0.10985748 -0.62815946
v 0.64169741 -0.12995246 -0.62091208
v 0.65172029 -0.12995246 -0.61502713
v 0.67714632 -0.14993328 -0.59812617
v 0.67632192 -0.16991408 -0.59757537
v 0.66794783 -0.12995246 -0.60502571
v 0.70747524 -0.28991312 -0.56574470
v 0.70908070 -0.26993227 -0.56693327
v 0.71962422 -0.26251084 -0.55977285
v 0.71988457 -0.25908560 -0.55994678
v 0.73602527 -0.26251084 -0.54611868
v 0.74162251 -0.26251084 -0.54145133
v 0.75242639 -0.24983732 -0.53313130
v 0.76323026 -0.24983732 -0.52312988
v 0.77320975 -0.24983732 -0.51336038
v 0.78327602 -0.24983732 -0.50335896
v 0.79325551 -0.24983732 -0.49292266
v 0.80258417 -0.24983732 -0.48292121
v 0.81356162 -0.22997068 -0.47265887
v 0.82210928 -0.22997068 -0.46265745
v 0.83365077 -0.23111244 -0.44836551
v 0.84041947 -0.22517528 -0.44059628
v 0.84636378 -0.23111244 -0.43195736
v 0.85764492 -0.22997068 -0.41670880
v 0.85933709 -0.22997068 -0.41427368
v 0.81421244 0.68035489 -0.41427368
v 0.80536109 0.68024075 -0.43004405
v 0.78848273 0.68024075 -0.44848150
v 0.76861048 0.68024075 -0.46860033
v 0.74847794 0.68024075 -0.48871917
v 0.66964000 0.68046910 -0.54994535
v 0.64842272 0.68035489 -0.56896257
v 0.60919899 0.68046910 -0.58977717
v 0.56897730 0.68035489 -0.60995394
v 0.49005252 0.68024075 -0.64190060
v 0.50411057 0.68012655 -0.64062500
v 0.44123977 0.67989820 -0.66010606
v 0.43503514 0.67624456 -0.66987562
v 0.43503514 -0.09136097 -0.70060468
v 0.44019842 -0.08085677 -0.69999588
v 0.44813865 -0.08850656 -0.69779265
v 0.47005013 -0.08987668 -0.69219768
v 0.49005252 -0.08987668 -0.68654466
v 0.69710529 -0.24983732 -0.57792038
v 0.69189858 -0.19115083 -0.58577657
v 0.69823337 -0.22997068 -0.57876110
v 0.69927472 -0.20987569 -0.57951480
v 0.69983876 -0.19868644 -0.57989168
v 0.49005252 -0.06989586 -0.68738538
v 0.50684410 -0.06989586 -0.68219620
v 0.51678020 -0.06989586 -0.67889142
v 0.53001386 -0.06989586 -0.67422408
v 0.55001622 -0.06989586 -0.66668677
v 0.56329328 -0.06989586 -0.66135263
v 0.57418394 -0.04991506 -0.65746802
v 0.59006441 -0.02993426 -0.65114826
v 0.60607493 -0.04991506 -0.64291525
v 0.61609781 -0.04991506 -0.63801599
v 0.63006914 -0.06989586 -0.62992787
v 0.63006914 -0.04991506 -0.63076854
v 0.64334619 -0.08987668 -0.62183970
v 0.65328228 -0.08987668 -0.61598378
v 0.68994606 -0.14993328 -0.58948725
v 0.67797071 -0.12995246 -0.59864801
v 0.68994606 -0.16991408 -0.58835667
v 0.66868544 -0.10985748 -0.60551852
v 0.72070897 -0.24584116 -0.56061351
v 0.72838879 -0.25143576 -0.55368501
v 0.74240351 -0.24983732 -0.54217613
v 0.75346768 -0.22997068 -0.53414595
v 0.76427162 -0.22997068 -0.52414453
v 0.77425110 -0.22997068 -0.51440400
v 0.78427398 -0.22997068 -0.50440258
v 0.79425347 -0.22997068 -0.49399528
v 0.80358213 -0.22997068 -0.48399383
v 0.81438601 -0.20987569 -0.47361553
v 0.82297707 -0.20987569 -0.46361411
v 0.83295655 -0.20987569 -0.45132247
v 0.84098351 -0.20987569 -0.44135004
v 0.84940100 -0.20987569 -0.43004405
v 0.85838258 -0.20987569 -0.41778141
v 0.86033505 -0.21615539 -0.41427368
v 0.81989640 0.67989820 -0.41998464
v 0.82718575 0.67887062 -0.41427368
v 0.80050147 0.68001235 -0.44077024
v 0.76106083 0.68012655 -0.48115283
v 0.72031844 0.68001235 -0.52031791
v 0.68543363 0.68024075 -0.54324871
v 0.64061266 0.68001235 -0.58026856
v 0.63006914 0.68024075 -0.58247173
v 0.60190958 0.68012655 -0.60076421
v 0.56160110 0.68001235 -0.62039024
v 0.51743102 0.67978400 -0.63792896
v 0.47005013 0.67921317 -0.65427917
v 0.44874609 0.67567366 -0.66804928
v 0.43503514 0.66608292 -0.68602288
v 0.43503514 -0.07526214 -0.70124245
v 0.43503514 -0.06989586 -0.70144534
v 0.44106621 -0.06989586 -0.70019883
v 0.45108908 -0.06989586 -0.69782168
v 0.47005013 -0.06989586 -0.69303834
v 0.70994842 -0.22997068 -0.57006419
v 0.70044625 -0.18532784 -0.58029753
v 0.70994842 -0.20987569 -0.57157165
v 0.70821285 -0.19115083 -0.57412273
v 0.49005252 -0.04991506 -0.68813908
v 0.50797218 -0.04991506 -0.68257308
v 0.51799512 -0.04991506 -0.67926824
v 0.53001386 -0.04991506 -0.67497778
v 0.55001622 -0.04991506 -0.66744047
v 0.56420445 -0.04991506 -0.66172951
v 0.57505172 -0.02993426 -0.65781593
v 0.57665718 0.01014154 -0.65851164
v 0.59006441 -0.00995345 -0.65184402
v 0.60837460 0.01014154 -0.64398783
v 0.60685593 -0.02993426 -0.64329207
v 0.61687881 -0.02993426 -0.63842183
v 0.64477801 -0.04991506 -0.62270939
v 0.61765981 -0.00995345 -0.63876969
v 0.63006914 -0.02993426 -0.63152230
v 0.65406328 -0.06989586 -0.61641866
v 0.66942304 -0.08987668 -0.60598236
v 0.70179129 -0.14993328 -0.58131218
v 0.70101029 -0.16991408 -0.58076137
v 0.68994606 -0.12995246 -0.59053087
v 0.67870831 -0.10985748 -0.59914082
v 0.72157675 -0.22997068 -0.56130928
v 0.73159963 -0.22997068 -0.55310524
v 0.74348819 -0.22997068 -0.54313278
v 0.75442225 -0.20987569 -0.53498667
v 0.76513940 -0.20987569 -0.52498525
v 0.77516228 -0.20987569 -0.51527369
v 0.78514177 -0.20987569 -0.50527227
v 0.79512125 -0.20987569 -0.49489397
v 0.80440652 -0.20987569 -0.48489252
v 0.81512362 -0.18989490 -0.47448522
v 0.82371467 -0.18989490 -0.46448380
v 0.83369416 -0.18989490 -0.45222116
v 0.84163433 -0.18989490 -0.44224870
v 0.85074604 -0.18989490 -0.43004405
v 0.85903335 -0.18989490 -0.41873807
v 0.86154997 -0.19800140 -0.41427368
v 0.81538397 0.67875642 -0.43004405
v 0.79412329 0.67875642 -0.45410550
v 0.83013624 0.67772883 -0.41427368
v 0.77446806 0.67898476 -0.47431129
v 0.75420535 0.67898476 -0.49448809
v 0.69875407 0.67978400 -0.53887129
v 0.73363888 0.67875642 -0.51417208
v 0.70994842 0.67875642 -0.53437787
v 0.67619175 0.67955565 -0.55658400
v 0.65397650 0.67898476 -0.57496345
v 0.63006914 0.67807138 -0.59247321
v 0.61523002 0.67944151 -0.59632879
v 0.59006441 0.67841393 -0.61302686
v 0.57492161 0.67955565 -0.61659259
v 0.55001622 0.67784303 -0.63160926
v 0.51048875 0.67681545 -0.64836526
v 0.49005252 0.67795718 -0.65190202
v 0.47005013 0.67156333 -0.66996258
v 0.45000437 0.66471279 -0.68448639
v 0.43503514 0.65146834 -0.69605327
v 0.43503514 -0.04991506 -0.70214111
v 0.44258481 -0.04991506 -0.70057571
v 0.45260772 -0.04991506 -0.69819856
v 0.47005013 -0.04991506 -0.69376314
v 0.71103317 -0.16991408 -0.57334000
v 0.72253126 -0.20987569 -0.56209201
v 0.72339904 -0.18989490 -0.56272978
v 0.47005013 -0.02993426 -0.69445884
v 0.49005252 -0.00995345 -0.68947262
v 0.50901353 -0.02993426 -0.68289196
v 0.51187724 -0.00983927 -0.68263108
v 0.51973063 -0.01634730 -0.67984807
v 0.53001386 -0.02993426 -0.67567354
v 0.55001622 -0.00995345 -0.66883200
v 0.56585324 -0.00995345 -0.66242528
v 0.56663424 0.01014154 -0.66274416
v 0.57739472 0.03012235 -0.65883052
v 0.59006441 0.01014154 -0.65251082
v 0.60902542 0.03012235 -0.64430672
v 0.61904830 0.03012235 -0.63946545
v 0.59006441 0.05010315 -0.65378636
v 0.65475750 -0.04991506 -0.61685348
v 0.64542884 -0.02993426 -0.62308627
v 0.65545171 -0.02993426 -0.61723036
v 0.63006914 0.01014154 -0.63297176
v 0.67944592 -0.08987668 -0.59960467
v 0.67189622 -0.07069510 -0.60525763
v 0.71181417 -0.14993328 -0.57389081
v 0.70248550 -0.12995246 -0.58183396
v 0.68994606 -0.10985748 -0.59148753
v 0.73255420 -0.20987569 -0.55391693
v 0.74439937 -0.20987569 -0.54391551
v 0.75524664 -0.18989490 -0.53574038
v 0.76596379 -0.18989490 -0.52573895
v 0.77594328 -0.18989490 -0.51605642
v 0.78592277 -0.18989490 -0.50605500
v 0.79590225 -0.18989490 -0.49573463
v 0.80514413 -0.18989490 -0.48573321
v 0.81581783 -0.16991408 -0.47523895
v 0.82436550 -0.16991408 -0.46523750
v 0.83434498 -0.16991408 -0.45303285
v 0.84228516 -0.16991408 -0.44303143
v 0.85200435 -0.16991408 -0.43004405
v 0.85968423 -0.16991408 -0.41960776
v 0.86272144 -0.17973323 -0.41427368
v 0.82991928 0.67304766 -0.43004405
v 0.80831152 0.67567366 -0.44848150
v 0.78848273 0.67624456 -0.46860033
v 0.85070264 0.66779554 -0.41427368
v 0.76861048 0.67647290 -0.48871917
v 0.74847794 0.67624456 -0.50851911
v 0.69124776 0.67841393 -0.54994535
v 0.72817189 0.67578787 -0.52820307
v 0.70994842 0.67327601 -0.55003232
v 0.66964000 0.67727214 -0.56896257
v 0.64842272 0.67533118 -0.58815372
v 0.60919899 0.67624456 -0.60844648
v 0.56897730 0.67613041 -0.62821746
v 0.53001386 0.67293346 -0.64995968
v 0.51001149 0.66619706 -0.66645485
v 0.47005013 0.66242927 -0.68213826
v 0.48237264 0.66071659 -0.68060178
v 0.44839898 0.64815724 -0.69474876
v 0.43503514 0.64690131 -0.69822752
v 0.43503514 -0.00995345 -0.70341665
v 0.44540513 -0.00995345 -0.70124245
v 0.45408297 -0.02993426 -0.69854641
v 0.72418010 -0.16991408 -0.56333858
v 0.73342192 -0.18989490 -0.55464166
v 0.73420298 -0.16991408 -0.55527943
v 0.45542800 -0.00995345 -0.69886529
v 0.45672968 0.01014154 -0.69918418
v 0.47005013 0.01014154 -0.69573438
v 0.49005252 0.01014154 -0.69011039
v 0.51001149 0.01014154 -0.68384862
v 0.51001149 0.03012235 -0.68445742
v 0.52090216 0.01014154 -0.68028289
v 0.53088164 0.01014154 -0.67668819
v 0.52819151 -0.00983927 -0.67700708
v 0.53174943 0.03012235 -0.67700708
v 0.55001622 0.03012235 -0.67010754
v 0.56737185 0.03012235 -0.66306305
v 0.57882661 0.07008396 -0.65943933
v 0.59006441 0.07008396 -0.65439510
v 0.61006677 0.09006477 -0.64564025
v 0.60963285 0.05010315 -0.64462560
v 0.61965573 0.05010315 -0.63978434
v 0.66994369 -0.04991506 -0.60734487
v 0.64668715 0.01014154 -0.62381101
v 0.65610260 -0.00995345 -0.61760724
v 0.62039334 0.07419430 -0.64016122
v 0.62829018 0.06859967 -0.63578373
v 0.63006914 0.05010315 -0.63424730
v 0.67979300 -0.07800236 -0.59989452
v 0.68994606 -0.08987668 -0.59241521
v 0.68070418 -0.04991506 -0.60047436
v 0.72491771 -0.14993328 -0.56388938
v 0.71250838 -0.12995246 -0.57441264
v 0.70383060 -0.08987668 -0.58276165
v 0.71320266 -0.10985748 -0.57490546
v 0.74522376 -0.18989490 -0.54464024
v 0.75602770 -0.16991408 -0.53640717
v 0.76665801 -0.16991408 -0.52640569
v 0.77663749 -0.16991408 -0.51675218
v 0.78661698 -0.16991408 -0.50675070
v 0.79659647 -0.16991408 -0.49645939
v 0.80579495 -0.16991408 -0.48645794
v 0.81642532 -0.14993328 -0.47593471
v 0.82488614 -0.14993328 -0.46596226
v 0.83490908 -0.14993328 -0.45378661
v 0.84289265 -0.14993328 -0.44378516
v 0.85430396 -0.15187427 -0.42833364
v 0.85998797 -0.15975241 -0.42004263
v 0.86328554 -0.16991408 -0.41427368
v 0.84545261 0.66414189 -0.43004405
v 0.82944202 0.66494113 -0.44894531
v 0.81000370 0.66619706 -0.46981788
v 0.79026169 0.66665375 -0.49028459
v 0.85439074 0.66516948 -0.41427368
v 0.77021587 0.66665375 -0.51040339
v 0.74990982 0.66619706 -0.53017437
v 0.72908306 0.66516948 -0.54965544
v 0.70994842 0.66437024 -0.56586069
v 0.69172502 0.66859478 -0.57183254
v 0.66977012 0.66665375 -0.59050190
v 0.63128400 0.66813809 -0.61151940
v 0.59171319 0.66836643 -0.63181216
v 0.57001859 0.66551203 -0.64590114
v 0.54997283 0.66711050 -0.65114826
v 0.53001386 0.66345686 -0.66329497
v 0.54329091 0.66128749 -0.66112071
v 0.49569309 0.65740550 -0.67865950
v 0.47005013 0.64986992 -0.68877685
v 0.44067574 0.64027911 -0.70008284
v 0.43503514 0.64153504 -0.70063365
v 0.43503514 0.02407102 -0.70446026
v 0.43503514 0.10490765 -0.70692444
v 0.45000437 0.12991221 -0.70443130
v 0.45000437 0.09006477 -0.70321375
v 0.73494059 -0.14993328 -0.55588824
v 0.74596143 -0.16991408 -0.54527801
v 0.46171942 0.09006477 -0.70040172
v 0.46289092 0.11004557 -0.70072061
v 0.47174230 0.09006477 -0.69773471
v 0.47399855 0.12991221 -0.69834346
v 0.49005252 0.12991221 -0.69370514
v 0.51001149 0.09006477 -0.68622577
v 0.51001149 0.12991221 -0.68738538
v 0.52176994 0.03012235 -0.68057281
v 0.53504699 0.11004557 -0.67816663
v 0.55001622 0.07008396 -0.67129612
v 0.56810951 0.05010315 -0.66335297
v 0.56880373 0.07008396 -0.66364282
v 0.57991135 0.10250996 -0.65990317
v 0.58824205 0.10947470 -0.65636641
v 0.59006441 0.09006477 -0.65497494
v 0.61006677 0.11004557 -0.64622003
v 0.62087065 0.09006477 -0.64039314
v 0.66994369 -0.02993426 -0.60812759
v 0.64725119 0.03012235 -0.62412989
v 0.65666664 0.01014154 -0.61795509
v 0.63089353 0.09006477 -0.63505900
v 0.66994369 0.01014154 -0.60957712
v 0.68812370 -0.07069510 -0.59450245
v 0.69068366 -0.04991506 -0.59363276
v 0.70443803 -0.06989586 -0.58322549
v 0.68131167 -0.02993426 -0.60085118
v 0.69129115 -0.02993426 -0.59403861
v 0.72556853 -0.12995246 -0.56441116
v 0.71381009 -0.08987668 -0.57536930
v 0.74669904 -0.14993328 -0.54588675
v 0.75667852 -0.14993328 -0.53704494
v 0.76726544 -0.14993328 -0.52704352
v 0.77728832 -0.14993328 -0.51736093
v 0.78718102 -0.14993328 -0.50738847
v 0.79781139 -0.12995246 -0.49773493
v 0.79720390 -0.14993328 -0.49712616
v 0.80640244 -0.14993328 -0.48712471
v 0.81698936 -0.12995246 -0.47660148
v 0.82545024 -0.12995246 -0.46660003
v 0.83547312 -0.12995246 -0.45445335
v 0.84341329 -0.12995246 -0.44445193
v 0.85339278 -0.12995246 -0.43111667
v 0.86033505 -0.14639382 -0.42053545
v 0.86354584 -0.16534705 -0.41427368
v 0.86454380 -0.14639382 -0.41427368
v 0.85946727 0.65911818 -0.41931787
v 0.84115708 0.66094500 -0.44155294
v 0.82241297 0.66197258 -0.46297634
v 0.80336517 0.66254342 -0.48379090
v 0.78384006 0.66277182 -0.50396770
v 0.86558515 0.65432274 -0.41427368
v 0.76375091 0.66265762 -0.52359372
v 0.74318451 0.66220093 -0.54272693
v 0.72175026 0.66128749 -0.56145424
v 0.68630141 0.66345686 -0.58421111
v 0.66295803 0.66174424 -0.60186583
v 0.65007150 0.66471279 -0.60583740
v 0.62542647 0.66277182 -0.62285435
v 0.61006677 0.66574037 -0.62694192
v 0.58611596 0.66265762 -0.64256734
v 0.59943640 0.65934652 -0.63969737
v 0.55661136 0.65729135 -0.65862763
v 0.53001386 0.64986992 -0.67115116
v 0.51139992 0.65032661 -0.67694908
v 0.50562918 0.64404690 -0.68167442
v 0.48944506 0.65032661 -0.68350077
v 0.49005252 0.62988907 -0.68935668
v 0.47005013 0.62988907 -0.69471979
v 0.45416972 0.62988907 -0.69863337
v 0.44419023 0.62988907 -0.70089459
v 0.43503514 0.62988907 -0.70277888
v 0.43503514 0.12991221 -0.70764917
v 0.45000437 0.15000719 -0.70498210
v 0.46397567 0.12991221 -0.70101053
v 0.73559141 -0.12995246 -0.55641001
v 0.46501699 0.15000719 -0.70130038
v 0.47508326 0.15000719 -0.69860435
v 0.47603783 0.16998801 -0.69886529
v 0.47694901 0.18996881 -0.69912618
v 0.49005252 0.16998801 -0.69474876
v 0.51001149 0.15000719 -0.68790722
v 0.52580512 0.12991221 -0.68202227
v 0.52424312 0.09006477 -0.68144250
v 0.53578460 0.12991221 -0.67842758
v 0.55001622 0.11004557 -0.67242670
v 0.55001622 0.09006477 -0.67187589
v 0.56945455 0.09006477 -0.66393274
v 0.57192773 0.10947470 -0.66343993
v 0.57001859 0.12991221 -0.66477340
v 0.58073574 0.12991221 -0.66025102
v 0.59071523 0.12991221 -0.65575767
v 0.61006677 0.12991221 -0.64671284
v 0.62191194 0.12991221 -0.64091492
v 0.63189149 0.12991221 -0.63560981
v 0.63137078 0.11004557 -0.63534892
v 0.68187571 -0.00995345 -0.60122806
v 0.64833593 0.07008396 -0.62476766
v 0.65714389 0.03012235 -0.61830300
v 0.66994369 0.03012235 -0.61024386
v 0.64933389 0.11004557 -0.62534750
v 0.68287367 0.03012235 -0.60192382
v 0.71437413 -0.06989586 -0.57580411
v 0.70552278 -0.02993426 -0.58403718
v 0.71493816 -0.04991506 -0.57620996
v 0.69237584 0.01014154 -0.59476340
v 0.72674000 -0.08987668 -0.56536782
v 0.74730647 -0.12995246 -0.54640859
v 0.75728595 -0.12995246 -0.53759575
v 0.76782948 -0.12995246 -0.52759433
v 0.77785242 -0.12995246 -0.51794076
v 0.78778851 -0.12995246 -0.50793928
v 0.80696648 -0.12995246 -0.48773348
v 0.79880929 -0.08987668 -0.49883655
v 0.80748713 -0.10985748 -0.48828429
v 0.81798732 -0.08987668 -0.47773206
v 0.82597089 -0.10985748 -0.46717983
v 0.83599377 -0.10985748 -0.45506215
v 0.84389061 -0.10985748 -0.44508970
v 0.85391349 -0.10985748 -0.43178344
v 0.86120284 -0.10985748 -0.42178202
v 0.86536819 -0.12995246 -0.41427368
v 0.86324215 0.64587373 -0.42459399
v 0.85543209 0.65146834 -0.43076879
v 0.84467161 0.64986992 -0.44607535
v 0.83677477 0.64986992 -0.45607677
v 0.81668562 0.65500784 -0.47631156
v 0.79716051 0.65603542 -0.49712616
v 0.77711475 0.65603542 -0.51730299
v 0.86836207 0.64929903 -0.41427368
v 0.75650495 0.65523618 -0.53692895
v 0.73511410 0.65340936 -0.55606216
v 0.69962186 0.65957487 -0.57971776
v 0.67632192 0.65592122 -0.59754640
v 0.63879031 0.65877563 -0.61923063
v 0.61162877 0.65169674 -0.63732022
v 0.60594475 0.64610207 -0.64279926
v 0.59171319 0.65169674 -0.64665490
v 0.57066947 0.65032661 -0.65613449
v 0.56437802 0.64393276 -0.66167152
v 0.54997283 0.65032661 -0.66416466
v 0.51899302 0.63765305 -0.67964512
v 0.52198690 0.62440866 -0.68060178
v 0.49005252 0.60990828 -0.69135696
v 0.47005013 0.60990828 -0.69674903
v 0.51139992 0.63057417 -0.68297893
v 0.45863879 0.60990828 -0.69964802
v 0.44865930 0.60990828 -0.70193821
v 0.43503514 0.60990828 -0.70480818
v 0.43503514 0.15000719 -0.70819998
v 0.45000437 0.16998801 -0.70550394
v 0.73615545 -0.10985748 -0.55690289
v 0.46601495 0.16998801 -0.70156133
v 0.46692610 0.18996881 -0.70182222
v 0.47773001 0.20994961 -0.69932914
v 0.49005252 0.20994961 -0.69567645
v 0.49005252 0.18996881 -0.69524157
v 0.51001149 0.16998801 -0.68840003
v 0.52649933 0.15000719 -0.68228316
v 0.53647882 0.15000719 -0.67868847
v 0.55001622 0.12991221 -0.67294854
v 0.55001622 0.15000719 -0.67344135
v 0.55001622 0.16998801 -0.67390519
v 0.57001859 0.16998801 -0.66570109
v 0.58173364 0.16998801 -0.66071486
v 0.59119248 0.15000719 -0.65598953
v 0.61006677 0.15000719 -0.64717668
v 0.62269294 0.16998801 -0.64134979
v 0.63228196 0.15000719 -0.63581276
v 0.64968097 0.12991221 -0.62560838
v 0.65874934 0.09006477 -0.61923063
v 0.65818524 0.07008396 -0.61894077
v 0.66994369 0.05010315 -0.61088163
v 0.65922660 0.11004557 -0.61952055
v 0.65961707 0.12991221 -0.61978143
v 0.66994369 0.09006477 -0.61209917
v 0.68330753 0.05010315 -0.60224271
v 0.68378484 0.07008396 -0.60253263
v 0.69289654 0.03012235 -0.59508228
v 0.72730410 -0.06989586 -0.56580269
v 0.70647734 0.01014154 -0.58476192
v 0.71650022 0.01014154 -0.57734060
v 0.71550226 -0.02993426 -0.57658684
v 0.73728359 -0.06989586 -0.55783051
v 0.74782711 -0.10985748 -0.54690140
v 0.75841409 -0.08987668 -0.53861040
v 0.76891422 -0.08987668 -0.52860892
v 0.77941442 -0.06989586 -0.51947719
v 0.78878641 -0.08987668 -0.50898296
v 0.80796444 -0.08987668 -0.48883510
v 0.79933000 -0.06989586 -0.49932939
v 0.81842119 -0.06989586 -0.47828287
v 0.82692546 -0.06989586 -0.46828145
v 0.83647108 -0.08987668 -0.45567092
v 0.84436786 -0.08987668 -0.44566947
v 0.85439074 -0.08987668 -0.43239221
v 0.86163676 -0.08987668 -0.42241979
v 0.86658311 -0.10312110 -0.41427368
v 0.86627936 -0.10985748 -0.41427368
v 0.87539107 0.62988907 -0.41427368
v 0.86571532 0.62988907 -0.42810175
v 0.85855609 0.62988907 -0.43810320
v 0.83989882 0.63936567 -0.45993239
v 0.82597089 0.64895648 -0.46981788
v 0.82089436 0.64153504 -0.48109487
v 0.80913591 0.64872813 -0.48909602
v 0.80149943 0.64256263 -0.50167751
v 0.78943729 0.64929903 -0.50947577
v 0.78167063 0.64267683 -0.52168041
v 0.76917458 0.64895648 -0.52930468
v 0.76114756 0.64199173 -0.54113245
v 0.74830443 0.64770055 -0.54858285
v 0.71085960 0.65169674 -0.57586211
v 0.74001712 0.64005077 -0.56012070
v 0.72908306 0.64792889 -0.56406331
v 0.70482856 0.64621627 -0.58345741
v 0.69077045 0.65112585 -0.59050190
v 0.68196249 0.64256263 -0.60128605
v 0.66977012 0.64952737 -0.60517067
v 0.65085250 0.65123999 -0.61595482
v 0.64469123 0.64541703 -0.62265146
v 0.63128400 0.65123999 -0.62708688
v 0.61930865 0.63742471 -0.63958138
v 0.57769847 0.63331437 -0.65903348
v 0.55001622 0.62988907 -0.67016554
v 0.52918947 0.63057417 -0.67729700
v 0.55001622 0.60990828 -0.67196286
v 0.53352839 0.60990828 -0.67778981
v 0.52359229 0.60990828 -0.68112361
v 0.51001149 0.60990828 -0.68541408
v 0.49005252 0.58992749 -0.69216865
v 0.46848813 0.59129763 -0.69796658
v 0.45994049 0.59906155 -0.69993794
v 0.45195687 0.59129763 -0.70199621
v 0.43503514 0.59027004 -0.70567787
v 0.43503514 0.16998801 -0.70872176
v 0.45000437 0.18996881 -0.70599675
v 0.45000437 0.20994961 -0.70640260
v 0.46770713 0.20994961 -0.70202518
v 0.47842422 0.22981624 -0.69950306
v 0.49005252 0.22981624 -0.69602430
v 0.51001149 0.20994961 -0.68926972
v 0.51001149 0.18996881 -0.68886387
v 0.52780104 0.18996881 -0.68274701
v 0.53717303 0.16998801 -0.67892039
v 0.55001622 0.18996881 -0.67434001
v 0.57001859 0.18996881 -0.66610694
v 0.57001859 0.20994961 -0.66645485
v 0.58212417 0.18996881 -0.66088879
v 0.59171319 0.16998801 -0.65619248
v 0.61006677 0.16998801 -0.64758253
v 0.61006677 0.18996881 -0.64793044
v 0.62299669 0.18996881 -0.64152372
v 0.63297617 0.18996881 -0.63616061
v 0.65007150 0.16998801 -0.62621719
v 0.65202403 0.14955050 -0.62468070
v 0.66994369 0.11004557 -0.61264998
v 0.66994369 0.12991221 -0.61314285
v 0.66013777 0.15594435 -0.62004238
v 0.66803455 0.14955050 -0.61482424
v 0.68460923 0.11004557 -0.60311240
v 0.69380772 0.07008396 -0.59569103
v 0.70695460 0.03012235 -0.58508080
v 0.72778136 -0.04991506 -0.56620854
v 0.73832494 -0.02993426 -0.55864227
v 0.72921324 0.01014154 -0.56733912
v 0.73880219 -0.00995345 -0.55904812
v 0.71736801 0.05010315 -0.57800734
v 0.72964710 0.03012235 -0.56768703
v 0.74891186 -0.06989586 -0.54782909
v 0.75893474 -0.06989586 -0.53907418
v 0.76939154 -0.06989586 -0.52907276
v 0.78006524 -0.04192273 -0.52014399
v 0.78930712 -0.06989586 -0.50947577
v 0.80844170 -0.06989586 -0.48932794
v 0.79998082 -0.04009593 -0.50005412
v 0.81885505 -0.04991506 -0.47877568
v 0.83690494 -0.06989586 -0.45622173
v 0.81972289 -0.00995345 -0.47973233
v 0.82731593 -0.04991506 -0.46880323
v 0.83777273 -0.02993426 -0.45726535
v 0.84480178 -0.06989586 -0.44624928
v 0.85482466 -0.06989586 -0.43300098
v 0.86207062 -0.06989586 -0.42299956
v 0.86801493 -0.06989586 -0.41427368
v 0.87608528 0.62372357 -0.41427368
v 0.87682295 0.60990828 -0.41534629
v 0.86675668 0.60990828 -0.42958021
v 0.85964084 0.60990828 -0.43958166
v 0.84107029 0.62612128 -0.46138188
v 0.83378094 0.63160175 -0.46886122
v 0.82228279 0.62988907 -0.48268929
v 0.81321448 0.62988907 -0.49269074
v 0.80327839 0.62988907 -0.50350386
v 0.79347247 0.62988907 -0.51347631
v 0.78349298 0.62988907 -0.52344877
v 0.77281928 0.62988907 -0.53345019
v 0.76283973 0.62988907 -0.54261094
v 0.75116807 0.62988907 -0.55261236
v 0.74118859 0.62988907 -0.56104839
v 0.72995085 0.62988907 -0.56986123
v 0.71840930 0.62988907 -0.57881904
v 0.70842981 0.62988907 -0.58609545
v 0.69419819 0.62988907 -0.59609687
v 0.68421870 0.62988907 -0.60276455
v 0.66994369 0.62988907 -0.61178029
v 0.65827203 0.62988907 -0.61896974
v 0.64842272 0.62988907 -0.62476766
v 0.62872404 0.63045996 -0.63558084
v 0.62117434 0.62406611 -0.64056706
v 0.61162877 0.63045996 -0.64430672
v 0.58806849 0.62794811 -0.65538079
v 0.58004147 0.61995578 -0.65996116
v 0.57066947 0.62794811 -0.66259921
v 0.57001859 0.60990828 -0.66428059
v 0.55001622 0.58992749 -0.67251366
v 0.53461313 0.58992749 -0.67807966
v 0.52459025 0.58992749 -0.68150049
v 0.51001149 0.58992749 -0.68616784
v 0.49005252 0.56994671 -0.69269049
v 0.47161216 0.56994671 -0.69776368
v 0.46080828 0.58570296 -0.70014083
v 0.45000437 0.56994671 -0.70306879
v 0.43503514 0.56994671 -0.70622867
v 0.43503514 0.18996881 -0.70918560
v 0.43503514 0.20492586 -0.70947552
v 0.43503514 0.20994961 -0.70956248
v 0.45000437 0.22981624 -0.70672148
v 0.46840134 0.22981624 -0.70219910
v 0.47885811 0.24991123 -0.69964802
v 0.49005252 0.24991123 -0.69625622
v 0.51001149 0.24991123 -0.68984950
v 0.51001149 0.22981624 -0.68958861
v 0.52827829 0.20994961 -0.68294996
v 0.53825778 0.20994961 -0.67932624
v 0.53773713 0.18996881 -0.67912334
v 0.55001622 0.20994961 -0.67471689
v 0.55001622 0.22981624 -0.67503577
v 0.57001859 0.22981624 -0.66674471
v 0.58247125 0.20994961 -0.66106278
v 0.59249413 0.20994961 -0.65654039
v 0.61006677 0.20994961 -0.64824933
v 0.62356079 0.22981624 -0.64181364
v 0.63332331 0.20994961 -0.63630557
v 0.65007150 0.18996881 -0.62656504
v 0.68530345 0.15000719 -0.60357624
v 0.66057163 0.18996881 -0.62036127
v 0.67033422 0.16998801 -0.61375159
v 0.69463211 0.11004557 -0.59624183
v 0.69493580 0.12991221 -0.59650278
v 0.70738852 0.05010315 -0.58539969
v 0.73923612 0.01014154 -0.55942494
v 0.74999660 0.01014154 -0.55011928
v 0.74999660 -0.00995345 -0.54933655
v 0.74045098 0.07008396 -0.56041062
v 0.71814901 0.09006477 -0.57858711
v 0.73966998 0.03012235 -0.55977285
v 0.75975913 -0.03484382 -0.53982794
v 0.75941205 -0.04991506 -0.53950906
v 0.77073658 0.01014154 -0.53124702
v 0.78119338 0.01014154 -0.52124554
v 0.79078233 -0.00995345 -0.51069331
v 0.80952644 -0.02993426 -0.49002367
v 0.79121625 0.01014154 -0.51109916
v 0.80019778 -0.02993426 -0.50025702
v 0.81278062 0.00877143 -0.48816836
v 0.81989640 0.00123581 -0.47999325
v 0.82692546 0.00877143 -0.47202110
v 0.82814038 -0.00995345 -0.46973091
v 0.82774985 -0.02993426 -0.46926707
v 0.83811986 -0.00995345 -0.45775819
v 0.84597325 -0.00995345 -0.44775674
v 0.84523565 -0.04991506 -0.44677109
v 0.85521513 -0.04991506 -0.43358079
v 0.86285162 -0.02993426 -0.42410117
v 0.86879593 -0.04991506 -0.41427368
v 0.87747371 0.60990828 -0.41427368
v 0.87756050 0.60773891 -0.41427368
v 0.87799442 0.58992749 -0.41427368
v 0.87703985 0.58992749 -0.41569418
v 0.86706036 0.58992749 -0.42992809
v 0.85990119 0.58992749 -0.43992954
v 0.85152709 0.60990828 -0.45004693
v 0.84185129 0.60990828 -0.46230954
v 0.83347720 0.60990828 -0.47231099
v 0.82345432 0.60990828 -0.48399383
v 0.81442940 0.60990828 -0.49399528
v 0.80440652 0.60990828 -0.50466347
v 0.79464400 0.60990828 -0.51466489
v 0.78462106 0.60990828 -0.52460837
v 0.77416432 0.60990828 -0.53458083
v 0.76414144 0.60990828 -0.54377055
v 0.75259995 0.60990828 -0.55377197
v 0.74257708 0.60990828 -0.56217897
v 0.71975440 0.61618799 -0.57980472
v 0.69580358 0.60990828 -0.59719849
v 0.68582410 0.60990828 -0.60380816
v 0.65974724 0.61698717 -0.61983943
v 0.63206500 0.60990828 -0.63569677
v 0.62204212 0.60990828 -0.64103091
v 0.61006677 0.60990828 -0.64685780
v 0.59041148 0.60990828 -0.65578663
v 0.58038861 0.60990828 -0.66013509
v 0.57001859 0.58992749 -0.66474444
v 0.55001622 0.56994671 -0.67283255
v 0.53613174 0.52987087 -0.67857254
v 0.53513378 0.56994671 -0.67828262
v 0.52515429 0.56994671 -0.68173242
v 0.51001149 0.56994671 -0.68663162
v 0.49005252 0.54985172 -0.69309634
v 0.47321755 0.52987087 -0.69816953
v 0.47243655 0.54985172 -0.69796658
v 0.46163267 0.56994671 -0.70037276
v 0.45000437 0.52987087 -0.70390952
v 0.43503514 0.54482794 -0.70677948
v 0.43503514 0.56480879 -0.70634460
v 0.43503514 0.22981624 -0.70988137
v 0.43503514 0.24477331 -0.71008432
v 0.45000437 0.24991123 -0.70698237
v 0.46883523 0.24991123 -0.70231509
v 0.47924864 0.26989204 -0.69973499
v 0.49005252 0.26989204 -0.69645917
v 0.51001149 0.26989204 -0.69002342
v 0.52901590 0.24991123 -0.68321085
v 0.52875555 0.22981624 -0.68309492
v 0.53877848 0.22981624 -0.67947119
v 0.55001622 0.24991123 -0.67526770
v 0.57001859 0.24991123 -0.66697663
v 0.58307874 0.24991123 -0.66132367
v 0.58277500 0.22981624 -0.66120768
v 0.59279788 0.22981624 -0.65668529
v 0.61006677 0.22981624 -0.64851022
v 0.61006677 0.24991123 -0.64871317
v 0.62369090 0.24991123 -0.64190060
v 0.63367039 0.24991123 -0.63653749
v 0.63354027 0.22981624 -0.63642156
v 0.65007150 0.20994961 -0.62685496
v 0.65007150 0.22981624 -0.62711585
v 0.68556380 0.16998801 -0.60377914
v 0.69615072 0.20994961 -0.59731448
v 0.69558668 0.16998801 -0.59693760
v 0.69528294 0.15000719 -0.59673464
v 0.66104895 0.22981624 -0.62065113
v 0.67107183 0.22981624 -0.61427343
v 0.67081147 0.20994961 -0.61412847
v 0.67055112 0.18996881 -0.61395454
v 0.68612784 0.20994961 -0.60412705
v 0.70847321 0.11004557 -0.58626938
v 0.70816952 0.09006477 -0.58597952
v 0.70882034 0.12991221 -0.58650130
v 0.76071370 0.01014154 -0.54072660
v 0.74999660 0.03012235 -0.55081505
v 0.76153809 0.05010315 -0.54142237
v 0.72995085 0.09006477 -0.56928146
v 0.72995085 0.11004557 -0.56983227
v 0.74110180 0.11004557 -0.56099039
v 0.75082099 0.09006477 -0.55209059
v 0.71884322 0.12991221 -0.57910895
v 0.77112710 0.03012235 -0.53162384
v 0.78236485 0.07008396 -0.52237618
v 0.79160672 0.03012235 -0.51150501
v 0.80136931 0.03012235 -0.50150359
v 0.81173927 0.05010315 -0.49095136
v 0.82076418 0.05010315 -0.48097891
v 0.82041711 0.03012235 -0.48057306
v 0.83851033 0.01014154 -0.45819303
v 0.82931185 0.03012235 -0.47004980
v 0.85599613 -0.00995345 -0.43459544
v 0.84632039 0.01014154 -0.44819158
v 0.85634327 0.01014154 -0.43505925
v 0.85560566 -0.02993426 -0.43410259
v 0.86319876 -0.00995345 -0.42459399
v 0.86975050 -0.02399710 -0.41427368
v 0.86953354 -0.02993426 -0.41427368
v 0.87803781 0.58695889 -0.41427368
v 0.87712663 0.56994671 -0.41581011
v 0.86723393 0.54985172 -0.43004405
v 0.86571532 0.57028919 -0.43201536
v 0.86003137 0.56389534 -0.44007447
v 0.85373992 0.57028919 -0.44807562
v 0.85200435 0.58992749 -0.45004693
v 0.84211165 0.58992749 -0.46262845
v 0.83373755 0.58992749 -0.47262987
v 0.82371467 0.58992749 -0.48428375
v 0.81464636 0.58992749 -0.49425617
v 0.80466688 0.58992749 -0.50489539
v 0.79490429 0.58992749 -0.51489681
v 0.78488141 0.58992749 -0.52484030
v 0.77442467 0.58992749 -0.53481275
v 0.76440179 0.58992749 -0.54403144
v 0.75286025 0.58992749 -0.55403286
v 0.74288076 0.58992749 -0.56238192
v 0.73025453 0.58992749 -0.57238334
v 0.72010148 0.60294354 -0.58009458
v 0.72808510 0.60967994 -0.57360089
v 0.71181417 0.60967994 -0.58583456
v 0.69623750 0.58992749 -0.59745944
v 0.66022456 0.60362858 -0.62010032
v 0.66807795 0.61013663 -0.61496919
v 0.68625802 0.58992749 -0.60406905
v 0.67042100 0.58992749 -0.61407048
v 0.65193725 0.61013663 -0.62465173
v 0.65007150 0.58992749 -0.62621719
v 0.63249892 0.58992749 -0.63592869
v 0.62251943 0.58992749 -0.64123380
v 0.61006677 0.58992749 -0.64726365
v 0.59088874 0.58992749 -0.65598953
v 0.58086586 0.58992749 -0.66030902
v 0.57001859 0.56994671 -0.66497636
v 0.55001622 0.40987188 -0.67486185
v 0.55001622 0.48990929 -0.67387617
v 0.53804088 0.42985266 -0.67923927
v 0.53652221 0.50989008 -0.67871749
v 0.52693325 0.48990929 -0.68237019
v 0.52610886 0.52987087 -0.68208027
v 0.51001149 0.52987087 -0.68738538
v 0.49005252 0.52987087 -0.69347322
v 0.46245706 0.54985172 -0.70057571
v 0.47391176 0.50989008 -0.69834346
v 0.46393228 0.50989008 -0.70098150
v 0.43503514 0.52484715 -0.70718533
v 0.45000437 0.50989008 -0.70428634
v 0.43503514 0.50989008 -0.70747519
v 0.43503514 0.26486829 -0.71028721
v 0.45000437 0.26989204 -0.70715630
v 0.46922573 0.26989204 -0.70240200
v 0.46939930 0.28987283 -0.70245999
v 0.47937879 0.28987283 -0.69979298
v 0.49005252 0.28987283 -0.69654608
v 0.51001149 0.28987283 -0.69013941
v 0.52923286 0.26989204 -0.68329781
v 0.53903878 0.24991123 -0.67958713
v 0.53925574 0.26989204 -0.67967415
v 0.55001622 0.26989204 -0.67541265
v 0.57001859 0.26989204 -0.66712159
v 0.58320892 0.26989204 -0.66138166
v 0.59323180 0.26989204 -0.65683025
v 0.59301484 0.24991123 -0.65677226
v 0.61006677 0.26989204 -0.64882910
v 0.62386447 0.28987283 -0.64201653
v 0.63380057 0.26989204 -0.63659549
v 0.65007150 0.26989204 -0.62746370
v 0.66122252 0.24991123 -0.62073815
v 0.70968813 0.18996881 -0.58713907
v 0.70942777 0.16998801 -0.58693618
v 0.69636768 0.22981624 -0.59745944
v 0.70994842 0.22981624 -0.58757395
v 0.67124540 0.24991123 -0.61438936
v 0.68634480 0.22981624 -0.60427201
v 0.71914697 0.15000719 -0.57934088
v 0.76257944 0.11004557 -0.54240805
v 0.77225518 0.09006477 -0.53272545
v 0.77186471 0.07008396 -0.53237760
v 0.74144894 0.12991221 -0.56125128
v 0.75142843 0.12991221 -0.55264139
v 0.78271198 0.09006477 -0.52272403
v 0.79234433 0.07008396 -0.51225877
v 0.80241060 0.09006477 -0.50260520
v 0.81273723 0.11004557 -0.49202397
v 0.82111132 0.07008396 -0.48135579
v 0.83946490 0.07008396 -0.45941061
v 0.83122098 0.09006477 -0.47004980
v 0.84723157 0.07008396 -0.44940916
v 0.85695070 0.05010315 -0.43589997
v 0.86354584 0.01014154 -0.42505783
v 0.86384958 0.03012235 -0.42549267
v 0.87087858 0.01014154 -0.41427368
v 0.87816799 0.56994671 -0.41427368
v 0.87717003 0.54985172 -0.41586810
v 0.87721342 0.52987087 -0.41589707
v 0.86732072 0.50989008 -0.43004405
v 0.86003137 0.52987087 -0.44016144
v 0.85222131 0.54985172 -0.45013389
v 0.84215504 0.56994671 -0.46271542
v 0.83378094 0.56994671 -0.47271687
v 0.82380146 0.56994671 -0.48434171
v 0.81473315 0.56994671 -0.49434316
v 0.80471027 0.56994671 -0.50495338
v 0.79494768 0.56994671 -0.51495481
v 0.78492481 0.56994671 -0.52486926
v 0.77446806 0.56994671 -0.53487068
v 0.76444513 0.56994671 -0.54411840
v 0.75299042 0.56994671 -0.55409086
v 0.74301094 0.56994671 -0.56243986
v 0.73038471 0.56994671 -0.57244134
v 0.72040522 0.56994671 -0.58029753
v 0.72023165 0.58992749 -0.58021057
v 0.70994842 0.58992749 -0.58768988
v 0.69641107 0.56994671 -0.59754640
v 0.66039813 0.58992749 -0.62024528
v 0.68638819 0.56994671 -0.60415602
v 0.67055112 0.56994671 -0.61415744
v 0.65007150 0.56994671 -0.62639111
v 0.63267249 0.56994671 -0.63601565
v 0.62269294 0.56994671 -0.64132077
v 0.61006677 0.56994671 -0.64743763
v 0.59297144 0.38989109 -0.65677226
v 0.58316553 0.36991024 -0.66135263
v 0.58277500 0.40987188 -0.66117871
v 0.58108282 0.56994671 -0.66042495
v 0.57001859 0.40987188 -0.66665775
v 0.55001622 0.36991024 -0.67526770
v 0.53899539 0.36991024 -0.67958713
v 0.53838795 0.40987188 -0.67935526
v 0.52875555 0.38989109 -0.68306589
v 0.52806139 0.42985266 -0.68280500
v 0.51001149 0.38989109 -0.68950164
v 0.51001149 0.40987188 -0.68921173
v 0.51001149 0.48990929 -0.68802315
v 0.49005252 0.50989008 -0.69382107
v 0.49005252 0.40987188 -0.69550252
v 0.47790354 0.38989109 -0.69938707
v 0.47725272 0.40987188 -0.69921315
v 0.46727324 0.40987188 -0.70188022
v 0.45000437 0.38989109 -0.70646060
v 0.45000437 0.40987188 -0.70611268
v 0.43503514 0.42985266 -0.70895368
v 0.43503514 0.26989204 -0.71031618
v 0.45000437 0.28987283 -0.70724332
v 0.46939930 0.30996782 -0.70245999
v 0.47937879 0.30996782 -0.69979298
v 0.49005252 0.30996782 -0.69657511
v 0.51001149 0.30996782 -0.69016838
v 0.52949321 0.30996782 -0.68338478
v 0.52936304 0.28987283 -0.68335581
v 0.53938591 0.28987283 -0.67973208
v 0.55001622 0.28987283 -0.67549962
v 0.57001859 0.28987283 -0.66720855
v 0.58329570 0.28987283 -0.66143960
v 0.59331858 0.28987283 -0.65688825
v 0.61006677 0.28987283 -0.64891607
v 0.63388735 0.28987283 -0.63665342
v 0.62395126 0.30996782 -0.64204550
v 0.66130924 0.26989204 -0.62082511
v 0.65007150 0.28987283 -0.62755072
v 0.66139603 0.28987283 -0.62088305
v 0.71988457 0.20504004 -0.57989168
v 0.68651831 0.24991123 -0.60438794
v 0.69649780 0.24991123 -0.59760433
v 0.70994842 0.24991123 -0.58783484
v 0.72010148 0.22981624 -0.58009458
v 0.68664849 0.26989204 -0.60447490
v 0.67141891 0.28987283 -0.61453432
v 0.68690884 0.30996782 -0.60459089
v 0.72995085 0.16998801 -0.57119477
v 0.77255893 0.11004557 -0.53301537
v 0.75173217 0.15000719 -0.55290228
v 0.76314348 0.15000719 -0.54290086
v 0.77312297 0.15000719 -0.53353721
v 0.74218655 0.18996881 -0.56188911
v 0.79299521 0.11004557 -0.51292551
v 0.79269147 0.09006477 -0.51260662
v 0.78327602 0.12991221 -0.52327484
v 0.79329890 0.12991221 -0.51321542
v 0.80271435 0.11004557 -0.50292408
v 0.82171875 0.11004557 -0.48202252
v 0.82141507 0.09006477 -0.48170364
v 0.81299758 0.12991221 -0.49231386
v 0.83976865 0.09006477 -0.45978746
v 0.83994222 0.10148238 -0.45999038
v 0.83195859 0.12991221 -0.47042668
v 0.84627700 0.10890382 -0.45201823
v 0.85777509 0.11004557 -0.43700159
v 0.85725445 0.07008396 -0.43627685
v 0.87152946 0.03012235 -0.41427368
v 0.86441362 0.07008396 -0.42630440
v 0.87222368 0.05409932 -0.41427368
v 0.87825477 0.54676896 -0.41427368
v 0.87829816 0.50989008 -0.41427368
v 0.87721342 0.50989008 -0.41589707
v 0.86732072 0.48990929 -0.43004405
v 0.86007470 0.48990929 -0.44019043
v 0.84219843 0.54985172 -0.46274441
v 0.85222131 0.50989008 -0.45019189
v 0.84224182 0.50989008 -0.46277338
v 0.83382434 0.54985172 -0.47274584
v 0.82380146 0.52987087 -0.48439968
v 0.81477654 0.50989008 -0.49440113
v 0.80471027 0.50989008 -0.50498235
v 0.79494768 0.50989008 -0.51498377
v 0.78496820 0.48990929 -0.52492726
v 0.78496820 0.52987087 -0.52489829
v 0.77451140 0.52987087 -0.53489971
v 0.76448852 0.54985172 -0.54414743
v 0.75303382 0.54985172 -0.55414885
v 0.74309772 0.48990929 -0.56255585
v 0.73077524 0.42985266 -0.57261527
v 0.73060167 0.50989008 -0.57252830
v 0.73047149 0.54985172 -0.57247031
v 0.70994842 0.56994671 -0.58786380
v 0.72053540 0.52987087 -0.58038449
v 0.70994842 0.48990929 -0.58835667
v 0.70994842 0.50989008 -0.58824068
v 0.69697511 0.46992844 -0.59789425
v 0.68695223 0.46992844 -0.60453290
v 0.66052824 0.56994671 -0.62033224
v 0.67094165 0.50989008 -0.61438936
v 0.66113573 0.46992844 -0.62068015
v 0.65007150 0.42985266 -0.62734777
v 0.63367039 0.40987188 -0.63656646
v 0.62364751 0.40987188 -0.64187157
v 0.61006677 0.38989109 -0.64874214
v 0.59314501 0.36991024 -0.65683025
v 0.57001859 0.36991024 -0.66703463
v 0.58325231 0.34992945 -0.66141063
v 0.57001859 0.38989109 -0.66686070
v 0.55001622 0.34992945 -0.67541265
v 0.53921235 0.34992945 -0.67967415
v 0.52897251 0.36991024 -0.68318188
v 0.51001149 0.36991024 -0.68976253
v 0.49005252 0.38989109 -0.69582140
v 0.46788067 0.38989109 -0.70205414
v 0.47842422 0.36991024 -0.69953203
v 0.46844473 0.36991024 -0.70219910
v 0.45000437 0.36991024 -0.70675051
v 0.43503514 0.36991024 -0.70996833
v 0.43503514 0.38989109 -0.70964944
v 0.43503514 0.28987283 -0.71040320
v 0.45000437 0.30996782 -0.70724332
v 0.45000437 0.32983446 -0.70715630
v 0.46922573 0.32983446 -0.70240200
v 0.47929201 0.32983446 -0.69973499
v 0.49005252 0.32983446 -0.69648814
v 0.51001149 0.32983446 -0.69011039
v 0.53947270 0.30996782 -0.67973208
v 0.52936304 0.32983446 -0.68335581
v 0.53938591 0.32983446 -0.67973208
v 0.55001622 0.30996782 -0.67552859
v 0.57001859 0.30996782 -0.66723752
v 0.58338243 0.30996782 -0.66143960
v 0.59336197 0.30996782 -0.65688825
v 0.61006677 0.30996782 -0.64897406
v 0.63397413 0.32983446 -0.63671142
v 0.65007150 0.32983446 -0.62769562
v 0.65007150 0.30996782 -0.62763768
v 0.62395126 0.32983446 -0.64204550
v 0.66148281 0.30996782 -0.62091208
v 0.67154908 0.32983446 -0.61465031
v 0.72799832 0.21097720 -0.57354295
v 0.69693172 0.30996782 -0.59786528
v 0.70994842 0.26989204 -0.58803779
v 0.72023165 0.24991123 -0.58021057
v 0.73042810 0.26989204 -0.57238334
v 0.73025453 0.24991123 -0.57229638
v 0.74262047 0.22981624 -0.56220800
v 0.68699563 0.32983446 -0.60464883
v 0.75220942 0.18996881 -0.55330813
v 0.77338332 0.16998801 -0.53376913
v 0.75242639 0.20994961 -0.55351108
v 0.76401126 0.22981624 -0.54368359
v 0.77377379 0.20994961 -0.53420395
v 0.78353637 0.15000719 -0.52353573
v 0.74240351 0.20994961 -0.56206304
v 0.80297470 0.12991221 -0.50321400
v 0.79355925 0.15000719 -0.51347631
v 0.82197911 0.12991221 -0.48231244
v 0.81321448 0.15000719 -0.49260378
v 0.84011573 0.11495515 -0.46019331
v 0.84831631 0.12991221 -0.45004693
v 0.84028929 0.12991221 -0.46042523
v 0.83217555 0.15000719 -0.47071657
v 0.83265281 0.18996881 -0.47123837
v 0.86467397 0.09006477 -0.42665225
v 0.85825241 0.15000719 -0.43763936
v 0.87326503 0.09291917 -0.41427368
v 0.87825477 0.48671234 -0.41427368
v 0.87721342 0.48990929 -0.41586810
v 0.86723393 0.44994766 -0.43004405
v 0.85998797 0.39868259 -0.44004548
v 0.86003137 0.46992844 -0.44019043
v 0.85217792 0.40987188 -0.45007592
v 0.85222131 0.46992844 -0.45016289
v 0.85222131 0.48990929 -0.45019189
v 0.83382434 0.50989008 -0.47277483
v 0.84224182 0.46992844 -0.46277338
v 0.82380146 0.46992844 -0.48439968
v 0.81477654 0.48990929 -0.49440113
v 0.80471027 0.46992844 -0.50498235
v 0.79494768 0.46992844 -0.51498377
v 0.78496820 0.38989109 -0.52492726
v 0.77455479 0.40987188 -0.53489971
v 0.76453191 0.40987188 -0.54420537
v 0.76453191 0.48990929 -0.54417640
v 0.75320739 0.40987188 -0.55420685
v 0.74318451 0.40987188 -0.56264281
v 0.73077524 0.40987188 -0.57264423
v 0.72079575 0.40987188 -0.58058745
v 0.72075236 0.42985266 -0.58058745
v 0.72057879 0.50989008 -0.58044249
v 0.72070897 0.44994766 -0.58055842
v 0.70994842 0.46992844 -0.58844364
v 0.69710529 0.42985266 -0.59801024
v 0.68708241 0.42985266 -0.60461986
v 0.67133212 0.42985266 -0.61462128
v 0.67115861 0.46992844 -0.61450535
v 0.66143942 0.40987188 -0.62088305
v 0.65007150 0.38989109 -0.62757969
v 0.63380057 0.38989109 -0.63662446
v 0.62377769 0.38989109 -0.64192957
v 0.61006677 0.36991024 -0.64885807
v 0.59327519 0.34992945 -0.65685928
v 0.57001859 0.32983446 -0.66720855
v 0.58333910 0.32983446 -0.66143960
v 0.55001622 0.32983446 -0.67549962
v 0.52918947 0.34992945 -0.68326885
v 0.49005252 0.36991024 -0.69608229
v 0.49005252 0.34992945 -0.69631422
v 0.47890151 0.34992945 -0.69964802
v 0.46887863 0.34992945 -0.70231509
v 0.45000437 0.34992945 -0.70698237
v 0.43503514 0.36488652 -0.71002632
v 0.43503514 0.30996782 -0.71040320
v 0.43503514 0.32492489 -0.71037418
v 0.43503514 0.34479153 -0.71022922
v 0.43503514 0.32983446 -0.71034521
v 0.59336197 0.32983446 -0.65688825
v 0.61006677 0.32983446 -0.64897406
v 0.62395126 0.34992945 -0.64201653
v 0.63388735 0.36991024 -0.63668245
v 0.65007150 0.34992945 -0.62769562
v 0.66152620 0.32983446 -0.62094104
v 0.67150569 0.36991024 -0.61467928
v 0.68712580 0.38989109 -0.60467786
v 0.68703902 0.34992945 -0.60467786
v 0.69697511 0.32983446 -0.59792322
v 0.69706190 0.34992945 -0.59795225
v 0.70994842 0.30996782 -0.58835667
v 0.72053540 0.28987283 -0.58038449
v 0.74275059 0.24991123 -0.56232393
v 0.73051488 0.28987283 -0.57247031
v 0.74301094 0.28987283 -0.56246889
v 0.75259995 0.22981624 -0.55368501
v 0.75286025 0.26989204 -0.55394590
v 0.75273007 0.24991123 -0.55382997
v 0.69710529 0.36991024 -0.59801024
v 0.78401363 0.18996881 -0.52399957
v 0.78423059 0.20994961 -0.52420253
v 0.76414144 0.24991123 -0.54382849
v 0.77416432 0.24991123 -0.53452283
v 0.80345196 0.16998801 -0.50373578
v 0.79421008 0.20994961 -0.51417208
v 0.82262993 0.18996881 -0.48309517
v 0.81369179 0.18996881 -0.49306759
v 0.84879357 0.15000719 -0.45004693
v 0.84050626 0.15000719 -0.46071512
v 0.82284689 0.20994961 -0.48329806
v 0.83299994 0.22981624 -0.47170222
v 0.84115708 0.20994961 -0.46149784
v 0.86536819 0.15000719 -0.42763790
v 0.87374228 0.11244328 -0.41427368
v 0.85846931 0.16998801 -0.43795824
v 0.87821138 0.46992844 -0.41427368
v 0.87717003 0.44994766 -0.41578114
v 0.87712663 0.42985266 -0.41575214
v 0.86710376 0.40987188 -0.43004405
v 0.86562854 0.39114702 -0.43201536
v 0.85994458 0.38532400 -0.44001651
v 0.85369653 0.39114702 -0.44804662
v 0.84215504 0.40987188 -0.46268642
v 0.84202486 0.34992945 -0.46254146
v 0.84211165 0.38989109 -0.46265745
v 0.83382434 0.48990929 -0.47277483
v 0.83382434 0.44994766 -0.47274584
v 0.82380146 0.42985266 -0.48434171
v 0.81473315 0.40987188 -0.49431416
v 0.80471027 0.38989109 -0.50495338
v 0.79494768 0.36991024 -0.51495481
v 0.78496820 0.34992945 -0.52489829
v 0.77455479 0.36991024 -0.53489971
v 0.76453191 0.36991024 -0.54420537
v 0.75320739 0.38989109 -0.55420685
v 0.74318451 0.36991024 -0.56264281
v 0.73077524 0.38989109 -0.57264423
v 0.72079575 0.38989109 -0.58058745
v 0.70994842 0.40987188 -0.58864653
v 0.70994842 0.42985266 -0.58861756
v 0.69714868 0.40987188 -0.59801024
v 0.68712580 0.40987188 -0.60464883
v 0.67141891 0.40987188 -0.61465031
v 0.66152620 0.36991024 -0.62094104
v 0.62386447 0.36991024 -0.64198756
v 0.67146230 0.38989109 -0.61467928
v 0.70994842 0.32983446 -0.58844364
v 0.72075236 0.34992945 -0.58055842
v 0.72062218 0.30996782 -0.58047146
v 0.75299042 0.28987283 -0.55403286
v 0.73060167 0.30996782 -0.57255727
v 0.74309772 0.30996782 -0.56255585
v 0.76427162 0.26989204 -0.54394448
v 0.70994842 0.38989109 -0.58864653
v 0.70994842 0.36991024 -0.58861756
v 0.78440416 0.22981624 -0.52437645
v 0.78453434 0.24991123 -0.52452141
v 0.77429450 0.26989204 -0.53463876
v 0.80384243 0.20994961 -0.50417066
v 0.79438365 0.22981624 -0.51434600
v 0.81421244 0.24991123 -0.49367639
v 0.82302046 0.22981624 -0.48350102
v 0.84966135 0.18996881 -0.45004693
v 0.85868627 0.18996881 -0.43824813
v 0.84133065 0.22981624 -0.46170077
v 0.83317351 0.24991123 -0.47190514
v 0.85039896 0.22981624 -0.45004693
v 0.86614919 0.22981624 -0.42879748
v 0.87617207 0.22981624 -0.41433164
v 0.87543446 0.19076803 -0.41427368
v 0.87500060 0.16998801 -0.41427368
v 0.87461007 0.15160567 -0.41427368
v 0.87808120 0.42699826 -0.41427368
v 0.87795103 0.38989109 -0.41427368
v 0.87703985 0.38989109 -0.41563618
v 0.86697358 0.36991024 -0.42995709
v 0.86693019 0.34992945 -0.42987013
v 0.85985780 0.34992945 -0.43987155
v 0.85191756 0.34992945 -0.45004693
v 0.83373755 0.38989109 -0.47265887
v 0.84193808 0.32983446 -0.46245450
v 0.83360738 0.32983446 -0.47245595
v 0.83365077 0.34992945 -0.47254291
v 0.82362789 0.34992945 -0.48422575
v 0.81468976 0.36991024 -0.49425617
v 0.80466688 0.34992945 -0.50492436
v 0.79494768 0.34992945 -0.51492584
v 0.78492481 0.32983446 -0.52486926
v 0.77446806 0.30996782 -0.53481275
v 0.77451140 0.34992945 -0.53489971
v 0.76453191 0.34992945 -0.54417640
v 0.75316399 0.34992945 -0.55417782
v 0.74318451 0.34992945 -0.56261384
v 0.73077524 0.36991024 -0.57261527
v 0.73073184 0.34992945 -0.57261527
v 0.73068845 0.32983446 -0.57258630
v 0.76440179 0.28987283 -0.54403144
v 0.75307721 0.30996782 -0.55411983
v 0.74314111 0.32983446 -0.56258482
v 0.79455721 0.24991123 -0.51449096
v 0.78462106 0.26989204 -0.52463734
v 0.79486090 0.30996782 -0.51483881
v 0.79464400 0.26989204 -0.51463592
v 0.77438128 0.28987283 -0.53472579
v 0.78483802 0.30996782 -0.52481127
v 0.80401599 0.22981624 -0.50434458
v 0.80431974 0.26989204 -0.50463450
v 0.81434262 0.26989204 -0.49382132
v 0.82315063 0.24991123 -0.48367494
v 0.85903335 0.22981624 -0.43879893
v 0.84150422 0.24991123 -0.46190369
v 0.82341093 0.28987283 -0.48396486
v 0.83352059 0.30996782 -0.47233999
v 0.84176451 0.28987283 -0.46219361
v 0.85104978 0.26989204 -0.45004693
v 0.85920691 0.24991123 -0.43903086
v 0.86632276 0.24991123 -0.42902941
v 0.87634563 0.24991123 -0.41459256
v 0.87651920 0.24934036 -0.41427368
v 0.87612867 0.22696185 -0.41427368
v 0.87782085 0.36739838 -0.41427368
v 0.87699646 0.36991024 -0.41554922
v 0.87682295 0.32983446 -0.41534629
v 0.86675668 0.30996782 -0.42960921
v 0.85977101 0.32983446 -0.43975559
v 0.85131013 0.28987283 -0.45004693
v 0.84185129 0.30996782 -0.46233854
v 0.82358450 0.32983446 -0.48413879
v 0.82349771 0.30996782 -0.48408079
v 0.81460297 0.32983446 -0.49414021
v 0.80462348 0.32983446 -0.50489539
v 0.79490429 0.32983446 -0.51489681
v 0.76444513 0.30996782 -0.54411840
v 0.76448852 0.32983446 -0.54414743
v 0.75312060 0.32983446 -0.55414885
v 0.80444992 0.28987283 -0.50475043
v 0.80453670 0.30996782 -0.50483739
v 0.81442940 0.28987283 -0.49396628
v 0.81455958 0.30996782 -0.49405324
v 0.85964084 0.30996782 -0.43961066
v 0.85951066 0.28987283 -0.43943670
v 0.86649632 0.26989204 -0.42923236
v 0.87660599 0.28987283 -0.41499841
v 0.87682295 0.26897863 -0.41427368
v 0.87751710 0.32983446 -0.41427368
v 0.87734360 0.30996782 -0.41427368
v 0.86662650 0.28987283 -0.42943525
v 0.87708324 0.28850275 -0.41427368
f 1 2 6
f 1 6 14
f 1 14 25
f 1 25 45
f 1 45 44
f 1 44 43
f 1 43 68
f 1 68 67
f 1 67 95
f 1 95 129
f 1 129 163
f 1 163 204
f 1 204 249
f 1 249 303
f 1 303 302
f 1 302 353
f 1 353 403
f 1 403 457
f 1 457 512
f 1 512 564
f 1 564 623
f 1 623 687
f 1 687 751
f 1 751 809
f 1 809 875
f 1 875 939
f 1 939 1010
f 1 1010 1087
f 1 1087 1164
f 1 1164 1250
f 1 1250 1339
f 1 1339 1431
f 1 1431 1430
f 1 1430 1536
f 1 1536 1538
f 1 1538 1632
f 1 1632 1732
f 1 1732 1731
f 1 1731 1826
f 1 1826 1829
f 1 1829 1830
f 1 1830 1828
f 1 1828 1827
f 1 1827 1733
f 1 1733 1633
f 1 1633 1539
f 1 1539 1433
f 1 1433 1432
f 1 1432 1342
f 1 1342 1341
f 1 1341 1340
f 1 1340 1251
f 1 1251 1165
f 1 1165 1088
f 1 1088 1012
f 1 1012 1011
f 1 1011 940
f 1 940 876
f 1 876 811
f 1 811 810
f 1 810 752
f 1 752 688
f 1 688 626
f 1 626 625
f 1 625 624
f 1 624 567
f 1 567 566
f 1 566 565
f 1 565 514
f 1 514 462
f 1 462 411
f 1 411 410
f 1 410 363
f 1 363 316
f 1 316 315
f 1 315 262
f 1 262 261
f 1 261 216
f 1 216 172
f 1 172 138
f 1 138 105
f 1 105 104
f 1 104 76
f 1 76 52
f 1 52 33
f 1 33 32
f 1 32 31
f 1 31 19
f 1 19 8
f 1 8 3
f 1 3 4
f 1 4 10
f 1 10 16
f 1 16 15
f 1 15 27
f 1 27 48
f 1 48 47
f 1 47 72
f 1 72 71
f 1 71 98
f 1 98 132
f 1 132 131
f 1 131 166
f 1 166 208
f 1 208 207
f 1 207 251
f 1 251 306
f 1 306 305
f 1 305 304
f 1 304 282
f 1 282 281
f 1 281 280
f 1 280 232
f 1 232 189
f 1 189 188
f 1 188 148
f 1 148 119
f 1 119 87
f 1 87 84
f 1 84 59
f 1 59 58
f 1 58 36
f 1 36 21
f 1 21 11
f 1 11 5
f 1 5 2
f 2 5 6
f 3 7 4
f 3 8 9
f 3 9 7
f 4 7 10
f 5 11 23
f 5 23 41
f 5 41 64
f 5 64 91
f 5 91 123
f 5 123 127
f 5 127 159
f 5 159 161
f 5 161 202
f 5 202 247
f 5 247 300
f 5 300 299
f 5 299 351
f 5 351 350
f 5 350 401
f 5 401 454
f 5 454 508
f 5 508 510
f 5 510 562
f 5 562 617
f 5 617 680
f 5 680 682
f 5 682 738
f 5 738 795
f 5 795 855
f 5 855 920
f 5 920 989
f 5 989 1060
f 5 1060 1061
f 5 1061 1137
f 5 1137 1214
f 5 1214 1213
f 5 1213 1300
f 5 1300 1391
f 5 1391 1489
f 5 1489 1488
f 5 1488 1582
f 5 1582 1680
f 5 1680 1682
f 5 1682 1780
f 5 1780 1865
f 5 1865 1923
f 5 1923 1922
f 5 1922 1921
f 5 1921 1971
f 5 1971 1970
f 5 1970 1995
f 5 1995 1999
f 5 1999 1997
f 5 1997 1996
f 5 1996 1972
f 5 1972 1925
f 5 1925 1924
f 5 1924 1867
f 5 1867 1781
f 5 1781 1684
f 5 1684 1683
f 5 1683 1583
f 5 1583 1490
f 5 1490 1394
f 5 1394 1393
f 5 1393 1392
f 5 1392 1301
f 5 1301 1215
f 5 1215 1145
f 5 1145 1067
f 5 1067 994
f 5 994 924
f 5 924 858
f 5 858 797
f 5 797 739
f 5 739 683
f 5 683 621
f 5 621 563
f 5 563 511
f 5 511 456
f 5 456 402
f 5 402 352
f 5 352 301
f 5 301 248
f 5 248 203
f 5 203 162
f 5 162 128
f 5 128 96
f 5 96 69
f 5 69 42
f 5 42 24
f 5 24 13
f 5 13 12
f 5 12 6
f 6 12 13
f 6 13 14
f 7 15 16
f 7 16 10
f 7 9 17
f 7 17 18
f 7 18 15
f 8 19 9
f 9 19 20
f 9 20 17
f 11 21 22
f 11 22 23
f 13 24 14
f 14 24 25
f 15 18 26
f 15 26 27
f 17 28 18
f 17 20 29
f 17 29 28
f 18 28 30
f 18 30 26
f 19 31 20
f 20 31 32
f 20 32 33
f 20 33 34
f 20 34 35
f 20 35 29
f 21 36 37
f 21 37 22
f 22 37 38
f 22 38 39
f 22 39 23
f 23 39 40
f 23 40 41
f 24 42 43
f 24 43 44
f 24 44 45
f 24 45 25
f 26 30 46
f 26 46 47
f 26 47 48
f 26 48 27
f 28 49 30
f 28 29 50
f 28 50 51
f 28 51 49
f 29 35 50
f 30 49 46
f 33 52 53
f 33 53 34
f 34 53 54
f 34 54 35
f 35 54 55
f 35 55 56
f 35 56 57
f 35 57 50
f 36 58 37
f 37 58 59
f 37 59 60
f 37 60 61
f 37 61 62
f 37 62 63
f 37 63 38
f 38 63 39
f 39 63 40
f 40 64 41
f 40 63 65
f 40 65 66
f 40 66 64
f 42 67 68
f 42 68 43
f 42 69 67
f 46 49 70
f 46 70 71
f 46 71 72
f 46 72 47
f 49 51 73
f 49 73 74
f 49 74 70
f 50 75 51
f 50 57 75
f 51 75 73
f 52 76 53
f 53 76 77
f 53 77 54
f 54 77 78
f 54 78 55
f 55 78 79
f 55 79 56
f 56 80 81
f 56 81 57
f 56 79 82
f 56 82 83
f 56 83 80
f 57 81 75
f 59 84 60
f 60 85 86
f 60 86 61
f 60 84 87
f 60 87 85
f 61 86 88
f 61 88 62
f 62 88 63
f 63 88 89
f 63 89 90
f 63 90 65
f 64 66 91
f 65 90 92
f 65 92 66
f 66 92 93
f 66 93 94
f 66 94 91
f 67 69 95
f 69 96 95
f 70 97 98
f 70 98 71
f 70 74 99
f 70 99 97
f 73 75 100
f 73 100 101
f 73 101 74
f 74 102 103
f 74 103 99
f 74 101 102
f 75 81 100
f 76 104 77
f 77 104 105
f 77 105 106
f 77 106 78
f 78 106 107
f 78 107 79
f 79 107 108
f 79 108 82
f 80 109 81
f 80 83 110
f 80 110 109
f 81 109 100
f 82 108 111
f 82 111 83
f 83 111 112
f 83 112 113
f 83 113 114
f 83 114 110
f 85 87 115
f 85 115 116
f 85 116 117
f 85 117 118
f 85 118 86
f 86 118 88
f 87 119 115
f 88 118 120
f 88 120 121
f 88 121 89
f 89 121 122
f 89 122 90
f 90 122 92
f 91 94 123
f 92 122 124
f 92 124 125
f 92 125 93
f 93 125 126
f 93 126 94
f 94 126 127
f 94 127 123
f 95 96 128
f 95 128 129
f 97 99 103
f 97 103 130
f 97 130 131
f 97 131 132
f 97 132 98
f 100 109 133
f 100 133 101
f 101 134 102
f 101 133 134
f 102 134 135
f 102 135 136
f 102 136 103
f 103 136 130
f 105 137 106
f 105 138 137
f 106 137 139
f 106 139 107
f 107 139 108
f 108 139 140
f 108 140 111
f 109 110 141
f 109 141 133
f 110 114 142
f 110 142 141
f 111 140 143
f 111 143 112
f 112 143 113
f 113 144 145
f 113 145 114
f 113 143 146
f 113 146 144
f 114 145 142
f 115 147 116
f 115 119 148
f 115 148 147
f 116 147 149
f 116 149 150
f 116 150 117
f 117 150 118
f 118 150 151
f 118 151 152
f 118 152 120
f 120 152 153
f 120 153 121
f 121 153 122
f 122 154 155
f 122 155 124
f 122 153 154
f 124 155 125
f 125 155 156
f 125 156 157
f 125 157 158
f 125 158 126
f 126 159 127
f 126 158 160
f 126 160 161
f 126 161 159
f 128 162 129
f 129 162 163
f 130 136 164
f 130 164 165
f 130 165 166
f 130 166 131
f 133 141 167
f 133 167 168
f 133 168 134
f 134 168 169
f 134 169 135
f 135 169 170
f 135 170 136
f 136 170 171
f 136 171 164
f 137 138 172
f 137 172 173
f 137 173 174
f 137 174 175
f 137 175 139
f 139 175 140
f 140 175 176
f 140 176 143
f 141 142 167
f 142 145 177
f 142 177 167
f 143 176 178
f 143 178 179
f 143 179 146
f 144 146 180
f 144 180 181
f 144 181 182
f 144 182 145
f 145 182 177
f 146 179 183
f 146 183 184
f 146 184 185
f 146 185 180
f 147 186 187
f 147 187 149
f 147 148 188
f 147 188 189
f 147 189 186
f 149 190 150
f 149 187 190
f 150 190 191
f 150 191 192
f 150 192 151
f 151 192 193
f 151 193 152
f 152 193 153
f 153 193 194
f 153 194 195
f 153 195 154
f 154 195 155
f 155 196 197
f 155 197 156
f 155 195 196
f 156 197 198
f 156 198 157
f 157 160 158
f 157 198 199
f 157 199 200
f 157 200 160
f 160 200 201
f 160 201 202
f 160 202 161
f 162 203 163
f 163 203 204
f 164 171 205
f 164 205 165
f 165 205 206
f 165 206 207
f 165 207 208
f 165 208 166
f 167 209 210
f 167 210 168
f 167 177 211
f 167 211 209
f 168 210 169
f 169 210 212
f 169 212 213
f 169 213 170
f 170 213 171
f 171 214 205
f 171 213 215
f 171 215 214
f 172 216 173
f 173 216 217
f 173 217 174
f 174 217 218
f 174 218 175
f 175 218 219
f 175 219 220
f 175 220 176
f 176 220 178
f 177 182 211
f 178 220 221
f 178 221 183
f 178 183 179
f 180 222 181
f 180 185 222
f 181 222 223
f 181 223 224
f 181 224 182
f 182 224 211
f 183 221 225
f 183 225 184
f 184 225 226
f 184 226 185
f 185 227 222
f 185 226 228
f 185 228 227
f 186 229 230
f 186 230 231
f 186 231 187
f 186 189 232
f 186 232 229
f 187 231 190
f 190 233 234
f 190 234 235
f 190 235 191
f 190 231 233
f 191 235 236
f 191 236 192
f 192 236 193
f 193 236 237
f 193 237 238
f 193 238 194
f 194 238 195
f 195 238 239
f 195 239 240
f 195 240 196
f 196 240 241
f 196 241 197
f 197 241 242
f 197 242 198
f 198 242 243
f 198 243 199
f 199 243 244
f 199 244 200
f 200 244 201
f 201 244 245
f 201 245 246
f 201 246 202
f 202 246 247
f 203 248 204
f 204 248 249
f 205 214 206
f 206 250 251
f 206 251 207
f 206 214 252
f 206 252 250
f 209 211 253
f 209 253 254
f 209 254 210
f 210 254 255
f 210 255 212
f 211 224 256
f 211 256 253
f 212 255 213
f 213 255 257
f 213 257 215
f 214 215 258
f 214 258 259
f 214 259 260
f 214 260 252
f 215 257 258
f 216 261 217
f 217 261 262
f 217 262 263
f 217 263 218
f 218 263 264
f 218 264 219
f 219 264 220
f 220 264 265
f 220 265 266
f 220 266 267
f 220 267 221
f 221 267 225
f 222 227 268
f 222 268 223
f 223 268 269
f 223 269 224
f 224 269 270
f 224 270 256
f 225 267 271
f 225 271 226
f 226 271 272
f 226 272 228
f 227 228 273
f 227 273 274
f 227 274 268
f 228 272 275
f 228 275 276
f 228 276 273
f 229 277 278
f 229 278 279
f 229 279 230
f 229 232 280
f 229 280 281
f 229 281 282
f 229 282 283
f 229 283 277
f 230 279 233
f 230 233 231
f 233 279 284
f 233 284 285
f 233 285 234
f 234 285 235
f 235 285 286
f 235 286 287
f 235 287 236
f 236 287 288
f 236 288 237
f 237 288 238
f 238 288 289
f 238 289 290
f 238 290 239
f 239 290 291
f 239 291 240
f 240 291 292
f 240 292 241
f 241 292 293
f 241 293 242
f 242 293 243
f 243 293 294
f 243 294 295
f 243 295 296
f 243 296 244
f 244 296 297
f 244 297 245
f 245 297 298
f 245 298 246
f 246 298 299
f 246 299 300
f 246 300 247
f 248 301 302
f 248 302 303
f 248 303 249
f 250 252 260
f 250 260 277
f 250 277 304
f 250 304 305
f 250 305 306
f 250 306 251
f 253 256 307
f 253 307 308
f 253 308 254
f 254 308 255
f 255 308 309
f 255 309 257
f 256 270 310
f 256 310 307
f 257 309 311
f 257 311 312
f 257 312 258
f 258 312 259
f 259 313 260
f 259 312 314
f 259 314 313
f 260 313 277
f 262 315 263
f 263 315 316
f 263 316 317
f 263 317 264
f 264 317 318
f 264 318 265
f 265 318 319
f 265 319 266
f 266 319 320
f 266 320 321
f 266 321 267
f 267 321 271
f 268 274 322
f 268 322 269
f 269 323 324
f 269 324 270
f 269 322 323
f 270 324 310
f 271 321 325
f 271 325 272
f 272 325 326
f 272 326 275
f 273 276 327
f 273 327 274
f 274 327 328
f 274 328 322
f 275 326 329
f 275 329 330
f 275 330 276
f 276 331 327
f 276 330 332
f 276 332 331
f 277 283 304
f 277 313 278
f 278 313 279
f 279 313 333
f 279 333 284
f 282 304 283
f 284 333 334
f 284 334 285
f 285 334 335
f 285 335 336
f 285 336 286
f 286 336 337
f 286 337 287
f 287 337 288
f 288 337 338
f 288 338 339
f 288 339 289
f 289 339 340
f 289 340 290
f 290 340 341
f 290 341 291
f 291 341 342
f 291 342 292
f 292 342 293
f 293 342 343
f 293 343 294
f 294 343 295
f 295 297 296
f 295 343 344
f 295 344 345
f 295 345 297
f 297 345 346
f 297 346 347
f 297 347 348
f 297 348 298
f 298 348 349
f 298 349 350
f 298 350 351
f 298 351 299
f 301 352 353
f 301 353 302
f 307 310 354
f 307 354 355
f 307 355 308
f 308 355 309
f 309 356 311
f 309 355 357
f 309 357 358
f 309 358 356
f 310 359 354
f 310 324 360
f 310 360 359
f 311 356 312
f 312 361 314
f 312 356 362
f 312 362 361
f 313 314 361
f 313 361 333
f 316 363 317
f 317 363 410
f 317 410 364
f 317 364 318
f 318 364 365
f 318 365 319
f 319 365 366
f 319 366 320
f 320 366 367
f 320 367 321
f 321 367 368
f 321 368 369
f 321 369 325
f 322 370 323
f 322 328 371
f 322 371 370
f 323 372 324
f 323 370 419
f 323 419 372
f 324 373 360
f 324 372 373
f 325 369 326
f 326 369 374
f 326 374 329
f 327 331 375
f 327 375 328
f 328 375 376
f 328 376 371
f 329 374 377
f 329 377 330
f 330 377 378
f 330 378 379
f 330 379 380
f 330 380 332
f 331 332 381
f 331 381 375
f 332 382 381
f 332 380 383
f 332 383 382
f 333 361 334
f 334 361 362
f 334 362 358
f 334 358 384
f 334 384 335
f 335 384 385
f 335 385 336
f 336 385 337
f 337 385 386
f 337 386 387
f 337 387 338
f 338 387 388
f 338 388 339
f 339 388 389
f 339 389 340
f 340 389 390
f 340 390 341
f 341 390 342
f 342 390 391
f 342 391 392
f 342 392 343
f 343 392 393
f 343 393 394
f 343 394 344
f 344 394 395
f 344 395 345
f 345 395 396
f 345 396 397
f 345 397 346
f 346 397 347
f 347 397 398
f 347 398 399
f 347 399 349
f 347 349 348
f 349 399 400
f 349 400 401
f 349 401 350
f 352 402 403
f 352 403 353
f 354 404 355
f 354 359 404
f 355 404 357
f 356 358 362
f 357 405 358
f 357 404 405
f 358 405 406
f 358 406 407
f 358 407 384
f 359 408 404
f 359 360 373
f 359 373 409
f 359 409 408
f 364 410 411
f 364 411 412
f 364 412 365
f 365 412 413
f 365 413 366
f 366 413 414
f 366 414 367
f 367 415 368
f 367 414 416
f 367 416 415
f 368 415 369
f 369 415 417
f 369 417 374
f 370 371 418
f 370 418 419
f 371 376 420
f 371 420 418
f 372 421 373
f 372 419 422
f 372 422 421
f 373 421 423
f 373 423 409
f 374 417 424
f 374 424 378
f 374 378 377
f 375 381 425
f 375 425 376
f 376 425 426
f 376 426 427
f 376 427 420
f 378 424 428
f 378 428 379
f 379 428 429
f 379 429 380
f 380 429 430
f 380 430 432
f 380 432 383
f 381 382 431
f 381 431 425
f 382 383 431
f 383 432 433
f 383 433 431
f 384 407 434
f 384 434 385
f 385 434 386
f 386 434 435
f 386 435 436
f 386 436 437
f 386 437 438
f 386 438 387
f 387 438 439
f 387 439 388
f 388 439 440
f 388 440 389
f 389 440 390
f 390 440 441
f 390 441 391
f 391 442 443
f 391 443 444
f 391 444 445
f 391 445 392
f 391 441 442
f 392 445 446
f 392 446 393
f 393 446 447
f 393 447 394
f 394 447 448
f 394 448 395
f 395 448 449
f 395 449 396
f 396 449 450
f 396 450 451
f 396 451 397
f 397 451 398
f 398 451 452
f 398 452 453
f 398 453 399
f 399 453 400
f 400 454 401
f 400 453 455
f 400 455 454
f 402 456 403
f 403 456 457
f 404 408 406
f 404 406 405
f 406 408 458
f 406 458 435
f 406 435 407
f 407 435 434
f 408 409 458
f 409 459 460
f 409 460 458
f 409 423 459
f 411 461 412
f 411 462 461
f 412 461 413
f 413 461 463
f 413 463 464
f 413 464 414
f 414 464 465
f 414 465 416
f 415 416 466
f 415 466 417
f 416 465 467
f 416 467 468
f 416 468 466
f 417 466 469
f 417 469 424
f 418 422 419
f 418 420 470
f 418 470 422
f 420 427 471
f 420 471 470
f 421 422 472
f 421 472 423
f 422 470 473
f 422 473 474
f 422 474 472
f 423 475 459
f 423 472 476
f 423 476 477
f 423 477 475
f 424 469 478
f 424 478 428
f 425 431 426
f 426 479 480
f 426 480 427
f 426 431 481
f 426 481 482
f 426 482 479
f 427 480 471
f 428 478 528
f 428 528 483
f 428 483 429
f 429 483 484
f 429 484 485
f 429 485 486
f 429 486 430
f 430 486 487
f 430 487 432
f 431 433 488
f 431 488 481
f 432 487 433
f 433 487 489
f 433 489 488
f 435 458 460
f 435 460 436
f 436 460 437
f 437 460 490
f 437 490 491
f 437 491 492
f 437 492 438
f 438 492 439
f 439 492 493
f 439 493 440
f 440 493 442
f 440 442 441
f 442 494 495
f 442 495 496
f 442 496 443
f 442 493 494
f 443 496 497
f 443 497 444
f 444 497 498
f 444 498 499
f 444 499 445
f 445 499 446
f 446 499 500
f 446 500 447
f 447 500 501
f 447 501 448
f 448 501 502
f 448 502 449
f 449 502 503
f 449 503 504
f 449 504 450
f 450 504 505
f 450 505 451
f 451 505 452
f 452 505 506
f 452 506 507
f 452 507 453
f 453 507 455
f 454 455 508
f 455 507 509
f 455 509 510
f 455 510 508
f 456 511 457
f 457 511 512
f 459 475 460
f 460 475 490
f 461 462 513
f 461 513 464
f 461 464 463
f 462 514 513
f 464 513 515
f 464 515 516
f 464 516 465
f 465 516 467
f 466 468 517
f 466 517 469
f 467 516 518
f 467 518 519
f 467 519 520
f 467 520 468
f 468 520 517
f 469 517 569
f 469 569 521
f 469 521 478
f 470 471 473
f 471 480 522
f 471 522 473
f 472 477 476
f 472 474 523
f 472 523 477
f 473 524 474
f 473 522 525
f 473 525 524
f 474 524 523
f 475 477 526
f 475 526 490
f 477 523 527
f 477 527 526
f 478 521 528
f 479 482 529
f 479 529 480
f 480 530 522
f 480 529 531
f 480 531 530
f 481 488 532
f 481 532 482
f 482 532 529
f 483 528 533
f 483 533 484
f 484 533 534
f 484 534 485
f 485 534 535
f 485 535 486
f 486 536 487
f 486 535 537
f 486 537 538
f 486 538 536
f 487 536 539
f 487 539 489
f 488 489 540
f 488 540 541
f 488 541 542
f 488 542 532
f 489 539 543
f 489 543 540
f 490 526 491
f 491 526 544
f 491 544 494
f 491 494 492
f 492 494 493
f 494 544 545
f 494 545 495
f 495 545 546
f 495 546 496
f 496 546 547
f 496 547 497
f 497 547 548
f 497 548 498
f 498 548 549
f 498 549 550
f 498 550 499
f 499 550 500
f 500 550 551
f 500 551 501
f 501 551 503
f 501 503 502
f 503 552 553
f 503 553 554
f 503 554 555
f 503 555 504
f 503 551 552
f 504 555 556
f 504 556 557
f 504 557 505
f 505 557 558
f 505 558 506
f 506 558 559
f 506 559 507
f 507 559 560
f 507 560 561
f 507 561 509
f 509 562 510
f 509 561 562
f 511 563 512
f 512 563 564
f 513 514 565
f 513 565 515
f 515 566 567
f 515 567 568
f 515 568 516
f 515 565 566
f 516 568 518
f 517 520 569
f 518 568 570
f 518 570 627
f 518 627 571
f 518 571 519
f 519 571 572
f 519 572 520
f 520 572 573
f 520 573 569
f 521 569 574
f 521 574 575
f 521 575 533
f 521 533 528
f 522 530 576
f 522 576 525
f 523 524 577
f 523 577 527
f 524 525 578
f 524 578 579
f 524 579 577
f 525 576 580
f 525 580 578
f 526 527 544
f 527 577 579
f 527 579 581
f 527 581 545
f 527 545 544
f 529 532 582
f 529 582 583
f 529 583 584
f 529 584 585
f 529 585 586
f 529 586 531
f 530 531 586
f 530 586 576
f 532 542 587
f 532 587 582
f 533 575 588
f 533 588 589
f 533 589 534
f 534 589 590
f 534 590 591
f 534 591 592
f 534 592 535
f 535 592 537
f 536 538 539
f 537 592 593
f 537 593 594
f 537 594 595
f 537 595 538
f 538 595 596
f 538 596 597
f 538 597 539
f 539 597 596
f 539 596 598
f 539 598 543
f 540 543 541
f 541 543 599
f 541 599 600
f 541 600 601
f 541 601 542
f 542 601 587
f 543 598 599
f 545 581 602
f 545 602 546
f 546 602 603
f 546 603 547
f 547 603 604
f 547 604 548
f 548 604 605
f 548 605 552
f 548 552 549
f 549 552 550
f 550 552 551
f 552 605 553
f 553 605 606
f 553 606 607
f 553 607 608
f 553 608 609
f 553 609 554
f 554 556 555
f 554 609 610
f 554 610 611
f 554 611 556
f 556 611 612
f 556 612 613
f 556 613 558
f 556 558 557
f 558 613 614
f 558 614 559
f 559 614 615
f 559 615 616
f 559 616 560
f 560 616 561
f 561 617 562
f 561 616 618
f 561 618 619
f 561 619 620
f 561 620 617
f 563 621 564
f 564 621 622
f 564 622 623
f 567 624 568
f 568 624 570
f 569 573 574
f 570 624 625
f 570 625 626
f 570 626 627
f 571 627 628
f 571 628 629
f 571 629 693
f 571 693 630
f 571 630 572
f 572 630 573
f 573 630 631
f 573 631 574
f 574 631 695
f 574 695 632
f 574 632 575
f 575 632 588
f 576 586 633
f 576 633 634
f 576 634 635
f 576 635 580
f 578 636 579
f 578 580 636
f 579 636 637
f 579 637 581
f 580 635 636
f 581 637 602
f 582 587 638
f 582 638 583
f 583 639 584
f 583 638 640
f 583 640 639
f 584 639 641
f 584 641 585
f 585 641 586
f 586 641 642
f 586 642 633
f 587 601 638
f 588 632 643
f 588 643 644
f 588 644 589
f 589 644 645
f 589 645 590
f 590 645 591
f 591 645 646
f 591 646 647
f 591 647 592
f 592 647 593
f 593 648 594
f 593 647 646
f 593 646 648
f 594 648 649
f 594 649 595
f 595 650 596
f 595 649 651
f 595 651 652
f 595 652 653
f 595 653 654
f 595 654 650
f 596 650 598
f 598 655 599
f 598 650 656
f 598 656 655
f 599 655 600
f 600 655 601
f 601 655 657
f 601 657 658
f 601 658 659
f 601 659 638
f 602 637 660
f 602 660 603
f 603 660 661
f 603 661 604
f 604 661 662
f 604 662 605
f 605 662 606
f 606 662 663
f 606 663 664
f 606 664 665
f 606 665 607
f 607 665 666
f 607 666 667
f 607 667 608
f 608 667 668
f 608 668 669
f 608 669 609
f 609 669 610
f 610 669 670
f 610 670 671
f 610 671 611
f 611 671 612
f 612 671 672
f 612 672 673
f 612 673 674
f 612 674 675
f 612 675 676
f 612 676 614
f 612 614 613
f 614 676 677
f 614 677 615
f 615 677 678
f 615 678 679
f 615 679 619
f 615 619 618
f 615 618 616
f 617 620 680
f 619 679 620
f 620 679 681
f 620 681 682
f 620 682 680
f 621 683 684
f 621 684 622
f 622 684 685
f 622 685 623
f 623 685 686
f 623 686 687
f 626 628 627
f 626 688 689
f 626 689 628
f 628 689 690
f 628 690 691
f 628 691 692
f 628 692 629
f 629 692 694
f 629 694 693
f 630 693 631
f 631 693 694
f 631 694 695
f 632 695 643
f 633 642 634
f 634 696 635
f 634 642 697
f 634 697 696
f 635 696 698
f 635 698 636
f 636 698 637
f 637 698 660
f 638 659 699
f 638 699 640
f 639 700 702
f 639 702 641
f 639 640 700
f 640 701 700
f 640 699 701
f 641 702 642
f 642 702 697
f 643 703 704
f 643 704 705
f 643 705 706
f 643 706 644
f 643 695 703
f 644 706 645
f 645 706 707
f 645 707 646
f 646 707 708
f 646 708 648
f 648 708 767
f 648 767 709
f 648 709 710
f 648 710 651
f 648 651 649
f 650 654 656
f 651 710 652
f 652 710 711
f 652 711 712
f 652 712 653
f 653 713 714
f 653 714 654
f 653 712 713
f 654 714 656
f 655 656 715
f 655 715 716
f 655 716 657
f 656 714 715
f 657 716 658
f 658 717 718
f 658 718 699
f 658 699 659
f 658 716 719
f 658 719 777
f 658 777 717
f 660 698 720
f 660 720 661
f 661 720 663
f 661 663 662
f 663 720 721
f 663 721 722
f 663 722 664
f 664 722 723
f 664 723 724
f 664 724 725
f 664 725 665
f 665 725 666
f 666 725 726
f 666 726 667
f 667 726 727
f 667 727 668
f 668 727 669
f 669 727 728
f 669 728 729
f 669 729 670
f 670 729 730
f 670 730 671
f 671 730 672
f 672 730 673
f 673 730 731
f 673 731 674
f 674 677 676
f 674 676 675
f 674 731 732
f 674 732 677
f 677 732 733
f 677 733 734
f 677 734 678
f 678 734 735
f 678 735 736
f 678 736 679
f 679 736 737
f 679 737 681
f 681 737 738
f 681 738 682
f 683 685 684
f 683 739 740
f 683 740 741
f 683 741 742
f 683 742 743
f 683 743 744
f 683 744 685
f 685 744 745
f 685 745 746
f 685 746 686
f 686 746 747
f 686 747 748
f 686 748 687
f 687 748 749
f 687 749 750
f 687 750 751
f 688 752 690
f 688 690 689
f 690 752 753
f 690 753 691
f 691 753 754
f 691 754 755
f 691 755 692
f 692 755 756
f 692 756 694
f 694 703 695
f 694 756 703
f 696 721 720
f 696 720 698
f 696 697 757
f 696 757 721
f 697 702 757
f 699 758 701
f 699 718 758
f 700 759 757
f 700 757 702
f 700 701 760
f 700 760 759
f 701 758 761
f 701 761 760
f 703 756 704
f 704 756 762
f 704 762 763
f 704 763 705
f 705 763 764
f 705 764 706
f 706 764 765
f 706 765 766
f 706 766 707
f 707 766 708
f 708 766 767
f 709 767 768
f 709 768 710
f 710 768 769
f 710 769 770
f 710 770 711
f 711 770 830
f 711 830 771
f 711 771 712
f 712 772 713
f 712 771 773
f 712 773 772
f 713 774 714
f 713 772 774
f 714 774 715
f 715 774 716
f 716 774 775
f 716 775 719
f 717 776 718
f 717 777 776
f 718 778 758
f 718 776 778
f 719 775 779
f 719 779 839
f 719 839 777
f 721 757 723
f 721 723 722
f 723 757 780
f 723 780 781
f 723 781 782
f 723 782 724
f 724 782 725
f 725 782 726
f 726 782 783
f 726 783 784
f 726 784 727
f 727 784 785
f 727 785 728
f 728 785 729
f 729 785 786
f 729 786 787
f 729 787 730
f 730 787 788
f 730 788 731
f 731 788 732
f 732 788 789
f 732 789 790
f 732 790 733
f 733 790 734
f 734 790 791
f 734 791 735
f 735 791 792
f 735 792 793
f 735 793 736
f 736 793 737
f 737 793 794
f 737 794 738
f 738 794 795
f 739 796 740
f 739 797 796
f 740 796 798
f 740 798 799
f 740 799 741
f 741 799 742
f 742 799 743
f 743 799 800
f 743 800 744
f 744 800 801
f 744 801 745
f 745 801 802
f 745 802 803
f 745 803 746
f 746 803 804
f 746 804 747
f 747 804 805
f 747 805 749
f 747 749 748
f 749 805 806
f 749 806 807
f 749 807 750
f 750 807 808
f 750 808 751
f 751 808 809
f 752 810 753
f 753 810 811
f 753 811 812
f 753 812 813
f 753 813 754
f 754 813 814
f 754 814 755
f 755 814 762
f 755 762 756
f 757 759 815
f 757 815 780
f 758 778 816
f 758 816 761
f 759 760 815
f 760 761 817
f 760 817 815
f 761 816 818
f 761 818 817
f 762 814 819
f 762 819 763
f 763 819 820
f 763 820 821
f 763 821 764
f 764 821 765
f 765 821 822
f 765 822 823
f 765 823 766
f 766 823 767
f 767 823 824
f 767 824 768
f 768 824 825
f 768 825 769
f 769 825 826
f 769 826 827
f 769 827 828
f 769 828 829
f 769 829 770
f 770 829 830
f 771 830 773
f 772 773 774
f 773 831 774
f 773 830 832
f 773 832 833
f 773 833 831
f 774 834 775
f 774 831 834
f 775 835 779
f 775 834 835
f 776 836 837
f 776 837 816
f 776 816 778
f 776 777 838
f 776 838 836
f 777 839 838
f 779 835 901
f 779 901 839
f 780 815 840
f 780 840 841
f 780 841 781
f 781 841 782
f 782 841 842
f 782 842 783
f 783 842 843
f 783 843 784
f 784 843 844
f 784 844 845
f 784 845 785
f 785 845 786
f 786 845 846
f 786 846 847
f 786 847 787
f 787 847 788
f 788 847 848
f 788 848 789
f 789 848 849
f 789 849 850
f 789 850 790
f 790 850 851
f 790 851 791
f 791 851 792
f 792 851 852
f 792 852 853
f 792 853 793
f 793 853 854
f 793 854 794
f 794 854 855
f 794 855 795
f 796 797 856
f 796 856 857
f 796 857 798
f 797 858 856
f 798 857 859
f 798 859 799
f 799 859 860
f 799 860 800
f 800 861 802
f 800 802 801
f 800 860 862
f 800 862 863
f 800 863 861
f 802 804 803
f 802 861 864
f 802 864 865
f 802 865 866
f 802 866 867
f 802 867 804
f 804 867 868
f 804 868 869
f 804 869 805
f 805 869 870
f 805 870 806
f 806 870 871
f 806 871 872
f 806 872 807
f 807 872 808
f 808 872 871
f 808 871 873
f 808 873 809
f 809 873 874
f 809 874 875
f 811 876 812
f 812 876 877
f 812 877 878
f 812 878 813
f 813 878 814
f 814 878 879
f 814 879 819
f 815 817 840
f 816 837 880
f 816 880 818
f 817 881 840
f 817 818 881
f 818 880 882
f 818 882 881
f 819 879 883
f 819 883 884
f 819 884 820
f 820 884 885
f 820 885 886
f 820 886 887
f 820 887 821
f 821 887 822
f 822 887 888
f 822 888 889
f 822 889 823
f 823 889 824
f 824 889 890
f 824 890 825
f 825 890 826
f 826 891 957
f 826 957 892
f 826 892 893
f 826 893 827
f 826 890 891
f 827 893 828
f 828 894 895
f 828 895 832
f 828 832 829
f 828 893 896
f 828 896 894
f 829 832 830
f 831 897 834
f 831 833 898
f 831 898 965
f 831 965 899
f 831 899 897
f 832 895 900
f 832 900 833
f 833 900 898
f 834 897 835
f 835 897 902
f 835 902 901
f 836 903 880
f 836 880 837
f 836 838 904
f 836 904 973
f 836 973 903
f 838 839 901
f 838 901 905
f 838 905 904
f 840 881 906
f 840 906 841
f 841 906 842
f 842 906 907
f 842 907 843
f 843 907 908
f 843 908 909
f 843 909 844
f 844 909 845
f 845 909 910
f 845 910 911
f 845 911 846
f 846 911 912
f 846 912 847
f 847 912 848
f 848 912 913
f 848 913 849
f 849 913 914
f 849 914 850
f 850 914 915
f 850 915 916
f 850 916 851
f 851 916 852
f 852 916 917
f 852 917 918
f 852 918 853
f 853 918 919
f 853 919 854
f 854 919 920
f 854 920 855
f 856 858 921
f 856 921 922
f 856 922 857
f 857 922 923
f 857 923 859
f 858 924 921
f 859 923 925
f 859 925 860
f 860 925 926
f 860 926 862
f 861 863 927
f 861 927 864
f 862 926 928
f 862 928 863
f 863 928 929
f 863 929 927
f 864 927 865
f 865 927 930
f 865 930 931
f 865 931 866
f 866 868 867
f 866 931 932
f 866 932 868
f 868 932 933
f 868 933 869
f 869 933 870
f 870 933 934
f 870 934 871
f 871 934 873
f 873 934 935
f 873 935 874
f 874 936 875
f 874 935 936
f 875 936 937
f 875 937 938
f 875 938 939
f 876 940 877
f 877 940 941
f 877 941 942
f 877 942 878
f 878 942 879
f 879 942 883
f 880 943 882
f 880 903 943
f 881 882 944
f 881 944 906
f 882 943 945
f 882 945 944
f 883 942 946
f 883 946 947
f 883 947 948
f 883 948 884
f 884 948 949
f 884 949 885
f 885 949 886
f 886 949 950
f 886 950 951
f 886 951 952
f 886 952 887
f 887 952 953
f 887 953 954
f 887 954 888
f 888 954 953
f 888 953 889
f 889 953 955
f 889 955 956
f 889 956 890
f 890 956 891
f 891 956 957
f 892 957 958
f 892 958 896
f 892 896 893
f 894 896 959
f 894 959 960
f 894 960 961
f 894 961 962
f 894 962 895
f 895 962 900
f 896 958 959
f 897 963 902
f 897 899 963
f 898 900 964
f 898 964 965
f 899 965 963
f 900 962 966
f 900 966 967
f 900 967 968
f 900 968 964
f 901 902 969
f 901 969 970
f 901 970 905
f 902 963 971
f 902 971 969
f 903 972 943
f 903 973 972
f 904 905 974
f 904 974 975
f 904 975 973
f 905 970 974
f 906 944 907
f 907 944 976
f 907 976 908
f 908 976 977
f 908 977 909
f 909 977 978
f 909 978 979
f 909 979 910
f 910 979 980
f 910 980 911
f 911 980 981
f 911 981 912
f 912 981 913
f 913 981 982
f 913 982 914
f 914 982 983
f 914 983 915
f 915 983 984
f 915 984 985
f 915 985 916
f 916 985 986
f 916 986 917
f 917 986 918
f 918 986 987
f 918 987 988
f 918 988 919
f 919 988 920
f 920 988 989
f 921 924 990
f 921 990 991
f 921 991 992
f 921 992 922
f 922 992 993
f 922 993 923
f 923 993 925
f 924 994 990
f 925 993 995
f 925 995 926
f 926 995 996
f 926 996 928
f 927 929 930
f 928 996 929
f 929 931 930
f 929 996 997
f 929 997 998
f 929 998 999
f 929 999 931
f 931 999 1000
f 931 1000 1001
f 931 1001 932
f 932 1001 1002
f 932 1002 933
f 933 1002 1003
f 933 1003 934
f 934 1003 1004
f 934 1004 1005
f 934 1005 935
f 935 1005 937
f 935 937 936
f 937 1005 1006
f 937 1006 1007
f 937 1007 1008
f 937 1008 938
f 938 1008 1009
f 938 1009 939
f 939 1009 1010
f 940 1011 941
f 941 947 946
f 941 946 942
f 941 1011 1012
f 941 1012 1013
f 941 1013 1014
f 941 1014 947
f 943 972 1015
f 943 1015 945
f 944 945 976
f 945 1016 976
f 945 1015 1046
f 945 1046 1016
f 947 1014 1013
f 947 1013 1017
f 947 1017 948
f 948 1017 1018
f 948 1018 1019
f 948 1019 1020
f 948 1020 949
f 949 951 950
f 949 1020 1021
f 949 1021 951
f 951 1021 1022
f 951 1022 952
f 952 1022 1023
f 952 1023 1024
f 952 1024 955
f 952 955 953
f 955 1024 1099
f 955 1099 1025
f 955 1025 956
f 956 1025 1026
f 956 1026 957
f 957 1026 1027
f 957 1027 958
f 958 1027 1028
f 958 1028 1029
f 958 1029 959
f 959 1029 1030
f 959 1030 1031
f 959 1031 1032
f 959 1032 960
f 960 1032 1033
f 960 1033 966
f 960 966 962
f 960 962 961
f 963 965 1034
f 963 1034 971
f 964 1035 1036
f 964 1036 965
f 964 968 1037
f 964 1037 1035
f 965 1036 1038
f 965 1038 1034
f 966 1033 1037
f 966 1037 967
f 967 1037 968
f 969 971 1039
f 969 1039 970
f 970 1039 1040
f 970 1040 1041
f 970 1041 974
f 971 1040 1039
f 971 1034 1042
f 971 1042 1043
f 971 1043 1040
f 972 973 1044
f 972 1044 1091
f 972 1091 1015
f 973 975 1044
f 974 1041 1045
f 974 1045 975
f 975 1045 1044
f 976 1016 977
f 977 1016 1046
f 977 1046 1047
f 977 1047 978
f 978 1047 1048
f 978 1048 1049
f 978 1049 979
f 979 1049 980
f 980 1049 1050
f 980 1050 1051
f 980 1051 1052
f 980 1052 981
f 981 1052 1053
f 981 1053 982
f 982 1053 983
f 983 1053 1054
f 983 1054 984
f 984 1054 1055
f 984 1055 1056
f 984 1056 985
f 985 1056 986
f 986 1056 1057
f 986 1057 1058
f 986 1058 987
f 987 1058 1059
f 987 1059 988
f 988 1060 989
f 988 1059 1061
f 988 1061 1060
f 990 994 1062
f 990 1062 1063
f 990 1063 991
f 991 1063 1064
f 991 1064 992
f 992 1064 1065
f 992 1065 993
f 993 1065 1066
f 993 1066 995
f 994 1067 1062
f 995 1066 1068
f 995 1068 996
f 996 1068 1069
f 996 1069 997
f 997 1069 1070
f 997 1070 998
f 998 1071 999
f 998 1070 1071
f 999 1071 1000
f 1000 1071 1072
f 1000 1072 1073
f 1000 1073 1001
f 1001 1073 1074
f 1001 1074 1075
f 1001 1075 1002
f 1002 1075 1076
f 1002 1076 1003
f 1003 1076 1006
f 1003 1006 1005
f 1003 1005 1004
f 1006 1076 1077
f 1006 1077 1078
f 1006 1078 1079
f 1006 1079 1007
f 1007 1079 1080
f 1007 1080 1081
f 1007 1081 1082
f 1007 1082 1008
f 1008 1081 1009
f 1008 1082 1081
f 1009 1081 1083
f 1009 1083 1084
f 1009 1084 1085
f 1009 1085 1086
f 1009 1086 1087
f 1009 1087 1010
f 1012 1088 1013
f 1013 1088 1165
f 1013 1165 1089
f 1013 1089 1090
f 1013 1090 1018
f 1013 1018 1017
f 1015 1091 1046
f 1018 1090 1020
f 1018 1020 1019
f 1020 1090 1092
f 1020 1092 1093
f 1020 1093 1021
f 1021 1093 1094
f 1021 1094 1095
f 1021 1095 1096
f 1021 1096 1023
f 1021 1023 1022
f 1023 1096 1097
f 1023 1097 1098
f 1023 1098 1099
f 1023 1099 1024
f 1025 1099 1098
f 1025 1098 1100
f 1025 1100 1101
f 1025 1101 1102
f 1025 1102 1026
f 1026 1102 1027
f 1027 1102 1028
f 1028 1102 1103
f 1028 1103 1029
f 1029 1104 1105
f 1029 1105 1106
f 1029 1106 1030
f 1029 1103 1104
f 1030 1106 1107
f 1030 1107 1032
f 1030 1032 1031
f 1032 1107 1108
f 1032 1108 1109
f 1032 1109 1033
f 1033 1109 1110
f 1033 1110 1111
f 1033 1111 1037
f 1034 1038 1112
f 1034 1112 1042
f 1035 1037 1113
f 1035 1113 1036
f 1036 1113 1114
f 1036 1114 1115
f 1036 1115 1038
f 1037 1111 1116
f 1037 1116 1113
f 1038 1115 1117
f 1038 1117 1112
f 1040 1043 1041
f 1041 1118 1045
f 1041 1043 1119
f 1041 1119 1120
f 1041 1120 1118
f 1042 1112 1043
f 1043 1112 1121
f 1043 1121 1119
f 1044 1045 1122
f 1044 1122 1091
f 1045 1118 1195
f 1045 1195 1122
f 1046 1091 1123
f 1046 1123 1124
f 1046 1124 1047
f 1047 1124 1048
f 1048 1124 1125
f 1048 1125 1126
f 1048 1126 1049
f 1049 1126 1127
f 1049 1127 1050
f 1050 1127 1051
f 1051 1128 1053
f 1051 1053 1052
f 1051 1127 1129
f 1051 1129 1130
f 1051 1130 1128
f 1053 1128 1054
f 1054 1128 1130
f 1054 1130 1131
f 1054 1131 1132
f 1054 1132 1055
f 1055 1132 1133
f 1055 1133 1056
f 1056 1133 1057
f 1057 1133 1134
f 1057 1134 1135
f 1057 1135 1058
f 1058 1135 1059
f 1059 1135 1136
f 1059 1136 1137
f 1059 1137 1061
f 1062 1067 1138
f 1062 1138 1139
f 1062 1139 1140
f 1062 1140 1063
f 1063 1140 1141
f 1063 1141 1142
f 1063 1142 1064
f 1064 1142 1065
f 1065 1142 1143
f 1065 1143 1066
f 1066 1143 1144
f 1066 1144 1068
f 1067 1145 1138
f 1068 1144 1146
f 1068 1146 1069
f 1069 1146 1070
f 1070 1146 1147
f 1070 1147 1148
f 1070 1148 1071
f 1071 1148 1072
f 1072 1148 1149
f 1072 1149 1150
f 1072 1150 1074
f 1072 1074 1073
f 1074 1076 1075
f 1074 1150 1077
f 1074 1077 1076
f 1077 1150 1151
f 1077 1151 1152
f 1077 1152 1153
f 1077 1153 1154
f 1077 1154 1078
f 1078 1154 1155
f 1078 1155 1156
f 1078 1156 1079
f 1079 1157 1081
f 1079 1081 1080
f 1079 1156 1157
f 1081 1157 1083
f 1083 1158 1159
f 1083 1159 1160
f 1083 1160 1084
f 1083 1157 1161
f 1083 1161 1158
f 1084 1160 1162
f 1084 1162 1085
f 1085 1162 1163
f 1085 1163 1086
f 1086 1163 1164
f 1086 1164 1087
f 1089 1165 1251
f 1089 1251 1166
f 1089 1166 1092
f 1089 1092 1090
f 1091 1122 1167
f 1091 1167 1123
f 1092 1166 1168
f 1092 1168 1093
f 1093 1168 1094
f 1094 1168 1169
f 1094 1169 1095
f 1095 1169 1254
f 1095 1254 1170
f 1095 1170 1171
f 1095 1171 1172
f 1095 1172 1096
f 1096 1172 1173
f 1096 1173 1097
f 1097 1173 1174
f 1097 1174 1098
f 1098 1174 1175
f 1098 1175 1100
f 1100 1175 1101
f 1101 1175 1176
f 1101 1176 1105
f 1101 1105 1103
f 1101 1103 1102
f 1103 1105 1104
f 1105 1176 1177
f 1105 1177 1178
f 1105 1178 1179
f 1105 1179 1106
f 1106 1179 1180
f 1106 1180 1107
f 1107 1180 1181
f 1107 1181 1182
f 1107 1182 1108
f 1108 1182 1109
f 1109 1182 1183
f 1109 1183 1110
f 1110 1183 1184
f 1110 1184 1185
f 1110 1185 1116
f 1110 1116 1111
f 1112 1117 1121
f 1113 1116 1186
f 1113 1186 1187
f 1113 1187 1114
f 1114 1187 1115
f 1115 1187 1186
f 1115 1186 1188
f 1115 1188 1117
f 1116 1189 1186
f 1116 1185 1190
f 1116 1190 1189
f 1117 1188 1191
f 1117 1191 1192
f 1117 1192 1193
f 1117 1193 1277
f 1117 1277 1194
f 1117 1194 1121
f 1118 1120 1195
f 1119 1121 1196
f 1119 1196 1197
f 1119 1197 1198
f 1119 1198 1120
f 1120 1198 1195
f 1121 1194 1196
f 1122 1195 1199
f 1122 1199 1167
f 1123 1167 1199
f 1123 1199 1200
f 1123 1200 1201
f 1123 1201 1124
f 1124 1201 1125
f 1125 1201 1202
f 1125 1202 1126
f 1126 1202 1203
f 1126 1203 1127
f 1127 1203 1204
f 1127 1204 1129
f 1129 1205 1130
f 1129 1204 1289
f 1129 1289 1206
f 1129 1206 1205
f 1130 1205 1131
f 1131 1205 1207
f 1131 1207 1208
f 1131 1208 1132
f 1132 1208 1209
f 1132 1209 1133
f 1133 1209 1134
f 1134 1209 1210
f 1134 1210 1211
f 1134 1211 1135
f 1135 1211 1136
f 1136 1211 1212
f 1136 1212 1213
f 1136 1213 1214
f 1136 1214 1137
f 1138 1145 1215
f 1138 1215 1216
f 1138 1216 1217
f 1138 1217 1218
f 1138 1218 1140
f 1138 1140 1139
f 1140 1218 1141
f 1141 1218 1219
f 1141 1219 1142
f 1142 1219 1220
f 1142 1220 1221
f 1142 1221 1143
f 1143 1221 1222
f 1143 1222 1223
f 1143 1223 1144
f 1144 1223 1224
f 1144 1224 1225
f 1144 1225 1146
f 1146 1225 1226
f 1146 1226 1227
f 1146 1227 1147
f 1147 1228 1148
f 1147 1227 1229
f 1147 1229 1230
f 1147 1230 1228
f 1148 1228 1231
f 1148 1231 1232
f 1148 1232 1149
f 1149 1232 1233
f 1149 1233 1234
f 1149 1234 1235
f 1149 1235 1150
f 1150 1235 1236
f 1150 1236 1237
f 1150 1237 1151
f 1151 1237 1236
f 1151 1236 1152
f 1152 1236 1238
f 1152 1238 1155
f 1152 1155 1153
f 1153 1155 1154
f 1155 1238 1239
f 1155 1239 1240
f 1155 1240 1157
f 1155 1157 1156
f 1157 1240 1241
f 1157 1241 1158
f 1157 1158 1161
f 1158 1241 1240
f 1158 1240 1242
f 1158 1242 1243
f 1158 1243 1244
f 1158 1244 1245
f 1158 1245 1159
f 1159 1245 1246
f 1159 1246 1247
f 1159 1247 1160
f 1160 1247 1248
f 1160 1248 1162
f 1162 1248 1163
f 1163 1248 1249
f 1163 1249 1250
f 1163 1250 1164
f 1166 1251 1252
f 1166 1252 1168
f 1168 1252 1169
f 1169 1252 1253
f 1169 1253 1254
f 1170 1254 1344
f 1170 1344 1255
f 1170 1255 1171
f 1171 1255 1256
f 1171 1256 1257
f 1171 1257 1258
f 1171 1258 1172
f 1172 1258 1173
f 1173 1258 1174
f 1174 1258 1259
f 1174 1259 1260
f 1174 1260 1175
f 1175 1260 1176
f 1176 1260 1177
f 1177 1260 1178
f 1178 1260 1261
f 1178 1261 1179
f 1179 1261 1262
f 1179 1262 1180
f 1180 1262 1263
f 1180 1263 1264
f 1180 1264 1356
f 1180 1356 1265
f 1180 1265 1181
f 1181 1265 1182
f 1182 1265 1266
f 1182 1266 1183
f 1183 1266 1267
f 1183 1267 1268
f 1183 1268 1269
f 1183 1269 1184
f 1184 1269 1270
f 1184 1270 1185
f 1185 1270 1271
f 1185 1271 1190
f 1186 1189 1191
f 1186 1191 1188
f 1189 1272 1191
f 1189 1190 1272
f 1190 1273 1272
f 1190 1271 1274
f 1190 1274 1275
f 1190 1275 1273
f 1191 1272 1276
f 1191 1276 1193
f 1191 1193 1192
f 1193 1276 1277
f 1194 1277 1278
f 1194 1278 1196
f 1195 1198 1279
f 1195 1279 1282
f 1195 1282 1280
f 1195 1280 1199
f 1196 1278 1197
f 1197 1281 1282
f 1197 1282 1279
f 1197 1279 1198
f 1197 1278 1283
f 1197 1283 1284
f 1197 1284 1281
f 1199 1285 1200
f 1199 1280 1285
f 1200 1285 1201
f 1201 1285 1286
f 1201 1286 1202
f 1202 1286 1287
f 1202 1287 1288
f 1202 1288 1203
f 1203 1289 1204
f 1203 1288 1289
f 1205 1206 1290
f 1205 1290 1207
f 1206 1289 1288
f 1206 1288 1291
f 1206 1291 1290
f 1207 1290 1292
f 1207 1292 1208
f 1208 1293 1209
f 1208 1292 1294
f 1208 1294 1295
f 1208 1295 1296
f 1208 1296 1293
f 1209 1293 1297
f 1209 1297 1210
f 1210 1297 1298
f 1210 1298 1211
f 1211 1298 1212
f 1212 1298 1299
f 1212 1299 1300
f 1212 1300 1213
f 1215 1301 1216
f 1216 1301 1302
f 1216 1302 1303
f 1216 1303 1304
f 1216 1304 1217
f 1217 1304 1305
f 1217 1305 1218
f 1218 1306 1307
f 1218 1307 1220
f 1218 1220 1219
f 1218 1305 1306
f 1220 1222 1221
f 1220 1307 1308
f 1220 1308 1309
f 1220 1309 1222
f 1222 1224 1223
f 1222 1309 1310
f 1222 1310 1224
f 1224 1226 1225
f 1224 1310 1311
f 1224 1311 1226
f 1226 1229 1227
f 1226 1311 1312
f 1226 1312 1313
f 1226 1313 1229
f 1228 1230 1229
f 1228 1229 1231
f 1229 1233 1231
f 1229 1313 1314
f 1229 1314 1315
f 1229 1315 1316
f 1229 1316 1317
f 1229 1317 1318
f 1229 1318 1233
f 1231 1233 1232
f 1233 1236 1235
f 1233 1235 1234
f 1233 1318 1319
f 1233 1319 1320
f 1233 1320 1321
f 1233 1321 1322
f 1233 1322 1236
f 1236 1322 1323
f 1236 1323 1238
f 1238 1323 1324
f 1238 1324 1325
f 1238 1325 1326
f 1238 1326 1327
f 1238 1327 1239
f 1239 1327 1328
f 1239 1328 1329
f 1239 1329 1240
f 1240 1329 1328
f 1240 1328 1242
f 1242 1328 1330
f 1242 1330 1331
f 1242 1331 1332
f 1242 1332 1243
f 1243 1332 1333
f 1243 1333 1244
f 1244 1333 1334
f 1244 1334 1245
f 1245 1334 1246
f 1246 1334 1335
f 1246 1335 1336
f 1246 1336 1247
f 1247 1336 1337
f 1247 1337 1248
f 1248 1337 1249
f 1249 1337 1338
f 1249 1338 1250
f 1250 1338 1339
f 1251 1340 1252
f 1252 1340 1253
f 1253 1340 1341
f 1253 1341 1342
f 1253 1342 1432
f 1253 1432 1343
f 1253 1343 1344
f 1253 1344 1254
f 1255 1344 1345
f 1255 1345 1256
f 1256 1345 1346
f 1256 1346 1347
f 1256 1347 1348
f 1256 1348 1257
f 1257 1348 1349
f 1257 1349 1259
f 1257 1259 1258
f 1259 1349 1350
f 1259 1350 1351
f 1259 1351 1260
f 1260 1351 1261
f 1261 1351 1350
f 1261 1350 1352
f 1261 1352 1262
f 1262 1352 1263
f 1263 1352 1353
f 1263 1353 1354
f 1263 1354 1355
f 1263 1355 1264
f 1264 1355 1356
f 1265 1356 1266
f 1266 1356 1267
f 1267 1356 1357
f 1267 1357 1268
f 1268 1357 1358
f 1268 1358 1359
f 1268 1359 1269
f 1269 1359 1360
f 1269 1360 1270
f 1270 1360 1274
f 1270 1274 1271
f 1272 1273 1276
f 1273 1275 1361
f 1273 1361 1276
f 1274 1360 1362
f 1274 1362 1363
f 1274 1363 1275
f 1275 1363 1361
f 1276 1364 1277
f 1276 1361 1365
f 1276 1365 1364
f 1277 1364 1366
f 1277 1366 1278
f 1278 1366 1283
f 1280 1282 1285
f 1281 1367 1282
f 1281 1284 1372
f 1281 1372 1367
f 1282 1367 1368
f 1282 1368 1369
f 1282 1369 1285
f 1283 1370 1284
f 1283 1366 1464
f 1283 1464 1371
f 1283 1371 1370
f 1284 1370 1372
f 1285 1369 1373
f 1285 1373 1374
f 1285 1374 1286
f 1286 1374 1288
f 1286 1288 1287
f 1288 1374 1373
f 1288 1373 1375
f 1288 1375 1376
f 1288 1376 1377
f 1288 1377 1291
f 1290 1291 1378
f 1290 1378 1294
f 1290 1294 1292
f 1291 1377 1379
f 1291 1379 1380
f 1291 1380 1381
f 1291 1381 1294
f 1291 1294 1378
f 1293 1296 1388
f 1293 1388 1297
f 1294 1381 1382
f 1294 1382 1383
f 1294 1383 1384
f 1294 1384 1385
f 1294 1385 1295
f 1295 1385 1296
f 1296 1385 1384
f 1296 1384 1386
f 1296 1386 1387
f 1296 1387 1388
f 1297 1388 1389
f 1297 1389 1298
f 1298 1389 1299
f 1299 1389 1390
f 1299 1390 1391
f 1299 1391 1300
f 1301 1392 1302
f 1302 1392 1393
f 1302 1393 1394
f 1302 1394 1395
f 1302 1395 1396
f 1302 1396 1303
f 1303 1396 1304
f 1304 1396 1397
f 1304 1397 1398
f 1304 1398 1305
f 1305 1307 1306
f 1305 1398 1399
f 1305 1399 1400
f 1305 1400 1401
f 1305 1401 1307
f 1307 1401 1402
f 1307 1402 1308
f 1308 1402 1309
f 1309 1402 1403
f 1309 1403 1404
f 1309 1404 1310
f 1310 1404 1311
f 1311 1404 1405
f 1311 1405 1406
f 1311 1406 1312
f 1312 1406 1313
f 1313 1406 1407
f 1313 1407 1408
f 1313 1408 1314
f 1314 1408 1315
f 1315 1408 1409
f 1315 1409 1410
f 1315 1410 1316
f 1316 1410 1317
f 1317 1410 1318
f 1318 1410 1319
f 1319 1410 1411
f 1319 1411 1320
f 1320 1411 1412
f 1320 1412 1413
f 1320 1413 1321
f 1321 1413 1322
f 1322 1413 1323
f 1323 1413 1325
f 1323 1325 1324
f 1325 1413 1414
f 1325 1414 1415
f 1325 1415 1416
f 1325 1416 1328
f 1325 1328 1326
f 1326 1328 1327
f 1328 1416 1417
f 1328 1417 1418
f 1328 1418 1330
f 1330 1418 1419
f 1330 1419 1331
f 1331 1419 1420
f 1331 1420 1421
f 1331 1421 1422
f 1331 1422 1332
f 1332 1422 1423
f 1332 1423 1333
f 1333 1423 1424
f 1333 1424 1334
f 1334 1424 1335
f 1335 1424 1425
f 1335 1425 1426
f 1335 1426 1427
f 1335 1427 1336
f 1336 1428 1337
f 1336 1427 1533
f 1336 1533 1428
f 1337 1428 1338
f 1338 1428 1429
f 1338 1429 1430
f 1338 1430 1431
f 1338 1431 1339
f 1343 1432 1433
f 1343 1433 1434
f 1343 1434 1344
f 1344 1434 1435
f 1344 1435 1345
f 1345 1435 1541
f 1345 1541 1436
f 1345 1436 1346
f 1346 1436 1437
f 1346 1437 1347
f 1347 1437 1438
f 1347 1438 1439
f 1347 1439 1440
f 1347 1440 1348
f 1348 1440 1349
f 1349 1440 1441
f 1349 1441 1350
f 1350 1441 1352
f 1352 1441 1353
f 1353 1441 1442
f 1353 1442 1443
f 1353 1443 1354
f 1354 1443 1444
f 1354 1444 1445
f 1354 1445 1355
f 1355 1445 1446
f 1355 1446 1356
f 1356 1446 1357
f 1357 1446 1447
f 1357 1447 1358
f 1358 1447 1448
f 1358 1448 1449
f 1358 1449 1450
f 1358 1450 1451
f 1358 1451 1359
f 1359 1452 1360
f 1359 1451 1453
f 1359 1453 1452
f 1360 1452 1362
f 1361 1363 1454
f 1361 1454 1455
f 1361 1455 1456
f 1361 1456 1457
f 1361 1457 1365
f 1362 1452 1458
f 1362 1458 1459
f 1362 1459 1460
f 1362 1460 1461
f 1362 1461 1363
f 1363 1461 1462
f 1363 1462 1454
f 1364 1463 1464
f 1364 1464 1366
f 1364 1365 1465
f 1364 1465 1463
f 1365 1457 1465
f 1367 1372 1368
f 1368 1466 1373
f 1368 1373 1369
f 1368 1372 1467
f 1368 1467 1468
f 1368 1468 1466
f 1370 1371 1469
f 1370 1469 1470
f 1370 1470 1471
f 1370 1471 1472
f 1370 1472 1372
f 1371 1470 1469
f 1371 1464 1473
f 1371 1473 1470
f 1372 1472 1467
f 1373 1466 1375
f 1375 1466 1474
f 1375 1474 1475
f 1375 1475 1376
f 1376 1379 1377
f 1376 1475 1476
f 1376 1476 1379
f 1379 1476 1477
f 1379 1477 1380
f 1380 1477 1381
f 1381 1477 1478
f 1381 1478 1479
f 1381 1479 1480
f 1381 1480 1382
f 1382 1480 1383
f 1383 1481 1384
f 1383 1480 1479
f 1383 1479 1482
f 1383 1482 1481
f 1384 1481 1386
f 1386 1481 1387
f 1387 1483 1388
f 1387 1481 1484
f 1387 1484 1485
f 1387 1485 1483
f 1388 1483 1486
f 1388 1486 1389
f 1389 1486 1390
f 1390 1486 1483
f 1390 1483 1487
f 1390 1487 1488
f 1390 1488 1489
f 1390 1489 1391
f 1394 1490 1395
f 1395 1490 1491
f 1395 1491 1396
f 1396 1491 1492
f 1396 1492 1493
f 1396 1493 1494
f 1396 1494 1397
f 1397 1494 1495
f 1397 1495 1496
f 1397 1496 1398
f 1398 1496 1497
f 1398 1497 1399
f 1399 1497 1498
f 1399 1498 1400
f 1400 1498 1401
f 1401 1498 1499
f 1401 1499 1402
f 1402 1499 1500
f 1402 1500 1501
f 1402 1501 1403
f 1403 1501 1502
f 1403 1502 1404
f 1404 1502 1503
f 1404 1503 1405
f 1405 1503 1504
f 1405 1504 1406
f 1406 1504 1505
f 1406 1505 1407
f 1407 1505 1506
f 1407 1506 1408
f 1408 1506 1409
f 1409 1506 1507
f 1409 1507 1508
f 1409 1508 1509
f 1409 1509 1510
f 1409 1510 1410
f 1410 1510 1509
f 1410 1509 1511
f 1410 1511 1411
f 1411 1511 1512
f 1411 1512 1515
f 1411 1515 1412
f 1412 1513 1514
f 1412 1514 1413
f 1412 1515 1516
f 1412 1516 1513
f 1413 1514 1513
f 1413 1513 1517
f 1413 1517 1414
f 1414 1517 1518
f 1414 1518 1519
f 1414 1519 1415
f 1415 1519 1520
f 1415 1520 1416
f 1416 1520 1521
f 1416 1521 1522
f 1416 1522 1417
f 1417 1522 1418
f 1418 1522 1523
f 1418 1523 1419
f 1419 1523 1524
f 1419 1524 1525
f 1419 1525 1526
f 1419 1526 1420
f 1420 1526 1527
f 1420 1527 1528
f 1420 1528 1421
f 1421 1528 1529
f 1421 1529 1530
f 1421 1530 1422
f 1422 1530 1423
f 1423 1530 1531
f 1423 1531 1424
f 1424 1531 1532
f 1424 1532 1425
f 1425 1532 1426
f 1426 1533 1427
f 1426 1532 1534
f 1426 1534 1535
f 1426 1535 1533
f 1428 1533 1429
f 1429 1536 1430
f 1429 1533 1535
f 1429 1535 1537
f 1429 1537 1538
f 1429 1538 1536
f 1433 1539 1434
f 1434 1539 1540
f 1434 1540 1541
f 1434 1541 1435
f 1436 1541 1542
f 1436 1542 1543
f 1436 1543 1437
f 1437 1543 1544
f 1437 1544 1545
f 1437 1545 1438
f 1438 1545 1546
f 1438 1546 1439
f 1439 1546 1548
f 1439 1548 1547
f 1439 1547 1441
f 1439 1441 1440
f 1441 1547 1442
f 1442 1547 1548
f 1442 1548 1549
f 1442 1549 1550
f 1442 1550 1443
f 1443 1550 1444
f 1444 1550 1551
f 1444 1551 1552
f 1444 1552 1553
f 1444 1553 1446
f 1444 1446 1445
f 1446 1553 1448
f 1446 1448 1447
f 1448 1553 1552
f 1448 1552 1554
f 1448 1554 1449
f 1449 1554 1555
f 1449 1555 1647
f 1449 1647 1556
f 1449 1556 1450
f 1450 1556 1557
f 1450 1557 1453
f 1450 1453 1451
f 1452 1453 1458
f 1453 1557 1558
f 1453 1558 1458
f 1454 1462 1455
f 1455 1559 1560
f 1455 1560 1456
f 1455 1462 1564
f 1455 1564 1561
f 1455 1561 1562
f 1455 1562 1559
f 1456 1560 1457
f 1457 1560 1465
f 1458 1558 1563
f 1458 1563 1459
f 1459 1563 1653
f 1459 1653 1564
f 1459 1564 1462
f 1459 1462 1460
f 1460 1462 1461
f 1463 1465 1473
f 1463 1473 1464
f 1465 1565 1473
f 1465 1560 1565
f 1466 1468 1474
f 1467 1472 1468
f 1468 1472 1566
f 1468 1566 1567
f 1468 1567 1568
f 1468 1568 1474
f 1470 1473 1569
f 1470 1569 1471
f 1471 1569 1472
f 1472 1569 1570
f 1472 1570 1566
f 1473 1565 1569
f 1474 1568 1475
f 1475 1568 1567
f 1475 1567 1571
f 1475 1571 1667
f 1475 1667 1572
f 1475 1572 1476
f 1476 1572 1477
f 1477 1572 1573
f 1477 1573 1478
f 1478 1573 1574
f 1478 1574 1575
f 1478 1575 1479
f 1479 1575 1482
f 1481 1482 1576
f 1481 1576 1484
f 1482 1575 1577
f 1482 1577 1576
f 1483 1485 1580
f 1483 1580 1487
f 1484 1576 1578
f 1484 1578 1579
f 1484 1579 1485
f 1485 1579 1581
f 1485 1581 1580
f 1487 1580 1582
f 1487 1582 1488
f 1490 1583 1491
f 1491 1583 1584
f 1491 1584 1492
f 1492 1494 1493
f 1492 1584 1585
f 1492 1585 1586
f 1492 1586 1494
f 1494 1586 1587
f 1494 1587 1588
f 1494 1588 1495
f 1495 1588 1589
f 1495 1589 1497
f 1495 1497 1496
f 1497 1589 1590
f 1497 1590 1498
f 1498 1590 1591
f 1498 1591 1499
f 1499 1591 1592
f 1499 1592 1500
f 1500 1592 1501
f 1501 1592 1593
f 1501 1593 1594
f 1501 1594 1502
f 1502 1594 1503
f 1503 1594 1595
f 1503 1595 1596
f 1503 1596 1504
f 1504 1596 1597
f 1504 1597 1505
f 1505 1597 1598
f 1505 1598 1506
f 1506 1598 1599
f 1506 1599 1507
f 1507 1599 1600
f 1507 1600 1508
f 1508 1600 1601
f 1508 1601 1602
f 1508 1602 1509
f 1509 1602 1603
f 1509 1603 1511
f 1511 1603 1512
f 1512 1603 1604
f 1512 1604 1515
f 1513 1516 1605
f 1513 1605 1518
f 1513 1518 1517
f 1515 1604 1606
f 1515 1606 1607
f 1515 1607 1516
f 1516 1607 1711
f 1516 1711 1605
f 1518 1605 1608
f 1518 1608 1609
f 1518 1609 1519
f 1519 1609 1610
f 1519 1610 1520
f 1520 1610 1611
f 1520 1611 1521
f 1521 1611 1522
f 1522 1611 1612
f 1522 1612 1613
f 1522 1613 1614
f 1522 1614 1615
f 1522 1615 1523
f 1523 1615 1616
f 1523 1616 1524
f 1524 1616 1525
f 1525 1616 1721
f 1525 1721 1617
f 1525 1617 1618
f 1525 1618 1619
f 1525 1619 1526
f 1526 1619 1527
f 1527 1619 1620
f 1527 1620 1621
f 1527 1621 1528
f 1528 1621 1529
f 1529 1621 1622
f 1529 1622 1530
f 1530 1622 1623
f 1530 1623 1624
f 1530 1624 1531
f 1531 1625 1532
f 1531 1624 1726
f 1531 1726 1626
f 1531 1626 1625
f 1532 1625 1627
f 1532 1627 1628
f 1532 1628 1534
f 1534 1628 1629
f 1534 1629 1535
f 1535 1629 1630
f 1535 1630 1631
f 1535 1631 1537
f 1537 1631 1632
f 1537 1632 1538
f 1539 1633 1540
f 1540 1633 1733
f 1540 1733 1634
f 1540 1634 1542
f 1540 1542 1541
f 1542 1634 1734
f 1542 1734 1635
f 1542 1635 1636
f 1542 1636 1543
f 1543 1636 1637
f 1543 1637 1544
f 1544 1637 1638
f 1544 1638 1545
f 1545 1638 1639
f 1545 1639 1640
f 1545 1640 1546
f 1546 1640 1641
f 1546 1641 1548
f 1548 1641 1549
f 1549 1641 1642
f 1549 1642 1643
f 1549 1643 1550
f 1550 1643 1644
f 1550 1644 1551
f 1551 1644 1645
f 1551 1645 1552
f 1552 1645 1554
f 1554 1645 1646
f 1554 1646 1555
f 1555 1646 1648
f 1555 1648 1647
f 1556 1647 1557
f 1557 1649 1558
f 1557 1647 1650
f 1557 1650 1651
f 1557 1651 1649
f 1558 1649 1563
f 1559 1562 1652
f 1559 1652 1560
f 1560 1652 1565
f 1561 1564 1653
f 1561 1653 1654
f 1561 1654 1655
f 1561 1655 1562
f 1562 1655 1656
f 1562 1656 1652
f 1563 1657 1653
f 1563 1649 1658
f 1563 1658 1659
f 1563 1659 1657
f 1565 1652 1660
f 1565 1660 1569
f 1566 1661 1567
f 1566 1570 1662
f 1566 1662 1663
f 1566 1663 1664
f 1566 1664 1661
f 1567 1661 1571
f 1569 1662 1570
f 1569 1660 1665
f 1569 1665 1662
f 1571 1666 1667
f 1571 1661 1668
f 1571 1668 1669
f 1571 1669 1666
f 1572 1667 1573
f 1573 1667 1666
f 1573 1666 1670
f 1573 1670 1574
f 1574 1671 1672
f 1574 1672 1575
f 1574 1670 1769
f 1574 1769 1673
f 1574 1673 1771
f 1574 1771 1671
f 1575 1672 1577
f 1576 1577 1674
f 1576 1674 1578
f 1577 1675 1674
f 1577 1672 1671
f 1577 1671 1676
f 1577 1676 1675
f 1578 1674 1675
f 1578 1675 1677
f 1578 1677 1678
f 1578 1678 1679
f 1578 1679 1579
f 1579 1679 1581
f 1580 1581 1680
f 1580 1680 1582
f 1581 1679 1681
f 1581 1681 1682
f 1581 1682 1680
f 1583 1683 1584
f 1584 1683 1585
f 1585 1683 1684
f 1585 1684 1685
f 1585 1685 1686
f 1585 1686 1586
f 1586 1686 1687
f 1586 1687 1587
f 1587 1687 1588
f 1588 1688 1589
f 1588 1687 1689
f 1588 1689 1690
f 1588 1690 1688
f 1589 1688 1691
f 1589 1691 1590
f 1590 1691 1591
f 1591 1691 1692
f 1591 1692 1693
f 1591 1693 1592
f 1592 1693 1593
f 1593 1693 1694
f 1593 1694 1695
f 1593 1695 1594
f 1594 1695 1696
f 1594 1696 1697
f 1594 1697 1595
f 1595 1697 1698
f 1595 1698 1596
f 1596 1698 1699
f 1596 1699 1597
f 1597 1699 1700
f 1597 1700 1598
f 1598 1700 1599
f 1599 1700 1701
f 1599 1701 1702
f 1599 1702 1703
f 1599 1703 1704
f 1599 1704 1600
f 1600 1704 1601
f 1601 1705 1603
f 1601 1603 1602
f 1601 1704 1706
f 1601 1706 1707
f 1601 1707 1708
f 1601 1708 1709
f 1601 1709 1705
f 1603 1705 1604
f 1604 1705 1709
f 1604 1709 1710
f 1604 1710 1606
f 1605 1711 1608
f 1606 1712 1607
f 1606 1710 1712
f 1607 1712 1711
f 1608 1711 1713
f 1608 1713 1714
f 1608 1714 1715
f 1608 1715 1609
f 1609 1715 1610
f 1610 1715 1716
f 1610 1716 1717
f 1610 1717 1611
f 1611 1717 1612
f 1612 1717 1718
f 1612 1718 1613
f 1613 1719 1614
f 1613 1718 1720
f 1613 1720 1719
f 1614 1719 1721
f 1614 1721 1615
f 1615 1721 1616
f 1617 1721 1719
f 1617 1719 1722
f 1617 1722 1723
f 1617 1723 1618
f 1618 1724 1620
f 1618 1620 1619
f 1618 1723 1820
f 1618 1820 1724
f 1620 1724 1725
f 1620 1725 1621
f 1621 1725 1622
f 1622 1725 1821
f 1622 1821 1726
f 1622 1726 1623
f 1623 1726 1624
f 1625 1626 1627
f 1626 1726 1627
f 1627 1727 1629
f 1627 1629 1628
f 1627 1726 1728
f 1627 1728 1729
f 1627 1729 1727
f 1629 1727 1630
f 1630 1727 1730
f 1630 1730 1731
f 1630 1731 1732
f 1630 1732 1632
f 1630 1632 1631
f 1634 1733 1827
f 1634 1827 1734
f 1635 1734 1735
f 1635 1735 1736
f 1635 1736 1737
f 1635 1737 1636
f 1636 1737 1637
f 1637 1737 1738
f 1637 1738 1739
f 1637 1739 1638
f 1638 1739 1639
f 1639 1740 1641
f 1639 1641 1640
f 1639 1739 1741
f 1639 1741 1742
f 1639 1742 1740
f 1641 1740 1642
f 1642 1740 1743
f 1642 1743 1744
f 1642 1744 1643
f 1643 1744 1745
f 1643 1745 1644
f 1644 1745 1645
f 1645 1745 1746
f 1645 1746 1747
f 1645 1747 1646
f 1646 1747 1648
f 1647 1648 1748
f 1647 1748 1749
f 1647 1749 1750
f 1647 1750 1650
f 1648 1747 1832
f 1648 1832 1751
f 1648 1751 1748
f 1649 1651 1658
f 1650 1750 1651
f 1651 1750 1752
f 1651 1752 1753
f 1651 1753 1658
f 1652 1665 1660
f 1652 1656 1754
f 1652 1754 1665
f 1653 1657 1755
f 1653 1755 1654
f 1654 1756 1655
f 1654 1755 1756
f 1655 1757 1656
f 1655 1756 1757
f 1656 1757 1758
f 1656 1758 1759
f 1656 1759 1760
f 1656 1760 1754
f 1657 1659 1755
f 1658 1753 1761
f 1658 1761 1659
f 1659 1761 1755
f 1661 1664 1668
f 1662 1665 1762
f 1662 1762 1663
f 1663 1763 1664
f 1663 1762 1764
f 1663 1764 1765
f 1663 1765 1766
f 1663 1766 1763
f 1664 1763 1767
f 1664 1767 1668
f 1665 1754 1768
f 1665 1768 1764
f 1665 1764 1762
f 1666 1669 1670
f 1668 1767 1770
f 1668 1770 1669
f 1669 1769 1670
f 1669 1770 1769
f 1671 1771 1676
f 1673 1769 1772
f 1673 1772 1771
f 1675 1773 1774
f 1675 1774 1677
f 1675 1676 1773
f 1676 1775 1773
f 1676 1771 1776
f 1676 1776 1777
f 1676 1777 1775
f 1677 1774 1678
f 1678 1778 1681
f 1678 1681 1679
f 1678 1774 1779
f 1678 1779 1778
f 1681 1778 1780
f 1681 1780 1682
f 1684 1781 1782
f 1684 1782 1685
f 1685 1782 1686
f 1686 1782 1783
f 1686 1783 1784
f 1686 1784 1687
f 1687 1784 1785
f 1687 1785 1786
f 1687 1786 1787
f 1687 1787 1788
f 1687 1788 1689
f 1688 1690 1691
f 1689 1788 1790
f 1689 1790 1690
f 1690 1789 1691
f 1690 1790 1877
f 1690 1877 1789
f 1691 1789 1692
f 1692 1789 1877
f 1692 1877 1791
f 1692 1791 1792
f 1692 1792 1693
f 1693 1792 1793
f 1693 1793 1694
f 1694 1793 1794
f 1694 1794 1695
f 1695 1794 1795
f 1695 1795 1696
f 1696 1698 1697
f 1696 1795 1884
f 1696 1884 1796
f 1696 1796 1698
f 1698 1796 1797
f 1698 1797 1798
f 1698 1798 1699
f 1699 1798 1799
f 1699 1799 1700
f 1700 1799 1800
f 1700 1800 1701
f 1701 1800 1702
f 1702 1800 1801
f 1702 1801 1802
f 1702 1802 1803
f 1702 1803 1703
f 1703 1804 1704
f 1703 1803 1805
f 1703 1805 1804
f 1704 1804 1706
f 1706 1804 1707
f 1707 1804 1806
f 1707 1806 1807
f 1707 1807 1709
f 1707 1709 1708
f 1709 1807 1710
f 1710 1807 1808
f 1710 1808 1809
f 1710 1809 1810
f 1710 1810 1712
f 1711 1712 1713
f 1712 1810 1811
f 1712 1811 1713
f 1713 1811 1714
f 1714 1811 1812
f 1714 1812 1813
f 1714 1813 1715
f 1715 1813 1814
f 1715 1814 1716
f 1716 1814 1717
f 1717 1814 1815
f 1717 1815 1718
f 1718 1815 1816
f 1718 1816 1720
f 1719 1720 1817
f 1719 1817 1722
f 1720 1816 1831
f 1720 1831 1818
f 1720 1818 1817
f 1722 1817 1819
f 1722 1819 1742
f 1722 1742 1723
f 1723 1742 1741
f 1723 1741 1820
f 1724 1820 1739
f 1724 1739 1725
f 1725 1739 1822
f 1725 1822 1821
f 1726 1821 1728
f 1727 1729 1730
f 1728 1821 1823
f 1728 1823 1729
f 1729 1823 1824
f 1729 1824 1825
f 1729 1825 1730
f 1730 1825 1731
f 1731 1825 1826
f 1734 1827 1828
f 1734 1828 1735
f 1735 1829 1825
f 1735 1825 1824
f 1735 1824 1736
f 1735 1828 1830
f 1735 1830 1829
f 1736 1824 1737
f 1737 1824 1823
f 1737 1823 1822
f 1737 1822 1738
f 1738 1822 1739
f 1739 1820 1741
f 1740 1742 1819
f 1740 1819 1743
f 1743 1819 1817
f 1743 1817 1744
f 1744 1817 1818
f 1744 1818 1745
f 1745 1818 1831
f 1745 1831 1746
f 1746 1831 1832
f 1746 1832 1747
f 1748 1751 1833
f 1748 1833 1834
f 1748 1834 1835
f 1748 1835 1749
f 1749 1835 1895
f 1749 1895 1836
f 1749 1836 1752
f 1749 1752 1750
f 1751 1832 1833
f 1752 1836 1753
f 1753 1836 1837
f 1753 1837 1838
f 1753 1838 1839
f 1753 1839 1761
f 1754 1760 1768
f 1755 1761 1840
f 1755 1840 1841
f 1755 1841 1842
f 1755 1842 1756
f 1756 1842 1843
f 1756 1843 1757
f 1757 1843 1758
f 1758 1844 1760
f 1758 1760 1759
f 1758 1843 1845
f 1758 1845 1846
f 1758 1846 1844
f 1760 1847 1764
f 1760 1764 1768
f 1760 1844 1848
f 1760 1848 1849
f 1760 1849 1847
f 1761 1839 1850
f 1761 1850 1840
f 1763 1851 1767
f 1763 1766 1852
f 1763 1852 1851
f 1764 1847 1765
f 1765 1847 1849
f 1765 1849 1853
f 1765 1853 1854
f 1765 1854 1766
f 1766 1854 1852
f 1767 1851 1770
f 1769 1770 1855
f 1769 1855 1772
f 1770 1851 1856
f 1770 1856 1855
f 1771 1772 1857
f 1771 1857 1777
f 1771 1777 1776
f 1772 1855 1858
f 1772 1858 1857
f 1773 1775 1859
f 1773 1859 1774
f 1774 1859 1779
f 1775 1777 1860
f 1775 1860 1859
f 1777 1857 1861
f 1777 1861 1862
f 1777 1862 1863
f 1777 1863 1860
f 1778 1779 1864
f 1778 1864 1865
f 1778 1865 1780
f 1779 1859 1866
f 1779 1866 1864
f 1781 1867 1868
f 1781 1868 1782
f 1782 1868 1783
f 1783 1868 1869
f 1783 1869 1870
f 1783 1870 1784
f 1784 1871 1872
f 1784 1872 1873
f 1784 1873 1786
f 1784 1786 1785
f 1784 1870 1871
f 1786 1874 1790
f 1786 1790 1787
f 1786 1873 1875
f 1786 1875 1876
f 1786 1876 1874
f 1787 1790 1788
f 1790 1874 1931
f 1790 1931 1878
f 1790 1878 1877
f 1791 1878 1879
f 1791 1879 1792
f 1791 1877 1878
f 1792 1879 1880
f 1792 1880 1881
f 1792 1881 1793
f 1793 1881 1882
f 1793 1882 1794
f 1794 1882 1795
f 1795 1882 1883
f 1795 1883 1884
f 1796 1884 1885
f 1796 1885 1797
f 1797 1885 1886
f 1797 1886 1799
f 1797 1799 1798
f 1799 1886 1887
f 1799 1887 1800
f 1800 1887 1888
f 1800 1888 1801
f 1801 1888 1889
f 1801 1889 1802
f 1802 1889 1905
f 1802 1905 1890
f 1802 1890 1891
f 1802 1891 1803
f 1803 1891 1805
f 1804 1805 1891
f 1804 1891 1806
f 1806 1891 1807
f 1807 1891 1892
f 1807 1892 1838
f 1807 1838 1893
f 1807 1893 1808
f 1808 1893 1897
f 1808 1897 1894
f 1808 1894 1809
f 1809 1894 1811
f 1809 1811 1810
f 1811 1894 1897
f 1811 1897 1895
f 1811 1895 1835
f 1811 1835 1812
f 1812 1834 1813
f 1812 1835 1834
f 1813 1834 1896
f 1813 1896 1814
f 1814 1896 1815
f 1815 1896 1833
f 1815 1833 1832
f 1815 1832 1831
f 1815 1831 1816
f 1821 1822 1823
f 1825 1829 1826
f 1833 1896 1834
f 1836 1895 1837
f 1837 1895 1897
f 1837 1897 1838
f 1838 1850 1839
f 1838 1897 1893
f 1838 1892 1850
f 1840 1850 1841
f 1841 1850 1842
f 1842 1850 1898
f 1842 1898 1899
f 1842 1899 1900
f 1842 1900 1843
f 1843 1900 1902
f 1843 1902 1845
f 1844 1846 1901
f 1844 1901 1848
f 1845 1902 1903
f 1845 1903 1846
f 1846 1903 1949
f 1846 1949 1901
f 1848 1904 1853
f 1848 1853 1849
f 1848 1901 1948
f 1848 1948 1904
f 1850 1892 1905
f 1850 1905 1906
f 1850 1906 1898
f 1851 1852 1856
f 1852 1854 1907
f 1852 1907 1911
f 1852 1911 1856
f 1853 1904 1909
f 1853 1909 1854
f 1854 1908 1907
f 1854 1909 1908
f 1855 1856 1910
f 1855 1910 1858
f 1856 1911 1957
f 1856 1957 1910
f 1857 1858 1861
f 1858 1910 1912
f 1858 1912 1913
f 1858 1913 1861
f 1859 1860 1914
f 1859 1914 1915
f 1859 1915 1866
f 1860 1863 1914
f 1861 1913 1862
f 1862 1916 1863
f 1862 1913 1917
f 1862 1917 1962
f 1862 1962 1916
f 1863 1916 1918
f 1863 1918 1914
f 1864 1866 1915
f 1864 1915 1919
f 1864 1919 1920
f 1864 1920 1921
f 1864 1921 1922
f 1864 1922 1923
f 1864 1923 1865
f 1867 1924 1868
f 1868 1924 1869
f 1869 1924 1925
f 1869 1925 1926
f 1869 1926 1870
f 1870 1926 1927
f 1870 1927 1871
f 1871 1927 1872
f 1872 1927 1928
f 1872 1928 1929
f 1872 1929 1930
f 1872 1930 1873
f 1873 1930 1875
f 1874 1876 1931
f 1875 1930 1932
f 1875 1932 1933
f 1875 1933 1934
f 1875 1934 1931
f 1875 1931 1876
f 1878 1931 1879
f 1879 1931 1935
f 1879 1935 1936
f 1879 1936 1880
f 1880 1936 1937
f 1880 1937 1881
f 1881 1937 1938
f 1881 1938 1882
f 1882 1938 1883
f 1883 1938 1983
f 1883 1983 1939
f 1883 1939 1940
f 1883 1940 1941
f 1883 1941 1884
f 1884 1941 1942
f 1884 1942 1885
f 1885 1942 1886
f 1886 1942 1943
f 1886 1943 1944
f 1886 1944 1887
f 1887 1944 1945
f 1887 1945 1888
f 1888 1945 1889
f 1889 1945 1899
f 1889 1899 1906
f 1889 1906 1905
f 1890 1905 1892
f 1890 1892 1891
f 1898 1906 1899
f 1899 1946 1947
f 1899 1947 1900
f 1899 1945 1946
f 1900 1947 1902
f 1901 1949 1948
f 1902 1947 1903
f 1903 1947 1950
f 1903 1950 1986
f 1903 1986 1949
f 1904 1948 1909
f 1907 1908 1951
f 1907 1951 1911
f 1908 1909 1952
f 1908 1952 1953
f 1908 1953 1954
f 1908 1954 1951
f 1909 1948 1955
f 1909 1955 1956
f 1909 1956 1952
f 1910 1957 1912
f 1911 1951 1957
f 1912 1957 1958
f 1912 1958 1959
f 1912 1959 1963
f 1912 1963 1960
f 1912 1960 1913
f 1913 1960 1917
f 1914 1918 1961
f 1914 1961 1915
f 1915 1961 1919
f 1916 1962 1918
f 1917 1960 1963
f 1917 1963 1964
f 1917 1964 1965
f 1917 1965 1962
f 1918 1962 1966
f 1918 1966 1967
f 1918 1967 1961
f 1919 1961 1967
f 1919 1967 1968
f 1919 1968 1969
f 1919 1969 1920
f 1920 1969 1970
f 1920 1970 1971
f 1920 1971 1921
f 1925 1972 1973
f 1925 1973 1926
f 1926 1973 1928
f 1926 1928 1927
f 1928 1974 1975
f 1928 1975 1976
f 1928 1976 1929
f 1928 1973 1974
f 1929 1976 1930
f 1930 1976 1977
f 1930 1977 1965
f 1930 1965 1978
f 1930 1978 1932
f 1931 1934 1935
f 1932 1978 1964
f 1932 1964 1933
f 1933 1979 1935
f 1933 1935 1934
f 1933 1964 1963
f 1933 1963 1980
f 1933 1980 1979
f 1935 1979 1981
f 1935 1981 1936
f 1936 1981 1982
f 1936 1982 1937
f 1937 1982 1983
f 1937 1983 1938
f 1939 1983 1953
f 1939 1953 1956
f 1939 1956 1940
f 1940 1956 1955
f 1940 1955 1948
f 1940 1948 1984
f 1940 1984 1985
f 1940 1985 1942
f 1940 1942 1941
f 1942 1985 1986
f 1942 1986 1943
f 1943 1986 1950
f 1943 1950 1944
f 1944 1950 1947
f 1944 1947 1946
f 1944 1946 1945
f 1948 1949 1984
f 1949 1986 1985
f 1949 1985 1984
f 1951 1954 1987
f 1951 1987 1958
f 1951 1958 1957
f 1952 1956 1953
f 1953 1983 1982
f 1953 1982 1988
f 1953 1988 1987
f 1953 1987 1954
f 1958 1987 1959
f 1959 1987 1989
f 1959 1989 1963
f 1962 1965 1977
f 1962 1977 1966
f 1963 1989 1990
f 1963 1990 1980
f 1964 1978 1965
f 1966 1977 1991
f 1966 1991 1992
f 1966 1992 1967
f 1967 1992 1993
f 1967 1993 1968
f 1968 1993 1969
f 1969 1993 1998
f 1969 1998 1994
f 1969 1994 1995
f 1969 1995 1970
f 1972 1996 1974
f 1972 1974 1973
f 1974 1996 1997
f 1974 1997 1975
f 1975 1997 1994
f 1975 1994 1998
f 1975 1998 1992
f 1975 1992 1991
f 1975 1991 1976
f 1976 1991 1977
f 1979 1980 1990
f 1979 1990 1981
f 1981 1990 1982
f 1982 1990 1988
f 1987 1988 1990
f 1987 1990 1989
f 1992 1998 1993
f 1994 1997 1999
f 1994 1999 1995
