v -0.36307389 0.68040770 -0.12025702
v -0.37031341 0.68029988 -0.12025702
v -0.35721722 0.68029988 -0.12025702
v -0.06413929 0.67997652 -0.55605406
v -0.09004696 0.68008429 -0.53800094
v -0.13132840 0.68019211 -0.51112288
v -0.23040387 0.68029988 -0.42988372
v -0.36486343 0.68029988 -0.15000942
v -0.37507194 0.68019211 -0.12025702
v -0.34725273 0.67857516 -0.12025702
v -0.06413929 0.67911416 -0.54687619
v -0.06413929 0.67943752 -0.54985142
v -0.06413929 0.67997652 -0.57481319
v -0.08980294 0.68008429 -0.55025488
v -0.14954919 0.68019211 -0.50981176
v -0.22397780 0.68019211 -0.44551632
v -0.27933154 0.67997652 -0.37910292
v -0.28181249 0.68008429 -0.36584041
v -0.30202615 0.68008429 -0.33008710
v -0.32175177 0.68008429 -0.29004741
v -0.32996738 0.68019211 -0.25005817
v -0.34078598 0.68008429 -0.25005817
v -0.35998288 0.67997652 -0.20013465
v -0.38007453 0.67997652 -0.12141687
v -0.38011521 0.67997652 -0.12025702
v -0.33871174 0.67469454 -0.12025702
v -0.06413929 0.67685044 -0.53921115
v -0.12038781 0.67997652 -0.54011887
v -0.11005728 0.68008429 -0.54299325
v -0.06413929 0.67879075 -0.58383977
v -0.07385975 0.67965311 -0.57471234
v -0.09631035 0.67986870 -0.55711305
v -0.14251304 0.68008429 -0.52130932
v -0.16439423 0.68008429 -0.50305444
v -0.18595007 0.68008429 -0.48444659
v -0.19929028 0.67986870 -0.47930294
v -0.21885321 0.67986870 -0.45887971
v -0.23727733 0.67976093 -0.43648976
v -0.25525409 0.67954534 -0.41460407
v -0.27502036 0.67932975 -0.38999531
v -0.28909266 0.67879075 -0.37153873
v -0.29515269 0.67965311 -0.35444373
v -0.30027729 0.67997652 -0.34108037
v -0.34005389 0.67997652 -0.26059759
v -0.35270268 0.67932975 -0.23003833
v -0.35075048 0.67814398 -0.25005817
v -0.37059811 0.67771280 -0.18999867
v -0.37214363 0.67889857 -0.17002925
v -0.37767491 0.67976093 -0.13478023
v -0.38804612 0.67620367 -0.12888017
v -0.38910356 0.67631143 -0.12025702
v -0.32919464 0.66908914 -0.12025702
v -0.06413929 0.67318541 -0.53084016
v -0.13372801 0.67954534 -0.53467268
v -0.15585324 0.67976093 -0.51636738
v -0.06413929 0.67782062 -0.58878171
v -0.06832846 0.67749721 -0.58802527
v -0.08980294 0.67879075 -0.56881231
v -0.11005728 0.67922193 -0.55297798
v -0.17769377 0.67986870 -0.49775952
v -0.17065763 0.67879075 -0.50981176
v -0.19160339 0.67900634 -0.49064922
v -0.21132900 0.67900634 -0.47158748
v -0.23040387 0.67879075 -0.45131552
v -0.24915338 0.67825180 -0.42988372
v -0.26843160 0.67738944 -0.40880489
v -0.28998744 0.67480230 -0.38999531
v -0.31199065 0.67889857 -0.33008710
v -0.30816755 0.67717385 -0.34869495
v -0.31573242 0.67976093 -0.31420234
v -0.33549869 0.67965311 -0.27391052
v -0.33175695 0.67889857 -0.29004741
v -0.34802550 0.67652702 -0.26836348
v -0.36994734 0.67286199 -0.23003833
v -0.36795446 0.67663485 -0.20810224
v -0.36998802 0.67749721 -0.19428502
v -0.38995767 0.67318541 -0.15000942
v -0.39646509 0.67178404 -0.12025702
v -0.32309392 0.66445398 -0.12025702
v -0.06413929 0.66574752 -0.51656908
v -0.14954919 0.67825180 -0.52877259
v -0.06413929 0.67652702 -0.59301764
v -0.09004696 0.67167628 -0.58999199
v -0.11005728 0.67480230 -0.56992173
v -0.12823738 0.67728162 -0.54808646
v -0.17004755 0.67232305 -0.52993244
v -0.19001719 0.67340100 -0.50996304
v -0.21002752 0.67372435 -0.48994321
v -0.23003784 0.67340100 -0.46997380
v -0.25000748 0.67232305 -0.44995397
v -0.27160397 0.66855019 -0.43139654
v -0.29051617 0.66693324 -0.41001517
v -0.30654067 0.66531634 -0.38999531
v -0.31186864 0.66887355 -0.37189174
v -0.32996738 0.67221522 -0.33008710
v -0.32805583 0.67728162 -0.30850399
v -0.34997770 0.67146069 -0.29004741
v -0.36640894 0.66596311 -0.27002758
v -0.37133017 0.66736442 -0.25025988
v -0.38621590 0.66596311 -0.21006893
v -0.38995767 0.67049050 -0.17002925
v -0.40500608 0.66531634 -0.13004000
v -0.40573817 0.66596311 -0.12025702
v -0.31906748 0.66100448 -0.12025702
v -0.06413929 0.66369939 -0.51359385
v -0.06413929 0.66844237 -0.61036479
v -0.06958926 0.66650206 -0.61046565
v -0.09004696 0.66294479 -0.60335535
v -0.10830840 0.66456175 -0.58943725
v -0.13014893 0.66693324 -0.57052684
v -0.15150142 0.66844237 -0.55156600
v -0.17004755 0.66369939 -0.54495996
v -0.18851236 0.66402280 -0.52877259
v -0.20897005 0.66466957 -0.50890410
v -0.22902104 0.66456175 -0.48878336
v -0.24878733 0.66391498 -0.46830970
v -0.26485252 0.66369939 -0.44995397
v -0.28421211 0.66348380 -0.42574862
v -0.30214816 0.66208243 -0.40330824
v -0.31984022 0.65971094 -0.37975848
v -0.32358199 0.66337597 -0.36649597
v -0.33013007 0.66574752 -0.34874538
v -0.34330761 0.66316038 -0.33008710
v -0.35026240 0.66563970 -0.30845356
v -0.36246383 0.66251361 -0.29004741
v -0.38117266 0.66132790 -0.24380513
v -0.38328755 0.66348380 -0.23003833
v -0.38975430 0.66628647 -0.19428502
v -0.40016618 0.66014212 -0.18082081
v -0.40130499 0.66154349 -0.17002925
v -0.40325719 0.66359162 -0.15000942
v -0.41594666 0.65022492 -0.12025702
v -0.31304809 0.65054834 -0.12025702
v -0.06413929 0.65539914 -0.50643313
v -0.06413929 0.66585529 -0.61439902
v -0.06413929 0.66251361 -0.61888707
v -0.10054018 0.66024995 -0.60022879
v -0.12351951 0.66219026 -0.58237737
v -0.14584808 0.66348380 -0.56427377
v -0.18082547 0.66057330 -0.54062319
v -0.20152721 0.66122007 -0.52135974
v -0.22165953 0.66132790 -0.50159204
v -0.24130380 0.66111231 -0.48132005
v -0.26054135 0.66046554 -0.46054381
v -0.27925020 0.65884858 -0.43906158
v -0.29755232 0.65561473 -0.41662121
v -0.30527988 0.64936256 -0.41001517
v -0.31654584 0.65184188 -0.39095345
v -0.32301259 0.64634430 -0.38490212
v -0.34017593 0.64041555 -0.36044464
v -0.33692220 0.65378219 -0.35454458
v -0.34058261 0.66068113 -0.34123164
v -0.36026758 0.66024995 -0.30073810
v -0.37885439 0.65787846 -0.25711808
v -0.39117780 0.64990157 -0.23003833
v -0.39841729 0.65690827 -0.19418417
v -0.40280983 0.65011716 -0.18853626
v -0.40699899 0.64990157 -0.17002925
v -0.41102543 0.64990157 -0.15000942
v -0.41545862 0.64828461 -0.12893060
v -0.42021716 0.64052337 -0.12146729
v -0.42025784 0.64073896 -0.12025702
v -0.06413929 0.65313542 -0.50476897
v -0.30410039 0.62985158 -0.12025702
v -0.06413929 0.64860803 -0.50169289
v -0.06413929 0.65863299 -0.62196320
v -0.07593399 0.65539914 -0.61752558
v -0.08894883 0.64914697 -0.61283576
v -0.10452597 0.64990157 -0.60285103
v -0.11453113 0.64990157 -0.59619462
v -0.13014893 0.64957815 -0.58570564
v -0.13690038 0.65593809 -0.57758671
v -0.15914762 0.65884858 -0.55928147
v -0.17033225 0.65130293 -0.55454123
v -0.18448588 0.64990157 -0.54369926
v -0.19445038 0.64990157 -0.53502566
v -0.20539097 0.64990157 -0.52499056
v -0.21539614 0.64990157 -0.51540923
v -0.22544196 0.64990157 -0.50542456
v -0.23544712 0.64990157 -0.49513727
v -0.24476087 0.64990157 -0.48515257
v -0.25476602 0.64990157 -0.47405845
v -0.26351038 0.64990157 -0.46407375
v -0.27436963 0.65130293 -0.45010525
v -0.28278860 0.64548194 -0.44360006
v -0.29019079 0.65054834 -0.43023670
v -0.30105004 0.64224809 -0.42146227
v -0.34729341 0.62995940 -0.35005650
v -0.35628176 0.62995940 -0.33250761
v -0.36030823 0.64084673 -0.32080838
v -0.34269753 0.64828461 -0.34874538
v -0.31898612 0.62995940 -0.39841676
v -0.32520884 0.62995940 -0.38843206
v -0.33517334 0.62995940 -0.37184131
v -0.34098935 0.62995940 -0.36180618
v -0.35286537 0.64850020 -0.32852381
v -0.35709521 0.65410560 -0.31410149
v -0.36238247 0.64850020 -0.30845356
v -0.36958131 0.64990157 -0.29004741
v -0.37678015 0.65076393 -0.27118742
v -0.38194540 0.64461958 -0.26528737
v -0.38438570 0.65076393 -0.25025988
v -0.39674979 0.65011716 -0.21117835
v -0.40142700 0.64354163 -0.20532872
v -0.41261160 0.62985158 -0.17002925
v -0.47524554 0.42504019 -0.12025702
v -0.06413929 0.63610375 -0.49468344
v -0.06413929 0.64343381 -0.49851593
v -0.30048066 0.61734736 -0.12025702
v -0.06413929 0.64936256 -0.62690508
v -0.06958926 0.64914697 -0.62408113
v -0.08154665 0.64203250 -0.62085378
v -0.11888297 0.63502580 -0.59916985
v -0.14178094 0.64257145 -0.58121753
v -0.15048462 0.65076393 -0.57022429
v -0.16382483 0.64558977 -0.56291223
v -0.18871571 0.62995940 -0.54738045
v -0.19872087 0.62995940 -0.53880775
v -0.21901590 0.63459462 -0.51893920
v -0.23890419 0.63416344 -0.49881852
v -0.25850779 0.62995940 -0.47824398
v -0.26708946 0.62995940 -0.46825927
v -0.27705395 0.62995940 -0.45635831
v -0.28498486 0.62995940 -0.44637358
v -0.29499000 0.62995940 -0.43316150
v -0.30227017 0.62995940 -0.42322725
v -0.31125855 0.62995940 -0.41001517
v -0.34896094 0.60990942 -0.35005650
v -0.35709521 0.60990942 -0.33422217
v -0.36116233 0.62995940 -0.32257336
v -0.36685634 0.62995940 -0.31001681
v -0.37942380 0.63556474 -0.27865073
v -0.31292608 0.60990942 -0.41001517
v -0.31975889 0.60990942 -0.39972788
v -0.32598159 0.60990942 -0.38969275
v -0.33598676 0.60990942 -0.37325329
v -0.34180278 0.60990942 -0.36326858
v -0.39044571 0.62995940 -0.25005817
v -0.39955610 0.63675052 -0.21859123
v -0.47825521 0.40984100 -0.12025702
v -0.06413929 0.62963605 -0.49190989
v -0.29881313 0.61087960 -0.12025702
v -0.06413929 0.64192468 -0.62917435
v -0.06413929 0.62995940 -0.63270432
v -0.07003665 0.62995940 -0.62952733
v -0.08349887 0.62995940 -0.62196320
v -0.09350403 0.62995940 -0.61601269
v -0.11135876 0.62898922 -0.60496902
v -0.12042847 0.62165916 -0.60022879
v -0.12827805 0.62898922 -0.59362280
v -0.14377385 0.62995940 -0.58262950
v -0.15377900 0.62995940 -0.57526708
v -0.16683452 0.62995940 -0.56528234
v -0.17683968 0.62995940 -0.55736518
v -0.19981900 0.61637717 -0.53981632
v -0.22027670 0.62122798 -0.52019989
v -0.22963111 0.62769568 -0.50950921
v -0.24016500 0.62079680 -0.50012964
v -0.25956523 0.60990942 -0.47940379
v -0.26802489 0.60990942 -0.46941909
v -0.27794871 0.60990942 -0.45746771
v -0.28583896 0.60990942 -0.44748300
v -0.29588479 0.60990942 -0.43437177
v -0.30312428 0.60990942 -0.42438707
v -0.47923133 0.39712116 -0.12025702
v -0.47853994 0.40757731 -0.12025702
v -0.37617007 0.62931263 -0.28843373
v -0.30328697 0.58996725 -0.42458880
v -0.31459361 0.58878154 -0.40799806
v -0.31992155 0.59460247 -0.39992958
v -0.32492414 0.58878154 -0.39196199
v -0.33619010 0.58996725 -0.37360629
v -0.34200612 0.58996725 -0.36357114
v -0.47951603 0.38364673 -0.12025702
v -0.06413929 0.60990942 -0.48485002
v -0.29706424 0.60290277 -0.12025702
v -0.06413929 0.60990942 -0.63441885
v -0.07003665 0.60990942 -0.63119149
v -0.08500372 0.60990942 -0.62282050
v -0.09496820 0.60990942 -0.61692041
v -0.11005728 0.60990942 -0.60754085
v -0.12095721 0.60990942 -0.60053140
v -0.13096237 0.60990942 -0.59367323
v -0.14523801 0.60990942 -0.58368850
v -0.15524317 0.60990942 -0.57642686
v -0.16829869 0.60990942 -0.56639177
v -0.17826317 0.60990942 -0.55852503
v -0.19192874 0.60980165 -0.54692662
v -0.20018505 0.60311830 -0.54011887
v -0.20815663 0.60980165 -0.53230256
v -0.22064275 0.60990942 -0.52055287
v -0.23064789 0.60990942 -0.51041692
v -0.24044970 0.60990942 -0.50043219
v -0.25976861 0.58996725 -0.47970638
v -0.26818758 0.58996725 -0.46967125
v -0.27811140 0.58996725 -0.45766944
v -0.28600165 0.58996725 -0.44768471
v -0.29600680 0.58996725 -0.43462393
v -0.31329215 0.56991732 -0.41001517
v -0.30332765 0.52992523 -0.42468965
v -0.31996223 0.58134365 -0.40003043
v -0.32626629 0.56991732 -0.38999531
v -0.33623078 0.56991732 -0.37365672
v -0.34200612 0.56991732 -0.36367202
v -0.47963804 0.36995667 -0.12025702
v -0.29446128 0.59072185 -0.12025702
v -0.06413929 0.58824253 -0.47854653
v -0.06413929 0.58996725 -0.63482225
v -0.07003665 0.58996725 -0.63164532
v -0.08541043 0.58996725 -0.62307262
v -0.09537491 0.58996725 -0.61722296
v -0.11005728 0.58996725 -0.60814595
v -0.12140459 0.58996725 -0.60088438
v -0.13145041 0.58996725 -0.59397578
v -0.14564472 0.58996725 -0.58399105
v -0.15564989 0.58996725 -0.57672948
v -0.16870540 0.58996725 -0.56674474
v -0.17871055 0.58996725 -0.55887800
v -0.20038840 0.58996725 -0.54021972
v -0.21035288 0.58996725 -0.53084016
v -0.22092745 0.58996725 -0.52085543
v -0.23093259 0.58996725 -0.51066905
v -0.24069373 0.58996725 -0.50068432
v -0.25976861 0.56991732 -0.47970638
v -0.26822826 0.56991732 -0.46967125
v -0.27819273 0.54997516 -0.45777029
v -0.27819273 0.56991732 -0.45771986
v -0.28604230 0.56991732 -0.44773513
v -0.29608813 0.52992523 -0.43462393
v -0.31329215 0.52992523 -0.41006559
v -0.32004356 0.50987524 -0.40008089
v -0.30332765 0.50987524 -0.42468965
v -0.32634765 0.50987524 -0.38999531
v -0.33623078 0.52992523 -0.37370715
v -0.34204680 0.54997516 -0.36367202
v -0.47963804 0.36877096 -0.12025702
v -0.34204680 0.50987524 -0.36372244
v -0.29076019 0.56980956 -0.12025702
v -0.28775051 0.54997516 -0.12025702
v -0.06413929 0.57595384 -0.47567216
v -0.06413929 0.58058906 -0.63492310
v -0.07003665 0.56991732 -0.63184702
v -0.09553760 0.56991732 -0.61732382
v -0.08565445 0.54997516 -0.62322390
v -0.11005728 0.54997516 -0.60854942
v -0.12164862 0.56991732 -0.60103565
v -0.12181130 0.54997516 -0.60113651
v -0.13165377 0.56991732 -0.59417748
v -0.14584808 0.56991732 -0.58414233
v -0.15585324 0.56991732 -0.57683033
v -0.16886809 0.56991732 -0.56684560
v -0.17887324 0.56991732 -0.55897886
v -0.19001719 0.56991732 -0.54939759
v -0.20042907 0.56991732 -0.54032058
v -0.21043423 0.56991732 -0.53094101
v -0.22104946 0.56991732 -0.52090585
v -0.23101394 0.56991732 -0.51066905
v -0.24069373 0.52992523 -0.50068432
v -0.25037351 0.50987524 -0.48994321
v -0.25972793 0.52992523 -0.47965595
v -0.26822826 0.52992523 -0.46962082
v -0.27819273 0.52992523 -0.45777029
v -0.28604230 0.50987524 -0.44773513
v -0.29608813 0.48993307 -0.43462393
v -0.31329215 0.48993307 -0.41006559
v -0.32004356 0.48993307 -0.40008089
v -0.30324629 0.46988311 -0.42458880
v -0.31325147 0.46988311 -0.41001517
v -0.32000291 0.46988311 -0.40008089
v -0.32630697 0.48993307 -0.38999531
v -0.33623078 0.48993307 -0.37370715
v -0.47955671 0.35626668 -0.12025702
v -0.34200612 0.46988311 -0.36362159
v -0.28506619 0.52927840 -0.12025702
v -0.06413929 0.56991732 -0.47431061
v -0.06413929 0.56043130 -0.63512486
v -0.07003665 0.52992523 -0.63209915
v -0.08569513 0.52992523 -0.62327433
v -0.09574096 0.50987524 -0.61742473
v -0.11005728 0.52992523 -0.60865027
v -0.12185198 0.52992523 -0.60118693
v -0.13193847 0.50987524 -0.59437919
v -0.13185714 0.52992523 -0.59432876
v -0.14597011 0.54997516 -0.58429360
v -0.15593459 0.54997516 -0.57693118
v -0.15605661 0.52992523 -0.57698160
v -0.16890875 0.54997516 -0.56689602
v -0.17891392 0.54997516 -0.55907977
v -0.20046973 0.54997516 -0.54037100
v -0.20046973 0.50987524 -0.54037100
v -0.22096811 0.50987524 -0.52090585
v -0.23101394 0.54997516 -0.51066905
v -0.23093259 0.50987524 -0.51066905
v -0.23093259 0.48993307 -0.51061863
v -0.24065305 0.50987524 -0.50063390
v -0.25968727 0.50987524 -0.47960553
v -0.24061239 0.48993307 -0.50058347
v -0.25025150 0.48993307 -0.48994321
v -0.25964659 0.48993307 -0.47955510
v -0.26810622 0.46988311 -0.46951997
v -0.26822826 0.50987524 -0.46957040
v -0.27815208 0.50987524 -0.45777029
v -0.28604230 0.46988311 -0.44763428
v -0.29600680 0.46988311 -0.43462393
v -0.30320564 0.44994095 -0.42448795
v -0.30312428 0.42989099 -0.42443749
v -0.31300744 0.42989099 -0.41001517
v -0.31451228 0.45177346 -0.40799806
v -0.31996223 0.45964253 -0.40003043
v -0.31988090 0.42989099 -0.39982873
v -0.32492414 0.45177346 -0.39196199
v -0.32622564 0.46988311 -0.38999531
v -0.33619010 0.46988311 -0.37360629
v -0.47915000 0.34397799 -0.12025702
v -0.34184343 0.42989099 -0.36336944
v -0.34172142 0.40994883 -0.36316773
v -0.34159940 0.38989884 -0.36291558
v -0.33570206 0.36995667 -0.37264815
v -0.34123337 0.34990674 -0.36231047
v -0.33533603 0.32985675 -0.37194216
v -0.33509198 0.30991459 -0.37158918
v -0.34058261 0.28986466 -0.36110020
v -0.34009457 0.25590906 -0.36024290
v -0.33989120 0.24265021 -0.35988992
v -0.33370915 0.22993034 -0.37007633
v -0.33968785 0.22993034 -0.35953692
v -0.33606809 0.42989099 -0.37335414
v -0.28392741 0.51871443 -0.12025702
v -0.06413929 0.52992523 -0.46689773
v -0.06413929 0.55072975 -0.47042766
v -0.06413929 0.52992523 -0.63527614
v -0.06413929 0.50028145 -0.63537699
v -0.07003665 0.48993307 -0.63214958
v -0.08577646 0.48993307 -0.62332475
v -0.09574096 0.48993307 -0.61742473
v -0.12193333 0.50987524 -0.60118693
v -0.11005728 0.46988311 -0.60865027
v -0.14609212 0.50987524 -0.58434403
v -0.13193847 0.48993307 -0.59437919
v -0.14609212 0.48993307 -0.58439445
v -0.15609726 0.48993307 -0.57703203
v -0.16899011 0.50987524 -0.56699687
v -0.17895459 0.50987524 -0.55907977
v -0.21043423 0.48993307 -0.53084016
v -0.17895459 0.48993307 -0.55907977
v -0.19001719 0.48993307 -0.54944801
v -0.20038840 0.46988311 -0.54027015
v -0.22084610 0.46988311 -0.52075458
v -0.22052073 0.40994883 -0.52045202
v -0.22027670 0.36995667 -0.52025032
v -0.23235610 0.38871309 -0.50799638
v -0.24040903 0.44994095 -0.50038177
v -0.24053104 0.46988311 -0.50048262
v -0.25948390 0.44994095 -0.47940379
v -0.26769951 0.38989884 -0.46896526
v -0.27790803 0.42989099 -0.45741728
v -0.27811140 0.46988311 -0.45761901
v -0.27811140 0.48993307 -0.45771986
v -0.28583896 0.42989099 -0.44743258
v -0.29588479 0.42989099 -0.43437177
v -0.31280407 0.40994883 -0.41001517
v -0.29576278 0.40994883 -0.43427092
v -0.30288026 0.38989884 -0.42408451
v -0.31256005 0.38989884 -0.41001517
v -0.32606295 0.42989099 -0.38984403
v -0.31975889 0.40994883 -0.39967746
v -0.32598159 0.40994883 -0.38969275
v -0.47906864 0.34236103 -0.12025702
v -0.33301774 0.20988038 -0.37007633
v -0.33069947 0.14983830 -0.37007633
v -0.32992673 0.12989613 -0.37007633
v -0.32907262 0.11006176 -0.37007633
v -0.33736959 0.11006176 -0.35520014
v -0.33692220 0.09011960 -0.35434288
v -0.33598676 0.40994883 -0.37315243
v -0.32569689 0.36995667 -0.38923889
v -0.32553422 0.34990674 -0.38893634
v -0.33549869 0.34990674 -0.37234560
v -0.32533085 0.32985675 -0.38863376
v -0.32508683 0.30991459 -0.38828078
v -0.32484281 0.28986466 -0.38787735
v -0.32431406 0.24987251 -0.38702008
v -0.33484796 0.28986466 -0.37108490
v -0.33456326 0.26992249 -0.37063104
v -0.32398871 0.22993034 -0.38656622
v -0.32366332 0.20988038 -0.38596109
v -0.28299195 0.50987524 -0.12025702
v -0.28221920 0.50200617 -0.12025702
v -0.27933154 0.47128445 -0.12025702
v -0.06413929 0.50987524 -0.46402332
v -0.06413929 0.42029718 -0.63542742
v -0.07003665 0.40994883 -0.63214958
v -0.08573580 0.46988311 -0.62332475
v -0.09570028 0.40994883 -0.61737430
v -0.12193333 0.46988311 -0.60118693
v -0.11005728 0.42989099 -0.60859984
v -0.13189781 0.46988311 -0.59437919
v -0.14605144 0.44994095 -0.58434403
v -0.15609726 0.46988311 -0.57698160
v -0.16890875 0.46988311 -0.56699687
v -0.20006302 0.39604318 -0.54001802
v -0.17887324 0.46988311 -0.55902928
v -0.19001719 0.46988311 -0.54934716
v -0.19205077 0.38957545 -0.54702747
v -0.20807528 0.38957545 -0.53225213
v -0.21002752 0.36995667 -0.53013420
v -0.22007334 0.33880377 -0.51999819
v -0.22991581 0.34990674 -0.50996304
v -0.23992097 0.36995667 -0.49987748
v -0.24008366 0.39453405 -0.50002879
v -0.24968210 0.42989099 -0.48994321
v -0.24736384 0.38871309 -0.49196035
v -0.25928056 0.40994883 -0.47910124
v -0.25911787 0.38989884 -0.47900039
v -0.26753685 0.36995667 -0.46886438
v -0.28575760 0.40994883 -0.44728130
v -0.27766401 0.38989884 -0.45711473
v -0.28563559 0.38989884 -0.44713002
v -0.29564077 0.38989884 -0.43406922
v -0.30275825 0.36995667 -0.42383236
v -0.31963688 0.38989884 -0.39947575
v -0.31223467 0.36995667 -0.41001517
v -0.47784853 0.32985675 -0.12025702
v -0.33643413 0.07006964 -0.35338473
v -0.32492414 0.01013535 -0.36866435
v -0.32435474 -0.00991461 -0.36775666
v -0.32382601 -0.02985677 -0.36674809
v -0.32325661 -0.04990675 -0.36578998
v -0.33179760 -0.04990675 -0.35005650
v -0.33057746 -0.06995670 -0.35005650
v -0.32805583 -0.10994883 -0.35005650
v -0.32675436 -0.12989098 -0.35005650
v -0.32439542 -0.15026432 -0.35182148
v -0.32455811 -0.16988310 -0.34879580
v -0.32382601 -0.18993309 -0.34738383
v -0.33265170 -0.18993309 -0.33008710
v -0.33110619 -0.20987526 -0.33008710
v -0.32952002 -0.22992522 -0.33008710
v -0.33720690 -0.22992522 -0.31405106
v -0.33635280 -0.24997517 -0.31213480
v -0.34029794 -0.26323402 -0.30078852
v -0.32325661 0.18993822 -0.38540637
v -0.32289058 0.16988826 -0.38475081
v -0.32248387 0.14983830 -0.38414571
v -0.32207716 0.12989613 -0.38343969
v -0.32162976 0.11006176 -0.38273370
v -0.32114172 0.09011960 -0.38202772
v -0.32813719 0.09011960 -0.37007633
v -0.32716107 0.07006964 -0.37007633
v -0.31927082 0.34990674 -0.39892104
v -0.31906748 0.32985675 -0.39861846
v -0.31886411 0.30991459 -0.39826548
v -0.31862009 0.28986466 -0.39791247
v -0.31809136 0.24987251 -0.39705521
v -0.31780666 0.22993034 -0.39655092
v -0.31744060 0.20988038 -0.39599621
v -0.31707457 0.18993822 -0.39539111
v -0.27680990 0.44023934 -0.12025702
v -0.06413929 0.48993307 -0.46150193
v -0.06413929 0.40994883 -0.63542742
v -0.06413929 0.34020513 -0.63537699
v -0.07003665 0.32985675 -0.63204873
v -0.08565445 0.38989884 -0.62327433
v -0.11005728 0.40994883 -0.60854942
v -0.08553244 0.34990674 -0.62322390
v -0.08549176 0.32985675 -0.62317348
v -0.09549692 0.32985675 -0.61717254
v -0.12181130 0.40994883 -0.60113651
v -0.13181646 0.40994883 -0.59427834
v -0.14592943 0.40994883 -0.58429360
v -0.15605661 0.44994095 -0.57693118
v -0.15593459 0.40994883 -0.57683033
v -0.15585324 0.38989884 -0.57677990
v -0.16874607 0.42989099 -0.56689602
v -0.19994101 0.36995667 -0.53981632
v -0.16854271 0.38989884 -0.56679517
v -0.17866988 0.40994883 -0.55877715
v -0.17854787 0.38989884 -0.55872673
v -0.17846653 0.36995667 -0.55862588
v -0.18977317 0.34990674 -0.54854035
v -0.19977832 0.34990674 -0.53971547
v -0.20958012 0.28986466 -0.52917606
v -0.20917341 0.24987251 -0.52877259
v -0.21917857 0.24987251 -0.51909047
v -0.22946844 0.30991459 -0.50971091
v -0.23959561 0.32985675 -0.49952450
v -0.24890935 0.34990674 -0.48969108
v -0.25887382 0.34990674 -0.47864738
v -0.25871116 0.32985675 -0.47849610
v -0.26725215 0.32985675 -0.46851140
v -0.27737930 0.34990674 -0.45676172
v -0.28543225 0.36995667 -0.44697875
v -0.28526956 0.34990674 -0.44672659
v -0.28506619 0.32985675 -0.44652489
v -0.29527470 0.34990674 -0.43356493
v -0.30255488 0.34990674 -0.42358023
v -0.31186864 0.34990674 -0.41001517
v -0.34351096 -0.26991734 -0.29156026
v -0.35209262 -0.26991734 -0.27002758
v -0.34977436 -0.28996730 -0.27002758
v -0.35794932 -0.26991734 -0.25424367
v -0.35729855 -0.29093745 -0.24910004
v -0.36059293 -0.28490090 -0.24183844
v -0.35973883 -0.29826754 -0.23936749
v -0.39496025 -0.30721456 -0.12025702
v -0.32492414 0.04818715 -0.37204301
v -0.32028762 0.05368473 -0.38056532
v -0.31914881 0.01013535 -0.37864906
v -0.31862009 -0.00991461 -0.37774137
v -0.31805068 -0.02985677 -0.37678322
v -0.31748128 -0.04990675 -0.37577468
v -0.31687123 -0.06995670 -0.37471569
v -0.31626114 -0.08989887 -0.37365672
v -0.32138574 -0.10994883 -0.36251217
v -0.32073498 -0.12989098 -0.36135232
v -0.32024693 -0.14379662 -0.36054549
v -0.31853873 -0.18993309 -0.35741895
v -0.32305327 -0.20987526 -0.34597185
v -0.32223985 -0.22992522 -0.34440857
v -0.32138574 -0.24997517 -0.34274447
v -0.32773048 -0.24997517 -0.33008710
v -0.32468012 -0.27142647 -0.33190250
v -0.33602744 -0.26991734 -0.30850399
v -0.33960652 -0.27649286 -0.29917485
v -0.31585443 0.12989613 -0.39347485
v -0.31540704 0.11006176 -0.39276886
v -0.31447160 0.07006964 -0.39120558
v -0.31146193 0.32985675 -0.41001517
v -0.31101453 0.30991459 -0.41001517
v -0.31052649 0.28986466 -0.41001517
v -0.30946901 0.24987251 -0.41001517
v -0.30889961 0.22993034 -0.41001517
v -0.30820820 0.20988038 -0.41001517
v -0.30751678 0.18993822 -0.41001517
v -0.30629665 0.14983830 -0.40946046
v -0.27599648 0.42945978 -0.12025702
v -0.27530506 0.42018938 -0.12025702
v -0.06413929 0.46988311 -0.45923269
v -0.06413929 0.32985675 -0.63532656
v -0.07003665 0.30991459 -0.63199830
v -0.11005728 0.38989884 -0.60844857
v -0.08524774 0.28986466 -0.62307262
v -0.11005728 0.32985675 -0.60814595
v -0.09537491 0.30991459 -0.61712211
v -0.12172997 0.38989884 -0.60108608
v -0.13165377 0.36995667 -0.59417748
v -0.14584808 0.38989884 -0.58424318
v -0.14564472 0.34990674 -0.58409190
v -0.15552787 0.32985675 -0.57647729
v -0.16817668 0.32985675 -0.56649262
v -0.17814115 0.32985675 -0.55837375
v -0.17797847 0.30991459 -0.55822247
v -0.18956982 0.32985675 -0.54838902
v -0.18895975 0.26992249 -0.54788476
v -0.19937161 0.30991459 -0.53936243
v -0.19896489 0.26992249 -0.53895903
v -0.20897005 0.22993034 -0.52857089
v -0.21869051 0.20988038 -0.51858622
v -0.22861433 0.22993034 -0.50885367
v -0.22881769 0.24987251 -0.50910580
v -0.23922956 0.28986466 -0.49912107
v -0.23943292 0.30991459 -0.49932277
v -0.24870598 0.32985675 -0.48953980
v -0.24809591 0.26992249 -0.48888424
v -0.25830445 0.28986466 -0.47804224
v -0.26704878 0.30991459 -0.46830970
v -0.27701327 0.30991459 -0.45625746
v -0.29507136 0.32985675 -0.43331280
v -0.27680990 0.28986466 -0.45600531
v -0.28465948 0.28986466 -0.44602060
v -0.30235153 0.32985675 -0.42327768
v -0.34294155 -0.28996730 -0.28722346
v -0.34151807 -0.30990946 -0.28379437
v -0.34688669 -0.30990946 -0.27002758
v -0.35428888 -0.30990946 -0.25005817
v -0.35888475 -0.30990946 -0.23664437
v -0.36201644 -0.30990946 -0.22665967
v -0.36083698 -0.32467744 -0.22282717
v -0.35961682 -0.33804408 -0.21884337
v -0.35831535 -0.34990159 -0.21435529
v -0.36120301 -0.34990159 -0.20432016
v -0.36002356 -0.36024994 -0.20028594
v -0.36067429 -0.36413059 -0.19433546
v -0.35815266 -0.37340099 -0.19433546
v -0.35363814 -0.38870794 -0.19433546
v -0.34676468 -0.40983588 -0.19433546
v -0.34538186 -0.41382432 -0.19433546
v -0.34277886 -0.42083102 -0.19433546
v -0.24638772 -0.30721456 -0.12025702
v -0.31516302 0.04818715 -0.38833120
v -0.31215334 0.01013535 -0.38999531
v -0.31105521 -0.00991461 -0.38999531
v -0.30881828 -0.04990675 -0.38999531
v -0.30759814 -0.06995670 -0.38999531
v -0.30499518 -0.12989098 -0.38807905
v -0.30430377 -0.14994094 -0.38702008
v -0.31561041 -0.10994883 -0.37249687
v -0.31495965 -0.12989098 -0.37133703
v -0.31532571 -0.15026432 -0.36831138
v -0.31288540 -0.16988310 -0.37007633
v -0.31138057 -0.18993309 -0.37007633
v -0.30983508 -0.20987526 -0.37007633
v -0.31776598 -0.20987526 -0.35595655
v -0.31695256 -0.22992522 -0.35444373
v -0.31605780 -0.24997517 -0.35272917
v -0.32057232 -0.26582110 -0.34123164
v -0.31988090 -0.27907994 -0.33987010
v -0.32415140 -0.28996730 -0.32847339
v -0.33297709 -0.28996730 -0.31001681
v -0.33875242 -0.28996730 -0.29720816
v -0.30540189 0.11006176 -0.40819976
v -0.30495450 0.09011960 -0.40749377
v -0.30397838 0.05012748 -0.40603137
v -0.30296159 0.01013535 -0.40451851
v -0.30214816 0.30991459 -0.42297509
v -0.30190414 0.28986466 -0.42267254
v -0.30137542 0.24987251 -0.42196655
v -0.30109072 0.22993034 -0.42156312
v -0.30076534 0.20988038 -0.42110926
v -0.30011460 0.17581701 -0.42020157
v -0.29962656 0.14983830 -0.41939473
v -0.29917917 0.12989613 -0.41878960
v -0.27392223 0.40013942 -0.12025702
v -0.06413929 0.44886297 -0.45696342
v -0.06413929 0.28986466 -0.63512486
v -0.07003665 0.28986466 -0.63184702
v -0.08508505 0.26992249 -0.62302220
v -0.11005728 0.30991459 -0.60799468
v -0.12156728 0.34990674 -0.60098523
v -0.09509021 0.26992249 -0.61692041
v -0.13157244 0.34990674 -0.59407663
v -0.13132840 0.30991459 -0.59392536
v -0.14552271 0.32985675 -0.58399105
v -0.15536520 0.30991459 -0.57637644
v -0.16801399 0.30991459 -0.56634134
v -0.16776995 0.28986466 -0.56624049
v -0.17777511 0.28986466 -0.55807114
v -0.18851236 0.22993034 -0.54743087
v -0.19851752 0.22993034 -0.53855562
v -0.20868537 0.20988038 -0.52831876
v -0.21836515 0.18993822 -0.51828361
v -0.22800426 0.18993822 -0.50829893
v -0.23829412 0.20988038 -0.49811253
v -0.23857883 0.22993034 -0.49836466
v -0.23878217 0.24987251 -0.49866724
v -0.24785189 0.24987251 -0.48868251
v -0.25789773 0.24987251 -0.47753799
v -0.26635736 0.24987251 -0.46750283
v -0.26684543 0.28986466 -0.46800712
v -0.29486799 0.30991459 -0.43301022
v -0.27632186 0.24987251 -0.45540017
v -0.28417143 0.24987251 -0.44541547
v -0.33732891 -0.30990946 -0.29377908
v -0.34046060 -0.32262933 -0.28127298
v -0.34318560 -0.32952824 -0.27088487
v -0.35083181 -0.32995942 -0.25005817
v -0.35750192 -0.33082178 -0.22973578
v -0.35343477 -0.34990159 -0.23003833
v -0.34851354 -0.36995155 -0.23003833
v -0.35559034 -0.36811903 -0.20820311
v -0.34875757 -0.38989371 -0.21006893
v -0.34086734 -0.40250576 -0.22292802
v -0.34253484 -0.40951246 -0.20911080
v -0.33850837 -0.41587240 -0.21516214
v -0.34058261 -0.42083102 -0.20210133
v -0.19892423 -0.42083102 -0.19433546
v -0.06413929 -0.42083102 -0.39917317
v -0.25997195 0.10876822 -0.12025702
v -0.30239221 -0.00991461 -0.40371168
v -0.30129409 -0.04990675 -0.40199715
v -0.30068401 -0.06995670 -0.40108943
v -0.29982990 -0.09755234 -0.39977831
v -0.30515784 -0.09054564 -0.39186114
v -0.29877245 -0.12989098 -0.39811420
v -0.29808104 -0.14994094 -0.39700478
v -0.29734895 -0.16988310 -0.39584494
v -0.30279893 -0.18993309 -0.38459954
v -0.30198550 -0.20987526 -0.38328841
v -0.30113140 -0.22992522 -0.38187644
v -0.30812687 -0.22992522 -0.37007633
v -0.30511719 -0.25083753 -0.37189174
v -0.30499518 -0.26991734 -0.36856350
v -0.31593576 -0.27142647 -0.34874538
v -0.31296676 -0.28996730 -0.35005650
v -0.31914881 -0.28996730 -0.33850855
v -0.32268721 -0.30990946 -0.32559901
v -0.33004874 -0.30990946 -0.31001681
v -0.29873177 0.11006176 -0.41813403
v -0.29824373 0.09011960 -0.41747847
v -0.29726762 0.05012748 -0.41601607
v -0.29625082 0.01013535 -0.41450322
v -0.29515269 -0.02985677 -0.41283911
v -0.29442060 0.26992249 -0.43230423
v -0.29413593 0.24987251 -0.43195125
v -0.29385123 0.22993034 -0.43154782
v -0.29356652 0.20988038 -0.43104354
v -0.29320046 0.18993822 -0.43058971
v -0.29421726 0.16945708 -0.42806831
v -0.29124826 0.12989613 -0.42993414
v -0.29035348 0.11006176 -0.42993414
v -0.27323082 0.38989884 -0.12025702
v -0.27197000 0.36995667 -0.12025702
v -0.27030250 0.34020513 -0.12025702
v -0.26973310 0.32985675 -0.12025702
v -0.26920435 0.32015517 -0.12025702
v -0.26708946 0.28016305 -0.12025702
v -0.06413929 0.40994883 -0.45373607
v -0.06413929 0.26992249 -0.63497353
v -0.07003665 0.26992249 -0.63169575
v -0.07003665 0.24987251 -0.63149405
v -0.08467834 0.22993034 -0.62277007
v -0.12132324 0.30991459 -0.60083395
v -0.11005728 0.26992249 -0.60754085
v -0.11005728 0.24987251 -0.60728872
v -0.09468350 0.22993034 -0.61666828
v -0.13116573 0.28986466 -0.59377408
v -0.14519735 0.28986466 -0.58373892
v -0.14495331 0.26992249 -0.58363807
v -0.15495847 0.26992249 -0.57602346
v -0.15471444 0.24987251 -0.57587218
v -0.16728190 0.24987251 -0.56583703
v -0.16703787 0.22993034 -0.56563532
v -0.17675833 0.20988038 -0.55721390
v -0.18822765 0.20988038 -0.54717875
v -0.19823281 0.20988038 -0.53830349
v -0.19758207 0.16988826 -0.53769833
v -0.20835999 0.18993822 -0.52801621
v -0.20803462 0.16988826 -0.52766323
v -0.20726186 0.12989613 -0.52695721
v -0.21763307 0.14983830 -0.51752722
v -0.22767889 0.16988826 -0.50794595
v -0.23768404 0.16988826 -0.49745697
v -0.24736384 0.20988038 -0.48812783
v -0.24764854 0.22993034 -0.48843038
v -0.24703847 0.18993822 -0.48782524
v -0.25765368 0.22993034 -0.47723541
v -0.26582864 0.20988038 -0.46689773
v -0.27579314 0.20988038 -0.45464376
v -0.28356135 0.20988038 -0.44465905
v -0.32520884 -0.33189973 -0.31203395
v -0.33598676 -0.32952824 -0.28878671
v -0.33919978 -0.33588818 -0.27809602
v -0.34155875 -0.34990159 -0.26417795
v -0.34672400 -0.34990159 -0.25005817
v -0.34229082 -0.36865801 -0.24955389
v -0.34082666 -0.38277918 -0.24259485
v -0.34286022 -0.38967812 -0.22978620
v -0.33627146 -0.40951246 -0.22978620
v -0.33875242 -0.39614582 -0.23629138
v -0.33505130 -0.42083102 -0.22035620
v -0.33732891 -0.42083102 -0.21289289
v -0.06413929 -0.42083102 -0.57551920
v -0.06413929 0.36995667 -0.45091209
v -0.26257494 0.18239254 -0.12025702
v -0.26188353 0.16374391 -0.12025702
v -0.29458329 -0.04990675 -0.41198185
v -0.29462397 -0.09054564 -0.40825018
v -0.29218370 -0.10994883 -0.41001517
v -0.29088220 -0.12989098 -0.41001517
v -0.28949937 -0.14994094 -0.41001517
v -0.28799453 -0.16988310 -0.41001517
v -0.28535089 -0.18939409 -0.41167927
v -0.29653552 -0.18993309 -0.39463466
v -0.29568142 -0.20987526 -0.39327312
v -0.29478666 -0.22992522 -0.39191157
v -0.30048066 -0.24480098 -0.38081744
v -0.29978925 -0.25805983 -0.37965763
v -0.29909784 -0.26991734 -0.37854820
v -0.30377504 -0.28996730 -0.36649597
v -0.30995709 -0.30990946 -0.35005650
v -0.31768465 -0.30990946 -0.33553329
v -0.32126373 -0.32650995 -0.32262379
v -0.28840125 0.07006964 -0.42993414
v -0.28596097 0.04894172 -0.43190083
v -0.28624567 0.01013535 -0.42872387
v -0.28567627 -0.00991461 -0.42801788
v -0.28514755 -0.02985677 -0.42726147
v -0.28457814 -0.04990675 -0.42650503
v -0.28319532 0.18993822 -0.44420519
v -0.28282928 0.16988826 -0.44370091
v -0.28242257 0.14983830 -0.44319665
v -0.28201586 0.12989613 -0.44269237
v -0.28156847 0.11006176 -0.44208723
v -0.28063303 0.07006964 -0.44082654
v -0.26656073 0.26992249 -0.12025702
v -0.06413929 0.40132517 -0.45308051
v -0.26554394 0.24987251 -0.12025702
v -0.06413929 0.24987251 -0.63477182
v -0.06413929 0.22993034 -0.63451970
v -0.07003665 0.20988038 -0.63093936
v -0.08443432 0.20988038 -0.62261873
v -0.09448014 0.20988038 -0.61651701
v -0.12116057 0.28986466 -0.60068268
v -0.12075385 0.24987251 -0.60043049
v -0.11005728 0.20988038 -0.60668355
v -0.12055050 0.22993034 -0.60027921
v -0.13075900 0.24987251 -0.59347147
v -0.14446527 0.22993034 -0.58328509
v -0.14418057 0.20988038 -0.58308339
v -0.15418571 0.20988038 -0.57541835
v -0.16675317 0.20988038 -0.56538320
v -0.16614310 0.16988826 -0.56487894
v -0.17643297 0.18993822 -0.55696177
v -0.18790229 0.18993822 -0.54692662
v -0.18757692 0.16988826 -0.54662406
v -0.18721087 0.14983830 -0.54632151
v -0.18680416 0.12989613 -0.54601896
v -0.19721603 0.14983830 -0.53734535
v -0.21722636 0.12989613 -0.51712382
v -0.19640261 0.11006176 -0.53653848
v -0.20681447 0.11006176 -0.52655381
v -0.22731285 0.14983830 -0.50754249
v -0.24671309 0.16988826 -0.48742181
v -0.23731801 0.14983830 -0.49700311
v -0.24594034 0.12989613 -0.48661497
v -0.24634705 0.14983830 -0.48701841
v -0.25704363 0.18993822 -0.47652942
v -0.25736898 0.20988038 -0.47688240
v -0.25671825 0.16988826 -0.47612602
v -0.26513723 0.16988826 -0.46614128
v -0.27510172 0.16988826 -0.45373607
v -0.31992155 -0.33987659 -0.32000154
v -0.32345998 -0.34990159 -0.30754587
v -0.33118755 -0.34990159 -0.29004741
v -0.33765429 -0.34990159 -0.27421308
v -0.34029794 -0.36111230 -0.26090014
v -0.33850837 -0.37447894 -0.25590780
v -0.33623078 -0.38967812 -0.24955389
v -0.32935733 -0.40994364 -0.25005817
v -0.33204162 -0.42083102 -0.22993748
v -0.07056537 -0.42083102 -0.57133371
v -0.06413929 -0.41554904 -0.57773805
v -0.06413929 0.39022225 -0.45227367
v -0.26407978 0.21893521 -0.12025702
v -0.28396806 -0.06995670 -0.42564777
v -0.28335801 -0.08989887 -0.42479050
v -0.29397324 -0.06995670 -0.41107413
v -0.28209719 -0.12989098 -0.42297509
v -0.28140578 -0.14994094 -0.42201698
v -0.28018564 -0.18238738 -0.42020157
v -0.27961624 -0.19575402 -0.41944516
v -0.28567627 -0.20987526 -0.40855274
v -0.28478149 -0.22992522 -0.40719119
v -0.28376472 -0.24997517 -0.40567836
v -0.29490867 -0.25083753 -0.38848248
v -0.29173630 -0.26991734 -0.38999531
v -0.28913334 -0.28996730 -0.38999531
v -0.29775566 -0.28996730 -0.37643024
v -0.29621017 -0.30990946 -0.37385842
v -0.30222952 -0.30990946 -0.36387372
v -0.30088738 -0.32456964 -0.36165491
v -0.30527988 -0.33071399 -0.35161975
v -0.31670853 -0.33189973 -0.32958281
v -0.27990094 0.04150383 -0.43986842
v -0.27908751 0.01013535 -0.43875900
v -0.27798939 -0.02985677 -0.43724617
v -0.27685058 -0.06995670 -0.43563247
v -0.27624050 -0.08989887 -0.43482563
v -0.27469501 0.14983830 -0.45323178
v -0.27428830 0.12989613 -0.45267707
v -0.27384090 0.11006176 -0.45207193
v -0.27286479 0.07006964 -0.45081124
v -0.27335283 0.09011960 -0.45146680
v -0.06413929 0.20114896 -0.63406587
v -0.06413929 0.18993822 -0.63386416
v -0.07003665 0.16988826 -0.63018292
v -0.08414961 0.18993822 -0.62246746
v -0.09382939 0.16988826 -0.61616397
v -0.10965057 0.16988826 -0.60612887
v -0.11196883 0.19058499 -0.60506988
v -0.11989975 0.18444064 -0.59987581
v -0.12026580 0.20988038 -0.60012794
v -0.13027096 0.20988038 -0.59306806
v -0.12811537 0.19058499 -0.59422791
v -0.13002692 0.16988826 -0.59236205
v -0.14357048 0.16988826 -0.58257908
v -0.15357566 0.16988826 -0.57491404
v -0.15320960 0.14983830 -0.57466191
v -0.16573639 0.14983830 -0.56462681
v -0.17574155 0.14983830 -0.55635661
v -0.17537551 0.12989613 -0.55600363
v -0.17496879 0.11006176 -0.55565065
v -0.18639745 0.11006176 -0.54561549
v -0.21681963 0.11006176 -0.51666993
v -0.22649942 0.11006176 -0.50668526
v -0.22694680 0.12989613 -0.50708866
v -0.18590939 0.09011960 -0.54526252
v -0.18542133 0.07006964 -0.54480863
v -0.19542649 0.07006964 -0.53563082
v -0.20583835 0.07006964 -0.52564609
v -0.23691130 0.12989613 -0.49654925
v -0.23650458 0.11006176 -0.49609542
v -0.24549295 0.11006176 -0.48611069
v -0.25594550 0.12989613 -0.47521830
v -0.25635222 0.14983830 -0.47567216
v -0.26477119 0.14983830 -0.46568745
v -0.31256005 -0.34990159 -0.33008710
v -0.31878278 -0.34990159 -0.31753057
v -0.32154843 -0.36574751 -0.30341077
v -0.32512751 -0.37146068 -0.29171154
v -0.33529535 -0.36865801 -0.26851475
v -0.32858455 -0.38989371 -0.27002758
v -0.32089767 -0.42083102 -0.26261470
v -0.32150775 -0.42083102 -0.26095057
v -0.32553422 -0.42083102 -0.24935219
v -0.32842189 -0.42083102 -0.24077946
v -0.32053164 -0.40153563 -0.28137383
v -0.32260588 -0.40886569 -0.26922074
v -0.08378357 -0.42083102 -0.56255925
v -0.06413929 -0.40455389 -0.58172178
v -0.06995530 -0.41134501 -0.57551920
v -0.27493903 -0.12989098 -0.43301022
v -0.27558976 -0.10994883 -0.43391794
v -0.27420694 -0.14994094 -0.43200168
v -0.27347484 -0.16988310 -0.43094268
v -0.27392223 -0.18939409 -0.42811874
v -0.27083123 -0.20987526 -0.42993414
v -0.27896550 -0.20987526 -0.41853744
v -0.27807072 -0.22992522 -0.41717589
v -0.27701327 -0.24997517 -0.41566306
v -0.28262591 -0.26991734 -0.40396380
v -0.28128377 -0.28996730 -0.40199715
v -0.28038898 -0.30236378 -0.40063557
v -0.28522888 -0.30937049 -0.39135686
v -0.28433412 -0.32995942 -0.38676792
v -0.29519337 -0.33071399 -0.36901736
v -0.29954520 -0.33793628 -0.35928479
v -0.30373436 -0.34990159 -0.34682912
v -0.26936704 -0.00991461 -0.44995397
v -0.26745549 -0.04990675 -0.44950011
v -0.26688609 -0.06995670 -0.44874370
v -0.26562527 -0.10994883 -0.44718045
v -0.26497453 -0.12989098 -0.44632316
v -0.26387641 0.11006176 -0.46467888
v -0.26237157 0.05012748 -0.46286350
v -0.26078540 -0.00991461 -0.46089679
v -0.26338837 0.09011960 -0.46407375
v -0.06413929 0.16988826 -0.63346076
v -0.07003665 0.14983830 -0.62972903
v -0.08345820 0.14983830 -0.62201363
v -0.09301597 0.12989613 -0.61560929
v -0.10928452 0.14983830 -0.60592717
v -0.11928968 0.14983830 -0.59947240
v -0.13002692 0.14983830 -0.59185779
v -0.14320445 0.14983830 -0.58232695
v -0.14283840 0.12989613 -0.58207482
v -0.15284356 0.12989613 -0.57435936
v -0.16537035 0.12989613 -0.56432420
v -0.16496363 0.11006176 -0.56402165
v -0.16402820 0.07006964 -0.56326520
v -0.17452142 0.09011960 -0.55524719
v -0.21584353 0.07006964 -0.51571184
v -0.22601137 0.09011960 -0.50618100
v -0.17403334 0.07006964 -0.55484378
v -0.18493327 0.05012748 -0.54435480
v -0.19436903 0.03007751 -0.53467268
v -0.20478091 0.03007751 -0.52463752
v -0.23601653 0.09011960 -0.49559113
v -0.24500489 0.09011960 -0.48560643
v -0.25549811 0.11006176 -0.47466359
v -0.30170080 -0.36617869 -0.34314790
v -0.30609331 -0.37167627 -0.33190250
v -0.31691188 -0.37146068 -0.31006724
v -0.31971821 -0.37911415 -0.29952785
v -0.32236186 -0.38989371 -0.28566021
v -0.31813201 -0.41490227 -0.27537292
v -0.31678987 -0.42083102 -0.27280110
v -0.31467497 -0.40886569 -0.28883713
v -0.31805068 -0.38989371 -0.29564491
v -0.08626452 -0.42083102 -0.56079429
v -0.09675774 -0.40994364 -0.55761731
v -0.08679326 -0.40994364 -0.56467724
v -0.07719481 -0.38989371 -0.57809103
v -0.06723033 -0.38989371 -0.58454573
v -0.06413929 -0.39010930 -0.58641160
v -0.26428312 -0.14994094 -0.44541547
v -0.26351038 -0.16988310 -0.44445735
v -0.26269695 -0.18993309 -0.44339836
v -0.26180217 -0.20987526 -0.44223851
v -0.26082605 -0.22992522 -0.44102824
v -0.26891968 -0.22992522 -0.42993414
v -0.26578796 -0.24900499 -0.43149740
v -0.26582864 -0.26991734 -0.42796746
v -0.27579314 -0.26991734 -0.41394854
v -0.27445096 -0.28996730 -0.41198185
v -0.27380022 -0.30937049 -0.40835103
v -0.27925020 -0.31573042 -0.39887062
v -0.26285964 -0.30990946 -0.42383236
v -0.27786738 -0.32995942 -0.39675266
v -0.28209719 -0.34990159 -0.38333884
v -0.29027215 -0.34990159 -0.37007633
v -0.29816237 -0.34990159 -0.35686424
v -0.25997195 -0.03912719 -0.45988825
v -0.25964659 -0.04990675 -0.45953524
v -0.25903651 -0.06995670 -0.45872840
v -0.25838578 -0.08989887 -0.45797199
v -0.25773504 -0.10994883 -0.45716515
v -0.25704363 -0.12989098 -0.45630789
v -0.25452200 0.07006964 -0.47345334
v -0.25289515 0.01013535 -0.47158748
v -0.25338319 -0.03147371 -0.46820885
v -0.06413929 0.14983830 -0.63300687
v -0.07003665 0.12989613 -0.62922478
v -0.08301082 0.12989613 -0.62176150
v -0.09256859 0.11006176 -0.61535716
v -0.10847110 0.11006176 -0.60537243
v -0.11892363 0.12989613 -0.59922028
v -0.13002692 0.12989613 -0.59130311
v -0.14243169 0.11006176 -0.58177221
v -0.15243685 0.11006176 -0.57405680
v -0.15146074 0.07006964 -0.57324994
v -0.16349946 0.05012748 -0.56281137
v -0.20425218 0.01013535 -0.52413327
v -0.21482673 0.03007751 -0.51460242
v -0.22499458 0.05012748 -0.50517243
v -0.16293007 0.03007751 -0.56235754
v -0.17293522 0.03007751 -0.55388570
v -0.18383515 0.01013535 -0.54339671
v -0.19384031 0.01013535 -0.53411794
v -0.23552847 0.07006964 -0.49503642
v -0.24451683 0.07006964 -0.48505172
v -0.29633218 -0.37167627 -0.34995565
v -0.29982990 -0.37954533 -0.33981967
v -0.30336833 -0.38989371 -0.32660758
v -0.31146193 -0.38989371 -0.31001681
v -0.31337348 -0.42083102 -0.28112170
v -0.30446646 -0.40994364 -0.31052110
v -0.30507651 -0.42083102 -0.30038512
v -0.09305665 -0.42083102 -0.55580193
v -0.10761699 -0.42083102 -0.54506081
v -0.11107406 -0.41005147 -0.54692662
v -0.09968607 -0.39916414 -0.55968487
v -0.07975711 -0.37932974 -0.57980555
v -0.06413929 -0.37081391 -0.59200907
v -0.25635222 -0.14994094 -0.45540017
v -0.25553879 -0.16988310 -0.45444205
v -0.25472537 -0.18993309 -0.45338306
v -0.25378990 -0.20987526 -0.45227367
v -0.25277314 -0.22992522 -0.45101297
v -0.26021600 -0.24178270 -0.44022140
v -0.25944322 -0.25514933 -0.43921286
v -0.25850779 -0.26991734 -0.43795216
v -0.26448649 -0.28996730 -0.42610162
v -0.26131412 -0.32607877 -0.42171440
v -0.26708946 -0.33168414 -0.41188097
v -0.25537610 -0.30990946 -0.43381709
v -0.25704363 -0.28996730 -0.43608633
v -0.26562527 -0.34990159 -0.40799806
v -0.27558976 -0.34990159 -0.39332354
v -0.28059235 -0.36219028 -0.38096875
v -0.28478149 -0.36930478 -0.37083274
v -0.25082090 -0.04990675 -0.46997380
v -0.24960077 -0.06995670 -0.46997380
v -0.24683511 -0.08957548 -0.47178921
v -0.24772988 -0.10994883 -0.46911654
v -0.24703847 -0.12989098 -0.46830970
v -0.24634705 -0.14994094 -0.46745241
v -0.24345939 0.03007751 -0.48384145
v -0.24236126 -0.00991461 -0.48263118
v -0.24179186 -0.02985677 -0.48197562
v -0.06413929 0.12989613 -0.63245219
v -0.06413929 0.10273167 -0.63169575
v -0.07003665 0.11006176 -0.62867010
v -0.08256343 0.11006176 -0.62145889
v -0.08199403 0.09011960 -0.62115633
v -0.09199919 0.09011960 -0.61500418
v -0.10733229 0.07006964 -0.60466647
v -0.11843558 0.11006176 -0.59891772
v -0.13002692 0.11006176 -0.59069794
v -0.13002692 0.09011960 -0.59004241
v -0.14198431 0.09011960 -0.58141923
v -0.14145558 0.07006964 -0.58101583
v -0.14088617 0.05012748 -0.58061242
v -0.14824769 0.02846058 -0.57385504
v -0.21425733 0.01013535 -0.51404768
v -0.20307271 -0.02985677 -0.52297342
v -0.22393712 0.01013535 -0.50406301
v -0.22446585 0.03007751 -0.50461769
v -0.16236067 0.01013535 -0.56185329
v -0.17171508 -0.00991461 -0.55282670
v -0.18322508 -0.00991461 -0.54284197
v -0.19323024 -0.00991461 -0.53351283
v -0.23394229 0.01013535 -0.49327144
v -0.28250390 -0.38989371 -0.36432758
v -0.29071951 -0.38989371 -0.35005650
v -0.29816237 -0.38989371 -0.33664271
v -0.30117208 -0.40326035 -0.32237163
v -0.29873177 -0.41662699 -0.31748015
v -0.30255488 -0.42083102 -0.30583131
v -0.11424643 -0.42083102 -0.54011887
v -0.11839491 -0.41684258 -0.53865647
v -0.12181130 -0.40347594 -0.54132915
v -0.10960989 -0.39140284 -0.55484378
v -0.10265508 -0.38579750 -0.56185329
v -0.08951823 -0.37156850 -0.57526708
v -0.08252276 -0.36596310 -0.58162093
v -0.07190754 -0.37156850 -0.58691585
v -0.06413929 -0.35291985 -0.59659803
v -0.24472019 -0.18993309 -0.46553618
v -0.24378476 -0.20987526 -0.46442676
v -0.24280864 -0.22992522 -0.46321648
v -0.24166985 -0.24997517 -0.46195579
v -0.25301716 -0.24900499 -0.44813856
v -0.24073440 -0.26538992 -0.46079594
v -0.24724182 -0.27121088 -0.45181981
v -0.24707913 -0.28996730 -0.44869328
v -0.25460333 -0.33168414 -0.42902642
v -0.25989062 -0.33944541 -0.41979814
v -0.24537094 -0.30990946 -0.44662574
v -0.24333736 -0.32995942 -0.44410434
v -0.25854847 -0.34990159 -0.41798276
v -0.26294097 -0.36995155 -0.40421596
v -0.27355620 -0.36930478 -0.38858333
v -0.27872145 -0.37555689 -0.37794307
v -0.24057171 -0.06995670 -0.48061407
v -0.24016500 -0.08256876 -0.48016024
v -0.23927024 -0.10994883 -0.47910124
v -0.23857883 -0.12989098 -0.47829440
v -0.23784673 -0.14994094 -0.47748756
v -0.23337288 -0.00991461 -0.49261588
v -0.23280348 -0.02985677 -0.49196035
v -0.23219341 -0.04990675 -0.49130476
v -0.06413929 0.07006964 -0.63053596
v -0.07003665 0.07006964 -0.62730855
v -0.08073322 0.05012748 -0.62039995
v -0.09138912 0.07006964 -0.61465114
v -0.09073837 0.05012748 -0.61424774
v -0.10599014 0.03007751 -0.60380918
v -0.11668672 0.05012748 -0.59770739
v -0.11729679 0.07006964 -0.59811085
v -0.11790685 0.09011960 -0.59851426
v -0.13002692 0.05012748 -0.58837831
v -0.14043880 0.03417374 -0.58020896
v -0.13999140 0.02080710 -0.57990640
v -0.13962537 0.01013535 -0.57965428
v -0.15003723 0.01013535 -0.57153541
v -0.21368794 -0.00991461 -0.51344258
v -0.20246264 -0.04990675 -0.52236831
v -0.22336772 -0.00991461 -0.50345784
v -0.15003723 -0.00991461 -0.57047641
v -0.16170992 -0.00991461 -0.56129855
v -0.16048978 -0.04581051 -0.56028998
v -0.17102367 -0.02985677 -0.55227196
v -0.18261501 -0.02985677 -0.54223686
v -0.19262016 -0.02985677 -0.53290772
v -0.27644387 -0.38989371 -0.37431228
v -0.28063303 -0.40175122 -0.36110020
v -0.28417143 -0.40897352 -0.35015735
v -0.29503068 -0.40994364 -0.32948196
v -0.28531024 -0.42083102 -0.33987010
v -0.29494935 -0.42083102 -0.32151437
v -0.29799968 -0.42083102 -0.31541261
v -0.11725610 -0.42083102 -0.53774875
v -0.13982873 -0.41953748 -0.51974607
v -0.13084035 -0.41145283 -0.53058803
v -0.13824254 -0.42083102 -0.52050245
v -0.14304176 -0.40617085 -0.52257001
v -0.13478547 -0.38989371 -0.53563082
v -0.12478031 -0.38989371 -0.54374969
v -0.11591396 -0.36995155 -0.55686092
v -0.10594948 -0.36995155 -0.56422335
v -0.09549692 -0.34990159 -0.57683033
v -0.08549176 -0.34990159 -0.58358765
v -0.06877583 -0.34990159 -0.59437919
v -0.06413929 -0.33998439 -0.59947240
v -0.23703331 -0.16988310 -0.47652942
v -0.23617920 -0.18993309 -0.47552085
v -0.23524377 -0.20987526 -0.47441146
v -0.23418631 -0.22992522 -0.47325161
v -0.23300683 -0.24997517 -0.47189006
v -0.22174087 -0.26991734 -0.48182434
v -0.23325087 -0.27121088 -0.46846098
v -0.23983963 -0.27864876 -0.45973697
v -0.23894486 -0.28996730 -0.45867798
v -0.24150716 -0.34580535 -0.44183511
v -0.24777055 -0.35141072 -0.43179995
v -0.23723666 -0.30990946 -0.45656002
v -0.23516242 -0.32995942 -0.45413947
v -0.23979896 -0.35906419 -0.43966669
v -0.24581832 -0.36995155 -0.42761445
v -0.25582349 -0.36995155 -0.41420066
v -0.26102942 -0.38299477 -0.40144244
v -0.26582864 -0.38978589 -0.39090303
v -0.23154268 -0.06995670 -0.49059877
v -0.23255946 -0.08957548 -0.48807740
v -0.22861433 -0.12989098 -0.48933810
v -0.22788225 -0.14994094 -0.48853123
v -0.22706881 -0.16988310 -0.48762354
v -0.22275765 -0.02985677 -0.50285274
v -0.22153752 -0.06995670 -0.50154161
v -0.06413929 0.06327853 -0.63028377
v -0.07003665 0.05012748 -0.62650168
v -0.06926389 0.01013535 -0.62524098
v -0.07979777 0.02339419 -0.61979479
v -0.08817609 0.03007751 -0.61495376
v -0.10529873 0.01013535 -0.60335535
v -0.11599530 0.03007751 -0.59725356
v -0.13201982 0.02846058 -0.58595777
v -0.12962021 0.01013535 -0.58676457
v -0.12888813 -0.00991461 -0.58626032
v -0.12811537 -0.02985677 -0.58575606
v -0.13812053 -0.02985677 -0.57859528
v -0.21307787 -0.02985677 -0.51283741
v -0.19123733 -0.06995670 -0.53169745
v -0.20181189 -0.06995670 -0.52171272
v -0.21181706 -0.06995670 -0.51157677
v -0.15003723 -0.02985677 -0.56936699
v -0.16000172 -0.05917715 -0.55993700
v -0.16829869 -0.05141588 -0.55333096
v -0.18196426 -0.04990675 -0.54163170
v -0.26294097 -0.40994364 -0.38444826
v -0.27323082 -0.40897352 -0.36866435
v -0.27811140 -0.41501004 -0.35686424
v -0.28246322 -0.42083102 -0.34511459
v -0.14983389 -0.41166842 -0.51414859
v -0.13946268 -0.42083102 -0.51944351
v -0.16065246 -0.42083102 -0.50033134
v -0.15658534 -0.38989371 -0.51687169
v -0.14658017 -0.38989371 -0.52564609
v -0.16309275 -0.40994364 -0.50285274
v -0.13795784 -0.37437117 -0.53830349
v -0.13084035 -0.36855021 -0.54566592
v -0.11859827 -0.35561475 -0.55887800
v -0.11119607 -0.34936261 -0.56583703
v -0.09818123 -0.33373225 -0.57869613
v -0.09090106 -0.32823470 -0.58464664
v -0.07337169 -0.32995942 -0.59574074
v -0.06413929 -0.32866588 -0.60174167
v -0.22617406 -0.18993309 -0.48666543
v -0.22523861 -0.20987526 -0.48565686
v -0.22418115 -0.22992522 -0.48449701
v -0.22300169 -0.24997517 -0.48323631
v -0.21368794 -0.24997517 -0.49322101
v -0.21234578 -0.26991734 -0.49175861
v -0.20107982 -0.28641003 -0.50103736
v -0.22068341 -0.28393075 -0.48066449
v -0.22759755 -0.29039848 -0.47163793
v -0.21962595 -0.29729739 -0.47945422
v -0.22723150 -0.30990946 -0.46820885
v -0.22275765 -0.34990159 -0.46306521
v -0.23406430 -0.35141072 -0.44904625
v -0.22519794 -0.32995942 -0.46588916
v -0.22096811 -0.36294484 -0.46104810
v -0.22715016 -0.36973596 -0.45116425
v -0.23817211 -0.36995155 -0.43759915
v -0.24260528 -0.38989371 -0.42342895
v -0.25338319 -0.38978589 -0.40885532
v -0.25875181 -0.39636141 -0.39821506
v -0.22088677 -0.08989887 -0.50083560
v -0.21991065 -0.11792569 -0.49982706
v -0.21869051 -0.14994094 -0.49851593
v -0.21783641 -0.16988310 -0.49765867
v -0.06413929 0.01013535 -0.62811542
v -0.06767771 -0.02985677 -0.62433332
v -0.07926905 0.01013535 -0.61949223
v -0.09004696 0.01013535 -0.61288619
v -0.11526321 0.01013535 -0.59679973
v -0.09004696 -0.00991461 -0.61192805
v -0.10371254 -0.02985677 -0.60234678
v -0.11449046 -0.00991461 -0.59629548
v -0.12738328 -0.04990675 -0.58520132
v -0.13738844 -0.04990675 -0.57799017
v -0.14958985 -0.06995670 -0.56740034
v -0.18127286 -0.06995670 -0.54102659
v -0.18054077 -0.08989887 -0.54042143
v -0.19054592 -0.08989887 -0.53099144
v -0.20112048 -0.08989887 -0.52100676
v -0.21023087 -0.11210473 -0.51011431
v -0.14877643 -0.08989887 -0.56679517
v -0.15959501 -0.06995670 -0.55958402
v -0.17004755 -0.08989887 -0.54939759
v -0.25618953 -0.40994364 -0.39443296
v -0.26082605 -0.42083102 -0.38122088
v -0.26143613 -0.42083102 -0.38026276
v -0.27245808 -0.42083102 -0.36226001
v -0.27717596 -0.42083102 -0.35439330
v -0.18115084 -0.42083102 -0.48031151
v -0.17309791 -0.40994364 -0.49322101
v -0.16744459 -0.38989371 -0.50683653
v -0.15910695 -0.37738943 -0.51909047
v -0.17744975 -0.38989371 -0.49745697
v -0.14975254 -0.36919698 -0.52973074
v -0.14043880 -0.36100450 -0.54027015
v -0.12848142 -0.34936261 -0.55267537
v -0.12079452 -0.34224811 -0.56054211
v -0.10810505 -0.32823470 -0.57269526
v -0.10017413 -0.32047340 -0.58005768
v -0.07625936 -0.30990946 -0.59755611
v -0.06625421 -0.30990946 -0.60370833
v -0.06413929 -0.32424626 -0.60249805
v -0.21694165 -0.18993309 -0.49665010
v -0.21596554 -0.20987526 -0.49564156
v -0.21490808 -0.22992522 -0.49448171
v -0.20368278 -0.24997517 -0.50365961
v -0.20234063 -0.26991734 -0.50224757
v -0.18094748 -0.28511649 -0.52080500
v -0.19046459 -0.29244658 -0.51036644
v -0.19998169 -0.29966888 -0.49987748
v -0.21035288 -0.29179981 -0.49029621
v -0.19217278 -0.26991734 -0.51228273
v -0.20844133 -0.30990946 -0.48888424
v -0.21844649 -0.30990946 -0.47819352
v -0.21389130 -0.34990159 -0.47310033
v -0.21637225 -0.32995942 -0.47587386
v -0.20168988 -0.36510074 -0.48172349
v -0.21031222 -0.37070608 -0.47022593
v -0.21889387 -0.37631148 -0.45862755
v -0.22491324 -0.38989371 -0.44586933
v -0.23491839 -0.38989371 -0.43346408
v -0.24061239 -0.40153563 -0.42080671
v -0.24533027 -0.40886569 -0.41031772
v -0.20002235 -0.11965042 -0.51994777
v -0.20868537 -0.14994094 -0.50875276
v -0.20787193 -0.16988310 -0.50789553
v -0.20693649 -0.18993309 -0.50698781
v -0.06413929 -0.03384522 -0.62609828
v -0.06682360 -0.04990675 -0.62387943
v -0.07764219 -0.02985677 -0.61858451
v -0.07845563 -0.00991461 -0.61903840
v -0.09004696 -0.04990675 -0.60991096
v -0.10208569 -0.06995670 -0.60128778
v -0.11290428 -0.04990675 -0.59518605
v -0.11209084 -0.06995670 -0.59463131
v -0.12579709 -0.08989887 -0.58404148
v -0.13661568 -0.06995670 -0.57738501
v -0.18013406 -0.10089400 -0.54001802
v -0.13576159 -0.08989887 -0.57677990
v -0.14796299 -0.10994883 -0.56613964
v -0.15878159 -0.08989887 -0.55892843
v -0.16894943 -0.12989098 -0.54758221
v -0.24724182 -0.42083102 -0.40073645
v -0.20018505 -0.42083102 -0.46019083
v -0.20030706 -0.42050761 -0.46024126
v -0.19323024 -0.40994364 -0.47274733
v -0.18326575 -0.40994364 -0.48318589
v -0.17964600 -0.37879080 -0.49957493
v -0.17053561 -0.37146068 -0.51041692
v -0.16142523 -0.36402279 -0.52120847
v -0.18737355 -0.38989371 -0.48742181
v -0.15211147 -0.34990159 -0.53315985
v -0.14210632 -0.34990159 -0.54163170
v -0.13250788 -0.32995942 -0.55398655
v -0.12250271 -0.32995942 -0.56185329
v -0.11144011 -0.30990946 -0.57380462
v -0.10147561 -0.30990946 -0.58096540
v -0.09004696 -0.30990946 -0.58852959
v -0.09004696 -0.28996730 -0.59165609
v -0.07865898 -0.28996730 -0.59906900
v -0.06865382 -0.28996730 -0.60517073
v -0.06413929 -0.28996730 -0.60784340
v -0.06413929 -0.30980167 -0.60496902
v -0.20596038 -0.20987526 -0.50592881
v -0.20490292 -0.22992522 -0.50486982
v -0.19359627 -0.24997517 -0.51364428
v -0.19485709 -0.22992522 -0.51490498
v -0.18216762 -0.26991734 -0.52196485
v -0.17114568 -0.26991734 -0.53200001
v -0.16024575 -0.28102025 -0.54011887
v -0.17976801 -0.29848313 -0.51969564
v -0.17862922 -0.30990946 -0.51863664
v -0.19896489 -0.30990946 -0.49891937
v -0.20636709 -0.32995942 -0.48666543
v -0.20388614 -0.34990159 -0.48399273
v -0.18188292 -0.36553192 -0.50174332
v -0.19070861 -0.37199968 -0.49064922
v -0.19953430 -0.37846738 -0.47940379
v -0.19416568 -0.34990159 -0.49402785
v -0.20648912 -0.38989371 -0.46709943
v -0.21649426 -0.38989371 -0.45585403
v -0.22214758 -0.40509290 -0.44249067
v -0.23007850 -0.40994364 -0.42998457
v -0.23796874 -0.41479445 -0.41717589
v -0.24358140 -0.42083102 -0.40588006
v -0.18961048 -0.12989098 -0.52897435
v -0.19961564 -0.12989098 -0.51954436
v -0.19880222 -0.14994094 -0.51873749
v -0.19790745 -0.16988310 -0.51788020
v -0.19697201 -0.18993309 -0.51697254
v -0.19595522 -0.20987526 -0.51596397
v -0.06413929 -0.04990675 -0.62534189
v -0.06592883 -0.06995670 -0.62337518
v -0.07682876 -0.04990675 -0.61802983
v -0.09004696 -0.06995670 -0.60885197
v -0.09004696 -0.08989887 -0.60774255
v -0.10119092 -0.08989887 -0.60073310
v -0.11119607 -0.08989887 -0.59402621
v -0.12400755 -0.12989098 -0.58283120
v -0.13486682 -0.10994883 -0.57617474
v -0.17891392 -0.12989098 -0.53895903
v -0.14710890 -0.12989098 -0.56548405
v -0.15707338 -0.12989098 -0.55756688
v -0.16805466 -0.14994094 -0.54682577
v -0.17805982 -0.14994094 -0.53820264
v -0.20051041 -0.42083102 -0.45983782
v -0.21942261 -0.41845953 -0.43916243
v -0.21364726 -0.41102165 -0.44944969
v -0.20254397 -0.40994364 -0.46276262
v -0.19737872 -0.38989371 -0.47713456
v -0.17358597 -0.34990159 -0.51399726
v -0.16358081 -0.34990159 -0.52312469
v -0.15491781 -0.32995942 -0.53558040
v -0.14491265 -0.32995942 -0.54400182
v -0.13502949 -0.30990946 -0.55600363
v -0.12502435 -0.30990946 -0.56381994
v -0.11371771 -0.28996730 -0.57541835
v -0.10371254 -0.28996730 -0.58252865
v -0.10562409 -0.26991734 -0.58383977
v -0.07983845 -0.27897215 -0.59987581
v -0.06413929 -0.27077970 -0.61016309
v -0.18359113 -0.24997517 -0.52332640
v -0.18485194 -0.22992522 -0.52453667
v -0.18599074 -0.20987526 -0.52559566
v -0.17265052 -0.24997517 -0.53336155
v -0.16114053 -0.26991734 -0.54092574
v -0.15137939 -0.28856593 -0.54622066
v -0.15898494 -0.29438689 -0.53900945
v -0.15003723 -0.26991734 -0.55010355
v -0.13901530 -0.26991734 -0.55913019
v -0.13718508 -0.28996730 -0.55766773
v -0.16862406 -0.30990946 -0.52761281
v -0.16630578 -0.32995942 -0.52554524
v -0.17631096 -0.32995942 -0.51646823
v -0.18680416 -0.32995942 -0.50648355
v -0.19680932 -0.32995942 -0.49665010
v -0.18420120 -0.34990159 -0.50401258
v -0.23711465 -0.42083102 -0.41480580
v -0.18879706 -0.14994094 -0.52816749
v -0.18790229 -0.16988310 -0.52736068
v -0.18696684 -0.18993309 -0.52650338
v -0.06413929 -0.06995670 -0.62433332
v -0.07589333 -0.06995670 -0.61752558
v -0.06413929 -0.09097682 -0.62322390
v -0.06499340 -0.08989887 -0.62282050
v -0.07499856 -0.08989887 -0.61697084
v -0.08842011 -0.14994094 -0.60517073
v -0.09842527 -0.14994094 -0.59891772
v -0.09988944 -0.11846466 -0.59987581
v -0.10830840 -0.11102678 -0.59468174
v -0.11005728 -0.12989098 -0.59236205
v -0.13401271 -0.12989098 -0.57546878
v -0.11005728 -0.14994094 -0.59110141
v -0.12307212 -0.14994094 -0.58217567
v -0.13311794 -0.14994094 -0.57476276
v -0.14617346 -0.14994094 -0.56477809
v -0.15617862 -0.14994094 -0.55681050
v -0.15524317 -0.16988310 -0.55605406
v -0.16715989 -0.16988310 -0.54601896
v -0.17712438 -0.16988310 -0.53739578
v -0.21604687 -0.42083102 -0.44173425
v -0.21881253 -0.42083102 -0.43845642
v -0.23272213 -0.42083102 -0.42050415
v -0.15735808 -0.30990946 -0.53764790
v -0.14731225 -0.30990946 -0.54601896
v -0.12717992 -0.28996730 -0.56543362
v -0.11562926 -0.26991734 -0.57677990
v -0.08862346 -0.27131867 -0.59498429
v -0.11729679 -0.24997517 -0.57799017
v -0.10729162 -0.24997517 -0.58494920
v -0.09236524 -0.24997517 -0.59493387
v -0.08105859 -0.26560551 -0.60058182
v -0.07003665 -0.24997517 -0.60890239
v -0.07190754 -0.27131867 -0.60547328
v -0.06413929 -0.25719747 -0.61162549
v -0.17399268 -0.22992522 -0.53452140
v -0.17618893 -0.18993309 -0.53653848
v -0.17513147 -0.20987526 -0.53558040
v -0.16264537 -0.24997517 -0.54223686
v -0.13995074 -0.25924557 -0.55988657
v -0.12901014 -0.26991734 -0.56684560
v -0.06413929 -0.10628378 -0.62236661
v -0.07300566 -0.12989098 -0.61581099
v -0.07198887 -0.14994094 -0.61520588
v -0.08736265 -0.16988310 -0.60451519
v -0.08626452 -0.18993309 -0.60385960
v -0.09626968 -0.18993309 -0.59755611
v -0.11005728 -0.16988310 -0.58973980
v -0.12107922 -0.18993309 -0.58071327
v -0.13210116 -0.16988310 -0.57405680
v -0.14523801 -0.16988310 -0.56402165
v -0.14418057 -0.18993309 -0.56326520
v -0.15422639 -0.18993309 -0.55519676
v -0.16614310 -0.18993309 -0.54521209
v -0.13197915 -0.25148430 -0.56684560
v -0.11872028 -0.22992522 -0.57904911
v -0.10871512 -0.22992522 -0.58590734
v -0.09378873 -0.22992522 -0.59594244
v -0.08236007 -0.24997517 -0.60143906
v -0.08378357 -0.22992522 -0.60234678
v -0.07003665 -0.22992522 -0.61066735
v -0.06413929 -0.23800987 -0.61344087
v -0.06413929 -0.24997517 -0.61233151
v -0.16398752 -0.22992522 -0.54334629
v -0.16512632 -0.20987526 -0.54435480
v -0.14857307 -0.25148430 -0.55368394
v -0.15194879 -0.22992522 -0.55333096
v -0.14088617 -0.24587893 -0.56064296
v -0.06413929 -0.14595252 -0.62004697
v -0.06413929 -0.17732102 -0.61802983
v -0.07089074 -0.16988310 -0.61455029
v -0.06816576 -0.18896291 -0.61490333
v -0.07003665 -0.20987526 -0.61228108
v -0.08504438 -0.20987526 -0.60310322
v -0.09509021 -0.20987526 -0.59674931
v -0.11180615 -0.20976746 -0.58555436
v -0.11005728 -0.18993309 -0.58827746
v -0.12038781 -0.20297632 -0.58020896
v -0.13108438 -0.18993309 -0.57324994
v -0.14316377 -0.20987526 -0.56240797
v -0.15316893 -0.20987526 -0.55428910
v -0.13002692 -0.22992522 -0.57052684
v -0.12827805 -0.20976746 -0.57375419
v -0.11961505 -0.21634299 -0.57965428
v -0.06413929 -0.22992522 -0.61409646
v -0.14194363 -0.22992522 -0.56144983
v -0.06413929 -0.19176561 -0.61707169
v -0.06413929 -0.20987526 -0.61571014
f 1 2 9
f 1 9 25
f 1 25 51
f 1 51 78
f 1 78 103
f 1 103 132
f 1 132 162
f 1 162 206
f 1 206 240
f 1 240 266
f 1 266 265
f 1 265 274
f 1 274 305
f 1 305 336
f 1 336 372
f 1 372 414
f 1 414 468
f 1 468 523
f 1 523 605
f 1 605 689
f 1 689 768
f 1 768 855
f 1 855 854
f 1 854 934
f 1 934 887
f 1 887 885
f 1 885 806
f 1 806 805
f 1 805 804
f 1 804 803
f 1 803 802
f 1 802 801
f 1 801 723
f 1 723 637
f 1 637 636
f 1 636 558
f 1 558 489
f 1 489 488
f 1 488 487
f 1 487 428
f 1 428 374
f 1 374 339
f 1 339 338
f 1 338 306
f 1 306 276
f 1 276 242
f 1 242 209
f 1 209 164
f 1 164 133
f 1 133 104
f 1 104 79
f 1 79 52
f 1 52 26
f 1 26 10
f 1 10 3
f 1 3 4
f 1 4 5
f 1 5 6
f 1 6 7
f 1 7 8
f 1 8 2
f 2 8 9
f 3 10 11
f 3 11 12
f 3 12 4
f 4 12 11
f 4 11 27
f 4 27 53
f 4 53 80
f 4 80 105
f 4 105 134
f 4 134 163
f 4 163 165
f 4 165 208
f 4 208 207
f 4 207 241
f 4 241 275
f 4 275 307
f 4 307 340
f 4 340 375
f 4 375 430
f 4 430 429
f 4 429 490
f 4 490 559
f 4 559 638
f 4 638 724
f 4 724 807
f 4 807 886
f 4 886 933
f 4 933 853
f 4 853 767
f 4 767 852
f 4 852 932
f 4 932 1010
f 4 1010 1075
f 4 1075 1134
f 4 1134 1198
f 4 1198 1265
f 4 1265 1328
f 4 1328 1390
f 4 1390 1451
f 4 1451 1450
f 4 1450 1509
f 4 1509 1563
f 4 1563 1591
f 4 1591 1590
f 4 1590 1613
f 4 1613 1616
f 4 1616 1615
f 4 1615 1598
f 4 1598 1597
f 4 1597 1570
f 4 1570 1532
f 4 1532 1530
f 4 1530 1480
f 4 1480 1416
f 4 1416 1353
f 4 1353 1291
f 4 1291 1223
f 4 1223 1162
f 4 1162 1161
f 4 1161 1102
f 4 1102 1038
f 4 1038 965
f 4 965 964
f 4 964 889
f 4 889 888
f 4 888 808
f 4 808 725
f 4 725 639
f 4 639 561
f 4 561 560
f 4 560 491
f 4 491 432
f 4 432 431
f 4 431 376
f 4 376 341
f 4 341 308
f 4 308 277
f 4 277 244
f 4 244 243
f 4 243 210
f 4 210 166
f 4 166 136
f 4 136 135
f 4 135 106
f 4 106 82
f 4 82 56
f 4 56 30
f 4 30 13
f 4 13 14
f 4 14 5
f 5 14 6
f 6 15 7
f 6 14 15
f 7 15 16
f 7 16 17
f 7 17 18
f 7 18 19
f 7 19 20
f 7 20 21
f 7 21 8
f 8 21 22
f 8 22 23
f 8 23 24
f 8 24 9
f 9 24 25
f 10 26 27
f 10 27 11
f 13 28 29
f 13 29 14
f 13 30 31
f 13 31 32
f 13 32 28
f 14 29 15
f 15 29 33
f 15 33 34
f 15 34 35
f 15 35 16
f 16 35 36
f 16 36 37
f 16 37 17
f 17 37 38
f 17 38 39
f 17 39 40
f 17 40 41
f 17 41 42
f 17 42 43
f 17 43 19
f 17 19 18
f 19 43 44
f 19 44 20
f 20 22 21
f 20 44 22
f 22 44 23
f 23 44 45
f 23 45 46
f 23 46 47
f 23 47 48
f 23 48 49
f 23 49 24
f 24 49 48
f 24 48 50
f 24 50 51
f 24 51 25
f 26 52 27
f 27 52 53
f 28 32 31
f 28 31 54
f 28 54 55
f 28 55 33
f 28 33 29
f 30 56 31
f 31 56 57
f 31 57 58
f 31 58 59
f 31 59 54
f 33 55 60
f 33 60 34
f 34 60 36
f 34 36 35
f 36 60 61
f 36 61 62
f 36 62 63
f 36 63 37
f 37 63 64
f 37 64 38
f 38 64 39
f 39 64 65
f 39 65 40
f 40 65 66
f 40 66 67
f 40 67 41
f 41 68 42
f 41 67 69
f 41 69 68
f 42 70 43
f 42 68 70
f 43 70 44
f 44 70 71
f 44 71 72
f 44 72 46
f 44 46 45
f 46 73 74
f 46 74 75
f 46 75 76
f 46 76 47
f 46 72 73
f 47 76 77
f 47 77 50
f 47 50 48
f 50 77 51
f 51 77 78
f 52 79 53
f 53 79 80
f 54 59 81
f 54 81 61
f 54 61 55
f 55 61 60
f 56 82 57
f 57 82 83
f 57 83 84
f 57 84 58
f 58 84 85
f 58 85 59
f 59 85 81
f 61 81 86
f 61 86 87
f 61 87 62
f 62 87 88
f 62 88 63
f 63 88 89
f 63 89 64
f 64 89 90
f 64 90 65
f 65 90 66
f 66 90 67
f 67 90 91
f 67 91 92
f 67 92 93
f 67 93 94
f 67 94 95
f 67 95 69
f 68 72 70
f 68 69 96
f 68 96 72
f 69 95 96
f 70 72 71
f 72 96 73
f 73 96 97
f 73 97 74
f 74 77 76
f 74 76 75
f 74 97 98
f 74 98 99
f 74 99 100
f 74 100 101
f 74 101 77
f 77 101 102
f 77 102 103
f 77 103 78
f 79 104 80
f 80 104 105
f 81 85 84
f 81 84 86
f 82 106 83
f 83 106 107
f 83 107 108
f 83 108 109
f 83 109 110
f 83 110 84
f 84 110 111
f 84 111 86
f 86 111 112
f 86 112 113
f 86 113 87
f 87 113 114
f 87 114 88
f 88 114 115
f 88 115 89
f 89 115 116
f 89 116 90
f 90 116 117
f 90 117 91
f 91 117 118
f 91 118 92
f 92 118 119
f 92 119 93
f 93 119 120
f 93 120 121
f 93 121 94
f 94 121 122
f 94 122 95
f 95 97 96
f 95 122 123
f 95 123 124
f 95 124 97
f 97 124 98
f 98 124 125
f 98 125 126
f 98 126 127
f 98 127 99
f 99 127 100
f 100 128 101
f 100 127 129
f 100 129 130
f 100 130 128
f 101 128 130
f 101 130 131
f 101 131 102
f 102 131 132
f 102 132 103
f 104 133 105
f 105 133 134
f 106 135 107
f 107 135 136
f 107 136 108
f 108 136 137
f 108 137 109
f 109 137 138
f 109 138 110
f 110 138 139
f 110 139 111
f 111 139 112
f 112 139 140
f 112 140 113
f 113 140 141
f 113 141 114
f 114 141 142
f 114 142 115
f 115 142 143
f 115 143 116
f 116 143 144
f 116 144 117
f 117 144 118
f 118 144 145
f 118 145 119
f 119 145 146
f 119 146 120
f 120 146 147
f 120 147 148
f 120 148 149
f 120 149 150
f 120 150 151
f 120 151 152
f 120 152 121
f 121 152 122
f 122 152 123
f 123 152 153
f 123 153 125
f 123 125 124
f 125 153 126
f 126 153 154
f 126 154 155
f 126 155 156
f 126 156 129
f 126 129 127
f 129 156 157
f 129 157 158
f 129 158 159
f 129 159 130
f 130 159 132
f 130 132 131
f 132 159 160
f 132 160 161
f 132 161 162
f 133 163 134
f 133 164 165
f 133 165 163
f 136 166 137
f 137 166 167
f 137 167 168
f 137 168 169
f 137 169 170
f 137 170 171
f 137 171 172
f 137 172 138
f 138 172 173
f 138 173 139
f 139 173 140
f 140 173 174
f 140 174 175
f 140 175 176
f 140 176 141
f 141 176 177
f 141 177 178
f 141 178 142
f 142 178 179
f 142 179 180
f 142 180 143
f 143 180 181
f 143 181 144
f 144 181 182
f 144 182 183
f 144 183 184
f 144 184 145
f 145 184 185
f 145 185 186
f 145 186 146
f 146 186 187
f 146 187 147
f 147 187 149
f 147 149 148
f 149 187 150
f 150 188 189
f 150 189 190
f 150 190 191
f 150 191 151
f 150 187 192
f 150 192 193
f 150 193 194
f 150 194 195
f 150 195 188
f 151 191 152
f 152 191 196
f 152 196 197
f 152 197 153
f 153 197 198
f 153 198 199
f 153 199 200
f 153 200 154
f 154 200 201
f 154 201 202
f 154 202 155
f 155 203 156
f 155 202 201
f 155 201 204
f 155 204 203
f 156 203 204
f 156 204 157
f 157 204 158
f 158 204 161
f 158 161 159
f 159 161 160
f 161 204 205
f 161 205 206
f 161 206 162
f 164 207 208
f 164 208 165
f 164 209 207
f 166 210 167
f 167 210 211
f 167 211 212
f 167 212 168
f 168 212 169
f 169 212 213
f 169 213 214
f 169 214 170
f 170 214 171
f 171 214 172
f 172 214 215
f 172 215 173
f 173 215 216
f 173 216 174
f 174 216 175
f 175 216 217
f 175 217 218
f 175 218 176
f 176 218 219
f 176 219 177
f 177 219 178
f 178 219 179
f 179 219 220
f 179 220 180
f 180 220 181
f 181 220 182
f 182 220 221
f 182 221 183
f 183 221 185
f 183 185 184
f 185 221 222
f 185 222 223
f 185 223 224
f 185 224 187
f 185 187 186
f 187 224 225
f 187 225 226
f 187 226 227
f 187 227 192
f 188 195 228
f 188 228 229
f 188 229 189
f 189 230 190
f 189 229 230
f 190 230 231
f 190 231 232
f 190 232 201
f 190 201 199
f 190 199 198
f 190 198 197
f 190 197 196
f 190 196 191
f 192 227 233
f 192 233 234
f 192 234 193
f 193 234 235
f 193 235 236
f 193 236 194
f 194 236 237
f 194 237 195
f 195 237 228
f 199 201 200
f 201 232 238
f 201 238 239
f 201 239 204
f 204 239 206
f 204 206 205
f 206 239 238
f 206 238 240
f 207 209 241
f 209 242 241
f 210 243 212
f 210 212 211
f 212 243 244
f 212 244 245
f 212 245 246
f 212 246 247
f 212 247 213
f 213 247 248
f 213 248 249
f 213 249 250
f 213 250 251
f 213 251 214
f 214 251 252
f 214 252 253
f 214 253 216
f 214 216 215
f 216 253 254
f 216 254 217
f 217 254 255
f 217 255 218
f 218 255 256
f 218 256 219
f 219 256 257
f 219 257 220
f 220 257 258
f 220 258 221
f 221 258 259
f 221 259 222
f 222 259 260
f 222 260 223
f 223 260 261
f 223 261 224
f 224 261 262
f 224 262 263
f 224 263 225
f 225 263 226
f 226 263 264
f 226 264 233
f 226 233 227
f 228 237 265
f 228 265 229
f 229 265 266
f 229 266 230
f 230 266 231
f 231 267 232
f 231 266 240
f 231 240 267
f 232 267 240
f 232 240 238
f 233 264 268
f 233 268 269
f 233 269 270
f 233 270 234
f 234 270 235
f 235 270 271
f 235 271 272
f 235 272 236
f 236 272 237
f 237 272 273
f 237 273 274
f 237 274 265
f 241 242 275
f 242 276 275
f 244 277 245
f 245 277 278
f 245 278 279
f 245 279 246
f 246 279 280
f 246 280 247
f 247 280 249
f 247 249 248
f 249 280 281
f 249 281 282
f 249 282 283
f 249 283 284
f 249 284 251
f 249 251 250
f 251 284 285
f 251 285 252
f 252 285 253
f 253 285 286
f 253 286 287
f 253 287 254
f 254 287 255
f 255 287 288
f 255 288 289
f 255 289 290
f 255 290 291
f 255 291 256
f 256 291 258
f 256 258 257
f 258 291 292
f 258 292 293
f 258 293 259
f 259 293 294
f 259 294 260
f 260 294 295
f 260 295 261
f 261 295 296
f 261 296 297
f 261 297 262
f 262 297 263
f 263 297 298
f 263 298 268
f 263 268 264
f 268 299 269
f 268 298 300
f 268 300 299
f 269 299 301
f 269 301 270
f 270 301 271
f 271 301 302
f 271 302 272
f 272 302 303
f 272 303 273
f 273 303 304
f 273 304 305
f 273 305 274
f 275 276 306
f 275 306 307
f 277 308 309
f 277 309 278
f 278 309 310
f 278 310 279
f 279 310 311
f 279 311 280
f 280 311 312
f 280 312 281
f 281 312 313
f 281 313 282
f 282 313 283
f 283 313 314
f 283 314 284
f 284 314 315
f 284 315 316
f 284 316 285
f 285 316 317
f 285 317 286
f 286 317 318
f 286 318 287
f 287 318 288
f 288 318 289
f 289 291 290
f 289 318 319
f 289 319 320
f 289 320 321
f 289 321 291
f 291 321 292
f 292 321 322
f 292 322 293
f 293 322 323
f 293 323 294
f 294 323 358
f 294 358 324
f 294 324 325
f 294 325 295
f 295 325 326
f 295 326 327
f 295 327 296
f 296 327 297
f 297 327 328
f 297 328 298
f 298 328 329
f 298 329 300
f 299 300 330
f 299 330 331
f 299 331 301
f 300 329 364
f 300 364 332
f 300 332 365
f 300 365 330
f 301 331 302
f 302 331 333
f 302 333 303
f 303 333 334
f 303 334 335
f 303 335 304
f 304 335 305
f 305 335 337
f 305 337 336
f 306 338 307
f 307 338 339
f 307 339 340
f 308 341 309
f 309 341 342
f 309 342 310
f 310 343 311
f 310 342 344
f 310 344 343
f 311 343 345
f 311 345 312
f 312 346 313
f 312 345 347
f 312 347 346
f 313 346 348
f 313 348 314
f 314 348 315
f 315 348 349
f 315 349 316
f 316 349 350
f 316 350 317
f 317 350 351
f 317 351 352
f 317 352 318
f 318 352 353
f 318 353 319
f 319 353 354
f 319 354 355
f 319 355 320
f 320 355 321
f 321 355 356
f 321 356 322
f 322 356 323
f 323 356 357
f 323 357 392
f 323 392 358
f 324 358 359
f 324 359 360
f 324 360 361
f 324 361 325
f 325 361 362
f 325 362 326
f 326 362 363
f 326 363 328
f 326 328 327
f 328 363 364
f 328 364 329
f 330 365 366
f 330 366 331
f 331 366 333
f 332 364 367
f 332 367 368
f 332 368 365
f 333 366 369
f 333 369 370
f 333 370 371
f 333 371 334
f 334 371 337
f 334 337 335
f 336 337 373
f 336 373 372
f 337 371 373
f 339 374 375
f 339 375 340
f 341 376 342
f 342 376 377
f 342 377 344
f 343 344 378
f 343 378 379
f 343 379 380
f 343 380 345
f 344 377 378
f 345 380 347
f 346 347 348
f 347 380 381
f 347 381 382
f 347 382 383
f 347 383 348
f 348 383 384
f 348 384 349
f 349 384 350
f 350 384 385
f 350 385 351
f 351 385 386
f 351 386 387
f 351 387 388
f 351 388 352
f 352 388 353
f 353 388 389
f 353 389 354
f 354 389 355
f 355 389 356
f 356 389 390
f 356 390 391
f 356 391 392
f 356 392 357
f 358 392 391
f 358 391 393
f 358 393 394
f 358 394 395
f 358 395 359
f 359 396 360
f 359 395 397
f 359 397 398
f 359 398 399
f 359 399 396
f 360 396 400
f 360 400 401
f 360 401 361
f 361 401 402
f 361 402 362
f 362 402 403
f 362 403 363
f 363 403 364
f 364 403 404
f 364 404 367
f 365 368 369
f 365 369 366
f 367 404 405
f 367 405 368
f 368 405 406
f 368 406 407
f 368 407 408
f 368 408 369
f 369 408 407
f 369 407 409
f 369 409 410
f 369 410 411
f 369 411 412
f 369 412 370
f 370 412 371
f 371 412 413
f 371 413 373
f 372 373 415
f 372 415 416
f 372 416 417
f 372 417 418
f 372 418 419
f 372 419 420
f 372 420 421
f 372 421 422
f 372 422 423
f 372 423 424
f 372 424 425
f 372 425 426
f 372 426 414
f 373 413 427
f 373 427 415
f 374 428 429
f 374 429 430
f 374 430 375
f 376 431 377
f 377 431 432
f 377 432 433
f 377 433 434
f 377 434 378
f 378 434 379
f 379 434 435
f 379 435 437
f 379 437 380
f 380 436 381
f 380 437 495
f 380 495 436
f 381 436 382
f 382 438 384
f 382 384 383
f 382 436 495
f 382 495 439
f 382 439 440
f 382 440 438
f 384 438 386
f 384 386 385
f 386 438 440
f 386 440 441
f 386 441 442
f 386 442 387
f 387 442 388
f 388 442 443
f 388 443 389
f 389 443 445
f 389 445 390
f 390 444 391
f 390 445 446
f 390 446 447
f 390 447 444
f 391 444 448
f 391 448 394
f 391 394 393
f 394 397 395
f 394 448 449
f 394 449 450
f 394 450 451
f 394 451 452
f 394 452 453
f 394 453 397
f 396 399 400
f 397 453 454
f 397 454 398
f 398 454 399
f 399 454 400
f 400 454 455
f 400 455 456
f 400 456 457
f 400 457 458
f 400 458 402
f 400 402 401
f 402 458 457
f 402 457 403
f 403 457 456
f 403 456 459
f 403 459 460
f 403 460 404
f 404 460 406
f 404 406 405
f 406 461 407
f 406 460 462
f 406 462 463
f 406 463 464
f 406 464 461
f 407 410 409
f 407 461 410
f 410 465 411
f 410 461 466
f 410 466 467
f 410 467 465
f 411 413 412
f 411 465 413
f 413 465 427
f 414 426 469
f 414 469 470
f 414 470 471
f 414 471 472
f 414 472 473
f 414 473 474
f 414 474 468
f 415 427 475
f 415 475 416
f 416 475 417
f 417 475 418
f 418 476 477
f 418 477 479
f 418 479 478
f 418 478 419
f 418 475 476
f 419 478 420
f 420 478 479
f 420 479 480
f 420 480 421
f 421 480 481
f 421 481 482
f 421 482 483
f 421 483 422
f 422 483 484
f 422 484 423
f 423 484 425
f 423 425 424
f 425 485 486
f 425 486 469
f 425 469 426
f 425 484 482
f 425 482 485
f 427 465 467
f 427 467 475
f 428 487 429
f 429 487 488
f 429 488 489
f 429 489 490
f 432 491 433
f 433 491 560
f 433 560 492
f 433 492 434
f 434 492 493
f 434 493 494
f 434 494 435
f 435 494 437
f 437 494 496
f 437 496 495
f 439 495 497
f 439 497 440
f 440 497 498
f 440 498 441
f 441 498 499
f 441 499 500
f 441 500 442
f 442 500 445
f 442 445 443
f 444 447 501
f 444 501 448
f 445 500 502
f 445 502 503
f 445 503 446
f 446 503 447
f 447 503 504
f 447 504 501
f 448 501 505
f 448 505 449
f 449 505 450
f 450 505 506
f 450 506 507
f 450 507 508
f 450 508 451
f 451 508 509
f 451 509 510
f 451 510 452
f 452 510 511
f 452 511 454
f 452 454 453
f 454 511 512
f 454 512 513
f 454 513 455
f 455 514 515
f 455 515 456
f 455 513 514
f 456 516 459
f 456 515 517
f 456 517 518
f 456 518 516
f 459 516 460
f 460 516 462
f 461 464 466
f 462 516 518
f 462 518 519
f 462 519 463
f 463 519 520
f 463 520 464
f 464 521 466
f 464 520 522
f 464 522 521
f 466 521 467
f 467 521 476
f 467 476 475
f 468 474 524
f 468 524 525
f 468 525 526
f 468 526 527
f 468 527 528
f 468 528 529
f 468 529 530
f 468 530 531
f 468 531 532
f 468 532 533
f 468 533 534
f 468 534 535
f 468 535 536
f 468 536 537
f 468 537 538
f 468 538 539
f 468 539 540
f 468 540 541
f 468 541 523
f 469 486 542
f 469 542 543
f 469 543 544
f 469 544 470
f 470 544 471
f 471 544 545
f 471 545 472
f 472 546 547
f 472 547 548
f 472 548 474
f 472 474 473
f 472 545 546
f 474 548 549
f 474 549 525
f 474 525 524
f 476 521 477
f 477 550 551
f 477 551 479
f 477 521 550
f 479 551 552
f 479 552 553
f 479 553 480
f 480 553 481
f 481 553 554
f 481 554 482
f 482 484 483
f 482 554 555
f 482 555 485
f 485 555 486
f 486 556 557
f 486 557 542
f 486 555 556
f 489 558 490
f 490 558 559
f 492 560 561
f 492 561 562
f 492 562 563
f 492 563 493
f 493 563 494
f 494 564 496
f 494 563 565
f 494 565 566
f 494 566 567
f 494 567 564
f 495 496 568
f 495 568 497
f 496 564 568
f 497 568 569
f 497 569 498
f 498 569 570
f 498 570 499
f 499 570 571
f 499 571 500
f 500 571 572
f 500 572 573
f 500 573 574
f 500 574 502
f 501 504 575
f 501 575 505
f 502 574 576
f 502 576 577
f 502 577 504
f 502 504 503
f 504 578 579
f 504 579 580
f 504 580 581
f 504 581 575
f 504 577 578
f 505 575 506
f 506 575 581
f 506 581 507
f 507 581 582
f 507 582 583
f 507 583 584
f 507 584 585
f 507 585 508
f 508 585 586
f 508 586 509
f 509 512 510
f 509 586 587
f 509 587 512
f 510 512 511
f 512 587 514
f 512 514 513
f 514 587 588
f 514 588 515
f 515 588 589
f 515 589 590
f 515 590 517
f 517 590 591
f 517 591 518
f 518 591 592
f 518 592 519
f 519 592 593
f 519 593 594
f 519 594 595
f 519 595 520
f 520 595 668
f 520 668 596
f 520 596 597
f 520 597 522
f 521 522 597
f 521 597 550
f 523 541 598
f 523 598 599
f 523 599 600
f 523 600 601
f 523 601 602
f 523 602 603
f 523 603 604
f 523 604 605
f 525 549 606
f 525 606 607
f 525 607 608
f 525 608 609
f 525 609 526
f 526 609 527
f 527 609 528
f 528 609 610
f 528 610 611
f 528 611 612
f 528 612 613
f 528 613 614
f 528 614 529
f 529 614 530
f 530 614 531
f 531 614 615
f 531 615 532
f 532 615 616
f 532 616 533
f 533 616 617
f 533 617 534
f 534 617 535
f 535 617 618
f 535 618 536
f 536 618 537
f 537 618 538
f 538 618 619
f 538 619 620
f 538 620 621
f 538 621 540
f 538 540 539
f 540 621 622
f 540 622 623
f 540 623 541
f 541 623 624
f 541 624 598
f 542 557 543
f 543 557 544
f 544 625 545
f 544 557 625
f 545 625 626
f 545 626 546
f 546 626 547
f 547 626 627
f 547 627 607
f 547 607 548
f 548 607 549
f 549 607 606
f 550 597 551
f 551 628 552
f 551 597 628
f 552 629 553
f 552 628 629
f 553 630 631
f 553 631 554
f 553 629 630
f 554 631 632
f 554 632 555
f 555 632 633
f 555 633 634
f 555 634 556
f 556 634 557
f 557 634 635
f 557 635 625
f 558 636 559
f 559 636 637
f 559 637 638
f 561 639 640
f 561 640 562
f 562 640 563
f 563 640 565
f 564 641 568
f 564 567 641
f 565 640 566
f 566 640 642
f 566 642 567
f 567 643 641
f 567 642 644
f 567 644 643
f 568 645 569
f 568 641 643
f 568 643 645
f 569 645 729
f 569 729 646
f 569 646 647
f 569 647 570
f 570 572 571
f 570 647 573
f 570 573 572
f 573 576 574
f 573 647 648
f 573 648 649
f 573 649 576
f 576 579 578
f 576 578 577
f 576 649 650
f 576 650 579
f 579 650 651
f 579 651 580
f 580 651 652
f 580 652 737
f 580 737 653
f 580 653 581
f 581 653 654
f 581 654 655
f 581 655 582
f 582 655 656
f 582 656 583
f 583 656 657
f 583 657 584
f 584 657 658
f 584 658 659
f 584 659 660
f 584 660 585
f 585 660 661
f 585 661 662
f 585 662 586
f 586 663 587
f 586 662 663
f 587 663 589
f 587 589 588
f 589 663 661
f 589 661 664
f 589 664 665
f 589 665 666
f 589 666 590
f 590 666 591
f 591 666 667
f 591 667 594
f 591 594 593
f 591 593 592
f 594 668 595
f 594 667 669
f 594 669 670
f 594 670 668
f 596 668 671
f 596 671 628
f 596 628 597
f 598 624 672
f 598 672 599
f 599 672 600
f 600 672 673
f 600 673 674
f 600 674 675
f 600 675 602
f 600 602 601
f 602 675 604
f 602 604 603
f 604 675 676
f 604 676 677
f 604 677 605
f 605 677 678
f 605 678 679
f 605 679 680
f 605 680 681
f 605 681 682
f 605 682 683
f 605 683 684
f 605 684 685
f 605 685 686
f 605 686 687
f 605 687 688
f 605 688 766
f 605 766 689
f 607 627 690
f 607 690 691
f 607 691 608
f 608 691 609
f 609 691 692
f 609 692 693
f 609 693 610
f 610 693 611
f 611 693 694
f 611 694 612
f 612 694 613
f 613 695 696
f 613 696 697
f 613 697 614
f 613 694 695
f 614 697 698
f 614 698 615
f 615 698 699
f 615 699 616
f 616 699 700
f 616 700 701
f 616 701 617
f 617 701 702
f 617 702 703
f 617 703 618
f 618 703 704
f 618 704 619
f 619 704 620
f 620 705 706
f 620 706 621
f 620 704 705
f 621 706 622
f 622 707 708
f 622 708 709
f 622 709 623
f 622 706 707
f 623 709 624
f 624 709 710
f 624 710 672
f 625 635 711
f 625 711 712
f 625 712 626
f 626 712 713
f 626 713 627
f 627 713 714
f 627 714 691
f 627 691 690
f 628 671 715
f 628 715 629
f 629 715 716
f 629 716 630
f 630 716 717
f 630 717 631
f 631 717 718
f 631 718 632
f 632 718 719
f 632 719 633
f 633 719 634
f 634 719 720
f 634 720 721
f 634 721 635
f 635 721 722
f 635 722 711
f 637 723 638
f 638 723 724
f 639 725 640
f 640 725 726
f 640 726 727
f 640 727 642
f 642 727 644
f 643 644 728
f 643 728 729
f 643 729 645
f 644 727 730
f 644 730 728
f 646 729 731
f 646 731 648
f 646 648 647
f 648 731 732
f 648 732 733
f 648 733 649
f 649 733 734
f 649 734 650
f 650 734 735
f 650 735 652
f 650 652 651
f 652 735 736
f 652 736 737
f 653 737 654
f 654 737 738
f 654 738 739
f 654 739 656
f 654 656 655
f 656 739 657
f 657 739 825
f 657 825 740
f 657 740 658
f 658 740 827
f 658 827 741
f 658 741 742
f 658 742 659
f 659 742 743
f 659 743 744
f 659 744 745
f 659 745 660
f 660 745 661
f 661 745 746
f 661 746 664
f 661 663 662
f 664 746 665
f 665 746 747
f 665 747 666
f 666 747 748
f 666 748 749
f 666 749 669
f 666 669 667
f 668 670 750
f 668 750 715
f 668 715 671
f 669 749 748
f 669 748 751
f 669 751 752
f 669 752 670
f 670 752 750
f 672 710 753
f 672 753 673
f 673 753 754
f 673 754 674
f 674 754 755
f 674 755 756
f 674 756 675
f 675 756 676
f 676 756 757
f 676 757 678
f 676 678 677
f 678 757 679
f 679 757 758
f 679 758 680
f 680 758 759
f 680 759 682
f 680 682 681
f 682 759 760
f 682 760 684
f 682 684 683
f 684 761 685
f 684 760 761
f 685 761 686
f 686 761 762
f 686 762 763
f 686 763 687
f 687 764 765
f 687 765 688
f 687 763 764
f 688 765 851
f 688 851 850
f 688 850 930
f 688 930 1006
f 688 1006 1005
f 688 1005 1004
f 688 1004 1003
f 688 1003 1067
f 688 1067 1126
f 688 1126 1128
f 688 1128 1189
f 688 1189 1252
f 688 1252 1251
f 688 1251 1250
f 688 1250 1314
f 688 1314 1376
f 688 1376 1375
f 688 1375 1374
f 688 1374 1373
f 688 1373 1431
f 688 1431 1473
f 688 1473 1526
f 688 1526 1551
f 688 1551 1550
f 688 1550 1549
f 688 1549 1494
f 688 1494 1432
f 688 1432 1377
f 688 1377 1317
f 688 1317 1316
f 688 1316 1256
f 688 1256 1253
f 688 1253 1190
f 688 1190 1130
f 688 1130 1129
f 688 1129 1070
f 688 1070 1009
f 688 1009 931
f 688 931 852
f 688 852 767
f 688 767 766
f 689 766 767
f 689 767 768
f 691 714 769
f 691 769 770
f 691 770 692
f 692 770 693
f 693 770 771
f 693 771 772
f 693 772 694
f 694 772 773
f 694 773 695
f 695 773 772
f 695 772 774
f 695 774 696
f 696 699 698
f 696 698 697
f 696 774 775
f 696 775 776
f 696 776 777
f 696 777 700
f 696 700 699
f 700 777 701
f 701 777 702
f 702 777 778
f 702 778 779
f 702 779 780
f 702 780 704
f 702 704 703
f 704 780 705
f 705 781 782
f 705 782 783
f 705 783 706
f 705 780 781
f 706 783 707
f 707 783 784
f 707 784 785
f 707 785 708
f 708 785 786
f 708 786 709
f 709 786 787
f 709 787 710
f 710 787 753
f 711 788 712
f 711 722 788
f 712 788 789
f 712 789 790
f 712 790 713
f 713 790 791
f 713 791 714
f 714 791 792
f 714 792 769
f 715 750 716
f 716 750 793
f 716 793 717
f 717 793 794
f 717 794 795
f 717 795 718
f 718 795 796
f 718 796 719
f 719 796 797
f 719 797 720
f 720 797 798
f 720 798 721
f 721 799 722
f 721 798 799
f 722 799 800
f 722 800 788
f 723 801 724
f 724 801 802
f 724 802 803
f 724 803 804
f 724 804 805
f 724 805 806
f 724 806 807
f 725 808 809
f 725 809 726
f 726 809 727
f 727 809 810
f 727 810 811
f 727 811 815
f 727 815 730
f 728 812 729
f 728 730 813
f 728 813 812
f 729 812 732
f 729 732 731
f 730 814 813
f 730 815 814
f 732 812 893
f 732 893 816
f 732 816 817
f 732 817 733
f 733 817 734
f 734 817 818
f 734 818 819
f 734 819 736
f 734 736 735
f 736 819 820
f 736 820 821
f 736 821 737
f 737 821 822
f 737 822 823
f 737 823 738
f 738 823 824
f 738 824 825
f 738 825 739
f 740 825 826
f 740 826 827
f 741 827 828
f 741 828 829
f 741 829 830
f 741 830 831
f 741 831 742
f 742 831 832
f 742 832 743
f 743 833 834
f 743 834 744
f 743 832 835
f 743 835 833
f 744 834 745
f 745 834 746
f 746 834 747
f 747 834 836
f 747 836 748
f 748 836 837
f 748 837 751
f 750 752 793
f 751 837 838
f 751 838 752
f 752 794 793
f 752 838 839
f 752 839 795
f 752 795 794
f 753 787 840
f 753 840 841
f 753 841 754
f 754 841 842
f 754 842 755
f 755 842 843
f 755 843 756
f 756 843 844
f 756 844 757
f 757 844 758
f 758 844 845
f 758 845 759
f 759 845 846
f 759 846 847
f 759 847 761
f 759 761 760
f 761 847 762
f 762 848 764
f 762 764 763
f 762 847 849
f 762 849 848
f 764 850 851
f 764 851 765
f 764 848 850
f 767 853 854
f 767 854 855
f 767 855 768
f 769 792 770
f 770 856 857
f 770 857 771
f 770 792 856
f 771 857 772
f 772 857 858
f 772 858 859
f 772 859 774
f 774 859 860
f 774 860 775
f 775 860 776
f 776 861 862
f 776 862 863
f 776 863 777
f 776 860 861
f 777 863 778
f 778 863 864
f 778 864 779
f 779 865 866
f 779 866 780
f 779 864 865
f 780 866 781
f 781 867 782
f 781 866 867
f 782 867 868
f 782 868 869
f 782 869 783
f 783 869 784
f 784 869 870
f 784 870 785
f 785 870 871
f 785 871 786
f 786 871 872
f 786 872 787
f 787 872 840
f 788 800 789
f 789 800 873
f 789 873 874
f 789 874 790
f 790 874 875
f 790 875 791
f 791 875 876
f 791 876 877
f 791 877 878
f 791 878 792
f 792 878 856
f 795 839 796
f 796 839 879
f 796 879 797
f 797 879 880
f 797 880 881
f 797 881 882
f 797 882 798
f 798 882 799
f 799 882 883
f 799 883 800
f 800 883 884
f 800 884 873
f 806 885 807
f 807 885 887
f 807 887 886
f 808 888 810
f 808 810 809
f 810 888 889
f 810 889 890
f 810 890 811
f 811 890 891
f 811 891 892
f 811 892 815
f 812 813 814
f 812 814 893
f 814 894 893
f 814 815 892
f 814 892 895
f 814 895 896
f 814 896 894
f 816 893 894
f 816 894 897
f 816 897 818
f 816 818 817
f 818 820 819
f 818 897 898
f 818 898 820
f 820 898 899
f 820 899 900
f 820 900 822
f 820 822 821
f 822 900 901
f 822 901 823
f 823 901 902
f 823 902 903
f 823 903 904
f 823 904 824
f 824 904 825
f 825 904 905
f 825 905 826
f 826 828 827
f 826 905 906
f 826 906 907
f 826 907 908
f 826 908 828
f 828 908 829
f 829 909 830
f 829 908 910
f 829 910 911
f 829 911 909
f 830 909 912
f 830 912 831
f 831 912 832
f 832 913 835
f 832 912 914
f 832 914 915
f 832 915 916
f 832 916 913
f 833 836 834
f 833 835 836
f 835 913 919
f 835 919 917
f 835 917 918
f 835 918 836
f 836 918 837
f 837 918 917
f 837 917 919
f 837 919 920
f 837 920 838
f 838 920 921
f 838 921 839
f 839 921 879
f 840 872 922
f 840 922 923
f 840 923 841
f 841 923 924
f 841 924 842
f 842 924 925
f 842 925 843
f 843 925 926
f 843 926 844
f 844 926 845
f 845 926 927
f 845 927 846
f 846 927 928
f 846 928 849
f 846 849 847
f 848 849 929
f 848 929 930
f 848 930 850
f 849 928 929
f 852 931 932
f 853 933 934
f 853 934 854
f 856 878 935
f 856 935 936
f 856 936 937
f 856 937 857
f 857 936 938
f 857 938 858
f 857 937 936
f 858 938 859
f 859 938 939
f 859 939 860
f 860 939 940
f 860 940 861
f 861 940 862
f 862 940 941
f 862 941 942
f 862 942 863
f 863 942 864
f 864 942 943
f 864 943 865
f 865 943 944
f 865 944 945
f 865 945 866
f 866 945 867
f 867 945 946
f 867 946 868
f 868 946 947
f 868 947 948
f 868 948 869
f 869 948 949
f 869 949 950
f 869 950 870
f 870 950 951
f 870 951 952
f 870 952 871
f 871 952 953
f 871 953 872
f 872 953 922
f 873 884 874
f 874 954 875
f 874 884 954
f 875 954 955
f 875 955 876
f 876 955 877
f 877 955 956
f 877 956 878
f 878 956 957
f 878 957 958
f 878 958 935
f 879 921 880
f 880 921 959
f 880 959 881
f 881 959 882
f 882 959 960
f 882 960 961
f 882 961 883
f 883 961 884
f 884 962 954
f 884 961 963
f 884 963 962
f 886 887 934
f 886 934 933
f 889 964 890
f 890 964 965
f 890 965 966
f 890 966 967
f 890 967 891
f 891 967 892
f 892 967 968
f 892 968 895
f 894 896 897
f 895 968 969
f 895 969 970
f 895 970 971
f 895 971 972
f 895 972 896
f 896 972 897
f 897 972 973
f 897 973 898
f 898 973 974
f 898 974 899
f 899 974 975
f 899 975 976
f 899 976 977
f 899 977 900
f 900 977 902
f 900 902 901
f 902 977 978
f 902 978 979
f 902 979 980
f 902 980 903
f 903 980 905
f 903 905 904
f 905 980 906
f 906 980 907
f 907 980 981
f 907 981 982
f 907 982 983
f 907 983 910
f 907 910 908
f 909 911 984
f 909 984 985
f 909 985 986
f 909 986 912
f 910 983 987
f 910 987 988
f 910 988 989
f 910 989 990
f 910 990 911
f 911 990 984
f 912 986 914
f 913 916 919
f 914 986 985
f 914 985 991
f 914 991 915
f 915 991 992
f 915 992 993
f 915 993 994
f 915 994 995
f 915 995 916
f 916 995 919
f 919 995 996
f 919 996 920
f 920 996 921
f 921 996 959
f 922 997 998
f 922 998 923
f 922 953 997
f 923 998 999
f 923 999 924
f 924 999 1000
f 924 1000 926
f 924 926 925
f 926 1000 1001
f 926 1001 927
f 927 1002 928
f 927 1001 1002
f 928 1002 929
f 929 1003 1004
f 929 1004 1005
f 929 1005 1006
f 929 1006 930
f 929 1002 1007
f 929 1007 1008
f 929 1008 1003
f 931 1009 932
f 932 1009 1011
f 932 1011 1010
f 935 958 936
f 936 958 938
f 938 1012 939
f 938 958 1013
f 938 1013 1012
f 939 1012 1014
f 939 1014 1015
f 939 1015 940
f 940 1015 1016
f 940 1016 941
f 941 1016 1017
f 941 1017 1018
f 941 1018 942
f 942 1018 1019
f 942 1019 943
f 943 1019 944
f 944 1020 1021
f 944 1021 945
f 944 1019 1020
f 945 1021 946
f 946 1021 947
f 947 1022 1023
f 947 1023 1024
f 947 1024 948
f 947 1021 1022
f 948 1024 949
f 949 1025 1026
f 949 1026 951
f 949 951 950
f 949 1024 1025
f 951 1026 1027
f 951 1027 952
f 952 1027 1028
f 952 1028 953
f 953 1028 997
f 954 962 1029
f 954 1029 955
f 955 1029 956
f 956 1029 1030
f 956 1030 1031
f 956 1031 957
f 957 1031 1032
f 957 1032 958
f 958 1032 1033
f 958 1033 1013
f 959 996 960
f 960 996 1034
f 960 1034 961
f 961 1034 1037
f 961 1037 963
f 962 963 1035
f 962 1035 1036
f 962 1036 1029
f 963 1037 1035
f 965 1038 966
f 966 1038 1102
f 966 1102 1039
f 966 1039 1040
f 966 1040 967
f 967 1040 968
f 968 1040 1041
f 968 1041 1042
f 968 1042 969
f 969 971 970
f 969 1042 971
f 971 974 972
f 971 1042 1043
f 971 1043 974
f 972 974 973
f 974 1043 975
f 975 1043 1044
f 975 1044 976
f 976 1044 1045
f 976 1045 978
f 976 978 977
f 978 1045 1046
f 978 1046 1047
f 978 1047 1048
f 978 1048 979
f 979 1048 980
f 980 1048 1049
f 980 1049 981
f 981 1049 982
f 982 1049 1050
f 982 1050 1051
f 982 1051 987
f 982 987 983
f 984 990 1052
f 984 1052 985
f 985 1052 1053
f 985 1053 1058
f 985 1058 992
f 985 992 991
f 987 1051 1054
f 987 1054 988
f 988 1054 1055
f 988 1055 989
f 989 1055 1056
f 989 1056 990
f 990 1056 1057
f 990 1057 1052
f 992 1058 1059
f 992 1059 993
f 993 1059 994
f 994 996 995
f 994 1059 1060
f 994 1060 1034
f 994 1034 996
f 997 1028 1061
f 997 1061 1062
f 997 1062 998
f 998 1062 1063
f 998 1063 999
f 999 1063 1064
f 999 1064 1000
f 1000 1064 1065
f 1000 1065 1001
f 1001 1065 1002
f 1002 1065 1007
f 1003 1008 1066
f 1003 1066 1067
f 1007 1068 1066
f 1007 1066 1008
f 1007 1065 1069
f 1007 1069 1068
f 1009 1070 1071
f 1009 1071 1072
f 1009 1072 1011
f 1010 1073 1074
f 1010 1074 1075
f 1010 1011 1073
f 1011 1072 1073
f 1012 1013 1033
f 1012 1033 1076
f 1012 1076 1014
f 1014 1076 1077
f 1014 1077 1015
f 1015 1077 1078
f 1015 1078 1016
f 1016 1078 1017
f 1017 1078 1079
f 1017 1079 1080
f 1017 1080 1081
f 1017 1081 1019
f 1017 1019 1018
f 1019 1081 1082
f 1019 1082 1020
f 1020 1082 1083
f 1020 1083 1084
f 1020 1084 1021
f 1021 1084 1085
f 1021 1085 1022
f 1022 1085 1023
f 1023 1086 1087
f 1023 1087 1024
f 1023 1085 1088
f 1023 1088 1086
f 1024 1087 1025
f 1025 1087 1089
f 1025 1089 1090
f 1025 1090 1026
f 1026 1090 1091
f 1026 1091 1027
f 1027 1091 1092
f 1027 1092 1028
f 1028 1092 1061
f 1029 1036 1093
f 1029 1093 1094
f 1029 1094 1030
f 1030 1094 1031
f 1031 1094 1095
f 1031 1095 1032
f 1032 1096 1097
f 1032 1097 1033
f 1032 1095 1096
f 1033 1097 1098
f 1033 1098 1135
f 1033 1135 1076
f 1034 1060 1099
f 1034 1099 1037
f 1035 1037 1099
f 1035 1099 1100
f 1035 1100 1036
f 1036 1101 1093
f 1036 1100 1101
f 1039 1102 1103
f 1039 1103 1040
f 1040 1103 1104
f 1040 1104 1041
f 1041 1104 1105
f 1041 1105 1106
f 1041 1106 1042
f 1042 1106 1107
f 1042 1107 1043
f 1043 1107 1044
f 1044 1107 1108
f 1044 1108 1046
f 1044 1046 1045
f 1046 1108 1109
f 1046 1109 1110
f 1046 1110 1047
f 1047 1110 1049
f 1047 1049 1048
f 1049 1110 1050
f 1050 1111 1112
f 1050 1112 1054
f 1050 1054 1051
f 1050 1110 1111
f 1052 1057 1113
f 1052 1113 1114
f 1052 1114 1115
f 1052 1115 1053
f 1053 1115 1058
f 1054 1112 1116
f 1054 1116 1117
f 1054 1117 1118
f 1054 1118 1055
f 1055 1118 1056
f 1056 1118 1119
f 1056 1119 1113
f 1056 1113 1057
f 1058 1115 1120
f 1058 1120 1121
f 1058 1121 1059
f 1059 1121 1060
f 1060 1121 1099
f 1061 1092 1122
f 1061 1122 1123
f 1061 1123 1062
f 1062 1123 1124
f 1062 1124 1063
f 1063 1124 1125
f 1063 1125 1064
f 1064 1125 1069
f 1064 1069 1065
f 1066 1126 1067
f 1066 1068 1126
f 1068 1069 1127
f 1068 1127 1128
f 1068 1128 1126
f 1069 1125 1127
f 1070 1129 1071
f 1071 1129 1130
f 1071 1130 1131
f 1071 1131 1132
f 1071 1132 1072
f 1072 1132 1073
f 1073 1132 1133
f 1073 1133 1074
f 1074 1133 1075
f 1075 1133 1134
f 1076 1135 1077
f 1077 1135 1136
f 1077 1136 1137
f 1077 1137 1078
f 1078 1137 1079
f 1079 1137 1138
f 1079 1138 1080
f 1080 1139 1140
f 1080 1140 1081
f 1080 1138 1139
f 1081 1140 1082
f 1082 1140 1141
f 1082 1141 1083
f 1083 1142 1143
f 1083 1143 1084
f 1083 1141 1142
f 1084 1143 1085
f 1085 1143 1088
f 1086 1088 1087
f 1087 1088 1144
f 1087 1144 1145
f 1087 1145 1089
f 1088 1146 1144
f 1088 1143 1147
f 1088 1147 1146
f 1089 1145 1148
f 1089 1148 1149
f 1089 1149 1090
f 1090 1149 1150
f 1090 1150 1091
f 1091 1150 1092
f 1092 1150 1151
f 1092 1151 1122
f 1093 1101 1094
f 1094 1101 1152
f 1094 1152 1153
f 1094 1153 1154
f 1094 1154 1095
f 1095 1154 1096
f 1096 1155 1097
f 1096 1154 1155
f 1097 1155 1156
f 1097 1156 1157
f 1097 1157 1098
f 1098 1157 1135
f 1099 1121 1158
f 1099 1158 1159
f 1099 1159 1100
f 1100 1159 1160
f 1100 1160 1101
f 1101 1160 1152
f 1102 1161 1103
f 1103 1161 1162
f 1103 1162 1163
f 1103 1163 1104
f 1104 1163 1164
f 1104 1164 1105
f 1105 1164 1165
f 1105 1165 1166
f 1105 1166 1167
f 1105 1167 1106
f 1106 1168 1107
f 1106 1167 1168
f 1107 1168 1169
f 1107 1169 1108
f 1108 1169 1109
f 1109 1169 1170
f 1109 1170 1171
f 1109 1171 1110
f 1110 1171 1111
f 1111 1171 1172
f 1111 1172 1173
f 1111 1173 1174
f 1111 1174 1116
f 1111 1116 1112
f 1113 1175 1114
f 1113 1119 1176
f 1113 1176 1175
f 1114 1175 1177
f 1114 1177 1178
f 1114 1178 1115
f 1115 1178 1120
f 1116 1174 1179
f 1116 1179 1117
f 1117 1179 1180
f 1117 1180 1118
f 1118 1180 1181
f 1118 1181 1119
f 1119 1181 1182
f 1119 1182 1238
f 1119 1238 1176
f 1120 1178 1177
f 1120 1177 1183
f 1120 1183 1121
f 1121 1183 1158
f 1122 1184 1123
f 1122 1151 1184
f 1123 1184 1185
f 1123 1185 1186
f 1123 1186 1124
f 1124 1186 1187
f 1124 1187 1125
f 1125 1187 1127
f 1127 1188 1189
f 1127 1189 1128
f 1127 1187 1188
f 1130 1190 1131
f 1131 1190 1191
f 1131 1191 1192
f 1131 1192 1132
f 1132 1192 1193
f 1132 1193 1194
f 1132 1194 1133
f 1133 1194 1195
f 1133 1195 1196
f 1133 1196 1197
f 1133 1197 1134
f 1134 1197 1198
f 1135 1157 1199
f 1135 1199 1136
f 1136 1199 1137
f 1137 1199 1200
f 1137 1200 1138
f 1138 1200 1201
f 1138 1201 1139
f 1139 1201 1202
f 1139 1202 1203
f 1139 1203 1140
f 1140 1203 1141
f 1141 1204 1205
f 1141 1205 1142
f 1141 1203 1204
f 1142 1205 1206
f 1142 1206 1147
f 1142 1147 1143
f 1144 1146 1207
f 1144 1207 1208
f 1144 1208 1145
f 1145 1208 1148
f 1146 1147 1209
f 1146 1209 1210
f 1146 1210 1207
f 1147 1206 1209
f 1148 1211 1212
f 1148 1212 1149
f 1148 1208 1211
f 1149 1212 1150
f 1150 1212 1213
f 1150 1213 1214
f 1150 1214 1151
f 1151 1214 1184
f 1152 1215 1153
f 1152 1160 1215
f 1153 1215 1154
f 1154 1215 1216
f 1154 1216 1217
f 1154 1217 1155
f 1155 1217 1218
f 1155 1218 1156
f 1156 1218 1219
f 1156 1219 1157
f 1157 1219 1199
f 1158 1183 1159
f 1159 1220 1221
f 1159 1221 1160
f 1159 1183 1220
f 1160 1221 1222
f 1160 1222 1215
f 1162 1223 1224
f 1162 1224 1163
f 1163 1224 1165
f 1163 1165 1164
f 1165 1224 1225
f 1165 1225 1226
f 1165 1226 1166
f 1166 1226 1167
f 1167 1226 1227
f 1167 1227 1228
f 1167 1228 1229
f 1167 1229 1230
f 1167 1230 1231
f 1167 1231 1168
f 1168 1231 1170
f 1168 1170 1169
f 1170 1231 1230
f 1170 1230 1232
f 1170 1232 1173
f 1170 1173 1172
f 1170 1172 1171
f 1173 1232 1233
f 1173 1233 1174
f 1174 1233 1234
f 1174 1234 1235
f 1174 1235 1236
f 1174 1236 1179
f 1175 1176 1237
f 1175 1237 1239
f 1175 1239 1177
f 1176 1238 1237
f 1177 1239 1183
f 1179 1236 1240
f 1179 1240 1241
f 1179 1241 1180
f 1180 1241 1242
f 1180 1242 1243
f 1180 1243 1244
f 1180 1244 1181
f 1181 1244 1245
f 1181 1245 1182
f 1182 1245 1238
f 1183 1239 1220
f 1184 1246 1247
f 1184 1247 1185
f 1184 1214 1246
f 1185 1247 1186
f 1186 1247 1248
f 1186 1248 1249
f 1186 1249 1187
f 1187 1249 1188
f 1188 1249 1250
f 1188 1250 1251
f 1188 1251 1252
f 1188 1252 1189
f 1190 1253 1191
f 1191 1254 1255
f 1191 1255 1192
f 1191 1253 1256
f 1191 1256 1254
f 1192 1257 1258
f 1192 1258 1259
f 1192 1259 1193
f 1192 1255 1257
f 1193 1259 1260
f 1193 1260 1194
f 1194 1260 1261
f 1194 1261 1195
f 1195 1261 1262
f 1195 1262 1196
f 1196 1262 1263
f 1196 1263 1264
f 1196 1264 1198
f 1196 1198 1197
f 1198 1264 1265
f 1199 1266 1267
f 1199 1267 1268
f 1199 1268 1200
f 1199 1219 1266
f 1200 1268 1201
f 1201 1269 1202
f 1201 1268 1269
f 1202 1270 1204
f 1202 1204 1203
f 1202 1269 1270
f 1204 1270 1271
f 1204 1271 1272
f 1204 1272 1273
f 1204 1273 1205
f 1205 1273 1206
f 1206 1273 1274
f 1206 1274 1209
f 1207 1210 1275
f 1207 1275 1208
f 1208 1275 1276
f 1208 1276 1211
f 1209 1274 1277
f 1209 1277 1278
f 1209 1278 1210
f 1210 1278 1275
f 1211 1276 1279
f 1211 1279 1280
f 1211 1280 1281
f 1211 1281 1212
f 1212 1281 1282
f 1212 1282 1213
f 1213 1282 1214
f 1214 1282 1283
f 1214 1283 1246
f 1215 1222 1284
f 1215 1284 1285
f 1215 1285 1216
f 1216 1285 1217
f 1217 1286 1218
f 1217 1285 1286
f 1218 1286 1287
f 1218 1287 1219
f 1219 1287 1288
f 1219 1288 1266
f 1220 1239 1289
f 1220 1289 1221
f 1221 1289 1290
f 1221 1290 1222
f 1222 1290 1284
f 1223 1291 1224
f 1224 1291 1292
f 1224 1292 1225
f 1225 1292 1293
f 1225 1293 1294
f 1225 1294 1295
f 1225 1295 1227
f 1225 1227 1226
f 1227 1295 1296
f 1227 1296 1228
f 1228 1296 1297
f 1228 1297 1229
f 1229 1232 1230
f 1229 1297 1232
f 1232 1297 1298
f 1232 1298 1233
f 1233 1298 1234
f 1234 1298 1235
f 1235 1298 1299
f 1235 1299 1300
f 1235 1300 1301
f 1235 1301 1302
f 1235 1302 1240
f 1235 1240 1236
f 1237 1238 1303
f 1237 1303 1289
f 1237 1289 1239
f 1238 1304 1305
f 1238 1305 1306
f 1238 1306 1303
f 1238 1245 1304
f 1240 1302 1307
f 1240 1307 1308
f 1240 1308 1242
f 1240 1242 1241
f 1242 1308 1243
f 1243 1308 1309
f 1243 1309 1310
f 1243 1310 1244
f 1244 1310 1245
f 1245 1310 1364
f 1245 1364 1304
f 1246 1283 1311
f 1246 1311 1247
f 1247 1312 1313
f 1247 1313 1248
f 1247 1311 1312
f 1248 1313 1314
f 1248 1314 1250
f 1248 1250 1249
f 1254 1315 1257
f 1254 1257 1255
f 1254 1256 1316
f 1254 1316 1317
f 1254 1317 1315
f 1257 1318 1319
f 1257 1319 1258
f 1257 1315 1320
f 1257 1320 1318
f 1258 1319 1321
f 1258 1321 1259
f 1259 1321 1322
f 1259 1322 1260
f 1260 1322 1323
f 1260 1323 1261
f 1261 1323 1324
f 1261 1324 1262
f 1262 1324 1325
f 1262 1325 1263
f 1263 1325 1326
f 1263 1326 1327
f 1263 1327 1264
f 1264 1327 1265
f 1265 1327 1328
f 1266 1288 1329
f 1266 1329 1267
f 1267 1329 1330
f 1267 1330 1268
f 1268 1330 1331
f 1268 1331 1269
f 1269 1331 1332
f 1269 1332 1270
f 1270 1332 1271
f 1271 1332 1333
f 1271 1333 1334
f 1271 1334 1335
f 1271 1335 1336
f 1271 1336 1273
f 1271 1273 1272
f 1273 1336 1337
f 1273 1337 1274
f 1274 1337 1338
f 1274 1338 1339
f 1274 1339 1277
f 1275 1340 1341
f 1275 1341 1279
f 1275 1279 1276
f 1275 1278 1340
f 1277 1339 1342
f 1277 1342 1278
f 1278 1342 1340
f 1279 1341 1343
f 1279 1343 1344
f 1279 1344 1345
f 1279 1345 1280
f 1280 1345 1346
f 1280 1346 1281
f 1281 1346 1347
f 1281 1347 1282
f 1282 1347 1348
f 1282 1348 1283
f 1283 1348 1311
f 1284 1290 1349
f 1284 1349 1285
f 1285 1349 1350
f 1285 1350 1286
f 1286 1350 1287
f 1287 1350 1351
f 1287 1351 1352
f 1287 1352 1288
f 1288 1352 1329
f 1289 1303 1306
f 1289 1306 1290
f 1290 1306 1349
f 1291 1353 1292
f 1292 1353 1293
f 1293 1353 1354
f 1293 1354 1294
f 1294 1354 1355
f 1294 1355 1356
f 1294 1356 1295
f 1295 1356 1296
f 1296 1357 1297
f 1296 1356 1358
f 1296 1358 1359
f 1296 1359 1360
f 1296 1360 1357
f 1297 1357 1299
f 1297 1299 1298
f 1299 1357 1300
f 1300 1360 1301
f 1300 1357 1360
f 1301 1360 1361
f 1301 1361 1302
f 1302 1361 1362
f 1302 1362 1363
f 1302 1363 1307
f 1304 1364 1365
f 1304 1365 1366
f 1304 1366 1367
f 1304 1367 1305
f 1305 1367 1306
f 1306 1367 1368
f 1306 1368 1350
f 1306 1350 1349
f 1307 1363 1308
f 1308 1363 1369
f 1308 1369 1370
f 1308 1370 1371
f 1308 1371 1365
f 1308 1365 1309
f 1309 1364 1310
f 1309 1365 1364
f 1311 1372 1373
f 1311 1373 1374
f 1311 1374 1312
f 1311 1348 1372
f 1312 1374 1313
f 1313 1374 1375
f 1313 1375 1376
f 1313 1376 1314
f 1315 1317 1320
f 1317 1377 1378
f 1317 1378 1320
f 1318 1379 1380
f 1318 1380 1319
f 1318 1320 1379
f 1319 1380 1321
f 1320 1378 1381
f 1320 1381 1379
f 1321 1380 1382
f 1321 1382 1383
f 1321 1383 1322
f 1322 1383 1323
f 1323 1383 1384
f 1323 1384 1385
f 1323 1385 1324
f 1324 1385 1325
f 1325 1386 1387
f 1325 1387 1326
f 1325 1385 1386
f 1326 1387 1327
f 1327 1387 1388
f 1327 1388 1328
f 1328 1388 1389
f 1328 1389 1390
f 1329 1352 1391
f 1329 1391 1330
f 1330 1391 1392
f 1330 1392 1393
f 1330 1393 1331
f 1331 1393 1332
f 1332 1393 1333
f 1333 1394 1395
f 1333 1395 1334
f 1333 1393 1394
f 1334 1395 1335
f 1335 1396 1397
f 1335 1397 1398
f 1335 1398 1399
f 1335 1399 1336
f 1335 1395 1400
f 1335 1400 1396
f 1336 1399 1338
f 1336 1338 1337
f 1338 1399 1398
f 1338 1398 1401
f 1338 1401 1402
f 1338 1402 1339
f 1339 1402 1342
f 1340 1342 1403
f 1340 1403 1343
f 1340 1343 1341
f 1342 1402 1404
f 1342 1404 1403
f 1343 1403 1405
f 1343 1405 1406
f 1343 1406 1407
f 1343 1407 1344
f 1344 1407 1408
f 1344 1408 1345
f 1345 1408 1409
f 1345 1409 1346
f 1346 1409 1410
f 1346 1410 1347
f 1347 1410 1348
f 1348 1410 1411
f 1348 1411 1372
f 1350 1368 1412
f 1350 1412 1413
f 1350 1413 1351
f 1351 1413 1414
f 1351 1414 1352
f 1352 1414 1415
f 1352 1415 1391
f 1353 1416 1354
f 1354 1416 1417
f 1354 1417 1418
f 1354 1418 1419
f 1354 1419 1355
f 1355 1419 1356
f 1356 1419 1418
f 1356 1418 1358
f 1358 1418 1420
f 1358 1420 1359
f 1359 1420 1421
f 1359 1421 1360
f 1360 1421 1422
f 1360 1422 1361
f 1361 1422 1423
f 1361 1423 1424
f 1361 1424 1362
f 1362 1424 1425
f 1362 1425 1363
f 1363 1425 1369
f 1365 1371 1426
f 1365 1426 1412
f 1365 1412 1366
f 1366 1412 1367
f 1367 1412 1368
f 1369 1427 1428
f 1369 1428 1370
f 1369 1425 1427
f 1370 1428 1429
f 1370 1429 1371
f 1371 1429 1430
f 1371 1430 1426
f 1372 1431 1373
f 1372 1411 1431
f 1377 1432 1433
f 1377 1433 1434
f 1377 1434 1435
f 1377 1435 1378
f 1378 1435 1381
f 1379 1381 1436
f 1379 1436 1380
f 1380 1436 1437
f 1380 1437 1438
f 1380 1438 1382
f 1381 1439 1436
f 1381 1435 1439
f 1382 1438 1383
f 1383 1438 1440
f 1383 1440 1441
f 1383 1441 1384
f 1384 1441 1385
f 1385 1441 1442
f 1385 1442 1443
f 1385 1443 1386
f 1386 1443 1387
f 1387 1444 1445
f 1387 1445 1446
f 1387 1446 1388
f 1387 1443 1444
f 1388 1446 1447
f 1388 1447 1448
f 1388 1448 1389
f 1389 1448 1449
f 1389 1449 1450
f 1389 1450 1451
f 1389 1451 1390
f 1391 1415 1392
f 1392 1415 1452
f 1392 1452 1453
f 1392 1453 1393
f 1393 1453 1394
f 1394 1454 1395
f 1394 1453 1455
f 1394 1455 1454
f 1395 1454 1400
f 1396 1400 1456
f 1396 1456 1457
f 1396 1457 1458
f 1396 1458 1459
f 1396 1459 1397
f 1397 1459 1398
f 1398 1459 1460
f 1398 1460 1461
f 1398 1461 1401
f 1400 1454 1510
f 1400 1510 1456
f 1401 1461 1462
f 1401 1462 1402
f 1402 1462 1404
f 1403 1463 1405
f 1403 1404 1463
f 1404 1462 1463
f 1405 1464 1465
f 1405 1465 1466
f 1405 1466 1406
f 1405 1463 1467
f 1405 1467 1464
f 1406 1466 1407
f 1407 1466 1468
f 1407 1468 1469
f 1407 1469 1408
f 1408 1469 1470
f 1408 1470 1409
f 1409 1470 1410
f 1410 1470 1471
f 1410 1471 1472
f 1410 1472 1411
f 1411 1472 1473
f 1411 1473 1431
f 1412 1426 1474
f 1412 1474 1475
f 1412 1475 1413
f 1413 1475 1476
f 1413 1476 1414
f 1414 1476 1477
f 1414 1477 1478
f 1414 1478 1415
f 1415 1478 1479
f 1415 1479 1452
f 1416 1480 1417
f 1417 1480 1481
f 1417 1481 1418
f 1418 1481 1482
f 1418 1482 1420
f 1420 1482 1483
f 1420 1483 1421
f 1421 1423 1422
f 1421 1483 1484
f 1421 1484 1485
f 1421 1485 1423
f 1423 1485 1486
f 1423 1486 1487
f 1423 1487 1424
f 1424 1487 1488
f 1424 1488 1427
f 1424 1427 1425
f 1426 1430 1489
f 1426 1489 1474
f 1427 1488 1428
f 1428 1488 1490
f 1428 1490 1429
f 1429 1490 1491
f 1429 1491 1430
f 1430 1491 1545
f 1430 1545 1492
f 1430 1492 1493
f 1430 1493 1489
f 1432 1494 1433
f 1433 1495 1496
f 1433 1496 1497
f 1433 1497 1434
f 1433 1494 1495
f 1434 1497 1498
f 1434 1498 1435
f 1435 1498 1439
f 1436 1466 1465
f 1436 1465 1464
f 1436 1464 1437
f 1436 1439 1466
f 1437 1464 1438
f 1438 1464 1499
f 1438 1499 1500
f 1438 1500 1440
f 1439 1498 1466
f 1440 1500 1501
f 1440 1501 1441
f 1441 1501 1502
f 1441 1502 1442
f 1442 1502 1503
f 1442 1503 1443
f 1443 1503 1504
f 1443 1504 1444
f 1444 1504 1505
f 1444 1505 1445
f 1445 1505 1506
f 1445 1506 1447
f 1445 1447 1446
f 1447 1506 1507
f 1447 1507 1508
f 1447 1508 1448
f 1448 1508 1449
f 1449 1508 1509
f 1449 1509 1450
f 1452 1479 1453
f 1453 1479 1455
f 1454 1455 1510
f 1455 1511 1510
f 1455 1479 1512
f 1455 1512 1511
f 1456 1510 1513
f 1456 1513 1457
f 1457 1514 1458
f 1457 1513 1514
f 1458 1515 1516
f 1458 1516 1459
f 1458 1514 1517
f 1458 1517 1518
f 1458 1518 1519
f 1458 1519 1515
f 1459 1516 1520
f 1459 1520 1460
f 1460 1520 1521
f 1460 1521 1522
f 1460 1522 1523
f 1460 1523 1461
f 1461 1523 1524
f 1461 1524 1462
f 1462 1524 1463
f 1463 1524 1467
f 1464 1467 1525
f 1464 1525 1499
f 1466 1498 1468
f 1467 1524 1525
f 1468 1498 1497
f 1468 1497 1469
f 1469 1497 1470
f 1470 1497 1496
f 1470 1496 1495
f 1470 1495 1471
f 1471 1495 1472
f 1472 1495 1526
f 1472 1526 1473
f 1474 1489 1493
f 1474 1493 1527
f 1474 1527 1476
f 1474 1476 1475
f 1476 1527 1528
f 1476 1528 1477
f 1477 1528 1529
f 1477 1529 1478
f 1478 1529 1512
f 1478 1512 1479
f 1480 1530 1481
f 1481 1531 1482
f 1481 1530 1532
f 1481 1532 1533
f 1481 1533 1534
f 1481 1534 1531
f 1482 1531 1483
f 1483 1531 1534
f 1483 1534 1484
f 1484 1534 1535
f 1484 1535 1536
f 1484 1536 1537
f 1484 1537 1485
f 1485 1537 1486
f 1486 1537 1538
f 1486 1538 1539
f 1486 1539 1487
f 1487 1540 1488
f 1487 1539 1541
f 1487 1541 1542
f 1487 1542 1540
f 1488 1540 1490
f 1490 1540 1543
f 1490 1543 1544
f 1490 1544 1491
f 1491 1544 1545
f 1492 1545 1546
f 1492 1546 1547
f 1492 1547 1493
f 1493 1547 1548
f 1493 1548 1528
f 1493 1528 1527
f 1494 1549 1495
f 1495 1549 1550
f 1495 1550 1551
f 1495 1551 1526
f 1499 1525 1522
f 1499 1522 1500
f 1500 1522 1521
f 1500 1521 1501
f 1501 1521 1552
f 1501 1552 1502
f 1502 1552 1553
f 1502 1553 1503
f 1503 1553 1519
f 1503 1519 1504
f 1504 1519 1554
f 1504 1554 1505
f 1505 1554 1555
f 1505 1555 1506
f 1506 1555 1507
f 1507 1556 1508
f 1507 1555 1557
f 1507 1557 1558
f 1507 1558 1559
f 1507 1559 1556
f 1508 1556 1560
f 1508 1560 1561
f 1508 1561 1562
f 1508 1562 1509
f 1509 1562 1561
f 1509 1561 1563
f 1510 1511 1564
f 1510 1564 1513
f 1511 1512 1566
f 1511 1566 1564
f 1512 1529 1565
f 1512 1565 1566
f 1513 1567 1514
f 1513 1564 1567
f 1514 1567 1568
f 1514 1568 1517
f 1515 1519 1516
f 1516 1519 1553
f 1516 1553 1552
f 1516 1552 1520
f 1517 1568 1518
f 1518 1568 1569
f 1518 1569 1554
f 1518 1554 1519
f 1520 1552 1521
f 1522 1525 1523
f 1523 1525 1524
f 1528 1548 1565
f 1528 1565 1529
f 1532 1570 1533
f 1533 1570 1571
f 1533 1571 1534
f 1534 1571 1535
f 1535 1571 1572
f 1535 1572 1573
f 1535 1573 1536
f 1536 1541 1539
f 1536 1539 1537
f 1536 1573 1574
f 1536 1574 1575
f 1536 1575 1576
f 1536 1576 1541
f 1537 1539 1538
f 1540 1542 1543
f 1541 1576 1542
f 1542 1576 1577
f 1542 1577 1578
f 1542 1578 1543
f 1543 1578 1579
f 1543 1579 1544
f 1544 1579 1546
f 1544 1546 1545
f 1546 1579 1580
f 1546 1580 1581
f 1546 1581 1582
f 1546 1582 1547
f 1547 1582 1565
f 1547 1565 1548
f 1554 1569 1555
f 1555 1569 1557
f 1556 1559 1560
f 1557 1569 1583
f 1557 1583 1584
f 1557 1584 1558
f 1558 1584 1585
f 1558 1585 1586
f 1558 1586 1559
f 1559 1587 1560
f 1559 1586 1587
f 1560 1587 1561
f 1561 1587 1588
f 1561 1588 1589
f 1561 1589 1590
f 1561 1590 1591
f 1561 1591 1563
f 1564 1592 1567
f 1564 1566 1592
f 1565 1582 1593
f 1565 1593 1566
f 1566 1593 1592
f 1567 1594 1568
f 1567 1592 1595
f 1567 1595 1594
f 1568 1594 1596
f 1568 1596 1583
f 1568 1583 1569
f 1570 1597 1571
f 1571 1597 1572
f 1572 1597 1598
f 1572 1598 1599
f 1572 1599 1574
f 1572 1574 1573
f 1574 1599 1600
f 1574 1600 1601
f 1574 1601 1602
f 1574 1602 1575
f 1575 1602 1588
f 1575 1588 1603
f 1575 1603 1604
f 1575 1604 1605
f 1575 1605 1576
f 1576 1605 1577
f 1577 1605 1606
f 1577 1606 1607
f 1577 1607 1578
f 1578 1607 1580
f 1578 1580 1579
f 1580 1607 1608
f 1580 1608 1581
f 1581 1608 1609
f 1581 1609 1593
f 1581 1593 1582
f 1583 1596 1610
f 1583 1610 1584
f 1584 1610 1611
f 1584 1611 1612
f 1584 1612 1585
f 1585 1612 1604
f 1585 1604 1586
f 1586 1588 1587
f 1586 1604 1603
f 1586 1603 1588
f 1588 1602 1601
f 1588 1601 1589
f 1589 1613 1590
f 1589 1601 1616
f 1589 1616 1613
f 1592 1593 1609
f 1592 1609 1595
f 1594 1595 1596
f 1595 1614 1596
f 1595 1609 1608
f 1595 1608 1614
f 1596 1614 1610
f 1598 1615 1600
f 1598 1600 1599
f 1600 1615 1601
f 1601 1615 1616
f 1604 1606 1605
f 1604 1612 1606
f 1606 1612 1611
f 1606 1611 1607
f 1607 1611 1608
f 1608 1610 1614
f 1608 1611 1610
