v 0.28996384 -0.48575762 -0.65011299
v 0.28996384 -0.49004957 -0.64769924
v 0.27018040 -0.49004957 -0.64757216
v 0.27018040 -0.48575762 -0.64985889
v -0.36469984 -0.48040256 -0.12022518
v -0.18031305 -0.48040256 -0.12022518
v 0.31000587 -0.48575762 -0.64960486
v 0.31000587 -0.49004957 -0.64731812
v 0.28996384 -0.50176376 -0.64096606
v 0.27018040 -0.50162596 -0.64083904
v 0.25013834 -0.50097626 -0.64045787
v 0.25013834 -0.49004957 -0.64668292
v 0.25013834 -0.48575762 -0.64896965
v -0.12393671 -0.50412631 -0.47898883
v -0.14384946 -0.50412631 -0.46031383
v -0.16182265 -0.50412631 -0.44189286
v -0.16376221 -0.50412631 -0.43986022
v -0.17811489 -0.50412631 -0.42398012
v -0.18380424 -0.50412631 -0.41711989
v -0.19453645 -0.50412631 -0.40390763
v -0.19932067 -0.50412631 -0.39780965
v -0.20332909 -0.50412631 -0.39247394
v -0.20682028 -0.50412631 -0.38777342
v -0.21574220 -0.50412631 -0.37570453
v -0.22324181 -0.50412631 -0.36477903
v -0.23643076 -0.50412631 -0.34407133
v -0.23966336 -0.50412631 -0.33860859
v -0.24302524 -0.50412631 -0.33276469
v -0.24574065 -0.50412631 -0.32793713
v -0.25828308 -0.50412631 -0.30468863
v -0.26048124 -0.50412631 -0.30036926
v -0.26423103 -0.50585884 -0.28995189
v -0.25660211 -0.51586020 -0.28995189
v -0.25931752 -0.51930559 -0.27851820
v -0.16052961 -0.66064399 -0.22147682
v -0.36482918 -0.48538357 -0.10993486
v -0.36922550 -0.48040256 -0.10993486
v 0.23022562 -0.48575762 -0.64744514
v 0.21005426 -0.48575762 -0.64541250
v 0.19246899 -0.48575762 -0.64325279
v 0.39004475 -0.48575762 -0.64249057
v 0.38551915 -0.48575762 -0.64312577
v 0.36819246 -0.48575762 -0.64528543
v 0.34284899 -0.48575762 -0.64757216
v 0.32991862 -0.48575762 -0.64858854
v -0.18083027 -0.48040256 0.10857558
v 0.93324882 -0.48575762 -0.00995363
v 0.93260229 -0.48575762 -0.03002610
v 0.93143857 -0.48575762 -0.04997153
v 0.92949903 -0.48575762 -0.06991696
v 0.92704225 -0.48575762 -0.08910014
v 0.92393899 -0.48575762 -0.10993486
v 0.92316318 -0.48575762 -0.11463538
v 0.92018920 -0.48575762 -0.13000733
v 0.91656870 -0.48575762 -0.14652266
v 0.91010350 -0.48575762 -0.17116860
v 0.90480208 -0.48575762 -0.18984362
v 0.89911270 -0.48575762 -0.20737527
v 0.89691454 -0.48575762 -0.21372733
v 0.89044935 -0.48575762 -0.23075081
v 0.88333768 -0.48575762 -0.24891767
v 0.87596738 -0.48575762 -0.26594114
v 0.86226118 -0.48575762 -0.29465240
v 0.85644257 -0.48575762 -0.30583200
v 0.85282207 -0.48575762 -0.31243813
v 0.84299499 -0.48575762 -0.32984275
v 0.83342654 -0.48575762 -0.34546879
v 0.82476318 -0.48575762 -0.35918921
v 0.82062548 -0.48575762 -0.36554125
v 0.81558263 -0.48575762 -0.37278259
v 0.80213505 -0.48575762 -0.39158466
v 0.79140288 -0.48575762 -0.40581325
v 0.78571349 -0.48575762 -0.41292754
v 0.77562785 -0.48575762 -0.42537755
v 0.76489568 -0.48575762 -0.43795460
v 0.75868905 -0.48575762 -0.44494185
v 0.74485362 -0.48575762 -0.45955157
v 0.73968148 -0.48575762 -0.46476024
v 0.72494090 -0.48575762 -0.47898883
v 0.71873426 -0.48575762 -0.48483273
v 0.70528674 -0.48575762 -0.49690160
v 0.69545966 -0.48575762 -0.50528634
v 0.68563259 -0.48575762 -0.51316285
v 0.67334878 -0.48575762 -0.52281797
v 0.66584915 -0.48575762 -0.52828074
v 0.65421188 -0.48575762 -0.53666544
v 0.64347965 -0.48575762 -0.54390675
v 0.62563574 -0.48575762 -0.55521339
v 0.61373985 -0.48575762 -0.56232768
v 0.60520577 -0.48575762 -0.56715524
v 0.58606887 -0.48575762 -0.57782668
v 0.57675904 -0.48575762 -0.58265424
v 0.56486309 -0.48575762 -0.58837110
v 0.54637271 -0.48575762 -0.59713691
v 0.53176141 -0.48575762 -0.60323489
v 0.50538349 -0.48575762 -0.61327112
v 0.49452201 -0.48575762 -0.61708236
v 0.48792753 -0.48575762 -0.61936909
v 0.46995431 -0.48575762 -0.62483186
v 0.44422293 -0.48575762 -0.63169205
v 0.43025815 -0.48575762 -0.63499510
v 0.42637905 -0.48575762 -0.63588440
v 0.40995750 -0.48575762 -0.63918746
v 0.32991862 -0.49004957 -0.64630175
v 0.32991862 -0.50062191 -0.64020383
v 0.31000587 -0.50144875 -0.64071196
v 0.28996384 -0.51178485 -0.63410586
v 0.27018040 -0.51162732 -0.63397878
v 0.25013834 -0.51095796 -0.63347065
v 0.23785453 -0.50034624 -0.63994974
v 0.23074283 -0.49164426 -0.64439619
v -0.10389468 -0.50412631 -0.49626639
v -0.10829100 -0.50861514 -0.48851690
v -0.09432620 -0.51473802 -0.49512303
v -0.10221374 -0.52198309 -0.48178375
v -0.11540270 -0.51580113 -0.47581282
v -0.12923816 -0.50942230 -0.46920669
v -0.13622054 -0.51635242 -0.45624849
v -0.14940950 -0.50963891 -0.44938830
v -0.15626261 -0.51623428 -0.43592194
v -0.16906366 -0.50920576 -0.42906174
v -0.17565814 -0.51548612 -0.41496021
v -0.18820056 -0.50806385 -0.40759182
v -0.19582948 -0.51534832 -0.38980609
v -0.20436350 -0.50534695 -0.38980609
v -0.19970858 -0.51985681 -0.37951577
v -0.21160451 -0.51202106 -0.37214738
v -0.21768177 -0.51753366 -0.35652137
v -0.22931910 -0.50930417 -0.34889889
v -0.23604286 -0.51521051 -0.32984275
v -0.24393040 -0.50522882 -0.32984275
v -0.23914617 -0.51924652 -0.31866315
v -0.24263734 -0.52330220 -0.30532384
v -0.24535275 -0.52999604 -0.28804627
v -0.24005127 -0.54023367 -0.28029677
v -0.16285709 -0.66275054 -0.20991609
v -0.14087549 -0.66089994 -0.26162177
v -0.14384946 -0.66343963 -0.24993399
v -0.15044394 -0.66593999 -0.22884519
v -0.37452692 -0.48040256 -0.09570627
v -0.17889071 -0.65859646 -0.17688544
v 0.21005426 -0.48800203 -0.64426911
v 0.19246899 -0.48717514 -0.64249057
v 0.14992812 -0.50412631 -0.62406963
v 0.13583405 -0.50412631 -0.62076652
v 0.12367952 -0.50412631 -0.61759055
v 0.10919753 -0.50412631 -0.61327112
v 0.08967268 -0.50412631 -0.60717314
v 0.07648373 -0.50412631 -0.60285378
v 0.06316547 -0.50412631 -0.59802622
v 0.05618308 -0.50412631 -0.59523129
v 0.02993447 -0.50412631 -0.58392465
v 0.02075392 -0.50412631 -0.57960528
v 0.01558179 -0.50412631 -0.57693744
v -0.01053753 -0.50412631 -0.56296289
v -0.01777855 -0.50412631 -0.55877054
v -0.02398509 -0.50412631 -0.55495936
v -0.04376853 -0.50412631 -0.54238230
v -0.05463004 -0.50412631 -0.53463280
v -0.07027575 -0.50412631 -0.52319908
v -0.07699955 -0.50412631 -0.51824450
v -0.09665367 -0.50412631 -0.50249141
v 0.39004475 -0.49526682 -0.63690072
v 0.37000272 -0.49755061 -0.63829821
v 0.37000272 -0.48754922 -0.64414209
v 0.34827971 -0.49144739 -0.64414209
v -0.36159658 -0.48040256 0.10857558
v 0.28996384 -0.48581669 0.64773738
v 0.31000587 -0.48581669 0.64722925
v 0.32991862 -0.48581669 0.64633995
v 0.34996068 -0.48581669 0.64481544
v 0.36961481 -0.48581669 0.64290982
v 0.38577774 -0.48581669 0.64062309
v 0.39004475 -0.48581669 0.63998789
v 0.39857879 -0.48581669 0.63859046
v 0.40775934 -0.48581669 0.63706595
v 0.41241425 -0.48581669 0.63617665
v 0.42999953 -0.48581669 0.63249248
v 0.45030022 -0.48581669 0.62779194
v 0.46995431 -0.48581669 0.62283736
v 0.48004001 -0.48581669 0.61991543
v 0.48715168 -0.48581669 0.61762869
v 0.49258244 -0.48581669 0.61585009
v 0.51042634 -0.48581669 0.60949808
v 0.52917534 -0.48581669 0.60251081
v 0.53758007 -0.48581669 0.59908074
v 0.54611409 -0.48581669 0.59539652
v 0.57494879 -0.48581669 0.58218426
v 0.58606887 -0.48581669 0.57672149
v 0.61348122 -0.48581669 0.56211179
v 0.61878264 -0.48581669 0.55918986
v 0.62563574 -0.48581669 0.55512452
v 0.64580715 -0.48581669 0.54254746
v 0.65421188 -0.48581669 0.53683066
v 0.67347807 -0.48581669 0.52285612
v 0.67877948 -0.48581669 0.51891786
v 0.68563259 -0.48581669 0.51345509
v 0.69571829 -0.48581669 0.50532448
v 0.70114899 -0.48581669 0.50087804
v 0.70528674 -0.48581669 0.49719387
v 0.71899295 -0.48581669 0.48487088
v 0.72222549 -0.48581669 0.48194894
v 0.72507018 -0.48581669 0.47928110
v 0.73994005 -0.48581669 0.46492547
v 0.74252617 -0.48581669 0.46238464
v 0.75881839 -0.48581669 0.44510707
v 0.76179236 -0.48581669 0.44193104
v 0.77588648 -0.48581669 0.42541572
v 0.78015345 -0.48581669 0.42020705
v 0.79140288 -0.48581669 0.40572438
v 0.79799736 -0.48581669 0.39708561
v 0.80200577 -0.48581669 0.39136875
v 0.80588490 -0.48581669 0.38577896
v 0.81493610 -0.48581669 0.37231261
v 0.82153058 -0.48581669 0.36227638
v 0.83187485 -0.48581669 0.34550697
v 0.83795214 -0.48581669 0.33521664
v 0.84338289 -0.48581669 0.32581562
v 0.84402943 -0.48581669 0.32467225
v 0.85424441 -0.48581669 0.30561611
v 0.85889930 -0.48581669 0.29672325
v 0.86264914 -0.48581669 0.28910080
v 0.87351060 -0.48581669 0.26547116
v 0.87790692 -0.48581669 0.25543493
v 0.88126880 -0.48581669 0.24768543
v 0.88217396 -0.48581669 0.24552573
v 0.89032006 -0.48581669 0.22469102
v 0.89523357 -0.48581669 0.21147875
v 0.89962989 -0.48581669 0.19890170
v 0.90260392 -0.48581669 0.19000883
v 0.90816396 -0.48581669 0.17044453
v 0.91049141 -0.48581669 0.16218686
v 0.91488773 -0.48581669 0.14567155
v 0.91747379 -0.48581669 0.13500011
v 0.91876686 -0.48581669 0.12902918
v 0.92018920 -0.48581669 0.12229601
v 0.93299025 -0.48575762 -0.00195005
v 0.93014556 -0.49004957 -0.03002610
v 0.93286091 -0.48581669 0.00999180
v 0.93053347 -0.49002987 0.00999180
v 0.93066275 -0.49004957 -0.00195005
v 0.92251664 -0.50392944 -0.00995363
v 0.92911112 -0.49004957 -0.04997153
v 0.92717159 -0.49004957 -0.06991696
v 0.92005986 -0.50028718 -0.08109656
v 0.91915476 -0.49871218 -0.09443586
v 0.92355108 -0.48654515 -0.10993486
v 0.91786170 -0.49654651 -0.10993486
v 0.91592216 -0.49317992 -0.13000733
v 0.91424119 -0.48857298 -0.14919052
v 0.90648299 -0.49191990 -0.17167677
v 0.90402621 -0.48713577 -0.18997066
v 0.89820760 -0.49713716 -0.18997066
v 0.89549220 -0.48981330 -0.21093242
v 0.88695818 -0.49160489 -0.23113193
v 0.87945855 -0.49928313 -0.23875439
v 0.87700182 -0.49544400 -0.24993399
v 0.87273479 -0.48882893 -0.26899013
v 0.86329561 -0.48912424 -0.28830037
v 0.86019236 -0.50044471 -0.28042382
v 0.85683048 -0.49518806 -0.29389018
v 0.85049456 -0.49087644 -0.31091365
v 0.83976239 -0.49989343 -0.31980652
v 0.83678842 -0.49528649 -0.32984275
v 0.81816870 -0.49758998 -0.35728359
v 0.80032480 -0.50064158 -0.38040507
v 0.80316949 -0.48810047 -0.38815457
v 0.78196371 -0.50274813 -0.40251017
v 0.77666229 -0.49552277 -0.41597652
v 0.79528201 -0.49343586 -0.39374435
v 0.76955056 -0.48957705 -0.42944285
v 0.75752532 -0.49695995 -0.43719235
v 0.75028431 -0.49052206 -0.45015055
v 0.73787123 -0.49743247 -0.45777300
v 0.71744126 -0.49711746 -0.47759140
v 0.70981234 -0.48999050 -0.48978731
v 0.69636476 -0.49619216 -0.49690160
v 0.68860662 -0.48863202 -0.50884348
v 0.67464179 -0.49442023 -0.51570368
v 0.66132355 -0.50137001 -0.52078533
v 0.66869384 -0.48867142 -0.52421540
v 0.65097928 -0.49115208 -0.53526801
v 0.63830751 -0.49857438 -0.53882515
v 0.61386919 -0.49479431 -0.55635679
v 0.60830909 -0.48888797 -0.56347108
v 0.58981872 -0.48963612 -0.57338029
v 0.57469022 -0.49603462 -0.57719147
v 0.56861293 -0.48963612 -0.58417875
v 0.54960531 -0.48926204 -0.59345275
v 0.52995116 -0.49632996 -0.59751803
v 0.51960689 -0.49973595 -0.59967774
v 0.52995116 -0.48632857 -0.60361600
v 0.49141872 -0.48991174 -0.61555785
v 0.46995431 -0.49709779 -0.61797166
v 0.46995431 -0.48709640 -0.62406963
v 0.45146394 -0.49180177 -0.62635636
v 0.42883581 -0.48835641 -0.63385177
v 0.40995750 -0.49241209 -0.63524920
v 0.34026289 -0.50009030 -0.63982266
v 0.32991862 -0.51062328 -0.63334358
v 0.31000587 -0.51143044 -0.63385177
v 0.31000587 -0.52525127 -0.62381554
v 0.28996384 -0.52552688 -0.62406963
v 0.27018040 -0.52538908 -0.62394255
v 0.25013834 -0.52477878 -0.62356144
v 0.23009631 -0.52379435 -0.62267214
v 0.23074283 -0.50822139 -0.63385177
v 0.22453626 -0.49936187 -0.63944155
v -0.08087865 -0.52082151 -0.50058579
v -0.10854959 -0.52903134 -0.46869853
v -0.12290230 -0.52275091 -0.46247351
v -0.02372649 -0.66239619 -0.40276426
v -0.03704476 -0.65700173 -0.39704743
v -0.14294434 -0.52300686 -0.44290921
v -0.16246918 -0.52255404 -0.42270970
v -0.18121818 -0.52149093 -0.40149385
v -0.20436350 -0.52479845 -0.36617646
v -0.18587309 -0.52609783 -0.38980609
v -0.17979583 -0.53999740 -0.37964281
v -0.19220898 -0.53239793 -0.37303668
v -0.19802764 -0.53810740 -0.35702953
v -0.22194877 -0.52241623 -0.34318206
v -0.21005285 -0.53027165 -0.35016930
v -0.22595719 -0.52674752 -0.32984275
v -0.21975061 -0.53995800 -0.31967947
v -0.23125863 -0.53163010 -0.31243813
v -0.23668939 -0.53663081 -0.29363608
v -0.16660687 -0.66584152 -0.18997066
v -0.18095958 -0.66115588 -0.16354614
v -0.11966971 -0.65971863 -0.29960701
v -0.12367812 -0.66322309 -0.28626770
v -0.13014328 -0.66578245 -0.26886308
v -0.12807444 -0.67403167 -0.24828246
v -0.14785787 -0.67355913 -0.20801048
v -0.37646651 -0.48040256 -0.08960830
v -0.36676872 -0.49105364 -0.08846494
v 0.21005426 -0.49800342 -0.63855225
v 0.19246899 -0.49593621 -0.63740891
v 0.17009948 -0.50412631 -0.62800789
v 0.17009948 -0.50818199 -0.62546706
v 0.14992812 -0.50522882 -0.62330735
v 0.14992812 -0.51523018 -0.61632013
v 0.12807584 -0.50948137 -0.61492264
v 0.10842170 -0.51188326 -0.60768133
v 0.08993129 -0.50737476 -0.60501349
v 0.08993129 -0.51737618 -0.59777212
v 0.06988925 -0.51259202 -0.59421498
v 0.04260620 -0.51861650 -0.57871598
v 0.02993447 -0.50483507 -0.58341652
v 0.02993447 -0.51485616 -0.57579404
v 0.01015103 -0.50995386 -0.56969607
v 0.00200492 -0.51865590 -0.55851650
v -0.01002032 -0.51430488 -0.55521339
v -0.02269205 -0.52188468 -0.54136592
v -0.03601032 -0.51690364 -0.53717357
v -0.05902636 -0.51918745 -0.51900673
v -0.06652597 -0.50585884 -0.52459651
v 0.39043266 -0.51168638 -0.62584817
v 0.40995750 -0.50780791 -0.62521297
v 0.37000272 -0.51003265 -0.62991351
v 0.35371047 -0.49904686 -0.63918746
v -0.36405337 -0.48040256 0.10514548
v -0.20151883 -0.50318128 0.39721262
v -0.19725183 -0.50318128 0.40292948
v -0.18264052 -0.50318128 0.42173153
v -0.16350359 -0.50318128 0.44383666
v -0.14410806 -0.50318128 0.46403617
v -0.13389310 -0.50318128 0.47394538
v -0.12380740 -0.50318128 0.48347345
v 0.19246899 -0.48581669 0.64151239
v 0.21005426 -0.48581669 0.64367211
v 0.23009631 -0.48581669 0.64545065
v 0.25375885 -0.48581669 0.64684814
v 0.27418882 -0.48581669 0.64748329
v 0.27018040 -0.48969519 0.64532363
v 0.28996384 -0.48989207 0.64545065
v 0.31000587 -0.48957705 0.64519656
v 0.32991862 -0.48873049 0.64468843
v 0.34996068 -0.48741141 0.64392614
v 0.34996068 -0.49741277 0.63820934
v 0.37000272 -0.49558181 0.63706595
v 0.39004475 -0.49319959 0.63566852
v 0.41034541 -0.48876986 0.63477921
v 0.42999953 -0.49002987 0.63007873
v 0.44978297 -0.49111271 0.62487000
v 0.45624816 -0.49851531 0.61889911
v 0.46995431 -0.49542433 0.61699349
v 0.49025500 -0.48926204 0.61445266
v 0.50434905 -0.50235438 0.60136747
v 0.51055562 -0.49121115 0.60619503
v 0.51766735 -0.49869248 0.59882665
v 0.53008044 -0.49481401 0.59641284
v 0.56033748 -0.50024784 0.57989752
v 0.57352644 -0.49536526 0.57672149
v 0.58943081 -0.48922268 0.57278323
v 0.60805047 -0.48884860 0.56312811
v 0.61348122 -0.49469587 0.55626792
v 0.63817823 -0.49855468 0.53873628
v 0.66132355 -0.50135034 0.52082348
v 0.66869384 -0.48873049 0.52438062
v 0.67464179 -0.49453837 0.51574183
v 0.68873584 -0.48876986 0.50888163
v 0.69649410 -0.49632996 0.49693978
v 0.71757054 -0.49725527 0.47762957
v 0.73050094 -0.49069926 0.47038823
v 0.73787123 -0.49749154 0.45768413
v 0.75028431 -0.49060082 0.45031574
v 0.75752532 -0.49703872 0.43723053
v 0.77666229 -0.49560151 0.41576061
v 0.78183442 -0.50249225 0.40242133
v 0.80006623 -0.50020844 0.38006210
v 0.81351376 -0.49016768 0.37002587
v 0.81778079 -0.49692059 0.35630545
v 0.82178921 -0.50257099 0.34309319
v 0.83640051 -0.49125051 0.33153245
v 0.83898658 -0.49875155 0.31832021
v 0.84971875 -0.48967549 0.30942732
v 0.85644257 -0.49475494 0.28986302
v 0.85928720 -0.49906656 0.27855638
v 0.86239052 -0.50335848 0.26521710
v 0.87635529 -0.49067956 0.25187778
v 0.87842417 -0.49778685 0.23625174
v 0.88540655 -0.49067956 0.22977266
v 0.89394057 -0.48902580 0.20970018
v 0.89678526 -0.49520776 0.19000883
v 0.89885408 -0.49857438 0.17679657
v 0.90531927 -0.49115208 0.17006341
v 0.91139656 -0.49002987 0.14999093
v 0.91592216 -0.48951799 0.13195112
v 0.91708589 -0.49534556 0.10997304
v 0.92277527 -0.48581669 0.10921079
v 0.92587852 -0.48581669 0.08990056
v 0.92924041 -0.48581669 0.06373013
v 0.93066275 -0.48581669 0.05000971
v 0.93118000 -0.48581669 0.04403878
v 0.93208510 -0.48581669 0.02993723
v 0.93234372 -0.48581669 0.02358519
v 0.92212874 -0.50355536 -0.03002610
v 0.92975765 -0.49002987 0.02993723
v 0.92187011 -0.50318128 0.02993723
v 0.92225802 -0.50381130 0.00999180
v 0.91553426 -0.51381266 0.00999180
v 0.91566354 -0.51395047 -0.00995363
v 0.91540498 -0.51355672 -0.03002610
v 0.92148221 -0.50264972 -0.04997153
v 0.92057711 -0.50123221 -0.06991696
v 0.91385329 -0.51123357 -0.06991696
v 0.91359472 -0.50818199 -0.08859198
v 0.90893978 -0.51003265 -0.10993486
v 0.90480208 -0.51099735 -0.12848283
v 0.90363830 -0.50566196 -0.14995275
v 0.90156949 -0.50259066 -0.16621400
v 0.89975923 -0.49985406 -0.17955330
v 0.87971717 -0.51967967 -0.19911762
v 0.88476002 -0.50705981 -0.20991609
v 0.88191533 -0.50308287 -0.22541508
v 0.87480366 -0.50985545 -0.23113193
v 0.86135608 -0.52182561 -0.24320082
v 0.86652821 -0.51087922 -0.24993399
v 0.86264914 -0.50390977 -0.26987943
v 0.85527879 -0.51391113 -0.26987943
v 0.84933084 -0.50930417 -0.28880852
v 0.84351218 -0.50481540 -0.30646721
v 0.83575398 -0.51091856 -0.31180292
v 0.82127202 -0.52178621 -0.32234734
v 0.82631481 -0.51011139 -0.32933459
v 0.82243574 -0.50347662 -0.34394431
v 0.79967833 -0.51979774 -0.35957032
v 0.80394530 -0.50532728 -0.36986065
v 0.78170514 -0.52204216 -0.38218364
v 0.78855819 -0.50835919 -0.38802752
v 0.77653295 -0.51609647 -0.39552292
v 0.76993847 -0.51019013 -0.41000560
v 0.76334405 -0.50426412 -0.42385307
v 0.74420708 -0.50501227 -0.44443369
v 0.73838842 -0.51834089 -0.43820870
v 0.73140603 -0.51172578 -0.45129392
v 0.72455299 -0.50507134 -0.46425208
v 0.70412302 -0.50452006 -0.48356232
v 0.68304652 -0.50320101 -0.50236440
v 0.65369463 -0.51469862 -0.51532257
v 0.64813459 -0.50885135 -0.52396131
v 0.66869384 -0.50894982 -0.50884348
v 0.64024711 -0.52038836 -0.52002305
v 0.63093722 -0.51050514 -0.53412461
v 0.62498927 -0.50414598 -0.54301751
v 0.60068023 -0.50062191 -0.56016803
v 0.56137192 -0.50101566 -0.58049458
v 0.58994800 -0.50444132 -0.56308997
v 0.54999322 -0.50452006 -0.58316243
v 0.52361530 -0.52182561 -0.58125681
v 0.51171935 -0.50993419 -0.59497720
v 0.50615931 -0.50320101 -0.60209155
v 0.53020978 -0.51105642 -0.58684659
v 0.47124738 -0.51174545 -0.60730022
v 0.45909286 -0.49965718 -0.61949611
v 0.48999637 -0.50702041 -0.60475940
v 0.44577456 -0.50223631 -0.62127471
v 0.42999953 -0.50489414 -0.62318033
v 0.34827971 -0.50808352 -0.63359767
v 0.35008997 -0.52349907 -0.62241805
v 0.32991862 -0.52456218 -0.62330735
v 0.32991862 -0.65804517 -0.51837152
v 0.31000587 -0.65871459 -0.51887971
v 0.28996384 -0.65867519 -0.51887971
v 0.27018040 -0.65802550 -0.51837152
v 0.21005426 -0.52239656 -0.62165582
v 0.25013834 -0.65676546 -0.51760930
v 0.21005426 -0.51003265 -0.63042164
v -0.07001716 -0.52505440 -0.50477815
v -0.00213280 -0.66131335 -0.42131224
v -0.05773333 -0.65757269 -0.37761015
v -0.12923816 -0.52952349 -0.44913420
v -0.00924450 -0.66552651 -0.40962449
v -0.03019166 -0.66674721 -0.39031425
v -0.04441506 -0.66298681 -0.38370812
v -0.14915091 -0.52944475 -0.42906174
v -0.13570333 -0.53633547 -0.43554083
v -0.15548676 -0.53590232 -0.41483316
v -0.16854644 -0.52869666 -0.40809998
v -0.17578742 -0.53607953 -0.38980609
v -0.16117615 -0.54123771 -0.40149385
v -0.10169652 -0.66149056 -0.32222030
v -0.21664733 -0.53674895 -0.32984275
v -0.16802922 -0.67405134 -0.14868236
v -0.17126182 -0.66716063 -0.17015228
v -0.15096116 -0.67586261 -0.18997066
v -0.18276981 -0.66304588 -0.14995275
v -0.36004496 -0.50026751 -0.08058840
v -0.10596353 -0.66462088 -0.30989733
v -0.11178219 -0.66861749 -0.29160342
v -0.13169494 -0.67690605 -0.22998856
v -0.10880822 -0.67710292 -0.27064165
v -0.12005761 -0.68003643 -0.24053296
v -0.13997036 -0.67995769 -0.20000690
v -0.37944049 -0.48040256 -0.07995319
v 0.18884850 -0.51184392 -0.62622929
v 0.19246899 -0.50412631 -0.63194615
v 0.18160748 -0.51969934 -0.61949611
v 0.17009948 -0.51816368 -0.61835277
v 0.14992812 -0.52783036 -0.60628390
v 0.12988609 -0.52489686 -0.60374308
v 0.11398175 -0.52223903 -0.60158336
v 0.10066348 -0.51977807 -0.59955072
v 0.06988925 -0.52521187 -0.58417875
v 0.05592448 -0.52206182 -0.58138382
v 0.04829557 -0.53086227 -0.57058537
v 0.02993447 -0.52684599 -0.56588483
v 0.01545247 -0.52279031 -0.56220067
v 0.00097048 -0.53942645 -0.53920627
v -0.01002032 -0.52596003 -0.54517716
v 0.00821146 -0.53109854 -0.55076700
v -0.02954516 -0.52974010 -0.52955115
v 0.02075392 -0.65934455 -0.43922502
v -0.04570809 -0.52424717 -0.52383429
v 0.39728576 -0.51946306 -0.61936909
v 0.38396749 -0.52086091 -0.62038541
v 0.40995750 -0.51780927 -0.61809868
v 0.37000272 -0.52208155 -0.62140173
v -0.37129432 -0.48040256 0.08990056
v -0.26216215 -0.50318128 0.29646915
v -0.25867099 -0.50318128 0.30345640
v -0.24224943 -0.50318128 0.33407328
v -0.23707730 -0.50318128 0.34309319
v -0.22233668 -0.50318128 0.36684984
v -0.21677664 -0.50318128 0.37510750
v -0.20358768 -0.50863481 0.38793865
v -0.19996718 -0.52011275 0.37993506
v -0.19505367 -0.51436394 0.39340141
v -0.18871778 -0.50859541 0.40813816
v -0.17630464 -0.51613581 0.41563359
v -0.16983947 -0.50997359 0.42973512
v -0.16324499 -0.50379163 0.44358259
v -0.14372015 -0.50412631 0.46365505
v -0.13040188 -0.51060355 0.47038823
v -0.12354881 -0.50373256 0.48321936
v -0.10324815 -0.50318128 0.50113213
v 0.01635760 -0.50318128 0.57850009
v 0.02411582 -0.50318128 0.58218426
v 0.03329636 -0.50318128 0.58637661
v 0.05695890 -0.50318128 0.59641284
v 0.07001856 -0.50318128 0.60124040
v 0.07260463 -0.50318128 0.60212970
v 0.08954339 -0.50318128 0.60771948
v 0.09807742 -0.50318128 0.61026031
v 0.11747295 -0.50318128 0.61597717
v 0.12393813 -0.50318128 0.61775571
v 0.14255783 -0.50318128 0.62207514
v 0.15186769 -0.50318128 0.62398076
v 0.19246899 -0.49325866 0.63719302
v 0.21005426 -0.48634827 0.64341801
v -0.08307680 -0.50318128 0.51688522
v -0.06613806 -0.50318128 0.52908117
v -0.05605236 -0.50318128 0.53606838
v -0.04389784 -0.50318128 0.54432607
v -0.02320927 -0.50318128 0.55715722
v -0.01441664 -0.50318128 0.56223881
v -0.00717565 -0.50318128 0.56617713
v 0.23009631 -0.48792326 0.64430732
v 0.25013834 -0.48904550 0.64494252
v 0.27018040 -0.49969655 0.63960677
v 0.28996384 -0.49989343 0.63973379
v 0.31000587 -0.49959812 0.63947976
v 0.32991862 -0.49873185 0.63897157
v 0.37181297 -0.51200140 0.62614042
v 0.32991862 -0.51003265 0.63147616
v 0.34996068 -0.51003265 0.62982464
v 0.39004475 -0.50883168 0.62575930
v 0.40995750 -0.50625259 0.62398076
v 0.42999953 -0.50324035 0.62194806
v 0.44292989 -0.50111407 0.62055063
v 0.46348917 -0.52133340 0.60085928
v 0.47008365 -0.51127297 0.60619503
v 0.44978297 -0.50867420 0.61343634
v 0.48999637 -0.50581944 0.60390830
v 0.51055562 -0.50942230 0.59387201
v 0.52943397 -0.51058388 0.58574140
v 0.48999637 -0.51582086 0.59666693
v 0.54999322 -0.50339788 0.58218426
v 0.54999322 -0.51339924 0.57481587
v 0.56861293 -0.50920576 0.56922609
v 0.58981872 -0.50381130 0.56261998
v 0.60016298 -0.50024784 0.55995208
v 0.62485993 -0.50398850 0.54280156
v 0.63093722 -0.51040673 0.53403574
v 0.64024711 -0.52030963 0.52006125
v 0.64800525 -0.50883168 0.52399951
v 0.65356529 -0.51467896 0.51536071
v 0.66869384 -0.50893009 0.50888163
v 0.68317580 -0.50320101 0.50240254
v 0.70425230 -0.50446099 0.48360050
v 0.72455299 -0.50503194 0.46429026
v 0.71123469 -0.51141077 0.47102344
v 0.73140603 -0.51164705 0.45133209
v 0.74420708 -0.50493348 0.44434482
v 0.75093091 -0.51117450 0.43100554
v 0.76334405 -0.50408691 0.42389125
v 0.76980919 -0.50995386 0.40966266
v 0.77640367 -0.51584053 0.39505294
v 0.79528201 -0.51448208 0.36989883
v 0.79916108 -0.51910871 0.35859218
v 0.80342811 -0.50448072 0.36989883
v 0.78131717 -0.52153027 0.38171363
v 0.81053978 -0.51083982 0.35084268
v 0.81661707 -0.51591927 0.33420032
v 0.82489246 -0.50956011 0.32848349
v 0.83433163 -0.51019013 0.31095183
v 0.84260708 -0.50363410 0.30498090
v 0.85463232 -0.51003265 0.27106097
v 0.84571034 -0.51019013 0.28910080
v 0.84092611 -0.52117592 0.28185946
v 0.85734767 -0.51670676 0.25403747
v 0.86458868 -0.51003265 0.24844767
v 0.88101023 -0.50168502 0.22291245
v 0.86019236 -0.52042776 0.24069817
v 0.88333768 -0.50501227 0.20995426
v 0.90079367 -0.50152755 0.16345727
v 0.88592374 -0.51103669 0.18962771
v 0.88075161 -0.52121526 0.18289454
v 0.89355266 -0.50893009 0.17006341
v 0.90260392 -0.50410664 0.14999093
v 0.90493137 -0.50753230 0.12991847
v 0.91876686 -0.49825937 0.09002761
v 0.90609509 -0.51166672 0.11060824
v 0.92458552 -0.48825797 0.09002761
v 0.92510271 -0.49184114 0.07109850
v 0.92833531 -0.49002987 0.05000971
v 0.91488773 -0.51265109 -0.04997153
v 0.92122358 -0.50211817 0.05000971
v 0.91514635 -0.51320237 0.02993723
v 0.90557790 -0.52737755 0.00999180
v 0.91178447 -0.51926619 -0.00195005
v 0.90570718 -0.52751535 -0.00995363
v 0.90544856 -0.52718067 -0.03002610
v 0.90389693 -0.52519220 -0.06991696
v 0.90260392 -0.52355814 -0.08986239
v 0.90105224 -0.52151060 -0.10993486
v 0.90001786 -0.52027029 -0.12073334
v 0.89872479 -0.51828182 -0.13419968
v 0.89678526 -0.51564366 -0.14995275
v 0.89523357 -0.50957984 -0.17167677
v 0.88178605 -0.52239656 -0.18577830
v 0.77963626 -0.65958083 -0.15909971
v 0.76179236 -0.66202211 -0.20496149
v 0.86407143 -0.52505440 -0.22986153
v 0.87764829 -0.51706117 -0.20991609
v 0.85838211 -0.51810461 -0.25654012
v 0.75920630 -0.65887207 -0.21830079
v 0.73981076 -0.65985644 -0.25971615
v 0.84183127 -0.52245563 -0.28372690
v 0.83834004 -0.51816368 -0.29706618
v 0.72287202 -0.66277027 -0.28499728
v 0.71873426 -0.65847832 -0.29833660
v 0.80394530 -0.52469999 -0.34623104
v 0.81726360 -0.51680523 -0.33568662
v 0.82489246 -0.52584189 -0.30989733
v 0.70089042 -0.66101801 -0.32145804
v 0.76321471 -0.52365655 -0.40403467
v 0.75765467 -0.51759273 -0.41724694
v 0.74446571 -0.52466065 -0.42486939
v 0.65757370 -0.65696239 -0.37748310
v 0.72494090 -0.52501500 -0.44494185
v 0.71821707 -0.51839995 -0.45828116
v 0.69752848 -0.51784867 -0.47784546
v 0.69028753 -0.51052481 -0.49016845
v 0.67606413 -0.51652962 -0.49677458
v 0.66261661 -0.52239656 -0.50198323
v 0.60132670 -0.66095901 -0.42080408
v 0.62990278 -0.52408969 -0.52345318
v 0.61632591 -0.51749432 -0.53768176
v 0.60856771 -0.50904822 -0.54898840
v 0.60313696 -0.52221936 -0.54174709
v 0.58994800 -0.51444268 -0.55546749
v 0.57779348 -0.51865590 -0.55864352
v 0.56447518 -0.52273124 -0.56207365
v 0.54999322 -0.51452142 -0.57553995
v 0.53680426 -0.51836056 -0.57846189
v 0.49865973 -0.65914774 -0.47924292
v 0.51003844 -0.52501500 -0.58392465
v 0.48999637 -0.51702178 -0.59751803
v 0.46529943 -0.52204216 -0.60145634
v 0.45146394 -0.50936323 -0.61466855
v 0.47861767 -0.51952213 -0.59942365
v 0.42999953 -0.51489550 -0.61606604
v 0.35008997 -0.65668672 -0.51748222
v 0.32991862 -0.66765285 -0.50846231
v 0.37000272 -0.66623533 -0.50630265
v 0.35008997 -0.66712123 -0.50757307
v 0.31000587 -0.66790879 -0.50897050
v 0.28996384 -0.66790879 -0.50884348
v 0.27018040 -0.66765285 -0.50846231
v 0.25013834 -0.66716063 -0.50757307
v 0.23009631 -0.66633373 -0.50642967
v 0.19505507 -0.52107745 -0.62063950
v 0.23009631 -0.65503299 -0.51633888
v 0.21005426 -0.66515249 -0.50503224
v 0.00989243 -0.66440433 -0.42550460
v -0.06419849 -0.66304588 -0.36439788
v 0.01157337 -0.67479944 -0.40797293
v -0.02915725 -0.67690605 -0.36871728
v -0.05075094 -0.66727877 -0.37036881
v -0.00872728 -0.67619729 -0.38828158
v -0.07751676 -0.65717894 -0.35702953
v -0.08307680 -0.66249466 -0.34369022
v -0.08992988 -0.66568404 -0.32920754
v -0.17100319 -0.67533106 -0.13000733
v -0.18535590 -0.66532969 -0.13000733
v -0.16014171 -0.68005610 -0.14105989
v -0.36120868 -0.50119281 -0.06991696
v -0.38254374 -0.48040256 -0.06445420
v -0.20022580 -0.66026992 -0.08160473
v -0.08837825 -0.67497665 -0.30849987
v -0.09367970 -0.67832357 -0.28995189
v -0.09755880 -0.67978048 -0.27775598
v -0.08062005 -0.68011516 -0.30075037
v -0.10156721 -0.68029237 -0.26441666
v -0.12160924 -0.68033171 -0.22998856
v -0.14100477 -0.68025297 -0.18997066
v 0.19246899 -0.66377431 -0.50350773
v 0.17009948 -0.66143149 -0.50109398
v 0.15949659 -0.66013211 -0.49995059
v 0.14617833 -0.65745455 -0.49804497
v 0.10997334 -0.66194338 -0.48178375
v 0.09988767 -0.65999430 -0.47975108
v 0.04066665 -0.53968239 -0.55940574
v 0.05928637 -0.66034865 -0.46031383
v 0.03420149 -0.66292775 -0.44303626
v 0.39004475 -0.66501468 -0.50477815
v 0.42612046 -0.66158897 -0.50122100
v 0.40995750 -0.66334122 -0.50287253
v 0.37000272 -0.65459985 -0.51621181
v 0.42999953 -0.52773196 -0.60602981
v -0.37711298 -0.48040256 0.07389341
v -0.36599290 -0.48658451 0.08990056
v -0.16195196 -0.66210085 0.22469102
v -0.26203287 -0.52265251 0.26483595
v -0.25918818 -0.51902992 0.27817526
v -0.26371384 -0.50530756 0.28986302
v -0.25634354 -0.51530898 0.28986302
v -0.25000763 -0.51019013 0.31018957
v -0.24341315 -0.50475633 0.32988092
v -0.23578423 -0.51475769 0.32988092
v -0.22918975 -0.50908762 0.34855595
v -0.22298321 -0.50410664 0.36481720
v -0.18173540 -0.52200282 0.40229428
v -0.21768177 -0.51743525 0.35655951
v -0.20332909 -0.52377468 0.36989883
v -0.12147996 -0.66158897 0.30244008
v -0.16298637 -0.52314466 0.42351010
v -0.15703842 -0.51712024 0.43672237
v -0.15044394 -0.51062328 0.45031574
v -0.13725498 -0.51745492 0.45730302
v -0.11656642 -0.51706117 0.47699437
v -0.10971335 -0.50985545 0.48969844
v -0.09536064 -0.51595867 0.49605051
v -0.08204237 -0.52172714 0.50151324
v -0.01002032 -0.50479567 0.56350923
v 0.00174630 -0.51893151 0.55893576
v 0.02993447 -0.51497424 0.57583225
v 0.02993447 -0.50497288 0.58358175
v 0.04273552 -0.51861650 0.57875419
v 0.05605377 -0.52194375 0.58154905
v 0.07001856 -0.51259202 0.59412611
v 0.09006061 -0.51715958 0.59755623
v 0.09006061 -0.50713855 0.60505164
v 0.10880961 -0.51174545 0.60733837
v 0.11462827 -0.52192402 0.60136747
v 0.12859304 -0.50916636 0.61445266
v 0.14992812 -0.51436394 0.61572307
v 0.16997018 -0.51712024 0.61775571
v 0.16997018 -0.50711882 0.62474298
v 0.17617674 -0.50318128 0.62830013
v 0.19246899 -0.49449900 0.63643074
v 0.21005426 -0.49632996 0.63757414
v 0.23009631 -0.49792466 0.63846344
v -0.07001716 -0.51556492 0.51599592
v -0.07001716 -0.50556350 0.52450770
v -0.05980217 -0.51989621 0.51980716
v -0.04480296 -0.50406724 0.54305565
v -0.02876934 -0.50910729 0.54915363
v -0.01002032 -0.51479709 0.55563271
v 0.25013834 -0.49904686 0.63922566
v 0.25013834 -0.51003265 0.63173026
v 0.27018040 -0.51003265 0.63249248
v 0.28996384 -0.51003265 0.63274658
v 0.31000587 -0.51003265 0.63249248
v 0.37982976 -0.51999462 0.61978841
v 0.36651152 -0.52111685 0.62055063
v 0.32991862 -0.52328247 0.62220216
v 0.34996068 -0.52223903 0.62143993
v 0.39004475 -0.51883304 0.61889911
v 0.40995750 -0.51625395 0.61712050
v 0.42999953 -0.51324177 0.61508787
v 0.45004159 -0.52367628 0.60263789
v 0.47008365 -0.52883446 0.59285569
v 0.47680742 -0.51877397 0.59882665
v 0.42249995 -0.66074240 0.50049692
v 0.43594751 -0.65830112 0.49859130
v 0.52232224 -0.52121526 0.58078682
v 0.53564048 -0.51763213 0.57799190
v 0.48857403 -0.53062606 0.58548731
v 0.51003844 -0.52416843 0.58307356
v 0.54999322 -0.52607816 0.56477964
v 0.56357008 -0.52225876 0.56160361
v 0.57688832 -0.51818335 0.55830055
v 0.58981872 -0.51381266 0.55499750
v 0.60287833 -0.52200282 0.54140413
v 0.61619663 -0.51733679 0.53759289
v 0.59899926 -0.65930521 0.41919073
v 0.64722943 -0.52800757 0.50786531
v 0.66274583 -0.52239656 0.50189435
v 0.62990278 -0.52397156 0.52336431
v 0.56240636 -0.66139209 0.44129586
v 0.67606413 -0.51654929 0.49668571
v 0.69028753 -0.51048547 0.49020663
v 0.69752848 -0.51778960 0.47775659
v 0.71821707 -0.51836056 0.45819229
v 0.73825914 -0.51826215 0.43799278
v 0.75752532 -0.51743525 0.41703102
v 0.76295614 -0.52334154 0.40369174
v 0.78532559 -0.52599943 0.36989883
v 0.77963626 -0.53982019 0.35948148
v 0.79153216 -0.53186637 0.35236719
v 0.80329877 -0.52389282 0.34525287
v 0.76903337 -0.52911007 0.38857386
v 0.76166308 -0.54176933 0.38222179
v 0.77601576 -0.53600079 0.36989883
v 0.82049614 -0.52074277 0.32098806
v 0.83743495 -0.51696271 0.29519874
v 0.84364152 -0.52448344 0.26991761
v 0.82359946 -0.52420783 0.30993551
v 0.81829798 -0.53824520 0.29672325
v 0.74006939 -0.66019118 0.24031706
v 0.75972354 -0.65967929 0.19940987
v 0.84933084 -0.52928728 0.24844767
v 0.87609667 -0.51501364 0.20995426
v 0.86239052 -0.52304626 0.22989970
v 0.87855345 -0.51834089 0.19610681
v 0.89549220 -0.51410800 0.14999093
v 0.86614031 -0.52759409 0.20995426
v 0.85967511 -0.53983992 0.19940987
v 0.77989489 -0.65993524 0.13982765
v 0.88269114 -0.52365655 0.16993636
v 0.89807826 -0.51753366 0.12991847
v 0.89937133 -0.51942372 0.11759549
v 0.91967195 -0.49973595 0.07846688
v 0.91087931 -0.51003265 0.09002761
v 0.90066433 -0.52111685 0.10438323
v 0.92044777 -0.50099593 0.06525462
v 0.90480208 -0.52639318 -0.04997153
v 0.91437054 -0.51211953 0.05000971
v 0.90441418 -0.52590096 0.05000971
v 0.90506065 -0.52684599 0.02993723
v 0.80058342 -0.66074240 0.00999180
v 0.89781970 -0.53745770 -0.00195005
v 0.80071270 -0.66088021 -0.00995363
v 0.80032480 -0.66060460 -0.03002610
v 0.80006623 -0.66021085 -0.04260315
v 0.79954898 -0.65942335 -0.05594245
v 0.79864389 -0.65808457 -0.06991696
v 0.79709226 -0.65562361 -0.08986239
v 0.78325677 -0.66351837 -0.13000733
v 0.78131717 -0.66162837 -0.14576040
v 0.88527721 -0.53084260 -0.14792010
v 0.88411349 -0.52531034 -0.16989820
v 0.76786959 -0.66702282 -0.16989820
v 0.76450777 -0.66450280 -0.18997066
v 0.75144809 -0.66798753 -0.21093242
v 0.74653459 -0.66588092 -0.22986153
v 0.74278474 -0.66286868 -0.24637684
v 0.84532243 -0.52641284 -0.26987943
v 0.72700971 -0.66597939 -0.26987943
v 0.71110541 -0.66818440 -0.29096821
v 0.70489883 -0.66410899 -0.30989733
v 0.68938243 -0.66525090 -0.32869938
v 0.68252933 -0.66233712 -0.34318206
v 0.67709857 -0.65607643 -0.35652137
v 0.66378033 -0.66304588 -0.36414382
v 0.64412618 -0.66318369 -0.38396221
v 0.70502812 -0.52473938 -0.46450618
v 0.68421030 -0.52379435 -0.48343527
v 0.63688517 -0.65635204 -0.39730150
v 0.62356693 -0.66253400 -0.40276426
v 0.60882628 -0.66540843 -0.40962449
v 0.58994800 -0.66395152 -0.42448828
v 0.56447518 -0.66257340 -0.44252807
v 0.57779348 -0.65804517 -0.43846276
v 0.53990757 -0.65985644 -0.45980564
v 0.54999322 -0.52678692 -0.56550372
v 0.52658927 -0.66300648 -0.46285462
v 0.48534146 -0.66217959 -0.48191077
v 0.43943870 -0.65977770 -0.49969652
v 0.44991231 -0.52469999 -0.60348898
v 0.32991862 -0.67765421 -0.49232814
v 0.35008997 -0.67710292 -0.49194703
v 0.39004475 -0.67501605 -0.49067661
v 0.37000272 -0.67623669 -0.49143884
v 0.31000587 -0.67791015 -0.49245518
v 0.28996384 -0.67791015 -0.49245518
v 0.27018040 -0.67765421 -0.49232814
v 0.25013834 -0.67716199 -0.49194703
v 0.23009631 -0.67633510 -0.49131182
v 0.21005426 -0.67515385 -0.49054956
v 0.19246899 -0.67470104 -0.48826283
v 0.19078803 -0.67466164 -0.48800874
v 0.02851214 -0.66830254 -0.43147552
v -0.07053438 -0.66688502 -0.35016930
v 0.00601330 -0.67875671 -0.39387140
v 0.05036442 -0.67674857 -0.42855358
v 0.02993447 -0.67814636 -0.41191122
v 0.01933157 -0.68003643 -0.40009642
v -0.01441664 -0.67913079 -0.37456116
v -0.03510520 -0.67934734 -0.35525095
v -0.04906997 -0.67700452 -0.34902593
v -0.17164972 -0.67615795 -0.12022518
v -0.18755406 -0.66702282 -0.10993486
v -0.16104683 -0.68033171 -0.13000733
v -0.17927861 -0.67987889 -0.03764855
v -0.17772698 -0.67964268 -0.04984449
v -0.17539951 -0.67909139 -0.06991696
v -0.17358926 -0.67824483 -0.08986239
v -0.17229623 -0.67700452 -0.10993486
v -0.37271667 -0.49274677 -0.04984449
v -0.38487118 -0.48040256 -0.04984449
v -0.20100161 -0.66121495 -0.06991696
v -0.19143316 -0.66678655 -0.08897310
v -0.06872413 -0.67631543 -0.32882643
v -0.07454276 -0.67875671 -0.31421670
v -0.05514726 -0.67920953 -0.33492440
v -0.06122452 -0.68017423 -0.32158509
v -0.06872413 -0.68035144 -0.30849987
v -0.10984263 -0.68086332 -0.22998856
v -0.10880822 -0.68041050 -0.24828246
v -0.12988469 -0.68088299 -0.18997066
v -0.12910885 -0.68046957 -0.20801048
v -0.14333224 -0.68062705 -0.16989820
v 0.17009948 -0.67042881 -0.48978731
v 0.15173838 -0.66607779 -0.49067661
v 0.12988609 -0.66521156 -0.48534089
v 0.10997334 -0.67082256 -0.46984190
v 0.09187084 -0.66515249 -0.47009596
v 0.06988925 -0.66275054 -0.46285462
v 0.05152816 -0.66519183 -0.44976941
v 0.40931100 -0.67448449 -0.48800874
v 0.44991231 -0.66721970 -0.48800874
v 0.43168050 -0.66804659 -0.49169293
v -0.38047487 -0.48040256 0.06169747
v -0.18160608 -0.66188431 0.16980933
v -0.18005446 -0.66025025 0.18060781
v -0.16479662 -0.66471934 0.20982723
v -0.15134907 -0.66788906 0.23078899
v -0.14617693 -0.66542810 0.24997216
v -0.14242712 -0.66245526 0.26470891
v -0.15897799 -0.65869486 0.23803031
v -0.24005127 -0.54029274 0.28033495
v -0.24522340 -0.52993697 0.28808445
v -0.24250805 -0.52320373 0.30498090
v -0.23901683 -0.51897085 0.31832021
v -0.22181949 -0.52231777 0.34309319
v -0.10363606 -0.66310495 0.32467225
v -0.09833461 -0.65804517 0.33813858
v -0.13880661 -0.65849799 0.27804822
v -0.12535906 -0.66464061 0.28986302
v -0.11010125 -0.66629434 0.30942732
v -0.07932702 -0.65912801 0.35910034
v -0.14992672 -0.53009444 0.42998919
v -0.14372015 -0.52373528 0.44396371
v -0.05967286 -0.65958083 0.37955394
v -0.12393671 -0.52363688 0.46365505
v -0.03937221 -0.65930521 0.39924529
v -0.10337746 -0.52288872 0.48271120
v -0.01777855 -0.65776956 0.41817439
v -0.02320927 -0.52217996 0.54178524
v 0.05605377 -0.66206151 0.46200353
v 0.01506457 -0.52280998 0.56236589
v 0.08307821 -0.65796643 0.47839180
v 0.09639648 -0.66154963 0.48131374
v 0.07001856 -0.52503473 0.58408988
v 0.10131001 -0.51956153 0.59946185
v 0.14281644 -0.65879333 0.49909949
v 0.13001539 -0.52438504 0.60340011
v 0.14992812 -0.52723974 0.60568684
v 0.15613469 -0.66105741 0.50075102
v 0.16997018 -0.66263247 0.50227553
v 0.19246899 -0.52698380 0.61369044
v 0.18561590 -0.51891184 0.61889911
v 0.19246899 -0.51129264 0.62537819
v 0.19246899 -0.50318128 0.63084096
v 0.23009631 -0.51003265 0.63033277
v 0.21005426 -0.51003265 0.62830013
v -0.04648390 -0.52471972 0.52425361
v -0.03652754 -0.51739585 0.53759289
v -0.00446028 -0.66284901 0.42312899
v 0.01829714 -0.66107708 0.44091472
v 0.25013834 -0.52330220 0.62232924
v 0.27018040 -0.52391249 0.62271035
v 0.28996384 -0.52410936 0.62283736
v 0.31000587 -0.52393222 0.62271035
v 0.34996068 -0.65585983 0.51701224
v 0.37000272 -0.65373355 0.51561481
v 0.39004475 -0.54163146 0.60111338
v 0.39004475 -0.53003538 0.61026031
v 0.32991862 -0.65729707 0.51790154
v 0.31000587 -0.65816331 0.51853675
v 0.40905237 -0.53129542 0.60594094
v 0.42999953 -0.52678692 0.60505164
v 0.42999953 -0.53678828 0.59717512
v 0.48094511 -0.54041082 0.58015162
v 0.42948234 -0.66690469 0.49109590
v 0.45004159 -0.66607779 0.48639539
v 0.46995431 -0.66332150 0.48309231
v 0.41512966 -0.53883582 0.59882665
v 0.40995750 -0.66231745 0.50189435
v 0.48275536 -0.66113615 0.48093262
v 0.53033906 -0.53021258 0.56998831
v 0.49426341 -0.53767425 0.57773781
v 0.53822660 -0.53919017 0.55906284
v 0.52426183 -0.66202211 0.46187648
v 0.57882786 -0.53942645 0.53924441
v 0.53758007 -0.65826178 0.45844638
v 0.58981872 -0.52607816 0.54496127
v 0.61011934 -0.53019291 0.52997041
v 0.60986078 -0.66369557 0.40496212
v 0.62072223 -0.66062427 0.40051571
v 0.67632276 -0.53710330 0.47686732
v 0.66946965 -0.52974010 0.48944438
v 0.58568096 -0.66324276 0.42363715
v 0.68421030 -0.52377468 0.48334640
v 0.61736035 -0.53836334 0.51828265
v 0.54999322 -0.66426653 0.44485301
v 0.56925941 -0.66617626 0.43011624
v 0.69752848 -0.53800893 0.45768413
v 0.70489883 -0.52468032 0.46441731
v 0.69080472 -0.53090167 0.47064230
v 0.71795845 -0.53822553 0.43773869
v 0.72494090 -0.52487719 0.44485301
v 0.71136403 -0.53143322 0.45120504
v 0.73114741 -0.53131509 0.43125960
v 0.74420708 -0.52442437 0.42478052
v 0.75041366 -0.53054726 0.41042489
v 0.75649095 -0.53668988 0.39556110
v 0.79735082 -0.53722143 0.33547074
v 0.70153689 -0.66152990 0.30231303
v 0.71925151 -0.65920675 0.27893752
v 0.66003048 -0.66013211 0.35998964
v 0.67839158 -0.65836018 0.33801156
v 0.80122995 -0.54145432 0.32225847
v 0.81467754 -0.53420919 0.30993551
v 0.72972512 -0.66481781 0.24819359
v 0.74252617 -0.66245526 0.22989970
v 0.72313058 -0.66278994 0.26547116
v 0.74731040 -0.66609746 0.20995426
v 0.76218027 -0.66227806 0.18607056
v 0.88553584 -0.52710193 0.14999093
v 0.76489568 -0.66471934 0.16993636
v 0.76825756 -0.66692436 0.14999093
v 0.78157580 -0.66174650 0.12648836
v 0.87907064 -0.53915083 0.13677868
v 0.88682890 -0.53151196 0.13004550
v 0.88062233 -0.54096210 0.12343938
v 0.89329404 -0.52867693 0.11060824
v 0.91449982 -0.50859541 0.07109850
v 0.90182805 -0.52267218 0.09002761
v 0.79748017 -0.65647018 0.06995513
v 0.89381129 -0.53267354 0.09002761
v 0.90325040 -0.52450311 0.06995513
v 0.79967833 -0.65971863 0.03781377
v 0.80019552 -0.66034865 0.02447447
v 0.79179078 -0.66676688 0.03069948
v 0.78985125 -0.66928691 0.00999180
v 0.78985125 -0.66946411 -0.00195005
v 0.78985125 -0.66954285 -0.00995363
v 0.78985125 -0.66918844 -0.03002610
v 0.79166150 -0.66670781 -0.04959041
v 0.78868753 -0.66761345 -0.06991696
v 0.78713584 -0.66668814 -0.08986239
v 0.78519630 -0.66534936 -0.10993486
v 0.77174878 -0.66796780 -0.15135022
v 0.76812828 -0.67456323 -0.12899101
v 0.75209463 -0.67700452 -0.16989820
v 0.74847412 -0.67539012 -0.18984362
v 0.72881997 -0.67666984 -0.23138601
v 0.73179394 -0.66879469 -0.25183961
v 0.70903653 -0.67666984 -0.27076870
v 0.69403732 -0.67814636 -0.28995189
v 0.68834794 -0.67452383 -0.30862692
v 0.67011619 -0.66684562 -0.34991524
v 0.65046203 -0.66749531 -0.37036881
v 0.63003206 -0.66712123 -0.39031425
v 0.60986078 -0.67649263 -0.38917089
v 0.58878428 -0.67446476 -0.40835407
v 0.57068181 -0.66796780 -0.43096736
v 0.54999322 -0.66584152 -0.44684747
v 0.51003844 -0.66609746 -0.46666586
v 0.53189075 -0.66889316 -0.45180207
v 0.49116009 -0.66824347 -0.47149342
v 0.46995431 -0.66473901 -0.48457864
v 0.40219930 -0.68011516 -0.48013219
v 0.39004475 -0.68031204 -0.48064038
v 0.37000272 -0.68052864 -0.48140261
v 0.35008997 -0.68060738 -0.48203781
v 0.32991862 -0.68060738 -0.48241895
v 0.27018040 -0.68058765 -0.48229191
v 0.25013834 -0.68056798 -0.48191077
v 0.23009631 -0.68046957 -0.48140261
v 0.21005426 -0.68025297 -0.48064038
v 0.19802904 -0.68007576 -0.48000517
v 0.19246899 -0.67991829 -0.47898883
v 0.18458147 -0.67966235 -0.47746435
v 0.14992812 -0.67747700 -0.47225568
v 0.06988925 -0.67172819 -0.44976941
v 0.08049214 -0.67991829 -0.43909797
v 0.01157337 -0.68017423 -0.38828158
v -0.02191624 -0.68013483 -0.36122188
v 0.09381041 -0.68025297 -0.44125769
v 0.10997334 -0.68048924 -0.44494185
v 0.14992812 -0.68102080 -0.44976941
v -0.04169968 -0.68017423 -0.34178460
v -0.18988150 -0.67036974 -0.06991696
v -0.16156405 -0.68048924 -0.12022518
v -0.14992672 -0.68106019 -0.13000733
v -0.18018374 -0.68003643 -0.02430926
v -0.18807125 -0.67462230 -0.03053426
v -0.18988150 -0.67220068 -0.04984449
v -0.16221055 -0.68062705 -0.10993486
v -0.37349248 -0.49373117 -0.02989906
v -0.38681078 -0.48040256 -0.02989906
v -0.38538843 -0.48040256 -0.04463581
v -0.20216534 -0.66249466 -0.04984449
v -0.04906997 -0.68035144 -0.32882643
v -0.07001716 -0.68066645 -0.28995189
v -0.09005919 -0.68092239 -0.24993399
v -0.10984263 -0.68111926 -0.20991609
v -0.12988469 -0.68121767 -0.16989820
v 0.12885165 -0.67609888 -0.46844444
v 0.12148136 -0.67981982 -0.45840821
v 0.08825035 -0.67710292 -0.44862604
v 0.41564685 -0.67962301 -0.47746435
v 0.44991231 -0.67722106 -0.47225568
v 0.47060084 -0.67564607 -0.46844444
v -0.38267303 -0.48040256 0.04975562
v -0.38150930 -0.48174131 0.04975562
v -0.19970858 -0.65969896 0.09892047
v -0.18419215 -0.66446340 0.14986390
v -0.16983947 -0.67094070 0.16980933
v -0.17061529 -0.66601872 0.18835731
v -0.14850438 -0.67552793 0.20970018
v -0.12872094 -0.67615795 0.25035328
v -0.13117772 -0.66802686 0.27080688
v -0.23681867 -0.53655207 0.29367426
v -0.22569859 -0.52664912 0.32988092
v -0.09109363 -0.66798753 0.33077022
v -0.08501637 -0.66385305 0.34576106
v -0.10854959 -0.67517352 0.28897375
v -0.08941269 -0.67710292 0.31044367
v -0.06600875 -0.66424686 0.36621463
v -0.04635462 -0.66432559 0.38603303
v -0.02605397 -0.66391218 0.40483510
v 0.02993447 -0.66397119 0.44434482
v 0.04958861 -0.66751498 0.45082393
v 0.07001856 -0.66497529 0.46543363
v 0.10997334 -0.66389245 0.48372751
v 0.08980200 -0.66733783 0.47102344
v 0.13001539 -0.66653061 0.48703060
v 0.14979883 -0.66731811 0.49135000
v 0.16997018 -0.67214161 0.48995253
v 0.19001222 -0.66440433 0.50405407
v 0.23009631 -0.65556455 0.51688522
v 0.19893417 -0.52023089 0.61991543
v 0.21005426 -0.52107745 0.62055063
v 0.23009631 -0.52237684 0.62156695
v -0.01066685 -0.66786939 0.41080603
v 0.01105615 -0.66572344 0.42986217
v 0.25013834 -0.65715927 0.51790154
v 0.27018040 -0.65812397 0.51853675
v 0.28996384 -0.65847832 0.51879084
v 0.34996068 -0.66678655 0.50697601
v 0.37000272 -0.66580218 0.50557858
v 0.39004475 -0.66434526 0.50392705
v 0.40181136 -0.54046988 0.60009706
v 0.32991862 -0.66741657 0.50799233
v 0.31000587 -0.66779065 0.50850052
v 0.40995750 -0.67168880 0.48982549
v 0.45004159 -0.67605948 0.47127751
v 0.46879059 -0.67420882 0.46810150
v 0.48973778 -0.66688502 0.47089639
v 0.51003844 -0.66481781 0.46517953
v 0.49620295 -0.65774989 0.47813773
v 0.53046834 -0.66745591 0.45095095
v 0.60986078 -0.67212194 0.38984427
v 0.62835115 -0.66367590 0.38844681
v 0.59137034 -0.66832221 0.41144124
v 0.64089358 -0.66082120 0.38095140
v 0.54857087 -0.67479944 0.42808360
v 0.73748332 -0.53775299 0.41715807
v 0.68343443 -0.66286868 0.32467225
v 0.69002891 -0.66592032 0.30942732
v 0.70567465 -0.66448307 0.28986302
v 0.64852250 -0.66326243 0.36799321
v 0.66390961 -0.66304588 0.34982637
v 0.72985440 -0.67107850 0.22989970
v 0.71149331 -0.66806626 0.27131504
v 0.72869068 -0.67672884 0.21033539
v 0.75170672 -0.66812533 0.19166037
v 0.74821550 -0.67550826 0.16917412
v 0.76993847 -0.67320478 0.10997304
v 0.77187800 -0.66784972 0.13195112
v 0.78351533 -0.66367590 0.10997304
v 0.79890245 -0.65867519 0.05000971
v 0.78558421 -0.66538870 0.09002761
v 0.78739446 -0.66664875 0.06995513
v 0.78894609 -0.66757405 0.05000971
v 0.77239525 -0.67755574 0.05000971
v 0.77304178 -0.67816609 0.02993723
v 0.77368832 -0.67850077 0.00999180
v 0.77394688 -0.67863858 -0.00995363
v 0.77381760 -0.67854017 -0.03002610
v 0.77342969 -0.67820543 -0.04997153
v 0.77265388 -0.67761481 -0.06991696
v 0.77174878 -0.67668951 -0.08986239
v 0.77084363 -0.67535073 -0.10993486
v 0.76011145 -0.68007576 -0.12162263
v 0.75726676 -0.67956388 -0.13496193
v 0.74071586 -0.68025297 -0.18311045
v 0.73722470 -0.67960328 -0.19644976
v 0.73412144 -0.67844170 -0.20991609
v 0.71925151 -0.67989862 -0.23913552
v 0.69804573 -0.67974108 -0.27788299
v 0.68058980 -0.68019390 -0.30100447
v 0.67502975 -0.67871732 -0.31434375
v 0.66895247 -0.67623669 -0.32946163
v 0.64968622 -0.67718172 -0.35016930
v 0.63016140 -0.67733920 -0.36986065
v 0.61671382 -0.67942607 -0.37659383
v 0.59460294 -0.67881578 -0.39539587
v 0.56977665 -0.67800856 -0.41381684
v 0.55051041 -0.67649263 -0.42880765
v 0.51197797 -0.67686671 -0.44888014
v 0.51999480 -0.67995769 -0.43973318
v 0.46426499 -0.68031204 -0.46082199
v 0.44991231 -0.68060738 -0.46234646
v 0.39004475 -0.68098140 -0.46984190
v 0.42999953 -0.68074518 -0.46476024
v 0.37000272 -0.68111926 -0.46984190
v 0.35008997 -0.68111926 -0.46984190
v 0.25013834 -0.68104053 -0.46984190
v 0.23009631 -0.68098140 -0.46984190
v 0.21005426 -0.68084359 -0.46984190
v 0.14992812 -0.68054831 -0.46234646
v 0.13479961 -0.68029237 -0.46094903
v -0.02915725 -0.68029237 -0.34902593
v -0.14992672 -0.68145394 -0.08986239
v -0.05010441 -0.68064672 -0.30989733
v 0.42999953 -0.68131614 -0.44976941
v -0.14992672 -0.68133581 -0.10993486
v -0.16363290 -0.68070579 -0.08986239
v -0.17152041 -0.68064672 -0.03053426
v -0.16996878 -0.68092239 -0.00995363
v -0.18031305 -0.68011516 -0.00995363
v -0.19026941 -0.67377573 -0.00995363
v -0.20332909 -0.66379404 -0.00995363
v -0.20281187 -0.66334122 -0.02989906
v -0.38719869 -0.48040256 -0.02291181
v 0.42999953 -0.67883545 -0.47479647
v 0.47758323 -0.67974108 -0.45790005
v -0.38577634 -0.48040256 0.02993723
v -0.37181157 -0.49174270 0.04975562
v -0.18871778 -0.66775125 0.10984600
v -0.18651962 -0.66637313 0.12991847
v -0.20074302 -0.66089994 0.08558117
v -0.16828781 -0.67544919 0.15037206
v -0.15238351 -0.67733920 0.18988180
v -0.13712567 -0.67958361 0.21643336
v -0.13376379 -0.67828423 0.22989970
v -0.11760086 -0.67966235 0.25721350
v -0.11398035 -0.67818576 0.26991761
v -0.07053438 -0.67808735 0.33165950
v -0.05488864 -0.67814636 0.34995341
v -0.07143950 -0.66883409 0.35147789
v -0.09574854 -0.67907172 0.29507172
v -0.07751676 -0.67964268 0.31717682
v -0.05967286 -0.67993796 0.33953604
v -0.04997510 -0.67094070 0.36977178
v -0.03329495 -0.67765421 0.37332892
v -0.02967444 -0.67076349 0.38946313
v 0.03096889 -0.67454350 0.42833766
v 0.06988925 -0.67570513 0.44866422
v 0.11049056 -0.67479944 0.46822852
v 0.13001539 -0.67653203 0.47165865
v 0.18070236 -0.67993796 0.47953516
v 0.18846059 -0.67548853 0.48817396
v 0.19246899 -0.67552793 0.48880917
v 0.19246899 -0.67365760 0.49147701
v 0.21005426 -0.66572344 0.50557858
v -0.01002032 -0.67767388 0.39289325
v 0.00963381 -0.67688638 0.40915447
v 0.23009631 -0.66664875 0.50684899
v 0.25013834 -0.66733783 0.50786531
v 0.27018040 -0.66775125 0.50850052
v 0.28996384 -0.66790879 0.50875461
v 0.34996068 -0.67676824 0.49160406
v 0.37000272 -0.67578387 0.49096885
v 0.39094988 -0.67539012 0.48817396
v 0.32991862 -0.67739826 0.49211222
v 0.31000587 -0.67777234 0.49249336
v 0.39844948 -0.67987889 0.47902700
v 0.46129102 -0.68011516 0.46022496
v 0.42999953 -0.67806762 0.47331017
v 0.48999637 -0.67773294 0.45260251
v 0.50939190 -0.67548853 0.44828311
v 0.57016456 -0.67714232 0.40902746
v 0.59124100 -0.67830390 0.39009833
v 0.61128306 -0.67869765 0.37116924
v 0.62990278 -0.67241728 0.36989883
v 0.53008044 -0.67777234 0.43240297
v 0.55426025 -0.67895359 0.41512540
v 0.67102134 -0.66771185 0.33077022
v 0.68796003 -0.67483884 0.28808445
v 0.64981556 -0.67121631 0.34982637
v 0.70839000 -0.67639416 0.24920991
v 0.73347491 -0.67844170 0.19000883
v 0.71369147 -0.67859924 0.22989970
v 0.71744126 -0.67974108 0.21732265
v 0.73670745 -0.67954421 0.17539912
v 0.74032795 -0.68015456 0.16205983
v 0.75144809 -0.67690605 0.14999093
v 0.75972354 -0.67995769 0.09968272
v 0.76838684 -0.67629576 0.09180618
v 0.77149010 -0.67665011 0.06995513
v 0.76062864 -0.68025297 0.08634342
v 0.76153374 -0.68046957 0.06995513
v 0.76230955 -0.68060738 0.05000971
v 0.76308537 -0.68068612 0.02993723
v 0.76993847 -0.67946547 -0.00195005
v 0.76399052 -0.68076485 -0.00995363
v 0.76386124 -0.68078458 -0.03002610
v 0.76334405 -0.68076485 -0.04997153
v 0.76256824 -0.68068612 -0.06991696
v 0.76179236 -0.68056798 -0.08986239
v 0.76075792 -0.68029237 -0.10993486
v 0.74200892 -0.68052864 -0.16989820
v 0.72416508 -0.68064672 -0.20991609
v 0.72144967 -0.68037111 -0.22579621
v 0.70153689 -0.68037111 -0.26454371
v 0.66895247 -0.68058765 -0.30862692
v 0.66158211 -0.68033171 -0.32260141
v 0.63714379 -0.67954421 -0.35702953
v 0.65628070 -0.67930794 -0.33581367
v 0.68408096 -0.68048924 -0.28995189
v 0.62369621 -0.68046957 -0.36338156
v 0.60326624 -0.68044984 -0.38205659
v 0.58141398 -0.68025297 -0.40073159
v 0.55736351 -0.67966235 -0.41750100
v 0.50654721 -0.68041050 -0.44163880
v 0.54404521 -0.68037111 -0.42143929
v 0.48999637 -0.68068612 -0.44481483
v 0.44991231 -0.68123734 -0.44976941
v -0.14992672 -0.68151301 -0.02989906
v 0.58994800 -0.68139488 -0.36986065
v -0.16996878 -0.68088299 0.00986476
v -0.18031305 -0.68009549 0.00986476
v -0.14992672 -0.68145394 0.06982809
v -0.14992672 -0.68139488 0.10857558
v -0.19026941 -0.67387414 0.00986476
v -0.20345837 -0.66387278 0.00986476
v -0.38771588 -0.48040256 -0.00995363
v -0.38719869 -0.48040256 0.00986476
v -0.38370746 -0.48392665 0.00986476
v -0.37310457 -0.49317992 0.02993723
v -0.20164815 -0.66198277 0.06982809
v -0.19182107 -0.66751498 0.09129801
v -0.18988150 -0.67137378 0.06982809
v -0.17164972 -0.67637450 0.12991847
v -0.15833145 -0.67980015 0.15748635
v -0.14074618 -0.68027270 0.20309405
v -0.12122133 -0.68035144 0.24387421
v -0.10079139 -0.68027270 0.28185946
v -0.04014805 -0.68001676 0.36011669
v -0.08230099 -0.68041050 0.30396459
v -0.06432781 -0.68046957 0.32619673
v -0.04493228 -0.68041050 0.34995341
v -0.01997671 -0.67997736 0.37980804
v 0.04997651 -0.67783141 0.43341932
v 0.02502093 -0.67891419 0.41537949
v 0.09006061 -0.67798889 0.45349178
v 0.06316547 -0.67952454 0.43710351
v 0.10415469 -0.67942607 0.45679486
v 0.11760224 -0.68023330 0.46047902
v 0.13001539 -0.68054831 0.46174943
v 0.19414994 -0.68021363 0.48042446
v 0.23009631 -0.67665011 0.49160406
v 0.21005426 -0.67570513 0.49096885
v 0.25013834 -0.67731953 0.49211222
v 0.27018040 -0.67773294 0.49249336
v 0.28996384 -0.67789042 0.49262038
v 0.38500193 -0.68019390 0.48029742
v 0.37000272 -0.68037111 0.48093262
v 0.32991862 -0.68058765 0.48220304
v 0.34996068 -0.68050891 0.48169488
v 0.45004159 -0.68041050 0.46124128
v 0.48999637 -0.68052864 0.44269329
v 0.50228024 -0.68023330 0.44066066
v 0.51559848 -0.67940640 0.43608716
v 0.57688832 -0.67964268 0.39695856
v 0.59886992 -0.67989862 0.37879169
v 0.61891198 -0.67989862 0.35884628
v 0.63003206 -0.67848110 0.35122380
v 0.54094195 -0.68011516 0.42033410
v 0.69183916 -0.67794955 0.26991761
v 0.66856456 -0.67661077 0.30904621
v 0.67425388 -0.67873704 0.29342017
v 0.67994320 -0.67999703 0.28008088
v 0.64916897 -0.67781168 0.32988092
v 0.70076108 -0.68019390 0.24209563
v 0.72119105 -0.68027270 0.20398334
v 0.74149168 -0.68037111 0.14999093
v 0.72351849 -0.68052864 0.19000883
v 0.74989641 -0.68113893 0.06995513
v 0.74989641 -0.68129641 0.05000971
v 0.76360261 -0.68072551 0.00999180
v 0.74989641 -0.68135548 0.02993723
v 0.74989641 -0.68143427 -0.00195005
v 0.74989641 -0.68147361 -0.03002610
v 0.74989641 -0.68147361 -0.04997153
v 0.74989641 -0.68139488 -0.06991696
v 0.74989641 -0.68127674 -0.08986239
v 0.74989641 -0.68104053 -0.10993486
v 0.72998369 -0.68119800 -0.16989820
v 0.70567465 -0.68062705 -0.24993399
v 0.69067544 -0.68076485 -0.27076870
v 0.66985756 -0.68107986 -0.28995189
v 0.64968622 -0.68078458 -0.32946163
v 0.64296246 -0.68044984 -0.34369022
v 0.60986078 -0.68086332 -0.36986065
v 0.63016140 -0.68088299 -0.35016930
v 0.58878428 -0.68076485 -0.38917089
v 0.56977665 -0.68054831 -0.40378058
v 0.52995116 -0.68060738 -0.42601275
v 0.56977665 -0.68127674 -0.38980609
v 0.10997334 -0.68135548 0.42986217
v 0.09006061 -0.68135548 0.42986217
v 0.62990278 -0.68135548 -0.32984275
v -0.16285709 -0.68068612 0.10984600
v -0.17164972 -0.68060738 0.03069948
v -0.18005446 -0.68001676 0.02472855
v -0.12988469 -0.68135548 0.16980933
v -0.12988469 -0.68121767 0.18988180
v -0.14992672 -0.68121767 0.12991847
v -0.18807125 -0.67485857 0.03069948
v -0.20319977 -0.66361684 0.02993723
v -0.37375110 -0.49392805 0.00986476
v -0.20255324 -0.66298681 0.04975562
v -0.18988150 -0.67277163 0.04975562
v -0.17953724 -0.67989862 0.03806785
v -0.17824420 -0.67974108 0.04975562
v -0.17604604 -0.67932767 0.06982809
v -0.17423579 -0.67867798 0.08990056
v -0.17281345 -0.67775261 0.10984600
v -0.16065893 -0.68025297 0.14414705
v -0.14229780 -0.68056798 0.18988180
v -0.12380740 -0.68060738 0.22989970
v -0.11048916 -0.68076485 0.25035328
v -0.10389468 -0.68056798 0.26991761
v -0.08941269 -0.68068612 0.28897375
v -0.02799350 -0.68027270 0.36799321
v -0.05178535 -0.68084359 0.33165950
v -0.07053438 -0.68078458 0.31044367
v -0.02993307 -0.68104053 0.34995341
v -0.01002032 -0.68029237 0.38285699
v 0.01596969 -0.68039078 0.40204018
v 0.03833920 -0.68027270 0.42084226
v 0.07648373 -0.68039078 0.44116881
v 0.09006061 -0.68070579 0.44358259
v 0.13001539 -0.68123734 0.44980758
v 0.14992812 -0.68072551 0.46365505
v 0.21005426 -0.68039078 0.48093262
v 0.23009631 -0.68052864 0.48156783
v 0.25013834 -0.68060738 0.48207599
v 0.28996384 -0.68064672 0.48258415
v 0.31000587 -0.68062705 0.48245713
v 0.27018040 -0.68064672 0.48245713
v 0.42999953 -0.68068612 0.46327394
v 0.37000272 -0.68098140 0.46988007
v 0.45004159 -0.68109953 0.44980758
v 0.48999637 -0.68102080 0.42986217
v 0.50939190 -0.68058765 0.42960808
v 0.54857087 -0.68046957 0.40902746
v 0.53008044 -0.68037111 0.42236674
v 0.60559368 -0.68029237 0.36532536
v 0.56357008 -0.68031204 0.40178612
v 0.58555168 -0.68033171 0.38361925
v 0.62356693 -0.68025297 0.34550697
v 0.66093564 -0.68017423 0.30180487
v 0.65524626 -0.67936707 0.31501713
v 0.66856456 -0.68025297 0.28808445
v 0.70373511 -0.68037111 0.22989970
v 0.72985440 -0.68094206 0.14999093
v 0.70981234 -0.68092239 0.19000883
v 0.72985440 -0.68107986 0.12991847
v 0.42999953 -0.68123734 0.44980758
v 0.14992812 -0.68133581 0.44980758
v 0.72998369 -0.68131614 -0.14995275
v 0.68989962 -0.68119800 -0.24993399
v 0.06988925 -0.68080425 0.43024328
v 0.04997651 -0.68121767 0.40991673
v -0.04997510 -0.68123734 0.30993551
v -0.07001716 -0.68123734 0.28986302
v -0.08992988 -0.68129641 0.24997216
v -0.16156405 -0.68050891 0.12991847
v -0.10984263 -0.68127674 0.22989970
v -0.08992988 -0.68121767 0.26991761
v -0.01002032 -0.68090266 0.36989883
v 0.03096889 -0.68066645 0.40915447
v 0.04997651 -0.68058765 0.42338309
v 0.21005426 -0.68098140 0.46988007
v 0.25013834 -0.68113893 0.46988007
v 0.23009631 -0.68107986 0.46988007
v 0.28996384 -0.68111926 0.46988007
v 0.27018040 -0.68113893 0.46988007
v 0.32991862 -0.68106019 0.46988007
v 0.54999322 -0.68090266 0.38984427
v 0.53008044 -0.68084359 0.40978968
v 0.57016456 -0.68056798 0.39009833
v 0.59124100 -0.68052864 0.37116924
v 0.61128306 -0.68046957 0.35122380
v 0.64916897 -0.68035144 0.30904621
v 0.68989962 -0.68074518 0.22989970
v 0.68938243 -0.68041050 0.24920991
f 1 2 3
f 1 3 4
f 1 4 5
f 1 5 6
f 1 6 7
f 1 7 8
f 1 8 2
f 2 8 9
f 2 9 3
f 3 9 10
f 3 10 11
f 3 11 12
f 3 12 13
f 3 13 4
f 4 13 5
f 5 14 15
f 5 15 16
f 5 16 17
f 5 17 18
f 5 18 19
f 5 19 20
f 5 20 21
f 5 21 22
f 5 22 23
f 5 23 24
f 5 24 25
f 5 25 26
f 5 26 27
f 5 27 28
f 5 28 29
f 5 29 30
f 5 30 31
f 5 31 32
f 5 32 33
f 5 33 34
f 5 34 35
f 5 35 36
f 5 36 37
f 5 37 140
f 5 140 335
f 5 335 536
f 5 536 750
f 5 750 964
f 5 964 1168
f 5 1168 1167
f 5 1167 1303
f 5 1303 1406
f 5 1406 1407
f 5 1407 1306
f 5 1306 1181
f 5 1181 987
f 5 987 773
f 5 773 560
f 5 560 362
f 5 362 167
f 5 167 46
f 5 46 6
f 5 13 38
f 5 38 39
f 5 39 40
f 5 40 14
f 6 41 42
f 6 42 43
f 6 43 44
f 6 44 45
f 6 45 7
f 6 46 47
f 6 47 48
f 6 48 49
f 6 49 50
f 6 50 51
f 6 51 52
f 6 52 53
f 6 53 54
f 6 54 55
f 6 55 56
f 6 56 57
f 6 57 58
f 6 58 59
f 6 59 60
f 6 60 61
f 6 61 62
f 6 62 63
f 6 63 64
f 6 64 65
f 6 65 66
f 6 66 67
f 6 67 68
f 6 68 69
f 6 69 70
f 6 70 71
f 6 71 72
f 6 72 73
f 6 73 74
f 6 74 75
f 6 75 76
f 6 76 77
f 6 77 78
f 6 78 79
f 6 79 80
f 6 80 81
f 6 81 82
f 6 82 83
f 6 83 84
f 6 84 85
f 6 85 86
f 6 86 87
f 6 87 88
f 6 88 89
f 6 89 90
f 6 90 91
f 6 91 92
f 6 92 93
f 6 93 94
f 6 94 95
f 6 95 96
f 6 96 97
f 6 97 98
f 6 98 99
f 6 99 100
f 6 100 101
f 6 101 102
f 6 102 103
f 6 103 41
f 7 45 104
f 7 104 8
f 8 104 105
f 8 105 106
f 8 106 9
f 9 106 107
f 9 107 10
f 10 107 108
f 10 108 11
f 11 108 109
f 11 109 110
f 11 110 12
f 12 110 111
f 12 111 13
f 13 111 38
f 14 112 113
f 14 113 114
f 14 114 115
f 14 115 116
f 14 116 117
f 14 117 15
f 14 40 112
f 15 117 118
f 15 118 119
f 15 119 16
f 16 120 17
f 16 119 120
f 17 120 121
f 17 121 18
f 18 121 122
f 18 122 19
f 19 122 123
f 19 123 20
f 20 123 124
f 20 124 21
f 21 124 125
f 21 125 22
f 22 125 23
f 23 125 24
f 24 125 126
f 24 126 127
f 24 127 25
f 25 127 128
f 25 128 129
f 25 129 26
f 26 129 130
f 26 130 27
f 27 130 131
f 27 131 28
f 28 131 29
f 29 131 30
f 30 131 132
f 30 132 33
f 30 33 31
f 31 33 32
f 33 132 133
f 33 133 34
f 34 133 134
f 34 134 135
f 34 135 35
f 35 136 36
f 35 135 137
f 35 137 138
f 35 138 139
f 35 139 136
f 36 140 37
f 36 136 141
f 36 141 140
f 38 111 142
f 38 142 39
f 39 142 40
f 40 142 143
f 40 143 144
f 40 144 145
f 40 145 146
f 40 146 147
f 40 147 148
f 40 148 149
f 40 149 150
f 40 150 151
f 40 151 152
f 40 152 153
f 40 153 154
f 40 154 155
f 40 155 156
f 40 156 157
f 40 157 158
f 40 158 159
f 40 159 160
f 40 160 161
f 40 161 162
f 40 162 112
f 41 163 42
f 41 103 163
f 42 163 164
f 42 164 165
f 42 165 43
f 43 165 166
f 43 166 44
f 44 166 45
f 45 166 104
f 46 167 168
f 46 168 169
f 46 169 170
f 46 170 171
f 46 171 172
f 46 172 173
f 46 173 174
f 46 174 175
f 46 175 176
f 46 176 177
f 46 177 178
f 46 178 179
f 46 179 180
f 46 180 181
f 46 181 182
f 46 182 183
f 46 183 184
f 46 184 185
f 46 185 186
f 46 186 187
f 46 187 188
f 46 188 189
f 46 189 190
f 46 190 191
f 46 191 192
f 46 192 193
f 46 193 194
f 46 194 195
f 46 195 196
f 46 196 197
f 46 197 198
f 46 198 199
f 46 199 200
f 46 200 201
f 46 201 202
f 46 202 203
f 46 203 204
f 46 204 205
f 46 205 206
f 46 206 207
f 46 207 208
f 46 208 209
f 46 209 210
f 46 210 211
f 46 211 212
f 46 212 213
f 46 213 214
f 46 214 215
f 46 215 216
f 46 216 217
f 46 217 218
f 46 218 219
f 46 219 220
f 46 220 221
f 46 221 222
f 46 222 223
f 46 223 224
f 46 224 225
f 46 225 226
f 46 226 227
f 46 227 228
f 46 228 229
f 46 229 230
f 46 230 231
f 46 231 232
f 46 232 233
f 46 233 234
f 46 234 235
f 46 235 236
f 46 236 237
f 46 237 47
f 47 238 48
f 47 237 239
f 47 239 240
f 47 240 241
f 47 241 242
f 47 242 238
f 48 238 243
f 48 243 49
f 49 243 244
f 49 244 50
f 50 244 51
f 51 244 245
f 51 245 246
f 51 246 247
f 51 247 52
f 52 247 53
f 53 247 248
f 53 248 249
f 53 249 54
f 54 249 55
f 55 249 250
f 55 250 251
f 55 251 56
f 56 251 252
f 56 252 57
f 57 252 58
f 58 252 253
f 58 253 254
f 58 254 59
f 59 254 255
f 59 255 60
f 60 255 61
f 61 256 257
f 61 257 62
f 61 255 256
f 62 257 258
f 62 258 63
f 63 259 260
f 63 260 261
f 63 261 64
f 63 258 259
f 64 261 262
f 64 262 65
f 65 262 66
f 66 263 264
f 66 264 67
f 66 262 263
f 67 264 265
f 67 265 68
f 68 265 69
f 69 265 266
f 69 266 70
f 70 267 71
f 70 266 267
f 71 267 72
f 72 268 269
f 72 269 73
f 72 267 270
f 72 270 268
f 73 269 74
f 74 269 271
f 74 271 75
f 75 271 272
f 75 272 76
f 76 272 273
f 76 273 77
f 77 274 78
f 77 273 274
f 78 274 79
f 79 275 80
f 79 274 275
f 80 275 276
f 80 276 81
f 81 276 277
f 81 277 82
f 82 277 278
f 82 278 83
f 83 278 84
f 84 278 279
f 84 279 280
f 84 280 281
f 84 281 85
f 85 281 280
f 85 280 86
f 86 280 282
f 86 282 87
f 87 282 283
f 87 283 88
f 88 284 89
f 88 283 284
f 89 284 285
f 89 285 90
f 90 285 286
f 90 286 91
f 91 286 287
f 91 287 92
f 92 287 288
f 92 288 93
f 93 288 289
f 93 289 94
f 94 290 95
f 94 289 290
f 95 290 291
f 95 291 292
f 95 292 96
f 96 292 291
f 96 291 97
f 97 291 98
f 98 291 293
f 98 293 294
f 98 294 295
f 98 295 99
f 99 295 296
f 99 296 100
f 100 297 101
f 100 296 297
f 101 297 102
f 102 297 298
f 102 298 103
f 103 298 163
f 104 166 299
f 104 299 105
f 105 299 300
f 105 300 106
f 106 300 301
f 106 301 107
f 107 301 302
f 107 302 303
f 107 303 304
f 107 304 108
f 108 304 305
f 108 305 109
f 109 305 306
f 109 306 307
f 109 307 110
f 110 307 308
f 110 308 111
f 111 308 142
f 112 162 114
f 112 114 113
f 114 162 161
f 114 161 309
f 114 309 115
f 115 310 311
f 115 311 116
f 115 309 312
f 115 312 313
f 115 313 310
f 116 311 117
f 117 311 118
f 118 314 119
f 118 311 314
f 119 314 120
f 120 315 121
f 120 314 315
f 121 315 122
f 122 315 316
f 122 316 123
f 123 316 124
f 124 316 126
f 124 126 125
f 126 317 128
f 126 128 127
f 126 316 318
f 126 318 319
f 126 319 320
f 126 320 321
f 126 321 317
f 128 322 129
f 128 317 323
f 128 323 322
f 129 322 130
f 130 132 131
f 130 322 132
f 132 322 324
f 132 324 325
f 132 325 326
f 132 326 133
f 133 326 137
f 133 137 327
f 133 327 134
f 134 327 135
f 135 327 137
f 136 328 329
f 136 329 141
f 136 139 328
f 137 330 331
f 137 331 332
f 137 332 138
f 137 326 325
f 137 325 330
f 138 332 333
f 138 333 139
f 139 333 334
f 139 334 328
f 140 141 329
f 140 329 336
f 140 336 335
f 142 308 337
f 142 337 143
f 143 337 338
f 143 338 144
f 144 339 340
f 144 340 341
f 144 341 145
f 144 338 339
f 145 341 342
f 145 342 343
f 145 343 146
f 146 343 344
f 146 344 147
f 147 344 148
f 148 344 345
f 148 345 149
f 149 345 346
f 149 346 347
f 149 347 150
f 150 347 348
f 150 348 151
f 151 348 349
f 151 349 152
f 152 349 153
f 153 349 350
f 153 350 351
f 153 351 154
f 154 351 155
f 155 352 353
f 155 353 156
f 155 351 352
f 156 353 354
f 156 354 157
f 157 354 355
f 157 355 158
f 158 355 356
f 158 356 159
f 159 356 357
f 159 357 160
f 160 357 161
f 161 357 356
f 161 356 309
f 163 358 164
f 163 298 359
f 163 359 358
f 164 360 361
f 164 361 165
f 164 358 360
f 165 361 166
f 166 361 299
f 167 362 363
f 167 363 364
f 167 364 365
f 167 365 366
f 167 366 367
f 167 367 368
f 167 368 369
f 167 369 370
f 167 370 371
f 167 371 372
f 167 372 373
f 167 373 374
f 167 374 168
f 168 374 375
f 168 375 376
f 168 376 377
f 168 377 169
f 169 377 170
f 170 377 378
f 170 378 379
f 170 379 171
f 171 379 172
f 172 379 380
f 172 380 381
f 172 381 382
f 172 382 173
f 173 382 174
f 174 382 175
f 175 382 176
f 176 382 383
f 176 383 177
f 177 383 384
f 177 384 178
f 178 384 179
f 179 384 385
f 179 385 180
f 180 385 386
f 180 386 387
f 180 387 181
f 181 387 388
f 181 388 182
f 182 388 183
f 183 388 389
f 183 389 390
f 183 390 184
f 184 390 185
f 185 390 391
f 185 391 392
f 185 392 186
f 186 392 393
f 186 393 187
f 187 393 188
f 188 393 394
f 188 394 189
f 189 394 395
f 189 395 396
f 189 396 190
f 190 396 191
f 191 396 397
f 191 397 192
f 192 397 398
f 192 398 193
f 193 398 194
f 194 398 399
f 194 399 400
f 194 400 195
f 195 400 196
f 196 400 399
f 196 399 401
f 196 401 402
f 196 402 197
f 197 402 198
f 198 402 199
f 199 402 403
f 199 403 404
f 199 404 200
f 200 404 201
f 201 404 202
f 202 404 203
f 203 404 405
f 203 405 204
f 204 405 205
f 205 405 406
f 205 406 407
f 205 407 206
f 206 407 207
f 207 407 408
f 207 408 208
f 208 408 409
f 208 409 209
f 209 409 210
f 210 409 211
f 211 409 410
f 211 410 411
f 211 411 212
f 212 411 213
f 213 411 214
f 214 411 412
f 214 412 215
f 215 412 413
f 215 413 216
f 216 413 414
f 216 414 415
f 216 415 217
f 217 415 416
f 217 416 218
f 218 416 219
f 219 416 417
f 219 417 220
f 220 417 221
f 221 417 418
f 221 418 419
f 221 419 222
f 222 419 223
f 223 419 420
f 223 420 421
f 223 421 224
f 224 421 225
f 225 421 422
f 225 422 226
f 226 422 423
f 226 423 227
f 227 423 424
f 227 424 228
f 228 424 229
f 229 424 425
f 229 425 230
f 230 425 426
f 230 426 427
f 230 427 231
f 231 427 232
f 232 427 428
f 232 428 233
f 233 428 234
f 234 428 429
f 234 429 235
f 235 429 430
f 235 430 236
f 236 430 431
f 236 431 237
f 237 431 432
f 237 432 433
f 237 433 434
f 237 434 435
f 237 435 436
f 237 436 437
f 237 437 239
f 238 242 438
f 238 438 243
f 239 437 240
f 240 437 439
f 240 439 440
f 240 440 441
f 240 441 242
f 240 242 241
f 242 441 442
f 242 442 443
f 242 443 444
f 242 444 438
f 243 438 445
f 243 445 446
f 243 446 245
f 243 245 244
f 245 446 447
f 245 447 448
f 245 448 246
f 246 248 247
f 246 448 449
f 246 449 248
f 248 449 450
f 248 450 249
f 249 450 451
f 249 451 250
f 250 451 452
f 250 452 251
f 251 452 453
f 251 453 252
f 252 453 253
f 253 453 454
f 253 454 455
f 253 455 456
f 253 456 254
f 254 456 256
f 254 256 255
f 256 456 457
f 256 457 458
f 256 458 459
f 256 459 460
f 256 460 257
f 257 460 260
f 257 260 258
f 258 260 259
f 260 460 461
f 260 461 462
f 260 462 463
f 260 463 261
f 261 463 263
f 261 263 262
f 263 463 464
f 263 464 465
f 263 465 466
f 263 466 467
f 263 467 264
f 264 467 265
f 265 467 468
f 265 468 469
f 265 469 266
f 266 270 267
f 266 469 468
f 266 468 470
f 266 470 471
f 266 471 268
f 266 268 270
f 268 471 472
f 268 472 473
f 268 473 474
f 268 474 269
f 269 474 272
f 269 272 271
f 272 474 475
f 272 475 274
f 272 274 273
f 274 475 476
f 274 476 477
f 274 477 478
f 274 478 275
f 275 478 479
f 275 479 277
f 275 277 276
f 277 480 278
f 277 479 480
f 278 480 279
f 279 480 280
f 280 481 482
f 280 482 283
f 280 283 282
f 280 480 483
f 280 483 481
f 283 482 484
f 283 484 485
f 283 485 486
f 283 486 284
f 284 486 487
f 284 487 285
f 285 487 286
f 286 487 287
f 287 488 288
f 287 487 489
f 287 489 488
f 288 488 289
f 289 488 290
f 290 488 490
f 290 490 291
f 291 491 492
f 291 492 493
f 291 493 293
f 291 490 494
f 291 494 491
f 293 493 294
f 294 495 496
f 294 496 295
f 294 493 497
f 294 497 495
f 295 496 296
f 296 496 498
f 296 498 297
f 297 499 298
f 297 498 499
f 298 499 359
f 299 361 500
f 299 500 300
f 300 500 501
f 300 501 502
f 300 502 301
f 301 502 302
f 302 502 503
f 302 503 504
f 302 504 303
f 303 504 505
f 303 505 304
f 304 505 305
f 305 505 506
f 305 506 306
f 306 507 307
f 306 506 508
f 306 508 507
f 307 507 509
f 307 509 308
f 308 509 337
f 309 356 510
f 309 510 511
f 309 511 312
f 310 313 311
f 311 313 512
f 311 512 513
f 311 513 314
f 312 511 514
f 312 514 515
f 312 515 516
f 312 516 313
f 313 516 512
f 314 517 315
f 314 513 518
f 314 518 517
f 315 517 519
f 315 519 520
f 315 520 316
f 316 521 318
f 316 520 522
f 316 522 521
f 317 321 323
f 318 521 319
f 319 521 523
f 319 523 320
f 320 523 330
f 320 330 321
f 321 330 323
f 322 323 330
f 322 330 524
f 322 524 324
f 324 524 325
f 325 524 330
f 328 525 526
f 328 526 329
f 328 334 527
f 328 527 525
f 329 526 528
f 329 528 529
f 329 529 336
f 330 523 530
f 330 530 331
f 331 530 531
f 331 531 332
f 332 531 333
f 333 532 334
f 333 531 533
f 333 533 534
f 333 534 532
f 334 532 535
f 334 535 527
f 335 336 536
f 336 529 536
f 337 509 537
f 337 537 538
f 337 538 338
f 338 538 537
f 338 537 340
f 338 340 339
f 340 537 539
f 340 539 540
f 340 540 342
f 340 342 341
f 342 540 541
f 342 541 542
f 342 542 543
f 342 543 343
f 343 543 344
f 344 544 345
f 344 543 544
f 345 544 346
f 346 545 347
f 346 544 545
f 347 545 546
f 347 546 348
f 348 546 547
f 348 547 548
f 348 548 350
f 348 350 349
f 350 548 549
f 350 549 351
f 351 549 352
f 352 550 551
f 352 551 354
f 352 354 353
f 352 549 552
f 352 552 550
f 354 553 355
f 354 551 554
f 354 554 553
f 355 555 356
f 355 553 555
f 356 555 511
f 356 511 510
f 358 556 557
f 358 557 360
f 358 359 556
f 359 499 724
f 359 724 558
f 359 558 556
f 360 557 559
f 360 559 500
f 360 500 361
f 362 560 561
f 362 561 562
f 362 562 563
f 362 563 564
f 362 564 565
f 362 565 566
f 362 566 363
f 363 566 567
f 363 567 568
f 363 568 569
f 363 569 364
f 364 569 570
f 364 570 365
f 365 570 571
f 365 571 572
f 365 572 573
f 365 573 366
f 366 573 574
f 366 574 367
f 367 574 368
f 368 574 575
f 368 575 576
f 368 576 369
f 369 576 577
f 369 577 370
f 370 578 579
f 370 579 580
f 370 580 581
f 370 581 582
f 370 582 583
f 370 583 584
f 370 584 585
f 370 585 586
f 370 586 587
f 370 587 588
f 370 588 589
f 370 589 590
f 370 590 591
f 370 591 371
f 370 577 592
f 370 592 593
f 370 593 594
f 370 594 595
f 370 595 596
f 370 596 597
f 370 597 598
f 370 598 578
f 371 591 372
f 372 591 599
f 372 599 600
f 372 600 373
f 373 600 375
f 373 375 374
f 375 601 602
f 375 602 376
f 375 600 822
f 375 822 601
f 376 602 603
f 376 603 377
f 377 603 378
f 378 603 604
f 378 604 380
f 378 380 379
f 380 605 381
f 380 604 606
f 380 606 607
f 380 607 605
f 381 605 608
f 381 608 382
f 382 608 609
f 382 609 383
f 383 609 610
f 383 610 384
f 384 610 611
f 384 611 385
f 385 611 386
f 386 612 613
f 386 613 387
f 386 611 614
f 386 614 612
f 387 613 615
f 387 615 388
f 388 615 389
f 389 616 617
f 389 617 391
f 389 391 390
f 389 615 618
f 389 618 616
f 391 617 392
f 392 617 619
f 392 619 393
f 393 619 620
f 393 620 621
f 393 621 622
f 393 622 623
f 393 623 394
f 394 623 395
f 395 623 396
f 396 623 397
f 397 624 398
f 397 623 624
f 398 625 626
f 398 626 627
f 398 627 399
f 398 624 625
f 399 627 626
f 399 626 628
f 399 628 629
f 399 629 630
f 399 630 401
f 401 630 402
f 402 630 403
f 403 630 631
f 403 631 404
f 404 632 406
f 404 406 405
f 404 631 633
f 404 633 632
f 406 632 634
f 406 634 635
f 406 635 408
f 406 408 407
f 408 635 636
f 408 636 637
f 408 637 409
f 409 637 410
f 410 637 638
f 410 638 639
f 410 639 411
f 411 640 641
f 411 641 642
f 411 642 413
f 411 413 412
f 411 639 643
f 411 643 640
f 413 642 414
f 414 642 644
f 414 644 645
f 414 645 646
f 414 646 416
f 414 416 415
f 416 646 647
f 416 647 648
f 416 648 418
f 416 418 417
f 418 648 419
f 419 649 420
f 419 648 650
f 419 650 651
f 419 651 649
f 420 649 652
f 420 652 653
f 420 653 422
f 420 422 421
f 422 654 423
f 422 653 655
f 422 655 654
f 423 654 424
f 424 654 425
f 425 654 656
f 425 656 426
f 426 657 427
f 426 656 658
f 426 658 659
f 426 659 660
f 426 660 657
f 427 657 428
f 428 657 661
f 428 661 429
f 429 661 662
f 429 662 430
f 430 663 431
f 430 662 664
f 430 664 663
f 431 663 665
f 431 665 432
f 432 665 433
f 433 665 666
f 433 666 667
f 433 667 434
f 434 667 435
f 435 667 439
f 435 439 436
f 436 439 437
f 438 444 668
f 438 668 445
f 439 667 669
f 439 669 440
f 440 669 670
f 440 670 441
f 441 670 442
f 442 670 671
f 442 671 672
f 442 672 443
f 443 672 673
f 443 673 674
f 443 674 444
f 444 674 668
f 445 668 446
f 446 668 447
f 447 668 675
f 447 675 676
f 447 676 448
f 448 676 677
f 448 677 449
f 449 677 678
f 449 678 450
f 450 678 679
f 450 679 451
f 451 679 680
f 451 680 452
f 452 680 681
f 452 681 453
f 453 681 454
f 454 681 682
f 454 682 683
f 454 683 684
f 454 684 685
f 454 685 686
f 454 686 455
f 455 686 456
f 456 686 457
f 457 686 458
f 458 687 459
f 458 686 685
f 458 685 688
f 458 688 689
f 458 689 687
f 459 687 460
f 460 687 461
f 461 687 690
f 461 690 462
f 462 690 691
f 462 691 463
f 463 691 464
f 464 691 465
f 465 689 692
f 465 692 693
f 465 693 694
f 465 694 695
f 465 695 466
f 465 691 696
f 465 696 689
f 466 695 467
f 467 695 468
f 468 695 694
f 468 694 693
f 468 693 697
f 468 697 470
f 470 698 472
f 470 472 471
f 470 697 698
f 472 698 473
f 473 698 699
f 473 699 474
f 474 699 476
f 474 476 475
f 476 699 700
f 476 700 701
f 476 701 702
f 476 702 703
f 476 703 477
f 477 703 478
f 478 703 704
f 478 704 479
f 479 704 705
f 479 705 480
f 480 706 483
f 480 705 706
f 481 483 707
f 481 707 484
f 481 484 482
f 483 706 707
f 484 707 708
f 484 708 709
f 484 709 710
f 484 710 485
f 485 710 486
f 486 710 711
f 486 711 487
f 487 711 712
f 487 712 713
f 487 713 489
f 488 489 714
f 488 714 715
f 488 715 716
f 488 716 490
f 489 713 714
f 490 716 717
f 490 717 494
f 491 718 719
f 491 719 492
f 491 494 717
f 491 717 718
f 492 719 720
f 492 720 493
f 493 720 497
f 495 721 722
f 495 722 496
f 495 497 723
f 495 723 721
f 496 722 498
f 497 720 723
f 498 724 499
f 498 722 724
f 500 559 501
f 501 559 725
f 501 725 503
f 501 503 502
f 503 726 504
f 503 725 727
f 503 727 728
f 503 728 726
f 504 726 729
f 504 729 505
f 505 729 730
f 505 730 731
f 505 731 506
f 506 731 732
f 506 732 733
f 506 733 508
f 507 734 509
f 507 508 735
f 507 735 734
f 508 733 736
f 508 736 735
f 509 734 537
f 511 555 554
f 511 554 737
f 511 737 514
f 512 516 738
f 512 738 518
f 512 518 513
f 514 737 739
f 514 739 515
f 515 740 741
f 515 741 516
f 515 739 742
f 515 742 740
f 516 741 738
f 517 518 519
f 518 738 743
f 518 743 519
f 519 522 520
f 519 743 522
f 521 522 523
f 522 743 744
f 522 744 523
f 523 744 745
f 523 745 530
f 525 746 747
f 525 747 528
f 525 528 526
f 525 527 748
f 525 748 746
f 527 535 748
f 528 747 529
f 529 749 750
f 529 750 536
f 529 747 751
f 529 751 749
f 530 745 752
f 530 752 531
f 531 752 533
f 532 534 535
f 533 752 753
f 533 753 754
f 533 754 534
f 534 754 755
f 534 755 756
f 534 756 757
f 534 757 535
f 535 757 758
f 535 758 748
f 537 734 539
f 539 759 760
f 539 760 541
f 539 541 540
f 539 734 759
f 541 760 761
f 541 761 542
f 542 761 543
f 543 761 544
f 544 761 762
f 544 762 763
f 544 763 545
f 545 763 764
f 545 764 546
f 546 764 547
f 547 765 548
f 547 764 765
f 548 765 764
f 548 764 766
f 548 766 549
f 549 766 552
f 550 552 766
f 550 766 554
f 550 554 551
f 553 554 555
f 554 766 767
f 554 767 737
f 556 768 557
f 556 558 769
f 556 769 770
f 556 770 768
f 557 768 771
f 557 771 725
f 557 725 559
f 558 724 772
f 558 772 769
f 560 773 774
f 560 774 775
f 560 775 776
f 560 776 777
f 560 777 778
f 560 778 561
f 561 778 777
f 561 777 779
f 561 779 562
f 562 779 780
f 562 780 781
f 562 781 563
f 563 781 782
f 563 782 564
f 564 782 783
f 564 783 784
f 564 784 565
f 565 784 566
f 566 784 568
f 566 568 567
f 568 785 569
f 568 784 786
f 568 786 787
f 568 787 788
f 568 788 785
f 569 785 570
f 570 785 571
f 571 785 789
f 571 789 572
f 572 789 790
f 572 790 573
f 573 790 791
f 573 791 574
f 574 791 792
f 574 792 575
f 575 792 793
f 575 793 576
f 576 793 794
f 576 794 577
f 577 794 795
f 577 795 796
f 577 796 592
f 578 598 797
f 578 797 798
f 578 798 799
f 578 799 800
f 578 800 579
f 579 800 580
f 580 800 801
f 580 801 581
f 581 801 802
f 581 802 803
f 581 803 582
f 582 803 583
f 583 803 804
f 583 804 805
f 583 805 584
f 584 805 585
f 585 805 806
f 585 806 586
f 586 806 587
f 587 806 807
f 587 807 808
f 587 808 809
f 587 809 588
f 588 809 589
f 589 809 810
f 589 810 811
f 589 811 812
f 589 812 590
f 590 812 813
f 590 813 814
f 590 814 591
f 591 814 815
f 591 815 599
f 592 796 816
f 592 816 817
f 592 817 593
f 593 817 594
f 594 817 818
f 594 818 819
f 594 819 595
f 595 819 820
f 595 820 596
f 596 820 821
f 596 821 797
f 596 797 597
f 597 797 598
f 599 815 822
f 599 822 600
f 601 822 823
f 601 823 824
f 601 824 602
f 602 824 825
f 602 825 826
f 602 826 603
f 603 826 606
f 603 606 604
f 605 827 608
f 605 607 828
f 605 828 827
f 606 826 829
f 606 829 830
f 606 830 607
f 607 830 828
f 608 827 831
f 608 831 832
f 608 832 609
f 609 832 833
f 609 833 610
f 610 833 611
f 611 833 834
f 611 834 614
f 612 835 836
f 612 836 613
f 612 614 834
f 612 834 837
f 612 837 838
f 612 838 835
f 613 836 615
f 615 836 618
f 616 839 617
f 616 618 839
f 617 839 840
f 617 840 619
f 618 836 841
f 618 841 842
f 618 842 839
f 619 840 620
f 620 843 844
f 620 844 621
f 620 840 843
f 621 844 845
f 621 845 622
f 622 845 846
f 622 846 623
f 623 846 847
f 623 847 848
f 623 848 624
f 624 848 625
f 625 848 626
f 626 849 850
f 626 850 851
f 626 851 628
f 626 848 852
f 626 852 853
f 626 853 849
f 628 851 629
f 629 854 630
f 629 851 854
f 630 854 855
f 630 855 631
f 631 856 633
f 631 855 856
f 632 633 857
f 632 857 634
f 633 856 857
f 634 858 635
f 634 857 858
f 635 858 636
f 636 859 637
f 636 858 859
f 637 859 638
f 638 859 639
f 639 859 860
f 639 860 643
f 640 643 641
f 641 643 861
f 641 861 862
f 641 862 863
f 641 863 864
f 641 864 645
f 641 645 644
f 641 644 642
f 643 860 865
f 643 865 866
f 643 866 867
f 643 867 861
f 645 868 646
f 645 864 868
f 646 868 647
f 647 868 869
f 647 869 648
f 648 869 650
f 649 651 652
f 650 869 651
f 651 870 652
f 651 869 871
f 651 871 872
f 651 872 873
f 651 873 874
f 651 874 870
f 652 870 875
f 652 875 655
f 652 655 653
f 654 876 656
f 654 655 876
f 655 877 876
f 655 875 874
f 655 874 877
f 656 876 878
f 656 878 658
f 657 660 879
f 657 879 661
f 658 878 659
f 659 878 880
f 659 880 881
f 659 881 882
f 659 882 883
f 659 883 660
f 660 883 879
f 661 879 884
f 661 884 662
f 662 884 885
f 662 885 664
f 663 886 665
f 663 664 887
f 663 887 886
f 664 885 888
f 664 888 887
f 665 886 666
f 666 886 889
f 666 889 667
f 667 889 669
f 668 674 890
f 668 890 675
f 669 889 891
f 669 891 670
f 670 891 892
f 670 892 893
f 670 893 671
f 671 673 672
f 671 893 894
f 671 894 895
f 671 895 673
f 673 895 896
f 673 896 674
f 674 896 897
f 674 897 898
f 674 898 890
f 675 890 899
f 675 899 676
f 676 899 900
f 676 900 677
f 677 900 901
f 677 901 902
f 677 902 678
f 678 902 679
f 679 902 903
f 679 903 904
f 679 904 905
f 679 905 680
f 680 905 681
f 681 905 682
f 682 905 683
f 683 903 906
f 683 906 907
f 683 907 684
f 683 905 904
f 683 904 903
f 684 907 908
f 684 908 909
f 684 909 910
f 684 910 688
f 684 688 685
f 687 689 911
f 687 911 690
f 688 910 689
f 689 696 691
f 689 691 690
f 689 690 911
f 689 910 912
f 689 912 692
f 692 913 914
f 692 914 697
f 692 697 693
f 692 912 913
f 697 914 915
f 697 915 916
f 697 916 698
f 698 700 699
f 698 916 700
f 700 916 917
f 700 917 918
f 700 918 701
f 701 918 919
f 701 919 920
f 701 920 703
f 701 703 702
f 703 920 704
f 704 921 706
f 704 706 705
f 704 920 922
f 704 922 923
f 704 923 921
f 706 921 923
f 706 923 707
f 707 923 708
f 708 923 924
f 708 924 925
f 708 925 926
f 708 926 927
f 708 927 709
f 709 927 712
f 709 712 710
f 710 712 711
f 712 927 928
f 712 928 714
f 712 714 713
f 714 928 715
f 715 929 716
f 715 928 929
f 716 929 717
f 717 929 718
f 718 929 928
f 718 928 930
f 718 930 931
f 718 931 719
f 719 931 720
f 720 931 932
f 720 932 723
f 721 723 932
f 721 932 933
f 721 933 722
f 722 933 724
f 724 933 772
f 725 771 768
f 725 768 727
f 726 934 729
f 726 728 935
f 726 935 934
f 727 768 936
f 727 936 728
f 728 936 937
f 728 937 935
f 729 934 938
f 729 938 939
f 729 939 730
f 730 939 940
f 730 940 731
f 731 940 941
f 731 941 732
f 732 941 942
f 732 942 733
f 733 942 943
f 733 943 736
f 734 735 759
f 735 736 759
f 736 943 944
f 736 944 945
f 736 945 759
f 737 767 946
f 737 946 739
f 738 741 947
f 738 947 744
f 738 744 743
f 739 948 742
f 739 946 949
f 739 949 950
f 739 950 951
f 739 951 948
f 740 742 948
f 740 948 952
f 740 952 953
f 740 953 954
f 740 954 741
f 741 954 947
f 744 947 745
f 745 947 752
f 746 748 955
f 746 955 956
f 746 956 747
f 747 956 751
f 748 957 958
f 748 958 959
f 748 959 960
f 748 960 961
f 748 961 962
f 748 962 955
f 748 758 957
f 749 963 964
f 749 964 750
f 749 751 963
f 751 965 963
f 751 956 966
f 751 966 965
f 752 947 967
f 752 967 968
f 752 968 753
f 753 968 755
f 753 755 754
f 755 968 969
f 755 969 970
f 755 970 971
f 755 971 756
f 756 972 973
f 756 973 757
f 756 971 972
f 757 973 972
f 757 972 974
f 757 974 975
f 757 975 758
f 758 975 974
f 758 974 976
f 758 976 957
f 759 945 977
f 759 977 760
f 760 977 978
f 760 978 761
f 761 978 979
f 761 979 762
f 762 979 763
f 763 980 981
f 763 981 764
f 763 979 980
f 764 981 982
f 764 982 766
f 766 983 767
f 766 982 983
f 767 983 946
f 768 770 984
f 768 984 936
f 769 772 932
f 769 932 985
f 769 985 986
f 769 986 770
f 770 986 984
f 772 933 932
f 773 987 988
f 773 988 989
f 773 989 774
f 774 989 775
f 775 989 990
f 775 990 991
f 775 991 992
f 775 992 993
f 775 993 994
f 775 994 776
f 776 994 777
f 777 995 996
f 777 996 997
f 777 997 779
f 777 994 995
f 779 997 780
f 780 997 998
f 780 998 781
f 781 998 782
f 782 999 783
f 782 998 999
f 783 999 786
f 783 786 784
f 785 788 1000
f 785 1000 1001
f 785 1001 789
f 786 999 788
f 786 788 787
f 788 1002 993
f 788 993 1003
f 788 1003 1004
f 788 1004 1000
f 788 999 1002
f 789 1001 1005
f 789 1005 1006
f 789 1006 1007
f 789 1007 790
f 790 1007 792
f 790 792 791
f 792 1007 1008
f 792 1008 1009
f 792 1009 793
f 793 1009 1010
f 793 1010 1011
f 793 1011 794
f 794 1011 795
f 795 1011 796
f 796 1010 1012
f 796 1012 818
f 796 818 816
f 796 1011 1010
f 797 821 798
f 798 821 1013
f 798 1013 1014
f 798 1014 1015
f 798 1015 799
f 799 801 800
f 799 1015 801
f 801 1015 1016
f 801 1016 1017
f 801 1017 802
f 802 1017 1018
f 802 1018 803
f 803 1018 804
f 804 1018 1017
f 804 1017 1019
f 804 1019 805
f 805 1019 806
f 806 1019 807
f 807 1019 1020
f 807 1020 1021
f 807 1021 808
f 808 1021 809
f 809 1021 1022
f 809 1022 810
f 810 1022 1023
f 810 1023 1024
f 810 1024 1025
f 810 1025 1026
f 810 1026 1027
f 810 1027 811
f 811 1027 1028
f 811 1028 812
f 812 1028 813
f 813 1028 814
f 814 1029 815
f 814 1028 1027
f 814 1027 1030
f 814 1030 1029
f 815 1029 822
f 816 818 817
f 818 1031 1032
f 818 1032 819
f 818 1012 1033
f 818 1033 1034
f 818 1034 1031
f 819 1032 820
f 820 1032 1013
f 820 1013 821
f 822 1029 823
f 823 1029 1035
f 823 1035 1036
f 823 1036 824
f 824 1036 1037
f 824 1037 825
f 825 1038 826
f 825 1037 1038
f 826 1038 829
f 827 828 1039
f 827 1039 1040
f 827 1040 1041
f 827 1041 1042
f 827 1042 831
f 828 830 1039
f 829 1043 830
f 829 1038 1044
f 829 1044 1043
f 830 1043 1039
f 831 1042 1045
f 831 1045 832
f 832 1045 1046
f 832 1046 833
f 833 1046 834
f 834 1046 1047
f 834 1047 837
f 835 1048 836
f 835 838 1048
f 836 1048 841
f 837 1049 1050
f 837 1050 1051
f 837 1051 838
f 837 1047 1052
f 837 1052 1053
f 837 1053 1049
f 838 1051 1054
f 838 1054 1048
f 839 1055 840
f 839 842 1054
f 839 1054 1055
f 840 1055 843
f 841 1048 1054
f 841 1054 1056
f 841 1056 842
f 842 1056 1054
f 843 1055 1057
f 843 1057 1058
f 843 1058 844
f 844 1059 845
f 844 1058 1060
f 844 1060 1059
f 845 1059 1061
f 845 1061 847
f 845 847 846
f 847 1062 848
f 847 1061 1060
f 847 1060 1062
f 848 1062 852
f 849 1063 1064
f 849 1064 1065
f 849 1065 1066
f 849 1066 851
f 849 851 850
f 849 853 1067
f 849 1067 1063
f 851 1066 1068
f 851 1068 854
f 852 1062 1069
f 852 1069 853
f 853 1060 1058
f 853 1058 1070
f 853 1070 1071
f 853 1071 1067
f 853 1069 1062
f 853 1062 1060
f 854 1068 856
f 854 856 855
f 856 1072 1073
f 856 1073 857
f 856 1068 1074
f 856 1074 1072
f 857 1075 1076
f 857 1076 858
f 857 1073 1072
f 857 1072 1077
f 857 1077 1075
f 858 1076 1075
f 858 1075 1078
f 858 1078 1079
f 858 1079 859
f 859 1079 1080
f 859 1080 860
f 860 1080 1081
f 860 1081 865
f 861 867 862
f 862 1082 863
f 862 867 1083
f 862 1083 1084
f 862 1084 1082
f 863 1082 864
f 864 1082 868
f 865 1081 866
f 866 1081 1085
f 866 1085 1086
f 866 1086 1083
f 866 1083 867
f 868 1082 1087
f 868 1087 1088
f 868 1088 871
f 868 871 869
f 870 874 875
f 871 1088 872
f 872 1088 873
f 873 1089 1090
f 873 1090 874
f 873 1088 1087
f 873 1087 1084
f 873 1084 1091
f 873 1091 1089
f 874 1090 1092
f 874 1092 1093
f 874 1093 881
f 874 881 880
f 874 880 877
f 876 880 878
f 876 877 880
f 879 883 1094
f 879 1094 884
f 881 1093 882
f 882 1093 1095
f 882 1095 1096
f 882 1096 1097
f 882 1097 1098
f 882 1098 1094
f 882 1094 883
f 884 1094 1098
f 884 1098 1099
f 884 1099 885
f 885 1099 1100
f 885 1100 1101
f 885 1101 888
f 886 887 1102
f 886 1102 889
f 887 888 1103
f 887 1103 1102
f 888 1101 1104
f 888 1104 1105
f 888 1105 1103
f 889 1102 891
f 890 898 899
f 891 1102 1106
f 891 1106 892
f 892 1106 1107
f 892 1107 1108
f 892 1108 893
f 893 1108 894
f 894 1108 1109
f 894 1109 1110
f 894 1110 1111
f 894 1111 896
f 894 896 895
f 896 1111 1112
f 896 1112 1113
f 896 1113 897
f 897 1113 898
f 898 1113 1114
f 898 1114 1115
f 898 1115 899
f 899 1115 1116
f 899 1116 900
f 900 1116 1117
f 900 1117 902
f 900 902 901
f 902 1118 906
f 902 906 903
f 902 1117 1119
f 902 1119 1118
f 906 1119 1120
f 906 1120 1121
f 906 1121 907
f 906 1118 1119
f 907 1121 908
f 908 1121 1122
f 908 1122 909
f 909 1122 1123
f 909 1123 910
f 910 1123 912
f 912 1123 1124
f 912 1124 913
f 913 1124 1125
f 913 1125 1126
f 913 1126 914
f 914 1126 915
f 915 1126 1127
f 915 1127 916
f 916 1127 918
f 916 918 917
f 918 1127 1128
f 918 1128 919
f 919 1129 923
f 919 923 922
f 919 922 920
f 919 1128 1129
f 923 1129 924
f 924 1129 1130
f 924 1130 1131
f 924 1131 1132
f 924 1132 925
f 925 1132 926
f 926 1132 1133
f 926 1133 928
f 926 928 927
f 928 1133 930
f 930 1134 931
f 930 1133 1135
f 930 1135 1134
f 931 1134 1136
f 931 1136 1137
f 931 1137 932
f 932 1137 985
f 934 935 1138
f 934 1138 1139
f 934 1139 1140
f 934 1140 938
f 935 937 1138
f 936 984 1138
f 936 1138 937
f 938 1140 1141
f 938 1141 1142
f 938 1142 939
f 939 1143 1144
f 939 1144 1145
f 939 1145 940
f 939 1142 1143
f 940 1145 1146
f 940 1146 941
f 941 1146 1147
f 941 1147 942
f 942 1147 943
f 943 1147 944
f 944 1147 945
f 945 1148 1149
f 945 1149 1150
f 945 1150 977
f 945 1147 1148
f 946 983 1151
f 946 1151 949
f 947 954 967
f 948 951 952
f 949 1151 1152
f 949 1152 950
f 950 1152 951
f 951 1153 1154
f 951 1154 953
f 951 953 952
f 951 1152 1155
f 951 1155 1156
f 951 1156 1157
f 951 1157 1153
f 953 1154 1158
f 953 1158 970
f 953 970 969
f 953 969 954
f 954 969 967
f 955 962 956
f 956 1159 966
f 956 962 1159
f 957 1160 958
f 957 976 1161
f 957 1161 1160
f 958 1162 1163
f 958 1163 1164
f 958 1164 1159
f 958 1159 959
f 958 1160 1165
f 958 1165 1162
f 959 1159 961
f 959 961 960
f 961 1159 962
f 963 1166 1167
f 963 1167 1168
f 963 1168 964
f 963 965 1169
f 963 1169 1166
f 965 966 1159
f 965 1159 1169
f 967 969 968
f 970 1158 971
f 971 1158 1170
f 971 1170 1171
f 971 1171 972
f 972 1171 1172
f 972 1172 1173
f 972 1173 1174
f 972 1174 974
f 974 1174 1161
f 974 1161 976
f 977 1150 1175
f 977 1175 979
f 977 979 978
f 979 1175 980
f 980 1175 1176
f 980 1176 1177
f 980 1177 1151
f 980 1151 981
f 981 1151 982
f 982 1151 983
f 984 1178 1138
f 984 986 985
f 984 985 1179
f 984 1179 1178
f 985 1137 1180
f 985 1180 1179
f 987 1181 1182
f 987 1182 1183
f 987 1183 1184
f 987 1184 988
f 988 1184 1185
f 988 1185 1186
f 988 1186 989
f 989 1186 990
f 990 1186 1187
f 990 1187 991
f 991 1187 1188
f 991 1188 992
f 992 1188 1189
f 992 1189 993
f 993 1189 1003
f 993 1002 997
f 993 997 1190
f 993 1190 994
f 994 1190 996
f 994 996 995
f 996 1190 997
f 997 1002 998
f 998 1191 999
f 998 1002 1191
f 999 1191 1002
f 1000 1004 1192
f 1000 1192 1193
f 1000 1193 1001
f 1001 1193 1005
f 1003 1189 1194
f 1003 1194 1004
f 1004 1194 1195
f 1004 1195 1192
f 1005 1193 1196
f 1005 1196 1008
f 1005 1008 1007
f 1005 1007 1006
f 1008 1196 1197
f 1008 1197 1010
f 1008 1010 1009
f 1010 1198 1012
f 1010 1197 1198
f 1012 1198 1033
f 1013 1032 1034
f 1013 1034 1014
f 1014 1034 1199
f 1014 1199 1200
f 1014 1200 1201
f 1014 1201 1017
f 1014 1017 1016
f 1014 1016 1015
f 1017 1202 1020
f 1017 1020 1019
f 1017 1201 1203
f 1017 1203 1202
f 1020 1202 1204
f 1020 1204 1023
f 1020 1023 1021
f 1021 1023 1022
f 1023 1204 1205
f 1023 1205 1024
f 1024 1205 1206
f 1024 1206 1207
f 1024 1207 1025
f 1025 1207 1208
f 1025 1208 1209
f 1025 1209 1026
f 1026 1209 1027
f 1027 1209 1030
f 1029 1030 1210
f 1029 1210 1211
f 1029 1211 1035
f 1030 1209 1210
f 1031 1034 1032
f 1033 1198 1212
f 1033 1212 1213
f 1033 1213 1034
f 1034 1213 1199
f 1035 1211 1214
f 1035 1214 1215
f 1035 1215 1036
f 1036 1215 1216
f 1036 1216 1037
f 1037 1216 1038
f 1038 1216 1044
f 1039 1217 1218
f 1039 1218 1219
f 1039 1219 1040
f 1039 1043 1217
f 1040 1219 1041
f 1041 1219 1220
f 1041 1220 1042
f 1042 1220 1045
f 1043 1221 1217
f 1043 1044 1221
f 1044 1222 1221
f 1044 1216 1222
f 1045 1052 1046
f 1045 1220 1052
f 1046 1052 1047
f 1049 1053 1223
f 1049 1223 1050
f 1050 1224 1225
f 1050 1225 1226
f 1050 1226 1051
f 1050 1223 1224
f 1051 1226 1054
f 1052 1220 1053
f 1053 1220 1219
f 1053 1219 1223
f 1054 1226 1227
f 1054 1227 1058
f 1054 1058 1228
f 1054 1228 1055
f 1055 1228 1057
f 1057 1228 1058
f 1058 1227 1229
f 1058 1229 1070
f 1059 1060 1061
f 1063 1230 1231
f 1063 1231 1064
f 1063 1067 1232
f 1063 1232 1230
f 1064 1231 1233
f 1064 1233 1072
f 1064 1072 1074
f 1064 1074 1065
f 1065 1074 1068
f 1065 1068 1066
f 1067 1071 1232
f 1070 1229 1234
f 1070 1234 1071
f 1071 1234 1232
f 1072 1075 1077
f 1072 1233 1075
f 1075 1233 1235
f 1075 1235 1078
f 1078 1235 1079
f 1079 1235 1080
f 1080 1235 1081
f 1081 1235 1085
f 1082 1084 1087
f 1083 1086 1236
f 1083 1236 1237
f 1083 1237 1238
f 1083 1238 1084
f 1084 1238 1091
f 1085 1233 1239
f 1085 1239 1240
f 1085 1240 1236
f 1085 1236 1086
f 1085 1235 1233
f 1089 1241 1090
f 1089 1091 1242
f 1089 1242 1241
f 1090 1241 1092
f 1091 1238 1242
f 1092 1241 1243
f 1092 1243 1244
f 1092 1244 1093
f 1093 1244 1095
f 1095 1244 1245
f 1095 1245 1096
f 1096 1245 1246
f 1096 1246 1247
f 1096 1247 1248
f 1096 1248 1097
f 1097 1248 1100
f 1097 1100 1099
f 1097 1099 1098
f 1100 1248 1101
f 1101 1248 1104
f 1102 1103 1106
f 1103 1105 1249
f 1103 1249 1106
f 1104 1248 1250
f 1104 1250 1249
f 1104 1249 1105
f 1106 1249 1107
f 1107 1249 1251
f 1107 1251 1252
f 1107 1252 1109
f 1107 1109 1108
f 1109 1252 1110
f 1110 1252 1253
f 1110 1253 1254
f 1110 1254 1255
f 1110 1255 1111
f 1111 1255 1256
f 1111 1256 1112
f 1112 1256 1257
f 1112 1257 1113
f 1113 1257 1258
f 1113 1258 1259
f 1113 1259 1115
f 1113 1115 1114
f 1115 1259 1260
f 1115 1260 1261
f 1115 1261 1116
f 1116 1261 1117
f 1117 1261 1119
f 1119 1262 1120
f 1119 1261 1262
f 1120 1262 1263
f 1120 1263 1264
f 1120 1264 1121
f 1121 1264 1265
f 1121 1265 1266
f 1121 1266 1267
f 1121 1267 1122
f 1122 1267 1124
f 1122 1124 1123
f 1124 1267 1268
f 1124 1268 1125
f 1125 1269 1270
f 1125 1270 1126
f 1125 1268 1269
f 1126 1270 1271
f 1126 1271 1127
f 1127 1271 1272
f 1127 1272 1128
f 1128 1272 1273
f 1128 1273 1129
f 1129 1273 1130
f 1130 1274 1275
f 1130 1275 1131
f 1130 1273 1274
f 1131 1276 1277
f 1131 1277 1132
f 1131 1275 1276
f 1132 1277 1133
f 1133 1277 1135
f 1134 1135 1278
f 1134 1278 1136
f 1135 1279 1278
f 1135 1277 1279
f 1136 1180 1137
f 1136 1278 1180
f 1138 1178 1280
f 1138 1280 1281
f 1138 1281 1139
f 1139 1282 1140
f 1139 1281 1283
f 1139 1283 1282
f 1140 1282 1284
f 1140 1284 1141
f 1141 1284 1142
f 1142 1284 1285
f 1142 1285 1143
f 1143 1286 1144
f 1143 1285 1286
f 1144 1286 1287
f 1144 1287 1145
f 1145 1287 1288
f 1145 1288 1289
f 1145 1289 1146
f 1146 1289 1147
f 1147 1289 1290
f 1147 1290 1148
f 1148 1290 1149
f 1149 1290 1176
f 1149 1176 1150
f 1150 1176 1175
f 1151 1177 1152
f 1152 1177 1176
f 1152 1176 1290
f 1152 1290 1155
f 1153 1157 1291
f 1153 1291 1154
f 1154 1291 1170
f 1154 1170 1158
f 1155 1290 1156
f 1156 1290 1289
f 1156 1289 1157
f 1157 1292 1174
f 1157 1174 1173
f 1157 1173 1172
f 1157 1172 1293
f 1157 1293 1291
f 1157 1289 1288
f 1157 1288 1287
f 1157 1287 1286
f 1157 1286 1294
f 1157 1294 1292
f 1159 1164 1169
f 1160 1161 1165
f 1161 1174 1295
f 1161 1295 1165
f 1162 1165 1296
f 1162 1296 1297
f 1162 1297 1298
f 1162 1298 1299
f 1162 1299 1300
f 1162 1300 1163
f 1163 1300 1301
f 1163 1301 1302
f 1163 1302 1164
f 1164 1302 1169
f 1165 1295 1296
f 1166 1303 1167
f 1166 1169 1302
f 1166 1302 1301
f 1166 1301 1303
f 1170 1293 1171
f 1170 1291 1293
f 1171 1293 1172
f 1174 1292 1295
f 1178 1179 1304
f 1178 1304 1280
f 1179 1180 1305
f 1179 1305 1280
f 1179 1280 1304
f 1180 1278 1305
f 1181 1306 1182
f 1182 1306 1307
f 1182 1307 1183
f 1183 1308 1309
f 1183 1309 1184
f 1183 1307 1310
f 1183 1310 1308
f 1184 1309 1185
f 1185 1309 1311
f 1185 1311 1312
f 1185 1312 1187
f 1185 1187 1186
f 1187 1313 1314
f 1187 1314 1188
f 1187 1312 1313
f 1188 1314 1315
f 1188 1315 1316
f 1188 1316 1194
f 1188 1194 1189
f 1192 1195 1317
f 1192 1317 1318
f 1192 1318 1319
f 1192 1319 1193
f 1193 1319 1196
f 1194 1316 1320
f 1194 1320 1195
f 1195 1320 1321
f 1195 1321 1322
f 1195 1322 1317
f 1196 1323 1197
f 1196 1319 1323
f 1197 1323 1324
f 1197 1324 1325
f 1197 1325 1198
f 1198 1325 1212
f 1199 1213 1326
f 1199 1326 1200
f 1200 1326 1327
f 1200 1327 1201
f 1201 1327 1203
f 1202 1203 1328
f 1202 1328 1204
f 1203 1327 1328
f 1204 1329 1206
f 1204 1206 1205
f 1204 1328 1329
f 1206 1330 1331
f 1206 1331 1332
f 1206 1332 1333
f 1206 1333 1334
f 1206 1334 1207
f 1206 1329 1330
f 1207 1334 1208
f 1208 1210 1209
f 1208 1334 1214
f 1208 1214 1210
f 1210 1214 1211
f 1212 1335 1336
f 1212 1336 1326
f 1212 1326 1213
f 1212 1325 1335
f 1214 1334 1337
f 1214 1337 1338
f 1214 1338 1215
f 1215 1338 1339
f 1215 1339 1216
f 1216 1339 1340
f 1216 1340 1222
f 1217 1341 1342
f 1217 1342 1218
f 1217 1221 1341
f 1218 1342 1343
f 1218 1343 1219
f 1219 1343 1223
f 1221 1344 1341
f 1221 1222 1344
f 1222 1345 1344
f 1222 1340 1345
f 1223 1343 1346
f 1223 1346 1224
f 1224 1347 1225
f 1224 1346 1348
f 1224 1348 1347
f 1225 1347 1349
f 1225 1349 1350
f 1225 1350 1226
f 1226 1350 1227
f 1227 1350 1229
f 1229 1350 1234
f 1230 1232 1351
f 1230 1351 1352
f 1230 1352 1353
f 1230 1353 1354
f 1230 1354 1231
f 1231 1354 1233
f 1232 1234 1351
f 1233 1354 1239
f 1234 1350 1355
f 1234 1355 1356
f 1234 1356 1351
f 1236 1240 1357
f 1236 1357 1237
f 1237 1357 1358
f 1237 1358 1242
f 1237 1242 1238
f 1239 1354 1359
f 1239 1359 1240
f 1240 1359 1357
f 1241 1242 1360
f 1241 1360 1243
f 1242 1358 1360
f 1243 1361 1245
f 1243 1245 1244
f 1243 1360 1362
f 1243 1362 1363
f 1243 1363 1361
f 1245 1361 1364
f 1245 1364 1365
f 1245 1365 1366
f 1245 1366 1246
f 1246 1251 1250
f 1246 1250 1248
f 1246 1248 1247
f 1246 1366 1367
f 1246 1367 1368
f 1246 1368 1251
f 1249 1250 1251
f 1251 1368 1369
f 1251 1369 1252
f 1252 1369 1253
f 1253 1369 1367
f 1253 1367 1370
f 1253 1370 1254
f 1254 1370 1371
f 1254 1371 1255
f 1255 1371 1372
f 1255 1372 1373
f 1255 1373 1374
f 1255 1374 1256
f 1256 1374 1375
f 1256 1375 1376
f 1256 1376 1257
f 1257 1376 1377
f 1257 1377 1378
f 1257 1378 1379
f 1257 1379 1258
f 1258 1379 1380
f 1258 1380 1262
f 1258 1262 1259
f 1259 1262 1260
f 1260 1262 1261
f 1262 1380 1381
f 1262 1381 1264
f 1262 1264 1263
f 1264 1381 1382
f 1264 1382 1383
f 1264 1383 1267
f 1264 1267 1265
f 1265 1267 1266
f 1267 1383 1384
f 1267 1384 1268
f 1268 1384 1269
f 1269 1385 1386
f 1269 1386 1387
f 1269 1387 1388
f 1269 1388 1270
f 1269 1384 1389
f 1269 1389 1385
f 1270 1388 1271
f 1271 1388 1272
f 1272 1388 1387
f 1272 1387 1273
f 1273 1387 1274
f 1274 1390 1391
f 1274 1391 1392
f 1274 1392 1275
f 1274 1387 1390
f 1275 1392 1276
f 1276 1393 1279
f 1276 1279 1277
f 1276 1392 1393
f 1278 1279 1305
f 1279 1394 1280
f 1279 1280 1305
f 1279 1393 1392
f 1279 1392 1395
f 1279 1395 1394
f 1280 1394 1396
f 1280 1396 1281
f 1281 1397 1283
f 1281 1396 1397
f 1282 1283 1397
f 1282 1397 1284
f 1284 1397 1294
f 1284 1294 1285
f 1285 1294 1286
f 1292 1398 1298
f 1292 1298 1295
f 1292 1294 1398
f 1294 1397 1399
f 1294 1399 1398
f 1295 1298 1296
f 1296 1298 1297
f 1298 1400 1401
f 1298 1401 1299
f 1298 1398 1402
f 1298 1402 1403
f 1298 1403 1400
f 1299 1401 1404
f 1299 1404 1300
f 1300 1404 1405
f 1300 1405 1301
f 1301 1405 1406
f 1301 1406 1303
f 1306 1407 1408
f 1306 1408 1409
f 1306 1409 1410
f 1306 1410 1310
f 1306 1310 1307
f 1308 1310 1411
f 1308 1411 1412
f 1308 1412 1413
f 1308 1413 1309
f 1309 1413 1311
f 1310 1410 1411
f 1311 1413 1414
f 1311 1414 1312
f 1312 1414 1415
f 1312 1415 1313
f 1313 1415 1416
f 1313 1416 1315
f 1313 1315 1314
f 1315 1416 1417
f 1315 1417 1316
f 1316 1417 1320
f 1317 1322 1318
f 1318 1323 1319
f 1318 1322 1418
f 1318 1418 1324
f 1318 1324 1323
f 1320 1417 1321
f 1321 1417 1322
f 1322 1417 1419
f 1322 1419 1420
f 1322 1420 1421
f 1322 1421 1418
f 1324 1418 1422
f 1324 1422 1335
f 1324 1335 1325
f 1326 1423 1327
f 1326 1336 1424
f 1326 1424 1423
f 1327 1425 1328
f 1327 1423 1426
f 1327 1426 1425
f 1328 1427 1428
f 1328 1428 1329
f 1328 1425 1427
f 1329 1428 1330
f 1330 1332 1331
f 1330 1428 1429
f 1330 1429 1430
f 1330 1430 1431
f 1330 1431 1432
f 1330 1432 1332
f 1332 1432 1334
f 1332 1334 1333
f 1334 1432 1337
f 1335 1422 1424
f 1335 1424 1336
f 1337 1432 1431
f 1337 1431 1338
f 1338 1431 1433
f 1338 1433 1339
f 1339 1433 1434
f 1339 1434 1340
f 1340 1435 1345
f 1340 1434 1435
f 1341 1344 1436
f 1341 1436 1342
f 1342 1436 1346
f 1342 1346 1343
f 1344 1345 1437
f 1344 1437 1436
f 1345 1438 1439
f 1345 1439 1437
f 1345 1435 1438
f 1346 1436 1440
f 1346 1440 1347
f 1346 1347 1348
f 1347 1440 1441
f 1347 1441 1442
f 1347 1442 1349
f 1349 1442 1443
f 1349 1443 1350
f 1350 1443 1355
f 1351 1356 1444
f 1351 1444 1352
f 1352 1445 1353
f 1352 1444 1445
f 1353 1446 1447
f 1353 1447 1354
f 1353 1445 1446
f 1354 1447 1359
f 1355 1448 1356
f 1355 1443 1448
f 1356 1448 1444
f 1357 1359 1358
f 1358 1449 1360
f 1358 1359 1450
f 1358 1450 1451
f 1358 1451 1452
f 1358 1452 1449
f 1359 1453 1450
f 1359 1447 1453
f 1360 1449 1362
f 1361 1363 1364
f 1362 1449 1452
f 1362 1452 1363
f 1363 1452 1454
f 1363 1454 1455
f 1363 1455 1365
f 1363 1365 1364
f 1365 1456 1370
f 1365 1370 1367
f 1365 1367 1366
f 1365 1455 1457
f 1365 1457 1456
f 1367 1369 1368
f 1370 1456 1371
f 1371 1456 1458
f 1371 1458 1372
f 1372 1458 1459
f 1372 1459 1373
f 1373 1459 1460
f 1373 1460 1374
f 1374 1460 1375
f 1375 1460 1459
f 1375 1459 1461
f 1375 1461 1462
f 1375 1462 1463
f 1375 1463 1376
f 1376 1463 1464
f 1376 1464 1377
f 1377 1464 1465
f 1377 1465 1466
f 1377 1466 1378
f 1378 1466 1379
f 1379 1466 1467
f 1379 1467 1380
f 1380 1467 1381
f 1381 1467 1468
f 1381 1468 1382
f 1382 1469 1383
f 1382 1468 1469
f 1383 1469 1384
f 1384 1469 1470
f 1384 1470 1389
f 1385 1389 1470
f 1385 1470 1471
f 1385 1471 1472
f 1385 1472 1386
f 1386 1472 1473
f 1386 1473 1387
f 1387 1473 1390
f 1390 1474 1391
f 1390 1473 1475
f 1390 1475 1474
f 1391 1474 1476
f 1391 1476 1392
f 1392 1476 1477
f 1392 1477 1395
f 1394 1395 1478
f 1394 1478 1396
f 1395 1477 1478
f 1396 1478 1479
f 1396 1479 1397
f 1397 1479 1399
f 1398 1480 1481
f 1398 1481 1402
f 1398 1399 1464
f 1398 1464 1463
f 1398 1463 1480
f 1399 1479 1474
f 1399 1474 1475
f 1399 1475 1482
f 1399 1482 1464
f 1400 1483 1484
f 1400 1484 1485
f 1400 1485 1401
f 1400 1403 1483
f 1401 1485 1404
f 1402 1486 1403
f 1402 1481 1486
f 1403 1486 1487
f 1403 1487 1488
f 1403 1488 1483
f 1404 1485 1489
f 1404 1489 1490
f 1404 1490 1405
f 1405 1490 1491
f 1405 1491 1406
f 1406 1491 1408
f 1406 1408 1407
f 1408 1491 1409
f 1409 1491 1492
f 1409 1492 1410
f 1410 1492 1412
f 1410 1412 1411
f 1412 1493 1494
f 1412 1494 1495
f 1412 1495 1496
f 1412 1496 1497
f 1412 1497 1498
f 1412 1498 1413
f 1412 1492 1493
f 1413 1498 1499
f 1413 1499 1414
f 1414 1499 1415
f 1415 1500 1501
f 1415 1501 1416
f 1415 1499 1500
f 1416 1501 1502
f 1416 1502 1503
f 1416 1503 1417
f 1417 1503 1504
f 1417 1504 1419
f 1418 1421 1505
f 1418 1505 1422
f 1419 1504 1420
f 1420 1506 1421
f 1420 1504 1507
f 1420 1507 1506
f 1421 1508 1505
f 1421 1506 1508
f 1422 1509 1510
f 1422 1510 1511
f 1422 1511 1424
f 1422 1505 1509
f 1423 1424 1511
f 1423 1511 1426
f 1425 1426 1427
f 1426 1511 1512
f 1426 1512 1427
f 1427 1512 1428
f 1428 1512 1513
f 1428 1513 1429
f 1429 1513 1514
f 1429 1514 1515
f 1429 1515 1430
f 1430 1516 1434
f 1430 1434 1433
f 1430 1433 1431
f 1430 1515 1516
f 1434 1516 1517
f 1434 1517 1518
f 1434 1518 1435
f 1435 1519 1520
f 1435 1520 1438
f 1435 1518 1521
f 1435 1521 1519
f 1436 1437 1522
f 1436 1522 1440
f 1437 1523 1522
f 1437 1439 1523
f 1438 1520 1523
f 1438 1523 1439
f 1440 1522 1524
f 1440 1524 1441
f 1441 1524 1525
f 1441 1525 1526
f 1441 1526 1527
f 1441 1527 1528
f 1441 1528 1442
f 1442 1528 1448
f 1442 1448 1443
f 1444 1448 1445
f 1445 1529 1446
f 1445 1448 1530
f 1445 1530 1531
f 1445 1531 1529
f 1446 1529 1532
f 1446 1532 1533
f 1446 1533 1452
f 1446 1452 1534
f 1446 1534 1447
f 1447 1534 1453
f 1448 1528 1527
f 1448 1527 1530
f 1450 1453 1451
f 1451 1453 1534
f 1451 1534 1452
f 1452 1533 1535
f 1452 1535 1454
f 1454 1536 1457
f 1454 1457 1455
f 1454 1535 1536
f 1456 1457 1537
f 1456 1537 1458
f 1457 1536 1538
f 1457 1538 1537
f 1458 1537 1459
f 1459 1537 1539
f 1459 1539 1540
f 1459 1540 1461
f 1461 1540 1462
f 1462 1540 1463
f 1463 1540 1541
f 1463 1541 1480
f 1464 1482 1542
f 1464 1542 1465
f 1465 1542 1468
f 1465 1468 1466
f 1466 1468 1467
f 1468 1542 1543
f 1468 1543 1469
f 1469 1543 1470
f 1470 1543 1471
f 1471 1543 1482
f 1471 1482 1472
f 1472 1482 1475
f 1472 1475 1473
f 1474 1479 1476
f 1476 1479 1478
f 1476 1478 1477
f 1480 1541 1481
f 1481 1541 1514
f 1481 1514 1513
f 1481 1513 1544
f 1481 1544 1545
f 1481 1545 1546
f 1481 1546 1547
f 1481 1547 1548
f 1481 1548 1486
f 1482 1543 1542
f 1483 1549 1494
f 1483 1494 1485
f 1483 1485 1484
f 1483 1488 1549
f 1485 1494 1489
f 1486 1548 1550
f 1486 1550 1487
f 1487 1500 1488
f 1487 1550 1501
f 1487 1501 1500
f 1488 1500 1549
f 1489 1493 1490
f 1489 1494 1493
f 1490 1492 1491
f 1490 1493 1492
f 1494 1549 1499
f 1494 1499 1495
f 1495 1499 1496
f 1496 1499 1497
f 1497 1499 1498
f 1499 1549 1500
f 1501 1550 1502
f 1502 1550 1551
f 1502 1551 1503
f 1503 1551 1504
f 1504 1551 1507
f 1505 1508 1552
f 1505 1552 1509
f 1506 1507 1551
f 1506 1551 1508
f 1508 1551 1547
f 1508 1547 1546
f 1508 1546 1545
f 1508 1545 1552
f 1509 1552 1553
f 1509 1553 1510
f 1510 1553 1511
f 1511 1553 1554
f 1511 1554 1512
f 1512 1554 1513
f 1513 1554 1544
f 1514 1541 1555
f 1514 1555 1515
f 1515 1555 1516
f 1516 1555 1517
f 1517 1555 1518
f 1518 1556 1521
f 1518 1555 1557
f 1518 1557 1556
f 1519 1558 1520
f 1519 1521 1556
f 1519 1556 1559
f 1519 1559 1558
f 1520 1560 1523
f 1520 1558 1560
f 1522 1523 1524
f 1523 1560 1540
f 1523 1540 1524
f 1524 1540 1525
f 1525 1540 1561
f 1525 1561 1562
f 1525 1562 1527
f 1525 1527 1526
f 1527 1562 1563
f 1527 1563 1530
f 1529 1531 1564
f 1529 1564 1565
f 1529 1565 1532
f 1530 1563 1531
f 1531 1563 1564
f 1532 1565 1566
f 1532 1566 1533
f 1533 1566 1535
f 1535 1566 1567
f 1535 1567 1568
f 1535 1568 1536
f 1536 1568 1567
f 1536 1567 1538
f 1537 1538 1539
f 1538 1567 1564
f 1538 1564 1561
f 1538 1561 1539
f 1539 1561 1540
f 1540 1560 1558
f 1540 1558 1559
f 1540 1559 1541
f 1541 1559 1556
f 1541 1556 1557
f 1541 1557 1555
f 1544 1554 1545
f 1545 1554 1553
f 1545 1553 1552
f 1547 1551 1548
f 1548 1551 1550
f 1561 1563 1562
f 1561 1564 1563
f 1564 1567 1565
f 1565 1567 1566
