v -0.29711178 0.50993085 -0.43332011
v -0.29610541 0.50993085 -0.43471593
v -0.29706386 0.48998982 -0.43332011
v -0.29701594 0.57266438 -0.43332011
v -0.28608960 0.52997971 -0.44780880
v -0.28608960 0.50993085 -0.44780880
v -0.28608960 0.48998982 -0.44778091
v -0.29605749 0.48998982 -0.43471593
v -0.29600954 0.58991069 -0.43466008
v -0.29600954 0.46994099 -0.43466008
v -0.29696801 0.46994099 -0.43332011
v -0.29696801 0.58991069 -0.43332011
v -0.28604168 0.56996965 -0.44778091
v -0.27818239 0.56996965 -0.45777503
v -0.27818239 0.54992080 -0.45780295
v -0.27818239 0.50993085 -0.45780295
v -0.27813447 0.48998982 -0.45777503
v -0.28604168 0.46994099 -0.44769716
v -0.28599375 0.58991069 -0.44772506
v -0.29668048 0.60995954 -0.43332011
v -0.29586577 0.60995954 -0.43443677
v -0.28584999 0.60995954 -0.44755757
v -0.29596162 0.44999993 -0.43457633
v -0.29687217 0.44999993 -0.43332011
v -0.27813447 0.58991069 -0.45774710
v -0.26821452 0.56996965 -0.46975124
v -0.26821452 0.52997971 -0.46969542
v -0.26816660 0.48998982 -0.46961164
v -0.27808654 0.46994099 -0.45769128
v -0.28589791 0.42995107 -0.44747382
v -0.29495525 0.62990057 -0.43332011
v -0.28498739 0.62990057 -0.44641298
v -0.27799070 0.60995954 -0.45755169
v -0.29586577 0.42995107 -0.43446469
v -0.29672840 0.43221465 -0.43332011
v -0.26816660 0.58991069 -0.46972334
v -0.25973225 0.58991069 -0.47971746
v -0.25973225 0.56996965 -0.47974539
v -0.25968432 0.50993085 -0.47966164
v -0.25963640 0.48998982 -0.47960579
v -0.25954056 0.46994099 -0.47954997
v -0.26802284 0.44999993 -0.46944416
v -0.27799070 0.44999993 -0.45760754
v -0.27779901 0.40990224 -0.45735627
v -0.28575414 0.40990224 -0.44733423
v -0.29576993 0.40990224 -0.43432510
v -0.28853366 0.64941049 -0.43332011
v -0.28283089 0.64553005 -0.44364923
v -0.27703226 0.62990057 -0.45640713
v -0.26706439 0.62990057 -0.46829957
v -0.26797491 0.60995954 -0.46950001
v -0.29648879 0.40990224 -0.43332011
v -0.25038737 0.58991069 -0.49001870
v -0.25043529 0.56996965 -0.49001870
v -0.25954056 0.60995954 -0.47949412
v -0.25033945 0.50993085 -0.49001870
v -0.25024360 0.48998982 -0.49001870
v -0.25005192 0.46994099 -0.49001870
v -0.24986024 0.44999993 -0.49001870
v -0.25944471 0.44999993 -0.47943830
v -0.25925303 0.40990224 -0.47918704
v -0.26792699 0.42995107 -0.46930456
v -0.26768738 0.38996118 -0.46905333
v -0.26754361 0.36991233 -0.46888584
v -0.27765524 0.38996118 -0.45718879
v -0.28561038 0.38996118 -0.44719464
v -0.28546661 0.36991233 -0.44699922
v -0.29562616 0.38996118 -0.43412969
v -0.29624918 0.39157802 -0.43332011
v -0.28647298 0.65339869 -0.43332011
v -0.27928463 0.65889597 -0.43912673
v -0.27439654 0.65135068 -0.45018172
v -0.26351815 0.64994943 -0.46414000
v -0.25848627 0.62990057 -0.47829372
v -0.24065912 0.58991069 -0.50071073
v -0.24065912 0.56996965 -0.50073868
v -0.24065912 0.52997971 -0.50073868
v -0.24013197 0.62084627 -0.50018030
v -0.24995609 0.60995954 -0.49001870
v -0.24061120 0.50993085 -0.50071073
v -0.24056327 0.48998982 -0.50065494
v -0.24046743 0.46994099 -0.50057113
v -0.24027574 0.42995107 -0.50031990
v -0.24942893 0.40990224 -0.49001870
v -0.25901341 0.36991233 -0.47890788
v -0.26739985 0.34997129 -0.46871835
v -0.27751148 0.36991233 -0.45699337
v -0.27736771 0.34997129 -0.45679796
v -0.27722394 0.32992244 -0.45657462
v -0.28527492 0.34997129 -0.44680381
v -0.29548240 0.36991233 -0.43390635
v -0.29591370 0.37109801 -0.43332011
v -0.28144115 0.66094398 -0.43332011
v -0.26049900 0.66040504 -0.46062252
v -0.25474834 0.64994943 -0.47413415
v -0.23888600 0.63421220 -0.49889615
v -0.24688904 0.62849933 -0.49133077
v -0.23088294 0.58991069 -0.51073277
v -0.23097879 0.56996965 -0.51076072
v -0.24041951 0.60995954 -0.50048739
v -0.23093086 0.52997971 -0.51073277
v -0.22954111 0.62774479 -0.50958824
v -0.22019623 0.62116963 -0.52025235
v -0.22057961 0.60995954 -0.52058733
v -0.23059541 0.60995954 -0.51048154
v -0.23088294 0.50993085 -0.51070487
v -0.23083502 0.48998982 -0.51064903
v -0.23073918 0.46994099 -0.51056528
v -0.22024415 0.36991233 -0.52028024
v -0.23016411 0.36991233 -0.51000696
v -0.24003613 0.39459613 -0.50009656
v -0.23989236 0.36991233 -0.49990118
v -0.24899763 0.36991233 -0.48990703
v -0.24885386 0.34997129 -0.48976743
v -0.25886965 0.34997129 -0.47874039
v -0.26720816 0.32992244 -0.46855083
v -0.28508323 0.32992244 -0.44658047
v -0.26682478 0.28993255 -0.46810418
v -0.27703226 0.30998138 -0.45632339
v -0.29529071 0.34997129 -0.43365508
v -0.29553032 0.34997129 -0.43332011
v -0.27089819 0.66805810 -0.43332011
v -0.26485997 0.66363871 -0.45001423
v -0.24875802 0.66396207 -0.46838334
v -0.24123420 0.66105175 -0.48139244
v -0.24473253 0.64994943 -0.48521703
v -0.23538765 0.64994943 -0.49521118
v -0.22537185 0.64994943 -0.50548446
v -0.21895026 0.63453555 -0.51899612
v -0.22086714 0.58991069 -0.52092236
v -0.22096299 0.56996965 -0.52097815
v -0.22096299 0.54992080 -0.52097815
v -0.22091506 0.50993085 -0.52092236
v -0.19978127 0.61642694 -0.53984982
v -0.21137850 0.62871492 -0.52723151
v -0.19867904 0.62990057 -0.53884482
v -0.20016465 0.60306096 -0.54015690
v -0.22077130 0.46994099 -0.52078277
v -0.22043584 0.40990224 -0.52050358
v -0.20998874 0.36991233 -0.53016275
v -0.22010039 0.34997129 -0.52014071
v -0.20802394 0.38963780 -0.53231233
v -0.23974860 0.34997129 -0.49976158
v -0.23955691 0.32992244 -0.49959409
v -0.24851841 0.30998138 -0.48937660
v -0.25867796 0.32992244 -0.47854498
v -0.28489155 0.30998138 -0.44632924
v -0.25829458 0.28993255 -0.47809830
v -0.25786328 0.24994263 -0.47756788
v -0.26634556 0.24994263 -0.46757376
v -0.27679265 0.28993255 -0.45607212
v -0.29514694 0.32992244 -0.43332011
v -0.26941258 0.66892040 -0.43332011
v -0.24995609 0.67226183 -0.45001423
v -0.22896604 0.66460878 -0.48884618
v -0.22997242 0.67344755 -0.47000250
v -0.22158599 0.66137511 -0.50165987
v -0.21530814 0.64994943 -0.51547861
v -0.20534027 0.64994943 -0.52505398
v -0.19441395 0.64994943 -0.53504813
v -0.21027629 0.58991069 -0.53091645
v -0.21037214 0.56996965 -0.53100026
v -0.21042006 0.54992080 -0.53097230
v -0.21042006 0.52997971 -0.53097230
v -0.21042006 0.50993085 -0.53091645
v -0.21032421 0.46994099 -0.53080481
v -0.18866326 0.62990057 -0.54744309
v -0.17677850 0.62990057 -0.55743724
v -0.17821616 0.60995954 -0.55860972
v -0.19187406 0.60985172 -0.54696852
v -0.18439816 0.64994943 -0.54375809
v -0.17864746 0.58991069 -0.55894476
v -0.18995716 0.58991069 -0.54922974
v -0.20030841 0.58991069 -0.54029644
v -0.20006880 0.40990224 -0.54012895
v -0.19987711 0.36991233 -0.53990561
v -0.22000454 0.33876115 -0.52002901
v -0.22767214 0.33121592 -0.51196110
v -0.19968542 0.34997129 -0.53976601
v -0.19949374 0.32992244 -0.53959852
v -0.20002088 0.39610517 -0.54004520
v -0.22939734 0.30998138 -0.50975573
v -0.23936522 0.30998138 -0.49939865
v -0.23917353 0.28993255 -0.49917531
v -0.23898184 0.26999146 -0.49895200
v -0.24808711 0.26999146 -0.48892993
v -0.28465194 0.28993255 -0.44605005
v -0.24784750 0.24994263 -0.48870659
v -0.24760789 0.22989377 -0.48845536
v -0.25762367 0.22989377 -0.47728872
v -0.27631342 0.24994263 -0.45545796
v -0.26605803 0.22989377 -0.46726668
v -0.27607381 0.22989377 -0.45509505
v -0.29418850 0.28907022 -0.43332011
v -0.24928516 0.67732799 -0.43332011
v -0.23035580 0.67883700 -0.45135421
v -0.20888653 0.66460878 -0.50900197
v -0.20998874 0.67377090 -0.49001870
v -0.21128266 0.67905259 -0.47162166
v -0.20150648 0.66115952 -0.52142483
v -0.18075605 0.66062057 -0.54065937
v -0.20040426 0.56996965 -0.54038018
v -0.20040426 0.52997971 -0.54043603
v -0.20040426 0.50993085 -0.54040813
v -0.20035633 0.48998982 -0.54038018
v -0.20030841 0.46994099 -0.54032439
v -0.20026049 0.44999993 -0.54026854
v -0.16374359 0.64553005 -0.56296474
v -0.14169925 0.64261973 -0.58125007
v -0.16676269 0.62990057 -0.56530970
v -0.16824830 0.60995954 -0.56645429
v -0.17026103 0.65135068 -0.55458975
v -0.16863167 0.58991069 -0.56678927
v -0.17879122 0.56996965 -0.55905640
v -0.18995716 0.56996965 -0.54942518
v -0.18995716 0.40990224 -0.54897851
v -0.19196990 0.38963780 -0.54705226
v -0.18986131 0.36991233 -0.54869938
v -0.18952586 0.32992244 -0.54844809
v -0.20970121 0.30998138 -0.52940899
v -0.21986078 0.32550305 -0.51991737
v -0.18933417 0.30998138 -0.54828060
v -0.19911036 0.28993255 -0.53920770
v -0.20950952 0.28993255 -0.52921355
v -0.21971701 0.30998138 -0.51974988
v -0.22877435 0.24994263 -0.50914156
v -0.23855053 0.22989377 -0.49847740
v -0.28417271 0.24994263 -0.44543588
v -0.24732034 0.20995273 -0.48817620
v -0.24703281 0.18990389 -0.48784119
v -0.25733614 0.20995273 -0.47695372
v -0.26577049 0.20995273 -0.46695960
v -0.28388518 0.22989377 -0.44510090
v -0.27578628 0.20995273 -0.45470420
v -0.29366136 0.26848242 -0.43332011
v -0.24617021 0.67840588 -0.43332011
v -0.23725663 0.67980713 -0.43658632
v -0.21880648 0.67991489 -0.45894754
v -0.18842365 0.66406983 -0.52885067
v -0.18995716 0.67344755 -0.51000696
v -0.19153860 0.67894483 -0.49068868
v -0.19920620 0.67991489 -0.47935456
v -0.15909511 0.65889597 -0.55930763
v -0.16997349 0.66374648 -0.54498643
v -0.14577267 0.66342312 -0.56433266
v -0.18995716 0.54992080 -0.54950893
v -0.18995716 0.52997971 -0.54953682
v -0.17893499 0.50993085 -0.55914015
v -0.18995716 0.50993085 -0.54953682
v -0.18995716 0.48998982 -0.54948103
v -0.18995716 0.46994099 -0.54939729
v -0.17869538 0.42995107 -0.55894476
v -0.15042114 0.65081173 -0.57030678
v -0.13681117 0.65598565 -0.57762092
v -0.13005409 0.64951825 -0.58574468
v -0.11447929 0.64994943 -0.59621340
v -0.10446350 0.64994943 -0.60288543
v -0.11879231 0.63507450 -0.59920043
v -0.14371198 0.62990057 -0.58267385
v -0.15372778 0.62990057 -0.57533175
v -0.15516546 0.60995954 -0.57642055
v -0.15559676 0.58991069 -0.57675552
v -0.15578845 0.56996965 -0.57686716
v -0.16877544 0.56996965 -0.56690097
v -0.16887128 0.54992080 -0.56698471
v -0.17883915 0.54992080 -0.55911225
v -0.17859954 0.40990224 -0.55886096
v -0.17850369 0.38996118 -0.55877721
v -0.17826408 0.34997129 -0.55858183
v -0.17812032 0.32992244 -0.55844223
v -0.17792863 0.30998138 -0.55830264
v -0.20912614 0.24994263 -0.52882272
v -0.18890287 0.26999146 -0.54791766
v -0.19891866 0.26999146 -0.53901231
v -0.21909402 0.24994263 -0.51913571
v -0.21890233 0.22989377 -0.51891237
v -0.22853474 0.22989377 -0.50891823
v -0.22829513 0.20995273 -0.50863904
v -0.23826300 0.20995273 -0.49817032
v -0.29318213 0.24994263 -0.43332011
v -0.25704861 0.18990389 -0.47659081
v -0.23797546 0.18990389 -0.49783534
v -0.24669735 0.16996282 -0.48747829
v -0.26543504 0.18990389 -0.46659666
v -0.29260707 0.22989377 -0.43332011
v -0.28354973 0.20995273 -0.44471008
v -0.27545083 0.18990389 -0.45428544
v -0.24305524 0.67905259 -0.43332011
v -0.23835884 0.67991489 -0.43332011
v -0.22388627 0.68013048 -0.44560340
v -0.20543611 0.68013048 -0.46601042
v -0.16997349 0.67236966 -0.53002316
v -0.17059648 0.67872924 -0.50986737
v -0.17764109 0.67991489 -0.49780741
v -0.18588376 0.68013048 -0.48449120
v -0.16431865 0.68013048 -0.50311154
v -0.12348872 0.66223747 -0.58242255
v -0.15142751 0.66848922 -0.55160266
v -0.13005409 0.66698015 -0.57061386
v -0.17888707 0.52997971 -0.55914015
v -0.16891921 0.50993085 -0.56706846
v -0.16887128 0.48998982 -0.56706846
v -0.16882336 0.46994099 -0.56704056
v -0.17883915 0.46994099 -0.55908430
v -0.16877544 0.44999993 -0.56701261
v -0.16858375 0.40990224 -0.56690097
v -0.16848791 0.38996118 -0.56684512
v -0.10043801 0.66029721 -0.60028923
v -0.08888870 0.64919490 -0.61285168
v -0.08150864 0.64197302 -0.62086374
v -0.09344134 0.62990057 -0.61606205
v -0.11126849 0.62903827 -0.60500711
v -0.12037376 0.62170863 -0.60026127
v -0.12823305 0.62903827 -0.59367299
v -0.14514966 0.60995954 -0.58370674
v -0.14558098 0.58991069 -0.58401382
v -0.14577267 0.56996965 -0.58418131
v -0.14591643 0.54992080 -0.58429301
v -0.15588430 0.54992080 -0.57695091
v -0.15598014 0.52997971 -0.57697886
v -0.15602806 0.50993085 -0.57703471
v -0.16839206 0.36991233 -0.56676137
v -0.16824830 0.34997129 -0.56667763
v -0.16810453 0.32992244 -0.56656599
v -0.16772115 0.28993255 -0.56628680
v -0.17749733 0.26999146 -0.55791181
v -0.19843943 0.22989377 -0.53862149
v -0.20888653 0.22989377 -0.52859938
v -0.18847157 0.22989377 -0.54749894
v -0.21861479 0.20995273 -0.51866108
v -0.21832725 0.18990389 -0.51832610
v -0.22795968 0.18990389 -0.50833195
v -0.25671315 0.16996282 -0.47617206
v -0.22762421 0.16996282 -0.50799698
v -0.23764001 0.16996282 -0.49747241
v -0.24631397 0.14991398 -0.48708743
v -0.26509959 0.16996282 -0.46617794
v -0.29184031 0.20661125 -0.43332011
v -0.28321427 0.18990389 -0.44426340
v -0.26471621 0.14991398 -0.46573126
v -0.27511537 0.16996282 -0.45378298
v -0.22896604 0.68023831 -0.43332011
v -0.19153860 0.68023831 -0.47162166
v -0.10997458 0.67484879 -0.57002759
v -0.14946268 0.67819029 -0.52882272
v -0.15578845 0.67980713 -0.51645571
v -0.12818512 0.68013048 -0.52882272
v -0.12032583 0.67991489 -0.54021269
v -0.10824937 0.66460878 -0.58942962
v -0.08999091 0.67161512 -0.58998799
v -0.15607598 0.48998982 -0.57703471
v -0.15602806 0.46994099 -0.57700676
v -0.15598014 0.44999993 -0.57697886
v -0.15588430 0.40990224 -0.57686716
v -0.15578845 0.38996118 -0.57681137
v -0.08999091 0.66299194 -0.60338795
v -0.06253134 0.66137511 -0.62139416
v -0.07590172 0.65533888 -0.61756957
v -0.06952803 0.64919490 -0.62412995
v -0.04264352 0.64315867 -0.64129865
v -0.05524713 0.62990057 -0.63755786
v -0.06995933 0.62990057 -0.62957370
v -0.08342554 0.62990057 -0.62200832
v -0.09492692 0.60995954 -0.61698329
v -0.10997458 0.60995954 -0.60757542
v -0.12090090 0.60995954 -0.60059631
v -0.13086876 0.60995954 -0.59370089
v -0.13134800 0.58991069 -0.59400797
v -0.13158761 0.56996965 -0.59417546
v -0.13173138 0.54992080 -0.59428716
v -0.13182722 0.52997971 -0.59437090
v -0.14606020 0.50993085 -0.58440465
v -0.15569261 0.36991233 -0.57672763
v -0.15559676 0.34997129 -0.57664382
v -0.15545300 0.32992244 -0.57653219
v -0.15530923 0.30998138 -0.57639259
v -0.15511754 0.28993255 -0.57625300
v -0.15468624 0.24994263 -0.57591802
v -0.16724192 0.24994263 -0.56589597
v -0.17697018 0.22989377 -0.55749309
v -0.20859900 0.20995273 -0.52834815
v -0.18818404 0.20995273 -0.54724771
v -0.19786437 0.18990389 -0.53806311
v -0.20831147 0.18990389 -0.52806902
v -0.17639512 0.18990389 -0.55699056
v -0.20797601 0.16996282 -0.52773398
v -0.20759262 0.14991398 -0.52739900
v -0.21794388 0.16996282 -0.51799113
v -0.25632977 0.14991398 -0.47575331
v -0.22724083 0.14991398 -0.50760615
v -0.23725663 0.14991398 -0.49708158
v -0.24593060 0.12997292 -0.48664078
v -0.28283089 0.16996282 -0.44378883
v -0.29107356 0.18580788 -0.43332011
v -0.27473199 0.14991398 -0.45328045
v -0.26428491 0.12997292 -0.46525669
v -0.20821562 0.68023831 -0.43332011
v 0.16998842 0.68034607 -0.64998072
v 0.01064625 0.68013048 -0.60969710
v -0.12818512 0.67732799 -0.54814100
v -0.08975130 0.67883700 -0.56885511
v -0.06828204 0.67743576 -0.58808964
v -0.05002359 0.67344755 -0.60997623
v -0.13364828 0.67948377 -0.53471315
v -0.10997458 0.67926818 -0.55305433
v -0.07379313 0.67969936 -0.57474554
v -0.02174933 0.68002272 -0.60042876
v -0.06047068 0.67991489 -0.58013344
v -0.06952803 0.66654903 -0.61053461
v -0.14606020 0.48998982 -0.58440465
v -0.14601228 0.44999993 -0.58437675
v -0.14586851 0.40990224 -0.58432090
v -0.14577267 0.38996118 -0.58426505
v -0.14558098 0.34997129 -0.58412552
v -0.02294740 0.66137511 -0.64127076
v -0.03626984 0.65641677 -0.63814408
v -0.05002359 0.66428542 -0.62466037
v -0.04959228 0.64984167 -0.63448703
v -0.00099891 0.64100289 -0.66036570
v -0.03003992 0.62990057 -0.64978528
v -0.04527926 0.62990057 -0.64261073
v -0.02975238 0.64984167 -0.64414614
v -0.04686070 0.60995954 -0.64344823
v -0.05682857 0.60995954 -0.63836741
v -0.06995933 0.60995954 -0.63124871
v -0.08491114 0.60995954 -0.62287372
v -0.09535823 0.58991069 -0.61723459
v -0.10997458 0.58991069 -0.60816169
v -0.12138013 0.58991069 -0.60093129
v -0.12157182 0.56996965 -0.60107088
v -0.12171558 0.54992080 -0.60115463
v -0.12181143 0.52997971 -0.60121047
v -0.13187514 0.50993085 -0.59439880
v -0.13187514 0.48998982 -0.59442669
v -0.14548512 0.32992244 -0.58404177
v -0.14510174 0.28993255 -0.58381844
v -0.14491005 0.26999146 -0.58365089
v -0.14467044 0.24994263 -0.58348340
v -0.14438289 0.22989377 -0.58331591
v -0.15439871 0.22989377 -0.57569468
v -0.16695438 0.22989377 -0.56570053
v -0.16666685 0.20995273 -0.56547719
v -0.16637930 0.18990389 -0.56522596
v -0.18784857 0.18990389 -0.54696852
v -0.18751311 0.16996282 -0.54668933
v -0.19752891 0.16996282 -0.53775603
v -0.16604385 0.16996282 -0.56497473
v -0.16570839 0.14991398 -0.56469554
v -0.17572419 0.14991398 -0.55637640
v -0.21717712 0.12997292 -0.51718152
v -0.21756050 0.14991398 -0.51760030
v -0.19714554 0.14991398 -0.53739315
v -0.19676214 0.12997292 -0.53700233
v -0.20673002 0.11003187 -0.52661735
v -0.25589848 0.12997292 -0.47525081
v -0.22685745 0.12997292 -0.50718737
v -0.23687325 0.12997292 -0.49663490
v -0.23644194 0.11003187 -0.49616033
v -0.24545138 0.11003187 -0.48616618
v -0.28244752 0.14991398 -0.44328633
v -0.29045057 0.16963945 -0.43332011
v -0.26385361 0.11003187 -0.46472627
v -0.27430069 0.12997292 -0.45272213
v 0.19246405 0.68002272 -0.63973534
v 0.19246405 0.68023831 -0.64986908
v -0.20184194 0.67969936 -0.43332011
v 0.19246405 0.68023831 -0.66226399
v 0.18997209 0.68023831 -0.66212445
v 0.01778670 0.68002272 -0.62036121
v 0.04999059 0.68013048 -0.62376702
v -0.02908147 0.67797470 -0.60824543
v -0.05002359 0.67916042 -0.59124422
v -0.01000833 0.67323196 -0.62999243
v -0.02975238 0.66687238 -0.63088578
v -0.01000833 0.67926818 -0.61243290
v 0.00446425 0.67980713 -0.61614585
v -0.13187514 0.46994099 -0.59439880
v -0.13173138 0.40990224 -0.59431505
v -0.13168345 0.38996118 -0.59425920
v -0.13158761 0.36991233 -0.59420335
v -0.01000833 0.66396207 -0.64397866
v 0.01965567 0.66008162 -0.66008651
v 0.00633322 0.65426099 -0.65735072
v -0.00861858 0.64854819 -0.65374947
v 0.01179639 0.64854819 -0.66206861
v 0.02995900 0.64994943 -0.66812652
v 0.05722687 0.64229637 -0.68088436
v 0.02995900 0.62990057 -0.67393315
v 0.00997533 0.62990057 -0.66645151
v -0.00315542 0.62990057 -0.66128695
v -0.01317121 0.62990057 -0.65715528
v -0.01542357 0.60995954 -0.65804863
v -0.03003992 0.60995954 -0.65151614
v -0.03003992 0.58991069 -0.65204656
v -0.04729201 0.58991069 -0.64367157
v -0.05725988 0.58991069 -0.63859075
v -0.06995933 0.58991069 -0.63169533
v -0.08534244 0.58991069 -0.62309706
v -0.09550200 0.56996965 -0.61734623
v -0.10997458 0.56996965 -0.60841292
v -0.10997458 0.54992080 -0.60855252
v -0.10997458 0.52997971 -0.60866416
v -0.12185935 0.50993085 -0.60123837
v -0.12185935 0.46994099 -0.60123837
v -0.13139592 0.32992244 -0.59403586
v -0.13125215 0.30998138 -0.59395212
v -0.13110837 0.28993255 -0.59381253
v -0.13091668 0.26999146 -0.59364504
v -0.13048539 0.22989377 -0.59331006
v -0.12804136 0.19065841 -0.59423131
v -0.14380783 0.18990389 -0.58286923
v -0.15411116 0.20995273 -0.57547134
v -0.15382363 0.18990389 -0.57522011
v -0.18712974 0.14991398 -0.54638225
v -0.18674636 0.12997292 -0.54604727
v -0.15348817 0.16996282 -0.57496887
v -0.15315270 0.14991398 -0.57468969
v -0.16532502 0.12997292 -0.56441641
v -0.17534082 0.12997292 -0.55606931
v -0.21674582 0.11003187 -0.51673484
v -0.18631506 0.11003187 -0.54571229
v -0.19633085 0.11003187 -0.53661144
v -0.20625080 0.09009081 -0.52617067
v -0.25546718 0.11003187 -0.47472039
v -0.22642615 0.11003187 -0.50674069
v -0.22594693 0.09009081 -0.50626612
v -0.23596272 0.09009081 -0.49565783
v -0.24497214 0.09009081 -0.48563579
v -0.28968382 0.14991398 -0.43332011
v -0.28201622 0.12997292 -0.44272798
v -0.27386940 0.11003187 -0.45213589
v -0.26337439 0.09009081 -0.46414000
v 0.19246405 0.67711240 -0.63194662
v -0.19081977 0.67689681 -0.43332011
v 0.19246405 0.67635787 -0.62996453
v 0.19246405 0.68013048 -0.66352028
v 0.16998842 0.68013048 -0.66100776
v 0.15532415 0.68002272 -0.66033781
v 0.06633215 0.67991489 -0.63699949
v 0.04999059 0.67959154 -0.63376117
v 0.02995900 0.67883700 -0.63127661
v 0.01064625 0.67754352 -0.62820578
v 0.02995900 0.67086059 -0.64998072
v 0.01179639 0.66568673 -0.65039945
v 0.04999059 0.67484879 -0.64998072
v -0.12176351 0.40990224 -0.60115463
v -0.12166766 0.38996118 -0.60112667
v -0.12157182 0.36991233 -0.60107088
v -0.12147597 0.34997129 -0.60101503
v -0.12138013 0.32992244 -0.60093129
v 0.02995900 0.66202188 -0.66187316
v 0.07979836 0.65997386 -0.68004686
v 0.06647591 0.65555447 -0.67792523
v 0.05032604 0.64930272 -0.67541271
v 0.12216181 0.63690692 -0.69953263
v 0.08995792 0.62990057 -0.69272101
v 0.06997425 0.62990057 -0.68710977
v 0.05363269 0.62990057 -0.68205690
v 0.04366482 0.62990057 -0.67876273
v 0.07184323 0.64930272 -0.68228018
v 0.08995792 0.64994943 -0.68694228
v 0.04093324 0.61362433 -0.67965603
v 0.00997533 0.60995954 -0.66834986
v -0.00545570 0.60995954 -0.66223609
v -0.00617453 0.58991069 -0.66257107
v -0.01619033 0.58991069 -0.65835571
v -0.01652579 0.56996965 -0.65849531
v -0.03003992 0.56996965 -0.65229779
v -0.04748369 0.56996965 -0.64378321
v -0.05745156 0.56996965 -0.63867450
v -0.06995933 0.56996965 -0.63189077
v -0.08548620 0.56996965 -0.62318081
v -0.08558205 0.54992080 -0.62323666
v -0.08562997 0.52997971 -0.62329245
v -0.09564577 0.52997971 -0.61742997
v -0.09569369 0.50993085 -0.61745787
v -0.10997458 0.50993085 -0.60872000
v -0.10997458 0.48998982 -0.60872000
v -0.10997458 0.46994099 -0.60869211
v -0.10997458 0.42995107 -0.60860837
v -0.12128428 0.30998138 -0.60084754
v -0.12109259 0.28993255 -0.60073584
v -0.12070921 0.24994263 -0.60045671
v -0.12046960 0.22989377 -0.60031712
v -0.12022999 0.20995273 -0.60014963
v -0.12003829 0.19777252 -0.60003793
v -0.11960699 0.16996282 -0.59973085
v -0.12995824 0.16996282 -0.59238881
v -0.14347237 0.16996282 -0.58264589
v -0.14313692 0.14991398 -0.58239466
v -0.14280146 0.12997292 -0.58211547
v -0.15276933 0.12997292 -0.57441050
v -0.16494164 0.11003187 -0.56408137
v -0.17490950 0.11003187 -0.55570638
v -0.20577158 0.07004197 -0.52569610
v -0.21626659 0.09009081 -0.51626027
v -0.17447820 0.09009081 -0.55531555
v -0.18535660 0.07004197 -0.54487479
v -0.19585162 0.09009081 -0.53616482
v -0.24449292 0.07004197 -0.48507744
v -0.25498796 0.09009081 -0.47413415
v -0.21578737 0.07004197 -0.51575780
v -0.22546771 0.07004197 -0.50573575
v -0.22441341 0.03005207 -0.50467491
v -0.22388627 0.01000322 -0.50411654
v -0.23442921 0.03005207 -0.49389911
v -0.28158492 0.11003187 -0.44214174
v -0.28795859 0.11003187 -0.43332011
v -0.27339017 0.09009081 -0.45152172
v -0.26284721 0.07004197 -0.46352583
v -0.18971755 0.67657346 -0.43332011
v 0.19246405 0.66622567 -0.61366123
v 0.19246405 0.67894483 -0.67228609
v 0.14200170 0.67991489 -0.65891403
v 0.12997317 0.67980713 -0.65609443
v 0.08995792 0.67862141 -0.65051115
v 0.07179531 0.67775911 -0.64799863
v 0.08995792 0.67021388 -0.66999692
v 0.04999059 0.66514778 -0.66525108
v 0.12997317 0.67581892 -0.66999692
v 0.10998951 0.67355531 -0.66999692
v -0.10997458 0.40990224 -0.60855252
v -0.10997458 0.36991233 -0.60838503
v -0.10997458 0.34997129 -0.60830128
v -0.10997458 0.32992244 -0.60816169
v -0.10997458 0.30998138 -0.60802209
v 0.08995792 0.66148293 -0.68133104
v 0.14995684 0.65555447 -0.69788557
v 0.12930225 0.64941049 -0.69646186
v 0.10998951 0.64994943 -0.69185561
v 0.13548425 0.64229637 -0.70090055
v 0.14995684 0.62990057 -0.70600927
v 0.12930225 0.63011616 -0.70201725
v 0.11765710 0.62364876 -0.70053768
v 0.11061250 0.63011616 -0.69788557
v 0.08995792 0.60995954 -0.69478685
v 0.06997425 0.60995954 -0.68914771
v 0.04855291 0.60812712 -0.68247563
v 0.03992687 0.60025847 -0.67999107
v 0.03197174 0.60812712 -0.67669690
v 0.02952769 0.58991069 -0.67647356
v 0.00997533 0.58991069 -0.66904777
v 0.00997533 0.56996965 -0.66941065
v -0.00650999 0.56996965 -0.66271067
v -0.00674960 0.54992080 -0.66282237
v -0.00694130 0.52997971 -0.66293401
v -0.00713298 0.50993085 -0.66304570
v -0.01676540 0.54992080 -0.65857905
v -0.01695709 0.52997971 -0.65866280
v -0.01714878 0.50993085 -0.65874654
v -0.03003992 0.54992080 -0.65246528
v -0.04762746 0.54992080 -0.64386702
v -0.05759533 0.54992080 -0.63873035
v -0.06995933 0.54992080 -0.63200241
v -0.06995933 0.52997971 -0.63208616
v -0.06995933 0.50993085 -0.63216996
v -0.08567789 0.50993085 -0.62332040
v -0.08572581 0.48998982 -0.62332040
v -0.09569369 0.48998982 -0.61745787
v -0.09569369 0.46994099 -0.61742997
v -0.09564577 0.42995107 -0.61740208
v -0.09554992 0.36991233 -0.61731833
v -0.10997458 0.28993255 -0.60779876
v -0.10997458 0.26999146 -0.60757542
v -0.10997458 0.24994263 -0.60732418
v -0.10997458 0.22989377 -0.60704499
v -0.10997458 0.20995273 -0.60671002
v -0.11189148 0.19065841 -0.60511875
v -0.10959120 0.16996282 -0.60615170
v -0.10925575 0.14991398 -0.60592836
v -0.11922362 0.14991398 -0.59950751
v -0.12995824 0.14991398 -0.59188628
v -0.12995824 0.12997292 -0.59135592
v -0.12995824 0.11003187 -0.59074175
v -0.14237016 0.11003187 -0.58180845
v -0.15238595 0.11003187 -0.57407552
v -0.16446242 0.09009081 -0.56371850
v -0.19537240 0.07004197 -0.53569019
v -0.19484526 0.05010091 -0.53521562
v -0.20476520 0.03005207 -0.52469110
v -0.16398320 0.07004197 -0.56329972
v -0.17395106 0.07004197 -0.55486894
v -0.17342392 0.05010091 -0.55442226
v -0.18435024 0.03005207 -0.54392564
v -0.24396577 0.05010091 -0.48449120
v -0.24286355 0.01000322 -0.48331872
v -0.25446081 0.07004197 -0.47351998
v -0.21526022 0.05010091 -0.51522738
v -0.23385413 0.01000322 -0.49331284
v -0.21420592 0.01000322 -0.51411068
v -0.22331120 -0.00993784 -0.50353032
v -0.28110570 0.09009081 -0.44152758
v -0.28671259 0.08394681 -0.43332011
v -0.27286303 0.07004197 -0.45087963
v -0.27990761 0.04147775 -0.43990842
v -0.28024307 0.05484365 -0.44035506
v -0.28062648 0.07004197 -0.44085759
v -0.25287935 0.01000322 -0.47162166
v -0.26126578 0.01000322 -0.46159959
v -0.16661893 0.66644120 -0.43332011
v -0.16340813 0.66450101 -0.43332011
v 0.19246405 0.65490776 -0.60489541
v 0.19246405 0.67797470 -0.67432398
v 0.16998842 0.67829806 -0.67102981
v 0.14919007 0.67786694 -0.66821027
v 0.12997317 0.66590226 -0.68590939
v 0.10998951 0.66406983 -0.68373185
v 0.07184323 0.66590226 -0.67075068
v 0.19246405 0.67042941 -0.68998516
v 0.18997209 0.67021388 -0.68998516
v 0.14995684 0.66730356 -0.68789142
v -0.09550200 0.34997129 -0.61726248
v -0.09540615 0.32992244 -0.61723459
v -0.09531031 0.30998138 -0.61715078
v -0.09516654 0.28993255 -0.61706704
v -0.09502277 0.26999146 -0.61695540
v 0.16447733 0.65846479 -0.69922554
v 0.14995684 0.64563787 -0.70226848
v 0.16998842 0.62990057 -0.70935929
v 0.14995684 0.60995954 -0.70807517
v 0.12997317 0.60995954 -0.70422268
v 0.11530890 0.60995954 -0.70106804
v 0.10534102 0.60995954 -0.69872308
v 0.10342413 0.58991069 -0.69916975
v 0.08995792 0.58991069 -0.69565225
v 0.06997425 0.58991069 -0.69001311
v 0.04999059 0.58991069 -0.68367600
v 0.03949556 0.58991069 -0.68015856
v 0.03887258 0.56996965 -0.68038189
v 0.02890471 0.56996965 -0.67666900
v 0.00997533 0.52997971 -0.66988528
v 0.02847340 0.54992080 -0.67680854
v 0.02775457 0.50993085 -0.67705983
v 0.02741911 0.48998982 -0.67717147
v 0.02708365 0.46994099 -0.67728317
v 0.00997533 0.48998982 -0.67033190
v 0.00997533 0.44999993 -0.67072272
v -0.00732467 0.48998982 -0.66312945
v 0.00997533 0.42995107 -0.67089021
v -0.00746844 0.46994099 -0.66321319
v -0.01734047 0.48998982 -0.65880239
v -0.03003992 0.52997971 -0.65260488
v -0.03003992 0.48998982 -0.65282822
v -0.04772331 0.52997971 -0.64392281
v -0.05769118 0.52997971 -0.63878620
v -0.05773910 0.50993085 -0.63884199
v -0.06995933 0.48998982 -0.63219786
v -0.06995933 0.46994099 -0.63219786
v -0.06995933 0.38996118 -0.63216996
v -0.08567789 0.44999993 -0.62332040
v -0.08562997 0.40990224 -0.62329245
v -0.08558205 0.38996118 -0.62329245
v -0.08548620 0.34997129 -0.62326455
v -0.08543828 0.32992244 -0.62323666
v -0.09483108 0.24994263 -0.61684376
v -0.09463939 0.22989377 -0.61670417
v -0.09439978 0.20995273 -0.61656457
v -0.09377679 0.16996282 -0.61617374
v -0.09339341 0.14991398 -0.61592251
v -0.10882444 0.12997292 -0.60567713
v -0.11884023 0.12997292 -0.59922838
v -0.11836101 0.11003187 -0.59892130
v -0.12995824 0.09009081 -0.59004378
v -0.14189094 0.09009081 -0.58144552
v -0.15190673 0.09009081 -0.57371259
v -0.19431810 0.03005207 -0.53471315
v -0.19379096 0.01000322 -0.53415483
v -0.20419014 0.01000322 -0.52416068
v -0.15137959 0.07004197 -0.57329386
v -0.15080452 0.05010091 -0.57287508
v -0.16288097 0.03005207 -0.56240642
v -0.17284885 0.03005207 -0.55394769
v -0.18377517 0.01000322 -0.54345101
v -0.23332699 -0.00993784 -0.49267077
v -0.24176134 -0.02998668 -0.48200661
v -0.20361507 -0.00993784 -0.52360237
v -0.20303999 -0.02998668 -0.52301610
v -0.21363086 -0.00993784 -0.51352447
v -0.22273612 -0.02998668 -0.50291616
v -0.28604168 0.07004197 -0.43332011
v -0.26073861 -0.00993784 -0.46095753
v -0.27037105 0.01000322 -0.45001423
v -0.27382147 0.04891522 -0.44822755
v -0.27962008 0.03005207 -0.43951759
v -0.28493947 0.04762175 -0.43332011
v -0.25230429 -0.00993784 -0.47095168
v -0.25335857 -0.03149574 -0.46824375
v -0.26030731 -0.02589068 -0.46039918
v -0.15837626 0.66072839 -0.43332011
v 0.19246405 0.65296751 -0.60355544
v 0.17784770 0.66040504 -0.70031434
v 0.19246405 0.66924375 -0.69149268
v 0.19246405 0.66148293 -0.70120764
v 0.17070726 0.66687238 -0.69152057
v -0.08534244 0.30998138 -0.62318081
v -0.08519867 0.28993255 -0.62312496
v -0.08486322 0.24994263 -0.62292957
v 0.17070726 0.65102732 -0.70332932
v 0.18997209 0.62990057 -0.71220678
v 0.18997209 0.64994943 -0.70642805
v 0.16998842 0.60995954 -0.71142513
v 0.14995684 0.58991069 -0.70899642
v 0.12997317 0.58991069 -0.70514393
v 0.11343992 0.58991069 -0.70154262
v 0.10227399 0.56996965 -0.69942099
v 0.08995792 0.56996965 -0.69618267
v 0.06997425 0.56996965 -0.69051558
v 0.04999059 0.56996965 -0.68417853
v 0.04999059 0.52997971 -0.68479270
v 0.03848919 0.54992080 -0.68054938
v 0.02679612 0.44999993 -0.67739481
v 0.03810582 0.52997971 -0.68068898
v 0.03772244 0.50993085 -0.68082857
v 0.03738698 0.48998982 -0.68094021
v 0.02655651 0.42995107 -0.67747855
v 0.02636481 0.40990224 -0.67756230
v 0.00997533 0.40990224 -0.67100191
v -0.00770805 0.42995107 -0.66338068
v -0.01758008 0.44999993 -0.65891403
v -0.04781915 0.50993085 -0.64397866
v -0.01781969 0.40990224 -0.65899777
v -0.03003992 0.44999993 -0.65296781
v -0.04786707 0.48998982 -0.64400655
v -0.04786707 0.46994099 -0.64403450
v -0.04791500 0.38996118 -0.64411825
v -0.05778702 0.48998982 -0.63884199
v -0.05783495 0.42995107 -0.63886994
v -0.05788287 0.36991233 -0.63886994
v -0.05788287 0.34997129 -0.63886994
v -0.06995933 0.36991233 -0.63214201
v -0.08562997 0.42995107 -0.62332040
v -0.06995933 0.32992244 -0.63208616
v -0.06995933 0.30998138 -0.63200241
v -0.08462361 0.22989377 -0.62278998
v -0.08438399 0.20995273 -0.62265038
v -0.08409645 0.18990389 -0.62245494
v -0.08376099 0.16996282 -0.62225956
v -0.08337761 0.14991398 -0.62203622
v -0.09296211 0.12997292 -0.61567122
v -0.10839314 0.11003187 -0.60539794
v -0.10786599 0.09009081 -0.60506296
v -0.11783386 0.09009081 -0.59855837
v -0.12995824 0.07004197 -0.58926213
v -0.14141172 0.07004197 -0.58105469
v -0.18252918 -0.02998668 -0.54233438
v -0.19316797 -0.00993784 -0.53359646
v -0.14083664 0.05010091 -0.58063591
v -0.14821669 0.02843522 -0.57390803
v -0.16225798 0.01000322 -0.56190389
v -0.17227378 0.01000322 -0.55344516
v -0.23212893 -0.04992774 -0.49135870
v -0.24056327 -0.06997658 -0.48066664
v -0.21300787 -0.02998668 -0.51291031
v -0.19254498 -0.02998668 -0.53301024
v -0.20241700 -0.04992774 -0.52240193
v -0.22211313 -0.04992774 -0.50227404
v -0.26931673 -0.00993784 -0.45001423
v -0.27909294 0.01000322 -0.43879175
v -0.28249544 0.00030217 -0.43332011
v -0.25992393 -0.03914879 -0.45995253
v -0.26658517 -0.03149574 -0.45199630
v -0.14931892 0.65048838 -0.43332011
v 0.19246405 0.64315867 -0.59850252
v 0.19246405 0.65986609 -0.70201725
v 0.19246405 0.64994943 -0.70670724
v -0.06995933 0.28993255 -0.63189077
v -0.06995933 0.24994263 -0.63149995
v -0.06995933 0.22989377 -0.63127661
v 0.19246405 0.62990057 -0.71248597
v 0.19246405 0.62752926 -0.71273720
v 0.18997209 0.60995954 -0.71424472
v 0.19246405 0.64747030 -0.70743304
v 0.16998842 0.58991069 -0.71229053
v 0.14995684 0.56996965 -0.70955473
v 0.12997317 0.56996965 -0.70570225
v 0.11228979 0.56996965 -0.70179391
v 0.10150723 0.54992080 -0.69961643
v 0.10026124 0.51478142 -0.69992352
v 0.08995792 0.54992080 -0.69654560
v 0.08995792 0.52997971 -0.69688058
v 0.06997425 0.54992080 -0.69085062
v 0.06997425 0.52997971 -0.69115770
v 0.06997425 0.50993085 -0.69143683
v 0.06997425 0.48998982 -0.69168812
v 0.04999059 0.48998982 -0.68529522
v 0.03681191 0.44999993 -0.68116355
v 0.03657230 0.42995107 -0.68127519
v 0.04999059 0.46994099 -0.68554646
v 0.03638060 0.40990224 -0.68133104
v 0.03623684 0.38996118 -0.68138689
v 0.02626897 0.38996118 -0.67761815
v -0.00780390 0.40990224 -0.66343653
v 0.02612520 0.36991233 -0.67764604
v 0.00997533 0.38996118 -0.67108566
v -0.03003992 0.40990224 -0.65310740
v -0.01786762 0.38996118 -0.65902567
v -0.03003992 0.38996118 -0.65313530
v -0.03003992 0.36991233 -0.65316319
v -0.04791500 0.34997129 -0.64411825
v -0.04786707 0.32992244 -0.64411825
v -0.05783495 0.32992244 -0.63884199
v -0.05778702 0.30998138 -0.63881409
v -0.05769118 0.28993255 -0.63875824
v -0.06995933 0.20995273 -0.63096952
v -0.06995933 0.18990389 -0.63060659
v -0.06995933 0.16996282 -0.63021576
v -0.06995933 0.14991398 -0.62976909
v -0.08294632 0.12997292 -0.62178499
v -0.08251502 0.11003187 -0.62150580
v -0.09248288 0.11003187 -0.61539209
v -0.09195574 0.09009081 -0.61505705
v -0.10724300 0.07004197 -0.60467207
v -0.11725879 0.07004197 -0.59816754
v -0.11663580 0.05010091 -0.59774882
v -0.12995824 0.05010091 -0.58839673
v -0.17165078 -0.00993784 -0.55288684
v -0.18190619 -0.04992774 -0.54174811
v -0.14035742 0.03404027 -0.58027303
v -0.13992611 0.02078217 -0.57996595
v -0.14998984 0.01000322 -0.57159096
v -0.16163498 -0.00993784 -0.56137347
v -0.22149014 -0.06997658 -0.50160408
v -0.23246439 -0.08959427 -0.48814827
v -0.24013197 -0.08269574 -0.48021996
v -0.24679320 -0.08959427 -0.47184497
v -0.24957269 -0.06997658 -0.47000250
v -0.21238488 -0.04992774 -0.51226819
v -0.19187406 -0.04992774 -0.53239608
v -0.20174609 -0.06997658 -0.52175987
v -0.21176188 -0.06997658 -0.51159823
v -0.27856579 -0.00993784 -0.43806592
v -0.26744777 -0.04992774 -0.44956756
v -0.28009930 -0.04302920 -0.43332011
v -0.25901341 -0.06997658 -0.45880795
v -0.14821669 0.64919490 -0.43332011
v -0.14653942 0.64693135 -0.43332011
v 0.19246405 0.63184083 -0.59448254
v -0.05749949 0.26999146 -0.63867450
v -0.05735572 0.24994263 -0.63856286
v -0.05711611 0.22989377 -0.63845116
v -0.05682857 0.20995273 -0.63831156
v 0.19246405 0.60995954 -0.71452385
v 0.19246405 0.60748041 -0.71463555
v 0.18997209 0.58991069 -0.71508217
v 0.16998842 0.56996965 -0.71284890
v 0.16998842 0.54992080 -0.71326762
v 0.14995684 0.54992080 -0.70994556
v 0.12997317 0.54992080 -0.70609307
v 0.11152302 0.54992080 -0.70198929
v 0.11080419 0.52997971 -0.70218474
v 0.10816845 0.50885296 -0.70187765
v 0.09987786 0.50141549 -0.70000726
v 0.09192273 0.50885296 -0.69771808
v 0.08962245 0.48998982 -0.69732726
v 0.08919115 0.46994099 -0.69746685
v 0.06997425 0.46994099 -0.69193935
v 0.04999059 0.44999993 -0.68574184
v 0.04999059 0.42995107 -0.68593729
v 0.04999059 0.40990224 -0.68610477
v 0.06997425 0.44999993 -0.69216269
v 0.04999059 0.38996118 -0.68618852
v 0.04999059 0.36991233 -0.68627226
v 0.03614099 0.36991233 -0.68141478
v 0.00997533 0.36991233 -0.67116940
v -0.00785182 0.38996118 -0.66346443
v 0.03609307 0.34997129 -0.68144274
v 0.02607728 0.34997129 -0.67764604
v -0.00789974 0.36991233 -0.66349232
v -0.00789974 0.34997129 -0.66352028
v -0.01791554 0.36991233 -0.65902567
v -0.03003992 0.34997129 -0.65316319
v -0.03003992 0.32992244 -0.65313530
v -0.04781915 0.30998138 -0.64409029
v -0.04772331 0.28993255 -0.64403450
v -0.04757954 0.26999146 -0.64397866
v -0.05615766 0.16996282 -0.63792074
v -0.05649312 0.18990389 -0.63811618
v -0.05572636 0.14991398 -0.63769740
v -0.06995933 0.12997292 -0.62926662
v -0.06995933 0.11003187 -0.62868035
v -0.06995933 0.09009081 -0.62803829
v -0.08193994 0.09009081 -0.62117082
v -0.08131695 0.07004197 -0.62080789
v -0.09133275 0.07004197 -0.61466622
v -0.10662001 0.05010091 -0.60428125
v -0.10594909 0.03005207 -0.60383463
v -0.11591697 0.03005207 -0.59730214
v -0.12957487 0.01000322 -0.58680546
v -0.13197099 0.02843522 -0.58599591
v -0.17097987 -0.02998668 -0.55232853
v -0.16824830 -0.05154458 -0.55336142
v -0.16997349 -0.06997658 -0.55073726
v -0.18118735 -0.06997658 -0.54110605
v -0.19120315 -0.06997658 -0.53175396
v -0.12885603 -0.00993784 -0.58630300
v -0.13954273 0.01000322 -0.57968676
v -0.14998984 -0.00993784 -0.57053012
v -0.16096407 -0.02998668 -0.56081516
v -0.22081922 -0.08991764 -0.50090617
v -0.21986078 -0.11794291 -0.49987325
v -0.23970068 -0.09595385 -0.47971746
v -0.24770373 -0.10996649 -0.46916500
v -0.25839043 -0.08991764 -0.45802629
v -0.20045218 -0.10640943 -0.52047569
v -0.21104304 -0.08991764 -0.51090026
v -0.27799070 -0.02998668 -0.43731219
v -0.27741563 -0.04992774 -0.43653053
v -0.26624972 -0.08991764 -0.44803214
v -0.27971593 -0.04992774 -0.43332011
v -0.14069287 0.63776922 -0.43332011
v 0.19246405 0.63011616 -0.59389627
v -0.04719616 0.22989377 -0.64375532
v -0.04690862 0.20995273 -0.64361572
v 0.19246405 0.58991069 -0.71536136
v 0.18997209 0.56996965 -0.71561259
v 0.18997209 0.54992080 -0.71603137
v 0.16998842 0.52997971 -0.71363056
v 0.14995684 0.52997971 -0.71030843
v 0.12997317 0.52997971 -0.70642805
v 0.12997317 0.50993085 -0.70673513
v 0.10998951 0.48998982 -0.70254767
v 0.10998951 0.46994099 -0.70279890
v 0.09963825 0.48998982 -0.70009100
v 0.09915903 0.46994099 -0.70020264
v 0.08875985 0.44999993 -0.69757849
v 0.08832856 0.42995107 -0.69769019
v 0.06997425 0.42995107 -0.69235808
v 0.06997425 0.40990224 -0.69252563
v 0.06997425 0.38996118 -0.69263726
v 0.06997425 0.36991233 -0.69272101
v 0.04999059 0.34997129 -0.68632811
v 0.00997533 0.32992244 -0.67116940
v 0.03609307 0.32992244 -0.68144274
v 0.02612520 0.32992244 -0.67764604
v -0.00785182 0.30998138 -0.66349232
v -0.01791554 0.32992244 -0.65902567
v -0.03003992 0.30998138 -0.65307945
v -0.03003992 0.28993255 -0.65299571
v -0.03003992 0.26999146 -0.65285611
v -0.03003992 0.22989377 -0.65246528
v -0.04657317 0.18990389 -0.64342034
v -0.04618979 0.16996282 -0.64322490
v -0.04575849 0.14991398 -0.64300156
v -0.04527926 0.12997292 -0.64277822
v -0.05524713 0.12997292 -0.63744617
v -0.05471998 0.11003187 -0.63716698
v -0.05414492 0.09009081 -0.63683200
v -0.05347400 0.07004197 -0.63649702
v -0.06995933 0.07004197 -0.62731242
v -0.08069396 0.05010091 -0.62041706
v -0.09066183 0.05010091 -0.61427540
v -0.08999091 0.01000322 -0.61293542
v -0.10523026 0.01000322 -0.60338795
v -0.11519813 0.01000322 -0.59682757
v -0.16038901 -0.04583174 -0.56036848
v -0.15990978 -0.05919763 -0.55997765
v -0.15952641 -0.06997658 -0.55964267
v -0.16997349 -0.08991764 -0.54945308
v -0.18046851 -0.08991764 -0.54046392
v -0.19048432 -0.08991764 -0.53105605
v -0.12808928 -0.02998668 -0.58577257
v -0.13810506 -0.02998668 -0.57859802
v -0.13882390 -0.00993784 -0.57915634
v -0.14998984 -0.02998668 -0.56944138
v -0.19997296 -0.11966754 -0.52000111
v -0.21942948 -0.12990755 -0.49942657
v -0.22853474 -0.12990755 -0.48940453
v -0.23855053 -0.12990755 -0.47837746
v -0.24703281 -0.12990755 -0.46838334
v -0.25771952 -0.10996649 -0.45721671
v -0.26495582 -0.12990755 -0.44638509
v -0.27684057 -0.06997658 -0.43572092
v -0.27856579 -0.06997658 -0.43332011
v -0.13647570 0.62990057 -0.43332011
v 0.19246405 0.60995954 -0.58825713
v -0.03003992 0.20995273 -0.65215820
v -0.03003992 0.18990389 -0.65182322
v 0.19246405 0.56996965 -0.71589178
v 0.19246405 0.56749046 -0.71594763
v 0.19246405 0.54744160 -0.71636635
v 0.19246405 0.52760839 -0.71672928
v 0.18997209 0.52997971 -0.71639431
v 0.18997209 0.50993085 -0.71672928
v 0.16998842 0.50993085 -0.71393764
v 0.14995684 0.50993085 -0.71061552
v 0.14995684 0.48998982 -0.71089470
v 0.12997317 0.48998982 -0.70698637
v 0.12997317 0.46994099 -0.70723760
v 0.10998951 0.44999993 -0.70302224
v 0.10998951 0.42995107 -0.70324558
v 0.09872772 0.44999993 -0.70031434
v 0.09834434 0.42995107 -0.70042598
v 0.09805681 0.40990224 -0.70050973
v 0.08784933 0.38996118 -0.69782972
v 0.08770555 0.36991233 -0.69785768
v 0.08760971 0.34997129 -0.69788557
v 0.06997425 0.34997129 -0.69274890
v 0.06997425 0.32992244 -0.69277686
v 0.04999059 0.32992244 -0.68632811
v 0.02617312 0.30998138 -0.67761815
v 0.00997533 0.30998138 -0.67111355
v 0.03614099 0.30998138 -0.68144274
v 0.00997533 0.28993255 -0.67102981
v -0.00770805 0.28993255 -0.66343653
v -0.01772385 0.28993255 -0.65894192
v -0.01781969 0.30998138 -0.65899777
v -0.01758008 0.26999146 -0.65888613
v -0.01714878 0.22989377 -0.65869069
v -0.01686125 0.20995273 -0.65855110
v -0.03003992 0.16996282 -0.65143239
v -0.03003992 0.14991398 -0.65101361
v -0.03003992 0.12997292 -0.65053904
v -0.04475211 0.11003187 -0.64249909
v -0.04417704 0.09009081 -0.64219201
v -0.06995933 0.05010091 -0.62653077
v -0.04350613 0.07004197 -0.64182907
v -0.04278729 0.05010091 -0.64146614
v -0.04206846 0.03005207 -0.64107531
v -0.05208425 0.03005207 -0.63568741
v -0.08021473 0.03662723 -0.62013787
v -0.07973551 0.02336912 -0.61985874
v -0.08812194 0.03005207 -0.61497331
v -0.07920836 0.01000322 -0.61955166
v -0.07839368 -0.00993784 -0.61907709
v -0.08999091 -0.00993784 -0.61195832
v -0.10364881 -0.02998668 -0.60238296
v -0.11366461 -0.02998668 -0.59576672
v -0.15195465 -0.05154458 -0.56664973
v -0.14951061 -0.06997658 -0.56745929
v -0.14869592 -0.08991764 -0.56684512
v -0.14788124 -0.10996649 -0.56620306
v -0.15871172 -0.08991764 -0.55900055
v -0.16887128 -0.12990755 -0.54761058
v -0.17169870 -0.10845743 -0.54668933
v -0.18003722 -0.10091217 -0.54007310
v -0.19000508 -0.11028986 -0.53005105
v -0.12732251 -0.04992774 -0.58524215
v -0.13733831 -0.04992774 -0.57803971
v -0.18957378 -0.12990755 -0.52901816
v -0.19954166 -0.12990755 -0.51961029
v -0.20864692 -0.14995638 -0.50880653
v -0.20941368 -0.12990755 -0.50961614
v -0.21861479 -0.14995638 -0.49858907
v -0.22781591 -0.14995638 -0.48859495
v -0.23783170 -0.14995638 -0.47753996
v -0.25704861 -0.12990755 -0.45637920
v -0.24631397 -0.14995638 -0.46751791
v -0.25632977 -0.14995638 -0.45548588
v -0.26423699 -0.14995638 -0.44546384
v -0.27473199 -0.13033870 -0.43332011
v -0.27516329 -0.12397912 -0.43332011
v -0.27616966 -0.10856523 -0.43332011
v -0.27621758 -0.08991764 -0.43485552
v -0.27755940 -0.08657616 -0.43332011
v -0.12727459 0.60920501 -0.43332011
v 0.19246405 0.58991069 -0.58390218
v -0.01652579 0.18990389 -0.65838361
v -0.01614241 0.16996282 -0.65818822
v 0.19246405 0.50982308 -0.71700847
v 0.19246405 0.48998982 -0.71725971
v 0.18997209 0.48998982 -0.71698052
v 0.16998842 0.48998982 -0.71421677
v 0.16998842 0.46994099 -0.71446800
v 0.14995684 0.44999993 -0.71134138
v 0.12997317 0.44999993 -0.70746100
v 0.12997317 0.42995107 -0.70768428
v 0.10998951 0.40990224 -0.70341307
v 0.10998951 0.38996118 -0.70352471
v 0.09786512 0.38996118 -0.70056558
v 0.09767343 0.36991233 -0.70062143
v 0.09757759 0.32992244 -0.70064932
v 0.08756179 0.32992244 -0.69788557
v 0.08765763 0.30998138 -0.69788557
v 0.06997425 0.30998138 -0.69274890
v 0.04999059 0.30998138 -0.68630022
v 0.02626897 0.28993255 -0.67759025
v 0.04999059 0.28993255 -0.68624437
v 0.03628476 0.28993255 -0.68138689
v 0.00997533 0.26999146 -0.67089021
v -0.00737260 0.24994263 -0.66329694
v -0.00718091 0.22989377 -0.66318524
v -0.00684545 0.20995273 -0.66307360
v -0.01566318 0.14991398 -0.65799278
v -0.01518396 0.12997292 -0.65774155
v -0.01460889 0.11003187 -0.65749025
v -0.03003992 0.11003187 -0.64998072
v -0.03003992 0.09009081 -0.64939445
v -0.03003992 0.07004197 -0.64872450
v -0.06924049 0.01000322 -0.62527454
v -0.03003992 0.05010091 -0.64799863
v -0.03003992 0.03005207 -0.64724487
v -0.03003992 0.01000322 -0.64646322
v -0.04130170 0.01000322 -0.64068449
v -0.05131749 0.01000322 -0.63526869
v -0.06761113 -0.02998668 -0.62438118
v -0.07757900 -0.02998668 -0.61857456
v -0.08999091 -0.02998668 -0.61095333
v -0.08999091 -0.04992774 -0.60994834
v -0.10201945 -0.06997658 -0.60132211
v -0.11284993 -0.04992774 -0.59523630
v -0.13652362 -0.06997658 -0.57745343
v -0.13570894 -0.08991764 -0.57683927
v -0.13484633 -0.10996649 -0.57616925
v -0.14701864 -0.12990755 -0.56553304
v -0.15703443 -0.12990755 -0.55763268
v -0.17888707 -0.12990755 -0.53904021
v -0.16800869 -0.14995638 -0.54688478
v -0.12650782 -0.06997658 -0.58468384
v -0.18871118 -0.14995638 -0.52826440
v -0.19872697 -0.14995638 -0.51880068
v -0.20778431 -0.16989744 -0.50794113
v -0.21780011 -0.16989744 -0.49769574
v -0.22700122 -0.16989744 -0.48770159
v -0.22613862 -0.18994629 -0.48675245
v -0.23696910 -0.16989744 -0.47659081
v -0.24468461 -0.18994629 -0.46559167
v -0.24549930 -0.16989744 -0.46659666
v -0.25551510 -0.16989744 -0.45448089
v -0.26347023 -0.16989744 -0.44448674
v -0.27315056 -0.15200439 -0.43332011
v -0.12300949 0.59648585 -0.43332011
v 0.19246405 0.56533468 -0.57960302
v 0.19246405 0.57395780 -0.58099884
v 0.19246405 0.57676041 -0.58147341
v -0.00650999 0.18990389 -0.66290611
v -0.00612661 0.16996282 -0.66273862
v -0.00569531 0.14991398 -0.66254318
v 0.19246405 0.46994099 -0.71751094
v 0.18997209 0.46994099 -0.71723175
v 0.18997209 0.44999993 -0.71745509
v 0.18997209 0.42995107 -0.71767843
v 0.16998842 0.42995107 -0.71488678
v 0.14995684 0.42995107 -0.71156472
v 0.14995684 0.40990224 -0.71176010
v 0.12997317 0.40990224 -0.70785177
v 0.12997317 0.38996118 -0.70799136
v 0.10998951 0.36991233 -0.70360851
v 0.10998951 0.34997129 -0.70366430
v 0.10998951 0.32992244 -0.70369220
v 0.09762551 0.30998138 -0.70062143
v 0.08780141 0.28993255 -0.69785768
v 0.06997425 0.28993255 -0.69269311
v 0.03642853 0.26999146 -0.68133104
v 0.02641273 0.26999146 -0.67750645
v 0.04999059 0.24994263 -0.68596518
v 0.02665235 0.24994263 -0.67745066
v 0.00997533 0.22989377 -0.67055523
v 0.00997533 0.20995273 -0.67030400
v 0.00997533 0.18990389 -0.66999692
v 0.00997533 0.16996282 -0.66968983
v -0.00464102 0.11003187 -0.66209650
v -0.00339503 0.07004197 -0.66153818
v -0.01403382 0.09009081 -0.65718317
v -0.01341083 0.07004197 -0.65687609
v -0.01197315 0.03005207 -0.65615028
v -0.04805876 -0.02847762 -0.63535243
v -0.01115847 0.01000322 -0.65575945
v -0.03003992 -0.00993784 -0.64562571
v -0.04053494 -0.00993784 -0.64026576
v -0.05002359 -0.04992774 -0.63328660
v -0.06674852 -0.04992774 -0.62390661
v -0.07676432 -0.04992774 -0.61807203
v -0.08999091 -0.06997658 -0.60888749
v -0.11203524 -0.06997658 -0.59467798
v -0.10115685 -0.08991764 -0.60076380
v -0.12569314 -0.08991764 -0.58406967
v -0.12483054 -0.10996649 -0.58345550
v -0.12396794 -0.12990755 -0.58284134
v -0.13393581 -0.12990755 -0.57552719
v -0.14610812 -0.14995638 -0.56483513
v -0.15612391 -0.14995638 -0.55687892
v -0.17802447 -0.14995638 -0.53825855
v -0.16709815 -0.16989744 -0.54610312
v -0.18784857 -0.16989744 -0.52742690
v -0.19786437 -0.16989744 -0.51793528
v -0.20687379 -0.18994629 -0.50701988
v -0.21688959 -0.18994629 -0.49674660
v -0.23610649 -0.18994629 -0.47558582
v -0.21593113 -0.20999512 -0.49571365
v -0.22518016 -0.20999512 -0.48569161
v -0.25465250 -0.18994629 -0.45344797
v -0.24377409 -0.20999512 -0.46450293
v -0.26265553 -0.18994629 -0.44345382
v -0.27142534 -0.17367008 -0.43332011
v -0.12085298 0.58991069 -0.43332011
v 0.19246405 0.54981303 -0.57725799
v 0.00997533 0.14991398 -0.66929901
v 0.00997533 0.12997292 -0.66888022
v 0.19246405 0.44999993 -0.71773428
v 0.19246405 0.42995107 -0.71795762
v 0.19246405 0.40990224 -0.71815300
v 0.18997209 0.38996118 -0.71801341
v 0.16998842 0.40990224 -0.71508217
v 0.16998842 0.38996118 -0.71522176
v 0.14995684 0.38996118 -0.71187180
v 0.14995684 0.36991233 -0.71198344
v 0.12997317 0.36991233 -0.70807517
v 0.12997317 0.34997129 -0.70813096
v 0.12997317 0.32992244 -0.70813096
v 0.12997317 0.30998138 -0.70810306
v 0.10998951 0.30998138 -0.70363641
v 0.09776928 0.28993255 -0.70059347
v 0.08804102 0.26999146 -0.69777393
v 0.06997425 0.26999146 -0.69255352
v 0.03662022 0.24994263 -0.68124729
v 0.06997425 0.24994263 -0.69238603
v 0.04999059 0.22989377 -0.68576980
v 0.03685983 0.22989377 -0.68116355
v 0.02689196 0.22989377 -0.67733896
v 0.02717949 0.20995273 -0.67722732
v 0.02756287 0.18990389 -0.67708772
v 0.02799418 0.16996282 -0.67692024
v 0.02847340 0.14991398 -0.67672479
v 0.00997533 0.11003187 -0.66840565
v 0.00997533 0.09009081 -0.66790318
v 0.00997533 0.07004197 -0.66731691
v 0.00997533 0.05010091 -0.66670275
v -0.00267620 0.05010091 -0.66123110
v -0.00195736 0.03005207 -0.66086817
v -0.00114268 0.01000322 -0.66050529
v -0.04010364 -0.02082458 -0.64001453
v -0.03952857 -0.03408268 -0.63973534
v -0.00047176 -0.00508732 -0.66019821
v 0.00010331 -0.01834542 -0.65991902
v -0.01000833 -0.02998668 -0.65461487
v -0.02884186 -0.04992774 -0.64448118
v -0.03171720 -0.02847762 -0.64397866
v -0.03880973 -0.04992774 -0.63937241
v -0.03789920 -0.06997658 -0.63886994
v -0.05002359 -0.06997658 -0.63228160
v -0.06583799 -0.06997658 -0.62340415
v -0.07585379 -0.06997658 -0.61754167
v -0.07494326 -0.08991764 -0.61698329
v -0.08999091 -0.08991764 -0.60774291
v -0.11117265 -0.08991764 -0.59409171
v -0.09190781 -0.11104438 -0.60531420
v -0.09928787 -0.12990755 -0.59956336
v -0.10997458 -0.14995638 -0.59113258
v -0.12300949 -0.14995638 -0.58217132
v -0.13302529 -0.14995638 -0.57482928
v -0.14514966 -0.16989744 -0.56408137
v -0.15516546 -0.16989744 -0.55609727
v -0.17706603 -0.16989744 -0.53742105
v -0.18693805 -0.18994629 -0.52656150
v -0.16609177 -0.18994629 -0.54526561
v -0.17610757 -0.18994629 -0.53655565
v -0.19690593 -0.18994629 -0.51701403
v -0.20591535 -0.20999512 -0.50601488
v -0.23514804 -0.20999512 -0.47449708
v -0.20481312 -0.22993618 -0.50492615
v -0.21482892 -0.22993618 -0.49456909
v -0.22412588 -0.22993618 -0.48457494
v -0.25374195 -0.20999512 -0.45233130
v -0.26179293 -0.20999512 -0.44233716
v -0.23414166 -0.22993618 -0.47332457
v -0.24276771 -0.22993618 -0.46330252
v -0.25278351 -0.22993618 -0.45107505
v -0.27013144 -0.18962291 -0.43332011
v -0.11912777 0.58398223 -0.43332011
v 0.19246405 0.52997971 -0.57466179
v -0.11505436 0.56996965 -0.43332011
v 0.02900055 0.12997292 -0.67652941
v 0.02957562 0.11003187 -0.67630607
v 0.19246405 0.40634519 -0.71818095
v 0.19246405 0.38618854 -0.71832049
v 0.18997209 0.36991233 -0.71812510
v 0.16998842 0.36991233 -0.71533346
v 0.14995684 0.34997129 -0.71203929
v 0.14995684 0.32992244 -0.71203929
v 0.14995684 0.30998138 -0.71201134
v 0.12997317 0.28993255 -0.70799136
v 0.10998951 0.28993255 -0.70355266
v 0.10998951 0.26999146 -0.70341307
v 0.09800889 0.26999146 -0.70050973
v 0.08837648 0.24994263 -0.69769019
v 0.08875985 0.22989377 -0.69760644
v 0.06997425 0.22989377 -0.69219059
v 0.04999059 0.20995273 -0.68551850
v 0.03719529 0.20995273 -0.68105185
v 0.03800997 0.16996282 -0.68074477
v 0.03848919 0.14991398 -0.68054938
v 0.02995900 0.07004197 -0.67541271
v 0.02995900 0.05010091 -0.67482650
v 0.00997533 0.03005207 -0.66603273
v 0.00997533 0.01000322 -0.66527903
v 0.00805844 -0.01101573 -0.66360402
v 0.01069417 -0.02998668 -0.66393900
v 0.00173267 -0.04992774 -0.65922111
v -0.01000833 -0.04992774 -0.65372157
v -0.02788341 -0.06997658 -0.64400655
v -0.02687704 -0.08991764 -0.64350408
v -0.03689283 -0.08991764 -0.63833952
v -0.05002359 -0.08991764 -0.63122076
v -0.06492747 -0.08991764 -0.62284577
v -0.06392109 -0.10996649 -0.62228745
v -0.06296265 -0.12990755 -0.62170124
v -0.07393689 -0.10996649 -0.61639708
v -0.08932000 -0.12990755 -0.60581666
v -0.09832942 -0.14995638 -0.59894919
v -0.09732305 -0.16989744 -0.59827918
v -0.10997458 -0.16989744 -0.58976465
v -0.12205104 -0.16989744 -0.58147341
v -0.12104467 -0.18994629 -0.58074760
v -0.13101253 -0.18994629 -0.57332176
v -0.14414328 -0.18994629 -0.56329972
v -0.15415908 -0.18994629 -0.55525976
v -0.18588376 -0.20999512 -0.52564025
v -0.16508541 -0.20999512 -0.54437226
v -0.17505327 -0.20999512 -0.53563440
v -0.19589955 -0.20999512 -0.51600903
v -0.19479734 -0.22993618 -0.51492029
v -0.20361507 -0.24998504 -0.50369781
v -0.21363086 -0.24998504 -0.49328494
v -0.22297573 -0.24998504 -0.48329079
v -0.26078656 -0.22993618 -0.44108093
v -0.26644140 -0.22993618 -0.43332011
v -0.26835829 -0.20999512 -0.43332011
v -0.26950842 -0.19695261 -0.43332011
v -0.23294361 -0.24998504 -0.47198457
v -0.24166550 -0.24998504 -0.46199045
v -0.26021147 -0.24179304 -0.44029924
v -0.11059757 0.55196881 -0.43332011
v 0.19246405 0.51241004 -0.57262385
v 0.03901634 0.12997292 -0.68035394
v 0.03954349 0.11003187 -0.68013060
v 0.03987895 0.09882176 -0.68001896
v 0.03192382 0.09138428 -0.67675275
v 0.19246405 0.36603191 -0.71843219
v 0.19246405 0.34997129 -0.71848804
v 0.18997209 0.34997129 -0.71818095
v 0.16998842 0.34997129 -0.71538925
v 0.16998842 0.32992244 -0.71538925
v 0.16998842 0.30998138 -0.71536136
v 0.14995684 0.28993255 -0.71189970
v 0.12997317 0.26999146 -0.70785177
v 0.10998951 0.24994263 -0.70321763
v 0.09834434 0.24994263 -0.70042598
v 0.09877566 0.22989377 -0.70031434
v 0.09925488 0.20995273 -0.70017475
v 0.08928700 0.20995273 -0.69746685
v 0.06997425 0.20995273 -0.69193935
v 0.04999059 0.18990389 -0.68521142
v 0.04999059 0.16996282 -0.68490434
v 0.04999059 0.14991398 -0.68454146
v 0.04035817 0.08556365 -0.67985147
v 0.04184376 0.05010091 -0.67934895
v 0.04270637 0.03005207 -0.67901397
v 0.02995900 0.03005207 -0.67415649
v 0.04098117 0.07004197 -0.67962813
v 0.02995900 0.01000322 -0.67345858
v 0.02995900 -0.02998668 -0.67183942
v 0.01174846 -0.04992774 -0.66349232
v 0.01285068 -0.06997658 -0.66301775
v 0.00288281 -0.06997658 -0.65871859
v -0.01000833 -0.08991764 -0.65173948
v -0.01000833 -0.06997658 -0.65274447
v -0.02476845 -0.12990755 -0.64241534
v -0.05002359 -0.10996649 -0.63007617
v -0.03473632 -0.12990755 -0.63722283
v -0.05002359 -0.14995638 -0.62778705
v -0.06190836 -0.14995638 -0.62111497
v -0.07192415 -0.14995638 -0.61519665
v -0.07293052 -0.12990755 -0.61581081
v -0.08831362 -0.14995638 -0.60520250
v -0.08730726 -0.16989744 -0.60456043
v -0.08620504 -0.18994629 -0.60389042
v -0.09622084 -0.18994629 -0.59755337
v -0.10997458 -0.18994629 -0.58831298
v -0.12032583 -0.20298880 -0.58024508
v -0.12818512 -0.20977956 -0.57379633
v -0.14308900 -0.20999512 -0.56246221
v -0.15305686 -0.20999512 -0.55439430
v -0.18478154 -0.22993618 -0.52460736
v -0.16393527 -0.22993618 -0.54339522
v -0.17390314 -0.22993618 -0.53460145
v -0.19355135 -0.24998504 -0.51371986
v -0.20227323 -0.26992610 -0.50235784
v -0.21228904 -0.26992610 -0.49183327
v -0.22163391 -0.26992610 -0.48183912
v -0.23323114 -0.27121955 -0.46852291
v -0.26605803 -0.23381662 -0.43332011
v -0.24070704 -0.26539892 -0.46087378
v -0.25297520 -0.24912271 -0.44817173
v -0.25939679 -0.25515893 -0.43926632
v -0.26428491 -0.25052398 -0.43332011
v -0.26462036 -0.24761367 -0.43332011
v -0.11011834 0.54992080 -0.43332011
v 0.19246405 0.50993085 -0.57234472
v 0.04999059 0.12997292 -0.68415064
v 0.04821745 0.09138428 -0.68269897
v 0.04999059 0.11003187 -0.68373185
v 0.19246405 0.32992244 -0.71851593
v 0.18997209 0.32992244 -0.71820885
v 0.18997209 0.30998138 -0.71815300
v 0.18997209 0.28993255 -0.71806926
v 0.16998842 0.28993255 -0.71524972
v 0.14995684 0.26999146 -0.71176010
v 0.12997317 0.24994263 -0.70765638
v 0.10998951 0.22989377 -0.70299435
v 0.10998951 0.20995273 -0.70271516
v 0.09968618 0.19550893 -0.70006305
v 0.09182689 0.18925714 -0.69782972
v 0.08995792 0.16996282 -0.69699228
v 0.06997425 0.18990389 -0.69163227
v 0.06997425 0.14991398 -0.69096226
v 0.05099696 0.07004197 -0.68308979
v 0.05181164 0.05010091 -0.68278271
v 0.05272216 0.03005207 -0.68250352
v 0.05368061 0.01000322 -0.68216854
v 0.04371274 0.01000322 -0.67867899
v 0.04476704 -0.00993784 -0.67828816
v 0.04591718 -0.02998668 -0.67786938
v 0.02995900 -0.04992774 -0.67094606
v 0.02995900 -0.06997658 -0.66996896
v 0.02995900 -0.08991764 -0.66896403
v 0.01404874 -0.08991764 -0.66248733
v 0.00408087 -0.08991764 -0.65821612
v -0.01000833 -0.14995638 -0.64847320
v -0.02366623 -0.14995638 -0.64185697
v -0.03368203 -0.14995638 -0.63663661
v -0.03253189 -0.16989744 -0.63602245
v -0.05002359 -0.16989744 -0.62653077
v -0.06018315 -0.18175429 -0.62010998
v -0.06085406 -0.16989744 -0.62047291
v -0.07082193 -0.16989744 -0.61455458
v -0.06809035 -0.18897620 -0.61488956
v -0.06995933 -0.20999512 -0.61226541
v -0.08500698 -0.20999512 -0.60313666
v -0.09502277 -0.20999512 -0.59679961
v -0.11169979 -0.20977956 -0.58557713
v -0.11955907 -0.21635473 -0.57968676
v -0.12995824 -0.22993618 -0.57061386
v -0.14189094 -0.22993618 -0.56154096
v -0.15190673 -0.22993618 -0.55338931
v -0.18353555 -0.24998504 -0.52340692
v -0.16259344 -0.24998504 -0.54225063
v -0.17260924 -0.24998504 -0.53340107
v -0.19211367 -0.26992610 -0.51235193
v -0.20102724 -0.28641787 -0.50110155
v -0.22062753 -0.28393874 -0.48072246
v -0.23979652 -0.27876484 -0.45981294
v -0.24722449 -0.27121955 -0.45188463
v -0.25848627 -0.26992610 -0.43803799
v -0.26193669 -0.26992610 -0.43332011
v -0.10585324 0.53094983 -0.43332011
v 0.19246405 0.48998982 -0.57030678
v 0.06997425 0.12997292 -0.69057143
v 0.06997425 0.11003187 -0.69015270
v 0.06997425 0.09009081 -0.68967807
v 0.19246405 0.30998138 -0.71846008
v 0.19246405 0.28993255 -0.71837634
v 0.18997209 0.26999146 -0.71795762
v 0.16998842 0.26999146 -0.71511012
v 0.16998842 0.24994263 -0.71494263
v 0.14995684 0.22989377 -0.71136928
v 0.12997317 0.22989377 -0.70743304
v 0.12997317 0.20995273 -0.70715392
v 0.12997317 0.18990389 -0.70681888
v 0.11061250 0.16996282 -0.70218474
v 0.10807261 0.18925714 -0.70193350
v 0.10011747 0.18225083 -0.69995141
v 0.08995792 0.14991398 -0.69662935
v 0.06997425 0.07004197 -0.68914771
v 0.06997425 0.05010091 -0.68858933
v 0.06997425 0.03005207 -0.68800312
v 0.06997425 0.01000322 -0.68733311
v 0.06997425 -0.00993784 -0.68660730
v 0.05478283 -0.00993784 -0.68177772
v 0.05593297 -0.02998668 -0.68138689
v 0.05713103 -0.04992774 -0.68096811
v 0.04716316 -0.04992774 -0.67742270
v 0.04845706 -0.06997658 -0.67694813
v 0.05161995 -0.09024101 -0.67705983
v 0.02995900 -0.14995638 -0.66564190
v 0.01994321 -0.18013746 -0.66000277
v 0.01793046 -0.14995638 -0.66084027
v 0.01534265 -0.10996649 -0.66195691
v 0.00791467 -0.14995638 -0.65659696
v -0.01000833 -0.16989744 -0.64730072
v -0.02251609 -0.16989744 -0.64127076
v -0.02050335 -0.20363554 -0.64023781
v -0.03133383 -0.18994629 -0.63540828
v -0.05165295 -0.18897620 -0.62438118
v -0.04849007 -0.20999512 -0.62471622
v -0.05936847 -0.19501239 -0.61963540
v -0.05841001 -0.20999512 -0.61910498
v -0.06995933 -0.22993618 -0.61070210
v -0.08371307 -0.22993618 -0.60235500
v -0.09372887 -0.22993618 -0.59596211
v -0.10868067 -0.22993618 -0.58594006
v -0.11864854 -0.22993618 -0.57907259
v -0.11721087 -0.24998504 -0.57803971
v -0.13192306 -0.25149408 -0.56687307
v -0.14083664 -0.24588904 -0.56070346
v -0.14850423 -0.25149408 -0.55375224
v -0.18209788 -0.26992610 -0.52203900
v -0.13987818 -0.25925493 -0.55992180
v -0.16105992 -0.26992610 -0.54096645
v -0.17107572 -0.26992610 -0.53203315
v -0.18089981 -0.28512442 -0.52086651
v -0.19992504 -0.29967600 -0.49998492
v -0.21952532 -0.29730463 -0.47954997
v -0.22752836 -0.29040611 -0.47173333
v -0.23893392 -0.28997493 -0.45875210
v -0.24703281 -0.28997493 -0.44875798
v -0.25704861 -0.28997493 -0.43613967
v -0.25910926 -0.28997493 -0.43332011
v -0.10211530 0.50993085 -0.43332011
v 0.19246405 0.46994099 -0.56852013
v 0.08995792 0.11003187 -0.69579184
v 0.08995792 0.09009081 -0.69531727
v 0.08995792 0.07004197 -0.69481474
v 0.19246405 0.26999146 -0.71823680
v 0.19246405 0.26654220 -0.71820885
v 0.19246405 0.24994263 -0.71806926
v 0.19246405 0.24670894 -0.71804136
v 0.18997209 0.22989377 -0.71756679
v 0.16998842 0.22989377 -0.71474719
v 0.16998842 0.20995273 -0.71446800
v 0.14995684 0.18990389 -0.71075511
v 0.12997317 0.16996282 -0.70645595
v 0.10059670 0.16996282 -0.69983971
v 0.11142717 0.14991398 -0.70198929
v 0.10141139 0.14991398 -0.69964433
v 0.08995792 0.05010091 -0.69428432
v 0.08995792 0.03005207 -0.69369811
v 0.08995792 0.01000322 -0.69305599
v 0.08995792 -0.00993784 -0.69235808
v 0.08995792 -0.02998668 -0.69163227
v 0.06997425 -0.02998668 -0.68585354
v 0.06997425 -0.04992774 -0.68501604
v 0.05847286 -0.06997658 -0.68052149
v 0.05943131 -0.08366585 -0.68018645
v 0.06048560 -0.09703174 -0.67982352
v 0.04999059 -0.14995638 -0.67312360
v 0.04999059 -0.10996649 -0.67535686
v 0.04999059 -0.20999512 -0.66966188
v 0.03221136 -0.20999512 -0.66301775
v 0.02094957 -0.19350335 -0.65961194
v 0.00997533 -0.20999512 -0.65391695
v 0.01194015 -0.18800607 -0.65609443
v 0.00925650 -0.16989744 -0.65601069
v -0.01000833 -0.18994629 -0.64610028
v -0.01178146 -0.21010292 -0.64397866
v -0.01959283 -0.21689367 -0.63979119
v -0.02831471 -0.21010292 -0.63565952
v -0.03003992 -0.22993618 -0.63331449
v -0.04710031 -0.22993618 -0.62399036
v -0.05706819 -0.22993618 -0.61832333
v -0.05558259 -0.24998504 -0.61745787
v -0.06995933 -0.24998504 -0.60891545
v -0.08227540 -0.24998504 -0.60143375
v -0.09229119 -0.24998504 -0.59498507
v -0.10724300 -0.24998504 -0.58499092
v -0.10556571 -0.26992610 -0.58384633
v -0.11558151 -0.26992610 -0.57683927
v -0.12895188 -0.26992610 -0.56687307
v -0.13896766 -0.26992610 -0.55922389
v -0.14998984 -0.26992610 -0.55015099
v -0.16019732 -0.28102842 -0.54018480
v -0.17970176 -0.29849032 -0.51977777
v -0.18890287 -0.30991599 -0.50869489
v -0.19891866 -0.30991599 -0.49895200
v -0.20840731 -0.30991599 -0.48895785
v -0.21837518 -0.30991599 -0.47826582
v -0.22719291 -0.30991599 -0.46824375
v -0.23716079 -0.30991599 -0.45665836
v -0.24535553 -0.30991599 -0.44666421
v -0.25532341 -0.30991599 -0.43390635
v -0.25599432 -0.30851474 -0.43332011
v -0.09890449 0.48998982 -0.43332011
v 0.19246405 0.44999993 -0.56692886
v 0.10227399 0.12997292 -0.69944888
v 0.10313658 0.11003187 -0.69922554
v 0.10414296 0.09009081 -0.69900227
v 0.19246405 0.22698346 -0.71784592
v 0.18997209 0.20995273 -0.71731555
v 0.18997209 0.18990389 -0.71700847
v 0.16998842 0.18990389 -0.71413302
v 0.16998842 0.16996282 -0.71377015
v 0.16998842 0.14991398 -0.71337926
v 0.14995684 0.14991398 -0.70997345
v 0.12997317 0.14991398 -0.70606512
v 0.11224186 0.12997292 -0.70179391
v 0.10634740 0.05010091 -0.69847184
v 0.10754545 0.03005207 -0.69819266
v 0.10524517 0.07004197 -0.69875097
v 0.10883936 0.01000322 -0.69788557
v 0.10998951 -0.02998668 -0.69674098
v 0.10998951 -0.04992774 -0.69595933
v 0.08995792 -0.04992774 -0.69082266
v 0.08995792 -0.06997658 -0.68995726
v 0.06997425 -0.06997658 -0.68412268
v 0.06824904 -0.09024101 -0.68261522
v 0.07337674 -0.12990755 -0.68205690
v 0.06158782 -0.10996649 -0.67946064
v 0.06868035 -0.18994629 -0.67719936
v 0.06997425 -0.22993618 -0.67527312
v 0.04999059 -0.22993618 -0.66843361
v 0.03379279 -0.22993618 -0.66240358
v 0.06513409 -0.14995638 -0.67834395
v 0.02219556 -0.20999512 -0.65910947
v 0.00997533 -0.22993618 -0.65260488
v -0.00866650 -0.22993618 -0.64411825
v -0.01863438 -0.22993618 -0.63931656
v -0.03003992 -0.24998504 -0.63166744
v -0.04561472 -0.24998504 -0.62315285
v -0.04388951 -0.26992610 -0.62217581
v -0.05380946 -0.26992610 -0.61642498
v -0.07187623 -0.27132735 -0.60553753
v -0.08098149 -0.26561451 -0.60062420
v -0.08860116 -0.27132735 -0.59501296
v -0.08999091 -0.28997493 -0.59169090
v -0.10364881 -0.28997493 -0.58253425
v -0.11366461 -0.28997493 -0.57549930
v -0.12713082 -0.28997493 -0.56547719
v -0.13709870 -0.28997493 -0.55774432
v -0.15133166 -0.28857368 -0.54629850
v -0.15890342 -0.29439431 -0.53909606
v -0.16853583 -0.30991599 -0.52770609
v -0.17855161 -0.30991599 -0.51868904
v -0.18674636 -0.32996485 -0.50657320
v -0.19671422 -0.32996485 -0.49671867
v -0.20629872 -0.32996485 -0.48672453
v -0.21631451 -0.32996485 -0.47592080
v -0.22513224 -0.32996485 -0.46592668
v -0.23510012 -0.32996485 -0.45417380
v -0.24334279 -0.32996485 -0.44417965
v -0.25527549 -0.31250295 -0.43332011
v -0.25575471 -0.30991599 -0.43332011
v -0.09612499 0.46994099 -0.43332011
v 0.19246405 0.42995107 -0.56550515
v 0.19246405 0.43243024 -0.56567264
v 0.11315238 0.11003187 -0.70157057
v 0.11415875 0.09009081 -0.70134723
v 0.19246405 0.20725799 -0.71756679
v 0.19246405 0.18764031 -0.71725971
v 0.19246405 0.16748367 -0.71689677
v 0.18997209 0.16996282 -0.71664554
v 0.18997209 0.14991398 -0.71625471
v 0.16998842 0.12997292 -0.71296054
v 0.14995684 0.12997292 -0.70955473
v 0.12997317 0.11003187 -0.70522761
v 0.11756125 0.03005207 -0.70056558
v 0.11526097 0.07004197 -0.70109600
v 0.11885516 0.01000322 -0.70025849
v 0.11966984 -0.00185363 -0.70006305
v 0.11181055 -0.00907552 -0.69794142
v 0.12206596 -0.02998668 -0.69956058
v 0.10998951 -0.06997658 -0.69512182
v 0.12388702 -0.04992774 -0.69916975
v 0.10998951 -0.08991764 -0.69420058
v 0.08995792 -0.08991764 -0.68900812
v 0.07160361 -0.10996649 -0.68258727
v 0.08995792 -0.10996649 -0.68797517
v 0.08995792 -0.14995638 -0.68585354
v 0.07970251 -0.20158756 -0.68007481
v 0.08094849 -0.21495345 -0.67971188
v 0.07179531 -0.20891723 -0.67711562
v 0.08248201 -0.22993618 -0.67926520
v 0.06997425 -0.24998504 -0.67393315
v 0.04999059 -0.24998504 -0.66706568
v 0.02377700 -0.22993618 -0.65846735
v 0.03561385 -0.24998504 -0.66170567
v 0.00997533 -0.24998504 -0.65112531
v -0.00703714 -0.24998504 -0.64336449
v -0.01700501 -0.24998504 -0.63850701
v -0.03003992 -0.26992610 -0.62974119
v -0.04182884 -0.28997493 -0.62100333
v -0.05179672 -0.28997493 -0.61519665
v -0.06856958 -0.28997493 -0.60520250
v -0.07978343 -0.27898040 -0.59987044
v -0.07858537 -0.28997493 -0.59911668
v -0.07618925 -0.30991599 -0.59760922
v -0.08999091 -0.30991599 -0.58859217
v -0.10139646 -0.30991599 -0.58097094
v -0.11141226 -0.30991599 -0.57385218
v -0.12497431 -0.30991599 -0.56385803
v -0.13499010 -0.30991599 -0.55606931
v -0.14725825 -0.30991599 -0.54604727
v -0.15727404 -0.30991599 -0.53770024
v -0.16623554 -0.32996485 -0.52561235
v -0.17625134 -0.32996485 -0.51656735
v -0.18411063 -0.34990591 -0.50406075
v -0.19412641 -0.34990591 -0.49406660
v -0.20380676 -0.34990591 -0.48407245
v -0.21382254 -0.34990591 -0.47312915
v -0.22268820 -0.34990591 -0.46313500
v -0.24147381 -0.34580991 -0.44189048
v -0.25024360 -0.33632442 -0.43332011
v -0.25139374 -0.33115053 -0.43332011
v -0.09574161 0.46681508 -0.43332011
v 0.19246405 0.40990224 -0.56424886
v 0.12997317 0.09009081 -0.70475304
v 0.19246405 0.14991398 -0.71656179
v 0.18997209 0.12997292 -0.71583593
v 0.16998842 0.11003187 -0.71248597
v 0.14995684 0.11003187 -0.70910805
v 0.12997317 0.03005207 -0.70316184
v 0.12997317 0.07004197 -0.70425057
v 0.12843965 -0.00907552 -0.70159847
v 0.13203384 -0.02998668 -0.70162642
v 0.12997317 0.01000322 -0.70254767
v 0.13385488 -0.04992774 -0.70126349
v 0.12580392 -0.06997658 -0.69875097
v 0.12786458 -0.08991764 -0.69830430
v 0.13577178 -0.06997658 -0.70087266
v 0.10998951 -0.10996649 -0.69319558
v 0.12997317 -0.12990755 -0.69685268
v 0.12997317 -0.14995638 -0.69587559
v 0.10998951 -0.12990755 -0.69219059
v 0.10998951 -0.14995638 -0.69115770
v 0.10998951 -0.18994629 -0.68909186
v 0.10998951 -0.20999512 -0.68803102
v 0.08995792 -0.18994629 -0.68367600
v 0.08856817 -0.20891723 -0.68225229
v 0.09244989 -0.22993618 -0.68216854
v 0.09470224 -0.24998504 -0.68152648
v 0.08473437 -0.24998504 -0.67859524
v 0.06997425 -0.26992610 -0.67231399
v 0.04999059 -0.26992610 -0.66541857
v 0.03772244 -0.26992610 -0.66086817
v 0.02559806 -0.24998504 -0.65774155
v 0.02770665 -0.26992610 -0.65687609
v 0.00997533 -0.26992610 -0.64936656
v -0.00512024 -0.26992610 -0.64247113
v -0.01513604 -0.26992610 -0.63755786
v -0.03003992 -0.28997493 -0.62742412
v -0.04048701 -0.30161619 -0.62024957
v -0.06617345 -0.30991599 -0.60375082
v -0.06329811 -0.32996485 -0.60202003
v -0.07331390 -0.32996485 -0.59579462
v -0.09085352 -0.32824022 -0.58468384
v -0.10010256 -0.32047936 -0.58007759
v -0.10805768 -0.32824022 -0.57279134
v -0.12243442 -0.32996485 -0.56190389
v -0.13245022 -0.32996485 -0.55405933
v -0.14486213 -0.32996485 -0.54406518
v -0.15487793 -0.32996485 -0.53563440
v -0.16350397 -0.34990591 -0.52318358
v -0.17351976 -0.34990591 -0.51405489
v -0.18181035 -0.36553538 -0.50179946
v -0.20165025 -0.36510423 -0.48178330
v -0.22091506 -0.36294842 -0.46109712
v -0.23399790 -0.35141495 -0.44914880
v -0.23974860 -0.35906801 -0.43974090
v -0.24621813 -0.35292399 -0.43332011
v -0.24679320 -0.35066041 -0.43332011
v -0.09368095 0.44999993 -0.43332011
v -0.09353718 0.44881424 -0.43332011
v 0.19246405 0.39244035 -0.56327182
v 0.19246405 0.12997292 -0.71611512
v 0.19246405 0.12760155 -0.71605927
v 0.19246405 0.10755271 -0.71558470
v 0.18997209 0.11003187 -0.71536136
v 0.16998842 0.09009081 -0.71198344
v 0.14995684 0.07004197 -0.70810306
v 0.14995684 0.03005207 -0.70701432
v 0.14995684 -0.02998668 -0.70508808
v 0.14995684 -0.00993784 -0.70575804
v 0.14995684 0.01000322 -0.70640016
v 0.14995684 -0.04992774 -0.70436221
v 0.13927013 -0.10317574 -0.70014679
v 0.13155460 -0.10985869 -0.69816476
v 0.14995684 -0.06997658 -0.70358056
v 0.12997317 -0.18994629 -0.69386560
v 0.14243300 -0.12990755 -0.69950473
v 0.14727317 -0.16989744 -0.69855559
v 0.12997317 -0.20999512 -0.69283271
v 0.10998951 -0.22993618 -0.68691438
v 0.10998951 -0.24998504 -0.68560231
v 0.09743382 -0.26992610 -0.68071687
v 0.08746594 -0.26992610 -0.67778563
v 0.06997425 -0.28997493 -0.67030400
v 0.04869668 -0.28954378 -0.66298985
v 0.03920803 -0.28253746 -0.66028196
v 0.03154044 -0.28954378 -0.65640152
v 0.00997533 -0.28997493 -0.64721698
v -0.00286788 -0.28997493 -0.64135450
v -0.01283576 -0.28997493 -0.63641328
v -0.03119006 -0.30894589 -0.62418580
v -0.03866596 -0.31498209 -0.61921662
v -0.04829838 -0.30894589 -0.61452663
v -0.05002359 -0.32996485 -0.60992044
v -0.06114160 -0.34322295 -0.60070795
v -0.06866542 -0.34990591 -0.59442669
v -0.08543828 -0.34990591 -0.58362299
v -0.09813774 -0.33373746 -0.57873762
v -0.12070921 -0.34225285 -0.56059182
v -0.14203471 -0.34990591 -0.54172021
v -0.15205050 -0.34990591 -0.53320563
v -0.16139537 -0.36402631 -0.52125734
v -0.17050064 -0.37146378 -0.51050949
v -0.17960592 -0.37879348 -0.49962199
v -0.19062808 -0.37200272 -0.49068868
v -0.19949374 -0.37847012 -0.47949412
v -0.21022837 -0.37070924 -0.47028166
v -0.21885441 -0.37631434 -0.45869628
v -0.22704914 -0.36973917 -0.45121464
v -0.23811923 -0.36995474 -0.43767509
v -0.24142589 -0.36995474 -0.43332011
v -0.09142859 0.42995107 -0.43332011
v 0.19246405 0.36926562 -0.56215513
v 0.19246405 0.09009081 -0.71513802
v 0.18997209 0.07004197 -0.71430051
v 0.16998842 0.07004197 -0.71145302
v 0.16998842 0.03005207 -0.71033639
v 0.16998842 -0.02998668 -0.70843804
v 0.16998842 -0.04992774 -0.70774013
v 0.16998842 -0.00993784 -0.70910805
v 0.16998842 0.01000322 -0.70972222
v 0.16998842 -0.06997658 -0.70698637
v 0.14995684 -0.08991764 -0.70274305
v 0.15244880 -0.12990755 -0.70143098
v 0.15484492 -0.14995638 -0.70098430
v 0.16998842 -0.08991764 -0.70617682
v 0.16998842 -0.10996649 -0.70533931
v 0.14995684 -0.20999512 -0.69707602
v 0.15728897 -0.16989744 -0.70050973
v 0.15901418 -0.18380228 -0.70017475
v 0.15139450 -0.19026965 -0.69836015
v 0.14995684 -0.22993618 -0.69598722
v 0.12997317 -0.22993618 -0.69171602
v 0.12997317 -0.24998504 -0.69043183
v 0.12997317 -0.26992610 -0.68886852
v 0.10998951 -0.26992610 -0.68401104
v 0.09930280 -0.28178293 -0.68018645
v 0.09158728 -0.28900483 -0.67708772
v 0.08995792 -0.30991599 -0.67401689
v 0.06997425 -0.30991599 -0.66781944
v 0.05368061 -0.30991599 -0.66229194
v 0.04122078 -0.29590335 -0.65952820
v 0.02995900 -0.30991599 -0.65319115
v 0.00853766 -0.31013158 -0.64395076
v -0.00104683 -0.30355641 -0.64048910
v -0.00866650 -0.31013158 -0.63577116
v -0.02630197 -0.32996485 -0.62340415
v -0.03631776 -0.32996485 -0.61790454
v -0.05126957 -0.34990591 -0.60514671
v -0.05869755 -0.35648105 -0.59920043
v -0.08241916 -0.36596653 -0.58161300
v -0.09545407 -0.34990591 -0.57689512
v -0.11112472 -0.34936693 -0.56589597
v -0.11850478 -0.35561875 -0.55891681
v -0.12842473 -0.34936693 -0.55274725
v -0.14035742 -0.36100823 -0.54032439
v -0.14970230 -0.36920020 -0.52979982
v -0.15904719 -0.37739223 -0.51919150
v -0.16738568 -0.38989580 -0.50690824
v -0.17740148 -0.38989580 -0.49750033
v -0.18732142 -0.38989580 -0.48750621
v -0.19733723 -0.38989580 -0.47717705
v -0.20644249 -0.38989580 -0.46718293
v -0.21645828 -0.38989580 -0.45593253
v -0.22489263 -0.38989580 -0.44591048
v -0.23514804 -0.38946462 -0.43332011
v -0.08965546 0.41248918 -0.43332011
v 0.19246405 -0.42083138 -0.52619857
v 0.19246405 0.07004197 -0.71457970
v 0.19246405 0.03005207 -0.71346307
v 0.18997209 0.05010091 -0.71374220
v 0.18997209 0.01000322 -0.71256971
v 0.18997209 -0.02998668 -0.71128553
v 0.18997209 -0.04992774 -0.71058762
v 0.18997209 -0.06997658 -0.70986181
v 0.18997209 -0.08991764 -0.70908010
v 0.16998842 -0.12990755 -0.70447391
v 0.16998842 -0.14995638 -0.70358056
v 0.18997209 -0.10996649 -0.70824265
v 0.18997209 -0.12990755 -0.70740515
v 0.18997209 -0.14995638 -0.70653975
v 0.16270420 -0.20999512 -0.69953263
v 0.16078731 -0.19716817 -0.69983971
v 0.16998842 -0.16989744 -0.70265931
v 0.16845490 -0.19026965 -0.70145893
v 0.16596293 -0.22993618 -0.69897431
v 0.14995684 -0.24998504 -0.69473100
v 0.14995684 -0.26992610 -0.69319558
v 0.12997317 -0.28997493 -0.68691438
v 0.10922274 -0.28900483 -0.68194520
v 0.10203438 -0.29504105 -0.67946064
v 0.10577233 -0.30991599 -0.67848355
v 0.08995792 -0.32996485 -0.67097402
v 0.06805735 -0.33179727 -0.66382736
v 0.05703519 -0.32640779 -0.66106361
v 0.04366482 -0.30991599 -0.65860695
v 0.02995900 -0.32996485 -0.65009236
v 0.01332991 -0.32996485 -0.64300156
v 0.00096591 -0.31681451 -0.63953990
v -0.01000833 -0.32996485 -0.63183492
v -0.02270778 -0.34990591 -0.62144995
v -0.03272358 -0.34990591 -0.61589456
v -0.04590225 -0.36995474 -0.60349959
v -0.05587012 -0.36995474 -0.59746963
v -0.07182831 -0.37157160 -0.58694506
v -0.07968759 -0.37933242 -0.57979840
v -0.08946377 -0.37157160 -0.57533175
v -0.10585324 -0.36995474 -0.56430471
v -0.11586905 -0.36995474 -0.55693471
v -0.13072500 -0.36855349 -0.54574019
v -0.13791338 -0.37437409 -0.53831440
v -0.14653942 -0.38989580 -0.52569610
v -0.15650728 -0.38989580 -0.51693028
v -0.16307266 -0.40994465 -0.50288820
v -0.17304054 -0.40994465 -0.49325702
v -0.18315217 -0.40994465 -0.48326287
v -0.19316797 -0.40994465 -0.47279415
v -0.20251285 -0.40994465 -0.46280003
v -0.22206521 -0.40509409 -0.44256049
v -0.23466882 -0.39086592 -0.43332011
v -0.23500428 -0.38989580 -0.43332011
v -0.08754687 0.39050013 -0.43332011
v -0.02400169 -0.42083138 -0.43332011
v 0.19246405 -0.42083138 -0.67125314
v -0.08625297 0.37508625 -0.43332011
v -0.08582166 0.36991233 -0.43332011
v 0.19246405 0.01000322 -0.71284890
v 0.19246405 -0.00993784 -0.71223474
v 0.19246405 -0.02998668 -0.71156472
v 0.19246405 -0.05240689 -0.71078300
v 0.19246405 -0.06997658 -0.71016890
v 0.19246405 -0.09239680 -0.70927554
v 0.19246405 -0.10996649 -0.70854974
v 0.18997209 -0.16989744 -0.70564640
v 0.19246405 -0.12990755 -0.70771223
v 0.19246405 -0.14995638 -0.70684683
v 0.17272000 -0.20999512 -0.70117974
v 0.17597874 -0.22993618 -0.70064932
v 0.17842278 -0.24373326 -0.70023060
v 0.17104271 -0.25020063 -0.69855559
v 0.16998842 -0.26992610 -0.69688058
v 0.14995684 -0.28997493 -0.69124144
v 0.14995684 -0.30991599 -0.68881267
v 0.12997317 -0.30991599 -0.68445772
v 0.11578812 -0.30991599 -0.68105185
v 0.11895101 -0.32155725 -0.68024230
v 0.11137925 -0.32888696 -0.67708772
v 0.10998951 -0.34990591 -0.67295605
v 0.08995792 -0.34990591 -0.66737276
v 0.07313713 -0.34990591 -0.66218024
v 0.06010222 -0.33977368 -0.65994692
v 0.05018228 -0.33179727 -0.65765780
v 0.02995900 -0.34990591 -0.64640737
v 0.01740331 -0.34990591 -0.64113116
v 0.00331411 -0.32996485 -0.63842326
v -0.01000833 -0.34990591 -0.62801039
v -0.02055127 -0.36111599 -0.62027746
v -0.02836263 -0.36866125 -0.61396831
v -0.04249976 -0.38493747 -0.60148960
v -0.04949644 -0.39097369 -0.59534794
v -0.10259452 -0.38579983 -0.56190389
v -0.06713190 -0.38989580 -0.58457214
v -0.07714769 -0.38989580 -0.57815135
v -0.09176405 -0.39140487 -0.56768262
v -0.10954328 -0.39140487 -0.55486894
v -0.12473470 -0.38989580 -0.54378605
v -0.13475049 -0.38989580 -0.53569019
v -0.14294523 -0.40617204 -0.52262527
v -0.14975022 -0.41166925 -0.51419443
v -0.13978234 -0.41953790 -0.51983362
v -0.16058069 -0.42083138 -0.50040364
v -0.18070813 -0.42083138 -0.48075038
v -0.18109150 -0.42083138 -0.48035955
v -0.20016465 -0.42083138 -0.46020377
v -0.20045218 -0.42083138 -0.45989668
v -0.21363086 -0.41102254 -0.44953963
v -0.22791176 -0.40865117 -0.43332011
v -0.21933363 -0.41846001 -0.43921050
v -0.22259235 -0.42083138 -0.43332011
v 0.19131391 -0.42083138 -0.67111355
v 0.19246405 -0.41242379 -0.67404485
v 0.19246405 -0.19242546 -0.70489264
v 0.18997209 -0.18994629 -0.70469725
v 0.19246405 -0.16989744 -0.70595348
v 0.18997209 -0.20999512 -0.70372015
v 0.18997209 -0.22993618 -0.70265931
v 0.18886986 -0.25020063 -0.70126349
v 0.18144189 -0.25709915 -0.69978392
v 0.18532361 -0.26992610 -0.69925350
v 0.16998842 -0.28997493 -0.69492644
v 0.16998842 -0.30991599 -0.69252563
v 0.16998842 -0.32996485 -0.68959433
v 0.14995684 -0.32996485 -0.68585354
v 0.13011694 -0.32888696 -0.68166602
v 0.12350364 -0.33492315 -0.67915356
v 0.13011694 -0.35022926 -0.67789733
v 0.10998951 -0.36995474 -0.66874069
v 0.08938284 -0.37006253 -0.66293401
v 0.07745016 -0.36348736 -0.66081238
v 0.06316926 -0.34990591 -0.65894192
v 0.04999059 -0.34990591 -0.65422404
v 0.04999059 -0.36995474 -0.64992487
v 0.03010277 -0.36823010 -0.64252698
v 0.01975151 -0.36036149 -0.64009827
v 0.00743544 -0.34990591 -0.63652492
v -0.01043963 -0.36866125 -0.62359953
v -0.01734047 -0.37448192 -0.61860245
v -0.03147759 -0.39097369 -0.60601211
v -0.03914519 -0.39830339 -0.59947962
v -0.06315434 -0.40563309 -0.58200383
v -0.09957541 -0.39916569 -0.55975431
v -0.06986348 -0.41134590 -0.57555509
v -0.08673219 -0.40994465 -0.56472349
v -0.12171558 -0.40347725 -0.54141313
v -0.13072500 -0.41145372 -0.53066522
v -0.11836101 -0.41684318 -0.53873312
v -0.13820091 -0.42083138 -0.52053154
v -0.13939896 -0.42083138 -0.51952654
v -0.21597905 -0.42083138 -0.44177884
v -0.22613862 -0.41296273 -0.43332011
v -0.22561148 -0.41414845 -0.43332011
v -0.21875855 -0.42083138 -0.43851259
v 0.18997209 -0.42083138 -0.67094606
v 0.18997209 -0.40994465 -0.67454731
v 0.19246405 -0.40983683 -0.67488229
v 0.19246405 -0.20999512 -0.70402724
v 0.19246405 -0.22993618 -0.70296639
v 0.19246405 -0.25020063 -0.70168221
v 0.19246405 -0.26119515 -0.70090055
v 0.19246405 -0.26723135 -0.70045388
v 0.19246405 -0.26992610 -0.70023060
v 0.19246405 -0.27574673 -0.69970018
v 0.19140977 -0.28868148 -0.69827640
v 0.18997209 -0.30991599 -0.69554061
v 0.18997209 -0.32996485 -0.69263726
v 0.18997209 -0.34990591 -0.68914771
v 0.16998842 -0.34990591 -0.68607688
v 0.14952554 -0.35022926 -0.68219644
v 0.13682608 -0.34376189 -0.68071687
v 0.14257677 -0.35712779 -0.67943275
v 0.12997317 -0.36995474 -0.67370981
v 0.09566069 -0.38493747 -0.66128695
v 0.10903105 -0.39086592 -0.66335279
v 0.08233824 -0.37685329 -0.65927696
v 0.07045347 -0.37006253 -0.65701568
v 0.06997425 -0.38989580 -0.65190697
v 0.04879253 -0.39075810 -0.64422989
v 0.03685983 -0.38472188 -0.64127076
v 0.02348947 -0.37372738 -0.63850701
v 0.01184431 -0.36823010 -0.63454282
v -0.00325127 -0.38989580 -0.62164539
v -0.01321914 -0.38989580 -0.61642498
v -0.02567898 -0.40994465 -0.60322046
v -0.03569477 -0.40994465 -0.59744173
v -0.05165295 -0.41134590 -0.58716840
v -0.05941639 -0.41889119 -0.57963091
v -0.09674798 -0.40994465 -0.55768847
v -0.11098095 -0.41005242 -0.54696852
v -0.08371307 -0.42083138 -0.56260180
v -0.11419176 -0.42083138 -0.54018480
v -0.11721087 -0.42083138 -0.53781188
v 0.18081890 -0.42083138 -0.66949439
v 0.16998842 -0.40994465 -0.67139274
v 0.18997209 -0.39539307 -0.67879063
v 0.19246405 -0.39603978 -0.67895812
v 0.19246405 -0.28760356 -0.69852769
v 0.19246405 -0.28911263 -0.69836015
v 0.19246405 -0.30980819 -0.69587559
v 0.19246405 -0.32996485 -0.69291645
v 0.19246405 -0.33244401 -0.69249767
v 0.19246405 -0.34990591 -0.68945479
v 0.19246405 -0.35238504 -0.68895227
v 0.18997209 -0.36995474 -0.68504393
v 0.17032388 -0.37017033 -0.68194520
v 0.15589921 -0.36370295 -0.68082857
v 0.14952554 -0.37017033 -0.67803687
v 0.12997317 -0.38989580 -0.66879648
v 0.10174684 -0.39819556 -0.65952820
v 0.08938284 -0.39086592 -0.65779734
v 0.11506929 -0.40412402 -0.66125900
v 0.08995792 -0.40994465 -0.65240943
v 0.06824904 -0.41166925 -0.64492780
v 0.05468699 -0.40617204 -0.64196867
v 0.04136454 -0.39808780 -0.63945615
v 0.03010277 -0.39075810 -0.63674825
v 0.00997533 -0.38989580 -0.62798244
v -0.00032800 -0.40035141 -0.62013787
v -0.00818728 -0.40821999 -0.61329830
v -0.02227648 -0.42083138 -0.60129422
v -0.02361831 -0.42083138 -0.60051250
v -0.04872968 -0.42083138 -0.58535385
v -0.05711611 -0.42083138 -0.58027303
v -0.05879340 -0.42083138 -0.57924008
v -0.08620504 -0.42083138 -0.56084305
v -0.09301003 -0.42083138 -0.55584598
v 0.16926958 -0.42083138 -0.66765189
v 0.14995684 -0.42083138 -0.66405070
v 0.14995684 -0.40994465 -0.66756815
v 0.14995684 -0.38989580 -0.67326313
v 0.17032388 -0.38903350 -0.67736691
v 0.17722471 -0.38181156 -0.68046564
v 0.18997209 -0.38536865 -0.68138689
v 0.19246405 -0.38795561 -0.68105185
v 0.19246405 -0.36995474 -0.68532312
v 0.19246405 -0.38612318 -0.68149853
v 0.16385435 -0.37696105 -0.67932105
v 0.12992525 -0.41048360 -0.66296196
v 0.10903105 -0.41048360 -0.65771359
v 0.12321611 -0.41748989 -0.65919322
v 0.10951027 -0.42083138 -0.65433574
v 0.10078838 -0.42083138 -0.65182322
v 0.08933492 -0.42083138 -0.64850116
v 0.07184323 -0.42083138 -0.64305741
v 0.06043768 -0.41953790 -0.63984698
v 0.04879253 -0.41166925 -0.63794869
v 0.02995900 -0.40994465 -0.63082993
v 0.01059832 -0.40821999 -0.62270623
v 0.00436841 -0.41371727 -0.61784875
v -0.00933742 -0.42083138 -0.60804999
v 0.13572386 -0.42083138 -0.66106361
v 0.13251306 -0.42083138 -0.66030985
v 0.12508507 -0.42083138 -0.65846735
v 0.06321719 -0.42083138 -0.64029366
v 0.06125236 -0.42083138 -0.63965160
v 0.04936759 -0.42083138 -0.63493371
v 0.03000692 -0.42083138 -0.62694955
v 0.01678032 -0.42083138 -0.62128246
v 0.01486342 -0.42083138 -0.62036121
v 0.00714791 -0.42083138 -0.61653668
f 1 2 8
f 1 8 3
f 1 3 11
f 1 11 24
f 1 24 35
f 1 35 52
f 1 52 69
f 1 69 92
f 1 92 121
f 1 121 152
f 1 152 194
f 1 194 235
f 1 235 280
f 1 280 285
f 1 285 338
f 1 338 394
f 1 394 461
f 1 461 529
f 1 529 608
f 1 608 693
f 1 693 780
f 1 780 785
f 1 785 859
f 1 859 933
f 1 933 1009
f 1 1009 1073
f 1 1073 1154
f 1 1154 1152
f 1 1152 1151
f 1 1151 1150
f 1 1150 1220
f 1 1220 1284
f 1 1284 1358
f 1 1358 1418
f 1 1418 1417
f 1 1417 1416
f 1 1416 1481
f 1 1481 1486
f 1 1486 1485
f 1 1485 1544
f 1 1544 1607
f 1 1607 1670
f 1 1670 1730
f 1 1730 1729
f 1 1729 1791
f 1 1791 1790
f 1 1790 1848
f 1 1848 1847
f 1 1847 1901
f 1 1901 1956
f 1 1956 2011
f 1 2011 2010
f 1 2010 2067
f 1 2067 2110
f 1 2110 2111
f 1 2111 2069
f 1 2069 2013
f 1 2013 2016
f 1 2016 2015
f 1 2015 2012
f 1 2012 1957
f 1 1957 1902
f 1 1902 1850
f 1 1850 1849
f 1 1849 1792
f 1 1792 1731
f 1 1731 1671
f 1 1671 1608
f 1 1608 1545
f 1 1545 1487
f 1 1487 1422
f 1 1422 1361
f 1 1361 1359
f 1 1359 1285
f 1 1285 1221
f 1 1221 1155
f 1 1155 1074
f 1 1074 1010
f 1 1010 936
f 1 936 935
f 1 935 862
f 1 862 789
f 1 789 701
f 1 701 700
f 1 700 611
f 1 611 534
f 1 534 466
f 1 466 397
f 1 397 342
f 1 342 289
f 1 289 288
f 1 288 236
f 1 236 195
f 1 195 153
f 1 153 122
f 1 122 93
f 1 93 70
f 1 70 47
f 1 47 31
f 1 31 20
f 1 20 12
f 1 12 4
f 1 4 2
f 2 5 6
f 2 6 7
f 2 7 8
f 2 4 9
f 2 9 13
f 2 13 5
f 3 8 10
f 3 10 11
f 4 12 9
f 5 13 14
f 5 14 15
f 5 15 16
f 5 16 6
f 6 16 7
f 7 16 17
f 7 17 29
f 7 29 18
f 7 18 10
f 7 10 8
f 9 19 13
f 9 12 20
f 9 20 21
f 9 21 22
f 9 22 19
f 10 18 23
f 10 23 24
f 10 24 11
f 13 19 25
f 13 25 14
f 14 25 36
f 14 36 26
f 14 26 15
f 15 26 16
f 16 27 28
f 16 28 17
f 16 26 27
f 17 28 29
f 18 29 30
f 18 30 23
f 19 22 25
f 20 31 21
f 21 31 32
f 21 32 22
f 22 32 33
f 22 33 25
f 23 30 34
f 23 34 35
f 23 35 24
f 25 33 36
f 26 36 37
f 26 37 38
f 26 38 27
f 27 39 28
f 27 38 39
f 28 39 40
f 28 40 41
f 28 41 42
f 28 42 29
f 29 42 43
f 29 43 30
f 30 43 44
f 30 44 45
f 30 45 46
f 30 46 34
f 31 47 48
f 31 48 32
f 32 48 49
f 32 49 33
f 33 49 50
f 33 50 51
f 33 51 36
f 34 46 35
f 35 46 52
f 36 51 55
f 36 55 37
f 37 53 54
f 37 54 38
f 37 55 53
f 38 54 56
f 38 56 39
f 39 56 57
f 39 57 40
f 40 57 41
f 41 57 58
f 41 58 59
f 41 59 60
f 41 60 42
f 42 60 61
f 42 61 62
f 42 62 44
f 42 44 43
f 44 63 64
f 44 64 86
f 44 86 65
f 44 65 66
f 44 66 45
f 44 62 63
f 45 66 46
f 46 66 67
f 46 67 68
f 46 68 69
f 46 69 52
f 47 70 48
f 48 70 71
f 48 71 72
f 48 72 73
f 48 73 74
f 48 74 50
f 48 50 49
f 50 74 55
f 50 55 51
f 53 75 54
f 53 55 75
f 54 75 76
f 54 76 77
f 54 77 56
f 55 74 78
f 55 78 79
f 55 79 75
f 56 77 80
f 56 80 57
f 57 80 81
f 57 81 82
f 57 82 58
f 58 82 59
f 59 83 84
f 59 84 61
f 59 61 60
f 59 82 83
f 61 63 62
f 61 84 85
f 61 85 63
f 63 85 64
f 64 85 115
f 64 115 86
f 65 86 87
f 65 87 67
f 65 67 66
f 67 87 88
f 67 88 89
f 67 89 90
f 67 90 91
f 67 91 68
f 68 91 69
f 69 91 92
f 70 93 71
f 71 93 94
f 71 94 72
f 72 94 73
f 73 94 95
f 73 95 96
f 73 96 74
f 74 97 78
f 74 96 97
f 75 98 99
f 75 99 76
f 75 79 100
f 75 100 98
f 76 99 77
f 77 101 106
f 77 106 80
f 77 99 101
f 78 97 96
f 78 96 102
f 78 102 103
f 78 103 104
f 78 104 105
f 78 105 100
f 78 100 79
f 80 106 107
f 80 107 81
f 81 107 108
f 81 108 82
f 82 108 109
f 82 109 83
f 83 109 110
f 83 110 111
f 83 111 84
f 84 111 112
f 84 112 113
f 84 113 85
f 85 113 114
f 85 114 115
f 86 88 87
f 86 115 116
f 86 116 89
f 86 89 88
f 89 117 90
f 89 116 118
f 89 118 119
f 89 119 147
f 89 147 117
f 90 117 91
f 91 117 147
f 91 147 120
f 91 120 121
f 91 121 92
f 93 122 123
f 93 123 94
f 94 123 124
f 94 124 125
f 94 125 126
f 94 126 95
f 95 126 96
f 96 126 127
f 96 127 128
f 96 128 129
f 96 129 102
f 98 130 131
f 98 131 99
f 98 100 130
f 99 131 132
f 99 132 101
f 100 105 130
f 101 133 106
f 101 132 133
f 102 129 103
f 103 134 104
f 103 129 135
f 103 135 136
f 103 136 134
f 104 137 130
f 104 130 105
f 104 134 137
f 106 133 107
f 107 138 108
f 107 133 138
f 108 138 139
f 108 139 109
f 109 140 141
f 109 141 110
f 109 139 142
f 109 142 140
f 110 141 143
f 110 143 112
f 110 112 111
f 112 143 114
f 112 114 113
f 114 143 144
f 114 144 145
f 114 145 115
f 115 145 146
f 115 146 116
f 116 146 148
f 116 148 118
f 118 148 149
f 118 149 150
f 118 150 151
f 118 151 119
f 119 151 147
f 120 152 121
f 120 147 152
f 122 153 123
f 123 153 154
f 123 154 124
f 124 155 125
f 124 154 156
f 124 156 155
f 125 155 157
f 125 157 127
f 125 127 126
f 127 157 128
f 128 158 129
f 128 157 158
f 129 158 159
f 129 159 160
f 129 160 136
f 129 136 135
f 130 161 162
f 130 162 131
f 130 137 161
f 131 162 163
f 131 163 164
f 131 164 132
f 132 164 133
f 133 164 165
f 133 165 166
f 133 166 138
f 134 136 167
f 134 167 168
f 134 168 169
f 134 169 170
f 134 170 137
f 136 160 171
f 136 171 167
f 137 170 169
f 137 169 172
f 137 172 173
f 137 173 174
f 137 174 161
f 138 166 175
f 138 175 142
f 138 142 139
f 140 176 141
f 140 142 176
f 141 177 178
f 141 178 143
f 141 176 179
f 141 179 180
f 141 180 177
f 142 175 181
f 142 181 176
f 143 178 144
f 144 178 182
f 144 182 183
f 144 183 145
f 145 183 184
f 145 184 185
f 145 185 186
f 145 186 148
f 145 148 146
f 147 151 187
f 147 187 152
f 148 186 188
f 148 188 149
f 149 188 189
f 149 189 190
f 149 190 150
f 150 191 151
f 150 190 192
f 150 192 193
f 150 193 191
f 151 191 228
f 151 228 187
f 152 187 194
f 153 195 154
f 154 195 196
f 154 196 156
f 155 197 157
f 155 156 198
f 155 198 197
f 156 196 199
f 156 199 198
f 157 200 158
f 157 197 200
f 158 200 159
f 159 200 160
f 160 200 201
f 160 201 171
f 161 174 202
f 161 202 162
f 162 202 203
f 162 203 163
f 163 203 164
f 164 203 204
f 164 204 165
f 165 204 205
f 165 205 206
f 165 206 166
f 166 206 207
f 166 207 175
f 167 171 208
f 167 208 168
f 168 208 209
f 168 209 210
f 168 210 211
f 168 211 169
f 169 211 172
f 171 201 212
f 171 212 208
f 172 213 264
f 172 264 214
f 172 214 173
f 172 211 213
f 173 214 215
f 173 215 174
f 174 215 202
f 175 207 216
f 175 216 217
f 175 217 181
f 176 218 219
f 176 219 179
f 176 181 217
f 176 217 218
f 177 180 220
f 177 220 221
f 177 221 178
f 178 221 182
f 179 219 180
f 180 219 222
f 180 222 223
f 180 223 272
f 180 272 224
f 180 224 220
f 182 221 225
f 182 225 275
f 182 275 226
f 182 226 183
f 183 226 184
f 184 226 185
f 185 226 227
f 185 227 186
f 186 227 188
f 187 228 194
f 188 227 189
f 189 227 229
f 189 229 190
f 190 229 230
f 190 230 231
f 190 231 232
f 190 232 192
f 191 193 228
f 192 232 193
f 193 233 228
f 193 232 234
f 193 234 233
f 194 228 235
f 195 236 196
f 196 236 237
f 196 237 238
f 196 238 199
f 197 239 200
f 197 198 240
f 197 240 239
f 198 199 241
f 198 241 240
f 199 238 242
f 199 242 241
f 200 239 201
f 201 243 212
f 201 239 244
f 201 244 245
f 201 245 243
f 202 215 246
f 202 246 247
f 202 247 203
f 203 247 248
f 203 248 249
f 203 249 204
f 204 249 250
f 204 250 205
f 205 250 251
f 205 251 206
f 206 251 207
f 207 252 216
f 207 251 252
f 208 212 243
f 208 243 253
f 208 253 209
f 209 253 254
f 209 254 255
f 209 255 256
f 209 256 257
f 209 257 258
f 209 258 259
f 209 259 260
f 209 260 210
f 210 260 211
f 211 260 261
f 211 261 262
f 211 262 213
f 213 262 263
f 213 263 264
f 214 264 265
f 214 265 266
f 214 266 215
f 215 266 246
f 216 252 267
f 216 267 268
f 216 268 217
f 217 268 218
f 218 269 270
f 218 270 219
f 218 268 269
f 219 270 271
f 219 271 222
f 220 224 221
f 221 224 272
f 221 272 225
f 222 271 273
f 222 273 274
f 222 274 223
f 223 274 272
f 225 272 275
f 226 275 276
f 226 276 277
f 226 277 227
f 227 277 278
f 227 278 279
f 227 279 229
f 228 280 235
f 228 233 280
f 229 279 282
f 229 282 230
f 230 281 231
f 230 282 335
f 230 335 283
f 230 283 281
f 231 281 232
f 232 281 284
f 232 284 234
f 233 285 280
f 233 234 286
f 233 286 285
f 234 284 287
f 234 287 286
f 236 288 237
f 237 289 238
f 237 288 289
f 238 289 290
f 238 290 291
f 238 291 242
f 239 240 292
f 239 292 244
f 240 241 293
f 240 293 292
f 241 242 293
f 242 294 293
f 242 291 295
f 242 295 296
f 242 296 294
f 243 245 297
f 243 297 254
f 243 254 253
f 244 292 298
f 244 298 245
f 245 298 299
f 245 299 297
f 246 266 300
f 246 300 248
f 246 248 247
f 248 300 301
f 248 301 302
f 248 302 303
f 248 303 304
f 248 304 250
f 248 250 249
f 250 304 251
f 251 304 252
f 252 305 306
f 252 306 307
f 252 307 322
f 252 322 267
f 252 304 305
f 254 256 255
f 254 297 308
f 254 308 256
f 256 308 257
f 257 309 310
f 257 310 258
f 257 308 309
f 258 310 311
f 258 311 312
f 258 312 313
f 258 313 314
f 258 314 259
f 259 314 313
f 259 313 315
f 259 315 261
f 259 261 260
f 261 315 262
f 262 316 317
f 262 317 263
f 262 315 316
f 263 317 318
f 263 318 319
f 263 319 265
f 263 265 264
f 265 319 320
f 265 320 321
f 265 321 301
f 265 301 300
f 265 300 266
f 267 322 268
f 268 322 269
f 269 322 323
f 269 323 324
f 269 324 270
f 270 324 325
f 270 325 271
f 271 325 326
f 271 326 273
f 272 274 327
f 272 327 328
f 272 328 276
f 272 276 275
f 273 326 329
f 273 329 274
f 274 329 327
f 276 328 381
f 276 381 330
f 276 330 278
f 276 278 277
f 278 330 331
f 278 331 332
f 278 332 282
f 278 282 279
f 281 283 333
f 281 333 337
f 281 337 284
f 282 332 334
f 282 334 335
f 283 335 391
f 283 391 336
f 283 336 333
f 284 337 287
f 285 286 338
f 286 287 339
f 286 339 338
f 287 337 340
f 287 340 341
f 287 341 339
f 289 342 290
f 290 342 291
f 291 342 343
f 291 343 295
f 292 344 299
f 292 299 298
f 292 293 345
f 292 345 344
f 293 294 346
f 293 346 345
f 294 296 346
f 295 343 296
f 296 343 347
f 296 347 348
f 296 348 346
f 297 299 349
f 297 349 308
f 299 344 350
f 299 350 349
f 301 321 351
f 301 351 302
f 302 351 352
f 302 352 303
f 303 352 353
f 303 353 305
f 303 305 304
f 305 353 354
f 305 354 306
f 306 354 355
f 306 355 307
f 307 355 373
f 307 373 322
f 308 349 356
f 308 356 357
f 308 357 358
f 308 358 309
f 309 358 310
f 310 358 359
f 310 359 360
f 310 360 361
f 310 361 362
f 310 362 363
f 310 363 311
f 311 363 364
f 311 364 313
f 311 313 312
f 313 364 365
f 313 365 366
f 313 366 367
f 313 367 315
f 315 367 368
f 315 368 316
f 316 368 369
f 316 369 317
f 317 369 370
f 317 370 318
f 318 370 371
f 318 371 372
f 318 372 319
f 319 372 320
f 320 372 321
f 321 372 351
f 322 373 374
f 322 374 323
f 323 374 375
f 323 375 324
f 324 375 376
f 324 376 377
f 324 377 325
f 325 377 378
f 325 378 379
f 325 379 326
f 326 379 380
f 326 380 329
f 327 381 328
f 327 329 382
f 327 382 383
f 327 383 384
f 327 384 381
f 329 380 385
f 329 385 382
f 330 381 384
f 330 384 331
f 331 384 386
f 331 386 387
f 331 387 388
f 331 388 334
f 331 334 332
f 333 336 389
f 333 389 337
f 334 388 451
f 334 451 390
f 334 390 391
f 334 391 335
f 336 391 457
f 336 457 392
f 336 392 389
f 337 389 340
f 338 339 393
f 338 393 394
f 339 341 393
f 340 395 341
f 340 389 396
f 340 396 395
f 341 395 460
f 341 460 393
f 342 397 398
f 342 398 343
f 343 398 399
f 343 399 347
f 344 400 401
f 344 401 402
f 344 402 403
f 344 403 350
f 344 345 400
f 345 346 404
f 345 404 405
f 345 405 400
f 346 348 406
f 346 406 404
f 347 399 407
f 347 407 408
f 347 408 348
f 348 408 406
f 349 350 356
f 350 409 356
f 350 403 409
f 351 372 410
f 351 410 411
f 351 411 352
f 352 411 353
f 353 411 412
f 353 412 354
f 354 412 413
f 354 413 355
f 355 413 414
f 355 414 435
f 355 435 373
f 356 409 357
f 357 415 416
f 357 416 358
f 357 409 417
f 357 417 415
f 358 416 418
f 358 418 359
f 359 418 360
f 360 419 420
f 360 420 421
f 360 421 361
f 360 418 416
f 360 416 422
f 360 422 419
f 361 423 424
f 361 424 425
f 361 425 362
f 361 421 423
f 362 425 426
f 362 426 363
f 363 426 364
f 364 426 427
f 364 427 428
f 364 428 365
f 365 428 429
f 365 429 366
f 366 429 367
f 367 429 368
f 368 429 369
f 369 430 370
f 369 429 430
f 370 430 431
f 370 431 371
f 371 432 503
f 371 503 433
f 371 433 372
f 371 431 432
f 372 433 434
f 372 434 410
f 373 435 374
f 374 435 375
f 375 435 376
f 376 435 436
f 376 436 377
f 377 436 437
f 377 437 378
f 378 437 438
f 378 438 439
f 378 439 440
f 378 440 441
f 378 441 379
f 379 441 380
f 380 441 442
f 380 442 443
f 380 443 385
f 382 385 444
f 382 444 383
f 383 444 445
f 383 445 446
f 383 446 384
f 384 446 386
f 385 445 444
f 385 443 447
f 385 447 448
f 385 448 449
f 385 449 445
f 386 446 387
f 387 450 451
f 387 451 388
f 387 446 452
f 387 452 453
f 387 453 522
f 387 522 454
f 387 454 450
f 389 392 455
f 389 455 396
f 390 451 450
f 390 450 456
f 390 456 391
f 391 456 457
f 392 457 458
f 392 458 459
f 392 459 455
f 393 460 394
f 394 460 461
f 395 396 462
f 395 462 463
f 395 463 530
f 395 530 460
f 396 455 524
f 396 524 462
f 397 464 465
f 397 465 398
f 397 466 464
f 398 465 467
f 398 467 468
f 398 468 469
f 398 469 470
f 398 470 399
f 399 470 469
f 399 469 407
f 400 405 401
f 401 405 406
f 401 406 402
f 402 471 403
f 402 406 472
f 402 472 471
f 403 471 473
f 403 473 474
f 403 474 417
f 403 417 409
f 404 406 405
f 406 475 472
f 406 408 407
f 406 407 475
f 407 469 476
f 407 476 475
f 410 434 477
f 410 477 411
f 411 478 412
f 411 477 478
f 412 478 479
f 412 479 480
f 412 480 413
f 413 480 414
f 414 480 435
f 415 417 474
f 415 474 481
f 415 481 482
f 415 482 416
f 416 483 422
f 416 482 483
f 419 422 484
f 419 484 483
f 419 483 482
f 419 482 485
f 419 485 486
f 419 486 487
f 419 487 488
f 419 488 489
f 419 489 490
f 419 490 491
f 419 491 420
f 420 491 492
f 420 492 493
f 420 493 421
f 421 493 423
f 422 483 484
f 423 493 494
f 423 494 495
f 423 495 496
f 423 496 424
f 424 496 425
f 425 496 497
f 425 497 498
f 425 498 426
f 426 498 427
f 427 498 499
f 427 499 500
f 427 500 428
f 428 500 430
f 428 430 429
f 430 500 431
f 431 500 501
f 431 501 432
f 432 501 502
f 432 502 503
f 433 503 434
f 434 504 477
f 434 503 504
f 435 480 505
f 435 505 506
f 435 506 507
f 435 507 436
f 436 507 508
f 436 508 437
f 437 508 509
f 437 509 438
f 438 509 439
f 439 509 510
f 439 510 511
f 439 511 440
f 440 511 512
f 440 512 442
f 440 442 441
f 442 512 513
f 442 513 443
f 443 513 516
f 443 516 447
f 445 449 514
f 445 514 446
f 446 514 515
f 446 515 452
f 447 516 517
f 447 517 448
f 448 517 592
f 448 592 518
f 448 518 449
f 449 518 519
f 449 519 514
f 450 454 520
f 450 520 525
f 450 525 456
f 452 515 521
f 452 521 453
f 453 521 522
f 454 522 599
f 454 599 523
f 454 523 520
f 455 459 524
f 456 525 457
f 457 525 458
f 458 525 526
f 458 526 527
f 458 527 459
f 459 527 528
f 459 528 524
f 460 529 461
f 460 530 529
f 462 531 463
f 462 524 601
f 462 601 532
f 462 532 531
f 463 531 607
f 463 607 530
f 464 466 533
f 464 533 535
f 464 535 612
f 464 612 702
f 464 702 790
f 464 790 863
f 464 863 937
f 464 937 1011
f 464 1011 1075
f 464 1075 1156
f 464 1156 1224
f 464 1224 1223
f 464 1223 1222
f 464 1222 1286
f 464 1286 1360
f 464 1360 1423
f 464 1423 1488
f 464 1488 1546
f 464 1546 1609
f 464 1609 1672
f 464 1672 1733
f 464 1733 1732
f 464 1732 1793
f 464 1793 1851
f 464 1851 1903
f 464 1903 1958
f 464 1958 2014
f 464 2014 2071
f 464 2071 2115
f 464 2115 2155
f 464 2155 2193
f 464 2193 2195
f 464 2195 2194
f 464 2194 2162
f 464 2162 2161
f 464 2161 2160
f 464 2160 2159
f 464 2159 2158
f 464 2158 2157
f 464 2157 2156
f 464 2156 2122
f 464 2122 2121
f 464 2121 2120
f 464 2120 2119
f 464 2119 2118
f 464 2118 2117
f 464 2117 2116
f 464 2116 2072
f 464 2072 2074
f 464 2074 2026
f 464 2026 2025
f 464 2025 2023
f 464 2023 2022
f 464 2022 2021
f 464 2021 2020
f 464 2020 2019
f 464 2019 2018
f 464 2018 2017
f 464 2017 1960
f 464 1960 1959
f 464 1959 1904
f 464 1904 1854
f 464 1854 1853
f 464 1853 1852
f 464 1852 1795
f 464 1795 1738
f 464 1738 1737
f 464 1737 1736
f 464 1736 1676
f 464 1676 1616
f 464 1616 1615
f 464 1615 1614
f 464 1614 1613
f 464 1613 1551
f 464 1551 1550
f 464 1550 1492
f 464 1492 1429
f 464 1429 1428
f 464 1428 1365
f 464 1365 1364
f 464 1364 1291
f 464 1291 1290
f 464 1290 1289
f 464 1289 1228
f 464 1228 1160
f 464 1160 1159
f 464 1159 1081
f 464 1081 1080
f 464 1080 1079
f 464 1079 1078
f 464 1078 1014
f 464 1014 943
f 464 943 942
f 464 942 870
f 464 870 869
f 464 869 872
f 464 872 865
f 464 865 864
f 464 864 793
f 464 793 792
f 464 792 709
f 464 709 703
f 464 703 613
f 464 613 536
f 464 536 467
f 464 467 465
f 466 534 535
f 466 535 533
f 467 536 468
f 468 536 537
f 468 537 469
f 469 538 539
f 469 539 540
f 469 540 541
f 469 541 476
f 469 537 538
f 471 542 473
f 471 472 475
f 471 475 542
f 473 543 544
f 473 544 481
f 473 481 474
f 473 542 545
f 473 545 543
f 475 476 541
f 475 541 542
f 477 504 546
f 477 546 478
f 478 546 479
f 479 546 547
f 479 547 548
f 479 548 480
f 480 548 549
f 480 549 550
f 480 550 505
f 481 544 551
f 481 551 482
f 482 551 552
f 482 552 553
f 482 553 554
f 482 554 486
f 482 486 485
f 486 554 487
f 487 555 556
f 487 556 557
f 487 557 558
f 487 558 559
f 487 559 488
f 487 554 553
f 487 553 560
f 487 560 561
f 487 561 555
f 488 559 562
f 488 562 489
f 489 562 563
f 489 563 490
f 490 563 564
f 490 564 491
f 491 564 492
f 492 564 565
f 492 565 566
f 492 566 493
f 493 566 494
f 494 566 567
f 494 567 568
f 494 568 495
f 495 568 569
f 495 569 496
f 496 569 570
f 496 570 571
f 496 571 497
f 497 571 498
f 498 571 572
f 498 572 499
f 499 501 500
f 499 572 573
f 499 573 574
f 499 574 575
f 499 575 502
f 499 502 501
f 502 575 576
f 502 576 577
f 502 577 503
f 503 577 578
f 503 578 504
f 504 578 579
f 504 579 580
f 504 580 546
f 505 550 581
f 505 581 506
f 506 581 507
f 507 582 583
f 507 583 508
f 507 581 582
f 508 583 584
f 508 584 509
f 509 584 585
f 509 585 586
f 509 586 510
f 510 586 587
f 510 587 588
f 510 588 511
f 511 588 589
f 511 589 513
f 511 513 512
f 513 589 590
f 513 590 516
f 514 519 515
f 515 519 521
f 516 590 517
f 517 590 591
f 517 591 592
f 518 592 676
f 518 676 593
f 518 593 519
f 519 593 594
f 519 594 521
f 520 523 595
f 520 595 596
f 520 596 526
f 520 526 525
f 521 594 597
f 521 597 598
f 521 598 522
f 522 598 599
f 523 599 678
f 523 678 595
f 524 528 600
f 524 600 601
f 526 596 602
f 526 602 603
f 526 603 527
f 527 603 604
f 527 604 605
f 527 605 606
f 527 606 600
f 527 600 528
f 529 530 607
f 529 607 608
f 531 532 609
f 531 609 692
f 531 692 607
f 532 601 687
f 532 687 610
f 532 610 609
f 534 611 535
f 535 611 612
f 536 613 538
f 536 538 537
f 538 613 614
f 538 614 539
f 539 614 615
f 539 615 616
f 539 616 540
f 540 616 541
f 541 616 617
f 541 617 545
f 541 545 542
f 543 545 618
f 543 618 619
f 543 619 544
f 544 619 551
f 545 617 620
f 545 620 621
f 545 621 618
f 546 580 622
f 546 622 623
f 546 623 624
f 546 624 547
f 547 624 548
f 548 624 549
f 549 624 625
f 549 625 626
f 549 626 550
f 550 626 581
f 551 619 552
f 552 619 627
f 552 627 628
f 552 628 629
f 552 629 630
f 552 630 561
f 552 561 560
f 552 560 553
f 555 561 631
f 555 631 632
f 555 632 633
f 555 633 634
f 555 634 635
f 555 635 556
f 556 635 634
f 556 634 636
f 556 636 557
f 557 636 637
f 557 637 558
f 558 637 562
f 558 562 559
f 561 630 631
f 562 637 638
f 562 638 639
f 562 639 640
f 562 640 563
f 563 640 641
f 563 641 642
f 563 642 564
f 564 642 565
f 565 642 643
f 565 643 644
f 565 644 567
f 565 567 566
f 567 644 645
f 567 645 646
f 567 646 647
f 567 647 648
f 567 648 568
f 568 648 649
f 568 649 650
f 568 650 651
f 568 651 569
f 569 651 652
f 569 652 570
f 570 652 653
f 570 653 571
f 571 653 654
f 571 654 572
f 572 654 573
f 573 654 655
f 573 655 656
f 573 656 574
f 574 656 657
f 574 657 576
f 574 576 575
f 576 657 658
f 576 658 659
f 576 659 578
f 576 578 577
f 578 659 660
f 578 660 579
f 579 660 661
f 579 661 580
f 580 661 662
f 580 662 622
f 581 626 663
f 581 663 664
f 581 664 582
f 582 664 665
f 582 665 583
f 583 665 666
f 583 666 584
f 584 666 585
f 585 667 668
f 585 668 586
f 585 666 667
f 586 668 587
f 587 668 669
f 587 669 670
f 587 670 671
f 587 671 588
f 588 671 672
f 588 672 590
f 588 590 589
f 590 672 591
f 591 672 673
f 591 673 674
f 591 674 675
f 591 675 676
f 591 676 592
f 593 676 765
f 593 765 677
f 593 677 597
f 593 597 594
f 595 602 596
f 595 678 679
f 595 679 680
f 595 680 602
f 597 677 681
f 597 681 682
f 597 682 598
f 598 678 599
f 598 682 683
f 598 683 684
f 598 684 678
f 600 606 685
f 600 685 601
f 601 685 686
f 601 686 687
f 602 688 604
f 602 604 603
f 602 680 688
f 604 688 690
f 604 690 605
f 605 689 606
f 605 690 778
f 605 778 691
f 605 691 689
f 606 689 686
f 606 686 685
f 607 692 608
f 608 692 693
f 609 610 694
f 609 694 695
f 609 695 696
f 609 696 697
f 609 697 692
f 610 687 698
f 610 698 699
f 610 699 694
f 611 700 612
f 612 700 701
f 612 701 702
f 613 703 704
f 613 704 614
f 614 704 705
f 614 705 616
f 614 616 615
f 616 705 620
f 616 620 617
f 618 621 706
f 618 706 707
f 618 707 708
f 618 708 619
f 619 708 627
f 620 705 704
f 620 704 709
f 620 709 710
f 620 710 711
f 620 711 621
f 621 711 706
f 622 662 623
f 623 662 624
f 624 712 713
f 624 713 625
f 624 662 712
f 625 713 626
f 626 714 715
f 626 715 716
f 626 716 663
f 626 713 714
f 627 717 628
f 627 708 707
f 627 707 717
f 628 718 631
f 628 631 629
f 628 717 718
f 629 631 630
f 631 718 719
f 631 719 632
f 632 719 801
f 632 801 720
f 632 720 634
f 632 634 633
f 634 720 721
f 634 721 722
f 634 722 723
f 634 723 636
f 636 723 724
f 636 724 725
f 636 725 726
f 636 726 637
f 637 726 638
f 638 726 727
f 638 727 639
f 639 727 728
f 639 728 641
f 639 641 640
f 641 728 729
f 641 729 730
f 641 730 642
f 642 730 643
f 643 731 644
f 643 730 732
f 643 732 733
f 643 733 734
f 643 734 735
f 643 735 731
f 644 731 736
f 644 736 645
f 645 736 737
f 645 737 646
f 646 737 647
f 647 738 649
f 647 649 648
f 647 737 739
f 647 739 738
f 649 738 650
f 650 738 740
f 650 740 741
f 650 741 651
f 651 742 652
f 651 741 742
f 652 742 743
f 652 743 744
f 652 744 745
f 652 745 653
f 653 745 654
f 654 745 655
f 655 745 656
f 656 745 746
f 656 746 747
f 656 747 657
f 657 747 658
f 658 747 748
f 658 748 749
f 658 749 750
f 658 750 659
f 659 750 660
f 660 750 751
f 660 751 661
f 661 751 752
f 661 752 753
f 661 753 662
f 662 753 754
f 662 754 712
f 663 716 664
f 664 716 755
f 664 755 665
f 665 755 756
f 665 756 666
f 666 756 757
f 666 757 667
f 667 757 668
f 668 757 758
f 668 758 669
f 669 758 670
f 670 758 759
f 670 759 839
f 670 839 760
f 670 760 761
f 670 761 671
f 671 761 673
f 671 673 672
f 673 761 674
f 674 761 762
f 674 762 763
f 674 763 675
f 675 763 764
f 675 764 765
f 675 765 676
f 677 765 681
f 678 684 679
f 679 684 766
f 679 766 680
f 680 766 767
f 680 767 768
f 680 768 690
f 680 690 688
f 681 683 682
f 681 765 769
f 681 769 770
f 681 770 771
f 681 771 683
f 683 771 772
f 683 772 773
f 683 773 684
f 684 773 766
f 686 698 687
f 686 689 774
f 686 774 775
f 686 775 698
f 689 691 774
f 690 768 776
f 690 776 777
f 690 777 778
f 691 778 779
f 691 779 774
f 692 697 693
f 693 697 780
f 694 699 781
f 694 781 782
f 694 782 783
f 694 783 784
f 694 784 695
f 695 785 780
f 695 780 696
f 695 784 785
f 696 780 697
f 698 775 786
f 698 786 787
f 698 787 788
f 698 788 781
f 698 781 699
f 701 789 790
f 701 790 702
f 703 709 704
f 706 791 707
f 706 711 791
f 707 791 717
f 709 792 710
f 710 792 793
f 710 793 794
f 710 794 711
f 711 794 791
f 712 754 713
f 713 754 795
f 713 795 714
f 714 795 796
f 714 796 715
f 715 796 716
f 716 796 797
f 716 797 755
f 717 791 798
f 717 798 718
f 718 799 719
f 718 798 800
f 718 800 799
f 719 799 801
f 720 801 802
f 720 802 803
f 720 803 721
f 721 803 722
f 722 803 804
f 722 804 723
f 723 804 724
f 724 804 876
f 724 876 805
f 724 805 725
f 725 805 806
f 725 806 726
f 726 806 807
f 726 807 808
f 726 808 727
f 727 808 728
f 728 808 729
f 729 808 809
f 729 809 810
f 729 810 730
f 730 810 732
f 731 735 811
f 731 811 736
f 732 810 812
f 732 812 813
f 732 813 733
f 733 813 814
f 733 814 734
f 734 814 735
f 735 814 811
f 736 811 737
f 737 811 815
f 737 815 739
f 738 739 740
f 739 815 816
f 739 816 817
f 739 817 818
f 739 818 740
f 740 818 741
f 741 818 819
f 741 819 742
f 742 819 743
f 743 820 744
f 743 819 821
f 743 821 822
f 743 822 820
f 744 820 745
f 745 820 746
f 746 820 823
f 746 823 824
f 746 824 825
f 746 825 826
f 746 826 747
f 747 826 827
f 747 827 828
f 747 828 829
f 747 829 748
f 748 829 749
f 749 829 830
f 749 830 752
f 749 752 831
f 749 831 750
f 750 831 751
f 751 831 752
f 752 830 832
f 752 832 753
f 753 832 754
f 754 832 833
f 754 833 795
f 755 797 756
f 756 797 834
f 756 834 835
f 756 835 757
f 757 835 836
f 757 836 758
f 758 836 837
f 758 837 838
f 758 838 759
f 759 838 908
f 759 908 839
f 760 839 840
f 760 840 761
f 761 840 762
f 762 840 841
f 762 841 842
f 762 842 763
f 763 842 843
f 763 843 844
f 763 844 764
f 764 844 765
f 765 844 769
f 766 773 767
f 767 773 845
f 767 845 846
f 767 846 777
f 767 777 776
f 767 776 768
f 769 844 847
f 769 847 770
f 770 847 848
f 770 848 771
f 771 848 849
f 771 849 850
f 771 850 772
f 772 850 773
f 773 850 845
f 774 779 851
f 774 851 775
f 775 851 852
f 775 852 787
f 775 787 786
f 777 853 778
f 777 846 854
f 777 854 855
f 777 855 853
f 778 853 779
f 779 853 927
f 779 927 856
f 779 856 851
f 781 788 857
f 781 857 782
f 782 784 783
f 782 857 784
f 784 857 858
f 784 858 859
f 784 859 785
f 787 852 860
f 787 860 788
f 788 860 861
f 788 861 857
f 789 862 863
f 789 863 790
f 791 793 864
f 791 864 865
f 791 865 800
f 791 800 798
f 791 794 793
f 795 833 866
f 795 866 796
f 796 866 797
f 797 867 868
f 797 868 834
f 797 866 867
f 799 869 870
f 799 870 871
f 799 871 801
f 799 800 872
f 799 872 869
f 800 865 872
f 801 871 873
f 801 873 802
f 802 873 945
f 802 945 874
f 802 874 875
f 802 875 803
f 803 875 804
f 804 875 876
f 805 876 949
f 805 949 877
f 805 877 806
f 806 877 878
f 806 878 879
f 806 879 807
f 807 879 880
f 807 880 881
f 807 881 808
f 808 881 882
f 808 882 809
f 809 882 883
f 809 883 884
f 809 884 885
f 809 885 813
f 809 813 812
f 809 812 810
f 811 814 886
f 811 886 887
f 811 887 815
f 813 885 888
f 813 888 814
f 814 888 886
f 815 887 816
f 816 887 889
f 816 889 890
f 816 890 891
f 816 891 817
f 817 892 818
f 817 891 893
f 817 893 894
f 817 894 892
f 818 892 819
f 819 892 821
f 820 822 895
f 820 895 823
f 821 895 822
f 821 892 965
f 821 965 896
f 821 896 895
f 823 895 897
f 823 897 898
f 823 898 824
f 824 898 825
f 825 898 971
f 825 971 899
f 825 899 829
f 825 829 828
f 825 828 827
f 825 827 826
f 829 899 900
f 829 900 901
f 829 901 832
f 829 832 830
f 832 901 902
f 832 902 833
f 833 902 903
f 833 903 866
f 834 868 835
f 835 868 904
f 835 904 836
f 836 905 837
f 836 904 905
f 837 905 906
f 837 906 838
f 838 906 907
f 838 907 908
f 839 908 909
f 839 909 910
f 839 910 840
f 840 910 911
f 840 911 841
f 841 911 984
f 841 984 912
f 841 912 913
f 841 913 842
f 842 913 843
f 843 913 914
f 843 914 915
f 843 915 847
f 843 847 844
f 845 916 917
f 845 917 854
f 845 854 846
f 845 850 916
f 847 915 918
f 847 918 848
f 848 919 920
f 848 920 849
f 848 918 919
f 849 920 921
f 849 921 850
f 850 921 916
f 851 856 922
f 851 922 852
f 852 922 923
f 852 923 924
f 852 924 925
f 852 925 926
f 852 926 860
f 853 855 927
f 854 917 928
f 854 928 855
f 855 928 994
f 855 994 929
f 855 929 930
f 855 930 927
f 856 927 930
f 856 930 922
f 857 931 858
f 857 861 932
f 857 932 931
f 858 931 859
f 859 931 933
f 860 926 934
f 860 934 932
f 860 932 861
f 862 935 863
f 863 935 936
f 863 936 937
f 866 903 938
f 866 938 939
f 866 939 867
f 867 939 868
f 868 939 940
f 868 940 941
f 868 941 904
f 870 942 871
f 871 942 943
f 871 943 944
f 871 944 873
f 873 944 945
f 874 945 946
f 874 946 947
f 874 947 948
f 874 948 875
f 875 948 876
f 876 948 949
f 877 949 950
f 877 950 878
f 878 951 952
f 878 952 880
f 878 880 879
f 878 950 951
f 880 882 881
f 880 952 953
f 880 953 954
f 880 954 883
f 880 883 882
f 883 954 955
f 883 955 884
f 884 955 956
f 884 956 888
f 884 888 885
f 886 888 957
f 886 957 958
f 886 958 887
f 887 958 959
f 887 959 889
f 888 956 960
f 888 960 957
f 889 959 890
f 890 959 961
f 890 961 962
f 890 962 963
f 890 963 893
f 890 893 891
f 892 894 964
f 892 964 965
f 893 963 966
f 893 966 967
f 893 967 964
f 893 964 894
f 895 896 897
f 896 965 968
f 896 968 969
f 896 969 970
f 896 970 898
f 896 898 897
f 898 970 1036
f 898 1036 971
f 899 971 900
f 900 972 973
f 900 973 902
f 900 902 901
f 900 971 972
f 902 973 974
f 902 974 903
f 903 974 975
f 903 975 938
f 904 941 905
f 905 976 906
f 905 941 977
f 905 977 976
f 906 976 907
f 907 976 978
f 907 978 979
f 907 979 908
f 908 979 909
f 909 979 980
f 909 980 981
f 909 981 982
f 909 982 911
f 909 911 910
f 911 982 983
f 911 983 984
f 912 984 985
f 912 985 913
f 913 985 914
f 914 985 986
f 914 986 1053
f 914 1053 987
f 914 987 988
f 914 988 989
f 914 989 915
f 915 989 918
f 916 921 998
f 916 998 990
f 916 990 917
f 917 991 992
f 917 992 993
f 917 993 994
f 917 994 928
f 917 990 991
f 918 989 919
f 919 989 988
f 919 988 995
f 919 995 996
f 919 996 997
f 919 997 920
f 920 997 921
f 921 997 998
f 922 930 999
f 922 999 923
f 923 999 1000
f 923 1000 1001
f 923 1001 924
f 924 1001 925
f 925 934 926
f 925 1001 1002
f 925 1002 1003
f 925 1003 934
f 929 994 1004
f 929 1004 930
f 930 1004 1005
f 930 1005 1000
f 930 1000 999
f 931 932 1006
f 931 1006 933
f 932 1007 1006
f 932 934 1008
f 932 1008 1007
f 933 1006 1009
f 934 1003 1008
f 936 1010 1011
f 936 1011 937
f 938 975 939
f 939 1012 940
f 939 975 1012
f 940 1012 1013
f 940 1013 941
f 941 1013 1041
f 941 1041 977
f 943 1014 944
f 944 1014 1078
f 944 1078 1015
f 944 1015 945
f 945 1015 1016
f 945 1016 946
f 946 1016 1082
f 946 1082 1017
f 946 1017 1018
f 946 1018 947
f 947 1018 948
f 948 1018 1019
f 948 1019 950
f 948 950 949
f 950 1019 1020
f 950 1020 1021
f 950 1021 951
f 951 1021 952
f 952 1021 1022
f 952 1022 1023
f 952 1023 953
f 953 1023 954
f 954 1023 955
f 955 1023 1024
f 955 1024 1091
f 955 1091 1025
f 955 1025 956
f 956 1025 1026
f 956 1026 960
f 957 960 1027
f 957 1027 958
f 958 1027 1028
f 958 1028 959
f 959 1028 1029
f 959 1029 961
f 960 1026 1027
f 961 1029 1030
f 961 1030 962
f 962 1030 1031
f 962 1031 963
f 963 1031 966
f 964 967 1032
f 964 1032 969
f 964 969 968
f 964 968 965
f 966 1031 1099
f 966 1099 1033
f 966 1033 967
f 967 1033 1034
f 967 1034 1032
f 969 1032 1035
f 969 1035 1036
f 969 1036 970
f 971 1036 972
f 972 1036 1037
f 972 1037 973
f 973 1037 1038
f 973 1038 974
f 974 1038 975
f 975 1039 1040
f 975 1040 1012
f 975 1038 1039
f 976 977 1041
f 976 1041 1042
f 976 1042 1043
f 976 1043 978
f 978 1043 1044
f 978 1044 1045
f 978 1045 979
f 979 1045 1046
f 979 1046 980
f 980 1046 981
f 981 1046 1047
f 981 1047 1048
f 981 1048 1049
f 981 1049 983
f 981 983 982
f 983 1049 1050
f 983 1050 984
f 984 1050 1051
f 984 1051 985
f 985 1051 986
f 986 1052 1053
f 986 1051 1052
f 987 1053 1054
f 987 1054 988
f 988 1054 995
f 990 998 1055
f 990 1055 991
f 991 1056 1057
f 991 1057 992
f 991 1055 1056
f 992 1057 1058
f 992 1058 1059
f 992 1059 993
f 993 1059 994
f 994 1059 1060
f 994 1060 1004
f 995 1061 1062
f 995 1062 1063
f 995 1063 996
f 995 1054 1061
f 996 1063 1064
f 996 1064 997
f 997 1064 998
f 998 1064 1055
f 1000 1005 1065
f 1000 1065 1066
f 1000 1066 1067
f 1000 1067 1068
f 1000 1068 1001
f 1001 1068 1069
f 1001 1069 1002
f 1002 1069 1003
f 1003 1069 1070
f 1003 1070 1071
f 1003 1071 1008
f 1004 1060 1065
f 1004 1065 1005
f 1006 1007 1009
f 1007 1008 1072
f 1007 1072 1073
f 1007 1073 1009
f 1008 1071 1072
f 1010 1074 1075
f 1010 1075 1011
f 1012 1040 1013
f 1013 1076 1077
f 1013 1077 1041
f 1013 1040 1076
f 1015 1078 1079
f 1015 1079 1080
f 1015 1080 1016
f 1016 1080 1081
f 1016 1081 1082
f 1017 1082 1083
f 1017 1083 1084
f 1017 1084 1085
f 1017 1085 1018
f 1018 1085 1020
f 1018 1020 1019
f 1020 1085 1086
f 1020 1086 1087
f 1020 1087 1021
f 1021 1087 1088
f 1021 1088 1022
f 1022 1088 1165
f 1022 1165 1089
f 1022 1089 1024
f 1022 1024 1023
f 1024 1089 1090
f 1024 1090 1091
f 1025 1091 1026
f 1026 1091 1092
f 1026 1092 1093
f 1026 1093 1094
f 1026 1094 1028
f 1026 1028 1027
f 1028 1094 1029
f 1029 1094 1030
f 1030 1095 1096
f 1030 1096 1097
f 1030 1097 1031
f 1030 1094 1095
f 1031 1097 1098
f 1031 1098 1099
f 1032 1034 1100
f 1032 1100 1101
f 1032 1101 1035
f 1033 1099 1102
f 1033 1102 1034
f 1034 1102 1100
f 1035 1101 1103
f 1035 1103 1104
f 1035 1104 1105
f 1035 1105 1106
f 1035 1106 1036
f 1036 1106 1037
f 1037 1106 1038
f 1038 1105 1107
f 1038 1107 1039
f 1038 1106 1105
f 1039 1107 1040
f 1040 1108 1109
f 1040 1109 1076
f 1040 1107 1108
f 1041 1077 1042
f 1042 1110 1111
f 1042 1111 1043
f 1042 1077 1110
f 1043 1111 1044
f 1044 1111 1112
f 1044 1112 1113
f 1044 1113 1046
f 1044 1046 1045
f 1046 1113 1114
f 1046 1114 1047
f 1047 1114 1048
f 1048 1115 1049
f 1048 1114 1116
f 1048 1116 1117
f 1048 1117 1118
f 1048 1118 1119
f 1048 1119 1115
f 1049 1115 1050
f 1050 1115 1120
f 1050 1120 1051
f 1051 1120 1121
f 1051 1121 1122
f 1051 1122 1052
f 1052 1122 1121
f 1052 1121 1123
f 1052 1123 1124
f 1052 1124 1125
f 1052 1125 1053
f 1053 1125 1126
f 1053 1126 1054
f 1054 1126 1127
f 1054 1127 1061
f 1055 1064 1056
f 1056 1064 1128
f 1056 1128 1057
f 1057 1128 1129
f 1057 1129 1130
f 1057 1130 1131
f 1057 1131 1132
f 1057 1132 1058
f 1058 1132 1133
f 1058 1133 1134
f 1058 1134 1135
f 1058 1135 1059
f 1059 1135 1136
f 1059 1136 1060
f 1060 1136 1065
f 1061 1127 1137
f 1061 1137 1062
f 1062 1064 1063
f 1062 1137 1138
f 1062 1138 1064
f 1064 1138 1129
f 1064 1129 1128
f 1065 1136 1139
f 1065 1139 1140
f 1065 1140 1141
f 1065 1141 1142
f 1065 1142 1066
f 1066 1142 1141
f 1066 1141 1143
f 1066 1143 1144
f 1066 1144 1067
f 1067 1144 1068
f 1068 1144 1145
f 1068 1145 1069
f 1069 1146 1070
f 1069 1145 1147
f 1069 1147 1146
f 1070 1146 1071
f 1071 1146 1148
f 1071 1148 1149
f 1071 1149 1150
f 1071 1150 1151
f 1071 1151 1152
f 1071 1152 1153
f 1071 1153 1072
f 1072 1154 1073
f 1072 1153 1154
f 1074 1155 1156
f 1074 1156 1075
f 1076 1109 1157
f 1076 1157 1077
f 1077 1157 1158
f 1077 1158 1110
f 1081 1159 1083
f 1081 1083 1082
f 1083 1159 1160
f 1083 1160 1161
f 1083 1161 1162
f 1083 1162 1084
f 1084 1162 1086
f 1084 1086 1085
f 1086 1162 1163
f 1086 1163 1164
f 1086 1164 1165
f 1086 1165 1088
f 1086 1088 1087
f 1089 1165 1166
f 1089 1166 1090
f 1090 1092 1091
f 1090 1166 1235
f 1090 1235 1167
f 1090 1167 1092
f 1092 1167 1093
f 1093 1167 1168
f 1093 1168 1169
f 1093 1169 1094
f 1094 1169 1170
f 1094 1170 1095
f 1095 1170 1096
f 1096 1170 1171
f 1096 1171 1172
f 1096 1172 1098
f 1096 1098 1097
f 1098 1172 1173
f 1098 1173 1174
f 1098 1174 1175
f 1098 1175 1099
f 1099 1175 1102
f 1100 1102 1176
f 1100 1176 1101
f 1101 1176 1103
f 1102 1175 1177
f 1102 1177 1178
f 1102 1178 1176
f 1103 1176 1179
f 1103 1179 1104
f 1104 1179 1180
f 1104 1180 1107
f 1104 1107 1105
f 1107 1180 1108
f 1108 1180 1181
f 1108 1181 1182
f 1108 1182 1109
f 1109 1182 1225
f 1109 1225 1157
f 1110 1158 1111
f 1111 1158 1183
f 1111 1183 1112
f 1112 1184 1185
f 1112 1185 1186
f 1112 1186 1113
f 1112 1183 1184
f 1113 1186 1187
f 1113 1187 1114
f 1114 1187 1188
f 1114 1188 1116
f 1115 1119 1189
f 1115 1189 1120
f 1116 1188 1190
f 1116 1190 1117
f 1117 1190 1191
f 1117 1191 1118
f 1118 1191 1192
f 1118 1192 1193
f 1118 1193 1119
f 1119 1193 1194
f 1119 1194 1189
f 1120 1189 1121
f 1121 1189 1123
f 1123 1189 1195
f 1123 1195 1124
f 1124 1195 1196
f 1124 1196 1125
f 1125 1196 1197
f 1125 1197 1126
f 1126 1197 1198
f 1126 1198 1199
f 1126 1199 1127
f 1127 1199 1200
f 1127 1200 1137
f 1129 1138 1201
f 1129 1201 1202
f 1129 1202 1130
f 1130 1202 1131
f 1131 1202 1203
f 1131 1203 1204
f 1131 1204 1205
f 1131 1205 1132
f 1132 1205 1133
f 1133 1206 1134
f 1133 1205 1207
f 1133 1207 1206
f 1134 1206 1135
f 1135 1206 1136
f 1136 1206 1139
f 1137 1200 1264
f 1137 1264 1208
f 1137 1208 1138
f 1138 1208 1201
f 1139 1206 1209
f 1139 1209 1140
f 1140 1209 1210
f 1140 1210 1141
f 1141 1210 1275
f 1141 1275 1211
f 1141 1211 1212
f 1141 1212 1143
f 1143 1212 1213
f 1143 1213 1144
f 1144 1213 1145
f 1145 1213 1214
f 1145 1214 1215
f 1145 1215 1216
f 1145 1216 1217
f 1145 1217 1147
f 1146 1147 1148
f 1147 1217 1148
f 1148 1217 1216
f 1148 1216 1218
f 1148 1218 1219
f 1148 1219 1149
f 1149 1219 1220
f 1149 1220 1150
f 1152 1154 1153
f 1155 1221 1222
f 1155 1222 1223
f 1155 1223 1224
f 1155 1224 1156
f 1157 1225 1226
f 1157 1226 1158
f 1158 1226 1227
f 1158 1227 1183
f 1160 1228 1229
f 1160 1229 1161
f 1161 1229 1163
f 1161 1163 1162
f 1163 1229 1230
f 1163 1230 1231
f 1163 1231 1232
f 1163 1232 1233
f 1163 1233 1164
f 1164 1233 1166
f 1164 1166 1165
f 1166 1233 1234
f 1166 1234 1235
f 1167 1235 1236
f 1167 1236 1168
f 1168 1236 1297
f 1168 1297 1237
f 1168 1237 1170
f 1168 1170 1169
f 1170 1237 1238
f 1170 1238 1239
f 1170 1239 1171
f 1171 1239 1240
f 1171 1240 1173
f 1171 1173 1172
f 1173 1240 1302
f 1173 1302 1241
f 1173 1241 1242
f 1173 1242 1174
f 1174 1242 1177
f 1174 1177 1175
f 1176 1178 1243
f 1176 1243 1244
f 1176 1244 1179
f 1177 1242 1245
f 1177 1245 1243
f 1177 1243 1178
f 1179 1244 1246
f 1179 1246 1247
f 1179 1247 1180
f 1180 1247 1181
f 1181 1247 1248
f 1181 1248 1182
f 1182 1248 1249
f 1182 1249 1250
f 1182 1250 1225
f 1183 1227 1251
f 1183 1251 1184
f 1184 1251 1185
f 1185 1251 1252
f 1185 1252 1253
f 1185 1253 1187
f 1185 1187 1186
f 1187 1253 1254
f 1187 1254 1188
f 1188 1254 1255
f 1188 1255 1190
f 1189 1194 1256
f 1189 1256 1195
f 1190 1255 1191
f 1191 1255 1192
f 1192 1255 1257
f 1192 1257 1258
f 1192 1258 1259
f 1192 1259 1193
f 1193 1259 1194
f 1194 1259 1256
f 1195 1256 1260
f 1195 1260 1261
f 1195 1261 1262
f 1195 1262 1196
f 1196 1262 1197
f 1197 1262 1198
f 1198 1262 1263
f 1198 1263 1199
f 1199 1264 1200
f 1199 1263 1265
f 1199 1265 1264
f 1201 1208 1266
f 1201 1266 1202
f 1202 1266 1267
f 1202 1267 1268
f 1202 1268 1203
f 1203 1268 1269
f 1203 1269 1204
f 1204 1269 1340
f 1204 1340 1270
f 1204 1270 1205
f 1205 1270 1271
f 1205 1271 1207
f 1206 1207 1272
f 1206 1272 1209
f 1207 1271 1273
f 1207 1273 1272
f 1208 1264 1266
f 1209 1272 1274
f 1209 1274 1210
f 1210 1274 1275
f 1211 1275 1276
f 1211 1276 1212
f 1212 1276 1277
f 1212 1277 1214
f 1212 1214 1213
f 1214 1278 1215
f 1214 1277 1279
f 1214 1279 1280
f 1214 1280 1278
f 1215 1278 1216
f 1216 1281 1218
f 1216 1278 1282
f 1216 1282 1281
f 1218 1281 1283
f 1218 1283 1219
f 1219 1283 1220
f 1220 1283 1284
f 1221 1285 1222
f 1222 1285 1286
f 1225 1250 1226
f 1226 1250 1227
f 1227 1287 1288
f 1227 1288 1251
f 1227 1250 1287
f 1228 1289 1230
f 1228 1230 1229
f 1230 1289 1290
f 1230 1290 1231
f 1231 1290 1291
f 1231 1291 1292
f 1231 1292 1293
f 1231 1293 1232
f 1232 1293 1234
f 1232 1234 1233
f 1234 1293 1294
f 1234 1294 1295
f 1234 1295 1236
f 1234 1236 1235
f 1236 1295 1296
f 1236 1296 1297
f 1237 1297 1298
f 1237 1298 1238
f 1238 1298 1239
f 1239 1299 1300
f 1239 1300 1301
f 1239 1301 1240
f 1239 1298 1299
f 1240 1301 1302
f 1241 1302 1374
f 1241 1374 1303
f 1241 1303 1304
f 1241 1304 1242
f 1242 1304 1245
f 1243 1245 1305
f 1243 1305 1246
f 1243 1246 1244
f 1245 1306 1377
f 1245 1377 1307
f 1245 1307 1308
f 1245 1308 1305
f 1245 1304 1306
f 1246 1305 1308
f 1246 1308 1309
f 1246 1309 1247
f 1247 1309 1310
f 1247 1310 1248
f 1248 1310 1311
f 1248 1311 1249
f 1249 1311 1250
f 1250 1312 1313
f 1250 1313 1287
f 1250 1311 1312
f 1251 1288 1314
f 1251 1314 1315
f 1251 1315 1252
f 1252 1315 1316
f 1252 1316 1317
f 1252 1317 1318
f 1252 1318 1254
f 1252 1254 1253
f 1254 1318 1319
f 1254 1319 1255
f 1255 1319 1320
f 1255 1320 1257
f 1256 1259 1321
f 1256 1321 1322
f 1256 1322 1260
f 1257 1320 1323
f 1257 1323 1324
f 1257 1324 1325
f 1257 1325 1258
f 1258 1325 1326
f 1258 1326 1327
f 1258 1327 1259
f 1259 1327 1322
f 1259 1322 1321
f 1260 1322 1328
f 1260 1328 1329
f 1260 1329 1330
f 1260 1330 1261
f 1261 1330 1331
f 1261 1331 1262
f 1262 1331 1332
f 1262 1332 1263
f 1263 1332 1333
f 1263 1333 1334
f 1263 1334 1265
f 1264 1265 1335
f 1264 1335 1266
f 1265 1334 1336
f 1265 1336 1337
f 1265 1337 1335
f 1266 1335 1267
f 1267 1335 1268
f 1268 1338 1339
f 1268 1339 1340
f 1268 1340 1269
f 1268 1335 1338
f 1270 1340 1341
f 1270 1341 1271
f 1271 1341 1342
f 1271 1342 1273
f 1272 1273 1343
f 1272 1343 1344
f 1272 1344 1274
f 1273 1342 1406
f 1273 1406 1345
f 1273 1345 1346
f 1273 1346 1343
f 1274 1344 1275
f 1275 1344 1347
f 1275 1347 1276
f 1276 1347 1348
f 1276 1348 1277
f 1277 1348 1279
f 1278 1280 1349
f 1278 1349 1282
f 1279 1348 1350
f 1279 1350 1351
f 1279 1351 1352
f 1279 1352 1280
f 1280 1352 1349
f 1281 1282 1353
f 1281 1353 1354
f 1281 1354 1283
f 1282 1349 1355
f 1282 1355 1356
f 1282 1356 1357
f 1282 1357 1353
f 1283 1358 1284
f 1283 1354 1358
f 1285 1359 1286
f 1286 1359 1361
f 1286 1361 1360
f 1287 1313 1362
f 1287 1362 1288
f 1288 1362 1363
f 1288 1363 1314
f 1291 1364 1292
f 1292 1294 1293
f 1292 1364 1365
f 1292 1365 1366
f 1292 1366 1367
f 1292 1367 1294
f 1294 1367 1296
f 1294 1296 1295
f 1296 1367 1431
f 1296 1431 1368
f 1296 1368 1298
f 1296 1298 1297
f 1298 1368 1369
f 1298 1369 1299
f 1299 1369 1370
f 1299 1370 1300
f 1300 1370 1434
f 1300 1434 1371
f 1300 1371 1372
f 1300 1372 1301
f 1301 1372 1302
f 1302 1372 1373
f 1302 1373 1374
f 1303 1374 1437
f 1303 1437 1375
f 1303 1375 1306
f 1303 1306 1304
f 1306 1375 1376
f 1306 1376 1377
f 1307 1377 1441
f 1307 1441 1378
f 1307 1378 1379
f 1307 1379 1308
f 1308 1379 1310
f 1308 1310 1309
f 1310 1379 1311
f 1311 1379 1380
f 1311 1380 1312
f 1312 1380 1381
f 1312 1381 1313
f 1313 1381 1424
f 1313 1424 1362
f 1314 1363 1315
f 1315 1382 1316
f 1315 1363 1382
f 1316 1382 1383
f 1316 1383 1317
f 1317 1383 1448
f 1317 1448 1384
f 1317 1384 1318
f 1318 1384 1319
f 1319 1384 1320
f 1320 1384 1385
f 1320 1385 1323
f 1322 1327 1326
f 1322 1326 1328
f 1323 1385 1324
f 1324 1386 1387
f 1324 1387 1388
f 1324 1388 1389
f 1324 1389 1325
f 1324 1385 1386
f 1325 1389 1326
f 1326 1389 1390
f 1326 1390 1328
f 1328 1390 1329
f 1329 1390 1391
f 1329 1391 1392
f 1329 1392 1393
f 1329 1393 1330
f 1330 1393 1331
f 1331 1393 1394
f 1331 1394 1333
f 1331 1333 1332
f 1333 1394 1395
f 1333 1395 1396
f 1333 1396 1397
f 1333 1397 1398
f 1333 1398 1334
f 1334 1398 1336
f 1335 1337 1338
f 1336 1398 1337
f 1337 1398 1399
f 1337 1399 1338
f 1338 1399 1400
f 1338 1400 1401
f 1338 1401 1402
f 1338 1402 1339
f 1339 1402 1340
f 1340 1402 1403
f 1340 1403 1404
f 1340 1404 1341
f 1341 1404 1405
f 1341 1405 1342
f 1342 1405 1406
f 1343 1346 1344
f 1344 1346 1409
f 1344 1409 1407
f 1344 1407 1347
f 1345 1406 1408
f 1345 1408 1346
f 1346 1408 1409
f 1347 1407 1410
f 1347 1410 1348
f 1348 1410 1411
f 1348 1411 1350
f 1349 1352 1355
f 1350 1411 1412
f 1350 1412 1351
f 1351 1412 1413
f 1351 1413 1414
f 1351 1414 1352
f 1352 1414 1355
f 1353 1357 1354
f 1354 1357 1415
f 1354 1415 1416
f 1354 1416 1417
f 1354 1417 1418
f 1354 1418 1358
f 1355 1414 1419
f 1355 1419 1420
f 1355 1420 1356
f 1356 1420 1357
f 1357 1420 1421
f 1357 1421 1415
f 1360 1361 1422
f 1360 1422 1423
f 1362 1424 1425
f 1362 1425 1426
f 1362 1426 1363
f 1363 1426 1427
f 1363 1427 1382
f 1365 1428 1366
f 1366 1428 1429
f 1366 1429 1430
f 1366 1430 1431
f 1366 1431 1367
f 1368 1431 1432
f 1368 1432 1369
f 1369 1432 1433
f 1369 1433 1370
f 1370 1433 1496
f 1370 1496 1434
f 1371 1434 1497
f 1371 1497 1435
f 1371 1435 1373
f 1371 1373 1372
f 1373 1435 1498
f 1373 1498 1436
f 1373 1436 1437
f 1373 1437 1374
f 1375 1437 1376
f 1376 1438 1439
f 1376 1439 1440
f 1376 1440 1441
f 1376 1441 1377
f 1376 1437 1438
f 1378 1441 1504
f 1378 1504 1442
f 1378 1442 1380
f 1378 1380 1379
f 1380 1443 1381
f 1380 1442 1443
f 1381 1444 1424
f 1381 1443 1444
f 1382 1427 1445
f 1382 1445 1383
f 1383 1446 1447
f 1383 1447 1448
f 1383 1445 1449
f 1383 1449 1446
f 1384 1448 1450
f 1384 1450 1385
f 1385 1450 1451
f 1385 1451 1387
f 1385 1387 1386
f 1387 1451 1452
f 1387 1452 1388
f 1388 1452 1453
f 1388 1453 1454
f 1388 1454 1455
f 1388 1455 1456
f 1388 1456 1389
f 1389 1456 1390
f 1390 1456 1391
f 1391 1456 1455
f 1391 1455 1457
f 1391 1457 1392
f 1392 1458 1393
f 1392 1457 1459
f 1392 1459 1458
f 1393 1458 1396
f 1393 1396 1395
f 1393 1395 1394
f 1396 1460 1461
f 1396 1461 1462
f 1396 1462 1463
f 1396 1463 1397
f 1396 1458 1460
f 1397 1463 1398
f 1398 1463 1462
f 1398 1462 1464
f 1398 1464 1399
f 1399 1464 1465
f 1399 1465 1400
f 1400 1465 1466
f 1400 1466 1467
f 1400 1467 1468
f 1400 1468 1401
f 1401 1468 1403
f 1401 1403 1402
f 1403 1468 1469
f 1403 1469 1404
f 1404 1469 1470
f 1404 1470 1471
f 1404 1471 1405
f 1405 1471 1406
f 1406 1471 1472
f 1406 1472 1408
f 1407 1409 1473
f 1407 1473 1410
f 1408 1472 1474
f 1408 1474 1409
f 1409 1474 1475
f 1409 1475 1473
f 1410 1473 1411
f 1411 1473 1535
f 1411 1535 1476
f 1411 1476 1412
f 1412 1476 1477
f 1412 1477 1413
f 1413 1477 1478
f 1413 1478 1479
f 1413 1479 1414
f 1414 1479 1480
f 1414 1480 1419
f 1415 1421 1416
f 1416 1421 1481
f 1419 1480 1482
f 1419 1482 1420
f 1420 1483 1421
f 1420 1482 1483
f 1421 1483 1484
f 1421 1484 1485
f 1421 1485 1486
f 1421 1486 1481
f 1422 1487 1488
f 1422 1488 1423
f 1424 1489 1426
f 1424 1426 1425
f 1424 1444 1489
f 1426 1490 1445
f 1426 1445 1427
f 1426 1489 1491
f 1426 1491 1490
f 1429 1492 1493
f 1429 1493 1430
f 1430 1493 1431
f 1431 1493 1432
f 1432 1493 1433
f 1433 1494 1495
f 1433 1495 1496
f 1433 1493 1494
f 1434 1496 1553
f 1434 1553 1497
f 1435 1497 1555
f 1435 1555 1498
f 1436 1498 1556
f 1436 1556 1499
f 1436 1499 1438
f 1436 1438 1437
f 1438 1499 1439
f 1439 1500 1501
f 1439 1501 1502
f 1439 1502 1440
f 1439 1499 1500
f 1440 1502 1503
f 1440 1503 1504
f 1440 1504 1441
f 1442 1504 1443
f 1443 1505 1444
f 1443 1504 1505
f 1444 1505 1547
f 1444 1547 1489
f 1445 1506 1449
f 1445 1490 1506
f 1446 1507 1508
f 1446 1508 1447
f 1446 1449 1506
f 1446 1506 1507
f 1447 1508 1509
f 1447 1509 1510
f 1447 1510 1450
f 1447 1450 1448
f 1450 1510 1511
f 1450 1511 1451
f 1451 1511 1512
f 1451 1512 1513
f 1451 1513 1452
f 1452 1513 1453
f 1453 1513 1514
f 1453 1514 1515
f 1453 1515 1516
f 1453 1516 1517
f 1453 1517 1454
f 1454 1517 1455
f 1455 1517 1518
f 1455 1518 1457
f 1457 1518 1519
f 1457 1519 1459
f 1458 1459 1460
f 1459 1519 1520
f 1459 1520 1460
f 1460 1520 1521
f 1460 1521 1522
f 1460 1522 1523
f 1460 1523 1524
f 1460 1524 1461
f 1461 1524 1462
f 1462 1524 1523
f 1462 1523 1525
f 1462 1525 1465
f 1462 1465 1464
f 1465 1525 1466
f 1466 1525 1526
f 1466 1526 1527
f 1466 1527 1528
f 1466 1528 1529
f 1466 1529 1467
f 1467 1529 1468
f 1468 1529 1530
f 1468 1530 1469
f 1469 1530 1531
f 1469 1531 1470
f 1470 1531 1532
f 1470 1532 1471
f 1471 1532 1533
f 1471 1533 1472
f 1472 1533 1534
f 1472 1534 1474
f 1473 1475 1535
f 1474 1534 1536
f 1474 1536 1475
f 1475 1536 1537
f 1475 1537 1535
f 1476 1535 1596
f 1476 1596 1538
f 1476 1538 1477
f 1477 1538 1539
f 1477 1539 1478
f 1478 1539 1540
f 1478 1540 1479
f 1479 1540 1480
f 1480 1540 1541
f 1480 1541 1482
f 1482 1541 1542
f 1482 1542 1483
f 1483 1542 1484
f 1484 1542 1543
f 1484 1543 1544
f 1484 1544 1485
f 1487 1545 1488
f 1488 1545 1546
f 1489 1547 1548
f 1489 1548 1491
f 1490 1491 1506
f 1491 1548 1549
f 1491 1549 1506
f 1492 1550 1494
f 1492 1494 1493
f 1494 1550 1551
f 1494 1551 1495
f 1495 1551 1552
f 1495 1552 1496
f 1496 1552 1553
f 1497 1553 1554
f 1497 1554 1618
f 1497 1618 1555
f 1498 1555 1556
f 1499 1556 1557
f 1499 1557 1500
f 1500 1557 1558
f 1500 1558 1559
f 1500 1559 1560
f 1500 1560 1501
f 1501 1560 1561
f 1501 1561 1503
f 1501 1503 1502
f 1503 1561 1562
f 1503 1562 1505
f 1503 1505 1504
f 1505 1562 1547
f 1506 1549 1563
f 1506 1563 1564
f 1506 1564 1508
f 1506 1508 1507
f 1508 1564 1565
f 1508 1565 1509
f 1509 1565 1566
f 1509 1566 1567
f 1509 1567 1568
f 1509 1568 1511
f 1509 1511 1510
f 1511 1568 1569
f 1511 1569 1512
f 1512 1569 1570
f 1512 1570 1571
f 1512 1571 1513
f 1513 1571 1572
f 1513 1572 1514
f 1514 1572 1515
f 1515 1573 1574
f 1515 1574 1575
f 1515 1575 1576
f 1515 1576 1577
f 1515 1577 1516
f 1515 1572 1573
f 1516 1577 1517
f 1517 1577 1578
f 1517 1578 1518
f 1518 1578 1579
f 1518 1579 1580
f 1518 1580 1519
f 1519 1580 1520
f 1520 1580 1521
f 1521 1580 1581
f 1521 1581 1582
f 1521 1582 1522
f 1522 1582 1583
f 1522 1583 1523
f 1523 1583 1584
f 1523 1584 1585
f 1523 1585 1527
f 1523 1527 1526
f 1523 1526 1525
f 1527 1586 1587
f 1527 1587 1528
f 1527 1585 1586
f 1528 1587 1588
f 1528 1588 1529
f 1529 1588 1589
f 1529 1589 1590
f 1529 1590 1530
f 1530 1590 1531
f 1531 1590 1591
f 1531 1591 1532
f 1532 1591 1592
f 1532 1592 1593
f 1532 1593 1594
f 1532 1594 1533
f 1533 1594 1534
f 1534 1594 1595
f 1534 1595 1536
f 1535 1537 1596
f 1536 1595 1597
f 1536 1597 1598
f 1536 1598 1537
f 1537 1598 1599
f 1537 1599 1596
f 1538 1596 1600
f 1538 1600 1539
f 1539 1600 1601
f 1539 1601 1540
f 1540 1601 1602
f 1540 1602 1603
f 1540 1603 1541
f 1541 1603 1604
f 1541 1604 1605
f 1541 1605 1542
f 1542 1605 1543
f 1543 1605 1606
f 1543 1606 1544
f 1544 1606 1607
f 1545 1608 1609
f 1545 1609 1546
f 1547 1562 1610
f 1547 1610 1548
f 1548 1610 1611
f 1548 1611 1549
f 1549 1611 1612
f 1549 1612 1563
f 1551 1613 1552
f 1552 1613 1614
f 1552 1614 1615
f 1552 1615 1616
f 1552 1616 1617
f 1552 1617 1618
f 1552 1618 1554
f 1552 1554 1553
f 1555 1618 1619
f 1555 1619 1620
f 1555 1620 1557
f 1555 1557 1556
f 1557 1620 1558
f 1558 1620 1621
f 1558 1621 1559
f 1559 1622 1561
f 1559 1561 1560
f 1559 1621 1623
f 1559 1623 1624
f 1559 1624 1622
f 1561 1622 1562
f 1562 1624 1610
f 1562 1622 1624
f 1563 1612 1625
f 1563 1625 1564
f 1564 1625 1626
f 1564 1626 1565
f 1565 1626 1627
f 1565 1627 1566
f 1566 1627 1628
f 1566 1628 1629
f 1566 1629 1567
f 1567 1629 1630
f 1567 1630 1568
f 1568 1630 1569
f 1569 1630 1570
f 1570 1630 1631
f 1570 1631 1632
f 1570 1632 1571
f 1571 1632 1572
f 1572 1632 1633
f 1572 1633 1573
f 1573 1634 1635
f 1573 1635 1636
f 1573 1636 1574
f 1573 1633 1634
f 1574 1636 1635
f 1574 1635 1637
f 1574 1637 1638
f 1574 1638 1575
f 1575 1638 1639
f 1575 1639 1640
f 1575 1640 1641
f 1575 1641 1642
f 1575 1642 1578
f 1575 1578 1576
f 1576 1578 1577
f 1578 1642 1579
f 1579 1642 1643
f 1579 1643 1581
f 1579 1581 1580
f 1581 1643 1644
f 1581 1644 1645
f 1581 1645 1646
f 1581 1646 1582
f 1582 1646 1584
f 1582 1584 1583
f 1584 1646 1647
f 1584 1647 1648
f 1584 1648 1586
f 1584 1586 1585
f 1586 1648 1649
f 1586 1649 1587
f 1587 1649 1650
f 1587 1650 1651
f 1587 1651 1588
f 1588 1651 1652
f 1588 1652 1589
f 1589 1652 1653
f 1589 1653 1654
f 1589 1654 1590
f 1590 1654 1591
f 1591 1654 1592
f 1592 1654 1655
f 1592 1655 1656
f 1592 1656 1657
f 1592 1657 1593
f 1593 1657 1597
f 1593 1597 1594
f 1594 1597 1595
f 1596 1599 1600
f 1597 1657 1658
f 1597 1658 1659
f 1597 1659 1598
f 1598 1659 1660
f 1598 1660 1599
f 1599 1660 1600
f 1600 1660 1661
f 1600 1661 1601
f 1601 1661 1662
f 1601 1662 1663
f 1601 1663 1664
f 1601 1664 1602
f 1602 1664 1665
f 1602 1665 1666
f 1602 1666 1604
f 1602 1604 1603
f 1604 1666 1667
f 1604 1667 1668
f 1604 1668 1605
f 1605 1668 1606
f 1606 1668 1669
f 1606 1669 1670
f 1606 1670 1607
f 1608 1671 1672
f 1608 1672 1609
f 1610 1673 1674
f 1610 1674 1611
f 1610 1624 1673
f 1611 1675 1612
f 1611 1674 1675
f 1612 1675 1625
f 1616 1676 1617
f 1617 1676 1677
f 1617 1677 1618
f 1618 1677 1619
f 1619 1677 1678
f 1619 1678 1679
f 1619 1679 1620
f 1620 1679 1680
f 1620 1680 1681
f 1620 1681 1682
f 1620 1682 1683
f 1620 1683 1621
f 1621 1683 1684
f 1621 1684 1623
f 1623 1684 1624
f 1624 1684 1673
f 1625 1685 1686
f 1625 1686 1626
f 1625 1675 1687
f 1625 1687 1685
f 1626 1686 1688
f 1626 1688 1627
f 1627 1688 1628
f 1628 1688 1689
f 1628 1689 1629
f 1629 1689 1690
f 1629 1690 1691
f 1629 1691 1630
f 1630 1691 1631
f 1631 1691 1692
f 1631 1692 1693
f 1631 1693 1632
f 1632 1693 1633
f 1633 1693 1694
f 1633 1694 1634
f 1634 1694 1695
f 1634 1695 1696
f 1634 1696 1637
f 1634 1637 1635
f 1637 1697 1698
f 1637 1698 1699
f 1637 1699 1700
f 1637 1700 1638
f 1637 1696 1701
f 1637 1701 1697
f 1638 1700 1702
f 1638 1702 1639
f 1639 1702 1640
f 1640 1702 1703
f 1640 1703 1704
f 1640 1704 1643
f 1640 1643 1642
f 1640 1642 1641
f 1643 1704 1644
f 1644 1704 1645
f 1645 1704 1705
f 1645 1705 1647
f 1645 1647 1646
f 1647 1705 1706
f 1647 1706 1648
f 1648 1706 1707
f 1648 1707 1649
f 1649 1707 1650
f 1650 1707 1708
f 1650 1708 1709
f 1650 1709 1651
f 1651 1709 1710
f 1651 1710 1711
f 1651 1711 1652
f 1652 1711 1653
f 1653 1711 1712
f 1653 1712 1655
f 1653 1655 1654
f 1655 1712 1713
f 1655 1713 1714
f 1655 1714 1656
f 1656 1714 1715
f 1656 1715 1716
f 1656 1716 1657
f 1657 1716 1658
f 1658 1716 1717
f 1658 1717 1660
f 1658 1660 1659
f 1660 1717 1718
f 1660 1718 1719
f 1660 1719 1661
f 1661 1719 1720
f 1661 1720 1721
f 1661 1721 1662
f 1662 1721 1722
f 1662 1722 1663
f 1663 1722 1723
f 1663 1723 1724
f 1663 1724 1664
f 1664 1724 1665
f 1665 1724 1725
f 1665 1725 1726
f 1665 1726 1666
f 1666 1726 1667
f 1667 1726 1727
f 1667 1727 1728
f 1667 1728 1668
f 1668 1728 1729
f 1668 1729 1669
f 1669 1730 1670
f 1669 1729 1730
f 1671 1731 1732
f 1671 1732 1733
f 1671 1733 1672
f 1673 1684 1674
f 1674 1734 1735
f 1674 1735 1675
f 1674 1684 1734
f 1675 1735 1745
f 1675 1745 1687
f 1676 1736 1677
f 1677 1736 1678
f 1678 1736 1737
f 1678 1737 1738
f 1678 1738 1739
f 1678 1739 1680
f 1678 1680 1679
f 1680 1739 1740
f 1680 1740 1681
f 1681 1740 1796
f 1681 1796 1741
f 1681 1741 1742
f 1681 1742 1682
f 1682 1742 1743
f 1682 1743 1683
f 1683 1743 1684
f 1684 1743 1734
f 1685 1744 1686
f 1685 1687 1744
f 1686 1744 1746
f 1686 1746 1688
f 1687 1745 1744
f 1688 1746 1747
f 1688 1747 1748
f 1688 1748 1689
f 1689 1749 1690
f 1689 1748 1747
f 1689 1747 1749
f 1690 1750 1691
f 1690 1749 1751
f 1690 1751 1750
f 1691 1750 1692
f 1692 1750 1752
f 1692 1752 1753
f 1692 1753 1693
f 1693 1753 1694
f 1694 1753 1754
f 1694 1754 1695
f 1695 1754 1755
f 1695 1755 1756
f 1695 1756 1757
f 1695 1757 1696
f 1696 1757 1701
f 1697 1758 1759
f 1697 1759 1698
f 1697 1701 1758
f 1698 1759 1758
f 1698 1758 1760
f 1698 1760 1761
f 1698 1761 1699
f 1699 1761 1762
f 1699 1762 1700
f 1700 1763 1702
f 1700 1762 1764
f 1700 1764 1763
f 1701 1757 1758
f 1702 1763 1703
f 1703 1763 1765
f 1703 1765 1704
f 1704 1765 1766
f 1704 1766 1705
f 1705 1766 1767
f 1705 1767 1706
f 1706 1767 1768
f 1706 1768 1708
f 1706 1708 1707
f 1708 1768 1769
f 1708 1769 1709
f 1709 1769 1770
f 1709 1770 1710
f 1710 1770 1771
f 1710 1771 1772
f 1710 1772 1711
f 1711 1772 1712
f 1712 1772 1713
f 1713 1772 1773
f 1713 1773 1774
f 1713 1774 1775
f 1713 1775 1776
f 1713 1776 1714
f 1714 1776 1715
f 1715 1776 1777
f 1715 1777 1778
f 1715 1778 1716
f 1716 1778 1717
f 1717 1778 1779
f 1717 1779 1780
f 1717 1780 1718
f 1718 1780 1719
f 1719 1780 1781
f 1719 1781 1720
f 1720 1781 1782
f 1720 1782 1721
f 1721 1782 1783
f 1721 1783 1722
f 1722 1783 1784
f 1722 1784 1723
f 1723 1784 1785
f 1723 1785 1786
f 1723 1786 1724
f 1724 1786 1725
f 1725 1786 1787
f 1725 1787 1788
f 1725 1788 1726
f 1726 1788 1727
f 1727 1788 1789
f 1727 1789 1728
f 1728 1789 1790
f 1728 1790 1791
f 1728 1791 1729
f 1731 1792 1793
f 1731 1793 1732
f 1734 1743 1735
f 1735 1794 1745
f 1735 1743 1794
f 1738 1795 1739
f 1739 1795 1740
f 1740 1795 1796
f 1741 1796 1855
f 1741 1855 1797
f 1741 1797 1798
f 1741 1798 1742
f 1742 1798 1743
f 1743 1798 1794
f 1744 1799 1746
f 1744 1745 1800
f 1744 1800 1799
f 1745 1794 1800
f 1746 1799 1747
f 1747 1801 1802
f 1747 1802 1749
f 1747 1799 1803
f 1747 1803 1801
f 1749 1802 1804
f 1749 1804 1751
f 1750 1751 1805
f 1750 1805 1806
f 1750 1806 1752
f 1751 1804 1807
f 1751 1807 1805
f 1752 1808 1753
f 1752 1806 1809
f 1752 1809 1810
f 1752 1810 1808
f 1753 1808 1811
f 1753 1811 1812
f 1753 1812 1755
f 1753 1755 1754
f 1755 1812 1813
f 1755 1813 1814
f 1755 1814 1756
f 1756 1814 1815
f 1756 1815 1816
f 1756 1816 1758
f 1756 1758 1757
f 1758 1816 1817
f 1758 1817 1760
f 1760 1817 1818
f 1760 1818 1819
f 1760 1819 1761
f 1761 1819 1820
f 1761 1820 1762
f 1762 1820 1821
f 1762 1821 1822
f 1762 1822 1764
f 1763 1764 1823
f 1763 1823 1765
f 1764 1822 1823
f 1765 1823 1824
f 1765 1824 1825
f 1765 1825 1766
f 1766 1825 1826
f 1766 1826 1767
f 1767 1826 1827
f 1767 1827 1768
f 1768 1827 1828
f 1768 1828 1769
f 1769 1828 1829
f 1769 1829 1770
f 1770 1829 1830
f 1770 1830 1771
f 1771 1773 1772
f 1771 1830 1773
f 1773 1830 1774
f 1774 1830 1831
f 1774 1831 1832
f 1774 1832 1833
f 1774 1833 1834
f 1774 1834 1775
f 1775 1834 1776
f 1776 1834 1777
f 1777 1834 1835
f 1777 1835 1836
f 1777 1836 1778
f 1778 1836 1779
f 1779 1836 1837
f 1779 1837 1838
f 1779 1838 1780
f 1780 1838 1781
f 1781 1838 1839
f 1781 1839 1782
f 1782 1839 1840
f 1782 1840 1783
f 1783 1840 1841
f 1783 1841 1784
f 1784 1841 1842
f 1784 1842 1785
f 1785 1842 1843
f 1785 1843 1786
f 1786 1843 1787
f 1787 1843 1844
f 1787 1844 1788
f 1788 1844 1845
f 1788 1845 1789
f 1789 1845 1846
f 1789 1846 1847
f 1789 1847 1848
f 1789 1848 1790
f 1792 1849 1793
f 1793 1849 1850
f 1793 1850 1851
f 1794 1798 1800
f 1795 1852 1796
f 1796 1852 1853
f 1796 1853 1854
f 1796 1854 1855
f 1797 1855 1856
f 1797 1856 1857
f 1797 1857 1798
f 1798 1857 1800
f 1799 1858 1861
f 1799 1861 1803
f 1799 1800 1857
f 1799 1857 1858
f 1801 1803 1802
f 1802 1859 1804
f 1802 1803 1860
f 1802 1860 1859
f 1803 1861 1860
f 1804 1862 1807
f 1804 1859 1862
f 1805 1807 1863
f 1805 1863 1806
f 1806 1863 1864
f 1806 1864 1809
f 1807 1862 1865
f 1807 1865 1863
f 1808 1810 1866
f 1808 1866 1811
f 1809 1864 1863
f 1809 1863 1810
f 1810 1863 1867
f 1810 1867 1868
f 1810 1868 1866
f 1811 1866 1869
f 1811 1869 1812
f 1812 1869 1813
f 1813 1869 1814
f 1814 1869 1923
f 1814 1923 1870
f 1814 1870 1817
f 1814 1817 1815
f 1815 1817 1816
f 1817 1870 1818
f 1818 1871 1872
f 1818 1872 1873
f 1818 1873 1819
f 1818 1870 1871
f 1819 1873 1820
f 1820 1873 1874
f 1820 1874 1821
f 1821 1874 1875
f 1821 1875 1876
f 1821 1876 1822
f 1822 1824 1823
f 1822 1876 1824
f 1824 1876 1877
f 1824 1877 1825
f 1825 1877 1878
f 1825 1878 1879
f 1825 1879 1826
f 1826 1879 1827
f 1827 1879 1880
f 1827 1880 1828
f 1828 1880 1881
f 1828 1881 1829
f 1829 1881 1882
f 1829 1882 1883
f 1829 1883 1830
f 1830 1883 1882
f 1830 1882 1884
f 1830 1884 1831
f 1831 1884 1885
f 1831 1885 1832
f 1832 1885 1886
f 1832 1886 1887
f 1832 1887 1833
f 1833 1887 1888
f 1833 1888 1834
f 1834 1888 1835
f 1835 1888 1889
f 1835 1889 1836
f 1836 1889 1837
f 1837 1889 1890
f 1837 1890 1838
f 1838 1890 1839
f 1839 1890 1891
f 1839 1891 1840
f 1840 1891 1892
f 1840 1892 1841
f 1841 1892 1842
f 1842 1892 1893
f 1842 1893 1894
f 1842 1894 1895
f 1842 1895 1843
f 1843 1895 1896
f 1843 1896 1897
f 1843 1897 1844
f 1844 1846 1845
f 1844 1897 1898
f 1844 1898 1899
f 1844 1899 1846
f 1846 1899 1900
f 1846 1900 1901
f 1846 1901 1847
f 1850 1902 1851
f 1851 1902 1903
f 1854 1904 1855
f 1855 1904 1905
f 1855 1905 1906
f 1855 1906 1856
f 1856 1906 1857
f 1857 1906 1858
f 1858 1907 1911
f 1858 1911 1861
f 1858 1906 1907
f 1859 1908 1909
f 1859 1909 1862
f 1859 1860 1910
f 1859 1910 1908
f 1860 1861 1910
f 1861 1911 1910
f 1862 1909 1912
f 1862 1912 1865
f 1863 1913 1914
f 1863 1914 1915
f 1863 1915 1867
f 1863 1865 1913
f 1865 1912 1916
f 1865 1916 1917
f 1865 1917 1913
f 1866 1868 1918
f 1866 1918 1869
f 1867 1915 1868
f 1868 1919 1920
f 1868 1920 1921
f 1868 1921 1918
f 1868 1915 1919
f 1869 1918 1922
f 1869 1922 1923
f 1870 1923 1924
f 1870 1924 1871
f 1871 1924 1925
f 1871 1925 1926
f 1871 1926 1872
f 1872 1926 1927
f 1872 1927 1873
f 1873 1927 1928
f 1873 1928 1874
f 1874 1928 1929
f 1874 1929 1930
f 1874 1930 1931
f 1874 1931 1875
f 1875 1931 1932
f 1875 1932 1876
f 1876 1932 1877
f 1877 1932 1933
f 1877 1933 1878
f 1878 1933 1934
f 1878 1934 1935
f 1878 1935 1879
f 1879 1935 1880
f 1880 1935 1936
f 1880 1936 1881
f 1881 1936 1937
f 1881 1937 1882
f 1882 1937 1938
f 1882 1938 1884
f 1884 1938 1939
f 1884 1939 1885
f 1885 1939 1940
f 1885 1940 1886
f 1886 1940 1941
f 1886 1941 1887
f 1887 1941 1942
f 1887 1942 1888
f 1888 1942 1943
f 1888 1943 1889
f 1889 1943 1944
f 1889 1944 1945
f 1889 1945 1890
f 1890 1945 1946
f 1890 1946 1891
f 1891 1946 1892
f 1892 1946 1947
f 1892 1947 1948
f 1892 1948 1893
f 1893 1948 1894
f 1894 1896 1895
f 1894 1948 1949
f 1894 1949 1950
f 1894 1950 1951
f 1894 1951 1896
f 1896 1898 1897
f 1896 1951 1952
f 1896 1952 1953
f 1896 1953 1898
f 1898 1900 1899
f 1898 1953 1954
f 1898 1954 1955
f 1898 1955 1900
f 1900 1955 1956
f 1900 1956 1901
f 1902 1957 1903
f 1903 1957 1958
f 1904 1959 1905
f 1905 1959 1960
f 1905 1960 1961
f 1905 1961 1907
f 1905 1907 1906
f 1907 1961 1962
f 1907 1962 1911
f 1908 1963 1964
f 1908 1964 1909
f 1908 1910 1963
f 1909 1964 1965
f 1909 1965 1912
f 1910 1911 1962
f 1910 1962 1963
f 1912 1965 1966
f 1912 1966 1916
f 1913 1917 1915
f 1913 1915 1914
f 1915 1917 1967
f 1915 1967 1968
f 1915 1968 1919
f 1916 1966 1969
f 1916 1969 1917
f 1917 1969 1970
f 1917 1970 1971
f 1917 1971 1967
f 1918 1972 1922
f 1918 1921 1920
f 1918 1920 1973
f 1918 1973 1972
f 1919 1968 1920
f 1920 1968 1974
f 1920 1974 1975
f 1920 1975 1973
f 1922 1972 1976
f 1922 1976 1977
f 1922 1977 1923
f 1923 1977 1924
f 1924 1977 1978
f 1924 1978 1925
f 1925 1978 2032
f 1925 2032 1979
f 1925 1979 1926
f 1926 1979 1980
f 1926 1980 1927
f 1927 1980 1981
f 1927 1981 1928
f 1928 1981 1929
f 1929 1981 1982
f 1929 1982 1983
f 1929 1983 1930
f 1930 1983 1984
f 1930 1984 1985
f 1930 1985 1931
f 1931 1986 1932
f 1931 1985 1986
f 1932 1986 1933
f 1933 1986 1987
f 1933 1987 1988
f 1933 1988 1934
f 1934 1988 1989
f 1934 1989 1935
f 1935 1989 1936
f 1936 1989 1990
f 1936 1990 1937
f 1937 1990 1991
f 1937 1991 1938
f 1938 1991 1992
f 1938 1992 1939
f 1939 1992 1993
f 1939 1993 1940
f 1940 1993 1994
f 1940 1994 1995
f 1940 1995 1941
f 1941 1995 1996
f 1941 1996 1997
f 1941 1997 1942
f 1942 1997 1998
f 1942 1998 1943
f 1943 1998 1944
f 1944 1998 1999
f 1944 1999 2000
f 1944 2000 1946
f 1944 1946 1945
f 1946 2000 2001
f 1946 2001 1947
f 1947 2001 1948
f 1948 2001 2002
f 1948 2002 2003
f 1948 2003 1949
f 1949 2003 2004
f 1949 2004 1950
f 1950 2004 2005
f 1950 2005 2006
f 1950 2006 1951
f 1951 2006 1952
f 1952 2006 2007
f 1952 2007 2008
f 1952 2008 1953
f 1953 2008 1954
f 1954 2008 2009
f 1954 2009 1955
f 1955 2009 2010
f 1955 2010 2011
f 1955 2011 1956
f 1957 2012 1958
f 1958 2013 2069
f 1958 2069 2112
f 1958 2112 2109
f 1958 2109 2065
f 1958 2065 2064
f 1958 2064 2063
f 1958 2063 2062
f 1958 2062 2061
f 1958 2061 2108
f 1958 2108 2107
f 1958 2107 2151
f 1958 2151 2150
f 1958 2150 2185
f 1958 2185 2184
f 1958 2184 2149
f 1958 2149 2183
f 1958 2183 2182
f 1958 2182 2181
f 1958 2181 2180
f 1958 2180 2179
f 1958 2179 2209
f 1958 2209 2219
f 1958 2219 2218
f 1958 2218 2217
f 1958 2217 2216
f 1958 2216 2215
f 1958 2215 2214
f 1958 2214 2213
f 1958 2213 2203
f 1958 2203 2202
f 1958 2202 2201
f 1958 2201 2200
f 1958 2200 2212
f 1958 2212 2211
f 1958 2211 2210
f 1958 2210 2187
f 1958 2187 2186
f 1958 2186 2152
f 1958 2152 2113
f 1958 2113 2070
f 1958 2070 2014
f 1958 2012 2015
f 1958 2015 2016
f 1958 2016 2013
f 1960 2017 1962
f 1960 1962 1961
f 1962 2017 2018
f 1962 2018 1963
f 1963 2019 2020
f 1963 2020 2021
f 1963 2021 1964
f 1963 2018 2019
f 1964 2021 1965
f 1965 2021 1966
f 1966 2021 2022
f 1966 2022 2023
f 1966 2023 1969
f 1967 1971 1968
f 1968 1971 2024
f 1968 2024 1974
f 1969 2023 2025
f 1969 2025 1970
f 1970 2025 2026
f 1970 2026 1971
f 1971 2026 2074
f 1971 2074 2024
f 1972 2027 2028
f 1972 2028 1976
f 1972 1973 1975
f 1972 1975 2027
f 1974 2024 2027
f 1974 2027 1975
f 1976 2028 2029
f 1976 2029 2030
f 1976 2030 1977
f 1977 2030 2031
f 1977 2031 1978
f 1978 2031 2080
f 1978 2080 2032
f 1979 2032 2033
f 1979 2033 2034
f 1979 2034 2035
f 1979 2035 1980
f 1980 2035 1981
f 1981 2035 1982
f 1982 2035 2036
f 1982 2036 2037
f 1982 2037 1983
f 1983 2037 2038
f 1983 2038 2039
f 1983 2039 2040
f 1983 2040 2041
f 1983 2041 1984
f 1984 2041 1985
f 1985 2041 2042
f 1985 2042 1986
f 1986 2042 1987
f 1987 2042 2043
f 1987 2043 2044
f 1987 2044 1988
f 1988 2045 1989
f 1988 2044 2045
f 1989 2045 1990
f 1990 2045 2046
f 1990 2046 1991
f 1991 2046 2047
f 1991 2047 1992
f 1992 2047 2048
f 1992 2048 1993
f 1993 2048 2049
f 1993 2049 1994
f 1994 2049 2050
f 1994 2050 1996
f 1994 1996 1995
f 1996 2051 1997
f 1996 2050 2052
f 1996 2052 2053
f 1996 2053 2054
f 1996 2054 2051
f 1997 2051 1998
f 1998 2051 1999
f 1999 2051 2055
f 1999 2055 2056
f 1999 2056 2001
f 1999 2001 2000
f 2001 2056 2057
f 2001 2057 2002
f 2002 2057 2058
f 2002 2058 2003
f 2003 2058 2004
f 2004 2059 2060
f 2004 2060 2061
f 2004 2061 2005
f 2004 2058 2059
f 2005 2061 2062
f 2005 2062 2006
f 2006 2062 2063
f 2006 2063 2007
f 2007 2063 2064
f 2007 2064 2065
f 2007 2065 2008
f 2008 2066 2009
f 2008 2065 2066
f 2009 2067 2010
f 2009 2066 2068
f 2009 2068 2067
f 2014 2070 2071
f 2024 2072 2073
f 2024 2073 2027
f 2024 2074 2072
f 2027 2075 2028
f 2027 2073 2075
f 2028 2075 2076
f 2028 2076 2029
f 2029 2076 2077
f 2029 2077 2078
f 2029 2078 2030
f 2030 2078 2031
f 2031 2078 2079
f 2031 2079 2080
f 2032 2080 2081
f 2032 2081 2033
f 2033 2081 2082
f 2033 2082 2083
f 2033 2083 2034
f 2034 2083 2084
f 2034 2084 2036
f 2034 2036 2035
f 2036 2084 2085
f 2036 2085 2037
f 2037 2085 2038
f 2038 2085 2086
f 2038 2086 2087
f 2038 2087 2039
f 2039 2087 2088
f 2039 2088 2089
f 2039 2089 2040
f 2040 2089 2090
f 2040 2090 2041
f 2041 2090 2091
f 2041 2091 2042
f 2042 2091 2043
f 2043 2091 2092
f 2043 2092 2093
f 2043 2093 2094
f 2043 2094 2044
f 2044 2094 2095
f 2044 2095 2045
f 2045 2095 2046
f 2046 2095 2096
f 2046 2096 2047
f 2047 2096 2097
f 2047 2097 2048
f 2048 2097 2049
f 2049 2097 2098
f 2049 2098 2099
f 2049 2099 2050
f 2050 2099 2100
f 2050 2100 2052
f 2051 2054 2101
f 2051 2101 2055
f 2052 2100 2053
f 2053 2100 2102
f 2053 2102 2103
f 2053 2103 2101
f 2053 2101 2054
f 2055 2101 2104
f 2055 2104 2056
f 2056 2104 2057
f 2057 2104 2058
f 2058 2104 2105
f 2058 2105 2060
f 2058 2060 2059
f 2060 2105 2104
f 2060 2104 2106
f 2060 2106 2107
f 2060 2107 2108
f 2060 2108 2061
f 2065 2109 2068
f 2065 2068 2066
f 2067 2068 2110
f 2068 2111 2110
f 2068 2109 2112
f 2068 2112 2069
f 2068 2069 2111
f 2070 2113 2071
f 2071 2113 2114
f 2071 2114 2115
f 2072 2116 2075
f 2072 2075 2073
f 2075 2116 2117
f 2075 2117 2076
f 2076 2117 2077
f 2077 2118 2119
f 2077 2119 2120
f 2077 2120 2078
f 2077 2117 2118
f 2078 2120 2079
f 2079 2120 2121
f 2079 2121 2122
f 2079 2122 2123
f 2079 2123 2080
f 2080 2123 2124
f 2080 2124 2081
f 2081 2124 2125
f 2081 2125 2082
f 2082 2125 2126
f 2082 2126 2127
f 2082 2127 2083
f 2083 2127 2128
f 2083 2128 2129
f 2083 2129 2084
f 2084 2129 2085
f 2085 2129 2086
f 2086 2130 2131
f 2086 2131 2087
f 2086 2129 2130
f 2087 2132 2088
f 2087 2131 2133
f 2087 2133 2132
f 2088 2132 2134
f 2088 2134 2089
f 2089 2134 2135
f 2089 2135 2090
f 2090 2135 2092
f 2090 2092 2091
f 2092 2135 2136
f 2092 2136 2137
f 2092 2137 2138
f 2092 2138 2093
f 2093 2138 2139
f 2093 2139 2094
f 2094 2139 2140
f 2094 2140 2095
f 2095 2140 2096
f 2096 2140 2141
f 2096 2141 2097
f 2097 2141 2142
f 2097 2142 2098
f 2098 2142 2099
f 2099 2142 2143
f 2099 2143 2144
f 2099 2144 2145
f 2099 2145 2100
f 2100 2145 2146
f 2100 2146 2102
f 2101 2103 2147
f 2101 2147 2148
f 2101 2148 2104
f 2102 2146 2149
f 2102 2149 2103
f 2103 2149 2147
f 2104 2148 2106
f 2106 2148 2147
f 2106 2147 2150
f 2106 2150 2151
f 2106 2151 2107
f 2113 2152 2153
f 2113 2153 2114
f 2114 2154 2155
f 2114 2155 2115
f 2114 2153 2154
f 2122 2156 2123
f 2123 2156 2157
f 2123 2157 2158
f 2123 2158 2124
f 2124 2158 2125
f 2125 2159 2160
f 2125 2160 2161
f 2125 2161 2126
f 2125 2158 2159
f 2126 2161 2162
f 2126 2162 2163
f 2126 2163 2127
f 2127 2163 2164
f 2127 2164 2165
f 2127 2165 2128
f 2128 2165 2130
f 2128 2130 2129
f 2130 2165 2166
f 2130 2166 2131
f 2131 2166 2167
f 2131 2167 2133
f 2132 2133 2168
f 2132 2168 2169
f 2132 2169 2134
f 2133 2170 2168
f 2133 2167 2170
f 2134 2169 2136
f 2134 2136 2135
f 2136 2169 2171
f 2136 2171 2172
f 2136 2172 2173
f 2136 2173 2137
f 2137 2173 2174
f 2137 2174 2138
f 2138 2174 2175
f 2138 2175 2139
f 2139 2175 2176
f 2139 2176 2140
f 2140 2176 2141
f 2141 2176 2177
f 2141 2177 2142
f 2142 2177 2143
f 2143 2177 2178
f 2143 2178 2179
f 2143 2179 2144
f 2144 2179 2180
f 2144 2180 2181
f 2144 2181 2146
f 2144 2146 2145
f 2146 2181 2182
f 2146 2182 2183
f 2146 2183 2149
f 2147 2149 2184
f 2147 2184 2185
f 2147 2185 2150
f 2152 2186 2153
f 2153 2186 2187
f 2153 2187 2188
f 2153 2188 2189
f 2153 2189 2190
f 2153 2190 2154
f 2154 2190 2191
f 2154 2191 2192
f 2154 2192 2193
f 2154 2193 2155
f 2162 2194 2163
f 2163 2194 2195
f 2163 2195 2192
f 2163 2192 2191
f 2163 2191 2164
f 2164 2191 2196
f 2164 2196 2165
f 2165 2196 2166
f 2166 2196 2189
f 2166 2189 2167
f 2167 2189 2197
f 2167 2197 2170
f 2168 2170 2198
f 2168 2198 2171
f 2168 2171 2169
f 2170 2197 2199
f 2170 2199 2198
f 2171 2198 2200
f 2171 2200 2201
f 2171 2201 2202
f 2171 2202 2203
f 2171 2203 2172
f 2172 2203 2204
f 2172 2204 2173
f 2173 2204 2205
f 2173 2205 2174
f 2174 2205 2206
f 2174 2206 2175
f 2175 2206 2207
f 2175 2207 2176
f 2176 2207 2177
f 2177 2207 2208
f 2177 2208 2178
f 2178 2208 2179
f 2179 2208 2209
f 2187 2210 2188
f 2188 2210 2197
f 2188 2197 2189
f 2189 2196 2190
f 2190 2196 2191
f 2192 2195 2193
f 2197 2210 2199
f 2198 2199 2200
f 2199 2210 2211
f 2199 2211 2212
f 2199 2212 2200
f 2203 2213 2204
f 2204 2213 2214
f 2204 2214 2215
f 2204 2215 2205
f 2205 2215 2206
f 2206 2215 2216
f 2206 2216 2217
f 2206 2217 2207
f 2207 2217 2208
f 2208 2217 2218
f 2208 2218 2219
f 2208 2219 2209
