v -0.33088136 0.58990300 0.37284750
v -0.33067644 0.54999888 0.37284750
v -0.32329962 0.56995094 0.38531220
v -0.32335085 0.58990300 0.38537979
v -0.32324839 0.60996282 0.38521087
v -0.33067644 0.60996282 0.37284750
v -0.33057401 0.53360587 0.37284750
v -0.32324839 0.54999888 0.38521087
v -0.31694734 0.56995094 0.39531103
v -0.31699857 0.58990300 0.39537859
v -0.31684488 0.60996282 0.39520967
v -0.32237750 0.62991488 0.38382590
v -0.32893470 0.62991488 0.37284750
v -0.33042032 0.50998700 0.37284750
v -0.32309470 0.50998700 0.38497442
v -0.31689611 0.54999888 0.39520967
v -0.30706033 0.56995094 0.41000521
v -0.30675298 0.50998700 0.40993765
v -0.30706033 0.58990300 0.41000521
v -0.29999086 0.60111922 0.42007157
v -0.30547225 0.60866868 0.41186309
v -0.29978597 0.61438465 0.41973376
v -0.31592280 0.62991488 0.39382470
v -0.32109681 0.64242530 0.38176537
v -0.32837120 0.63293469 0.37284750
v -0.33026662 0.48992711 0.37284750
v -0.32299224 0.48992711 0.38483930
v -0.31658876 0.46997505 0.39470297
v -0.31674242 0.50998700 0.39497322
v -0.30547225 0.53004682 0.41199821
v -0.30004209 0.54999888 0.42010534
v -0.30009332 0.56995094 0.42013913
v -0.30665052 0.48992711 0.40983629
v -0.29983717 0.48992711 0.41983512
v -0.30004209 0.58990300 0.42013913
v -0.28236842 0.60996282 0.44314313
v -0.29379228 0.60866868 0.42804360
v -0.29261404 0.58990300 0.43013793
v -0.28262457 0.58990300 0.44344714
v -0.28139508 0.62991488 0.44182572
v -0.29025754 0.62991488 0.43000281
v -0.29886383 0.62991488 0.41848391
v -0.30593330 0.62991488 0.40848511
v -0.32140419 0.65234745 0.37284750
v -0.32376066 0.64760208 0.37284750
v -0.28037053 0.64069974 0.44050831
v -0.30342317 0.64663148 0.40490448
v -0.29999086 0.65989685 0.40000641
v -0.31761330 0.65569079 0.37629303
v -0.33011293 0.47374979 0.37284750
v -0.32288980 0.46997505 0.38470417
v -0.31648630 0.44991520 0.39453411
v -0.30634314 0.42996314 0.40943095
v -0.30644560 0.44991520 0.40956607
v -0.29993963 0.52336025 0.42000401
v -0.29404843 0.53004682 0.42804360
v -0.28257334 0.50998700 0.44337958
v -0.29266524 0.56995094 0.43017173
v -0.29235789 0.48992711 0.43000281
v -0.29958105 0.42996314 0.41942978
v -0.29220420 0.46997505 0.43000281
v -0.29184562 0.42996314 0.43000281
v -0.27453053 0.60996282 0.45314193
v -0.27478668 0.58990300 0.45344597
v -0.28262457 0.56995094 0.44348094
v -0.27345476 0.62991488 0.45182452
v -0.31387365 0.66162241 0.37284750
v -0.26346529 0.62991488 0.46412036
v -0.26172352 0.64328814 0.46209356
v -0.26920283 0.64868057 0.44902080
v -0.27663088 0.65407300 0.43574536
v -0.28452000 0.64846492 0.42946234
v -0.29625124 0.65191603 0.41095105
v -0.28175369 0.66162241 0.42240238
v -0.28631300 0.66496575 0.41000521
v -0.30429402 0.66377938 0.38666341
v -0.30941683 0.66636777 0.37284750
v -0.32990804 0.45379776 0.37284750
v -0.32268488 0.42996314 0.38436639
v -0.32278734 0.44991520 0.38453528
v -0.32258242 0.40990329 0.38416371
v -0.31623015 0.40990329 0.39416251
v -0.30624068 0.40990329 0.40926206
v -0.28236842 0.44991520 0.44314313
v -0.28241965 0.46997505 0.44324446
v -0.27463299 0.46997505 0.45324329
v -0.27468422 0.48992711 0.45331085
v -0.27473545 0.50998700 0.45337838
v -0.28262457 0.54999888 0.44344714
v -0.29932490 0.38995123 0.41909194
v -0.29164070 0.40990329 0.43000281
v -0.28206104 0.38995123 0.44277155
v -0.28216350 0.40990329 0.44290668
v -0.26454109 0.60996282 0.46540397
v -0.26474601 0.58990300 0.46570802
v -0.27478668 0.56995094 0.45347974
v -0.26479721 0.56995094 0.46580935
v -0.25475651 0.62991488 0.47411916
v -0.25593477 0.60996282 0.47540277
v -0.24256426 0.64458227 0.48280054
v -0.25019723 0.65062189 0.47030205
v -0.25783020 0.65666139 0.45753330
v -0.24476707 0.62991488 0.48519892
v -0.26331162 0.66280878 0.44419032
v -0.26997125 0.66615212 0.42946234
v -0.29194808 0.66917181 0.39200062
v -0.28969404 0.67693698 0.37284750
v -0.32965189 0.42996314 0.37284750
v -0.32944697 0.41389367 0.37284750
v -0.32939574 0.40990329 0.37284750
v -0.32242873 0.38995123 0.38392726
v -0.31607646 0.38995123 0.39392605
v -0.30577964 0.34993935 0.40865403
v -0.30593330 0.36999923 0.40889049
v -0.30608702 0.38995123 0.40909314
v -0.27442807 0.40990329 0.45290548
v -0.27458179 0.44991520 0.45314193
v -0.26459229 0.44991520 0.46560666
v -0.26464355 0.46997505 0.46567422
v -0.26469475 0.48992711 0.46570802
v -0.26474601 0.50998700 0.46574178
v -0.27478668 0.54999888 0.45344597
v -0.29917121 0.36999923 0.41888928
v -0.29087228 0.34993935 0.43000281
v -0.28180492 0.34993935 0.44243377
v -0.27432561 0.38995123 0.45277035
v -0.25624216 0.58990300 0.47570682
v -0.26479721 0.54999888 0.46580935
v -0.25629336 0.56995094 0.47580814
v -0.25634462 0.54999888 0.47580814
v -0.24594530 0.60996282 0.48648253
v -0.24625267 0.58990300 0.48688790
v -0.22289270 0.64512157 0.50296706
v -0.23073059 0.65148461 0.49087390
v -0.23856847 0.65795553 0.47847673
v -0.23534112 0.62991488 0.49519771
v -0.23662181 0.60996282 0.49651513
v -0.24451092 0.66345584 0.46516752
v -0.25070953 0.66744626 0.45050710
v -0.26838318 0.67542708 0.40868780
v -0.27437687 0.67855465 0.39000762
v -0.28672281 0.67823112 0.37284750
v -0.32908839 0.38995123 0.37284750
v -0.32227504 0.36999923 0.38365701
v -0.31576908 0.34993935 0.39341936
v -0.30562595 0.32998729 0.40841758
v -0.29901755 0.34993935 0.41865283
v -0.26443863 0.40990329 0.46543777
v -0.25619090 0.44991520 0.47560546
v -0.25608844 0.40990329 0.47543657
v -0.25624216 0.46997505 0.47567302
v -0.25629336 0.48992711 0.47570682
v -0.29886383 0.32998729 0.41841638
v -0.29015508 0.30992740 0.43000281
v -0.28165126 0.32998729 0.44223109
v -0.27406949 0.34993935 0.45243257
v -0.26433617 0.38995123 0.46530265
v -0.26408005 0.34993935 0.46503240
v -0.24630390 0.56995094 0.48702303
v -0.25634462 0.52993906 0.47577435
v -0.24630390 0.54999888 0.48705679
v -0.24630390 0.48992711 0.48705679
v -0.23698041 0.58990300 0.49688670
v -0.23713408 0.56995094 0.49702182
v -0.22535165 0.62991488 0.50539917
v -0.21520850 0.62991488 0.51539803
v -0.20281132 0.64479804 0.52266061
v -0.21085411 0.65159249 0.51087153
v -0.21889691 0.65838695 0.49891347
v -0.22524919 0.66388726 0.48560426
v -0.22658113 0.60996282 0.50668281
v -0.22699094 0.58990300 0.50712198
v -0.23114042 0.66820121 0.47111276
v -0.22960357 0.67747617 0.45003420
v -0.24907021 0.67672122 0.42946234
v -0.25511512 0.67898607 0.41446412
v -0.27847511 0.67984891 0.37828603
v -0.27294248 0.68038809 0.37284750
v -0.32883224 0.37398961 0.37284750
v -0.32842243 0.34993935 0.37284750
v -0.32191646 0.32998729 0.38311654
v -0.31561542 0.32998729 0.39311534
v -0.30542105 0.30992740 0.40814734
v -0.29850525 0.28997540 0.41784209
v -0.24609900 0.40990329 0.48688790
v -0.25588354 0.36999923 0.47516632
v -0.24589407 0.36999923 0.48668522
v -0.24615023 0.42996314 0.48695546
v -0.24620146 0.44991520 0.48698923
v -0.28979647 0.28997540 0.43000281
v -0.28108773 0.26991552 0.44145414
v -0.28144634 0.30992740 0.44199461
v -0.27376211 0.30992740 0.45199344
v -0.27391583 0.32998729 0.45222989
v -0.26392633 0.32998729 0.46482974
v -0.25542247 0.30992740 0.47462586
v -0.25572985 0.34993935 0.47503120
v -0.23723654 0.52993906 0.49705559
v -0.23718531 0.54999888 0.49705559
v -0.23723654 0.48992711 0.49705559
v -0.23718531 0.44991520 0.49698803
v -0.22714463 0.56995094 0.50729084
v -0.22719586 0.54999888 0.50735843
v -0.21654043 0.60996282 0.51668161
v -0.20521903 0.62991488 0.52495766
v -0.18216643 0.64361167 0.54188132
v -0.19036290 0.65083754 0.53036243
v -0.19861062 0.65806341 0.51877594
v -0.19430746 0.62991488 0.53495646
v -0.20557763 0.66399515 0.50543296
v -0.21131517 0.66852474 0.49134684
v -0.21700148 0.58990300 0.51712078
v -0.21720639 0.56995094 0.51728964
v -0.21003447 0.67790759 0.47040337
v -0.21674535 0.67952538 0.45672259
v -0.23600708 0.67930961 0.43577915
v -0.26064774 0.68006456 0.40112114
v -0.26433617 0.68038809 0.39000762
v -0.27043229 0.68060386 0.37284750
v -0.32806382 0.32998729 0.37284750
v -0.32171154 0.30992740 0.38281250
v -0.31541049 0.30992740 0.39281133
v -0.30501121 0.26991552 0.40757307
v -0.29830033 0.26991552 0.41757187
v -0.23703164 0.38995123 0.49681914
v -0.23708287 0.40990329 0.49688670
v -0.23692918 0.36999923 0.49668401
v -0.24574040 0.34993935 0.48655009
v -0.23713408 0.42996314 0.49695426
v -0.28938669 0.26991552 0.43000281
v -0.28088284 0.24996346 0.44118392
v -0.27335230 0.26991552 0.45145294
v -0.26336282 0.26991552 0.46415412
v -0.26356775 0.28997540 0.46439058
v -0.24543303 0.30992740 0.48621231
v -0.25501266 0.26991552 0.47415292
v -0.24502321 0.26991552 0.48577318
v -0.24522811 0.28997540 0.48600963
v -0.22724709 0.50998700 0.50742596
v -0.22719586 0.44991520 0.50742596
v -0.22709340 0.40990329 0.50735843
v -0.21725762 0.54999888 0.51735723
v -0.21736008 0.50998700 0.51742476
v -0.20655097 0.60996282 0.52620751
v -0.19574185 0.60996282 0.53620631
v -0.16925697 0.64911199 0.54938042
v -0.17770959 0.65687704 0.53806418
v -0.18431801 0.62991488 0.54377300
v -0.16080435 0.64123905 0.56062907
v -0.16439030 0.66302443 0.54357028
v -0.18529133 0.66367149 0.52472121
v -0.19118255 0.66841686 0.51127684
v -0.19041413 0.67801547 0.49033344
v -0.20701201 0.58990300 0.52664667
v -0.20716570 0.56995094 0.52681553
v -0.20726816 0.54999888 0.52688313
v -0.19738115 0.67963314 0.47732824
v -0.24179584 0.68028021 0.42243615
v -0.24907021 0.68049598 0.40868780
v -0.24999233 0.68081951 0.39000762
v -0.25101689 0.68049598 0.37284750
v -0.32765400 0.30992740 0.37284750
v -0.32130173 0.26991552 0.38213694
v -0.31500068 0.26991552 0.39213574
v -0.30480629 0.24996346 0.40723526
v -0.29809543 0.24996346 0.41723406
v -0.28897685 0.24996346 0.43000281
v -0.22678603 0.34993935 0.50705439
v -0.22688849 0.36999923 0.50718951
v -0.23677549 0.34993935 0.49654889
v -0.27314740 0.24996346 0.45118272
v -0.28851581 0.22990359 0.43000281
v -0.28062665 0.22990359 0.44087988
v -0.26290178 0.22990359 0.46361366
v -0.25460285 0.22990359 0.47361246
v -0.23646812 0.30992740 0.49621111
v -0.23631445 0.28997540 0.49600843
v -0.24461338 0.22990359 0.48526648
v -0.24481830 0.24996346 0.48553669
v -0.23610952 0.26991552 0.49577197
v -0.21736008 0.44991520 0.51742476
v -0.21720639 0.38995123 0.51725590
v -0.21725762 0.40990329 0.51735723
v -0.21710394 0.36999923 0.51718831
v -0.20737061 0.50998700 0.52701825
v -0.20737061 0.48992711 0.52705199
v -0.18575239 0.60996282 0.54502285
v -0.19620290 0.58990300 0.53664547
v -0.15598890 0.65461230 0.55687952
v -0.14266962 0.66183817 0.56201404
v -0.17391872 0.60996282 0.55498785
v -0.17233065 0.62991488 0.55373800
v -0.16234118 0.62991488 0.56187892
v -0.13877630 0.63498378 0.57907283
v -0.10260932 0.64361167 0.60170525
v -0.12453490 0.64997470 0.58326149
v -0.13452438 0.64997470 0.57582992
v -0.14958541 0.66636777 0.55012357
v -0.17064013 0.66766191 0.53083533
v -0.17028153 0.67769194 0.50985813
v -0.17709485 0.67963314 0.49722451
v -0.19640781 0.56995094 0.53681433
v -0.19661273 0.52993906 0.53694946
v -0.19651027 0.54999888 0.53688192
v -0.19666396 0.50998700 0.53701705
v -0.18406186 0.68038809 0.48388150
v -0.20337483 0.68038809 0.46398523
v -0.22960357 0.68060386 0.42946234
v 0.06997786 0.68092740 0.62997890
v 0.14999603 0.68071163 0.64997649
v 0.19246405 0.68038809 0.65227348
v -0.21003447 0.68060386 0.45003420
v -0.19041413 0.68060386 0.47040337
v -0.17028153 0.68060386 0.49033344
v -0.14953418 0.68060386 0.50985813
v -0.24948004 0.68038809 0.37284750
v 0.18995389 0.67984891 0.64193690
v 0.19246405 0.67974102 0.64227468
v -0.32688558 0.27444518 0.37284750
v -0.32084066 0.22990359 0.38139379
v -0.31459087 0.22990359 0.39139259
v -0.31479576 0.24996346 0.39179793
v -0.30434525 0.20995155 0.40655968
v -0.29783928 0.22990359 0.41689628
v -0.21700148 0.34993935 0.51705319
v -0.22663234 0.32998729 0.50691926
v -0.22647867 0.30992740 0.50675040
v -0.27289125 0.22990359 0.45087868
v -0.29758316 0.20995155 0.41655847
v -0.28749123 0.18999952 0.43000281
v -0.28037053 0.20995155 0.44057587
v -0.26238948 0.18999952 0.46300560
v -0.25409055 0.18999952 0.47300443
v -0.24435724 0.20995155 0.48499623
v -0.22591515 0.24996346 0.50617611
v -0.22612007 0.26991552 0.50637883
v -0.23564848 0.22990359 0.49526528
v -0.23590462 0.24996346 0.49553549
v -0.20726816 0.40990329 0.52698445
v -0.20731938 0.42996314 0.52701825
v -0.20737061 0.46997505 0.52705199
v -0.20721693 0.38995123 0.52691686
v -0.20711447 0.36999923 0.52684933
v -0.20701201 0.34993935 0.52674800
v -0.19671519 0.48992711 0.53705078
v -0.18621343 0.58990300 0.54542816
v -0.17443100 0.58990300 0.55542701
v -0.12053913 0.66043603 0.58042401
v -0.12832579 0.66442645 0.56920910
v -0.16387802 0.60996282 0.56309497
v -0.16444153 0.58990300 0.56353414
v -0.14036436 0.62161052 0.58025509
v -0.14820226 0.62894422 0.57295865
v -0.13124578 0.62894422 0.58552474
v -0.11510895 0.62991488 0.59670585
v -0.06541778 0.64652359 0.62312156
v -0.09041705 0.65019047 0.60609663
v -0.09738407 0.65698493 0.59822589
v -0.10957633 0.65019047 0.59353054
v -0.10511950 0.62991488 0.60336041
v -0.07873707 0.63498378 0.61923695
v -0.10998616 0.67208374 0.56998605
v -0.12863316 0.67564273 0.54840082
v -0.14953418 0.67693698 0.52911258
v -0.13442191 0.67909396 0.53519291
v -0.15593769 0.67941749 0.51644516
v -0.14261840 0.68028021 0.52184993
v -0.16377556 0.68038809 0.50310218
v -0.18641835 0.56995094 0.54559708
v -0.18652081 0.54999888 0.54569840
v -0.18667449 0.50998700 0.54583353
v 0.08995679 0.68060386 0.64443660
v 0.12996587 0.68071163 0.64997649
v -0.06915742 0.68060386 0.56964827
v 0.02996879 0.68060386 0.62474298
v 0.19246405 0.68038809 0.66389370
v -0.12863316 0.68049598 0.52911258
v 0.19246405 0.67478001 0.62997890
v -0.23288217 0.67553496 0.37284750
v -0.32678312 0.26991552 0.37284750
v -0.32586101 0.22990359 0.37284750
v -0.32550243 0.21491261 0.37284750
v -0.32032838 0.18999952 0.38058305
v -0.31407857 0.18999952 0.39058185
v -0.30378175 0.16993965 0.40578276
v -0.29707086 0.16993965 0.41578156
v -0.21684779 0.32998729 0.51691806
v -0.20670465 0.30992740 0.52651155
v -0.20685834 0.32998729 0.52664667
v -0.21669412 0.30992740 0.51674920
v -0.21654043 0.28997540 0.51658028
v -0.27263510 0.20995155 0.45057467
v -0.27980703 0.16616493 0.43976516
v -0.28651792 0.13003558 0.42905697
v -0.27360845 0.17166522 0.44804120
v -0.26213336 0.16993965 0.46266782
v -0.25378320 0.16993965 0.47266662
v -0.24348636 0.14998762 0.48405039
v -0.24379373 0.16993965 0.48435441
v -0.23513620 0.18999952 0.49469101
v -0.23539233 0.20995155 0.49499503
v -0.21613060 0.24996346 0.51617491
v -0.22565901 0.22990359 0.50593966
v -0.21592569 0.22990359 0.51593846
v -0.21633552 0.26991552 0.51637763
v -0.22540288 0.20995155 0.50570321
v -0.19666396 0.40990329 0.53698325
v -0.19671519 0.44991520 0.53705078
v -0.19661273 0.38995123 0.53691566
v -0.19651027 0.36999923 0.53684813
v -0.19640781 0.34993935 0.53674680
v -0.19630536 0.32998729 0.53664547
v -0.18672572 0.46997505 0.54590112
v -0.18672572 0.48992711 0.54586732
v -0.17463592 0.56995094 0.55559587
v -0.08401355 0.66237736 0.60251594
v -0.10998616 0.66334796 0.58397084
v -0.15096857 0.60996282 0.57309377
v -0.15153208 0.58990300 0.57353294
v -0.16464645 0.56995094 0.56370300
v -0.15178820 0.56995094 0.57373559
v -0.14097911 0.60996282 0.58072799
v -0.12996508 0.60996282 0.58856493
v -0.11674825 0.60996282 0.59782058
v -0.07120655 0.65191603 0.61700743
v -0.04026482 0.64026833 0.64011282
v -0.05993638 0.65989685 0.61994630
v -0.10675879 0.60996282 0.60440761
v -0.08037636 0.62161052 0.62021655
v -0.08821425 0.62894422 0.61423749
v -0.07120655 0.62894422 0.62447280
v -0.05173990 0.62991488 0.63545120
v -0.06915742 0.67618203 0.58856493
v -0.09113424 0.67801547 0.56964827
v -0.10998616 0.67877042 0.55454874
v -0.09041705 0.66755414 0.59092951
v -0.09861353 0.67984891 0.55866987
v -0.12105140 0.68006456 0.54073280
v -0.10998616 0.68038809 0.54454988
v -0.17478959 0.54999888 0.55569720
v -0.17499450 0.50998700 0.55583233
v -0.17504573 0.48992711 0.55589992
v 0.06997786 0.68038809 0.64213955
v 0.12996587 0.68017244 0.66068465
v 0.14999603 0.68038809 0.66173184
v -0.08529425 0.68038809 0.56272340
v -0.06193427 0.68017244 0.58096445
v -0.02428168 0.68028021 0.60167146
v -0.01004029 0.68049598 0.60552233
v 0.01449793 0.68028021 0.62160152
v 0.05635121 0.68017244 0.64078838
v 0.19246405 0.67909396 0.67389250
v 0.19246405 0.66496575 0.61498070
v -0.23144779 0.67499566 0.37284750
v -0.32499015 0.19506842 0.37284750
v -0.32427296 0.16821407 0.37284750
v -0.32012346 0.17511639 0.38024527
v -0.31331015 0.14998762 0.39000762
v -0.30352560 0.14998762 0.40534359
v -0.29681474 0.14998762 0.41534239
v -0.19615167 0.30992740 0.53651035
v -0.20655097 0.28997540 0.52630883
v -0.20634605 0.26991552 0.52613997
v -0.27955091 0.14998762 0.43946114
v -0.27145687 0.14998762 0.45000041
v -0.29650736 0.13003558 0.41490328
v -0.28615931 0.11008355 0.42861784
v -0.27893615 0.11008355 0.43861663
v -0.27924353 0.13003558 0.43905580
v -0.26182598 0.14998762 0.46233004
v -0.25347584 0.14998762 0.47232884
v -0.24287163 0.11008355 0.48330724
v -0.23452146 0.14998762 0.49404919
v -0.22514674 0.18999952 0.50539917
v -0.22483936 0.16993965 0.50512898
v -0.20614114 0.24996346 0.52593726
v -0.21566956 0.20995155 0.51570201
v -0.20588499 0.22990359 0.52573460
v -0.18667449 0.40990329 0.54586732
v -0.18672572 0.44991520 0.54590112
v -0.18641835 0.34993935 0.54566467
v -0.18652081 0.36999923 0.54573220
v -0.18631589 0.32998729 0.54556328
v -0.17509696 0.46997505 0.55589992
v -0.16480014 0.54999888 0.56383812
v -0.06997707 0.66561282 0.60683978
v -0.14154261 0.58990300 0.58113337
v -0.14179875 0.56995094 0.58133602
v -0.15194190 0.54999888 0.57383692
v -0.12996508 0.58990300 0.58940941
v -0.11736299 0.58990300 0.59822589
v -0.04169921 0.62991488 0.64088970
v -0.03001922 0.62991488 0.64673364
v -0.00901573 0.63099337 0.65649599
v 0.00056390 0.63832712 0.65973884
v -0.01004029 0.64997470 0.65014535
v -0.02848238 0.64814126 0.64234227
v -0.03411746 0.65364158 0.63690370
v -0.02079818 0.66032827 0.64034927
v -0.04661710 0.66334796 0.62356073
v -0.09092933 0.60996282 0.61440641
v -0.10737352 0.58990300 0.60481298
v -0.08093987 0.60996282 0.62055433
v -0.06997707 0.60996282 0.62697250
v -0.05337919 0.60996282 0.63639700
v -0.05199604 0.66895616 0.61194050
v -0.03058273 0.67715263 0.60900164
v -0.05004937 0.67866254 0.59417236
v -0.07520233 0.67930961 0.57606643
v -0.16490260 0.52993906 0.56393945
v -0.16500504 0.50998700 0.56400704
v -0.16505627 0.48992711 0.56404084
v 0.11920799 0.67995667 0.66011041
v 0.18995389 0.67909396 0.67375743
v -0.03760096 0.67974102 0.59792191
v 0.00112741 0.67984891 0.61900043
v 0.04298071 0.67974102 0.63805223
v 0.10588871 0.67963314 0.65720534
v 0.19246405 0.67089736 0.68997169
v 0.19246405 0.65116107 0.60488051
v -0.20998324 0.66313231 0.37284750
v -0.21295446 0.66507363 0.37284750
v -0.32386312 0.15354663 0.37284750
v -0.31976488 0.14998762 0.37963724
v -0.30321825 0.13003558 0.40490448
v -0.31945750 0.13003558 0.37916431
v -0.31208068 0.11008355 0.39000762
v -0.30291086 0.11008355 0.40443155
v -0.18616220 0.30992740 0.54542816
v -0.19594677 0.28997540 0.53634143
v -0.18575239 0.26991552 0.54512417
v -0.18595731 0.28997540 0.54529309
v -0.19574185 0.26991552 0.53613877
v -0.27084213 0.13003558 0.45000041
v -0.26151863 0.13003558 0.46195844
v -0.29584140 0.09002367 0.41388988
v -0.28580070 0.09002367 0.42814493
v -0.27857757 0.09002367 0.43814373
v -0.26951021 0.09002367 0.45000041
v -0.25316846 0.13003558 0.47195727
v -0.23390673 0.11008355 0.49330604
v -0.25286108 0.11008355 0.47155190
v -0.24251303 0.09002367 0.48290187
v -0.22422463 0.13003558 0.50445336
v -0.21510604 0.16993965 0.51512778
v -0.19553694 0.24996346 0.53593606
v -0.20511658 0.16993965 0.52495766
v -0.20537272 0.18999952 0.52522790
v -0.19528081 0.22990359 0.53573340
v -0.17499450 0.38995123 0.55579859
v -0.17504573 0.40990329 0.55586612
v -0.17509696 0.44991520 0.55589992
v -0.17478959 0.34993935 0.55566347
v -0.17468715 0.32998729 0.55556208
v -0.16505627 0.46997505 0.56407458
v -0.12996508 0.56995094 0.58978099
v -0.14195243 0.54999888 0.58143741
v -0.12996508 0.54999888 0.59001744
v -0.15204436 0.52993906 0.57393831
v -0.11767036 0.56995094 0.59842861
v -0.04338973 0.60996282 0.64176798
v -0.03001922 0.60996282 0.64849019
v -0.01296029 0.60996282 0.65673244
v -0.00169013 0.62506163 0.66071844
v 0.05768314 0.64199388 0.68078363
v 0.01388319 0.64587653 0.66250879
v 0.00829934 0.63099337 0.66406262
v 0.02996879 0.62991488 0.67294669
v 0.00829934 0.65148461 0.65761071
v 0.02090143 0.65924978 0.65956992
v -0.01004029 0.66280878 0.64278138
v -0.02848238 0.66561282 0.63011396
v -0.09154407 0.58990300 0.61481178
v -0.10768089 0.56995094 0.60501564
v -0.08155461 0.58990300 0.62092590
v -0.06997707 0.58990300 0.62764806
v -0.05389147 0.58990300 0.63670105
v -0.01004029 0.67186809 0.62997890
v 0.00865793 0.67715263 0.62896550
v -0.01004029 0.67898607 0.61552113
v -0.15230049 0.46997505 0.57407337
v -0.15224928 0.48992711 0.57403964
v -0.15214682 0.50998700 0.57400584
v 0.06997786 0.67747617 0.65213835
v 0.11152379 0.67510355 0.66804862
v 0.12996587 0.67607415 0.67068344
v 0.14999603 0.67747617 0.67173064
v 0.16997495 0.67844689 0.67271024
v 0.02996879 0.67877042 0.63474178
v 0.04979403 0.67596626 0.64845639
v 0.08995679 0.67887819 0.65443540
v 0.18995389 0.67068172 0.68997169
v 0.19246405 0.66173029 0.70142305
v 0.19246405 0.64134681 0.59927309
v -0.20209412 0.65493584 0.37284750
v -0.32376066 0.14998762 0.37284750
v -0.32314593 0.13003558 0.37284750
v -0.31915015 0.11008355 0.37859005
v -0.31136349 0.09002367 0.39000762
v -0.30255228 0.09002367 0.40389109
v -0.17453346 0.30992740 0.55542701
v -0.17437977 0.28997540 0.55525810
v -0.18554747 0.24996346 0.54495525
v -0.17417486 0.26991552 0.55508918
v -0.26121128 0.11008355 0.46155310
v -0.29543155 0.07007164 0.41331562
v -0.28503227 0.05001176 0.42706397
v -0.28544211 0.07007164 0.42763823
v -0.27821895 0.07007164 0.43763703
v -0.26085266 0.09002367 0.46111396
v -0.26874179 0.07007164 0.45000041
v -0.26049405 0.07007164 0.46067482
v -0.24215443 0.07007164 0.48249653
v -0.23349690 0.09002367 0.49293447
v -0.22314884 0.07007164 0.50333863
v -0.22350743 0.09002367 0.50374401
v -0.22386603 0.11008355 0.50411558
v -0.25250250 0.09002367 0.47114652
v -0.21479867 0.14998762 0.51478994
v -0.20480922 0.14998762 0.52465367
v -0.19446115 0.16993965 0.53495646
v -0.19476852 0.18999952 0.53522670
v -0.18503520 0.20995155 0.54451615
v -0.16500504 0.38995123 0.56400704
v -0.16480014 0.34993935 0.56390572
v -0.16490260 0.36999923 0.56397325
v -0.16505627 0.40990329 0.56407458
v -0.16469768 0.32998729 0.56380439
v -0.11787526 0.54999888 0.59856373
v -0.14205489 0.52993906 0.58153874
v -0.12996508 0.52993906 0.59022009
v -0.04390201 0.58990300 0.64203823
v -0.03001922 0.58990300 0.64906442
v -0.00297083 0.60996282 0.66132647
v -0.01357502 0.58990300 0.65700269
v 0.00998987 0.60996282 0.66679877
v 0.02996879 0.60996282 0.67487216
v 0.04441509 0.62991488 0.67838526
v 0.05440455 0.62991488 0.68193209
v 0.06997786 0.62991488 0.68696529
v 0.08995679 0.62991488 0.69284296
v 0.12146203 0.63789570 0.69966650
v 0.06997786 0.64641571 0.68270904
v 0.06997786 0.65633786 0.67828393
v 0.05061368 0.64921975 0.67504108
v 0.02853440 0.65148461 0.66585296
v 0.04175124 0.60996282 0.67936486
v 0.08022347 0.65978897 0.67990530
v 0.03427194 0.66237736 0.66217095
v 0.00998987 0.66658342 0.64720654
v -0.09185144 0.56995094 0.61501443
v -0.10788581 0.54999888 0.60515076
v -0.09210758 0.54999888 0.61514956
v -0.08186197 0.56995094 0.62112856
v -0.06997707 0.56995094 0.62801963
v -0.05425007 0.56995094 0.63686991
v -0.14231104 0.46997505 0.58170760
v -0.15230049 0.40990329 0.57407337
v -0.14231104 0.44991520 0.58174139
v -0.14225981 0.48992711 0.58167386
v -0.14215735 0.50998700 0.58160627
v 0.06997786 0.66744626 0.66828507
v 0.08811259 0.66830909 0.67193329
v 0.12996587 0.66615212 0.68595189
v 0.14999603 0.66755414 0.68804622
v 0.02853440 0.66852474 0.65173304
v 0.04999895 0.66507363 0.66497469
v 0.17028232 0.66712272 0.69159311
v 0.18995389 0.66151452 0.70128787
v 0.19246405 0.64997470 0.70730066
v 0.19246405 0.63002270 0.59501684
v -0.19692010 0.64770997 0.37284750
v -0.32212138 0.09919082 0.37284750
v -0.31879157 0.09002367 0.37798202
v -0.31059507 0.07007164 0.39000762
v -0.30214244 0.07007164 0.40331683
v -0.16454399 0.30992740 0.56366926
v -0.16418540 0.26991552 0.56339902
v -0.17396995 0.24996346 0.55492032
v -0.29502174 0.05001176 0.41270757
v -0.28462246 0.03005973 0.42648971
v -0.27780914 0.05001176 0.43706277
v -0.26740986 0.03005973 0.44962883
v -0.26638529 0.04893328 0.45195964
v -0.26018670 0.05475711 0.46030325
v -0.25214392 0.07007164 0.47067362
v -0.23313831 0.07007164 0.49249533
v -0.24174461 0.05001176 0.48202360
v -0.21331306 0.07007164 0.51333743
v -0.21372288 0.09002367 0.51374280
v -0.22273901 0.05001176 0.50289947
v -0.21408148 0.11008355 0.51411438
v -0.20445062 0.13003558 0.52434963
v -0.19384642 0.13003558 0.53434843
v -0.18416432 0.14998762 0.54373920
v -0.18447170 0.16993965 0.54400945
v -0.18477905 0.18999952 0.54424590
v -0.17345767 0.20995155 0.55448115
v -0.15214682 0.36999923 0.57397205
v -0.15204436 0.34993935 0.57390451
v -0.15194190 0.32998729 0.57380319
v -0.11813141 0.50998700 0.59873259
v -0.12996508 0.50998700 0.59038901
v -0.04420938 0.56995094 0.64220715
v -0.03001922 0.56995094 0.64940220
v -0.01393362 0.56995094 0.65720534
v -0.00358556 0.58990300 0.66159672
v 0.00998987 0.58990300 0.66737306
v 0.02996879 0.58990300 0.67544639
v 0.04088036 0.58990300 0.67966890
v 0.05174070 0.60996282 0.68287796
v 0.06997786 0.60996282 0.68889076
v 0.08995679 0.60996282 0.69483596
v 0.11024310 0.63066983 0.69804502
v 0.10476169 0.60996282 0.69882196
v 0.11710764 0.62452245 0.70067990
v 0.12889008 0.63066983 0.70233506
v 0.14999603 0.62991488 0.70665890
v 0.13478132 0.64264107 0.70111901
v 0.10998695 0.64997470 0.69196469
v 0.08811259 0.65191603 0.68551278
v 0.14999603 0.65612209 0.69804502
v 0.09359398 0.66194594 0.68162811
v -0.10814194 0.50998700 0.60531968
v -0.09241495 0.50998700 0.61531848
v -0.08211811 0.54999888 0.62126368
v -0.08242548 0.50998700 0.62146640
v -0.06997707 0.54999888 0.62828988
v -0.05445498 0.54999888 0.63700503
v -0.12996508 0.46997505 0.59055793
v -0.12996508 0.48992711 0.59049034
v -0.14215735 0.36999923 0.58160627
v -0.14220858 0.38995123 0.58167386
v -0.14225981 0.40990329 0.58170760
v -0.14231104 0.42996314 0.58170760
v -0.12996508 0.40990329 0.59052414
v -0.12996508 0.44991520 0.59059167
v 0.10998695 0.66410291 0.68368864
v 0.16382760 0.65871048 0.69932866
v 0.17714688 0.66054392 0.70040965
v 0.18995389 0.64997470 0.70699668
v 0.19246405 0.62991488 0.71321213
v 0.19246405 0.60996282 0.58873379
v -0.18775028 0.63185620 0.37284750
v -0.19379519 0.64231753 0.37284750
v -0.32140419 0.08042513 0.37284750
v -0.32099435 0.07007164 0.37284750
v -0.31838173 0.07007164 0.37730640
v -0.31797189 0.05001176 0.37659705
v -0.30972421 0.05001176 0.39000762
v -0.30132279 0.03005973 0.40206698
v -0.30173260 0.05001176 0.40270877
v -0.15178820 0.30992740 0.57366806
v -0.15163453 0.28997540 0.57353294
v -0.16372433 0.22990359 0.56302744
v -0.15122470 0.24996346 0.57322890
v -0.15142962 0.26991552 0.57339782
v -0.16346821 0.20995155 0.56282473
v -0.29461193 0.03005973 0.41206577
v -0.27739930 0.03005973 0.43648851
v -0.28416139 0.01010770 0.42588168
v -0.25967443 0.03005973 0.45962763
v -0.25993055 0.04149170 0.45993167
v -0.26694879 0.01010770 0.44908836
v -0.25101689 0.03005973 0.47003180
v -0.23272848 0.05001176 0.49202242
v -0.24128357 0.03005973 0.48155069
v -0.20332360 0.07007164 0.52323490
v -0.21285202 0.05001176 0.51289833
v -0.20373343 0.09002367 0.52364028
v -0.22227797 0.03005973 0.50242656
v -0.20409203 0.11008355 0.52401185
v -0.19307800 0.09002367 0.53363907
v -0.18308854 0.09002367 0.54275960
v -0.18344712 0.11008355 0.54313117
v -0.17253557 0.14998762 0.55370420
v -0.17284292 0.16993965 0.55397445
v -0.16285346 0.16993965 0.56235182
v -0.14205489 0.34993935 0.58150494
v -0.14179875 0.30992740 0.58133602
v -0.11818264 0.48992711 0.59880018
v -0.04446552 0.54999888 0.64230847
v -0.03001922 0.54999888 0.64963865
v -0.00394416 0.56995094 0.66173184
v -0.01418976 0.54999888 0.65730667
v 0.00998987 0.56995094 0.66764331
v 0.02996879 0.56995094 0.67571664
v 0.04047053 0.56995094 0.67980397
v 0.05086982 0.58990300 0.68318194
v 0.06997786 0.58990300 0.68949878
v 0.08995679 0.58990300 0.69544399
v 0.10348099 0.58990300 0.69912601
v 0.11475116 0.60996282 0.70125413
v 0.12996587 0.60996282 0.70463210
v 0.14999603 0.60996282 0.70861810
v 0.16997495 0.62991488 0.71003687
v 0.16997495 0.60996282 0.71202987
v 0.14999603 0.64609218 0.70257151
v 0.12889008 0.64954340 0.69655871
v -0.11823386 0.46997505 0.59883398
v -0.10824440 0.46997505 0.60538721
v -0.09256863 0.46997505 0.61538601
v -0.09251740 0.48992711 0.61535227
v -0.06997707 0.52993906 0.62849259
v -0.08252794 0.48992711 0.62150013
v -0.06997707 0.48992711 0.62876278
v -0.06997707 0.50998700 0.62866145
v -0.05465990 0.52993906 0.63710642
v -0.11828509 0.44991520 0.59883398
v -0.12996508 0.34993935 0.59015256
v -0.12996508 0.38995123 0.59042281
v -0.11823386 0.40990329 0.59880018
v -0.11828509 0.42996314 0.59883398
v 0.17028232 0.65126896 0.70368624
v 0.18995389 0.62991488 0.71290815
v 0.19246405 0.60996282 0.71520513
v 0.19246405 0.60748231 0.58812577
v -0.18590608 0.62775791 0.37284750
v -0.32063577 0.06165943 0.37284750
v -0.31925261 0.03005973 0.37284750
v -0.31751084 0.03005973 0.37585390
v -0.30885333 0.03005973 0.39000762
v -0.30040067 -0.00995219 0.40064824
v -0.14144015 0.26991552 0.58106583
v -0.15096857 0.22990359 0.57302624
v -0.14072296 0.20995155 0.58055913
v -0.14123523 0.24996346 0.58093071
v -0.15014893 0.16993965 0.57235062
v -0.15045628 0.18999952 0.57258707
v -0.15071243 0.20995155 0.57282352
v -0.29368982 -0.00995219 0.41064703
v -0.27693826 0.01010770 0.43588048
v -0.28364915 -0.00995219 0.42523986
v -0.27647722 -0.00995219 0.43523866
v -0.25921339 0.01010770 0.45908716
v -0.26648775 -0.00995219 0.44844654
v -0.25009477 0.01010770 0.47003180
v -0.24087374 0.01010770 0.48101023
v -0.23226742 0.03005973 0.49154949
v -0.19261694 0.07007164 0.53323370
v -0.20286255 0.05001176 0.52279574
v -0.21239096 0.03005973 0.51242536
v -0.20240149 0.03005973 0.52235663
v -0.22181691 0.01010770 0.50191987
v -0.18262748 0.07007164 0.54238802
v -0.17140853 0.09002367 0.55272460
v -0.17181838 0.11008355 0.55309618
v -0.16254610 0.14998762 0.56208158
v -0.12996508 0.30992740 0.58974719
v -0.12996508 0.26991552 0.58927429
v -0.04467043 0.52993906 0.64240980
v -0.03001922 0.52993906 0.64984137
v -0.00420030 0.54999888 0.66183317
v 0.00998987 0.54999888 0.66787976
v -0.01439467 0.52993906 0.65740800
v 0.02996879 0.54999888 0.67591929
v 0.04021439 0.54999888 0.67990530
v 0.04800105 0.53015471 0.68284416
v 0.05046000 0.56995094 0.68331707
v 0.06997786 0.56995094 0.68976903
v 0.08995679 0.56995094 0.69571424
v 0.10291748 0.56995094 0.69926113
v 0.11347045 0.58990300 0.70155811
v 0.12996587 0.58990300 0.70530772
v 0.14999603 0.58990300 0.70929372
v 0.16997495 0.58990300 0.71273923
v 0.18995389 0.58990300 0.71564430
v 0.18995389 0.60996282 0.71490115
v -0.10829563 0.44991520 0.60542101
v -0.09256863 0.44991520 0.61541981
v -0.08257917 0.46997505 0.62153393
v -0.06997707 0.46997505 0.62879658
v -0.05491604 0.48992711 0.63724148
v -0.05481358 0.50998700 0.63717395
v -0.04477289 0.50998700 0.64251113
v -0.11782404 0.32998729 0.59852993
v -0.11808018 0.36999923 0.59869885
v -0.10824440 0.40990329 0.60538721
v 0.19246405 0.59238350 0.71584696
v 0.19246405 0.58850092 0.58353174
v -0.17904152 0.60996282 0.37284750
v -0.31899646 0.02445159 0.37284750
v -0.31833050 0.01010770 0.37284750
v -0.31704980 0.01010770 0.37504318
v -0.30793121 0.01010770 0.39000762
v -0.30695787 -0.00995219 0.39000762
v -0.30490875 -0.02914928 0.39179793
v -0.30009332 -0.02203125 0.40017530
v -0.29440701 -0.02914928 0.40811354
v -0.14000577 0.15980186 0.57998484
v -0.12996508 0.20995155 0.58826089
v -0.12996508 0.22990359 0.58863246
v -0.12996508 0.24996346 0.58897024
v -0.14999524 0.13003558 0.57137102
v -0.14799735 0.15182105 0.57353294
v -0.28318807 -0.02990422 0.42453051
v -0.27596492 -0.02990422 0.43452930
v -0.26546317 -0.04996410 0.44712913
v -0.26597548 -0.02990422 0.44780475
v -0.25875232 -0.00995219 0.45844537
v -0.24912144 -0.00995219 0.47003180
v -0.24036145 -0.00995219 0.48046976
v -0.23180638 0.01010770 0.49100903
v -0.19215590 0.05001176 0.53279454
v -0.21192990 0.01010770 0.51191866
v -0.20194045 0.01010770 0.52188373
v -0.19169484 0.03005973 0.53235543
v -0.22130464 -0.00995219 0.50141317
v -0.17094749 0.07007164 0.55235302
v -0.18216643 0.05001176 0.54194885
v -0.16141908 0.09002367 0.56113577
v -0.16182891 0.11008355 0.56147355
v -0.11767036 0.30992740 0.59842861
v -0.11731176 0.26991552 0.59819216
v -0.03001922 0.50998700 0.64997649
v -0.01454836 0.50998700 0.65747559
v -0.00440521 0.52993906 0.66193449
v 0.00998987 0.52993906 0.66808242
v -0.00455889 0.50998700 0.66203582
v 0.02971265 0.50998700 0.67618954
v 0.03191546 0.53015471 0.67686516
v 0.03985579 0.52368379 0.68000668
v 0.05020385 0.54999888 0.68341839
v 0.04999895 0.48992711 0.68385756
v 0.04999895 0.50998700 0.68368864
v 0.06997786 0.54999888 0.68997169
v 0.08995679 0.54999888 0.69591689
v 0.10250767 0.54999888 0.69936246
v 0.11290695 0.56995094 0.70169324
v 0.12996587 0.56995094 0.70561171
v 0.14999603 0.56995094 0.70963150
v 0.16997495 0.56995094 0.71307701
v 0.19246405 0.58990300 0.71591455
v 0.18995389 0.56995094 0.71598208
v 0.19246405 0.56995094 0.71628612
v -0.09256863 0.42996314 0.61541981
v -0.08257917 0.44991520 0.62156773
v -0.06997707 0.44991520 0.62883037
v -0.04492657 0.46997505 0.64257872
v -0.04487535 0.48992711 0.64254493
v -0.05496726 0.42996314 0.63724148
v -0.03001922 0.48992711 0.65007782
v -0.10783458 0.32998729 0.60515076
v -0.11792649 0.34993935 0.59863126
v -0.10793704 0.34993935 0.60521829
v -0.10814194 0.38995123 0.60535342
v -0.09256863 0.40990329 0.61538601
v 0.19246405 0.57512766 0.58086312
v -0.17407240 0.59389335 0.37284750
v 0.19246405 0.57318640 0.58049154
v 0.19246405 0.56639194 0.57924169
v -0.31725472 -0.01243271 0.37284750
v -0.31658876 -0.00995219 0.37419868
v -0.30557472 -0.04996410 0.38902801
v -0.29973471 -0.03529666 0.39963484
v -0.29199928 -0.04996410 0.41000521
v -0.28262457 -0.04996410 0.42378736
v -0.13974963 0.14642860 0.57981598
v -0.13180929 0.15182105 0.58562607
v -0.12996508 0.16993965 0.58738261
v -0.11628720 0.18999952 0.59748274
v -0.11659457 0.20995155 0.59768546
v -0.11685070 0.22990359 0.59785432
v -0.11710685 0.24996346 0.59802324
v -0.14999524 0.11008355 0.57076299
v -0.13903244 0.11008355 0.57927549
v -0.27545264 -0.04996410 0.43378615
v -0.25767654 -0.04996410 0.45712793
v -0.25824004 -0.02990422 0.45780355
v -0.26489967 -0.06991613 0.44638598
v -0.23969549 -0.03497311 0.47972658
v -0.24005409 -0.02170770 0.48013195
v -0.24768706 -0.04996410 0.46922109
v -0.23129410 -0.00995219 0.49046856
v -0.21141763 -0.00995219 0.51141196
v -0.19118255 0.01010770 0.53188252
v -0.20086466 -0.02990422 0.52087033
v -0.18062958 -0.00995219 0.54059768
v -0.18114187 0.01010770 0.54107058
v -0.22079235 -0.02990422 0.50083894
v -0.16095802 0.07007164 0.56076419
v -0.17043522 0.05001176 0.55191392
v -0.16044575 0.05001176 0.56035882
v -0.14999524 0.09002367 0.57008737
v -0.10768089 0.30992740 0.60504943
v -0.10711738 0.24996346 0.60467786
v -0.10732230 0.26991552 0.60481298
v -0.01475327 0.46997505 0.65754312
v -0.00476380 0.46997505 0.66213715
v 0.00998987 0.50998700 0.66825134
v 0.02950773 0.48992711 0.67629087
v 0.00998987 0.46997505 0.66848779
v 0.00998987 0.48992711 0.66838646
v 0.03975334 0.50998700 0.68007421
v 0.06997786 0.48992711 0.69047838
v 0.03934351 0.46997505 0.68020934
v 0.03924106 0.44991520 0.68027687
v 0.04999895 0.46997505 0.68395889
v 0.06997786 0.46997505 0.69061351
v 0.06997786 0.50998700 0.69030946
v 0.08995679 0.50998700 0.69625473
v 0.10184170 0.50998700 0.69953138
v 0.11249712 0.54999888 0.70179462
v 0.11183116 0.50998700 0.70199728
v 0.12996587 0.54999888 0.70581436
v 0.14999603 0.54999888 0.70983416
v 0.16997495 0.54999888 0.71327972
v 0.18995389 0.54999888 0.71621853
v 0.19246405 0.55237156 0.71648878
v -0.08252794 0.40990329 0.62153393
v -0.06997707 0.42996314 0.62883037
v -0.03001922 0.46997505 0.65014535
v -0.04492657 0.40990329 0.64257872
v -0.03001922 0.42996314 0.65017915
v -0.05491604 0.40990329 0.63724148
v -0.09221003 0.32998729 0.61514956
v -0.09231248 0.34993935 0.61525089
v -0.09246618 0.38995123 0.61535227
v -0.08242548 0.36999923 0.62146640
v -0.17284292 0.58990300 0.37284750
v 0.19246405 0.54989105 0.57653934
v -0.17248434 0.58871663 0.37284750
v -0.31582034 -0.04014985 0.37284750
v -0.30501121 -0.06991613 0.38811594
v -0.29932490 -0.04996410 0.39902681
v -0.31530803 -0.04942486 0.37284750
v -0.29087228 -0.06991613 0.41000521
v -0.28206104 -0.06991613 0.42301041
v -0.12899175 0.11008355 0.58647054
v -0.12940156 0.13003558 0.58674079
v -0.11562124 0.14998762 0.59700984
v -0.11597984 0.16993965 0.59724629
v -0.10629773 0.18999952 0.60417116
v -0.10660511 0.20995155 0.60434008
v -0.10686125 0.22990359 0.60450894
v -0.13857138 0.09002367 0.57893771
v -0.12858193 0.09002367 0.58613276
v -0.27488914 -0.06991613 0.43300921
v -0.25711301 -0.06991613 0.45638478
v -0.24707232 -0.06991613 0.46854550
v -0.26428494 -0.08997601 0.44560906
v -0.23247235 -0.02893357 0.48807019
v -0.23928566 -0.04996410 0.47921991
v -0.22765690 -0.05158183 0.49198863
v -0.23872216 -0.06991613 0.47854429
v -0.21085411 -0.02990422 0.51087153
v -0.20030114 -0.04996410 0.52032983
v -0.17986116 -0.03777719 0.53992206
v -0.15936996 0.01010770 0.55948055
v -0.16997416 0.01010770 0.55052894
v -0.16802749 0.03059898 0.55309618
v -0.22033130 -0.04597369 0.50039977
v -0.14999524 0.07007164 0.56934422
v -0.14999524 0.05001176 0.56853354
v -0.15972856 0.02434374 0.55981833
v -0.09205635 0.30992740 0.61504823
v -0.09144161 0.24996346 0.61467665
v -0.09164652 0.26991552 0.61481178
v -0.09185144 0.28997540 0.61494690
v -0.01480450 0.44991520 0.65757692
v -0.00486626 0.42996314 0.66220474
v 0.00998987 0.40990329 0.66872424
v 0.00998987 0.42996314 0.66865665
v 0.02925160 0.44991520 0.67639220
v 0.02909791 0.42996314 0.67642599
v 0.08995679 0.48992711 0.69642365
v 0.03908738 0.42996314 0.68031067
v 0.04999895 0.42996314 0.68416154
v 0.08995679 0.44991520 0.69669384
v 0.08995679 0.46997505 0.69655871
v 0.06997786 0.42996314 0.69081616
v 0.08995679 0.42996314 0.69679523
v 0.10148311 0.48992711 0.69959891
v 0.12996587 0.50998700 0.70618594
v 0.11147256 0.48992711 0.70206487
v 0.12996587 0.48992711 0.70635486
v 0.14999603 0.50998700 0.71023953
v 0.16997495 0.50998700 0.71368504
v 0.19246405 0.52993906 0.71672523
v 0.18995389 0.50998700 0.71662390
v -0.06997707 0.40990329 0.62879658
v -0.01490695 0.40990329 0.65757692
v -0.01485573 0.42996314 0.65757692
v -0.04487535 0.38995123 0.64257872
v -0.03001922 0.38995123 0.65017915
v -0.05481358 0.36999923 0.63717395
v -0.08206689 0.30992740 0.62122989
v -0.08216934 0.32998729 0.62133127
v -0.08232302 0.34993935 0.62139881
v -0.06997707 0.34993935 0.62852633
v -0.06997707 0.38995123 0.62872905
v 0.19246405 0.54751837 0.57616776
v -0.16787381 0.57113725 0.37284750
v -0.29876140 -0.06991613 0.39811474
v -0.31423226 -0.06829840 0.37284750
v -0.30439648 -0.08997601 0.38713634
v -0.28964281 -0.08997601 0.41000521
v -0.28037053 -0.12545827 0.42054451
v -0.28144634 -0.08997601 0.42213213
v -0.11480159 0.11008355 0.59646934
v -0.10563177 0.14998762 0.60373199
v -0.09067319 0.18999952 0.61416996
v -0.09118547 0.22990359 0.61450773
v -0.13805911 0.07007164 0.57856613
v -0.12806964 0.07007164 0.58579499
v -0.11434054 0.09002367 0.59613156
v -0.27427441 -0.08997601 0.43213093
v -0.26300424 -0.12998793 0.44395384
v -0.25649828 -0.08997601 0.45560786
v -0.24584286 -0.10992804 0.46709296
v -0.24645759 -0.08997601 0.46783614
v -0.22868147 -0.06991613 0.48965782
v -0.21961410 -0.06991613 0.49965665
v -0.23810743 -0.08997601 0.47783494
v -0.22745200 -0.10992804 0.48830664
v -0.22806673 -0.08997601 0.48898223
v -0.21223727 -0.05158183 0.50823671
v -0.19958395 -0.07369083 0.51965427
v -0.19174607 -0.06819054 0.52725470
v -0.17950258 -0.04996410 0.53958428
v -0.16946188 -0.04996410 0.54799545
v -0.15814048 -0.02990422 0.55850095
v -0.15875523 -0.00995219 0.55900764
v -0.14932927 0.01010770 0.56724989
v -0.15183944 0.03059898 0.56623650
v -0.20772921 -0.06819054 0.51178354
v -0.13749561 0.05001176 0.57816076
v -0.08145215 0.24996346 0.62085831
v -0.08119601 0.22990359 0.62072325
v -0.08165706 0.26991552 0.62099344
v -0.08186197 0.28997540 0.62112856
v -0.00491749 0.40990329 0.66223854
v 0.00998987 0.38995123 0.66875803
v 0.02894423 0.38995123 0.67649359
v 0.02899545 0.40990329 0.67645979
v 0.10117573 0.46997505 0.69966650
v 0.10066345 0.42996314 0.69980156
v 0.03898492 0.38995123 0.68037826
v 0.04999895 0.38995123 0.68429673
v 0.06997786 0.38995123 0.69095129
v 0.08995679 0.38995123 0.69693029
v 0.10035609 0.38995123 0.69986916
v 0.14999603 0.46997505 0.71057731
v 0.11116520 0.46997505 0.70213240
v 0.12996587 0.46997505 0.70648998
v 0.14999603 0.42996314 0.71088135
v 0.16997495 0.46997505 0.71405661
v 0.16997495 0.48992711 0.71388775
v 0.19246405 0.48992711 0.71709681
v 0.18995389 0.46997505 0.71696168
v 0.19246405 0.46997505 0.71726573
v -0.01490695 0.36999923 0.65757692
v -0.04482412 0.36999923 0.64254493
v -0.03001922 0.34993935 0.65004402
v -0.05476235 0.34993935 0.63710642
v -0.04472166 0.34993935 0.64251113
v -0.06997707 0.30992740 0.62822235
v -0.06997707 0.32998729 0.62839121
v -0.06997707 0.28997540 0.62801963
v -0.05460867 0.32998729 0.63707262
v 0.19246405 0.52993906 0.57366806
v -0.16695172 0.56747043 0.37284750
v -0.29814667 -0.08997601 0.39713514
v -0.31310523 -0.08630915 0.37284750
v -0.30311579 -0.12998793 0.38507575
v -0.28569824 -0.13128212 0.41196442
v -0.27365965 -0.10992804 0.43125266
v -0.28083158 -0.10992804 0.42125386
v -0.27990949 -0.13883153 0.41990268
v -0.27432561 -0.13128212 0.42834762
v -0.10435107 0.09002367 0.60288751
v -0.10481212 0.11008355 0.60319155
v -0.08995600 0.13003558 0.61325788
v -0.08806056 0.14977191 0.61494690
v -0.08032513 0.16993965 0.62021655
v -0.08093987 0.20995155 0.62055433
v -0.12750614 0.05001176 0.58538961
v -0.11382826 0.07007164 0.59579378
v -0.26228705 -0.14993995 0.44307557
v -0.25450039 -0.14993995 0.45307440
v -0.25516635 -0.12998793 0.45395264
v -0.25583231 -0.10992804 0.45479715
v -0.24517690 -0.12998793 0.46631604
v -0.23682672 -0.12998793 0.47631484
v -0.21899937 -0.08997601 0.49898106
v -0.20772921 -0.12998793 0.50786513
v -0.20900992 -0.08997601 0.50914872
v -0.22678603 -0.12998793 0.48763105
v -0.21838464 -0.10992804 0.49830544
v -0.19907168 -0.08997601 0.51914757
v -0.18841624 -0.10992804 0.52786273
v -0.18908221 -0.08997601 0.52843696
v -0.17883661 -0.06991613 0.53904378
v -0.16818118 -0.08997601 0.54691452
v -0.16884714 -0.06991613 0.54745495
v -0.15747452 -0.04996410 0.55799425
v -0.14748506 -0.04996410 0.56583112
v -0.14871454 -0.00995219 0.56677699
v -0.13631734 0.01010770 0.57724869
v -0.12627666 0.01010770 0.58454514
v -0.06997707 0.22990359 0.62724268
v -0.06997707 0.26991552 0.62778318
v -0.00491749 0.36999923 0.66223854
v 0.00998987 0.36999923 0.66875803
v 0.02894423 0.34993935 0.67649359
v 0.03893369 0.36999923 0.68037826
v 0.11049923 0.40990329 0.70233506
v 0.11065291 0.42996314 0.70226753
v 0.04999895 0.36999923 0.68433046
v 0.06997786 0.36999923 0.69098508
v 0.08995679 0.36999923 0.69696409
v 0.10030486 0.36999923 0.69990295
v 0.11029431 0.36999923 0.70240265
v 0.12996587 0.42996314 0.70676023
v 0.14999603 0.38995123 0.71108401
v 0.16997495 0.42996314 0.71436065
v 0.18995389 0.44991520 0.71713060
v 0.19246405 0.44991520 0.71743464
v -0.01480450 0.34993935 0.65750933
v -0.00481503 0.34993935 0.66220474
v -0.04461920 0.32998729 0.64244360
v -0.03001922 0.32998729 0.64990890
v -0.01470204 0.32998729 0.65744179
v -0.05450621 0.30992740 0.63697129
v -0.05430130 0.28997540 0.63686991
v 0.19246405 0.50998700 0.57120210
v -0.16305837 0.54999888 0.37284750
v -0.29686594 -0.12998793 0.39507455
v -0.31182456 -0.10669258 0.37284750
v -0.31161964 -0.10992804 0.37284750
v -0.31033891 -0.12998793 0.37284750
v -0.30239856 -0.14993995 0.38396102
v -0.28615931 -0.14993995 0.40932959
v -0.27949965 -0.14993995 0.41932842
v -0.27038109 -0.16999984 0.43000281
v -0.27181548 -0.14993995 0.43000281
v -0.10378756 0.07007164 0.60254973
v -0.08995600 0.09002367 0.61210942
v -0.08995600 0.11008355 0.61271745
v -0.07914688 0.11008355 0.61950713
v -0.07960794 0.13003558 0.61974359
v -0.07986408 0.14297745 0.61991251
v -0.08012022 0.15635070 0.62004763
v -0.07192374 0.14977191 0.62467545
v -0.06997707 0.16993965 0.62619555
v -0.06997707 0.18999952 0.62656713
v -0.11259878 0.03005973 0.59498304
v -0.11321352 0.05001176 0.59538841
v -0.10322405 0.05001176 0.60214436
v -0.26156986 -0.16999984 0.44212973
v -0.24451092 -0.14993995 0.46550533
v -0.25378320 -0.16999984 0.45212853
v -0.24379373 -0.16999984 0.46466082
v -0.23610952 -0.14993995 0.47550413
v -0.22540288 -0.16999984 0.48611096
v -0.22612007 -0.14993995 0.48688790
v -0.19773975 -0.12998793 0.51786393
v -0.21771868 -0.12998793 0.49762985
v -0.20706324 -0.14993995 0.50718951
v -0.18775028 -0.12998793 0.52725470
v -0.17750469 -0.10992804 0.53786153
v -0.16751522 -0.10992804 0.54630643
v -0.15614259 -0.08997601 0.55691332
v -0.14681910 -0.06991613 0.56529069
v -0.14610191 -0.08997601 0.56478399
v -0.13437068 -0.04996410 0.57582992
v -0.13503665 -0.02990422 0.57630289
v -0.12438123 -0.04996410 0.58316016
v -0.12566192 -0.00995219 0.58407223
v -0.11198404 0.01010770 0.59454393
v -0.05378902 0.24996346 0.63663346
v -0.05404516 0.26991552 0.63676858
v -0.05322551 0.20995155 0.63632947
v 0.00998987 0.34993935 0.66872424
v 0.02899545 0.32998729 0.67645979
v 0.03893369 0.34993935 0.68037826
v 0.12996587 0.38995123 0.70696288
v 0.04999895 0.34993935 0.68433046
v 0.06997786 0.32998729 0.69098508
v 0.08995679 0.34993935 0.69699788
v 0.10025363 0.34993935 0.69990295
v 0.11024310 0.34993935 0.70240265
v 0.12996587 0.34993935 0.70703048
v 0.12996587 0.36999923 0.70699668
v 0.14999603 0.36999923 0.71115160
v 0.16997495 0.38995123 0.71456337
v 0.18995389 0.40990329 0.71740085
v 0.18995389 0.42996314 0.71726573
v 0.19246405 0.42996314 0.71756971
v -0.00466135 0.32998729 0.66213715
v 0.00998987 0.32998729 0.66862291
v -0.04446552 0.30992740 0.64234227
v -0.03001922 0.30992740 0.64974004
v -0.01444590 0.30992740 0.65734047
v -0.00445644 0.30992740 0.66203582
v -0.04431184 0.28997540 0.64224094
v 0.19246405 0.50750649 0.57093191
v -0.15906259 0.52993906 0.37284750
v -0.29614878 -0.14993995 0.39395982
v -0.28544211 -0.16999984 0.40824866
v -0.30895579 -0.14993995 0.37284750
v -0.30168140 -0.16999984 0.38277873
v -0.27878249 -0.16999984 0.41824746
v -0.26889545 -0.18995187 0.43000281
v -0.26080143 -0.18995187 0.44115013
v -0.08995600 0.05001176 0.61065686
v -0.08995600 0.07007164 0.61140001
v -0.07807110 0.07007164 0.61886537
v -0.07863460 0.09002367 0.61920315
v -0.06869637 0.09002367 0.62501323
v -0.06920865 0.11008355 0.62528348
v -0.06956725 0.13003558 0.62555373
v -0.05220095 0.14998762 0.63578898
v -0.05261077 0.16993965 0.63595790
v -0.05291814 0.18999952 0.63616055
v -0.10199458 0.01010770 0.60133368
v -0.25301477 -0.18995187 0.45114893
v -0.24302532 -0.18995187 0.46374878
v -0.23539233 -0.16999984 0.47465962
v -0.23467514 -0.18995187 0.47374758
v -0.22468568 -0.18995187 0.48530024
v -0.21633552 -0.16999984 0.49610975
v -0.21705271 -0.14993995 0.49688670
v -0.19707379 -0.14993995 0.51718831
v -0.20634605 -0.16999984 0.50648016
v -0.17678750 -0.12998793 0.53725350
v -0.18703309 -0.14993995 0.52661288
v -0.16608083 -0.14993995 0.54515797
v -0.16679803 -0.12998793 0.54573220
v -0.15542540 -0.10992804 0.55630529
v -0.14466752 -0.12998793 0.56363547
v -0.13298753 -0.08997601 0.57478279
v -0.12294684 -0.08997601 0.58214676
v -0.10998616 -0.06991613 0.59217936
v -0.10814194 -0.04996410 0.59444261
v -0.11065212 -0.02990422 0.59363186
v -0.10020160 -0.04327747 0.60015136
v -0.04354341 0.22990359 0.64183557
v -0.04323605 0.20995155 0.64170045
v -0.04405569 0.26991552 0.64210582
v 0.03898492 0.32998729 0.68034446
v 0.02914914 0.30992740 0.67639220
v 0.03913860 0.30992740 0.68031067
v 0.04999895 0.30992740 0.68419534
v 0.06997786 0.30992740 0.69091749
v 0.08995679 0.30992740 0.69693029
v 0.10035609 0.30992740 0.69990295
v 0.10025363 0.32998729 0.69990295
v 0.11029431 0.32998729 0.70240265
v 0.12996587 0.32998729 0.70703048
v 0.14999603 0.30992740 0.71115160
v 0.16997495 0.34993935 0.71466470
v 0.16997495 0.36999923 0.71463090
v 0.19246405 0.41292304 0.71767110
v 0.18995389 0.36999923 0.71753597
v 0.19246405 0.37312680 0.71783996
v 0.19246405 0.39297101 0.71777242
v 0.00998987 0.30992740 0.66845399
v 0.02930282 0.28997540 0.67629087
v -0.03001922 0.28997540 0.64950359
v -0.01418976 0.28997540 0.65723914
v -0.00420030 0.28997540 0.66193449
v 0.00998987 0.24996346 0.66781217
v 0.19246405 0.48992711 0.56907398
v -0.15604013 0.51268321 0.37284750
v -0.29543155 -0.16999984 0.39277756
v -0.28467369 -0.18995187 0.40713394
v -0.30782875 -0.16590157 0.37284750
v -0.30752140 -0.16999984 0.37284750
v -0.30091298 -0.18995187 0.38152888
v -0.27801406 -0.18995187 0.41713274
v -0.26597548 -0.21022743 0.43182692
v -0.26028913 -0.20375651 0.44040698
v -0.08995600 0.03005973 0.60984612
v -0.07745636 0.05001176 0.61849374
v -0.06813286 0.07007164 0.62467545
v -0.05081780 0.09002367 0.63501203
v -0.05133007 0.11008355 0.63528228
v -0.05179112 0.13003558 0.63555253
v -0.04221149 0.14998762 0.64115995
v -0.04292868 0.18999952 0.64153153
v -0.08995600 0.01010770 0.60900164
v -0.09185144 -0.04996410 0.60518456
v -0.25362951 -0.21022743 0.44824386
v -0.24138601 -0.22996378 0.46172199
v -0.24220566 -0.20990390 0.46276915
v -0.23385550 -0.20990390 0.47276795
v -0.22386603 -0.20990390 0.48442197
v -0.21561833 -0.18995187 0.49529904
v -0.20562886 -0.18995187 0.50573701
v -0.19630536 -0.16999984 0.51647896
v -0.18631589 -0.16999984 0.52593726
v -0.17607030 -0.14993995 0.53661168
v -0.15388855 -0.14993995 0.55512297
v -0.15465698 -0.12998793 0.55573100
v -0.16531241 -0.16999984 0.54451615
v -0.13145068 -0.12998793 0.57363427
v -0.14389910 -0.14993995 0.56302744
v -0.12222965 -0.10992804 0.58160627
v -0.12146123 -0.12998793 0.58106583
v -0.10998616 -0.08997601 0.59116596
v -0.09922827 -0.06991613 0.59950954
v -0.09974055 -0.05665073 0.59981358
v -0.03001922 0.22990359 0.64869285
v -0.03001922 0.26991552 0.64923334
v -0.03001922 0.20995155 0.64838886
v 0.03929229 0.28997540 0.68024313
v 0.04999895 0.26991552 0.68392515
v 0.06997786 0.26991552 0.69068110
v 0.06997786 0.28997540 0.69081616
v 0.08995679 0.26991552 0.69676143
v 0.08995679 0.28997540 0.69686276
v 0.10045853 0.28997540 0.69986916
v 0.11049923 0.28997540 0.70236886
v 0.12996587 0.30992740 0.70699668
v 0.12996587 0.28997540 0.70696288
v 0.16997495 0.28997540 0.71459711
v 0.16997495 0.30992740 0.71463090
v 0.16997495 0.32998729 0.71466470
v 0.12996587 0.26991552 0.70689535
v 0.14999603 0.26991552 0.71101648
v 0.16997495 0.26991552 0.71452957
v 0.18995389 0.32998729 0.71760350
v 0.19246405 0.35317481 0.71787375
v 0.02976388 0.24996346 0.67608821
v 0.02950773 0.26991552 0.67618954
v -0.01342134 0.22990359 0.65683377
v -0.00343188 0.22990359 0.66159672
v 0.00998987 0.22990359 0.66757572
v 0.19246405 0.48744658 0.56883752
v -0.15557909 0.50998700 0.37284750
v -0.29466313 -0.18995187 0.39152771
v -0.28385404 -0.20990390 0.40595162
v -0.27724564 -0.20990390 0.41595045
v -0.30634314 -0.18553007 0.37284750
v -0.30034947 -0.20440361 0.38061684
v -0.26638529 -0.22996378 0.42892188
v -0.25972563 -0.21702191 0.43969759
v -0.07679040 0.03005973 0.61808842
v -0.06685216 0.03005973 0.62393230
v -0.06751813 0.05001176 0.62430388
v -0.05004937 0.05001176 0.63406622
v -0.04082833 0.09002367 0.64041680
v -0.04820517 0.06888530 0.63572145
v -0.04134061 0.11008355 0.64068705
v -0.04180166 0.13003558 0.64092350
v -0.03001922 0.13003558 0.64690250
v -0.03001922 0.14998762 0.64730787
v -0.03001922 0.16993965 0.64767945
v -0.03001922 0.18999952 0.64805102
v -0.07607321 0.01010770 0.61768305
v -0.08995600 -0.00995219 0.60812336
v -0.08923881 -0.06991613 0.60589391
v -0.07387040 -0.04996410 0.61636561
v -0.07463882 -0.02990422 0.61680478
v -0.07535601 -0.00995219 0.61724389
v -0.25055581 -0.22996378 0.45000041
v -0.23303585 -0.22996378 0.47172078
v -0.24061759 -0.24624896 0.46077615
v -0.22299516 -0.22996378 0.48347613
v -0.21479867 -0.20990390 0.49442077
v -0.21397902 -0.22996378 0.49347496
v -0.20398957 -0.22996378 0.50411558
v -0.20480922 -0.20990390 0.50496006
v -0.19553694 -0.18995187 0.51573581
v -0.19476852 -0.20990390 0.51495886
v -0.18554747 -0.18995187 0.52522790
v -0.17530188 -0.16999984 0.53593606
v -0.15306892 -0.16999984 0.55448115
v -0.14307946 -0.16999984 0.56241941
v -0.17453346 -0.18995187 0.53522670
v -0.16449276 -0.18995187 0.54384053
v -0.13068227 -0.14993995 0.57302624
v -0.10998616 -0.10992804 0.59011877
v -0.10998616 -0.12998793 0.58900404
v -0.12064158 -0.14993995 0.58049154
v -0.09845985 -0.08997601 0.59900284
v -0.01311397 0.20995155 0.65666485
v 0.03980457 0.24996346 0.68007421
v 0.03990702 0.23842365 0.68000668
v 0.04999895 0.24996346 0.68372244
v 0.06997786 0.22990359 0.69034326
v 0.06997786 0.24996346 0.69054592
v 0.08995679 0.24996346 0.69662631
v 0.10086836 0.24996346 0.69976783
v 0.11090906 0.24996346 0.70226753
v 0.18995389 0.28997540 0.71753597
v 0.18995389 0.30992740 0.71756971
v 0.12996587 0.24996346 0.70679402
v 0.14999603 0.22990359 0.71084756
v 0.14999603 0.24996346 0.71094888
v 0.16997495 0.24996346 0.71446198
v 0.18995389 0.26991552 0.71746838
v 0.19246405 0.32998729 0.71790755
v 0.02996879 0.20995155 0.67564905
v 0.03196668 0.23108992 0.67673004
v -0.00312451 0.20995155 0.66142780
v 0.00998987 0.20995155 0.66727173
v 0.19246405 0.46997505 0.56718236
v -0.15214682 0.48841721 0.37284750
v -0.29497051 -0.21065885 0.38838619
v -0.28303438 -0.22996378 0.40466803
v -0.27637476 -0.22996378 0.41466683
v -0.30444771 -0.20990390 0.37284750
v -0.29978597 -0.21777686 0.37970477
v -0.25916213 -0.22996378 0.43892068
v -0.26546317 -0.24991581 0.42763823
v -0.06541778 -0.00995219 0.62312156
v -0.05004937 0.01010770 0.63254613
v -0.05004937 0.03005973 0.63332307
v -0.03954763 0.05001176 0.63974124
v -0.03001922 0.09002367 0.64585537
v -0.03001922 0.11008355 0.64639580
v -0.03990623 0.06155159 0.63994390
v -0.03196589 0.06888530 0.64423394
v -0.01096240 0.11008355 0.65571904
v -0.01147468 0.13003558 0.65595549
v -0.01188450 0.14998762 0.65615815
v -0.01234555 0.16993965 0.65632707
v -0.07310198 -0.06991613 0.61589271
v -0.08847038 -0.08997601 0.60538721
v -0.06393217 -0.04996410 0.62227708
v -0.24691865 -0.25174925 0.45199344
v -0.23359935 -0.25174925 0.46847793
v -0.22207305 -0.24991581 0.48239520
v -0.23995163 -0.25951436 0.45996544
v -0.21300569 -0.24991581 0.49239400
v -0.20301624 -0.24991581 0.50316972
v -0.19389763 -0.22996378 0.51411438
v -0.18477905 -0.20990390 0.52448475
v -0.18390818 -0.22996378 0.52370781
v -0.15224928 -0.18995187 0.55380559
v -0.14225981 -0.18995187 0.56174380
v -0.12996508 -0.18995187 0.57099944
v -0.17366257 -0.20990390 0.53448355
v -0.16280225 -0.22996378 0.54238802
v -0.16367312 -0.20990390 0.54313117
v -0.12012930 -0.16201901 0.58011997
v -0.09682055 -0.12998793 0.59792191
v -0.10998616 -0.14993995 0.58785552
v -0.08765074 -0.10992804 0.60488051
v -0.08683109 -0.12998793 0.60434008
v 0.04041930 0.20995155 0.67980397
v 0.05046000 0.20995155 0.68345219
v 0.04810350 0.23108992 0.68284416
v 0.08995679 0.22990359 0.69645739
v 0.06997786 0.20995155 0.69010681
v 0.08995679 0.20995155 0.69625473
v 0.11116520 0.22990359 0.70219994
v 0.10153432 0.20995155 0.69959891
v 0.19246405 0.28997540 0.71783996
v 0.19246405 0.30992740 0.71787375
v 0.12996587 0.22990359 0.70665890
v 0.14999603 0.20995155 0.71067870
v 0.16997495 0.20995155 0.71422553
v 0.16997495 0.22990359 0.71436065
v 0.18995389 0.24996346 0.71740085
v 0.19246405 0.26991552 0.71777242
v 0.02996879 0.18999952 0.67534506
v 0.04082913 0.18999952 0.67966890
v -0.00271469 0.18999952 0.66125894
v 0.00998987 0.18999952 0.66693389
v 0.19246405 0.44991520 0.56556094
v -0.14943174 0.46922013 0.37284750
v -0.29230666 -0.22996378 0.39000762
v -0.28211230 -0.24991581 0.40328306
v -0.27545264 -0.24991581 0.41328186
v -0.30275717 -0.22996378 0.37284750
v -0.29927367 -0.22996378 0.37882650
v -0.25818878 -0.24991581 0.43763703
v -0.26438740 -0.26997569 0.42618570
v -0.05004937 -0.00995219 0.63173544
v -0.05004937 -0.02990422 0.63092470
v -0.03739605 -0.00995219 0.63859272
v -0.03811324 0.01010770 0.63899803
v -0.02884097 0.03005973 0.64450419
v -0.01039889 0.09002367 0.65544879
v -0.01004029 0.05001176 0.65440160
v -0.02955817 0.05001176 0.64480817
v -0.01004029 0.03005973 0.65375984
v -0.00040942 0.09002367 0.66014421
v -0.00092170 0.11008355 0.66041440
v -0.00143398 0.13003558 0.66065085
v -0.00189504 0.14998762 0.66085356
v -0.00230486 0.16993965 0.66105622
v -0.06316374 -0.06991613 0.62180418
v -0.07228233 -0.08997601 0.61538601
v -0.06234410 -0.08997601 0.62133127
v -0.05004937 -0.06991613 0.62916815
v -0.05004937 -0.04996410 0.63004643
v -0.22099726 -0.26997569 0.48117912
v -0.24712355 -0.26997569 0.44922349
v -0.23933689 -0.26997569 0.45922229
v -0.23032077 -0.26997569 0.47003180
v -0.21192990 -0.26997569 0.49117792
v -0.20194045 -0.26997569 0.50202119
v -0.19292432 -0.24991581 0.51316851
v -0.18293485 -0.24991581 0.52279574
v -0.17279170 -0.22996378 0.53370661
v -0.15137839 -0.20990390 0.55309618
v -0.14138892 -0.20990390 0.56106818
v -0.12996508 -0.20990390 0.56964827
v -0.11889983 -0.18995187 0.57924169
v -0.14000577 -0.23999372 0.55998725
v -0.15045628 -0.22996378 0.55235302
v -0.16177768 -0.24991581 0.54154354
v -0.14799735 -0.24797454 0.55285972
v -0.10891037 -0.18995187 0.58613276
v -0.09594968 -0.14993995 0.59734762
v -0.08596021 -0.14993995 0.60379958
v -0.07059181 -0.12998793 0.61433887
v 0.05133087 0.16993965 0.68314815
v 0.06997786 0.18999952 0.68983656
v 0.08995679 0.18999952 0.69601828
v 0.11152379 0.20995155 0.70209861
v 0.12996587 0.20995155 0.70648998
v 0.10199538 0.18999952 0.69946378
v 0.11203606 0.18999952 0.70199728
v 0.14999603 0.18999952 0.71047598
v 0.16997495 0.18999952 0.71402287
v 0.18995389 0.20995155 0.71713060
v 0.18995389 0.22990359 0.71729946
v 0.19246405 0.24996346 0.71770483
v 0.02996879 0.16993965 0.67497349
v 0.04129018 0.16993965 0.67949998
v 0.00998987 0.16993965 0.66656232
v 0.19246405 0.42996314 0.56407458
v -0.14697278 0.44894454 0.37284750
v -0.29046243 -0.24991581 0.39000762
v -0.28108773 -0.26997569 0.40172917
v -0.27442807 -0.26997569 0.41172796
v -0.30183506 -0.24031726 0.37284750
v -0.30096421 -0.24991581 0.37284750
v -0.29835159 -0.24991581 0.37727264
v -0.25711301 -0.26997569 0.43618453
v -0.26315790 -0.28992772 0.42446294
v -0.03580799 -0.04996410 0.63778198
v -0.03662763 -0.02990422 0.63818735
v -0.02663817 -0.02990422 0.64338940
v -0.02812378 0.01010770 0.64413261
v -0.01004029 -0.00995219 0.65234107
v -0.00804240 0.07158153 0.65602303
v -0.00005083 0.07923879 0.66000903
v 0.00158846 0.03005973 0.65926588
v 0.00998987 0.09002367 0.66477203
v 0.00998987 0.11008355 0.66527867
v 0.00998987 0.13003558 0.66575164
v -0.06014129 -0.14109635 0.62004763
v -0.05004937 -0.08997601 0.62822235
v -0.05004937 -0.12998793 0.62626308
v -0.03498834 -0.06991613 0.63734287
v -0.03411746 -0.08997601 0.63690370
v -0.22022885 -0.28194690 0.48033464
v -0.24584286 -0.28992772 0.44756830
v -0.23805620 -0.28992772 0.45756710
v -0.22658113 -0.28917277 0.47155190
v -0.20086466 -0.28615302 0.50094026
v -0.19179729 -0.26997569 0.51201999
v -0.18180783 -0.26997569 0.52174860
v -0.17176715 -0.24991581 0.53279454
v -0.14046682 -0.22996378 0.56035882
v -0.11797772 -0.20990390 0.57856613
v -0.12996508 -0.22996378 0.56822950
v -0.13150191 -0.24797454 0.56566226
v -0.13923734 -0.25336698 0.55937922
v -0.16059944 -0.26997569 0.54056388
v -0.14999524 -0.26997569 0.54914397
v -0.10793704 -0.20990390 0.58549094
v -0.09410547 -0.18995187 0.59613156
v -0.09502757 -0.16999984 0.59673959
v -0.08503811 -0.16999984 0.60322529
v -0.06808163 -0.14864576 0.61484557
v 0.05179192 0.14998762 0.68294549
v 0.06997786 0.14998762 0.68919474
v 0.06997786 0.16993965 0.68953252
v 0.08995679 0.16993965 0.69571424
v 0.10255888 0.16993965 0.69932866
v 0.12996587 0.18999952 0.70628732
v 0.11259958 0.16993965 0.70186216
v 0.14999603 0.16993965 0.71020573
v 0.16997495 0.16993965 0.71375263
v 0.18995389 0.18999952 0.71692789
v 0.19246405 0.21286348 0.71746838
v 0.19246405 0.19280359 0.71726573
v 0.19246405 0.22990359 0.71760350
v 0.02996879 0.14998762 0.67460191
v 0.02996879 0.13003558 0.67419654
v 0.04231474 0.13003558 0.67909461
v 0.19246405 0.40990329 0.56279099
v -0.14681910 0.44754252 0.37284750
v -0.28841335 -0.26997569 0.39000762
v -0.28037053 -0.28291756 0.40061444
v -0.27422318 -0.28971201 0.40834999
v -0.30019578 -0.25757307 0.37284750
v -0.29732701 -0.26997569 0.37554988
v -0.25583231 -0.28992772 0.43446174
v -0.26172352 -0.30998760 0.42240238
v -0.02581852 -0.04996410 0.64298409
v -0.01004029 -0.02990422 0.65156412
v 0.00317653 -0.00995219 0.65855652
v 0.00399619 -0.02990422 0.65818495
v 0.00035899 0.06597339 0.65980637
v 0.00819688 0.07158153 0.66345459
v 0.01316600 -0.00995219 0.66301548
v 0.01234635 0.01010770 0.66335326
v 0.01157793 0.03005973 0.66369104
v 0.01091196 0.05001176 0.66402882
v 0.02996879 0.07007164 0.67271024
v 0.02996879 0.09002367 0.67325073
v 0.02996879 0.11008355 0.67375743
v -0.05947533 -0.15446961 0.61967605
v -0.04871745 -0.16999984 0.62487811
v -0.05168867 -0.14864576 0.62437141
v -0.03129992 -0.14993995 0.63541740
v -0.03227325 -0.12998793 0.63592410
v -0.02499887 -0.06991613 0.64254493
v -0.02412800 -0.08997601 0.64207202
v -0.02228379 -0.12998793 0.64112616
v -0.21930674 -0.29521233 0.47921991
v -0.21008570 -0.29068267 0.49013075
v -0.24430601 -0.30998760 0.44564283
v -0.23646812 -0.30998760 0.45564163
v -0.22647867 -0.30998760 0.46783614
v -0.19989133 -0.29941842 0.49992687
v -0.19036290 -0.29240826 0.51039863
v -0.18078327 -0.28539807 0.52080274
v -0.17058890 -0.26997569 0.53174740
v -0.15998471 -0.28000563 0.54002345
v -0.11695316 -0.22996378 0.57785672
v -0.10696370 -0.22996378 0.58478159
v -0.11587738 -0.24991581 0.57707977
v -0.12817210 -0.26997569 0.56616896
v -0.13816157 -0.26997569 0.55860227
v -0.09308091 -0.20990390 0.59548974
v -0.08411600 -0.18995187 0.60261726
v -0.06997707 -0.16999984 0.61244720
v -0.05870691 -0.16999984 0.61923695
v 0.05291894 0.11008355 0.68254018
v 0.06997786 0.13003558 0.68882316
v 0.08995679 0.14998762 0.69537646
v 0.10322486 0.14998762 0.69915974
v 0.11321431 0.14998762 0.70169324
v 0.12996587 0.16993965 0.70598328
v 0.12996587 0.14998762 0.70567930
v 0.14999603 0.14998762 0.70986795
v 0.16997495 0.14998762 0.71341485
v 0.18995389 0.14998762 0.71635365
v 0.18995389 0.16993965 0.71665770
v 0.19246405 0.18999952 0.71723193
v 0.19246405 0.16983180 0.71696168
v 0.04292948 0.11008355 0.67889190
v 0.19246405 0.39135328 0.56171000
v -0.14497489 0.42996314 0.37284750
v -0.28513473 -0.28971201 0.39156148
v -0.27949965 -0.29618296 0.39926326
v -0.29891509 -0.26997569 0.37284750
v -0.29840279 -0.27450535 0.37284750
v -0.29614878 -0.28992772 0.37355685
v -0.25434670 -0.30998760 0.43240118
v -0.27017617 -0.30998760 0.41000521
v -0.26059651 -0.32303730 0.42088228
v -0.01004029 -0.04996410 0.65075338
v 0.00486706 -0.04996410 0.65777957
v 0.01398565 -0.02990422 0.66264391
v 0.02996879 -0.00995219 0.67010921
v 0.02996879 0.01010770 0.67081857
v 0.02996879 0.03005973 0.67149419
v 0.02996879 0.05001176 0.67210221
v 0.04359544 0.09002367 0.67865551
v 0.04518351 0.05001176 0.67808121
v -0.04769289 -0.18995187 0.62430388
v -0.03001922 -0.18995187 0.63389730
v -0.02131046 -0.14993995 0.64065325
v -0.02832869 -0.17097047 0.63585657
v -0.01987607 -0.17841205 0.63991010
v -0.01004029 -0.06991613 0.64990890
v -0.01004029 -0.12998793 0.64707142
v -0.01004029 -0.08997601 0.64896309
v -0.21807727 -0.30998760 0.47783494
v -0.20808780 -0.30998760 0.48894846
v -0.24251303 -0.32993963 0.44327825
v -0.23462392 -0.32993963 0.45327705
v -0.22463445 -0.32993963 0.46560666
v -0.17980994 -0.29877132 0.51985693
v -0.19896922 -0.30998760 0.49894726
v -0.18892853 -0.30998760 0.50887853
v -0.15890890 -0.29327103 0.53911138
v -0.15132716 -0.28798646 0.54593486
v -0.13667595 -0.28992772 0.55742002
v -0.10588791 -0.24991581 0.58403844
v -0.09205635 -0.22996378 0.59478039
v -0.11459668 -0.26997569 0.57616776
v -0.10460721 -0.26997569 0.58316016
v -0.12668648 -0.28992772 0.56508797
v -0.08309145 -0.20990390 0.60197544
v -0.08206689 -0.22996378 0.60129988
v -0.06997707 -0.18995187 0.61126488
v -0.06997707 -0.20990390 0.61001503
v -0.05768235 -0.18995187 0.61862886
v 0.05363613 0.09002367 0.68230367
v 0.06997786 0.11008355 0.68838406
v 0.08995679 0.11008355 0.69459951
v 0.08995679 0.13003558 0.69500488
v 0.10394205 0.13003558 0.69895709
v 0.11393151 0.13003558 0.70152438
v 0.12996587 0.13003558 0.70530772
v 0.14999603 0.13003558 0.70949638
v 0.16997495 0.13003558 0.71304321
v 0.19246405 0.14998762 0.71662390
v 0.18995389 0.11008355 0.71554297
v 0.19246405 0.13003558 0.71625233
v 0.19246405 -0.42064050 0.52397805
v -0.14323314 0.40990329 0.37284750
v -0.28472492 -0.30998760 0.38764304
v -0.27847511 -0.30998760 0.39764184
v -0.29655859 -0.28992772 0.37284750
v -0.29394597 -0.30793849 0.37284750
v -0.26571932 -0.32983178 0.41142398
v -0.25926459 -0.33641055 0.41899061
v -0.25357831 -0.32983178 0.42851651
v 0.00578917 -0.06991613 0.65734047
v 0.01582985 -0.06991613 0.66183317
v 0.01485652 -0.04996410 0.66223854
v 0.02996879 -0.02990422 0.66936606
v 0.04692526 0.01010770 0.67743939
v 0.04600316 0.03005973 0.67777717
v 0.05435333 0.07007164 0.68199968
v 0.05517297 0.05001176 0.68172944
v -0.04661710 -0.20990390 0.62369585
v -0.03001922 -0.20990390 0.63271505
v -0.01004029 -0.14993995 0.64612556
v -0.01193573 -0.17097047 0.64413261
v -0.01921011 -0.18995187 0.63957232
v -0.00922064 -0.18995187 0.64443660
v 0.00681373 -0.08997601 0.65690130
v -0.21618183 -0.32993963 0.47560546
v -0.20614114 -0.32993963 0.48678654
v -0.24097618 -0.34417567 0.44131902
v -0.22238041 -0.34999952 0.46287051
v -0.17873415 -0.30998760 0.51887733
v -0.16874468 -0.30998760 0.52782893
v -0.19686887 -0.32993963 0.49678537
v -0.18687940 -0.32993963 0.50685173
v -0.15737206 -0.30998760 0.53782773
v -0.14738260 -0.30998760 0.54596865
v -0.13483174 -0.30998760 0.55596745
v -0.12484228 -0.30998760 0.56366926
v -0.09087810 -0.24991581 0.59403723
v -0.11305983 -0.28992772 0.57508677
v -0.10307037 -0.28992772 0.58211297
v -0.08811179 -0.26868150 0.59420615
v -0.06997707 -0.22996378 0.60869765
v -0.08088864 -0.24991581 0.60055673
v -0.05660656 -0.20990390 0.61802083
v 0.06997786 0.07007164 0.68733686
v 0.06997786 0.09002367 0.68787736
v 0.08995679 0.09002367 0.69412661
v 0.10476169 0.11008355 0.69875443
v 0.11475116 0.11008355 0.70128787
v 0.12996587 0.11008355 0.70486856
v 0.14999603 0.11008355 0.70909101
v 0.16997495 0.09002367 0.71216500
v 0.18995389 0.09002367 0.71507001
v 0.19246405 0.11256407 0.71588075
v 0.19246405 -0.42064050 0.66967005
v -0.08637004 -0.42064050 0.37284750
v -0.14174753 0.38995123 0.37284750
v -0.29343367 -0.31128180 0.37284750
v -0.28298318 -0.32993963 0.38487309
v -0.27673334 -0.32993963 0.39487189
v -0.26459229 -0.34999952 0.40679613
v -0.25772774 -0.34999952 0.41679496
v -0.24676496 -0.35043091 0.43155670
v 0.01680319 -0.08997601 0.66139400
v 0.02996879 -0.04996410 0.66858912
v 0.04892316 -0.02990422 0.67669624
v 0.04789860 -0.00995219 0.67706782
v 0.05891262 -0.02990422 0.68037826
v 0.05691473 0.01010770 0.68108761
v 0.05599262 0.03005973 0.68142539
v 0.06997786 0.05001176 0.68676263
v -0.04543885 -0.22996378 0.62305403
v -0.01803186 -0.20990390 0.63899803
v -0.03001922 -0.22996378 0.63143140
v 0.00998987 -0.16999984 0.65446919
v 0.00998987 -0.18995187 0.65338826
v -0.00804240 -0.20990390 0.64386237
v 0.01173162 -0.14993995 0.65625954
v 0.01962073 -0.14325333 0.66014421
v -0.21382535 -0.34999952 0.47290307
v -0.20383587 -0.34999952 0.48421931
v -0.23938812 -0.35744110 0.43922469
v -0.23354813 -0.35043091 0.44878435
v -0.22074112 -0.36261782 0.46094507
v -0.17658257 -0.32993963 0.51685053
v -0.16659310 -0.32993963 0.52593726
v -0.19440992 -0.34999952 0.49421811
v -0.18442047 -0.34999952 0.50441957
v -0.15511803 -0.32993963 0.53593606
v -0.14512858 -0.32993963 0.54421210
v -0.13257772 -0.32993963 0.55417717
v -0.12258825 -0.32993963 0.56194645
v -0.10004792 -0.32012540 0.58001864
v -0.11111317 -0.30998760 0.57366806
v -0.08017145 -0.26123995 0.60011756
v -0.10112371 -0.30998760 0.58076179
v -0.08995600 -0.28992772 0.59072679
v -0.07914688 -0.27450535 0.59947574
v -0.05547954 -0.22996378 0.61734527
v -0.06997707 -0.24991581 0.60721135
v 0.08995679 0.07007164 0.69358611
v 0.10568380 0.09002367 0.69851798
v 0.11567326 0.09002367 0.70105147
v 0.12996587 0.09002367 0.70439565
v 0.14999603 0.09002367 0.70861810
v 0.16997495 0.07007164 0.71165830
v 0.19246405 0.09250420 0.71540785
v 0.18995389 0.07007164 0.71456337
v 0.19149074 -0.42064050 0.66956872
v 0.19246405 -0.40996346 0.67318314
v -0.26423371 -0.42064050 0.37284750
v -0.29076982 -0.32670417 0.37284750
v -0.29020631 -0.32993963 0.37284750
v -0.28134388 -0.34600911 0.38220447
v -0.27555510 -0.35161725 0.38933200
v -0.27985826 -0.35938236 0.37977237
v -0.26203090 -0.36995152 0.40308034
v -0.25511512 -0.36995152 0.41307917
v -0.24512567 -0.36995152 0.42696264
v 0.02996879 -0.08997601 0.66686636
v 0.02996879 -0.06991613 0.66774464
v 0.04999895 -0.06991613 0.67551398
v 0.05174070 -0.04996410 0.67696649
v 0.05962981 -0.04338531 0.68010801
v 0.06823611 -0.04996410 0.68267524
v 0.06997786 -0.02990422 0.68399268
v 0.06997786 -0.00995219 0.68473583
v 0.06997786 0.01010770 0.68544519
v 0.06997786 0.03005973 0.68612081
v 0.08995679 0.05001176 0.69301188
v -0.04415815 -0.24991581 0.62234467
v -0.01675116 -0.22996378 0.63835627
v -0.00676170 -0.22996378 0.64325428
v -0.03001922 -0.24991581 0.62997890
v 0.02120880 -0.16999984 0.65946859
v 0.02038915 -0.15662658 0.65980637
v 0.02248950 -0.18995187 0.65892810
v 0.00998987 -0.20990390 0.65223974
v 0.02822704 -0.14993995 0.66335326
v 0.02996879 -0.12998793 0.66500849
v 0.02996879 -0.10992804 0.66595429
v -0.20168430 -0.36563760 0.48188850
v -0.22658113 -0.36952016 0.45114893
v -0.23764637 -0.36995152 0.43696144
v -0.21879447 -0.37599108 0.45858046
v -0.21023938 -0.37081435 0.47030205
v -0.17402118 -0.34999952 0.51441836
v -0.16403171 -0.34999952 0.52364028
v -0.18206397 -0.36650038 0.50205499
v -0.15245418 -0.34999952 0.53363907
v -0.14246471 -0.34999952 0.54205018
v -0.12084650 -0.34288150 0.56066287
v -0.10798826 -0.32810619 0.57282352
v -0.09815248 -0.33349866 0.57876879
v -0.09087810 -0.32810619 0.58454514
v -0.07566338 -0.30998760 0.59731388
v -0.08995600 -0.30998760 0.58809197
v -0.07146268 -0.26868150 0.60467786
v -0.07776373 -0.28992772 0.59863126
v -0.06782550 -0.28992772 0.60471165
v -0.05419884 -0.24991581 0.61660206
v -0.05266200 -0.26997569 0.61575758
v 0.10778415 0.05001176 0.69797748
v 0.10670836 0.07007164 0.69824773
v 0.11669782 0.07007164 0.70081496
v 0.12996587 0.07007164 0.70388895
v 0.14999603 0.07007164 0.70811141
v 0.16997495 0.05001176 0.71111780
v 0.19246405 0.07255216 0.71490115
v 0.18995389 0.05001176 0.71402287
v 0.18995389 -0.42064050 0.66939986
v 0.19246405 -0.40834573 0.67365611
v 0.18995389 -0.40996346 0.67287916
v -0.26028913 -0.42064050 0.37970477
v -0.26013547 -0.42031696 0.38024527
v -0.26843441 -0.40996346 0.37284750
v -0.28569824 -0.35161725 0.37284750
v -0.28549334 -0.35248002 0.37284750
v -0.28236842 -0.36531404 0.37284750
v -0.28113896 -0.36995152 0.37284750
v -0.27842388 -0.36995152 0.37740776
v -0.27048352 -0.36995152 0.39000762
v -0.26044285 -0.38138351 0.40071577
v -0.24205197 -0.38990358 0.42287529
v 0.04999895 -0.12998793 0.67281157
v 0.04999895 -0.08997601 0.67463571
v 0.06034701 -0.05665073 0.67983776
v 0.06249858 -0.08997601 0.67916214
v 0.07248804 -0.08997601 0.68240499
v 0.07120734 -0.06991613 0.68281037
v 0.08995679 -0.04996410 0.68943119
v 0.08995679 -0.00995219 0.69098508
v 0.08995679 0.01010770 0.69169444
v 0.08995679 0.03005973 0.69237006
v 0.10896239 0.03005973 0.69767344
v -0.04267254 -0.26997569 0.62150013
v -0.01526555 -0.24991581 0.63764685
v 0.00998987 -0.22996378 0.65098989
v -0.00527608 -0.24991581 0.64251113
v -0.03001922 -0.26997569 0.62828988
v 0.03119826 -0.16999984 0.66355592
v 0.03247896 -0.18995187 0.66301548
v 0.02392388 -0.20990390 0.65835387
v 0.04999895 -0.14993995 0.67186576
v -0.19963518 -0.37890300 0.47965902
v -0.19082397 -0.37275562 0.49094146
v -0.23457269 -0.38990358 0.43287408
v -0.22458322 -0.38990358 0.44577795
v -0.21648920 -0.38990358 0.45577675
v -0.20649974 -0.38990358 0.46749833
v -0.16172644 -0.36531404 0.52161348
v -0.17991239 -0.37976578 0.49996066
v -0.17084503 -0.37253991 0.51083773
v -0.14067173 -0.36197072 0.54059768
v -0.12853070 -0.34967595 0.55309618
v -0.11879738 -0.35625476 0.55910897
v -0.11126685 -0.34967595 0.56603384
v -0.09559108 -0.34999952 0.57704604
v -0.08560161 -0.34999952 0.58366686
v -0.07299952 -0.32993963 0.59565866
v -0.06306129 -0.32993963 0.60184038
v -0.06572515 -0.30998760 0.60342801
v -0.04876867 -0.29165331 0.61572385
v -0.04123816 -0.28604516 0.62068945
v 0.11777361 0.05001176 0.70054471
v 0.12996587 0.05001176 0.70334846
v 0.14999603 0.05001176 0.70757091
v 0.16997495 0.03005973 0.71054351
v 0.19246405 0.05249228 0.71436065
v 0.18995389 0.03005973 0.71344864
v 0.19246405 0.03005973 0.71375263
v 0.19246405 0.03254025 0.71382022
v 0.16997495 -0.40996346 0.66987276
v 0.17002618 -0.42064050 0.66639340
v 0.19246405 -0.39119777 0.67848659
v 0.18836582 -0.38990358 0.67831767
v -0.25967443 -0.42064050 0.38065061
v -0.25552493 -0.40996346 0.39321667
v -0.26203090 -0.40996346 0.38321787
v -0.24302532 -0.42064050 0.40541118
v -0.27473545 -0.39141348 0.37284750
v -0.27955091 -0.37534401 0.37284750
v -0.26464355 -0.38882509 0.39044672
v -0.25824004 -0.39475676 0.39740539
v -0.24025901 -0.40079632 0.42044315
v 0.06526490 -0.12998793 0.67825013
v 0.07530558 -0.12998793 0.68149298
v 0.08995679 -0.08997601 0.68774223
v 0.08995679 -0.06991613 0.68862051
v 0.10998695 -0.04996410 0.69500488
v 0.10998695 -0.02990422 0.69578183
v 0.10998695 -0.00995219 0.69652498
v 0.11183116 0.01097049 0.69777483
v 0.11972028 0.01819636 0.70003808
v 0.11900309 0.03005973 0.70024073
v -0.01352380 -0.26997569 0.63676858
v -0.00353433 -0.26997569 0.64166665
v 0.02546072 -0.22996378 0.65771204
v 0.00998987 -0.24991581 0.64953732
v -0.03196589 -0.29165331 0.62501323
v 0.04999895 -0.16999984 0.67085236
v 0.04999895 -0.18995187 0.66977143
v 0.03391334 -0.20990390 0.66244119
v 0.06669928 -0.14993995 0.67777717
v -0.19768852 -0.38990358 0.47749713
v -0.18769905 -0.38990358 0.48807019
v -0.22191937 -0.40500239 0.44246754
v -0.20276009 -0.40996346 0.46320832
v -0.15952364 -0.37868729 0.51962048
v -0.15009770 -0.37038293 0.53015977
v -0.17801696 -0.38990358 0.49806899
v -0.16802749 -0.38990358 0.50762868
v -0.13836648 -0.37534401 0.53870600
v -0.13098964 -0.36919659 0.54620510
v -0.11638965 -0.36995152 0.55731863
v -0.10634896 -0.36995152 0.56458127
v -0.09195389 -0.36995152 0.57458007
v -0.08196443 -0.36995152 0.58130229
v -0.06864514 -0.34978381 0.59447634
v -0.06106340 -0.34298936 0.60062426
v -0.05004937 -0.32993963 0.60947454
v -0.05004937 -0.30998760 0.61264986
v -0.03990623 -0.29941842 0.61991251
v 0.12996587 0.03005973 0.70277423
v 0.14999603 0.03005973 0.70699668
v 0.16997495 0.01010770 0.70993555
v 0.18995389 0.01010770 0.71284056
v 0.19246405 0.01010770 0.71314460
v 0.14999603 -0.40996346 0.66629207
v 0.15542620 -0.42064050 0.66389370
v 0.16997495 -0.38990358 0.67548019
v 0.19246405 -0.38494256 0.68014181
v 0.18063039 -0.37955007 0.67990530
v -0.24461338 -0.40845355 0.41010654
v -0.24041268 -0.42064050 0.40919450
v -0.23774883 -0.41406170 0.41686249
v -0.21935797 -0.41837564 0.43919089
v 0.07673997 -0.14993995 0.68102002
v 0.08995679 -0.12998793 0.68591809
v 0.10998695 -0.08997601 0.69328213
v 0.10998695 -0.06991613 0.69416034
v 0.12520167 -0.04996410 0.69878817
v 0.12182063 -0.00995219 0.69956511
v 0.12842904 0.01097049 0.70179462
v -0.01137222 -0.28992772 0.63575518
v 0.00998987 -0.26997569 0.64781457
v -0.00138276 -0.28992772 0.64065325
v 0.03545018 -0.22996378 0.66179937
v 0.02725370 -0.24991581 0.65700269
v -0.02858483 -0.30998760 0.62450653
v 0.06828734 -0.16999984 0.67727053
v 0.04999895 -0.20990390 0.66862291
v 0.06997786 -0.20990390 0.67558151
v 0.07827681 -0.16999984 0.68051338
v -0.19379519 -0.40996346 0.47320712
v -0.18380573 -0.40996346 0.48401663
v -0.21382535 -0.41093412 0.44949374
v -0.20055729 -0.42064050 0.46067482
v -0.15732084 -0.38990358 0.51762748
v -0.14733139 -0.38990358 0.52637643
v -0.17391872 -0.40996346 0.49401543
v -0.16392925 -0.40996346 0.50377774
v -0.13549770 -0.38990358 0.53637522
v -0.12550825 -0.38990358 0.54438102
v -0.11234264 -0.38990358 0.55434602
v -0.10230196 -0.38990358 0.56167626
v -0.07996654 -0.37998149 0.57998484
v -0.06997707 -0.36995152 0.58886892
v -0.05870691 -0.35636258 0.59920555
v -0.05122762 -0.34978381 0.60494810
v -0.03211957 -0.34999952 0.61572385
v -0.03565430 -0.32993963 0.61761546
v -0.03857430 -0.30998760 0.61920315
v 0.13186131 -0.00995219 0.70182836
v 0.14999603 -0.00995219 0.70567930
v 0.14999603 0.01010770 0.70635486
v 0.16997495 -0.00995219 0.70925993
v 0.18995389 -0.00995219 0.71219873
v 0.19246405 -0.00995219 0.71246898
v 0.13073429 -0.40985563 0.66230607
v 0.13754763 -0.42064050 0.66054952
v 0.13852096 -0.42064050 0.66075224
v 0.14999603 -0.42064050 0.66291410
v 0.14999603 -0.38990358 0.67189956
v 0.16997495 -0.37566754 0.67902708
v 0.19246405 -0.38008931 0.68132406
v 0.18836582 -0.37167713 0.68270904
v 0.16997495 -0.36563760 0.68125653
v -0.23677549 -0.42064050 0.41429526
v -0.22038253 -0.42064050 0.43648851
v -0.21879447 -0.42064050 0.43851531
v 0.08995679 -0.14993995 0.68497229
v 0.10998695 -0.12998793 0.69139045
v 0.12699465 -0.06991613 0.69834906
v 0.12996587 -0.12998793 0.69625473
v 0.12996587 -0.10992804 0.69720054
v 0.13519113 -0.04996410 0.70108521
v 0.13350061 -0.02990422 0.70145679
v -0.00809363 -0.30826202 0.63507962
v -0.00015329 -0.30049691 0.64004523
v 0.00998987 -0.28992772 0.64578778
v 0.02996879 -0.28992772 0.65436786
v 0.03124949 -0.27105418 0.65683377
v 0.04999895 -0.22996378 0.66733927
v 0.03724317 -0.24991581 0.66109002
v 0.03878000 -0.26512250 0.66044819
v -0.02566484 -0.32993963 0.62295270
v -0.01004029 -0.32993963 0.63085717
v 0.07161717 -0.19005972 0.67727053
v 0.07940382 -0.18348095 0.68017554
v 0.08191399 -0.20990390 0.67943239
v 0.08058207 -0.19674635 0.67980397
v 0.06997786 -0.22996378 0.67429787
v -0.20024993 -0.42064050 0.46101260
v -0.18150046 -0.42064050 0.48158449
v -0.18016854 -0.42064050 0.48293567
v -0.15312015 -0.40996346 0.51377654
v -0.14307946 -0.40996346 0.52272820
v -0.16152154 -0.42064050 0.50148076
v -0.12228088 -0.40478674 0.54184753
v -0.10009915 -0.40014920 0.56005484
v -0.08795810 -0.38796231 0.57211417
v -0.07684162 -0.39335474 0.57795805
v -0.07007953 -0.38796231 0.58383572
v -0.05599182 -0.36995152 0.59755033
v -0.04595113 -0.36995152 0.60346180
v -0.02213011 -0.34999952 0.62106103
v -0.02013221 -0.36024514 0.62004763
v 0.14999603 -0.02990422 0.70493615
v 0.16997495 -0.02990422 0.70855057
v 0.18995389 -0.02990422 0.71148938
v 0.19246405 -0.02753153 0.71186095
v 0.11608309 -0.40316901 0.66095489
v 0.12458694 -0.41654226 0.65896189
v 0.12996587 -0.38990358 0.66767704
v 0.12668729 -0.42064050 0.65801609
v 0.15107182 -0.36876521 0.67716920
v 0.12996587 -0.36995152 0.67247379
v 0.15844865 -0.36132365 0.68027687
v 0.19246405 -0.37135360 0.68328333
v 0.18995389 -0.34999952 0.68743819
v 0.16997495 -0.34999952 0.68439806
v 0.08995679 -0.16999984 0.68395889
v 0.10998695 -0.14993995 0.69041085
v 0.13114412 -0.09191729 0.69831526
v 0.13862342 -0.08652484 0.70030832
v 0.13698411 -0.06991613 0.70064610
v 0.10998695 -0.16999984 0.68939745
v 0.12996587 -0.16999984 0.69422793
v 0.14359254 -0.12998793 0.69926113
v 0.14118481 -0.10992804 0.69973403
v 0.14000657 -0.09979025 0.69997048
v 0.14999603 -0.04996410 0.70415920
v 0.00179338 -0.31376231 0.63916695
v 0.00906776 -0.30826202 0.64315295
v 0.04200737 -0.28992772 0.65923214
v 0.04031685 -0.27849576 0.65984017
v 0.02996879 -0.30998760 0.65190190
v 0.04999895 -0.24991581 0.66588676
v 0.06997786 -0.24991581 0.67287916
v 0.04820596 -0.27105418 0.66342080
v -0.01004029 -0.34999952 0.62717515
v 0.00455970 -0.32993963 0.63788331
v 0.09190346 -0.20990390 0.68230367
v 0.08406557 -0.22996378 0.67879057
v 0.09405504 -0.22996378 0.68169564
v 0.08831750 -0.19005972 0.68240499
v -0.16008715 -0.42064050 0.50279814
v -0.14062050 -0.42064050 0.52056628
v -0.12935033 -0.41082624 0.53377420
v -0.10957633 -0.40920851 0.54968441
v -0.11910474 -0.41815999 0.53931403
v -0.09656441 -0.41352245 0.55758888
v -0.08995600 -0.40813002 0.56414217
v -0.07007953 -0.41179690 0.57606643
v -0.06352234 -0.40629658 0.58221430
v -0.04953709 -0.39108989 0.59559107
v -0.04257008 -0.38515821 0.60146880
v -0.02807255 -0.36811811 0.61379838
v -0.01695608 -0.37351057 0.61839241
v -0.01019398 -0.36811811 0.62315536
v 0.16997495 -0.04996410 0.70777363
v 0.18995389 -0.04996410 0.71071243
v 0.19246405 -0.04996410 0.71101648
v 0.10962835 -0.39033499 0.66274524
v 0.10276380 -0.39723727 0.65926588
v 0.10962835 -0.40985563 0.65730667
v 0.10983327 -0.42064050 0.65382737
v 0.12002765 -0.42064050 0.65642840
v 0.14507814 -0.35463703 0.67899328
v 0.13129781 -0.34870532 0.67713541
v 0.10998695 -0.34999952 0.67183197
v 0.10998695 -0.36995152 0.66771084
v 0.15107182 -0.34870532 0.68125653
v 0.19246405 -0.34999952 0.68774223
v 0.19246405 -0.34751898 0.68818134
v 0.18995389 -0.32993963 0.69095129
v 0.16997495 -0.32993963 0.68791115
v 0.10998695 -0.18995187 0.68831646
v 0.14999603 -0.06991613 0.70331466
v 0.14799814 -0.09191729 0.70192969
v 0.14610270 -0.14993995 0.69875443
v 0.12996587 -0.18995187 0.69311321
v 0.15091814 -0.17172542 0.69858551
v 0.15609217 -0.14993995 0.70074743
v 0.15363322 -0.12998793 0.70125413
v 0.15122551 -0.10992804 0.70172703
v 0.01454916 -0.32993963 0.64240980
v 0.05199683 -0.28992772 0.66291410
v 0.04528596 -0.30998760 0.65801609
v 0.02996879 -0.32993963 0.64896309
v 0.06997786 -0.26997569 0.67119014
v 0.08652452 -0.24991581 0.67808121
v 0.00998987 -0.36995152 0.63247859
v 0.02038915 -0.35905883 0.63980877
v 0.01055337 -0.35140154 0.63673484
v 0.01757161 -0.34568557 0.64105862
v 0.10998695 -0.20990390 0.68716800
v 0.10998695 -0.22996378 0.68591809
v 0.09651399 -0.24991581 0.68098629
v -0.12176859 -0.42064050 0.53600365
v -0.11833632 -0.42064050 0.53877360
v -0.10056020 -0.42064050 0.55174500
v -0.09390055 -0.42064050 0.55657548
v -0.08503811 -0.42064050 0.56275719
v -0.07873707 -0.42064050 0.56697965
v -0.05988515 -0.41966984 0.57988352
v -0.03929149 -0.39853147 0.59957713
v -0.05194481 -0.41179690 0.58745021
v -0.03155606 -0.39108989 0.60586011
v -0.01019398 -0.39195272 0.61697364
v -0.00363679 -0.38656029 0.62180418
v 0.16997495 -0.06991613 0.70692909
v 0.18995389 -0.06991613 0.70990175
v 0.19246405 -0.06743561 0.71030712
v 0.09656522 -0.38386402 0.66098869
v 0.08990557 -0.39033499 0.65740800
v 0.08995679 -0.40996346 0.65193570
v 0.08934206 -0.42064050 0.64821994
v 0.13887955 -0.34126377 0.68024313
v 0.12474062 -0.32993963 0.67892569
v 0.10998695 -0.32993963 0.67534506
v 0.08995679 -0.34999952 0.66639340
v 0.08990557 -0.36941230 0.66240740
v 0.14999603 -0.32993963 0.68429673
v 0.19246405 -0.32993963 0.69125533
v 0.18995389 -0.30998760 0.69389015
v 0.16997495 -0.30998760 0.69084996
v 0.14999603 -0.30998760 0.68726933
v 0.16997495 -0.08997601 0.70605087
v 0.15824375 -0.16622514 0.70034206
v 0.14999603 -0.18995187 0.69736946
v 0.12996587 -0.20990390 0.69196469
v 0.16013917 -0.17949054 0.69997048
v 0.16997495 -0.12998793 0.70415920
v 0.06997786 -0.28992772 0.66912961
v 0.05532666 -0.30998760 0.66169804
v 0.05081859 -0.33058673 0.65700269
v 0.05804174 -0.32433149 0.66068465
v 0.02822704 -0.35140154 0.64447039
v 0.04999895 -0.34999952 0.65332067
v 0.08995679 -0.28992772 0.67534506
v 0.09113504 -0.27062279 0.67767584
v 0.09856310 -0.26447541 0.68041205
v 0.00799197 -0.39195272 0.62595910
v 0.02330915 -0.36995152 0.63855892
v 0.03329861 -0.36995152 0.64274764
v 0.12996587 -0.22996378 0.69068110
v 0.10998695 -0.24991581 0.68449938
v -0.06090971 -0.42064050 0.57880259
v -0.03585921 -0.40996346 0.59765166
v -0.05952656 -0.42064050 0.57968086
v -0.04159675 -0.42064050 0.59028769
v -0.02586975 -0.40996346 0.60315776
v 0.00000040 -0.39993355 0.61998010
v 0.18995389 -0.08997601 0.70902348
v 0.19246405 -0.06991613 0.71020573
v 0.08324593 -0.37566754 0.65902942
v 0.06997786 -0.38990358 0.65136147
v 0.06828734 -0.41158119 0.64470685
v 0.06044945 -0.41945413 0.63980877
v 0.07187331 -0.42064050 0.64295030
v 0.07889155 -0.42064050 0.64511222
v 0.13473009 -0.32993963 0.68115520
v 0.12074484 -0.31872335 0.67980397
v 0.08995679 -0.32993963 0.66990650
v 0.11019187 -0.31117395 0.67821634
v 0.07453716 -0.34999952 0.66173184
v 0.07827681 -0.36240214 0.66051579
v 0.19246405 -0.30998760 0.69419414
v 0.18995389 -0.28992772 0.69635606
v 0.16997495 -0.28992772 0.69331586
v 0.14999603 -0.28992772 0.68973523
v 0.12996587 -0.28992772 0.68554652
v 0.12842904 -0.31117395 0.68257391
v 0.18995389 -0.12998793 0.70716560
v 0.18995389 -0.10992804 0.70811141
v 0.16997495 -0.14993995 0.70317960
v 0.14999603 -0.20990390 0.69618714
v 0.16188093 -0.18995187 0.69966650
v 0.17187040 -0.18995187 0.70132166
v 0.16807953 -0.17172542 0.70169324
v 0.06997786 -0.30998760 0.66669744
v 0.06111543 -0.33759689 0.65960371
v 0.06864594 -0.33058673 0.66318434
v 0.06454770 -0.34999952 0.65848899
v 0.04999895 -0.36995152 0.64923334
v 0.10332730 -0.28992772 0.67912841
v 0.10076591 -0.27774081 0.67977023
v 0.08995679 -0.30998760 0.67287916
v 0.10845011 -0.27062279 0.68237126
v 0.01331969 -0.40996346 0.62315536
v 0.03037861 -0.39044282 0.63646460
v 0.03734563 -0.38418761 0.64109242
v 0.14999603 -0.22996378 0.69490349
v 0.12996587 -0.24991581 0.68926233
v 0.12996587 -0.26997569 0.68757331
v -0.03217079 -0.42064050 0.59575999
v -0.02248870 -0.42064050 0.60133368
v -0.01004029 -0.40996346 0.61150134
v 0.00333022 -0.40996346 0.61835861
v 0.19246405 -0.08997601 0.70932746
v 0.07095121 -0.36941230 0.65659732
v 0.04897438 -0.39044282 0.64389610
v 0.05496806 -0.40608087 0.64183557
v 0.04897438 -0.41158119 0.63784957
v 0.04948666 -0.42064050 0.63497829
v 0.05921999 -0.42064050 0.63886297
v 0.06132033 -0.42064050 0.63963985
v 0.11700518 -0.30535010 0.68071604
v 0.19246405 -0.28992772 0.69666004
v 0.19246405 -0.28733936 0.69693029
v 0.19246405 -0.27019140 0.69868684
v 0.19097844 -0.26943645 0.69855177
v 0.16997495 -0.26997569 0.69534266
v 0.14999603 -0.26997569 0.69176203
v 0.11336800 -0.28992772 0.68162811
v 0.18995389 -0.14993995 0.70618594
v 0.19246405 -0.14745942 0.70662510
v 0.19246405 -0.12998793 0.70746958
v 0.19246405 -0.10992804 0.70841539
v 0.18995389 -0.16999984 0.70513880
v 0.16546689 -0.20990390 0.69909221
v 0.18995389 -0.18995187 0.70402408
v 0.17545636 -0.20990390 0.70071363
v 0.02996879 -0.40996346 0.63062072
v 0.01705933 -0.42064050 0.62136507
v 0.04164878 -0.39745298 0.63933587
v 0.17094830 -0.23050302 0.69865310
v 0.14999603 -0.24991581 0.69345099
v 0.16997495 -0.24991581 0.69706541
v -0.02008098 -0.42064050 0.60258353
v -0.00414907 -0.42064050 0.61072445
v 0.00732601 -0.42064050 0.61650074
v 0.02991756 -0.42064050 0.62693870
v 0.19246405 -0.26803440 0.69888955
v 0.18457493 -0.24991581 0.69932866
v 0.19246405 -0.16751930 0.70557791
v 0.19246405 -0.16999984 0.70544279
v 0.17822267 -0.22424778 0.70027453
v 0.18995389 -0.20990390 0.70284176
v 0.19246405 -0.18995187 0.70432806
v 0.01977441 -0.42064050 0.62258112
v 0.18114266 -0.23751318 0.69983536
v 0.19246405 -0.24991581 0.70040965
v 0.19246405 -0.20990390 0.70314580
v 0.18867320 -0.23050302 0.70132166
v 0.19246405 -0.22683617 0.70203108
v 0.19246405 -0.24279779 0.70095009
v 0.19246405 -0.23039517 0.70179462
f 1 2 3
f 1 3 4
f 1 4 5
f 1 5 6
f 1 6 13
f 1 13 25
f 1 25 45
f 1 45 44
f 1 44 67
f 1 67 77
f 1 77 107
f 1 107 142
f 1 142 178
f 1 178 219
f 1 219 261
f 1 261 316
f 1 316 379
f 1 379 454
f 1 454 522
f 1 522 521
f 1 521 595
f 1 595 672
f 1 672 745
f 1 745 744
f 1 744 818
f 1 818 881
f 1 881 949
f 1 949 1020
f 1 1020 1022
f 1 1022 1093
f 1 1093 1162
f 1 1162 1227
f 1 1227 1298
f 1 1298 1365
f 1 1365 1431
f 1 1431 1500
f 1 1500 1564
f 1 1564 1628
f 1 1628 1690
f 1 1690 1753
f 1 1753 1813
f 1 1813 1867
f 1 1867 1866
f 1 1866 1921
f 1 1921 1986
f 1 1986 2051
f 1 2051 2052
f 1 2052 1990
f 1 1990 1989
f 1 1989 1988
f 1 1988 1987
f 1 1987 1923
f 1 1923 1922
f 1 1922 1868
f 1 1868 1817
f 1 1817 1816
f 1 1816 1757
f 1 1757 1756
f 1 1756 1694
f 1 1694 1633
f 1 1633 1632
f 1 1632 1568
f 1 1568 1504
f 1 1504 1435
f 1 1435 1369
f 1 1369 1368
f 1 1368 1301
f 1 1301 1231
f 1 1231 1230
f 1 1230 1229
f 1 1229 1164
f 1 1164 1095
f 1 1095 1026
f 1 1026 1023
f 1 1023 952
f 1 952 883
f 1 883 882
f 1 882 820
f 1 820 819
f 1 819 747
f 1 747 746
f 1 746 673
f 1 673 597
f 1 597 596
f 1 596 523
f 1 523 456
f 1 456 455
f 1 455 382
f 1 382 381
f 1 381 380
f 1 380 319
f 1 319 262
f 1 262 220
f 1 220 180
f 1 180 179
f 1 179 143
f 1 143 110
f 1 110 109
f 1 109 108
f 1 108 78
f 1 78 50
f 1 50 26
f 1 26 14
f 1 14 7
f 1 7 2
f 2 7 8
f 2 8 3
f 3 9 10
f 3 10 4
f 3 8 16
f 3 16 9
f 4 10 5
f 5 11 12
f 5 12 6
f 5 10 11
f 6 12 13
f 7 14 8
f 8 14 15
f 8 15 29
f 8 29 16
f 9 17 10
f 9 16 18
f 9 18 17
f 10 19 11
f 10 17 19
f 11 20 21
f 11 21 22
f 11 22 23
f 11 23 12
f 11 19 20
f 12 23 24
f 12 24 25
f 12 25 13
f 14 26 15
f 15 26 27
f 15 27 28
f 15 28 29
f 16 29 18
f 17 30 31
f 17 31 32
f 17 32 19
f 17 18 30
f 18 29 28
f 18 28 33
f 18 33 34
f 18 34 30
f 19 35 20
f 19 32 35
f 20 36 37
f 20 37 22
f 20 22 21
f 20 35 38
f 20 38 39
f 20 39 36
f 22 40 41
f 22 41 42
f 22 42 43
f 22 43 23
f 22 37 36
f 22 36 40
f 23 43 24
f 24 44 45
f 24 45 25
f 24 43 46
f 24 46 47
f 24 47 48
f 24 48 49
f 24 49 44
f 26 50 51
f 26 51 27
f 27 51 28
f 28 51 80
f 28 80 52
f 28 52 83
f 28 83 53
f 28 53 54
f 28 54 33
f 30 34 55
f 30 55 31
f 31 56 57
f 31 57 58
f 31 58 32
f 31 55 59
f 31 59 56
f 32 58 35
f 33 54 60
f 33 60 34
f 34 61 59
f 34 59 55
f 34 60 62
f 34 62 61
f 35 58 38
f 36 39 64
f 36 64 63
f 36 63 40
f 38 58 39
f 39 58 65
f 39 65 96
f 39 96 64
f 40 66 46
f 40 46 41
f 40 63 66
f 41 46 42
f 42 46 43
f 44 49 67
f 46 68 69
f 46 69 70
f 46 70 71
f 46 71 72
f 46 72 47
f 46 66 68
f 47 72 73
f 47 73 48
f 48 73 72
f 48 72 71
f 48 71 74
f 48 74 75
f 48 75 76
f 48 76 49
f 49 76 77
f 49 77 67
f 50 78 79
f 50 79 80
f 50 80 51
f 52 80 79
f 52 79 81
f 52 81 82
f 52 82 83
f 53 83 60
f 53 60 54
f 56 59 57
f 57 59 84
f 57 84 85
f 57 85 86
f 57 86 87
f 57 87 88
f 57 88 122
f 57 122 89
f 57 89 58
f 58 89 65
f 59 61 84
f 60 83 90
f 60 90 91
f 60 91 62
f 61 62 84
f 62 91 92
f 62 92 93
f 62 93 84
f 63 94 68
f 63 68 66
f 63 64 94
f 64 95 94
f 64 96 97
f 64 97 95
f 65 89 122
f 65 122 96
f 68 98 69
f 68 94 99
f 68 99 98
f 69 100 101
f 69 101 102
f 69 102 70
f 69 98 103
f 69 103 100
f 70 102 71
f 71 102 74
f 74 104 105
f 74 105 75
f 74 102 104
f 75 105 106
f 75 106 76
f 76 106 77
f 77 106 107
f 78 108 79
f 79 108 81
f 81 108 109
f 81 109 110
f 81 110 111
f 81 111 112
f 81 112 82
f 82 112 146
f 82 146 113
f 82 113 114
f 82 114 115
f 82 115 83
f 83 115 90
f 84 93 116
f 84 116 117
f 84 117 86
f 84 86 85
f 86 117 118
f 86 118 87
f 87 118 119
f 87 119 88
f 88 119 120
f 88 120 121
f 88 121 128
f 88 128 122
f 90 115 114
f 90 114 123
f 90 123 124
f 90 124 91
f 91 124 125
f 91 125 92
f 92 126 116
f 92 116 93
f 92 125 156
f 92 156 126
f 94 95 127
f 94 127 99
f 95 97 129
f 95 129 127
f 96 122 128
f 96 128 97
f 97 128 130
f 97 130 129
f 98 99 131
f 98 131 103
f 99 127 132
f 99 132 131
f 100 133 134
f 100 134 135
f 100 135 101
f 100 103 136
f 100 136 133
f 101 135 102
f 102 135 104
f 103 131 137
f 103 137 136
f 104 135 138
f 104 138 139
f 104 139 105
f 105 139 140
f 105 140 106
f 106 140 107
f 107 140 141
f 107 141 142
f 110 143 111
f 111 143 144
f 111 144 145
f 111 145 112
f 112 145 146
f 113 146 153
f 113 153 147
f 113 147 123
f 113 123 114
f 116 148 117
f 116 126 157
f 116 157 148
f 117 148 118
f 118 149 151
f 118 151 119
f 118 148 150
f 118 150 149
f 119 151 152
f 119 152 120
f 120 152 121
f 121 152 160
f 121 160 128
f 123 147 124
f 124 147 153
f 124 153 154
f 124 154 155
f 124 155 125
f 125 155 194
f 125 194 156
f 126 156 158
f 126 158 157
f 127 129 159
f 127 159 132
f 128 160 130
f 129 130 159
f 130 161 159
f 130 160 162
f 130 162 161
f 131 132 163
f 131 163 137
f 132 159 164
f 132 164 163
f 133 136 165
f 133 165 166
f 133 166 167
f 133 167 168
f 133 168 169
f 133 169 134
f 134 169 135
f 135 169 170
f 135 170 138
f 136 137 165
f 137 171 165
f 137 163 172
f 137 172 171
f 138 170 173
f 138 173 139
f 139 173 174
f 139 174 175
f 139 175 140
f 140 175 176
f 140 176 141
f 141 176 177
f 141 177 142
f 142 177 178
f 143 179 144
f 144 180 181
f 144 181 182
f 144 182 145
f 144 179 180
f 145 182 146
f 146 182 183
f 146 183 224
f 146 224 184
f 146 184 153
f 148 157 186
f 148 186 150
f 149 150 185
f 149 185 188
f 149 188 151
f 150 186 187
f 150 187 185
f 151 188 189
f 151 189 152
f 152 189 162
f 152 162 160
f 153 184 190
f 153 190 154
f 154 190 155
f 155 190 191
f 155 191 192
f 155 192 193
f 155 193 194
f 156 194 195
f 156 195 158
f 157 158 186
f 158 195 196
f 158 196 197
f 158 197 186
f 159 161 198
f 159 198 199
f 159 199 164
f 161 162 200
f 161 200 198
f 162 189 201
f 162 201 200
f 163 164 202
f 163 202 172
f 164 199 203
f 164 203 202
f 165 171 204
f 165 204 166
f 166 204 205
f 166 205 167
f 167 206 207
f 167 207 208
f 167 208 168
f 167 205 209
f 167 209 206
f 168 208 169
f 169 208 210
f 169 210 170
f 170 210 211
f 170 211 173
f 171 172 212
f 171 212 204
f 172 202 213
f 172 213 212
f 173 211 214
f 173 214 174
f 174 214 215
f 174 215 216
f 174 216 176
f 174 176 175
f 176 216 217
f 176 217 177
f 177 217 218
f 177 218 219
f 177 219 178
f 180 220 181
f 181 220 221
f 181 221 222
f 181 222 182
f 182 222 223
f 182 223 183
f 183 223 224
f 184 224 190
f 185 225 226
f 185 226 229
f 185 229 188
f 185 187 225
f 186 197 228
f 186 228 187
f 187 227 225
f 187 228 270
f 187 270 227
f 188 229 201
f 188 201 189
f 190 224 230
f 190 230 231
f 190 231 191
f 191 231 271
f 191 271 232
f 191 232 193
f 191 193 192
f 193 195 194
f 193 232 233
f 193 233 234
f 193 234 195
f 195 234 196
f 196 235 197
f 196 234 233
f 196 233 236
f 196 236 237
f 196 237 238
f 196 238 235
f 197 235 228
f 198 200 239
f 198 239 199
f 199 239 203
f 200 201 240
f 200 240 239
f 201 229 241
f 201 241 240
f 202 203 242
f 202 242 213
f 203 239 243
f 203 243 242
f 204 244 205
f 204 212 254
f 204 254 244
f 205 244 245
f 205 245 209
f 206 246 247
f 206 247 207
f 206 209 248
f 206 248 249
f 206 249 246
f 207 247 208
f 208 247 250
f 208 250 251
f 208 251 210
f 209 245 287
f 209 287 248
f 210 251 252
f 210 252 211
f 211 252 253
f 211 253 214
f 212 213 254
f 213 255 254
f 213 242 256
f 213 256 255
f 214 253 257
f 214 257 215
f 215 257 258
f 215 258 216
f 216 258 217
f 217 258 259
f 217 259 218
f 218 259 219
f 219 260 261
f 219 259 260
f 220 262 263
f 220 263 221
f 221 263 264
f 221 264 222
f 222 264 223
f 223 264 322
f 223 322 265
f 223 265 266
f 223 266 224
f 224 266 267
f 224 267 230
f 225 241 226
f 225 227 268
f 225 268 269
f 225 269 241
f 226 241 229
f 227 270 268
f 228 235 276
f 228 276 270
f 230 267 231
f 231 267 272
f 231 272 273
f 231 273 328
f 231 328 271
f 232 271 233
f 233 271 274
f 233 274 275
f 233 275 236
f 235 238 277
f 235 277 276
f 236 275 278
f 236 278 279
f 236 279 237
f 237 280 277
f 237 277 238
f 237 279 338
f 237 338 280
f 239 240 281
f 239 281 243
f 240 241 283
f 240 283 281
f 241 282 283
f 241 269 284
f 241 284 282
f 242 243 285
f 242 285 256
f 243 286 285
f 243 281 341
f 243 341 286
f 244 254 288
f 244 288 245
f 245 288 287
f 246 249 289
f 246 289 247
f 247 289 290
f 247 290 250
f 248 287 291
f 248 291 292
f 248 292 249
f 249 292 293
f 249 293 294
f 249 294 295
f 249 295 296
f 249 296 297
f 249 297 289
f 250 290 298
f 250 298 299
f 250 299 251
f 251 299 252
f 252 299 300
f 252 300 253
f 253 300 301
f 253 301 257
f 254 255 302
f 254 302 288
f 255 256 304
f 255 304 302
f 256 303 304
f 256 285 305
f 256 305 303
f 257 301 306
f 257 306 307
f 257 307 258
f 258 307 308
f 258 308 259
f 259 308 260
f 260 309 310
f 260 310 311
f 260 311 261
f 260 308 312
f 260 312 313
f 260 313 314
f 260 314 315
f 260 315 309
f 261 311 317
f 261 317 318
f 261 318 316
f 262 319 263
f 263 319 320
f 263 320 321
f 263 321 322
f 263 322 264
f 265 322 323
f 265 323 266
f 266 323 324
f 266 324 272
f 266 272 267
f 268 325 284
f 268 284 269
f 268 270 326
f 268 326 387
f 268 387 325
f 270 276 327
f 270 327 326
f 271 328 274
f 272 324 329
f 272 329 330
f 272 330 331
f 272 331 273
f 273 331 392
f 273 392 328
f 274 328 392
f 274 392 332
f 274 332 333
f 274 333 275
f 275 333 334
f 275 334 278
f 276 277 327
f 277 280 335
f 277 335 336
f 277 336 327
f 278 334 401
f 278 401 337
f 278 337 338
f 278 338 279
f 280 338 335
f 281 283 339
f 281 339 340
f 281 340 341
f 282 342 283
f 282 284 343
f 282 343 342
f 283 342 339
f 284 325 344
f 284 344 343
f 285 286 345
f 285 345 305
f 286 341 408
f 286 408 345
f 287 288 346
f 287 346 347
f 287 347 291
f 288 302 369
f 288 369 346
f 289 348 290
f 289 297 348
f 290 349 298
f 290 348 349
f 291 350 293
f 291 293 292
f 291 347 351
f 291 351 350
f 293 350 352
f 293 352 353
f 293 353 294
f 294 353 352
f 294 352 354
f 294 354 355
f 294 355 295
f 295 356 357
f 295 357 358
f 295 358 359
f 295 359 296
f 295 355 360
f 295 360 361
f 295 361 356
f 296 359 348
f 296 348 297
f 298 362 363
f 298 363 299
f 298 349 362
f 299 363 364
f 299 364 300
f 300 365 366
f 300 366 301
f 300 364 365
f 301 366 367
f 301 367 368
f 301 368 306
f 302 304 370
f 302 370 369
f 303 370 304
f 303 305 371
f 303 371 370
f 305 345 414
f 305 414 371
f 306 368 314
f 306 314 313
f 306 313 307
f 307 313 312
f 307 312 308
f 309 372 373
f 309 373 310
f 309 315 374
f 309 374 375
f 309 375 372
f 310 373 376
f 310 376 311
f 311 318 317
f 311 376 452
f 311 452 519
f 311 519 593
f 311 593 670
f 311 670 742
f 311 742 816
f 311 816 879
f 311 879 933
f 311 933 935
f 311 935 1009
f 311 1009 1079
f 311 1079 1149
f 311 1149 1151
f 311 1151 1218
f 311 1218 1289
f 311 1289 1354
f 311 1354 1357
f 311 1357 1356
f 311 1356 1424
f 311 1424 1494
f 311 1494 1552
f 311 1552 1551
f 311 1551 1558
f 311 1558 1623
f 311 1623 1685
f 311 1685 1683
f 311 1683 1684
f 311 1684 1749
f 311 1749 1750
f 311 1750 1809
f 311 1809 1811
f 311 1811 1864
f 311 1864 1917
f 311 1917 1979
f 311 1979 2039
f 311 2039 2042
f 311 2042 2041
f 311 2041 2098
f 311 2098 2149
f 311 2149 2202
f 311 2202 2254
f 311 2254 2305
f 311 2305 2347
f 311 2347 2392
f 311 2392 2411
f 311 2411 2410
f 311 2410 2409
f 311 2409 2428
f 311 2428 2429
f 311 2429 2432
f 311 2432 2436
f 311 2436 2438
f 311 2438 2440
f 311 2440 2439
f 311 2439 2435
f 311 2435 2426
f 311 2426 2403
f 311 2403 2402
f 311 2402 2401
f 311 2401 2360
f 311 2360 2316
f 311 2316 2266
f 311 2266 2265
f 311 2265 2210
f 311 2210 2156
f 311 2156 2102
f 311 2102 2045
f 311 2045 1982
f 311 1982 1920
f 311 1920 1865
f 311 1865 1812
f 311 1812 1752
f 311 1752 1689
f 311 1689 1627
f 311 1627 1563
f 311 1563 1499
f 311 1499 1430
f 311 1430 1364
f 311 1364 1297
f 311 1297 1226
f 311 1226 1161
f 311 1161 1092
f 311 1092 1021
f 311 1021 951
f 311 951 950
f 311 950 948
f 311 948 880
f 311 880 817
f 311 817 743
f 311 743 671
f 311 671 594
f 311 594 520
f 311 520 453
f 311 453 378
f 311 378 318
f 314 368 315
f 315 368 377
f 315 377 374
f 316 318 378
f 316 378 379
f 319 380 320
f 320 381 382
f 320 382 383
f 320 383 384
f 320 384 321
f 320 380 381
f 321 384 323
f 321 323 322
f 323 384 385
f 323 385 386
f 323 386 329
f 323 329 324
f 325 387 388
f 325 388 389
f 325 389 344
f 326 327 390
f 326 390 387
f 327 336 391
f 327 391 390
f 329 386 330
f 330 393 331
f 330 386 394
f 330 394 393
f 331 393 395
f 331 395 392
f 332 392 396
f 332 396 333
f 333 396 397
f 333 397 398
f 333 398 399
f 333 399 334
f 334 399 400
f 334 400 401
f 335 402 405
f 335 405 336
f 335 338 403
f 335 403 404
f 335 404 402
f 336 405 391
f 337 401 406
f 337 406 338
f 338 406 403
f 339 407 340
f 339 342 409
f 339 409 407
f 340 407 408
f 340 408 341
f 342 343 410
f 342 410 409
f 343 344 411
f 343 411 410
f 344 389 412
f 344 412 411
f 345 413 414
f 345 408 480
f 345 480 413
f 346 369 415
f 346 415 347
f 347 415 420
f 347 420 351
f 348 359 358
f 348 358 416
f 348 416 417
f 348 417 349
f 349 417 362
f 350 418 352
f 350 351 419
f 350 419 418
f 351 420 421
f 351 421 419
f 352 418 422
f 352 422 423
f 352 423 424
f 352 424 355
f 352 355 354
f 355 424 360
f 356 425 357
f 356 361 426
f 356 426 427
f 356 427 425
f 357 425 427
f 357 427 358
f 358 427 416
f 360 424 428
f 360 428 429
f 360 429 430
f 360 430 361
f 361 430 429
f 361 429 431
f 361 431 432
f 361 432 426
f 362 433 434
f 362 434 435
f 362 435 363
f 362 417 436
f 362 436 433
f 363 435 365
f 363 365 364
f 365 435 437
f 365 437 438
f 365 438 366
f 366 438 367
f 367 439 377
f 367 377 368
f 367 438 439
f 369 370 440
f 369 440 415
f 370 371 441
f 370 441 440
f 371 414 442
f 371 442 441
f 372 375 443
f 372 443 444
f 372 444 445
f 372 445 373
f 373 445 376
f 374 377 446
f 374 446 447
f 374 447 448
f 374 448 449
f 374 449 375
f 375 449 448
f 375 448 450
f 375 450 451
f 375 451 443
f 376 445 452
f 377 439 446
f 378 453 454
f 378 454 379
f 382 455 383
f 383 455 456
f 383 456 457
f 383 457 384
f 384 457 458
f 384 458 459
f 384 459 385
f 385 459 460
f 385 460 386
f 386 460 394
f 387 390 388
f 388 461 412
f 388 412 389
f 388 390 391
f 388 391 462
f 388 462 461
f 391 405 463
f 391 463 462
f 392 395 396
f 393 394 464
f 393 464 465
f 393 465 395
f 394 460 466
f 394 466 467
f 394 467 468
f 394 468 469
f 394 469 464
f 395 465 470
f 395 470 396
f 396 470 471
f 396 471 397
f 397 471 398
f 398 471 540
f 398 540 472
f 398 472 541
f 398 541 473
f 398 473 400
f 398 400 399
f 400 474 406
f 400 406 401
f 400 473 475
f 400 475 474
f 402 476 463
f 402 463 405
f 402 404 476
f 403 406 477
f 403 477 404
f 404 477 478
f 404 478 476
f 406 474 477
f 407 479 408
f 407 409 479
f 408 479 480
f 409 410 481
f 409 481 482
f 409 482 479
f 410 411 481
f 411 412 483
f 411 483 481
f 412 461 529
f 412 529 483
f 413 484 414
f 413 480 552
f 413 552 484
f 414 484 442
f 415 440 485
f 415 485 420
f 416 427 486
f 416 486 436
f 416 436 417
f 418 419 422
f 419 487 422
f 419 421 488
f 419 488 487
f 420 485 421
f 421 485 489
f 421 489 557
f 421 557 488
f 422 487 490
f 422 490 423
f 423 490 424
f 424 490 491
f 424 491 502
f 424 502 428
f 426 432 492
f 426 492 493
f 426 493 494
f 426 494 495
f 426 495 496
f 426 496 497
f 426 497 498
f 426 498 427
f 427 498 499
f 427 499 500
f 427 500 486
f 428 501 429
f 428 502 573
f 428 573 501
f 429 501 503
f 429 503 504
f 429 504 505
f 429 505 432
f 429 432 431
f 432 505 492
f 433 436 506
f 433 506 507
f 433 507 508
f 433 508 434
f 434 508 509
f 434 509 437
f 434 437 435
f 436 486 506
f 437 447 446
f 437 446 438
f 437 509 447
f 438 446 439
f 440 510 485
f 440 441 511
f 440 511 510
f 441 442 511
f 442 512 511
f 442 484 512
f 443 451 513
f 443 513 444
f 444 513 514
f 444 514 445
f 445 514 452
f 447 509 515
f 447 515 448
f 448 515 516
f 448 516 450
f 450 516 451
f 451 516 517
f 451 517 518
f 451 518 513
f 452 514 519
f 453 520 521
f 453 521 522
f 453 522 454
f 456 523 457
f 457 523 524
f 457 524 458
f 458 525 459
f 458 524 526
f 458 526 527
f 458 527 528
f 458 528 525
f 459 525 466
f 459 466 460
f 461 462 463
f 461 463 530
f 461 530 603
f 461 603 531
f 461 531 532
f 461 532 529
f 463 533 530
f 463 476 546
f 463 546 533
f 464 469 534
f 464 534 465
f 465 534 535
f 465 535 470
f 466 525 528
f 466 528 536
f 466 536 537
f 466 537 467
f 467 537 538
f 467 538 468
f 468 538 539
f 468 539 534
f 468 534 469
f 470 535 540
f 470 540 471
f 472 540 542
f 472 542 618
f 472 618 543
f 472 543 541
f 473 541 544
f 473 544 475
f 474 475 545
f 474 545 477
f 475 544 619
f 475 619 545
f 476 478 549
f 476 549 546
f 477 545 547
f 477 547 548
f 477 548 478
f 478 548 622
f 478 622 549
f 479 550 551
f 479 551 552
f 479 552 480
f 479 482 550
f 481 553 550
f 481 550 482
f 481 483 554
f 481 554 553
f 483 529 601
f 483 601 554
f 484 555 512
f 484 552 627
f 484 627 555
f 485 510 559
f 485 559 489
f 486 500 506
f 487 488 490
f 488 556 490
f 488 557 558
f 488 558 556
f 489 559 630
f 489 630 557
f 490 556 560
f 490 560 491
f 491 560 574
f 491 574 502
f 492 505 561
f 492 561 562
f 492 562 493
f 493 562 563
f 493 563 564
f 493 564 494
f 494 564 495
f 495 565 566
f 495 566 496
f 495 564 567
f 495 567 568
f 495 568 565
f 496 566 569
f 496 569 570
f 496 570 499
f 496 499 497
f 497 499 498
f 499 570 571
f 499 571 572
f 499 572 500
f 500 572 506
f 501 573 503
f 502 574 651
f 502 651 573
f 503 573 575
f 503 575 504
f 504 575 576
f 504 576 505
f 505 576 577
f 505 577 561
f 506 578 507
f 506 572 578
f 507 578 579
f 507 579 580
f 507 580 508
f 508 580 515
f 508 515 509
f 510 511 583
f 510 583 559
f 511 512 581
f 511 581 582
f 511 582 583
f 512 555 581
f 513 518 584
f 513 584 585
f 513 585 586
f 513 586 587
f 513 587 588
f 513 588 514
f 514 588 519
f 515 580 516
f 516 580 579
f 516 579 589
f 516 589 517
f 517 589 590
f 517 590 584
f 517 584 591
f 517 591 518
f 518 591 584
f 519 592 593
f 519 588 587
f 519 587 592
f 520 594 521
f 521 594 595
f 523 596 524
f 524 596 526
f 526 596 597
f 526 597 598
f 526 598 527
f 527 598 599
f 527 599 600
f 527 600 528
f 528 600 536
f 529 532 602
f 529 602 601
f 530 533 603
f 531 603 679
f 531 679 604
f 531 604 602
f 531 602 532
f 533 546 603
f 534 539 605
f 534 605 535
f 535 605 542
f 535 542 540
f 536 600 676
f 536 676 606
f 536 606 681
f 536 681 607
f 536 607 608
f 536 608 537
f 537 608 609
f 537 609 538
f 538 609 539
f 539 610 605
f 539 609 611
f 539 611 612
f 539 612 610
f 541 543 613
f 541 613 614
f 541 614 615
f 541 615 616
f 541 616 617
f 541 617 544
f 542 605 618
f 543 618 613
f 544 617 692
f 544 692 619
f 545 619 620
f 545 620 547
f 546 549 603
f 547 620 694
f 547 694 621
f 547 621 622
f 547 622 548
f 549 622 623
f 549 623 603
f 550 624 627
f 550 627 551
f 550 553 625
f 550 625 626
f 550 626 624
f 551 627 552
f 553 554 628
f 553 628 625
f 554 601 677
f 554 677 628
f 555 627 658
f 555 658 581
f 556 558 629
f 556 629 560
f 557 630 631
f 557 631 558
f 558 631 629
f 559 583 661
f 559 661 630
f 560 629 652
f 560 652 574
f 561 577 632
f 561 632 633
f 561 633 562
f 562 633 563
f 563 634 564
f 563 633 635
f 563 635 707
f 563 707 634
f 564 634 636
f 564 636 637
f 564 637 568
f 564 568 567
f 565 568 638
f 565 638 639
f 565 639 640
f 565 640 641
f 565 641 642
f 565 642 643
f 565 643 644
f 565 644 645
f 565 645 646
f 565 646 566
f 566 646 570
f 566 570 569
f 568 637 647
f 568 647 638
f 570 644 648
f 570 648 649
f 570 649 571
f 570 646 645
f 570 645 644
f 571 649 650
f 571 650 572
f 572 650 578
f 573 651 654
f 573 654 575
f 574 652 653
f 574 653 651
f 575 654 576
f 576 654 655
f 576 655 577
f 577 655 656
f 577 656 632
f 578 590 579
f 578 650 590
f 579 590 589
f 581 657 660
f 581 660 582
f 581 658 659
f 581 659 657
f 582 660 583
f 583 660 661
f 584 590 662
f 584 662 585
f 585 662 663
f 585 663 664
f 585 664 586
f 586 664 665
f 586 665 592
f 586 592 587
f 590 650 666
f 590 666 667
f 590 667 662
f 592 665 668
f 592 668 593
f 593 668 665
f 593 665 669
f 593 669 670
f 594 671 672
f 594 672 595
f 597 673 598
f 598 673 674
f 598 674 599
f 599 674 675
f 599 675 600
f 600 675 676
f 601 602 678
f 601 678 677
f 602 604 678
f 603 623 698
f 603 698 679
f 604 679 678
f 605 610 618
f 606 676 752
f 606 752 680
f 606 680 681
f 607 681 760
f 607 760 682
f 607 682 609
f 607 609 608
f 609 682 683
f 609 683 611
f 610 612 618
f 611 683 684
f 611 684 685
f 611 685 612
f 612 686 618
f 612 685 686
f 613 687 614
f 613 618 686
f 613 686 688
f 613 688 766
f 613 766 687
f 614 687 615
f 615 689 690
f 615 690 616
f 615 687 691
f 615 691 689
f 616 690 692
f 616 692 617
f 619 692 772
f 619 772 693
f 619 693 620
f 620 693 694
f 621 695 696
f 621 696 622
f 621 694 695
f 622 696 697
f 622 697 623
f 623 697 698
f 624 658 627
f 624 626 699
f 624 699 658
f 625 700 699
f 625 699 626
f 625 628 701
f 625 701 700
f 628 677 753
f 628 753 701
f 629 631 702
f 629 702 724
f 629 724 652
f 630 661 703
f 630 703 631
f 631 703 702
f 632 656 704
f 632 704 705
f 632 705 633
f 633 705 706
f 633 706 635
f 634 707 708
f 634 708 636
f 635 706 707
f 636 708 709
f 636 709 637
f 637 709 710
f 637 710 647
f 638 647 639
f 639 647 711
f 639 711 712
f 639 712 640
f 640 712 713
f 640 713 641
f 641 714 642
f 641 713 715
f 641 715 716
f 641 716 714
f 642 714 716
f 642 716 717
f 642 717 718
f 642 718 719
f 642 719 720
f 642 720 721
f 642 721 643
f 643 721 648
f 643 648 644
f 647 710 789
f 647 789 711
f 648 721 720
f 648 720 722
f 648 722 723
f 648 723 667
f 648 667 649
f 649 667 650
f 650 667 666
f 651 653 726
f 651 726 654
f 652 724 725
f 652 725 653
f 653 725 727
f 653 727 726
f 654 726 655
f 655 726 728
f 655 728 656
f 656 728 729
f 656 729 704
f 657 730 731
f 657 731 660
f 657 659 737
f 657 737 730
f 658 699 732
f 658 732 733
f 658 733 734
f 658 734 735
f 658 735 659
f 659 735 736
f 659 736 737
f 660 731 703
f 660 703 661
f 662 667 723
f 662 723 738
f 662 738 663
f 663 738 664
f 664 738 739
f 664 739 740
f 664 740 665
f 665 740 669
f 669 740 670
f 670 741 815
f 670 815 742
f 670 740 741
f 671 743 744
f 671 744 745
f 671 745 672
f 673 746 674
f 674 746 747
f 674 747 748
f 674 748 675
f 675 748 749
f 675 749 750
f 675 750 751
f 675 751 752
f 675 752 676
f 677 678 754
f 677 754 753
f 678 679 755
f 678 755 756
f 678 756 757
f 678 757 754
f 679 698 758
f 679 758 755
f 680 752 751
f 680 751 759
f 680 759 681
f 681 759 761
f 681 761 832
f 681 832 760
f 682 760 683
f 683 762 763
f 683 763 684
f 683 760 764
f 683 764 835
f 683 835 762
f 684 763 685
f 685 763 765
f 685 765 686
f 686 765 688
f 687 766 691
f 688 765 767
f 688 767 839
f 688 839 766
f 689 768 770
f 689 770 690
f 689 691 769
f 689 769 841
f 689 841 768
f 690 770 772
f 690 772 692
f 691 766 839
f 691 839 771
f 691 771 842
f 691 842 769
f 693 772 694
f 694 772 770
f 694 770 773
f 694 773 774
f 694 774 775
f 694 775 695
f 695 776 777
f 695 777 696
f 695 775 847
f 695 847 776
f 696 777 698
f 696 698 697
f 698 777 778
f 698 778 758
f 699 700 732
f 700 779 732
f 700 701 779
f 701 753 780
f 701 780 779
f 702 703 781
f 702 781 724
f 703 731 781
f 704 729 782
f 704 782 783
f 704 783 705
f 705 783 706
f 706 784 707
f 706 783 785
f 706 785 853
f 706 853 784
f 707 784 708
f 708 784 786
f 708 786 787
f 708 787 709
f 709 787 788
f 709 788 710
f 710 788 859
f 710 859 789
f 711 789 790
f 711 790 712
f 712 790 791
f 712 791 713
f 713 791 792
f 713 792 715
f 715 792 863
f 715 863 793
f 715 793 716
f 716 793 794
f 716 794 795
f 716 795 718
f 716 718 717
f 718 796 719
f 718 795 797
f 718 797 796
f 719 798 722
f 719 722 799
f 719 799 720
f 719 796 798
f 720 799 722
f 722 739 723
f 722 798 739
f 723 739 738
f 724 781 800
f 724 800 801
f 724 801 802
f 724 802 803
f 724 803 725
f 725 803 805
f 725 805 727
f 726 804 728
f 726 727 804
f 727 805 806
f 727 806 807
f 727 807 804
f 728 804 808
f 728 808 729
f 729 808 851
f 729 851 782
f 730 800 731
f 730 737 809
f 730 809 800
f 731 800 781
f 732 779 810
f 732 810 811
f 732 811 733
f 733 811 736
f 733 736 734
f 734 736 735
f 736 812 813
f 736 813 737
f 736 811 812
f 737 813 809
f 739 798 814
f 739 814 740
f 740 814 741
f 741 814 798
f 741 798 815
f 742 815 868
f 742 868 816
f 743 817 818
f 743 818 744
f 747 819 749
f 747 749 748
f 749 819 820
f 749 820 821
f 749 821 822
f 749 822 750
f 750 822 751
f 751 822 823
f 751 823 831
f 751 831 759
f 753 754 780
f 754 757 824
f 754 824 780
f 755 825 756
f 755 758 830
f 755 830 825
f 756 825 826
f 756 826 827
f 756 827 757
f 757 827 824
f 758 778 828
f 758 828 829
f 758 829 830
f 759 831 761
f 760 832 764
f 761 831 833
f 761 833 834
f 761 834 832
f 762 765 763
f 762 835 765
f 764 832 834
f 764 834 836
f 764 836 900
f 764 900 835
f 765 835 837
f 765 837 838
f 765 838 767
f 767 838 839
f 768 840 773
f 768 773 770
f 768 841 904
f 768 904 840
f 769 842 906
f 769 906 843
f 769 843 841
f 771 839 844
f 771 844 905
f 771 905 842
f 773 840 845
f 773 845 774
f 774 846 847
f 774 847 775
f 774 845 909
f 774 909 846
f 776 847 912
f 776 912 848
f 776 848 778
f 776 778 777
f 778 848 828
f 779 780 810
f 780 849 810
f 780 824 850
f 780 850 849
f 782 851 783
f 783 851 852
f 783 852 785
f 784 853 854
f 784 854 786
f 785 852 855
f 785 855 917
f 785 917 853
f 786 854 787
f 787 854 856
f 787 856 788
f 788 856 857
f 788 857 858
f 788 858 859
f 789 859 790
f 790 859 860
f 790 860 861
f 790 861 791
f 791 861 862
f 791 862 792
f 792 862 929
f 792 929 863
f 793 863 864
f 793 864 794
f 794 864 865
f 794 865 795
f 795 865 866
f 795 866 797
f 796 797 868
f 796 868 815
f 796 815 798
f 797 866 867
f 797 867 868
f 800 809 869
f 800 869 801
f 801 869 802
f 802 869 870
f 802 870 937
f 802 937 871
f 802 871 805
f 802 805 803
f 804 807 808
f 805 871 806
f 806 871 872
f 806 872 873
f 806 873 807
f 807 873 874
f 807 874 808
f 808 874 875
f 808 875 851
f 809 813 869
f 810 849 876
f 810 876 877
f 810 877 811
f 811 877 812
f 812 878 813
f 812 877 946
f 812 946 878
f 813 878 869
f 816 868 867
f 816 867 879
f 817 880 818
f 818 880 881
f 820 882 821
f 821 882 883
f 821 883 884
f 821 884 885
f 821 885 822
f 822 885 823
f 823 886 887
f 823 887 888
f 823 888 889
f 823 889 831
f 823 885 886
f 824 827 850
f 825 830 826
f 826 830 829
f 826 829 890
f 826 890 891
f 826 891 892
f 826 892 827
f 827 892 893
f 827 893 850
f 828 848 894
f 828 894 895
f 828 895 890
f 828 890 829
f 831 889 896
f 831 896 833
f 833 896 834
f 834 896 897
f 834 897 898
f 834 898 899
f 834 899 836
f 835 900 901
f 835 901 837
f 836 899 969
f 836 969 900
f 837 901 902
f 837 902 838
f 838 903 839
f 838 902 974
f 838 974 903
f 839 903 844
f 840 904 910
f 840 910 845
f 841 843 907
f 841 907 904
f 842 905 906
f 843 906 907
f 844 903 908
f 844 908 975
f 844 975 905
f 845 910 909
f 846 911 847
f 846 909 981
f 846 981 911
f 847 911 912
f 848 912 894
f 849 913 876
f 849 850 913
f 850 893 914
f 850 914 913
f 851 875 852
f 852 875 915
f 852 915 916
f 852 916 855
f 853 917 918
f 853 918 854
f 854 918 856
f 855 916 919
f 855 919 917
f 856 918 920
f 856 920 921
f 856 921 857
f 857 921 922
f 857 922 858
f 858 923 859
f 858 922 924
f 858 924 925
f 858 925 923
f 859 923 926
f 859 926 860
f 860 926 927
f 860 927 861
f 861 927 928
f 861 928 862
f 862 928 1003
f 862 1003 929
f 863 929 930
f 863 930 864
f 864 930 931
f 864 931 865
f 865 931 932
f 865 932 866
f 866 932 934
f 866 934 867
f 867 933 879
f 867 934 935
f 867 935 933
f 869 878 936
f 869 936 870
f 870 936 937
f 871 937 938
f 871 938 872
f 872 938 873
f 873 939 940
f 873 940 875
f 873 875 874
f 873 938 941
f 873 941 939
f 875 940 942
f 875 942 915
f 876 913 985
f 876 985 943
f 876 943 944
f 876 944 877
f 877 944 943
f 877 943 945
f 877 945 946
f 878 947 936
f 878 946 1018
f 878 1018 947
f 880 948 881
f 881 948 950
f 881 950 951
f 881 951 949
f 883 952 953
f 883 953 884
f 884 953 886
f 884 886 885
f 886 953 954
f 886 954 887
f 887 954 888
f 888 954 955
f 888 955 889
f 889 955 956
f 889 956 957
f 889 957 896
f 890 895 958
f 890 958 959
f 890 959 960
f 890 960 891
f 891 960 961
f 891 961 962
f 891 962 892
f 892 963 964
f 892 964 893
f 892 962 963
f 893 964 914
f 894 912 965
f 894 965 966
f 894 966 958
f 894 958 895
f 896 957 967
f 896 967 897
f 897 967 898
f 898 968 969
f 898 969 899
f 898 967 970
f 898 970 1039
f 898 1039 968
f 900 969 901
f 901 971 972
f 901 972 902
f 901 969 973
f 901 973 971
f 902 972 974
f 903 974 908
f 904 907 910
f 905 975 906
f 906 976 907
f 906 975 977
f 906 977 976
f 907 976 978
f 907 978 979
f 907 979 910
f 908 974 980
f 908 980 975
f 909 910 982
f 909 982 983
f 909 983 981
f 910 979 982
f 911 984 965
f 911 965 912
f 911 981 984
f 913 914 987
f 913 987 985
f 914 964 986
f 914 986 987
f 915 942 916
f 916 942 988
f 916 988 989
f 916 989 919
f 917 919 990
f 917 990 918
f 918 990 991
f 918 991 920
f 919 989 992
f 919 992 993
f 919 993 990
f 920 991 921
f 921 991 922
f 922 991 994
f 922 994 924
f 923 925 926
f 924 995 1000
f 924 1000 925
f 924 994 996
f 924 996 997
f 924 997 998
f 924 998 999
f 924 999 995
f 925 1000 926
f 926 1000 1001
f 926 1001 927
f 927 1001 1002
f 927 1002 928
f 928 1002 1004
f 928 1004 1003
f 929 1003 1005
f 929 1005 930
f 930 1005 1006
f 930 1006 931
f 931 1006 1007
f 931 1007 932
f 932 1007 1008
f 932 1008 934
f 934 1008 935
f 935 1008 1009
f 936 947 1010
f 936 1010 937
f 937 1010 1011
f 937 1011 938
f 938 1011 941
f 939 1012 940
f 939 941 1013
f 939 1013 1085
f 939 1085 1014
f 939 1014 1012
f 940 1012 942
f 941 1011 1015
f 941 1015 1013
f 942 1012 988
f 943 1016 1017
f 943 1017 945
f 943 985 1056
f 943 1056 1016
f 945 1017 946
f 946 1017 1018
f 947 1018 1019
f 947 1019 1010
f 949 951 1020
f 951 1021 1022
f 951 1022 1020
f 952 1023 953
f 953 1023 954
f 954 1024 1094
f 954 1094 1025
f 954 1025 955
f 954 1023 1026
f 954 1026 1024
f 955 1025 956
f 956 1025 1027
f 956 1027 1028
f 956 1028 957
f 957 1028 1038
f 957 1038 967
f 958 966 1029
f 958 1029 1030
f 958 1030 959
f 959 1031 960
f 959 1030 1031
f 960 1031 1032
f 960 1032 961
f 961 1033 962
f 961 1032 1033
f 962 1033 1034
f 962 1034 1035
f 962 1035 963
f 963 1035 986
f 963 986 964
f 965 984 966
f 966 984 1036
f 966 1036 1037
f 966 1037 1029
f 967 1038 970
f 968 973 969
f 968 1039 1040
f 968 1040 973
f 970 1038 1041
f 970 1041 1109
f 970 1109 1039
f 971 1042 972
f 971 973 1043
f 971 1043 1044
f 971 1044 1042
f 972 1042 974
f 973 1040 1045
f 973 1045 1043
f 974 1042 980
f 975 980 1046
f 975 1046 1047
f 975 1047 977
f 976 977 1048
f 976 1048 978
f 977 1047 1048
f 978 1048 1049
f 978 1049 1050
f 978 1050 979
f 979 1050 1051
f 979 1051 982
f 980 1052 1046
f 980 1042 1052
f 981 1053 984
f 981 983 1053
f 982 1051 983
f 983 1054 1053
f 983 1051 1055
f 983 1055 1054
f 984 1053 1036
f 985 987 1056
f 986 1057 1058
f 986 1058 987
f 986 1035 1103
f 986 1103 1057
f 987 1058 1059
f 987 1059 1056
f 988 1012 1060
f 988 1060 1132
f 988 1132 1061
f 988 1061 989
f 989 1061 1062
f 989 1062 1063
f 989 1063 992
f 990 993 991
f 991 993 1064
f 991 1064 997
f 991 997 996
f 991 996 994
f 992 1064 993
f 992 1063 1065
f 992 1065 1064
f 995 999 1070
f 995 1070 1066
f 995 1066 1001
f 995 1001 1000
f 997 1064 1065
f 997 1065 1067
f 997 1067 1068
f 997 1068 998
f 998 1068 1071
f 998 1071 999
f 999 1069 1070
f 999 1071 1072
f 999 1072 1069
f 1001 1066 1002
f 1002 1066 1073
f 1002 1073 1075
f 1002 1075 1004
f 1003 1004 1074
f 1003 1074 1005
f 1004 1075 1076
f 1004 1076 1074
f 1005 1074 1077
f 1005 1077 1006
f 1006 1077 1078
f 1006 1078 1007
f 1007 1078 1080
f 1007 1080 1008
f 1008 1079 1009
f 1008 1080 1079
f 1010 1019 1081
f 1010 1081 1011
f 1011 1081 1015
f 1012 1014 1082
f 1012 1082 1083
f 1012 1083 1060
f 1013 1015 1084
f 1013 1084 1085
f 1014 1085 1152
f 1014 1152 1082
f 1015 1081 1086
f 1015 1086 1153
f 1015 1153 1084
f 1016 1056 1087
f 1016 1087 1017
f 1017 1087 1088
f 1017 1088 1089
f 1017 1089 1019
f 1017 1019 1018
f 1019 1089 1090
f 1019 1090 1091
f 1019 1091 1081
f 1021 1092 1022
f 1022 1092 1093
f 1024 1026 1095
f 1024 1095 1096
f 1024 1096 1163
f 1024 1163 1094
f 1025 1094 1027
f 1027 1094 1097
f 1027 1097 1098
f 1027 1098 1099
f 1027 1099 1028
f 1028 1099 1107
f 1028 1107 1038
f 1029 1037 1100
f 1029 1100 1031
f 1029 1031 1030
f 1031 1101 1032
f 1031 1100 1172
f 1031 1172 1101
f 1032 1101 1033
f 1033 1101 1102
f 1033 1102 1034
f 1034 1102 1103
f 1034 1103 1035
f 1036 1053 1104
f 1036 1104 1105
f 1036 1105 1037
f 1037 1105 1178
f 1037 1178 1106
f 1037 1106 1100
f 1038 1107 1108
f 1038 1108 1041
f 1039 1109 1110
f 1039 1110 1111
f 1039 1111 1040
f 1040 1111 1114
f 1040 1114 1045
f 1041 1108 1109
f 1042 1044 1052
f 1043 1045 1044
f 1044 1045 1112
f 1044 1112 1113
f 1044 1113 1052
f 1045 1114 1115
f 1045 1115 1116
f 1045 1116 1112
f 1046 1052 1117
f 1046 1117 1047
f 1047 1117 1118
f 1047 1118 1119
f 1047 1119 1048
f 1048 1119 1120
f 1048 1120 1121
f 1048 1121 1122
f 1048 1122 1123
f 1048 1123 1049
f 1049 1124 1125
f 1049 1125 1054
f 1049 1054 1055
f 1049 1055 1051
f 1049 1051 1050
f 1049 1123 1198
f 1049 1198 1124
f 1052 1113 1126
f 1052 1126 1117
f 1053 1054 1104
f 1054 1127 1104
f 1054 1125 1124
f 1054 1124 1127
f 1056 1059 1131
f 1056 1131 1087
f 1057 1128 1130
f 1057 1130 1058
f 1057 1103 1129
f 1057 1129 1128
f 1058 1130 1131
f 1058 1131 1059
f 1060 1083 1132
f 1061 1132 1062
f 1062 1132 1133
f 1062 1133 1134
f 1062 1134 1135
f 1062 1135 1063
f 1063 1135 1065
f 1065 1135 1067
f 1066 1136 1073
f 1066 1070 1137
f 1066 1137 1136
f 1067 1135 1134
f 1067 1134 1138
f 1067 1138 1139
f 1067 1139 1068
f 1068 1139 1140
f 1068 1140 1071
f 1069 1072 1137
f 1069 1137 1070
f 1071 1140 1141
f 1071 1141 1072
f 1072 1141 1142
f 1072 1142 1137
f 1073 1136 1144
f 1073 1144 1075
f 1074 1076 1143
f 1074 1143 1077
f 1075 1144 1076
f 1076 1144 1145
f 1076 1145 1146
f 1076 1146 1143
f 1077 1143 1147
f 1077 1147 1148
f 1077 1148 1078
f 1078 1148 1080
f 1079 1080 1149
f 1080 1148 1147
f 1080 1147 1150
f 1080 1150 1151
f 1080 1151 1149
f 1081 1091 1086
f 1082 1132 1083
f 1082 1152 1203
f 1082 1203 1132
f 1084 1153 1085
f 1085 1153 1154
f 1085 1154 1152
f 1086 1155 1156
f 1086 1156 1153
f 1086 1091 1155
f 1087 1157 1158
f 1087 1158 1088
f 1087 1131 1159
f 1087 1159 1157
f 1088 1158 1089
f 1089 1158 1090
f 1090 1158 1160
f 1090 1160 1155
f 1090 1155 1091
f 1092 1161 1162
f 1092 1162 1093
f 1094 1163 1097
f 1095 1164 1165
f 1095 1165 1096
f 1096 1165 1228
f 1096 1228 1163
f 1097 1163 1166
f 1097 1166 1098
f 1098 1167 1168
f 1098 1168 1099
f 1098 1166 1169
f 1098 1169 1170
f 1098 1170 1167
f 1099 1168 1167
f 1099 1167 1107
f 1100 1106 1171
f 1100 1171 1172
f 1101 1172 1173
f 1101 1173 1174
f 1101 1174 1102
f 1102 1175 1176
f 1102 1176 1129
f 1102 1129 1103
f 1102 1174 1175
f 1104 1127 1177
f 1104 1177 1105
f 1105 1177 1178
f 1106 1178 1171
f 1107 1167 1108
f 1108 1179 1180
f 1108 1180 1181
f 1108 1181 1182
f 1108 1182 1109
f 1108 1167 1179
f 1109 1182 1251
f 1109 1251 1183
f 1109 1183 1110
f 1110 1114 1111
f 1110 1183 1184
f 1110 1184 1114
f 1112 1116 1185
f 1112 1185 1113
f 1113 1185 1186
f 1113 1186 1187
f 1113 1187 1126
f 1114 1184 1188
f 1114 1188 1115
f 1115 1189 1185
f 1115 1185 1116
f 1115 1188 1258
f 1115 1258 1189
f 1117 1126 1118
f 1118 1126 1187
f 1118 1187 1190
f 1118 1190 1191
f 1118 1191 1192
f 1118 1192 1119
f 1119 1192 1193
f 1119 1193 1120
f 1120 1193 1194
f 1120 1194 1195
f 1120 1195 1121
f 1121 1195 1122
f 1122 1195 1196
f 1122 1196 1197
f 1122 1197 1123
f 1123 1197 1198
f 1124 1199 1127
f 1124 1198 1199
f 1127 1199 1200
f 1127 1200 1177
f 1128 1129 1201
f 1128 1201 1202
f 1128 1202 1130
f 1129 1176 1201
f 1130 1202 1131
f 1131 1202 1159
f 1132 1203 1204
f 1132 1204 1133
f 1133 1204 1205
f 1133 1205 1134
f 1134 1205 1276
f 1134 1276 1206
f 1134 1206 1138
f 1136 1137 1208
f 1136 1208 1144
f 1137 1142 1207
f 1137 1207 1208
f 1138 1206 1209
f 1138 1209 1139
f 1139 1209 1210
f 1139 1210 1140
f 1140 1210 1211
f 1140 1211 1141
f 1141 1211 1212
f 1141 1212 1142
f 1142 1212 1213
f 1142 1213 1207
f 1143 1146 1216
f 1143 1216 1147
f 1144 1208 1214
f 1144 1214 1145
f 1145 1214 1146
f 1146 1214 1277
f 1146 1277 1215
f 1146 1215 1286
f 1146 1286 1216
f 1147 1217 1150
f 1147 1216 1217
f 1150 1217 1218
f 1150 1218 1151
f 1152 1154 1219
f 1152 1219 1220
f 1152 1220 1203
f 1153 1156 1154
f 1154 1156 1221
f 1154 1221 1222
f 1154 1222 1223
f 1154 1223 1219
f 1155 1160 1156
f 1156 1160 1221
f 1157 1224 1158
f 1157 1159 1224
f 1158 1224 1160
f 1159 1225 1224
f 1159 1202 1225
f 1160 1224 1221
f 1161 1226 1227
f 1161 1227 1162
f 1163 1228 1166
f 1164 1229 1165
f 1165 1229 1230
f 1165 1230 1231
f 1165 1231 1232
f 1165 1232 1299
f 1165 1299 1228
f 1166 1228 1233
f 1166 1233 1169
f 1167 1170 1179
f 1169 1233 1234
f 1169 1234 1235
f 1169 1235 1236
f 1169 1236 1170
f 1170 1236 1179
f 1171 1178 1237
f 1171 1237 1238
f 1171 1238 1239
f 1171 1239 1172
f 1172 1239 1173
f 1173 1239 1240
f 1173 1240 1241
f 1173 1241 1242
f 1173 1242 1174
f 1174 1242 1243
f 1174 1243 1175
f 1175 1243 1244
f 1175 1244 1245
f 1175 1245 1246
f 1175 1246 1176
f 1176 1246 1201
f 1177 1200 1247
f 1177 1247 1248
f 1177 1248 1178
f 1178 1248 1249
f 1178 1249 1237
f 1179 1236 1250
f 1179 1250 1252
f 1179 1252 1180
f 1180 1251 1181
f 1180 1252 1253
f 1180 1253 1251
f 1181 1251 1182
f 1183 1251 1184
f 1184 1251 1254
f 1184 1254 1321
f 1184 1321 1255
f 1184 1255 1256
f 1184 1256 1188
f 1185 1189 1186
f 1186 1257 1190
f 1186 1190 1187
f 1186 1189 1258
f 1186 1258 1259
f 1186 1259 1324
f 1186 1324 1257
f 1188 1256 1323
f 1188 1323 1258
f 1190 1257 1260
f 1190 1260 1191
f 1191 1261 1193
f 1191 1193 1192
f 1191 1260 1261
f 1193 1261 1194
f 1194 1261 1262
f 1194 1262 1263
f 1194 1263 1196
f 1194 1196 1195
f 1196 1263 1197
f 1197 1263 1264
f 1197 1264 1265
f 1197 1265 1332
f 1197 1332 1266
f 1197 1266 1267
f 1197 1267 1199
f 1197 1199 1198
f 1199 1267 1268
f 1199 1268 1269
f 1199 1269 1200
f 1200 1270 1247
f 1200 1269 1270
f 1201 1271 1272
f 1201 1272 1202
f 1201 1246 1273
f 1201 1273 1271
f 1202 1272 1225
f 1203 1220 1274
f 1203 1274 1204
f 1204 1274 1205
f 1205 1274 1275
f 1205 1275 1341
f 1205 1341 1276
f 1206 1276 1278
f 1206 1278 1209
f 1207 1214 1208
f 1207 1213 1277
f 1207 1277 1214
f 1209 1278 1279
f 1209 1279 1210
f 1210 1279 1280
f 1210 1280 1211
f 1211 1280 1212
f 1212 1280 1281
f 1212 1281 1282
f 1212 1282 1213
f 1213 1282 1283
f 1213 1283 1284
f 1213 1284 1277
f 1215 1277 1285
f 1215 1285 1353
f 1215 1353 1286
f 1216 1286 1287
f 1216 1287 1288
f 1216 1288 1217
f 1217 1288 1289
f 1217 1289 1218
f 1219 1223 1220
f 1220 1223 1290
f 1220 1290 1291
f 1220 1291 1274
f 1221 1224 1292
f 1221 1292 1293
f 1221 1293 1222
f 1222 1293 1223
f 1223 1293 1294
f 1223 1294 1295
f 1223 1295 1290
f 1224 1225 1296
f 1224 1296 1292
f 1225 1272 1296
f 1226 1297 1298
f 1226 1298 1227
f 1228 1299 1300
f 1228 1300 1233
f 1231 1301 1232
f 1232 1301 1302
f 1232 1302 1366
f 1232 1366 1299
f 1233 1300 1303
f 1233 1303 1234
f 1234 1303 1235
f 1235 1250 1236
f 1235 1303 1304
f 1235 1304 1305
f 1235 1305 1250
f 1237 1249 1306
f 1237 1306 1307
f 1237 1307 1238
f 1238 1307 1308
f 1238 1308 1309
f 1238 1309 1240
f 1238 1240 1239
f 1240 1309 1310
f 1240 1310 1311
f 1240 1311 1241
f 1241 1311 1242
f 1242 1244 1243
f 1242 1311 1244
f 1244 1311 1312
f 1244 1312 1313
f 1244 1313 1245
f 1245 1313 1314
f 1245 1314 1315
f 1245 1315 1246
f 1246 1315 1273
f 1247 1270 1316
f 1247 1316 1249
f 1247 1249 1248
f 1249 1316 1306
f 1250 1305 1317
f 1250 1317 1252
f 1251 1253 1319
f 1251 1319 1254
f 1252 1317 1318
f 1252 1318 1253
f 1253 1318 1320
f 1253 1320 1319
f 1254 1319 1321
f 1255 1321 1389
f 1255 1389 1322
f 1255 1322 1323
f 1255 1323 1256
f 1257 1324 1260
f 1258 1323 1259
f 1259 1323 1325
f 1259 1325 1324
f 1260 1326 1261
f 1260 1324 1327
f 1260 1327 1393
f 1260 1393 1326
f 1261 1326 1328
f 1261 1328 1329
f 1261 1329 1262
f 1262 1329 1263
f 1263 1265 1264
f 1263 1329 1328
f 1263 1328 1330
f 1263 1330 1331
f 1263 1331 1265
f 1265 1331 1332
f 1266 1268 1267
f 1266 1332 1268
f 1268 1332 1333
f 1268 1333 1334
f 1268 1334 1335
f 1268 1335 1336
f 1268 1336 1270
f 1268 1270 1269
f 1270 1336 1335
f 1270 1335 1337
f 1270 1337 1316
f 1271 1338 1272
f 1271 1273 1339
f 1271 1339 1338
f 1272 1340 1296
f 1272 1338 1340
f 1273 1315 1381
f 1273 1381 1339
f 1274 1291 1275
f 1275 1291 1342
f 1275 1342 1343
f 1275 1343 1341
f 1276 1341 1278
f 1277 1284 1285
f 1278 1341 1344
f 1278 1344 1345
f 1278 1345 1279
f 1279 1345 1346
f 1279 1346 1280
f 1280 1346 1347
f 1280 1347 1348
f 1280 1348 1281
f 1281 1348 1282
f 1282 1348 1349
f 1282 1349 1350
f 1282 1350 1283
f 1283 1350 1351
f 1283 1351 1285
f 1283 1285 1284
f 1285 1351 1419
f 1285 1419 1352
f 1285 1352 1353
f 1286 1353 1355
f 1286 1355 1287
f 1287 1354 1289
f 1287 1289 1288
f 1287 1355 1356
f 1287 1356 1357
f 1287 1357 1354
f 1290 1295 1358
f 1290 1358 1291
f 1291 1358 1359
f 1291 1359 1342
f 1292 1296 1293
f 1293 1296 1360
f 1293 1360 1361
f 1293 1361 1294
f 1294 1361 1362
f 1294 1362 1295
f 1295 1362 1363
f 1295 1363 1358
f 1296 1340 1360
f 1297 1364 1298
f 1298 1364 1365
f 1299 1366 1300
f 1300 1366 1367
f 1300 1367 1371
f 1300 1371 1303
f 1301 1368 1302
f 1302 1368 1369
f 1302 1369 1370
f 1302 1370 1432
f 1302 1432 1366
f 1303 1371 1304
f 1304 1371 1372
f 1304 1372 1373
f 1304 1373 1305
f 1305 1373 1317
f 1306 1316 1374
f 1306 1374 1375
f 1306 1375 1308
f 1306 1308 1307
f 1308 1375 1441
f 1308 1441 1376
f 1308 1376 1310
f 1308 1310 1309
f 1310 1376 1377
f 1310 1377 1378
f 1310 1378 1311
f 1311 1378 1379
f 1311 1379 1312
f 1312 1379 1313
f 1313 1380 1314
f 1313 1379 1446
f 1313 1446 1380
f 1314 1380 1381
f 1314 1381 1315
f 1316 1382 1374
f 1316 1337 1383
f 1316 1383 1382
f 1317 1373 1384
f 1317 1384 1385
f 1317 1385 1386
f 1317 1386 1318
f 1318 1386 1387
f 1318 1387 1320
f 1319 1320 1321
f 1320 1387 1388
f 1320 1388 1321
f 1321 1388 1461
f 1321 1461 1389
f 1322 1389 1390
f 1322 1390 1323
f 1323 1390 1325
f 1324 1325 1390
f 1324 1390 1391
f 1324 1391 1392
f 1324 1392 1327
f 1326 1393 1328
f 1327 1392 1393
f 1328 1394 1395
f 1328 1395 1330
f 1328 1393 1396
f 1328 1396 1394
f 1330 1395 1331
f 1331 1397 1332
f 1331 1395 1394
f 1331 1394 1398
f 1331 1398 1473
f 1331 1473 1397
f 1332 1399 1333
f 1332 1397 1400
f 1332 1400 1399
f 1333 1401 1334
f 1333 1399 1401
f 1334 1402 1335
f 1334 1401 1402
f 1335 1402 1403
f 1335 1403 1337
f 1337 1403 1383
f 1338 1404 1405
f 1338 1405 1360
f 1338 1360 1340
f 1338 1339 1404
f 1339 1381 1406
f 1339 1406 1404
f 1341 1343 1344
f 1342 1359 1407
f 1342 1407 1343
f 1343 1407 1344
f 1344 1407 1408
f 1344 1408 1409
f 1344 1409 1410
f 1344 1410 1345
f 1345 1410 1411
f 1345 1411 1412
f 1345 1412 1346
f 1346 1412 1413
f 1346 1413 1347
f 1347 1349 1348
f 1347 1413 1414
f 1347 1414 1349
f 1349 1415 1350
f 1349 1414 1416
f 1349 1416 1415
f 1350 1415 1351
f 1351 1417 1418
f 1351 1418 1419
f 1351 1415 1416
f 1351 1416 1420
f 1351 1420 1421
f 1351 1421 1422
f 1351 1422 1417
f 1352 1419 1423
f 1352 1423 1353
f 1353 1423 1355
f 1355 1423 1424
f 1355 1424 1356
f 1358 1363 1425
f 1358 1425 1426
f 1358 1426 1359
f 1359 1426 1407
f 1360 1405 1427
f 1360 1427 1361
f 1361 1427 1428
f 1361 1428 1362
f 1362 1428 1363
f 1363 1428 1429
f 1363 1429 1425
f 1364 1430 1431
f 1364 1431 1365
f 1366 1432 1367
f 1367 1432 1433
f 1367 1433 1434
f 1367 1434 1371
f 1369 1435 1370
f 1370 1436 1432
f 1370 1435 1436
f 1371 1434 1372
f 1372 1434 1437
f 1372 1437 1438
f 1372 1438 1373
f 1373 1438 1384
f 1374 1382 1439
f 1374 1439 1375
f 1375 1439 1440
f 1375 1440 1441
f 1376 1441 1442
f 1376 1442 1377
f 1377 1443 1445
f 1377 1445 1378
f 1377 1442 1444
f 1377 1444 1443
f 1378 1445 1379
f 1379 1445 1446
f 1380 1446 1447
f 1380 1447 1448
f 1380 1448 1449
f 1380 1449 1450
f 1380 1450 1381
f 1381 1450 1406
f 1382 1451 1439
f 1382 1383 1452
f 1382 1452 1451
f 1383 1403 1402
f 1383 1402 1453
f 1383 1453 1454
f 1383 1454 1455
f 1383 1455 1456
f 1383 1456 1451
f 1383 1451 1452
f 1384 1438 1457
f 1384 1457 1385
f 1385 1458 1387
f 1385 1387 1386
f 1385 1457 1459
f 1385 1459 1458
f 1387 1458 1460
f 1387 1460 1388
f 1388 1460 1462
f 1388 1462 1461
f 1389 1461 1463
f 1389 1463 1464
f 1389 1464 1390
f 1390 1465 1391
f 1390 1464 1466
f 1390 1466 1465
f 1391 1465 1530
f 1391 1530 1467
f 1391 1467 1392
f 1392 1468 1393
f 1392 1467 1471
f 1392 1471 1468
f 1393 1468 1396
f 1394 1396 1469
f 1394 1469 1470
f 1394 1470 1398
f 1396 1468 1471
f 1396 1471 1472
f 1396 1472 1532
f 1396 1532 1469
f 1397 1473 1400
f 1398 1470 1473
f 1399 1474 1401
f 1399 1400 1474
f 1400 1475 1474
f 1400 1473 1476
f 1400 1476 1475
f 1401 1477 1402
f 1401 1474 1477
f 1402 1477 1521
f 1402 1521 1453
f 1404 1406 1427
f 1404 1427 1405
f 1406 1450 1478
f 1406 1478 1427
f 1407 1426 1479
f 1407 1479 1408
f 1408 1479 1480
f 1408 1480 1481
f 1408 1481 1482
f 1408 1482 1483
f 1408 1483 1409
f 1409 1411 1410
f 1409 1483 1484
f 1409 1484 1411
f 1411 1413 1412
f 1411 1484 1485
f 1411 1485 1413
f 1413 1485 1486
f 1413 1486 1414
f 1414 1420 1416
f 1414 1486 1420
f 1417 1487 1488
f 1417 1488 1418
f 1417 1422 1493
f 1417 1493 1487
f 1418 1488 1423
f 1418 1423 1419
f 1420 1486 1489
f 1420 1489 1490
f 1420 1490 1491
f 1420 1491 1421
f 1421 1491 1492
f 1421 1492 1422
f 1422 1492 1557
f 1422 1557 1493
f 1423 1488 1552
f 1423 1552 1494
f 1423 1494 1424
f 1425 1429 1495
f 1425 1495 1496
f 1425 1496 1480
f 1425 1480 1426
f 1426 1480 1479
f 1427 1478 1497
f 1427 1497 1428
f 1428 1497 1498
f 1428 1498 1429
f 1429 1498 1559
f 1429 1559 1495
f 1430 1499 1431
f 1431 1499 1500
f 1432 1436 1501
f 1432 1501 1502
f 1432 1502 1433
f 1433 1502 1434
f 1434 1502 1503
f 1434 1503 1437
f 1435 1504 1436
f 1436 1504 1505
f 1436 1505 1501
f 1437 1506 1438
f 1437 1503 1507
f 1437 1507 1506
f 1438 1506 1457
f 1439 1451 1508
f 1439 1508 1440
f 1440 1508 1509
f 1440 1509 1510
f 1440 1510 1441
f 1441 1510 1442
f 1442 1511 1444
f 1442 1510 1511
f 1443 1512 1513
f 1443 1513 1445
f 1443 1444 1514
f 1443 1514 1515
f 1443 1515 1512
f 1444 1511 1514
f 1445 1513 1447
f 1445 1447 1446
f 1447 1513 1516
f 1447 1516 1517
f 1447 1517 1448
f 1448 1517 1518
f 1448 1518 1519
f 1448 1519 1449
f 1449 1519 1450
f 1450 1519 1478
f 1451 1456 1508
f 1453 1520 1454
f 1453 1521 1520
f 1454 1522 1455
f 1454 1520 1586
f 1454 1586 1522
f 1455 1522 1456
f 1456 1522 1508
f 1457 1506 1523
f 1457 1523 1459
f 1458 1459 1524
f 1458 1524 1525
f 1458 1525 1460
f 1459 1523 1526
f 1459 1526 1524
f 1460 1525 1462
f 1461 1462 1463
f 1462 1525 1527
f 1462 1527 1528
f 1462 1528 1463
f 1463 1529 1466
f 1463 1466 1464
f 1463 1528 1597
f 1463 1597 1529
f 1465 1466 1530
f 1466 1529 1531
f 1466 1531 1530
f 1467 1530 1471
f 1469 1532 1533
f 1469 1533 1470
f 1470 1533 1534
f 1470 1534 1473
f 1471 1530 1535
f 1471 1535 1536
f 1471 1536 1537
f 1471 1537 1472
f 1472 1537 1532
f 1473 1538 1476
f 1473 1534 1538
f 1474 1475 1539
f 1474 1539 1477
f 1475 1476 1540
f 1475 1540 1539
f 1476 1538 1540
f 1477 1541 1521
f 1477 1539 1542
f 1477 1542 1541
f 1478 1519 1497
f 1480 1496 1495
f 1480 1495 1543
f 1480 1543 1544
f 1480 1544 1545
f 1480 1545 1481
f 1481 1545 1544
f 1481 1544 1482
f 1482 1546 1483
f 1482 1544 1547
f 1482 1547 1614
f 1482 1614 1548
f 1482 1548 1546
f 1483 1546 1484
f 1484 1546 1485
f 1485 1549 1486
f 1485 1546 1550
f 1485 1550 1549
f 1486 1549 1489
f 1487 1493 1558
f 1487 1558 1551
f 1487 1551 1552
f 1487 1552 1488
f 1489 1549 1553
f 1489 1553 1490
f 1490 1553 1616
f 1490 1616 1554
f 1490 1554 1555
f 1490 1555 1556
f 1490 1556 1492
f 1490 1492 1491
f 1492 1556 1622
f 1492 1622 1557
f 1493 1557 1623
f 1493 1623 1558
f 1495 1559 1560
f 1495 1560 1543
f 1497 1519 1561
f 1497 1561 1562
f 1497 1562 1498
f 1498 1562 1559
f 1499 1563 1500
f 1500 1563 1564
f 1501 1505 1565
f 1501 1565 1502
f 1502 1565 1566
f 1502 1566 1567
f 1502 1567 1503
f 1503 1567 1507
f 1504 1568 1569
f 1504 1569 1505
f 1505 1569 1565
f 1506 1507 1570
f 1506 1570 1523
f 1507 1567 1571
f 1507 1571 1635
f 1507 1635 1570
f 1508 1572 1509
f 1508 1522 1573
f 1508 1573 1572
f 1509 1572 1574
f 1509 1574 1575
f 1509 1575 1510
f 1510 1575 1511
f 1511 1576 1515
f 1511 1515 1514
f 1511 1575 1640
f 1511 1640 1576
f 1512 1577 1516
f 1512 1516 1513
f 1512 1515 1578
f 1512 1578 1577
f 1515 1576 1579
f 1515 1579 1580
f 1515 1580 1578
f 1516 1577 1581
f 1516 1581 1582
f 1516 1582 1583
f 1516 1583 1517
f 1517 1583 1584
f 1517 1584 1585
f 1517 1585 1518
f 1518 1585 1561
f 1518 1561 1519
f 1520 1521 1587
f 1520 1587 1588
f 1520 1588 1586
f 1521 1541 1587
f 1522 1586 1589
f 1522 1589 1590
f 1522 1590 1573
f 1523 1570 1526
f 1524 1526 1591
f 1524 1591 1525
f 1525 1591 1595
f 1525 1595 1527
f 1526 1570 1592
f 1526 1592 1593
f 1526 1593 1594
f 1526 1594 1591
f 1527 1595 1596
f 1527 1596 1528
f 1528 1596 1597
f 1529 1597 1598
f 1529 1598 1531
f 1530 1531 1599
f 1530 1599 1535
f 1531 1598 1599
f 1532 1537 1600
f 1532 1600 1601
f 1532 1601 1533
f 1533 1601 1534
f 1534 1601 1602
f 1534 1602 1603
f 1534 1603 1538
f 1535 1599 1536
f 1536 1604 1605
f 1536 1605 1600
f 1536 1600 1537
f 1536 1599 1606
f 1536 1606 1607
f 1536 1607 1604
f 1538 1603 1608
f 1538 1608 1540
f 1539 1540 1609
f 1539 1609 1610
f 1539 1610 1542
f 1540 1608 1609
f 1541 1542 1587
f 1542 1611 1587
f 1542 1610 1611
f 1543 1560 1544
f 1544 1560 1612
f 1544 1612 1613
f 1544 1613 1547
f 1546 1548 1550
f 1547 1613 1614
f 1548 1614 1550
f 1549 1550 1615
f 1549 1615 1616
f 1549 1616 1553
f 1550 1614 1617
f 1550 1617 1618
f 1550 1618 1615
f 1554 1616 1678
f 1554 1678 1619
f 1554 1619 1620
f 1554 1620 1555
f 1555 1620 1682
f 1555 1682 1621
f 1555 1621 1622
f 1555 1622 1556
f 1557 1622 1685
f 1557 1685 1623
f 1559 1562 1626
f 1559 1626 1624
f 1559 1624 1625
f 1559 1625 1560
f 1560 1625 1612
f 1561 1585 1626
f 1561 1626 1562
f 1563 1627 1564
f 1564 1627 1628
f 1565 1569 1629
f 1565 1629 1566
f 1566 1629 1630
f 1566 1630 1631
f 1566 1631 1567
f 1567 1631 1571
f 1568 1632 1569
f 1569 1632 1633
f 1569 1633 1634
f 1569 1634 1629
f 1570 1635 1592
f 1571 1631 1636
f 1571 1636 1635
f 1572 1573 1574
f 1573 1590 1637
f 1573 1637 1638
f 1573 1638 1574
f 1574 1638 1639
f 1574 1639 1575
f 1575 1639 1640
f 1576 1580 1579
f 1576 1640 1641
f 1576 1641 1580
f 1577 1578 1642
f 1577 1642 1643
f 1577 1643 1581
f 1578 1580 1644
f 1578 1644 1642
f 1580 1641 1644
f 1581 1643 1645
f 1581 1645 1646
f 1581 1646 1582
f 1582 1646 1647
f 1582 1647 1583
f 1583 1647 1584
f 1584 1626 1585
f 1584 1647 1626
f 1586 1588 1589
f 1587 1611 1648
f 1587 1648 1588
f 1588 1649 1589
f 1588 1648 1650
f 1588 1650 1649
f 1589 1651 1637
f 1589 1637 1590
f 1589 1649 1652
f 1589 1652 1651
f 1591 1594 1653
f 1591 1653 1595
f 1592 1635 1654
f 1592 1654 1655
f 1592 1655 1593
f 1593 1655 1656
f 1593 1656 1653
f 1593 1653 1594
f 1595 1653 1657
f 1595 1657 1596
f 1596 1658 1597
f 1596 1657 1658
f 1597 1658 1659
f 1597 1659 1598
f 1598 1659 1660
f 1598 1660 1599
f 1599 1660 1606
f 1600 1605 1604
f 1600 1604 1661
f 1600 1661 1601
f 1601 1661 1602
f 1602 1662 1603
f 1602 1661 1663
f 1602 1663 1662
f 1603 1662 1608
f 1604 1664 1663
f 1604 1663 1661
f 1604 1607 1665
f 1604 1665 1664
f 1606 1660 1666
f 1606 1666 1667
f 1606 1667 1607
f 1607 1667 1665
f 1608 1662 1668
f 1608 1668 1669
f 1608 1669 1670
f 1608 1670 1609
f 1609 1670 1671
f 1609 1671 1610
f 1610 1672 1611
f 1610 1671 1672
f 1611 1672 1648
f 1612 1625 1673
f 1612 1673 1674
f 1612 1674 1675
f 1612 1675 1613
f 1613 1675 1676
f 1613 1676 1614
f 1614 1676 1677
f 1614 1677 1617
f 1615 1618 1678
f 1615 1678 1616
f 1617 1677 1679
f 1617 1679 1618
f 1618 1679 1678
f 1619 1678 1680
f 1619 1680 1681
f 1619 1681 1620
f 1620 1681 1748
f 1620 1748 1682
f 1621 1683 1622
f 1621 1682 1684
f 1621 1684 1683
f 1622 1683 1685
f 1624 1626 1686
f 1624 1686 1625
f 1625 1686 1687
f 1625 1687 1688
f 1625 1688 1673
f 1626 1647 1687
f 1626 1687 1686
f 1627 1689 1628
f 1628 1689 1690
f 1629 1634 1691
f 1629 1691 1630
f 1630 1691 1692
f 1630 1692 1631
f 1631 1692 1693
f 1631 1693 1636
f 1633 1694 1634
f 1634 1694 1695
f 1634 1695 1691
f 1635 1636 1696
f 1635 1696 1654
f 1636 1693 1697
f 1636 1697 1696
f 1637 1698 1639
f 1637 1639 1638
f 1637 1651 1716
f 1637 1716 1698
f 1639 1698 1699
f 1639 1699 1641
f 1639 1641 1640
f 1641 1700 1644
f 1641 1699 1701
f 1641 1701 1700
f 1642 1644 1702
f 1642 1702 1643
f 1643 1702 1703
f 1643 1703 1645
f 1644 1700 1704
f 1644 1704 1705
f 1644 1705 1706
f 1644 1706 1707
f 1644 1707 1702
f 1645 1703 1707
f 1645 1707 1708
f 1645 1708 1709
f 1645 1709 1710
f 1645 1710 1646
f 1646 1710 1647
f 1647 1710 1687
f 1648 1672 1711
f 1648 1711 1712
f 1648 1712 1713
f 1648 1713 1650
f 1649 1650 1652
f 1650 1713 1712
f 1650 1712 1714
f 1650 1714 1715
f 1650 1715 1652
f 1651 1652 1716
f 1652 1717 1716
f 1652 1715 1718
f 1652 1718 1717
f 1653 1656 1719
f 1653 1719 1720
f 1653 1720 1657
f 1654 1696 1721
f 1654 1721 1655
f 1655 1721 1722
f 1655 1722 1723
f 1655 1723 1719
f 1655 1719 1656
f 1657 1720 1724
f 1657 1724 1725
f 1657 1725 1726
f 1657 1726 1658
f 1658 1726 1659
f 1659 1727 1660
f 1659 1726 1728
f 1659 1728 1727
f 1660 1727 1666
f 1662 1663 1729
f 1662 1729 1730
f 1662 1730 1668
f 1663 1664 1731
f 1663 1731 1729
f 1664 1665 1732
f 1664 1732 1731
f 1665 1667 1733
f 1665 1733 1732
f 1666 1727 1728
f 1666 1728 1667
f 1667 1728 1733
f 1668 1734 1669
f 1668 1730 1734
f 1669 1735 1671
f 1669 1671 1670
f 1669 1734 1795
f 1669 1795 1735
f 1671 1736 1672
f 1671 1735 1736
f 1672 1736 1737
f 1672 1737 1711
f 1673 1688 1738
f 1673 1738 1739
f 1673 1739 1674
f 1674 1739 1803
f 1674 1803 1740
f 1674 1740 1676
f 1674 1676 1675
f 1676 1740 1677
f 1677 1740 1741
f 1677 1741 1742
f 1677 1742 1679
f 1678 1679 1743
f 1678 1743 1680
f 1679 1742 1744
f 1679 1744 1743
f 1680 1743 1744
f 1680 1744 1745
f 1680 1745 1746
f 1680 1746 1681
f 1681 1746 1747
f 1681 1747 1748
f 1682 1749 1684
f 1682 1748 1750
f 1682 1750 1749
f 1687 1710 1688
f 1688 1710 1751
f 1688 1751 1738
f 1689 1752 1753
f 1689 1753 1690
f 1691 1695 1692
f 1692 1754 1755
f 1692 1755 1693
f 1692 1695 1754
f 1693 1755 1697
f 1694 1756 1695
f 1695 1756 1757
f 1695 1757 1758
f 1695 1758 1754
f 1696 1697 1759
f 1696 1759 1721
f 1697 1755 1760
f 1697 1760 1761
f 1697 1761 1759
f 1698 1762 1699
f 1698 1716 1762
f 1699 1762 1701
f 1700 1701 1764
f 1700 1764 1704
f 1701 1762 1763
f 1701 1763 1823
f 1701 1823 1764
f 1702 1707 1703
f 1704 1764 1765
f 1704 1765 1766
f 1704 1766 1705
f 1705 1766 1767
f 1705 1767 1706
f 1706 1767 1707
f 1707 1768 1708
f 1707 1767 1768
f 1708 1769 1709
f 1708 1768 1770
f 1708 1770 1769
f 1709 1769 1710
f 1710 1769 1751
f 1711 1737 1712
f 1712 1737 1771
f 1712 1771 1772
f 1712 1772 1714
f 1714 1773 1715
f 1714 1772 1774
f 1714 1774 1775
f 1714 1775 1773
f 1715 1773 1718
f 1716 1776 1762
f 1716 1717 1776
f 1717 1718 1776
f 1718 1777 1778
f 1718 1778 1776
f 1718 1773 1777
f 1719 1723 1779
f 1719 1779 1780
f 1719 1780 1724
f 1719 1724 1720
f 1721 1759 1781
f 1721 1781 1722
f 1722 1781 1782
f 1722 1782 1783
f 1722 1783 1723
f 1723 1783 1779
f 1724 1784 1725
f 1724 1780 1785
f 1724 1785 1786
f 1724 1786 1784
f 1725 1784 1726
f 1726 1784 1728
f 1728 1784 1787
f 1728 1787 1788
f 1728 1788 1789
f 1728 1789 1733
f 1729 1731 1790
f 1729 1790 1730
f 1730 1791 1734
f 1730 1790 1791
f 1731 1732 1792
f 1731 1792 1793
f 1731 1793 1790
f 1732 1733 1794
f 1732 1794 1792
f 1733 1789 1794
f 1734 1791 1796
f 1734 1796 1795
f 1735 1797 1736
f 1735 1795 1798
f 1735 1798 1797
f 1736 1797 1737
f 1737 1797 1799
f 1737 1799 1771
f 1738 1751 1769
f 1738 1769 1800
f 1738 1800 1801
f 1738 1801 1739
f 1739 1801 1802
f 1739 1802 1803
f 1740 1803 1741
f 1741 1803 1802
f 1741 1802 1804
f 1741 1804 1805
f 1741 1805 1742
f 1742 1805 1744
f 1744 1805 1806
f 1744 1806 1807
f 1744 1807 1745
f 1745 1807 1808
f 1745 1808 1746
f 1746 1808 1747
f 1747 1809 1750
f 1747 1750 1748
f 1747 1808 1810
f 1747 1810 1811
f 1747 1811 1809
f 1752 1812 1813
f 1752 1813 1753
f 1754 1758 1814
f 1754 1814 1755
f 1755 1814 1815
f 1755 1815 1760
f 1757 1816 1758
f 1758 1816 1817
f 1758 1817 1814
f 1759 1761 1781
f 1760 1815 1761
f 1761 1815 1818
f 1761 1818 1819
f 1761 1819 1820
f 1761 1820 1781
f 1762 1776 1763
f 1763 1776 1821
f 1763 1821 1822
f 1763 1822 1823
f 1764 1823 1824
f 1764 1824 1765
f 1765 1825 1766
f 1765 1824 1825
f 1766 1825 1826
f 1766 1826 1767
f 1767 1826 1770
f 1767 1770 1768
f 1769 1827 1800
f 1769 1770 1828
f 1769 1828 1827
f 1770 1826 1880
f 1770 1880 1828
f 1771 1799 1854
f 1771 1854 1829
f 1771 1829 1830
f 1771 1830 1772
f 1772 1775 1774
f 1772 1830 1775
f 1773 1831 1777
f 1773 1775 1831
f 1775 1832 1831
f 1775 1830 1833
f 1775 1833 1834
f 1775 1834 1832
f 1776 1778 1835
f 1776 1835 1821
f 1777 1831 1835
f 1777 1835 1778
f 1779 1783 1836
f 1779 1836 1837
f 1779 1837 1780
f 1780 1837 1785
f 1781 1838 1782
f 1781 1820 1838
f 1782 1838 1839
f 1782 1839 1783
f 1783 1839 1836
f 1784 1786 1840
f 1784 1840 1841
f 1784 1841 1787
f 1785 1837 1842
f 1785 1842 1843
f 1785 1843 1786
f 1786 1843 1840
f 1787 1841 1844
f 1787 1844 1845
f 1787 1845 1789
f 1787 1789 1788
f 1789 1845 1846
f 1789 1846 1847
f 1789 1847 1794
f 1790 1793 1848
f 1790 1848 1791
f 1791 1848 1853
f 1791 1853 1796
f 1792 1794 1849
f 1792 1849 1850
f 1792 1850 1793
f 1793 1851 1848
f 1793 1850 1851
f 1794 1847 1849
f 1795 1796 1798
f 1796 1852 1798
f 1796 1853 1852
f 1797 1798 1799
f 1798 1854 1799
f 1798 1852 1854
f 1800 1827 1828
f 1800 1828 1855
f 1800 1855 1856
f 1800 1856 1801
f 1801 1856 1857
f 1801 1857 1802
f 1802 1857 1858
f 1802 1858 1804
f 1804 1858 1805
f 1805 1858 1859
f 1805 1859 1806
f 1806 1859 1860
f 1806 1860 1861
f 1806 1861 1807
f 1807 1861 1808
f 1808 1861 1862
f 1808 1862 1810
f 1810 1862 1863
f 1810 1863 1917
f 1810 1917 1864
f 1810 1864 1811
f 1812 1865 1919
f 1812 1919 1981
f 1812 1981 2044
f 1812 2044 2100
f 1812 2100 2153
f 1812 2153 2152
f 1812 2152 2151
f 1812 2151 2206
f 1812 2206 2259
f 1812 2259 2258
f 1812 2258 2309
f 1812 2309 2353
f 1812 2353 2352
f 1812 2352 2399
f 1812 2399 2398
f 1812 2398 2397
f 1812 2397 2425
f 1812 2425 2433
f 1812 2433 2417
f 1812 2417 2424
f 1812 2424 2423
f 1812 2423 2422
f 1812 2422 2389
f 1812 2389 2388
f 1812 2388 2343
f 1812 2343 2342
f 1812 2342 2340
f 1812 2340 2296
f 1812 2296 2295
f 1812 2295 2294
f 1812 2294 2293
f 1812 2293 2292
f 1812 2292 2291
f 1812 2291 2239
f 1812 2239 2238
f 1812 2238 2189
f 1812 2189 2186
f 1812 2186 2185
f 1812 2185 2184
f 1812 2184 2128
f 1812 2128 2161
f 1812 2161 2160
f 1812 2160 2159
f 1812 2159 2105
f 1812 2105 2050
f 1812 2050 2047
f 1812 2047 1984
f 1812 1984 1921
f 1812 1921 1866
f 1812 1866 1867
f 1812 1867 1813
f 1814 1868 1869
f 1814 1869 1870
f 1814 1870 1815
f 1814 1817 1868
f 1815 1870 1818
f 1818 1870 1871
f 1818 1871 1819
f 1819 1871 1872
f 1819 1872 1873
f 1819 1873 1838
f 1819 1838 1820
f 1821 1835 1874
f 1821 1874 1822
f 1822 1874 1875
f 1822 1875 1823
f 1823 1875 1824
f 1824 1875 1876
f 1824 1876 1877
f 1824 1877 1825
f 1825 1877 1878
f 1825 1878 1879
f 1825 1879 1880
f 1825 1880 1826
f 1828 1880 1881
f 1828 1881 1855
f 1829 1854 1882
f 1829 1882 1830
f 1830 1883 1833
f 1830 1882 1884
f 1830 1884 1883
f 1831 1832 1834
f 1831 1834 1885
f 1831 1885 1835
f 1833 1883 1887
f 1833 1887 1834
f 1834 1886 1885
f 1834 1887 1886
f 1835 1885 1888
f 1835 1888 1889
f 1835 1889 1874
f 1836 1839 1890
f 1836 1890 1891
f 1836 1891 1837
f 1837 1891 1842
f 1838 1873 1892
f 1838 1892 1893
f 1838 1893 1839
f 1839 1893 1894
f 1839 1894 1890
f 1840 1843 1895
f 1840 1895 1896
f 1840 1896 1841
f 1841 1896 1844
f 1842 1891 1897
f 1842 1897 1898
f 1842 1898 1843
f 1843 1898 1895
f 1844 1896 1899
f 1844 1899 1900
f 1844 1900 1845
f 1845 1900 1846
f 1846 1900 1901
f 1846 1901 1902
f 1846 1902 1847
f 1847 1902 1903
f 1847 1903 1904
f 1847 1904 1849
f 1848 1851 1905
f 1848 1905 1853
f 1849 1904 1906
f 1849 1906 1850
f 1850 1906 1907
f 1850 1907 1908
f 1850 1908 1851
f 1851 1908 1905
f 1852 1909 1854
f 1852 1853 1910
f 1852 1910 1909
f 1853 1905 1910
f 1854 1909 1882
f 1855 1911 1857
f 1855 1857 1856
f 1855 1881 1940
f 1855 1940 1911
f 1857 1911 1912
f 1857 1912 1858
f 1858 1912 1913
f 1858 1913 1859
f 1859 1913 1860
f 1860 1913 1914
f 1860 1914 1915
f 1860 1915 1861
f 1861 1915 1862
f 1862 1915 1977
f 1862 1977 1916
f 1862 1916 1918
f 1862 1918 1863
f 1863 1918 1979
f 1863 1979 1917
f 1865 1920 1919
f 1868 1922 1869
f 1869 1922 1923
f 1869 1923 1924
f 1869 1924 1870
f 1870 1924 1925
f 1870 1925 1871
f 1871 1925 1926
f 1871 1926 1927
f 1871 1927 1872
f 1872 1927 1928
f 1872 1928 1929
f 1872 1929 1892
f 1872 1892 1873
f 1874 1930 1931
f 1874 1931 1875
f 1874 1889 1930
f 1875 1931 1932
f 1875 1932 1876
f 1876 1932 1933
f 1876 1933 1878
f 1876 1878 1877
f 1878 1933 1934
f 1878 1934 1935
f 1878 1935 1936
f 1878 1936 1937
f 1878 1937 1938
f 1878 1938 1879
f 1879 1938 1939
f 1879 1939 1880
f 1880 1939 1881
f 1881 1939 2004
f 1881 2004 1940
f 1882 1909 1941
f 1882 1941 1884
f 1883 1884 1942
f 1883 1942 1943
f 1883 1943 1887
f 1884 1941 1944
f 1884 1944 1942
f 1885 1886 1945
f 1885 1945 1946
f 1885 1946 1889
f 1885 1889 1888
f 1886 1947 1945
f 1886 1887 1948
f 1886 1948 1947
f 1887 1943 1948
f 1889 1946 1949
f 1889 1949 1950
f 1889 1950 1951
f 1889 1951 1930
f 1890 1894 1952
f 1890 1952 1891
f 1891 1952 1897
f 1892 1953 1894
f 1892 1894 1893
f 1892 1929 1954
f 1892 1954 1953
f 1894 1953 1955
f 1894 1955 1956
f 1894 1956 1952
f 1895 1898 1957
f 1895 1957 1958
f 1895 1958 1896
f 1896 1958 1899
f 1897 1952 1959
f 1897 1959 1898
f 1898 1959 1957
f 1899 1958 1960
f 1899 1960 1961
f 1899 1961 1900
f 1900 1961 1901
f 1901 1961 1962
f 1901 1962 1902
f 1902 1963 1903
f 1902 1962 1963
f 1903 1963 1964
f 1903 1964 1965
f 1903 1965 1966
f 1903 1966 1967
f 1903 1967 1906
f 1903 1906 1904
f 1905 1908 1968
f 1905 1968 1910
f 1906 1967 1907
f 1907 1967 1969
f 1907 1969 1908
f 1908 1969 1970
f 1908 1970 1968
f 1909 1910 1971
f 1909 1971 1941
f 1910 1968 1972
f 1910 1972 1971
f 1911 1940 1973
f 1911 1973 1974
f 1911 1974 1912
f 1912 1974 1975
f 1912 1975 1913
f 1913 1975 1914
f 1914 1975 1976
f 1914 1976 1977
f 1914 1977 1915
f 1916 1977 2037
f 1916 2037 1978
f 1916 1978 1980
f 1916 1980 1918
f 1918 1980 2039
f 1918 2039 1979
f 1919 1920 1981
f 1920 1982 1983
f 1920 1983 1981
f 1921 1984 1985
f 1921 1985 1986
f 1923 1987 1924
f 1924 1987 1926
f 1924 1926 1925
f 1926 1987 1988
f 1926 1988 1989
f 1926 1989 1990
f 1926 1990 1991
f 1926 1991 1992
f 1926 1992 1927
f 1927 1992 1993
f 1927 1993 1928
f 1928 1993 1994
f 1928 1994 1929
f 1929 1994 2017
f 1929 2017 1954
f 1930 1951 1995
f 1930 1995 1996
f 1930 1996 1932
f 1930 1932 1931
f 1932 1997 1933
f 1932 1996 1998
f 1932 1998 1997
f 1933 1997 1934
f 1934 1997 1935
f 1935 1997 1998
f 1935 1998 1999
f 1935 1999 2000
f 1935 2000 2001
f 1935 2001 2002
f 1935 2002 1936
f 1936 2002 1937
f 1937 2002 2003
f 1937 2003 1938
f 1938 2003 2004
f 1938 2004 1939
f 1940 2004 2005
f 1940 2005 1973
f 1941 1971 2006
f 1941 2006 1944
f 1942 1944 2007
f 1942 2007 1943
f 1943 2008 1948
f 1943 2007 2009
f 1943 2009 2008
f 1944 2006 2010
f 1944 2010 2007
f 1945 2011 1949
f 1945 1949 1946
f 1945 1947 2012
f 1945 2012 2011
f 1947 1948 2013
f 1947 2013 2073
f 1947 2073 2012
f 1948 2008 2013
f 1949 2011 1950
f 1950 2011 2014
f 1950 2014 1995
f 1950 1995 1951
f 1952 1956 2015
f 1952 2015 2016
f 1952 2016 1959
f 1953 1954 1955
f 1954 2017 2018
f 1954 2018 1955
f 1955 2015 1956
f 1955 2018 2019
f 1955 2019 2020
f 1955 2020 2015
f 1957 1959 2021
f 1957 2021 1958
f 1958 2021 1960
f 1959 2016 2022
f 1959 2022 2023
f 1959 2023 2021
f 1960 2021 2024
f 1960 2024 1961
f 1961 2025 1962
f 1961 2024 2025
f 1962 2025 2026
f 1962 2026 2027
f 1962 2027 1964
f 1962 1964 1963
f 1964 2027 2028
f 1964 2028 2029
f 1964 2029 1965
f 1965 2030 1966
f 1965 2029 2030
f 1966 2030 2031
f 1966 2031 2032
f 1966 2032 1969
f 1966 1969 1967
f 1968 1970 1972
f 1969 2032 1970
f 1970 2032 2033
f 1970 2033 1972
f 1971 1972 2006
f 1972 2033 2034
f 1972 2034 2006
f 1973 2005 2035
f 1973 2035 1975
f 1973 1975 1974
f 1975 2035 1976
f 1976 2035 2036
f 1976 2036 2037
f 1976 2037 1977
f 1978 2037 2095
f 1978 2095 2038
f 1978 2038 2040
f 1978 2040 1980
f 1980 2040 2041
f 1980 2041 2042
f 1980 2042 2039
f 1981 1983 2043
f 1981 2043 2044
f 1982 2045 1983
f 1983 2045 2046
f 1983 2046 2043
f 1984 2047 1985
f 1985 2048 2049
f 1985 2049 1986
f 1985 2047 2050
f 1985 2050 2048
f 1986 2049 2051
f 1990 2052 1991
f 1991 2053 1993
f 1991 1993 1992
f 1991 2052 2051
f 1991 2051 2053
f 1993 2053 2054
f 1993 2054 2055
f 1993 2055 1994
f 1994 2055 2017
f 1995 2014 1998
f 1995 1998 1996
f 1998 2014 2056
f 1998 2056 1999
f 1999 2056 2057
f 1999 2057 2058
f 1999 2058 2059
f 1999 2059 2001
f 1999 2001 2000
f 2001 2059 2060
f 2001 2060 2002
f 2002 2060 2061
f 2002 2061 2062
f 2002 2062 2005
f 2002 2005 2003
f 2003 2005 2004
f 2005 2062 2063
f 2005 2063 2064
f 2005 2064 2065
f 2005 2065 2035
f 2006 2034 2010
f 2007 2010 2066
f 2007 2066 2067
f 2007 2067 2009
f 2008 2068 2013
f 2008 2009 2069
f 2008 2069 2068
f 2009 2067 2069
f 2010 2034 2070
f 2010 2070 2066
f 2011 2071 2014
f 2011 2012 2071
f 2012 2072 2071
f 2012 2073 2072
f 2013 2068 2118
f 2013 2118 2073
f 2014 2074 2056
f 2014 2071 2074
f 2015 2022 2016
f 2015 2020 2075
f 2015 2075 2076
f 2015 2076 2022
f 2017 2055 2077
f 2017 2077 2018
f 2018 2077 2019
f 2019 2077 2078
f 2019 2078 2020
f 2020 2078 2075
f 2021 2023 2079
f 2021 2079 2080
f 2021 2080 2024
f 2022 2079 2023
f 2022 2076 2081
f 2022 2081 2082
f 2022 2082 2079
f 2024 2080 2083
f 2024 2083 2084
f 2024 2084 2026
f 2024 2026 2025
f 2026 2084 2085
f 2026 2085 2086
f 2026 2086 2028
f 2026 2028 2027
f 2028 2086 2087
f 2028 2087 2088
f 2028 2088 2029
f 2029 2089 2030
f 2029 2088 2089
f 2030 2089 2090
f 2030 2090 2031
f 2031 2090 2091
f 2031 2091 2092
f 2031 2092 2032
f 2032 2092 2033
f 2033 2092 2093
f 2033 2093 2034
f 2034 2093 2070
f 2035 2065 2094
f 2035 2094 2036
f 2036 2094 2095
f 2036 2095 2037
f 2038 2095 2096
f 2038 2096 2097
f 2038 2097 2040
f 2040 2097 2098
f 2040 2098 2041
f 2043 2099 2100
f 2043 2100 2044
f 2043 2046 2101
f 2043 2101 2154
f 2043 2154 2099
f 2045 2102 2046
f 2046 2102 2103
f 2046 2103 2101
f 2048 2104 2054
f 2048 2054 2049
f 2048 2050 2104
f 2049 2054 2053
f 2049 2053 2051
f 2050 2105 2106
f 2050 2106 2104
f 2054 2104 2055
f 2055 2104 2106
f 2055 2106 2107
f 2055 2107 2077
f 2056 2074 2108
f 2056 2108 2057
f 2057 2108 2058
f 2058 2108 2109
f 2058 2109 2110
f 2058 2110 2111
f 2058 2111 2059
f 2059 2111 2060
f 2060 2111 2112
f 2060 2112 2113
f 2060 2113 2061
f 2061 2113 2062
f 2062 2113 2063
f 2063 2113 2064
f 2064 2113 2114
f 2064 2114 2094
f 2064 2094 2065
f 2066 2070 2115
f 2066 2115 2117
f 2066 2117 2067
f 2067 2116 2069
f 2067 2117 2116
f 2068 2069 2119
f 2068 2119 2175
f 2068 2175 2118
f 2069 2116 2119
f 2070 2093 2120
f 2070 2120 2115
f 2071 2121 2074
f 2071 2072 2121
f 2072 2073 2122
f 2072 2122 2123
f 2072 2123 2121
f 2073 2118 2122
f 2074 2121 2124
f 2074 2124 2108
f 2075 2078 2125
f 2075 2125 2126
f 2075 2126 2076
f 2076 2126 2081
f 2077 2107 2127
f 2077 2127 2078
f 2078 2127 2128
f 2078 2128 2125
f 2079 2083 2080
f 2079 2082 2129
f 2079 2129 2130
f 2079 2130 2083
f 2081 2126 2131
f 2081 2131 2132
f 2081 2132 2082
f 2082 2132 2129
f 2083 2085 2084
f 2083 2130 2133
f 2083 2133 2134
f 2083 2134 2085
f 2085 2134 2135
f 2085 2135 2136
f 2085 2136 2086
f 2086 2136 2087
f 2087 2137 2088
f 2087 2136 2137
f 2088 2137 2138
f 2088 2138 2139
f 2088 2139 2089
f 2089 2139 2090
f 2090 2139 2140
f 2090 2140 2091
f 2091 2140 2141
f 2091 2141 2142
f 2091 2142 2143
f 2091 2143 2092
f 2092 2143 2093
f 2093 2143 2120
f 2094 2114 2144
f 2094 2144 2145
f 2094 2145 2146
f 2094 2146 2095
f 2095 2146 2096
f 2096 2146 2145
f 2096 2145 2147
f 2096 2147 2148
f 2096 2148 2097
f 2097 2148 2098
f 2098 2148 2149
f 2099 2150 2151
f 2099 2151 2152
f 2099 2152 2153
f 2099 2153 2100
f 2099 2154 2150
f 2101 2103 2155
f 2101 2155 2154
f 2102 2156 2103
f 2103 2156 2157
f 2103 2157 2158
f 2103 2158 2155
f 2105 2159 2106
f 2106 2159 2160
f 2106 2160 2107
f 2107 2160 2161
f 2107 2161 2128
f 2107 2128 2127
f 2108 2162 2109
f 2108 2124 2162
f 2109 2162 2163
f 2109 2163 2110
f 2110 2164 2112
f 2110 2112 2111
f 2110 2163 2165
f 2110 2165 2166
f 2110 2166 2164
f 2112 2164 2217
f 2112 2217 2167
f 2112 2167 2113
f 2113 2167 2168
f 2113 2168 2144
f 2113 2144 2114
f 2115 2120 2169
f 2115 2169 2170
f 2115 2170 2117
f 2116 2117 2171
f 2116 2171 2172
f 2116 2172 2173
f 2116 2173 2119
f 2117 2170 2171
f 2118 2174 2122
f 2118 2175 2174
f 2119 2173 2176
f 2119 2176 2175
f 2120 2143 2177
f 2120 2177 2178
f 2120 2178 2169
f 2121 2123 2179
f 2121 2179 2180
f 2121 2180 2124
f 2122 2174 2183
f 2122 2183 2123
f 2123 2181 2182
f 2123 2182 2179
f 2123 2183 2181
f 2124 2180 2162
f 2125 2128 2184
f 2125 2184 2185
f 2125 2185 2126
f 2126 2185 2186
f 2126 2186 2131
f 2129 2132 2187
f 2129 2187 2188
f 2129 2188 2130
f 2130 2188 2133
f 2131 2186 2189
f 2131 2189 2132
f 2132 2189 2187
f 2133 2188 2190
f 2133 2190 2134
f 2134 2190 2135
f 2135 2190 2191
f 2135 2191 2136
f 2136 2191 2192
f 2136 2192 2137
f 2137 2192 2193
f 2137 2193 2194
f 2137 2194 2195
f 2137 2195 2138
f 2138 2195 2139
f 2139 2195 2196
f 2139 2196 2140
f 2140 2196 2141
f 2141 2197 2177
f 2141 2177 2142
f 2141 2196 2198
f 2141 2198 2197
f 2142 2177 2143
f 2144 2168 2145
f 2145 2168 2167
f 2145 2167 2199
f 2145 2199 2200
f 2145 2200 2147
f 2147 2200 2201
f 2147 2201 2148
f 2148 2201 2202
f 2148 2202 2149
f 2150 2203 2204
f 2150 2204 2151
f 2150 2154 2205
f 2150 2205 2203
f 2151 2204 2206
f 2154 2155 2207
f 2154 2207 2208
f 2154 2208 2205
f 2155 2158 2209
f 2155 2209 2207
f 2156 2210 2157
f 2157 2210 2211
f 2157 2211 2158
f 2158 2211 2212
f 2158 2212 2209
f 2162 2180 2213
f 2162 2213 2218
f 2162 2218 2214
f 2162 2214 2163
f 2163 2214 2165
f 2164 2166 2215
f 2164 2215 2216
f 2164 2216 2217
f 2165 2214 2218
f 2165 2218 2219
f 2165 2219 2220
f 2165 2220 2221
f 2165 2221 2222
f 2165 2222 2216
f 2165 2216 2166
f 2166 2216 2215
f 2167 2217 2223
f 2167 2223 2199
f 2169 2178 2224
f 2169 2224 2170
f 2170 2224 2225
f 2170 2225 2171
f 2171 2225 2172
f 2172 2226 2227
f 2172 2227 2173
f 2172 2225 2228
f 2172 2228 2226
f 2173 2227 2176
f 2174 2175 2229
f 2174 2229 2230
f 2174 2230 2183
f 2175 2176 2229
f 2176 2227 2231
f 2176 2231 2229
f 2177 2197 2178
f 2178 2197 2232
f 2178 2232 2233
f 2178 2233 2224
f 2179 2182 2180
f 2180 2182 2213
f 2181 2234 2182
f 2181 2183 2235
f 2181 2235 2236
f 2181 2236 2234
f 2182 2237 2213
f 2182 2234 2237
f 2183 2230 2235
f 2187 2189 2238
f 2187 2238 2239
f 2187 2239 2188
f 2188 2240 2190
f 2188 2239 2240
f 2190 2241 2191
f 2190 2240 2242
f 2190 2242 2241
f 2191 2241 2243
f 2191 2243 2244
f 2191 2244 2193
f 2191 2193 2192
f 2193 2244 2245
f 2193 2245 2246
f 2193 2246 2194
f 2194 2246 2247
f 2194 2247 2195
f 2195 2247 2248
f 2195 2248 2196
f 2196 2249 2198
f 2196 2248 2249
f 2197 2198 2232
f 2198 2249 2250
f 2198 2250 2251
f 2198 2251 2232
f 2199 2223 2252
f 2199 2252 2200
f 2200 2252 2253
f 2200 2253 2201
f 2201 2253 2254
f 2201 2254 2202
f 2203 2255 2256
f 2203 2256 2257
f 2203 2257 2204
f 2203 2205 2255
f 2204 2257 2258
f 2204 2258 2259
f 2204 2259 2206
f 2205 2208 2255
f 2207 2209 2260
f 2207 2260 2208
f 2208 2260 2261
f 2208 2261 2262
f 2208 2262 2263
f 2208 2263 2255
f 2209 2212 2264
f 2209 2264 2260
f 2210 2265 2211
f 2211 2265 2266
f 2211 2266 2267
f 2211 2267 2268
f 2211 2268 2212
f 2212 2268 2264
f 2213 2237 2234
f 2213 2234 2269
f 2213 2269 2218
f 2216 2270 2223
f 2216 2223 2217
f 2216 2222 2271
f 2216 2271 2270
f 2218 2269 2219
f 2219 2272 2220
f 2219 2269 2273
f 2219 2273 2274
f 2219 2274 2272
f 2220 2272 2275
f 2220 2275 2276
f 2220 2276 2277
f 2220 2277 2221
f 2221 2277 2271
f 2221 2271 2222
f 2223 2270 2303
f 2223 2303 2252
f 2224 2233 2278
f 2224 2278 2225
f 2225 2278 2228
f 2226 2279 2227
f 2226 2228 2280
f 2226 2280 2279
f 2227 2279 2231
f 2228 2278 2281
f 2228 2281 2280
f 2229 2231 2282
f 2229 2282 2230
f 2230 2282 2283
f 2230 2283 2235
f 2231 2279 2282
f 2232 2251 2284
f 2232 2284 2285
f 2232 2285 2286
f 2232 2286 2233
f 2233 2286 2287
f 2233 2287 2278
f 2234 2288 2269
f 2234 2236 2288
f 2235 2283 2290
f 2235 2290 2236
f 2236 2289 2288
f 2236 2290 2289
f 2239 2291 2242
f 2239 2242 2240
f 2241 2242 2243
f 2242 2291 2292
f 2242 2292 2293
f 2242 2293 2243
f 2243 2293 2294
f 2243 2294 2295
f 2243 2295 2244
f 2244 2295 2296
f 2244 2296 2245
f 2245 2297 2246
f 2245 2296 2297
f 2246 2298 2247
f 2246 2297 2299
f 2246 2299 2298
f 2247 2298 2248
f 2248 2250 2249
f 2248 2298 2300
f 2248 2300 2250
f 2250 2300 2301
f 2250 2301 2302
f 2250 2302 2251
f 2251 2302 2284
f 2252 2303 2304
f 2252 2304 2253
f 2253 2304 2305
f 2253 2305 2254
f 2255 2263 2306
f 2255 2306 2256
f 2256 2306 2307
f 2256 2307 2308
f 2256 2308 2257
f 2257 2308 2258
f 2258 2308 2309
f 2260 2264 2310
f 2260 2310 2261
f 2261 2310 2311
f 2261 2311 2262
f 2262 2311 2312
f 2262 2312 2356
f 2262 2356 2313
f 2262 2313 2314
f 2262 2314 2263
f 2263 2314 2306
f 2264 2268 2315
f 2264 2315 2310
f 2266 2316 2267
f 2267 2316 2360
f 2267 2360 2317
f 2267 2317 2318
f 2267 2318 2268
f 2268 2318 2319
f 2268 2319 2315
f 2269 2288 2323
f 2269 2323 2273
f 2270 2271 2277
f 2270 2277 2320
f 2270 2320 2303
f 2272 2274 2321
f 2272 2321 2275
f 2273 2322 2274
f 2273 2323 2322
f 2274 2322 2324
f 2274 2324 2321
f 2275 2321 2325
f 2275 2325 2276
f 2276 2325 2320
f 2276 2320 2277
f 2278 2287 2281
f 2279 2326 2282
f 2279 2280 2327
f 2279 2327 2326
f 2280 2281 2328
f 2280 2328 2329
f 2280 2329 2327
f 2281 2287 2330
f 2281 2330 2331
f 2281 2331 2328
f 2282 2326 2332
f 2282 2332 2333
f 2282 2333 2283
f 2283 2333 2334
f 2283 2334 2290
f 2284 2302 2335
f 2284 2335 2336
f 2284 2336 2285
f 2285 2330 2287
f 2285 2287 2286
f 2285 2336 2337
f 2285 2337 2330
f 2288 2289 2323
f 2289 2338 2323
f 2289 2290 2339
f 2289 2339 2386
f 2289 2386 2338
f 2290 2334 2339
f 2296 2340 2297
f 2297 2341 2299
f 2297 2340 2342
f 2297 2342 2343
f 2297 2343 2341
f 2298 2299 2341
f 2298 2341 2344
f 2298 2344 2345
f 2298 2345 2301
f 2298 2301 2300
f 2301 2345 2302
f 2302 2345 2335
f 2303 2320 2346
f 2303 2346 2304
f 2304 2346 2392
f 2304 2392 2347
f 2304 2347 2305
f 2306 2314 2348
f 2306 2348 2307
f 2307 2348 2349
f 2307 2349 2308
f 2308 2349 2350
f 2308 2350 2351
f 2308 2351 2352
f 2308 2352 2353
f 2308 2353 2309
f 2310 2315 2354
f 2310 2354 2311
f 2311 2354 2355
f 2311 2355 2312
f 2312 2355 2357
f 2312 2357 2356
f 2313 2358 2359
f 2313 2359 2314
f 2313 2356 2358
f 2314 2359 2348
f 2315 2319 2354
f 2317 2360 2401
f 2317 2401 2361
f 2317 2361 2362
f 2317 2362 2318
f 2318 2362 2363
f 2318 2363 2319
f 2319 2363 2364
f 2319 2364 2365
f 2319 2365 2354
f 2320 2325 2366
f 2320 2366 2367
f 2320 2367 2346
f 2321 2368 2325
f 2321 2324 2368
f 2322 2323 2369
f 2322 2369 2324
f 2323 2338 2385
f 2323 2385 2369
f 2324 2369 2370
f 2324 2370 2371
f 2324 2371 2372
f 2324 2372 2368
f 2325 2368 2408
f 2325 2408 2366
f 2326 2327 2373
f 2326 2373 2332
f 2327 2329 2373
f 2328 2331 2374
f 2328 2374 2329
f 2329 2374 2375
f 2329 2375 2373
f 2330 2337 2331
f 2331 2376 2374
f 2331 2337 2377
f 2331 2377 2376
f 2332 2378 2379
f 2332 2379 2333
f 2332 2373 2380
f 2332 2380 2378
f 2333 2379 2334
f 2334 2379 2381
f 2334 2381 2339
f 2335 2345 2382
f 2335 2382 2383
f 2335 2383 2336
f 2336 2384 2337
f 2336 2383 2384
f 2337 2384 2377
f 2338 2386 2385
f 2339 2381 2387
f 2339 2387 2386
f 2341 2343 2388
f 2341 2388 2389
f 2341 2389 2344
f 2344 2390 2345
f 2344 2389 2390
f 2345 2390 2391
f 2345 2391 2382
f 2346 2367 2411
f 2346 2411 2392
f 2348 2359 2393
f 2348 2393 2349
f 2349 2393 2377
f 2349 2377 2394
f 2349 2394 2395
f 2349 2395 2350
f 2350 2395 2351
f 2351 2395 2396
f 2351 2396 2397
f 2351 2397 2398
f 2351 2398 2399
f 2351 2399 2352
f 2354 2365 2355
f 2355 2365 2400
f 2355 2400 2357
f 2356 2375 2358
f 2356 2357 2380
f 2356 2380 2373
f 2356 2373 2375
f 2357 2400 2378
f 2357 2378 2380
f 2358 2376 2359
f 2358 2375 2374
f 2358 2374 2376
f 2359 2376 2393
f 2361 2401 2402
f 2361 2402 2403
f 2361 2403 2404
f 2361 2404 2405
f 2361 2405 2362
f 2362 2405 2406
f 2362 2406 2363
f 2363 2406 2387
f 2363 2387 2364
f 2364 2407 2400
f 2364 2400 2365
f 2364 2387 2407
f 2366 2408 2409
f 2366 2409 2410
f 2366 2410 2411
f 2366 2411 2367
f 2368 2372 2371
f 2368 2371 2412
f 2368 2412 2408
f 2369 2413 2370
f 2369 2385 2413
f 2370 2413 2371
f 2371 2414 2412
f 2371 2413 2415
f 2371 2415 2414
f 2376 2377 2393
f 2377 2384 2394
f 2378 2407 2379
f 2378 2400 2407
f 2379 2407 2381
f 2381 2407 2387
f 2382 2416 2383
f 2382 2391 2417
f 2382 2417 2416
f 2383 2416 2418
f 2383 2418 2384
f 2384 2418 2394
f 2385 2419 2413
f 2385 2386 2420
f 2385 2420 2421
f 2385 2421 2419
f 2386 2387 2406
f 2386 2406 2420
f 2389 2422 2390
f 2390 2422 2391
f 2391 2422 2423
f 2391 2423 2424
f 2391 2424 2417
f 2394 2418 2395
f 2395 2418 2396
f 2396 2416 2397
f 2396 2418 2416
f 2397 2416 2425
f 2403 2426 2404
f 2404 2426 2427
f 2404 2427 2405
f 2405 2427 2421
f 2405 2421 2406
f 2406 2421 2420
f 2408 2412 2428
f 2408 2428 2409
f 2412 2429 2428
f 2412 2414 2432
f 2412 2432 2429
f 2413 2419 2430
f 2413 2430 2415
f 2414 2415 2430
f 2414 2430 2431
f 2414 2431 2436
f 2414 2436 2432
f 2416 2417 2433
f 2416 2433 2425
f 2419 2434 2430
f 2419 2421 2434
f 2421 2427 2434
f 2426 2435 2427
f 2427 2435 2434
f 2430 2434 2431
f 2431 2434 2437
f 2431 2437 2438
f 2431 2438 2436
f 2434 2439 2437
f 2434 2435 2439
f 2437 2439 2440
f 2437 2440 2438
