v 0.58351845 0.43110418 0.66103107
v 0.58351845 0.37106776 0.66103107
v 0.59298885 0.40987459 0.65675443
v 0.59287870 0.48988509 0.65675443
v 0.59273189 0.56989563 0.65671486
v 0.58351845 0.57149351 0.66079348
v 0.58351845 0.30988997 0.66071427
v 0.59287870 0.34983817 0.65671486
v 0.59291542 0.36992639 0.65675443
v 0.59298885 0.38990048 0.65675443
v 0.61002088 0.48988509 0.64875555
v 0.61002088 0.56989563 0.64863682
v 0.59273189 0.58998382 0.65667522
v 0.58351845 0.59158176 0.66075385
v 0.59273189 0.32986408 0.65667522
v 0.58351845 0.23296118 0.66015989
v 0.61002088 0.34983817 0.64855760
v 0.61002088 0.38990048 0.64871597
v 0.61002088 0.30988997 0.64839923
v 0.61002088 0.42984867 0.64875555
v 0.62382275 0.48988509 0.64194465
v 0.62378603 0.50985920 0.64194465
v 0.62371260 0.58998382 0.64186549
v 0.61002088 0.58998382 0.64859718
v 0.59251165 0.60984379 0.65659606
v 0.58351845 0.60984379 0.66059548
v 0.59199774 0.22987945 0.65627927
v 0.58351845 0.21332949 0.66000152
v 0.62356579 0.34983817 0.64182591
v 0.62371260 0.38990048 0.64190507
v 0.62378603 0.42984867 0.64194465
v 0.61002088 0.22987945 0.64776564
v 0.62297845 0.24985355 0.64146948
v 0.62327212 0.28991586 0.64162791
v 0.62334555 0.30988997 0.64170706
v 0.62382275 0.46979687 0.64194465
v 0.63384378 0.46979687 0.63659889
v 0.63369691 0.58998382 0.63651967
v 0.62352908 0.60984379 0.64178628
v 0.61002088 0.60984379 0.64839923
v 0.61002088 0.62993205 0.64713204
v 0.58351845 0.62799168 0.65960550
v 0.59181422 0.20990536 0.65620005
v 0.58351845 0.16995718 0.65952635
v 0.63340330 0.30988997 0.63636130
v 0.63358682 0.34983817 0.63648009
v 0.63369691 0.38990048 0.63655931
v 0.63384378 0.44993690 0.63659889
v 0.61002088 0.19004542 0.64733005
v 0.62257469 0.20990536 0.64131111
v 0.62279493 0.22987945 0.64139032
v 0.63277924 0.22987945 0.63604450
v 0.65006828 0.46979687 0.62749130
v 0.65006828 0.58998382 0.62737250
v 0.63351339 0.60984379 0.63644052
v 0.62228107 0.62993205 0.64111310
v 0.62077606 0.64088923 0.64032114
v 0.58351845 0.63678026 0.65869474
v 0.58898777 0.63187236 0.65675443
v 0.59104335 0.14998308 0.65584368
v 0.61002088 0.14998308 0.64685488
v 0.61002088 0.16995718 0.64709246
v 0.58351845 0.15477687 0.65932834
v 0.65006828 0.30988997 0.62705570
v 0.65006828 0.32986408 0.62717450
v 0.65006828 0.22987945 0.62642217
v 0.65006828 0.34983817 0.62725371
v 0.65006828 0.38990048 0.62741208
v 0.62191397 0.14998308 0.64095473
v 0.63189828 0.14998308 0.63556933
v 0.64984798 0.14998308 0.62559056
v 0.66144741 0.44993690 0.62083876
v 0.66144741 0.48988509 0.62083876
v 0.66141069 0.56989563 0.62079918
v 0.66141069 0.58998382 0.62075961
v 0.66122717 0.60984379 0.62068039
v 0.65006828 0.60984379 0.62717450
v 0.66071332 0.62331206 0.62036359
v 0.63222861 0.62993205 0.63576734
v 0.60891968 0.64842230 0.64277625
v 0.58351845 0.64340025 0.65679407
v 0.65935510 0.63666612 0.61953205
v 0.64503938 0.64990610 0.62285829
v 0.64078140 0.66040677 0.62036359
v 0.61479282 0.65424335 0.63719285
v 0.59071302 0.13000900 0.65572488
v 0.61002088 0.13000900 0.64657766
v 0.62140006 0.10992076 0.64067751
v 0.58351845 0.11608419 0.65877396
v 0.66093349 0.26994178 0.62048239
v 0.66115379 0.30988997 0.62064075
v 0.66130060 0.34983817 0.62071997
v 0.66060317 0.22987945 0.62032402
v 0.66001582 0.16162512 0.61992800
v 0.66049302 0.20990536 0.62020516
v 0.66141069 0.38990048 0.62079918
v 0.63164133 0.13000900 0.63545054
v 0.64937079 0.10992076 0.62527376
v 0.65935510 0.10992076 0.61957163
v 0.65986902 0.14998308 0.61984885
v 0.67146844 0.46979687 0.61450303
v 0.67146844 0.48988509 0.61450303
v 0.67143172 0.52994740 0.61450303
v 0.67139500 0.56989563 0.61450303
v 0.67139500 0.58998382 0.61446345
v 0.67117476 0.60984379 0.61434466
v 0.68659174 0.60984379 0.60432625
v 0.68549049 0.62993205 0.60361350
v 0.66842175 0.62993205 0.61462182
v 0.65164667 0.62993205 0.62483823
v 0.59001559 0.64990610 0.65097308
v 0.60150486 0.66063505 0.64063793
v 0.58351845 0.64990610 0.65390337
v 0.68306786 0.64442748 0.60198998
v 0.65506041 0.64990610 0.61687893
v 0.67818582 0.65778160 0.59870332
v 0.66489786 0.66268951 0.60294032
v 0.64845312 0.66497231 0.60975122
v 0.63002622 0.66280365 0.62321466
v 0.59038264 0.10992076 0.65556651
v 0.61002088 0.10992076 0.64626086
v 0.62110639 0.09017494 0.64051914
v 0.63112742 0.09017494 0.63513374
v 0.63138437 0.10992076 0.63529217
v 0.58351845 0.09462631 0.65837801
v 0.67102796 0.28991586 0.61422586
v 0.67066085 0.22987945 0.61398828
v 0.67113805 0.30988997 0.61430502
v 0.67132163 0.34983817 0.61438423
v 0.67139500 0.36992639 0.61442387
v 0.67000014 0.13000900 0.61311710
v 0.66809142 0.16892993 0.61489904
v 0.67143172 0.44993690 0.61450303
v 0.64911389 0.09017494 0.62511539
v 0.65909815 0.09017494 0.61937362
v 0.67000014 0.09017494 0.61244392
v 0.67000014 0.10992076 0.61280030
v 0.68677527 0.42984867 0.60448468
v 0.68684870 0.48988509 0.60448468
v 0.68684870 0.56989563 0.60448468
v 0.68677527 0.58998382 0.60444510
v 0.69661272 0.60984379 0.59755498
v 0.69679630 0.58998382 0.59771335
v 0.69547480 0.62993205 0.59680259
v 0.58351845 0.65732509 0.64954758
v 0.60891968 0.66577125 0.63030279
v 0.59001559 0.66314608 0.64325142
v 0.71904075 0.63404095 0.57918137
v 0.70520216 0.64990610 0.58373517
v 0.68985868 0.65059096 0.59422874
v 0.67091781 0.65059096 0.60670221
v 0.70123780 0.66086334 0.58084446
v 0.69000548 0.66383094 0.58468550
v 0.67091781 0.66771162 0.59121925
v 0.63002622 0.67147815 0.60994923
v 0.58807009 0.09074563 0.65623963
v 0.59001559 0.07008671 0.65493292
v 0.61002088 0.07008671 0.64554811
v 0.61002088 0.09017494 0.64594412
v 0.62073934 0.07008671 0.64032114
v 0.63035661 0.05011261 0.63473779
v 0.64874679 0.07008671 0.62495697
v 0.58351845 0.07008671 0.65786320
v 0.68622464 0.24985355 0.60408866
v 0.68593103 0.20990536 0.60389072
v 0.68640816 0.28991586 0.60424709
v 0.68662846 0.32986408 0.60432625
v 0.68666512 0.34983817 0.60436589
v 0.68670183 0.38990048 0.60444510
v 0.68512344 0.13000900 0.60337591
v 0.68490320 0.10992076 0.60321754
v 0.68534368 0.14998308 0.60349470
v 0.65840077 0.05011261 0.61897767
v 0.67000014 0.07008671 0.61204797
v 0.68435258 0.07008671 0.60282153
v 0.69664943 0.34983817 0.59763420
v 0.69679630 0.42984867 0.59771335
v 0.69683301 0.50985920 0.59775293
v 0.69683301 0.56989563 0.59771335
v 0.71004748 0.60984379 0.58785337
v 0.72017866 0.62068689 0.58005250
v 0.71004748 0.54992151 0.58820975
v 0.71004748 0.58998382 0.58813059
v 0.71140563 0.62844825 0.58551705
v 0.58351845 0.66371679 0.64527094
v 0.59001559 0.67193466 0.62994635
v 0.58351845 0.66999435 0.63592571
v 0.74066114 0.64111751 0.56049097
v 0.74190921 0.62993205 0.56148088
v 0.71514976 0.64990610 0.57617188
v 0.73640311 0.65435749 0.55688751
v 0.72304177 0.66200471 0.56239164
v 0.70872605 0.66474402 0.56940055
v 0.69000548 0.67250538 0.56995493
v 0.65006828 0.67535883 0.58995211
v 0.61002088 0.67638606 0.60994923
v 0.59001559 0.05011261 0.65449733
v 0.61002088 0.05011261 0.64511251
v 0.61189294 0.03105162 0.64380580
v 0.62033558 0.05011261 0.64012313
v 0.63002622 0.01016442 0.63402498
v 0.64801264 0.03013852 0.62452143
v 0.58351845 0.03013852 0.65691280
v 0.69609886 0.22987945 0.59723818
v 0.69639248 0.28991586 0.59747577
v 0.69554824 0.16995718 0.59688181
v 0.69653934 0.30988997 0.59751534
v 0.69492424 0.10992076 0.59640658
v 0.65759319 0.01016442 0.61850250
v 0.67000014 0.01016442 0.61070162
v 0.67000014 0.03013852 0.61117679
v 0.69400656 0.05011261 0.59577304
v 0.69430017 0.07008671 0.59601063
v 0.69463056 0.09017494 0.59620863
v 0.68325138 0.01016442 0.60210878
v 0.71004748 0.34983817 0.58801174
v 0.71004748 0.38990048 0.58809096
v 0.71004748 0.46979687 0.58820975
v 0.71004748 0.50985920 0.58824933
v 0.72043562 0.60984379 0.58021092
v 0.72061914 0.58998382 0.58036929
v 0.73041987 0.60984379 0.57233083
v 0.74290025 0.60984379 0.56231248
v 0.72069252 0.52994740 0.58044851
v 0.72065586 0.56989563 0.58040893
v 0.58351845 0.67341846 0.62935239
v 0.75189352 0.62993205 0.55296725
v 0.76334608 0.62993205 0.54294890
v 0.76165754 0.64294374 0.54144418
v 0.74914050 0.64865059 0.54916584
v 0.72986931 0.64865059 0.56524277
v 0.75288457 0.60984379 0.55383843
v 0.75750965 0.65618366 0.53768229
v 0.74422175 0.66280365 0.54354286
v 0.72986931 0.66634196 0.55011618
v 0.71004748 0.67455983 0.54995781
v 0.66856861 0.67798400 0.56821263
v 0.63013637 0.67878294 0.58856618
v 0.58351845 0.67923951 0.61078084
v 0.58351845 0.67832637 0.61434466
v 0.59001559 0.03013852 0.65402216
v 0.60891968 -0.00992381 0.64424139
v 0.60943359 0.01016442 0.64447898
v 0.61978495 0.02511647 0.63984597
v 0.64760888 0.01016442 0.62428379
v 0.63002622 -0.00992381 0.63351023
v 0.64716840 -0.00992381 0.62404621
v 0.58351845 0.01016442 0.65639806
v 0.71004748 0.24985355 0.58741778
v 0.71004748 0.26994178 0.58757621
v 0.70990068 0.20990536 0.58714062
v 0.70935005 0.14998308 0.58674461
v 0.71004748 0.30988997 0.58781379
v 0.70865262 0.09017494 0.58622986
v 0.70887285 0.10992076 0.58642781
v 0.70912981 0.13000900 0.58658624
v 0.65715271 -0.00992381 0.61826491
v 0.67000014 -0.00992381 0.61014724
v 0.70795518 0.05011261 0.58579427
v 0.70828557 0.07008671 0.58603185
v 0.69363946 0.03013852 0.59553546
v 0.68281090 -0.00992381 0.60183156
v 0.69242811 -0.02989790 0.59466428
v 0.69323570 0.01016442 0.59525824
v 0.72032547 0.28991586 0.58021092
v 0.72047228 0.32986408 0.58029008
v 0.72050899 0.34983817 0.58032972
v 0.72069252 0.48988509 0.58044851
v 0.73060346 0.58998382 0.57244962
v 0.74308383 0.58998382 0.56247085
v 0.75310481 0.58998382 0.55399680
v 0.73067683 0.50985920 0.57248926
v 0.76437390 0.60984379 0.54385966
v 0.77329367 0.62993205 0.53368288
v 0.78195655 0.64351439 0.52188259
v 0.76984322 0.64990610 0.52980226
v 0.77799219 0.65698266 0.51804155
v 0.76470423 0.66326022 0.52433771
v 0.75053531 0.66725504 0.53059423
v 0.73001611 0.67581534 0.52996063
v 0.68974853 0.67878294 0.54884905
v 0.67418474 0.67969602 0.55478877
v 0.65006828 0.67935365 0.57351881
v 0.63678032 0.67981017 0.57759744
v 0.61002088 0.67958188 0.59387231
v 0.59687978 0.67981017 0.59751534
v 0.58355516 0.67992431 0.60088122
v 0.58351845 0.67992431 0.60088122
v 0.59001559 0.01016442 0.65350735
v 0.59001559 -0.00992381 0.65295303
v 0.59001559 -0.02989790 0.65239865
v 0.60833240 -0.02989790 0.64392459
v 0.61769265 -0.04987200 0.63881642
v 0.61890399 -0.00992381 0.63941038
v 0.63002622 -0.04987200 0.63232231
v 0.64669120 -0.02989790 0.62376904
v 0.58351845 0.00000618 0.65612090
v 0.72006851 0.23535806 0.58001292
v 0.72025204 0.26994178 0.58013171
v 0.71973813 0.19004542 0.57973576
v 0.71999508 0.22211809 0.57993370
v 0.71933436 0.14998308 0.57945853
v 0.71889389 0.10992076 0.57910216
v 0.71834332 0.07008671 0.57862699
v 0.65667552 -0.02989790 0.61794811
v 0.67000014 -0.02989790 0.60955322
v 0.68237042 -0.02989790 0.60155439
v 0.70725775 0.01016442 0.58527946
v 0.68189323 -0.04987200 0.60119802
v 0.69191426 -0.04987200 0.59430790
v 0.70538568 -0.06996022 0.58393312
v 0.70589960 -0.04987200 0.58428955
v 0.70637679 -0.02989790 0.58464593
v 0.73038322 0.28991586 0.57225168
v 0.73049331 0.34983817 0.57237041
v 0.73060346 0.38990048 0.57241005
v 0.73067683 0.48988509 0.57248926
v 0.74312055 0.50985920 0.56251049
v 0.75310481 0.50985920 0.55395722
v 0.76444727 0.54992151 0.54397845
v 0.76444727 0.58998382 0.54397845
v 0.77428478 0.60984379 0.53459364
v 0.78375518 0.62993205 0.52366453
v 0.79373950 0.62993205 0.51356697
v 0.80170488 0.64340025 0.50184584
v 0.78992194 0.65013438 0.50992388
v 0.79796082 0.65664023 0.49780682
v 0.78459942 0.66337436 0.50469691
v 0.77087104 0.66771162 0.51079506
v 0.76859516 0.67729914 0.48854083
v 0.74833292 0.67718500 0.50822115
v 0.73001611 0.67935365 0.51463610
v 0.71882045 0.67981017 0.51911068
v 0.69624567 0.67981017 0.53629637
v 0.66086012 0.67992431 0.56037217
v 0.65006828 0.68003845 0.56350040
v 0.62345564 0.67992431 0.58096325
v 0.61002088 0.68003845 0.58389354
v 0.58351845 0.68003845 0.59121925
v 0.58351845 -0.02989790 0.65524971
v 0.59001559 -0.04987200 0.65176505
v 0.60770833 -0.04987200 0.64360780
v 0.58351845 -0.00992381 0.65584368
v 0.60701096 -0.06996022 0.64329100
v 0.61699522 -0.06996022 0.63846004
v 0.63002622 -0.06996022 0.63164914
v 0.64555329 -0.06996022 0.62313545
v 0.64614058 -0.04987200 0.62345225
v 0.65561104 -0.06996022 0.61731452
v 0.65616161 -0.04987200 0.61763132
v 0.72807062 0.22919463 0.57359797
v 0.73019964 0.24985355 0.57209325
v 0.73001611 0.16995718 0.57130128
v 0.73001611 0.19004542 0.57157850
v 0.73001611 0.14998308 0.57098448
v 0.73001611 0.09017494 0.56983614
v 0.73001611 0.10992076 0.57027173
v 0.73001611 0.05011261 0.56880659
v 0.71764588 0.03013852 0.57811219
v 0.67000014 -0.04987200 0.60891968
v 0.71720535 0.01016442 0.57783502
v 0.67000014 -0.06996022 0.60820693
v 0.68134260 -0.06996022 0.60084164
v 0.69136363 -0.06996022 0.59391189
v 0.70487183 -0.08982018 0.58353716
v 0.71588391 -0.04987200 0.57680547
v 0.71636111 -0.02989790 0.57716185
v 0.74260664 0.24985355 0.56211448
v 0.74268001 0.26994178 0.56219369
v 0.74282688 0.30988997 0.56231248
v 0.74290025 0.36992639 0.56239164
v 0.74308383 0.48988509 0.56251049
v 0.75310481 0.48988509 0.55391765
v 0.76444727 0.48988509 0.54393888
v 0.77439487 0.56989563 0.53467286
v 0.77439487 0.58998382 0.53467286
v 0.78467286 0.60984379 0.52457529
v 0.78478301 0.58998382 0.52469409
v 0.79469389 0.60984379 0.51455688
v 0.80335671 0.62993205 0.50358820
v 0.82101279 0.64214474 0.48117554
v 0.80952352 0.64933544 0.48949116
v 0.81734210 0.65538472 0.47689891
v 0.82288486 0.66246128 0.46355429
v 0.80398077 0.66314608 0.48446220
v 0.79076624 0.66759747 0.49067912
v 0.80996400 0.67535883 0.45005125
v 0.78823346 0.67707086 0.46830606
v 0.77421135 0.67923951 0.47384983
v 0.75387567 0.67923951 0.49424297
v 0.74055105 0.67992431 0.50038069
v 0.74833292 0.68015260 0.48854083
v 0.74980122 0.68026674 0.46973163
v 0.59460396 0.68003845 0.57882500
v 0.58351845 0.67992431 0.58401233
v 0.58351845 -0.05843231 0.65429938
v 0.58351845 -0.06996022 0.65390337
v 0.59001559 -0.06996022 0.65105230
v 0.60624009 -0.08982018 0.64289504
v 0.61626112 -0.08982018 0.63810360
v 0.63002622 -0.08982018 0.63089675
v 0.64496601 -0.08982018 0.62273949
v 0.65491354 -0.08982018 0.61691856
v 0.66948628 -0.12988250 0.60606861
v 0.67000014 -0.08982018 0.60741496
v 0.73001611 0.20990536 0.57181609
v 0.74238640 0.20990536 0.56191647
v 0.74205601 0.16995718 0.56163931
v 0.74168897 0.13000900 0.56132251
v 0.74220282 0.19004542 0.56179768
v 0.74113834 0.09017494 0.56088692
v 0.74139529 0.10992076 0.56112450
v 0.74055105 0.05011261 0.56037217
v 0.74084467 0.07008671 0.56064934
v 0.73203498 0.02831232 0.56658912
v 0.72942883 -0.00992381 0.56749988
v 0.68075532 -0.08982018 0.60044563
v 0.69081306 -0.08982018 0.59351593
v 0.71485615 -0.08982018 0.57597387
v 0.70307314 -0.14997074 0.58219081
v 0.71368152 -0.12988250 0.57506311
v 0.72803396 -0.06996022 0.56639111
v 0.72854781 -0.04987200 0.56678706
v 0.75262761 0.24985355 0.55344248
v 0.75277448 0.28991586 0.55360085
v 0.75240737 0.20990536 0.55328405
v 0.75284791 0.30988997 0.55364043
v 0.75288457 0.34983817 0.55371964
v 0.77406454 0.32986408 0.53439564
v 0.77435821 0.48988509 0.53463328
v 0.76411694 0.30988997 0.54366165
v 0.78478301 0.56989563 0.52469409
v 0.79476726 0.58998382 0.51471531
v 0.80427438 0.60984379 0.50453854
v 0.80445796 0.58998382 0.50469691
v 0.81433213 0.60984379 0.49360940
v 0.81341445 0.62993205 0.49257985
v 0.83980680 0.63872063 0.45971325
v 0.83701706 0.64990610 0.45630780
v 0.82618850 0.64922130 0.47012761
v 0.82226086 0.62993205 0.48260108
v 0.84145862 0.66131985 0.44197321
v 0.82967567 0.66554296 0.44921970
v 0.81040448 0.66691262 0.47012761
v 0.84813929 0.67729914 0.38835710
v 0.82846433 0.67844051 0.40902740
v 0.79399645 0.67923951 0.45005125
v 0.82993257 0.67341846 0.43005410
v 0.78041482 0.67992431 0.46050522
v 0.76096010 0.68003845 0.48089835
v 0.76859516 0.68015260 0.46830606
v 0.86509794 0.68015260 0.33006835
v 0.85100245 0.68015260 0.33157313
v 0.88748920 0.68003845 0.25649470
v 0.87985414 0.67992431 0.25942498
v 0.88080853 0.67981017 0.25649470
v 0.58351845 0.67946780 0.57854778
v 0.58351845 -0.08982018 0.65311140
v 0.59001559 -0.08982018 0.65029991
v 0.60535908 -0.10990842 0.64249903
v 0.61449915 -0.12988250 0.63727206
v 0.63002622 -0.12988250 0.62923360
v 0.64419514 -0.10990842 0.62234354
v 0.65344530 -0.12988250 0.61604738
v 0.66878885 -0.14997074 0.60559344
v 0.67947054 -0.12988250 0.59957445
v 0.67991108 -0.11755563 0.59985167
v 0.68035156 -0.10420153 0.60012889
v 0.75189352 0.14998308 0.55284846
v 0.75145304 0.10992076 0.55245250
v 0.73985362 0.01016442 0.55977815
v 0.74818611 0.02831232 0.55308604
v 0.75053531 0.05011261 0.55170012
v 0.75082898 0.07008671 0.55197728
v 0.73897260 -0.02989790 0.55906540
v 0.68824357 -0.11047910 0.59438711
v 0.72641885 -0.12988250 0.56508434
v 0.69000548 -0.14997074 0.59133804
v 0.70233905 -0.16983068 0.58163643
v 0.71236002 -0.16983068 0.57403356
v 0.71305746 -0.14997074 0.57458794
v 0.73754108 -0.08982018 0.55783784
v 0.73805493 -0.06996022 0.55827343
v 0.73853213 -0.04987200 0.55870903
v 0.76393342 0.24985355 0.54346365
v 0.76341951 0.16995718 0.54298848
v 0.76371318 0.20990536 0.54326570
v 0.77395439 0.28991586 0.53431648
v 0.78445262 0.28991586 0.52429807
v 0.78474629 0.50985920 0.52465451
v 0.78452605 0.34983817 0.52441686
v 0.77384430 0.24985355 0.53419769
v 0.79454702 0.36992639 0.51451731
v 0.80434781 0.38990048 0.50453854
v 0.80442125 0.48988509 0.50461775
v 0.81440556 0.46979687 0.49376780
v 0.81444222 0.58998382 0.49376780
v 0.82310510 0.60984379 0.48359102
v 0.88077182 0.64180231 0.40126613
v 0.86300564 0.64613956 0.42427275
v 0.84472555 0.64990610 0.44632903
v 0.83363998 0.63118756 0.46858326
v 0.84079790 0.62536651 0.46098039
v 0.84692794 0.63118756 0.45191237
v 0.85805017 0.62993205 0.43737981
v 0.86414355 0.66348851 0.40633473
v 0.84586346 0.66451573 0.43005410
v 0.85970199 0.65949368 0.41967934
v 0.86869520 0.67832637 0.35022390
v 0.85327828 0.67923951 0.37006265
v 0.86997998 0.67398918 0.37006265
v 0.83411717 0.67958188 0.39390084
v 0.85180998 0.66862470 0.41179928
v 0.84017384 0.67992431 0.38055623
v 0.84329396 0.68003845 0.37006265
v 0.86117029 0.68003845 0.34369019
v 0.88110220 0.68003845 0.30516103
v 0.90096068 0.68003845 0.26445395
v 0.90257579 0.68003845 0.25649470
v 0.88385522 0.67992431 0.25649470
v 0.87111789 0.67672849 0.25649470
v 0.58351845 0.67775571 0.57090533
v 0.58351845 0.67878294 0.57514232
v 0.58351845 -0.12988250 0.65136909
v 0.59001559 -0.14997074 0.64772606
v 0.59001559 -0.12988250 0.64859718
v 0.60356045 -0.14997074 0.64162791
v 0.60447812 -0.12988250 0.64206350
v 0.61358148 -0.14997074 0.63679689
v 0.63002622 -0.14997074 0.62832284
v 0.64269012 -0.14997074 0.62147236
v 0.64346099 -0.12988250 0.62190795
v 0.65267444 -0.14997074 0.61557221
v 0.66794455 -0.16983068 0.60507864
v 0.67877316 -0.14997074 0.59909928
v 0.76283216 0.10992076 0.54247373
v 0.76305240 0.13000900 0.54267168
v 0.76257521 0.09017494 0.54223615
v 0.75005817 -0.02989790 0.54952222
v 0.75005817 -0.00992381 0.55023497
v 0.75005817 0.01016442 0.55090815
v 0.76165754 0.03013852 0.54140455
v 0.72575808 -0.14997074 0.56456959
v 0.73577911 -0.14997074 0.55641234
v 0.73640311 -0.12988250 0.55692708
v 0.69000548 -0.16983068 0.59026885
v 0.70153147 -0.18991894 0.58108205
v 0.71158922 -0.18991894 0.57343960
v 0.72439992 -0.18991894 0.56346083
v 0.72509736 -0.16983068 0.56405479
v 0.74917716 -0.08982018 0.54785907
v 0.75196689 -0.05055682 0.54706711
v 0.77373415 0.22987945 0.53411847
v 0.77366078 0.20990536 0.53399968
v 0.77336711 0.16995718 0.53376210
v 0.78426909 0.22987945 0.52410007
v 0.79425341 0.22987945 0.51420051
v 0.79451036 0.30988997 0.51443809
v 0.80427438 0.34983817 0.50449896
v 0.81429541 0.34983817 0.49364901
v 0.81433213 0.36992639 0.49364901
v 0.82325190 0.46979687 0.48378903
v 0.82325190 0.50985920 0.48378903
v 0.82321525 0.56989563 0.48378903
v 0.82321525 0.58998382 0.48374942
v 0.83308941 0.60984379 0.47163233
v 0.83319950 0.58998382 0.47183034
v 0.90209860 0.64465576 0.36376655
v 0.88447922 0.64899302 0.38974303
v 0.87750489 0.65515643 0.39623713
v 0.87020016 0.65070510 0.41049254
v 0.86520803 0.62993205 0.42736143
v 0.87519234 0.62993205 0.41294762
v 0.88187301 0.62993205 0.40292928
v 0.88991183 0.62993205 0.39005983
v 0.89802408 0.62993205 0.37679440
v 0.85562754 0.65161818 0.43056887
v 0.84127510 0.60984379 0.46165356
v 0.85026830 0.60984379 0.45005125
v 0.85889441 0.60984379 0.43860734
v 0.88168949 0.66166228 0.38289252
v 0.87045711 0.66668433 0.38974303
v 0.88998526 0.67535883 0.33006835
v 0.88866383 0.67866880 0.31110078
v 0.87508225 0.67946780 0.33006835
v 0.85746288 0.67981017 0.35699522
v 0.88547033 0.66474402 0.37006265
v 0.89130670 0.66793984 0.35097629
v 0.87893647 0.67981017 0.31850564
v 0.89820766 0.67981017 0.27779859
v 0.91222972 0.67912537 0.25649470
v 0.86550170 0.67387503 0.25649470
v 0.58351845 0.67022264 0.55391765
v 0.58351845 -0.15054142 0.65045834
v 0.58351845 -0.16983068 0.64954758
v 0.59001559 -0.16983068 0.64677566
v 0.60260606 -0.16983068 0.64115274
v 0.61259043 -0.16983068 0.63632172
v 0.63002622 -0.16983068 0.62733293
v 0.64177245 -0.16983068 0.62095755
v 0.65179348 -0.16983068 0.61505741
v 0.66706359 -0.18991894 0.60448468
v 0.67792886 -0.16983068 0.59858453
v 0.77274311 0.10992076 0.53320771
v 0.77318358 0.14998308 0.53360367
v 0.77222919 0.07008671 0.53269291
v 0.77248615 0.09017494 0.53297013
v 0.76026267 -0.04427925 0.54013741
v 0.76051962 -0.02989790 0.54041457
v 0.77090770 -0.00992381 0.53142577
v 0.78221351 0.03013852 0.52212018
v 0.73511839 -0.16983068 0.55589753
v 0.74748868 -0.14997074 0.54643357
v 0.69000548 -0.18991894 0.58912051
v 0.70065051 -0.20989302 0.58040893
v 0.71070826 -0.20989302 0.57276642
v 0.72355568 -0.20989302 0.56278765
v 0.73357671 -0.20989302 0.55463040
v 0.73438424 -0.18991894 0.55530357
v 0.75912476 -0.08982018 0.53914744
v 0.75963867 -0.06996022 0.53958303
v 0.78404886 0.19004542 0.52390212
v 0.78375518 0.14998308 0.52358532
v 0.79417998 0.20990536 0.51412129
v 0.80405414 0.24985355 0.50426137
v 0.80420101 0.28991586 0.50438017
v 0.82314181 0.34983817 0.48363063
v 0.82317853 0.36992639 0.48367023
v 0.81414860 0.28991586 0.49353021
v 0.83327293 0.46979687 0.47186992
v 0.83327293 0.48988509 0.47190952
v 0.83327293 0.50985920 0.47190952
v 0.83327293 0.56989563 0.47186992
v 0.84145862 0.58998382 0.46185157
v 0.90386051 0.62993205 0.36677599
v 0.91916734 0.63358444 0.33850282
v 0.92261779 0.64591128 0.32515818
v 0.90631986 0.65081924 0.35097629
v 0.89890504 0.65800989 0.35826236
v 0.89534450 0.65081924 0.37026066
v 0.86601561 0.60984379 0.42858899
v 0.87599993 0.60984379 0.41421479
v 0.88268059 0.60984379 0.40419641
v 0.89163709 0.60984379 0.39005983
v 0.89886838 0.60984379 0.37821990
v 0.90470481 0.60984379 0.36824113
v 0.85067207 0.58998382 0.45005125
v 0.85911465 0.58998382 0.43888453
v 0.86627257 0.58998382 0.42890576
v 0.90261245 0.66257536 0.34491774
v 0.90999061 0.67535883 0.29007408
v 0.90665025 0.66565710 0.33006835
v 0.91167909 0.66839641 0.31157595
v 0.89450026 0.67958188 0.29007408
v 0.90855902 0.67855465 0.27071050
v 0.92324185 0.67535883 0.25649470
v 0.85206693 0.66622782 0.25649470
v 0.58351845 0.66771162 0.54944301
v 0.58351845 -0.17633653 0.64923078
v 0.59001559 -0.18991894 0.64574611
v 0.60146821 -0.18991894 0.64063793
v 0.61145246 -0.18991894 0.63576734
v 0.63002622 -0.18991894 0.62622416
v 0.64085478 -0.18991894 0.62040317
v 0.65083909 -0.18991894 0.61450303
v 0.66607249 -0.20989302 0.60385108
v 0.67704791 -0.18991894 0.59799051
v 0.78309447 0.09017494 0.52299136
v 0.78335142 0.10992076 0.52318931
v 0.78357166 0.13000900 0.52338731
v 0.78283751 0.07008671 0.52271414
v 0.77002674 -0.06996022 0.52984184
v 0.76815468 -0.05055682 0.53245533
v 0.78184640 0.01016442 0.52176380
v 0.78107560 -0.02989790 0.52105105
v 0.79186743 0.01016442 0.51182461
v 0.79219782 0.03013852 0.51218098
v 0.79282182 0.07008671 0.51281458
v 0.74616718 -0.18991894 0.54528522
v 0.74686462 -0.16983068 0.54587919
v 0.75750965 -0.14997074 0.53764272
v 0.69000548 -0.20989302 0.58781379
v 0.70013660 -0.22096437 0.58001292
v 0.70813876 -0.22849745 0.57336038
v 0.72263801 -0.22986710 0.56203526
v 0.73265904 -0.22986710 0.55383843
v 0.74455208 -0.22986710 0.54385966
v 0.74543309 -0.20989302 0.54461205
v 0.76877874 -0.12988250 0.52817869
v 0.79388630 0.16995718 0.51384413
v 0.79403317 0.19004542 0.51400250
v 0.79355597 0.13000900 0.51352733
v 0.80368710 0.16995718 0.50386536
v 0.80390733 0.20990536 0.50410295
v 0.81407517 0.24985355 0.49337181
v 0.82299495 0.28991586 0.48351184
v 0.83308941 0.30988997 0.47163233
v 0.83312613 0.32986408 0.47167194
v 0.82292157 0.24985355 0.48339304
v 0.84138519 0.34983817 0.46169317
v 0.84149528 0.46979687 0.46185157
v 0.84153199 0.50985920 0.46189114
v 0.84149528 0.56989563 0.46189114
v 0.85085559 0.54992151 0.45005125
v 0.91997492 0.62034446 0.34012634
v 0.91461569 0.62810582 0.34808561
v 0.92364562 0.62810582 0.33113754
v 0.93385017 0.62993205 0.31007123
v 0.94203579 0.64488405 0.28480750
v 0.92665559 0.65138990 0.31157595
v 0.91953444 0.65915126 0.31925803
v 0.87622011 0.58998382 0.41453156
v 0.88293755 0.58998382 0.40451321
v 0.89207757 0.58998382 0.39005983
v 0.89912534 0.58998382 0.37857631
v 0.91465235 0.60984379 0.35042191
v 0.90488833 0.58998382 0.36859754
v 0.85929823 0.54992151 0.43908253
v 0.85922480 0.56989563 0.43904293
v 0.86641937 0.54992151 0.42910376
v 0.87636697 0.56989563 0.41465038
v 0.92272794 0.66280365 0.30591339
v 0.92636192 0.66577125 0.29007408
v 0.93039966 0.67204881 0.25649470
v 0.84186238 0.65538472 0.25649470
v 0.58351845 0.66280365 0.54322606
v 0.58351845 -0.18991894 0.64851797
v 0.58351845 -0.19642478 0.64816159
v 0.58351845 -0.21023542 0.64733005
v 0.59181422 -0.21034956 0.64372659
v 0.59966952 -0.21754023 0.63980639
v 0.60058719 -0.20407200 0.64020234
v 0.60840583 -0.21034956 0.63600492
v 0.63167804 -0.20897990 0.62416506
v 0.64023077 -0.20167512 0.62004679
v 0.64819622 -0.20897990 0.61485946
v 0.65006828 -0.22986710 0.61224592
v 0.66493458 -0.22986710 0.60313833
v 0.67495561 -0.22986710 0.59660459
v 0.67605680 -0.20989302 0.59731740
v 0.79311550 0.09017494 0.51309174
v 0.79333574 0.10992076 0.51332939
v 0.78019458 -0.06996022 0.52021945
v 0.77997434 -0.08023262 0.51998186
v 0.78063506 -0.04987200 0.52065504
v 0.79069281 -0.04987200 0.51059705
v 0.79150039 -0.00992381 0.51142865
v 0.80141127 -0.00992381 0.50144988
v 0.80174160 0.01016442 0.50184584
v 0.80236566 0.05011261 0.50251901
v 0.80265927 0.07008671 0.50279623
v 0.75684893 -0.16983068 0.53708833
v 0.75618821 -0.18991894 0.53645480
v 0.76760411 -0.16983068 0.52706999
v 0.76819140 -0.14997074 0.52766395
v 0.69169402 -0.22849745 0.58531910
v 0.69940245 -0.23431846 0.57949811
v 0.71004748 -0.24995536 0.56999457
v 0.72153682 -0.24995536 0.56112450
v 0.73155779 -0.24995536 0.55292767
v 0.74345088 -0.24995536 0.54290926
v 0.75347191 -0.24995536 0.53399968
v 0.75449967 -0.22986710 0.53498966
v 0.75541735 -0.20989302 0.53578162
v 0.77868962 -0.12988250 0.51867515
v 0.80350357 0.14998308 0.50370699
v 0.80313647 0.10992076 0.50331098
v 0.81337774 0.13000900 0.49257985
v 0.81367141 0.16995718 0.49293622
v 0.81392837 0.20990536 0.49321342
v 0.83305269 0.28991586 0.47155315
v 0.84127510 0.28991586 0.46157438
v 0.83286917 0.22987945 0.47131556
v 0.83294261 0.24985355 0.47139475
v 0.82273805 0.20990536 0.48323464
v 0.85045183 0.32986408 0.45005125
v 0.85089231 0.48988509 0.45005125
v 0.85089231 0.52994740 0.45005125
v 0.93990684 0.61703444 0.29993406
v 0.92015845 0.60984379 0.34040353
v 0.92544425 0.60984379 0.33006835
v 0.93931949 0.62993205 0.29854810
v 0.95102906 0.64933544 0.25649470
v 0.94508249 0.65081924 0.27078968
v 0.93906254 0.65812403 0.27791739
v 0.93656647 0.65081924 0.29090565
v 0.94368762 0.62993205 0.28852975
v 0.95135939 0.62993205 0.27007693
v 0.95653510 0.62993205 0.25649470
v 0.88304764 0.54992151 0.40471119
v 0.89218771 0.56989563 0.39005983
v 0.89923543 0.54992151 0.37877429
v 0.91487265 0.58998382 0.35069910
v 0.90488833 0.56989563 0.36871633
v 0.91490936 0.56989563 0.35077828
v 0.85933495 0.50985920 0.43912211
v 0.86645609 0.50985920 0.42914334
v 0.87644041 0.52994740 0.41476917
v 0.87640369 0.54992151 0.41472957
v 0.94170547 0.66189057 0.26457277
v 0.94027388 0.66542882 0.25649470
v 0.93142748 0.66771162 0.27078968
v 0.94313705 0.66326022 0.25649470
v 0.58351845 0.65652609 0.53689033
v 0.83914608 0.65093333 0.25649470
v 0.58351845 -0.22986710 0.64606291
v 0.58869410 -0.22986710 0.64380580
v 0.59871513 -0.22986710 0.63933122
v 0.61002088 -0.22986710 0.63382703
v 0.62844783 -0.22986710 0.62444222
v 0.63945991 -0.21502921 0.61961120
v 0.63846886 -0.22986710 0.61909646
v 0.65006828 -0.24995536 0.61054319
v 0.66361314 -0.24995536 0.60226715
v 0.67363417 -0.24995536 0.59573346
v 0.68839037 -0.24995536 0.58571506
v 0.80291623 0.09017494 0.50307339
v 0.79990625 -0.07874882 0.49990553
v 0.78804988 -0.14997074 0.50818157
v 0.80056697 -0.04987200 0.50057870
v 0.81139559 -0.00992381 0.49044153
v 0.81176263 0.01016442 0.49087712
v 0.81025767 -0.04987200 0.48996636
v 0.81275374 -0.03058273 0.48806563
v 0.81209302 0.03013852 0.49123350
v 0.81268030 0.07008671 0.49186707
v 0.76694340 -0.18991894 0.52647603
v 0.77755171 -0.16983068 0.51756638
v 0.77810228 -0.14997074 0.51816034
v 0.69841141 -0.24995536 0.57878536
v 0.72058243 -0.26388013 0.56045133
v 0.69694310 -0.26992944 0.57775581
v 0.71180946 -0.27027184 0.56647027
v 0.74268001 -0.26262462 0.54223615
v 0.74220282 -0.26992944 0.54184014
v 0.75662869 -0.26262462 0.52964389
v 0.76437390 -0.24995536 0.52402091
v 0.75218713 -0.26992944 0.53285134
v 0.76536494 -0.22986710 0.52497125
v 0.76620924 -0.20989302 0.52576321
v 0.81315750 0.10992076 0.49238184
v 0.82226086 0.13000900 0.48260108
v 0.82240766 0.14998308 0.48279905
v 0.82251775 0.16995718 0.48295745
v 0.84116495 0.24985355 0.46141598
v 0.85026830 0.28991586 0.45005125
v 0.83268565 0.19004542 0.47111756
v 0.84101814 0.20990536 0.46121797
v 0.85907799 0.32986408 0.43876573
v 0.85918808 0.38990048 0.43892413
v 0.85933495 0.48988509 0.43912211
v 0.93616271 0.61030036 0.30813092
v 0.94005364 0.60379452 0.30021125
v 0.94354081 0.61030036 0.29197478
v 0.95275426 0.60984379 0.27007693
v 0.92034197 0.58998382 0.34072033
v 0.92570120 0.58998382 0.33006835
v 0.95807678 0.60984379 0.25649470
v 0.88304764 0.52994740 0.40475079
v 0.89233452 0.52994740 0.39005983
v 0.89927214 0.50985920 0.37881389
v 0.90496171 0.50985920 0.36883512
v 0.90492499 0.54992151 0.36875594
v 0.91498274 0.52994740 0.35081789
v 0.92037868 0.56989563 0.34075993
v 0.86645609 0.48988509 0.42914334
v 0.87644041 0.48988509 0.41476917
v 0.88304764 0.50985920 0.40479040
v 0.83635634 0.64613956 0.25649470
v 0.58351845 0.65173233 0.53392047
v 0.58351845 -0.24995536 0.64451855
v 0.58696890 -0.24995536 0.64305341
v 0.59695321 -0.24995536 0.63853920
v 0.61002088 -0.24995536 0.63220346
v 0.62694287 -0.24995536 0.62361068
v 0.63689041 -0.24995536 0.61822528
v 0.65006828 -0.26262462 0.60927606
v 0.66203475 -0.26992944 0.60123760
v 0.67264307 -0.26262462 0.59509987
v 0.68692207 -0.26992944 0.58472514
v 0.68747270 -0.26262462 0.58508152
v 0.81293726 0.09017494 0.49214426
v 0.80867922 -0.08982018 0.48960996
v 0.81917745 -0.06996022 0.47903723
v 0.79803419 -0.14997074 0.49792561
v 0.80768818 -0.12988250 0.48850122
v 0.78683859 -0.18991894 0.50691444
v 0.79748362 -0.16983068 0.49729204
v 0.82042551 -0.00992381 0.48046276
v 0.81991160 -0.03765926 0.47986877
v 0.82108623 0.03013852 0.48121512
v 0.82134318 0.05011261 0.48157153
v 0.82160008 0.07008671 0.48188829
v 0.77689099 -0.18991894 0.51693279
v 0.71962804 -0.27723426 0.55965936
v 0.68512344 -0.28990352 0.58345795
v 0.69510776 -0.28990352 0.57644904
v 0.70850581 -0.28990352 0.56647027
v 0.74099153 -0.28568044 0.54081059
v 0.76308912 -0.26992944 0.52287257
v 0.76720029 -0.26262462 0.51978385
v 0.77428478 -0.24995536 0.51435894
v 0.77527589 -0.22986710 0.51534885
v 0.74862659 -0.29138732 0.53308892
v 0.76165754 -0.28990352 0.52144700
v 0.77612013 -0.20989302 0.51618046
v 0.82204062 0.10992076 0.48240307
v 0.83242869 0.14998308 0.47080076
v 0.83202487 0.10992076 0.47036520
v 0.85001135 0.24985355 0.45005125
v 0.85896784 0.28991586 0.43864694
v 0.84079790 0.16995718 0.46098039
v 0.84949744 0.19004542 0.45005125
v 0.86619914 0.32986408 0.42878696
v 0.86627257 0.36992639 0.42890576
v 0.93535513 0.58998382 0.31026924
v 0.94009036 0.58998382 0.30025083
v 0.94453192 0.58998382 0.29007408
v 0.95297450 0.58998382 0.27007693
v 0.95811349 0.60881656 0.25649470
v 0.95837045 0.58998382 0.25649470
v 0.92037868 0.54992151 0.34079951
v 0.92573792 0.54992151 0.33006835
v 0.89233452 0.48988509 0.39005983
v 0.89927214 0.48988509 0.37881389
v 0.90492499 0.46979687 0.36875594
v 0.91498274 0.48988509 0.35081789
v 0.92037868 0.50985920 0.34083912
v 0.87636697 0.40987459 0.41465038
v 0.87644041 0.46979687 0.41472957
v 0.88304764 0.46979687 0.40475079
v 0.58351845 0.64865059 0.53201973
v 0.82960224 0.63152993 0.25649470
v 0.58351845 -0.25395015 0.64416218
v 0.58355516 -0.26262462 0.64340979
v 0.58483988 -0.26262462 0.64285541
v 0.58495003 -0.26992944 0.64214265
v 0.59566844 -0.26262462 0.63798487
v 0.61005759 -0.26262462 0.63105512
v 0.62576818 -0.26262462 0.62301672
v 0.63509178 -0.26992944 0.61723530
v 0.65006828 -0.26992944 0.60852373
v 0.66082340 -0.28362596 0.60044563
v 0.67201906 -0.26992944 0.59470391
v 0.82182038 0.09017494 0.48216549
v 0.81870025 -0.08982018 0.47848284
v 0.82706946 -0.08982018 0.46850407
v 0.80717427 -0.14997074 0.48790723
v 0.81719530 -0.14997074 0.47674051
v 0.79682291 -0.18991894 0.49661887
v 0.78610444 -0.20989302 0.50620168
v 0.80658692 -0.16983068 0.48727366
v 0.80599964 -0.18991894 0.48660049
v 0.83866888 -0.00992381 0.45836690
v 0.82974905 0.01016442 0.46996921
v 0.82750994 -0.06996022 0.46901885
v 0.83793473 -0.04987200 0.45745614
v 0.83037311 0.03013852 0.46996921
v 0.83096039 0.05011261 0.46996921
v 0.83999032 0.08001669 0.45995083
v 0.84010047 0.09017494 0.46010923
v 0.83184135 0.09017494 0.47008801
v 0.71849012 -0.28990352 0.55874860
v 0.73192489 -0.29138732 0.54750270
v 0.66849518 -0.29013181 0.59454548
v 0.68295771 -0.30999175 0.58199281
v 0.69297874 -0.30999175 0.57490474
v 0.70645022 -0.30999175 0.56492597
v 0.73989028 -0.29903454 0.53982061
v 0.77303672 -0.26992944 0.51321054
v 0.78357166 -0.26262462 0.50362778
v 0.78430581 -0.24995536 0.50438017
v 0.78313118 -0.26992944 0.50319219
v 0.78526014 -0.22986710 0.50537008
v 0.76055634 -0.30268696 0.52045703
v 0.77156848 -0.28990352 0.51178503
v 0.84050423 0.13000900 0.46058440
v 0.84032071 0.10992076 0.46034682
v 0.85874760 0.22987945 0.43836975
v 0.86594218 0.24985355 0.42847016
v 0.84924048 0.16995718 0.45005125
v 0.84865320 0.13000900 0.45005125
v 0.85856408 0.19004542 0.43809256
v 0.87614673 0.30988997 0.41429397
v 0.93539184 0.50985920 0.31030881
v 0.94009036 0.50985920 0.30033004
v 0.94453192 0.46979687 0.29007408
v 0.95304793 0.50985920 0.27007693
v 0.95301121 0.56989563 0.27007693
v 0.95851725 0.50985920 0.25649470
v 0.92577457 0.48988509 0.33006835
v 0.89229780 0.46979687 0.39005983
v 0.89211428 0.38990048 0.39005983
v 0.89916205 0.40987459 0.37865549
v 0.90485162 0.38990048 0.36859754
v 0.91490936 0.42984867 0.35065949
v 0.92037868 0.46979687 0.34079951
v 0.88282740 0.32986408 0.40439439
v 0.88293755 0.38990048 0.40459239
v 0.58351845 0.63095927 0.52358532
v 0.58351845 0.62993205 0.52311015
v 0.82321525 0.61201239 0.25649470
v 0.58351845 -0.26262462 0.64337021
v 0.58355516 -0.26992944 0.64273667
v 0.58355516 -0.27186978 0.64253867
v 0.58355516 -0.28111494 0.64154869
v 0.59493434 -0.26992944 0.63762844
v 0.61005759 -0.26992944 0.63030279
v 0.62507081 -0.26992944 0.62266028
v 0.62290508 -0.28990352 0.62151194
v 0.63288939 -0.28990352 0.61604738
v 0.65164667 -0.29013181 0.60507864
v 0.65939182 -0.29698005 0.59957445
v 0.82611507 -0.12988250 0.46731612
v 0.83705378 -0.08982018 0.45634738
v 0.83749425 -0.06996022 0.45690176
v 0.81660795 -0.16983068 0.47606733
v 0.82505059 -0.16983068 0.46604899
v 0.82556444 -0.14997074 0.46672213
v 0.79608876 -0.20989302 0.49582690
v 0.81598395 -0.18991894 0.47531497
v 0.80522877 -0.20989302 0.48580852
v 0.81528652 -0.20989302 0.47452301
v 0.84637737 -0.00992381 0.44838813
v 0.84670770 0.01016442 0.44882372
v 0.83932960 0.03013852 0.45911926
v 0.84604698 -0.02989790 0.44791293
v 0.84523940 -0.06996022 0.44692299
v 0.84564322 -0.04987200 0.44743776
v 0.83958656 0.05011261 0.45947567
v 0.83980680 0.06666258 0.45975283
v 0.84601027 0.07202705 0.45191237
v 0.84788233 0.09017494 0.45005125
v 0.71650791 -0.30999175 0.55712509
v 0.72876811 -0.30999175 0.54714632
v 0.67003685 -0.30999175 0.59058565
v 0.68123251 -0.32414484 0.58076531
v 0.68875742 -0.33053654 0.57415235
v 0.70406425 -0.32996586 0.56306481
v 0.73875237 -0.30999175 0.53883064
v 0.75156313 -0.30953521 0.52738678
v 0.78169960 -0.28990352 0.50176668
v 0.78724235 -0.26262462 0.49978673
v 0.79429007 -0.24995536 0.49388659
v 0.79524446 -0.22986710 0.49495575
v 0.79315215 -0.26992944 0.49261945
v 0.75927162 -0.31604105 0.51922953
v 0.78063506 -0.30348590 0.50061828
v 0.86575866 0.20990536 0.42823258
v 0.87585306 0.22987945 0.41385841
v 0.85830712 0.14998308 0.43773618
v 0.85794008 0.10992076 0.43726099
v 0.86553842 0.16995718 0.42791581
v 0.88246036 0.22987945 0.40387961
v 0.93539184 0.48988509 0.31030881
v 0.94009036 0.48988509 0.30033004
v 0.95279098 0.34983817 0.27007693
v 0.94009036 0.46979687 0.30029044
v 0.93990684 0.30988997 0.29989445
v 0.94423825 0.28991586 0.28979689
v 0.95268083 0.28991586 0.27007693
v 0.95826030 0.32929337 0.25649470
v 0.92573792 0.46979687 0.33006835
v 0.89185733 0.32986408 0.39005983
v 0.89901519 0.32986408 0.37837830
v 0.89905190 0.34983817 0.37845752
v 0.89908862 0.36992639 0.37853670
v 0.90470481 0.32986408 0.36839953
v 0.91465235 0.30988997 0.35030311
v 0.91468906 0.32986408 0.35038230
v 0.91487265 0.40987459 0.35061991
v 0.92544425 0.34983817 0.33006835
v 0.92012173 0.30988997 0.34028473
v 0.89174724 0.30988997 0.39005983
v 0.82229757 0.60915893 0.25649470
v 0.58351845 0.61566478 0.51816034
v 0.58351845 -0.26262462 0.47685930
v 0.58355516 -0.48576379 0.57827061
v 0.58355516 -0.48291034 0.58009213
v 0.58355516 -0.48154068 0.58096325
v 0.58355516 -0.48028517 0.58167607
v 0.58355516 -0.46967036 0.58761579
v 0.58355516 -0.45289212 0.59640658
v 0.58355516 -0.44284803 0.60135639
v 0.58355516 -0.42915148 0.60697937
v 0.58355516 -0.40997636 0.61430502
v 0.58355516 -0.39662227 0.61885887
v 0.58355516 -0.38726297 0.62159115
v 0.58355516 -0.38623571 0.62186831
v 0.58355516 -0.36922923 0.62634295
v 0.58355516 -0.35028237 0.63065916
v 0.58355516 -0.32996586 0.63461900
v 0.58355516 -0.31238866 0.63750964
v 0.58355516 -0.30474141 0.63861841
v 0.58355516 -0.29926282 0.63937080
v 0.58355516 -0.28990352 0.64055872
v 0.59247494 -0.28990352 0.63648009
v 0.61005759 -0.28990352 0.62804568
v 0.62114310 -0.30394247 0.62060118
v 0.62874150 -0.31033418 0.61545342
v 0.64779240 -0.30999175 0.60460347
v 0.65781343 -0.30999175 0.59858453
v 0.83562219 -0.14997074 0.45452586
v 0.83609939 -0.12988250 0.45515943
v 0.84479892 -0.08982018 0.44632903
v 0.84340405 -0.14997074 0.44454709
v 0.84388125 -0.12988250 0.44514108
v 0.83503485 -0.16983068 0.45381311
v 0.82438982 -0.18991894 0.46533620
v 0.83444756 -0.18991894 0.45306072
v 0.80445796 -0.22986710 0.48493737
v 0.82372910 -0.20989302 0.46450463
v 0.81444222 -0.22986710 0.47357264
v 0.82295829 -0.22986710 0.46355429
v 0.85636163 -0.00992381 0.43512270
v 0.85669202 0.01016442 0.43555826
v 0.85698569 0.03013852 0.43595424
v 0.84700137 0.03013852 0.44918010
v 0.85562754 -0.04987200 0.43417233
v 0.85526043 -0.06996022 0.43361795
v 0.84725833 0.05011261 0.44953647
v 0.85749954 0.07008671 0.43666703
v 0.85771978 0.09017494 0.43698382
v 0.71408528 -0.32996586 0.55526400
v 0.72645557 -0.32996586 0.54524559
v 0.67161524 -0.33053654 0.58595264
v 0.67932373 -0.33749893 0.57949811
v 0.70186186 -0.34594512 0.56136209
v 0.73643982 -0.32996586 0.53689033
v 0.74767220 -0.32996586 0.52687198
v 0.79172063 -0.28990352 0.49115431
v 0.80280614 -0.26262462 0.48311585
v 0.80350357 -0.24995536 0.48390782
v 0.80240232 -0.26992944 0.48264065
v 0.80104417 -0.28990352 0.48117554
v 0.77935034 -0.31684002 0.49935114
v 0.75765651 -0.32996586 0.51776439
v 0.76797116 -0.32996586 0.50774598
v 0.78981185 -0.30896452 0.48976836
v 0.80019993 -0.30120316 0.48022518
v 0.87563282 0.19004542 0.41354162
v 0.88235021 0.20990536 0.40372124
v 0.86506122 0.10992076 0.42724264
v 0.86524475 0.13000900 0.42748022
v 0.86487770 0.09017494 0.42696545
v 0.87552273 0.16995718 0.41334361
v 0.89115989 0.22987945 0.39005983
v 0.93535513 0.44993690 0.31022960
v 0.93509817 0.30988997 0.31007123
v 0.93987012 0.28991586 0.29981527
v 0.94412810 0.22987945 0.28944051
v 0.95249730 0.24985355 0.27007693
v 0.95800334 0.24985355 0.25649470
v 0.95815015 0.28911692 0.25649470
v 0.89886838 0.28991586 0.37818033
v 0.90463138 0.28991586 0.36816195
v 0.91461569 0.28991586 0.35018432
v 0.92518729 0.28991586 0.33006835
v 0.91439545 0.24985355 0.35006553
v 0.91990149 0.24985355 0.33988875
v 0.92500377 0.24985355 0.32990998
v 0.58351845 0.61087102 0.51665562
v 0.81991160 0.59991384 0.25649470
v 0.58355516 -0.48576379 0.38962424
v 0.58351845 0.08389737 0.47816604
v 0.58623475 -0.48576379 0.57692426
v 0.59592545 -0.47629035 0.57787460
v 0.58957511 -0.46967036 0.58464593
v 0.60308325 -0.46293622 0.58159685
v 0.58986878 -0.44981039 0.59482270
v 0.59643930 -0.43565732 0.59818852
v 0.58986878 -0.42937976 0.60396987
v 0.59001559 -0.40997636 0.61121637
v 0.60194534 -0.42241740 0.60096043
v 0.60624009 -0.40997636 0.60321754
v 0.59038264 -0.39160019 0.61707693
v 0.58392221 -0.38612160 0.62174952
v 0.59038264 -0.36888680 0.62333345
v 0.60077071 -0.36146784 0.62032402
v 0.59001559 -0.34993994 0.62780809
v 0.59001559 -0.32996586 0.63168871
v 0.58847392 -0.30930692 0.63572776
v 0.61156261 -0.31033418 0.62448180
v 0.61927104 -0.31729656 0.61957163
v 0.63002622 -0.32996586 0.61133516
v 0.64492929 -0.32996586 0.60290074
v 0.65495026 -0.32996586 0.59684217
v 0.84285349 -0.16983068 0.44383433
v 0.85481995 -0.08982018 0.43302399
v 0.85342509 -0.14997074 0.43108368
v 0.85390228 -0.12988250 0.43175682
v 0.84230286 -0.18991894 0.44304237
v 0.83375013 -0.20989302 0.45218956
v 0.84164214 -0.20989302 0.44217119
v 0.81348789 -0.24995536 0.47246391
v 0.82204062 -0.24995536 0.46244553
v 0.83294261 -0.22986710 0.45123920
v 0.86359292 -0.00992381 0.42514393
v 0.86289549 -0.04987200 0.42415395
v 0.86392331 0.01016442 0.42557949
v 0.86443722 0.05011261 0.42633188
v 0.86252844 -0.06996022 0.42359957
v 0.86465740 0.07008671 0.42664865
v 0.70912981 -0.35153788 0.55431360
v 0.72370249 -0.34993994 0.54302812
v 0.66728383 -0.34993994 0.58476472
v 0.67726815 -0.34993994 0.57807261
v 0.69187754 -0.35153788 0.56730187
v 0.69980627 -0.35918510 0.55977815
v 0.73372352 -0.34993994 0.53447485
v 0.74502927 -0.34993994 0.52449608
v 0.80647683 -0.26262462 0.47891843
v 0.81238663 -0.26992944 0.47111756
v 0.81279045 -0.26262462 0.47163233
v 0.81238663 -0.28899044 0.46814770
v 0.82020521 -0.28179976 0.46026763
v 0.79898858 -0.31444314 0.47883922
v 0.77791876 -0.32996586 0.49784642
v 0.78738916 -0.32996586 0.48786765
v 0.75505030 -0.34993994 0.51526970
v 0.76543838 -0.34993994 0.50529093
v 0.80651355 -0.30862212 0.47131556
v 0.81800282 -0.30999175 0.45761454
v 0.81925088 -0.29503971 0.45907968
v 0.88212997 0.16995718 0.40336484
v 0.89049917 0.16995718 0.39005983
v 0.87508225 0.10992076 0.41267043
v 0.87486196 0.09017494 0.41243285
v 0.88198316 0.14998308 0.40316686
v 0.89864814 0.22987945 0.37778434
v 0.89835447 0.16995718 0.37726957
v 0.89857471 0.20990536 0.37762594
v 0.93465769 0.22987945 0.31007123
v 0.93975997 0.24985355 0.29957765
v 0.93972325 0.22987945 0.29941928
v 0.95238721 0.22987945 0.27007693
v 0.94390786 0.16995718 0.28896534
v 0.95183659 0.14998308 0.27007693
v 0.95789325 0.22862394 0.25649470
v 0.90444779 0.24985355 0.36792436
v 0.90426433 0.20990536 0.36764717
v 0.91388154 0.19004542 0.35006553
v 0.92493033 0.22987945 0.32975158
v 0.91953444 0.16995718 0.33925518
v 0.92478353 0.19004542 0.32943481
v 0.93421721 0.16995718 0.31007123
v 0.81741554 0.58998382 0.25649470
v 0.58351845 0.59785932 0.51321054
v 0.69786078 -0.48564965 0.25653431
v 0.69022572 -0.48576379 0.26892859
v 0.58351845 0.12395969 0.47832444
v 0.58351845 0.14416206 0.47844324
v 0.58351845 0.14998308 0.47848284
v 0.58351845 0.19004542 0.47879964
v 0.58351845 0.20990536 0.47899762
v 0.58351845 0.22987945 0.47927481
v 0.58351845 0.24985355 0.47967079
v 0.58351845 0.26651764 0.48002717
v 0.58351845 0.26994178 0.48010638
v 0.58351845 0.28740484 0.48058155
v 0.58351845 0.30988997 0.48129433
v 0.58351845 0.33191854 0.48216549
v 0.58351845 0.35086539 0.48303664
v 0.58351845 0.36992639 0.48402661
v 0.58351845 0.37186673 0.48414540
v 0.58351845 0.39252564 0.48541254
v 0.58351845 0.40953216 0.48660049
v 0.58351845 0.42984867 0.48818442
v 0.58351845 0.45016518 0.49000594
v 0.58351845 0.45998102 0.49099591
v 0.58351845 0.46979687 0.49202546
v 0.59130031 -0.48576379 0.57427114
v 0.60987407 -0.46967036 0.57403356
v 0.61365491 -0.48576379 0.56231248
v 0.62151021 -0.48131239 0.56084734
v 0.61640793 -0.45597386 0.57799339
v 0.60987407 -0.44958216 0.58468550
v 0.62235445 -0.44261974 0.58128005
v 0.60917664 -0.42937976 0.59414953
v 0.62943888 -0.42835253 0.58337879
v 0.64056110 -0.42070532 0.58029008
v 0.61626112 -0.40997636 0.59795094
v 0.61978495 -0.39947569 0.59981209
v 0.61185622 -0.39171433 0.60630620
v 0.59724689 -0.37470782 0.61862129
v 0.60847920 -0.36888680 0.61446345
v 0.61325109 -0.34993994 0.61644340
v 0.60319340 -0.34993994 0.62159115
v 0.60704762 -0.32996586 0.62349188
v 0.61710536 -0.32996586 0.61842328
v 0.63189828 -0.35165203 0.60591018
v 0.64224964 -0.34605926 0.60127723
v 0.64937079 -0.35165203 0.59569383
v 0.85426933 -0.17165691 0.42831179
v 0.86208797 -0.08982018 0.42300561
v 0.86072981 -0.14997074 0.42110488
v 0.85995895 -0.17953241 0.41999614
v 0.85192013 -0.18991894 0.43005410
v 0.85067207 -0.20989302 0.43005410
v 0.84087127 -0.22986710 0.44122082
v 0.82093936 -0.26992944 0.46113878
v 0.82552779 -0.26262462 0.45646617
v 0.83121735 -0.26262462 0.44941768
v 0.83341974 -0.24995536 0.44830894
v 0.84032071 -0.24344948 0.44046846
v 0.87361395 -0.00992381 0.41057175
v 0.87181532 -0.06996022 0.41005695
v 0.87254941 -0.04987200 0.41005695
v 0.87456834 -0.03001204 0.40815625
v 0.87416452 0.03013852 0.41140330
v 0.87442148 0.05011261 0.41179928
v 0.72150010 -0.36420715 0.54120660
v 0.66357642 -0.36991405 0.58234918
v 0.67359746 -0.36991405 0.57557791
v 0.68780303 -0.36991405 0.56555951
v 0.69778734 -0.36991405 0.55827343
v 0.71151578 -0.37048474 0.54738390
v 0.74194592 -0.36991405 0.52168459
v 0.82622516 -0.28899044 0.45147678
v 0.83892584 -0.26992944 0.43864694
v 0.82989591 -0.26992944 0.44997206
v 0.79737347 -0.32996586 0.47705731
v 0.80607307 -0.32996586 0.46707854
v 0.77538598 -0.34993994 0.49531212
v 0.78500324 -0.34993994 0.48533335
v 0.75193018 -0.36991405 0.51237899
v 0.76250184 -0.36991405 0.50236064
v 0.81605732 -0.32996586 0.45523864
v 0.82416958 -0.32996586 0.44529945
v 0.82604164 -0.30999175 0.44763577
v 0.89024222 0.14998308 0.39005983
v 0.88154268 0.09017494 0.40241450
v 0.88168949 0.10992076 0.40269166
v 0.89809752 0.13000900 0.37679440
v 0.90386051 0.13000900 0.36681560
v 0.90397066 0.14998308 0.36705321
v 0.93950301 0.16995718 0.29894412
v 0.94376105 0.13000900 0.28856933
v 0.95165306 0.13000900 0.27007693
v 0.95712239 0.12761210 0.25649470
v 0.91366130 0.16995718 0.35006553
v 0.91946101 0.14998308 0.33905718
v 0.92471009 0.16995718 0.32923681
v 0.93385017 0.13000900 0.31007123
v 0.93931949 0.13000900 0.29858771
v 0.58351845 0.58918488 0.51099306
v 0.81260687 0.56909662 0.25649470
v 0.78243375 -0.26262462 0.25649470
v 0.71063483 -0.48576379 0.25653431
v 0.80056697 0.49182543 0.25649470
v 0.79843801 0.46956858 0.25649470
v 0.79685956 0.45199138 0.25649470
v 0.79517108 0.42984867 0.25649470
v 0.79425341 0.41478249 0.25649470
v 0.79318887 0.39549324 0.25649470
v 0.79289520 0.38990048 0.25649470
v 0.79194087 0.36946985 0.25649470
v 0.79120672 0.34983817 0.25649470
v 0.79050928 0.32986408 0.25649470
v 0.79010552 0.31696650 0.25649470
v 0.78900427 0.27747488 0.25649470
v 0.78816003 0.23786910 0.25649470
v 0.78760940 0.20990536 0.25649470
v 0.78694868 0.16995718 0.25649470
v 0.78621453 0.11893763 0.25649470
v 0.78507662 0.03013852 0.25649470
v 0.78459942 -0.01985379 0.25649470
v 0.58351845 0.48988509 0.49436176
v 0.62892503 -0.46864313 0.56373799
v 0.61890399 -0.48576379 0.55934262
v 0.62584162 -0.48576379 0.55522436
v 0.64349771 -0.48576379 0.54421604
v 0.63483483 -0.47457832 0.55680829
v 0.64118516 -0.46122420 0.56064934
v 0.62943888 -0.44958216 0.57367718
v 0.63567913 -0.43394530 0.57739943
v 0.65017837 -0.43017876 0.57011336
v 0.66412705 -0.42629808 0.56278765
v 0.65381235 -0.40997636 0.57605308
v 0.64379132 -0.40997636 0.58227003
v 0.63002622 -0.40997636 0.59022927
v 0.63006294 -0.39171433 0.59636700
v 0.62341893 -0.38612160 0.60183156
v 0.62738335 -0.36991405 0.60408866
v 0.63982701 -0.35929924 0.59981209
v 0.65006828 -0.36991405 0.59082323
v 0.86821800 -0.14997074 0.41005695
v 0.86575866 -0.17165691 0.41203687
v 0.85900456 -0.20989302 0.41864979
v 0.86638266 -0.18991894 0.40954217
v 0.84913039 -0.22986710 0.43005410
v 0.85827041 -0.22986710 0.41758063
v 0.83532852 -0.26262462 0.44426990
v 0.83962327 -0.25668946 0.43963689
v 0.84612042 -0.24995536 0.43179643
v 0.88011110 -0.02350619 0.40023658
v 0.88033134 -0.00992381 0.40055338
v 0.88062501 0.01016442 0.40102854
v 0.87878966 -0.08982018 0.39825666
v 0.87923014 -0.06996022 0.39892983
v 0.87963390 -0.04987200 0.39952379
v 0.87989086 -0.03674616 0.39988020
v 0.87794536 -0.12988250 0.39683113
v 0.88110220 0.05011261 0.40178090
v 0.71915084 -0.37744713 0.53922665
v 0.72891492 -0.37048474 0.53289092
v 0.66108036 -0.38224092 0.58064651
v 0.66867870 -0.38931745 0.57332081
v 0.68372858 -0.38988814 0.56266886
v 0.69374961 -0.38988814 0.55522436
v 0.70663375 -0.38988814 0.54520601
v 0.74018395 -0.38030058 0.52010065
v 0.83760434 -0.28990352 0.43694422
v 0.84505588 -0.28990352 0.42696545
v 0.84634066 -0.26992944 0.42866817
v 0.83932960 -0.26262462 0.43920133
v 0.79502422 -0.34993994 0.47440422
v 0.80379719 -0.34993994 0.46442544
v 0.77241272 -0.36991405 0.49230266
v 0.78217679 -0.36991405 0.48228428
v 0.76059306 -0.38144195 0.50049949
v 0.81378150 -0.34993994 0.45250636
v 0.82196718 -0.34993994 0.44252759
v 0.83415389 -0.32996586 0.43243000
v 0.83606267 -0.30999175 0.43488511
v 0.88932455 0.09017494 0.39005983
v 0.88892078 0.07008671 0.39005983
v 0.89776719 0.09017494 0.37627959
v 0.90371370 0.10992076 0.36653841
v 0.91322082 0.13000900 0.35006553
v 0.91296387 0.10992076 0.35006553
v 0.93909925 0.09017494 0.29807293
v 0.94361424 0.10992076 0.28837135
v 0.95143282 0.10992076 0.27007693
v 0.95690215 0.10992076 0.25649470
v 0.92452657 0.13000900 0.32884082
v 0.91920406 0.10992076 0.33858201
v 0.93337297 0.09017494 0.31007123
v 0.58351845 0.56989563 0.50679564
v 0.81003737 0.55574250 0.25649470
v 0.94170547 -0.26262462 0.25649470
v 0.87768841 -0.48576379 0.25653431
v 0.58351845 0.51100051 0.49701485
v 0.80287951 0.50985920 0.25649470
v 0.64592040 -0.48576379 0.54267168
v 0.64536977 -0.48507893 0.54346365
v 0.65865767 -0.47845900 0.53902864
v 0.64992142 -0.46978450 0.54987860
v 0.66427386 -0.46510488 0.54298848
v 0.65572113 -0.44992453 0.55712509
v 0.65983230 -0.43965214 0.55981779
v 0.64573681 -0.44992453 0.56357962
v 0.67047733 -0.43177664 0.55581832
v 0.67745167 -0.41522670 0.55811507
v 0.67047733 -0.40906328 0.56528234
v 0.65788686 -0.39559501 0.57858735
v 0.65072900 -0.38931745 0.58492309
v 0.63740432 -0.36991405 0.59842610
v 0.87743145 -0.14997074 0.39607877
v 0.87691760 -0.16983068 0.39524719
v 0.86575866 -0.20989302 0.40863141
v 0.87636697 -0.18991894 0.39433643
v 0.85738945 -0.24995536 0.41631350
v 0.86418021 -0.24995536 0.40633473
v 0.86502451 -0.22986710 0.40756226
v 0.84626722 -0.26262462 0.42981651
v 0.88690186 -0.00992381 0.39005983
v 0.88752592 0.01016442 0.39005983
v 0.88506651 -0.03001204 0.39196053
v 0.88803983 0.03013852 0.39005983
v 0.88513994 -0.08982018 0.38827789
v 0.88591081 -0.04987200 0.38954502
v 0.88374507 -0.14997074 0.38609999
v 0.88422227 -0.12988250 0.38681275
v 0.73053002 -0.38817608 0.52576321
v 0.71661806 -0.38988814 0.53708833
v 0.68104899 -0.40187261 0.56068891
v 0.70303649 -0.40598154 0.54235494
v 0.73754108 -0.39365467 0.51772475
v 0.74914050 -0.38760537 0.50913191
v 0.84355092 -0.30999175 0.42486674
v 0.85507691 -0.28990352 0.41302684
v 0.85636163 -0.26992944 0.41484836
v 0.80170488 -0.36580509 0.46200994
v 0.78037816 -0.38109952 0.48042315
v 0.79355597 -0.37151197 0.46917725
v 0.75806028 -0.39479604 0.49800482
v 0.76925594 -0.38794780 0.48921397
v 0.82049888 -0.36181027 0.44070604
v 0.83290589 -0.34925511 0.42843059
v 0.84046751 -0.34206444 0.42070889
v 0.84175223 -0.32996586 0.42241162
v 0.89754689 0.07008671 0.37596282
v 0.89732665 0.05011261 0.37560642
v 0.90334660 0.07008671 0.36594445
v 0.90353012 0.09017494 0.36626124
v 0.91230315 0.07008671 0.35006553
v 0.91905725 0.09017494 0.33830482
v 0.93300587 0.07008671 0.31007123
v 0.93891573 0.07008671 0.29767695
v 0.94332057 0.07008671 0.28769818
v 0.94350410 0.09017494 0.28805456
v 0.95117587 0.09017494 0.27007693
v 0.95664519 0.09017494 0.25649470
v 0.92426962 0.09017494 0.32832605
v 0.80900961 0.54992151 0.25649470
v 0.58351845 0.54992151 0.50315261
v 0.94042069 -0.26262462 0.25993976
v 0.94144851 -0.26524979 0.25653431
v 0.94060421 -0.27358183 0.25653431
v 0.93873215 -0.28990352 0.25653431
v 0.93862206 -0.29070249 0.25653431
v 0.93590575 -0.30999175 0.25653431
v 0.93524504 -0.31398657 0.25653431
v 0.93263882 -0.32939517 0.25653431
v 0.93131733 -0.33624342 0.25653431
v 0.92867446 -0.34959754 0.25653431
v 0.92639863 -0.35975578 0.25653431
v 0.92404938 -0.36991405 0.25653431
v 0.92243427 -0.37653401 0.25653431
v 0.92078245 -0.38292575 0.25653431
v 0.91777247 -0.39308399 0.25653431
v 0.91722190 -0.39479604 0.25653431
v 0.91226643 -0.40997636 0.25653431
v 0.90984374 -0.41682464 0.25653431
v 0.90503514 -0.43017876 0.25653431
v 0.90264916 -0.43645632 0.25653431
v 0.89905190 -0.44490248 0.25653431
v 0.89416987 -0.45506072 0.25653431
v 0.88638800 -0.47035521 0.25653431
v 0.88319445 -0.47640449 0.25653431
v 0.87849599 -0.48450828 0.25653431
v 0.94218266 -0.25737429 0.25649470
v 0.87365067 -0.48576379 0.26568151
v 0.58351845 0.52994740 0.49990553
v 0.80574268 0.52994740 0.25649470
v 0.65439969 -0.48576379 0.53696954
v 0.67058748 -0.47104001 0.53483123
v 0.67363417 -0.48576379 0.52307057
v 0.68108571 -0.48108417 0.52077383
v 0.67759848 -0.45665866 0.53815752
v 0.67058748 -0.44992453 0.54675031
v 0.68240714 -0.44330454 0.54172134
v 0.68659174 -0.42995048 0.54492879
v 0.69040924 -0.41066122 0.55023497
v 0.69973284 -0.41933566 0.53970182
v 0.88264388 -0.18991894 0.38435766
v 0.87574297 -0.20989302 0.39334649
v 0.86355621 -0.26262462 0.40538436
v 0.87416452 -0.24995536 0.39089137
v 0.87504554 -0.22986710 0.39219812
v 0.89655584 -0.00992381 0.37429968
v 0.89684951 0.01016442 0.37477487
v 0.89710641 0.03013852 0.37521046
v 0.89512426 -0.08982018 0.37184459
v 0.89556473 -0.06996022 0.37255734
v 0.89589512 -0.04987200 0.37319094
v 0.89233452 -0.16983068 0.37006265
v 0.89336228 -0.14997074 0.37006265
v 0.89534450 -0.13102388 0.36828074
v 0.89468378 -0.10990842 0.37105262
v 0.72384936 -0.40997636 0.52326852
v 0.70982724 -0.41157430 0.53447485
v 0.73387039 -0.40997636 0.51443809
v 0.74480903 -0.40997636 0.50445932
v 0.85474652 -0.31124729 0.40882942
v 0.86083990 -0.30554038 0.40134534
v 0.86197782 -0.28990352 0.40300846
v 0.86318916 -0.26992944 0.40482998
v 0.79972273 -0.37915918 0.45967364
v 0.81014752 -0.37048474 0.45017004
v 0.77791876 -0.39445364 0.47777006
v 0.78650820 -0.38863263 0.47064239
v 0.75483006 -0.40997636 0.49483696
v 0.76477766 -0.40997636 0.48481858
v 0.83888912 -0.35541856 0.41857061
v 0.81859016 -0.37516436 0.43829057
v 0.82585812 -0.36911508 0.43096486
v 0.85048854 -0.32996586 0.41001737
v 0.84556979 -0.34925511 0.41116571
v 0.85977542 -0.31878036 0.39976141
v 0.90294284 0.03013852 0.36519206
v 0.91138548 0.03013852 0.35006553
v 0.91869015 0.05011261 0.33759207
v 0.92386585 0.05011261 0.32761329
v 0.93260211 0.05011261 0.31007123
v 0.93869549 0.05011261 0.29724139
v 0.94313705 0.05011261 0.28722298
v 0.95084548 0.07008671 0.27007693
v 0.95047843 0.05011261 0.27007693
v 0.95624143 0.06654844 0.25649470
v 0.80695403 0.53736639 0.25649470
v 0.94023716 -0.26262462 0.26041496
v 0.93950301 -0.27552217 0.25887060
v 0.94284338 -0.24995536 0.25649470
v 0.94075108 -0.24995536 0.26191968
v 0.93315268 -0.28990352 0.27003735
v 0.93039966 -0.30999175 0.27003735
v 0.92705935 -0.32996586 0.27003735
v 0.92313170 -0.34902686 0.27051252
v 0.92136979 -0.36991405 0.26334521
v 0.92004830 -0.38030058 0.26025653
v 0.91439545 -0.38817608 0.26817620
v 0.90554905 -0.41134602 0.27158165
v 0.90253907 -0.42652631 0.26599830
v 0.89993286 -0.43988043 0.25997937
v 0.89075613 -0.44992453 0.27003735
v 0.88051486 -0.46099591 0.28120404
v 0.88304764 -0.46567553 0.27003735
v 0.87992752 -0.47982860 0.25997937
v 0.86366636 -0.48576379 0.28714380
v 0.68552721 -0.46989864 0.52421892
v 0.67891997 -0.48576379 0.51911068
v 0.68582088 -0.48576379 0.51364613
v 0.69595200 -0.48576379 0.50544930
v 0.70252258 -0.48291034 0.50212306
v 0.69551152 -0.46989864 0.51633883
v 0.69965941 -0.45939797 0.51962548
v 0.69103324 -0.45129418 0.53075260
v 0.70402753 -0.44604385 0.52326852
v 0.69657606 -0.42995048 0.53724676
v 0.71041459 -0.42903733 0.52631760
v 0.72102290 -0.42173254 0.52077383
v 0.89123333 -0.18991894 0.37006265
v 0.88201988 -0.20989302 0.38336772
v 0.86719024 -0.26262462 0.39976141
v 0.88003767 -0.26034188 0.38012064
v 0.88051486 -0.24995536 0.38087299
v 0.88128573 -0.22986710 0.38221934
v 0.90239227 -0.00992381 0.36428130
v 0.90180492 -0.04987200 0.36321217
v 0.90209860 -0.02989790 0.36376655
v 0.89993286 -0.13844283 0.35992551
v 0.90099740 -0.08982018 0.36182621
v 0.90143788 -0.06996022 0.36253899
v 0.89912534 -0.16983068 0.35849994
v 0.74172568 -0.42321634 0.50152904
v 0.86601561 -0.31124729 0.39188135
v 0.87031031 -0.28990352 0.39002022
v 0.87412786 -0.26821736 0.38807988
v 0.79781395 -0.38988814 0.45753533
v 0.80621988 -0.38988814 0.44755656
v 0.77472526 -0.40997636 0.47432503
v 0.78390199 -0.40997636 0.46434626
v 0.76180440 -0.42344463 0.48176950
v 0.83694363 -0.36991405 0.41583830
v 0.84406483 -0.36991405 0.40581995
v 0.81620419 -0.38988814 0.43520188
v 0.82383925 -0.38988814 0.42522311
v 0.85871089 -0.32996586 0.39813787
v 0.85661858 -0.34993994 0.39493042
v 0.87688088 -0.30999175 0.37501246
v 0.86517131 -0.32996586 0.38811949
v 0.91039437 -0.00992381 0.35006553
v 0.91090828 0.01016442 0.35006553
v 0.91846991 0.03013852 0.33715647
v 0.92338866 0.01016442 0.32670254
v 0.93216163 0.03013852 0.31007123
v 0.93847525 0.03013852 0.29672658
v 0.94265985 0.01016442 0.28615385
v 0.95003796 0.03013852 0.27007693
v 0.95580095 0.04600366 0.25649470
v 0.93656647 -0.24995536 0.27189845
v 0.93619943 -0.26924461 0.26837420
v 0.94357753 -0.24082434 0.25649470
v 0.94442177 -0.22986710 0.25649470
v 0.94152188 -0.22986710 0.26385999
v 0.92669225 -0.26992944 0.29003447
v 0.92379242 -0.28990352 0.29146004
v 0.92309499 -0.30999175 0.28698540
v 0.92144316 -0.32996586 0.28334236
v 0.92034197 -0.34172204 0.28088728
v 0.91891038 -0.35507613 0.27752143
v 0.91711175 -0.36991405 0.27332401
v 0.90973365 -0.36991405 0.29003447
v 0.90400732 -0.38977399 0.29058886
v 0.90191507 -0.40563911 0.28437191
v 0.89963919 -0.41899323 0.27930334
v 0.89795071 -0.43189079 0.27158165
v 0.89027894 -0.42995048 0.29003447
v 0.88047814 -0.44102180 0.30104280
v 0.88279068 -0.44855487 0.28876734
v 0.87728465 -0.45437592 0.29454869
v 0.86054623 -0.46111006 0.32111916
v 0.86293221 -0.46864313 0.30848730
v 0.87273300 -0.46852899 0.28876734
v 0.87765169 -0.47571969 0.27003735
v 0.86293221 -0.48473656 0.29003447
v 0.86267525 -0.48576379 0.28924251
v 0.70131123 -0.48576379 0.50109351
v 0.70553255 -0.48576379 0.49737123
v 0.72315192 -0.48382342 0.48287827
v 0.71584719 -0.47423589 0.49618328
v 0.70953363 -0.46852899 0.50544930
v 0.72069252 -0.46088177 0.50053912
v 0.71041459 -0.45163661 0.51471531
v 0.71735221 -0.43508667 0.51764560
v 0.72961235 -0.42915148 0.50956750
v 0.89857471 -0.18991894 0.35751000
v 0.88998526 -0.20989302 0.37006265
v 0.88859040 -0.22986710 0.37006265
v 0.88128573 -0.26262462 0.37762594
v 0.88440579 -0.26821736 0.37140900
v 0.88521338 -0.26262462 0.37097344
v 0.88697529 -0.24995536 0.37006265
v 0.87930351 -0.27381012 0.37893268
v 0.90977037 -0.02989790 0.35006553
v 0.90837550 -0.06996022 0.35006553
v 0.90514529 -0.14997074 0.34943193
v 0.90665025 -0.10990842 0.35006553
v 0.90756792 -0.08982018 0.35006553
v 0.90463138 -0.16983068 0.34848160
v 0.73820180 -0.43645632 0.49824241
v 0.75009483 -0.42995048 0.49000594
v 0.87831247 -0.28990352 0.37734875
v 0.79392302 -0.40997636 0.45306072
v 0.80251247 -0.40997636 0.44308195
v 0.78118569 -0.42253149 0.46129718
v 0.75839067 -0.43679869 0.47828487
v 0.77799219 -0.43588561 0.45781252
v 0.83485132 -0.39125779 0.40958178
v 0.84175223 -0.38543677 0.40257287
v 0.85496676 -0.37094128 0.38926786
v 0.82145327 -0.40392709 0.42205524
v 0.86307901 -0.34993994 0.38491204
v 0.86131710 -0.36489198 0.38210055
v 0.87515563 -0.32996586 0.37212178
v 0.88293755 -0.30999175 0.36499408
v 0.91791928 -0.00992381 0.33616650
v 0.91821295 0.01016442 0.33668131
v 0.91762567 -0.02989790 0.33557254
v 0.93164772 0.01016442 0.31007123
v 0.92313170 -0.00992381 0.32614815
v 0.93821830 0.01016442 0.29617220
v 0.94240290 -0.00992381 0.28555986
v 0.94901013 -0.00992381 0.27007693
v 0.95491993 0.01016442 0.25649470
v 0.93733728 -0.22986710 0.27383876
v 0.92863774 -0.24995536 0.29007408
v 0.93032628 -0.26262462 0.28342158
v 0.94581664 -0.20989302 0.25649470
v 0.94221938 -0.20989302 0.26552314
v 0.93803477 -0.20989302 0.27554148
v 0.92107612 -0.26992944 0.30238914
v 0.92037868 -0.28316942 0.30092400
v 0.91953444 -0.29652351 0.29910249
v 0.91858006 -0.30999175 0.29696417
v 0.91692823 -0.32996586 0.29332113
v 0.91531312 -0.34902686 0.28856933
v 0.90257579 -0.36991405 0.30547780
v 0.90085053 -0.38292575 0.30187437
v 0.89886838 -0.39627984 0.29767695
v 0.89706969 -0.41134602 0.29058886
v 0.87985414 -0.41956395 0.31981242
v 0.88275397 -0.42995048 0.30559662
v 0.86010575 -0.44022286 0.34028473
v 0.86267525 -0.44809836 0.32872203
v 0.87302661 -0.44855487 0.30864567
v 0.87772512 -0.42995048 0.31561500
v 0.85683882 -0.45357698 0.33446378
v 0.84351420 -0.46613210 0.34598690
v 0.85019487 -0.47024107 0.33038515
v 0.85683882 -0.47435004 0.31407064
v 0.86036271 -0.48051345 0.30076563
v 0.85896784 -0.48576379 0.29684538
v 0.71922427 -0.48576379 0.48501655
v 0.74323064 -0.48405170 0.46319789
v 0.73647654 -0.47492069 0.47654253
v 0.72858453 -0.46795833 0.48862001
v 0.72238106 -0.48576379 0.48216549
v 0.72517079 -0.48576379 0.47947282
v 0.74113834 -0.46156657 0.48105672
v 0.73412728 -0.44992453 0.49448055
v 0.72414303 -0.44992453 0.50366735
v 0.90404403 -0.18991894 0.34749162
v 0.89795071 -0.20989302 0.35644084
v 0.90349346 -0.20989302 0.34642246
v 0.89648241 -0.24995536 0.35378775
v 0.89725327 -0.22986710 0.35521328
v 0.88433242 -0.28990352 0.36729079
v 0.89549130 -0.26992944 0.35204542
v 0.89585841 -0.26262462 0.35267901
v 0.91729528 -0.04987200 0.33493897
v 0.91692823 -0.06996022 0.33422619
v 0.91553336 -0.16891760 0.32816765
v 0.91509283 -0.14997074 0.33078116
v 0.91557002 -0.12988250 0.33169192
v 0.91604722 -0.10990842 0.33256307
v 0.91648769 -0.08982018 0.33343422
v 0.91340435 -0.18991894 0.33006835
v 0.74466223 -0.44992453 0.48450178
v 0.80031002 -0.42070532 0.44046846
v 0.81337774 -0.41031879 0.42922255
v 0.78922451 -0.42835253 0.44914049
v 0.75464654 -0.44992453 0.47444382
v 0.76422703 -0.44992453 0.46446505
v 0.79718995 -0.43405944 0.43666703
v 0.77417463 -0.44992453 0.45357549
v 0.78309447 -0.44992453 0.44363633
v 0.83958656 -0.39879087 0.39948422
v 0.85951847 -0.37824610 0.37932867
v 0.84722161 -0.39125779 0.39172295
v 0.81892049 -0.41728115 0.41861019
v 0.82688594 -0.41031879 0.41116571
v 0.87368739 -0.34845614 0.36824113
v 0.86612570 -0.37094128 0.37156740
v 0.87867951 -0.35416305 0.35778719
v 0.88014781 -0.34080893 0.36036107
v 0.88121229 -0.32996586 0.36210340
v 0.89152694 -0.30999175 0.35002592
v 0.89519763 -0.28978938 0.34844199
v 0.92283803 -0.02989790 0.32555416
v 0.93109715 -0.00992381 0.31007123
v 0.93796134 -0.00992381 0.29553866
v 0.94214594 -0.02989790 0.28488672
v 0.94842285 -0.02989790 0.27007693
v 0.95425928 -0.01551655 0.25649470
v 0.93164772 -0.20989302 0.29007408
v 0.93017948 -0.22986710 0.29007408
v 0.92283803 -0.22986710 0.30603218
v 0.92203051 -0.24995536 0.30440867
v 0.92144316 -0.26262462 0.30314153
v 0.94702798 -0.18991894 0.25649470
v 0.94284338 -0.18991894 0.26698828
v 0.93869549 -0.18991894 0.27700663
v 0.91626751 -0.26992944 0.31236792
v 0.91839647 -0.26262462 0.30947727
v 0.91582704 -0.28990352 0.30856651
v 0.91237652 -0.30999175 0.31003162
v 0.90907288 -0.32996586 0.31003162
v 0.90441114 -0.35028237 0.31129879
v 0.89934558 -0.35713062 0.31878287
v 0.89773047 -0.36991405 0.31549621
v 0.89523435 -0.38977399 0.30916047
v 0.88224006 -0.40632397 0.32424742
v 0.88660824 -0.41168845 0.31189275
v 0.86223477 -0.42995048 0.34404659
v 0.86997998 -0.42995048 0.33002877
v 0.87684417 -0.41168845 0.33058316
v 0.85904127 -0.41750944 0.35846037
v 0.84285349 -0.44570148 0.36459810
v 0.84986448 -0.44969630 0.34978834
v 0.85647178 -0.42995048 0.35406494
v 0.83951312 -0.45905554 0.35933152
v 0.83969665 -0.47948623 0.33957195
v 0.84406483 -0.48576379 0.32480180
v 0.85430604 -0.48576379 0.30579460
v 0.74256992 -0.48576379 0.46256432
v 0.74502927 -0.48576379 0.45999044
v 0.75901467 -0.48576379 0.44529945
v 0.75655526 -0.47469240 0.45630780
v 0.74884683 -0.46818656 0.46874166
v 0.76099682 -0.46145248 0.46098039
v 0.90283275 -0.22986710 0.34519494
v 0.91222972 -0.20989302 0.33006835
v 0.90202516 -0.24995536 0.34376937
v 0.90143788 -0.26262462 0.34266064
v 0.90107077 -0.26992944 0.34202707
v 0.90037334 -0.28305528 0.34075993
v 0.92214060 -0.06996022 0.32424742
v 0.92173684 -0.08982018 0.32345545
v 0.92008501 -0.16161278 0.32020837
v 0.92037868 -0.14997074 0.32080236
v 0.91971797 -0.17496690 0.31953523
v 0.92129636 -0.10990842 0.32258427
v 0.91927743 -0.18991894 0.31870365
v 0.80508196 -0.42846668 0.43001452
v 0.79392302 -0.45095181 0.43001452
v 0.80254918 -0.44490248 0.42332238
v 0.78023130 -0.46031106 0.44034967
v 0.85768312 -0.38988814 0.37639838
v 0.83749425 -0.40997636 0.39639553
v 0.84417492 -0.40997636 0.38637716
v 0.87669730 -0.36991405 0.35430253
v 0.86377645 -0.38988814 0.36638004
v 0.81609404 -0.42995048 0.41480875
v 0.82336205 -0.42995048 0.40479040
v 0.88400203 -0.34845614 0.35065949
v 0.88238692 -0.36991405 0.34432375
v 0.88811320 -0.32996586 0.35002592
v 0.89857471 -0.30999175 0.33739406
v 0.89952910 -0.29640937 0.33921558
v 0.92984909 -0.04987200 0.31007123
v 0.93730062 -0.04987200 0.29419231
v 0.94181556 -0.04987200 0.28421354
v 0.94713807 -0.06996022 0.27007693
v 0.95319474 -0.04987200 0.25649470
v 0.95378208 -0.03115341 0.25649470
v 0.93285906 -0.18991894 0.29007408
v 0.92353547 -0.20989302 0.30745775
v 0.91802943 -0.22986710 0.31605059
v 0.91722190 -0.24995536 0.31438744
v 0.94768870 -0.17759204 0.25649470
v 0.94343066 -0.16983068 0.26829499
v 0.93920934 -0.16983068 0.27831340
v 0.93396026 -0.16983068 0.29007408
v 0.90738440 -0.26992944 0.33002877
v 0.90433770 -0.28978938 0.33153349
v 0.91663456 -0.26262462 0.31312031
v 0.90375042 -0.30999175 0.32737568
v 0.90209860 -0.32996586 0.32420784
v 0.90077710 -0.34377652 0.32163393
v 0.89013207 -0.36991405 0.33002877
v 0.89549130 -0.35028237 0.32899922
v 0.88433242 -0.38931745 0.33058316
v 0.87860608 -0.39559501 0.33755246
v 0.86583203 -0.41043293 0.35109508
v 0.86150062 -0.40415537 0.36257857
v 0.85481995 -0.41043293 0.36954790
v 0.84153199 -0.42355877 0.38237774
v 0.84608370 -0.43006462 0.37077543
v 0.83859545 -0.43691283 0.37794274
v 0.83606267 -0.45140833 0.37077543
v 0.82189375 -0.46327865 0.38289252
v 0.81800282 -0.47663277 0.37703198
v 0.83694363 -0.47161072 0.35160986
v 0.82229757 -0.48348105 0.36368734
v 0.82369238 -0.48576379 0.35913354
v 0.83187807 -0.48576379 0.34567010
v 0.83793473 -0.48576379 0.33541414
v 0.84307373 -0.48576379 0.32658371
v 0.76195121 -0.48576379 0.44213158
v 0.76272207 -0.48359519 0.44300276
v 0.76848507 -0.46761590 0.44834852
v 0.91087157 -0.22986710 0.33006835
v 0.91869015 -0.20989302 0.31743652
v 0.90929317 -0.24995536 0.33006835
v 0.90808183 -0.26262462 0.33006835
v 0.92911494 -0.06996022 0.31007123
v 0.92830741 -0.08982018 0.31007123
v 0.92382914 -0.16891760 0.31173435
v 0.92654544 -0.12988250 0.31007123
v 0.92415953 -0.18991894 0.30868530
v 0.79902530 -0.45814246 0.41880819
v 0.80992728 -0.44981039 0.40997776
v 0.82075584 -0.44147837 0.40118694
v 0.77600998 -0.47366518 0.43532068
v 0.78452605 -0.46818656 0.42918295
v 0.87423795 -0.38931745 0.34883797
v 0.88069838 -0.38224092 0.34131429
v 0.83386028 -0.43006462 0.38942623
v 0.89688617 -0.32996586 0.33418661
v 0.93697023 -0.06996022 0.29343992
v 0.94144851 -0.06996022 0.28342158
v 0.95253402 -0.06996022 0.25649470
v 0.94636726 -0.08982018 0.27007693
v 0.94809246 -0.16983068 0.25649470
v 0.94875318 -0.15704727 0.25649470
v 0.94313705 -0.14803040 0.27162126
v 0.93998021 -0.14015490 0.28009531
v 0.93568552 -0.12988250 0.29058886
v 0.92555439 -0.14997074 0.31007123
v 0.82479364 -0.44889730 0.38978261
v 0.81734210 -0.45483249 0.39623713
v 0.81323093 -0.46989864 0.38978261
v 0.80001640 -0.48005688 0.40011778
v 0.80207199 -0.48576379 0.39156455
v 0.80588949 -0.48576379 0.38594159
v 0.81502956 -0.48576379 0.37243855
v 0.81939769 -0.48576379 0.36586523
v 0.82156342 -0.48576379 0.36253899
v 0.76514471 -0.48576379 0.43836975
v 0.78151608 -0.48222554 0.42201567
v 0.93656647 -0.08982018 0.29256877
v 0.79546469 -0.46989864 0.41417518
v 0.80302638 -0.46989864 0.40415680
v 0.94104469 -0.08982018 0.28255039
v 0.95176315 -0.08982018 0.25649470
v 0.94067764 -0.10990842 0.28156042
v 0.94460529 -0.12988250 0.27007693
v 0.95091891 -0.10990842 0.25649470
v 0.94978100 -0.13536112 0.25649470
v 0.95003796 -0.12988250 0.25649470
v 0.78588420 -0.48576379 0.41322482
v 0.79150039 -0.48576379 0.40589914
v 0.79796082 -0.48576379 0.39730629
v 0.77589989 -0.48576379 0.42561910
v 0.78026801 -0.48576379 0.42039213
f 1 2 10
f 1 10 3
f 1 3 4
f 1 4 5
f 1 5 6
f 1 6 14
f 1 14 26
f 1 26 42
f 1 42 58
f 1 58 81
f 1 81 113
f 1 113 145
f 1 145 185
f 1 185 187
f 1 187 226
f 1 226 240
f 1 240 239
f 1 239 288
f 1 288 339
f 1 339 395
f 1 395 457
f 1 457 523
f 1 523 522
f 1 522 593
f 1 593 658
f 1 658 726
f 1 726 804
f 1 804 870
f 1 870 932
f 1 932 1000
f 1 1000 1001
f 1 1001 1076
f 1 1076 1162
f 1 1162 1248
f 1 1248 1346
f 1 1346 1439
f 1 1439 1507
f 1 1507 1535
f 1 1535 1443
f 1 1443 1368
f 1 1368 1271
f 1 1271 1270
f 1 1270 1269
f 1 1269 1268
f 1 1268 1267
f 1 1267 1266
f 1 1266 1265
f 1 1265 1264
f 1 1264 1263
f 1 1263 1262
f 1 1262 1261
f 1 1261 1260
f 1 1260 1259
f 1 1259 1258
f 1 1258 1257
f 1 1257 1256
f 1 1256 1255
f 1 1255 1254
f 1 1254 1253
f 1 1253 1252
f 1 1252 1251
f 1 1251 1165
f 1 1165 1077
f 1 1077 1003
f 1 1003 934
f 1 934 871
f 1 871 806
f 1 806 729
f 1 729 728
f 1 728 727
f 1 727 659
f 1 659 595
f 1 595 594
f 1 594 524
f 1 524 458
f 1 458 397
f 1 397 396
f 1 396 340
f 1 340 343
f 1 343 297
f 1 297 248
f 1 248 203
f 1 203 163
f 1 163 125
f 1 125 89
f 1 89 63
f 1 63 44
f 1 44 28
f 1 28 16
f 1 16 7
f 1 7 2
f 2 7 8
f 2 8 9
f 2 9 10
f 3 10 20
f 3 20 11
f 3 11 4
f 4 11 5
f 5 12 24
f 5 24 13
f 5 13 14
f 5 14 6
f 5 11 12
f 7 15 8
f 7 16 15
f 8 17 18
f 8 18 9
f 8 15 19
f 8 19 17
f 9 18 10
f 10 18 20
f 11 20 36
f 11 36 21
f 11 21 22
f 11 22 23
f 11 23 12
f 12 23 24
f 13 24 25
f 13 25 26
f 13 26 14
f 15 16 27
f 15 27 19
f 16 28 27
f 17 19 29
f 17 29 18
f 18 29 30
f 18 30 31
f 18 31 20
f 19 27 32
f 19 32 33
f 19 33 34
f 19 34 35
f 19 35 29
f 20 31 36
f 21 36 48
f 21 48 37
f 21 37 22
f 22 37 38
f 22 38 23
f 23 38 55
f 23 55 39
f 23 39 24
f 24 39 40
f 24 40 25
f 25 40 41
f 25 41 42
f 25 42 26
f 27 28 43
f 27 43 32
f 28 44 43
f 29 35 45
f 29 45 46
f 29 46 30
f 30 46 47
f 30 47 31
f 31 47 48
f 31 48 36
f 32 43 49
f 32 49 50
f 32 50 51
f 32 51 33
f 33 51 52
f 33 52 45
f 33 45 34
f 34 45 35
f 37 48 53
f 37 53 54
f 37 54 38
f 38 54 55
f 39 55 56
f 39 56 41
f 39 41 40
f 41 56 57
f 41 57 58
f 41 58 59
f 41 59 42
f 42 59 58
f 43 44 60
f 43 60 61
f 43 61 62
f 43 62 49
f 44 63 60
f 45 64 65
f 45 65 46
f 45 52 66
f 45 66 64
f 46 65 67
f 46 67 68
f 46 68 47
f 47 68 48
f 48 68 53
f 49 62 69
f 49 69 50
f 50 69 70
f 50 70 52
f 50 52 51
f 52 70 71
f 52 71 66
f 53 68 72
f 53 72 73
f 53 73 74
f 53 74 54
f 54 74 75
f 54 75 76
f 54 76 77
f 54 77 55
f 55 77 78
f 55 78 79
f 55 79 56
f 56 79 57
f 57 80 81
f 57 81 58
f 57 79 82
f 57 82 83
f 57 83 84
f 57 84 85
f 57 85 80
f 60 63 86
f 60 86 61
f 61 86 87
f 61 87 88
f 61 88 69
f 61 69 62
f 63 89 86
f 64 90 91
f 64 91 65
f 64 66 90
f 65 92 67
f 65 91 92
f 66 93 90
f 66 71 94
f 66 94 95
f 66 95 93
f 67 92 68
f 68 92 96
f 68 96 72
f 69 97 70
f 69 88 97
f 70 97 71
f 71 97 98
f 71 98 99
f 71 99 100
f 71 100 94
f 72 101 102
f 72 102 73
f 72 96 101
f 73 102 103
f 73 103 104
f 73 104 74
f 74 104 105
f 74 105 75
f 75 105 76
f 76 106 78
f 76 78 77
f 76 105 106
f 78 106 107
f 78 107 108
f 78 108 109
f 78 109 82
f 78 82 110
f 78 110 79
f 79 110 82
f 80 111 81
f 80 85 112
f 80 112 111
f 81 111 113
f 82 114 115
f 82 115 83
f 82 109 108
f 82 108 114
f 83 115 84
f 84 112 85
f 84 115 116
f 84 116 117
f 84 117 118
f 84 118 119
f 84 119 112
f 86 89 120
f 86 120 87
f 87 120 121
f 87 121 122
f 87 122 88
f 88 122 123
f 88 123 124
f 88 124 97
f 89 125 120
f 90 126 128
f 90 128 91
f 90 93 127
f 90 127 126
f 91 128 129
f 91 129 92
f 92 129 130
f 92 130 96
f 93 95 127
f 94 100 131
f 94 131 132
f 94 132 95
f 95 132 127
f 96 133 101
f 96 130 133
f 97 124 98
f 98 124 123
f 98 123 134
f 98 134 99
f 99 134 135
f 99 135 136
f 99 136 137
f 99 137 131
f 99 131 100
f 101 133 138
f 101 138 139
f 101 139 140
f 101 140 102
f 102 140 103
f 103 140 104
f 104 140 105
f 105 140 141
f 105 141 107
f 105 107 106
f 107 142 108
f 107 141 143
f 107 143 142
f 108 142 144
f 108 144 114
f 111 112 113
f 112 145 113
f 112 119 146
f 112 146 147
f 112 147 145
f 114 144 148
f 114 148 149
f 114 149 150
f 114 150 116
f 114 116 151
f 114 151 115
f 115 151 116
f 116 152 117
f 116 150 152
f 117 152 153
f 117 153 154
f 117 154 118
f 118 154 155
f 118 155 146
f 118 146 119
f 120 125 156
f 120 156 157
f 120 157 158
f 120 158 159
f 120 159 121
f 121 159 122
f 122 159 160
f 122 160 123
f 123 160 161
f 123 161 162
f 123 162 134
f 125 163 157
f 125 157 156
f 126 127 164
f 126 164 128
f 127 132 165
f 127 165 164
f 128 164 166
f 128 166 167
f 128 167 129
f 129 167 130
f 130 167 168
f 130 168 169
f 130 169 138
f 130 138 133
f 131 170 132
f 131 137 171
f 131 171 170
f 132 170 172
f 132 172 165
f 134 162 135
f 135 162 173
f 135 173 174
f 135 174 136
f 136 171 137
f 136 174 175
f 136 175 171
f 138 169 176
f 138 176 177
f 138 177 139
f 139 178 140
f 139 177 178
f 140 178 179
f 140 179 143
f 140 143 141
f 142 180 181
f 142 181 144
f 142 143 180
f 143 179 182
f 143 182 183
f 143 183 180
f 144 181 184
f 144 184 148
f 145 147 185
f 146 155 186
f 146 186 147
f 147 186 187
f 147 187 185
f 148 188 149
f 148 184 181
f 148 181 189
f 148 189 188
f 149 190 152
f 149 152 150
f 149 188 190
f 152 190 191
f 152 191 192
f 152 192 193
f 152 193 153
f 153 193 194
f 153 194 154
f 154 194 195
f 154 195 155
f 155 195 196
f 155 196 186
f 157 163 197
f 157 197 198
f 157 198 158
f 158 198 199
f 158 199 200
f 158 200 160
f 158 160 159
f 160 200 161
f 161 200 201
f 161 201 202
f 161 202 162
f 162 202 173
f 163 203 241
f 163 241 197
f 164 165 204
f 164 204 205
f 164 205 166
f 165 172 206
f 165 206 204
f 166 205 207
f 166 207 167
f 167 176 168
f 167 207 176
f 168 176 169
f 170 206 172
f 170 171 208
f 170 208 206
f 171 175 208
f 173 202 245
f 173 245 209
f 173 209 210
f 173 210 211
f 173 211 174
f 174 211 175
f 175 212 213
f 175 213 214
f 175 214 208
f 175 211 210
f 175 210 215
f 175 215 261
f 175 261 212
f 176 216 177
f 176 207 216
f 177 216 217
f 177 217 218
f 177 218 219
f 177 219 178
f 178 219 179
f 179 219 182
f 180 220 181
f 180 183 221
f 180 221 220
f 181 220 222
f 181 222 223
f 181 223 189
f 182 219 224
f 182 224 225
f 182 225 183
f 183 225 221
f 186 226 187
f 186 196 226
f 188 189 227
f 188 227 228
f 188 228 229
f 188 229 230
f 188 230 191
f 188 191 231
f 188 231 190
f 189 223 232
f 189 232 227
f 190 231 191
f 191 233 192
f 191 230 233
f 192 233 234
f 192 234 235
f 192 235 193
f 193 235 194
f 194 235 236
f 194 236 195
f 195 237 238
f 195 238 196
f 195 236 237
f 196 238 239
f 196 239 240
f 196 240 226
f 197 241 242
f 197 242 243
f 197 243 199
f 197 199 198
f 199 243 242
f 199 242 244
f 199 244 200
f 200 244 201
f 201 245 202
f 201 244 246
f 201 246 247
f 201 247 245
f 203 248 289
f 203 289 241
f 204 249 250
f 204 250 205
f 204 206 251
f 204 251 249
f 205 250 207
f 206 252 251
f 206 208 252
f 207 250 253
f 207 253 216
f 208 214 254
f 208 254 255
f 208 255 256
f 208 256 252
f 209 245 247
f 209 247 257
f 209 257 210
f 210 257 258
f 210 258 215
f 212 259 260
f 212 260 254
f 212 254 213
f 212 261 259
f 213 254 214
f 215 258 262
f 215 262 263
f 215 263 264
f 215 264 261
f 216 253 265
f 216 265 266
f 216 266 267
f 216 267 217
f 217 267 268
f 217 268 218
f 218 268 219
f 219 268 224
f 220 221 222
f 221 225 269
f 221 269 222
f 222 269 270
f 222 270 223
f 223 270 271
f 223 271 232
f 224 268 317
f 224 317 272
f 224 272 270
f 224 270 269
f 224 269 225
f 227 232 273
f 227 273 228
f 228 273 274
f 228 274 229
f 229 274 275
f 229 275 276
f 229 276 233
f 229 233 230
f 232 271 273
f 233 277 278
f 233 278 234
f 233 276 277
f 234 278 279
f 234 279 235
f 235 279 236
f 236 279 280
f 236 280 237
f 237 280 281
f 237 281 282
f 237 282 283
f 237 283 238
f 238 283 284
f 238 284 285
f 238 285 239
f 239 285 286
f 239 286 287
f 239 287 288
f 241 289 242
f 242 290 291
f 242 291 292
f 242 292 293
f 242 293 294
f 242 294 244
f 242 289 290
f 244 294 246
f 246 294 295
f 246 295 296
f 246 296 247
f 247 296 257
f 248 297 289
f 249 251 298
f 249 298 250
f 250 299 265
f 250 265 253
f 250 298 299
f 251 252 300
f 251 300 301
f 251 301 298
f 252 256 302
f 252 302 300
f 254 303 255
f 254 260 304
f 254 304 303
f 255 303 256
f 256 303 302
f 257 296 305
f 257 305 306
f 257 306 258
f 258 306 307
f 258 307 262
f 259 304 260
f 259 261 308
f 259 308 359
f 259 359 304
f 261 264 308
f 262 307 263
f 263 307 309
f 263 309 310
f 263 310 311
f 263 311 312
f 263 312 313
f 263 313 308
f 263 308 264
f 265 299 314
f 265 314 266
f 266 314 315
f 266 315 267
f 267 315 316
f 267 316 268
f 268 316 317
f 270 272 318
f 270 318 271
f 271 318 319
f 271 319 320
f 271 320 321
f 271 321 273
f 272 317 318
f 273 322 274
f 273 321 322
f 274 322 323
f 274 323 275
f 275 323 324
f 275 324 325
f 275 325 326
f 275 326 277
f 275 277 276
f 277 326 327
f 277 327 328
f 277 328 278
f 278 328 329
f 278 329 279
f 279 329 280
f 280 330 331
f 280 331 332
f 280 332 281
f 280 329 330
f 281 332 282
f 282 333 334
f 282 334 335
f 282 335 284
f 282 284 283
f 282 332 333
f 284 286 285
f 284 335 336
f 284 336 337
f 284 337 287
f 284 287 286
f 287 338 339
f 287 339 288
f 287 337 338
f 289 297 290
f 290 297 291
f 291 340 341
f 291 341 342
f 291 342 292
f 291 297 343
f 291 343 340
f 292 342 293
f 293 342 344
f 293 344 345
f 293 345 346
f 293 346 295
f 293 295 294
f 295 346 347
f 295 347 348
f 295 348 296
f 296 348 349
f 296 349 350
f 296 350 305
f 298 351 352
f 298 352 299
f 298 301 351
f 299 352 314
f 300 353 354
f 300 354 301
f 300 302 353
f 301 354 351
f 302 355 353
f 302 303 355
f 303 304 356
f 303 356 357
f 303 357 355
f 304 358 356
f 304 359 358
f 305 350 360
f 305 360 306
f 306 360 307
f 307 360 309
f 308 313 361
f 308 361 359
f 309 360 362
f 309 362 363
f 309 363 310
f 310 363 364
f 310 364 365
f 310 365 311
f 311 366 312
f 311 365 366
f 312 366 367
f 312 367 313
f 313 367 361
f 314 352 368
f 314 368 369
f 314 369 370
f 314 370 315
f 315 370 316
f 316 370 371
f 316 371 372
f 316 372 318
f 316 318 317
f 318 372 319
f 319 372 373
f 319 373 374
f 319 374 320
f 320 374 375
f 320 375 376
f 320 376 321
f 321 376 322
f 322 377 323
f 322 376 378
f 322 378 377
f 323 377 379
f 323 379 324
f 324 379 380
f 324 380 325
f 325 380 381
f 325 381 382
f 325 382 327
f 325 327 326
f 327 383 384
f 327 384 385
f 327 385 328
f 327 382 383
f 328 385 386
f 328 386 329
f 329 386 330
f 330 386 387
f 330 387 388
f 330 388 389
f 330 389 390
f 330 390 331
f 331 390 332
f 332 390 391
f 332 391 333
f 333 391 334
f 334 391 335
f 335 391 392
f 335 392 336
f 336 392 393
f 336 393 338
f 336 338 337
f 338 393 339
f 339 394 395
f 339 393 394
f 340 396 341
f 341 396 397
f 341 397 398
f 341 398 344
f 341 344 342
f 344 398 399
f 344 399 400
f 344 400 345
f 345 400 346
f 346 400 401
f 346 401 402
f 346 402 347
f 347 402 349
f 347 349 348
f 349 402 403
f 349 403 404
f 349 404 405
f 349 405 362
f 349 362 360
f 349 360 350
f 351 354 406
f 351 406 407
f 351 407 352
f 352 407 368
f 353 408 354
f 353 355 409
f 353 409 408
f 354 408 410
f 354 410 407
f 354 407 406
f 355 357 409
f 356 411 412
f 356 412 357
f 356 358 413
f 356 413 414
f 356 414 411
f 357 412 409
f 358 359 415
f 358 415 413
f 359 361 416
f 359 416 415
f 361 367 416
f 362 405 417
f 362 417 363
f 363 417 418
f 363 418 364
f 364 418 365
f 365 419 366
f 365 418 420
f 365 420 421
f 365 421 419
f 366 419 422
f 366 422 423
f 366 423 367
f 367 423 416
f 368 424 425
f 368 425 369
f 368 407 426
f 368 426 424
f 369 425 370
f 370 425 427
f 370 427 428
f 370 428 373
f 370 373 371
f 371 373 372
f 373 428 427
f 373 427 374
f 374 429 430
f 374 430 375
f 374 427 431
f 374 431 429
f 375 432 378
f 375 378 376
f 375 430 432
f 377 378 433
f 377 433 379
f 378 432 433
f 379 434 380
f 379 433 435
f 379 435 434
f 380 434 436
f 380 436 437
f 380 437 381
f 381 438 439
f 381 439 440
f 381 440 383
f 381 383 382
f 381 437 441
f 381 441 438
f 383 442 384
f 383 440 439
f 383 439 442
f 384 442 443
f 384 443 444
f 384 444 385
f 385 444 386
f 386 444 387
f 387 445 446
f 387 446 447
f 387 447 388
f 387 444 448
f 387 448 445
f 388 447 389
f 389 447 449
f 389 449 450
f 389 450 390
f 390 450 391
f 391 450 392
f 392 451 393
f 392 450 451
f 393 451 452
f 393 452 453
f 393 453 454
f 393 454 394
f 394 454 395
f 395 454 455
f 395 455 456
f 395 456 457
f 397 458 459
f 397 459 398
f 398 459 399
f 399 459 460
f 399 460 400
f 400 460 461
f 400 461 462
f 400 462 401
f 401 462 463
f 401 463 402
f 402 463 403
f 403 463 464
f 403 464 404
f 404 464 465
f 404 465 535
f 404 535 466
f 404 466 467
f 404 467 468
f 404 468 405
f 405 468 417
f 407 410 426
f 408 426 410
f 408 409 469
f 408 469 426
f 409 412 470
f 409 470 469
f 411 470 412
f 411 414 470
f 413 415 471
f 413 471 472
f 413 472 473
f 413 473 474
f 413 474 414
f 414 474 470
f 415 416 471
f 416 423 484
f 416 484 475
f 416 475 471
f 417 468 418
f 418 468 467
f 418 467 476
f 418 476 420
f 419 421 477
f 419 477 422
f 420 476 478
f 420 478 479
f 420 479 480
f 420 480 481
f 420 481 421
f 421 481 477
f 422 482 483
f 422 483 484
f 422 484 423
f 422 477 482
f 424 485 425
f 424 426 485
f 425 431 427
f 425 485 431
f 426 469 486
f 426 486 487
f 426 487 485
f 429 431 488
f 429 488 489
f 429 489 430
f 430 490 432
f 430 489 491
f 430 491 490
f 431 485 492
f 431 492 488
f 432 490 433
f 433 490 493
f 433 493 494
f 433 494 495
f 433 495 435
f 434 435 436
f 435 495 496
f 435 496 497
f 435 497 436
f 436 498 441
f 436 441 437
f 436 497 565
f 436 565 498
f 438 499 500
f 438 500 501
f 438 501 439
f 438 441 502
f 438 502 503
f 438 503 504
f 438 504 505
f 438 505 499
f 439 501 442
f 441 498 503
f 441 503 502
f 442 506 507
f 442 507 443
f 442 501 508
f 442 508 506
f 443 507 448
f 443 448 444
f 445 509 510
f 445 510 446
f 445 448 511
f 445 511 509
f 446 510 512
f 446 512 447
f 447 512 449
f 448 507 513
f 448 513 511
f 449 514 451
f 449 451 450
f 449 512 514
f 451 514 515
f 451 515 452
f 452 515 516
f 452 516 517
f 452 517 518
f 452 518 519
f 452 519 454
f 452 454 453
f 454 519 591
f 454 591 656
f 454 656 724
f 454 724 801
f 454 801 803
f 454 803 783
f 454 783 789
f 454 789 858
f 454 858 920
f 454 920 921
f 454 921 990
f 454 990 1062
f 454 1062 1154
f 454 1154 1153
f 454 1153 1239
f 454 1239 1340
f 454 1340 1435
f 454 1435 1504
f 454 1504 1591
f 454 1591 1662
f 454 1662 1737
f 454 1737 1817
f 454 1817 1888
f 454 1888 1887
f 454 1887 1945
f 454 1945 1968
f 454 1968 1971
f 454 1971 1973
f 454 1973 1972
f 454 1972 1948
f 454 1948 1947
f 454 1947 1893
f 454 1893 1823
f 454 1823 1741
f 454 1741 1666
f 454 1666 1665
f 454 1665 1595
f 454 1595 1533
f 454 1533 1441
f 454 1441 1348
f 454 1348 1367
f 454 1367 1366
f 454 1366 1365
f 454 1365 1364
f 454 1364 1363
f 454 1363 1362
f 454 1362 1361
f 454 1361 1360
f 454 1360 1359
f 454 1359 1358
f 454 1358 1357
f 454 1357 1356
f 454 1356 1355
f 454 1355 1354
f 454 1354 1353
f 454 1353 1352
f 454 1352 1351
f 454 1351 1350
f 454 1350 1444
f 454 1444 1536
f 454 1536 1592
f 454 1592 1506
f 454 1506 1440
f 454 1440 1347
f 454 1347 1247
f 454 1247 1163
f 454 1163 1075
f 454 1075 1002
f 454 1002 933
f 454 933 869
f 454 869 805
f 454 805 725
f 454 725 657
f 454 657 592
f 454 592 521
f 454 521 456
f 454 456 520
f 454 520 455
f 455 520 456
f 456 521 522
f 456 522 523
f 456 523 457
f 458 524 525
f 458 525 526
f 458 526 459
f 459 526 527
f 459 527 528
f 459 528 460
f 460 528 461
f 461 528 527
f 461 527 529
f 461 529 530
f 461 530 462
f 462 530 531
f 462 531 532
f 462 532 463
f 463 532 464
f 464 532 531
f 464 531 533
f 464 533 465
f 465 533 534
f 465 534 603
f 465 603 535
f 466 535 478
f 466 478 467
f 467 478 476
f 469 470 536
f 469 536 537
f 469 537 486
f 470 474 538
f 470 538 536
f 471 475 539
f 471 539 540
f 471 540 541
f 471 541 472
f 472 541 473
f 473 538 474
f 473 541 542
f 473 542 538
f 475 484 539
f 477 481 543
f 477 543 544
f 477 544 545
f 477 545 482
f 478 535 546
f 478 546 479
f 479 546 547
f 479 547 480
f 480 547 548
f 480 548 549
f 480 549 550
f 480 550 481
f 481 550 543
f 482 551 483
f 482 545 551
f 483 551 484
f 484 551 552
f 484 552 539
f 485 553 492
f 485 487 554
f 485 554 553
f 486 555 487
f 486 537 605
f 486 605 555
f 487 555 554
f 488 492 489
f 489 492 556
f 489 556 557
f 489 557 558
f 489 558 491
f 490 491 558
f 490 558 493
f 492 553 556
f 493 558 494
f 494 558 559
f 494 559 560
f 494 560 496
f 494 496 495
f 496 560 561
f 496 561 628
f 496 628 562
f 496 562 497
f 497 562 563
f 497 563 564
f 497 564 565
f 498 566 503
f 498 565 567
f 498 567 566
f 499 568 569
f 499 569 570
f 499 570 571
f 499 571 500
f 499 505 572
f 499 572 573
f 499 573 574
f 499 574 575
f 499 575 576
f 499 576 568
f 500 571 508
f 500 508 577
f 500 577 501
f 501 577 508
f 503 505 504
f 503 566 578
f 503 578 579
f 503 579 580
f 503 580 505
f 505 580 572
f 506 508 581
f 506 581 582
f 506 582 507
f 507 582 513
f 508 570 581
f 508 571 570
f 509 511 583
f 509 583 584
f 509 584 585
f 509 585 510
f 510 585 586
f 510 586 512
f 511 513 582
f 511 582 587
f 511 587 588
f 511 588 583
f 512 586 514
f 514 586 516
f 514 516 515
f 516 586 589
f 516 589 517
f 517 589 518
f 518 589 590
f 518 590 591
f 518 591 519
f 521 592 593
f 521 593 522
f 524 594 525
f 525 527 526
f 525 594 595
f 525 595 596
f 525 596 597
f 525 597 527
f 527 597 529
f 529 597 598
f 529 598 530
f 530 598 599
f 530 599 531
f 531 599 600
f 531 600 601
f 531 601 533
f 533 601 534
f 534 601 602
f 534 602 667
f 534 667 603
f 535 603 546
f 536 538 607
f 536 607 604
f 536 604 605
f 536 605 537
f 538 606 607
f 538 542 606
f 539 552 608
f 539 608 540
f 540 608 609
f 540 609 541
f 541 609 542
f 542 609 610
f 542 610 611
f 542 611 606
f 543 550 612
f 543 612 544
f 544 612 613
f 544 613 545
f 545 613 551
f 546 603 614
f 546 614 547
f 547 614 615
f 547 615 616
f 547 616 548
f 548 616 617
f 548 617 549
f 549 617 618
f 549 618 619
f 549 619 612
f 549 612 550
f 551 620 621
f 551 621 608
f 551 608 552
f 551 613 620
f 553 554 556
f 554 555 622
f 554 622 556
f 555 605 623
f 555 623 622
f 556 622 624
f 556 624 557
f 557 625 626
f 557 626 558
f 557 624 694
f 557 694 625
f 558 626 559
f 559 626 560
f 560 627 628
f 560 628 561
f 560 626 629
f 560 629 696
f 560 696 627
f 562 628 630
f 562 630 631
f 562 631 632
f 562 632 563
f 563 632 633
f 563 633 564
f 564 633 565
f 565 633 567
f 566 567 634
f 566 634 578
f 567 633 634
f 568 576 635
f 568 635 636
f 568 636 637
f 568 637 638
f 568 638 639
f 568 639 640
f 568 640 569
f 569 640 570
f 570 639 581
f 570 640 639
f 572 580 641
f 572 641 642
f 572 642 573
f 573 642 643
f 573 643 574
f 574 643 644
f 574 644 575
f 575 644 576
f 576 644 645
f 576 645 646
f 576 646 635
f 578 634 647
f 578 647 579
f 579 647 648
f 579 648 580
f 580 648 649
f 580 649 641
f 581 650 587
f 581 587 582
f 581 639 650
f 583 651 584
f 583 588 652
f 583 652 653
f 583 653 651
f 584 654 585
f 584 651 655
f 584 655 654
f 585 654 589
f 585 589 586
f 587 652 588
f 587 650 652
f 589 654 590
f 590 654 591
f 591 654 655
f 591 655 656
f 592 657 593
f 593 657 658
f 595 659 596
f 596 659 660
f 596 660 661
f 596 661 597
f 597 661 598
f 598 661 662
f 598 662 663
f 598 663 599
f 599 663 664
f 599 664 600
f 600 664 601
f 601 664 665
f 601 665 602
f 602 665 666
f 602 666 667
f 603 667 614
f 604 607 668
f 604 668 669
f 604 669 605
f 605 669 670
f 605 670 623
f 606 671 668
f 606 668 607
f 606 611 671
f 608 621 672
f 608 672 673
f 608 673 610
f 608 610 609
f 610 674 611
f 610 673 675
f 610 675 674
f 611 674 676
f 611 676 677
f 611 677 678
f 611 678 671
f 612 619 679
f 612 679 680
f 612 680 613
f 613 680 681
f 613 681 620
f 614 667 682
f 614 682 615
f 615 682 683
f 615 683 616
f 616 683 684
f 616 684 685
f 616 685 617
f 617 685 618
f 618 685 686
f 618 686 687
f 618 687 688
f 618 688 619
f 619 688 679
f 620 672 621
f 620 681 689
f 620 689 672
f 622 623 690
f 622 690 691
f 622 691 624
f 623 670 692
f 623 692 690
f 624 691 693
f 624 693 694
f 625 695 626
f 625 694 770
f 625 770 695
f 626 695 629
f 627 696 697
f 627 697 698
f 627 698 628
f 628 698 630
f 629 695 699
f 629 699 696
f 630 698 700
f 630 700 701
f 630 701 702
f 630 702 631
f 631 702 632
f 632 702 633
f 633 702 703
f 633 703 634
f 634 703 704
f 634 704 647
f 635 646 705
f 635 705 706
f 635 706 636
f 636 706 705
f 636 705 707
f 636 707 708
f 636 708 637
f 637 708 709
f 637 709 710
f 637 710 711
f 637 711 638
f 638 711 639
f 639 711 650
f 641 649 642
f 642 649 712
f 642 712 713
f 642 713 643
f 643 713 644
f 644 713 714
f 644 714 715
f 644 715 645
f 645 715 646
f 646 716 705
f 646 715 717
f 646 717 716
f 647 704 718
f 647 718 719
f 647 719 648
f 648 719 649
f 649 719 720
f 649 720 721
f 649 721 712
f 650 711 722
f 650 722 652
f 651 653 723
f 651 723 724
f 651 724 656
f 651 656 655
f 652 722 723
f 652 723 653
f 657 725 726
f 657 726 658
f 659 727 660
f 660 727 728
f 660 728 729
f 660 729 730
f 660 730 731
f 660 731 732
f 660 732 661
f 661 732 733
f 661 733 662
f 662 733 734
f 662 734 663
f 663 734 735
f 663 735 664
f 664 735 665
f 665 735 736
f 665 736 666
f 666 736 737
f 666 737 738
f 666 738 739
f 666 739 740
f 666 740 667
f 667 740 682
f 668 671 741
f 668 741 742
f 668 742 669
f 669 742 692
f 669 692 670
f 671 678 741
f 672 743 673
f 672 689 744
f 672 744 743
f 673 745 675
f 673 743 745
f 674 675 676
f 675 745 746
f 675 746 747
f 675 747 676
f 676 747 748
f 676 748 749
f 676 749 677
f 677 749 750
f 677 750 678
f 678 750 751
f 678 751 741
f 679 752 680
f 679 688 753
f 679 753 752
f 680 752 681
f 681 752 754
f 681 754 755
f 681 755 689
f 682 740 756
f 682 756 683
f 683 756 757
f 683 757 684
f 684 757 758
f 684 758 759
f 684 759 685
f 685 759 760
f 685 760 686
f 686 760 687
f 687 760 761
f 687 761 762
f 687 762 763
f 687 763 764
f 687 764 688
f 688 764 753
f 689 755 829
f 689 829 765
f 689 765 744
f 690 693 691
f 690 692 693
f 692 766 693
f 692 742 767
f 692 767 766
f 693 766 768
f 693 768 769
f 693 769 770
f 693 770 694
f 695 770 699
f 696 699 697
f 697 699 771
f 697 771 772
f 697 772 700
f 697 700 698
f 699 773 774
f 699 774 771
f 699 770 775
f 699 775 773
f 700 772 776
f 700 776 777
f 700 777 701
f 701 777 702
f 702 777 778
f 702 778 703
f 703 778 704
f 704 778 718
f 705 779 708
f 705 708 707
f 705 716 780
f 705 780 781
f 705 781 779
f 708 779 782
f 708 782 709
f 709 783 784
f 709 784 785
f 709 785 786
f 709 786 710
f 709 782 787
f 709 787 788
f 709 788 789
f 709 789 783
f 710 786 711
f 711 785 722
f 711 786 785
f 712 721 713
f 713 721 790
f 713 790 714
f 714 790 791
f 714 791 792
f 714 792 715
f 715 792 717
f 716 717 793
f 716 793 780
f 717 792 794
f 717 794 795
f 717 795 793
f 718 778 796
f 718 796 797
f 718 797 720
f 718 720 719
f 720 797 798
f 720 798 799
f 720 799 721
f 721 799 790
f 722 785 800
f 722 800 723
f 723 801 802
f 723 802 724
f 723 800 803
f 723 803 801
f 724 802 801
f 725 804 726
f 725 805 804
f 729 806 730
f 730 806 807
f 730 807 731
f 731 733 732
f 731 807 808
f 731 808 809
f 731 809 733
f 733 809 810
f 733 810 734
f 734 810 811
f 734 811 735
f 735 811 736
f 736 811 737
f 737 812 813
f 737 813 814
f 737 814 738
f 737 811 812
f 738 814 815
f 738 815 739
f 739 815 816
f 739 816 756
f 739 756 740
f 741 751 817
f 741 817 767
f 741 767 742
f 743 744 746
f 743 746 745
f 744 818 746
f 744 765 819
f 744 819 818
f 746 818 820
f 746 820 748
f 746 748 747
f 748 821 822
f 748 822 749
f 748 820 823
f 748 823 824
f 748 824 821
f 749 822 825
f 749 825 750
f 750 826 751
f 750 825 826
f 751 826 882
f 751 882 817
f 752 753 827
f 752 827 754
f 753 764 827
f 754 828 755
f 754 827 828
f 755 828 829
f 756 816 757
f 757 816 830
f 757 830 758
f 758 831 759
f 758 830 832
f 758 832 833
f 758 833 831
f 759 831 760
f 760 834 761
f 760 831 835
f 760 835 834
f 761 834 762
f 762 836 837
f 762 837 763
f 762 834 835
f 762 835 838
f 762 838 836
f 763 837 839
f 763 839 764
f 764 840 827
f 764 839 840
f 765 829 819
f 766 767 768
f 767 817 882
f 767 882 841
f 767 841 768
f 768 842 843
f 768 843 769
f 768 841 907
f 768 907 842
f 769 843 770
f 770 843 844
f 770 844 775
f 771 774 845
f 771 845 772
f 772 845 846
f 772 846 776
f 773 845 774
f 773 775 847
f 773 847 848
f 773 848 845
f 775 844 847
f 776 849 850
f 776 850 851
f 776 851 777
f 776 846 849
f 777 851 796
f 777 796 778
f 779 781 852
f 779 852 853
f 779 853 854
f 779 854 855
f 779 855 788
f 779 788 787
f 779 787 782
f 780 793 856
f 780 856 781
f 781 856 857
f 781 857 852
f 783 803 800
f 783 800 785
f 783 785 784
f 788 855 858
f 788 858 789
f 790 799 798
f 790 798 859
f 790 859 860
f 790 860 791
f 791 860 792
f 792 860 861
f 792 861 862
f 792 862 863
f 792 863 794
f 793 795 856
f 794 863 795
f 795 863 864
f 795 864 865
f 795 865 856
f 796 851 866
f 796 866 797
f 797 866 867
f 797 867 798
f 798 867 868
f 798 868 859
f 804 805 869
f 804 869 870
f 806 871 872
f 806 872 807
f 807 872 808
f 808 872 873
f 808 873 874
f 808 874 809
f 809 874 875
f 809 875 810
f 810 875 812
f 810 812 811
f 812 875 876
f 812 876 813
f 813 876 877
f 813 877 878
f 813 878 814
f 814 879 815
f 814 878 879
f 815 879 880
f 815 880 881
f 815 881 816
f 816 881 830
f 818 883 884
f 818 884 823
f 818 823 820
f 818 819 885
f 818 885 886
f 818 886 883
f 819 829 828
f 819 828 887
f 819 887 888
f 819 888 885
f 821 889 822
f 821 824 890
f 821 890 889
f 822 889 891
f 822 891 825
f 823 890 824
f 823 884 890
f 825 891 826
f 826 892 893
f 826 893 882
f 826 891 892
f 827 894 828
f 827 840 894
f 828 894 887
f 830 881 880
f 830 880 832
f 831 833 895
f 831 895 835
f 832 880 896
f 832 896 897
f 832 897 898
f 832 898 833
f 833 898 895
f 835 895 899
f 835 899 838
f 836 838 900
f 836 900 837
f 837 901 902
f 837 902 903
f 837 903 839
f 837 900 901
f 838 899 904
f 838 904 905
f 838 905 900
f 839 903 906
f 839 906 840
f 840 906 894
f 841 882 945
f 841 945 907
f 842 908 843
f 842 907 909
f 842 909 908
f 843 908 847
f 843 847 844
f 845 910 846
f 845 848 910
f 846 910 911
f 846 911 849
f 847 908 912
f 847 912 848
f 848 912 913
f 848 913 910
f 849 914 915
f 849 915 850
f 849 911 914
f 850 915 866
f 850 866 851
f 852 857 916
f 852 916 853
f 853 916 917
f 853 917 918
f 853 918 854
f 854 918 919
f 854 919 855
f 855 920 858
f 855 919 921
f 855 921 920
f 856 865 857
f 857 865 922
f 857 922 923
f 857 923 916
f 859 868 860
f 860 868 924
f 860 924 925
f 860 925 861
f 861 925 862
f 862 864 863
f 862 925 926
f 862 926 927
f 862 927 864
f 864 922 865
f 864 927 928
f 864 928 922
f 866 929 930
f 866 930 867
f 866 915 929
f 867 930 931
f 867 931 868
f 868 931 924
f 869 932 870
f 869 933 932
f 871 934 935
f 871 935 872
f 872 935 936
f 872 936 937
f 872 937 938
f 872 938 873
f 873 938 939
f 873 939 874
f 874 939 875
f 875 939 940
f 875 940 876
f 876 940 941
f 876 941 877
f 877 941 942
f 877 942 878
f 878 942 943
f 878 943 944
f 878 944 879
f 879 944 880
f 880 944 896
f 882 893 945
f 883 946 884
f 883 886 946
f 884 946 947
f 884 947 890
f 885 888 948
f 885 948 886
f 886 948 949
f 886 949 946
f 887 950 888
f 887 894 951
f 887 951 950
f 888 952 948
f 888 950 953
f 888 953 952
f 889 954 955
f 889 955 891
f 889 890 954
f 890 947 956
f 890 956 957
f 890 957 954
f 891 955 958
f 891 958 959
f 891 959 892
f 892 959 893
f 893 960 961
f 893 961 962
f 893 962 945
f 893 959 960
f 894 906 951
f 895 898 963
f 895 963 964
f 895 964 899
f 896 944 965
f 896 965 966
f 896 966 897
f 897 966 967
f 897 967 968
f 897 968 898
f 898 968 963
f 899 964 969
f 899 969 904
f 900 905 970
f 900 970 901
f 901 970 902
f 902 971 972
f 902 972 903
f 902 970 973
f 902 973 971
f 903 972 974
f 903 974 951
f 903 951 906
f 904 969 975
f 904 975 905
f 905 976 970
f 905 975 976
f 907 945 962
f 907 962 909
f 908 977 912
f 908 909 978
f 908 978 977
f 909 962 978
f 910 979 911
f 910 913 979
f 911 979 980
f 911 980 914
f 912 981 913
f 912 977 982
f 912 982 981
f 913 981 983
f 913 983 979
f 914 929 915
f 914 980 984
f 914 984 929
f 916 923 985
f 916 985 917
f 917 985 986
f 917 986 918
f 918 986 1056
f 918 1056 987
f 918 987 988
f 918 988 989
f 918 989 919
f 919 989 990
f 919 990 921
f 922 928 991
f 922 991 923
f 923 991 985
f 924 931 992
f 924 992 925
f 925 992 993
f 925 993 994
f 925 994 995
f 925 995 926
f 926 995 927
f 927 995 996
f 927 996 997
f 927 997 928
f 928 997 991
f 929 998 999
f 929 999 931
f 929 931 930
f 929 984 998
f 931 999 993
f 931 993 992
f 932 933 1000
f 933 1001 1000
f 933 1002 1001
f 934 1003 935
f 935 1003 1004
f 935 1004 937
f 935 937 936
f 937 1004 1005
f 937 1005 1006
f 937 1006 1007
f 937 1007 938
f 938 1007 939
f 939 1007 1008
f 939 1008 1009
f 939 1009 940
f 940 1009 941
f 941 1009 1010
f 941 1010 1011
f 941 1011 942
f 942 1011 1012
f 942 1012 943
f 943 1012 1013
f 943 1013 965
f 943 965 944
f 946 949 1014
f 946 1014 947
f 947 1015 1016
f 947 1016 957
f 947 957 956
f 947 1014 1104
f 947 1104 1015
f 948 952 949
f 949 952 953
f 949 953 1017
f 949 1017 1018
f 949 1018 1019
f 949 1019 1014
f 950 951 1020
f 950 1020 953
f 951 974 1020
f 953 1021 1017
f 953 1020 1022
f 953 1022 1023
f 953 1023 1021
f 954 1024 1025
f 954 1025 1026
f 954 1026 955
f 954 957 1027
f 954 1027 1024
f 955 1026 958
f 957 1016 1028
f 957 1028 1029
f 957 1029 1027
f 958 1026 959
f 959 1030 1031
f 959 1031 960
f 959 1026 1030
f 960 1031 1032
f 960 1032 1033
f 960 1033 961
f 961 1033 978
f 961 978 962
f 963 968 1034
f 963 1034 1035
f 963 1035 969
f 963 969 964
f 965 1013 1036
f 965 1036 966
f 966 1036 1037
f 966 1037 967
f 967 1037 1038
f 967 1038 1039
f 967 1039 968
f 968 1039 1034
f 969 1035 1040
f 969 1040 1041
f 969 1041 975
f 970 976 1042
f 970 1042 973
f 971 1043 972
f 971 973 1043
f 972 1043 1044
f 972 1044 1045
f 972 1045 974
f 973 1042 1046
f 973 1046 1043
f 974 1045 1020
f 975 1041 1047
f 975 1047 1048
f 975 1048 976
f 976 1048 1042
f 977 978 982
f 978 1033 982
f 979 983 1049
f 979 1049 980
f 980 1049 1050
f 980 1050 984
f 981 982 1051
f 981 1051 983
f 982 1033 1052
f 982 1052 1051
f 983 1051 1053
f 983 1053 1049
f 984 1050 1054
f 984 1054 998
f 985 991 1055
f 985 1055 1056
f 985 1056 986
f 987 1057 988
f 987 1056 1058
f 987 1058 1059
f 987 1059 1060
f 987 1060 1061
f 987 1061 1057
f 988 990 989
f 988 1057 1062
f 988 1062 990
f 991 997 1063
f 991 1063 1055
f 993 999 998
f 993 998 1064
f 993 1064 1065
f 993 1065 1066
f 993 1066 1067
f 993 1067 994
f 994 1067 995
f 995 1067 1066
f 995 1066 1065
f 995 1065 1068
f 995 1068 1069
f 995 1069 1070
f 995 1070 1071
f 995 1071 996
f 996 1071 997
f 997 1072 1063
f 997 1071 1073
f 997 1073 1072
f 998 1054 1074
f 998 1074 1064
f 1001 1002 1075
f 1001 1075 1076
f 1003 1077 1164
f 1003 1164 1078
f 1003 1078 1079
f 1003 1079 1080
f 1003 1080 1081
f 1003 1081 1082
f 1003 1082 1083
f 1003 1083 1084
f 1003 1084 1085
f 1003 1085 1086
f 1003 1086 1087
f 1003 1087 1088
f 1003 1088 1089
f 1003 1089 1090
f 1003 1090 1091
f 1003 1091 1092
f 1003 1092 1093
f 1003 1093 1094
f 1003 1094 1095
f 1003 1095 1096
f 1003 1096 1006
f 1003 1006 1005
f 1003 1005 1004
f 1006 1096 1007
f 1007 1096 1097
f 1007 1097 1098
f 1007 1098 1008
f 1008 1098 1010
f 1008 1010 1009
f 1010 1098 1099
f 1010 1099 1011
f 1011 1099 1100
f 1011 1100 1101
f 1011 1101 1012
f 1012 1101 1013
f 1013 1101 1102
f 1013 1102 1036
f 1014 1019 1103
f 1014 1103 1104
f 1015 1105 1028
f 1015 1028 1016
f 1015 1104 1106
f 1015 1106 1107
f 1015 1107 1105
f 1017 1021 1018
f 1018 1108 1103
f 1018 1103 1019
f 1018 1021 1109
f 1018 1109 1110
f 1018 1110 1108
f 1020 1045 1111
f 1020 1111 1022
f 1021 1023 1112
f 1021 1112 1109
f 1022 1111 1023
f 1023 1111 1113
f 1023 1113 1114
f 1023 1114 1112
f 1024 1115 1116
f 1024 1116 1025
f 1024 1027 1115
f 1025 1116 1117
f 1025 1117 1118
f 1025 1118 1026
f 1026 1118 1032
f 1026 1032 1030
f 1027 1029 1119
f 1027 1119 1115
f 1028 1120 1029
f 1028 1105 1189
f 1028 1189 1120
f 1029 1120 1119
f 1030 1032 1031
f 1032 1118 1121
f 1032 1121 1033
f 1033 1121 1122
f 1033 1122 1123
f 1033 1123 1052
f 1034 1039 1124
f 1034 1124 1125
f 1034 1125 1035
f 1035 1125 1040
f 1036 1102 1126
f 1036 1126 1037
f 1037 1126 1127
f 1037 1127 1038
f 1038 1127 1128
f 1038 1128 1039
f 1039 1128 1124
f 1040 1047 1041
f 1040 1125 1129
f 1040 1129 1130
f 1040 1130 1047
f 1042 1048 1131
f 1042 1131 1046
f 1043 1046 1044
f 1044 1132 1133
f 1044 1133 1045
f 1044 1046 1134
f 1044 1134 1132
f 1045 1133 1111
f 1046 1131 1135
f 1046 1135 1134
f 1047 1136 1048
f 1047 1130 1137
f 1047 1137 1138
f 1047 1138 1136
f 1048 1136 1139
f 1048 1139 1140
f 1048 1140 1131
f 1049 1053 1050
f 1050 1053 1141
f 1050 1141 1142
f 1050 1142 1054
f 1051 1052 1143
f 1051 1143 1144
f 1051 1144 1053
f 1052 1123 1145
f 1052 1145 1143
f 1053 1146 1141
f 1053 1144 1146
f 1054 1142 1147
f 1054 1147 1074
f 1055 1063 1148
f 1055 1148 1058
f 1055 1058 1056
f 1057 1061 1062
f 1058 1148 1059
f 1059 1149 1150
f 1059 1150 1060
f 1059 1148 1149
f 1060 1150 1151
f 1060 1151 1061
f 1061 1151 1152
f 1061 1152 1153
f 1061 1153 1154
f 1061 1154 1062
f 1063 1072 1149
f 1063 1149 1148
f 1064 1074 1065
f 1065 1074 1155
f 1065 1155 1156
f 1065 1156 1068
f 1068 1156 1157
f 1068 1157 1069
f 1069 1157 1073
f 1069 1073 1070
f 1070 1073 1071
f 1072 1073 1158
f 1072 1158 1149
f 1073 1157 1159
f 1073 1159 1160
f 1073 1160 1161
f 1073 1161 1158
f 1074 1147 1155
f 1075 1162 1076
f 1075 1163 1162
f 1077 1165 1164
f 1078 1166 1079
f 1078 1164 1250
f 1078 1250 1349
f 1078 1349 1442
f 1078 1442 1534
f 1078 1534 1611
f 1078 1611 1689
f 1078 1689 1765
f 1078 1765 1847
f 1078 1847 1846
f 1078 1846 1921
f 1078 1921 1920
f 1078 1920 1919
f 1078 1919 1918
f 1078 1918 1961
f 1078 1961 1960
f 1078 1960 1959
f 1078 1959 1958
f 1078 1958 1957
f 1078 1957 1976
f 1078 1976 1975
f 1078 1975 1974
f 1078 1974 1978
f 1078 1978 1977
f 1078 1977 1962
f 1078 1962 1922
f 1078 1922 1850
f 1078 1850 1849
f 1078 1849 1848
f 1078 1848 1771
f 1078 1771 1770
f 1078 1770 1766
f 1078 1766 1691
f 1078 1691 1690
f 1078 1690 1615
f 1078 1615 1614
f 1078 1614 1613
f 1078 1613 1539
f 1078 1539 1537
f 1078 1537 1445
f 1078 1445 1372
f 1078 1372 1371
f 1078 1371 1370
f 1078 1370 1274
f 1078 1274 1272
f 1078 1272 1166
f 1079 1166 1080
f 1080 1166 1167
f 1080 1167 1081
f 1081 1167 1082
f 1082 1167 1168
f 1082 1168 1169
f 1082 1169 1083
f 1083 1169 1170
f 1083 1170 1084
f 1084 1170 1171
f 1084 1171 1172
f 1084 1172 1085
f 1085 1172 1086
f 1086 1173 1087
f 1086 1172 1174
f 1086 1174 1173
f 1087 1173 1175
f 1087 1175 1176
f 1087 1176 1088
f 1088 1177 1089
f 1088 1176 1177
f 1089 1177 1090
f 1090 1177 1178
f 1090 1178 1091
f 1091 1178 1179
f 1091 1179 1180
f 1091 1180 1092
f 1092 1181 1093
f 1092 1180 1181
f 1093 1181 1182
f 1093 1182 1094
f 1094 1182 1095
f 1095 1182 1097
f 1095 1097 1096
f 1097 1182 1098
f 1098 1182 1183
f 1098 1183 1099
f 1099 1183 1184
f 1099 1184 1100
f 1100 1184 1185
f 1100 1185 1186
f 1100 1186 1101
f 1101 1186 1102
f 1102 1186 1187
f 1102 1187 1126
f 1103 1108 1188
f 1103 1188 1106
f 1103 1106 1104
f 1105 1107 1189
f 1106 1188 1190
f 1106 1190 1191
f 1106 1191 1189
f 1106 1189 1107
f 1108 1110 1192
f 1108 1192 1188
f 1109 1112 1110
f 1110 1112 1193
f 1110 1193 1194
f 1110 1194 1192
f 1111 1133 1113
f 1112 1114 1193
f 1113 1133 1195
f 1113 1195 1196
f 1113 1196 1114
f 1114 1196 1197
f 1114 1197 1193
f 1115 1198 1200
f 1115 1200 1116
f 1115 1119 1199
f 1115 1199 1198
f 1116 1200 1117
f 1117 1200 1201
f 1117 1201 1122
f 1117 1122 1121
f 1117 1121 1118
f 1119 1120 1202
f 1119 1202 1199
f 1120 1189 1295
f 1120 1295 1202
f 1122 1203 1145
f 1122 1145 1123
f 1122 1201 1203
f 1124 1128 1204
f 1124 1204 1205
f 1124 1205 1125
f 1125 1205 1129
f 1126 1206 1127
f 1126 1187 1206
f 1127 1206 1207
f 1127 1207 1208
f 1127 1208 1128
f 1128 1208 1209
f 1128 1209 1204
f 1129 1205 1210
f 1129 1210 1211
f 1129 1211 1130
f 1130 1211 1137
f 1131 1140 1135
f 1132 1212 1133
f 1132 1134 1212
f 1133 1212 1195
f 1134 1135 1213
f 1134 1213 1214
f 1134 1214 1212
f 1135 1215 1216
f 1135 1216 1213
f 1135 1140 1215
f 1136 1217 1139
f 1136 1138 1218
f 1136 1218 1219
f 1136 1219 1217
f 1137 1211 1220
f 1137 1220 1221
f 1137 1221 1138
f 1138 1221 1218
f 1139 1217 1140
f 1140 1217 1222
f 1140 1222 1223
f 1140 1223 1224
f 1140 1224 1215
f 1141 1146 1225
f 1141 1225 1142
f 1142 1225 1226
f 1142 1226 1147
f 1143 1145 1227
f 1143 1227 1144
f 1144 1227 1146
f 1145 1203 1228
f 1145 1228 1227
f 1146 1229 1225
f 1146 1227 1229
f 1147 1230 1155
f 1147 1226 1231
f 1147 1231 1232
f 1147 1232 1230
f 1149 1158 1233
f 1149 1233 1150
f 1150 1233 1234
f 1150 1234 1235
f 1150 1235 1151
f 1151 1236 1152
f 1151 1235 1337
f 1151 1337 1237
f 1151 1237 1238
f 1151 1238 1236
f 1152 1236 1239
f 1152 1239 1153
f 1155 1230 1156
f 1156 1230 1240
f 1156 1240 1159
f 1156 1159 1157
f 1158 1161 1233
f 1159 1240 1241
f 1159 1241 1242
f 1159 1242 1160
f 1160 1243 1161
f 1160 1242 1244
f 1160 1244 1245
f 1160 1245 1243
f 1161 1243 1246
f 1161 1246 1233
f 1162 1163 1247
f 1162 1247 1248
f 1164 1249 1250
f 1164 1165 1251
f 1164 1251 1252
f 1164 1252 1253
f 1164 1253 1254
f 1164 1254 1255
f 1164 1255 1256
f 1164 1256 1257
f 1164 1257 1258
f 1164 1258 1259
f 1164 1259 1260
f 1164 1260 1261
f 1164 1261 1262
f 1164 1262 1263
f 1164 1263 1264
f 1164 1264 1265
f 1164 1265 1266
f 1164 1266 1267
f 1164 1267 1268
f 1164 1268 1269
f 1164 1269 1270
f 1164 1270 1271
f 1164 1271 1249
f 1166 1272 1167
f 1167 1273 1169
f 1167 1169 1168
f 1167 1272 1274
f 1167 1274 1275
f 1167 1275 1273
f 1169 1276 1277
f 1169 1277 1170
f 1169 1273 1276
f 1170 1277 1171
f 1171 1277 1278
f 1171 1278 1279
f 1171 1279 1174
f 1171 1174 1172
f 1173 1174 1175
f 1174 1279 1280
f 1174 1280 1281
f 1174 1281 1282
f 1174 1282 1175
f 1175 1282 1283
f 1175 1283 1284
f 1175 1284 1176
f 1176 1284 1285
f 1176 1285 1177
f 1177 1285 1178
f 1178 1285 1179
f 1179 1285 1286
f 1179 1286 1287
f 1179 1287 1288
f 1179 1288 1180
f 1180 1288 1181
f 1181 1288 1289
f 1181 1289 1183
f 1181 1183 1182
f 1183 1289 1184
f 1184 1289 1290
f 1184 1290 1185
f 1185 1290 1291
f 1185 1291 1292
f 1185 1292 1186
f 1186 1292 1187
f 1187 1292 1293
f 1187 1293 1206
f 1188 1294 1190
f 1188 1192 1294
f 1189 1191 1296
f 1189 1296 1295
f 1190 1294 1297
f 1190 1297 1296
f 1190 1296 1191
f 1192 1298 1294
f 1192 1194 1299
f 1192 1299 1298
f 1193 1197 1300
f 1193 1300 1194
f 1194 1300 1299
f 1195 1212 1214
f 1195 1214 1301
f 1195 1301 1196
f 1196 1302 1303
f 1196 1303 1304
f 1196 1304 1197
f 1196 1301 1302
f 1197 1304 1305
f 1197 1305 1300
f 1198 1306 1200
f 1198 1199 1306
f 1199 1202 1307
f 1199 1307 1308
f 1199 1308 1309
f 1199 1309 1306
f 1200 1306 1310
f 1200 1310 1311
f 1200 1311 1201
f 1201 1311 1203
f 1202 1295 1307
f 1203 1311 1228
f 1204 1209 1312
f 1204 1312 1205
f 1205 1312 1210
f 1206 1293 1313
f 1206 1313 1207
f 1207 1313 1314
f 1207 1314 1315
f 1207 1315 1209
f 1207 1209 1208
f 1209 1315 1316
f 1209 1316 1317
f 1209 1317 1312
f 1210 1312 1318
f 1210 1318 1211
f 1211 1318 1220
f 1213 1216 1301
f 1213 1301 1214
f 1215 1224 1216
f 1216 1224 1319
f 1216 1319 1320
f 1216 1320 1321
f 1216 1321 1301
f 1217 1223 1222
f 1217 1219 1322
f 1217 1322 1323
f 1217 1323 1223
f 1218 1221 1324
f 1218 1324 1325
f 1218 1325 1219
f 1219 1325 1322
f 1220 1318 1326
f 1220 1326 1327
f 1220 1327 1221
f 1221 1327 1324
f 1223 1323 1328
f 1223 1328 1329
f 1223 1329 1330
f 1223 1330 1224
f 1224 1330 1319
f 1225 1229 1331
f 1225 1331 1226
f 1226 1331 1231
f 1227 1228 1332
f 1227 1332 1333
f 1227 1333 1229
f 1228 1311 1404
f 1228 1404 1332
f 1229 1333 1331
f 1230 1232 1240
f 1231 1331 1334
f 1231 1334 1335
f 1231 1335 1336
f 1231 1336 1232
f 1232 1336 1241
f 1232 1241 1240
f 1233 1235 1234
f 1233 1246 1235
f 1235 1246 1337
f 1236 1238 1239
f 1237 1337 1338
f 1237 1338 1238
f 1238 1338 1339
f 1238 1339 1340
f 1238 1340 1239
f 1241 1336 1242
f 1242 1336 1341
f 1242 1341 1342
f 1242 1342 1244
f 1243 1245 1246
f 1244 1342 1343
f 1244 1343 1245
f 1245 1343 1246
f 1246 1343 1344
f 1246 1344 1345
f 1246 1345 1337
f 1247 1346 1248
f 1247 1347 1346
f 1249 1348 1349
f 1249 1349 1250
f 1249 1271 1350
f 1249 1350 1351
f 1249 1351 1352
f 1249 1352 1353
f 1249 1353 1354
f 1249 1354 1355
f 1249 1355 1356
f 1249 1356 1357
f 1249 1357 1358
f 1249 1358 1359
f 1249 1359 1360
f 1249 1360 1361
f 1249 1361 1362
f 1249 1362 1363
f 1249 1363 1364
f 1249 1364 1365
f 1249 1365 1366
f 1249 1366 1367
f 1249 1367 1348
f 1271 1368 1350
f 1273 1369 1276
f 1273 1275 1369
f 1274 1370 1275
f 1275 1370 1371
f 1275 1371 1372
f 1275 1372 1373
f 1275 1373 1369
f 1276 1369 1374
f 1276 1374 1375
f 1276 1375 1278
f 1276 1278 1277
f 1278 1375 1376
f 1278 1376 1280
f 1278 1280 1279
f 1280 1376 1281
f 1281 1376 1377
f 1281 1377 1378
f 1281 1378 1379
f 1281 1379 1380
f 1281 1380 1381
f 1281 1381 1282
f 1282 1381 1283
f 1283 1382 1383
f 1283 1383 1284
f 1283 1381 1380
f 1283 1380 1382
f 1284 1383 1286
f 1284 1286 1285
f 1286 1384 1287
f 1286 1383 1384
f 1287 1384 1385
f 1287 1385 1291
f 1287 1291 1290
f 1287 1290 1288
f 1288 1290 1289
f 1291 1385 1292
f 1292 1385 1293
f 1293 1385 1386
f 1293 1386 1313
f 1294 1298 1297
f 1295 1296 1307
f 1296 1297 1387
f 1296 1387 1307
f 1297 1388 1387
f 1297 1298 1299
f 1297 1299 1389
f 1297 1389 1390
f 1297 1390 1388
f 1299 1300 1391
f 1299 1391 1392
f 1299 1392 1389
f 1300 1305 1391
f 1301 1321 1303
f 1301 1303 1302
f 1303 1393 1304
f 1303 1321 1393
f 1304 1393 1394
f 1304 1394 1305
f 1305 1394 1395
f 1305 1395 1391
f 1306 1309 1396
f 1306 1396 1397
f 1306 1397 1398
f 1306 1398 1310
f 1307 1399 1400
f 1307 1400 1401
f 1307 1401 1402
f 1307 1402 1309
f 1307 1309 1308
f 1307 1387 1403
f 1307 1403 1399
f 1309 1402 1396
f 1310 1398 1311
f 1311 1398 1404
f 1312 1317 1405
f 1312 1405 1406
f 1312 1406 1318
f 1313 1386 1407
f 1313 1407 1314
f 1314 1407 1408
f 1314 1408 1409
f 1314 1409 1315
f 1315 1409 1316
f 1316 1409 1410
f 1316 1410 1411
f 1316 1411 1317
f 1317 1411 1405
f 1318 1406 1412
f 1318 1412 1326
f 1319 1413 1320
f 1319 1330 1413
f 1320 1413 1414
f 1320 1414 1415
f 1320 1415 1416
f 1320 1416 1393
f 1320 1393 1321
f 1322 1325 1417
f 1322 1417 1418
f 1322 1418 1323
f 1323 1418 1328
f 1324 1327 1419
f 1324 1419 1420
f 1324 1420 1325
f 1325 1420 1417
f 1326 1412 1421
f 1326 1421 1327
f 1327 1421 1419
f 1328 1418 1422
f 1328 1422 1423
f 1328 1423 1329
f 1329 1424 1425
f 1329 1425 1330
f 1329 1423 1424
f 1330 1425 1413
f 1331 1333 1426
f 1331 1426 1334
f 1332 1427 1426
f 1332 1426 1333
f 1332 1404 1427
f 1334 1426 1428
f 1334 1428 1429
f 1334 1429 1335
f 1335 1430 1336
f 1335 1429 1431
f 1335 1431 1430
f 1336 1430 1341
f 1337 1345 1338
f 1338 1345 1432
f 1338 1432 1433
f 1338 1433 1434
f 1338 1434 1339
f 1339 1434 1340
f 1340 1434 1435
f 1341 1430 1342
f 1342 1436 1343
f 1342 1430 1431
f 1342 1431 1437
f 1342 1437 1436
f 1343 1436 1344
f 1344 1436 1438
f 1344 1438 1432
f 1344 1432 1345
f 1346 1347 1439
f 1347 1440 1439
f 1348 1441 1442
f 1348 1442 1349
f 1350 1368 1443
f 1350 1443 1444
f 1369 1373 1374
f 1372 1445 1446
f 1372 1446 1373
f 1373 1447 1448
f 1373 1448 1374
f 1373 1446 1447
f 1374 1449 1450
f 1374 1450 1451
f 1374 1451 1452
f 1374 1452 1375
f 1374 1448 1449
f 1375 1452 1376
f 1376 1452 1451
f 1376 1451 1377
f 1377 1451 1378
f 1378 1451 1453
f 1378 1453 1454
f 1378 1454 1455
f 1378 1455 1379
f 1379 1455 1456
f 1379 1456 1380
f 1380 1456 1457
f 1380 1457 1382
f 1382 1457 1458
f 1382 1458 1383
f 1383 1458 1384
f 1384 1458 1385
f 1385 1458 1386
f 1386 1458 1457
f 1386 1457 1407
f 1387 1388 1459
f 1387 1459 1403
f 1388 1390 1460
f 1388 1460 1459
f 1389 1392 1465
f 1389 1465 1461
f 1389 1461 1390
f 1390 1461 1462
f 1390 1462 1460
f 1391 1395 1392
f 1392 1395 1463
f 1392 1463 1464
f 1392 1464 1465
f 1393 1416 1394
f 1394 1416 1395
f 1395 1416 1466
f 1395 1466 1463
f 1396 1467 1468
f 1396 1468 1397
f 1396 1402 1469
f 1396 1469 1467
f 1397 1468 1398
f 1398 1468 1470
f 1398 1470 1404
f 1399 1403 1400
f 1400 1403 1471
f 1400 1471 1472
f 1400 1472 1401
f 1401 1472 1402
f 1402 1472 1469
f 1403 1459 1473
f 1403 1473 1474
f 1403 1474 1471
f 1404 1470 1427
f 1405 1475 1412
f 1405 1412 1406
f 1405 1411 1476
f 1405 1476 1475
f 1407 1457 1456
f 1407 1456 1408
f 1408 1456 1477
f 1408 1477 1409
f 1409 1477 1410
f 1410 1477 1478
f 1410 1478 1411
f 1411 1478 1476
f 1412 1475 1479
f 1412 1479 1480
f 1412 1480 1421
f 1413 1425 1481
f 1413 1481 1414
f 1414 1481 1482
f 1414 1482 1483
f 1414 1483 1415
f 1415 1483 1463
f 1415 1463 1466
f 1415 1466 1416
f 1417 1420 1484
f 1417 1484 1418
f 1418 1484 1422
f 1419 1421 1485
f 1419 1485 1420
f 1420 1485 1486
f 1420 1486 1484
f 1421 1480 1487
f 1421 1487 1488
f 1421 1488 1485
f 1422 1484 1489
f 1422 1489 1423
f 1423 1490 1491
f 1423 1491 1424
f 1423 1489 1490
f 1424 1491 1492
f 1424 1492 1425
f 1425 1492 1481
f 1426 1427 1428
f 1427 1493 1428
f 1427 1470 1494
f 1427 1494 1493
f 1428 1493 1495
f 1428 1495 1496
f 1428 1496 1429
f 1429 1496 1497
f 1429 1497 1431
f 1431 1497 1498
f 1431 1498 1437
f 1432 1438 1499
f 1432 1499 1500
f 1432 1500 1501
f 1432 1501 1502
f 1432 1502 1433
f 1433 1502 1434
f 1434 1502 1503
f 1434 1503 1504
f 1434 1504 1435
f 1436 1437 1505
f 1436 1505 1438
f 1437 1498 1505
f 1438 1505 1499
f 1439 1440 1506
f 1439 1506 1507
f 1441 1508 1509
f 1441 1509 1510
f 1441 1510 1511
f 1441 1511 1512
f 1441 1512 1513
f 1441 1513 1514
f 1441 1514 1515
f 1441 1515 1516
f 1441 1516 1517
f 1441 1517 1518
f 1441 1518 1519
f 1441 1519 1520
f 1441 1520 1521
f 1441 1521 1522
f 1441 1522 1523
f 1441 1523 1524
f 1441 1524 1525
f 1441 1525 1526
f 1441 1526 1527
f 1441 1527 1528
f 1441 1528 1529
f 1441 1529 1530
f 1441 1530 1531
f 1441 1531 1532
f 1441 1532 1442
f 1441 1533 1508
f 1442 1532 1534
f 1443 1535 1444
f 1444 1535 1536
f 1445 1537 1447
f 1445 1447 1446
f 1447 1538 1449
f 1447 1449 1448
f 1447 1537 1539
f 1447 1539 1540
f 1447 1540 1538
f 1449 1541 1542
f 1449 1542 1451
f 1449 1451 1450
f 1449 1538 1541
f 1451 1542 1543
f 1451 1543 1453
f 1453 1543 1544
f 1453 1544 1454
f 1454 1545 1477
f 1454 1477 1455
f 1454 1544 1546
f 1454 1546 1545
f 1455 1477 1456
f 1459 1460 1473
f 1460 1462 1547
f 1460 1547 1473
f 1461 1548 1462
f 1461 1465 1548
f 1462 1548 1625
f 1462 1625 1547
f 1463 1549 1464
f 1463 1483 1549
f 1464 1549 1550
f 1464 1550 1551
f 1464 1551 1465
f 1465 1551 1548
f 1467 1469 1472
f 1467 1472 1552
f 1467 1552 1468
f 1468 1553 1554
f 1468 1554 1470
f 1468 1552 1553
f 1470 1554 1494
f 1471 1555 1556
f 1471 1556 1472
f 1471 1474 1555
f 1472 1557 1552
f 1472 1556 1557
f 1473 1558 1559
f 1473 1559 1560
f 1473 1560 1561
f 1473 1561 1555
f 1473 1555 1474
f 1473 1547 1558
f 1475 1476 1479
f 1476 1478 1562
f 1476 1562 1479
f 1477 1545 1478
f 1478 1545 1546
f 1478 1546 1563
f 1478 1563 1562
f 1479 1487 1480
f 1479 1562 1564
f 1479 1564 1565
f 1479 1565 1487
f 1481 1566 1482
f 1481 1492 1566
f 1482 1566 1567
f 1482 1567 1568
f 1482 1568 1483
f 1483 1568 1569
f 1483 1569 1549
f 1484 1486 1570
f 1484 1570 1571
f 1484 1571 1489
f 1485 1570 1486
f 1485 1488 1572
f 1485 1572 1573
f 1485 1573 1570
f 1487 1565 1574
f 1487 1574 1575
f 1487 1575 1572
f 1487 1572 1488
f 1489 1576 1490
f 1489 1571 1577
f 1489 1577 1578
f 1489 1578 1576
f 1490 1576 1491
f 1491 1579 1492
f 1491 1576 1580
f 1491 1580 1579
f 1492 1579 1581
f 1492 1581 1566
f 1493 1494 1582
f 1493 1582 1495
f 1494 1554 1582
f 1495 1497 1496
f 1495 1582 1497
f 1497 1582 1583
f 1497 1583 1584
f 1497 1584 1498
f 1498 1584 1505
f 1499 1505 1585
f 1499 1585 1586
f 1499 1586 1500
f 1500 1586 1587
f 1500 1587 1588
f 1500 1588 1501
f 1501 1589 1502
f 1501 1588 1590
f 1501 1590 1589
f 1502 1589 1503
f 1503 1589 1504
f 1504 1589 1591
f 1505 1584 1585
f 1506 1592 1507
f 1507 1592 1536
f 1507 1536 1535
f 1508 1593 1594
f 1508 1594 1510
f 1508 1510 1509
f 1508 1533 1595
f 1508 1595 1596
f 1508 1596 1593
f 1510 1594 1511
f 1511 1594 1597
f 1511 1597 1598
f 1511 1598 1512
f 1512 1598 1513
f 1513 1598 1514
f 1514 1598 1599
f 1514 1599 1515
f 1515 1599 1516
f 1516 1599 1600
f 1516 1600 1517
f 1517 1600 1601
f 1517 1601 1518
f 1518 1601 1519
f 1519 1601 1520
f 1520 1601 1602
f 1520 1602 1521
f 1521 1602 1522
f 1522 1602 1603
f 1522 1603 1604
f 1522 1604 1523
f 1523 1604 1524
f 1524 1604 1605
f 1524 1605 1525
f 1525 1605 1526
f 1526 1605 1527
f 1527 1605 1606
f 1527 1606 1528
f 1528 1606 1607
f 1528 1607 1529
f 1529 1607 1608
f 1529 1608 1609
f 1529 1609 1530
f 1530 1609 1610
f 1530 1610 1531
f 1531 1610 1532
f 1532 1610 1534
f 1534 1610 1611
f 1538 1540 1612
f 1538 1612 1541
f 1539 1613 1540
f 1540 1613 1614
f 1540 1614 1615
f 1540 1615 1616
f 1540 1616 1617
f 1540 1617 1618
f 1540 1618 1612
f 1541 1612 1618
f 1541 1618 1619
f 1541 1619 1543
f 1541 1543 1542
f 1543 1620 1621
f 1543 1621 1544
f 1543 1619 1620
f 1544 1621 1546
f 1546 1621 1622
f 1546 1622 1623
f 1546 1623 1563
f 1547 1624 1558
f 1547 1625 1624
f 1548 1551 1625
f 1549 1626 1550
f 1549 1569 1626
f 1550 1626 1627
f 1550 1627 1628
f 1550 1628 1551
f 1551 1628 1629
f 1551 1629 1625
f 1552 1630 1553
f 1552 1557 1631
f 1552 1631 1632
f 1552 1632 1630
f 1553 1630 1582
f 1553 1582 1554
f 1555 1561 1633
f 1555 1633 1634
f 1555 1634 1635
f 1555 1635 1556
f 1556 1635 1631
f 1556 1631 1557
f 1558 1636 1633
f 1558 1633 1559
f 1558 1624 1636
f 1559 1633 1560
f 1560 1633 1561
f 1562 1563 1623
f 1562 1623 1564
f 1564 1623 1637
f 1564 1637 1565
f 1565 1637 1574
f 1566 1581 1567
f 1567 1581 1638
f 1567 1638 1639
f 1567 1639 1568
f 1568 1639 1569
f 1569 1639 1640
f 1569 1640 1626
f 1570 1577 1571
f 1570 1573 1641
f 1570 1641 1642
f 1570 1642 1577
f 1572 1641 1573
f 1572 1575 1643
f 1572 1643 1644
f 1572 1644 1641
f 1574 1637 1645
f 1574 1645 1575
f 1575 1645 1643
f 1576 1578 1646
f 1576 1646 1647
f 1576 1647 1580
f 1577 1646 1578
f 1577 1642 1648
f 1577 1648 1649
f 1577 1649 1646
f 1579 1580 1650
f 1579 1650 1581
f 1580 1651 1650
f 1580 1647 1651
f 1581 1652 1638
f 1581 1650 1653
f 1581 1653 1652
f 1582 1630 1654
f 1582 1654 1655
f 1582 1655 1583
f 1583 1655 1656
f 1583 1656 1584
f 1584 1656 1585
f 1585 1656 1657
f 1585 1657 1658
f 1585 1658 1586
f 1586 1658 1587
f 1587 1658 1659
f 1587 1659 1588
f 1588 1659 1660
f 1588 1660 1661
f 1588 1661 1590
f 1589 1590 1591
f 1590 1661 1662
f 1590 1662 1591
f 1593 1596 1663
f 1593 1663 1664
f 1593 1664 1594
f 1594 1664 1597
f 1595 1665 1596
f 1596 1665 1666
f 1596 1666 1667
f 1596 1667 1738
f 1596 1738 1663
f 1597 1664 1668
f 1597 1668 1669
f 1597 1669 1670
f 1597 1670 1598
f 1598 1670 1671
f 1598 1671 1599
f 1599 1671 1672
f 1599 1672 1600
f 1600 1673 1601
f 1600 1672 1673
f 1601 1673 1674
f 1601 1674 1602
f 1602 1674 1675
f 1602 1675 1603
f 1603 1675 1676
f 1603 1676 1677
f 1603 1677 1604
f 1604 1677 1678
f 1604 1678 1605
f 1605 1678 1606
f 1606 1679 1680
f 1606 1680 1681
f 1606 1681 1682
f 1606 1682 1607
f 1606 1678 1679
f 1607 1682 1608
f 1608 1682 1683
f 1608 1683 1684
f 1608 1684 1685
f 1608 1685 1686
f 1608 1686 1687
f 1608 1687 1609
f 1609 1687 1610
f 1610 1688 1611
f 1610 1687 1688
f 1611 1688 1689
f 1615 1690 1616
f 1616 1690 1691
f 1616 1691 1692
f 1616 1692 1693
f 1616 1693 1694
f 1616 1694 1618
f 1616 1618 1617
f 1618 1695 1696
f 1618 1696 1620
f 1618 1620 1619
f 1618 1694 1695
f 1620 1697 1622
f 1620 1622 1621
f 1620 1696 1697
f 1622 1697 1623
f 1623 1697 1698
f 1623 1698 1637
f 1624 1699 1636
f 1624 1625 1700
f 1624 1700 1699
f 1625 1629 1701
f 1625 1701 1700
f 1626 1640 1627
f 1627 1702 1703
f 1627 1703 1704
f 1627 1704 1705
f 1627 1705 1628
f 1627 1640 1706
f 1627 1706 1702
f 1628 1701 1629
f 1628 1705 1701
f 1630 1632 1654
f 1631 1707 1654
f 1631 1654 1632
f 1631 1635 1708
f 1631 1708 1707
f 1633 1636 1709
f 1633 1709 1710
f 1633 1710 1711
f 1633 1711 1634
f 1634 1711 1635
f 1635 1711 1708
f 1636 1712 1709
f 1636 1699 1712
f 1637 1698 1713
f 1637 1713 1714
f 1637 1714 1645
f 1638 1652 1639
f 1639 1715 1706
f 1639 1706 1640
f 1639 1652 1715
f 1641 1644 1716
f 1641 1716 1717
f 1641 1717 1642
f 1642 1717 1648
f 1643 1645 1718
f 1643 1718 1644
f 1644 1718 1716
f 1645 1714 1719
f 1645 1719 1720
f 1645 1720 1718
f 1646 1649 1721
f 1646 1721 1722
f 1646 1722 1647
f 1647 1722 1723
f 1647 1723 1651
f 1648 1717 1724
f 1648 1724 1649
f 1649 1724 1721
f 1650 1651 1725
f 1650 1725 1653
f 1651 1723 1726
f 1651 1726 1725
f 1652 1653 1727
f 1652 1727 1809
f 1652 1809 1728
f 1652 1728 1715
f 1653 1725 1727
f 1654 1729 1730
f 1654 1730 1656
f 1654 1656 1655
f 1654 1707 1731
f 1654 1731 1729
f 1656 1730 1657
f 1657 1732 1658
f 1657 1730 1733
f 1657 1733 1732
f 1658 1732 1659
f 1659 1732 1734
f 1659 1734 1660
f 1660 1734 1735
f 1660 1735 1661
f 1661 1735 1736
f 1661 1736 1737
f 1661 1737 1662
f 1663 1738 1739
f 1663 1739 1740
f 1663 1740 1664
f 1664 1740 1668
f 1666 1741 1667
f 1667 1741 1742
f 1667 1742 1743
f 1667 1743 1738
f 1668 1740 1739
f 1668 1739 1744
f 1668 1744 1745
f 1668 1745 1669
f 1669 1746 1670
f 1669 1745 1746
f 1670 1746 1747
f 1670 1747 1748
f 1670 1748 1671
f 1671 1748 1672
f 1672 1748 1749
f 1672 1749 1673
f 1673 1749 1675
f 1673 1675 1674
f 1675 1750 1751
f 1675 1751 1676
f 1675 1749 1750
f 1676 1752 1677
f 1676 1751 1752
f 1677 1752 1753
f 1677 1753 1678
f 1678 1753 1754
f 1678 1754 1680
f 1678 1680 1679
f 1680 1754 1755
f 1680 1755 1681
f 1681 1756 1757
f 1681 1757 1758
f 1681 1758 1683
f 1681 1683 1682
f 1681 1755 1759
f 1681 1759 1756
f 1683 1758 1684
f 1684 1758 1757
f 1684 1757 1760
f 1684 1760 1761
f 1684 1761 1762
f 1684 1762 1763
f 1684 1763 1764
f 1684 1764 1685
f 1685 1764 1686
f 1686 1764 1687
f 1687 1764 1688
f 1688 1764 1689
f 1689 1764 1765
f 1691 1766 1692
f 1692 1767 1768
f 1692 1768 1769
f 1692 1769 1693
f 1692 1766 1770
f 1692 1770 1771
f 1692 1771 1767
f 1693 1769 1695
f 1693 1695 1694
f 1695 1772 1773
f 1695 1773 1774
f 1695 1774 1696
f 1695 1769 1772
f 1696 1774 1697
f 1697 1774 1713
f 1697 1713 1698
f 1699 1775 1712
f 1699 1700 1776
f 1699 1776 1777
f 1699 1777 1775
f 1700 1701 1776
f 1701 1705 1778
f 1701 1778 1779
f 1701 1779 1776
f 1702 1706 1703
f 1703 1706 1780
f 1703 1780 1781
f 1703 1781 1782
f 1703 1782 1778
f 1703 1778 1704
f 1704 1778 1705
f 1706 1715 1780
f 1707 1708 1783
f 1707 1783 1731
f 1708 1784 1783
f 1708 1711 1784
f 1709 1712 1785
f 1709 1785 1786
f 1709 1786 1787
f 1709 1787 1788
f 1709 1788 1710
f 1710 1788 1711
f 1711 1788 1789
f 1711 1789 1784
f 1712 1775 1790
f 1712 1790 1785
f 1713 1719 1714
f 1713 1774 1773
f 1713 1773 1791
f 1713 1791 1719
f 1715 1728 1780
f 1716 1718 1792
f 1716 1792 1717
f 1717 1793 1724
f 1717 1792 1793
f 1718 1794 1792
f 1718 1720 1794
f 1719 1791 1795
f 1719 1795 1796
f 1719 1796 1720
f 1720 1797 1794
f 1720 1796 1798
f 1720 1798 1799
f 1720 1799 1797
f 1721 1724 1800
f 1721 1800 1722
f 1722 1801 1723
f 1722 1800 1802
f 1722 1802 1801
f 1723 1801 1726
f 1724 1793 1803
f 1724 1803 1804
f 1724 1804 1800
f 1725 1805 1727
f 1725 1726 1805
f 1726 1801 1806
f 1726 1806 1807
f 1726 1807 1805
f 1727 1805 1808
f 1727 1808 1809
f 1728 1810 1811
f 1728 1811 1780
f 1728 1809 1810
f 1729 1733 1730
f 1729 1731 1812
f 1729 1812 1733
f 1731 1783 1812
f 1732 1733 1813
f 1732 1813 1734
f 1733 1812 1813
f 1734 1813 1814
f 1734 1814 1735
f 1735 1814 1815
f 1735 1815 1736
f 1736 1815 1816
f 1736 1816 1817
f 1736 1817 1737
f 1738 1743 1818
f 1738 1818 1819
f 1738 1819 1739
f 1739 1819 1820
f 1739 1820 1821
f 1739 1821 1822
f 1739 1822 1744
f 1741 1823 1742
f 1742 1823 1824
f 1742 1824 1825
f 1742 1825 1743
f 1743 1825 1818
f 1744 1826 1745
f 1744 1822 1827
f 1744 1827 1826
f 1745 1826 1828
f 1745 1828 1746
f 1746 1828 1829
f 1746 1829 1747
f 1747 1829 1830
f 1747 1830 1748
f 1748 1830 1831
f 1748 1831 1749
f 1749 1831 1832
f 1749 1832 1750
f 1750 1833 1751
f 1750 1832 1833
f 1751 1833 1834
f 1751 1834 1752
f 1752 1835 1836
f 1752 1836 1753
f 1752 1834 1835
f 1753 1836 1754
f 1754 1837 1838
f 1754 1838 1759
f 1754 1759 1755
f 1754 1836 1835
f 1754 1835 1839
f 1754 1839 1840
f 1754 1840 1837
f 1756 1841 1842
f 1756 1842 1760
f 1756 1760 1757
f 1756 1759 1838
f 1756 1838 1837
f 1756 1837 1843
f 1756 1843 1841
f 1760 1844 1761
f 1760 1842 1844
f 1761 1844 1845
f 1761 1845 1762
f 1762 1845 1763
f 1763 1845 1846
f 1763 1846 1764
f 1764 1846 1847
f 1764 1847 1765
f 1767 1771 1848
f 1767 1848 1849
f 1767 1849 1850
f 1767 1850 1851
f 1767 1851 1768
f 1768 1851 1852
f 1768 1852 1772
f 1768 1772 1769
f 1772 1853 1795
f 1772 1795 1791
f 1772 1791 1773
f 1772 1852 1853
f 1775 1777 1790
f 1776 1779 1854
f 1776 1854 1777
f 1777 1855 1790
f 1777 1854 1855
f 1778 1856 1854
f 1778 1854 1779
f 1778 1782 1857
f 1778 1857 1856
f 1780 1811 1781
f 1781 1858 1857
f 1781 1857 1782
f 1781 1811 1859
f 1781 1859 1858
f 1783 1784 1860
f 1783 1860 1812
f 1784 1789 1861
f 1784 1861 1860
f 1785 1862 1863
f 1785 1863 1786
f 1785 1790 1864
f 1785 1864 1862
f 1786 1863 1787
f 1787 1863 1788
f 1788 1863 1865
f 1788 1865 1861
f 1788 1861 1789
f 1790 1866 1864
f 1790 1855 1866
f 1792 1794 1797
f 1792 1797 1867
f 1792 1867 1803
f 1792 1803 1793
f 1795 1853 1796
f 1796 1853 1798
f 1797 1799 1868
f 1797 1868 1869
f 1797 1869 1867
f 1798 1853 1870
f 1798 1870 1799
f 1799 1870 1868
f 1800 1871 1802
f 1800 1804 1872
f 1800 1872 1873
f 1800 1873 1871
f 1801 1874 1806
f 1801 1802 1871
f 1801 1871 1875
f 1801 1875 1874
f 1803 1872 1804
f 1803 1867 1876
f 1803 1876 1877
f 1803 1877 1872
f 1805 1807 1808
f 1806 1874 1807
f 1807 1878 1808
f 1807 1874 1879
f 1807 1879 1878
f 1808 1880 1809
f 1808 1878 1880
f 1809 1880 1810
f 1810 1881 1882
f 1810 1882 1811
f 1810 1880 1881
f 1811 1882 1859
f 1812 1860 1883
f 1812 1883 1813
f 1813 1883 1814
f 1814 1883 1884
f 1814 1884 1885
f 1814 1885 1815
f 1815 1885 1816
f 1816 1885 1886
f 1816 1886 1887
f 1816 1887 1888
f 1816 1888 1817
f 1818 1825 1889
f 1818 1889 1890
f 1818 1890 1820
f 1818 1820 1819
f 1820 1890 1891
f 1820 1891 1821
f 1821 1891 1892
f 1821 1892 1827
f 1821 1827 1822
f 1823 1893 1894
f 1823 1894 1824
f 1824 1894 1825
f 1825 1894 1895
f 1825 1895 1896
f 1825 1896 1889
f 1826 1897 1898
f 1826 1898 1828
f 1826 1827 1899
f 1826 1899 1897
f 1827 1892 1899
f 1828 1900 1829
f 1828 1898 1900
f 1829 1900 1901
f 1829 1901 1830
f 1830 1901 1902
f 1830 1902 1831
f 1831 1902 1832
f 1832 1903 1833
f 1832 1902 1904
f 1832 1904 1903
f 1833 1903 1905
f 1833 1905 1834
f 1834 1905 1835
f 1835 1905 1906
f 1835 1906 1839
f 1837 1840 1843
f 1839 1906 1907
f 1839 1907 1840
f 1840 1907 1908
f 1840 1908 1909
f 1840 1909 1910
f 1840 1910 1911
f 1840 1911 1843
f 1841 1843 1912
f 1841 1912 1913
f 1841 1913 1844
f 1841 1844 1842
f 1843 1911 1912
f 1844 1913 1914
f 1844 1914 1915
f 1844 1915 1916
f 1844 1916 1845
f 1845 1917 1918
f 1845 1918 1919
f 1845 1919 1920
f 1845 1920 1921
f 1845 1921 1846
f 1845 1916 1917
f 1850 1922 1923
f 1850 1923 1851
f 1851 1924 1853
f 1851 1853 1852
f 1851 1923 1924
f 1853 1924 1870
f 1854 1925 1855
f 1854 1856 1925
f 1855 1926 1866
f 1855 1925 1926
f 1856 1927 1925
f 1856 1857 1927
f 1857 1928 1927
f 1857 1858 1928
f 1858 1859 1897
f 1858 1897 1928
f 1859 1882 1898
f 1859 1898 1897
f 1860 1929 1883
f 1860 1861 1929
f 1861 1865 1930
f 1861 1930 1929
f 1862 1864 1931
f 1862 1931 1863
f 1863 1931 1932
f 1863 1932 1865
f 1864 1866 1933
f 1864 1933 1931
f 1865 1932 1930
f 1866 1926 1933
f 1867 1869 1876
f 1868 1870 1934
f 1868 1934 1869
f 1869 1935 1936
f 1869 1936 1876
f 1869 1934 1935
f 1870 1924 1937
f 1870 1937 1938
f 1870 1938 1934
f 1871 1873 1909
f 1871 1909 1908
f 1871 1908 1875
f 1872 1877 1910
f 1872 1910 1873
f 1873 1910 1909
f 1874 1875 1939
f 1874 1939 1940
f 1874 1940 1879
f 1875 1908 1939
f 1876 1936 1877
f 1877 1936 1941
f 1877 1941 1910
f 1878 1879 1904
f 1878 1904 1942
f 1878 1942 1880
f 1879 1940 1903
f 1879 1903 1904
f 1880 1942 1881
f 1881 1900 1882
f 1881 1942 1901
f 1881 1901 1900
f 1882 1900 1898
f 1883 1929 1943
f 1883 1943 1884
f 1884 1943 1885
f 1885 1943 1944
f 1885 1944 1886
f 1886 1945 1887
f 1886 1944 1946
f 1886 1946 1968
f 1886 1968 1945
f 1889 1896 1933
f 1889 1933 1890
f 1890 1933 1926
f 1890 1926 1891
f 1891 1926 1925
f 1891 1925 1927
f 1891 1927 1892
f 1892 1927 1928
f 1892 1928 1899
f 1893 1947 1894
f 1894 1947 1948
f 1894 1948 1949
f 1894 1949 1950
f 1894 1950 1895
f 1895 1950 1896
f 1896 1950 1951
f 1896 1951 1932
f 1896 1932 1952
f 1896 1952 1931
f 1896 1931 1933
f 1897 1899 1928
f 1901 1942 1902
f 1902 1942 1904
f 1903 1940 1905
f 1905 1940 1906
f 1906 1908 1907
f 1906 1940 1939
f 1906 1939 1908
f 1910 1941 1912
f 1910 1912 1911
f 1912 1936 1953
f 1912 1953 1913
f 1912 1941 1936
f 1913 1953 1914
f 1914 1953 1954
f 1914 1954 1955
f 1914 1955 1915
f 1915 1955 1956
f 1915 1956 1957
f 1915 1957 1958
f 1915 1958 1959
f 1915 1959 1960
f 1915 1960 1917
f 1915 1917 1916
f 1917 1960 1961
f 1917 1961 1918
f 1922 1962 1963
f 1922 1963 1923
f 1923 1963 1937
f 1923 1937 1924
f 1929 1930 1943
f 1930 1964 1943
f 1930 1932 1964
f 1931 1952 1932
f 1932 1951 1964
f 1934 1954 1935
f 1934 1938 1965
f 1934 1965 1956
f 1934 1956 1966
f 1934 1966 1954
f 1935 1954 1936
f 1936 1954 1953
f 1937 1963 1938
f 1938 1963 1965
f 1943 1964 1967
f 1943 1967 1944
f 1944 1967 1946
f 1946 1967 1969
f 1946 1969 1950
f 1946 1950 1970
f 1946 1970 1971
f 1946 1971 1968
f 1948 1972 1949
f 1949 1972 1973
f 1949 1973 1970
f 1949 1970 1950
f 1950 1969 1951
f 1951 1969 1964
f 1954 1966 1955
f 1955 1966 1956
f 1956 1963 1974
f 1956 1974 1975
f 1956 1975 1976
f 1956 1976 1957
f 1956 1965 1963
f 1962 1977 1963
f 1963 1977 1978
f 1963 1978 1974
f 1964 1969 1967
f 1970 1973 1971
