v 0.29001576 -0.48574752 -0.65011299
v 0.30993089 -0.48574752 -0.64960486
v 0.30993089 -0.49004531 -0.64731812
v 0.29001576 -0.49004531 -0.64769924
v 0.27010059 -0.49004531 -0.64757216
v 0.27010059 -0.48574752 -0.64985889
v -0.36459741 -0.48010916 -0.12047926
v -0.18031773 -0.48010916 -0.12047926
v 0.32997534 -0.48574752 -0.64858854
v 0.32997534 -0.49004531 -0.64630175
v 0.32997534 -0.50063199 -0.64020383
v 0.30993089 -0.50144029 -0.64071196
v 0.29001576 -0.50177544 -0.64096606
v 0.27010059 -0.50161773 -0.64083904
v 0.25005615 -0.50096714 -0.64045787
v 0.25005615 -0.49004531 -0.64668292
v 0.25005615 -0.48574752 -0.64896965
v -0.11850321 -0.50410175 -0.48368934
v -0.12393460 -0.50410175 -0.47886181
v -0.14216861 -0.50410175 -0.46183830
v -0.16001463 -0.50410175 -0.44379848
v -0.17811930 -0.50410175 -0.42398012
v -0.18083501 -0.50410175 -0.42093113
v -0.19467214 -0.50410175 -0.40378058
v -0.19932762 -0.50410175 -0.39793670
v -0.20333651 -0.50410175 -0.39247394
v -0.21562183 -0.50410175 -0.37557751
v -0.22325164 -0.50410175 -0.36465198
v -0.36511466 -0.48010916 -0.11971701
v 0.23014101 -0.48574752 -0.64744514
v 0.21009657 -0.48574752 -0.64541250
v 0.19250916 -0.48574752 -0.64325279
v -0.18070567 -0.48010916 0.10908375
v 0.93324876 -0.48574752 -0.00995363
v 0.93260217 -0.48574752 -0.03002610
v 0.93143833 -0.48574752 -0.04997153
v 0.92949855 -0.48574752 -0.06991696
v 0.92704153 -0.48574752 -0.08910014
v 0.92393780 -0.48574752 -0.10993486
v 0.92316186 -0.48574752 -0.11463538
v 0.92018759 -0.48574752 -0.13000733
v 0.91656661 -0.48574752 -0.14652266
v 0.91010070 -0.48574752 -0.17116860
v 0.90479863 -0.48574752 -0.18984362
v 0.89910853 -0.48574752 -0.20737527
v 0.89691019 -0.48574752 -0.21372733
v 0.89044416 -0.48574752 -0.23075081
v 0.88333166 -0.48574752 -0.24891767
v 0.87596047 -0.48574752 -0.26594114
v 0.86225259 -0.48574752 -0.29465240
v 0.85643327 -0.48574752 -0.30583200
v 0.85281229 -0.48574752 -0.31243813
v 0.84298408 -0.48574752 -0.32984275
v 0.83341444 -0.48574752 -0.34546879
v 0.82475007 -0.48574752 -0.35918921
v 0.82061195 -0.48574752 -0.36554125
v 0.81556845 -0.48574752 -0.37278259
v 0.80211926 -0.48574752 -0.39158466
v 0.79138577 -0.48574752 -0.40581325
v 0.78582501 -0.48574752 -0.41292754
v 0.77573824 -0.48574752 -0.42537755
v 0.76500469 -0.48574752 -0.43795460
v 0.75866807 -0.48574752 -0.44494185
v 0.74483097 -0.48574752 -0.45955157
v 0.73965812 -0.48574752 -0.46476024
v 0.72491574 -0.48574752 -0.47898883
v 0.71870846 -0.48574752 -0.48483273
v 0.70538861 -0.48574752 -0.49690160
v 0.69543099 -0.48574752 -0.50528634
v 0.68560278 -0.48574752 -0.51316285
v 0.67331743 -0.48574752 -0.52281797
v 0.66581696 -0.48574752 -0.52828074
v 0.65417826 -0.48574752 -0.53666544
v 0.64564323 -0.48574752 -0.54250932
v 0.64344478 -0.48574752 -0.54390675
v 0.62559873 -0.48574752 -0.55521339
v 0.61383069 -0.48574752 -0.56232768
v 0.58602715 -0.48574752 -0.57782668
v 0.57684541 -0.48574752 -0.58265424
v 0.56481874 -0.48574752 -0.58837110
v 0.54632616 -0.48574752 -0.59713691
v 0.53171313 -0.48574752 -0.60323489
v 0.50546134 -0.48574752 -0.61327112
v 0.48787391 -0.48574752 -0.61936909
v 0.46989858 -0.48574752 -0.62483186
v 0.44429338 -0.48574752 -0.63169205
v 0.43032694 -0.48574752 -0.63499510
v 0.42631805 -0.48574752 -0.63588440
v 0.40989453 -0.48574752 -0.63918746
v 0.38997939 -0.48574752 -0.64249057
v 0.38558254 -0.48574752 -0.64312577
v 0.36812446 -0.48574752 -0.64528543
v 0.34290725 -0.48574752 -0.64757216
v 0.34820932 -0.49144503 -0.64414209
v 0.34032086 -0.50007999 -0.63982266
v 0.32997534 -0.51062727 -0.63334358
v 0.30993089 -0.51143557 -0.63385177
v 0.29001576 -0.51177073 -0.63410586
v 0.27010059 -0.51161301 -0.63397878
v 0.25005615 -0.51094270 -0.63347065
v 0.23790015 -0.50035602 -0.63994974
v 0.23078761 -0.49164218 -0.64439619
v -0.11539954 -0.51577276 -0.47593984
v -0.09664828 -0.50410175 -0.50249141
v -0.10828701 -0.50859666 -0.48851690
v -0.12923670 -0.50940496 -0.46920669
v -0.13609061 -0.51632476 -0.45624849
v -0.14941046 -0.50960213 -0.44938830
v -0.15626436 -0.51620650 -0.43592194
v -0.16906697 -0.50916839 -0.42893469
v -0.17579156 -0.51543760 -0.41483316
v -0.18122295 -0.52148998 -0.40149385
v -0.19971558 -0.51981425 -0.37951577
v -0.20437106 -0.50530434 -0.38967904
v -0.21148363 -0.51198757 -0.37214738
v -0.23644218 -0.50410175 -0.34407133
v -0.21769094 -0.51748794 -0.35664839
v -0.36951151 -0.48010916 -0.10993486
v -0.24303749 -0.50410175 -0.33276469
v -0.24575320 -0.50410175 -0.32806417
v -0.25829712 -0.50410175 -0.30468863
v -0.25661597 -0.51585162 -0.28982484
v -0.25920233 -0.51930165 -0.27864525
v -0.16053191 -0.66067475 -0.22147682
v 0.21009657 -0.48799497 -0.64426911
v 0.19250916 -0.48716697 -0.64249057
v 0.15009251 -0.50410175 -0.62419665
v 0.14362656 -0.50410175 -0.62267214
v 0.13224648 -0.50410175 -0.61987728
v 0.12371142 -0.50410175 -0.61759055
v 0.10922769 -0.50410175 -0.61339819
v 0.08970051 -0.50410175 -0.60717314
v 0.07650995 -0.50410175 -0.60285378
v 0.06319009 -0.50410175 -0.59802622
v 0.05620687 -0.50410175 -0.59523129
v 0.02775666 -0.50410175 -0.58278131
v 0.02090275 -0.50410175 -0.57960528
v 0.01560068 -0.50410175 -0.57706445
v -0.01039246 -0.50410175 -0.56308997
v -0.01763433 -0.50410175 -0.55877054
v -0.02397096 -0.50410175 -0.55495936
v -0.04466203 -0.50410175 -0.54174709
v -0.05461958 -0.50410175 -0.53463280
v -0.06716353 -0.50410175 -0.52548581
v -0.07686245 -0.50410175 -0.51824450
v -0.36136445 -0.48010916 0.10908375
v 0.29001576 -0.48580664 0.64773738
v 0.31006020 -0.48580664 0.64722925
v 0.32984602 -0.48580664 0.64633995
v 0.35001978 -0.48580664 0.64481544
v 0.36967629 -0.48580664 0.64290982
v 0.38584119 -0.48580664 0.64062309
v 0.38997939 -0.48580664 0.63998789
v 0.39851445 -0.48580664 0.63859046
v 0.40769610 -0.48580664 0.63706595
v 0.41235161 -0.48580664 0.63617665
v 0.43006831 -0.48580664 0.63249248
v 0.45024207 -0.48580664 0.62779194
v 0.47002789 -0.48580664 0.62283736
v 0.47998548 -0.48580664 0.61991543
v 0.48709801 -0.48580664 0.61762869
v 0.49252939 -0.48580664 0.61585009
v 0.51037544 -0.48580664 0.60949808
v 0.52912670 -0.48580664 0.60251081
v 0.53753245 -0.48580664 0.59908074
v 0.54606748 -0.48580664 0.59539652
v 0.57490563 -0.48580664 0.58218426
v 0.57994914 -0.48580664 0.57977051
v 0.58602715 -0.48580664 0.57672149
v 0.61344278 -0.48580664 0.56211179
v 0.61874485 -0.48580664 0.55918986
v 0.62559873 -0.48580664 0.55512452
v 0.64577252 -0.48580664 0.54254746
v 0.65417826 -0.48580664 0.53683066
v 0.67357612 -0.48580664 0.52285612
v 0.67874885 -0.48580664 0.51891786
v 0.69581902 -0.48580664 0.50532448
v 0.70112109 -0.48580664 0.50087804
v 0.70538861 -0.48580664 0.49719387
v 0.71909642 -0.48580664 0.48487088
v 0.72504508 -0.48580664 0.47928110
v 0.73991680 -0.48580664 0.46492547
v 0.74250317 -0.48580664 0.46238464
v 0.75892669 -0.48580664 0.44510707
v 0.76177168 -0.48580664 0.44193104
v 0.77586746 -0.48580664 0.42541572
v 0.78013504 -0.48580664 0.42020705
v 0.79138577 -0.48580664 0.40572438
v 0.79798102 -0.48580664 0.39708561
v 0.80198991 -0.48580664 0.39136875
v 0.80586958 -0.48580664 0.38577896
v 0.81492186 -0.48580664 0.37231261
v 0.82151711 -0.48580664 0.36227638
v 0.83186269 -0.48580664 0.34550697
v 0.83794069 -0.48580664 0.33521664
v 0.84337211 -0.48580664 0.32581562
v 0.84401870 -0.48580664 0.32467225
v 0.85423481 -0.48580664 0.30561611
v 0.85889030 -0.48580664 0.29672325
v 0.86264062 -0.48580664 0.28910080
v 0.87350345 -0.48580664 0.26547116
v 0.87790024 -0.48580664 0.25543493
v 0.88126254 -0.48580664 0.24768543
v 0.88216782 -0.48580664 0.24552573
v 0.89031494 -0.48580664 0.22469102
v 0.89522898 -0.48580664 0.21147875
v 0.89962590 -0.48580664 0.19890170
v 0.90260017 -0.48580664 0.19000883
v 0.90816092 -0.48580664 0.17044453
v 0.91048861 -0.48580664 0.16218686
v 0.91488552 -0.48580664 0.14567155
v 0.91747189 -0.48580664 0.13500011
v 0.91876507 -0.48580664 0.12902918
v 0.92018759 -0.48580664 0.12229601
v 0.92277396 -0.48580664 0.10921079
v 0.93299019 -0.48574752 -0.00195005
v 0.93014514 -0.49004531 -0.03002610
v 0.93286085 -0.48580664 0.00999180
v 0.93053305 -0.49002558 0.00999180
v 0.93066239 -0.49004531 -0.00195005
v 0.92251527 -0.50394404 -0.00995363
v 0.92911065 -0.49004531 -0.04997153
v 0.92717087 -0.49004531 -0.06991696
v 0.92005825 -0.50027716 -0.08109656
v 0.91915298 -0.49869996 -0.09443586
v 0.92354989 -0.48653609 -0.10993486
v 0.91785979 -0.49655110 -0.10993486
v 0.91592002 -0.49317992 -0.13000733
v 0.91423893 -0.48856670 -0.14919052
v 0.90647972 -0.49191818 -0.17167677
v 0.90402269 -0.48712754 -0.18997066
v 0.89820337 -0.49714252 -0.18997066
v 0.89548767 -0.48980871 -0.21093242
v 0.88695264 -0.49160275 -0.23113193
v 0.87945211 -0.49929142 -0.23875439
v 0.87712431 -0.49544707 -0.24993399
v 0.87272751 -0.48882300 -0.26899013
v 0.86328721 -0.48911870 -0.28830037
v 0.86018348 -0.50045455 -0.28042382
v 0.85682118 -0.49519080 -0.29389018
v 0.85048461 -0.49087331 -0.31091365
v 0.83975112 -0.49990258 -0.31980652
v 0.83677673 -0.49526966 -0.32984275
v 0.81815481 -0.49759597 -0.35728359
v 0.80030882 -0.50065172 -0.38040507
v 0.80315387 -0.48809355 -0.38815457
v 0.79539466 -0.49343619 -0.39374435
v 0.77664340 -0.49552593 -0.41597652
v 0.76966017 -0.48959187 -0.42944285
v 0.75750422 -0.49696511 -0.43719235
v 0.75026232 -0.49051845 -0.45015055
v 0.73784769 -0.49741852 -0.45777300
v 0.73034716 -0.49059731 -0.47022301
v 0.71741527 -0.49712282 -0.47759140
v 0.70978546 -0.48998615 -0.48978731
v 0.69633627 -0.49619624 -0.49690160
v 0.68857712 -0.48862585 -0.50884348
v 0.67461067 -0.49442193 -0.51570368
v 0.66879129 -0.48866528 -0.52421540
v 0.65094531 -0.49114931 -0.53526801
v 0.63827205 -0.49858171 -0.53882515
v 0.61396003 -0.49479651 -0.55635679
v 0.60826999 -0.48890185 -0.56347108
v 0.58977735 -0.48965099 -0.57338029
v 0.57464701 -0.49603850 -0.57719147
v 0.56869835 -0.48965099 -0.58417875
v 0.54955912 -0.48925671 -0.59345275
v 0.52990264 -0.49633422 -0.59751803
v 0.51955712 -0.49974483 -0.59967774
v 0.52990264 -0.48631924 -0.60361600
v 0.49136555 -0.48990729 -0.61555785
v 0.47002789 -0.49710310 -0.61797166
v 0.47002789 -0.48708811 -0.62406963
v 0.45140594 -0.49179989 -0.62635636
v 0.42890441 -0.48836955 -0.63385177
v 0.40989453 -0.49241105 -0.63524920
v 0.38997939 -0.49524993 -0.63690072
v 0.36993492 -0.49755654 -0.63829821
v 0.36993492 -0.48756126 -0.64414209
v 0.35364074 -0.49905485 -0.63918746
v 0.34820932 -0.50808412 -0.63359767
v 0.35001978 -0.52350086 -0.62241805
v 0.32997534 -0.52456546 -0.62330735
v 0.30993089 -0.52525550 -0.62381554
v 0.29001576 -0.52553147 -0.62406963
v 0.27010059 -0.52537376 -0.62394255
v 0.25005615 -0.52478230 -0.62356144
v 0.23014101 -0.52379662 -0.62267214
v 0.23078761 -0.50822210 -0.63385177
v 0.22445098 -0.49935055 -0.63944155
v -0.12277073 -0.52271229 -0.46260056
v -0.09419122 -0.51470816 -0.49512303
v -0.10207969 -0.52196312 -0.48178375
v -0.08850119 -0.50885296 -0.50490516
v -0.14294451 -0.52294886 -0.44278216
v -0.16234237 -0.52253485 -0.42258266
v -0.16842037 -0.52866608 -0.40809998
v -0.16117850 -0.54122424 -0.40136680
v -0.17579156 -0.53605902 -0.38967904
v -0.17967114 -0.53996253 -0.37976986
v -0.20437106 -0.52478230 -0.36630350
v -0.19221509 -0.53235269 -0.37303668
v -0.22195846 -0.52237713 -0.34318206
v -0.23592493 -0.51520103 -0.32984275
v -0.24394271 -0.50520575 -0.32984275
v -0.20993179 -0.53026295 -0.35016930
v -0.36485603 -0.48533350 -0.10993486
v -0.37481359 -0.48010916 -0.09507107
v -0.23915789 -0.51924253 -0.31853610
v -0.24277881 -0.52326429 -0.30532384
v -0.24536523 -0.52996725 -0.28804627
v -0.24006316 -0.54019910 -0.28016973
v -0.15031570 -0.66597795 -0.22884519
v -0.16285965 -0.66278422 -0.21004313
v -0.14074609 -0.66091132 -0.26149473
v -0.14372042 -0.66347420 -0.25006104
v 0.21009657 -0.49799025 -0.63855225
v 0.19250916 -0.49592024 -0.63740891
v 0.17000765 -0.50410175 -0.62800789
v 0.17000765 -0.50814325 -0.62546706
v 0.14996319 -0.50520575 -0.62343442
v 0.14996319 -0.51520103 -0.61632013
v 0.12810826 -0.50948381 -0.61492264
v 0.10069261 -0.51979452 -0.59955072
v 0.08995914 -0.50733495 -0.60514051
v 0.08995914 -0.51733023 -0.59777212
v 0.05594823 -0.52206171 -0.58151090
v 0.07004400 -0.51255929 -0.59408796
v 0.05129273 -0.50932610 -0.58926040
v 0.02995509 -0.50481147 -0.58341652
v 0.02995509 -0.51482648 -0.57579404
v 0.01016927 -0.50991756 -0.56982315
v 0.00215149 -0.51861167 -0.55864352
v -0.01000449 -0.51427448 -0.55521339
v -0.02254847 -0.52184486 -0.54149300
v -0.02810916 -0.50863612 -0.54873431
v -0.03599763 -0.51689649 -0.53717357
v -0.05901644 -0.51916367 -0.51900673
v -0.06651694 -0.50581694 -0.52472359
v -0.08087134 -0.52078027 -0.50045872
v -0.36408010 -0.48010916 0.10527252
v -0.20087945 -0.51725137 0.38196772
v -0.19751716 -0.51725137 0.38654119
v -0.18419731 -0.51725137 0.40432692
v -0.17734340 -0.51725137 0.41296571
v -0.16609263 -0.51725137 0.42617798
v -0.15716961 -0.51725137 0.43634126
v -0.13764244 -0.51725137 0.45717597
v -0.11656341 -0.51725137 0.47686732
v 0.19250916 -0.48580664 0.64151239
v 0.20479447 -0.48580664 0.64303690
v 0.21009657 -0.48580664 0.64367211
v 0.23014101 -0.48580664 0.64545065
v 0.25367707 -0.48580664 0.64684814
v 0.27010059 -0.48580664 0.64735627
v 0.27423882 -0.48580664 0.64748329
v 0.27010059 -0.48971015 0.64532363
v 0.29001576 -0.48988757 0.64545065
v 0.31006020 -0.48959187 0.64519656
v 0.32997534 -0.48872441 0.64468843
v 0.35001978 -0.48740354 0.64392614
v 0.35001978 -0.49739882 0.63820934
v 0.36993492 -0.49558508 0.63706595
v 0.38997939 -0.49319962 0.63566852
v 0.41028249 -0.48876384 0.63477921
v 0.43006831 -0.49002558 0.63007873
v 0.44972479 -0.49110988 0.62487000
v 0.45632008 -0.49852255 0.61889911
v 0.47002789 -0.49542737 0.61699349
v 0.49033099 -0.48925671 0.61445266
v 0.51063406 -0.49120843 0.60619503
v 0.51774663 -0.49868026 0.59882665
v 0.53003192 -0.49481621 0.59641284
v 0.56029260 -0.50023770 0.57989752
v 0.57348311 -0.49536821 0.57672149
v 0.58938938 -0.48921728 0.57278323
v 0.60801136 -0.48884270 0.56312811
v 0.61344278 -0.49469793 0.55626792
v 0.63814270 -0.49856198 0.53873628
v 0.66129076 -0.50134170 0.52082348
v 0.66879129 -0.48872441 0.52438062
v 0.67461067 -0.49452049 0.51574183
v 0.68870646 -0.48876384 0.50888163
v 0.69646561 -0.49633422 0.49693978
v 0.71754456 -0.49726081 0.47762957
v 0.73047650 -0.49069586 0.47038823
v 0.73784769 -0.49749738 0.45768413
v 0.75026232 -0.49059731 0.45031574
v 0.75750422 -0.49704397 0.43723053
v 0.76966017 -0.48967072 0.42948103
v 0.77664340 -0.49560478 0.41576061
v 0.78181612 -0.50250489 0.40242133
v 0.80005014 -0.50019830 0.38006210
v 0.81349933 -0.49016356 0.37002587
v 0.81776690 -0.49692565 0.35630545
v 0.82177579 -0.50258374 0.34309319
v 0.83638883 -0.49124789 0.33153245
v 0.83897519 -0.49873942 0.31832021
v 0.84970868 -0.48969042 0.30942732
v 0.85643327 -0.49475706 0.28986302
v 0.85927832 -0.49907455 0.27855638
v 0.86238194 -0.50337231 0.26521710
v 0.87634838 -0.49067616 0.25187778
v 0.87841749 -0.49779311 0.23625174
v 0.88540077 -0.49067616 0.22977266
v 0.89393580 -0.48903984 0.20970018
v 0.89678085 -0.49521050 0.19000883
v 0.89884996 -0.49858171 0.17679657
v 0.90531588 -0.49114931 0.17006341
v 0.91139388 -0.49002558 0.14999093
v 0.91592002 -0.48951298 0.13195112
v 0.91708398 -0.49534851 0.10997304
v 0.91876507 -0.49826625 0.09002761
v 0.92458439 -0.48827100 0.09002761
v 0.92587757 -0.48580664 0.08990056
v 0.92923987 -0.48580664 0.06373013
v 0.93066239 -0.48580664 0.05000971
v 0.93117976 -0.48580664 0.04403878
v 0.93208492 -0.48580664 0.02993723
v 0.93234360 -0.48580664 0.02358519
v 0.92212737 -0.50354975 -0.03002610
v 0.92975724 -0.49002558 0.02993723
v 0.92186868 -0.50319493 0.02993723
v 0.92225671 -0.50380605 0.00999180
v 0.91553211 -0.51380134 0.00999180
v 0.91566145 -0.51393932 -0.00995363
v 0.91540277 -0.51356477 -0.03002610
v 0.92148077 -0.50266260 -0.04997153
v 0.92057550 -0.50124317 -0.06991696
v 0.91385090 -0.51123846 -0.06991696
v 0.91359234 -0.50818264 -0.08859198
v 0.90893686 -0.51003587 -0.10993486
v 0.90479863 -0.51098216 -0.12848283
v 0.90363479 -0.50565922 -0.14995275
v 0.90156567 -0.50260347 -0.16621400
v 0.89975512 -0.49986315 -0.17955330
v 0.87971067 -0.51969600 -0.19911762
v 0.88475418 -0.50705898 -0.20991609
v 0.88190913 -0.50307661 -0.22541508
v 0.87479663 -0.50985843 -0.23113193
v 0.86134744 -0.52182513 -0.24320082
v 0.86652017 -0.51088357 -0.24993399
v 0.86264062 -0.50390464 -0.26987943
v 0.85526943 -0.51389992 -0.26987943
v 0.84194958 -0.52245599 -0.28372690
v 0.84932077 -0.50930643 -0.28880852
v 0.84350133 -0.50481147 -0.30646721
v 0.83574224 -0.51092303 -0.31180292
v 0.82125854 -0.52178574 -0.32234734
v 0.82630193 -0.51011473 -0.32933459
v 0.82242239 -0.50347090 -0.34394431
v 0.79966223 -0.51979452 -0.35957032
v 0.80392969 -0.50532407 -0.36986065
v 0.79604125 -0.51531935 -0.36986065
v 0.78168690 -0.52204204 -0.38218364
v 0.78854072 -0.50836009 -0.38802752
v 0.78194547 -0.50274146 -0.40251017
v 0.76332355 -0.50425947 -0.42385307
v 0.74418432 -0.50500864 -0.44443369
v 0.73836493 -0.51835537 -0.43820870
v 0.72452784 -0.50506777 -0.46425208
v 0.70409542 -0.50451577 -0.48356232
v 0.68314576 -0.50321460 -0.50236440
v 0.66129076 -0.50136143 -0.52078533
v 0.64021182 -0.52038598 -0.52002305
v 0.63090086 -0.51050901 -0.53412461
v 0.62495214 -0.50414121 -0.54301751
v 0.64810026 -0.50885296 -0.52396131
v 0.60064018 -0.50063199 -0.56016803
v 0.58990669 -0.50443691 -0.56308997
v 0.56145644 -0.50100660 -0.58049458
v 0.54994708 -0.50451577 -0.58316243
v 0.51166862 -0.50993729 -0.59497720
v 0.50610793 -0.50321460 -0.60209155
v 0.53016126 -0.51104128 -0.58684659
v 0.52369535 -0.52184486 -0.58125681
v 0.45903575 -0.49966598 -0.61949611
v 0.48994303 -0.50701952 -0.60475940
v 0.47119176 -0.51173127 -0.60730022
v 0.44571590 -0.50222886 -0.62127471
v 0.43006831 -0.50489032 -0.62318033
v 0.40989453 -0.50780809 -0.62521297
v 0.39036733 -0.51167214 -0.62584817
v 0.36993492 -0.51003587 -0.62991351
v 0.36993492 -0.52208143 -0.62140173
v 0.35001978 -0.65669239 -0.51748222
v 0.32997534 -0.65805268 -0.51837152
v 0.30993089 -0.65870327 -0.51887971
v 0.29001576 -0.65866387 -0.51887971
v 0.27010059 -0.65801328 -0.51837152
v 0.25005615 -0.65677124 -0.51760930
v 0.21009657 -0.52239686 -0.62165582
v 0.21009657 -0.51003587 -0.63042164
v -0.12923670 -0.52949411 -0.44913420
v -0.11514091 -0.53605902 -0.45548627
v -0.08746663 -0.52803522 -0.48775467
v -0.02358299 -0.66242933 -0.40289131
v -0.03690287 -0.65702754 -0.39717445
v -0.13557333 -0.53631532 -0.43554083
v -0.14915183 -0.52941525 -0.42906174
v -0.14216861 -0.54195368 -0.42220151
v -0.15535915 -0.53586191 -0.41470611
v -0.07737973 -0.65720499 -0.35702953
v -0.08306977 -0.66252792 -0.34369022
v -0.10156241 -0.66148305 -0.32209325
v -0.11966708 -0.65976787 -0.29960701
v -0.22596735 -0.52671432 -0.32984275
v -0.21665639 -0.53670961 -0.32984275
v -0.37662408 -0.48010916 -0.08973534
v -0.17876589 -0.65858501 -0.17688544
v -0.18096432 -0.66116762 -0.16354614
v -0.21976003 -0.53994280 -0.31967947
v -0.23126945 -0.53164297 -0.31243813
v -0.23670086 -0.53663075 -0.29350904
v -0.14785865 -0.67356807 -0.20801048
v -0.12794349 -0.67406094 -0.24828246
v -0.16660991 -0.66587937 -0.18997066
v -0.12367597 -0.66325736 -0.28614065
v -0.13014191 -0.66582024 -0.26886308
v 0.19250916 -0.51151443 -0.62699157
v 0.18901755 -0.51182985 -0.62622929
v 0.18164636 -0.51965654 -0.61949611
v 0.17000765 -0.51813853 -0.61835277
v 0.14996319 -0.52779865 -0.60628390
v 0.13004805 -0.52488089 -0.60374308
v 0.11401248 -0.52221942 -0.60158336
v 0.15940347 -0.66016215 -0.49995059
v 0.14608362 -0.65746129 -0.49791795
v 0.11000359 -0.66195619 -0.48191077
v 0.07004400 -0.52519631 -0.58417875
v 0.04831840 -0.53083467 -0.57058537
v 0.04262836 -0.51859194 -0.57858896
v 0.09991671 -0.66002417 -0.47987813
v 0.02995509 -0.52681291 -0.56575781
v 0.01547134 -0.52277142 -0.56220067
v 0.00098762 -0.53944993 -0.53920627
v -0.01000449 -0.52592576 -0.54530424
v -0.02953169 -0.52971095 -0.52942407
v 0.02090275 -0.65937358 -0.43922502
v -0.04556724 -0.52423030 -0.52383429
v -0.00198671 -0.66136473 -0.42143929
v -0.06987923 -0.52503860 -0.50477815
v -0.37158063 -0.48010916 0.08990056
v -0.25480554 -0.51725137 0.28973597
v -0.24588248 -0.51725137 0.30739468
v -0.24109766 -0.51725137 0.31679571
v -0.23773542 -0.51725137 0.32289368
v -0.21794957 -0.51725137 0.35643250
v -0.19997421 -0.52011001 0.37993506
v -0.18174022 -0.52198285 0.40216723
v -0.16298896 -0.52312630 0.42338309
v -0.14372042 -0.52373743 0.44383666
v -0.05953372 -0.65961015 0.37942690
v -0.12393460 -0.52365857 0.46365505
v -0.03935993 -0.65931439 0.39937234
v -0.10324356 -0.52288973 0.48271120
v -0.09690693 -0.51725137 0.49350968
v 0.04392155 -0.51725137 0.58027864
v 0.05426708 -0.51725137 0.58434397
v 0.06306078 -0.51725137 0.58777410
v 0.07004400 -0.51725137 0.59031487
v 0.09060574 -0.51725137 0.59768325
v 0.10340832 -0.51725137 0.60174859
v 0.11970252 -0.51725137 0.60619503
v 0.12940146 -0.51725137 0.60860878
v 0.14414383 -0.51725137 0.61216593
v 0.19250916 -0.49325877 0.63719302
v 0.21009657 -0.48633897 0.64341801
v -0.09457919 -0.51725137 0.49541530
v -0.08410433 -0.51725137 0.50392705
v -0.06599966 -0.51725137 0.51752043
v -0.05733529 -0.51725137 0.52361840
v -0.03638560 -0.51725137 0.53784698
v -0.01440135 -0.51725137 0.55093217
v -0.00289196 -0.51725137 0.55753833
v 0.00331536 -0.51725137 0.56096840
v 0.03797287 -0.51725137 0.57773781
v 0.23014101 -0.48791611 0.64430732
v 0.25005615 -0.48905957 0.64494252
v 0.27010059 -0.49970543 0.63960677
v 0.29001576 -0.49990258 0.63973379
v 0.31006020 -0.49958712 0.63947976
v 0.32997534 -0.49871969 0.63897157
v 0.32997534 -0.51003587 0.63147616
v 0.35001978 -0.51003587 0.62982464
v 0.37187472 -0.51200730 0.62614042
v 0.38997939 -0.50883329 0.62575930
v 0.41002384 -0.50625062 0.62398076
v 0.43006831 -0.50325406 0.62194806
v 0.44287089 -0.50112486 0.62055063
v 0.46356195 -0.52133226 0.60085928
v 0.47015721 -0.51127785 0.60619503
v 0.44972479 -0.50867552 0.61343634
v 0.48994303 -0.50581694 0.60390830
v 0.50429744 -0.50234717 0.60136747
v 0.51063406 -0.50942469 0.59387201
v 0.52938533 -0.51058787 0.58574140
v 0.55007637 -0.50339204 0.58218426
v 0.55007637 -0.51340705 0.57481587
v 0.56856906 -0.50920784 0.56922609
v 0.58977735 -0.50380605 0.56261998
v 0.60012287 -0.50023770 0.55995208
v 0.62482285 -0.50400317 0.54280156
v 0.63090086 -0.51041043 0.53403574
v 0.64021182 -0.52030712 0.52006125
v 0.64810026 -0.50883329 0.52399951
v 0.65353167 -0.51468849 0.51536071
v 0.66866195 -0.50893182 0.50888163
v 0.68314576 -0.50321460 0.50240254
v 0.70422471 -0.50445664 0.48360050
v 0.71120799 -0.51141584 0.47102344
v 0.72452784 -0.50502837 0.46429026
v 0.73138177 -0.51163274 0.45133209
v 0.74418432 -0.50492978 0.44434482
v 0.76332355 -0.50408208 0.42389125
v 0.75090891 -0.51117927 0.43100554
v 0.76978952 -0.50995696 0.40966266
v 0.77638483 -0.51583195 0.39505294
v 0.78828216 -0.50802493 0.38755754
v 0.80341244 -0.50447631 0.36989883
v 0.78129888 -0.52152944 0.38171363
v 0.79539466 -0.51447165 0.36989883
v 0.82487941 -0.50954300 0.32848349
v 0.81052506 -0.51084411 0.35084268
v 0.81660306 -0.51591080 0.33420032
v 0.84259617 -0.50362861 0.30498090
v 0.83431971 -0.51019359 0.31095183
v 0.84569979 -0.51019359 0.28910080
v 0.84091496 -0.52117455 0.28185946
v 0.85462284 -0.51003587 0.27106097
v 0.85733855 -0.51669937 0.25403747
v 0.86458039 -0.51003587 0.24844767
v 0.88100386 -0.50167686 0.22291245
v 0.87298608 -0.50901067 0.22977266
v 0.88333166 -0.50500864 0.20995426
v 0.90078974 -0.50151914 0.16345727
v 0.88591802 -0.51102155 0.18962771
v 0.88074529 -0.52121401 0.18289454
v 0.89354789 -0.50891209 0.17006341
v 0.90260017 -0.50410175 0.14999093
v 0.90492797 -0.50753212 0.12991847
v 0.90609181 -0.51165247 0.11060824
v 0.91967034 -0.49974483 0.07846688
v 0.91087663 -0.51003587 0.09002761
v 0.92510176 -0.49183932 0.07109850
v 0.92833471 -0.49002558 0.05000971
v 0.91488552 -0.51265788 -0.04997153
v 0.92122209 -0.50211060 0.05000971
v 0.91514409 -0.51319015 0.02993723
v 0.90518653 -0.52683264 0.02993723
v 0.90557456 -0.52736491 0.00999180
v 0.91178179 -0.51926225 -0.00195005
v 0.90570390 -0.52750295 -0.00995363
v 0.90544522 -0.52718753 -0.03002610
v 0.90389335 -0.52519631 -0.06991696
v 0.90260017 -0.52356005 -0.08986239
v 0.90104830 -0.52150971 -0.10993486
v 0.90001380 -0.52026772 -0.12073334
v 0.89872062 -0.51829624 -0.13419968
v 0.89678085 -0.51565450 -0.14995275
v 0.89522898 -0.50956267 -0.17167677
v 0.88177979 -0.52239686 -0.18577830
v 0.77961779 -0.65959042 -0.15909971
v 0.76177168 -0.66201532 -0.20496149
v 0.86406314 -0.52505833 -0.22986153
v 0.87777090 -0.51705420 -0.20991609
v 0.85837305 -0.51809907 -0.25654012
v 0.75918531 -0.65888071 -0.21830079
v 0.73978746 -0.65984672 -0.25971615
v 0.83832860 -0.51815826 -0.29706618
v 0.84531188 -0.52641863 -0.26987943
v 0.81724966 -0.51681763 -0.33568662
v 0.82487941 -0.52584690 -0.30989733
v 0.72284669 -0.66276449 -0.28499728
v 0.71870846 -0.65846670 -0.29833660
v 0.80392969 -0.52470350 -0.34623104
v 0.70099175 -0.66102958 -0.32145804
v 0.76319420 -0.52365857 -0.40403467
v 0.77651405 -0.51608819 -0.39552292
v 0.76991880 -0.51019359 -0.41000560
v 0.75776279 -0.51760626 -0.41724694
v 0.74444294 -0.52464432 -0.42486939
v 0.65754056 -0.65696841 -0.37748310
v 0.72491574 -0.52501893 -0.44494185
v 0.71832049 -0.51841456 -0.45828116
v 0.71120799 -0.51145530 -0.47098526
v 0.69750011 -0.51784283 -0.47784546
v 0.69038761 -0.51052868 -0.49016845
v 0.67603314 -0.51652193 -0.49677458
v 0.66866195 -0.50895154 -0.50884348
v 0.65366101 -0.51470816 -0.51532257
v 0.62986624 -0.52409232 -0.52345318
v 0.61641705 -0.51748794 -0.53768176
v 0.66258401 -0.52239686 -0.50198323
v 0.60128677 -0.66097045 -0.42080408
v 0.60852861 -0.50905013 -0.54898840
v 0.60309720 -0.52221942 -0.54174709
v 0.58990669 -0.51443219 -0.55546749
v 0.57775068 -0.51865113 -0.55864352
v 0.56443083 -0.52273202 -0.56207365
v 0.54994708 -0.51451105 -0.57553995
v 0.53688586 -0.51837510 -0.57846189
v 0.50998747 -0.52501893 -0.58392465
v 0.48994303 -0.51703453 -0.59751803
v 0.49860740 -0.65913701 -0.47924292
v 0.48528755 -0.66217303 -0.48191077
v 0.45140594 -0.50936556 -0.61466855
v 0.47869226 -0.51951855 -0.59942365
v 0.46537241 -0.52204204 -0.60145634
v 0.43006831 -0.51490533 -0.61606604
v 0.40989453 -0.51780337 -0.61809868
v 0.39735058 -0.51945943 -0.61936909
v 0.38403070 -0.52085912 -0.62038541
v 0.36993492 -0.65460265 -0.51621181
v 0.38997939 -0.66501194 -0.50477815
v 0.36993492 -0.66623425 -0.50630265
v 0.32997534 -0.66765368 -0.50846231
v 0.35001978 -0.66712141 -0.50757307
v 0.30993089 -0.66790998 -0.50897050
v 0.29001576 -0.66790998 -0.50884348
v 0.27010059 -0.66765368 -0.50846231
v 0.25005615 -0.66716081 -0.50757307
v 0.23014101 -0.66633278 -0.50642967
v 0.21009657 -0.66514993 -0.50503224
v 0.23014101 -0.65503639 -0.51633888
v 0.19509554 -0.52107596 -0.62063950
v 0.19250916 -0.52078027 -0.62051249
v 0.19250916 -0.51717252 -0.62305325
v -0.05772325 -0.65759927 -0.37748310
v -0.00922859 -0.66556394 -0.40962449
v -0.03017828 -0.66678625 -0.39018720
v -0.04440337 -0.66300106 -0.38383517
v -0.06418920 -0.66309965 -0.36427087
v -0.07039651 -0.66692424 -0.35016930
v -0.08979437 -0.66572165 -0.32920754
v -0.10595927 -0.66461766 -0.30989733
v -0.37959841 -0.48010916 -0.07969911
v -0.36679581 -0.49099159 -0.08833790
v -0.17126539 -0.66720027 -0.17015228
v -0.18277478 -0.66309965 -0.14995275
v -0.36007121 -0.50021797 -0.08058840
v -0.15096229 -0.67589438 -0.18997066
v -0.13169375 -0.67693925 -0.22986153
v -0.13984084 -0.67999500 -0.20013393
v -0.11177862 -0.66863942 -0.29173046
v -0.10893360 -0.67709696 -0.27064165
v -0.12018436 -0.68007386 -0.24053296
v -0.16803241 -0.67406094 -0.14868236
v 0.17000765 -0.66146332 -0.50122100
v 0.18992278 -0.66357279 -0.50325364
v 0.15164433 -0.66611594 -0.49067661
v 0.13004805 -0.66524851 -0.48546791
v 0.11000359 -0.67086715 -0.46984190
v 0.09202825 -0.66518939 -0.46996891
v 0.04068857 -0.53964710 -0.55953282
v 0.07004400 -0.66278422 -0.46285462
v 0.05931053 -0.66033959 -0.46018678
v 0.03422262 -0.66294193 -0.44316328
v 0.01003996 -0.66444021 -0.42550460
v -0.26204738 -0.52263343 0.26483595
v -0.25907305 -0.51900595 0.27817526
v -0.25777987 -0.51725137 0.28363803
v -0.37727067 -0.48010916 0.07402045
v -0.18018842 -0.66026074 0.18060781
v -0.16182509 -0.66211390 0.22469102
v -0.24252018 -0.52320516 0.30498090
v -0.23902860 -0.51894683 0.31844723
v -0.22182915 -0.52229828 0.34322023
v -0.12160686 -0.66158158 0.30244008
v -0.20333651 -0.52373743 0.36977178
v -0.10363153 -0.66309965 0.32467225
v -0.09832942 -0.65803295 0.33801156
v -0.07919019 -0.65913701 0.35910034
v -0.06587034 -0.66426277 0.36621463
v -0.04634318 -0.66434163 0.38603303
v -0.02604008 -0.66390789 0.40483510
v -0.01776364 -0.65777671 0.41817439
v -0.08203521 -0.52172655 0.50138623
v 0.04275768 -0.51861167 0.57875419
v 0.05607754 -0.52192372 0.58154905
v 0.07004400 -0.52501893 0.58408988
v 0.09642509 -0.66156191 0.48131374
v 0.10120989 -0.51955795 0.59946185
v 0.11465909 -0.52192372 0.60136747
v 0.13004805 -0.52436835 0.60340011
v 0.15009251 -0.52722692 0.60568684
v 0.15009251 -0.51725137 0.61343634
v 0.19250916 -0.49450079 0.63643074
v 0.21009657 -0.49633422 0.63757414
v 0.23014101 -0.49793112 0.63846344
v -0.05979234 -0.51989311 0.51968014
v -0.04647249 -0.52472317 0.52425361
v 0.01831636 -0.66106904 0.44091472
v -0.02319506 -0.52216029 0.54178524
v 0.00176352 -0.51892710 0.55893576
v 0.01508340 -0.52279115 0.56223881
v 0.08310522 -0.65799356 0.47851884
v 0.25005615 -0.49905485 0.63922566
v 0.25005615 -0.51003587 0.63173026
v 0.27010059 -0.51003587 0.63249248
v 0.31006020 -0.51003587 0.63249248
v 0.29001576 -0.51003587 0.63274658
v 0.32997534 -0.52328402 0.62220216
v 0.35001978 -0.52223915 0.62143993
v 0.36644331 -0.52111542 0.62055063
v 0.37989250 -0.51999170 0.61978841
v 0.38997939 -0.51882851 0.61889911
v 0.41002384 -0.51626563 0.61712050
v 0.43006831 -0.51324934 0.61508787
v 0.44998342 -0.52367830 0.60263789
v 0.42256778 -0.66073388 0.50049692
v 0.43588766 -0.65830898 0.49859130
v 0.47015721 -0.52882379 0.59285569
v 0.47688180 -0.51876938 0.59882665
v 0.48994303 -0.51581222 0.59666693
v 0.50998747 -0.52417117 0.58307356
v 0.52227283 -0.52121401 0.58078682
v 0.53572202 -0.51764566 0.57799190
v 0.55007637 -0.52606380 0.56477964
v 0.56352556 -0.52225888 0.56160361
v 0.57697475 -0.51817799 0.55830055
v 0.58977735 -0.51380134 0.55499750
v 0.60283858 -0.52200258 0.54140413
v 0.60814071 -0.50879383 0.54877251
v 0.61615849 -0.51733023 0.53759289
v 0.64719498 -0.52799582 0.50786531
v 0.66271329 -0.52239686 0.50189435
v 0.62986624 -0.52397406 0.52336431
v 0.56236172 -0.66138446 0.44129586
v 0.59908831 -0.65929472 0.41919073
v 0.67603314 -0.51654166 0.49668571
v 0.69038761 -0.51048928 0.49020663
v 0.69750011 -0.51778364 0.47775659
v 0.71832049 -0.51837510 0.45819229
v 0.73823565 -0.51827651 0.43799278
v 0.75750422 -0.51742882 0.41703102
v 0.76293558 -0.52334315 0.40369174
v 0.79914498 -0.51910454 0.35859218
v 0.76901358 -0.52911955 0.38857386
v 0.76164240 -0.54175657 0.38222179
v 0.77599680 -0.53599989 0.36989883
v 0.78530777 -0.52598494 0.36989883
v 0.82048261 -0.52074087 0.32098806
v 0.80328310 -0.52389514 0.34525287
v 0.83742332 -0.51697534 0.29519874
v 0.84376001 -0.52448660 0.26991761
v 0.82358623 -0.52421063 0.30993551
v 0.81828415 -0.53824735 0.29672325
v 0.74004614 -0.66018188 0.24031706
v 0.86018348 -0.52044511 0.24069817
v 0.87608981 -0.51502365 0.20995426
v 0.86238194 -0.52304745 0.22989970
v 0.87854683 -0.51835537 0.19610681
v 0.89548767 -0.51411676 0.14999093
v 0.88268507 -0.52365857 0.16993636
v 0.85966623 -0.53984427 0.19940987
v 0.77987635 -0.65992558 0.13982765
v 0.89807403 -0.51754707 0.12991847
v 0.89936721 -0.51941997 0.11759549
v 0.90066040 -0.52111542 0.10438323
v 0.92044628 -0.50098687 0.06525462
v 0.91449749 -0.50859666 0.07109850
v 0.90182424 -0.52267289 0.09002761
v 0.90479863 -0.52639890 -0.04997153
v 0.91436827 -0.51212561 0.05000971
v 0.90441060 -0.52590609 0.05000971
v 0.80017948 -0.66035926 0.02447447
v 0.80056739 -0.66073388 0.00999180
v 0.89781535 -0.53745878 -0.00195005
v 0.80069673 -0.66087186 -0.00995363
v 0.80030882 -0.66059589 -0.03002610
v 0.80005014 -0.66022128 -0.04260315
v 0.79953289 -0.65941298 -0.05594245
v 0.79862761 -0.65809214 -0.06991696
v 0.79720509 -0.65562779 -0.08986239
v 0.78323865 -0.66351360 -0.13000733
v 0.88527143 -0.53083467 -0.14792010
v 0.88410759 -0.52529490 -0.16989820
v 0.78129888 -0.66162103 -0.14576040
v 0.76784968 -0.66702282 -0.16989820
v 0.76448739 -0.66451907 -0.18997066
v 0.75142622 -0.66798884 -0.21093242
v 0.74651206 -0.66587937 -0.22986153
v 0.74276185 -0.66286302 -0.24637684
v 0.72698486 -0.66597795 -0.26987943
v 0.71120799 -0.66818595 -0.29096821
v 0.70487130 -0.66410506 -0.30989733
v 0.68935305 -0.66526824 -0.32869938
v 0.68262845 -0.66233075 -0.34318206
v 0.66374791 -0.66306019 -0.36414382
v 0.64409137 -0.66319817 -0.38396221
v 0.70500064 -0.52474290 -0.46450618
v 0.63684952 -0.65635723 -0.39730150
v 0.62352967 -0.66254759 -0.40276426
v 0.68418026 -0.52379662 -0.48343527
v 0.57775068 -0.65805268 -0.43846276
v 0.58990669 -0.66394734 -0.42448828
v 0.56443083 -0.66256732 -0.44252807
v 0.60878730 -0.66540623 -0.40962449
v 0.53986019 -0.65984672 -0.45980564
v 0.54994708 -0.52677351 -0.56550372
v 0.52654034 -0.66300106 -0.46285462
v 0.50998747 -0.66609621 -0.46666586
v 0.49110690 -0.66824514 -0.47149342
v 0.47002789 -0.66473591 -0.48457864
v 0.43950859 -0.65978760 -0.49969652
v 0.44998342 -0.52468377 -0.60348898
v 0.43006831 -0.52773952 -0.60602981
v 0.42605942 -0.66158158 -0.50122100
v 0.40989453 -0.66333622 -0.50287253
v 0.38997939 -0.67500722 -0.49067661
v 0.40924793 -0.67447490 -0.48800874
v 0.35001978 -0.67709696 -0.49194703
v 0.32997534 -0.67764896 -0.49232814
v 0.36993492 -0.67622948 -0.49143884
v 0.30993089 -0.67790526 -0.49245518
v 0.29001576 -0.67790526 -0.49245518
v 0.27010059 -0.67764896 -0.49232814
v 0.25005615 -0.67715609 -0.49194703
v 0.23014101 -0.67632806 -0.49131182
v 0.21009657 -0.67514521 -0.49054956
v 0.19082803 -0.67469180 -0.48800874
v 0.19250916 -0.66376990 -0.50350773
v 0.01159179 -0.67482978 -0.40797293
v -0.00858200 -0.67620981 -0.38840863
v -0.02901441 -0.67693925 -0.36871728
v -0.05061069 -0.66727912 -0.37049586
v -0.06871536 -0.67636752 -0.32895347
v -0.08837187 -0.67500722 -0.30837283
v -0.04905885 -0.67703784 -0.34915298
v -0.38115022 -0.48137090 -0.06623277
v -0.38218477 -0.48010916 -0.06699502
v -0.18523183 -0.66534710 -0.12988029
v -0.36110577 -0.50114459 -0.06978992
v -0.20010355 -0.66033959 -0.08160473
v -0.16014394 -0.68009359 -0.14105989
v -0.14100471 -0.68031043 -0.18997066
v -0.09354463 -0.67835867 -0.28982484
v -0.09755352 -0.67981756 -0.27775598
v -0.12160686 -0.68033016 -0.22986153
v -0.08048341 -0.68015271 -0.30075037
v -0.10156241 -0.68033016 -0.26454371
v -0.17100674 -0.67538178 -0.12988029
v 0.17000765 -0.67047286 -0.48978731
v 0.12888418 -0.67613095 -0.46844444
v 0.12151299 -0.67985702 -0.45853525
v 0.08840731 -0.67709696 -0.44875309
v 0.07004400 -0.67177403 -0.44989645
v 0.05155137 -0.66522878 -0.44989645
v 0.02853258 -0.66832399 -0.43160257
v -0.25351229 -0.52961242 0.27080688
v -0.15898007 -0.65872300 0.23803031
v -0.24006316 -0.54025823 0.28033495
v -0.24510661 -0.52994752 0.28821149
v -0.38063297 -0.48010916 0.06182452
v -0.38037434 -0.48050344 0.06157043
v -0.18161091 -0.66189706 0.16980933
v -0.17061880 -0.66605681 0.18835731
v -0.16479942 -0.66471624 0.20982723
v -0.15135026 -0.66790998 0.23078899
v -0.14604816 -0.66542596 0.24997216
v -0.14229792 -0.66244906 0.26483595
v -0.23670086 -0.53655189 0.29380131
v -0.13880631 -0.65850616 0.27804822
v -0.22570872 -0.52665520 0.32988092
v -0.12535712 -0.66463733 0.28999007
v -0.11009747 -0.66629338 0.30942732
v -0.09095824 -0.66798884 0.33077022
v -0.08513889 -0.66386849 0.34576106
v -0.04996410 -0.67096573 0.36977178
v -0.07156038 -0.66885626 0.35135084
v -0.03341126 -0.67766869 0.37332892
v -0.02966100 -0.67078829 0.38959017
v -0.01065111 -0.66789025 0.41093305
v -0.00444379 -0.66284335 0.42300195
v 0.05607754 -0.66205478 0.46187648
v 0.07004400 -0.66499221 0.46530658
v 0.08982982 -0.66735798 0.47102344
v 0.11000359 -0.66388822 0.48372751
v 0.14285064 -0.65880185 0.49909949
v 0.15617050 -0.66106904 0.50075102
v 0.17000765 -0.51725137 0.61762869
v 0.19250916 -0.51044983 0.62588638
v 0.17143016 -0.51725137 0.61788279
v 0.21009657 -0.51003587 0.62830013
v 0.23014101 -0.51003587 0.63033277
v 0.01107451 -0.66574138 0.42973512
v 0.02995509 -0.66398680 0.44447187
v 0.04275768 -0.65769786 0.45819229
v 0.25005615 -0.52330375 0.62232924
v 0.27010059 -0.52389514 0.62271035
v 0.29001576 -0.52411205 0.62283736
v 0.31006020 -0.52391487 0.62271035
v 0.31006020 -0.65817100 0.51853675
v 0.32997534 -0.65728384 0.51790154
v 0.35001978 -0.65584469 0.51701224
v 0.36993492 -0.65373522 0.51561481
v 0.38997939 -0.54163826 0.60111338
v 0.38997939 -0.53004611 0.61026031
v 0.40911859 -0.53130782 0.60594094
v 0.43006831 -0.52677351 0.60505164
v 0.43006831 -0.53678846 0.59717512
v 0.42955101 -0.66690451 0.49109590
v 0.44998342 -0.66607654 0.48639539
v 0.47002789 -0.66331649 0.48309231
v 0.41519660 -0.53883880 0.59882665
v 0.41002384 -0.66231102 0.50189435
v 0.48283046 -0.66114789 0.48093262
v 0.48089069 -0.54039627 0.58015162
v 0.48864985 -0.53063756 0.58548731
v 0.49421054 -0.53767562 0.57773781
v 0.53029060 -0.53020382 0.56998831
v 0.53830838 -0.53919369 0.55906284
v 0.52421260 -0.66201532 0.46187648
v 0.53753245 -0.65826952 0.45844638
v 0.57878524 -0.53943026 0.53924441
v 0.58977735 -0.52606380 0.54496127
v 0.61008048 -0.53018409 0.52997041
v 0.66943789 -0.52975041 0.48944438
v 0.68418026 -0.52377689 0.48334640
v 0.61732233 -0.53836566 0.51828265
v 0.55007637 -0.66426277 0.44485301
v 0.56921566 -0.66617507 0.43011624
v 0.58576846 -0.66323763 0.42363715
v 0.60982180 -0.66369104 0.40496212
v 0.62068462 -0.66061556 0.40051571
v 0.67629182 -0.53710395 0.47686732
v 0.70487130 -0.52466404 0.46441731
v 0.69090486 -0.53089386 0.47064230
v 0.71793258 -0.53822768 0.43773869
v 0.72491574 -0.52488089 0.44485301
v 0.69750011 -0.53801078 0.45768413
v 0.74418432 -0.52442747 0.42478052
v 0.73112309 -0.53132755 0.43125960
v 0.75039160 -0.53055871 0.41042489
v 0.75659895 -0.53668994 0.39556110
v 0.77961779 -0.53982455 0.35948148
v 0.79151511 -0.53185987 0.35236719
v 0.67849028 -0.65836811 0.33801156
v 0.70163834 -0.66152245 0.30231303
v 0.79733443 -0.53722221 0.33547074
v 0.80134332 -0.54146081 0.32225847
v 0.84932077 -0.52929693 0.24844767
v 0.75970262 -0.65968901 0.19940987
v 0.81466317 -0.53420591 0.30993551
v 0.74250317 -0.66246873 0.22989970
v 0.71922576 -0.65919614 0.27893752
v 0.72310531 -0.66278422 0.26547116
v 0.72982991 -0.66481477 0.24819359
v 0.86613226 -0.52760148 0.20995426
v 0.88553011 -0.52710867 0.14999093
v 0.76215971 -0.66227162 0.18607056
v 0.76500469 -0.66471624 0.16993636
v 0.76823771 -0.66692424 0.14999093
v 0.78155756 -0.66175902 0.12648836
v 0.87906408 -0.53915423 0.13677868
v 0.88682330 -0.53150499 0.13004550
v 0.88061595 -0.54096800 0.12343938
v 0.89328921 -0.52868581 0.11060824
v 0.79746377 -0.65645581 0.06995513
v 0.89380646 -0.53268784 0.09002761
v 0.90324676 -0.52450633 0.06995513
v 0.79901564 -0.65866387 0.05000971
v 0.79966223 -0.65972841 0.03781377
v 0.78892875 -0.66757482 0.05000971
v 0.79177380 -0.66676652 0.03069948
v 0.78996325 -0.66929001 0.00999180
v 0.78996325 -0.66944772 -0.00195005
v 0.78983390 -0.66954625 -0.00995363
v 0.78983390 -0.66919142 -0.03002610
v 0.79164445 -0.66670740 -0.04959041
v 0.78867006 -0.66761422 -0.06991696
v 0.78711832 -0.66668767 -0.08986239
v 0.78530777 -0.66534710 -0.10993486
v 0.76810837 -0.67457348 -0.12899101
v 0.77172929 -0.66796911 -0.15135022
v 0.75207281 -0.67699838 -0.16989820
v 0.74845183 -0.67540151 -0.18984362
v 0.72879535 -0.67666322 -0.23138601
v 0.73176968 -0.66879714 -0.25183961
v 0.70900953 -0.67666322 -0.27076870
v 0.69400853 -0.67816156 -0.28995189
v 0.68831849 -0.67453408 -0.30862692
v 0.67008448 -0.66684538 -0.34991524
v 0.65042800 -0.66749597 -0.37036881
v 0.62999558 -0.66712141 -0.39031425
v 0.57063812 -0.66796911 -0.43096736
v 0.54994708 -0.66583991 -0.44684747
v 0.60995114 -0.67648578 -0.38917089
v 0.58887213 -0.67445523 -0.40835407
v 0.53184241 -0.66889572 -0.45180207
v 0.51192725 -0.67688012 -0.44888014
v 0.47054517 -0.67563808 -0.46844444
v 0.44998342 -0.66721994 -0.48800874
v 0.43174946 -0.66802824 -0.49169293
v 0.40213537 -0.68011326 -0.48013219
v 0.41558456 -0.67964011 -0.47746435
v 0.44998342 -0.67721522 -0.47225568
v 0.38997939 -0.68031043 -0.48064038
v 0.36993492 -0.68052727 -0.48140261
v 0.35001978 -0.68060613 -0.48203781
v 0.32997534 -0.68060613 -0.48241895
v 0.27010059 -0.68058646 -0.48229191
v 0.25005615 -0.68056673 -0.48191077
v 0.23014101 -0.68046814 -0.48140261
v 0.21009657 -0.68027097 -0.48064038
v 0.19806989 -0.68007386 -0.48000517
v 0.19250916 -0.67597324 -0.48610312
v 0.19250916 -0.67991614 -0.47898883
v 0.18462071 -0.67969930 -0.47746435
v 0.14996319 -0.67751098 -0.47238269
v 0.05038750 -0.67678154 -0.42842653
v 0.02995509 -0.67816156 -0.41203827
v 0.01948026 -0.68007386 -0.40009642
v 0.00603107 -0.67879242 -0.39387140
v -0.03509241 -0.67936414 -0.35512391
v -0.01440135 -0.67916697 -0.37468821
v -0.07440540 -0.67879242 -0.31421670
v -0.05500755 -0.67924583 -0.33492440
v -0.38502982 -0.48010916 -0.04997153
v -0.38270208 -0.48010916 -0.06394603
v -0.18743026 -0.66704255 -0.10993486
v -0.37261519 -0.49270675 -0.04997153
v -0.20087945 -0.66122675 -0.06978992
v -0.19130984 -0.66684538 -0.08897310
v -0.16091987 -0.68033016 -0.12988029
v -0.17928317 -0.67991614 -0.03752152
v -0.17773134 -0.67969930 -0.04997153
v -0.17359313 -0.67829955 -0.08998943
v -0.17217061 -0.67707723 -0.10993486
v -0.17165336 -0.67615068 -0.12060630
v -0.12988329 -0.68090189 -0.18997066
v -0.14333248 -0.68064559 -0.16989820
v -0.10983884 -0.68090189 -0.22986153
v -0.06121486 -0.68021184 -0.32158509
v -0.06871536 -0.68038929 -0.30837283
v 0.13470353 -0.68033016 -0.46082199
v 0.08051884 -0.67991614 -0.43922502
v -0.38296071 -0.48010916 0.04988266
v -0.36058852 -0.50071084 0.06271380
v -0.19971558 -0.65970874 0.09879343
v -0.18419731 -0.66445994 0.14999093
v -0.16984287 -0.67096573 0.16980933
v -0.14837590 -0.67555922 0.20982723
v -0.12871942 -0.67615068 0.25035328
v -0.13117647 -0.66806769 0.27080688
v -0.10854563 -0.67516494 0.28910080
v -0.08940640 -0.67711663 0.31031662
v -0.07052583 -0.67808270 0.33165950
v -0.05487823 -0.67816156 0.34995341
v -0.04026517 -0.68001473 0.36011669
v -0.02009138 -0.67999500 0.37980804
v -0.01000449 -0.67768836 0.39289325
v 0.00965199 -0.67688012 0.40915447
v 0.03098965 -0.67457348 0.42846471
v 0.04961158 -0.66753542 0.45082393
v 0.06991468 -0.67573667 0.44866422
v 0.11052087 -0.67479032 0.46835557
v 0.13004805 -0.66654968 0.48703060
v 0.14970455 -0.66733825 0.49135000
v 0.17000765 -0.66262645 0.50227553
v 0.18681912 -0.51725137 0.62042361
v 0.19250916 -0.51267761 0.62436187
v 0.18565525 -0.51890737 0.61902612
v 0.19897512 -0.52022827 0.61991543
v 0.21009657 -0.52107596 0.62055063
v 0.23014101 -0.52237713 0.62156695
v 0.25005615 -0.65714586 0.51790154
v 0.27010059 -0.65813154 0.51853675
v 0.29001576 -0.65846670 0.51879084
v 0.31006020 -0.66779166 0.50850052
v 0.32997534 -0.66741711 0.50799233
v 0.35001978 -0.66678625 0.50697601
v 0.36993492 -0.66580051 0.50557858
v 0.38997939 -0.66434163 0.50392705
v 0.40187675 -0.54045540 0.60009706
v 0.41002384 -0.67169517 0.48982549
v 0.44998342 -0.67607176 0.47127751
v 0.46873468 -0.67419893 0.46810150
v 0.48968440 -0.66688478 0.47089639
v 0.50998747 -0.66481477 0.46517953
v 0.49615034 -0.65775698 0.47813773
v 0.53054923 -0.66745651 0.45095095
v 0.54852456 -0.67481005 0.42808360
v 0.59132922 -0.66832399 0.41144124
v 0.60982180 -0.67212892 0.38984427
v 0.62844372 -0.66367137 0.38844681
v 0.64085841 -0.66081274 0.38095140
v 0.73745978 -0.53775454 0.41715807
v 0.65999758 -0.66012275 0.35998964
v 0.68340433 -0.66286302 0.32467225
v 0.68999964 -0.66591883 0.30942732
v 0.70564723 -0.66449934 0.28986302
v 0.74728799 -0.66609621 0.20995426
v 0.71146661 -0.66804796 0.27131504
v 0.72982991 -0.67108399 0.22989970
v 0.75181413 -0.66812682 0.19166037
v 0.74819320 -0.67551976 0.16917412
v 0.76991880 -0.67321318 0.10997304
v 0.77185857 -0.66785085 0.13195112
v 0.78349733 -0.66367137 0.10997304
v 0.78556645 -0.66538650 0.09002761
v 0.78737688 -0.66664827 0.06995513
v 0.77147067 -0.67664349 0.06995513
v 0.77237588 -0.67757010 0.05000971
v 0.77302253 -0.67818123 0.02993723
v 0.77366912 -0.67849666 0.00999180
v 0.77392769 -0.67857552 -0.00195005
v 0.77392769 -0.67863470 -0.00995363
v 0.77392769 -0.67853612 -0.03002610
v 0.77341044 -0.67822069 -0.04997153
v 0.77263451 -0.67760950 -0.06991696
v 0.77172929 -0.67670268 -0.08986239
v 0.77082407 -0.67536205 -0.10993486
v 0.76021993 -0.68007386 -0.12162263
v 0.74069273 -0.68025130 -0.18311045
v 0.75724554 -0.67958099 -0.13496193
v 0.73720109 -0.67962039 -0.19644976
v 0.71922576 -0.67989641 -0.23913552
v 0.69801742 -0.67973870 -0.27788299
v 0.68068862 -0.68019211 -0.30100447
v 0.67499864 -0.67871356 -0.31434375
v 0.66892064 -0.67622948 -0.32946163
v 0.64965212 -0.67717582 -0.35016930
v 0.63012493 -0.67733353 -0.36986065
v 0.55059367 -0.67648578 -0.42880765
v 0.61667573 -0.67942327 -0.37659383
v 0.59456217 -0.67881215 -0.39539587
v 0.56986225 -0.67800379 -0.41381684
v 0.51994503 -0.67995554 -0.43973318
v 0.47752839 -0.67973870 -0.45790005
v 0.46433786 -0.68031043 -0.46082199
v 0.44998342 -0.68060613 -0.46234646
v 0.43006831 -0.67885154 -0.47479647
v 0.43006831 -0.68074417 -0.46476024
v 0.38997939 -0.68100041 -0.46984190
v 0.36993492 -0.68111873 -0.46984190
v 0.35001978 -0.68111873 -0.46984190
v 0.25005615 -0.68103987 -0.46984190
v 0.23014101 -0.68100041 -0.46984190
v 0.21009657 -0.68084270 -0.46984190
v 0.14996319 -0.68058646 -0.46234646
v 0.07004400 -0.67896986 -0.43515971
v 0.01159179 -0.68021184 -0.38840863
v -0.02177253 -0.68017244 -0.36122188
v 0.09383871 -0.68031043 -0.44125769
v 0.14996319 -0.68105960 -0.44989645
v -0.04168767 -0.68021184 -0.34178460
v -0.38696960 -0.48010916 -0.02989906
v -0.18988734 -0.67041373 -0.06978992
v -0.20204332 -0.66252792 -0.04997153
v -0.37352040 -0.49367276 -0.02989906
v -0.14979842 -0.68109900 -0.12988029
v -0.16221306 -0.68064559 -0.10993486
v -0.18005908 -0.68009359 -0.02430926
v -0.18807685 -0.67467207 -0.03053426
v -0.18988734 -0.67224717 -0.04997153
v -0.12988329 -0.68121731 -0.16989820
v -0.06987923 -0.68070471 -0.28982484
v -0.08992368 -0.68096101 -0.25006104
v -0.10983884 -0.68113846 -0.21004313
v -0.04905885 -0.68038929 -0.32895347
v -0.38593504 -0.48010916 0.02981019
v -0.37170997 -0.49168161 0.04988266
v -0.20062083 -0.66091132 0.08558117
v -0.18872347 -0.66775227 0.10984600
v -0.18652505 -0.66639197 0.12991847
v -0.16829106 -0.67546064 0.15049911
v -0.15238482 -0.67735326 0.18988180
v -0.13712516 -0.67960072 0.21643336
v -0.13376287 -0.67829955 0.22989970
v -0.11759797 -0.67969930 0.25721350
v -0.11397704 -0.67822069 0.26991761
v -0.09574306 -0.67910784 0.29507172
v -0.07763839 -0.67965984 0.31730387
v -0.05953372 -0.67993581 0.33953604
v -0.04492065 -0.68040901 0.34995341
v -0.02797985 -0.68031043 0.36799321
v -0.01000449 -0.68033016 0.38298404
v 0.01611796 -0.68040901 0.40204018
v 0.03836083 -0.68025130 0.42071521
v 0.02504097 -0.67895013 0.41525245
v 0.04999955 -0.67782640 0.43329227
v 0.06319009 -0.67954159 0.43697646
v 0.09008846 -0.67798412 0.45361882
v 0.10418424 -0.67944300 0.45679486
v 0.11750410 -0.68025130 0.46060607
v 0.13004805 -0.67654496 0.47178566
v 0.17000765 -0.67216831 0.48982549
v 0.18992278 -0.66440076 0.50405407
v 0.19250916 -0.52697062 0.61369044
v 0.23014101 -0.65556866 0.51688522
v 0.21009657 -0.66572165 0.50557858
v 0.23014101 -0.66664827 0.50684899
v 0.25005615 -0.66733825 0.50786531
v 0.27010059 -0.66775227 0.50850052
v 0.29001576 -0.66790998 0.50875461
v 0.31006020 -0.67776728 0.49249336
v 0.32997534 -0.67741239 0.49211222
v 0.35001978 -0.67678154 0.49160406
v 0.36993492 -0.67577606 0.49096885
v 0.39101395 -0.67540151 0.48817396
v 0.39838511 -0.67987669 0.47902700
v 0.46123421 -0.68011326 0.46022496
v 0.43006831 -0.67806298 0.47331017
v 0.48994303 -0.67772782 0.45260251
v 0.50934088 -0.67550009 0.44828311
v 0.53003192 -0.67776728 0.43240297
v 0.55421460 -0.67895013 0.41512540
v 0.57012081 -0.67713636 0.40902746
v 0.61124432 -0.67869383 0.37116924
v 0.62986624 -0.67242461 0.36989883
v 0.59132922 -0.67829955 0.39009833
v 0.64848822 -0.66325736 0.36799321
v 0.66400647 -0.66304046 0.34982637
v 0.67098975 -0.66771281 0.33077022
v 0.68793052 -0.67484951 0.28808445
v 0.72866607 -0.67674208 0.21033539
v 0.70836294 -0.67638725 0.24920991
v 0.75142622 -0.67689979 0.14999093
v 0.73345083 -0.67843753 0.19000883
v 0.73681313 -0.67956126 0.17539912
v 0.74043405 -0.68015271 0.16205983
v 0.75970262 -0.67995554 0.09968272
v 0.76836699 -0.67628866 0.09180618
v 0.76073718 -0.68025130 0.08634342
v 0.76151311 -0.68046814 0.06995513
v 0.76228899 -0.68060613 0.05000971
v 0.76306492 -0.68068498 0.02993723
v 0.76991880 -0.67946267 -0.00195005
v 0.76397014 -0.68076384 -0.00995363
v 0.76384079 -0.68078357 -0.03002610
v 0.76332355 -0.68076384 -0.04997153
v 0.76254761 -0.68068498 -0.06991696
v 0.76177168 -0.68056673 -0.08986239
v 0.76073718 -0.68031043 -0.10993486
v 0.74198592 -0.68052727 -0.16989820
v 0.72413987 -0.68064559 -0.20991609
v 0.72142416 -0.68036956 -0.22579621
v 0.70163834 -0.68036956 -0.26454371
v 0.68405092 -0.68048787 -0.28995189
v 0.66892064 -0.68058646 -0.30862692
v 0.64965212 -0.68078357 -0.32946163
v 0.66167879 -0.68033016 -0.32260141
v 0.63710815 -0.67956126 -0.35702953
v 0.65637672 -0.67930496 -0.33581367
v 0.62365896 -0.68046814 -0.36338156
v 0.60322654 -0.68044841 -0.38205659
v 0.58137161 -0.68025130 -0.40073159
v 0.55744755 -0.67965984 -0.41750100
v 0.50662518 -0.68040901 -0.44163880
v 0.54412770 -0.68036956 -0.42143929
v 0.48994303 -0.68068498 -0.44481483
v 0.44998342 -0.68123698 -0.44976941
v 0.43006831 -0.68131584 -0.44976941
v 0.11000359 -0.68048787 -0.44494185
v -0.02901441 -0.68033016 -0.34915298
v -0.14979842 -0.68145388 -0.08998943
v -0.38787481 -0.48010916 -0.00995363
v -0.20281923 -0.66339535 -0.02989906
v -0.20333651 -0.66382909 -0.00995363
v -0.14979842 -0.68137503 -0.10993486
v -0.16363555 -0.68074417 -0.08998943
v -0.18018842 -0.68017244 -0.00995363
v -0.19027528 -0.67380464 -0.00995363
v -0.17152402 -0.68070471 -0.03053426
v -0.16984287 -0.68098074 -0.00995363
v -0.38735756 -0.48010916 0.00986476
v -0.37300315 -0.49314046 0.02981019
v -0.20165536 -0.66203505 0.06982809
v -0.19182712 -0.66757482 0.09117097
v -0.18988734 -0.67143887 0.06982809
v -0.17165336 -0.67638725 0.12991847
v -0.15820417 -0.67981756 0.15748635
v -0.14087540 -0.68027097 0.20309405
v -0.12121892 -0.68034983 0.24400124
v -0.10091582 -0.68027097 0.28173241
v -0.06418920 -0.68048787 0.32619673
v -0.08242318 -0.68040901 0.30396459
v -0.02991965 -0.68105960 0.34995341
v -0.05177456 -0.68086243 0.33165950
v -0.01000449 -0.68094128 0.36977178
v 0.03098965 -0.68066525 0.40915447
v 0.04999955 -0.68058646 0.42338309
v 0.07650995 -0.68040901 0.44116881
v 0.13004805 -0.68056673 0.46174943
v 0.18061182 -0.67993581 0.47953516
v 0.09008846 -0.68070471 0.44345555
v 0.18850027 -0.67550009 0.48817396
v 0.19250916 -0.67555922 0.48880917
v 0.21009657 -0.67569721 0.49096885
v 0.23014101 -0.67664349 0.49160406
v 0.25005615 -0.67731380 0.49211222
v 0.27010059 -0.67772782 0.49249336
v 0.29001576 -0.67788553 0.49262038
v 0.32997534 -0.68058646 0.48220304
v 0.35001978 -0.68050754 0.48169488
v 0.36993492 -0.68036956 0.48093262
v 0.38506526 -0.68019211 0.48029742
v 0.44998342 -0.68040901 0.46124128
v 0.48994303 -0.68052727 0.44269329
v 0.50235766 -0.68023157 0.44066066
v 0.51567751 -0.67940354 0.43608716
v 0.54089475 -0.68011326 0.42033410
v 0.57697475 -0.67964011 0.39695856
v 0.61887413 -0.67989641 0.35884628
v 0.63012493 -0.67847699 0.35122380
v 0.59882969 -0.67989641 0.37879169
v 0.64991069 -0.67122203 0.34982637
v 0.67991275 -0.67999500 0.28008088
v 0.69181013 -0.67794466 0.26991761
v 0.66853267 -0.67660409 0.30904621
v 0.67422271 -0.67873323 0.29342017
v 0.71366501 -0.67859524 0.22989970
v 0.71741527 -0.67973870 0.21732265
v 0.72116554 -0.68029070 0.20398334
v 0.72349328 -0.68052727 0.19000883
v 0.74146867 -0.68036956 0.14999093
v 0.74987435 -0.68113846 0.06995513
v 0.74987435 -0.68129617 0.05000971
v 0.76371151 -0.68072444 0.00999180
v 0.74987435 -0.68135530 0.02993723
v 0.74987435 -0.68143415 -0.00195005
v 0.74987435 -0.68147361 -0.03002610
v 0.74987435 -0.68147361 -0.04997153
v 0.74987435 -0.68139470 -0.06991696
v 0.74987435 -0.68127644 -0.08986239
v 0.74987435 -0.68103987 -0.10993486
v 0.72995925 -0.68119758 -0.16989820
v 0.70564723 -0.68062586 -0.24993399
v 0.69064623 -0.68076384 -0.27076870
v 0.66995513 -0.68107927 -0.28995189
v 0.62986624 -0.68135530 -0.32984275
v 0.63012493 -0.68088216 -0.35016930
v 0.64292753 -0.68044841 -0.34369022
v 0.60995114 -0.68086243 -0.36986065
v 0.58887213 -0.68076384 -0.38917089
v 0.56986225 -0.68054700 -0.40378058
v 0.52990264 -0.68060613 -0.42601275
v 0.56986225 -0.68127644 -0.38980609
v 0.58990669 -0.68139470 -0.36986065
v -0.14979842 -0.68151301 -0.02989906
v -0.38774553 -0.48010916 -0.00220413
v -0.20333651 -0.66388822 0.00986476
v -0.19027528 -0.67388350 0.00986476
v -0.18018842 -0.68015271 0.00986476
v -0.16984287 -0.68094128 0.00986476
v -0.14979842 -0.68145388 0.06982809
v -0.14979842 -0.68143415 0.08990056
v -0.38360730 -0.48387462 0.00986476
v -0.20256060 -0.66300106 0.04988266
v -0.18988734 -0.67283863 0.04988266
v -0.17954180 -0.67991614 0.03806785
v -0.17423972 -0.67871356 0.08990056
v -0.17281723 -0.67776728 0.10984600
v -0.16053191 -0.68025130 0.14427409
v -0.14229792 -0.68058646 0.18988180
v -0.12393460 -0.68064559 0.22989970
v -0.10389015 -0.68058646 0.26991761
v -0.08940640 -0.68070471 0.28910080
v -0.07052583 -0.68080330 0.31031662
v -0.08992368 -0.68123698 0.26991761
v -0.04996410 -0.68127644 0.30993551
v 0.04999955 -0.68121731 0.40978968
v 0.09008846 -0.68137503 0.42986217
v 0.13004805 -0.68127644 0.44993463
v 0.15009251 -0.68074417 0.46378210
v 0.19406098 -0.68021184 0.48042446
v 0.21009657 -0.68038929 0.48093262
v 0.23014101 -0.68052727 0.48156783
v 0.25005615 -0.68060613 0.48207599
v 0.29001576 -0.68064559 0.48258415
v 0.31006020 -0.68062586 0.48245713
v 0.27010059 -0.68064559 0.48245713
v 0.36993492 -0.68098074 0.46988007
v 0.43006831 -0.68068498 0.46327394
v 0.44998342 -0.68109900 0.44980758
v 0.48994303 -0.68102014 0.42986217
v 0.50934088 -0.68058646 0.42960808
v 0.54852456 -0.68046814 0.40902746
v 0.53003192 -0.68036956 0.42236674
v 0.56352556 -0.68031043 0.40178612
v 0.60555428 -0.68031043 0.36532536
v 0.62365896 -0.68027097 0.34550697
v 0.66103220 -0.68017244 0.30180487
v 0.65521282 -0.67936414 0.31501713
v 0.64913481 -0.67780668 0.32988092
v 0.58550984 -0.68033016 0.38361925
v 0.70073313 -0.68019211 0.24209563
v 0.66853267 -0.68027097 0.28808445
v 0.70370746 -0.68036956 0.22989970
v 0.70978546 -0.68092155 0.19000883
v 0.72982991 -0.68094128 0.14999093
v 0.72982991 -0.68107927 0.12991847
v 0.43006831 -0.68123698 0.44980758
v 0.11000359 -0.68137503 0.42986217
v 0.72995925 -0.68131584 -0.14995275
v 0.68987036 -0.68119758 -0.24993399
v -0.20307788 -0.66367137 0.02981019
v -0.37364975 -0.49386990 0.00986476
v -0.18005908 -0.68007386 0.02472855
v -0.18794754 -0.67490864 0.03069948
v -0.15031570 -0.68137503 0.10908375
v -0.16285965 -0.68070471 0.10908375
v -0.12988329 -0.68137503 0.16980933
v -0.16156647 -0.68050754 0.12991847
v -0.17811930 -0.67975843 0.04988266
v -0.17592087 -0.67936414 0.06982809
v -0.12988329 -0.68121731 0.18988180
v -0.14992774 -0.68121731 0.12991847
v -0.11048543 -0.68078357 0.25035328
v -0.10983884 -0.68129617 0.22989970
v 0.15009251 -0.68131584 0.44993463
v 0.25005615 -0.68113846 0.46988007
v 0.23014101 -0.68107927 0.46988007
v 0.21009657 -0.68100041 0.46988007
v 0.27010059 -0.68113846 0.46988007
v 0.29001576 -0.68111873 0.46988007
v 0.32997534 -0.68105960 0.46988007
v 0.35001978 -0.68102014 0.46988007
v 0.55007637 -0.68090189 0.38984427
v 0.53003192 -0.68084270 0.40978968
v 0.57012081 -0.68056673 0.39009833
v 0.61124432 -0.68046814 0.35122380
v 0.59132922 -0.68052727 0.37116924
v 0.64913481 -0.68034983 0.30904621
v 0.68987036 -0.68074417 0.22989970
f 1 2 3
f 1 3 4
f 1 4 5
f 1 5 6
f 1 6 7
f 1 7 8
f 1 8 2
f 2 9 10
f 2 10 3
f 2 8 9
f 3 10 11
f 3 11 12
f 3 12 13
f 3 13 4
f 4 13 5
f 5 13 14
f 5 14 15
f 5 15 16
f 5 16 17
f 5 17 6
f 6 17 7
f 7 18 19
f 7 19 20
f 7 20 21
f 7 21 22
f 7 22 23
f 7 23 24
f 7 24 25
f 7 25 26
f 7 26 27
f 7 27 28
f 7 28 29
f 7 29 118
f 7 118 308
f 7 308 509
f 7 509 737
f 7 737 932
f 7 932 1121
f 7 1121 1120
f 7 1120 1249
f 7 1249 1359
f 7 1359 1443
f 7 1443 1368
f 7 1368 1263
f 7 1263 1139
f 7 1139 955
f 7 955 763
f 7 763 543
f 7 543 341
f 7 341 146
f 7 146 33
f 7 33 8
f 7 17 30
f 7 30 31
f 7 31 32
f 7 32 18
f 8 33 34
f 8 34 35
f 8 35 36
f 8 36 37
f 8 37 38
f 8 38 39
f 8 39 40
f 8 40 41
f 8 41 42
f 8 42 43
f 8 43 44
f 8 44 45
f 8 45 46
f 8 46 47
f 8 47 48
f 8 48 49
f 8 49 50
f 8 50 51
f 8 51 52
f 8 52 53
f 8 53 54
f 8 54 55
f 8 55 56
f 8 56 57
f 8 57 58
f 8 58 59
f 8 59 60
f 8 60 61
f 8 61 62
f 8 62 63
f 8 63 64
f 8 64 65
f 8 65 66
f 8 66 67
f 8 67 68
f 8 68 69
f 8 69 70
f 8 70 71
f 8 71 72
f 8 72 73
f 8 73 74
f 8 74 75
f 8 75 76
f 8 76 77
f 8 77 78
f 8 78 79
f 8 79 80
f 8 80 81
f 8 81 82
f 8 82 83
f 8 83 84
f 8 84 85
f 8 85 86
f 8 86 87
f 8 87 88
f 8 88 89
f 8 89 90
f 8 90 91
f 8 91 92
f 8 92 93
f 8 93 9
f 9 93 94
f 9 94 10
f 10 94 95
f 10 95 11
f 11 95 96
f 11 96 97
f 11 97 12
f 12 97 98
f 12 98 13
f 13 98 99
f 13 99 14
f 14 99 15
f 15 99 100
f 15 100 101
f 15 101 16
f 16 101 102
f 16 102 17
f 17 102 30
f 18 103 19
f 18 32 104
f 18 104 105
f 18 105 103
f 19 103 106
f 19 106 20
f 20 106 107
f 20 107 108
f 20 108 21
f 21 108 109
f 21 109 110
f 21 110 22
f 22 110 23
f 23 110 111
f 23 111 24
f 24 111 112
f 24 112 25
f 25 113 26
f 25 112 113
f 26 114 27
f 26 113 114
f 27 114 113
f 27 113 115
f 27 115 28
f 28 116 29
f 28 115 117
f 28 117 116
f 29 116 119
f 29 119 120
f 29 120 121
f 29 121 122
f 29 122 123
f 29 123 124
f 29 124 118
f 30 102 125
f 30 125 31
f 31 125 32
f 32 125 126
f 32 126 127
f 32 127 128
f 32 128 129
f 32 129 130
f 32 130 131
f 32 131 132
f 32 132 133
f 32 133 134
f 32 134 135
f 32 135 136
f 32 136 137
f 32 137 138
f 32 138 139
f 32 139 140
f 32 140 141
f 32 141 142
f 32 142 143
f 32 143 144
f 32 144 145
f 32 145 104
f 33 146 147
f 33 147 148
f 33 148 149
f 33 149 150
f 33 150 151
f 33 151 152
f 33 152 153
f 33 153 154
f 33 154 155
f 33 155 156
f 33 156 157
f 33 157 158
f 33 158 159
f 33 159 160
f 33 160 161
f 33 161 162
f 33 162 163
f 33 163 164
f 33 164 165
f 33 165 166
f 33 166 167
f 33 167 168
f 33 168 169
f 33 169 170
f 33 170 171
f 33 171 172
f 33 172 173
f 33 173 174
f 33 174 175
f 33 175 176
f 33 176 177
f 33 177 178
f 33 178 179
f 33 179 180
f 33 180 181
f 33 181 182
f 33 182 183
f 33 183 184
f 33 184 185
f 33 185 186
f 33 186 187
f 33 187 188
f 33 188 189
f 33 189 190
f 33 190 191
f 33 191 192
f 33 192 193
f 33 193 194
f 33 194 195
f 33 195 196
f 33 196 197
f 33 197 198
f 33 198 199
f 33 199 200
f 33 200 201
f 33 201 202
f 33 202 203
f 33 203 204
f 33 204 205
f 33 205 206
f 33 206 207
f 33 207 208
f 33 208 209
f 33 209 210
f 33 210 211
f 33 211 212
f 33 212 213
f 33 213 214
f 33 214 215
f 33 215 216
f 33 216 34
f 34 217 35
f 34 216 218
f 34 218 219
f 34 219 220
f 34 220 221
f 34 221 217
f 35 217 222
f 35 222 36
f 36 222 223
f 36 223 37
f 37 223 38
f 38 223 224
f 38 224 225
f 38 225 226
f 38 226 39
f 39 226 40
f 40 226 227
f 40 227 228
f 40 228 41
f 41 228 42
f 42 228 229
f 42 229 230
f 42 230 43
f 43 230 231
f 43 231 44
f 44 231 45
f 45 231 232
f 45 232 233
f 45 233 46
f 46 233 234
f 46 234 47
f 47 234 48
f 48 235 236
f 48 236 49
f 48 234 235
f 49 236 237
f 49 237 50
f 50 237 238
f 50 238 239
f 50 239 240
f 50 240 51
f 51 240 241
f 51 241 52
f 52 241 53
f 53 241 242
f 53 242 243
f 53 243 54
f 54 244 55
f 54 243 244
f 55 244 56
f 56 244 245
f 56 245 57
f 57 245 246
f 57 246 58
f 58 246 59
f 59 247 248
f 59 248 60
f 59 246 247
f 60 248 61
f 61 248 249
f 61 249 62
f 62 249 250
f 62 250 63
f 63 250 251
f 63 251 64
f 64 251 252
f 64 252 65
f 65 252 253
f 65 253 66
f 66 253 254
f 66 254 67
f 67 254 255
f 67 255 68
f 68 255 256
f 68 256 69
f 69 256 257
f 69 257 70
f 70 257 71
f 71 258 259
f 71 259 72
f 71 257 258
f 72 259 73
f 73 260 74
f 73 259 260
f 74 260 261
f 74 261 75
f 75 261 76
f 76 261 262
f 76 262 77
f 77 262 263
f 77 263 264
f 77 264 78
f 78 264 79
f 79 265 266
f 79 266 80
f 79 264 265
f 80 266 81
f 81 267 268
f 81 268 82
f 81 266 267
f 82 268 269
f 82 269 270
f 82 270 83
f 83 269 84
f 83 270 269
f 84 269 271
f 84 271 272
f 84 272 273
f 84 273 85
f 85 273 86
f 86 273 274
f 86 274 275
f 86 275 87
f 87 275 88
f 88 275 89
f 89 275 276
f 89 276 277
f 89 277 90
f 90 277 91
f 91 277 278
f 91 278 279
f 91 279 92
f 92 279 94
f 92 94 93
f 94 279 280
f 94 280 95
f 95 280 281
f 95 281 96
f 96 281 282
f 96 282 283
f 96 283 97
f 97 283 284
f 97 284 98
f 98 284 285
f 98 285 286
f 98 286 99
f 99 286 287
f 99 287 100
f 100 287 288
f 100 288 289
f 100 289 101
f 101 289 290
f 101 290 102
f 102 290 125
f 103 291 106
f 103 105 292
f 103 292 293
f 103 293 291
f 104 145 294
f 104 294 292
f 104 292 105
f 106 291 107
f 107 295 108
f 107 291 295
f 108 295 109
f 109 296 110
f 109 295 296
f 110 296 111
f 111 296 112
f 112 296 297
f 112 297 298
f 112 298 299
f 112 299 300
f 112 300 113
f 113 301 117
f 113 117 115
f 113 300 302
f 113 302 301
f 116 303 304
f 116 304 305
f 116 305 119
f 116 117 303
f 117 301 306
f 117 306 303
f 118 307 308
f 118 124 307
f 119 305 120
f 120 305 309
f 120 309 121
f 121 309 310
f 121 310 122
f 122 310 123
f 123 310 311
f 123 311 312
f 123 312 124
f 124 313 314
f 124 314 307
f 124 312 315
f 124 315 316
f 124 316 313
f 125 290 317
f 125 317 126
f 126 317 318
f 126 318 127
f 127 319 320
f 127 320 321
f 127 321 128
f 127 318 319
f 128 321 322
f 128 322 129
f 129 322 323
f 129 323 130
f 130 323 324
f 130 324 131
f 131 324 325
f 131 325 132
f 132 325 133
f 133 325 326
f 133 326 134
f 134 327 135
f 134 326 328
f 134 328 327
f 135 327 329
f 135 329 330
f 135 330 136
f 136 330 137
f 137 330 138
f 138 330 331
f 138 331 332
f 138 332 139
f 139 332 333
f 139 333 334
f 139 334 140
f 140 334 141
f 141 334 335
f 141 335 336
f 141 336 337
f 141 337 142
f 142 337 338
f 142 338 339
f 142 339 143
f 143 339 144
f 144 339 145
f 145 339 338
f 145 338 340
f 145 340 294
f 146 341 342
f 146 342 343
f 146 343 344
f 146 344 345
f 146 345 346
f 146 346 347
f 146 347 348
f 146 348 349
f 146 349 350
f 146 350 351
f 146 351 352
f 146 352 353
f 146 353 354
f 146 354 355
f 146 355 356
f 146 356 147
f 147 356 357
f 147 357 358
f 147 358 359
f 147 359 148
f 148 359 149
f 149 359 360
f 149 360 361
f 149 361 150
f 150 361 151
f 151 361 362
f 151 362 363
f 151 363 364
f 151 364 152
f 152 364 153
f 153 364 154
f 154 364 155
f 155 364 365
f 155 365 156
f 156 365 366
f 156 366 157
f 157 366 158
f 158 366 367
f 158 367 159
f 159 367 368
f 159 368 369
f 159 369 160
f 160 369 370
f 160 370 161
f 161 370 162
f 162 370 371
f 162 371 163
f 163 371 164
f 164 371 372
f 164 372 373
f 164 373 165
f 165 373 374
f 165 374 166
f 166 374 167
f 167 374 375
f 167 375 168
f 168 375 169
f 169 375 376
f 169 376 377
f 169 377 170
f 170 377 171
f 171 377 378
f 171 378 172
f 172 378 379
f 172 379 173
f 173 379 174
f 174 379 380
f 174 380 381
f 174 381 175
f 175 381 176
f 176 381 382
f 176 382 383
f 176 383 177
f 177 383 384
f 177 384 178
f 178 384 179
f 179 384 385
f 179 385 180
f 180 385 181
f 181 385 386
f 181 386 182
f 182 386 183
f 183 386 387
f 183 387 388
f 183 388 184
f 184 388 389
f 184 389 185
f 185 389 390
f 185 390 186
f 186 390 391
f 186 391 187
f 187 391 188
f 188 391 189
f 189 391 392
f 189 392 393
f 189 393 190
f 190 393 191
f 191 393 192
f 192 393 394
f 192 394 193
f 193 394 395
f 193 395 194
f 194 395 396
f 194 396 397
f 194 397 195
f 195 397 398
f 195 398 196
f 196 398 197
f 197 398 399
f 197 399 198
f 198 399 199
f 199 399 400
f 199 400 401
f 199 401 200
f 200 401 201
f 201 401 402
f 201 402 403
f 201 403 202
f 202 403 203
f 203 403 404
f 203 404 204
f 204 404 405
f 204 405 205
f 205 405 406
f 205 406 206
f 206 406 207
f 207 406 407
f 207 407 208
f 208 407 408
f 208 408 409
f 208 409 209
f 209 409 210
f 210 409 410
f 210 410 211
f 211 410 212
f 212 410 411
f 212 411 213
f 213 411 412
f 213 412 214
f 214 412 215
f 215 412 413
f 215 413 414
f 215 414 415
f 215 415 216
f 216 415 416
f 216 416 417
f 216 417 418
f 216 418 419
f 216 419 420
f 216 420 218
f 217 221 421
f 217 421 222
f 218 420 219
f 219 420 422
f 219 422 423
f 219 423 424
f 219 424 221
f 219 221 220
f 221 424 425
f 221 425 426
f 221 426 427
f 221 427 421
f 222 421 428
f 222 428 429
f 222 429 224
f 222 224 223
f 224 429 430
f 224 430 431
f 224 431 225
f 225 431 432
f 225 432 227
f 225 227 226
f 227 432 433
f 227 433 228
f 228 433 434
f 228 434 229
f 229 434 435
f 229 435 230
f 230 435 436
f 230 436 231
f 231 436 232
f 232 437 438
f 232 438 439
f 232 439 233
f 232 436 437
f 233 439 235
f 233 235 234
f 235 440 441
f 235 441 442
f 235 442 443
f 235 443 236
f 235 439 440
f 236 443 239
f 236 239 237
f 237 239 238
f 239 444 445
f 239 445 446
f 239 446 447
f 239 447 240
f 239 443 444
f 240 447 242
f 240 242 241
f 242 448 449
f 242 449 450
f 242 450 451
f 242 451 243
f 242 447 448
f 243 451 244
f 244 451 452
f 244 452 453
f 244 453 245
f 245 453 452
f 245 452 454
f 245 454 455
f 245 455 456
f 245 456 457
f 245 457 247
f 245 247 246
f 247 457 248
f 248 457 458
f 248 458 250
f 248 250 249
f 250 458 459
f 250 459 252
f 250 252 251
f 252 459 460
f 252 460 461
f 252 461 254
f 252 254 253
f 254 461 462
f 254 462 256
f 254 256 255
f 256 462 463
f 256 463 257
f 257 463 258
f 258 464 259
f 258 463 464
f 259 464 260
f 260 464 261
f 261 465 466
f 261 466 467
f 261 467 262
f 261 464 468
f 261 468 465
f 262 467 469
f 262 469 263
f 263 469 264
f 264 469 265
f 265 469 470
f 265 470 471
f 265 471 266
f 266 471 267
f 267 471 268
f 268 471 472
f 268 472 269
f 269 473 474
f 269 474 271
f 269 472 475
f 269 475 476
f 269 476 473
f 271 474 272
f 272 477 273
f 272 474 478
f 272 478 479
f 272 479 477
f 273 477 274
f 274 477 480
f 274 480 275
f 275 481 276
f 275 480 481
f 276 481 482
f 276 482 277
f 277 482 483
f 277 483 278
f 278 484 280
f 278 280 279
f 278 483 484
f 280 484 281
f 281 484 485
f 281 485 282
f 282 486 487
f 282 487 283
f 282 485 486
f 283 487 284
f 284 488 285
f 284 487 488
f 285 488 489
f 285 489 286
f 286 489 287
f 287 489 490
f 287 490 288
f 288 490 491
f 288 491 492
f 288 492 289
f 289 492 493
f 289 493 290
f 290 493 317
f 291 494 295
f 291 293 495
f 291 495 494
f 292 294 340
f 292 340 293
f 293 340 496
f 293 496 497
f 293 497 498
f 293 498 495
f 295 494 499
f 295 499 500
f 295 500 296
f 296 500 501
f 296 501 502
f 296 502 297
f 297 502 298
f 298 502 503
f 298 503 504
f 298 504 505
f 298 505 299
f 299 505 300
f 300 505 302
f 301 302 506
f 301 506 306
f 302 505 506
f 303 507 309
f 303 309 304
f 303 306 506
f 303 506 508
f 303 508 507
f 304 309 305
f 307 509 308
f 307 314 510
f 307 510 511
f 307 511 509
f 309 507 512
f 309 512 513
f 309 513 310
f 310 514 311
f 310 513 315
f 310 315 514
f 311 514 312
f 312 514 315
f 313 515 314
f 313 316 516
f 313 516 515
f 314 515 517
f 314 517 511
f 314 511 510
f 315 506 518
f 315 518 519
f 315 519 316
f 315 513 512
f 315 512 506
f 316 519 516
f 317 493 520
f 317 520 318
f 318 521 320
f 318 320 319
f 318 520 521
f 320 521 522
f 320 522 523
f 320 523 322
f 320 322 321
f 322 524 525
f 322 525 526
f 322 526 323
f 322 523 524
f 323 526 324
f 324 526 527
f 324 527 528
f 324 528 529
f 324 529 530
f 324 530 326
f 324 326 325
f 326 530 327
f 326 327 328
f 327 531 532
f 327 532 329
f 327 530 533
f 327 533 531
f 329 532 330
f 330 532 331
f 331 534 535
f 331 535 332
f 331 532 534
f 332 535 333
f 333 535 536
f 333 536 537
f 333 537 335
f 333 335 334
f 335 538 337
f 335 337 336
f 335 537 539
f 335 539 538
f 337 540 338
f 337 538 540
f 338 540 541
f 338 541 542
f 338 542 340
f 340 542 541
f 340 541 496
f 341 543 544
f 341 544 545
f 341 545 546
f 341 546 547
f 341 547 548
f 341 548 342
f 342 548 549
f 342 549 343
f 343 549 550
f 343 550 344
f 344 550 345
f 345 550 551
f 345 551 346
f 346 551 347
f 347 551 552
f 347 552 348
f 348 552 553
f 348 553 554
f 348 554 349
f 349 554 555
f 349 555 556
f 349 556 557
f 349 557 350
f 350 558 559
f 350 559 560
f 350 560 561
f 350 561 562
f 350 562 563
f 350 563 564
f 350 564 565
f 350 565 566
f 350 566 567
f 350 567 568
f 350 568 351
f 350 557 569
f 350 569 570
f 350 570 571
f 350 571 572
f 350 572 573
f 350 573 574
f 350 574 575
f 350 575 576
f 350 576 577
f 350 577 558
f 351 568 352
f 352 568 353
f 353 568 578
f 353 578 579
f 353 579 354
f 354 579 357
f 354 357 355
f 355 357 356
f 357 579 798
f 357 798 580
f 357 580 581
f 357 581 358
f 358 581 359
f 359 582 583
f 359 583 360
f 359 581 582
f 360 583 362
f 360 362 361
f 362 583 584
f 362 584 585
f 362 585 586
f 362 586 363
f 363 586 587
f 363 587 364
f 364 587 588
f 364 588 365
f 365 588 589
f 365 589 366
f 366 589 590
f 366 590 367
f 367 590 368
f 368 591 592
f 368 592 369
f 368 590 593
f 368 593 591
f 369 592 594
f 369 594 370
f 370 594 595
f 370 595 371
f 371 595 372
f 372 595 596
f 372 596 597
f 372 597 598
f 372 598 373
f 373 598 374
f 374 598 599
f 374 599 600
f 374 600 601
f 374 601 375
f 375 601 602
f 375 602 376
f 376 602 377
f 377 602 378
f 378 603 379
f 378 602 603
f 379 603 604
f 379 604 605
f 379 605 606
f 379 606 380
f 380 606 607
f 380 607 608
f 380 608 609
f 380 609 382
f 380 382 381
f 382 609 383
f 383 609 384
f 384 610 385
f 384 609 610
f 385 610 611
f 385 611 612
f 385 612 387
f 385 387 386
f 387 613 614
f 387 614 389
f 387 389 388
f 387 612 613
f 389 615 390
f 389 614 616
f 389 616 615
f 390 615 391
f 391 615 392
f 392 615 617
f 392 617 618
f 392 618 619
f 392 619 393
f 393 620 395
f 393 395 394
f 393 619 621
f 393 621 622
f 393 622 620
f 395 620 396
f 396 623 398
f 396 398 397
f 396 620 624
f 396 624 625
f 396 625 623
f 398 626 399
f 398 623 627
f 398 627 626
f 399 626 400
f 400 626 401
f 401 626 628
f 401 628 629
f 401 629 630
f 401 630 402
f 402 630 631
f 402 631 632
f 402 632 404
f 402 404 403
f 404 633 405
f 404 632 634
f 404 634 633
f 405 633 406
f 406 633 407
f 407 633 635
f 407 635 408
f 408 636 409
f 408 635 637
f 408 637 638
f 408 638 639
f 408 639 636
f 409 636 410
f 410 636 640
f 410 640 411
f 411 640 641
f 411 641 412
f 412 641 642
f 412 642 413
f 413 643 414
f 413 642 644
f 413 644 643
f 414 645 416
f 414 416 415
f 414 643 645
f 416 645 646
f 416 646 417
f 417 646 418
f 418 646 422
f 418 422 419
f 419 422 420
f 421 427 647
f 421 647 428
f 422 646 648
f 422 648 423
f 423 648 649
f 423 649 425
f 423 425 424
f 425 649 650
f 425 650 651
f 425 651 652
f 425 652 426
f 426 652 653
f 426 653 654
f 426 654 427
f 427 654 647
f 428 647 429
f 429 647 430
f 430 647 655
f 430 655 656
f 430 656 431
f 431 656 657
f 431 657 432
f 432 657 658
f 432 658 433
f 433 658 659
f 433 659 434
f 434 659 660
f 434 660 435
f 435 660 661
f 435 661 436
f 436 661 437
f 437 661 662
f 437 662 663
f 437 663 664
f 437 664 665
f 437 665 666
f 437 666 438
f 438 666 439
f 439 666 440
f 440 666 441
f 441 667 442
f 441 666 665
f 441 665 668
f 441 668 669
f 441 669 667
f 442 667 443
f 443 667 444
f 444 667 445
f 445 670 446
f 445 667 671
f 445 671 669
f 445 669 670
f 446 670 447
f 447 670 448
f 448 670 449
f 449 672 450
f 449 670 673
f 449 673 669
f 449 669 674
f 449 674 675
f 449 675 672
f 450 672 451
f 451 672 452
f 452 455 454
f 452 672 676
f 452 676 675
f 452 675 677
f 452 677 455
f 455 678 679
f 455 679 456
f 455 677 678
f 456 679 457
f 457 679 680
f 457 680 458
f 458 680 681
f 458 681 460
f 458 460 459
f 460 681 682
f 460 682 683
f 460 683 684
f 460 684 685
f 460 685 461
f 461 685 686
f 461 686 462
f 462 687 688
f 462 688 463
f 462 686 687
f 463 688 689
f 463 689 690
f 463 690 464
f 464 690 691
f 464 691 468
f 465 692 693
f 465 693 466
f 465 468 691
f 465 691 694
f 465 694 695
f 465 695 692
f 466 693 467
f 467 693 696
f 467 696 469
f 469 697 698
f 469 698 470
f 469 696 697
f 470 698 699
f 470 699 471
f 471 700 701
f 471 701 472
f 471 699 700
f 472 701 702
f 472 702 475
f 473 476 703
f 473 703 704
f 473 704 474
f 474 704 478
f 475 702 476
f 476 702 705
f 476 705 706
f 476 706 703
f 477 707 480
f 477 479 707
f 478 704 708
f 478 708 479
f 479 708 709
f 479 709 707
f 480 707 710
f 480 710 481
f 481 710 482
f 482 710 711
f 482 711 712
f 482 712 483
f 483 712 713
f 483 713 484
f 484 713 485
f 485 713 486
f 486 713 714
f 486 714 715
f 486 715 716
f 486 716 487
f 487 717 488
f 487 716 718
f 487 718 717
f 488 719 489
f 488 717 719
f 489 719 720
f 489 720 721
f 489 721 490
f 490 721 722
f 490 722 723
f 490 723 491
f 491 723 724
f 491 724 725
f 491 725 492
f 492 726 493
f 492 725 726
f 493 726 727
f 493 727 728
f 493 728 520
f 494 495 729
f 494 729 499
f 495 498 729
f 496 541 497
f 497 541 730
f 497 730 731
f 497 731 732
f 497 732 498
f 498 732 729
f 499 501 500
f 499 729 501
f 501 729 733
f 501 733 503
f 501 503 502
f 503 733 504
f 504 733 734
f 504 734 735
f 504 735 505
f 505 735 736
f 505 736 506
f 506 736 518
f 506 512 508
f 507 508 512
f 509 511 738
f 509 738 737
f 511 517 739
f 511 739 740
f 511 740 741
f 511 741 738
f 515 742 517
f 515 516 743
f 515 743 744
f 515 744 742
f 516 745 746
f 516 746 747
f 516 747 743
f 516 519 745
f 517 748 739
f 517 742 748
f 518 736 745
f 518 745 519
f 520 728 521
f 521 728 522
f 522 749 523
f 522 728 727
f 522 727 750
f 522 750 749
f 523 749 524
f 524 527 525
f 524 749 527
f 525 527 526
f 527 751 752
f 527 752 529
f 527 529 528
f 527 749 751
f 529 753 754
f 529 754 533
f 529 533 530
f 529 752 753
f 531 755 532
f 531 533 755
f 532 755 534
f 533 754 756
f 533 756 757
f 533 757 755
f 534 755 757
f 534 757 535
f 535 757 536
f 536 539 537
f 536 757 539
f 538 539 540
f 539 758 759
f 539 759 541
f 539 541 540
f 539 757 758
f 541 759 730
f 543 760 761
f 543 761 762
f 543 762 544
f 543 763 764
f 543 764 765
f 543 765 760
f 544 762 761
f 544 761 766
f 544 766 767
f 544 767 545
f 545 767 546
f 546 767 547
f 547 767 768
f 547 768 548
f 548 768 769
f 548 769 770
f 548 770 549
f 549 770 769
f 549 769 550
f 550 769 771
f 550 771 772
f 550 772 551
f 551 772 773
f 551 773 552
f 552 773 553
f 553 774 775
f 553 775 555
f 553 555 554
f 553 773 774
f 555 775 776
f 555 776 777
f 555 777 778
f 555 778 556
f 556 778 557
f 557 778 569
f 558 577 779
f 558 779 780
f 558 780 559
f 559 780 560
f 560 780 561
f 561 780 781
f 561 781 562
f 562 781 782
f 562 782 783
f 562 783 563
f 563 783 564
f 564 783 784
f 564 784 785
f 564 785 565
f 565 785 566
f 566 785 786
f 566 786 787
f 566 787 567
f 567 788 789
f 567 789 568
f 567 787 788
f 568 789 790
f 568 790 578
f 569 778 570
f 570 778 571
f 571 778 791
f 571 791 572
f 572 791 573
f 573 791 792
f 573 792 793
f 573 793 794
f 573 794 574
f 574 794 795
f 574 795 575
f 575 795 576
f 576 795 577
f 577 795 796
f 577 796 797
f 577 797 779
f 578 790 798
f 578 798 579
f 580 798 799
f 580 799 800
f 580 800 581
f 581 801 582
f 581 800 802
f 581 802 801
f 582 801 584
f 582 584 583
f 584 801 803
f 584 803 804
f 584 804 585
f 585 804 805
f 585 805 586
f 586 806 587
f 586 805 806
f 587 806 807
f 587 807 808
f 587 808 588
f 588 808 589
f 589 808 809
f 589 809 590
f 590 809 593
f 591 593 810
f 591 810 811
f 591 811 812
f 591 812 813
f 591 813 814
f 591 814 592
f 592 814 594
f 593 809 810
f 594 814 815
f 594 815 595
f 595 815 596
f 596 816 817
f 596 817 597
f 596 815 816
f 597 817 818
f 597 818 598
f 598 818 599
f 599 819 820
f 599 820 600
f 599 818 819
f 600 821 601
f 600 820 821
f 601 822 602
f 601 821 822
f 602 822 823
f 602 823 824
f 602 824 603
f 603 824 825
f 603 825 604
f 604 825 605
f 605 826 827
f 605 827 607
f 605 607 606
f 605 825 828
f 605 828 829
f 605 829 830
f 605 830 826
f 607 827 608
f 608 827 831
f 608 831 609
f 609 831 832
f 609 832 610
f 610 832 833
f 610 833 611
f 611 834 612
f 611 833 834
f 612 834 613
f 613 835 614
f 613 834 835
f 614 835 616
f 615 616 836
f 615 836 617
f 616 835 836
f 617 836 618
f 618 621 619
f 618 836 837
f 618 837 621
f 620 622 838
f 620 838 624
f 621 837 839
f 621 839 840
f 621 840 841
f 621 841 842
f 621 842 838
f 621 838 622
f 623 625 843
f 623 843 627
f 624 838 625
f 625 838 844
f 625 844 843
f 626 627 845
f 626 845 628
f 627 843 845
f 628 845 629
f 629 846 631
f 629 631 630
f 629 845 847
f 629 847 848
f 629 848 849
f 629 849 846
f 631 850 632
f 631 846 850
f 632 850 634
f 633 634 851
f 633 851 635
f 634 850 852
f 634 852 851
f 635 851 853
f 635 853 637
f 636 639 854
f 636 854 640
f 637 853 638
f 638 855 639
f 638 853 856
f 638 856 857
f 638 857 855
f 639 855 854
f 640 854 858
f 640 858 641
f 641 858 859
f 641 859 642
f 642 859 860
f 642 860 644
f 643 861 645
f 643 644 862
f 643 862 861
f 644 860 863
f 644 863 862
f 645 861 646
f 646 861 648
f 647 654 864
f 647 864 655
f 648 861 865
f 648 865 649
f 649 865 866
f 649 866 650
f 650 866 867
f 650 867 868
f 650 868 651
f 651 653 652
f 651 868 869
f 651 869 653
f 653 869 870
f 653 870 654
f 654 870 871
f 654 871 872
f 654 872 864
f 655 864 873
f 655 873 656
f 656 873 874
f 656 874 657
f 657 874 875
f 657 875 658
f 658 875 876
f 658 876 659
f 659 877 878
f 659 878 660
f 659 876 879
f 659 879 663
f 659 663 877
f 660 878 661
f 661 878 662
f 662 878 663
f 663 879 880
f 663 880 881
f 663 881 664
f 663 878 877
f 664 881 882
f 664 882 883
f 664 883 884
f 664 884 668
f 664 668 665
f 667 669 671
f 668 884 669
f 669 673 670
f 669 884 885
f 669 885 674
f 672 675 676
f 674 885 886
f 674 886 887
f 674 887 677
f 674 677 675
f 677 887 888
f 677 888 889
f 677 889 678
f 678 681 679
f 678 889 681
f 679 681 680
f 681 889 682
f 682 889 890
f 682 890 683
f 683 890 891
f 683 891 685
f 683 685 684
f 685 892 687
f 685 687 686
f 685 891 892
f 687 892 893
f 687 893 894
f 687 894 895
f 687 895 689
f 687 689 688
f 689 895 894
f 689 894 694
f 689 694 690
f 690 694 691
f 692 695 896
f 692 896 693
f 693 896 697
f 693 697 696
f 694 894 695
f 695 897 898
f 695 898 896
f 695 894 899
f 695 899 897
f 697 896 900
f 697 900 699
f 697 699 698
f 699 900 700
f 700 900 901
f 700 901 702
f 700 702 701
f 702 900 705
f 702 901 900
f 703 706 704
f 704 706 708
f 705 900 902
f 705 902 706
f 706 902 903
f 706 903 904
f 706 904 905
f 706 905 906
f 706 906 708
f 707 709 907
f 707 907 710
f 708 906 709
f 709 906 907
f 710 907 908
f 710 908 711
f 711 908 909
f 711 909 712
f 712 715 713
f 712 909 910
f 712 910 715
f 713 715 714
f 715 911 716
f 715 910 912
f 715 912 911
f 716 911 718
f 717 718 913
f 717 913 914
f 717 914 719
f 718 911 915
f 718 915 913
f 719 916 917
f 719 917 720
f 719 914 916
f 720 917 918
f 720 918 721
f 721 918 919
f 721 919 722
f 722 919 920
f 722 920 723
f 723 920 921
f 723 921 724
f 724 921 922
f 724 922 923
f 724 923 725
f 725 923 727
f 725 727 726
f 727 923 750
f 729 732 733
f 730 759 924
f 730 924 731
f 731 924 925
f 731 925 926
f 731 926 927
f 731 927 732
f 732 927 733
f 733 927 734
f 734 928 929
f 734 929 735
f 734 927 930
f 734 930 928
f 735 929 736
f 736 929 745
f 737 931 932
f 737 738 741
f 737 741 931
f 739 748 740
f 740 748 933
f 740 933 741
f 741 934 931
f 741 933 935
f 741 935 934
f 742 936 748
f 742 744 936
f 743 747 744
f 744 747 937
f 744 937 936
f 745 929 746
f 746 929 938
f 746 938 939
f 746 939 747
f 747 940 937
f 747 939 941
f 747 941 942
f 747 942 940
f 748 943 933
f 748 936 943
f 749 750 944
f 749 944 751
f 750 923 944
f 751 944 752
f 752 945 753
f 752 944 945
f 753 945 946
f 753 946 947
f 753 947 948
f 753 948 754
f 754 948 756
f 756 948 949
f 756 949 757
f 757 949 758
f 758 950 759
f 758 949 950
f 759 950 924
f 760 951 761
f 760 765 952
f 760 952 951
f 761 951 953
f 761 953 954
f 761 954 766
f 763 955 956
f 763 956 764
f 764 957 958
f 764 958 959
f 764 959 765
f 764 956 957
f 765 959 960
f 765 960 961
f 765 961 962
f 765 962 952
f 766 954 963
f 766 963 962
f 766 962 964
f 766 964 767
f 767 965 768
f 767 964 965
f 768 965 964
f 768 964 769
f 769 964 962
f 769 962 966
f 769 966 967
f 769 967 771
f 771 967 968
f 771 968 969
f 771 969 772
f 772 969 773
f 773 969 774
f 774 970 775
f 774 969 971
f 774 971 970
f 775 970 972
f 775 972 973
f 775 973 776
f 776 973 974
f 776 974 975
f 776 975 777
f 777 975 791
f 777 791 778
f 779 797 782
f 779 782 780
f 780 782 781
f 782 797 976
f 782 976 977
f 782 977 978
f 782 978 979
f 782 979 980
f 782 980 783
f 783 980 784
f 784 980 981
f 784 981 785
f 785 981 786
f 786 981 982
f 786 982 787
f 787 982 788
f 788 983 789
f 788 982 984
f 788 984 983
f 789 983 985
f 789 985 986
f 789 986 790
f 790 986 798
f 791 975 793
f 791 793 792
f 793 975 987
f 793 987 988
f 793 988 976
f 793 976 989
f 793 989 794
f 794 989 795
f 795 989 976
f 795 976 796
f 796 976 797
f 798 986 799
f 799 986 990
f 799 990 991
f 799 991 800
f 800 991 992
f 800 992 802
f 801 802 992
f 801 992 993
f 801 993 803
f 803 993 994
f 803 994 995
f 803 995 804
f 804 995 996
f 804 996 805
f 805 996 806
f 806 996 997
f 806 997 998
f 806 998 999
f 806 999 1000
f 806 1000 807
f 807 1000 808
f 808 1000 1001
f 808 1001 809
f 809 1001 810
f 810 1001 1002
f 810 1002 811
f 811 1003 1004
f 811 1004 1005
f 811 1005 812
f 811 1002 1006
f 811 1006 1007
f 811 1007 1003
f 812 1005 1008
f 812 1008 1009
f 812 1009 813
f 813 1009 814
f 814 1009 1010
f 814 1010 815
f 815 1010 816
f 816 1010 1011
f 816 1011 1008
f 816 1008 817
f 817 1012 818
f 817 1008 1012
f 818 1012 819
f 819 1012 1013
f 819 1013 1014
f 819 1014 820
f 820 1014 1015
f 820 1015 1016
f 820 1016 821
f 821 1016 1017
f 821 1017 823
f 821 823 822
f 823 1017 1015
f 823 1015 1018
f 823 1018 825
f 823 825 824
f 825 1018 828
f 826 830 827
f 827 1019 1020
f 827 1020 831
f 827 830 1019
f 828 1018 1021
f 828 1021 829
f 829 1015 1014
f 829 1014 1022
f 829 1022 1023
f 829 1023 1024
f 829 1024 830
f 829 1021 1018
f 829 1018 1015
f 830 1024 1025
f 830 1025 1026
f 830 1026 1027
f 830 1027 1019
f 831 1020 833
f 831 833 832
f 833 1028 834
f 833 1020 1029
f 833 1029 1028
f 834 1030 1031
f 834 1031 835
f 834 1028 1032
f 834 1032 1030
f 835 1033 836
f 835 1031 1030
f 835 1030 1034
f 835 1034 1033
f 836 1033 1035
f 836 1035 837
f 837 1035 1036
f 837 1036 839
f 838 842 1037
f 838 1037 1038
f 838 1038 844
f 839 1036 840
f 840 1036 1039
f 840 1039 1040
f 840 1040 841
f 841 1037 842
f 841 1040 1037
f 843 847 845
f 843 844 1041
f 843 1041 1042
f 843 1042 847
f 844 1038 1041
f 846 1043 850
f 846 849 1044
f 846 1044 1043
f 847 1042 1045
f 847 1045 848
f 848 1045 849
f 849 1046 1044
f 849 1045 1042
f 849 1042 1047
f 849 1047 1048
f 849 1048 1049
f 849 1049 1046
f 850 1043 1044
f 850 1044 852
f 851 852 1050
f 851 1050 853
f 852 1044 1050
f 853 1050 856
f 854 855 1051
f 854 1051 858
f 855 857 1051
f 856 1050 1044
f 856 1044 1052
f 856 1052 857
f 857 1052 1053
f 857 1053 1054
f 857 1054 1055
f 857 1055 1056
f 857 1056 1051
f 858 1051 1056
f 858 1056 1057
f 858 1057 859
f 859 1057 1058
f 859 1058 1059
f 859 1059 860
f 860 1059 1060
f 860 1060 1061
f 860 1061 863
f 861 862 865
f 862 863 1062
f 862 1062 865
f 863 1061 1063
f 863 1063 1062
f 864 872 873
f 865 1062 866
f 866 1062 1064
f 866 1064 867
f 867 1064 1065
f 867 1065 1066
f 867 1066 1067
f 867 1067 868
f 868 1067 1068
f 868 1068 870
f 868 870 869
f 870 1068 1069
f 870 1069 1070
f 870 1070 871
f 871 1070 872
f 872 1070 1071
f 872 1071 1072
f 872 1072 873
f 873 1072 1073
f 873 1073 1074
f 873 1074 874
f 874 1074 875
f 875 1074 876
f 876 1074 1075
f 876 1075 1076
f 876 1076 880
f 876 880 879
f 880 1076 1075
f 880 1075 1077
f 880 1077 1078
f 880 1078 881
f 881 1078 882
f 882 1078 1079
f 882 1079 883
f 883 1080 884
f 883 1079 1080
f 884 1080 885
f 885 1081 886
f 885 1080 1081
f 886 1081 1082
f 886 1082 1083
f 886 1083 887
f 887 1083 888
f 888 1083 1084
f 888 1084 889
f 889 1084 890
f 890 1084 1085
f 890 1085 891
f 891 1085 1086
f 891 1086 894
f 891 894 893
f 891 893 892
f 894 1086 899
f 896 898 900
f 897 1087 898
f 897 899 1087
f 898 1087 1088
f 898 1088 900
f 899 1086 1089
f 899 1089 1090
f 899 1090 1087
f 900 1088 902
f 902 1088 1091
f 902 1091 903
f 903 1092 904
f 903 1091 1092
f 904 1093 905
f 904 1092 1093
f 905 1094 906
f 905 1093 1094
f 906 908 907
f 906 1094 909
f 906 909 908
f 909 1094 1095
f 909 1095 910
f 910 1095 912
f 911 912 1096
f 911 1096 915
f 912 1097 1096
f 912 1095 1094
f 912 1094 1098
f 912 1098 1097
f 913 915 1096
f 913 1096 914
f 914 1096 1099
f 914 1099 1100
f 914 1100 916
f 916 1100 1101
f 916 1101 1102
f 916 1102 917
f 917 1102 1103
f 917 1103 1104
f 917 1104 1105
f 917 1105 918
f 918 1105 1106
f 918 1106 919
f 919 1106 1107
f 919 1107 920
f 920 1107 921
f 921 1107 1108
f 921 1108 922
f 922 1108 1109
f 922 1109 1110
f 922 1110 1111
f 922 1111 944
f 922 944 923
f 924 950 1112
f 924 1112 1113
f 924 1113 1114
f 924 1114 1115
f 924 1115 925
f 925 1115 926
f 926 1116 930
f 926 930 927
f 926 1115 1117
f 926 1117 1116
f 928 1118 929
f 928 930 1119
f 928 1119 1118
f 929 1118 938
f 930 1116 1119
f 931 1120 1121
f 931 1121 932
f 931 934 1120
f 933 943 1122
f 933 1122 935
f 934 1123 1120
f 934 935 1123
f 935 1124 1123
f 935 1122 1125
f 935 1125 1124
f 936 1126 1127
f 936 1127 1128
f 936 1128 1129
f 936 1129 1130
f 936 1130 1131
f 936 1131 943
f 936 937 1126
f 937 940 1132
f 937 1132 1133
f 937 1133 1126
f 938 1118 941
f 938 941 939
f 940 942 1134
f 940 1134 1132
f 941 1118 1119
f 941 1119 1135
f 941 1135 1136
f 941 1136 942
f 942 1136 1134
f 943 1131 1122
f 944 1111 945
f 945 1111 946
f 946 1111 1110
f 946 1110 1137
f 946 1137 1138
f 946 1138 947
f 947 1138 948
f 948 1138 1112
f 948 1112 950
f 948 950 949
f 951 952 953
f 952 963 954
f 952 954 953
f 952 962 963
f 955 1139 956
f 956 1139 1140
f 956 1140 1141
f 956 1141 1142
f 956 1142 957
f 957 1142 1143
f 957 1143 958
f 958 1143 1144
f 958 1144 959
f 959 1144 960
f 960 1144 1145
f 960 1145 961
f 961 1145 1146
f 961 1146 962
f 962 1146 966
f 966 1146 1147
f 966 1147 967
f 967 1147 1148
f 967 1148 968
f 968 1148 1149
f 968 1149 1150
f 968 1150 971
f 968 971 969
f 970 971 1150
f 970 1150 972
f 972 1150 1151
f 972 1151 1152
f 972 1152 1153
f 972 1153 973
f 973 1153 974
f 974 1153 1154
f 974 1154 1155
f 974 1155 987
f 974 987 975
f 976 988 1156
f 976 1156 977
f 977 1156 1157
f 977 1157 978
f 978 1157 1158
f 978 1158 979
f 979 1158 1159
f 979 1159 980
f 980 1159 981
f 981 1159 1160
f 981 1160 1161
f 981 1161 982
f 982 1161 984
f 983 984 1162
f 983 1162 1163
f 983 1163 985
f 984 1161 1164
f 984 1164 1162
f 985 1163 1165
f 985 1165 1166
f 985 1166 986
f 986 1166 1167
f 986 1167 990
f 987 1155 988
f 988 1155 1156
f 990 1167 1168
f 990 1168 1169
f 990 1169 991
f 991 1169 1170
f 991 1170 992
f 992 1170 993
f 993 1170 994
f 994 1170 1171
f 994 1171 1172
f 994 1172 995
f 995 1172 1173
f 995 1173 996
f 996 1173 1174
f 996 1174 1175
f 996 1175 997
f 997 1175 998
f 998 1175 1176
f 998 1176 999
f 999 1176 1000
f 1000 1176 1006
f 1000 1006 1001
f 1001 1006 1002
f 1003 1007 1177
f 1003 1177 1004
f 1004 1178 1179
f 1004 1179 1005
f 1004 1177 1178
f 1005 1179 1180
f 1005 1180 1008
f 1006 1176 1007
f 1007 1176 1175
f 1007 1175 1177
f 1008 1180 1181
f 1008 1181 1014
f 1008 1014 1182
f 1008 1182 1012
f 1008 1011 1010
f 1008 1010 1009
f 1012 1182 1013
f 1013 1182 1014
f 1014 1183 1022
f 1014 1181 1183
f 1015 1017 1016
f 1019 1027 1020
f 1020 1027 1029
f 1022 1184 1023
f 1022 1183 1184
f 1023 1185 1024
f 1023 1184 1185
f 1024 1185 1025
f 1025 1186 1187
f 1025 1187 1026
f 1025 1185 1186
f 1026 1187 1188
f 1026 1188 1032
f 1026 1032 1029
f 1026 1029 1027
f 1028 1029 1032
f 1030 1032 1188
f 1030 1188 1189
f 1030 1189 1034
f 1033 1034 1189
f 1033 1189 1035
f 1035 1189 1036
f 1036 1189 1190
f 1036 1190 1039
f 1037 1041 1038
f 1037 1040 1047
f 1037 1047 1041
f 1039 1190 1191
f 1039 1191 1040
f 1040 1191 1192
f 1040 1192 1193
f 1040 1193 1048
f 1040 1048 1047
f 1041 1047 1042
f 1044 1046 1194
f 1044 1194 1052
f 1046 1049 1194
f 1048 1193 1195
f 1048 1195 1049
f 1049 1195 1196
f 1049 1196 1194
f 1052 1194 1197
f 1052 1197 1053
f 1053 1197 1198
f 1053 1198 1054
f 1054 1198 1199
f 1054 1199 1200
f 1054 1200 1201
f 1054 1201 1055
f 1055 1201 1058
f 1055 1058 1057
f 1055 1057 1056
f 1058 1201 1059
f 1059 1201 1060
f 1060 1201 1202
f 1060 1202 1063
f 1060 1063 1061
f 1062 1063 1064
f 1063 1202 1203
f 1063 1203 1064
f 1064 1203 1065
f 1065 1203 1204
f 1065 1204 1205
f 1065 1205 1067
f 1065 1067 1066
f 1067 1205 1206
f 1067 1206 1207
f 1067 1207 1208
f 1067 1208 1068
f 1068 1208 1209
f 1068 1209 1069
f 1069 1209 1210
f 1069 1210 1070
f 1070 1072 1071
f 1070 1210 1211
f 1070 1211 1212
f 1070 1212 1072
f 1072 1212 1213
f 1072 1213 1214
f 1072 1214 1073
f 1073 1214 1074
f 1074 1214 1075
f 1075 1214 1215
f 1075 1215 1077
f 1077 1216 1078
f 1077 1215 1217
f 1077 1217 1216
f 1078 1216 1218
f 1078 1218 1219
f 1078 1219 1079
f 1079 1219 1081
f 1079 1081 1080
f 1081 1219 1220
f 1081 1220 1082
f 1082 1220 1221
f 1082 1221 1222
f 1082 1222 1083
f 1083 1222 1223
f 1083 1223 1084
f 1084 1223 1224
f 1084 1224 1085
f 1085 1224 1225
f 1085 1225 1086
f 1086 1225 1089
f 1087 1090 1226
f 1087 1226 1088
f 1088 1226 1091
f 1089 1225 1227
f 1089 1227 1228
f 1089 1228 1090
f 1090 1228 1229
f 1090 1229 1226
f 1091 1226 1230
f 1091 1230 1092
f 1092 1230 1231
f 1092 1231 1093
f 1093 1231 1098
f 1093 1098 1094
f 1096 1097 1232
f 1096 1232 1233
f 1096 1233 1099
f 1097 1098 1234
f 1097 1234 1232
f 1098 1231 1232
f 1098 1232 1234
f 1099 1233 1235
f 1099 1235 1236
f 1099 1236 1100
f 1100 1237 1101
f 1100 1236 1237
f 1101 1237 1102
f 1102 1237 1238
f 1102 1238 1103
f 1103 1239 1104
f 1103 1238 1239
f 1104 1239 1240
f 1104 1240 1105
f 1105 1240 1241
f 1105 1241 1242
f 1105 1242 1106
f 1106 1242 1107
f 1107 1109 1108
f 1107 1242 1137
f 1107 1137 1109
f 1109 1137 1110
f 1112 1138 1243
f 1112 1243 1113
f 1113 1243 1138
f 1113 1138 1114
f 1114 1244 1245
f 1114 1245 1116
f 1114 1116 1117
f 1114 1117 1115
f 1114 1138 1246
f 1114 1246 1247
f 1114 1247 1244
f 1116 1245 1248
f 1116 1248 1135
f 1116 1135 1119
f 1120 1123 1249
f 1122 1250 1125
f 1122 1131 1250
f 1123 1124 1251
f 1123 1251 1252
f 1123 1252 1249
f 1124 1125 1250
f 1124 1250 1251
f 1126 1133 1253
f 1126 1253 1254
f 1126 1254 1127
f 1127 1254 1255
f 1127 1255 1256
f 1127 1256 1257
f 1127 1257 1250
f 1127 1250 1128
f 1128 1250 1129
f 1129 1250 1130
f 1130 1250 1131
f 1132 1258 1253
f 1132 1253 1133
f 1132 1134 1258
f 1134 1136 1259
f 1134 1259 1260
f 1134 1260 1261
f 1134 1261 1258
f 1135 1248 1262
f 1135 1262 1136
f 1136 1262 1259
f 1137 1242 1246
f 1137 1246 1138
f 1139 1263 1264
f 1139 1264 1141
f 1139 1141 1140
f 1141 1264 1265
f 1141 1265 1266
f 1141 1266 1267
f 1141 1267 1142
f 1142 1267 1143
f 1143 1268 1269
f 1143 1269 1144
f 1143 1267 1268
f 1144 1269 1270
f 1144 1270 1271
f 1144 1271 1145
f 1145 1271 1272
f 1145 1272 1273
f 1145 1273 1147
f 1145 1147 1146
f 1147 1274 1148
f 1147 1273 1274
f 1148 1275 1149
f 1148 1274 1275
f 1149 1275 1276
f 1149 1276 1150
f 1150 1276 1151
f 1151 1277 1278
f 1151 1278 1152
f 1151 1276 1277
f 1152 1279 1280
f 1152 1280 1281
f 1152 1281 1282
f 1152 1282 1153
f 1152 1278 1279
f 1153 1282 1154
f 1154 1282 1155
f 1155 1282 1283
f 1155 1283 1157
f 1155 1157 1156
f 1157 1283 1284
f 1157 1284 1285
f 1157 1285 1158
f 1158 1285 1286
f 1158 1286 1287
f 1158 1287 1288
f 1158 1288 1159
f 1159 1288 1289
f 1159 1289 1160
f 1160 1289 1161
f 1161 1289 1290
f 1161 1290 1164
f 1162 1164 1165
f 1162 1165 1163
f 1164 1290 1291
f 1164 1291 1165
f 1165 1291 1292
f 1165 1292 1166
f 1166 1292 1168
f 1166 1168 1167
f 1168 1292 1293
f 1168 1293 1294
f 1168 1294 1295
f 1168 1295 1169
f 1169 1295 1296
f 1169 1296 1170
f 1170 1297 1171
f 1170 1296 1297
f 1171 1297 1298
f 1171 1298 1299
f 1171 1299 1172
f 1172 1299 1300
f 1172 1300 1173
f 1173 1300 1301
f 1173 1301 1174
f 1174 1301 1302
f 1174 1302 1175
f 1175 1302 1177
f 1177 1302 1303
f 1177 1303 1178
f 1178 1304 1179
f 1178 1303 1305
f 1178 1305 1304
f 1179 1304 1306
f 1179 1306 1307
f 1179 1307 1180
f 1180 1307 1181
f 1181 1307 1183
f 1183 1307 1184
f 1184 1307 1308
f 1184 1308 1309
f 1184 1309 1310
f 1184 1310 1185
f 1185 1310 1186
f 1186 1311 1312
f 1186 1312 1187
f 1186 1310 1313
f 1186 1313 1311
f 1187 1312 1188
f 1188 1312 1314
f 1188 1314 1190
f 1188 1190 1189
f 1190 1314 1315
f 1190 1315 1191
f 1191 1315 1316
f 1191 1316 1192
f 1192 1316 1317
f 1192 1317 1193
f 1193 1317 1195
f 1194 1196 1318
f 1194 1318 1197
f 1195 1317 1319
f 1195 1319 1196
f 1196 1319 1318
f 1197 1318 1198
f 1198 1320 1199
f 1198 1318 1321
f 1198 1321 1322
f 1198 1322 1323
f 1198 1323 1320
f 1199 1320 1324
f 1199 1324 1325
f 1199 1325 1203
f 1199 1203 1202
f 1199 1202 1201
f 1199 1201 1200
f 1203 1325 1204
f 1204 1325 1324
f 1204 1324 1205
f 1205 1324 1326
f 1205 1326 1206
f 1206 1326 1327
f 1206 1327 1207
f 1207 1327 1328
f 1207 1328 1329
f 1207 1329 1208
f 1208 1329 1330
f 1208 1330 1209
f 1209 1330 1331
f 1209 1331 1332
f 1209 1332 1210
f 1210 1332 1333
f 1210 1333 1334
f 1210 1334 1335
f 1210 1335 1211
f 1211 1335 1336
f 1211 1336 1215
f 1211 1215 1212
f 1212 1215 1213
f 1213 1215 1214
f 1215 1336 1337
f 1215 1337 1216
f 1215 1216 1217
f 1216 1337 1338
f 1216 1338 1339
f 1216 1339 1219
f 1216 1219 1218
f 1219 1339 1340
f 1219 1340 1220
f 1220 1340 1221
f 1221 1340 1341
f 1221 1341 1342
f 1221 1342 1343
f 1221 1343 1344
f 1221 1344 1345
f 1221 1345 1346
f 1221 1346 1222
f 1222 1346 1223
f 1223 1346 1224
f 1224 1346 1345
f 1224 1345 1225
f 1225 1345 1227
f 1226 1229 1230
f 1227 1345 1347
f 1227 1347 1348
f 1227 1348 1349
f 1227 1349 1228
f 1228 1349 1229
f 1229 1349 1350
f 1229 1350 1230
f 1230 1351 1232
f 1230 1232 1231
f 1230 1350 1349
f 1230 1349 1352
f 1230 1352 1351
f 1232 1351 1353
f 1232 1353 1233
f 1233 1353 1354
f 1233 1354 1235
f 1235 1354 1236
f 1236 1354 1237
f 1237 1354 1355
f 1237 1355 1238
f 1238 1355 1239
f 1239 1355 1247
f 1239 1247 1240
f 1240 1247 1241
f 1241 1247 1242
f 1242 1247 1356
f 1242 1356 1246
f 1244 1357 1245
f 1244 1247 1357
f 1245 1357 1262
f 1245 1262 1248
f 1246 1356 1247
f 1247 1358 1261
f 1247 1261 1260
f 1247 1260 1259
f 1247 1259 1262
f 1247 1262 1357
f 1247 1355 1358
f 1249 1252 1359
f 1250 1257 1251
f 1251 1257 1360
f 1251 1360 1252
f 1252 1360 1361
f 1252 1361 1359
f 1253 1362 1254
f 1253 1258 1362
f 1254 1362 1363
f 1254 1363 1255
f 1255 1364 1365
f 1255 1365 1256
f 1255 1363 1366
f 1255 1366 1367
f 1255 1367 1364
f 1256 1365 1361
f 1256 1361 1360
f 1256 1360 1257
f 1258 1261 1358
f 1258 1358 1362
f 1263 1368 1369
f 1263 1369 1370
f 1263 1370 1265
f 1263 1265 1264
f 1265 1370 1371
f 1265 1371 1266
f 1266 1371 1372
f 1266 1372 1373
f 1266 1373 1267
f 1267 1373 1268
f 1268 1374 1269
f 1268 1373 1374
f 1269 1374 1375
f 1269 1375 1270
f 1270 1375 1272
f 1270 1272 1271
f 1272 1375 1376
f 1272 1376 1377
f 1272 1377 1273
f 1273 1377 1274
f 1274 1377 1275
f 1275 1377 1276
f 1276 1378 1277
f 1276 1377 1379
f 1276 1379 1378
f 1277 1380 1278
f 1277 1378 1381
f 1277 1381 1380
f 1278 1380 1382
f 1278 1382 1279
f 1279 1382 1383
f 1279 1383 1280
f 1280 1383 1281
f 1281 1383 1384
f 1281 1384 1385
f 1281 1385 1284
f 1281 1284 1283
f 1281 1283 1282
f 1284 1385 1286
f 1284 1286 1285
f 1286 1385 1287
f 1287 1386 1387
f 1287 1387 1288
f 1287 1385 1388
f 1287 1388 1386
f 1288 1387 1289
f 1289 1387 1389
f 1289 1389 1390
f 1289 1390 1293
f 1289 1293 1290
f 1290 1293 1292
f 1290 1292 1291
f 1293 1390 1391
f 1293 1391 1294
f 1294 1391 1295
f 1295 1391 1392
f 1295 1392 1393
f 1295 1393 1296
f 1296 1393 1394
f 1296 1394 1297
f 1297 1395 1298
f 1297 1394 1395
f 1298 1395 1396
f 1298 1396 1397
f 1298 1397 1398
f 1298 1398 1299
f 1299 1398 1399
f 1299 1399 1300
f 1300 1399 1301
f 1301 1399 1303
f 1301 1303 1302
f 1303 1399 1400
f 1303 1400 1304
f 1303 1304 1305
f 1304 1400 1401
f 1304 1401 1402
f 1304 1402 1306
f 1306 1402 1403
f 1306 1403 1307
f 1307 1403 1308
f 1308 1404 1309
f 1308 1403 1404
f 1309 1404 1405
f 1309 1405 1310
f 1310 1405 1313
f 1311 1406 1407
f 1311 1407 1312
f 1311 1313 1408
f 1311 1408 1406
f 1312 1407 1409
f 1312 1409 1314
f 1313 1405 1408
f 1314 1409 1315
f 1315 1409 1316
f 1316 1409 1317
f 1317 1410 1411
f 1317 1411 1319
f 1317 1409 1412
f 1317 1412 1413
f 1317 1413 1410
f 1318 1319 1414
f 1318 1414 1415
f 1318 1415 1321
f 1319 1411 1414
f 1320 1323 1324
f 1321 1415 1322
f 1322 1415 1323
f 1323 1415 1416
f 1323 1416 1417
f 1323 1417 1418
f 1323 1418 1326
f 1323 1326 1324
f 1326 1418 1327
f 1327 1418 1419
f 1327 1419 1328
f 1328 1419 1420
f 1328 1420 1329
f 1329 1421 1330
f 1329 1420 1421
f 1330 1421 1331
f 1331 1421 1422
f 1331 1422 1423
f 1331 1423 1424
f 1331 1424 1332
f 1332 1424 1425
f 1332 1425 1333
f 1333 1425 1426
f 1333 1426 1427
f 1333 1427 1334
f 1334 1427 1335
f 1335 1427 1428
f 1335 1428 1336
f 1336 1428 1337
f 1337 1428 1429
f 1337 1429 1338
f 1338 1429 1430
f 1338 1430 1339
f 1339 1430 1340
f 1340 1431 1341
f 1340 1430 1431
f 1341 1431 1342
f 1342 1432 1343
f 1342 1431 1432
f 1343 1432 1433
f 1343 1433 1434
f 1343 1434 1435
f 1343 1435 1344
f 1344 1435 1345
f 1345 1435 1347
f 1347 1435 1434
f 1347 1434 1436
f 1347 1436 1348
f 1348 1437 1349
f 1348 1436 1437
f 1349 1438 1352
f 1349 1437 1438
f 1351 1352 1439
f 1351 1439 1353
f 1352 1438 1439
f 1353 1439 1440
f 1353 1440 1354
f 1354 1440 1441
f 1354 1441 1355
f 1355 1441 1442
f 1355 1442 1358
f 1358 1442 1367
f 1358 1367 1362
f 1359 1361 1444
f 1359 1444 1443
f 1361 1365 1445
f 1361 1445 1444
f 1362 1367 1363
f 1363 1367 1366
f 1364 1446 1445
f 1364 1445 1365
f 1364 1367 1446
f 1367 1447 1446
f 1367 1442 1448
f 1367 1448 1449
f 1367 1449 1447
f 1368 1443 1450
f 1368 1450 1451
f 1368 1451 1369
f 1369 1451 1370
f 1370 1451 1372
f 1370 1372 1371
f 1372 1451 1452
f 1372 1452 1453
f 1372 1453 1454
f 1372 1454 1455
f 1372 1455 1373
f 1373 1455 1456
f 1373 1456 1374
f 1374 1456 1375
f 1375 1457 1458
f 1375 1458 1376
f 1375 1456 1457
f 1376 1458 1459
f 1376 1459 1377
f 1377 1459 1460
f 1377 1460 1379
f 1378 1379 1460
f 1378 1460 1461
f 1378 1461 1381
f 1380 1381 1462
f 1380 1462 1463
f 1380 1463 1464
f 1380 1464 1382
f 1381 1461 1462
f 1382 1464 1383
f 1383 1464 1384
f 1384 1464 1465
f 1384 1465 1388
f 1384 1388 1385
f 1386 1388 1466
f 1386 1466 1467
f 1386 1467 1468
f 1386 1468 1387
f 1387 1468 1392
f 1387 1392 1391
f 1387 1391 1390
f 1387 1390 1389
f 1388 1465 1466
f 1392 1468 1393
f 1393 1468 1394
f 1394 1468 1469
f 1394 1469 1470
f 1394 1470 1471
f 1394 1471 1395
f 1395 1472 1473
f 1395 1473 1396
f 1395 1471 1474
f 1395 1474 1472
f 1396 1475 1397
f 1396 1473 1475
f 1397 1475 1398
f 1398 1475 1476
f 1398 1476 1399
f 1399 1476 1400
f 1400 1476 1477
f 1400 1477 1401
f 1401 1478 1479
f 1401 1479 1480
f 1401 1480 1481
f 1401 1481 1402
f 1401 1477 1478
f 1402 1481 1404
f 1402 1404 1403
f 1404 1480 1482
f 1404 1482 1408
f 1404 1408 1405
f 1404 1481 1480
f 1406 1408 1483
f 1406 1483 1484
f 1406 1484 1485
f 1406 1485 1410
f 1406 1410 1486
f 1406 1486 1407
f 1407 1486 1487
f 1407 1487 1409
f 1408 1482 1488
f 1408 1488 1483
f 1409 1487 1412
f 1410 1489 1415
f 1410 1415 1414
f 1410 1414 1411
f 1410 1413 1486
f 1410 1485 1490
f 1410 1490 1489
f 1412 1487 1413
f 1413 1487 1486
f 1415 1489 1416
f 1416 1489 1491
f 1416 1491 1417
f 1417 1491 1492
f 1417 1492 1493
f 1417 1493 1418
f 1418 1493 1419
f 1419 1493 1420
f 1420 1422 1421
f 1420 1493 1494
f 1420 1494 1495
f 1420 1495 1422
f 1422 1495 1423
f 1423 1495 1424
f 1424 1495 1496
f 1424 1496 1442
f 1424 1442 1425
f 1425 1442 1441
f 1425 1441 1433
f 1425 1433 1497
f 1425 1497 1426
f 1426 1497 1429
f 1426 1429 1427
f 1427 1429 1428
f 1429 1497 1498
f 1429 1498 1430
f 1430 1498 1431
f 1431 1498 1432
f 1432 1498 1433
f 1433 1498 1497
f 1433 1441 1434
f 1434 1441 1436
f 1436 1441 1440
f 1436 1440 1437
f 1437 1440 1439
f 1437 1439 1438
f 1442 1496 1465
f 1442 1465 1448
f 1443 1444 1499
f 1443 1499 1500
f 1443 1500 1450
f 1444 1445 1499
f 1445 1446 1501
f 1445 1501 1502
f 1445 1502 1452
f 1445 1452 1499
f 1446 1447 1501
f 1447 1449 1503
f 1447 1503 1504
f 1447 1504 1501
f 1448 1465 1449
f 1449 1465 1505
f 1449 1505 1503
f 1450 1500 1451
f 1451 1499 1452
f 1451 1500 1499
f 1452 1502 1453
f 1453 1501 1504
f 1453 1504 1506
f 1453 1506 1456
f 1453 1456 1507
f 1453 1507 1454
f 1453 1502 1501
f 1454 1507 1508
f 1454 1508 1456
f 1454 1456 1455
f 1456 1508 1507
f 1456 1506 1457
f 1457 1509 1458
f 1457 1506 1510
f 1457 1510 1509
f 1458 1511 1459
f 1458 1509 1512
f 1458 1512 1511
f 1459 1462 1460
f 1459 1511 1462
f 1460 1462 1461
f 1462 1511 1512
f 1462 1512 1463
f 1463 1512 1505
f 1463 1505 1465
f 1463 1465 1464
f 1465 1496 1513
f 1465 1513 1466
f 1466 1513 1514
f 1466 1514 1515
f 1466 1515 1516
f 1466 1516 1467
f 1467 1516 1469
f 1467 1469 1468
f 1469 1516 1470
f 1470 1516 1471
f 1471 1516 1515
f 1471 1515 1514
f 1471 1514 1474
f 1472 1474 1514
f 1472 1514 1517
f 1472 1517 1518
f 1472 1518 1473
f 1473 1518 1519
f 1473 1519 1520
f 1473 1520 1475
f 1475 1520 1495
f 1475 1495 1477
f 1475 1477 1476
f 1477 1495 1478
f 1478 1495 1521
f 1478 1521 1522
f 1478 1522 1480
f 1478 1480 1479
f 1480 1522 1523
f 1480 1523 1482
f 1482 1523 1488
f 1483 1524 1484
f 1483 1488 1523
f 1483 1523 1525
f 1483 1525 1524
f 1484 1524 1526
f 1484 1526 1490
f 1484 1490 1485
f 1489 1490 1491
f 1490 1526 1527
f 1490 1527 1491
f 1491 1527 1492
f 1492 1494 1493
f 1492 1527 1525
f 1492 1525 1521
f 1492 1521 1494
f 1494 1521 1495
f 1495 1520 1519
f 1495 1519 1518
f 1495 1518 1517
f 1495 1517 1513
f 1495 1513 1496
f 1503 1510 1504
f 1503 1505 1509
f 1503 1509 1510
f 1504 1510 1506
f 1505 1512 1509
f 1513 1517 1514
f 1521 1525 1523
f 1521 1523 1522
f 1524 1527 1526
f 1524 1525 1527
