v 0.82300431 -0.05255355 0.00997237
v 0.82252038 -0.05255355 0.03076132
v 0.81614852 -0.05736766 0.00997237
v 0.82268167 -0.05265598 -0.01000451
v 0.82292366 -0.05255355 0.00282617
v 0.82211709 -0.05255355 0.03904441
v 0.81542265 -0.05688625 0.04992613
v 0.81582594 -0.05722426 0.02994925
v 0.80590516 -0.06400499 0.02994925
v 0.80614710 -0.06413814 0.00997237
v 0.80969602 -0.06171060 0.00282617
v 0.81598723 -0.05733693 -0.01000451
v 0.82235909 -0.05265598 -0.02056140
v 0.82203645 -0.05265598 -0.03014381
v 0.82090724 -0.05265598 -0.04995827
v 0.81985873 -0.05265598 -0.06262654
v 0.81921351 -0.05265598 -0.06993515
v 0.81687444 -0.05265598 -0.08991203
v 0.81405151 -0.05265598 -0.10988891
v 0.81066394 -0.05265598 -0.13019063
v 0.80897009 -0.05265598 -0.13912338
v 0.80687308 -0.05265598 -0.14984268
v 0.80550188 -0.05265598 -0.15617681
v 0.80235630 -0.05265598 -0.17030680
v 0.79735559 -0.05265598 -0.18995886
v 0.79170966 -0.05265598 -0.21042298
v 0.78920931 -0.05265598 -0.21854365
v 0.78566039 -0.05265598 -0.22991261
v 0.78259552 -0.05265598 -0.23917019
v 0.77904660 -0.05265598 -0.24956466
v 0.77154553 -0.05265598 -0.27019119
v 0.76952916 -0.05265598 -0.27555084
v 0.76364124 -0.05265598 -0.29081774
v 0.75597888 -0.05265598 -0.30998254
v 0.74863917 -0.05265598 -0.32752323
v 0.74807453 -0.05265598 -0.32882252
v 0.73879910 -0.05265598 -0.34977388
v 0.72992688 -0.05265598 -0.36910114
v 0.71976423 -0.05265598 -0.39005250
v 0.70992410 -0.05265598 -0.40905488
v 0.70871425 -0.05265598 -0.41116625
v 0.69734174 -0.05265598 -0.43098074
v 0.69008267 -0.05265598 -0.44283694
v 0.68556589 -0.05265598 -0.44998312
v 0.67217696 -0.05265598 -0.46931034
v 0.66927332 -0.05265598 -0.47320828
v 0.65628767 -0.05265598 -0.49042413
v 0.65048039 -0.05265598 -0.49773276
v 0.63951111 -0.05265598 -0.51121306
v 0.63136482 -0.05265598 -0.52112031
v 0.62313789 -0.05265598 -0.53086513
v 0.60813582 -0.05265598 -0.54808098
v 0.58845568 -0.05265598 -0.56951958
v 0.56982404 -0.05265598 -0.58852196
v 0.54845011 -0.05265598 -0.60931093
v 0.52820539 -0.05265598 -0.62750125
v 0.51070297 -0.05265598 -0.64228088
v 0.49997565 -0.05265598 -0.65105122
v 0.49094212 -0.05265598 -0.65819746
v 0.47569808 -0.05265598 -0.66989124
v 0.44883952 -0.05265598 -0.68954331
v 0.44714573 -0.05265598 -0.69068021
v 0.43036923 -0.05265598 -0.70188671
v 0.41730288 -0.05265598 -0.71016979
v 0.41028580 -0.05265598 -0.71455497
v 0.38955712 -0.05265598 -0.72689843
v 0.38842791 -0.05265598 -0.72754806
v 0.36987695 -0.05265598 -0.73778015
v 0.34955156 -0.05265598 -0.74833703
v 0.32979077 -0.05265598 -0.75759459
v 0.31011060 -0.05265598 -0.76652735
v 0.29139835 -0.05265598 -0.77432323
v 0.27050835 -0.05265598 -0.78244388
v 0.24945703 -0.05265598 -0.79007733
v 0.23009951 -0.05265598 -0.79657388
v 0.21050002 -0.05265598 -0.80242079
v 0.19009396 -0.05265598 -0.80794287
v 0.16638099 -0.05265598 -0.81330252
v 0.15008840 -0.05265598 -0.81671315
v 0.12952104 -0.05265598 -0.82044870
v 0.11008286 -0.05265598 -0.82337213
v 0.09008008 -0.05265598 -0.82597077
v 0.07394883 -0.05265598 -0.82743245
v 0.07007730 -0.05265598 -0.82775730
v 0.05152637 -0.05265598 -0.82905662
v 0.02902323 -0.05265598 -0.83019352
v 0.01006898 -0.05265598 -0.83068073
v 0.63160682 -0.05255355 0.00282617
v 0.82155252 -0.05255355 0.04992613
v 0.80542123 -0.06368746 0.04992613
v 0.81469673 -0.05634338 0.07006542
v 0.80469537 -0.06317532 0.07006542
v 0.78808010 -0.07486233 0.04960130
v 0.79033852 -0.07400194 0.02994925
v 0.79058051 -0.07414534 0.00997237
v 0.80058181 -0.06771287 0.00282617
v 0.80598581 -0.06410741 -0.01000451
v 0.81566459 -0.05713208 -0.02998139
v 0.81509995 -0.05673261 -0.04995827
v 0.81421280 -0.05611804 -0.06993515
v 0.81308359 -0.05531910 -0.08991203
v 0.81163180 -0.05432555 -0.10988891
v 0.80050123 -0.06045074 -0.12369408
v 0.79937202 -0.05965180 -0.13701199
v 0.79800081 -0.05876068 -0.14984268
v 0.79566181 -0.05724475 -0.16998197
v 0.79316151 -0.05553420 -0.18995886
v 0.78872538 -0.05464308 -0.21058539
v 0.77920794 -0.05953913 -0.21756917
v 0.77719152 -0.05823830 -0.22991261
v 0.77380395 -0.05601561 -0.25005192
v 0.76880324 -0.05447919 -0.27019119
v 0.75622088 -0.05767494 -0.29000565
v 0.75210738 -0.05512449 -0.30998254
v 0.74000895 -0.06005127 -0.32021460
v 0.73710531 -0.05825878 -0.33353254
v 0.73339510 -0.05597464 -0.34993631
v 0.72073209 -0.06050195 -0.36163008
v 0.71758652 -0.05856606 -0.37494802
v 0.71379566 -0.05631265 -0.38989007
v 0.70080996 -0.06053268 -0.40158385
v 0.69709980 -0.05839194 -0.41490176
v 0.69024396 -0.05661993 -0.43163037
v 0.67967796 -0.05987714 -0.43942624
v 0.67612910 -0.05796174 -0.44998312
v 0.66177225 -0.06101409 -0.46248898
v 0.66903138 -0.05431531 -0.46947277
v 0.65685225 -0.05839194 -0.47580689
v 0.65007710 -0.05590294 -0.49058655
v 0.63822061 -0.05913966 -0.49773276
v 0.63088089 -0.05709111 -0.51137549
v 0.61934704 -0.05971326 -0.51917136
v 0.61474961 -0.05739839 -0.52989066
v 0.60031211 -0.06019467 -0.54028511
v 0.59410161 -0.05719353 -0.55360305
v 0.58079332 -0.06040977 -0.56074923
v 0.57434082 -0.05735742 -0.57406718
v 0.56095183 -0.06050195 -0.58088857
v 0.55409604 -0.05734717 -0.59420645
v 0.54078776 -0.06040977 -0.60070300
v 0.53344804 -0.05714232 -0.61402094
v 0.52005911 -0.06008200 -0.62003022
v 0.50989640 -0.05718329 -0.63432264
v 0.49884647 -0.05955961 -0.63903260
v 0.49126476 -0.05665066 -0.65056401
v 0.47698858 -0.05882214 -0.65771019
v 0.45472744 -0.05790028 -0.67606294
v 0.44133848 -0.06059414 -0.68093538
v 0.42988527 -0.05707062 -0.69474053
v 0.41794813 -0.05930354 -0.69863844
v 0.41085038 -0.05545226 -0.70968258
v 0.39375123 -0.05778761 -0.71617913
v 0.38036227 -0.06009224 -0.72007704
v 0.37011892 -0.05568784 -0.73290771
v 0.35439095 -0.05822805 -0.73696810
v 0.34108263 -0.06029709 -0.74037874
v 0.33011338 -0.05562638 -0.75288463
v 0.31011060 -0.05847388 -0.75743222
v 0.29970592 -0.05991811 -0.75970596
v 0.29188228 -0.05572882 -0.76945078
v 0.27010506 -0.06356454 -0.76555288
v 0.27010506 -0.05722426 -0.77546012
v 0.25558692 -0.05896553 -0.77822113
v 0.24227862 -0.06051219 -0.78065735
v 0.23009951 -0.05527813 -0.79267597
v 0.21009673 -0.05726523 -0.79559940
v 0.19009396 -0.05904748 -0.79852283
v 0.17952798 -0.05992835 -0.79982215
v 0.16621968 -0.06088093 -0.80128390
v 0.15008840 -0.05528837 -0.81281525
v 0.13008565 -0.05655848 -0.81476420
v 0.11008286 -0.05762373 -0.81622595
v 0.09008008 -0.05846364 -0.81752527
v 0.07007730 -0.05910893 -0.81849974
v 0.05007455 -0.05954937 -0.81914937
v 0.03474984 -0.05983617 -0.81963664
v 0.02886191 -0.05425385 -0.82791972
v 0.02144155 -0.06005127 -0.81996143
v -0.00098091 -0.05381341 -0.82889420
v -0.00098091 -0.05265598 -0.83051836
v 0.01006898 -0.06011273 -0.81996143
v -0.00098091 -0.06010248 -0.81996143
v -0.00090027 -0.05255355 0.63591462
v 0.82002002 -0.05255355 0.07006542
v 0.81800365 -0.05255355 0.08987989
v 0.81364822 -0.05563663 0.08987989
v 0.80364680 -0.06248905 0.08987989
v 0.78993523 -0.07263964 0.07006542
v 0.78993523 -0.07129784 0.08987989
v 0.78009510 -0.08011688 0.04261751
v 0.77969187 -0.07985057 0.05593543
v 0.78041780 -0.08027052 0.02994925
v 0.78057909 -0.08040368 0.00997237
v 0.78057909 -0.08038320 -0.01000451
v 0.79058051 -0.07413509 0.00282617
v 0.79058051 -0.07410437 -0.01000451
v 0.80566323 -0.06389231 -0.02998139
v 0.80509865 -0.06350309 -0.04995827
v 0.80421138 -0.06290901 -0.06993515
v 0.80308223 -0.06214080 -0.08991203
v 0.80163038 -0.06118822 -0.10988891
v 0.78993523 -0.06876788 -0.10988891
v 0.79162896 -0.06546970 -0.13019063
v 0.78808010 -0.06523412 -0.14984268
v 0.78574109 -0.06375916 -0.16998197
v 0.78324074 -0.06212031 -0.18995886
v 0.78122437 -0.06083996 -0.20425126
v 0.76719010 -0.06459907 -0.22991261
v 0.77154553 -0.06575650 -0.21058539
v 0.76380253 -0.06243784 -0.25005192
v 0.76130223 -0.06087069 -0.26353225
v 0.75880188 -0.05928306 -0.27685016
v 0.74621952 -0.06386158 -0.29000565
v 0.74210596 -0.06136234 -0.30998254
v 0.72992688 -0.06869618 -0.30998254
v 0.73024952 -0.06387183 -0.32801047
v 0.72339374 -0.06212031 -0.34993631
v 0.70992410 -0.07015065 -0.34993631
v 0.71048868 -0.06449664 -0.36893871
v 0.70379424 -0.06231492 -0.38989007
v 0.69024396 -0.06411766 -0.40889248
v 0.68992138 -0.07014041 -0.38989007
v 0.68379146 -0.06212031 -0.42610833
v 0.67177367 -0.06671932 -0.43163037
v 0.66612768 -0.06331871 -0.44998312
v 0.65007710 -0.06434299 -0.46947277
v 0.64806068 -0.07328494 -0.44803417
v 0.64354396 -0.06184376 -0.48441482
v 0.62491232 -0.06249929 -0.50585341
v 0.63088089 -0.06568480 -0.49058655
v 0.60474825 -0.06241735 -0.52989066
v 0.61160403 -0.06676029 -0.51137549
v 0.56990469 -0.07024284 -0.54986751
v 0.58845568 -0.06236614 -0.54808098
v 0.58990747 -0.06951560 -0.52989066
v 0.56853354 -0.06265293 -0.56838268
v 0.54845011 -0.06265293 -0.58852196
v 0.54990196 -0.07047842 -0.56984442
v 0.52804404 -0.06227395 -0.60833645
v 0.52989912 -0.07019162 -0.58982128
v 0.50989640 -0.06223298 -0.62425297
v 0.50989640 -0.06923905 -0.60979819
v 0.47013280 -0.06527509 -0.65056401
v 0.47714990 -0.07892872 -0.61759400
v 0.47021344 -0.07571249 -0.62977505
v 0.45545334 -0.07829367 -0.63643402
v 0.46368030 -0.06152623 -0.66274500
v 0.42988527 -0.06273488 -0.68483329
v 0.44875887 -0.06375916 -0.66956639
v 0.42988527 -0.07073449 -0.66989124
v 0.40480116 -0.06171060 -0.70286119
v 0.38826659 -0.06345187 -0.70968258
v 0.37011892 -0.06176182 -0.72283810
v 0.37011892 -0.06925953 -0.70984501
v 0.34866434 -0.06408693 -0.73014671
v 0.33011338 -0.07780201 -0.71601671
v 0.33011338 -0.06966925 -0.72982186
v 0.31091717 -0.07540520 -0.72917223
v 0.33011338 -0.06186424 -0.74281496
v 0.31011060 -0.06465028 -0.74736255
v 0.28639764 -0.06158769 -0.76230460
v 0.29010785 -0.07722841 -0.73518151
v 0.29188228 -0.06672956 -0.75174773
v 0.26937914 -0.07422728 -0.74849945
v 0.25010228 -0.07587637 -0.75304705
v 0.24937637 -0.06500877 -0.77091253
v 0.23009951 -0.06978191 -0.76993805
v 0.23009951 -0.06179254 -0.78260630
v 0.21009673 -0.06373867 -0.78569216
v 0.19009396 -0.06547995 -0.78845322
v 0.17178497 -0.06612524 -0.79186392
v 0.15008840 -0.07029405 -0.78991491
v 0.15008840 -0.06196667 -0.80290800
v 0.13008565 -0.06318556 -0.80469459
v 0.11008286 -0.06422009 -0.80631870
v 0.09008008 -0.06505999 -0.80761802
v 0.07007730 -0.06568480 -0.80843008
v 0.05007455 -0.06613548 -0.80924213
v 0.02886191 -0.06520338 -0.81167835
v 0.03007177 -0.07647045 -0.79413766
v 0.01006898 -0.06676029 -0.80989182
v -0.00098091 -0.06232516 -0.81671315
v -0.00098091 -0.05265598 -0.63091195
v -0.00090027 -0.05255355 0.82821238
v 0.81735837 -0.05255355 0.09556437
v 0.81235766 -0.05477624 0.11001918
v 0.80235630 -0.06163890 0.11001918
v 0.78993523 -0.06962827 0.11001918
v 0.77799809 -0.07882629 0.08987989
v 0.77904660 -0.07948183 0.07006542
v 0.77178752 -0.08474661 0.04960130
v 0.76993245 -0.08640595 0.02994925
v 0.76904523 -0.08538167 0.07006542
v 0.76993245 -0.08668251 0.00997237
v 0.77678823 -0.08264685 0.00282617
v 0.76993245 -0.08665177 -0.01000451
v 0.76993245 -0.08628304 -0.02998139
v 0.78025645 -0.08017834 -0.02998139
v 0.79025781 -0.07388927 -0.02998139
v 0.78799945 -0.07462675 -0.04817172
v 0.78993523 -0.07213776 -0.06993515
v 0.78993523 -0.07062182 -0.08991203
v 0.77598166 -0.07758691 -0.10988891
v 0.77428788 -0.07650118 -0.12986580
v 0.77219081 -0.07523108 -0.14984268
v 0.76839995 -0.07467796 -0.16981956
v 0.76993245 -0.07044770 -0.18995886
v 0.75412381 -0.07657288 -0.20993572
v 0.74896181 -0.07549739 -0.23104951
v 0.75710809 -0.07834488 -0.18995886
v 0.74992967 -0.07087789 -0.25005192
v 0.75122017 -0.06550043 -0.27019119
v 0.73347580 -0.07622463 -0.27002880
v 0.72855574 -0.07452432 -0.28951842
v 0.71540874 -0.07735133 -0.30998254
v 0.70927888 -0.07558957 -0.33093390
v 0.69919682 -0.07959450 -0.33840495
v 0.69637382 -0.07803760 -0.34993631
v 0.68951809 -0.07593782 -0.37105009
v 0.66919267 -0.07520035 -0.41002935
v 0.67588711 -0.07783274 -0.38989007
v 0.67911339 -0.07957401 -0.37835869
v 0.65790081 -0.07900041 -0.41668832
v 0.65354532 -0.07680846 -0.42984384
v 0.63523632 -0.07772007 -0.45355624
v 0.62910646 -0.07481112 -0.46947277
v 0.64007574 -0.08010664 -0.44007590
v 0.61668539 -0.07847804 -0.47580689
v 0.60999089 -0.07601976 -0.49042413
v 0.59071404 -0.07693137 -0.51105064
v 0.59789246 -0.07908235 -0.49740791
v 0.55925804 -0.07972766 -0.53914821
v 0.55151504 -0.07782250 -0.55165410
v 0.57869625 -0.07946134 -0.51852167
v 0.57119519 -0.07751521 -0.53135240
v 0.53159297 -0.07780201 -0.57146853
v 0.53941661 -0.07979935 -0.55928755
v 0.51142883 -0.07742303 -0.59112060
v 0.51917183 -0.07969692 -0.57910198
v 0.49836251 -0.07938965 -0.59859163
v 0.49094212 -0.07671627 -0.61044782
v 0.44924280 -0.07438092 -0.64893985
v 0.48497355 -0.08202204 -0.60427612
v 0.47021344 -0.08484904 -0.61044782
v 0.46376094 -0.08152014 -0.62295365
v 0.44924280 -0.08379404 -0.62977505
v 0.44206440 -0.08084412 -0.64163125
v 0.41085038 -0.06609451 -0.69116741
v 0.41165695 -0.07699283 -0.67037845
v 0.42988527 -0.07801711 -0.65592366
v 0.41948062 -0.07988130 -0.65965915
v 0.38979909 -0.07462675 -0.68889362
v 0.37011892 -0.07749473 -0.69522774
v 0.35084206 -0.07553835 -0.70935774
v 0.35793981 -0.07937940 -0.69880086
v 0.34463152 -0.08131529 -0.70221156
v 0.33011338 -0.08331263 -0.70594704
v 0.31809556 -0.07947159 -0.71894014
v 0.30470663 -0.08122310 -0.72202599
v 0.29010785 -0.08298486 -0.72511190
v 0.27558970 -0.07896969 -0.73810494
v 0.26228139 -0.08050611 -0.74070358
v 0.23009951 -0.07799663 -0.75645769
v 0.25010228 -0.08182742 -0.74297738
v 0.21622662 -0.07932819 -0.75873148
v 0.20977411 -0.07457554 -0.76847631
v 0.19009396 -0.07547690 -0.77253664
v 0.17009118 -0.07699283 -0.77497286
v 0.15008840 -0.07833464 -0.77708423
v 0.13379583 -0.07931794 -0.77870840
v 0.12831119 -0.07413509 -0.78796595
v 0.11008286 -0.07421704 -0.79072702
v 0.09008008 -0.07505695 -0.79202628
v 0.07007730 -0.07568175 -0.79300076
v 0.05007455 -0.07613244 -0.79365045
v 0.05007455 -0.08232932 -0.78374320
v 0.03007177 -0.08264685 -0.78423047
v 0.01006898 -0.07665482 -0.79446250
v -0.00098091 -0.07663433 -0.79446250
v -0.00098091 -0.07255770 0.00282617
v -0.00090027 -0.05918063 0.81862998
v 0.01014966 -0.05919087 0.81862998
v 0.01014966 -0.05255355 0.82821238
v -0.00098091 -0.15666120 0.00282617
v 0.81493866 -0.05255355 0.11391711
v 0.81259966 -0.05255355 0.12999606
v 0.81090587 -0.05374172 0.12999606
v 0.80090451 -0.06062486 0.12999606
v 0.78993523 -0.06763093 0.12999606
v 0.77662694 -0.07800686 0.11001918
v 0.76799667 -0.08474661 0.08987989
v 0.76662552 -0.08395793 0.11001918
v 0.75307524 -0.09614684 0.02994925
v 0.75251067 -0.09584980 0.04992613
v 0.75331724 -0.09629023 0.00997237
v 0.75170410 -0.09537863 0.07006542
v 0.75331724 -0.09629023 0.00282617
v 0.75331724 -0.09627999 -0.01000451
v 0.76993245 -0.08667226 0.00282617
v 0.75299460 -0.09610587 -0.02998139
v 0.75234938 -0.09574737 -0.04995827
v 0.78001451 -0.08003494 -0.04037587
v 0.77944988 -0.07971741 -0.05369379
v 0.77864337 -0.07923600 -0.06993515
v 0.77743351 -0.07849852 -0.08991203
v 0.76598024 -0.08361991 -0.10988891
v 0.76428652 -0.08258539 -0.12986580
v 0.76218945 -0.08135626 -0.14984268
v 0.76073766 -0.08046514 -0.16299818
v 0.75896317 -0.07946134 -0.17631610
v 0.74412239 -0.08241126 -0.20993572
v 0.74170274 -0.08101825 -0.22504020
v 0.73936367 -0.07969692 -0.23835813
v 0.74710667 -0.08411156 -0.18995886
v 0.73726666 -0.07845755 -0.25005192
v 0.72347438 -0.08201180 -0.27002880
v 0.72097403 -0.08061878 -0.28253463
v 0.71831238 -0.07906187 -0.29585257
v 0.70532668 -0.08308729 -0.30998254
v 0.70218110 -0.08127432 -0.32492462
v 0.68637246 -0.08346627 -0.34993631
v 0.68992138 -0.09149662 -0.30998254
v 0.69145381 -0.08556604 -0.33093390
v 0.66983795 -0.09681262 -0.33190840
v 0.68258160 -0.08144844 -0.36504078
v 0.66201425 -0.08111043 -0.40353283
v 0.66588575 -0.08313850 -0.38989007
v 0.67145103 -0.08567871 -0.37105009
v 0.65072238 -0.08471589 -0.41002935
v 0.64354396 -0.08183767 -0.42984384
v 0.62192804 -0.08098751 -0.46248898
v 0.62910646 -0.08264685 -0.44803417
v 0.62991303 -0.08847499 -0.42984384
v 0.60337710 -0.08165330 -0.48409000
v 0.60999089 -0.08401938 -0.46947277
v 0.59071404 -0.08498220 -0.49042413
v 0.58450353 -0.08208349 -0.50520378
v 0.56538796 -0.08243175 -0.52583033
v 0.55151504 -0.08619085 -0.53135240
v 0.54594976 -0.08262637 -0.54596961
v 0.57119519 -0.08568896 -0.51105064
v 0.52602768 -0.08260588 -0.56594646
v 0.53159297 -0.08635473 -0.55165410
v 0.50578290 -0.08240102 -0.58527368
v 0.51142883 -0.08614988 -0.57146853
v 0.49094212 -0.08562750 -0.59112060
v 0.46916491 -0.09493819 -0.58900923
v 0.44843623 -0.09404707 -0.60833645
v 0.44077387 -0.10033613 -0.60070300
v 0.42988527 -0.08299510 -0.64585400
v 0.42988527 -0.09068743 -0.62977505
v 0.41117302 -0.09689456 -0.63026232
v 0.39617091 -0.07873411 -0.67736226
v 0.40633363 -0.08214495 -0.66404432
v 0.41165695 -0.08640595 -0.65170091
v 0.38286263 -0.08090557 -0.68158501
v 0.37011892 -0.08284146 -0.68532050
v 0.35084206 -0.08539192 -0.69116741
v 0.33011338 -0.09183463 -0.68986809
v 0.31091717 -0.08547386 -0.71130669
v 0.31188506 -0.09668970 -0.68970567
v 0.29010785 -0.09135322 -0.70984501
v 0.26937914 -0.08452128 -0.73079634
v 0.27115357 -0.09602392 -0.70919532
v 0.25010228 -0.08923296 -0.72982186
v 0.23009951 -0.08385549 -0.74638808
v 0.22872835 -0.09446702 -0.72803533
v 0.20291832 -0.08051635 -0.76068044
v 0.20977411 -0.08484904 -0.75126046
v 0.19009396 -0.08157136 -0.76246703
v 0.17009118 -0.08303607 -0.76490325
v 0.15008840 -0.08432666 -0.76717699
v 0.12831119 -0.08440861 -0.77123737
v 0.12048754 -0.08005542 -0.77984530
v 0.11008286 -0.08052659 -0.78065735
v 0.09008008 -0.08131529 -0.78211910
v 0.07007730 -0.08190937 -0.78293115
v 0.07007730 -0.08966316 -0.76993805
v 0.05007455 -0.09048258 -0.76993805
v 0.01006898 -0.08280049 -0.78455526
v 0.03007177 -0.09107666 -0.76993805
v -0.00098091 -0.08279025 -0.78455526
v -0.00090027 -0.06585893 0.80872279
v 0.01014966 -0.06587941 0.80872279
v 0.03015241 -0.05903723 0.81846762
v 0.02652287 -0.05255355 0.82788759
v -0.00098091 -0.15671241 -0.27002880
v -0.00090027 -0.15663047 0.43890685
v -0.00090027 -0.15662023 0.45888373
v -0.00090027 -0.15660998 0.46992788
v -0.00090027 -0.15658949 0.48990473
v -0.00090027 -0.15656900 0.49899989
v -0.00090027 -0.15653828 0.50988162
v -0.00090027 -0.15641537 0.52985853
v -0.00090027 -0.15628222 0.53895366
v -0.00090027 -0.15610808 0.54983538
v -0.00090027 -0.15584177 0.55893058
v -0.00090027 -0.15551400 0.56981230
v -0.00090027 -0.15440778 0.58995157
v -0.00090027 -0.15254360 0.60992843
v -0.00090027 -0.14963464 0.62990534
v -0.00090027 -0.14541462 0.64988220
v -0.00090027 -0.14363238 0.65654117
v -0.00090027 -0.14147115 0.66449946
v -0.00090027 -0.13999619 0.66904700
v -0.00090027 -0.13820371 0.67456907
v -0.00090027 -0.13236532 0.68983597
v -0.00090027 -0.12865743 0.69844389
v -0.00090027 -0.12414036 0.70883834
v -0.00090027 -0.11949014 0.71874559
v -0.00090027 -0.11691920 0.72378039
v -0.00090027 -0.11378491 0.72978973
v -0.00090027 -0.10430009 0.74733043
v -0.00090027 -0.09854364 0.75740004
v -0.00090027 -0.09089229 0.76990592
v -0.00090027 -0.08237030 0.78354865
v -0.00090027 -0.07943061 0.78809625
v -0.00090027 -0.07585588 0.79361832
v 0.80937338 -0.05255355 0.14834881
v 0.80800223 -0.05353686 0.14818640
v 0.80001724 -0.06006151 0.14022812
v 0.79122573 -0.06472198 0.14818640
v 0.77501380 -0.07701331 0.12999606
v 0.76501238 -0.08301559 0.12999606
v 0.75065553 -0.09474357 0.08987989
v 0.74799395 -0.09485625 0.10807022
v 0.74992967 -0.09174244 0.12999606
v 0.74307388 -0.10170867 0.02994925
v 0.74250925 -0.10143211 0.04992613
v 0.74170274 -0.10097118 0.07006542
v 0.74331582 -0.10185207 0.00997237
v 0.74065423 -0.10037711 0.08987989
v 0.74331582 -0.10185207 -0.01000451
v 0.74299324 -0.10168818 -0.02998139
v 0.74234796 -0.10135017 -0.04995827
v 0.77162623 -0.08461346 -0.04817172
v 0.74146074 -0.10082779 -0.06993515
v 0.75146210 -0.09519426 -0.06993515
v 0.76864195 -0.08519730 -0.06993515
v 0.76743209 -0.08449055 -0.08991203
v 0.74992967 -0.09291012 -0.10988891
v 0.74831653 -0.09549130 -0.09072410
v 0.74992967 -0.09083083 -0.12986580
v 0.74992967 -0.08838281 -0.14984268
v 0.75138152 -0.08479783 -0.16981956
v 0.72992688 -0.09040064 -0.20993572
v 0.73162067 -0.08552507 -0.23104951
v 0.72726524 -0.08414230 -0.25005192
v 0.72823310 -0.09484600 -0.18914679
v 0.73202395 -0.09565518 -0.16998197
v 0.70992410 -0.08960170 -0.27002880
v 0.71097267 -0.08468516 -0.28951842
v 0.65991718 -0.10000837 -0.34002909
v 0.66991854 -0.09218288 -0.34993631
v 0.67685503 -0.09841049 -0.30998254
v 0.68927610 -0.09615708 -0.29114255
v 0.67935538 -0.09972157 -0.29861358
v 0.66306281 -0.10159600 -0.32654876
v 0.64991581 -0.09124054 -0.38989007
v 0.64983511 -0.09663849 -0.37137491
v 0.65733618 -0.09870753 -0.34993631
v 0.62910646 -0.09538887 -0.40970454
v 0.63588160 -0.09811345 -0.38989007
v 0.60991025 -0.09111763 -0.44998312
v 0.61047482 -0.09718136 -0.43146798
v 0.61749196 -0.09888166 -0.41620108
v 0.58837497 -0.09421095 -0.46849829
v 0.59506947 -0.09789835 -0.44998312
v 0.57506669 -0.09793932 -0.47418275
v 0.56901747 -0.09500989 -0.48912483
v 0.54949868 -0.09561421 -0.50958896
v 0.53651297 -0.09861535 -0.51624793
v 0.52981848 -0.09597271 -0.52989066
v 0.55595112 -0.09832855 -0.49529654
v 0.50997704 -0.09594198 -0.54986751
v 0.51667154 -0.09872802 -0.53654963
v 0.48973230 -0.09558348 -0.56951958
v 0.49626547 -0.09860510 -0.55652648
v 0.46206716 -0.10081755 -0.58186305
v 0.45416284 -0.09789835 -0.59501851
v 0.42988527 -0.10219008 -0.60476333
v 0.41867405 -0.09961914 -0.61905575
v 0.42988527 -0.09770374 -0.61467057
v 0.44843623 -0.10259979 -0.58900923
v 0.42988527 -0.10853036 -0.58982128
v 0.39592895 -0.09872802 -0.63708365
v 0.40552706 -0.10180085 -0.62376577
v 0.38979909 -0.08436763 -0.67037845
v 0.38963777 -0.09506110 -0.64893985
v 0.37011892 -0.09070792 -0.66989124
v 0.35116470 -0.09635169 -0.66956639
v 0.33011338 -0.09852316 -0.67687500
v 0.31970870 -0.09990594 -0.67963606
v 0.29010785 -0.09836952 -0.69668949
v 0.30640042 -0.10154478 -0.68288434
v 0.27857399 -0.09968060 -0.69928813
v 0.25010228 -0.09741694 -0.71504223
v 0.26526567 -0.10111459 -0.70204914
v 0.23445494 -0.09897384 -0.71796566
v 0.22114666 -0.10020298 -0.72023946
v 0.21009673 -0.09567567 -0.73193324
v 0.19009396 -0.08887446 -0.74996114
v 0.17009118 -0.09177317 -0.74996114
v 0.15000775 -0.09521474 -0.74833703
v 0.13008565 -0.09547082 -0.75191015
v 0.11008286 -0.08694882 -0.76993805
v 0.09008008 -0.08850572 -0.76993805
v 0.09008008 -0.09720184 -0.75483358
v 0.07007730 -0.09776519 -0.75580806
v 0.05007455 -0.09816466 -0.75662011
v 0.01006898 -0.09139419 -0.76993805
v 0.03007177 -0.09844122 -0.75710738
v -0.00098091 -0.09137370 -0.76993805
v 0.01014966 -0.07587637 0.79361832
v 0.03015241 -0.07573297 0.79329348
v 0.03015241 -0.06572577 0.80839795
v 0.05015519 -0.05869922 0.81798035
v 0.03015241 -0.05255355 0.82772517
v 0.05015519 -0.06541848 0.80791068
v -0.00098091 -0.15671241 -0.34100357
v 0.35011616 -0.15710163 0.02994925
v 0.17009118 -0.15682508 0.44995099
v 0.03015241 -0.15665096 0.46992788
v 0.13008565 -0.15672265 0.48990473
v 0.07015797 -0.15662023 0.50988162
v 0.03015241 -0.15657926 0.50988162
v 0.13008565 -0.15676363 0.46992788
v 0.17009118 -0.15680459 0.46992788
v 0.07015797 -0.15648708 0.52985853
v 0.05015519 -0.15615930 0.54983538
v 0.01014966 -0.15552425 0.56981230
v 0.03015241 -0.15441802 0.58995157
v 0.01014966 -0.15255384 0.60992843
v 0.03015241 -0.15553449 0.56981230
v 0.01014966 -0.14964490 0.62990534
v 0.01014966 -0.14542487 0.64988220
v 0.01014966 -0.14148140 0.66449946
v 0.01014966 -0.13821395 0.67456907
v 0.01014966 -0.13237555 0.68983597
v 0.01014966 -0.12415060 0.70883834
v 0.01014966 -0.11950038 0.71890801
v 0.01014966 -0.11379515 0.72978973
v 0.01014966 -0.10431033 0.74733043
v 0.01014966 -0.09855389 0.75740004
v 0.01014966 -0.09092302 0.76990592
v 0.01014966 -0.08238053 0.78354865
v 0.80614710 -0.05255355 0.16442776
v 0.79872680 -0.05919087 0.15370846
v 0.78695095 -0.06452736 0.16994983
v 0.77315867 -0.07585588 0.14997295
v 0.76315731 -0.08191961 0.14997295
v 0.74992967 -0.08958121 0.14997295
v 0.74000895 -0.10003909 0.10027437
v 0.73904109 -0.09948599 0.11359229
v 0.73766994 -0.09873826 0.12999606
v 0.72992688 -0.10859182 0.02994925
v 0.72992688 -0.10803871 0.04992613
v 0.72992688 -0.10716807 0.07006542
v 0.72992688 -0.10885813 0.00997237
v 0.73855710 -0.10437179 0.00282617
v 0.72992688 -0.10602088 0.08987989
v 0.72992688 -0.10885813 -0.01000451
v 0.72992688 -0.10854060 -0.02998139
v 0.72992688 -0.10788506 -0.04995827
v 0.72992688 -0.10688128 -0.06993515
v 0.74057353 -0.10034638 -0.08455238
v 0.73863780 -0.09928112 -0.10988891
v 0.73960567 -0.09984448 -0.09770789
v 0.73670202 -0.09824660 -0.12986580
v 0.73452431 -0.09703796 -0.14984268
v 0.71855438 -0.09925040 -0.19515608
v 0.71621531 -0.09800078 -0.20993572
v 0.71290839 -0.09614684 -0.22991261
v 0.70080996 -0.10045905 -0.24225605
v 0.70847231 -0.09478454 -0.24923983
v 0.72049010 -0.10029516 -0.18183817
v 0.72202253 -0.10115556 -0.16998197
v 0.69532531 -0.09760131 -0.27002880
v 0.69822896 -0.09911724 -0.25557396
v 0.65193224 -0.10571360 -0.33190840
v 0.64733481 -0.10357285 -0.34993631
v 0.66685367 -0.10351140 -0.30998254
v 0.68217838 -0.10116580 -0.28529567
v 0.67161238 -0.10520145 -0.29114255
v 0.64991581 -0.11165441 -0.30998254
v 0.63934982 -0.09972157 -0.37884593
v 0.64306003 -0.10154478 -0.36552802
v 0.62184739 -0.10090973 -0.40304556
v 0.59934425 -0.09976254 -0.43910140
v 0.60410297 -0.10191352 -0.42578349
v 0.61047482 -0.10401329 -0.40970454
v 0.58071268 -0.10034638 -0.46086484
v 0.58506811 -0.10221057 -0.44998312
v 0.56175840 -0.10079706 -0.48197863
v 0.52312404 -0.10131944 -0.52323169
v 0.54256219 -0.10112483 -0.50292999
v 0.52981848 -0.10369577 -0.50958896
v 0.50328255 -0.10133993 -0.54304618
v 0.50997704 -0.10389038 -0.52989066
v 0.48287651 -0.10114531 -0.56253582
v 0.48973230 -0.10375722 -0.54986751
v 0.46916491 -0.10331678 -0.56951958
v 0.44988805 -0.10999508 -0.56984442
v 0.41117302 -0.10541655 -0.61125988
v 0.40939856 -0.11553642 -0.58884680
v 0.43020791 -0.11657094 -0.56984442
v 0.38963777 -0.10382892 -0.63026232
v 0.38270131 -0.10078682 -0.64146882
v 0.39012170 -0.11260699 -0.60979819
v 0.37011892 -0.09786762 -0.65543640
v 0.35858506 -0.09957817 -0.65900952
v 0.34519613 -0.10142187 -0.66274500
v 0.33011338 -0.10341921 -0.66696781
v 0.31188506 -0.10560092 -0.67184019
v 0.29010785 -0.10341921 -0.68661982
v 0.29010785 -0.11148028 -0.66989124
v 0.27115357 -0.10509903 -0.69149226
v 0.25010228 -0.10265100 -0.70497257
v 0.25010228 -0.11013848 -0.68986809
v 0.22872835 -0.10372650 -0.71065706
v 0.21009673 -0.10111459 -0.72202599
v 0.21009673 -0.10723977 -0.70984501
v 0.19009396 -0.09731451 -0.73485667
v 0.17009118 -0.09873826 -0.73745531
v 0.15654093 -0.09959865 -0.73907948
v 0.14323261 -0.10037711 -0.74054116
v 0.11008286 -0.09644388 -0.75353426
v 0.13008565 -0.10107362 -0.74184048
v 0.11008286 -0.10199547 -0.74346459
v 0.09008008 -0.10271246 -0.74476391
v 0.07007730 -0.10325532 -0.74573839
v 0.05007455 -0.10363431 -0.74655050
v 0.01006898 -0.09859486 -0.75726980
v -0.00098091 -0.09462066 -0.76425356
v 0.03007177 -0.10390063 -0.74703771
v 0.03015241 -0.08222689 0.78322381
v 0.05015519 -0.08191961 0.78289902
v 0.05015519 -0.07541545 0.79280621
v 0.07015797 -0.06496780 0.80726105
v 0.07015797 -0.05823830 0.81716830
v 0.07015797 -0.05255355 0.82545137
v 0.05015519 -0.05255355 0.82675070
v -0.00098091 -0.15670216 -0.36098045
v 0.15008840 -0.15682508 -0.34993631
v 0.23009951 -0.15690702 -0.30998254
v 0.42988527 -0.15717334 -0.01000451
v 0.37011892 -0.15712212 0.00997237
v 0.35011616 -0.15710163 0.00282617
v 0.44996870 -0.15719382 0.00997237
v 0.25010228 -0.15691727 0.42997411
v 0.23009951 -0.15689678 0.42997411
v 0.15008840 -0.15673290 0.48990473
v 0.13008565 -0.15664071 0.50988162
v 0.23009951 -0.15687630 0.44995099
v 0.09008008 -0.15647683 0.52985853
v 0.07015797 -0.15615930 0.54983538
v 0.05015519 -0.15437706 0.58995157
v 0.03015241 -0.15252312 0.60992843
v 0.05015519 -0.15553449 0.56981230
v 0.07015797 -0.15551400 0.56981230
v 0.03015241 -0.14956295 0.62990534
v 0.03015241 -0.14528146 0.64988220
v 0.03015241 -0.14138921 0.66417462
v 0.03015241 -0.13811152 0.67424423
v 0.03015241 -0.13215022 0.68983597
v 0.03015241 -0.12402769 0.70851356
v 0.03015241 -0.11935698 0.71858317
v 0.03015241 -0.11350835 0.72978973
v 0.03015241 -0.10415670 0.74716800
v 0.03015241 -0.09061573 0.76990592
v 0.03015241 -0.09840025 0.75707525
v 0.80501795 -0.05255355 0.16994983
v 0.79695231 -0.05805393 0.16994983
v 0.76888394 -0.07561006 0.17189880
v 0.78469253 -0.06305240 0.18992671
v 0.76146352 -0.08089533 0.16653915
v 0.73573416 -0.09767301 0.14997295
v 0.75194609 -0.08568896 0.17189880
v 0.73355639 -0.09644388 0.16994983
v 0.73137867 -0.10400305 0.10807022
v 0.72766852 -0.10414645 0.12999606
v 0.72573280 -0.10315290 0.14997295
v 0.71355367 -0.11688847 0.02994925
v 0.71387625 -0.11701138 0.00997237
v 0.71306968 -0.11662216 0.04992613
v 0.71226317 -0.11620221 0.07006542
v 0.71113396 -0.11564910 0.08987989
v 0.72420031 -0.11177732 0.00282617
v 0.70823038 -0.11580274 0.10953195
v 0.71379566 -0.11702163 -0.01000451
v 0.71355367 -0.11686799 -0.02998139
v 0.71387625 -0.11701138 0.00282617
v 0.71290839 -0.11656071 -0.04995827
v 0.71194053 -0.11605880 -0.06993515
v 0.73178196 -0.10454592 -0.09072410
v 0.72863638 -0.10462786 -0.10988891
v 0.72670066 -0.10364455 -0.12986580
v 0.72452295 -0.10248712 -0.14984268
v 0.71113396 -0.10411572 -0.18914679
v 0.70621395 -0.10333727 -0.20993572
v 0.70290703 -0.10159600 -0.22991261
v 0.69088924 -0.10407475 -0.24923983
v 0.68532395 -0.10277392 -0.27002880
v 0.68992138 -0.10813089 -0.22991261
v 0.70992410 -0.10744463 -0.16998197
v 0.62926775 -0.11646852 -0.33060908
v 0.62991303 -0.11159296 -0.34993631
v 0.66991854 -0.11039454 -0.27002880
v 0.64902860 -0.11619196 -0.29033050
v 0.63572025 -0.11815858 -0.30998254
v 0.63870454 -0.11947989 -0.29731429
v 0.62588024 -0.10278416 -0.38989007
v 0.63152617 -0.10532437 -0.37137491
v 0.60991025 -0.10992338 -0.38989007
v 0.59160125 -0.10550874 -0.43146798
v 0.58990747 -0.11274014 -0.40986696
v 0.56901747 -0.10255882 -0.46849829
v 0.56990469 -0.10849963 -0.44998312
v 0.54949868 -0.10323484 -0.48912483
v 0.54990196 -0.10979022 -0.46996000
v 0.50989640 -0.11122421 -0.50991374
v 0.52989912 -0.11071207 -0.48993689
v 0.48989362 -0.11130615 -0.52989066
v 0.46989083 -0.11090668 -0.54986751
v 0.43706369 -0.11913164 -0.55750096
v 0.45085594 -0.11725721 -0.55051720
v 0.41544780 -0.11865023 -0.57634097
v 0.40222016 -0.12062709 -0.58153820
v 0.39012170 -0.11842489 -0.59583062
v 0.42375541 -0.12114947 -0.56302303
v 0.37011892 -0.10965706 -0.62977505
v 0.37011892 -0.10263052 -0.64536679
v 0.37971702 -0.11988961 -0.59972852
v 0.37189338 -0.11757474 -0.61028540
v 0.35116470 -0.10516048 -0.65137607
v 0.33011338 -0.11133689 -0.64991432
v 0.31059456 -0.11633536 -0.64910227
v 0.29010785 -0.11807664 -0.65543640
v 0.27720281 -0.11942868 -0.65852225
v 0.27034703 -0.11608954 -0.66891676
v 0.25010228 -0.11750304 -0.67427641
v 0.23380969 -0.11895751 -0.67752469
v 0.22832507 -0.11496283 -0.68791914
v 0.19009396 -0.10267149 -0.72494948
v 0.21009673 -0.11614075 -0.69165468
v 0.19009396 -0.11025115 -0.70984501
v 0.17009118 -0.10401329 -0.72754806
v 0.15000775 -0.10436155 -0.73144603
v 0.13008565 -0.10726026 -0.72982186
v 0.11008286 -0.10904250 -0.72982186
v 0.09008008 -0.11045600 -0.72982186
v 0.07007730 -0.11151101 -0.72982186
v 0.05007455 -0.11224849 -0.72982186
v 0.03007177 -0.11278111 -0.72982186
v -0.00098091 -0.09858462 -0.75726980
v 0.01006898 -0.10404402 -0.74720013
v -0.00098091 -0.10104289 -0.75288463
v 0.01006898 -0.11305767 -0.72982186
v 0.07015797 -0.08148941 0.78208691
v 0.07015797 -0.07496476 0.79215658
v 0.05015519 -0.09001141 0.76990592
v 0.07015797 -0.08916126 0.76990592
v 0.09008008 -0.06432251 0.80628657
v 0.09008008 -0.05759300 0.81635618
v 0.09008008 -0.05255355 0.82350242
v 0.23009951 -0.15688655 -0.34993631
v -0.00098091 -0.15666120 -0.40093419
v 0.15008840 -0.15674314 -0.44998312
v 0.15008840 -0.15678412 -0.40986696
v 0.17009118 -0.15681484 -0.38989007
v 0.42988527 -0.15714261 -0.06993515
v 0.44988805 -0.15717334 -0.02998139
v 0.46997148 -0.15714261 0.02994925
v 0.44996870 -0.15708116 0.12999606
v 0.44988805 -0.15716310 -0.04995827
v 0.46279308 -0.15717334 0.00282617
v 0.27010506 -0.15689678 0.42997411
v 0.25010228 -0.15687630 0.44995099
v 0.44996870 -0.15706067 0.14997295
v 0.42996594 -0.15700945 0.20990358
v 0.17009118 -0.15673290 0.48990473
v 0.17009118 -0.15659975 0.50988162
v 0.11008286 -0.15645635 0.52985853
v 0.09008008 -0.15611833 0.54983538
v 0.13008565 -0.15642561 0.52985853
v 0.07015797 -0.15429512 0.58995157
v 0.05015519 -0.15242068 0.60992843
v 0.09008008 -0.15541157 0.56981230
v 0.11008286 -0.15606712 0.54983538
v 0.13008565 -0.15598518 0.54983538
v 0.07015797 -0.15225680 0.60992843
v 0.05015519 -0.14936833 0.62990534
v 0.05015519 -0.14500491 0.64988220
v 0.05015519 -0.14122532 0.66368735
v 0.05015519 -0.13790667 0.67375702
v 0.05015519 -0.13170978 0.68983597
v 0.05015519 -0.12379210 0.70802629
v 0.05015519 -0.11909067 0.71793354
v 0.05015519 -0.11295524 0.72978973
v 0.05015519 -0.09810321 0.75658798
v 0.05015519 -0.10386989 0.74651831
v 0.80316281 -0.05255355 0.17823292
v 0.79469395 -0.05652775 0.18992671
v 0.76993245 -0.07227091 0.18992671
v 0.75993109 -0.07999396 0.17985706
v 0.78219223 -0.06144429 0.20990358
v 0.72355503 -0.10197498 0.16994983
v 0.74863917 -0.08506414 0.18992671
v 0.72895902 -0.09603417 0.19171326
v 0.72161925 -0.10089949 0.18635361
v 0.70992410 -0.11328301 0.12999606
v 0.70992410 -0.11132664 0.14997295
v 0.70992410 -0.10904250 0.16994983
v 0.70355225 -0.12171282 0.02994925
v 0.70306832 -0.12146699 0.04992613
v 0.70387489 -0.12183574 0.00997237
v 0.70226181 -0.12106752 0.07006542
v 0.70113254 -0.12056563 0.08987989
v 0.70032603 -0.12017640 0.10271057
v 0.69935811 -0.11970524 0.11602850
v 0.70387489 -0.12183574 0.00282617
v 0.70379424 -0.12183574 -0.01000451
v 0.70355225 -0.12169234 -0.02998139
v 0.70290703 -0.12139530 -0.04995827
v 0.70193911 -0.12092413 -0.06993515
v 0.70089060 -0.12043247 -0.08666376
v 0.70847231 -0.11632512 -0.09186099
v 0.70992410 -0.11417414 -0.10988891
v 0.70992410 -0.11228946 -0.12986580
v 0.70992410 -0.11004629 -0.14984268
v 0.69217968 -0.11631487 -0.16998197
v 0.68830824 -0.11551594 -0.18914679
v 0.68992138 -0.11153150 -0.20993572
v 0.66830546 -0.11522914 -0.24891502
v 0.67266089 -0.11655046 -0.22991261
v 0.61870182 -0.11950038 -0.33775529
v 0.62217003 -0.12094461 -0.32443738
v 0.61523354 -0.11804590 -0.34993631
v 0.60894239 -0.11581298 -0.36958838
v 0.65790081 -0.11908042 -0.25492433
v 0.65475518 -0.11763620 -0.27002880
v 0.62571889 -0.12242982 -0.30998254
v 0.64168882 -0.12077048 -0.28399637
v 0.63120353 -0.12394575 -0.29033050
v 0.59740853 -0.11900873 -0.37608492
v 0.59039140 -0.11764644 -0.39167663
v 0.56885618 -0.11553642 -0.42903176
v 0.57958347 -0.11986912 -0.39947248
v 0.57587326 -0.11841465 -0.40986696
v 0.56151640 -0.12059636 -0.42204797
v 0.55627376 -0.11862975 -0.43536589
v 0.54974061 -0.11645827 -0.45014554
v 0.53030241 -0.11709332 -0.47060966
v 0.51070297 -0.11750304 -0.49091136
v 0.49836251 -0.11946965 -0.49822000
v 0.49094212 -0.11766692 -0.51088828
v 0.51796204 -0.11931601 -0.47775587
v 0.47835976 -0.11949014 -0.51835930
v 0.47102001 -0.11761571 -0.53086513
v 0.45811501 -0.11941844 -0.53817374
v 0.44480669 -0.12152845 -0.54418308
v 0.43020791 -0.12366919 -0.55051720
v 0.40939856 -0.12288050 -0.56984442
v 0.39012170 -0.12227617 -0.58592337
v 0.39012170 -0.12801214 -0.56984442
v 0.35592341 -0.11894727 -0.61726922
v 0.34963220 -0.11567982 -0.62880057
v 0.36640874 -0.12158991 -0.60395128
v 0.37189338 -0.12478566 -0.59177023
v 0.33011338 -0.11793324 -0.63497227
v 0.31753099 -0.11942868 -0.63854539
v 0.30422270 -0.12086267 -0.64195609
v 0.26381385 -0.12070903 -0.66144574
v 0.29010785 -0.12229666 -0.64536679
v 0.27034703 -0.12377162 -0.65105122
v 0.25010228 -0.12192792 -0.66436917
v 0.22042075 -0.12004325 -0.67996085
v 0.22832507 -0.12287026 -0.67054087
v 0.21009673 -0.12079097 -0.68174744
v 0.19009396 -0.11759523 -0.69457811
v 0.17009118 -0.11285281 -0.70984501
v 0.14992711 -0.11589492 -0.70822084
v 0.13008565 -0.11619196 -0.71179396
v 0.11008286 -0.11706260 -0.71358049
v 0.09008008 -0.11775911 -0.71520466
v 0.07007730 -0.11827125 -0.71634156
v 0.05007455 -0.11863999 -0.71699119
v 0.03007177 -0.11889606 -0.71764082
v -0.00098091 -0.10403378 -0.74720013
v -0.00098091 -0.10808992 -0.73940426
v -0.00098091 -0.11304743 -0.72982186
v 0.01006898 -0.11903945 -0.71780324
v 0.09008008 -0.08794237 0.76990592
v 0.09008008 -0.08086461 0.78111243
v 0.09008008 -0.07431947 0.79118210
v 0.07015797 -0.09768325 0.75593835
v 0.09008008 -0.09708917 0.75496387
v 0.11032483 -0.07462675 0.78825867
v 0.11008286 -0.06348260 0.80498725
v 0.11008286 -0.05673261 0.81505692
v 0.10959893 -0.05255355 0.82106620
v 0.09790376 -0.05255355 0.82252795
v 0.17009118 -0.15677387 -0.42984384
v 0.23009951 -0.15683532 -0.38989007
v 0.25010228 -0.15688655 -0.34993631
v 0.25010228 -0.15690702 -0.32995942
v -0.00098091 -0.15660998 -0.44998312
v 0.17009118 -0.15674314 -0.44998312
v 0.05007455 -0.15662023 -0.46996000
v 0.15008840 -0.15670216 -0.46996000
v 0.48997426 -0.15708116 0.00997237
v 0.48997426 -0.15707090 0.02994925
v 0.46997148 -0.15712212 0.04992613
v 0.44988805 -0.15710163 -0.10988891
v 0.46989083 -0.15711188 -0.06993515
v 0.48989362 -0.15707090 -0.02998139
v 0.48989362 -0.15708116 -0.01000451
v 0.48997426 -0.15708116 0.00282617
v 0.29010785 -0.15684557 0.42997411
v 0.27010506 -0.15683532 0.44995099
v 0.42996594 -0.15697873 0.23004289
v 0.35011616 -0.15690702 0.35006657
v 0.35011616 -0.15686606 0.36988103
v 0.25010228 -0.15677387 0.46992788
v 0.23009951 -0.15680459 0.46992788
v 0.46997148 -0.15702994 0.12999606
v 0.44996870 -0.15696847 0.20990358
v 0.23009951 -0.15663047 0.48990473
v 0.19009396 -0.15652804 0.50988162
v 0.15008840 -0.15636416 0.52985853
v 0.09008008 -0.15411074 0.58995157
v 0.11008286 -0.15527841 0.56981230
v 0.13008565 -0.15509406 0.56981230
v 0.17009118 -0.15628222 0.52985853
v 0.15008840 -0.15584177 0.54983538
v 0.11008286 -0.15385467 0.58995157
v 0.09008008 -0.15194952 0.60992843
v 0.07015797 -0.14909178 0.62990534
v 0.07015797 -0.14458495 0.64988220
v 0.07015797 -0.14098974 0.66287529
v 0.07015797 -0.13759938 0.67294496
v 0.07015797 -0.13106449 0.68983597
v 0.07015797 -0.12345409 0.70721424
v 0.07015797 -0.11872193 0.71728390
v 0.07015797 -0.11219728 0.72978973
v 0.07015797 -0.10348067 0.74603111
v 0.80058181 -0.05255355 0.18960188
v 0.79888809 -0.05255355 0.19674808
v 0.79219359 -0.05486842 0.20990358
v 0.75864053 -0.07923600 0.18992671
v 0.76993245 -0.06909564 0.20990358
v 0.78057909 -0.06040977 0.22208461
v 0.74597752 -0.08354821 0.20990358
v 0.72992688 -0.09270526 0.20990358
v 0.71984482 -0.09996739 0.19967152
v 0.71194053 -0.10518097 0.19171326
v 0.69613189 -0.11818931 0.14997295
v 0.69814825 -0.11914188 0.12999606
v 0.69371223 -0.11707284 0.16994983
v 0.68895346 -0.11662216 0.19171326
v 0.68992138 -0.12777655 0.02994925
v 0.68992138 -0.12729514 0.04992613
v 0.68992138 -0.12801214 0.00997237
v 0.68992138 -0.12555386 0.08987989
v 0.68992138 -0.12653717 0.07006542
v 0.69161510 -0.12362822 0.10953195
v 0.68814695 -0.12366919 0.12999606
v 0.68992138 -0.12801214 -0.01000451
v 0.68992138 -0.12773558 -0.02998139
v 0.68992138 -0.12716198 -0.04995827
v 0.68992138 -0.12627086 -0.06993515
v 0.69193774 -0.12406866 -0.09186099
v 0.69992274 -0.11998180 -0.09981927
v 0.69903553 -0.11957208 -0.10988891
v 0.69701910 -0.11866047 -0.12986580
v 0.69476074 -0.11757474 -0.14984268
v 0.68217838 -0.12101631 -0.16998197
v 0.68048453 -0.12024810 -0.18183817
v 0.67846811 -0.11932626 -0.19515608
v 0.67612910 -0.11820979 -0.20993572
v 0.66056246 -0.12027884 -0.24160640
v 0.66265953 -0.12123141 -0.22991261
v 0.61120075 -0.12402769 -0.33060908
v 0.60523218 -0.12214302 -0.34993631
v 0.60160267 -0.12065782 -0.36260459
v 0.60991025 -0.12870865 -0.30998254
v 0.65072238 -0.12324924 -0.24891502
v 0.64475381 -0.12209181 -0.27002880
v 0.62991303 -0.12820674 -0.27002880
v 0.58410025 -0.12157966 -0.38615456
v 0.59039140 -0.12323900 -0.36958838
v 0.57175982 -0.12475493 -0.39167663
v 0.56587189 -0.12223521 -0.40986696
v 0.54990196 -0.12793019 -0.40986696
v 0.54974061 -0.12282929 -0.42903176
v 0.54296547 -0.12111874 -0.44348657
v 0.53723890 -0.11902921 -0.45680451
v 0.50465369 -0.12161040 -0.48490205
v 0.49094212 -0.12421206 -0.49091136
v 0.48497355 -0.12168209 -0.50504136
v 0.52393055 -0.12143627 -0.46443793
v 0.46505144 -0.12167186 -0.52485585
v 0.45085594 -0.12413011 -0.53086513
v 0.42988527 -0.13050114 -0.52989066
v 0.41004381 -0.12951782 -0.54986751
v 0.37011892 -0.13278528 -0.56984442
v 0.39012170 -0.13445485 -0.54986751
v 0.34963220 -0.12321851 -0.61028540
v 0.34261513 -0.12060660 -0.62132955
v 0.35011616 -0.13058308 -0.58982128
v 0.33011338 -0.12205084 -0.62490267
v 0.31059456 -0.12386381 -0.63107437
v 0.25010228 -0.12780727 -0.64991432
v 0.29010785 -0.12837063 -0.62977505
v 0.27010506 -0.13194536 -0.62977505
v 0.23009951 -0.13089035 -0.64991432
v 0.21009673 -0.12575872 -0.66989124
v 0.19009396 -0.12215326 -0.68467087
v 0.19009396 -0.12837063 -0.66989124
v 0.17009118 -0.11885509 -0.69733912
v 0.15654093 -0.11962330 -0.69912571
v 0.14315197 -0.12030956 -0.70058739
v 0.13008565 -0.12093437 -0.70188671
v 0.11008286 -0.12176403 -0.70367324
v 0.09008008 -0.12242982 -0.70513499
v 0.07007730 -0.12294196 -0.70627189
v 0.05007455 -0.12329021 -0.70708394
v 0.03007177 -0.12354628 -0.70757121
v 0.01006898 -0.12367944 -0.70789605
v -0.00098091 -0.11902921 -0.71780324
v -0.00098091 -0.12367944 -0.70789605
v 0.11032483 -0.08522803 0.77169245
v 0.10379165 -0.08033198 0.78030038
v 0.11008286 -0.09629023 0.75366455
v 0.09008008 -0.10291731 0.74489421
v 0.11008286 -0.10214911 0.74359488
v 0.11709997 -0.07973790 0.77948833
v 0.13008565 -0.06247881 0.80352551
v 0.13008565 -0.05568784 0.81343275
v 0.13008565 -0.05255355 0.81798035
v 0.23009951 -0.15679435 -0.40986696
v 0.25010228 -0.15681484 -0.38989007
v 0.42988527 -0.15704018 -0.16998197
v -0.00098091 -0.15658949 -0.46086484
v 0.23009951 -0.15674314 -0.42984384
v 0.17009118 -0.15668169 -0.46996000
v -0.00098091 -0.15654853 -0.48084173
v 0.03007177 -0.15655877 -0.48993689
v 0.13008565 -0.15662023 -0.48993689
v 0.15008840 -0.15660998 -0.48993689
v 0.50997704 -0.15700945 0.00997237
v 0.48997426 -0.15705043 0.04992613
v 0.44988805 -0.15705043 -0.14984268
v 0.48989362 -0.15702994 -0.06993515
v 0.44988805 -0.15701969 -0.16998197
v 0.46989083 -0.15698896 -0.14984268
v 0.50989640 -0.15698896 -0.02998139
v 0.50989640 -0.15700945 0.00282617
v 0.37011892 -0.15680459 0.36988103
v 0.29010785 -0.15672265 0.44995099
v 0.31011060 -0.15675339 0.42997411
v 0.37011892 -0.15686606 0.35006657
v 0.27010506 -0.15666120 0.46992788
v 0.46997148 -0.15696847 0.16994983
v 0.50997704 -0.15698896 0.02994925
v 0.44996870 -0.15691727 0.23004289
v 0.25010228 -0.15651780 0.48990473
v 0.21009673 -0.15642561 0.50988162
v 0.17009118 -0.15565741 0.54983538
v 0.15008840 -0.15481749 0.56981230
v 0.23009951 -0.15629245 0.50988162
v 0.19009396 -0.15612857 0.52985853
v 0.13008565 -0.15352690 0.58995157
v 0.11008286 -0.15153980 0.60992843
v 0.09008008 -0.14864109 0.62990534
v 0.09008008 -0.14397039 0.64988220
v 0.09008008 -0.14064148 0.66190082
v 0.09008008 -0.13715893 0.67180806
v 0.09008008 -0.13013239 0.68983597
v 0.09008008 -0.12295220 0.70607734
v 0.09008008 -0.11817906 0.71614701
v 0.09008008 -0.11108081 0.72978973
v 0.79558116 -0.05255355 0.20990358
v 0.79041916 -0.05255355 0.22939323
v 0.75597888 -0.07765861 0.20990358
v 0.77122295 -0.06501902 0.22923082
v 0.75315595 -0.07596856 0.23004289
v 0.78832209 -0.05397730 0.22923082
v 0.77872396 -0.05922160 0.23556495
v 0.74315453 -0.08188888 0.23004289
v 0.71839303 -0.09916846 0.20990358
v 0.72992688 -0.08941732 0.23004289
v 0.70839167 -0.10442300 0.20990358
v 0.68992138 -0.11362103 0.20990358
v 0.68613052 -0.12277807 0.14997295
v 0.68371081 -0.12173331 0.16994983
v 0.68169439 -0.12078073 0.18635361
v 0.67983931 -0.11994082 0.19967152
v 0.66999924 -0.13597077 0.02994925
v 0.66999924 -0.13554057 0.04992613
v 0.66999924 -0.13486455 0.07006542
v 0.66798282 -0.13692336 0.01143409
v 0.68242031 -0.13107473 0.00282617
v 0.66999924 -0.13398367 0.08987989
v 0.66999924 -0.13285697 0.11001918
v 0.66999924 -0.13148443 0.12999606
v 0.66999924 -0.12979437 0.14997295
v 0.66798282 -0.13692336 -0.01081658
v 0.66991854 -0.13591956 -0.02998139
v 0.66991854 -0.13540742 -0.04995827
v 0.66991854 -0.13460849 -0.06993515
v 0.66991854 -0.13352275 -0.08991203
v 0.66991854 -0.13218094 -0.10988891
v 0.68903410 -0.12404817 -0.10988891
v 0.68701768 -0.12319802 -0.12986580
v 0.68475938 -0.12219423 -0.14984268
v 0.66991854 -0.12641425 -0.16998197
v 0.67104775 -0.12349506 -0.18914679
v 0.66612768 -0.12278831 -0.20993572
v 0.64991581 -0.12668057 -0.22991261
v 0.58990747 -0.12793019 -0.34993631
v 0.58990747 -0.13206828 -0.32995942
v 0.60991025 -0.13235508 -0.29000565
v 0.62991303 -0.13154590 -0.25005192
v 0.56990469 -0.13057283 -0.36991319
v 0.54990196 -0.13273406 -0.38989007
v 0.52989912 -0.13439339 -0.40986696
v 0.52989912 -0.12944612 -0.42984384
v 0.53030241 -0.12357701 -0.45014554
v 0.51070297 -0.12399697 -0.47060966
v 0.48989362 -0.13083914 -0.46996000
v 0.46989083 -0.13106449 -0.48993689
v 0.47102001 -0.12427352 -0.51088828
v 0.44988805 -0.13098255 -0.50991374
v 0.40859202 -0.13632928 -0.52826649
v 0.42891741 -0.13673899 -0.50877690
v 0.35011616 -0.13724089 -0.56919473
v 0.37173206 -0.13832662 -0.55051720
v 0.39012170 -0.13873632 -0.53508788
v 0.37947506 -0.13987328 -0.53947306
v 0.33011338 -0.12781753 -0.60979819
v 0.33011338 -0.13473140 -0.58982128
v 0.31011060 -0.13185318 -0.60979819
v 0.25010228 -0.13510014 -0.62977505
v 0.28841406 -0.13626781 -0.60801160
v 0.27010506 -0.13774277 -0.61255920
v 0.21009673 -0.13354324 -0.64991432
v 0.23187394 -0.13782471 -0.62928784
v 0.17009118 -0.12334143 -0.68743193
v 0.18880346 -0.13662632 -0.64812779
v 0.17009118 -0.13063428 -0.66989124
v 0.14992711 -0.12368968 -0.69132984
v 0.13008565 -0.12624013 -0.68986809
v 0.11008286 -0.12782776 -0.68986809
v 0.09008008 -0.12909786 -0.68986809
v 0.07007730 -0.13007094 -0.68986809
v 0.05007455 -0.13074696 -0.68986809
v 0.03007177 -0.13121812 -0.68986809
v 0.01006898 -0.13147420 -0.68986809
v -0.00098091 -0.13147420 -0.68986809
v 0.13008565 -0.08530997 0.76828176
v 0.13008565 -0.10121702 0.74197078
v 0.13008565 -0.09530693 0.75187796
v 0.11008286 -0.10960586 0.72978973
v 0.13008565 -0.07905163 0.77835143
v 0.13008565 -0.07151294 0.78988278
v 0.15008840 -0.06128040 0.80173898
v 0.15008840 -0.05445871 0.81180865
v 0.15008840 -0.06914686 0.78988278
v 0.13573158 -0.05255355 0.81700587
v 0.25010228 -0.15676363 -0.40986696
v 0.23009951 -0.15667143 -0.44998312
v 0.25010228 -0.15670216 -0.42984384
v 0.17009118 -0.15657926 -0.48993689
v -0.00098091 -0.15652804 -0.48993689
v -0.00098091 -0.15645635 -0.50991374
v 0.03007177 -0.15647683 -0.50991374
v 0.07007730 -0.15649731 -0.50991374
v 0.13008565 -0.15648708 -0.50991374
v 0.52997983 -0.15686606 0.00997237
v 0.52989912 -0.15686606 -0.01000451
v 0.52997983 -0.15686606 0.00282617
v 0.48989362 -0.15699920 -0.08991203
v 0.50989640 -0.15696847 -0.04995827
v 0.46989083 -0.15694800 -0.16998197
v 0.44988805 -0.15696847 -0.18995886
v 0.50989640 -0.15693775 -0.06993515
v 0.44996870 -0.15684557 0.25001976
v 0.39012170 -0.15677387 0.35006657
v 0.39012170 -0.15665096 0.36988103
v 0.37011892 -0.15666120 0.39002034
v 0.31011060 -0.15655877 0.44995099
v 0.33011338 -0.15660998 0.42997411
v 0.35011616 -0.15664071 0.40999722
v 0.29010785 -0.15645635 0.46992788
v 0.50997704 -0.15695824 0.04992613
v 0.48997426 -0.15692751 0.12999606
v 0.46997148 -0.15686606 0.20990358
v 0.52997983 -0.15684557 0.02994925
v 0.27010506 -0.15631294 0.48990473
v 0.21009673 -0.15592372 0.52985853
v 0.19009396 -0.15536037 0.54983538
v 0.17009118 -0.15446924 0.56981230
v 0.25010228 -0.15605688 0.50988162
v 0.15008840 -0.15304549 0.58995157
v 0.13008565 -0.15098670 0.60992843
v 0.11008286 -0.14801629 0.62990534
v 0.11145401 -0.14253640 0.65166873
v 0.10572743 -0.14028299 0.66076392
v 0.13008565 -0.14720711 0.62990534
v 0.11145401 -0.13722040 0.66839737
v 0.11008286 -0.12888277 0.68983597
v 0.11008286 -0.12229666 0.70477802
v 0.11008286 -0.11746207 0.71468526
v 0.78880602 -0.05255355 0.23524012
v 0.76654488 -0.06414838 0.25001976
v 0.74113810 -0.08069047 0.24352323
v 0.74863917 -0.07497500 0.25018218
v 0.78453124 -0.05255355 0.25001976
v 0.77654624 -0.05783883 0.25001976
v 0.71540874 -0.09753986 0.23004289
v 0.70540738 -0.10285586 0.23004289
v 0.73137867 -0.08501293 0.25018218
v 0.68992138 -0.11056867 0.23004289
v 0.67822617 -0.11921358 0.20990358
v 0.67508054 -0.11771814 0.23004289
v 0.66999924 -0.12779704 0.16994983
v 0.67193496 -0.12443741 0.19171326
v 0.66830546 -0.12371016 0.20990358
v 0.65975589 -0.13991424 0.02994925
v 0.65991718 -0.13998595 0.01922995
v 0.65911061 -0.13970938 0.04992613
v 0.65814275 -0.13940211 0.07006542
v 0.65999782 -0.14001667 0.00591203
v 0.66144967 -0.13946357 0.00282617
v 0.65693289 -0.13898215 0.08987989
v 0.65540040 -0.13845977 0.11001918
v 0.65362597 -0.13780424 0.12999606
v 0.65160960 -0.13700530 0.14997295
v 0.64999646 -0.13373785 0.18992671
v 0.64814138 -0.13655461 0.16881293
v 0.65999782 -0.14001667 -0.00480727
v 0.65991718 -0.13997570 -0.01812520
v 0.65959454 -0.13988352 -0.02998139
v 0.65886867 -0.13963769 -0.04995827
v 0.65773946 -0.13926895 -0.06993515
v 0.65620697 -0.13876706 -0.08991203
v 0.65443254 -0.13813201 -0.10988891
v 0.65241611 -0.13736379 -0.12986580
v 0.66991854 -0.13058308 -0.12986580
v 0.66991854 -0.12865743 -0.14984268
v 0.64991581 -0.13451630 -0.16998197
v 0.64991581 -0.13223216 -0.18995886
v 0.64991581 -0.12964073 -0.20993572
v 0.56990469 -0.13477238 -0.34993631
v 0.58829433 -0.13647267 -0.30868325
v 0.57006603 -0.13816273 -0.33174598
v 0.60829711 -0.13640097 -0.26872948
v 0.59337568 -0.13799885 -0.29000565
v 0.61289454 -0.13768132 -0.25005192
v 0.62991303 -0.13450606 -0.22991261
v 0.54917604 -0.13723063 -0.36991319
v 0.53748083 -0.13936114 -0.37657216
v 0.53046376 -0.13829589 -0.39151421
v 0.51933318 -0.13985279 -0.39931005
v 0.51505840 -0.13870560 -0.40986696
v 0.50836390 -0.13630879 -0.42838210
v 0.50989640 -0.13036798 -0.44998312
v 0.48884508 -0.13667753 -0.44884622
v 0.46916491 -0.13688238 -0.46914795
v 0.44916216 -0.13692336 -0.48912483
v 0.41407663 -0.13869536 -0.51478618
v 0.40092966 -0.14019081 -0.52063304
v 0.43496662 -0.13887973 -0.49529654
v 0.35681063 -0.13937138 -0.55750096
v 0.33011338 -0.13898215 -0.57634097
v 0.39012170 -0.14121509 -0.52501822
v 0.37173206 -0.14299732 -0.53151476
v 0.36616677 -0.14110240 -0.54418308
v 0.31970870 -0.13992450 -0.57958925
v 0.31188506 -0.13809103 -0.58998370
v 0.25010228 -0.13923822 -0.61743164
v 0.23977827 -0.13995522 -0.61970538
v 0.29397935 -0.13903338 -0.59648025
v 0.28067106 -0.14007813 -0.60021579
v 0.21009673 -0.13857244 -0.63529712
v 0.19469137 -0.13943283 -0.63805813
v 0.15008840 -0.13259065 -0.66989124
v 0.18130241 -0.14011911 -0.64033192
v 0.17009118 -0.13728185 -0.65186334
v 0.13008565 -0.13432169 -0.66989124
v 0.11008286 -0.13573518 -0.66989124
v 0.09185454 -0.13730234 -0.66842949
v 0.07007730 -0.13710773 -0.67167777
v 0.05007455 -0.13743550 -0.67248982
v 0.03007177 -0.13766083 -0.67313951
v 0.01006898 -0.13778375 -0.67346436
v -0.00098091 -0.13431144 -0.68255949
v 0.15008840 -0.08416278 0.76649523
v 0.13008565 -0.10778264 0.72978973
v 0.15049168 -0.10472005 0.73157626
v 0.14411983 -0.10046929 0.74067146
v 0.15049168 -0.09514304 0.74830490
v 0.13008565 -0.11657094 0.71306109
v 0.15008840 -0.07787371 0.77656484
v 0.16992988 -0.06552091 0.79150695
v 0.16315474 -0.06044050 0.80043966
v 0.16992988 -0.05255355 0.81067175
v 0.15008840 -0.05255355 0.81440723
v 0.25010228 -0.15657926 -0.44998312
v 0.23009951 -0.15651780 -0.46996000
v 0.42988527 -0.15672265 -0.27002880
v 0.42988527 -0.15681484 -0.25005192
v 0.44988805 -0.15690702 -0.20993572
v 0.15008840 -0.15645635 -0.50991374
v 0.19009396 -0.15650755 -0.48993689
v -0.00098091 -0.15630271 -0.52989066
v 0.03007177 -0.15632319 -0.52989066
v 0.07007730 -0.15632319 -0.52989066
v 0.54998255 -0.15653828 0.00997237
v 0.54272354 -0.15666120 0.00282617
v 0.54990196 -0.15653828 -0.01000451
v 0.52989912 -0.15684557 -0.02998139
v 0.48989362 -0.15678412 -0.16998197
v 0.50989640 -0.15683532 -0.10988891
v 0.50989640 -0.15689678 -0.08991203
v 0.46989083 -0.15687630 -0.18995886
v 0.52989912 -0.15681484 -0.04995827
v 0.46997148 -0.15678412 0.23004289
v 0.44996870 -0.15674314 0.26999664
v 0.41012448 -0.15657926 0.35006657
v 0.41012448 -0.15635392 0.36988103
v 0.39012170 -0.15641537 0.39002034
v 0.37011892 -0.15642561 0.40999722
v 0.33011338 -0.15630271 0.44995099
v 0.35011616 -0.15638465 0.42997411
v 0.31011060 -0.15616955 0.46992788
v 0.50997704 -0.15691727 0.07006542
v 0.48997426 -0.15687630 0.14997295
v 0.50997704 -0.15682508 0.11001918
v 0.50997704 -0.15677387 0.12999606
v 0.54998255 -0.15650755 0.02994925
v 0.52997983 -0.15680459 0.04992613
v 0.29010785 -0.15597492 0.48990473
v 0.23009951 -0.15562668 0.52985853
v 0.21009673 -0.15497114 0.54983538
v 0.19009396 -0.15396735 0.56981230
v 0.27010506 -0.15569837 0.50988162
v 0.17009118 -0.15244117 0.58995157
v 0.15008840 -0.15023898 0.60992843
v 0.13008565 -0.14247495 0.64842045
v 0.11903572 -0.13993473 0.65962702
v 0.17009118 -0.14931712 0.60992843
v 0.15008840 -0.14615211 0.62990534
v 0.13008565 -0.13539718 0.66985911
v 0.13008565 -0.12732586 0.68983597
v 0.13008565 -0.12147724 0.70299149
v 0.76331866 -0.06214080 0.26999664
v 0.73896039 -0.07944085 0.25684115
v 0.74992967 -0.07023260 0.26999664
v 0.77832067 -0.05255355 0.26934698
v 0.77332002 -0.05573906 0.26999664
v 0.70210046 -0.10112483 0.25001976
v 0.71210182 -0.09574737 0.25001976
v 0.72661996 -0.08378380 0.26999664
v 0.68992138 -0.10716807 0.25001976
v 0.66935396 -0.11681677 0.25180632
v 0.66507918 -0.12229666 0.23004289
v 0.66225624 -0.12103680 0.24644667
v 0.64999646 -0.13137177 0.20990358
v 0.64999646 -0.12868816 0.23004289
v 0.64975446 -0.14296660 0.02994925
v 0.64910924 -0.14280272 0.04992613
v 0.65193224 -0.14244422 0.01143409
v 0.64814138 -0.14253640 0.07006542
v 0.64693153 -0.14219838 0.08987989
v 0.65854603 -0.14045712 0.00282617
v 0.64539903 -0.14175795 0.11001918
v 0.64362460 -0.14121509 0.12999606
v 0.64160818 -0.14053905 0.14997295
v 0.64031768 -0.14009862 0.16134191
v 0.63305861 -0.13765059 0.20990358
v 0.63620424 -0.13876706 0.18992671
v 0.63846260 -0.13951477 0.17465982
v 0.65193224 -0.14244422 0.00282617
v 0.65193224 -0.14243397 -0.01081658
v 0.64959317 -0.14291538 -0.02998139
v 0.64886725 -0.14272077 -0.04995827
v 0.64773810 -0.14242373 -0.06993515
v 0.64620560 -0.14200377 -0.08991203
v 0.64443117 -0.14148140 -0.10988891
v 0.64241475 -0.14083609 -0.12986580
v 0.64088225 -0.14031371 -0.14383337
v 0.64846396 -0.13701554 -0.15032992
v 0.63717210 -0.13912556 -0.16998197
v 0.63410717 -0.13806030 -0.18995886
v 0.63910782 -0.13975036 -0.15715130
v 0.62894511 -0.13735355 -0.21107262
v 0.55966133 -0.13993473 -0.33954182
v 0.55635440 -0.13899240 -0.34993631
v 0.57676047 -0.13909483 -0.31436771
v 0.58055133 -0.14018056 -0.30121222
v 0.60055411 -0.14018056 -0.26125845
v 0.59724718 -0.13920750 -0.27457637
v 0.61700797 -0.13907434 -0.22991261
v 0.61934704 -0.13981181 -0.21838124
v 0.52417254 -0.14108193 -0.38599214
v 0.54207826 -0.14058003 -0.36325422
v 0.51159018 -0.14298709 -0.39151421
v 0.50505698 -0.14121509 -0.40986696
v 0.50062090 -0.14019081 -0.42074868
v 0.49481365 -0.13869536 -0.43406659
v 0.47529480 -0.13883875 -0.45501795
v 0.45537269 -0.13891046 -0.47531965
v 0.42165834 -0.14039566 -0.50146824
v 0.40859202 -0.14134824 -0.50877690
v 0.39012170 -0.14447229 -0.50991374
v 0.44206440 -0.14050832 -0.48197863
v 0.34342167 -0.14060052 -0.56204855
v 0.35011616 -0.14230081 -0.55051720
v 0.35011616 -0.14670521 -0.52989066
v 0.30631977 -0.14094877 -0.58332473
v 0.33011338 -0.14167601 -0.56627131
v 0.31188506 -0.14302805 -0.57179338
v 0.27010506 -0.14080536 -0.60265195
v 0.22638932 -0.14073367 -0.62230402
v 0.25010228 -0.14206523 -0.60736197
v 0.23187394 -0.14293587 -0.61174715
v 0.28841406 -0.14172722 -0.58998370
v 0.21009673 -0.14158383 -0.62522745
v 0.15008840 -0.13821395 -0.65446192
v 0.17009118 -0.14060052 -0.64179367
v 0.18880346 -0.14206523 -0.63074952
v 0.17009118 -0.14386797 -0.62977505
v 0.13008565 -0.13903338 -0.65673572
v 0.11008286 -0.13968891 -0.65884709
v 0.09967819 -0.13997570 -0.65982157
v 0.08636990 -0.14029323 -0.66079605
v 0.07007730 -0.14060052 -0.66160816
v 0.05007455 -0.14086683 -0.66242021
v 0.03007177 -0.14106144 -0.66306984
v 0.01006898 -0.14115363 -0.66339469
v -0.00098091 -0.14116387 -0.66339469
v -0.00098091 -0.13778375 -0.67346436
v 0.17009118 -0.09177317 0.74992901
v 0.17009118 -0.08289267 0.76438385
v 0.17009118 -0.11374394 0.70997524
v 0.17009118 -0.10438203 0.72784078
v 0.15742815 -0.09969084 0.73937213
v 0.14662018 -0.12066806 0.70120490
v 0.15202415 -0.11640706 0.70867598
v 0.17009118 -0.07657288 0.77445346
v 0.19009396 -0.06511120 0.78760898
v 0.17646304 -0.05949816 0.79914033
v 0.19009396 -0.05255355 0.80612415
v 0.27010506 -0.15643586 -0.44998312
v 0.42988527 -0.15657926 -0.29000565
v 0.25010228 -0.15638465 -0.46996000
v 0.21009673 -0.15640512 -0.48993689
v 0.23009951 -0.15628222 -0.48993689
v 0.44988805 -0.15672265 -0.25005192
v 0.17009118 -0.15638465 -0.50991374
v 0.11008286 -0.15626173 -0.52989066
v 0.13008565 -0.15622076 -0.52989066
v -0.00098091 -0.15600565 -0.54986751
v 0.03007177 -0.15601590 -0.54986751
v 0.05007455 -0.15600565 -0.54986751
v 0.56998539 -0.15586226 0.00997237
v 0.56990469 -0.15587251 0.00282617
v 0.54990196 -0.15650755 -0.02998139
v 0.56990469 -0.15586226 -0.01000451
v 0.48989362 -0.15669192 -0.18995886
v 0.50989640 -0.15667143 -0.14984268
v 0.52989912 -0.15669192 -0.08991203
v 0.52989912 -0.15676363 -0.06993515
v 0.46989083 -0.15677387 -0.20993572
v 0.46997148 -0.15665096 0.25001976
v 0.50997704 -0.15669192 0.14997295
v 0.48997426 -0.15664071 0.20990358
v 0.44996870 -0.15658949 0.28997353
v 0.42996594 -0.15649731 0.32992730
v 0.44996870 -0.15639488 0.30995041
v 0.42996594 -0.15624124 0.35006657
v 0.41012448 -0.15595445 0.39002034
v 0.39012170 -0.15602614 0.40999722
v 0.37011892 -0.15600565 0.42997411
v 0.35011616 -0.15589300 0.44995099
v 0.33011338 -0.15572910 0.46992788
v 0.52997983 -0.15674314 0.07006542
v 0.52997983 -0.15658949 0.11001918
v 0.56998539 -0.15583153 0.02994925
v 0.54998255 -0.15644610 0.04992613
v 0.31011060 -0.15547304 0.48990473
v 0.25010228 -0.15518624 0.52985853
v 0.23009951 -0.15442827 0.54983538
v 0.21009673 -0.15329131 0.56981230
v 0.29010785 -0.15512478 0.50988162
v 0.19009396 -0.15164223 0.58995157
v 0.15008840 -0.14187062 0.64614671
v 0.13008565 -0.13954550 0.65849012
v 0.21009673 -0.15061796 0.58995157
v 0.19009396 -0.14816993 0.60992843
v 0.17009118 -0.14488199 0.62990534
v 0.15008840 -0.13877730 0.65605390
v 0.15008840 -0.13372761 0.66985911
v 0.15202415 -0.12435546 0.69194734
v 0.76106024 -0.06072729 0.28315216
v 0.73662138 -0.07810929 0.26999664
v 0.75113952 -0.06518290 0.28981110
v 0.77638495 -0.05255355 0.27519387
v 0.76864195 -0.05426409 0.28981110
v 0.70024538 -0.10015176 0.26057667
v 0.70814967 -0.09430313 0.26837251
v 0.72282910 -0.08164306 0.28997353
v 0.69056660 -0.10347042 0.26837251
v 0.66999924 -0.11323180 0.26999664
v 0.65983653 -0.11995106 0.25976458
v 0.65193224 -0.12457056 0.25180632
v 0.62999368 -0.13358420 0.25001976
v 0.62854189 -0.13682093 0.22971806
v 0.62999368 -0.13055235 0.26999664
v 0.62999368 -0.14823139 0.02994925
v 0.62999368 -0.14835429 0.00997237
v 0.62999368 -0.14794458 0.04992613
v 0.62999368 -0.14749390 0.07006542
v 0.62999368 -0.14687935 0.08987989
v 0.62999368 -0.14610089 0.11001918
v 0.62999368 -0.14512783 0.12999606
v 0.62999368 -0.14389870 0.14997295
v 0.62620282 -0.14191160 0.18992671
v 0.63104224 -0.14221887 0.16881293
v 0.62096018 -0.14032397 0.22289668
v 0.62305725 -0.14099999 0.20990358
v 0.62991303 -0.14832357 -0.01000451
v 0.62999368 -0.14834405 0.00282617
v 0.62991303 -0.14813921 -0.02998139
v 0.62991303 -0.14778070 -0.04995827
v 0.62991303 -0.14724809 -0.06993515
v 0.62991303 -0.14651060 -0.08991203
v 0.62991303 -0.14556827 -0.10988891
v 0.62991303 -0.14440058 -0.12986580
v 0.63144553 -0.14255689 -0.15032992
v 0.62410575 -0.14132775 -0.18995886
v 0.62168610 -0.14055954 -0.20506333
v 0.62717068 -0.14220864 -0.16998197
v 0.56345218 -0.14096925 -0.32622391
v 0.55175704 -0.14300758 -0.33174598
v 0.54635304 -0.14164528 -0.34993631
v 0.58337432 -0.14096925 -0.29000565
v 0.57006603 -0.14179891 -0.30868325
v 0.58990747 -0.14426742 -0.25005192
v 0.59031075 -0.14192183 -0.26872948
v 0.60289311 -0.14090779 -0.25005192
v 0.60700661 -0.14206523 -0.22991261
v 0.53046376 -0.14227009 -0.36991319
v 0.48989362 -0.14449278 -0.40986696
v 0.50989640 -0.14668474 -0.36991319
v 0.48884508 -0.14134824 -0.42838210
v 0.48150533 -0.14038542 -0.44153762
v 0.46198651 -0.14049809 -0.46200174
v 0.42891741 -0.14162479 -0.48912483
v 0.41004381 -0.14501515 -0.48993689
v 0.39012170 -0.14808799 -0.48993689
v 0.37011892 -0.14751439 -0.50991374
v 0.44916216 -0.14172722 -0.46914795
v 0.33011338 -0.14547607 -0.54986751
v 0.33011338 -0.14917372 -0.52989066
v 0.31011060 -0.14797533 -0.54986751
v 0.29010785 -0.14630574 -0.56984442
v 0.27010506 -0.14411379 -0.58982128
v 0.25010228 -0.14635696 -0.58982128
v 0.21009673 -0.14555803 -0.60979819
v 0.15008840 -0.14139944 -0.64439231
v 0.19009396 -0.14716613 -0.60979819
v 0.15008840 -0.14527123 -0.62977505
v 0.13008565 -0.14206523 -0.64682847
v 0.11008286 -0.14259785 -0.64893985
v 0.09185454 -0.14258762 -0.65186334
v 0.07007730 -0.14392942 -0.64991432
v 0.05007455 -0.14440058 -0.64991432
v 0.03007177 -0.14472836 -0.64991432
v 0.01006898 -0.14490248 -0.64991432
v -0.00098091 -0.14491272 -0.64991432
v 0.17009118 -0.09889190 0.73791039
v 0.19009396 -0.09748864 0.73547423
v 0.19009396 -0.08892567 0.74992901
v 0.19009396 -0.08144844 0.76227248
v 0.15992850 -0.11997155 0.69974321
v 0.17009118 -0.11937746 0.69860631
v 0.19009396 -0.11114227 0.70997524
v 0.19009396 -0.10304023 0.72540456
v 0.19009396 -0.07510816 0.77217972
v 0.21009673 -0.06346212 0.78501040
v 0.21009673 -0.05675309 0.79508001
v 0.19009396 -0.05844315 0.79751623
v 0.20969345 -0.07437068 0.76828176
v 0.19912747 -0.05255355 0.80385035
v 0.29010785 -0.15622076 -0.44998312
v 0.41004381 -0.15635392 -0.32995942
v 0.42988527 -0.15636416 -0.30998254
v 0.44988805 -0.15656900 -0.27002880
v 0.27010506 -0.15615930 -0.46996000
v 0.25010228 -0.15606712 -0.48993689
v 0.19009396 -0.15626173 -0.50991374
v 0.21009673 -0.15608761 -0.50991374
v 0.46989083 -0.15666120 -0.22991261
v 0.15008840 -0.15614906 -0.52989066
v 0.07007730 -0.15597492 -0.54986751
v 0.09008008 -0.15591347 -0.54986751
v -0.00098091 -0.15568814 -0.56091166
v 0.03007177 -0.15542182 -0.56984442
v 0.58998811 -0.15455118 0.00997237
v 0.58990747 -0.15455118 0.00282617
v 0.54990196 -0.15644610 -0.04995827
v 0.58990747 -0.15453070 -0.01000451
v 0.56990469 -0.15579057 -0.02998139
v 0.50989640 -0.15654853 -0.16998197
v 0.46989083 -0.15649731 -0.25005192
v 0.48989362 -0.15652804 -0.20993572
v 0.52989912 -0.15658949 -0.10988891
v 0.48997426 -0.15648708 0.23004289
v 0.46997148 -0.15648708 0.26999664
v 0.50997704 -0.15658949 0.16994983
v 0.46997148 -0.15624124 0.28997353
v 0.44996870 -0.15610808 0.32992730
v 0.42996594 -0.15583153 0.36988103
v 0.41012448 -0.15532964 0.40999722
v 0.39012170 -0.15535012 0.42997411
v 0.37011892 -0.15524769 0.44995099
v 0.35011616 -0.15502235 0.46992788
v 0.54998255 -0.15635392 0.07006542
v 0.52997983 -0.15648708 0.12999606
v 0.58998811 -0.15448973 0.02994925
v 0.56998539 -0.15572910 0.04992613
v 0.33011338 -0.15473555 0.48990473
v 0.27010506 -0.15455118 0.52985853
v 0.25010228 -0.15364982 0.54983538
v 0.23009951 -0.15240020 0.56981230
v 0.31011060 -0.15432584 0.50988162
v 0.17009118 -0.14115363 0.64354807
v 0.25010228 -0.15120180 0.56981230
v 0.23009951 -0.14930688 0.58995157
v 0.21009673 -0.14673594 0.60992843
v 0.19146512 -0.14275150 0.63169187
v 0.17009118 -0.13788618 0.65345532
v 0.18573852 -0.14050832 0.64143670
v 0.17009118 -0.13181220 0.66985911
v 0.17009118 -0.12391502 0.68853664
v 0.75864053 -0.05919087 0.29647008
v 0.73283052 -0.07593782 0.28997353
v 0.74589682 -0.06358503 0.30995041
v 0.77122295 -0.05255355 0.28981110
v 0.76573831 -0.05255355 0.30442834
v 0.69758368 -0.09880996 0.27389458
v 0.70992410 -0.08874130 0.28997353
v 0.69435745 -0.09711990 0.28997353
v 0.72057074 -0.08035246 0.30150491
v 0.68435609 -0.10222080 0.28997353
v 0.66999924 -0.10930881 0.28997353
v 0.65354532 -0.11709332 0.28997353
v 0.65773946 -0.11900873 0.26999664
v 0.64354396 -0.12155918 0.28997353
v 0.64773810 -0.12333118 0.26999664
v 0.61563683 -0.13863391 0.25001976
v 0.61845982 -0.13953526 0.23621461
v 0.60999089 -0.13470067 0.28997353
v 0.60942632 -0.13770181 0.27145836
v 0.62999368 -0.12717223 0.28997353
v 0.60999089 -0.15207243 0.02994925
v 0.60999089 -0.15185733 0.04992613
v 0.60999089 -0.15215437 0.00997237
v 0.60999089 -0.15151933 0.07006542
v 0.60999089 -0.15047455 0.11001918
v 0.60999089 -0.15105839 0.08987989
v 0.60999089 -0.14972684 0.12999606
v 0.60999089 -0.14878449 0.14997295
v 0.60999089 -0.14762706 0.16994983
v 0.60999089 -0.14625454 0.18992671
v 0.60999089 -0.14461568 0.20990358
v 0.60563546 -0.14167601 0.25001976
v 0.61103946 -0.14238276 0.22971806
v 0.60991025 -0.15213388 -0.01000451
v 0.60991025 -0.15199049 -0.02998139
v 0.60999089 -0.15214413 0.00282617
v 0.60991025 -0.15171394 -0.04995827
v 0.60991025 -0.15131447 -0.06993515
v 0.60991025 -0.15075111 -0.08991203
v 0.60991025 -0.15002388 -0.10988891
v 0.60991025 -0.14913276 -0.12986580
v 0.60991025 -0.14804702 -0.14984268
v 0.60991025 -0.14673594 -0.16998197
v 0.60991025 -0.14517903 -0.18995886
v 0.61152339 -0.14277199 -0.21107262
v 0.52989912 -0.14541462 -0.34993631
v 0.56990469 -0.14431864 -0.29000565
v 0.54990196 -0.14630574 -0.30998254
v 0.56990469 -0.14663351 -0.27002880
v 0.58990747 -0.14632623 -0.22991261
v 0.48989362 -0.14758609 -0.38989007
v 0.46989083 -0.14818017 -0.40986696
v 0.46989083 -0.14505613 -0.42984384
v 0.52989912 -0.14791386 -0.32995942
v 0.50989640 -0.14915323 -0.34993631
v 0.46916491 -0.14163503 -0.44884622
v 0.42988527 -0.14532244 -0.46996000
v 0.41004381 -0.14846697 -0.46996000
v 0.37011892 -0.15046431 -0.48993689
v 0.35011616 -0.14994194 -0.50991374
v 0.39012170 -0.15085354 -0.46996000
v 0.44988805 -0.14534292 -0.44998312
v 0.31011060 -0.15107888 -0.52989066
v 0.29010785 -0.14998290 -0.54986751
v 0.27010506 -0.14844649 -0.56984442
v 0.23009951 -0.14820066 -0.58982128
v 0.17009118 -0.14848745 -0.60979819
v 0.21009673 -0.14968586 -0.58982128
v 0.13008565 -0.14645939 -0.62977505
v 0.11008286 -0.14737099 -0.62977505
v 0.09008008 -0.14808799 -0.62977505
v 0.07007730 -0.14862061 -0.62977505
v 0.05007455 -0.14897911 -0.62977505
v 0.03007177 -0.14922494 -0.62977505
v 0.01006898 -0.14934784 -0.62977505
v -0.00098091 -0.14935809 -0.62977505
v 0.21009673 -0.10155503 0.72264355
v 0.21009673 -0.09591125 0.73271316
v 0.20969345 -0.08500269 0.75122833
v 0.20283766 -0.08045489 0.76064831
v 0.19009396 -0.12274735 0.68593806
v 0.19009396 -0.11810736 0.69584525
v 0.21009673 -0.11668362 0.69292182
v 0.21009673 -0.10822308 0.70997524
v 0.23009951 -0.06971021 0.76990592
v 0.23009951 -0.06163890 0.78224933
v 0.21614596 -0.07934867 0.75886178
v 0.23009951 -0.05487866 0.79231900
v 0.23397101 -0.05255355 0.79459280
v 0.21719450 -0.05255355 0.79914033
v 0.20993543 -0.05255355 0.80108935
v 0.31011060 -0.15594420 -0.44998312
v 0.33011338 -0.15597492 -0.42984384
v 0.41004381 -0.15607736 -0.34993631
v 0.42988527 -0.15607736 -0.32995942
v 0.44988805 -0.15634367 -0.29000565
v 0.23009951 -0.15586226 -0.50991374
v 0.27010506 -0.15572910 -0.48993689
v 0.29010785 -0.15585202 -0.46996000
v 0.17009118 -0.15601590 -0.52989066
v 0.19009396 -0.15580080 -0.52989066
v 0.11008286 -0.15583153 -0.54986751
v 0.13008565 -0.15572910 -0.54986751
v 0.05007455 -0.15538085 -0.56984442
v -0.00098091 -0.15542182 -0.56984442
v -0.00098091 -0.15482774 -0.58088857
v 0.01006898 -0.15432584 -0.58982128
v 0.03007177 -0.15429512 -0.58982128
v 0.60991025 -0.15215437 0.00282617
v 0.54990196 -0.15634367 -0.06993515
v 0.58990747 -0.15442827 -0.02998139
v 0.56990469 -0.15567788 -0.04995827
v 0.50989640 -0.15636416 -0.18995886
v 0.52989912 -0.15628222 -0.14984268
v 0.52989912 -0.15645635 -0.12986580
v 0.46989083 -0.15625149 -0.27002880
v 0.48989362 -0.15632319 -0.22991261
v 0.54990196 -0.15622076 -0.08991203
v 0.48997426 -0.15627196 0.25001976
v 0.50997704 -0.15643586 0.18992671
v 0.50997704 -0.15626173 0.20990358
v 0.52997983 -0.15634367 0.14997295
v 0.48997426 -0.15598518 0.26999664
v 0.46997148 -0.15591347 0.30995041
v 0.44996870 -0.15565741 0.35006657
v 0.42996594 -0.15517600 0.39002034
v 0.42996594 -0.15418245 0.40999722
v 0.41012448 -0.15430535 0.42997411
v 0.39012170 -0.15422341 0.44995099
v 0.37011892 -0.15398782 0.46992788
v 0.54998255 -0.15623100 0.08987989
v 0.54998255 -0.15608761 0.11001918
v 0.58998811 -0.15434633 0.04992613
v 0.56998539 -0.15557545 0.07006542
v 0.35011616 -0.15362933 0.48990473
v 0.29010785 -0.15364982 0.52985853
v 0.27010506 -0.15262555 0.54983538
v 0.33011338 -0.15316841 0.50988162
v 0.29010785 -0.15125301 0.54983538
v 0.27010506 -0.14966539 0.56981230
v 0.25010228 -0.14761682 0.58995157
v 0.23009951 -0.14497419 0.60992843
v 0.21009673 -0.14222911 0.62763155
v 0.19904682 -0.13988352 0.63948774
v 0.19146512 -0.13741501 0.64874530
v 0.21009673 -0.13495675 0.64988220
v 0.19009396 -0.12961000 0.66985911
v 0.76331866 -0.05255355 0.31060007
v 0.76041496 -0.05255355 0.31790867
v 0.75589824 -0.05750082 0.30995041
v 0.72831380 -0.07411461 0.30881351
v 0.74258995 -0.06157744 0.32586694
v 0.71065003 -0.08408084 0.30881351
v 0.68887281 -0.09544008 0.31011283
v 0.68145239 -0.10078682 0.30345386
v 0.71774781 -0.07875459 0.31482282
v 0.67112839 -0.10449471 0.31011283
v 0.64854467 -0.11544424 0.30913833
v 0.64088225 -0.12041199 0.30215454
v 0.59958625 -0.13988352 0.27925423
v 0.60240924 -0.14074391 0.26593632
v 0.59684396 -0.13908458 0.28997353
v 0.60999089 -0.13130006 0.30995041
v 0.58974618 -0.13790667 0.31141213
v 0.63063896 -0.12329021 0.30913833
v 0.58998811 -0.15379322 0.08987989
v 0.58998811 -0.15411074 0.07006542
v 0.58998811 -0.15338351 0.11001918
v 0.58998811 -0.15218510 0.14997295
v 0.58998811 -0.15286112 0.12999606
v 0.58998811 -0.15134519 0.16994983
v 0.58998811 -0.15033115 0.18992671
v 0.58998811 -0.14908154 0.20990358
v 0.58998811 -0.14752464 0.23004289
v 0.58998811 -0.14566045 0.25001976
v 0.58990747 -0.15424390 -0.04995827
v 0.58990747 -0.15396735 -0.06993515
v 0.58990747 -0.15357812 -0.08991203
v 0.58990747 -0.15305574 -0.10988891
v 0.58990747 -0.15242068 -0.12986580
v 0.58990747 -0.15163200 -0.14984268
v 0.58990747 -0.15066917 -0.16998197
v 0.58990747 -0.14949125 -0.18995886
v 0.58990747 -0.14804702 -0.20993572
v 0.54990196 -0.14849770 -0.29000565
v 0.56990469 -0.14857964 -0.25005192
v 0.48989362 -0.15003411 -0.36991319
v 0.46989083 -0.15061796 -0.38989007
v 0.44988805 -0.15097645 -0.40986696
v 0.44988805 -0.14852843 -0.42984384
v 0.52989912 -0.14996243 -0.30998254
v 0.50989640 -0.15107888 -0.32995942
v 0.42988527 -0.14864109 -0.44998312
v 0.41004381 -0.15109937 -0.44998312
v 0.35011616 -0.15228753 -0.48993689
v 0.33011338 -0.15182661 -0.50991374
v 0.37011892 -0.15260506 -0.46996000
v 0.39012170 -0.15286112 -0.44998312
v 0.29010785 -0.15254360 -0.52989066
v 0.27010506 -0.15159102 -0.54986751
v 0.25010228 -0.15016727 -0.56984442
v 0.15008840 -0.14956295 -0.60979819
v 0.19009396 -0.15088427 -0.58982128
v 0.23009951 -0.15151933 -0.56984442
v 0.13008565 -0.15042335 -0.60979819
v 0.11008286 -0.15106864 -0.60979819
v 0.09008008 -0.15156029 -0.60979819
v 0.07007730 -0.15193927 -0.60979819
v 0.05007455 -0.15217486 -0.60979819
v 0.03007177 -0.15232851 -0.60979819
v 0.01006898 -0.15241045 -0.60979819
v -0.00098091 -0.15073062 -0.62084228
v 0.22300175 -0.10052051 0.72085696
v 0.22985753 -0.09494843 0.72849041
v 0.23009951 -0.08418326 0.74668074
v 0.21009673 -0.12141578 0.68285215
v 0.21009673 -0.12708004 0.66985911
v 0.22308241 -0.12047344 0.68090320
v 0.22993819 -0.11571055 0.68853664
v 0.22985753 -0.10440252 0.71111214
v 0.24937637 -0.06514193 0.77088040
v 0.24211730 -0.06046098 0.78046280
v 0.23009951 -0.07807857 0.75675040
v 0.25010228 -0.07609147 0.75350213
v 0.24937637 -0.05359831 0.78825867
v 0.24937637 -0.05255355 0.78972036
v 0.33011338 -0.15554473 -0.44998312
v 0.39012170 -0.15565741 -0.38989007
v 0.41004381 -0.15567788 -0.36991319
v 0.44988805 -0.15602614 -0.30998254
v 0.42988527 -0.15567788 -0.34993631
v 0.25010228 -0.15550376 -0.50991374
v 0.21009673 -0.15550376 -0.52989066
v 0.29010785 -0.15523745 -0.48993689
v 0.31011060 -0.15542182 -0.46996000
v 0.15008840 -0.15554473 -0.54986751
v 0.17009118 -0.15529890 -0.54986751
v 0.07007730 -0.15529890 -0.56984442
v 0.09008008 -0.15516575 -0.56984442
v 0.11008286 -0.15500186 -0.56984442
v -0.00098091 -0.15432584 -0.58982128
v -0.00098091 -0.15328108 -0.60086542
v 0.05007455 -0.15420294 -0.58982128
v 0.56990469 -0.15551400 -0.06993515
v 0.52989912 -0.15604663 -0.16998197
v 0.50989640 -0.15610808 -0.20993572
v 0.54990196 -0.15602614 -0.10988891
v 0.46989083 -0.15590324 -0.29000565
v 0.48989362 -0.15605688 -0.25005192
v 0.50997704 -0.15599541 0.23004289
v 0.52997983 -0.15614906 0.16994983
v 0.52997983 -0.15590324 0.18992671
v 0.48997426 -0.15557545 0.28997353
v 0.50997704 -0.15562668 0.25001976
v 0.46997148 -0.15541157 0.32992730
v 0.44996870 -0.15497114 0.36988103
v 0.44996870 -0.15243092 0.40999722
v 0.42996594 -0.15267676 0.42997411
v 0.44996870 -0.15391614 0.39002034
v 0.41012448 -0.15270749 0.44995099
v 0.39012170 -0.15250263 0.46992788
v 0.54998255 -0.15589300 0.12999606
v 0.56998539 -0.15538085 0.08987989
v 0.37011892 -0.15209292 0.48990473
v 0.31011060 -0.15242068 0.52985853
v 0.35011616 -0.15155005 0.50988162
v 0.33011338 -0.15073062 0.52985853
v 0.31011060 -0.14948100 0.54983538
v 0.29010785 -0.14773974 0.56981230
v 0.27010506 -0.14553754 0.58995157
v 0.25026360 -0.14247495 0.61106533
v 0.23009951 -0.14123556 0.62389600
v 0.21009673 -0.13927919 0.63753879
v 0.23009951 -0.13808079 0.63396567
v 0.23009951 -0.13236532 0.64988220
v 0.75484967 -0.05255355 0.33106419
v 0.74952638 -0.05580051 0.33155143
v 0.73960567 -0.05982593 0.33918488
v 0.73178196 -0.06642228 0.33155143
v 0.70435882 -0.08242150 0.32992730
v 0.67854881 -0.09928112 0.31677178
v 0.68992138 -0.09009335 0.32992730
v 0.71436024 -0.07683919 0.32992730
v 0.66548246 -0.10278416 0.32992730
v 0.64999646 -0.11024091 0.32992730
v 0.63781732 -0.11904970 0.31547248
v 0.59176254 -0.14284368 0.27145836
v 0.57950282 -0.13985279 0.31904557
v 0.58289039 -0.14082585 0.30572766
v 0.58684254 -0.14186038 0.28997353
v 0.60999089 -0.12746927 0.32992730
v 0.58998811 -0.13461873 0.32992730
v 0.62418640 -0.12179476 0.32992730
v 0.56998539 -0.15479702 0.12999606
v 0.56998539 -0.15512478 0.11001918
v 0.56998539 -0.15434633 0.14997295
v 0.56998539 -0.15309671 0.18992671
v 0.56998539 -0.15379322 0.16994983
v 0.56998539 -0.15221584 0.20990358
v 0.56998539 -0.15107888 0.23004289
v 0.56998539 -0.14966539 0.25001976
v 0.56998539 -0.14796507 0.26999664
v 0.56998539 -0.14593700 0.28997353
v 0.56990469 -0.15526818 -0.08991203
v 0.56990469 -0.15495065 -0.10988891
v 0.56990469 -0.15454094 -0.12986580
v 0.56990469 -0.15400831 -0.14984268
v 0.56990469 -0.15334255 -0.16998197
v 0.56990469 -0.15251288 -0.18995886
v 0.56990469 -0.15145786 -0.20993572
v 0.56990469 -0.15015703 -0.22991261
v 0.54990196 -0.15031067 -0.27002880
v 0.48989362 -0.15190855 -0.34993631
v 0.46989083 -0.15246165 -0.36991319
v 0.44988805 -0.15277919 -0.38989007
v 0.42988527 -0.15114033 -0.42984384
v 0.52989912 -0.15163200 -0.29000565
v 0.50989640 -0.15257433 -0.30998254
v 0.41004381 -0.15297380 -0.42984384
v 0.33011338 -0.15362933 -0.48993689
v 0.31011060 -0.15319914 -0.50991374
v 0.39012170 -0.15420294 -0.42984384
v 0.37011892 -0.15408002 -0.44998312
v 0.35011616 -0.15388539 -0.46996000
v 0.27010506 -0.15367031 -0.52989066
v 0.25010228 -0.15282016 -0.54986751
v 0.17009118 -0.15182661 -0.58982128
v 0.21009673 -0.15257433 -0.56984442
v 0.15008840 -0.15255384 -0.58982128
v 0.13008565 -0.15311719 -0.58982128
v 0.11008286 -0.15351667 -0.58982128
v 0.09008008 -0.15382394 -0.58982128
v 0.07007730 -0.15405953 -0.58982128
v -0.00098091 -0.15241045 -0.60979819
v 0.23639071 -0.09934258 0.71858317
v 0.25010228 -0.09026748 0.72978973
v 0.25010228 -0.08226787 0.74359488
v 0.22993819 -0.12371016 0.67115837
v 0.23647135 -0.11939795 0.67862940
v 0.25010228 -0.11150077 0.68983597
v 0.25010228 -0.10331678 0.70623976
v 0.25550628 -0.05899626 0.77835143
v 0.27010506 -0.06387183 0.76584554
v 0.26381385 -0.08084412 0.74132109
v 0.26341057 -0.05255355 0.78501040
v 0.35011616 -0.15493017 -0.44998312
v 0.37011892 -0.15502235 -0.42984384
v 0.39012170 -0.15507357 -0.40986696
v 0.41004381 -0.15510429 -0.38989007
v 0.44988805 -0.15559594 -0.32995942
v 0.42988527 -0.15507357 -0.36991319
v 0.27010506 -0.15496090 -0.50991374
v 0.23009951 -0.15509406 -0.52989066
v 0.19009396 -0.15493017 -0.54986751
v 0.31011060 -0.15457167 -0.48993689
v 0.33011338 -0.15480725 -0.46996000
v 0.13008565 -0.15477653 -0.56984442
v 0.15008840 -0.15444875 -0.56984442
v 0.54990196 -0.15579057 -0.12986580
v 0.52989912 -0.15572910 -0.18995886
v 0.50989640 -0.15575984 -0.22991261
v 0.48989362 -0.15565741 -0.27002880
v 0.46989083 -0.15541157 -0.30998254
v 0.52997983 -0.15557545 0.20990358
v 0.54998255 -0.15563692 0.14997295
v 0.50997704 -0.15513502 0.26999664
v 0.48997426 -0.15501210 0.30995041
v 0.52997983 -0.15510429 0.23004289
v 0.46997148 -0.15466386 0.35006657
v 0.46997148 -0.15357812 0.36988103
v 0.46997148 -0.15203145 0.39002034
v 0.44996870 -0.15036190 0.42997411
v 0.42996594 -0.15053602 0.44995099
v 0.41012448 -0.15043359 0.46992788
v 0.39012170 -0.15004435 0.48990473
v 0.37011892 -0.14945027 0.50988162
v 0.35011616 -0.14852843 0.52985853
v 0.33011338 -0.14718662 0.54983538
v 0.31011060 -0.14537364 0.56981230
v 0.29067242 -0.14264907 0.59108847
v 0.27010506 -0.14158383 0.60538083
v 0.24373043 -0.14044687 0.62129742
v 0.25026360 -0.13709748 0.62876844
v 0.25010228 -0.12937443 0.64988220
v 0.74759066 -0.05255355 0.34746796
v 0.73710531 -0.05829975 0.35006657
v 0.72710395 -0.06416887 0.35006657
v 0.70137453 -0.08078266 0.34292039
v 0.67548382 -0.09769350 0.32992730
v 0.70879495 -0.07471894 0.34974176
v 0.66209489 -0.10108386 0.34421968
v 0.65120631 -0.10478150 0.35055381
v 0.62862253 -0.11549545 0.34925452
v 0.63418782 -0.11747231 0.32992730
v 0.62112147 -0.12049393 0.34210831
v 0.57635725 -0.13893095 0.32992730
v 0.56224233 -0.14065173 0.34389487
v 0.56635582 -0.14168625 0.32992730
v 0.57167912 -0.14289489 0.31141213
v 0.61047482 -0.12319802 0.34925452
v 0.58998811 -0.13074696 0.35006657
v 0.56934011 -0.13741501 0.35039142
v 0.54998255 -0.15486871 0.18992671
v 0.54998255 -0.15529890 0.16994983
v 0.54998255 -0.15354739 0.23004289
v 0.54998255 -0.15430535 0.20990358
v 0.54998255 -0.15256408 0.25001976
v 0.54998255 -0.15133494 0.26999664
v 0.54998255 -0.14979854 0.28997353
v 0.54998255 -0.14791386 0.30995041
v 0.54998255 -0.14557850 0.32992730
v 0.54990196 -0.15547304 -0.14984268
v 0.54990196 -0.15506333 -0.16998197
v 0.54990196 -0.15452045 -0.18995886
v 0.54990196 -0.15380347 -0.20993572
v 0.54990196 -0.15290210 -0.22991261
v 0.54990196 -0.15176515 -0.25005192
v 0.48989362 -0.15329131 -0.32995942
v 0.46989083 -0.15380347 -0.34993631
v 0.44988805 -0.15406978 -0.36991319
v 0.42988527 -0.15294307 -0.40986696
v 0.52989912 -0.15295331 -0.27002880
v 0.50989640 -0.15376249 -0.29000565
v 0.41004381 -0.15424390 -0.40986696
v 0.29010785 -0.15420294 -0.50991374
v 0.25010228 -0.15449998 -0.52989066
v 0.23009951 -0.15374200 -0.54986751
v 0.19009396 -0.15338351 -0.56984442
v 0.17009118 -0.15399808 -0.56984442
v 0.25010228 -0.09801102 0.71614701
v 0.27034703 -0.08524852 0.73125148
v 0.25010228 -0.12268589 0.66596115
v 0.25010228 -0.11818931 0.67603081
v 0.27010506 -0.10759827 0.68983597
v 0.27010506 -0.10132968 0.70234179
v 0.27010506 -0.05730620 0.77575278
v 0.27034703 -0.07470869 0.74862969
v 0.29010785 -0.06929026 0.74992901
v 0.29010785 -0.06148526 0.76211005
v 0.29010785 -0.05487866 0.77217972
v 0.27720281 -0.07934867 0.73872250
v 0.27042770 -0.05255355 0.78257418
v 0.44988805 -0.15498137 -0.34993631
v 0.42988527 -0.15420294 -0.38989007
v 0.21009673 -0.15441802 -0.54986751
v 0.52989912 -0.15528867 -0.20993572
v 0.50989640 -0.15530916 -0.25005192
v 0.48989362 -0.15509406 -0.29000565
v 0.46989083 -0.15474580 -0.32995942
v 0.50997704 -0.15444875 0.28997353
v 0.52997983 -0.15447949 0.25001976
v 0.48997426 -0.15419269 0.32992730
v 0.48997426 -0.15302500 0.35006657
v 0.46997148 -0.14996243 0.40999722
v 0.48997426 -0.15143737 0.36988103
v 0.46997148 -0.14725833 0.42997411
v 0.44996870 -0.14759633 0.44995099
v 0.42996594 -0.14765780 0.46992788
v 0.41012448 -0.14737099 0.48990473
v 0.39012170 -0.14676666 0.50988162
v 0.37011892 -0.14580384 0.52985853
v 0.35011616 -0.14434937 0.54983538
v 0.32995206 -0.14236227 0.57046193
v 0.31011060 -0.14150187 0.58524156
v 0.28446189 -0.14062101 0.60197020
v 0.25703871 -0.13957624 0.61837393
v 0.27010506 -0.13366616 0.62990534
v 0.27204081 -0.12477542 0.65183115
v 0.26663685 -0.12122117 0.66271287
v 0.29010785 -0.13019384 0.62990534
v 0.74638081 -0.05255355 0.35006657
v 0.72307110 -0.06185400 0.36614552
v 0.72984624 -0.05615901 0.37166759
v 0.71177924 -0.06673981 0.37166759
v 0.69806767 -0.07899018 0.35623831
v 0.69080853 -0.08459298 0.34974176
v 0.66919267 -0.09575761 0.35055381
v 0.65870732 -0.09939380 0.35753760
v 0.64539903 -0.10263052 0.36988103
v 0.62999368 -0.10982095 0.36988103
v 0.61749196 -0.11895751 0.35542622
v 0.55829018 -0.13953526 0.35721278
v 0.55095047 -0.14248519 0.35039142
v 0.60337710 -0.12138505 0.36988103
v 0.58998811 -0.12644500 0.36988103
v 0.56998539 -0.12904665 0.39002034
v 0.56998539 -0.13339984 0.36988103
v 0.52997983 -0.15367031 0.26999664
v 0.52997983 -0.15260506 0.28997353
v 0.52997983 -0.15122229 0.30995041
v 0.52997983 -0.14944004 0.32992730
v 0.52997983 -0.14719686 0.35006657
v 0.52997983 -0.14446205 0.36988103
v 0.52989912 -0.15472531 -0.22991261
v 0.52989912 -0.15396735 -0.25005192
v 0.48989362 -0.15431561 -0.30998254
v 0.50989640 -0.15465361 -0.27002880
v 0.27010506 -0.09593174 0.71241146
v 0.29010785 -0.08368137 0.72621661
v 0.27204081 -0.11701138 0.66953427
v 0.28865603 -0.10349091 0.69032323
v 0.28091300 -0.10019273 0.70023042
v 0.29010785 -0.11310889 0.66985911
v 0.29010785 -0.05255355 0.77559036
v 0.27776742 -0.05255355 0.77997553
v 0.29010785 -0.07781225 0.73612386
v 0.31204635 -0.07620414 0.72962731
v 0.30849749 -0.06433275 0.75025386
v 0.30075446 -0.06018443 0.76016110
v 0.30873945 -0.05255355 0.76828176
v 0.50997704 -0.15352690 0.30995041
v 0.50997704 -0.15226704 0.32992730
v 0.48997426 -0.14933760 0.39002034
v 0.48997426 -0.14665399 0.40999722
v 0.50997704 -0.15058723 0.35006657
v 0.49118412 -0.14282319 0.43111101
v 0.47166526 -0.14313048 0.45157513
v 0.45190448 -0.14326364 0.47187683
v 0.43174037 -0.14319193 0.49169129
v 0.41117302 -0.14289489 0.51118094
v 0.39012170 -0.14236227 0.53034574
v 0.36842513 -0.14152236 0.54934818
v 0.35011616 -0.14097950 0.56347811
v 0.32317692 -0.14050832 0.58166844
v 0.29777020 -0.13963769 0.59855950
v 0.27010506 -0.13861342 0.61528808
v 0.29067242 -0.13737404 0.60911638
v 0.31011060 -0.13375834 0.60992843
v 0.27994514 -0.11996131 0.65978944
v 0.29010785 -0.12320827 0.64744598
v 0.31011060 -0.12635280 0.62990534
v 0.73331445 -0.05255355 0.37637758
v 0.71968353 -0.05985666 0.37946346
v 0.72621667 -0.05255355 0.39002034
v 0.70685917 -0.06403571 0.39002034
v 0.69451874 -0.07703380 0.36988103
v 0.68121046 -0.08071096 0.38238689
v 0.68451738 -0.08245224 0.36988103
v 0.66999924 -0.09015481 0.36988103
v 0.65531975 -0.09772422 0.36988103
v 0.64176953 -0.10087900 0.38303655
v 0.61337847 -0.11719576 0.36988103
v 0.63071960 -0.10420790 0.38985792
v 0.60821646 -0.11472724 0.38823378
v 0.60031211 -0.12013543 0.38060036
v 0.55417669 -0.13833687 0.36988103
v 0.54062647 -0.14018056 0.38092518
v 0.54417533 -0.14110240 0.36988103
v 0.58958483 -0.12229666 0.38823378
v 0.58264840 -0.12103680 0.40382549
v 0.57079190 -0.12376138 0.41032204
v 0.54998255 -0.13113618 0.40999722
v 0.54836947 -0.13634977 0.38855863
v 0.50997704 -0.14844649 0.36988103
v 0.50997704 -0.14575264 0.39002034
v 0.52957654 -0.14160430 0.38855863
v 0.28865603 -0.09415974 0.70802629
v 0.30664238 -0.08168402 0.72280592
v 0.29430196 -0.09869729 0.69730699
v 0.31011060 -0.10868400 0.66985911
v 0.31011060 -0.10195450 0.68366426
v 0.29010785 -0.11890630 0.65751565
v 0.33011338 -0.06254026 0.74391973
v 0.31995067 -0.07997348 0.71988249
v 0.31406277 -0.05837145 0.75740004
v 0.32083791 -0.05255355 0.76324695
v 0.51054162 -0.14233154 0.41015965
v 0.50425041 -0.14104095 0.42510170
v 0.48537683 -0.14125605 0.44605306
v 0.46618062 -0.14139944 0.46651718
v 0.45988944 -0.13996546 0.47983509
v 0.44650048 -0.14140970 0.48616922
v 0.43964469 -0.13991424 0.49948716
v 0.42625573 -0.14130726 0.50533402
v 0.40544641 -0.14106144 0.52401161
v 0.38350788 -0.14066197 0.54220194
v 0.36060148 -0.14007813 0.56022984
v 0.33648524 -0.13934065 0.57760811
v 0.32995206 -0.13698481 0.58897710
v 0.31011060 -0.13859293 0.59531122
v 0.33011338 -0.12979437 0.60992843
v 0.31011060 -0.12119044 0.64273602
v 0.32833892 -0.12250151 0.62974292
v 0.32051528 -0.12008422 0.64013737
v 0.71686053 -0.05817684 0.39002034
v 0.71500546 -0.05255355 0.41032204
v 0.70968211 -0.05555469 0.41097170
v 0.70274568 -0.06165938 0.40496239
v 0.68871152 -0.07444238 0.38937068
v 0.67750025 -0.07869314 0.39570484
v 0.67048317 -0.08432666 0.38937068
v 0.64902860 -0.09528644 0.38985792
v 0.63781732 -0.09898409 0.39635447
v 0.62362182 -0.10175988 0.40999722
v 0.60999089 -0.10797725 0.40999722
v 0.59603739 -0.11842489 0.39391828
v 0.53594840 -0.13888997 0.39424309
v 0.52255940 -0.14069270 0.40350068
v 0.58958483 -0.11652997 0.41032204
v 0.57805097 -0.11924431 0.41714343
v 0.56466204 -0.12177428 0.42640099
v 0.55183768 -0.12490857 0.43176067
v 0.52997983 -0.13273406 0.42997411
v 0.52957654 -0.13740477 0.41015965
v 0.31204635 -0.08643667 0.71192420
v 0.31011060 -0.09679213 0.69373387
v 0.32930681 -0.10380844 0.67034632
v 0.32204774 -0.10052051 0.68090320
v 0.31011060 -0.11674507 0.65264326
v 0.32833892 -0.11458384 0.64793324
v 0.33011338 -0.07109299 0.72978973
v 0.34253445 -0.06074778 0.74099624
v 0.33011338 -0.05611804 0.75382698
v 0.33011338 -0.08418326 0.70737666
v 0.33011338 -0.07857022 0.71728390
v 0.34955156 -0.06498829 0.73060179
v 0.32987142 -0.05255355 0.75934899
v 0.51755875 -0.13938162 0.41681859
v 0.49876580 -0.13969915 0.43841961
v 0.47948894 -0.13987328 0.45937097
v 0.47166526 -0.13884899 0.47187683
v 0.48997426 -0.13437290 0.46992788
v 0.46997148 -0.13456751 0.48990473
v 0.45190448 -0.13886948 0.49169129
v 0.44996870 -0.13436265 0.50988162
v 0.43174037 -0.13863391 0.51118094
v 0.41859341 -0.13970938 0.51865196
v 0.39681619 -0.13929968 0.53732955
v 0.39012170 -0.13714869 0.54934818
v 0.37390977 -0.13873632 0.55551988
v 0.36842513 -0.13594005 0.56802571
v 0.35011616 -0.13800909 0.57338536
v 0.35011616 -0.13260090 0.58995157
v 0.35132599 -0.12444764 0.61139017
v 0.34551874 -0.12129287 0.62308395
v 0.37011892 -0.12808383 0.58995157
v 0.33382356 -0.11848634 0.63640189
v 0.71274710 -0.05255355 0.41421998
v 0.70605260 -0.05255355 0.42558894
v 0.69895482 -0.05944695 0.41811791
v 0.69137317 -0.06612524 0.41097170
v 0.67338681 -0.07641923 0.40999722
v 0.66338539 -0.08183767 0.40999722
v 0.64999646 -0.08876179 0.40999722
v 0.63362324 -0.09692529 0.40999722
v 0.62031490 -0.10019273 0.42039171
v 0.60942632 -0.10273295 0.42818755
v 0.58998811 -0.11066086 0.42997411
v 0.57079190 -0.11788202 0.43176067
v 0.55982268 -0.11993058 0.43971893
v 0.54570782 -0.12207132 0.44995099
v 0.52997983 -0.12751023 0.44995099
v 0.50997704 -0.13379931 0.44995099
v 0.51054162 -0.13816273 0.43111101
v 0.32930681 -0.09461042 0.68853664
v 0.33543670 -0.09877923 0.67749250
v 0.35011616 -0.10821284 0.64988220
v 0.35011616 -0.10178037 0.66352493
v 0.35592341 -0.05871971 0.73774803
v 0.35261649 -0.05255355 0.74895453
v 0.33559802 -0.05255355 0.75675040
v 0.34656727 -0.08188888 0.70315391
v 0.35197124 -0.07650118 0.70997524
v 0.37011892 -0.06258124 0.72410524
v 0.49118412 -0.13861342 0.45157513
v 0.50997704 -0.12840135 0.46992788
v 0.48997426 -0.12875986 0.48990473
v 0.46997148 -0.12870865 0.50988162
v 0.44996870 -0.12818626 0.52985853
v 0.42996594 -0.13365591 0.52985853
v 0.41117302 -0.13807055 0.53034574
v 0.41012448 -0.13232434 0.54983538
v 0.39012170 -0.13042943 0.56981230
v 0.37011892 -0.12220448 0.60554326
v 0.35882705 -0.11966427 0.61902362
v 0.35132599 -0.11696017 0.62974292
v 0.38955712 -0.12315705 0.59011400
v 0.38254002 -0.12063733 0.60148293
v 0.70298767 -0.05255355 0.43062377
v 0.69532531 -0.05736766 0.42997411
v 0.68532395 -0.06305240 0.42997411
v 0.66032046 -0.08018858 0.42039171
v 0.64959317 -0.08309753 0.42818755
v 0.62821925 -0.09381148 0.42818755
v 0.61579818 -0.09805200 0.43387204
v 0.60248983 -0.10115556 0.44329202
v 0.59047210 -0.10415670 0.44995099
v 0.56998539 -0.11269917 0.44995099
v 0.55570918 -0.11836343 0.44995099
v 0.54111040 -0.12041199 0.46131995
v 0.52917325 -0.12233763 0.46862856
v 0.35197124 -0.08651862 0.69178492
v 0.36108541 -0.10028492 0.66043907
v 0.35011616 -0.09673067 0.67343217
v 0.37011892 -0.11194120 0.62990534
v 0.36866713 -0.10318363 0.64988220
v 0.37600684 -0.05255355 0.73726076
v 0.36261788 -0.05255355 0.74408215
v 0.38205606 -0.06066583 0.72101939
v 0.35987556 -0.07994276 0.69974321
v 0.37011892 -0.07092910 0.70997524
v 0.52207547 -0.12073976 0.48227131
v 0.50949311 -0.12272686 0.48925510
v 0.50247598 -0.12086267 0.50241059
v 0.48949033 -0.12280880 0.50939441
v 0.48247322 -0.12082170 0.52222508
v 0.46908426 -0.12260395 0.52937126
v 0.46190584 -0.12060660 0.54155231
v 0.44843623 -0.12209181 0.54886091
v 0.42996594 -0.12710053 0.54983538
v 0.41117302 -0.12449886 0.57127398
v 0.40552706 -0.12146699 0.58361745
v 0.37011892 -0.11817906 0.61545050
v 0.39592895 -0.11885509 0.59709775
v 0.69024396 -0.05255355 0.45060065
v 0.68145239 -0.06088093 0.44215512
v 0.66814411 -0.07319276 0.42818755
v 0.65596503 -0.07792492 0.43370962
v 0.64265674 -0.08139723 0.44377926
v 0.63080025 -0.08509487 0.45027581
v 0.60942632 -0.09560397 0.44995099
v 0.59748918 -0.09891239 0.45660993
v 0.58410025 -0.10182134 0.46505547
v 0.57119519 -0.10521170 0.47090235
v 0.54861140 -0.11510623 0.46862856
v 0.53538376 -0.11830197 0.47463787
v 0.37011892 -0.08380428 0.68691254
v 0.38544363 -0.10158575 0.64322323
v 0.37439370 -0.09834903 0.65654117
v 0.36866713 -0.09404707 0.66823494
v 0.38955712 -0.11565934 0.60879153
v 0.39133155 -0.10529364 0.63136703
v 0.39044434 -0.05255355 0.72962731
v 0.38931513 -0.06454785 0.71030009
v 0.39544502 -0.05846364 0.71728390
v 0.38495970 -0.08154063 0.68268979
v 0.37011892 -0.07836536 0.69681978
v 0.39100891 -0.07580467 0.68951112
v 0.52917325 -0.11571055 0.48925510
v 0.51586497 -0.11854780 0.49558923
v 0.49578151 -0.11857853 0.51589096
v 0.48949033 -0.11585395 0.52937126
v 0.47521415 -0.11842489 0.53554296
v 0.46908426 -0.11540326 0.54886091
v 0.45408219 -0.11809712 0.55487019
v 0.44077387 -0.12023786 0.56055468
v 0.42996594 -0.12179476 0.56461501
v 0.41867405 -0.11963354 0.57890743
v 0.41117302 -0.11724697 0.59011400
v 0.41012448 -0.10932930 0.60992843
v 0.68282360 -0.05255355 0.46164477
v 0.67701632 -0.05833048 0.45547304
v 0.67016053 -0.06454785 0.44930133
v 0.64959317 -0.07543593 0.45027581
v 0.63805932 -0.07902090 0.45709717
v 0.62467039 -0.08240102 0.46635476
v 0.61192667 -0.08667226 0.47171441
v 0.59047210 -0.09692529 0.47090235
v 0.57877690 -0.09948599 0.47837338
v 0.56538796 -0.10234372 0.48633164
v 0.55183768 -0.10597990 0.49169129
v 0.39875194 -0.09960890 0.63900048
v 0.39133155 -0.09653606 0.64988220
v 0.39100891 -0.08568896 0.67115837
v 0.41012448 -0.10250761 0.62535775
v 0.40189752 -0.05255355 0.72329319
v 0.41012448 -0.06183351 0.70299149
v 0.41012448 -0.05592343 0.71306109
v 0.39826798 -0.07943061 0.67879182
v 0.41012448 -0.06926978 0.68983597
v 0.52997983 -0.10815138 0.50988162
v 0.50949311 -0.11597686 0.50939441
v 0.50997704 -0.10827429 0.52985853
v 0.48997426 -0.10777240 0.54983538
v 0.47142330 -0.10557020 0.57143641
v 0.44843623 -0.11464530 0.56818813
v 0.42996594 -0.11173635 0.58995157
v 0.42996594 -0.11793324 0.57468468
v 0.42915937 -0.10343970 0.60992843
v 0.42198095 -0.10065366 0.62129742
v 0.67370939 -0.05255355 0.47480029
v 0.66370803 -0.06212031 0.46521786
v 0.65136760 -0.06655544 0.47106475
v 0.63080025 -0.07725915 0.47171441
v 0.61983097 -0.07995300 0.47967267
v 0.60579675 -0.08282097 0.48990473
v 0.58998811 -0.09014457 0.48990473
v 0.55974197 -0.09991618 0.49964958
v 0.54506254 -0.10212862 0.50988162
v 0.41012448 -0.09779593 0.63526499
v 0.41012448 -0.09055427 0.64988220
v 0.41012448 -0.08276976 0.66514909
v 0.41004381 -0.05255355 0.71858317
v 0.42012587 -0.06008200 0.69990563
v 0.42819148 -0.05255355 0.70770144
v 0.41012448 -0.07744351 0.67505634
v 0.42803019 -0.06322654 0.68934870
v 0.42924002 -0.07424776 0.66872221
v 0.54030383 -0.10017225 0.52027613
v 0.52828604 -0.10192376 0.52807194
v 0.52046233 -0.10021322 0.54041541
v 0.50804126 -0.10181110 0.54821128
v 0.50005633 -0.10005958 0.56006747
v 0.48997426 -0.10191352 0.56445259
v 0.47900498 -0.09967035 0.57906985
v 0.46569669 -0.10205692 0.58459193
v 0.45053330 -0.10468931 0.59076363
v 0.44416144 -0.10148332 0.60310709
v 0.43528926 -0.09847195 0.61642498
v 0.42915937 -0.09468212 0.62876844
v 0.66596639 -0.05255355 0.48551959
v 0.65902996 -0.05949816 0.47853580
v 0.64483446 -0.06265293 0.48990473
v 0.62999368 -0.07057060 0.48990473
v 0.61579818 -0.07792492 0.48990473
v 0.60119939 -0.08060853 0.50127369
v 0.58918154 -0.08310777 0.50874472
v 0.56998539 -0.09133273 0.50988162
v 0.55506396 -0.09790859 0.50988162
v 0.42924002 -0.08405011 0.65004462
v 0.42214227 -0.08075193 0.66125119
v 0.43343416 -0.05766470 0.69584525
v 0.43899944 -0.05255355 0.70088011
v 0.44375819 -0.06146477 0.68236494
v 0.45021069 -0.06550043 0.67067116
v 0.43545055 -0.07844730 0.65686601
v 0.54820812 -0.09354517 0.52807194
v 0.53377068 -0.09744767 0.53359401
v 0.52828604 -0.09363735 0.54821128
v 0.51344526 -0.09739646 0.55373329
v 0.50804126 -0.09336080 0.56786329
v 0.50900918 -0.08337408 0.58930188
v 0.48997426 -0.09063622 0.58995157
v 0.48997426 -0.09759106 0.57435983
v 0.47142330 -0.09728379 0.59076363
v 0.45755041 -0.09914797 0.59790981
v 0.45053330 -0.09619805 0.60992843
v 0.45101726 -0.08584259 0.63120461
v 0.44512933 -0.08187864 0.64354807
v 0.65806210 -0.05255355 0.49640128
v 0.65483582 -0.05715256 0.48990473
v 0.64072096 -0.06040977 0.50078648
v 0.62918711 -0.06327774 0.50841993
v 0.60870039 -0.07373562 0.50874472
v 0.59531146 -0.07783274 0.51475406
v 0.58200312 -0.08095679 0.52206266
v 0.56950140 -0.08364040 0.52920884
v 0.44980741 -0.05255355 0.69373387
v 0.45021069 -0.05494012 0.68934870
v 0.45706648 -0.05888359 0.67781734
v 0.45101726 -0.07628608 0.65004462
v 0.46650326 -0.06260172 0.66449946
v 0.56248432 -0.08117189 0.54252678
v 0.54957932 -0.08390671 0.54951054
v 0.54272354 -0.08123334 0.56266606
v 0.52949589 -0.08382477 0.56948745
v 0.52247876 -0.08108994 0.58215570
v 0.51505840 -0.07797614 0.59563607
v 0.50175011 -0.08074169 0.60132051
v 0.48828048 -0.08256491 0.60879153
v 0.46997148 -0.08904859 0.60992843
v 0.46997148 -0.08219616 0.62438327
v 0.45843762 -0.07945110 0.63867569
v 0.64862531 -0.05255355 0.50874472
v 0.63531697 -0.05752130 0.51410437
v 0.62200868 -0.06111652 0.52238750
v 0.60974896 -0.06429178 0.52937126
v 0.60297382 -0.06156720 0.54317641
v 0.58918154 -0.07448335 0.52920884
v 0.57579261 -0.07809905 0.53538054
v 0.45271102 -0.05255355 0.69178492
v 0.46368030 -0.05255355 0.68431389
v 0.47981155 -0.05994884 0.65978944
v 0.47182658 -0.05701941 0.67067116
v 0.47182658 -0.06733389 0.65183115
v 0.56950140 -0.07482136 0.54951054
v 0.55603182 -0.07823221 0.55584466
v 0.54957932 -0.07493404 0.56948745
v 0.53578705 -0.07820148 0.57598400
v 0.52949589 -0.07471894 0.58930188
v 0.50900918 -0.07412485 0.60879153
v 0.52981848 -0.06461955 0.60992843
v 0.49376512 -0.07754594 0.61463845
v 0.48045683 -0.08020906 0.62032294
v 0.46997148 -0.07721817 0.63429052
v 0.64023703 -0.05255355 0.51913923
v 0.62918711 -0.05404900 0.52937126
v 0.61628211 -0.05811538 0.53570539
v 0.61216861 -0.05255355 0.55227160
v 0.59684396 -0.05847388 0.55649436
v 0.58353561 -0.06173109 0.56364053
v 0.59006882 -0.06482440 0.54983538
v 0.47731122 -0.05255355 0.67456907
v 0.48997426 -0.06323677 0.64598429
v 0.48997426 -0.05785931 0.65589154
v 0.48739326 -0.05255355 0.66726047
v 0.57022732 -0.06504975 0.57013708
v 0.56369418 -0.06180279 0.58361745
v 0.55014390 -0.06501902 0.59011400
v 0.54361075 -0.06171060 0.60326946
v 0.52304339 -0.06137259 0.62243432
v 0.50900918 -0.06382062 0.62941808
v 0.48828048 -0.07311082 0.62811875
v 0.53635168 -0.05839194 0.61658740
v 0.63201010 -0.05255355 0.52920884
v 0.62184739 -0.05255355 0.54122746
v 0.60281247 -0.05255355 0.56250364
v 0.59006882 -0.05540105 0.57013708
v 0.57700247 -0.05858655 0.57695848
v 0.50175011 -0.06079899 0.64127427
v 0.50892848 -0.05255355 0.65069425
v 0.49642676 -0.05255355 0.66043907
v 0.57022732 -0.05548299 0.59011400
v 0.55691904 -0.05857631 0.59693533
v 0.55014390 -0.05529862 0.60992843
v 0.52981848 -0.05471478 0.62941808
v 0.51513904 -0.05790028 0.63575220
v 0.54232025 -0.05255355 0.62243432
v 0.59297240 -0.05255355 0.57289815
v 0.59014946 -0.05255355 0.57582158
v 0.57611525 -0.05255355 0.59011400
v 0.52062368 -0.05255355 0.64127427
v 0.57022732 -0.05255355 0.59596086
v 0.55570918 -0.05255355 0.61009085
v 0.52965719 -0.05255355 0.63364083
f 1 2 3
f 1 3 4
f 1 4 5
f 1 5 88
f 1 88 183
f 1 183 284
f 1 284 383
f 1 383 486
f 1 486 618
f 1 618 742
f 1 742 741
f 1 741 865
f 1 865 1002
f 1 1002 1001
f 1 1001 1140
f 1 1140 1270
f 1 1270 1409
f 1 1409 1408
f 1 1408 1555
f 1 1555 1697
f 1 1697 1839
f 1 1839 1838
f 1 1838 1837
f 1 1837 1974
f 1 1974 2093
f 1 2093 2190
f 1 2190 2253
f 1 2253 2252
f 1 2252 2258
f 1 2258 2314
f 1 2314 2365
f 1 2365 2409
f 1 2409 2408
f 1 2408 2446
f 1 2446 2445
f 1 2445 2481
f 1 2481 2514
f 1 2514 2541
f 1 2541 2543
f 1 2543 2571
f 1 2571 2596
f 1 2596 2619
f 1 2619 2620
f 1 2620 2641
f 1 2641 2644
f 1 2644 2660
f 1 2660 2659
f 1 2659 2670
f 1 2670 2673
f 1 2673 2666
f 1 2666 2672
f 1 2672 2671
f 1 2671 2669
f 1 2669 2668
f 1 2668 2667
f 1 2667 2655
f 1 2655 2637
f 1 2637 2654
f 1 2654 2653
f 1 2653 2634
f 1 2634 2612
f 1 2612 2588
f 1 2588 2559
f 1 2559 2529
f 1 2529 2499
f 1 2499 2463
f 1 2463 2427
f 1 2427 2387
f 1 2387 2386
f 1 2386 2334
f 1 2334 2282
f 1 2282 2280
f 1 2280 2219
f 1 2219 2133
f 1 2133 2024
f 1 2024 1897
f 1 1897 1896
f 1 1896 1753
f 1 1753 1752
f 1 1752 1610
f 1 1610 1461
f 1 1461 1319
f 1 1319 1315
f 1 1315 1184
f 1 1184 1183
f 1 1183 1048
f 1 1048 1047
f 1 1047 902
f 1 902 772
f 1 772 647
f 1 647 519
f 1 519 386
f 1 386 385
f 1 385 285
f 1 285 185
f 1 185 184
f 1 184 89
f 1 89 6
f 1 6 2
f 2 6 7
f 2 7 8
f 2 8 3
f 3 8 9
f 3 9 10
f 3 10 11
f 3 11 12
f 3 12 4
f 4 12 13
f 4 13 5
f 5 13 14
f 5 14 15
f 5 15 16
f 5 16 17
f 5 17 18
f 5 18 19
f 5 19 20
f 5 20 21
f 5 21 22
f 5 22 23
f 5 23 24
f 5 24 25
f 5 25 26
f 5 26 27
f 5 27 28
f 5 28 29
f 5 29 30
f 5 30 31
f 5 31 32
f 5 32 33
f 5 33 34
f 5 34 35
f 5 35 36
f 5 36 37
f 5 37 38
f 5 38 39
f 5 39 40
f 5 40 41
f 5 41 42
f 5 42 43
f 5 43 44
f 5 44 45
f 5 45 46
f 5 46 47
f 5 47 48
f 5 48 49
f 5 49 50
f 5 50 51
f 5 51 52
f 5 52 53
f 5 53 54
f 5 54 55
f 5 55 56
f 5 56 57
f 5 57 58
f 5 58 59
f 5 59 60
f 5 60 61
f 5 61 62
f 5 62 63
f 5 63 64
f 5 64 65
f 5 65 66
f 5 66 67
f 5 67 68
f 5 68 69
f 5 69 70
f 5 70 71
f 5 71 72
f 5 72 73
f 5 73 74
f 5 74 75
f 5 75 76
f 5 76 77
f 5 77 78
f 5 78 79
f 5 79 80
f 5 80 81
f 5 81 82
f 5 82 83
f 5 83 84
f 5 84 85
f 5 85 86
f 5 86 87
f 5 87 88
f 6 89 7
f 7 90 9
f 7 9 8
f 7 89 91
f 7 91 92
f 7 92 90
f 9 93 94
f 9 94 95
f 9 95 10
f 9 90 93
f 10 95 96
f 10 96 97
f 10 97 11
f 11 97 12
f 12 97 98
f 12 98 13
f 13 98 14
f 14 98 99
f 14 99 15
f 15 99 16
f 16 99 17
f 17 99 100
f 17 100 101
f 17 101 18
f 18 101 19
f 19 101 102
f 19 102 103
f 19 103 20
f 20 103 104
f 20 104 21
f 21 104 22
f 22 104 105
f 22 105 23
f 23 105 24
f 24 105 106
f 24 106 107
f 24 107 25
f 25 107 26
f 26 107 108
f 26 108 27
f 27 108 28
f 28 108 109
f 28 109 110
f 28 110 29
f 29 110 111
f 29 111 30
f 30 111 112
f 30 112 31
f 31 112 32
f 32 112 33
f 33 112 113
f 33 113 34
f 34 113 114
f 34 114 35
f 35 114 115
f 35 115 116
f 35 116 36
f 36 116 37
f 37 116 117
f 37 117 38
f 38 117 118
f 38 118 119
f 38 119 39
f 39 119 120
f 39 120 121
f 39 121 40
f 40 121 122
f 40 122 41
f 41 122 42
f 42 122 123
f 42 123 43
f 43 123 124
f 43 124 44
f 44 124 125
f 44 125 45
f 45 125 126
f 45 126 127
f 45 127 46
f 46 127 128
f 46 128 47
f 47 128 129
f 47 129 48
f 48 129 130
f 48 130 49
f 49 130 50
f 50 130 131
f 50 131 132
f 50 132 51
f 51 132 133
f 51 133 134
f 51 134 52
f 52 134 135
f 52 135 53
f 53 135 136
f 53 136 137
f 53 137 54
f 54 137 138
f 54 138 139
f 54 139 55
f 55 139 140
f 55 140 141
f 55 141 56
f 56 141 142
f 56 142 143
f 56 143 57
f 57 143 144
f 57 144 58
f 58 144 145
f 58 145 59
f 59 145 146
f 59 146 60
f 60 146 147
f 60 147 61
f 61 147 148
f 61 148 149
f 61 149 62
f 62 149 63
f 63 149 150
f 63 150 151
f 63 151 64
f 64 151 65
f 65 151 152
f 65 152 66
f 66 152 67
f 67 152 153
f 67 153 154
f 67 154 68
f 68 154 69
f 69 154 155
f 69 155 156
f 69 156 157
f 69 157 70
f 70 157 71
f 71 157 158
f 71 158 159
f 71 159 160
f 71 160 72
f 72 160 73
f 73 160 161
f 73 161 162
f 73 162 163
f 73 163 74
f 74 163 164
f 74 164 165
f 74 165 75
f 75 165 76
f 76 165 166
f 76 166 167
f 76 167 77
f 77 167 168
f 77 168 78
f 78 168 169
f 78 169 79
f 79 169 170
f 79 170 171
f 79 171 80
f 80 171 81
f 81 171 172
f 81 172 82
f 82 172 173
f 82 173 174
f 82 174 83
f 83 174 84
f 84 174 85
f 85 174 175
f 85 175 176
f 85 176 177
f 85 177 86
f 86 177 178
f 86 178 87
f 87 179 180
f 87 180 88
f 87 178 181
f 87 181 182
f 87 182 179
f 88 180 183
f 89 184 91
f 90 92 93
f 91 184 185
f 91 185 186
f 91 186 187
f 91 187 92
f 92 188 93
f 92 187 189
f 92 189 188
f 93 190 94
f 93 188 191
f 93 191 190
f 94 192 95
f 94 190 192
f 95 193 194
f 95 194 195
f 95 195 96
f 95 192 193
f 96 195 196
f 96 196 97
f 97 196 299
f 97 299 197
f 97 197 98
f 98 197 198
f 98 198 99
f 99 198 199
f 99 199 100
f 100 199 200
f 100 200 101
f 101 200 201
f 101 201 102
f 102 201 103
f 103 201 202
f 103 202 203
f 103 203 104
f 104 203 204
f 104 204 105
f 105 204 205
f 105 205 106
f 106 205 206
f 106 206 107
f 107 206 207
f 107 207 108
f 108 207 109
f 109 208 110
f 109 207 209
f 109 209 208
f 110 208 210
f 110 210 111
f 111 210 211
f 111 211 112
f 112 212 113
f 112 211 212
f 113 212 213
f 113 213 214
f 113 214 115
f 113 115 114
f 115 214 215
f 115 215 216
f 115 216 116
f 116 217 117
f 116 216 217
f 117 217 118
f 118 217 218
f 118 218 219
f 118 219 119
f 119 220 120
f 119 219 220
f 120 220 121
f 121 221 122
f 121 220 222
f 121 222 221
f 122 221 223
f 122 223 123
f 123 223 124
f 124 223 224
f 124 224 225
f 124 225 125
f 125 225 126
f 126 226 128
f 126 128 127
f 126 225 227
f 126 227 226
f 128 228 129
f 128 226 228
f 129 228 130
f 130 229 132
f 130 132 131
f 130 228 230
f 130 230 229
f 132 231 134
f 132 134 133
f 132 229 232
f 132 232 231
f 134 233 234
f 134 234 136
f 134 136 135
f 134 231 235
f 134 235 233
f 136 236 138
f 136 138 137
f 136 234 233
f 136 233 236
f 138 237 139
f 138 236 238
f 138 238 237
f 139 237 140
f 140 239 142
f 140 142 141
f 140 237 240
f 140 240 239
f 142 241 144
f 142 144 143
f 142 239 242
f 142 242 241
f 144 243 146
f 144 146 145
f 144 241 244
f 144 244 245
f 144 245 246
f 144 246 243
f 146 243 247
f 146 247 147
f 147 247 148
f 148 248 149
f 148 247 249
f 148 249 250
f 148 250 248
f 149 248 150
f 150 251 151
f 150 248 251
f 151 251 152
f 152 251 252
f 152 252 153
f 153 253 154
f 153 252 254
f 153 254 253
f 154 253 155
f 155 253 255
f 155 255 156
f 156 255 256
f 156 256 257
f 156 257 258
f 156 258 259
f 156 259 158
f 156 158 157
f 158 259 260
f 158 260 159
f 159 261 160
f 159 260 262
f 159 262 263
f 159 263 261
f 160 261 161
f 161 261 264
f 161 264 265
f 161 265 266
f 161 266 163
f 161 163 162
f 163 266 164
f 164 266 267
f 164 267 268
f 164 268 165
f 165 268 269
f 165 269 166
f 166 269 167
f 167 269 270
f 167 270 168
f 168 270 271
f 168 271 169
f 169 271 272
f 169 272 273
f 169 273 170
f 170 273 171
f 171 273 274
f 171 274 275
f 171 275 172
f 172 275 276
f 172 276 173
f 173 276 174
f 174 276 277
f 174 277 278
f 174 278 175
f 175 278 176
f 176 178 177
f 176 278 178
f 178 278 279
f 178 279 280
f 178 280 281
f 178 281 282
f 178 282 181
f 179 182 282
f 179 282 379
f 179 379 482
f 179 482 613
f 179 613 734
f 179 734 855
f 179 855 857
f 179 857 989
f 179 989 990
f 179 990 991
f 179 991 1130
f 179 1130 1131
f 179 1131 1260
f 179 1260 1398
f 179 1398 1544
f 179 1544 1543
f 179 1543 1683
f 179 1683 1824
f 179 1824 1960
f 179 1960 2082
f 179 2082 1990
f 179 1990 1989
f 179 1989 1854
f 179 1854 1853
f 179 1853 1710
f 179 1710 1565
f 179 1565 1417
f 179 1417 1276
f 179 1276 1275
f 179 1275 1147
f 179 1147 1144
f 179 1144 1007
f 179 1007 867
f 179 867 743
f 179 743 620
f 179 620 487
f 179 487 384
f 179 384 380
f 179 380 283
f 179 283 180
f 180 283 284
f 180 284 183
f 181 282 182
f 185 285 186
f 186 285 286
f 186 286 287
f 186 287 187
f 187 287 288
f 187 288 189
f 188 189 289
f 188 289 290
f 188 290 191
f 189 288 289
f 190 191 291
f 190 291 292
f 190 292 192
f 191 290 293
f 191 293 291
f 192 292 294
f 192 294 193
f 193 294 295
f 193 295 194
f 194 296 297
f 194 297 298
f 194 298 196
f 194 196 195
f 194 295 296
f 196 298 299
f 197 299 198
f 198 300 301
f 198 301 199
f 198 299 300
f 199 301 200
f 200 301 302
f 200 302 202
f 200 202 201
f 202 303 304
f 202 304 203
f 202 302 303
f 203 304 204
f 204 305 205
f 204 304 305
f 205 305 306
f 205 306 206
f 206 307 207
f 206 306 307
f 207 307 209
f 208 209 308
f 208 308 309
f 208 309 210
f 209 307 310
f 209 310 308
f 210 309 311
f 210 311 312
f 210 312 211
f 211 312 212
f 212 312 213
f 213 312 313
f 213 313 314
f 213 314 215
f 213 215 214
f 215 315 216
f 215 314 315
f 216 315 316
f 216 316 218
f 216 218 217
f 218 316 317
f 218 317 318
f 218 318 219
f 219 319 220
f 219 318 319
f 220 319 222
f 221 320 223
f 221 222 321
f 221 321 320
f 222 319 322
f 222 322 321
f 223 320 224
f 224 320 323
f 224 323 324
f 224 324 225
f 225 324 227
f 226 227 325
f 226 325 326
f 226 326 228
f 227 324 327
f 227 327 325
f 228 326 328
f 228 328 230
f 229 230 329
f 229 329 232
f 230 328 329
f 231 232 330
f 231 330 235
f 232 329 331
f 232 331 330
f 233 235 332
f 233 332 333
f 233 333 236
f 235 330 334
f 235 334 335
f 235 335 332
f 236 333 238
f 237 238 336
f 237 336 240
f 238 337 336
f 238 333 337
f 239 240 338
f 239 338 242
f 240 336 339
f 240 339 338
f 241 242 244
f 242 338 340
f 242 340 341
f 242 341 244
f 243 246 342
f 243 342 247
f 244 341 340
f 244 340 343
f 244 343 344
f 244 344 345
f 244 345 246
f 244 246 245
f 246 345 346
f 246 346 347
f 246 347 342
f 247 342 249
f 248 348 251
f 248 250 349
f 248 349 348
f 249 342 250
f 250 342 350
f 250 350 351
f 250 351 349
f 251 348 352
f 251 352 252
f 252 352 353
f 252 353 254
f 253 254 354
f 253 354 255
f 254 353 355
f 254 355 354
f 255 354 256
f 256 354 356
f 256 356 357
f 256 357 358
f 256 358 257
f 257 358 258
f 258 358 359
f 258 359 262
f 258 262 260
f 258 260 259
f 261 263 264
f 262 359 360
f 262 360 361
f 262 361 264
f 262 264 263
f 264 361 362
f 264 362 265
f 265 363 267
f 265 267 266
f 265 362 364
f 265 364 363
f 267 269 268
f 267 363 365
f 267 365 366
f 267 366 269
f 269 366 367
f 269 367 270
f 270 367 368
f 270 368 271
f 271 368 272
f 272 368 369
f 272 369 370
f 272 370 371
f 272 371 273
f 273 371 274
f 274 371 275
f 275 371 372
f 275 372 373
f 275 373 276
f 276 373 374
f 276 374 277
f 277 374 278
f 278 374 375
f 278 375 280
f 278 280 279
f 280 375 376
f 280 376 377
f 280 377 378
f 280 378 281
f 281 378 379
f 281 379 282
f 283 380 284
f 284 381 382
f 284 382 383
f 284 380 384
f 284 384 381
f 285 385 286
f 286 385 386
f 286 386 387
f 286 387 388
f 286 388 287
f 287 388 288
f 288 388 389
f 288 389 390
f 288 390 289
f 289 391 290
f 289 390 392
f 289 392 391
f 290 391 293
f 291 393 292
f 291 293 394
f 291 394 393
f 292 393 395
f 292 395 294
f 293 396 394
f 293 391 525
f 293 525 396
f 294 395 397
f 294 397 398
f 294 398 399
f 294 399 295
f 295 399 296
f 296 398 400
f 296 400 297
f 296 399 398
f 297 400 401
f 297 401 402
f 297 402 298
f 298 402 299
f 299 402 300
f 300 402 403
f 300 403 301
f 301 403 404
f 301 404 405
f 301 405 302
f 302 405 303
f 303 406 407
f 303 407 304
f 303 405 406
f 304 407 408
f 304 408 305
f 305 408 409
f 305 409 306
f 306 409 410
f 306 410 307
f 307 410 310
f 308 411 412
f 308 412 309
f 308 310 411
f 309 413 311
f 309 412 413
f 310 410 414
f 310 414 411
f 311 413 415
f 311 415 313
f 311 313 312
f 313 415 416
f 313 416 417
f 313 417 418
f 313 418 314
f 314 418 315
f 315 419 420
f 315 420 317
f 315 317 316
f 315 418 419
f 317 421 318
f 317 420 422
f 317 422 423
f 317 423 424
f 317 424 421
f 318 421 425
f 318 425 319
f 319 425 322
f 320 321 426
f 320 426 323
f 321 322 426
f 322 427 426
f 322 425 428
f 322 428 427
f 323 426 429
f 323 429 430
f 323 430 324
f 324 430 327
f 325 431 326
f 325 327 432
f 325 432 431
f 326 431 328
f 327 430 433
f 327 433 432
f 328 434 329
f 328 431 435
f 328 435 434
f 329 434 331
f 330 331 334
f 331 434 436
f 331 436 437
f 331 437 334
f 332 335 334
f 332 334 438
f 332 438 439
f 332 439 440
f 332 440 333
f 333 440 337
f 334 437 441
f 334 441 438
f 336 337 442
f 336 442 339
f 337 443 442
f 337 440 443
f 338 339 444
f 338 444 340
f 339 442 445
f 339 445 444
f 340 444 446
f 340 446 343
f 342 347 350
f 343 446 447
f 343 447 344
f 344 447 448
f 344 448 345
f 345 448 346
f 346 448 449
f 346 449 347
f 347 450 351
f 347 351 350
f 347 449 451
f 347 451 452
f 347 452 450
f 348 349 453
f 348 453 352
f 349 351 453
f 351 454 453
f 351 450 455
f 351 455 454
f 352 453 456
f 352 456 353
f 353 456 355
f 354 355 356
f 355 456 457
f 355 457 458
f 355 458 356
f 356 458 459
f 356 459 357
f 357 460 358
f 357 459 461
f 357 461 460
f 358 460 359
f 359 460 462
f 359 462 360
f 360 463 361
f 360 462 464
f 360 464 463
f 361 463 362
f 362 463 465
f 362 465 364
f 363 364 466
f 363 466 365
f 364 465 467
f 364 467 466
f 365 468 366
f 365 466 469
f 365 469 468
f 366 468 367
f 367 468 470
f 367 470 368
f 368 470 471
f 368 471 472
f 368 472 369
f 369 472 370
f 370 472 473
f 370 473 474
f 370 474 371
f 371 474 372
f 372 474 475
f 372 475 476
f 372 476 373
f 373 476 374
f 374 476 477
f 374 477 376
f 374 376 375
f 376 477 478
f 376 478 479
f 376 479 377
f 377 480 378
f 377 479 481
f 377 481 480
f 378 480 482
f 378 482 379
f 381 384 483
f 381 483 484
f 381 484 382
f 382 485 383
f 382 484 485
f 383 485 486
f 384 487 488
f 384 488 489
f 384 489 490
f 384 490 491
f 384 491 492
f 384 492 493
f 384 493 494
f 384 494 495
f 384 495 496
f 384 496 497
f 384 497 498
f 384 498 499
f 384 499 500
f 384 500 501
f 384 501 502
f 384 502 503
f 384 503 504
f 384 504 505
f 384 505 506
f 384 506 507
f 384 507 508
f 384 508 509
f 384 509 510
f 384 510 511
f 384 511 512
f 384 512 513
f 384 513 514
f 384 514 515
f 384 515 516
f 384 516 517
f 384 517 518
f 384 518 483
f 386 519 520
f 386 520 387
f 387 520 521
f 387 521 388
f 388 521 389
f 389 521 522
f 389 522 523
f 389 523 390
f 390 523 524
f 390 524 392
f 391 392 526
f 391 526 525
f 392 524 527
f 392 527 526
f 393 528 531
f 393 531 395
f 393 394 529
f 393 529 528
f 394 396 530
f 394 530 529
f 395 531 533
f 395 533 397
f 396 525 532
f 396 532 530
f 397 533 398
f 398 533 534
f 398 534 400
f 400 534 535
f 400 535 401
f 401 536 402
f 401 535 537
f 401 537 538
f 401 538 539
f 401 539 536
f 402 536 403
f 403 536 539
f 403 539 404
f 404 539 540
f 404 540 405
f 405 540 406
f 406 541 407
f 406 540 542
f 406 542 541
f 407 543 408
f 407 541 543
f 408 544 409
f 408 543 544
f 409 545 410
f 409 544 545
f 410 545 414
f 411 414 546
f 411 546 412
f 412 546 547
f 412 547 413
f 413 547 548
f 413 548 415
f 414 549 546
f 414 545 550
f 414 550 549
f 415 548 416
f 416 551 552
f 416 552 417
f 416 548 551
f 417 552 418
f 418 552 419
f 419 422 420
f 419 552 422
f 421 424 553
f 421 553 554
f 421 554 425
f 422 555 424
f 422 424 423
f 422 552 556
f 422 556 557
f 422 557 555
f 424 555 558
f 424 558 553
f 425 554 428
f 426 427 559
f 426 559 429
f 427 428 560
f 427 560 559
f 428 554 561
f 428 561 560
f 429 562 430
f 429 559 563
f 429 563 562
f 430 562 433
f 431 432 564
f 431 564 435
f 432 433 565
f 432 565 564
f 433 562 566
f 433 566 565
f 434 435 567
f 434 567 436
f 435 564 568
f 435 568 567
f 436 567 569
f 436 569 570
f 436 570 437
f 437 570 441
f 438 441 571
f 438 571 572
f 438 572 439
f 439 572 573
f 439 573 440
f 440 573 443
f 441 570 574
f 441 574 571
f 442 443 575
f 442 575 445
f 443 573 576
f 443 576 575
f 444 445 577
f 444 577 446
f 445 575 578
f 445 578 577
f 446 577 579
f 446 579 447
f 447 579 580
f 447 580 448
f 448 580 449
f 449 581 582
f 449 582 583
f 449 583 451
f 449 580 579
f 449 579 584
f 449 584 585
f 449 585 581
f 450 452 455
f 451 583 582
f 451 582 452
f 452 586 455
f 452 582 587
f 452 587 586
f 453 454 588
f 453 588 456
f 454 455 589
f 454 589 588
f 455 586 589
f 456 588 590
f 456 590 457
f 457 590 591
f 457 591 458
f 458 591 592
f 458 592 459
f 459 592 593
f 459 593 461
f 460 461 594
f 460 594 462
f 461 593 595
f 461 595 594
f 462 594 596
f 462 596 464
f 463 464 597
f 463 597 465
f 464 596 598
f 464 598 597
f 465 599 467
f 465 597 599
f 466 467 469
f 467 599 600
f 467 600 601
f 467 601 469
f 468 469 602
f 468 602 470
f 469 601 602
f 470 602 603
f 470 603 471
f 471 603 472
f 472 603 604
f 472 604 605
f 472 605 473
f 473 606 474
f 473 605 606
f 474 606 475
f 475 606 476
f 476 606 607
f 476 607 478
f 476 478 477
f 478 607 608
f 478 608 609
f 478 609 610
f 478 610 479
f 479 610 481
f 480 481 611
f 480 611 482
f 481 610 612
f 481 612 611
f 482 611 613
f 483 518 614
f 483 614 484
f 484 614 615
f 484 615 616
f 484 616 485
f 485 617 618
f 485 618 486
f 485 616 619
f 485 619 617
f 487 620 748
f 487 748 621
f 487 621 488
f 488 621 622
f 488 622 623
f 488 623 489
f 489 623 490
f 490 623 491
f 491 624 625
f 491 625 626
f 491 626 492
f 491 623 627
f 491 627 628
f 491 628 624
f 492 626 493
f 493 626 494
f 494 626 625
f 494 625 629
f 494 629 495
f 495 630 496
f 495 629 630
f 496 630 497
f 497 631 498
f 497 630 631
f 498 631 499
f 499 632 633
f 499 633 500
f 499 631 634
f 499 634 632
f 500 633 635
f 500 635 501
f 501 635 636
f 501 636 502
f 502 636 503
f 503 636 637
f 503 637 504
f 504 637 505
f 505 637 638
f 505 638 506
f 506 638 639
f 506 639 507
f 507 639 508
f 508 639 640
f 508 640 509
f 509 640 641
f 509 641 510
f 510 641 511
f 511 641 512
f 512 641 642
f 512 642 643
f 512 643 513
f 513 643 644
f 513 644 514
f 514 644 645
f 514 645 515
f 515 645 516
f 516 646 614
f 516 614 517
f 516 645 646
f 517 614 518
f 519 647 520
f 520 647 648
f 520 648 521
f 521 648 522
f 522 648 649
f 522 649 650
f 522 650 523
f 523 650 651
f 523 651 524
f 524 651 652
f 524 652 527
f 525 526 653
f 525 653 532
f 526 527 654
f 526 654 653
f 527 655 654
f 527 652 655
f 528 656 531
f 528 529 657
f 528 657 656
f 529 530 658
f 529 658 657
f 530 532 658
f 531 656 659
f 531 659 660
f 531 660 533
f 532 661 658
f 532 653 661
f 533 662 663
f 533 663 534
f 533 660 662
f 534 663 664
f 534 664 535
f 535 664 537
f 537 665 666
f 537 666 538
f 537 664 665
f 538 666 542
f 538 542 540
f 538 540 539
f 541 667 543
f 541 542 668
f 541 668 667
f 542 666 668
f 543 669 670
f 543 670 544
f 543 667 669
f 544 670 550
f 544 550 545
f 546 549 671
f 546 671 672
f 546 672 673
f 546 673 547
f 547 674 548
f 547 673 674
f 548 674 675
f 548 675 551
f 549 676 671
f 549 550 676
f 550 670 677
f 550 677 676
f 551 678 552
f 551 675 679
f 551 679 678
f 552 678 556
f 553 558 680
f 553 680 681
f 553 681 561
f 553 561 554
f 555 682 558
f 555 557 682
f 556 678 683
f 556 683 557
f 557 683 684
f 557 684 682
f 558 682 685
f 558 685 680
f 559 560 686
f 559 686 563
f 560 561 687
f 560 687 686
f 561 681 687
f 562 563 688
f 562 688 566
f 563 686 688
f 564 565 689
f 564 689 568
f 565 566 690
f 565 690 689
f 566 688 691
f 566 691 690
f 567 568 692
f 567 692 569
f 568 693 692
f 568 689 693
f 569 694 570
f 569 692 694
f 570 694 574
f 571 574 572
f 572 695 576
f 572 576 573
f 572 574 696
f 572 696 697
f 572 697 695
f 574 694 696
f 575 576 698
f 575 698 578
f 576 695 699
f 576 699 698
f 577 578 700
f 577 700 579
f 578 698 701
f 578 701 700
f 579 700 702
f 579 702 703
f 579 703 584
f 581 704 582
f 581 585 705
f 581 705 704
f 582 704 587
f 584 703 585
f 585 703 706
f 585 706 705
f 586 587 707
f 586 707 708
f 586 708 589
f 587 704 709
f 587 709 707
f 588 589 590
f 589 708 710
f 589 710 590
f 590 710 711
f 590 711 591
f 591 711 712
f 591 712 592
f 592 712 713
f 592 713 593
f 593 713 714
f 593 714 595
f 594 595 715
f 594 715 596
f 595 714 716
f 595 716 715
f 596 715 717
f 596 717 598
f 597 598 718
f 597 718 599
f 598 717 719
f 598 719 718
f 599 718 720
f 599 720 600
f 600 721 601
f 600 720 722
f 600 722 721
f 601 721 723
f 601 723 602
f 602 723 603
f 603 723 724
f 603 724 725
f 603 725 604
f 604 725 726
f 604 726 605
f 605 727 606
f 605 726 728
f 605 728 727
f 606 727 607
f 607 727 608
f 608 727 729
f 608 729 730
f 608 730 609
f 609 730 731
f 609 731 610
f 610 731 732
f 610 732 612
f 611 612 733
f 611 733 734
f 611 734 613
f 612 732 735
f 612 735 733
f 614 646 615
f 615 646 736
f 615 736 737
f 615 737 738
f 615 738 619
f 615 619 616
f 617 619 739
f 617 739 740
f 617 740 741
f 617 741 742
f 617 742 618
f 619 738 860
f 619 860 739
f 620 743 744
f 620 744 745
f 620 745 746
f 620 746 747
f 620 747 748
f 621 747 749
f 621 749 750
f 621 750 751
f 621 751 622
f 621 748 747
f 622 628 627
f 622 627 623
f 622 751 750
f 622 750 628
f 624 628 752
f 624 752 625
f 625 753 629
f 625 752 753
f 628 750 754
f 628 754 878
f 628 878 1025
f 628 1025 881
f 628 881 752
f 629 753 755
f 629 755 756
f 629 756 630
f 630 756 759
f 630 759 634
f 630 634 631
f 632 757 758
f 632 758 633
f 632 634 759
f 632 759 760
f 632 760 757
f 633 758 635
f 635 758 761
f 635 761 636
f 636 762 637
f 636 761 762
f 637 762 763
f 637 763 638
f 638 763 764
f 638 764 765
f 638 765 639
f 639 765 640
f 640 765 766
f 640 766 641
f 641 766 767
f 641 767 768
f 641 768 642
f 642 768 769
f 642 769 643
f 643 769 644
f 644 770 645
f 644 769 771
f 644 771 770
f 645 770 646
f 646 770 736
f 647 772 648
f 648 772 773
f 648 773 649
f 649 774 650
f 649 773 775
f 649 775 774
f 650 774 776
f 650 776 651
f 651 776 652
f 652 777 655
f 652 776 778
f 652 778 779
f 652 779 777
f 653 654 780
f 653 780 661
f 654 655 781
f 654 781 780
f 655 777 782
f 655 782 781
f 656 783 784
f 656 784 659
f 656 657 785
f 656 785 783
f 657 658 786
f 657 786 785
f 658 661 787
f 658 787 786
f 659 784 788
f 659 788 662
f 659 662 660
f 661 780 789
f 661 789 787
f 662 790 791
f 662 791 663
f 662 788 792
f 662 792 790
f 663 791 793
f 663 793 664
f 664 793 794
f 664 794 665
f 665 794 795
f 665 795 666
f 666 795 668
f 667 668 796
f 667 796 797
f 667 797 669
f 668 795 796
f 669 797 798
f 669 798 670
f 670 798 677
f 671 676 799
f 671 799 800
f 671 800 672
f 672 800 801
f 672 801 673
f 673 801 674
f 674 802 803
f 674 803 679
f 674 679 675
f 674 801 804
f 674 804 802
f 676 677 805
f 676 805 799
f 677 798 805
f 678 803 683
f 678 679 803
f 680 806 681
f 680 685 806
f 681 806 807
f 681 807 687
f 682 684 685
f 683 803 684
f 684 803 808
f 684 808 809
f 684 809 685
f 685 810 806
f 685 809 811
f 685 811 810
f 686 812 688
f 686 687 813
f 686 813 812
f 687 807 813
f 688 812 814
f 688 814 691
f 689 690 815
f 689 815 693
f 690 691 816
f 690 816 815
f 691 814 816
f 692 817 694
f 692 693 818
f 692 818 817
f 693 815 818
f 694 819 696
f 694 817 820
f 694 820 819
f 695 697 821
f 695 821 699
f 696 819 822
f 696 822 697
f 697 822 821
f 698 699 701
f 699 821 823
f 699 823 701
f 700 701 702
f 701 823 824
f 701 824 702
f 702 824 703
f 703 825 706
f 703 824 826
f 703 826 825
f 704 705 709
f 705 706 827
f 705 827 828
f 705 828 829
f 705 829 709
f 706 825 830
f 706 830 827
f 707 709 831
f 707 831 708
f 708 832 711
f 708 711 710
f 708 831 832
f 709 829 833
f 709 833 834
f 709 834 831
f 711 832 835
f 711 835 712
f 712 835 713
f 713 835 836
f 713 836 714
f 714 836 837
f 714 837 716
f 715 716 717
f 716 837 838
f 716 838 839
f 716 839 840
f 716 840 717
f 717 840 719
f 718 719 720
f 719 840 841
f 719 841 842
f 719 842 843
f 719 843 720
f 720 843 722
f 721 844 723
f 721 722 844
f 722 843 845
f 722 845 846
f 722 846 844
f 723 844 724
f 724 844 847
f 724 847 725
f 725 847 848
f 725 848 726
f 726 848 728
f 727 728 729
f 728 848 849
f 728 849 850
f 728 850 729
f 729 850 851
f 729 851 730
f 730 851 852
f 730 852 731
f 731 852 732
f 732 852 853
f 732 853 854
f 732 854 735
f 733 855 734
f 733 735 856
f 733 856 857
f 733 857 855
f 735 854 858
f 735 858 856
f 736 770 737
f 737 859 860
f 737 860 738
f 737 770 861
f 737 861 862
f 737 862 859
f 739 863 864
f 739 864 740
f 739 860 995
f 739 995 863
f 740 864 741
f 741 864 865
f 743 866 744
f 743 867 868
f 743 868 869
f 743 869 870
f 743 870 866
f 744 866 745
f 745 866 871
f 745 871 746
f 746 871 875
f 746 875 872
f 746 872 749
f 746 749 747
f 749 873 874
f 749 874 750
f 749 872 875
f 749 875 876
f 749 876 873
f 750 877 878
f 750 878 754
f 750 874 879
f 750 879 880
f 750 880 877
f 752 881 753
f 753 881 1025
f 753 1025 882
f 753 882 883
f 753 883 755
f 755 883 756
f 756 884 760
f 756 760 759
f 756 883 885
f 756 885 884
f 757 886 758
f 757 760 886
f 758 886 887
f 758 887 761
f 760 888 886
f 760 884 889
f 760 889 890
f 760 890 888
f 761 887 891
f 761 891 892
f 761 892 762
f 762 893 763
f 762 892 1038
f 762 1038 893
f 763 893 894
f 763 894 764
f 764 894 895
f 764 895 765
f 765 896 766
f 765 895 896
f 766 897 767
f 766 896 897
f 767 897 898
f 767 898 899
f 767 899 768
f 768 899 769
f 769 900 771
f 769 899 901
f 769 901 900
f 770 771 900
f 770 900 861
f 772 902 773
f 773 902 903
f 773 903 775
f 774 775 904
f 774 904 905
f 774 905 776
f 775 903 906
f 775 906 904
f 776 905 778
f 777 779 907
f 777 907 782
f 778 905 908
f 778 908 779
f 779 908 909
f 779 909 910
f 779 910 907
f 780 781 911
f 780 911 789
f 781 782 912
f 781 912 911
f 782 907 913
f 782 913 912
f 783 914 916
f 783 916 784
f 783 785 915
f 783 915 914
f 784 916 921
f 784 921 792
f 784 792 788
f 785 786 917
f 785 917 915
f 786 787 918
f 786 918 917
f 787 789 919
f 787 919 918
f 789 911 920
f 789 920 919
f 790 792 921
f 790 921 922
f 790 922 923
f 790 923 791
f 791 923 924
f 791 924 793
f 793 924 925
f 793 925 794
f 794 925 926
f 794 926 927
f 794 927 795
f 795 927 928
f 795 928 796
f 796 928 929
f 796 929 797
f 797 929 930
f 797 930 798
f 798 930 805
f 799 805 931
f 799 931 932
f 799 932 933
f 799 933 800
f 800 933 804
f 800 804 801
f 802 804 934
f 802 934 808
f 802 808 803
f 804 935 934
f 804 933 935
f 805 930 931
f 806 936 807
f 806 810 937
f 806 937 936
f 807 936 938
f 807 938 939
f 807 939 813
f 808 940 941
f 808 941 809
f 808 934 940
f 809 941 811
f 810 942 937
f 810 811 942
f 811 941 943
f 811 943 944
f 811 944 942
f 812 813 814
f 813 939 814
f 814 939 945
f 814 945 946
f 814 946 816
f 815 947 818
f 815 816 947
f 816 946 948
f 816 948 949
f 816 949 950
f 816 950 947
f 817 818 820
f 818 947 951
f 818 951 952
f 818 952 820
f 819 820 822
f 820 952 953
f 820 953 822
f 821 954 955
f 821 955 956
f 821 956 823
f 821 822 954
f 822 953 957
f 822 957 954
f 823 958 959
f 823 959 824
f 823 956 958
f 824 959 960
f 824 960 826
f 825 826 961
f 825 961 962
f 825 962 830
f 826 960 961
f 827 830 963
f 827 963 828
f 828 964 833
f 828 833 829
f 828 963 965
f 828 965 964
f 830 962 963
f 831 834 966
f 831 966 967
f 831 967 835
f 831 835 832
f 833 968 966
f 833 966 834
f 833 964 969
f 833 969 968
f 835 967 836
f 836 967 970
f 836 970 971
f 836 971 837
f 837 971 838
f 838 971 972
f 838 972 839
f 839 973 840
f 839 972 974
f 839 974 975
f 839 975 973
f 840 973 841
f 841 973 976
f 841 976 842
f 842 977 843
f 842 976 978
f 842 978 977
f 843 977 845
f 844 846 847
f 845 977 979
f 845 979 980
f 845 980 846
f 846 980 981
f 846 981 847
f 847 981 848
f 848 981 982
f 848 982 849
f 849 982 983
f 849 983 850
f 850 983 984
f 850 984 985
f 850 985 851
f 851 985 986
f 851 986 852
f 852 986 853
f 853 986 987
f 853 987 988
f 853 988 854
f 854 988 858
f 856 989 857
f 856 858 990
f 856 990 989
f 858 991 990
f 858 988 992
f 858 992 1130
f 858 1130 991
f 859 862 993
f 859 993 994
f 859 994 860
f 860 994 995
f 861 900 996
f 861 996 862
f 862 996 997
f 862 997 993
f 863 995 998
f 863 998 999
f 863 999 864
f 864 999 1000
f 864 1000 1001
f 864 1001 1002
f 864 1002 865
f 866 870 868
f 866 868 1003
f 866 1003 1004
f 866 1004 1005
f 866 1005 1006
f 866 1006 875
f 866 875 871
f 867 1007 868
f 868 1008 1004
f 868 1004 1003
f 868 870 869
f 868 1007 1009
f 868 1009 1010
f 868 1010 1008
f 873 876 1011
f 873 1011 1151
f 873 1151 1012
f 873 1012 1152
f 873 1152 1013
f 873 1013 879
f 873 879 874
f 875 1014 1015
f 875 1015 876
f 875 1006 1005
f 875 1005 1014
f 876 1015 1016
f 876 1016 1017
f 876 1017 1018
f 876 1018 1011
f 877 1019 1020
f 877 1020 878
f 877 880 1021
f 877 1021 1022
f 877 1022 1023
f 877 1023 1019
f 878 1020 1024
f 878 1024 1025
f 879 1013 1026
f 879 1026 1164
f 879 1164 1027
f 879 1027 1021
f 879 1021 880
f 882 1028 1029
f 882 1029 1030
f 882 1030 885
f 882 885 883
f 882 1025 1024
f 882 1024 1028
f 884 885 889
f 885 1030 889
f 886 1031 891
f 886 891 887
f 886 888 1032
f 886 1032 1033
f 886 1033 1031
f 888 890 1032
f 889 1030 1034
f 889 1034 890
f 890 1034 1035
f 890 1035 1032
f 891 1031 1036
f 891 1036 1037
f 891 1037 1038
f 891 1038 892
f 893 1039 894
f 893 1038 1039
f 894 1039 1040
f 894 1040 895
f 895 1040 1041
f 895 1041 896
f 896 1042 897
f 896 1041 1042
f 897 1042 1043
f 897 1043 1044
f 897 1044 898
f 898 1044 899
f 899 1045 1046
f 899 1046 901
f 899 1044 1045
f 900 901 1046
f 900 1046 996
f 902 1047 903
f 903 1048 1049
f 903 1049 906
f 903 1047 1048
f 904 1050 905
f 904 906 1051
f 904 1051 1050
f 905 1050 908
f 906 1049 1052
f 906 1052 1051
f 907 910 913
f 908 1050 1053
f 908 1053 909
f 909 1053 1054
f 909 1054 1055
f 909 1055 910
f 910 1055 1056
f 910 1056 913
f 911 912 1057
f 911 1057 1058
f 911 1058 920
f 912 913 1057
f 913 1059 1057
f 913 1056 1060
f 913 1060 1059
f 914 1061 916
f 914 915 1061
f 915 1062 1061
f 915 917 1062
f 916 1061 1063
f 916 1063 1068
f 916 1068 921
f 917 918 1064
f 917 1064 1065
f 917 1065 1062
f 918 919 1064
f 919 920 1066
f 919 1066 1064
f 920 1058 1067
f 920 1067 1066
f 921 1068 922
f 922 1068 923
f 923 1068 1069
f 923 1069 1070
f 923 1070 924
f 924 1070 1071
f 924 1071 925
f 925 1071 926
f 926 1071 1072
f 926 1072 1073
f 926 1073 927
f 927 1073 928
f 928 1074 929
f 928 1073 1074
f 929 1075 1076
f 929 1076 930
f 929 1074 1075
f 930 1076 931
f 931 1077 1078
f 931 1078 932
f 931 1076 1077
f 932 1078 1079
f 932 1079 1080
f 932 1080 933
f 933 1080 935
f 934 1081 940
f 934 935 1081
f 935 1082 1081
f 935 1080 1082
f 936 937 1083
f 936 1083 1084
f 936 1084 1085
f 936 1085 938
f 937 942 1086
f 937 1086 1083
f 938 1085 939
f 939 1085 945
f 940 1081 1087
f 940 1087 1088
f 940 1088 941
f 941 1088 943
f 942 944 1086
f 943 1088 944
f 944 1088 1089
f 944 1089 1086
f 945 1090 948
f 945 948 946
f 945 1085 1091
f 945 1091 1090
f 947 950 951
f 948 1090 1092
f 948 1092 1093
f 948 1093 950
f 948 950 949
f 950 1093 1094
f 950 1094 1095
f 950 1095 1096
f 950 1096 951
f 951 1096 952
f 952 1097 953
f 952 1096 1097
f 953 1097 957
f 954 957 955
f 955 957 1098
f 955 1098 1099
f 955 1099 1100
f 955 1100 958
f 955 958 956
f 957 1097 1101
f 957 1101 1098
f 958 1102 960
f 958 960 959
f 958 1100 1102
f 960 1103 961
f 960 1102 1103
f 961 1103 1104
f 961 1104 962
f 962 1104 1105
f 962 1105 963
f 963 1105 965
f 964 965 969
f 965 1106 969
f 965 1105 1107
f 965 1107 1106
f 966 968 1108
f 966 1108 1109
f 966 1109 967
f 967 1109 970
f 968 969 1108
f 969 1106 1110
f 969 1110 1108
f 970 1109 971
f 971 1109 1111
f 971 1111 1112
f 971 1112 972
f 972 1112 974
f 973 975 1113
f 973 1113 976
f 974 1112 1114
f 974 1114 975
f 975 1114 1115
f 975 1115 1113
f 976 1113 978
f 977 978 979
f 978 1113 1116
f 978 1116 1117
f 978 1117 979
f 979 1118 980
f 979 1117 1119
f 979 1119 1118
f 980 1118 1120
f 980 1120 981
f 981 1120 1121
f 981 1121 982
f 982 1121 1122
f 982 1122 983
f 983 1122 1123
f 983 1123 984
f 984 1123 1124
f 984 1124 985
f 985 1124 1125
f 985 1125 1126
f 985 1126 986
f 986 1126 1127
f 986 1127 987
f 987 1127 988
f 988 1127 1128
f 988 1128 1129
f 988 1129 992
f 992 1129 1131
f 992 1131 1130
f 993 1132 1133
f 993 1133 994
f 993 997 1134
f 993 1134 1132
f 994 1133 995
f 995 1133 998
f 996 1046 997
f 997 1046 1135
f 997 1135 1136
f 997 1136 1134
f 998 1133 1137
f 998 1137 1138
f 998 1138 999
f 999 1138 1000
f 1000 1139 1140
f 1000 1140 1001
f 1000 1138 1139
f 1004 1008 1141
f 1004 1141 1142
f 1004 1142 1155
f 1004 1155 1143
f 1004 1143 1005
f 1005 1143 1014
f 1007 1144 1009
f 1008 1145 1141
f 1008 1010 1146
f 1008 1146 1145
f 1009 1147 1148
f 1009 1148 1010
f 1009 1144 1147
f 1010 1149 1150
f 1010 1150 1146
f 1010 1148 1149
f 1011 1018 1151
f 1012 1151 1165
f 1012 1165 1152
f 1013 1152 1026
f 1014 1143 1153
f 1014 1153 1015
f 1015 1154 1284
f 1015 1284 1157
f 1015 1157 1016
f 1015 1153 1155
f 1015 1155 1156
f 1015 1156 1283
f 1015 1283 1154
f 1016 1157 1158
f 1016 1158 1017
f 1017 1158 1151
f 1017 1151 1018
f 1019 1023 1159
f 1019 1159 1020
f 1020 1160 1163
f 1020 1163 1024
f 1020 1159 1161
f 1020 1161 1160
f 1021 1027 1162
f 1021 1162 1022
f 1022 1162 1023
f 1023 1162 1159
f 1024 1163 1167
f 1024 1167 1028
f 1026 1152 1165
f 1026 1165 1296
f 1026 1296 1164
f 1027 1166 1162
f 1027 1164 1166
f 1028 1167 1168
f 1028 1168 1029
f 1029 1168 1034
f 1029 1034 1030
f 1031 1033 1036
f 1032 1035 1169
f 1032 1169 1033
f 1033 1169 1170
f 1033 1170 1036
f 1034 1168 1171
f 1034 1171 1172
f 1034 1172 1035
f 1035 1172 1169
f 1036 1170 1173
f 1036 1173 1037
f 1037 1173 1174
f 1037 1174 1038
f 1038 1174 1175
f 1038 1175 1039
f 1039 1176 1040
f 1039 1175 1176
f 1040 1176 1177
f 1040 1177 1041
f 1041 1177 1178
f 1041 1178 1042
f 1042 1179 1043
f 1042 1178 1179
f 1043 1180 1044
f 1043 1179 1180
f 1044 1180 1181
f 1044 1181 1182
f 1044 1182 1045
f 1045 1182 1046
f 1046 1182 1135
f 1048 1183 1049
f 1049 1183 1184
f 1049 1184 1052
f 1050 1051 1185
f 1050 1185 1053
f 1051 1052 1186
f 1051 1186 1187
f 1051 1187 1185
f 1052 1184 1188
f 1052 1188 1189
f 1052 1189 1186
f 1053 1185 1190
f 1053 1190 1054
f 1054 1191 1055
f 1054 1190 1192
f 1054 1192 1191
f 1055 1191 1193
f 1055 1193 1056
f 1056 1193 1194
f 1056 1194 1060
f 1057 1195 1058
f 1057 1059 1196
f 1057 1196 1195
f 1058 1195 1067
f 1059 1060 1197
f 1059 1197 1196
f 1060 1194 1198
f 1060 1198 1197
f 1061 1199 1063
f 1061 1062 1200
f 1061 1200 1199
f 1062 1065 1201
f 1062 1201 1200
f 1063 1199 1202
f 1063 1202 1203
f 1063 1203 1068
f 1064 1204 1065
f 1064 1066 1205
f 1064 1205 1204
f 1065 1204 1201
f 1066 1067 1206
f 1066 1206 1205
f 1067 1195 1207
f 1067 1207 1206
f 1068 1203 1208
f 1068 1208 1209
f 1068 1209 1069
f 1069 1209 1210
f 1069 1210 1070
f 1070 1210 1211
f 1070 1211 1071
f 1071 1211 1212
f 1071 1212 1072
f 1072 1213 1214
f 1072 1214 1073
f 1072 1212 1213
f 1073 1214 1074
f 1074 1214 1215
f 1074 1215 1075
f 1075 1215 1216
f 1075 1216 1076
f 1076 1216 1077
f 1077 1217 1218
f 1077 1218 1078
f 1077 1216 1217
f 1078 1218 1079
f 1079 1218 1219
f 1079 1219 1080
f 1080 1219 1082
f 1081 1082 1220
f 1081 1220 1087
f 1082 1219 1220
f 1083 1221 1084
f 1083 1086 1222
f 1083 1222 1221
f 1084 1221 1085
f 1085 1221 1091
f 1086 1089 1223
f 1086 1223 1222
f 1087 1220 1224
f 1087 1224 1089
f 1087 1089 1088
f 1089 1224 1223
f 1090 1091 1092
f 1091 1221 1225
f 1091 1225 1092
f 1092 1094 1093
f 1092 1225 1226
f 1092 1226 1094
f 1094 1227 1228
f 1094 1228 1095
f 1094 1226 1227
f 1095 1228 1096
f 1096 1228 1229
f 1096 1229 1101
f 1096 1101 1097
f 1098 1101 1230
f 1098 1230 1099
f 1099 1230 1231
f 1099 1231 1232
f 1099 1232 1233
f 1099 1233 1100
f 1100 1233 1102
f 1101 1229 1230
f 1102 1233 1103
f 1103 1233 1234
f 1103 1234 1104
f 1104 1235 1105
f 1104 1234 1236
f 1104 1236 1235
f 1105 1235 1107
f 1106 1237 1110
f 1106 1107 1238
f 1106 1238 1237
f 1107 1235 1239
f 1107 1239 1240
f 1107 1240 1238
f 1108 1110 1241
f 1108 1241 1109
f 1109 1241 1111
f 1110 1242 1241
f 1110 1237 1242
f 1111 1241 1112
f 1112 1241 1243
f 1112 1243 1114
f 1113 1115 1244
f 1113 1244 1116
f 1114 1243 1115
f 1115 1243 1245
f 1115 1245 1246
f 1115 1246 1244
f 1116 1247 1117
f 1116 1244 1248
f 1116 1248 1247
f 1117 1247 1119
f 1118 1249 1120
f 1118 1119 1249
f 1119 1247 1250
f 1119 1250 1251
f 1119 1251 1249
f 1120 1249 1121
f 1121 1249 1252
f 1121 1252 1122
f 1122 1252 1253
f 1122 1253 1123
f 1123 1253 1124
f 1124 1253 1254
f 1124 1254 1125
f 1125 1254 1255
f 1125 1255 1126
f 1126 1255 1256
f 1126 1256 1127
f 1127 1256 1257
f 1127 1257 1258
f 1127 1258 1128
f 1128 1258 1129
f 1129 1258 1259
f 1129 1259 1260
f 1129 1260 1131
f 1132 1137 1133
f 1132 1134 1261
f 1132 1261 1137
f 1134 1136 1262
f 1134 1262 1263
f 1134 1263 1261
f 1135 1182 1136
f 1136 1182 1264
f 1136 1264 1262
f 1137 1261 1265
f 1137 1265 1266
f 1137 1266 1138
f 1138 1267 1268
f 1138 1268 1139
f 1138 1266 1269
f 1138 1269 1267
f 1139 1268 1140
f 1140 1268 1270
f 1141 1145 1271
f 1141 1271 1142
f 1142 1271 1286
f 1142 1286 1155
f 1143 1155 1153
f 1145 1146 1272
f 1145 1272 1273
f 1145 1273 1271
f 1146 1150 1274
f 1146 1274 1272
f 1147 1275 1148
f 1148 1275 1276
f 1148 1276 1277
f 1148 1277 1149
f 1149 1277 1278
f 1149 1278 1279
f 1149 1279 1150
f 1150 1279 1415
f 1150 1415 1274
f 1151 1280 1299
f 1151 1299 1165
f 1151 1158 1281
f 1151 1281 1282
f 1151 1282 1280
f 1154 1283 1287
f 1154 1287 1284
f 1155 1285 1156
f 1155 1286 1285
f 1156 1285 1287
f 1156 1287 1283
f 1157 1284 1423
f 1157 1423 1281
f 1157 1281 1158
f 1159 1162 1166
f 1159 1166 1288
f 1159 1288 1289
f 1159 1289 1290
f 1159 1290 1291
f 1159 1291 1161
f 1160 1292 1163
f 1160 1161 1294
f 1160 1294 1293
f 1160 1293 1292
f 1161 1291 1294
f 1163 1292 1295
f 1163 1295 1300
f 1163 1300 1167
f 1164 1296 1297
f 1164 1297 1439
f 1164 1439 1298
f 1164 1298 1166
f 1165 1299 1296
f 1166 1298 1288
f 1167 1300 1171
f 1167 1171 1168
f 1169 1172 1301
f 1169 1301 1445
f 1169 1445 1302
f 1169 1302 1170
f 1170 1302 1303
f 1170 1303 1173
f 1171 1300 1304
f 1171 1304 1301
f 1171 1301 1172
f 1173 1303 1305
f 1173 1305 1174
f 1174 1305 1306
f 1174 1306 1175
f 1175 1306 1307
f 1175 1307 1176
f 1176 1308 1309
f 1176 1309 1177
f 1176 1307 1310
f 1176 1310 1308
f 1177 1309 1178
f 1178 1309 1311
f 1178 1311 1179
f 1179 1312 1313
f 1179 1313 1180
f 1179 1311 1312
f 1180 1313 1181
f 1181 1313 1314
f 1181 1314 1264
f 1181 1264 1182
f 1184 1315 1189
f 1184 1189 1188
f 1185 1187 1190
f 1186 1189 1316
f 1186 1316 1187
f 1187 1317 1190
f 1187 1316 1318
f 1187 1318 1317
f 1189 1315 1319
f 1189 1319 1320
f 1189 1320 1316
f 1190 1317 1192
f 1191 1192 1321
f 1191 1321 1322
f 1191 1322 1193
f 1192 1317 1323
f 1192 1323 1321
f 1193 1322 1324
f 1193 1324 1194
f 1194 1325 1198
f 1194 1324 1326
f 1194 1326 1325
f 1195 1196 1327
f 1195 1327 1207
f 1196 1197 1327
f 1197 1198 1328
f 1197 1328 1327
f 1198 1325 1329
f 1198 1329 1328
f 1199 1330 1331
f 1199 1331 1202
f 1199 1200 1330
f 1200 1332 1330
f 1200 1201 1332
f 1201 1204 1333
f 1201 1333 1332
f 1202 1331 1334
f 1202 1334 1335
f 1202 1335 1208
f 1202 1208 1203
f 1204 1336 1333
f 1204 1205 1337
f 1204 1337 1336
f 1205 1206 1338
f 1205 1338 1337
f 1206 1207 1339
f 1206 1339 1338
f 1207 1327 1340
f 1207 1340 1341
f 1207 1341 1339
f 1208 1335 1342
f 1208 1342 1343
f 1208 1343 1209
f 1209 1343 1344
f 1209 1344 1210
f 1210 1344 1345
f 1210 1345 1211
f 1211 1345 1346
f 1211 1346 1212
f 1212 1346 1347
f 1212 1347 1348
f 1212 1348 1213
f 1213 1348 1349
f 1213 1349 1350
f 1213 1350 1214
f 1214 1350 1215
f 1215 1350 1351
f 1215 1351 1216
f 1216 1351 1217
f 1217 1351 1352
f 1217 1352 1353
f 1217 1353 1218
f 1218 1353 1354
f 1218 1354 1219
f 1219 1354 1220
f 1220 1354 1224
f 1221 1222 1355
f 1221 1355 1225
f 1222 1223 1356
f 1222 1356 1357
f 1222 1357 1355
f 1223 1224 1358
f 1223 1358 1359
f 1223 1359 1356
f 1224 1360 1358
f 1224 1354 1361
f 1224 1361 1360
f 1225 1362 1226
f 1225 1355 1362
f 1226 1362 1363
f 1226 1363 1364
f 1226 1364 1227
f 1227 1364 1365
f 1227 1365 1366
f 1227 1366 1367
f 1227 1367 1228
f 1228 1367 1368
f 1228 1368 1229
f 1229 1368 1230
f 1230 1368 1231
f 1231 1368 1369
f 1231 1369 1370
f 1231 1370 1232
f 1232 1371 1234
f 1232 1234 1233
f 1232 1370 1371
f 1234 1371 1236
f 1235 1236 1372
f 1235 1372 1373
f 1235 1373 1239
f 1236 1371 1374
f 1236 1374 1372
f 1237 1238 1375
f 1237 1375 1376
f 1237 1376 1242
f 1238 1240 1375
f 1239 1373 1240
f 1240 1373 1377
f 1240 1377 1378
f 1240 1378 1379
f 1240 1379 1375
f 1241 1242 1243
f 1242 1376 1380
f 1242 1380 1381
f 1242 1381 1243
f 1243 1381 1245
f 1244 1246 1382
f 1244 1382 1383
f 1244 1383 1248
f 1245 1381 1384
f 1245 1384 1385
f 1245 1385 1246
f 1246 1385 1382
f 1247 1248 1386
f 1247 1386 1387
f 1247 1387 1250
f 1248 1383 1386
f 1249 1251 1388
f 1249 1388 1253
f 1249 1253 1252
f 1250 1387 1389
f 1250 1389 1390
f 1250 1390 1251
f 1251 1390 1388
f 1253 1388 1391
f 1253 1391 1254
f 1254 1391 1392
f 1254 1392 1255
f 1255 1392 1393
f 1255 1393 1394
f 1255 1394 1256
f 1256 1394 1257
f 1257 1394 1395
f 1257 1395 1396
f 1257 1396 1258
f 1258 1396 1259
f 1259 1396 1397
f 1259 1397 1398
f 1259 1398 1260
f 1261 1263 1399
f 1261 1399 1265
f 1262 1264 1400
f 1262 1400 1401
f 1262 1401 1402
f 1262 1402 1263
f 1263 1402 1403
f 1263 1403 1399
f 1264 1314 1404
f 1264 1404 1400
f 1265 1405 1266
f 1265 1399 1405
f 1266 1405 1269
f 1267 1269 1406
f 1267 1406 1407
f 1267 1407 1268
f 1268 1407 1408
f 1268 1408 1409
f 1268 1409 1270
f 1269 1405 1406
f 1271 1273 1414
f 1271 1414 1286
f 1272 1410 1273
f 1272 1274 1416
f 1272 1416 1411
f 1272 1411 1410
f 1273 1410 1412
f 1273 1412 1413
f 1273 1413 1414
f 1274 1415 1562
f 1274 1562 1416
f 1276 1417 1418
f 1276 1418 1277
f 1277 1418 1278
f 1278 1418 1419
f 1278 1419 1279
f 1279 1419 1563
f 1279 1563 1415
f 1280 1420 1299
f 1280 1282 1421
f 1280 1421 1420
f 1281 1422 1421
f 1281 1421 1282
f 1281 1423 1422
f 1284 1287 1428
f 1284 1428 1423
f 1285 1424 1425
f 1285 1425 1426
f 1285 1426 1287
f 1285 1286 1414
f 1285 1414 1427
f 1285 1427 1424
f 1287 1426 1428
f 1288 1298 1429
f 1288 1429 1430
f 1288 1430 1289
f 1289 1430 1290
f 1290 1430 1431
f 1290 1431 1432
f 1290 1432 1433
f 1290 1433 1291
f 1291 1433 1434
f 1291 1434 1294
f 1292 1435 1295
f 1292 1293 1436
f 1292 1436 1435
f 1293 1294 1434
f 1293 1434 1436
f 1295 1435 1437
f 1295 1437 1300
f 1296 1299 1438
f 1296 1438 1297
f 1297 1438 1440
f 1297 1440 1441
f 1297 1441 1439
f 1298 1439 1441
f 1298 1441 1429
f 1299 1420 1442
f 1299 1442 1443
f 1299 1443 1438
f 1300 1437 1444
f 1300 1444 1304
f 1301 1304 1445
f 1302 1445 1446
f 1302 1446 1303
f 1303 1446 1447
f 1303 1447 1305
f 1304 1444 1448
f 1304 1448 1445
f 1305 1447 1449
f 1305 1449 1306
f 1306 1449 1450
f 1306 1450 1307
f 1307 1450 1310
f 1308 1310 1451
f 1308 1451 1452
f 1308 1452 1309
f 1309 1452 1311
f 1310 1450 1453
f 1310 1453 1454
f 1310 1454 1451
f 1311 1455 1312
f 1311 1452 1455
f 1312 1456 1313
f 1312 1455 1456
f 1313 1404 1314
f 1313 1456 1457
f 1313 1457 1404
f 1316 1320 1458
f 1316 1458 1318
f 1317 1318 1459
f 1317 1459 1323
f 1318 1458 1460
f 1318 1460 1459
f 1319 1461 1462
f 1319 1462 1320
f 1320 1462 1458
f 1321 1463 1322
f 1321 1323 1464
f 1321 1464 1463
f 1322 1463 1324
f 1323 1459 1465
f 1323 1465 1464
f 1324 1463 1466
f 1324 1466 1467
f 1324 1467 1326
f 1325 1326 1468
f 1325 1468 1329
f 1326 1469 1468
f 1326 1467 1469
f 1327 1328 1340
f 1328 1329 1470
f 1328 1470 1340
f 1329 1468 1471
f 1329 1471 1470
f 1330 1472 1331
f 1330 1332 1473
f 1330 1473 1472
f 1331 1474 1334
f 1331 1472 1474
f 1332 1333 1475
f 1332 1475 1473
f 1333 1336 1476
f 1333 1476 1475
f 1334 1474 1477
f 1334 1477 1342
f 1334 1342 1335
f 1336 1337 1478
f 1336 1478 1476
f 1337 1338 1479
f 1337 1479 1478
f 1338 1339 1480
f 1338 1480 1479
f 1339 1341 1481
f 1339 1481 1480
f 1340 1470 1482
f 1340 1482 1483
f 1340 1483 1484
f 1340 1484 1341
f 1341 1484 1481
f 1342 1477 1485
f 1342 1485 1486
f 1342 1486 1343
f 1343 1486 1487
f 1343 1487 1344
f 1344 1487 1488
f 1344 1488 1345
f 1345 1488 1489
f 1345 1489 1346
f 1346 1489 1490
f 1346 1490 1347
f 1347 1490 1491
f 1347 1491 1348
f 1348 1491 1492
f 1348 1492 1349
f 1349 1492 1493
f 1349 1493 1494
f 1349 1494 1350
f 1350 1494 1351
f 1351 1494 1352
f 1352 1495 1496
f 1352 1496 1353
f 1352 1494 1497
f 1352 1497 1495
f 1353 1496 1498
f 1353 1498 1354
f 1354 1498 1361
f 1355 1357 1499
f 1355 1499 1500
f 1355 1500 1362
f 1356 1501 1357
f 1356 1359 1502
f 1356 1502 1501
f 1357 1501 1502
f 1357 1502 1499
f 1358 1360 1503
f 1358 1503 1504
f 1358 1504 1359
f 1359 1504 1502
f 1360 1361 1505
f 1360 1505 1503
f 1361 1498 1506
f 1361 1506 1505
f 1362 1500 1363
f 1363 1507 1365
f 1363 1365 1364
f 1363 1500 1508
f 1363 1508 1507
f 1365 1507 1509
f 1365 1509 1510
f 1365 1510 1511
f 1365 1511 1366
f 1366 1511 1367
f 1367 1512 1369
f 1367 1369 1368
f 1367 1511 1512
f 1369 1512 1513
f 1369 1513 1370
f 1370 1513 1514
f 1370 1514 1371
f 1371 1514 1374
f 1372 1374 1515
f 1372 1515 1373
f 1373 1515 1516
f 1373 1516 1517
f 1373 1517 1377
f 1374 1514 1518
f 1374 1518 1515
f 1375 1519 1376
f 1375 1379 1519
f 1376 1519 1380
f 1377 1517 1378
f 1378 1520 1379
f 1378 1517 1521
f 1378 1521 1520
f 1379 1520 1519
f 1380 1522 1385
f 1380 1385 1381
f 1380 1519 1523
f 1380 1523 1524
f 1380 1524 1522
f 1381 1385 1384
f 1382 1385 1525
f 1382 1525 1383
f 1383 1526 1386
f 1383 1525 1527
f 1383 1527 1528
f 1383 1528 1526
f 1385 1522 1529
f 1385 1529 1525
f 1386 1526 1387
f 1387 1526 1530
f 1387 1530 1389
f 1388 1390 1531
f 1388 1531 1391
f 1389 1532 1531
f 1389 1531 1390
f 1389 1530 1533
f 1389 1533 1534
f 1389 1534 1532
f 1391 1531 1535
f 1391 1535 1392
f 1392 1535 1536
f 1392 1536 1537
f 1392 1537 1393
f 1393 1537 1538
f 1393 1538 1394
f 1394 1538 1539
f 1394 1539 1395
f 1395 1539 1540
f 1395 1540 1396
f 1396 1540 1541
f 1396 1541 1397
f 1397 1541 1542
f 1397 1542 1543
f 1397 1543 1544
f 1397 1544 1398
f 1399 1403 1545
f 1399 1545 1546
f 1399 1546 1405
f 1400 1404 1401
f 1401 1404 1547
f 1401 1547 1548
f 1401 1548 1549
f 1401 1549 1402
f 1402 1549 1403
f 1403 1549 1545
f 1404 1457 1550
f 1404 1550 1551
f 1404 1551 1547
f 1405 1552 1406
f 1405 1546 1552
f 1406 1552 1553
f 1406 1553 1554
f 1406 1554 1407
f 1407 1554 1408
f 1408 1554 1555
f 1410 1556 1557
f 1410 1557 1412
f 1410 1411 1558
f 1410 1558 1556
f 1411 1416 1559
f 1411 1559 1560
f 1411 1560 1558
f 1412 1557 1561
f 1412 1561 1413
f 1413 1561 1414
f 1414 1561 1427
f 1415 1563 1564
f 1415 1564 1707
f 1415 1707 1562
f 1416 1562 1559
f 1417 1565 1418
f 1418 1565 1566
f 1418 1566 1419
f 1419 1566 1567
f 1419 1567 1708
f 1419 1708 1563
f 1420 1568 1591
f 1420 1591 1442
f 1420 1421 1422
f 1420 1422 1569
f 1420 1569 1568
f 1422 1423 1428
f 1422 1428 1570
f 1422 1570 1571
f 1422 1571 1569
f 1424 1427 1572
f 1424 1572 1573
f 1424 1573 1425
f 1425 1573 1574
f 1425 1574 1575
f 1425 1575 1426
f 1426 1575 1428
f 1427 1561 1576
f 1427 1576 1572
f 1428 1575 1570
f 1429 1577 1430
f 1429 1441 1578
f 1429 1578 1579
f 1429 1579 1577
f 1430 1580 1431
f 1430 1577 1580
f 1431 1581 1432
f 1431 1580 1581
f 1432 1581 1582
f 1432 1582 1583
f 1432 1583 1584
f 1432 1584 1585
f 1432 1585 1433
f 1433 1585 1434
f 1434 1585 1586
f 1434 1586 1436
f 1435 1587 1437
f 1435 1436 1586
f 1435 1586 1587
f 1437 1587 1588
f 1437 1588 1444
f 1438 1443 1440
f 1440 1443 1441
f 1441 1443 1589
f 1441 1589 1590
f 1441 1590 1578
f 1442 1591 1592
f 1442 1592 1589
f 1442 1589 1443
f 1444 1588 1593
f 1444 1593 1448
f 1445 1448 1594
f 1445 1594 1446
f 1446 1594 1595
f 1446 1595 1447
f 1447 1595 1596
f 1447 1596 1449
f 1448 1593 1597
f 1448 1597 1594
f 1449 1596 1598
f 1449 1598 1450
f 1450 1598 1453
f 1451 1454 1599
f 1451 1599 1452
f 1452 1599 1600
f 1452 1600 1455
f 1453 1598 1601
f 1453 1601 1602
f 1453 1602 1454
f 1454 1603 1599
f 1454 1602 1603
f 1455 1600 1604
f 1455 1604 1605
f 1455 1605 1456
f 1456 1606 1457
f 1456 1605 1606
f 1457 1606 1550
f 1458 1462 1607
f 1458 1607 1460
f 1459 1460 1608
f 1459 1608 1465
f 1460 1607 1609
f 1460 1609 1608
f 1461 1610 1462
f 1462 1610 1611
f 1462 1611 1607
f 1463 1464 1612
f 1463 1612 1466
f 1464 1465 1613
f 1464 1613 1612
f 1465 1608 1614
f 1465 1614 1613
f 1466 1612 1615
f 1466 1615 1616
f 1466 1616 1467
f 1467 1616 1617
f 1467 1617 1469
f 1468 1469 1471
f 1469 1617 1618
f 1469 1618 1471
f 1470 1471 1619
f 1470 1619 1620
f 1470 1620 1482
f 1471 1618 1621
f 1471 1621 1619
f 1472 1622 1623
f 1472 1623 1474
f 1472 1473 1624
f 1472 1624 1622
f 1473 1475 1625
f 1473 1625 1624
f 1474 1623 1485
f 1474 1485 1477
f 1475 1476 1626
f 1475 1626 1625
f 1476 1478 1627
f 1476 1627 1626
f 1478 1479 1628
f 1478 1628 1627
f 1479 1480 1629
f 1479 1629 1628
f 1480 1481 1629
f 1481 1484 1630
f 1481 1630 1631
f 1481 1631 1629
f 1482 1620 1632
f 1482 1632 1483
f 1483 1632 1633
f 1483 1633 1484
f 1484 1633 1630
f 1485 1623 1486
f 1486 1634 1487
f 1486 1623 1635
f 1486 1635 1634
f 1487 1634 1636
f 1487 1636 1637
f 1487 1637 1488
f 1488 1637 1638
f 1488 1638 1489
f 1489 1638 1639
f 1489 1639 1490
f 1490 1639 1640
f 1490 1640 1491
f 1491 1640 1641
f 1491 1641 1492
f 1492 1641 1493
f 1493 1642 1497
f 1493 1497 1494
f 1493 1641 1642
f 1495 1643 1644
f 1495 1644 1496
f 1495 1497 1643
f 1496 1644 1506
f 1496 1506 1498
f 1497 1642 1645
f 1497 1645 1643
f 1499 1646 1647
f 1499 1647 1648
f 1499 1648 1508
f 1499 1508 1500
f 1499 1502 1646
f 1502 1504 1503
f 1502 1503 1649
f 1502 1649 1650
f 1502 1650 1646
f 1503 1651 1652
f 1503 1652 1649
f 1503 1505 1653
f 1503 1653 1651
f 1505 1506 1653
f 1506 1654 1653
f 1506 1644 1654
f 1507 1508 1655
f 1507 1655 1509
f 1508 1648 1655
f 1509 1656 1510
f 1509 1655 1657
f 1509 1657 1656
f 1510 1656 1658
f 1510 1658 1511
f 1511 1658 1659
f 1511 1659 1512
f 1512 1659 1513
f 1513 1660 1514
f 1513 1659 1660
f 1514 1660 1518
f 1515 1518 1661
f 1515 1661 1516
f 1516 1661 1662
f 1516 1662 1517
f 1517 1662 1663
f 1517 1663 1664
f 1517 1664 1521
f 1518 1660 1665
f 1518 1665 1661
f 1519 1520 1523
f 1520 1521 1666
f 1520 1666 1523
f 1521 1667 1668
f 1521 1668 1666
f 1521 1664 1667
f 1522 1524 1529
f 1523 1666 1524
f 1524 1666 1669
f 1524 1669 1529
f 1525 1529 1670
f 1525 1670 1527
f 1526 1528 1530
f 1527 1670 1671
f 1527 1671 1528
f 1528 1671 1672
f 1528 1672 1530
f 1529 1669 1670
f 1530 1672 1533
f 1531 1532 1673
f 1531 1673 1535
f 1532 1534 1673
f 1533 1672 1534
f 1534 1672 1674
f 1534 1674 1675
f 1534 1675 1673
f 1535 1673 1676
f 1535 1676 1536
f 1536 1676 1677
f 1536 1677 1537
f 1537 1677 1678
f 1537 1678 1538
f 1538 1678 1679
f 1538 1679 1539
f 1539 1679 1540
f 1540 1679 1680
f 1540 1680 1541
f 1541 1680 1681
f 1541 1681 1542
f 1542 1681 1682
f 1542 1682 1683
f 1542 1683 1543
f 1545 1549 1684
f 1545 1684 1685
f 1545 1685 1686
f 1545 1686 1687
f 1545 1687 1546
f 1546 1687 1552
f 1547 1551 1688
f 1547 1688 1689
f 1547 1689 1690
f 1547 1690 1548
f 1548 1691 1684
f 1548 1684 1549
f 1548 1690 1691
f 1550 1606 1688
f 1550 1688 1551
f 1552 1692 1553
f 1552 1687 1692
f 1553 1693 1694
f 1553 1694 1695
f 1553 1695 1554
f 1553 1692 1696
f 1553 1696 1693
f 1554 1695 1555
f 1555 1695 1694
f 1555 1694 1697
f 1556 1698 1699
f 1556 1699 1557
f 1556 1558 1698
f 1557 1699 1700
f 1557 1700 1701
f 1557 1701 1561
f 1558 1702 1698
f 1558 1560 1703
f 1558 1703 1702
f 1559 1562 1704
f 1559 1704 1560
f 1560 1704 1705
f 1560 1705 1703
f 1561 1701 1706
f 1561 1706 1576
f 1562 1707 1704
f 1563 1708 1564
f 1564 1708 1709
f 1564 1709 1707
f 1565 1710 1566
f 1566 1710 1711
f 1566 1711 1567
f 1567 1711 1708
f 1568 1712 1591
f 1568 1569 1712
f 1569 1571 1713
f 1569 1713 1712
f 1570 1575 1714
f 1570 1714 1571
f 1571 1715 1713
f 1571 1714 1716
f 1571 1716 1715
f 1572 1717 1573
f 1572 1576 1706
f 1572 1706 1718
f 1572 1718 1719
f 1572 1719 1717
f 1573 1720 1574
f 1573 1717 1720
f 1574 1714 1575
f 1574 1720 1858
f 1574 1858 1714
f 1577 1579 1721
f 1577 1721 1722
f 1577 1722 1580
f 1578 1723 1579
f 1578 1590 1732
f 1578 1732 1723
f 1579 1723 1721
f 1580 1722 1582
f 1580 1582 1581
f 1582 1722 1724
f 1582 1724 1725
f 1582 1725 1583
f 1583 1725 1726
f 1583 1726 1584
f 1584 1727 1585
f 1584 1726 1727
f 1585 1727 1728
f 1585 1728 1586
f 1586 1728 1729
f 1586 1729 1587
f 1587 1729 1588
f 1588 1729 1730
f 1588 1730 1593
f 1589 1592 1590
f 1590 1592 1731
f 1590 1731 1732
f 1591 1712 1733
f 1591 1733 1734
f 1591 1734 1731
f 1591 1731 1592
f 1593 1730 1735
f 1593 1735 1597
f 1594 1597 1736
f 1594 1736 1595
f 1595 1736 1737
f 1595 1737 1596
f 1596 1737 1738
f 1596 1738 1598
f 1597 1735 1739
f 1597 1739 1736
f 1598 1738 1601
f 1599 1603 1740
f 1599 1740 1600
f 1600 1740 1604
f 1601 1738 1741
f 1601 1741 1742
f 1601 1742 1602
f 1602 1742 1743
f 1602 1743 1603
f 1603 1744 1740
f 1603 1743 1744
f 1604 1745 1605
f 1604 1740 1746
f 1604 1746 1745
f 1605 1745 1747
f 1605 1747 1606
f 1606 1689 1688
f 1606 1747 1748
f 1606 1748 1689
f 1607 1611 1749
f 1607 1749 1609
f 1608 1609 1750
f 1608 1750 1614
f 1609 1749 1751
f 1609 1751 1750
f 1610 1752 1611
f 1611 1752 1753
f 1611 1753 1749
f 1612 1613 1754
f 1612 1754 1615
f 1613 1614 1755
f 1613 1755 1756
f 1613 1756 1754
f 1614 1750 1757
f 1614 1757 1755
f 1615 1754 1758
f 1615 1758 1759
f 1615 1759 1616
f 1616 1759 1760
f 1616 1760 1761
f 1616 1761 1617
f 1617 1761 1762
f 1617 1762 1763
f 1617 1763 1618
f 1618 1763 1621
f 1619 1764 1765
f 1619 1765 1620
f 1619 1621 1766
f 1619 1766 1767
f 1619 1767 1764
f 1620 1765 1632
f 1621 1763 1768
f 1621 1768 1766
f 1622 1769 1623
f 1622 1624 1770
f 1622 1770 1769
f 1623 1769 1771
f 1623 1771 1784
f 1623 1784 1635
f 1624 1625 1772
f 1624 1772 1770
f 1625 1626 1773
f 1625 1773 1774
f 1625 1774 1772
f 1626 1627 1775
f 1626 1775 1773
f 1627 1628 1776
f 1627 1776 1775
f 1628 1629 1777
f 1628 1777 1776
f 1629 1631 1778
f 1629 1778 1777
f 1630 1633 1779
f 1630 1779 1778
f 1630 1778 1631
f 1632 1765 1780
f 1632 1780 1781
f 1632 1781 1779
f 1632 1779 1633
f 1634 1635 1782
f 1634 1782 1783
f 1634 1783 1636
f 1635 1784 1782
f 1636 1783 1785
f 1636 1785 1637
f 1637 1785 1786
f 1637 1786 1638
f 1638 1786 1787
f 1638 1787 1788
f 1638 1788 1639
f 1639 1788 1789
f 1639 1789 1640
f 1640 1789 1790
f 1640 1790 1641
f 1641 1790 1791
f 1641 1791 1642
f 1642 1791 1645
f 1643 1792 1793
f 1643 1793 1644
f 1643 1645 1792
f 1644 1793 1654
f 1645 1791 1792
f 1646 1650 1647
f 1647 1794 1648
f 1647 1650 1795
f 1647 1795 1796
f 1647 1796 1794
f 1648 1794 1655
f 1649 1795 1650
f 1649 1652 1795
f 1651 1797 1795
f 1651 1795 1652
f 1651 1653 1654
f 1651 1654 1798
f 1651 1798 1797
f 1654 1793 1798
f 1655 1794 1657
f 1656 1657 1799
f 1656 1799 1800
f 1656 1800 1801
f 1656 1801 1658
f 1657 1794 1802
f 1657 1802 1803
f 1657 1803 1799
f 1658 1801 1804
f 1658 1804 1659
f 1659 1804 1660
f 1660 1804 1665
f 1661 1665 1805
f 1661 1805 1662
f 1662 1805 1806
f 1662 1806 1663
f 1663 1807 1808
f 1663 1808 1664
f 1663 1806 1809
f 1663 1809 1807
f 1664 1808 1667
f 1665 1804 1810
f 1665 1810 1805
f 1666 1668 1669
f 1667 1811 1812
f 1667 1812 1668
f 1667 1808 1811
f 1668 1812 1813
f 1668 1813 1669
f 1669 1813 1671
f 1669 1671 1670
f 1671 1813 1814
f 1671 1814 1672
f 1672 1814 1674
f 1673 1675 1676
f 1674 1815 1675
f 1674 1814 1816
f 1674 1816 1815
f 1675 1815 1817
f 1675 1817 1676
f 1676 1817 1677
f 1677 1817 1818
f 1677 1818 1678
f 1678 1818 1679
f 1679 1818 1819
f 1679 1819 1820
f 1679 1820 1680
f 1680 1820 1821
f 1680 1821 1681
f 1681 1821 1822
f 1681 1822 1682
f 1682 1822 1823
f 1682 1823 1824
f 1682 1824 1683
f 1684 1691 1685
f 1685 1691 1825
f 1685 1825 1826
f 1685 1826 1686
f 1686 1827 1828
f 1686 1828 1687
f 1686 1826 1827
f 1687 1828 1692
f 1689 1748 1829
f 1689 1829 1830
f 1689 1830 1690
f 1690 1830 1831
f 1690 1831 1832
f 1690 1832 1691
f 1691 1832 1825
f 1692 1828 1696
f 1693 1833 1834
f 1693 1834 1694
f 1693 1696 1835
f 1693 1835 1833
f 1694 1834 1836
f 1694 1836 1837
f 1694 1837 1838
f 1694 1838 1839
f 1694 1839 1697
f 1696 1828 1835
f 1698 1840 1841
f 1698 1841 1842
f 1698 1842 1699
f 1698 1702 1840
f 1699 1842 1700
f 1700 1842 1843
f 1700 1843 1844
f 1700 1844 1701
f 1701 1844 1718
f 1701 1718 1706
f 1702 1703 1847
f 1702 1847 1840
f 1703 1705 1845
f 1703 1845 1846
f 1703 1846 1847
f 1704 1707 1848
f 1704 1848 1705
f 1705 1848 1849
f 1705 1849 1845
f 1707 1709 1850
f 1707 1850 1851
f 1707 1851 1848
f 1708 1711 1852
f 1708 1852 1709
f 1709 1852 1986
f 1709 1986 1850
f 1710 1853 1711
f 1711 1853 1854
f 1711 1854 1855
f 1711 1855 1856
f 1711 1856 1852
f 1712 1771 1733
f 1712 1713 1857
f 1712 1857 1771
f 1713 1715 1782
f 1713 1782 1857
f 1714 1858 1716
f 1715 1716 1859
f 1715 1859 1782
f 1716 1858 1860
f 1716 1860 1859
f 1717 1719 1861
f 1717 1861 1862
f 1717 1862 1863
f 1717 1863 1720
f 1718 1844 1864
f 1718 1864 1865
f 1718 1865 1861
f 1718 1861 1719
f 1720 1863 1866
f 1720 1866 1858
f 1721 1867 1722
f 1721 1723 1868
f 1721 1868 1869
f 1721 1869 1867
f 1722 1867 1724
f 1723 1732 1870
f 1723 1870 1868
f 1724 1867 1871
f 1724 1871 1872
f 1724 1872 1725
f 1725 1873 1726
f 1725 1872 1873
f 1726 1873 1874
f 1726 1874 1727
f 1727 1875 1876
f 1727 1876 1728
f 1727 1874 1875
f 1728 1876 1877
f 1728 1877 1729
f 1729 1877 1730
f 1730 1877 1878
f 1730 1878 1735
f 1731 1734 1879
f 1731 1879 1732
f 1732 1879 1880
f 1732 1880 1870
f 1733 1771 1769
f 1733 1769 1881
f 1733 1881 1734
f 1734 1881 1882
f 1734 1882 1880
f 1734 1880 1879
f 1735 1878 1883
f 1735 1883 1739
f 1736 1739 1884
f 1736 1884 1737
f 1737 1884 1885
f 1737 1885 1738
f 1738 1885 1741
f 1739 1883 1886
f 1739 1886 1884
f 1740 1744 1746
f 1741 1885 1887
f 1741 1887 1888
f 1741 1888 1742
f 1742 1888 1889
f 1742 1889 1743
f 1743 1889 1890
f 1743 1890 1891
f 1743 1891 1744
f 1744 1892 1746
f 1744 1891 1892
f 1745 1893 1747
f 1745 1746 1892
f 1745 1892 1893
f 1747 1893 1894
f 1747 1894 1895
f 1747 1895 1748
f 1748 1895 1829
f 1749 1753 1896
f 1749 1896 1897
f 1749 1897 1898
f 1749 1898 1751
f 1750 1751 1899
f 1750 1899 1757
f 1751 1898 1900
f 1751 1900 1899
f 1754 1756 1758
f 1755 1757 1901
f 1755 1901 1756
f 1756 1901 1902
f 1756 1902 1903
f 1756 1903 1758
f 1757 1899 1904
f 1757 1904 1901
f 1758 1903 1905
f 1758 1905 1759
f 1759 1905 1906
f 1759 1906 1760
f 1760 1762 1761
f 1760 1906 1907
f 1760 1907 1762
f 1762 1768 1763
f 1762 1907 1768
f 1764 1767 1908
f 1764 1908 1909
f 1764 1909 1765
f 1765 1909 1780
f 1766 1910 1908
f 1766 1908 1767
f 1766 1768 1911
f 1766 1911 1912
f 1766 1912 1910
f 1768 1907 1913
f 1768 1913 1911
f 1769 1770 1881
f 1770 1772 1914
f 1770 1914 1915
f 1770 1915 1881
f 1771 1857 1784
f 1772 1774 1916
f 1772 1916 1914
f 1773 1775 1917
f 1773 1917 1918
f 1773 1918 1774
f 1774 1918 1916
f 1775 1776 1919
f 1775 1919 1917
f 1776 1777 1920
f 1776 1920 1919
f 1777 1778 1921
f 1777 1921 1920
f 1778 1779 1922
f 1778 1922 1921
f 1779 1781 1923
f 1779 1923 1922
f 1780 1923 1781
f 1780 1909 1923
f 1782 1784 1857
f 1782 1859 1783
f 1783 1859 1924
f 1783 1924 1925
f 1783 1925 1785
f 1785 1925 1926
f 1785 1926 1786
f 1786 1926 1927
f 1786 1927 1787
f 1787 1927 1928
f 1787 1928 1788
f 1788 1928 1929
f 1788 1929 1789
f 1789 1929 1930
f 1789 1930 1790
f 1790 1930 1931
f 1790 1931 1791
f 1791 1931 1932
f 1791 1932 1792
f 1792 1932 1798
f 1792 1798 1793
f 1794 1796 1802
f 1795 1797 1796
f 1796 1797 1933
f 1796 1933 1802
f 1797 1798 1934
f 1797 1934 1933
f 1798 1932 1934
f 1799 1803 1935
f 1799 1935 1800
f 1800 1935 1936
f 1800 1936 1937
f 1800 1937 1938
f 1800 1938 1801
f 1801 1938 1810
f 1801 1810 1804
f 1802 1933 1939
f 1802 1939 1803
f 1803 1939 1940
f 1803 1940 1935
f 1805 1810 1941
f 1805 1941 1806
f 1806 1941 1942
f 1806 1942 1809
f 1807 1943 1944
f 1807 1944 1808
f 1807 1809 1943
f 1808 1944 1811
f 1809 1945 1943
f 1809 1942 1946
f 1809 1946 1945
f 1810 1938 1941
f 1811 1947 1948
f 1811 1948 1812
f 1811 1944 1947
f 1812 1948 1949
f 1812 1949 1813
f 1813 1949 1814
f 1814 1949 1816
f 1815 1950 1817
f 1815 1816 1951
f 1815 1951 1950
f 1816 1949 1952
f 1816 1952 1951
f 1817 1950 1818
f 1818 1950 1953
f 1818 1953 1819
f 1819 1953 1954
f 1819 1954 1820
f 1820 1954 1955
f 1820 1955 1956
f 1820 1956 1821
f 1821 1956 1822
f 1822 1956 1957
f 1822 1957 1958
f 1822 1958 1823
f 1823 1958 1959
f 1823 1959 1960
f 1823 1960 1824
f 1825 1832 1961
f 1825 1961 1826
f 1826 1962 1963
f 1826 1963 1827
f 1826 1961 1962
f 1827 1835 1828
f 1827 1963 1835
f 1829 1964 1830
f 1829 1895 1965
f 1829 1965 1964
f 1830 1964 1831
f 1831 1964 1966
f 1831 1966 1967
f 1831 1967 1832
f 1832 1968 1961
f 1832 1967 1968
f 1833 1969 1970
f 1833 1970 1834
f 1833 1835 1971
f 1833 1971 1972
f 1833 1972 1969
f 1834 1970 1836
f 1835 1963 1971
f 1836 1970 1837
f 1837 1970 1973
f 1837 1973 1974
f 1840 1975 1976
f 1840 1976 1841
f 1840 1847 1975
f 1841 1976 1842
f 1842 1976 1977
f 1842 1977 1979
f 1842 1979 1843
f 1843 1978 1844
f 1843 1979 1978
f 1844 1978 1864
f 1845 1980 1846
f 1845 1849 1981
f 1845 1981 1980
f 1846 1980 1982
f 1846 1982 1983
f 1846 1983 1975
f 1846 1975 1847
f 1848 1851 1984
f 1848 1984 1849
f 1849 1984 1985
f 1849 1985 1981
f 1850 1986 1851
f 1851 1986 1987
f 1851 1987 1988
f 1851 1988 1984
f 1852 1856 1986
f 1854 1989 1855
f 1855 1989 1990
f 1855 1990 1959
f 1855 1959 1856
f 1856 1991 1986
f 1856 1959 1958
f 1856 1958 1991
f 1858 1866 1860
f 1859 1860 1992
f 1859 1992 1924
f 1860 1866 1992
f 1861 1993 1862
f 1861 1865 1994
f 1861 1994 1993
f 1862 1995 1866
f 1862 1866 1863
f 1862 1993 1995
f 1864 1978 1996
f 1864 1996 1997
f 1864 1997 1865
f 1865 1997 1994
f 1866 1995 1992
f 1867 1869 1998
f 1867 1998 1871
f 1868 1870 1869
f 1869 1870 1999
f 1869 1999 2000
f 1869 2000 1998
f 1870 1880 2010
f 1870 2010 1999
f 1871 2001 1872
f 1871 1998 2002
f 1871 2002 2001
f 1872 2001 2003
f 1872 2003 1873
f 1873 2003 2004
f 1873 2004 1874
f 1874 2004 1875
f 1875 2005 2006
f 1875 2006 1876
f 1875 2004 2007
f 1875 2007 2005
f 1876 2006 2008
f 1876 2008 1877
f 1877 2008 2009
f 1877 2009 1878
f 1878 2009 1883
f 1880 1882 2010
f 1881 1915 2011
f 1881 2011 1882
f 1882 2011 2010
f 1883 2009 2012
f 1883 2012 1886
f 1884 1886 2013
f 1884 2013 1885
f 1885 2013 1887
f 1886 2012 2014
f 1886 2014 2013
f 1887 2013 2015
f 1887 2015 2016
f 1887 2016 1888
f 1888 2016 2017
f 1888 2017 1889
f 1889 2017 2018
f 1889 2018 1890
f 1890 2019 2020
f 1890 2020 1891
f 1890 2018 2019
f 1891 2020 1892
f 1892 2020 2021
f 1892 2021 1894
f 1892 1894 1893
f 1894 2021 2022
f 1894 2022 2023
f 1894 2023 1965
f 1894 1965 1895
f 1897 2024 2025
f 1897 2025 1898
f 1898 2025 1900
f 1899 1900 1904
f 1900 2025 2026
f 1900 2026 2027
f 1900 2027 1904
f 1901 1904 2028
f 1901 2028 1902
f 1902 2029 1903
f 1902 2028 2030
f 1902 2030 2029
f 1903 2029 1905
f 1904 2027 2031
f 1904 2031 2028
f 1905 2029 2032
f 1905 2032 2033
f 1905 2033 1906
f 1906 2033 2034
f 1906 2034 1907
f 1907 2034 1913
f 1908 2035 1909
f 1908 1910 2036
f 1908 2036 2037
f 1908 2037 2038
f 1908 2038 2035
f 1909 2035 1923
f 1910 1912 2036
f 1911 1913 2039
f 1911 2039 2040
f 1911 2040 1912
f 1912 2040 2036
f 1913 2034 2041
f 1913 2041 2039
f 1914 1916 2042
f 1914 2042 2043
f 1914 2043 1915
f 1915 2043 2011
f 1916 1918 2044
f 1916 2044 2042
f 1917 1919 2045
f 1917 2045 2046
f 1917 2046 1918
f 1918 2046 2044
f 1919 1920 2047
f 1919 2047 2045
f 1920 1921 2048
f 1920 2048 2047
f 1921 1922 2049
f 1921 2049 2048
f 1922 1923 2050
f 1922 2050 2049
f 1923 2035 2051
f 1923 2051 2050
f 1924 1992 2052
f 1924 2052 1925
f 1925 2052 2053
f 1925 2053 1926
f 1926 2053 2054
f 1926 2054 1927
f 1927 2054 2055
f 1927 2055 1928
f 1928 2055 2056
f 1928 2056 1929
f 1929 2056 2057
f 1929 2057 1930
f 1930 2057 2058
f 1930 2058 1931
f 1931 2058 2059
f 1931 2059 1932
f 1932 2059 1934
f 1933 1934 2060
f 1933 2060 1939
f 1934 2059 2060
f 1935 1940 2061
f 1935 2061 1936
f 1936 2061 2062
f 1936 2062 1937
f 1937 2062 2063
f 1937 2063 2169
f 1937 2169 2064
f 1937 2064 1938
f 1938 2064 1941
f 1939 2060 2065
f 1939 2065 1940
f 1940 2065 2066
f 1940 2066 2061
f 1941 2064 1942
f 1942 2064 2067
f 1942 2067 1946
f 1943 2068 2069
f 1943 2069 1944
f 1943 1945 2068
f 1944 2069 1947
f 1945 1946 2072
f 1945 2072 2068
f 1946 2067 2070
f 1946 2070 2071
f 1946 2071 2072
f 1947 2073 2074
f 1947 2074 1948
f 1947 2069 2073
f 1948 2074 1952
f 1948 1952 1949
f 1950 1951 2075
f 1950 2075 1953
f 1951 1952 2076
f 1951 2076 2075
f 1952 2074 2076
f 1953 2075 2077
f 1953 2077 1954
f 1954 2077 2078
f 1954 2078 1955
f 1955 2078 2079
f 1955 2079 1956
f 1956 2079 2080
f 1956 2080 2081
f 1956 2081 1957
f 1957 2081 1958
f 1958 2081 1991
f 1959 1990 2082
f 1959 2082 1960
f 1961 1968 2083
f 1961 2083 1962
f 1962 2084 2085
f 1962 2085 1963
f 1962 2083 2084
f 1963 2085 1971
f 1964 1965 1966
f 1965 2086 1966
f 1965 2023 2086
f 1966 2086 2087
f 1966 2087 1967
f 1967 2088 2089
f 1967 2089 1968
f 1967 2087 2088
f 1968 2089 2083
f 1969 2090 1970
f 1969 1972 2091
f 1969 2091 2090
f 1970 2090 1973
f 1971 2085 1972
f 1972 2085 2092
f 1972 2092 2091
f 1973 2093 1974
f 1973 2090 2093
f 1975 2094 2095
f 1975 2095 2096
f 1975 2096 1976
f 1975 1983 2104
f 1975 2104 2094
f 1976 2096 2097
f 1976 2097 1977
f 1977 2097 1979
f 1978 1979 2098
f 1978 2098 1996
f 1979 2097 2099
f 1979 2099 2098
f 1980 2100 1982
f 1980 1981 2101
f 1980 2101 2100
f 1981 1985 2102
f 1981 2102 2101
f 1982 2100 2103
f 1982 2103 2104
f 1982 2104 1983
f 1984 1988 2105
f 1984 2105 1985
f 1985 2105 2106
f 1985 2106 2102
f 1986 1991 1987
f 1987 1991 2081
f 1987 2081 1988
f 1988 2081 2105
f 1992 1995 2107
f 1992 2107 2052
f 1993 1994 2108
f 1993 2108 2160
f 1993 2160 2107
f 1993 2107 1995
f 1994 1997 2109
f 1994 2109 2108
f 1996 2110 1997
f 1996 2098 2111
f 1996 2111 2110
f 1997 2110 2109
f 1998 2000 2112
f 1998 2112 2002
f 1999 2010 2000
f 2000 2010 2113
f 2000 2113 2112
f 2001 2002 2114
f 2001 2114 2115
f 2001 2115 2003
f 2002 2112 2116
f 2002 2116 2114
f 2003 2117 2004
f 2003 2115 2117
f 2004 2117 2007
f 2005 2007 2118
f 2005 2118 2119
f 2005 2119 2202
f 2005 2202 2120
f 2005 2120 2006
f 2006 2120 2121
f 2006 2121 2008
f 2007 2117 2118
f 2008 2121 2122
f 2008 2122 2009
f 2009 2122 2123
f 2009 2123 2012
f 2010 2011 2043
f 2010 2043 2113
f 2012 2123 2014
f 2013 2014 2015
f 2014 2123 2124
f 2014 2124 2015
f 2015 2124 2125
f 2015 2125 2016
f 2016 2125 2126
f 2016 2126 2017
f 2017 2126 2127
f 2017 2127 2018
f 2018 2128 2129
f 2018 2129 2019
f 2018 2127 2128
f 2019 2130 2020
f 2019 2129 2130
f 2020 2130 2022
f 2020 2022 2021
f 2022 2130 2131
f 2022 2131 2023
f 2023 2132 2086
f 2023 2131 2132
f 2024 2133 2025
f 2025 2133 2026
f 2026 2133 2134
f 2026 2134 2135
f 2026 2135 2027
f 2027 2135 2031
f 2028 2031 2136
f 2028 2136 2030
f 2029 2030 2137
f 2029 2137 2032
f 2030 2136 2137
f 2031 2135 2138
f 2031 2138 2136
f 2032 2137 2139
f 2032 2139 2033
f 2033 2139 2140
f 2033 2140 2141
f 2033 2141 2142
f 2033 2142 2034
f 2034 2142 2143
f 2034 2143 2041
f 2035 2038 2051
f 2036 2040 2144
f 2036 2144 2145
f 2036 2145 2146
f 2036 2146 2147
f 2036 2147 2037
f 2037 2147 2038
f 2038 2147 2051
f 2039 2041 2143
f 2039 2143 2148
f 2039 2148 2149
f 2039 2149 2040
f 2040 2149 2150
f 2040 2150 2144
f 2042 2044 2151
f 2042 2151 2152
f 2042 2152 2113
f 2042 2113 2043
f 2044 2046 2151
f 2045 2047 2153
f 2045 2153 2154
f 2045 2154 2046
f 2046 2154 2151
f 2047 2048 2155
f 2047 2155 2153
f 2048 2049 2156
f 2048 2156 2155
f 2049 2050 2157
f 2049 2157 2156
f 2050 2051 2158
f 2050 2158 2157
f 2051 2147 2159
f 2051 2159 2158
f 2052 2107 2160
f 2052 2160 2053
f 2053 2160 2161
f 2053 2161 2054
f 2054 2161 2055
f 2055 2161 2162
f 2055 2162 2056
f 2056 2162 2163
f 2056 2163 2057
f 2057 2163 2164
f 2057 2164 2058
f 2058 2164 2165
f 2058 2165 2059
f 2059 2165 2060
f 2060 2165 2065
f 2061 2066 2166
f 2061 2166 2062
f 2062 2166 2167
f 2062 2167 2063
f 2063 2167 2168
f 2063 2168 2169
f 2064 2169 2067
f 2065 2165 2170
f 2065 2170 2066
f 2066 2170 2171
f 2066 2171 2166
f 2067 2169 2172
f 2067 2172 2070
f 2068 2103 2173
f 2068 2173 2069
f 2068 2072 2103
f 2069 2173 2073
f 2070 2095 2094
f 2070 2094 2071
f 2070 2172 2096
f 2070 2096 2095
f 2071 2094 2104
f 2071 2104 2072
f 2072 2104 2103
f 2073 2174 2175
f 2073 2175 2074
f 2073 2173 2174
f 2074 2175 2076
f 2075 2076 2176
f 2075 2176 2077
f 2076 2175 2176
f 2077 2176 2177
f 2077 2177 2078
f 2078 2177 2106
f 2078 2106 2079
f 2079 2106 2105
f 2079 2105 2080
f 2080 2105 2081
f 2083 2089 2178
f 2083 2178 2084
f 2084 2179 2092
f 2084 2092 2085
f 2084 2178 2179
f 2086 2132 2180
f 2086 2180 2087
f 2087 2180 2181
f 2087 2181 2088
f 2088 2182 2089
f 2088 2181 2182
f 2089 2182 2183
f 2089 2183 2178
f 2090 2091 2184
f 2090 2184 2093
f 2091 2092 2185
f 2091 2185 2186
f 2091 2186 2187
f 2091 2187 2188
f 2091 2188 2184
f 2092 2179 2189
f 2092 2189 2186
f 2092 2186 2185
f 2093 2184 2190
f 2096 2172 2097
f 2097 2172 2099
f 2098 2099 2191
f 2098 2191 2111
f 2099 2172 2192
f 2099 2192 2191
f 2100 2173 2103
f 2100 2101 2174
f 2100 2174 2173
f 2101 2102 2193
f 2101 2193 2174
f 2102 2106 2177
f 2102 2177 2193
f 2108 2161 2160
f 2108 2109 2194
f 2108 2194 2161
f 2109 2110 2195
f 2109 2195 2194
f 2110 2111 2196
f 2110 2196 2195
f 2111 2191 2197
f 2111 2197 2196
f 2112 2151 2116
f 2112 2113 2152
f 2112 2152 2151
f 2114 2198 2115
f 2114 2116 2199
f 2114 2199 2198
f 2115 2198 2200
f 2115 2200 2117
f 2116 2151 2154
f 2116 2154 2199
f 2117 2200 2118
f 2118 2200 2201
f 2118 2201 2119
f 2119 2201 2203
f 2119 2203 2202
f 2120 2202 2204
f 2120 2204 2205
f 2120 2205 2121
f 2121 2205 2206
f 2121 2206 2122
f 2122 2206 2207
f 2122 2207 2123
f 2123 2207 2124
f 2124 2207 2208
f 2124 2208 2125
f 2125 2208 2209
f 2125 2209 2126
f 2126 2209 2210
f 2126 2210 2127
f 2127 2211 2212
f 2127 2212 2128
f 2127 2210 2211
f 2128 2213 2129
f 2128 2212 2213
f 2129 2213 2214
f 2129 2214 2130
f 2130 2214 2131
f 2131 2214 2215
f 2131 2215 2132
f 2132 2216 2217
f 2132 2217 2180
f 2132 2215 2218
f 2132 2218 2216
f 2133 2219 2134
f 2134 2220 2135
f 2134 2219 2221
f 2134 2221 2220
f 2135 2220 2222
f 2135 2222 2223
f 2135 2223 2138
f 2136 2138 2223
f 2136 2223 2224
f 2136 2224 2225
f 2136 2225 2137
f 2137 2225 2139
f 2139 2225 2226
f 2139 2226 2140
f 2140 2226 2227
f 2140 2227 2228
f 2140 2228 2141
f 2141 2143 2142
f 2141 2228 2229
f 2141 2229 2143
f 2143 2229 2148
f 2144 2150 2230
f 2144 2230 2145
f 2145 2230 2231
f 2145 2231 2146
f 2146 2159 2147
f 2146 2231 2159
f 2148 2229 2232
f 2148 2232 2233
f 2148 2233 2149
f 2149 2233 2234
f 2149 2234 2235
f 2149 2235 2150
f 2150 2235 2230
f 2153 2155 2236
f 2153 2236 2199
f 2153 2199 2154
f 2155 2156 2237
f 2155 2237 2236
f 2156 2157 2238
f 2156 2238 2237
f 2157 2158 2239
f 2157 2239 2238
f 2158 2159 2240
f 2158 2240 2239
f 2159 2231 2241
f 2159 2241 2240
f 2161 2194 2162
f 2162 2194 2242
f 2162 2242 2163
f 2163 2242 2243
f 2163 2243 2164
f 2164 2243 2170
f 2164 2170 2165
f 2166 2171 2244
f 2166 2244 2167
f 2167 2244 2197
f 2167 2197 2168
f 2168 2192 2169
f 2168 2197 2191
f 2168 2191 2192
f 2169 2192 2172
f 2170 2243 2171
f 2171 2243 2245
f 2171 2245 2244
f 2174 2193 2175
f 2175 2193 2176
f 2176 2193 2177
f 2178 2183 2246
f 2178 2246 2179
f 2179 2246 2247
f 2179 2247 2189
f 2180 2217 2181
f 2181 2217 2248
f 2181 2248 2182
f 2182 2249 2250
f 2182 2250 2183
f 2182 2248 2251
f 2182 2251 2249
f 2183 2250 2246
f 2184 2188 2252
f 2184 2252 2253
f 2184 2253 2190
f 2186 2189 2254
f 2186 2254 2255
f 2186 2255 2256
f 2186 2256 2257
f 2186 2257 2187
f 2187 2257 2188
f 2188 2257 2258
f 2188 2258 2252
f 2189 2247 2254
f 2194 2195 2242
f 2195 2196 2245
f 2195 2245 2242
f 2196 2197 2244
f 2196 2244 2245
f 2198 2199 2236
f 2198 2236 2259
f 2198 2259 2200
f 2200 2259 2201
f 2201 2259 2260
f 2201 2260 2203
f 2202 2203 2261
f 2202 2261 2262
f 2202 2262 2204
f 2203 2260 2263
f 2203 2263 2261
f 2204 2264 2265
f 2204 2265 2205
f 2204 2262 2264
f 2205 2265 2266
f 2205 2266 2206
f 2206 2266 2267
f 2206 2267 2207
f 2207 2267 2268
f 2207 2268 2208
f 2208 2268 2269
f 2208 2269 2209
f 2209 2269 2270
f 2209 2270 2210
f 2210 2271 2211
f 2210 2270 2271
f 2211 2272 2212
f 2211 2271 2272
f 2212 2272 2273
f 2212 2273 2213
f 2213 2273 2274
f 2213 2274 2214
f 2214 2274 2215
f 2215 2274 2275
f 2215 2275 2276
f 2215 2276 2218
f 2216 2277 2217
f 2216 2218 2278
f 2216 2278 2277
f 2217 2277 2248
f 2218 2279 2278
f 2218 2276 2279
f 2219 2280 2221
f 2220 2221 2281
f 2220 2281 2222
f 2221 2280 2282
f 2221 2282 2281
f 2222 2281 2283
f 2222 2283 2284
f 2222 2284 2223
f 2223 2284 2285
f 2223 2285 2286
f 2223 2286 2287
f 2223 2287 2224
f 2224 2287 2225
f 2225 2287 2226
f 2226 2287 2288
f 2226 2288 2289
f 2226 2289 2227
f 2227 2289 2228
f 2228 2290 2229
f 2228 2289 2291
f 2228 2291 2292
f 2228 2292 2290
f 2229 2290 2293
f 2229 2293 2232
f 2230 2235 2294
f 2230 2294 2295
f 2230 2295 2296
f 2230 2296 2231
f 2231 2296 2241
f 2232 2293 2233
f 2233 2293 2297
f 2233 2297 2234
f 2234 2297 2298
f 2234 2298 2299
f 2234 2299 2300
f 2234 2300 2301
f 2234 2301 2235
f 2235 2301 2294
f 2236 2237 2259
f 2237 2238 2260
f 2237 2260 2259
f 2238 2239 2263
f 2238 2263 2260
f 2239 2240 2302
f 2239 2302 2263
f 2240 2241 2303
f 2240 2303 2302
f 2241 2296 2304
f 2241 2304 2303
f 2242 2245 2243
f 2246 2250 2305
f 2246 2305 2247
f 2247 2305 2306
f 2247 2306 2254
f 2248 2277 2251
f 2249 2307 2250
f 2249 2251 2308
f 2249 2308 2309
f 2249 2309 2307
f 2250 2307 2305
f 2251 2277 2310
f 2251 2310 2308
f 2254 2306 2255
f 2255 2311 2256
f 2255 2306 2312
f 2255 2312 2311
f 2256 2313 2257
f 2256 2311 2313
f 2257 2313 2258
f 2258 2313 2314
f 2261 2303 2262
f 2261 2263 2302
f 2261 2302 2303
f 2262 2303 2315
f 2262 2315 2264
f 2264 2315 2316
f 2264 2316 2317
f 2264 2317 2265
f 2265 2317 2318
f 2265 2318 2266
f 2266 2319 2320
f 2266 2320 2267
f 2266 2318 2319
f 2267 2321 2322
f 2267 2322 2268
f 2267 2320 2321
f 2268 2323 2269
f 2268 2322 2323
f 2269 2324 2270
f 2269 2323 2324
f 2270 2324 2325
f 2270 2325 2271
f 2271 2325 2272
f 2272 2326 2327
f 2272 2327 2328
f 2272 2328 2273
f 2272 2325 2326
f 2273 2328 2275
f 2273 2275 2274
f 2275 2328 2276
f 2276 2329 2279
f 2276 2328 2327
f 2276 2327 2329
f 2277 2278 2310
f 2278 2279 2330
f 2278 2330 2310
f 2279 2329 2331
f 2279 2331 2332
f 2279 2332 2330
f 2281 2282 2333
f 2281 2333 2283
f 2282 2334 2335
f 2282 2335 2333
f 2283 2333 2336
f 2283 2336 2337
f 2283 2337 2284
f 2284 2337 2285
f 2285 2337 2338
f 2285 2338 2339
f 2285 2339 2287
f 2285 2287 2286
f 2287 2339 2340
f 2287 2340 2288
f 2288 2340 2289
f 2289 2340 2341
f 2289 2341 2291
f 2290 2292 2293
f 2291 2341 2342
f 2291 2342 2343
f 2291 2343 2292
f 2292 2343 2344
f 2292 2344 2293
f 2293 2344 2298
f 2293 2298 2297
f 2294 2301 2295
f 2295 2301 2345
f 2295 2345 2346
f 2295 2346 2304
f 2295 2304 2296
f 2298 2344 2347
f 2298 2347 2348
f 2298 2348 2299
f 2299 2348 2349
f 2299 2349 2350
f 2299 2350 2300
f 2300 2350 2351
f 2300 2351 2352
f 2300 2352 2301
f 2301 2352 2345
f 2303 2304 2315
f 2304 2346 2315
f 2305 2353 2306
f 2305 2307 2353
f 2306 2353 2312
f 2307 2309 2354
f 2307 2354 2353
f 2308 2355 2356
f 2308 2356 2309
f 2308 2310 2357
f 2308 2357 2358
f 2308 2358 2355
f 2309 2356 2354
f 2310 2330 2357
f 2311 2312 2359
f 2311 2359 2360
f 2311 2360 2361
f 2311 2361 2313
f 2312 2353 2362
f 2312 2362 2363
f 2312 2363 2364
f 2312 2364 2359
f 2313 2365 2314
f 2313 2361 2365
f 2315 2346 2316
f 2316 2346 2366
f 2316 2366 2367
f 2316 2367 2317
f 2317 2367 2368
f 2317 2368 2318
f 2318 2368 2319
f 2319 2368 2369
f 2319 2369 2370
f 2319 2370 2371
f 2319 2371 2372
f 2319 2372 2321
f 2319 2321 2320
f 2321 2372 2373
f 2321 2373 2374
f 2321 2374 2375
f 2321 2375 2322
f 2322 2375 2323
f 2323 2375 2376
f 2323 2376 2324
f 2324 2376 2377
f 2324 2377 2378
f 2324 2378 2325
f 2325 2378 2379
f 2325 2379 2380
f 2325 2380 2326
f 2326 2380 2327
f 2327 2380 2381
f 2327 2381 2329
f 2329 2382 2383
f 2329 2383 2331
f 2329 2381 2384
f 2329 2384 2382
f 2330 2332 2357
f 2331 2383 2332
f 2332 2383 2385
f 2332 2385 2358
f 2332 2358 2357
f 2333 2335 2336
f 2334 2386 2335
f 2335 2386 2387
f 2335 2387 2388
f 2335 2388 2336
f 2336 2388 2389
f 2336 2389 2337
f 2337 2389 2338
f 2338 2389 2390
f 2338 2390 2391
f 2338 2391 2339
f 2339 2391 2340
f 2340 2391 2392
f 2340 2392 2341
f 2341 2392 2393
f 2341 2393 2342
f 2342 2393 2394
f 2342 2394 2343
f 2343 2394 2395
f 2343 2395 2396
f 2343 2396 2347
f 2343 2347 2344
f 2345 2352 2366
f 2345 2366 2346
f 2347 2396 2348
f 2348 2396 2397
f 2348 2397 2398
f 2348 2398 2349
f 2349 2398 2350
f 2350 2398 2399
f 2350 2399 2400
f 2350 2400 2351
f 2351 2400 2401
f 2351 2401 2402
f 2351 2402 2352
f 2352 2402 2366
f 2353 2354 2403
f 2353 2403 2362
f 2354 2356 2403
f 2355 2404 2356
f 2355 2358 2405
f 2355 2405 2406
f 2355 2406 2404
f 2356 2404 2403
f 2358 2385 2405
f 2359 2364 2360
f 2360 2364 2407
f 2360 2407 2408
f 2360 2408 2361
f 2361 2408 2409
f 2361 2409 2365
f 2362 2410 2411
f 2362 2411 2363
f 2362 2403 2410
f 2363 2411 2364
f 2364 2411 2412
f 2364 2412 2407
f 2366 2402 2367
f 2367 2401 2413
f 2367 2413 2368
f 2367 2402 2401
f 2368 2413 2370
f 2368 2370 2369
f 2370 2413 2401
f 2370 2401 2414
f 2370 2414 2415
f 2370 2415 2371
f 2371 2415 2416
f 2371 2416 2373
f 2371 2373 2372
f 2373 2416 2417
f 2373 2417 2418
f 2373 2418 2374
f 2374 2418 2375
f 2375 2418 2419
f 2375 2419 2376
f 2376 2419 2420
f 2376 2420 2377
f 2377 2420 2421
f 2377 2421 2379
f 2377 2379 2378
f 2379 2421 2384
f 2379 2384 2381
f 2379 2381 2380
f 2382 2384 2422
f 2382 2422 2383
f 2383 2422 2423
f 2383 2423 2424
f 2383 2424 2385
f 2384 2425 2426
f 2384 2426 2422
f 2384 2421 2425
f 2385 2424 2405
f 2387 2427 2428
f 2387 2428 2388
f 2388 2428 2429
f 2388 2429 2389
f 2389 2429 2430
f 2389 2430 2390
f 2390 2430 2391
f 2391 2430 2392
f 2392 2430 2431
f 2392 2431 2432
f 2392 2432 2393
f 2393 2432 2394
f 2394 2432 2433
f 2394 2433 2395
f 2395 2433 2434
f 2395 2434 2396
f 2396 2434 2435
f 2396 2435 2436
f 2396 2436 2398
f 2396 2398 2397
f 2398 2436 2437
f 2398 2437 2438
f 2398 2438 2399
f 2399 2438 2400
f 2400 2438 2439
f 2400 2439 2414
f 2400 2414 2401
f 2403 2440 2410
f 2403 2404 2440
f 2404 2406 2441
f 2404 2441 2442
f 2404 2442 2440
f 2405 2424 2443
f 2405 2443 2444
f 2405 2444 2441
f 2405 2441 2406
f 2407 2445 2446
f 2407 2446 2408
f 2407 2412 2447
f 2407 2447 2445
f 2410 2440 2448
f 2410 2448 2411
f 2411 2448 2449
f 2411 2449 2412
f 2412 2449 2447
f 2414 2439 2450
f 2414 2450 2451
f 2414 2451 2415
f 2415 2452 2453
f 2415 2453 2416
f 2415 2451 2452
f 2416 2454 2455
f 2416 2455 2417
f 2416 2453 2454
f 2417 2456 2457
f 2417 2457 2458
f 2417 2458 2418
f 2417 2455 2456
f 2418 2458 2420
f 2418 2420 2419
f 2420 2458 2459
f 2420 2459 2421
f 2421 2459 2460
f 2421 2460 2425
f 2422 2426 2423
f 2423 2461 2443
f 2423 2443 2424
f 2423 2426 2461
f 2425 2462 2426
f 2425 2460 2462
f 2426 2462 2461
f 2427 2463 2428
f 2428 2463 2464
f 2428 2464 2429
f 2429 2465 2430
f 2429 2464 2465
f 2430 2465 2466
f 2430 2466 2431
f 2431 2466 2467
f 2431 2467 2432
f 2432 2467 2468
f 2432 2468 2433
f 2433 2468 2469
f 2433 2469 2434
f 2434 2469 2470
f 2434 2470 2435
f 2435 2470 2471
f 2435 2471 2436
f 2436 2471 2472
f 2436 2472 2473
f 2436 2473 2437
f 2437 2473 2438
f 2438 2473 2474
f 2438 2474 2450
f 2438 2450 2439
f 2440 2442 2475
f 2440 2475 2448
f 2441 2444 2476
f 2441 2476 2477
f 2441 2477 2478
f 2441 2478 2442
f 2442 2478 2475
f 2443 2461 2479
f 2443 2479 2480
f 2443 2480 2476
f 2443 2476 2444
f 2445 2447 2481
f 2447 2449 2482
f 2447 2482 2483
f 2447 2483 2481
f 2448 2475 2484
f 2448 2484 2485
f 2448 2485 2449
f 2449 2485 2486
f 2449 2486 2482
f 2450 2487 2488
f 2450 2488 2452
f 2450 2452 2451
f 2450 2474 2487
f 2452 2488 2489
f 2452 2489 2453
f 2453 2489 2454
f 2454 2489 2490
f 2454 2490 2491
f 2454 2491 2456
f 2454 2456 2455
f 2456 2491 2492
f 2456 2492 2493
f 2456 2493 2494
f 2456 2494 2457
f 2457 2494 2458
f 2458 2494 2495
f 2458 2495 2459
f 2459 2496 2460
f 2459 2495 2496
f 2460 2496 2462
f 2461 2462 2479
f 2462 2496 2497
f 2462 2497 2498
f 2462 2498 2479
f 2463 2499 2500
f 2463 2500 2464
f 2464 2500 2501
f 2464 2501 2465
f 2465 2501 2466
f 2466 2501 2502
f 2466 2502 2467
f 2467 2502 2503
f 2467 2503 2468
f 2468 2503 2504
f 2468 2504 2469
f 2469 2504 2505
f 2469 2505 2470
f 2470 2505 2506
f 2470 2506 2507
f 2470 2507 2471
f 2471 2507 2472
f 2472 2507 2508
f 2472 2508 2473
f 2473 2508 2509
f 2473 2509 2474
f 2474 2509 2487
f 2475 2478 2484
f 2476 2480 2510
f 2476 2510 2511
f 2476 2511 2477
f 2477 2511 2512
f 2477 2512 2478
f 2478 2512 2484
f 2479 2498 2480
f 2480 2498 2513
f 2480 2513 2510
f 2481 2483 2514
f 2482 2486 2515
f 2482 2515 2483
f 2483 2515 2516
f 2483 2516 2514
f 2484 2486 2485
f 2484 2512 2517
f 2484 2517 2486
f 2486 2517 2518
f 2486 2518 2515
f 2487 2509 2519
f 2487 2519 2488
f 2488 2519 2520
f 2488 2520 2489
f 2489 2520 2521
f 2489 2521 2490
f 2490 2521 2522
f 2490 2522 2491
f 2491 2522 2492
f 2492 2522 2523
f 2492 2523 2493
f 2493 2524 2494
f 2493 2523 2524
f 2494 2524 2525
f 2494 2525 2526
f 2494 2526 2496
f 2494 2496 2495
f 2496 2526 2525
f 2496 2525 2497
f 2497 2525 2498
f 2498 2527 2528
f 2498 2528 2513
f 2498 2525 2527
f 2499 2529 2530
f 2499 2530 2500
f 2500 2530 2501
f 2501 2530 2502
f 2502 2530 2531
f 2502 2531 2503
f 2503 2531 2532
f 2503 2532 2533
f 2503 2533 2504
f 2504 2533 2505
f 2505 2533 2534
f 2505 2534 2506
f 2506 2534 2535
f 2506 2535 2507
f 2507 2535 2536
f 2507 2536 2508
f 2508 2536 2509
f 2509 2536 2537
f 2509 2537 2519
f 2510 2513 2538
f 2510 2538 2539
f 2510 2539 2511
f 2511 2539 2540
f 2511 2540 2512
f 2512 2540 2517
f 2513 2528 2538
f 2514 2516 2541
f 2515 2518 2542
f 2515 2542 2516
f 2516 2542 2543
f 2516 2543 2541
f 2517 2540 2544
f 2517 2544 2518
f 2518 2545 2542
f 2518 2544 2546
f 2518 2546 2545
f 2519 2537 2547
f 2519 2547 2548
f 2519 2548 2521
f 2519 2521 2520
f 2521 2549 2550
f 2521 2550 2522
f 2521 2548 2549
f 2522 2551 2552
f 2522 2552 2523
f 2522 2550 2551
f 2523 2553 2554
f 2523 2554 2555
f 2523 2555 2524
f 2523 2552 2553
f 2524 2555 2525
f 2525 2555 2556
f 2525 2556 2527
f 2527 2557 2528
f 2527 2556 2557
f 2528 2557 2558
f 2528 2558 2538
f 2529 2559 2560
f 2529 2560 2530
f 2530 2560 2531
f 2531 2560 2561
f 2531 2561 2562
f 2531 2562 2532
f 2532 2562 2533
f 2533 2562 2563
f 2533 2563 2534
f 2534 2563 2564
f 2534 2564 2535
f 2535 2564 2565
f 2535 2565 2566
f 2535 2566 2536
f 2536 2566 2567
f 2536 2567 2547
f 2536 2547 2537
f 2538 2558 2539
f 2539 2568 2569
f 2539 2569 2540
f 2539 2558 2568
f 2540 2569 2544
f 2542 2545 2570
f 2542 2570 2543
f 2543 2570 2571
f 2544 2569 2546
f 2545 2546 2572
f 2545 2572 2570
f 2546 2573 2572
f 2546 2569 2574
f 2546 2574 2573
f 2547 2575 2576
f 2547 2576 2549
f 2547 2549 2548
f 2547 2567 2575
f 2549 2577 2578
f 2549 2578 2551
f 2549 2551 2550
f 2549 2576 2577
f 2551 2579 2580
f 2551 2580 2581
f 2551 2581 2582
f 2551 2582 2553
f 2551 2553 2552
f 2551 2578 2579
f 2553 2582 2581
f 2553 2581 2583
f 2553 2583 2554
f 2554 2583 2584
f 2554 2584 2555
f 2555 2584 2556
f 2556 2584 2585
f 2556 2585 2557
f 2557 2585 2586
f 2557 2586 2558
f 2558 2586 2587
f 2558 2587 2568
f 2559 2588 2589
f 2559 2589 2560
f 2560 2589 2561
f 2561 2589 2590
f 2561 2590 2562
f 2562 2590 2591
f 2562 2591 2563
f 2563 2591 2592
f 2563 2592 2564
f 2564 2592 2593
f 2564 2593 2565
f 2565 2593 2594
f 2565 2594 2566
f 2566 2594 2595
f 2566 2595 2575
f 2566 2575 2567
f 2568 2574 2569
f 2568 2587 2574
f 2570 2596 2571
f 2570 2572 2597
f 2570 2597 2596
f 2572 2573 2598
f 2572 2598 2597
f 2573 2574 2599
f 2573 2599 2600
f 2573 2600 2598
f 2574 2587 2599
f 2575 2595 2601
f 2575 2601 2602
f 2575 2602 2576
f 2576 2602 2577
f 2577 2602 2603
f 2577 2603 2604
f 2577 2604 2578
f 2578 2604 2579
f 2579 2604 2605
f 2579 2605 2580
f 2580 2605 2606
f 2580 2606 2607
f 2580 2607 2581
f 2581 2607 2608
f 2581 2608 2609
f 2581 2609 2583
f 2583 2609 2584
f 2584 2609 2585
f 2585 2609 2610
f 2585 2610 2586
f 2586 2611 2587
f 2586 2610 2611
f 2587 2611 2599
f 2588 2612 2590
f 2588 2590 2589
f 2590 2612 2613
f 2590 2613 2614
f 2590 2614 2591
f 2591 2614 2592
f 2592 2614 2615
f 2592 2615 2593
f 2593 2615 2616
f 2593 2616 2617
f 2593 2617 2594
f 2594 2617 2618
f 2594 2618 2601
f 2594 2601 2595
f 2596 2597 2619
f 2597 2620 2619
f 2597 2598 2620
f 2598 2600 2621
f 2598 2621 2622
f 2598 2622 2620
f 2599 2623 2600
f 2599 2611 2623
f 2600 2623 2621
f 2601 2618 2624
f 2601 2624 2625
f 2601 2625 2603
f 2601 2603 2602
f 2603 2625 2626
f 2603 2626 2627
f 2603 2627 2604
f 2604 2627 2605
f 2605 2627 2628
f 2605 2628 2606
f 2606 2629 2607
f 2606 2628 2630
f 2606 2630 2629
f 2607 2629 2631
f 2607 2631 2632
f 2607 2632 2608
f 2608 2632 2609
f 2609 2632 2610
f 2610 2632 2611
f 2611 2632 2633
f 2611 2633 2623
f 2612 2634 2613
f 2613 2634 2635
f 2613 2635 2614
f 2614 2635 2636
f 2614 2636 2615
f 2615 2636 2616
f 2616 2636 2637
f 2616 2637 2638
f 2616 2638 2639
f 2616 2639 2640
f 2616 2640 2617
f 2617 2640 2624
f 2617 2624 2618
f 2620 2622 2641
f 2621 2623 2642
f 2621 2642 2643
f 2621 2643 2644
f 2621 2644 2641
f 2621 2641 2622
f 2623 2633 2642
f 2624 2640 2639
f 2624 2639 2645
f 2624 2645 2625
f 2625 2645 2626
f 2626 2645 2646
f 2626 2646 2647
f 2626 2647 2627
f 2627 2647 2628
f 2628 2647 2648
f 2628 2648 2630
f 2629 2630 2649
f 2629 2649 2650
f 2629 2650 2651
f 2629 2651 2631
f 2630 2652 2649
f 2630 2648 2652
f 2631 2651 2632
f 2632 2651 2633
f 2633 2651 2642
f 2634 2653 2635
f 2635 2653 2654
f 2635 2654 2636
f 2636 2654 2637
f 2637 2655 2638
f 2638 2655 2656
f 2638 2656 2639
f 2639 2656 2657
f 2639 2657 2645
f 2642 2651 2658
f 2642 2658 2643
f 2643 2659 2660
f 2643 2660 2644
f 2643 2658 2659
f 2645 2657 2646
f 2646 2657 2661
f 2646 2661 2662
f 2646 2662 2647
f 2647 2662 2648
f 2648 2662 2663
f 2648 2663 2652
f 2649 2652 2664
f 2649 2664 2665
f 2649 2665 2650
f 2650 2665 2658
f 2650 2658 2651
f 2652 2666 2664
f 2652 2663 2666
f 2655 2667 2656
f 2656 2667 2668
f 2656 2668 2669
f 2656 2669 2657
f 2657 2669 2661
f 2658 2665 2670
f 2658 2670 2659
f 2661 2669 2671
f 2661 2671 2662
f 2662 2671 2672
f 2662 2672 2663
f 2663 2672 2666
f 2664 2673 2670
f 2664 2670 2665
f 2664 2666 2673
