v -0.00097930 -0.05255181 0.82831609
v -0.01316652 -0.05255181 0.82815361
v -0.01001883 -0.05915911 0.81857181
v -0.00097930 -0.05916935 0.81857181
v -0.00097930 -0.05255181 0.63586652
v -0.03003490 -0.05255181 0.82766640
v -0.03003490 -0.05895423 0.81824696
v -0.03003490 -0.06565373 0.80834031
v -0.01001883 -0.06583811 0.80866516
v -0.00097930 -0.07133908 0.80038249
v -0.00097930 -0.07255810 0.00281328
v -0.00106001 -0.05261327 -0.83080971
v -0.63342303 -0.05255181 0.00281328
v -0.05594283 -0.05255181 0.82620478
v -0.05005100 -0.05860594 0.81775975
v -0.05005100 -0.06531568 0.80785310
v -0.03003490 -0.07565175 0.79323661
v -0.01001883 -0.07583614 0.79356146
v -0.00097930 -0.07585663 0.79356146
v -0.00097930 -0.15666033 0.00281328
v -0.00106001 -0.06010155 -0.82009101
v -0.00662899 -0.06010155 -0.82009101
v -0.00905031 -0.05261327 -0.83064735
v -0.82543218 -0.05255181 0.00281328
v -0.07006708 -0.05255181 0.82506800
v -0.07006708 -0.05811423 0.81711018
v -0.07006708 -0.06483421 0.80704105
v -0.05005100 -0.07531370 0.79274940
v -0.03003490 -0.08217710 0.78316760
v -0.01001883 -0.08235124 0.78349245
v -0.00097930 -0.08236149 0.78349245
v -0.00097930 -0.15666033 0.04991062
v -0.00106001 -0.15670130 -0.34992960
v -0.00106001 -0.15669106 -0.36097312
v -0.00106001 -0.15660912 -0.44087622
v -0.00106001 -0.15659887 -0.44980845
v -0.00106001 -0.15657838 -0.46085197
v -0.00106001 -0.15653740 -0.48082775
v -0.00106001 -0.15651691 -0.48992240
v -0.00106001 -0.15644521 -0.50989819
v -0.00106001 -0.15637350 -0.52094173
v -0.00106001 -0.15630180 -0.52987397
v -0.00106001 -0.15600473 -0.54984975
v -0.00106001 -0.15568715 -0.56089318
v -0.00106001 -0.15542082 -0.56982553
v -0.00106001 -0.15482667 -0.58086896
v -0.00106001 -0.15433496 -0.58996367
v -0.00106001 -0.15240912 -0.60993946
v -0.00106001 -0.14935645 -0.62991524
v -0.00106001 -0.14491060 -0.64989102
v -0.00106001 -0.14116135 -0.66337061
v -0.00106001 -0.13778086 -0.67343962
v -0.00106001 -0.13431844 -0.68253434
v -0.00106001 -0.13147064 -0.68984246
v -0.00106001 -0.12719893 -0.69974923
v -0.00106001 -0.12367505 -0.70786941
v -0.00106001 -0.11902433 -0.71793854
v -0.00106001 -0.11305214 -0.72979403
v -0.00106001 -0.10402729 -0.74733377
v -0.00106001 -0.10104632 -0.75285554
v -0.00106001 -0.09858779 -0.75724041
v -0.00106001 -0.09461316 -0.76422381
v -0.00106001 -0.09136586 -0.76990795
v -0.00106001 -0.08279173 -0.78452444
v -0.00106001 -0.07664540 -0.79443109
v -0.01986545 -0.06000935 -0.81992865
v -0.01001883 -0.07663516 -0.79443109
v -0.01486143 -0.05261327 -0.83048499
v -0.82551289 -0.05255181 0.00995908
v -0.03019634 -0.05261327 -0.82999778
v -0.05005100 -0.05261327 -0.82886088
v -0.06619298 -0.05261327 -0.82772410
v -0.07006708 -0.05261327 -0.82739925
v -0.08354566 -0.05261327 -0.82609999
v -0.09008315 -0.05261327 -0.82545042
v -0.10017192 -0.05261327 -0.82415116
v -0.11066422 -0.05261327 -0.82268953
v -0.11865452 -0.05261327 -0.82155263
v -0.13003463 -0.05261327 -0.81976628
v -0.15005070 -0.05261327 -0.81603098
v -0.15432835 -0.05261327 -0.81521893
v -0.17079319 -0.05261327 -0.81164598
v -0.18766159 -0.05261327 -0.80774832
v -0.21026039 -0.05261327 -0.80190170
v -0.21744359 -0.05261327 -0.79979050
v -0.23011506 -0.05261327 -0.79605520
v -0.24932404 -0.05261327 -0.78988373
v -0.26336759 -0.05261327 -0.78501165
v -0.29008260 -0.05261327 -0.77526736
v -0.30832306 -0.05261327 -0.76812160
v -0.32987264 -0.05261327 -0.75870204
v -0.33519951 -0.05261327 -0.75626600
v -0.35134152 -0.05261327 -0.74863303
v -0.36175311 -0.05261327 -0.74343610
v -0.37547380 -0.05261327 -0.73645270
v -0.38895237 -0.05261327 -0.72930682
v -0.39040515 -0.05261327 -0.72849488
v -0.40089747 -0.05261327 -0.72248590
v -0.41090551 -0.05261327 -0.71663928
v -0.42163995 -0.05261327 -0.70998073
v -0.42680538 -0.05261327 -0.70673263
v -0.43632916 -0.05261327 -0.70056129
v -0.45093769 -0.05261327 -0.69049215
v -0.45279402 -0.05261327 -0.68919289
v -0.46175283 -0.05261327 -0.68269670
v -0.47829837 -0.05261327 -0.67051637
v -0.49048558 -0.05261327 -0.66125929
v -0.49589315 -0.05261327 -0.65703678
v -0.50759614 -0.05261327 -0.64777970
v -0.51816911 -0.05261327 -0.63900983
v -0.52858073 -0.05261327 -0.63007760
v -0.53971869 -0.05261327 -0.62017095
v -0.54900038 -0.05261327 -0.61156344
v -0.55037242 -0.05261327 -0.61026430
v -0.56046116 -0.05261327 -0.60052001
v -0.57054996 -0.05261327 -0.59061325
v -0.59040463 -0.05261327 -0.57047510
v -0.60880649 -0.05261327 -0.55082417
v -0.60969430 -0.05261327 -0.54984975
v -0.61937952 -0.05261327 -0.53864384
v -0.62817687 -0.05261327 -0.52841234
v -0.64625591 -0.05261327 -0.50616288
v -0.65101779 -0.05261327 -0.49999151
v -0.65440762 -0.05261327 -0.49544418
v -0.66368926 -0.05261327 -0.48293900
v -0.67329383 -0.05261327 -0.46962184
v -0.68063843 -0.05261327 -0.45890313
v -0.68798304 -0.05261327 -0.44802201
v -0.69605398 -0.05261327 -0.43519205
v -0.69920170 -0.05261327 -0.42999509
v -0.70372146 -0.05261327 -0.42236209
v -0.70912904 -0.05261327 -0.41294262
v -0.71106607 -0.05261327 -0.40953210
v -0.71808785 -0.05261327 -0.39621493
v -0.72462535 -0.05261327 -0.38338497
v -0.73148572 -0.05261327 -0.36974296
v -0.74084806 -0.05261327 -0.35009202
v -0.74431860 -0.05261327 -0.34262139
v -0.75045258 -0.05261327 -0.32914183
v -0.75876570 -0.05261327 -0.30981565
v -0.76691741 -0.05261327 -0.29000229
v -0.76780522 -0.05261327 -0.28772864
v -0.77240568 -0.05261327 -0.27554828
v -0.77410060 -0.05261327 -0.27100095
v -0.78152597 -0.05261327 -0.25037557
v -0.78822482 -0.05261327 -0.22991258
v -0.79379386 -0.05261327 -0.21123604
v -0.79799080 -0.05261327 -0.19613241
v -0.79968572 -0.05261327 -0.18963623
v -0.80267191 -0.05261327 -0.17794310
v -0.80460900 -0.05261327 -0.16998526
v -0.80904806 -0.05261327 -0.15000950
v -0.80920947 -0.05261327 -0.14919747
v -0.81259930 -0.05261327 -0.13149536
v -0.81542414 -0.05261327 -0.11444288
v -0.81615055 -0.05261327 -0.10989554
v -0.81897539 -0.05261327 -0.08991978
v -0.82042813 -0.05261327 -0.07773943
v -0.82131600 -0.05261327 -0.07026881
v -0.82317233 -0.05261327 -0.04996823
v -0.82446367 -0.05261327 -0.02999246
v -0.82519007 -0.05261327 -0.01001669
v -0.82535148 -0.05261327 0.00281328
v -0.09000245 -0.05255181 0.82311916
v -0.09000245 -0.05745862 0.81613576
v -0.09000245 -0.06417861 0.80606663
v -0.07006708 -0.07483224 0.79193747
v -0.05005100 -0.08183905 0.78268039
v -0.03003490 -0.09050537 0.76985037
v -0.01001883 -0.09087415 0.76985037
v -0.00097930 -0.09089464 0.76985037
v -0.00097930 -0.15663984 0.44991326
v -0.00106001 -0.15670130 -0.27002653
v -0.23011506 -0.15696764 -0.32995385
v -0.23011506 -0.15695740 -0.34992960
v -0.05005100 -0.15674227 -0.37006778
v -0.05005100 -0.15667057 -0.44980845
v -0.25005043 -0.15701887 0.02993485
v -0.05005100 -0.15658861 -0.48992240
v -0.03003490 -0.15647593 -0.50989819
v -0.05005100 -0.15649644 -0.50989819
v -0.03003490 -0.15633252 -0.52987397
v -0.03003490 -0.15603545 -0.54984975
v -0.01001883 -0.15543106 -0.56982553
v -0.01001883 -0.15433496 -0.58996367
v -0.01001883 -0.15241936 -0.60993946
v -0.01001883 -0.14935645 -0.62991524
v -0.01001883 -0.14491060 -0.64989102
v -0.01001883 -0.14116135 -0.66337061
v -0.01001883 -0.13778086 -0.67343962
v -0.01001883 -0.13147064 -0.68984246
v -0.01001883 -0.12367505 -0.70786941
v -0.01001883 -0.11901408 -0.71777606
v -0.01001883 -0.11304190 -0.72979403
v -0.01001883 -0.10402729 -0.74717140
v -0.01001883 -0.09858779 -0.75724041
v -0.01001883 -0.09134537 -0.76990795
v -0.01001883 -0.08278149 -0.78452444
v -0.05005100 -0.06604299 -0.80904758
v -0.05005100 -0.05946643 -0.81911659
v -0.03003490 -0.07640979 -0.79410625
v -0.03003490 -0.08257661 -0.78419960
v -0.81695759 -0.05811423 0.00995908
v -0.81687689 -0.05803228 0.02993485
v -0.82519007 -0.05255181 0.02993485
v -0.81703830 -0.05809375 0.00281328
v -0.07006708 -0.05897472 -0.81830454
v -0.09008315 -0.05827814 -0.81733012
v -0.11009926 -0.05738692 -0.81603098
v -0.13003463 -0.05631131 -0.81440687
v -0.15005070 -0.05504107 -0.81245804
v -0.16482064 -0.06069569 -0.80092728
v -0.17095461 -0.05472351 -0.80856037
v -0.17813779 -0.05973276 -0.79946566
v -0.19008288 -0.05878009 -0.79800403
v -0.21009897 -0.05702838 -0.79524314
v -0.23011506 -0.06163813 -0.78241313
v -0.24924333 -0.05371961 -0.78825974
v -0.24197944 -0.06042935 -0.78046429
v -0.25529659 -0.05895423 -0.77819061
v -0.27006650 -0.05723326 -0.77559221
v -0.29008260 -0.05483619 -0.77185690
v -0.30025208 -0.06005032 -0.76000130
v -0.31356922 -0.05825765 -0.75707805
v -0.33011478 -0.05594253 -0.75334275
v -0.34173703 -0.06051130 -0.74067521
v -0.34908164 -0.05345327 -0.74847054
v -0.35513487 -0.05849326 -0.73742712
v -0.37014693 -0.05614741 -0.73352933
v -0.38887167 -0.05323815 -0.72833240
v -0.39468279 -0.05821667 -0.71680164
v -0.41163188 -0.05627033 -0.70998073
v -0.41913792 -0.05972252 -0.69942439
v -0.42995307 -0.05773521 -0.69568908
v -0.44238243 -0.06093130 -0.68155992
v -0.45561886 -0.05833960 -0.67668772
v -0.47797555 -0.05924106 -0.65833604
v -0.48992062 -0.05685424 -0.65378869
v -0.49992865 -0.06002984 -0.63998425
v -0.51324582 -0.05718204 -0.63430011
v -0.52107465 -0.06051130 -0.62098300
v -0.54165572 -0.06081862 -0.60165679
v -0.55505359 -0.05777618 -0.59516060
v -0.56183326 -0.06090057 -0.58184338
v -0.57515037 -0.05775570 -0.57502246
v -0.58160722 -0.06081862 -0.56170523
v -0.59492433 -0.05766350 -0.55472183
v -0.60121977 -0.06066496 -0.54140472
v -0.61461759 -0.05732545 -0.53377163
v -0.62026727 -0.06021423 -0.52029204
v -0.63455296 -0.05722301 -0.50989819
v -0.63899201 -0.05954837 -0.49869224
v -0.65045285 -0.05650594 -0.49122164
v -0.65739393 -0.05867765 -0.47644281
v -0.66223651 -0.06126935 -0.46312565
v -0.67555368 -0.05759180 -0.45338136
v -0.67999268 -0.06005032 -0.44006419
v -0.69314849 -0.05619863 -0.42983270
v -0.69750679 -0.05863667 -0.41570348
v -0.70130014 -0.06081862 -0.40254870
v -0.71453661 -0.05676204 -0.39004356
v -0.71808785 -0.05889277 -0.37623915
v -0.72131622 -0.06086984 -0.36292198
v -0.73439127 -0.05663911 -0.34992960
v -0.73778111 -0.05871862 -0.33515078
v -0.74843478 -0.05387327 -0.32914183
v -0.75327742 -0.05597326 -0.30997807
v -0.75747430 -0.05849326 -0.29000229
v -0.75965351 -0.05981472 -0.27912119
v -0.76925802 -0.05557375 -0.27148816
v -0.76207483 -0.06135130 -0.26580399
v -0.77490771 -0.05685424 -0.24988835
v -0.77821684 -0.05893374 -0.22991258
v -0.77983105 -0.05994789 -0.21968108
v -0.78903198 -0.05556351 -0.21172325
v -0.78176808 -0.06116691 -0.20636390
v -0.79403597 -0.05626009 -0.18996103
v -0.79653800 -0.05786838 -0.16998526
v -0.79887855 -0.05932301 -0.15000950
v -0.79992783 -0.06000935 -0.13994041
v -0.80105776 -0.06075715 -0.12662323
v -0.81243789 -0.05506156 -0.10989554
v -0.81389064 -0.05600400 -0.08991978
v -0.81502056 -0.05678253 -0.06994400
v -0.81590843 -0.05738692 -0.04996823
v -0.81655407 -0.05780692 -0.02999246
v -0.81695759 -0.05804253 -0.01001669
v -0.10937285 -0.05255181 0.82084548
v -0.11001855 -0.05661863 0.81483650
v -0.11001855 -0.06335910 0.80492985
v -0.09000245 -0.07417663 0.79096305
v -0.09000245 -0.08072247 0.78089392
v -0.07006708 -0.08134735 0.78186834
v -0.07006708 -0.08891757 0.76985037
v -0.05005100 -0.08984976 0.76985037
v -0.05005100 -0.09802438 0.75653327
v -0.03003490 -0.09835218 0.75702047
v -0.01001883 -0.09853657 0.75734520
v -0.00097930 -0.09509463 0.76302946
v -0.23003435 -0.15693691 0.44991326
v -0.23003435 -0.15694717 0.42993748
v -0.25005043 -0.15701887 0.04991062
v -0.00097930 -0.15659887 0.48986480
v -0.05005100 -0.15669106 0.46988901
v -0.25005043 -0.15697789 -0.32995385
v -0.35013086 -0.15713155 0.02993485
v -0.44988844 -0.15720326 0.04991062
v -0.25005043 -0.15695740 -0.34992960
v -0.23011506 -0.15692668 -0.37006778
v -0.17006680 -0.15683448 -0.41001931
v -0.17006680 -0.15685496 -0.39004356
v -0.15005070 -0.15683448 -0.39004356
v -0.15005070 -0.15681399 -0.41001931
v -0.17006680 -0.15680374 -0.42983270
v -0.15005070 -0.15675253 -0.44980845
v -0.07006708 -0.15665008 -0.46994662
v -0.07006708 -0.15659887 -0.48992240
v -0.07006708 -0.15649644 -0.50989819
v -0.05005100 -0.15634277 -0.52987397
v -0.05005100 -0.15602520 -0.54984975
v -0.03003490 -0.15543106 -0.56982553
v -0.03003490 -0.15430424 -0.58996367
v -0.03003490 -0.15234765 -0.60993946
v -0.03003490 -0.14923352 -0.62991524
v -0.03003490 -0.14473645 -0.64989102
v -0.03003490 -0.14106914 -0.66304576
v -0.03003490 -0.13766818 -0.67311490
v -0.03003490 -0.13121454 -0.68984246
v -0.03003490 -0.12354188 -0.70754468
v -0.03003490 -0.11887067 -0.71761370
v -0.03003490 -0.11273459 -0.72979403
v -0.03003490 -0.10386339 -0.74700892
v -0.03003490 -0.09840340 -0.75691569
v -0.03003490 -0.09096634 -0.76990795
v -0.07006708 -0.06555129 -0.80823553
v -0.05005100 -0.07605127 -0.79345667
v -0.07006708 -0.07555956 -0.79280710
v -0.05005100 -0.08223856 -0.78355002
v -0.05005100 -0.09032098 -0.76990795
v -0.80703032 -0.06454739 0.00995908
v -0.80694962 -0.06446543 0.02993485
v -0.81655407 -0.05778643 0.04991062
v -0.82494795 -0.05255181 0.03740546
v -0.80703032 -0.06451666 0.00281328
v -0.80694962 -0.06447569 -0.01001669
v -0.09008315 -0.06486495 -0.80726111
v -0.11009926 -0.06398398 -0.80596185
v -0.13003463 -0.06293910 -0.80433774
v -0.15005070 -0.06169959 -0.80238891
v -0.15005070 -0.06977177 -0.78988373
v -0.17095461 -0.06580739 -0.79167020
v -0.19008288 -0.06524397 -0.78793490
v -0.21009897 -0.06354348 -0.78533649
v -0.23011506 -0.06949518 -0.76990795
v -0.24924333 -0.06490593 -0.77088249
v -0.27006650 -0.06360495 -0.76552308
v -0.26934013 -0.07427907 -0.74847054
v -0.29008260 -0.06857324 -0.74993229
v -0.29008260 -0.07732150 -0.73531580
v -0.30816165 -0.06391227 -0.75025702
v -0.33011478 -0.06217081 -0.74343610
v -0.33011478 -0.07021225 -0.72979403
v -0.33011478 -0.07805906 -0.71647692
v -0.34908164 -0.06448592 -0.73028123
v -0.37014693 -0.06220154 -0.72346032
v -0.38136563 -0.06042935 -0.72053695
v -0.38887167 -0.06402496 -0.70998073
v -0.40598220 -0.06206837 -0.70348454
v -0.41163188 -0.06661665 -0.69162893
v -0.42995307 -0.06319520 -0.68578243
v -0.42809674 -0.07318297 -0.66791785
v -0.43350431 -0.07772101 -0.65525031
v -0.44932348 -0.06430154 -0.67002916
v -0.46457767 -0.06187373 -0.66337061
v -0.47071162 -0.06579714 -0.65102780
v -0.45586097 -0.07852004 -0.63673615
v -0.48992062 -0.06878835 -0.62991524
v -0.49912155 -0.07970832 -0.59922075
v -0.50985599 -0.07034542 -0.60993946
v -0.52793503 -0.07300884 -0.58785236
v -0.53326190 -0.07720882 -0.57356083
v -0.54900038 -0.06334885 -0.58898926
v -0.54811251 -0.07319322 -0.56803906
v -0.56901646 -0.06335910 -0.56901348
v -0.56804788 -0.07307029 -0.54790092
v -0.58895183 -0.06313373 -0.54871285
v -0.56005764 -0.08009759 -0.54010546
v -0.58992034 -0.07081664 -0.52987397
v -0.60993642 -0.06964884 -0.50989819
v -0.60872579 -0.06262153 -0.52808750
v -0.62454492 -0.06238593 -0.50989819
v -0.63140529 -0.06645275 -0.49122164
v -0.64407676 -0.06222203 -0.48537508
v -0.65045285 -0.06494690 -0.46978423
v -0.64851582 -0.07384883 -0.44867164
v -0.66925830 -0.06301080 -0.44785962
v -0.65464979 -0.07726004 -0.42983270
v -0.66990399 -0.06904445 -0.42983270
v -0.65860456 -0.07930882 -0.41781473
v -0.68314040 -0.06180203 -0.42983270
v -0.66950041 -0.07569273 -0.41066894
v -0.69048500 -0.06458837 -0.40936971
v -0.67668360 -0.07825369 -0.39004356
v -0.68992007 -0.07099079 -0.39004356
v -0.70452857 -0.06275471 -0.39004356
v -0.71082395 -0.06509031 -0.36974296
v -0.70993614 -0.07120591 -0.34992960
v -0.72438323 -0.06269325 -0.34992960
v -0.73067862 -0.06461909 -0.32914183
v -0.74076736 -0.06052154 -0.32183361
v -0.74335009 -0.06204788 -0.30997807
v -0.74746633 -0.06450641 -0.29000229
v -0.73447198 -0.07684004 -0.27002653
v -0.75174391 -0.06626835 -0.27148816
v -0.74795055 -0.07365419 -0.24810189
v -0.76489967 -0.06309275 -0.24988835
v -0.76820874 -0.06513129 -0.22991258
v -0.75481093 -0.07700394 -0.20993680
v -0.77184069 -0.06628884 -0.21172325
v -0.76990366 -0.07127762 -0.18996103
v -0.78402793 -0.06258056 -0.18996103
v -0.78661066 -0.06415812 -0.16998526
v -0.78887057 -0.06558202 -0.15000950
v -0.77466559 -0.07680931 -0.12987131
v -0.79193753 -0.06588934 -0.13182017
v -0.77264786 -0.07559028 -0.15000950
v -0.78991973 -0.06946445 -0.10989554
v -0.80242980 -0.06163813 -0.10989554
v -0.80388260 -0.06254983 -0.08991978
v -0.80501258 -0.06329763 -0.06994400
v -0.80598104 -0.06387129 -0.04996823
v -0.80654603 -0.06425032 -0.02999246
v -0.12357783 -0.05255181 0.81873417
v -0.13003463 -0.05559424 0.81337488
v -0.13003463 -0.06236544 0.80346811
v -0.13003463 -0.07894003 0.77829540
v -0.11607179 -0.07964686 0.77926981
v -0.10275465 -0.08025125 0.78024435
v -0.09000245 -0.08766782 0.76985037
v -0.09000245 -0.09696926 0.75474679
v -0.07006708 -0.09757365 0.75572121
v -0.07006708 -0.10338192 0.74581456
v -0.05005100 -0.10381217 0.74646413
v -0.03003490 -0.10412973 0.74695134
v -0.01001883 -0.10429363 0.74727619
v -0.00097930 -0.10171217 0.75182343
v -0.00097930 -0.09854682 0.75734520
v -0.25005043 -0.15694717 0.44991326
v -0.42987236 -0.15716228 0.23001736
v -0.07006708 -0.15669106 0.48986480
v -0.07006708 -0.15663984 0.50984061
v -0.23003435 -0.15686521 0.46988901
v -0.25005043 -0.15697789 0.36984777
v -0.35013086 -0.15713155 0.04991062
v -0.00097930 -0.15657838 0.49895945
v -0.05005100 -0.15661936 0.50984061
v -0.44988844 -0.15717253 0.00995908
v -0.44988844 -0.15712130 -0.04996823
v -0.42987236 -0.15718277 0.12997611
v -0.44988844 -0.15718277 0.14995188
v -0.46998525 -0.15716228 0.12997611
v -0.46998525 -0.15717253 0.04991062
v -0.46998525 -0.15716228 0.02993485
v -0.27006650 -0.15692668 -0.34992960
v -0.25005043 -0.15691642 -0.37006778
v -0.23011506 -0.15689594 -0.39004356
v -0.44988844 -0.15710081 -0.06994400
v -0.44988844 -0.15699838 -0.15000950
v -0.17006680 -0.15676276 -0.44980845
v -0.15005070 -0.15659887 -0.48992240
v -0.15005070 -0.15669106 -0.46994662
v -0.09008315 -0.15648618 -0.50989819
v -0.07006708 -0.15633252 -0.52987397
v -0.07006708 -0.15598424 -0.54984975
v -0.05005100 -0.15539008 -0.56982553
v -0.05005100 -0.15422228 -0.58996367
v -0.05005100 -0.15218376 -0.60993946
v -0.05005100 -0.14898767 -0.62991524
v -0.05005100 -0.14439841 -0.64989102
v -0.05005100 -0.14087452 -0.66239619
v -0.05005100 -0.13744281 -0.67246521
v -0.05005100 -0.13074332 -0.68984246
v -0.05005100 -0.12330627 -0.70705736
v -0.05005100 -0.11861457 -0.71696413
v -0.05005100 -0.11219166 -0.72979403
v -0.05005100 -0.10357656 -0.74635935
v -0.05005100 -0.09809609 -0.75642848
v -0.07006708 -0.08177759 -0.78273797
v -0.09008315 -0.08113223 -0.78176355
v -0.09008315 -0.07487322 -0.79167020
v -0.07006708 -0.08942977 -0.76990795
v -0.79096901 -0.07455566 0.00995908
v -0.79080760 -0.07446346 0.02993485
v -0.79040402 -0.07421761 0.04991062
v -0.80654603 -0.06419909 0.04991062
v -0.81590843 -0.05735619 0.07004880
v -0.82317233 -0.05255181 0.07004880
v -0.82446367 -0.05255181 0.04991062
v -0.79096901 -0.07452492 0.00281328
v -0.79088831 -0.07448395 -0.01001669
v -0.79056549 -0.07425858 -0.02999246
v -0.11139062 -0.07512932 -0.78842211
v -0.13003463 -0.07220981 -0.78988373
v -0.15005070 -0.07808979 -0.77672899
v -0.17006680 -0.07674785 -0.77461779
v -0.19008288 -0.07525223 -0.77218163
v -0.20945328 -0.07437126 -0.76828396
v -0.21566796 -0.07923710 -0.75853968
v -0.23011506 -0.07787468 -0.75626600
v -0.25005043 -0.07582590 -0.75285554
v -0.26223764 -0.08048686 -0.74067521
v -0.29008260 -0.08305807 -0.72524679
v -0.30525607 -0.08129613 -0.72216105
v -0.31114793 -0.07566199 -0.72914445
v -0.31857324 -0.07961613 -0.71923780
v -0.33011478 -0.08352929 -0.70640779
v -0.34528825 -0.08147027 -0.70251012
v -0.35860541 -0.07957515 -0.69909954
v -0.35118008 -0.07592833 -0.70949352
v -0.37014693 -0.07003811 -0.70981824
v -0.37014693 -0.07784394 -0.69585145
v -0.39016303 -0.07516004 -0.68919289
v -0.39686197 -0.07898101 -0.67782462
v -0.41009840 -0.07673760 -0.67343962
v -0.42018715 -0.08007710 -0.65996003
v -0.42809674 -0.08259710 -0.64907897
v -0.44262454 -0.08097856 -0.64193320
v -0.44948488 -0.07486297 -0.64907897
v -0.46433553 -0.08168539 -0.62341905
v -0.47765270 -0.07915515 -0.61805964
v -0.49145412 -0.07727028 -0.61075151
v -0.48580441 -0.08224881 -0.60474253
v -0.49145412 -0.08611075 -0.59142530
v -0.50985599 -0.08206442 -0.58444190
v -0.51994473 -0.08003613 -0.57989454
v -0.54020298 -0.08013856 -0.56024361
v -0.55352008 -0.07721906 -0.55342257
v -0.56481951 -0.08218734 -0.52987397
v -0.57482755 -0.07770053 -0.52987397
v -0.54811251 -0.08192100 -0.54790092
v -0.54988813 -0.08865123 -0.52987397
v -0.57958949 -0.07985174 -0.51948011
v -0.59129238 -0.07773126 -0.51168466
v -0.59887916 -0.07954443 -0.49869224
v -0.61058211 -0.07686053 -0.49122164
v -0.61768460 -0.07891954 -0.47693002
v -0.62962967 -0.07554931 -0.47010905
v -0.63608646 -0.07810004 -0.45451820
v -0.64084834 -0.08048686 -0.44120100
v -0.65109855 -0.08535270 -0.41066894
v -0.66255939 -0.08142930 -0.40449756
v -0.64464176 -0.08239222 -0.42983270
v -0.66667557 -0.08363173 -0.39004356
v -0.67966986 -0.07985174 -0.37932485
v -0.68983936 -0.07649175 -0.37169182
v -0.69718397 -0.07852004 -0.34992960
v -0.69976664 -0.07993369 -0.33969811
v -0.72995222 -0.06996640 -0.30997807
v -0.70961332 -0.07627663 -0.33174029
v -0.72898370 -0.07527272 -0.29048949
v -0.72163910 -0.08099905 -0.28415573
v -0.72446394 -0.08258685 -0.27002653
v -0.73753893 -0.07864296 -0.25346124
v -0.73996025 -0.08004637 -0.24014407
v -0.75166321 -0.07513955 -0.22991258
v -0.74165517 -0.08100930 -0.22991258
v -0.74480283 -0.08283271 -0.20993680
v -0.75771648 -0.07870442 -0.18996103
v -0.75941139 -0.07968783 -0.17778069
v -0.76861233 -0.07513955 -0.17063488
v -0.76272047 -0.08165466 -0.15000950
v -0.76465750 -0.08285320 -0.12987131
v -0.77636051 -0.07783370 -0.10989554
v -0.76102555 -0.08067125 -0.16446351
v -0.78991973 -0.07125713 -0.08991978
v -0.78991973 -0.07273224 -0.06994400
v -0.78806341 -0.07500639 -0.04996823
v -0.78023458 -0.08016930 -0.04330964
v -0.77966958 -0.07985174 -0.05662682
v -0.13003463 -0.05255181 0.81775975
v -0.14593449 -0.05255181 0.81499887
v -0.15005070 -0.06118739 0.80168176
v -0.15005070 -0.06895225 0.78982615
v -0.15005070 -0.07777223 0.77634656
v -0.15005070 -0.08404148 0.76627755
v -0.13003463 -0.08518880 0.76822639
v -0.10961500 -0.08507612 0.77147448
v -0.11001855 -0.09618048 0.75344753
v -0.09000245 -0.10280827 0.74484003
v -0.07006708 -0.11204825 0.72989881
v -0.05005100 -0.11287800 0.72989881
v -0.03003490 -0.11345166 0.72989881
v -0.01001883 -0.11377946 0.72989881
v -0.00097930 -0.10948727 0.73785663
v -0.00097930 -0.10429363 0.74727619
v -0.27006650 -0.15690619 0.44991326
v -0.42987236 -0.15709057 0.26996890
v -0.42987236 -0.15713155 0.24999315
v -0.25005043 -0.15684472 0.46988901
v -0.44988844 -0.15713155 0.23001736
v -0.44988844 -0.15715204 0.20987919
v -0.05005100 -0.15649644 0.52997875
v -0.07006708 -0.15650667 0.52997875
v -0.13003463 -0.15663984 0.50984061
v -0.19000217 -0.15675253 0.48986480
v -0.17006680 -0.15661936 0.50984061
v -0.00097930 -0.15654765 0.50984061
v -0.46998525 -0.15715204 0.14995188
v -0.50985599 -0.15703936 0.04991062
v -0.48992062 -0.15711106 0.04991062
v -0.48992062 -0.15711106 0.02993485
v -0.48992062 -0.15709057 0.00995908
v -0.46990454 -0.15703936 -0.08991978
v -0.29008260 -0.15688570 -0.34992960
v -0.25005043 -0.15687545 -0.39004356
v -0.44988844 -0.15695740 -0.16998526
v -0.23011506 -0.15685496 -0.41001931
v -0.46990454 -0.15697789 -0.12987131
v -0.46990454 -0.15693691 -0.15000950
v -0.21009897 -0.15674227 -0.44980845
v -0.23011506 -0.15680374 -0.42983270
v -0.17006680 -0.15657838 -0.48992240
v -0.13003463 -0.15645546 -0.50989819
v -0.17006680 -0.15668082 -0.46994662
v -0.11009926 -0.15625057 -0.52987397
v -0.15005070 -0.15643497 -0.50989819
v -0.13003463 -0.15620960 -0.52987397
v -0.09008315 -0.15591252 -0.54984975
v -0.07006708 -0.15530814 -0.56982553
v -0.09008315 -0.15516472 -0.56982553
v -0.07006708 -0.15405838 -0.58996367
v -0.07006708 -0.15192765 -0.60993946
v -0.09008315 -0.15381253 -0.58996367
v -0.07006708 -0.14860864 -0.62991524
v -0.07006708 -0.14390671 -0.64989102
v -0.07006708 -0.14059794 -0.66158414
v -0.07006708 -0.13711502 -0.67165315
v -0.07006708 -0.13004674 -0.68984246
v -0.07006708 -0.12293749 -0.70624542
v -0.07006708 -0.11822531 -0.71615207
v -0.07006708 -0.11139264 -0.72979403
v -0.07006708 -0.10317705 -0.74570978
v -0.07006708 -0.09765559 -0.75561643
v -0.09008315 -0.08818001 -0.76990795
v -0.11139062 -0.08532197 -0.77185690
v -0.10557950 -0.08051759 -0.78062677
v -0.09008315 -0.09705121 -0.75464201
v -0.78088021 -0.08062003 0.00995908
v -0.78096092 -0.08059955 0.00281328
v -0.78071880 -0.08051759 0.02993485
v -0.78039598 -0.08027174 0.04991062
v -0.78007317 -0.08007710 0.06127895
v -0.80590034 -0.06376885 0.07004880
v -0.81493986 -0.05677228 0.09002457
v -0.82131600 -0.05255181 0.09018698
v -0.78088021 -0.08057906 -0.01001669
v -0.78055739 -0.08037418 -0.02999246
v -0.11889663 -0.07990296 -0.77965224
v -0.13003463 -0.07928833 -0.77867782
v -0.15005070 -0.08413368 -0.76682234
v -0.17006680 -0.08283271 -0.76454866
v -0.19008288 -0.08137808 -0.76211262
v -0.20235081 -0.08040491 -0.76048851
v -0.20945328 -0.08469710 -0.75106907
v -0.23011506 -0.08375466 -0.74619699
v -0.25005043 -0.08176734 -0.74278641
v -0.25005043 -0.08913270 -0.72979403
v -0.25005043 -0.09737901 -0.71501529
v -0.26934013 -0.08450246 -0.73076844
v -0.27119645 -0.09602682 -0.70916867
v -0.29008260 -0.09146830 -0.70981824
v -0.31114793 -0.08563953 -0.71144235
v -0.31211644 -0.09686682 -0.68984246
v -0.33011478 -0.09221610 -0.68984246
v -0.35118008 -0.08567026 -0.69130421
v -0.37014693 -0.08308880 -0.68578243
v -0.38354480 -0.08108100 -0.68204713
v -0.39016303 -0.08463563 -0.67067873
v -0.41009840 -0.08177759 -0.66337061
v -0.41009840 -0.08830294 -0.64989102
v -0.42995307 -0.09097659 -0.62991524
v -0.44859707 -0.09429561 -0.60847783
v -0.47055021 -0.08518880 -0.61075151
v -0.46950099 -0.09530975 -0.58915162
v -0.47587708 -0.09855706 -0.57648408
v -0.49008203 -0.09610877 -0.56982553
v -0.49694240 -0.09892584 -0.55732036
v -0.50985599 -0.08845660 -0.56982553
v -0.52793503 -0.08186978 -0.56803906
v -0.52987206 -0.08882537 -0.54984975
v -0.57167989 -0.08644880 -0.51168466
v -0.53035635 -0.09661072 -0.53036118
v -0.53737813 -0.09899755 -0.51720643
v -0.55013031 -0.09634438 -0.51022303
v -0.58556199 -0.08249466 -0.50616288
v -0.59129238 -0.08578295 -0.49122164
v -0.60436743 -0.08211564 -0.48537508
v -0.61058211 -0.08485075 -0.47010905
v -0.62276930 -0.08141905 -0.46361285
v -0.62962967 -0.08338588 -0.44867164
v -0.62995249 -0.08965513 -0.42983270
v -0.62954897 -0.09605756 -0.41050655
v -0.63592505 -0.09812681 -0.39361647
v -0.64803153 -0.09377317 -0.38809469
v -0.65295488 -0.09653901 -0.37006778
v -0.67176032 -0.08627465 -0.37169182
v -0.68314040 -0.08174686 -0.36600766
v -0.66062230 -0.10035998 -0.34132215
v -0.69185710 -0.08616197 -0.33174029
v -0.70275295 -0.08161369 -0.32638094
v -0.68725663 -0.08392880 -0.34992960
v -0.71631223 -0.07793614 -0.30997807
v -0.71897566 -0.07945223 -0.29747289
v -0.70993614 -0.09071025 -0.27002653
v -0.71130824 -0.08535270 -0.29048949
v -0.73051715 -0.08378538 -0.24810189
v -0.72995222 -0.08766782 -0.22991258
v -0.72995222 -0.09126342 -0.20993680
v -0.74770844 -0.08450246 -0.18996103
v -0.75158250 -0.08520929 -0.17063488
v -0.74996829 -0.08903025 -0.15000950
v -0.74996829 -0.09141707 -0.12987131
v -0.76635242 -0.08387759 -0.10989554
v -0.77781326 -0.07872491 -0.08991978
v -0.77902389 -0.07945223 -0.06994400
v -0.76990366 -0.08672538 -0.02999246
v -0.77175999 -0.08489173 -0.04996823
v -0.75287390 -0.09599609 -0.04996823
v -0.76901591 -0.08545514 -0.06994400
v -0.16966325 -0.05255181 0.81045151
v -0.16264147 -0.06036789 0.80038249
v -0.16958253 -0.06539763 0.79145026
v -0.17006680 -0.07648151 0.77439773
v -0.17006680 -0.08277124 0.76432860
v -0.15005070 -0.09500244 0.74825060
v -0.13003463 -0.09518682 0.75182343
v -0.13003463 -0.10111803 0.74175441
v -0.11001855 -0.10207071 0.74337840
v -0.11001855 -0.10946679 0.72989881
v -0.09000245 -0.11092142 0.72989881
v -0.07006708 -0.11866579 0.71706891
v -0.05005100 -0.11905506 0.71788096
v -0.03003490 -0.11934189 0.71853054
v -0.01001883 -0.11948530 0.71885538
v -0.00097930 -0.11692433 0.72388983
v -0.00097930 -0.11378971 0.72989881
v -0.29008260 -0.15679350 0.44991326
v -0.31001797 -0.15683448 0.42993748
v -0.39000160 -0.15693691 0.35003439
v -0.41009840 -0.15694717 0.32989621
v -0.44988844 -0.15699838 0.26996890
v -0.44988844 -0.15707009 0.24999315
v -0.27006650 -0.15673204 0.46988901
v -0.23003435 -0.15669106 0.48986480
v -0.25005043 -0.15659887 0.48986480
v -0.46998525 -0.15701887 0.23001736
v -0.46998525 -0.15707009 0.20987919
v -0.46998525 -0.15711106 0.18990342
v -0.00097930 -0.15641448 0.52997875
v -0.00097930 -0.15612765 0.54979205
v -0.05005100 -0.15616862 0.54979205
v -0.07006708 -0.15616862 0.54979205
v -0.09000245 -0.15649644 0.52997875
v -0.13003463 -0.15645546 0.52997875
v -0.19000217 -0.15656814 0.50984061
v -0.48992062 -0.15705985 0.14995188
v -0.50985599 -0.15701887 0.07004880
v -0.52987206 -0.15692668 0.02993485
v -0.50985599 -0.15703936 0.02993485
v -0.50985599 -0.15701887 0.00281328
v -0.49710381 -0.15705985 0.00281328
v -0.48992062 -0.15699838 -0.06994400
v -0.33011478 -0.15684472 -0.32995385
v -0.25005043 -0.15682423 -0.41001931
v -0.44988844 -0.15690619 -0.18996103
v -0.41009840 -0.15685496 -0.24988835
v -0.50985599 -0.15691642 -0.06994400
v -0.46990454 -0.15688570 -0.16998526
v -0.50985599 -0.15687545 -0.08991978
v -0.23011506 -0.15671155 -0.44980845
v -0.25005043 -0.15675253 -0.42983270
v -0.19008288 -0.15651691 -0.48992240
v -0.21009897 -0.15661936 -0.46994662
v -0.17006680 -0.15637350 -0.50989819
v -0.15005070 -0.15613788 -0.52987397
v -0.11009926 -0.15582034 -0.54984975
v -0.13003463 -0.15571789 -0.54984975
v -0.11009926 -0.15499058 -0.56982553
v -0.15005070 -0.15555400 -0.54984975
v -0.13003463 -0.15478569 -0.56982553
v -0.09008315 -0.15154864 -0.60993946
v -0.11009926 -0.15351546 -0.58996367
v -0.11009926 -0.15106717 -0.60993946
v -0.09008315 -0.14806572 -0.62991524
v -0.09193951 -0.14257500 -0.65183985
v -0.08645120 -0.14029062 -0.66077209
v -0.11009926 -0.14736913 -0.62991524
v -0.09193951 -0.13730964 -0.66840506
v -0.09008315 -0.12908381 -0.68984246
v -0.09008315 -0.12241505 -0.70510852
v -0.09008315 -0.11769262 -0.71517766
v -0.09008315 -0.11029654 -0.72979403
v -0.09008315 -0.10261364 -0.74457288
v -0.11009926 -0.09627268 -0.75318038
v -0.13003463 -0.09528926 -0.75155628
v -0.13003463 -0.08529124 -0.76877117
v -0.11009926 -0.10186583 -0.74327362
v -0.76990366 -0.08716587 0.00995908
v -0.77385849 -0.08480978 0.00281328
v -0.76990366 -0.08710440 -0.01001669
v -0.76990366 -0.08695075 0.02993485
v -0.76990366 -0.08644880 0.04991062
v -0.77167928 -0.08462539 0.06874956
v -0.77950817 -0.07971857 0.07459613
v -0.78798270 -0.07484248 0.06874956
v -0.75311601 -0.09618048 0.04991062
v -0.80493182 -0.06318495 0.09002457
v -0.80380189 -0.06245764 0.11000034
v -0.81380993 -0.05602448 0.11000034
v -0.81905609 -0.05255181 0.11000034
v -0.14948574 -0.09500244 -0.74814582
v -0.17006680 -0.09140684 -0.74993229
v -0.19008288 -0.08854879 -0.74993229
v -0.21009897 -0.09556585 -0.73190534
v -0.22858156 -0.09435707 -0.72800756
v -0.23423126 -0.09893608 -0.71777606
v -0.25005043 -0.10262388 -0.70494616
v -0.26530463 -0.10110778 -0.70202291
v -0.27862179 -0.09969413 -0.69926202
v -0.29008260 -0.09842389 -0.69666350
v -0.30670887 -0.10159949 -0.68302155
v -0.32010674 -0.10001169 -0.67977345
v -0.33011478 -0.09870047 -0.67717493
v -0.35134152 -0.09659024 -0.66970432
v -0.37014693 -0.09109952 -0.66986680
v -0.37014693 -0.09801413 -0.65557516
v -0.38967878 -0.09524829 -0.64891660
v -0.39605486 -0.09877218 -0.63722336
v -0.41147047 -0.09702048 -0.63023996
v -0.41889581 -0.09966340 -0.61919653
v -0.42995307 -0.09780926 -0.61497402
v -0.44109106 -0.10041120 -0.60084474
v -0.45432749 -0.09806535 -0.59548545
v -0.46255991 -0.10098486 -0.58200586
v -0.46950099 -0.10361753 -0.56982553
v -0.48362523 -0.10136388 -0.56300449
v -0.49008203 -0.10419119 -0.55033696
v -0.50412560 -0.10165071 -0.54384077
v -0.51042098 -0.09654926 -0.55033696
v -0.51744270 -0.09906925 -0.53750694
v -0.55690992 -0.09877218 -0.49658099
v -0.56966209 -0.09577072 -0.48992240
v -0.52406096 -0.10167120 -0.52418983
v -0.54359281 -0.10152778 -0.50388920
v -0.57611895 -0.09837267 -0.47530597
v -0.58895183 -0.09502292 -0.46913460
v -0.59500504 -0.09790145 -0.45370618
v -0.60816079 -0.09382439 -0.44818440
v -0.60033190 -0.10019608 -0.44038898
v -0.61397195 -0.09726633 -0.42983270
v -0.61833024 -0.09927413 -0.41748995
v -0.62260789 -0.10129218 -0.40417275
v -0.62954897 -0.10273656 -0.38809469
v -0.64004123 -0.10009364 -0.38013688
v -0.64294684 -0.10149705 -0.37006778
v -0.65715182 -0.09862877 -0.35463935
v -0.66828978 -0.09431610 -0.34879276
v -0.65029144 -0.10350485 -0.34879276
v -0.64988786 -0.10818630 -0.32995385
v -0.66328573 -0.10173266 -0.32995385
v -0.67321306 -0.09649804 -0.32995385
v -0.67700648 -0.09849560 -0.31355098
v -0.68798304 -0.09397805 -0.30802920
v -0.70630419 -0.08361124 -0.30997807
v -0.69637686 -0.09814730 -0.27002653
v -0.69887888 -0.09947900 -0.25735897
v -0.70880616 -0.09544292 -0.25037557
v -0.69217992 -0.09594487 -0.29000229
v -0.71381021 -0.09666194 -0.22991258
v -0.71703863 -0.09844438 -0.20993680
v -0.71905637 -0.09954047 -0.19694443
v -0.72849941 -0.09530975 -0.19012344
v -0.73269635 -0.09601658 -0.16998526
v -0.73519838 -0.09738926 -0.15000950
v -0.73729682 -0.09857754 -0.12987131
v -0.73883033 -0.09941754 -0.11346845
v -0.74795055 -0.09474634 -0.10810909
v -0.75069469 -0.09473609 -0.08991978
v -0.76780522 -0.08473807 -0.08991978
v -0.75343883 -0.09635463 -0.02999246
v -0.74286580 -0.10163023 -0.04996823
v -0.75190532 -0.09545317 -0.06994400
v -0.74189734 -0.10109754 -0.06994400
v -0.19000217 -0.05255181 0.80590427
v -0.17595863 -0.05943569 0.79908323
v -0.19000217 -0.06502885 0.78739011
v -0.19000217 -0.07502687 0.77196169
v -0.20243151 -0.08040491 0.76059330
v -0.19000217 -0.08134735 0.76205492
v -0.17006680 -0.09152976 0.74987459
v -0.14343250 -0.10040095 0.74061751
v -0.13003463 -0.10763314 0.72989881
v -0.13003463 -0.11652482 0.71284640
v -0.11001855 -0.11741604 0.71463287
v -0.09000245 -0.11811262 0.71593201
v -0.09000245 -0.12290676 0.70602536
v -0.07006708 -0.12340870 0.70716226
v -0.05005100 -0.12376724 0.70797420
v -0.03003490 -0.12401310 0.70846140
v -0.00097930 -0.11948530 0.71885538
v -0.01001883 -0.12414627 0.70878625
v -0.00097930 -0.12205651 0.71333361
v -0.31001797 -0.15663984 0.44991326
v -0.33011478 -0.15669106 0.42993748
v -0.39000160 -0.15679350 0.36984777
v -0.41009840 -0.15681399 0.35003439
v -0.46998525 -0.15692668 0.24999315
v -0.44988844 -0.15686521 0.28994468
v -0.29008260 -0.15654765 0.46988901
v -0.21001826 -0.15649644 0.50984061
v -0.27006650 -0.15639399 0.48986480
v -0.23003435 -0.15637350 0.50984061
v -0.48992062 -0.15688570 0.20987919
v -0.50985599 -0.15690619 0.14995188
v -0.50985599 -0.15695740 0.12997611
v -0.00097930 -0.15551302 0.56993032
v -0.03003490 -0.15553351 0.56993032
v -0.09000245 -0.15612765 0.54979205
v -0.05005100 -0.15553351 0.56993032
v -0.07006708 -0.15551302 0.56993032
v -0.11001855 -0.15607643 0.54979205
v -0.15005070 -0.15639399 0.52997875
v -0.52987206 -0.15688570 0.07004880
v -0.54988813 -0.15661936 0.02993485
v -0.54988813 -0.15661936 0.00995908
v -0.52987206 -0.15690619 0.00281328
v -0.50985599 -0.15697789 -0.02999246
v -0.33011478 -0.15678325 -0.34992960
v -0.41009840 -0.15679350 -0.27002653
v -0.42995307 -0.15679350 -0.24988835
v -0.52987206 -0.15682423 -0.04996823
v -0.48992062 -0.15682423 -0.15000950
v -0.46990454 -0.15680374 -0.18996103
v -0.50985599 -0.15681399 -0.10989554
v -0.25005043 -0.15663984 -0.44980845
v -0.23011506 -0.15655789 -0.46994662
v -0.37014693 -0.15670130 -0.32995385
v -0.33011478 -0.15668082 -0.37006778
v -0.21009897 -0.15644521 -0.48992240
v -0.19008288 -0.15628131 -0.50989819
v -0.17006680 -0.15601496 -0.52987397
v -0.19008288 -0.15584081 -0.52987397
v -0.17006680 -0.15531838 -0.54984975
v -0.15005070 -0.15446815 -0.56982553
v -0.13003463 -0.15312620 -0.58996367
v -0.13003463 -0.15044230 -0.60993946
v -0.15005070 -0.15258327 -0.58996367
v -0.09984908 -0.13998330 -0.65979767
v -0.11009926 -0.14259548 -0.64891660
v -0.15005070 -0.14958182 -0.60993946
v -0.13003463 -0.14646767 -0.62991524
v -0.11009926 -0.13574234 -0.66986680
v -0.11009926 -0.12780333 -0.68984246
v -0.11009926 -0.12174920 -0.70364690
v -0.11009926 -0.11699603 -0.71355355
v -0.11009926 -0.10885216 -0.72979403
v -0.13003463 -0.10094389 -0.74148715
v -0.14238325 -0.10028827 -0.74035037
v -0.13003463 -0.10703899 -0.72979403
v -0.75368094 -0.09653901 0.00995908
v -0.75360024 -0.09643658 0.02993485
v -0.75376165 -0.09652877 -0.01001669
v -0.75376165 -0.09653901 0.00281328
v -0.75230891 -0.09573999 0.07004880
v -0.76869303 -0.08513758 0.09002457
v -0.77870107 -0.07925759 0.09002457
v -0.78983903 -0.07244541 0.09002457
v -0.74302721 -0.10175315 0.04991062
v -0.74230087 -0.10131266 0.07004880
v -0.74359220 -0.10199900 0.02993485
v -0.77749044 -0.07853028 0.11000034
v -0.80234909 -0.06155618 0.12997611
v -0.81235719 -0.05510253 0.12997611
v -0.81623125 -0.05255181 0.12997611
v -0.15578112 -0.09949949 -0.73888874
v -0.17006680 -0.09858779 -0.73726463
v -0.19008288 -0.09717414 -0.73466623
v -0.21009897 -0.10103608 -0.72183621
v -0.22091411 -0.10015510 -0.72021222
v -0.25005043 -0.11008142 -0.68984246
v -0.22858156 -0.10364827 -0.71063030
v -0.27119645 -0.10509265 -0.69146657
v -0.29008260 -0.10347412 -0.68675685
v -0.29008260 -0.11154629 -0.66986680
v -0.31211644 -0.10567655 -0.67181563
v -0.33011478 -0.10353559 -0.66726828
v -0.34553039 -0.10151754 -0.66304576
v -0.35892826 -0.09967364 -0.65914810
v -0.37014693 -0.10266485 -0.64566851
v -0.38273770 -0.10082096 -0.64160836
v -0.38967878 -0.10380192 -0.63023996
v -0.40565935 -0.10179412 -0.62390625
v -0.41147047 -0.10537948 -0.61140108
v -0.42995307 -0.10866777 -0.58996367
v -0.44859707 -0.10278778 -0.58915162
v -0.44988844 -0.11035801 -0.56982553
v -0.46990454 -0.11147459 -0.54984975
v -0.48992062 -0.11213019 -0.52987397
v -0.51042098 -0.10446778 -0.53036118
v -0.55013031 -0.10397607 -0.48992240
v -0.56280178 -0.10124096 -0.48310140
v -0.50985599 -0.11226337 -0.50989819
v -0.53035635 -0.10436534 -0.51022303
v -0.52987206 -0.11188434 -0.48992240
v -0.56966209 -0.10333071 -0.46913460
v -0.58168793 -0.10076974 -0.46198881
v -0.58895183 -0.10236778 -0.44818440
v -0.56990427 -0.10969216 -0.44980845
v -0.58992034 -0.10782777 -0.42983270
v -0.60404456 -0.10186583 -0.42983270
v -0.61098564 -0.10469314 -0.41050655
v -0.60993642 -0.11104435 -0.39004356
v -0.62995249 -0.10755119 -0.37006778
v -0.62995249 -0.11266288 -0.34992960
v -0.62971038 -0.11707799 -0.33157787
v -0.64988786 -0.11269361 -0.30997807
v -0.67014611 -0.10325900 -0.30802920
v -0.67999268 -0.10006291 -0.30007139
v -0.68636882 -0.10328973 -0.27002653
v -0.68217188 -0.10117950 -0.29000229
v -0.69129217 -0.10465217 -0.25037557
v -0.70138085 -0.10079022 -0.24387938
v -0.70380217 -0.10208096 -0.22991258
v -0.70703053 -0.10378144 -0.20993680
v -0.71138895 -0.10460094 -0.19012344
v -0.72091269 -0.10056486 -0.18346485
v -0.72276902 -0.10153802 -0.16998526
v -0.72519034 -0.10285949 -0.15000950
v -0.72728878 -0.10398632 -0.12987131
v -0.73124361 -0.10397607 -0.10810909
v -0.73996025 -0.10003218 -0.10015126
v -0.74068666 -0.10042144 -0.08991978
v -0.74343079 -0.10195803 -0.02999246
v -0.72995222 -0.10848337 -0.04996823
v -0.72995222 -0.10913898 -0.02999246
v -0.72995222 -0.10745899 -0.06994400
v -0.19807318 -0.05255181 0.80395532
v -0.19000217 -0.05834984 0.79745924
v -0.21001826 -0.06338983 0.78495407
v -0.21582939 -0.07929857 0.75880682
v -0.20945328 -0.08491221 0.75117385
v -0.19000217 -0.08872294 0.74987459
v -0.17006680 -0.09877218 0.73769426
v -0.15674964 -0.09961218 0.73915589
v -0.17006680 -0.10429363 0.72778761
v -0.15005070 -0.10462143 0.73136055
v -0.15174562 -0.11633018 0.70878625
v -0.14625734 -0.12064286 0.70115328
v -0.13003463 -0.12143163 0.70277727
v -0.11001855 -0.12225115 0.70456374
v -0.11001855 -0.12880723 0.68994737
v -0.09000245 -0.13002625 0.68994737
v -0.07006708 -0.13096869 0.68994737
v -0.05005100 -0.13164479 0.68994737
v -0.03003490 -0.13209552 0.68994737
v -0.01001883 -0.13236186 0.68994737
v -0.00097930 -0.12414627 0.70878625
v -0.33011478 -0.15638375 0.44991326
v -0.35013086 -0.15646569 0.42993748
v -0.37006623 -0.15652716 0.40996170
v -0.41009840 -0.15657838 0.36984777
v -0.42987236 -0.15677302 0.32989621
v -0.48992062 -0.15675253 0.23001736
v -0.46998525 -0.15675253 0.26996890
v -0.44988844 -0.15668082 0.30992046
v -0.31001797 -0.15626082 0.46988901
v -0.17006680 -0.15630180 0.52997875
v -0.25005043 -0.15614814 0.50984061
v -0.29008260 -0.15605594 0.48986480
v -0.19000217 -0.15616862 0.52997875
v -0.21001826 -0.15598424 0.52997875
v -0.50985599 -0.15682423 0.16992766
v -0.52987206 -0.15679350 0.11000034
v -0.52987206 -0.15684472 0.09002457
v -0.00097930 -0.15441692 0.58990610
v -0.03003490 -0.15441692 0.58990610
v -0.05005100 -0.15438619 0.58990610
v -0.07006708 -0.15429400 0.58990610
v -0.11001855 -0.15528765 0.56993032
v -0.13003463 -0.15600473 0.54979205
v -0.54988813 -0.15657838 0.04991062
v -0.56998497 -0.15590228 0.02993485
v -0.56998497 -0.15592277 0.00995908
v -0.55707133 -0.15636325 0.00281328
v -0.54988813 -0.15660912 0.00281328
v -0.41009840 -0.15670130 -0.29000229
v -0.42995307 -0.15669106 -0.27002653
v -0.44988844 -0.15675253 -0.22991258
v -0.54988813 -0.15657838 -0.01001669
v -0.54988813 -0.15652716 -0.02999246
v -0.52987206 -0.15676276 -0.06994400
v -0.48992062 -0.15674227 -0.16998526
v -0.50985599 -0.15674227 -0.12987131
v -0.46990454 -0.15670130 -0.20993680
v -0.27006650 -0.15649644 -0.44980845
v -0.25005043 -0.15643497 -0.46994662
v -0.35013086 -0.15655789 -0.37006778
v -0.29008260 -0.15651691 -0.42983270
v -0.23011506 -0.15634277 -0.48992240
v -0.39008233 -0.15657838 -0.32995385
v -0.21009897 -0.15614814 -0.50989819
v -0.21009897 -0.15558472 -0.52987397
v -0.23011506 -0.15594326 -0.50989819
v -0.19008288 -0.15498033 -0.54984975
v -0.17006680 -0.15403789 -0.56982553
v -0.17006680 -0.15187643 -0.58996367
v -0.19008288 -0.15345401 -0.56982553
v -0.11009926 -0.13969648 -0.65882325
v -0.13003463 -0.14207305 -0.64680529
v -0.17006680 -0.14850621 -0.60993946
v -0.19008288 -0.15095448 -0.58996367
v -0.15005070 -0.14527938 -0.62991524
v -0.13003463 -0.13903062 -0.65687442
v -0.13003463 -0.13432868 -0.66986680
v -0.13003463 -0.12620528 -0.68984246
v -0.13003463 -0.12090920 -0.70186043
v -0.13003463 -0.11611506 -0.71176720
v -0.14948574 -0.10423217 -0.73125565
v -0.74383438 -0.10212193 0.00995908
v -0.74375367 -0.10212193 -0.01001669
v -0.75021040 -0.09854682 0.00281328
v -0.75125968 -0.09514585 0.09002457
v -0.76748240 -0.08438978 0.11000034
v -0.72995222 -0.10869849 0.04991062
v -0.72995222 -0.10786875 0.07004880
v -0.72995222 -0.10673168 0.09002457
v -0.74117088 -0.10073900 0.09002457
v -0.72995222 -0.10922094 0.02993485
v -0.77595693 -0.07763906 0.12997611
v -0.80105776 -0.06070593 0.14605416
v -0.80864453 -0.05516399 0.15157592
v -0.81268001 -0.05255181 0.15125112
v -0.17006680 -0.10389412 -0.72719562
v -0.19008288 -0.10256241 -0.72459710
v -0.19008288 -0.11007117 -0.70981824
v -0.21009897 -0.10710045 -0.70981824
v -0.22817801 -0.11491653 -0.68789363
v -0.23358558 -0.11892189 -0.67749977
v -0.25005043 -0.11746725 -0.67425168
v -0.27030864 -0.11609457 -0.66889226
v -0.27708828 -0.11940335 -0.65849841
v -0.29008260 -0.11808189 -0.65541279
v -0.31058294 -0.11641213 -0.64924133
v -0.33011478 -0.11149508 -0.64989102
v -0.35134152 -0.10524631 -0.65151501
v -0.37014693 -0.10964093 -0.62991524
v -0.39008233 -0.11246824 -0.60993946
v -0.40937200 -0.11553116 -0.58882678
v -0.41542527 -0.11866579 -0.57648408
v -0.43043733 -0.11668872 -0.56982553
v -0.43737841 -0.11920872 -0.55780756
v -0.45109910 -0.11749799 -0.55066180
v -0.45860514 -0.11957750 -0.53864384
v -0.47143802 -0.11797945 -0.53117323
v -0.47910547 -0.11973115 -0.51915526
v -0.49153483 -0.11819457 -0.51135981
v -0.54988813 -0.11104435 -0.46994662
v -0.49928299 -0.11978237 -0.49917948
v -0.51138949 -0.11814335 -0.49154645
v -0.51897621 -0.11967994 -0.47887889
v -0.53092134 -0.11779506 -0.47124588
v -0.55029172 -0.11715994 -0.45078290
v -0.55715203 -0.11898335 -0.43649128
v -0.56933928 -0.11617653 -0.42983270
v -0.58822542 -0.11490629 -0.40839529
v -0.59403658 -0.11769262 -0.39004356
v -0.59823346 -0.11936238 -0.37737599
v -0.60937142 -0.11648384 -0.37055498
v -0.61647391 -0.11856335 -0.34992960
v -0.61954093 -0.11983359 -0.33921090
v -0.62293077 -0.12126774 -0.32589373
v -0.63681287 -0.11866579 -0.30997807
v -0.63947630 -0.11980286 -0.29893455
v -0.64940363 -0.11681165 -0.29146394
v -0.66990399 -0.10732581 -0.29000229
v -0.66990399 -0.11144385 -0.27002653
v -0.66869330 -0.11583848 -0.25005075
v -0.68992007 -0.10905703 -0.22991258
v -0.68992007 -0.11239654 -0.20993680
v -0.68862867 -0.11602287 -0.19028585
v -0.70993614 -0.10824776 -0.16998526
v -0.70993614 -0.11080874 -0.15000950
v -0.70993614 -0.11303166 -0.12987131
v -0.70824122 -0.11576677 -0.10973314
v -0.72995222 -0.10612728 -0.08991978
v -0.71364880 -0.11686287 -0.04996823
v -0.71268028 -0.11638141 -0.06994400
v -0.71421373 -0.11718043 -0.02999246
v -0.71453661 -0.11733408 -0.01001669
v -0.72995222 -0.10945655 -0.01001669
v -0.71138895 -0.11572580 -0.08991978
v -0.20985684 -0.05255181 0.80103207
v -0.21001826 -0.05668009 0.79502308
v -0.23003435 -0.06158691 0.78219318
v -0.23003435 -0.06960786 0.76985037
v -0.23003435 -0.07801808 0.75669563
v -0.23003435 -0.08414392 0.74662650
v -0.21001826 -0.09585267 0.73249733
v -0.19000217 -0.09738926 0.73525822
v -0.19000217 -0.10298242 0.72518909
v -0.19000217 -0.11104435 0.70992303
v -0.17006680 -0.11361556 0.70992303
v -0.15965521 -0.11993603 0.69969165
v -0.15174562 -0.12432041 0.69189620
v -0.13003463 -0.12726040 0.68994737
v -0.13003463 -0.13534282 0.66980910
v -0.11114848 -0.13718672 0.66834748
v -0.09000245 -0.13711502 0.67159557
v -0.07006708 -0.13754526 0.67273247
v -0.05005100 -0.13786282 0.67354441
v -0.03003490 -0.13808818 0.67419410
v -0.01001883 -0.13820086 0.67451882
v -0.00097930 -0.13822135 0.67451882
v -0.00097930 -0.13236186 0.68994737
v -0.37006623 -0.15609692 0.42993748
v -0.39000160 -0.15615839 0.40996170
v -0.41009840 -0.15616862 0.38998595
v -0.42987236 -0.15650667 0.35003439
v -0.48992062 -0.15654765 0.24999315
v -0.50985599 -0.15652716 0.20987919
v -0.50985599 -0.15669106 0.18990342
v -0.46998525 -0.15650667 0.28994468
v -0.44988844 -0.15639399 0.32989621
v -0.33011478 -0.15578960 0.46988901
v -0.35013086 -0.15596375 0.44991326
v -0.15005070 -0.15587156 0.54979205
v -0.23003435 -0.15571789 0.52997875
v -0.27006650 -0.15578960 0.50984061
v -0.31001797 -0.15555400 0.48986480
v -0.17006680 -0.15567692 0.54979205
v -0.52987206 -0.15671155 0.12997611
v -0.54988813 -0.15652716 0.07004880
v -0.00097930 -0.15254229 0.60988188
v -0.01001883 -0.15254229 0.60988188
v -0.03003490 -0.15251157 0.60988188
v -0.09000245 -0.15409936 0.58990610
v -0.13003463 -0.15511350 0.56993032
v -0.05005100 -0.15240912 0.60988188
v -0.07006708 -0.15222473 0.60988188
v -0.56998497 -0.15585107 0.04991062
v -0.58992034 -0.15457058 0.02993485
v -0.58992034 -0.15461156 0.00995908
v -0.56990427 -0.15589204 -0.01001669
v -0.41009840 -0.15656814 -0.30997807
v -0.44988844 -0.15665008 -0.24988835
v -0.42995307 -0.15654765 -0.29000229
v -0.54988813 -0.15646569 -0.04996823
v -0.52987206 -0.15669106 -0.08991978
v -0.50985599 -0.15665008 -0.15000950
v -0.48992062 -0.15661936 -0.18996103
v -0.29008260 -0.15631203 -0.44980845
v -0.33011478 -0.15636325 -0.41001931
v -0.31009868 -0.15634277 -0.42983270
v -0.27006650 -0.15625057 -0.46994662
v -0.37014693 -0.15638375 -0.37006778
v -0.25005043 -0.15613788 -0.48992240
v -0.41009840 -0.15639399 -0.32995385
v -0.39008233 -0.15639399 -0.34992960
v -0.23011506 -0.15520570 -0.52987397
v -0.25005043 -0.15559497 -0.50989819
v -0.27006650 -0.15582034 -0.48992240
v -0.21009897 -0.15452960 -0.54984975
v -0.21009897 -0.15269595 -0.56982553
v -0.23011506 -0.15387399 -0.54984975
v -0.15005070 -0.14139695 -0.64436924
v -0.19008288 -0.14720523 -0.60993946
v -0.21009897 -0.14979693 -0.58996367
v -0.23011506 -0.15165107 -0.56982553
v -0.17006680 -0.14382476 -0.62991524
v -0.15005070 -0.13821110 -0.65443826
v -0.15005070 -0.13257697 -0.66986680
v -0.14980859 -0.12366480 -0.69130421
v -0.14294824 -0.12029456 -0.70056129
v -0.14980859 -0.11580775 -0.70819426
v -0.17006680 -0.11268336 -0.70981824
v -0.72995222 -0.10946679 0.00995908
v -0.72995222 -0.10946679 0.00281328
v -0.74044454 -0.10027803 0.10334175
v -0.74819267 -0.09536097 0.11000034
v -0.74996829 -0.09263610 0.12997611
v -0.76594889 -0.08349856 0.12997611
v -0.71381021 -0.11696531 0.04991062
v -0.71300316 -0.11654530 0.07004880
v -0.71187317 -0.11601263 0.09002457
v -0.73164713 -0.10441656 0.11000034
v -0.71429449 -0.11721116 0.02993485
v -0.71461731 -0.11734433 0.00995908
v -0.76417327 -0.08244344 0.14995188
v -0.77418131 -0.07656346 0.14995188
v -0.79984713 -0.05993764 0.15937135
v -0.80904806 -0.05255181 0.16992766
v -0.19008288 -0.11752872 -0.69455230
v -0.21009897 -0.11608434 -0.69146657
v -0.22018772 -0.12000774 -0.67993581
v -0.22817801 -0.12280431 -0.67051637
v -0.25005043 -0.12188236 -0.66418254
v -0.26377112 -0.12068383 -0.66142166
v -0.27030864 -0.12370577 -0.65102780
v -0.29008260 -0.12228188 -0.64534366
v -0.30428755 -0.12087847 -0.64193320
v -0.31760472 -0.11944433 -0.63852262
v -0.33011478 -0.11796921 -0.63511217
v -0.34956589 -0.11570531 -0.62877834
v -0.35594198 -0.11891165 -0.61724770
v -0.37168044 -0.11747750 -0.61026430
v -0.37942860 -0.11981311 -0.59938312
v -0.39008233 -0.11832774 -0.59564781
v -0.40226954 -0.12060189 -0.58135617
v -0.40937200 -0.12287603 -0.56982553
v -0.42406124 -0.12118578 -0.56300449
v -0.43043733 -0.12379797 -0.55066180
v -0.44520727 -0.12163651 -0.54449034
v -0.45109910 -0.12439212 -0.53117323
v -0.46578830 -0.12187213 -0.52532661
v -0.47143802 -0.12465846 -0.51135981
v -0.48596582 -0.12192334 -0.50583804
v -0.53826594 -0.11941359 -0.45792869
v -0.49153483 -0.12468919 -0.49154645
v -0.50565910 -0.12192334 -0.48602471
v -0.51138949 -0.12454578 -0.47124588
v -0.52494878 -0.12176968 -0.46556172
v -0.54383492 -0.12142140 -0.44461152
v -0.55029172 -0.12333700 -0.42983270
v -0.56231749 -0.12090920 -0.42317411
v -0.57563466 -0.11831750 -0.41391703
v -0.58039653 -0.12017164 -0.40076226
v -0.59088886 -0.12377749 -0.37055498
v -0.60243040 -0.12100139 -0.36405882
v -0.58402848 -0.12153408 -0.39004356
v -0.61171204 -0.12457651 -0.33157787
v -0.60654658 -0.12264042 -0.34992960
v -0.62688553 -0.12289651 -0.30997807
v -0.63164741 -0.12450480 -0.29146394
v -0.64246255 -0.12110383 -0.28577977
v -0.65586042 -0.11816384 -0.27002653
v -0.65860456 -0.11941359 -0.25670934
v -0.66118729 -0.12059164 -0.24339215
v -0.67361665 -0.11699603 -0.22991258
v -0.67700648 -0.11861457 -0.20993680
v -0.67902422 -0.11958774 -0.19710684
v -0.68104196 -0.12051994 -0.18378966
v -0.69298702 -0.11671945 -0.16998526
v -0.69556975 -0.11795896 -0.15000950
v -0.69791031 -0.11903457 -0.12987131
v -0.69928241 -0.11967994 -0.11622933
v -0.70041239 -0.12023310 -0.10307455
v -0.70364076 -0.12176968 -0.04996823
v -0.70428646 -0.12207700 -0.02999246
v -0.70267224 -0.12130871 -0.06994400
v -0.70138085 -0.12069408 -0.08991978
v -0.70452857 -0.12221017 -0.01001669
v -0.71461731 -0.11733408 0.00281328
v -0.22494961 -0.05255181 0.79697192
v -0.23003435 -0.05485668 0.79226220
v -0.24206014 -0.06042935 0.78040671
v -0.24924333 -0.06511080 0.77098727
v -0.25005043 -0.07606150 0.75360990
v -0.25005043 -0.08223856 0.74354088
v -0.22971150 -0.09492049 0.72843719
v -0.22285116 -0.10050339 0.72080421
v -0.21001826 -0.10150730 0.72259068
v -0.21001826 -0.10817606 0.70992303
v -0.21001826 -0.11666823 0.69303298
v -0.19000217 -0.11808189 0.69579387
v -0.17006680 -0.11933164 0.69839239
v -0.17006680 -0.12389017 0.68848562
v -0.17006680 -0.13173698 0.66980910
v -0.15005070 -0.13367307 0.66980910
v -0.15005070 -0.13876428 0.65600479
v -0.13003463 -0.13952233 0.65844083
v -0.11857381 -0.13992184 0.65957761
v -0.10525665 -0.14027013 0.66071451
v -0.09000245 -0.14060818 0.66168892
v -0.07006708 -0.14094622 0.66282570
v -0.05005100 -0.14119208 0.66363776
v -0.03003490 -0.14137647 0.66412497
v -0.01001883 -0.14146866 0.66444981
v -0.00097930 -0.14146866 0.66444981
v -0.39000160 -0.15545155 0.42993748
v -0.41009840 -0.15549253 0.40996170
v -0.42987236 -0.15609692 0.36984777
v -0.50985599 -0.15627107 0.23001736
v -0.48992062 -0.15626082 0.26996890
v -0.52987206 -0.15616862 0.18990342
v -0.52987206 -0.15641448 0.16992766
v -0.52987206 -0.15657838 0.14995188
v -0.46998525 -0.15616862 0.30992046
v -0.44988844 -0.15592277 0.35003439
v -0.37006623 -0.15530814 0.44991326
v -0.19000217 -0.15540034 0.54979205
v -0.21001826 -0.15503156 0.54979205
v -0.25005043 -0.15526716 0.52997875
v -0.29008260 -0.15519546 0.50984061
v -0.33011478 -0.15474473 0.48986480
v -0.35013086 -0.15504180 0.46988901
v -0.15005070 -0.15483692 0.56993032
v -0.54988813 -0.15643497 0.09002457
v -0.00097930 -0.14964327 0.62985754
v -0.01001883 -0.14964327 0.62985754
v -0.11001855 -0.15386376 0.58990610
v -0.03003490 -0.14954084 0.62985754
v -0.05005100 -0.14934620 0.62985754
v -0.07006708 -0.14904913 0.62985754
v -0.09000245 -0.15191741 0.60988188
v -0.56998497 -0.15573838 0.07004880
v -0.58992034 -0.15443741 0.04991062
v -0.60993642 -0.15220425 0.02993485
v -0.60993642 -0.15228620 0.00995908
v -0.60993642 -0.15227595 0.00281328
v -0.60993642 -0.15225546 -0.01001669
v -0.58992034 -0.15457058 -0.01001669
v -0.56990427 -0.15581009 -0.02999246
v -0.44988844 -0.15649644 -0.27002653
v -0.46990454 -0.15656814 -0.22991258
v -0.42995307 -0.15636325 -0.30997807
v -0.54988813 -0.15637350 -0.06994400
v -0.52987206 -0.15659887 -0.10989554
v -0.50985599 -0.15651691 -0.16998526
v -0.31009868 -0.15604571 -0.44980845
v -0.33011478 -0.15608667 -0.42983270
v -0.37014693 -0.15612765 -0.39004356
v -0.35013086 -0.15610716 -0.41001931
v -0.29008260 -0.15595350 -0.46994662
v -0.41009840 -0.15614814 -0.34992960
v -0.39008233 -0.15613788 -0.37006778
v -0.25005043 -0.15462179 -0.52987397
v -0.27006650 -0.15507253 -0.50989819
v -0.29008260 -0.15534911 -0.48992240
v -0.31009868 -0.15554374 -0.46994662
v -0.25005043 -0.15293156 -0.54984975
v -0.27006650 -0.15379205 -0.52987397
v -0.17006680 -0.14057744 -0.64177072
v -0.21009897 -0.14561743 -0.60993946
v -0.23011506 -0.14830133 -0.58996367
v -0.25005043 -0.15027839 -0.56982553
v -0.27006650 -0.15170228 -0.54984975
v -0.18871081 -0.14205256 -0.63072717
v -0.17006680 -0.13724819 -0.65167749
v -0.18104336 -0.14009598 -0.64014673
v -0.17006680 -0.13054869 -0.66986680
v -0.17006680 -0.12329602 -0.68724406
v -0.15626538 -0.11957750 -0.69909954
v -0.17006680 -0.11878872 -0.69715071
v -0.73939526 -0.09973510 0.11665893
v -0.73834610 -0.09914096 0.12997611
v -0.73648977 -0.09809609 0.14995188
v -0.74996829 -0.09052586 0.14995188
v -0.70428646 -0.12208725 0.02993485
v -0.70380217 -0.12183115 0.04991062
v -0.70299506 -0.12143163 0.07004880
v -0.70186514 -0.12091944 0.09002457
v -0.70081592 -0.12040725 0.10577782
v -0.70840263 -0.11620726 0.11146198
v -0.70993614 -0.11394336 0.12997611
v -0.72825730 -0.10448826 0.12997611
v -0.70460927 -0.12221017 0.00995908
v -0.70460927 -0.12221017 0.00281328
v -0.76207483 -0.08121417 0.16992766
v -0.78870910 -0.06531568 0.16992766
v -0.79871714 -0.05924106 0.16992766
v -0.80460900 -0.05255181 0.18990342
v -0.19008288 -0.12209749 -0.68464553
v -0.21009897 -0.12073505 -0.68155992
v -0.21009897 -0.12566236 -0.66986680
v -0.23011506 -0.13076381 -0.64989102
v -0.25005043 -0.12768041 -0.64989102
v -0.29008260 -0.12832576 -0.62991524
v -0.31058294 -0.12387992 -0.63105202
v -0.33011478 -0.12206676 -0.62504303
v -0.34262484 -0.12062237 -0.62147021
v -0.36611146 -0.12156481 -0.60393047
v -0.39008233 -0.12221017 -0.58574116
v -0.39008233 -0.12792626 -0.56982553
v -0.41009840 -0.12963699 -0.54984975
v -0.42995307 -0.13082527 -0.52987397
v -0.44988844 -0.13150136 -0.50989819
v -0.46990454 -0.13169600 -0.48992240
v -0.53092134 -0.12410529 -0.45078290
v -0.48992062 -0.13160381 -0.46994662
v -0.50985599 -0.13115308 -0.44980845
v -0.52987206 -0.13017991 -0.42983270
v -0.54988813 -0.12871504 -0.41001931
v -0.56933928 -0.12225115 -0.40839529
v -0.56990427 -0.12669699 -0.39004356
v -0.56990427 -0.13130674 -0.37006778
v -0.58992034 -0.12878674 -0.34992960
v -0.60993642 -0.12957552 -0.30997807
v -0.62995249 -0.12910430 -0.27002653
v -0.64585239 -0.12256871 -0.27002653
v -0.65117925 -0.12378773 -0.25005075
v -0.64988786 -0.12751651 -0.22991258
v -0.66360855 -0.12167749 -0.22991258
v -0.66699839 -0.12319358 -0.20993680
v -0.67143744 -0.12397212 -0.19028585
v -0.68297899 -0.12142140 -0.16998526
v -0.68556172 -0.12258919 -0.15000950
v -0.68790233 -0.12358285 -0.12987131
v -0.69153428 -0.12368529 -0.10973314
v -0.68992007 -0.12584674 -0.08991978
v -0.68992007 -0.12790577 -0.04996823
v -0.68992007 -0.12702480 -0.06994400
v -0.68992007 -0.12847942 -0.02999246
v -0.68992007 -0.12874576 -0.01001669
v -0.23003435 -0.05255181 0.79551029
v -0.24932404 -0.05255181 0.78982615
v -0.25537729 -0.05900545 0.77845788
v -0.27006650 -0.06386104 0.76579022
v -0.26377112 -0.08083515 0.74126720
v -0.25005043 -0.09025952 0.72989881
v -0.23616831 -0.09934584 0.71869290
v -0.22971150 -0.10439607 0.71122229
v -0.23003435 -0.11575653 0.68848562
v -0.23665257 -0.11945457 0.67874134
v -0.22333542 -0.12049945 0.68085265
v -0.21001826 -0.12143163 0.68296397
v -0.19000217 -0.12273261 0.68588722
v -0.19000217 -0.12955503 0.66980910
v -0.21001826 -0.13491258 0.64983332
v -0.19121282 -0.13736087 0.64869654
v -0.17006680 -0.13785258 0.65340626
v -0.18524028 -0.14049549 0.64138830
v -0.17006680 -0.14113061 0.64349961
v -0.15005070 -0.14186817 0.64609802
v -0.13003463 -0.14247257 0.64837170
v -0.11114848 -0.14252378 0.65178227
v -0.09000245 -0.14390671 0.64983332
v -0.07006708 -0.14452134 0.64983332
v -0.05005100 -0.14495158 0.64983332
v -0.03003490 -0.14524865 0.64983332
v -0.01001883 -0.14540231 0.64983332
v -0.00097930 -0.14542280 0.64983332
v -0.41009840 -0.15441692 0.42993748
v -0.42987236 -0.15435547 0.40996170
v -0.42987236 -0.15540034 0.38998595
v -0.50985599 -0.15587156 0.24999315
v -0.52987206 -0.15583058 0.20987919
v -0.48992062 -0.15583058 0.28994468
v -0.54988813 -0.15589204 0.14995188
v -0.54988813 -0.15612765 0.12997611
v -0.54988813 -0.15630180 0.11000034
v -0.46998525 -0.15564619 0.32989621
v -0.44988844 -0.15519546 0.36984777
v -0.39000160 -0.15427351 0.44991326
v -0.17006680 -0.15447839 0.56993032
v -0.23003435 -0.15449888 0.54979205
v -0.19000217 -0.15398668 0.56993032
v -0.27006650 -0.15463205 0.52997875
v -0.31001797 -0.15434521 0.50984061
v -0.37006623 -0.15398668 0.46988901
v -0.13003463 -0.15353595 0.58990610
v -0.00097930 -0.14774816 0.63895226
v -0.09000245 -0.14859840 0.62985754
v -0.11001855 -0.15152815 0.60988188
v -0.56998497 -0.15556423 0.09002457
v -0.58992034 -0.15424278 0.07004880
v -0.60993642 -0.15199937 0.04991062
v -0.62987179 -0.14850621 0.02993485
v -0.62987179 -0.14863938 0.00995908
v -0.62995249 -0.14862913 0.00281328
v -0.62995249 -0.14860864 -0.01001669
v -0.60993642 -0.15211205 -0.02999246
v -0.58992034 -0.15445790 -0.02999246
v -0.56990427 -0.15569741 -0.04996823
v -0.46990454 -0.15640423 -0.24988835
v -0.44988844 -0.15628131 -0.29000229
v -0.42995307 -0.15609692 -0.32995385
v -0.54988813 -0.15625057 -0.08991978
v -0.52987206 -0.15646569 -0.12987131
v -0.52987206 -0.15631203 -0.15000950
v -0.50985599 -0.15634277 -0.18996103
v -0.33011478 -0.15566668 -0.44980845
v -0.37014693 -0.15574862 -0.41001931
v -0.39008233 -0.15576911 -0.39004356
v -0.41009840 -0.15575887 -0.37006778
v -0.29008260 -0.15432473 -0.50989819
v -0.31009868 -0.15469351 -0.48992240
v -0.33011478 -0.15493935 -0.46994662
v -0.35013086 -0.15508278 -0.44980845
v -0.29008260 -0.15266521 -0.52987397
v -0.31009868 -0.15332082 -0.50989819
v -0.23172925 -0.14296427 -0.61172593
v -0.21009897 -0.14159158 -0.62520552
v -0.25005043 -0.14640620 -0.58996367
v -0.27006650 -0.14851645 -0.56982553
v -0.29008260 -0.15009400 -0.54984975
v -0.31009868 -0.15120034 -0.52987397
v -0.18871081 -0.13657209 -0.64794207
v -0.19444123 -0.13941988 -0.63803542
v -0.21009897 -0.13345794 -0.64989102
v -0.19008288 -0.12826431 -0.66986680
v -0.72640097 -0.10350485 0.14995188
v -0.72430253 -0.10233705 0.16992766
v -0.73431057 -0.09687706 0.16992766
v -0.74996829 -0.08809806 0.16992766
v -0.68992007 -0.12848967 0.02993485
v -0.68992007 -0.12797748 0.04991062
v -0.68992007 -0.12720919 0.07004880
v -0.68992007 -0.12621553 0.09002457
v -0.69185710 -0.12400285 0.11146198
v -0.69976664 -0.11993603 0.11909500
v -0.69879818 -0.11946481 0.12997611
v -0.70993614 -0.11199702 0.14995188
v -0.68992007 -0.12874576 0.00995908
v -0.76062202 -0.08038442 0.18259521
v -0.78636849 -0.06392251 0.18990342
v -0.79645729 -0.05782741 0.18990342
v -0.79960501 -0.05255181 0.20971680
v -0.79387456 -0.05623960 0.20987919
v -0.23172925 -0.13776037 -0.62926555
v -0.25005043 -0.13497405 -0.62991524
v -0.27006650 -0.13180868 -0.62991524
v -0.31009868 -0.13184966 -0.60993946
v -0.33011478 -0.12782381 -0.60993946
v -0.34956589 -0.12320383 -0.61026430
v -0.35013086 -0.13052820 -0.58996367
v -0.37168044 -0.12471992 -0.59158766
v -0.37014693 -0.13271014 -0.56982553
v -0.39008233 -0.13449258 -0.54984975
v -0.40888774 -0.13647988 -0.52841234
v -0.42938811 -0.13699208 -0.50908613
v -0.44964632 -0.13724819 -0.48959759
v -0.46958169 -0.13725843 -0.46962184
v -0.48927492 -0.13710476 -0.44932124
v -0.50872606 -0.13669501 -0.42885825
v -0.52793503 -0.13598819 -0.40807047
v -0.54988813 -0.13339649 -0.39004356
v -0.54956532 -0.13759647 -0.37039259
v -0.56812865 -0.13626477 -0.34830555
v -0.58992034 -0.13281259 -0.32995385
v -0.60993642 -0.13316087 -0.29000229
v -0.62995249 -0.13235161 -0.24988835
v -0.64988786 -0.13040528 -0.20993680
v -0.64988786 -0.13299698 -0.18996103
v -0.66990399 -0.12720919 -0.16998526
v -0.66990399 -0.12944235 -0.15000950
v -0.66990399 -0.13132723 -0.12987131
v -0.66990399 -0.13292527 -0.10989554
v -0.66990399 -0.13426721 -0.08991978
v -0.66804767 -0.13682818 -0.04948102
v -0.66990399 -0.13532233 -0.06994400
v -0.67046893 -0.13638771 -0.02999246
v -0.67071104 -0.13652086 -0.01001669
v -0.67765212 -0.13374478 0.00281328
v -0.27055079 -0.05255181 0.78268039
v -0.27006650 -0.05733570 0.77585936
v -0.30097845 -0.06024496 0.76026857
v -0.29008260 -0.06938250 0.74987459
v -0.27708828 -0.07934979 0.73883116
v -0.27030864 -0.08525026 0.73119807
v -0.27006650 -0.09594487 0.71252155
v -0.25005043 -0.09801413 0.71625686
v -0.25005043 -0.10336144 0.70618773
v -0.25005043 -0.11163849 0.68994737
v -0.25005043 -0.11826628 0.67614293
v -0.25005043 -0.12274285 0.66607380
v -0.23003435 -0.12375700 0.67110837
v -0.21001826 -0.12709650 0.66980910
v -0.23003435 -0.13237210 0.64983332
v -0.23003435 -0.13804720 0.63375533
v -0.21001826 -0.13924575 0.63749063
v -0.19863814 -0.13986038 0.63943946
v -0.19121282 -0.14270817 0.63164401
v -0.17006680 -0.14483890 0.62985754
v -0.15005070 -0.14612962 0.62985754
v -0.13003463 -0.14718474 0.62985754
v -0.11001855 -0.14799401 0.62985754
v -0.41009840 -0.15272668 0.44991326
v -0.42987236 -0.15276766 0.42993748
v -0.44988844 -0.15256278 0.40996170
v -0.44988844 -0.15409936 0.38998595
v -0.52987206 -0.15535936 0.23001736
v -0.50985599 -0.15536961 0.26996890
v -0.54988813 -0.15511350 0.18990342
v -0.54988813 -0.15555400 0.16992766
v -0.48992062 -0.15524668 0.30992046
v -0.56998497 -0.15500082 0.12997611
v -0.56998497 -0.15532863 0.11000034
v -0.46998525 -0.15487790 0.35003439
v -0.15005070 -0.15306473 0.58990610
v -0.25005043 -0.15373059 0.54979205
v -0.21001826 -0.15334132 0.56993032
v -0.17006680 -0.15245010 0.58990610
v -0.29008260 -0.15367937 0.52997875
v -0.33011478 -0.15308522 0.50984061
v -0.35013086 -0.15355644 0.48986480
v -0.39000160 -0.15242961 0.46988901
v -0.13003463 -0.15098523 0.60988188
v -0.58992034 -0.15395595 0.09002457
v -0.60993642 -0.15169205 0.07004880
v -0.62987179 -0.14821938 0.04991062
v -0.64996862 -0.14335354 0.02993485
v -0.64996862 -0.14353792 0.00995908
v -0.64996862 -0.14352769 0.00281328
v -0.64988786 -0.14350720 -0.01001669
v -0.62995249 -0.14843449 -0.02999246
v -0.60993642 -0.15185595 -0.04996823
v -0.58992034 -0.15427351 -0.04996823
v -0.56990427 -0.15552326 -0.06994400
v -0.46990454 -0.15616862 -0.27002653
v -0.44988844 -0.15597399 -0.30997807
v -0.42995307 -0.15570766 -0.34992960
v -0.54988813 -0.15607643 -0.10989554
v -0.52987206 -0.15607643 -0.16998526
v -0.50985599 -0.15606618 -0.20993680
v -0.39008233 -0.15521595 -0.41001931
v -0.37014693 -0.15517497 -0.42983270
v -0.41009840 -0.15520570 -0.39004356
v -0.33011478 -0.15376131 -0.48992240
v -0.35013086 -0.15403789 -0.46994662
v -0.37014693 -0.15425302 -0.44980845
v -0.39008233 -0.15436570 -0.42983270
v -0.33011478 -0.15192765 -0.50989819
v -0.35013086 -0.15241936 -0.48992240
v -0.23947741 -0.13992184 -0.61968374
v -0.22616026 -0.14073110 -0.62228215
v -0.25005043 -0.14207305 -0.60717857
v -0.27006650 -0.14409110 -0.58996367
v -0.29008260 -0.14637548 -0.56982553
v -0.31009868 -0.14808621 -0.54984975
v -0.33011478 -0.14926425 -0.52987397
v -0.35013086 -0.15003255 -0.50989819
v -0.21009897 -0.13853891 -0.63527453
v -0.70993614 -0.10972288 0.16992766
v -0.70993614 -0.10716192 0.18990342
v -0.72180051 -0.10102583 0.18990342
v -0.73180854 -0.09551463 0.18990342
v -0.67046893 -0.13639794 0.02993485
v -0.66812837 -0.13686916 0.04991062
v -0.66998470 -0.13545550 0.07004880
v -0.66998470 -0.13455404 0.09002457
v -0.66998470 -0.13340673 0.11000034
v -0.66998470 -0.13198283 0.12997611
v -0.68870938 -0.12393114 0.12997611
v -0.68669164 -0.12302968 0.14995188
v -0.69661897 -0.11850189 0.14995188
v -0.69427836 -0.11740579 0.16992766
v -0.67079175 -0.13652086 0.00281328
v -0.67071104 -0.13651063 0.00995908
v -0.75134039 -0.08463563 0.18941621
v -0.75892711 -0.07941125 0.19591239
v -0.76828945 -0.07479127 0.18941621
v -0.78386652 -0.06236544 0.20987919
v -0.79371315 -0.05255181 0.23115420
v -0.78160667 -0.06102349 0.22579485
v -0.77975035 -0.05986594 0.23911203
v -0.78895128 -0.05549180 0.23147902
v -0.25005043 -0.13918428 -0.61724770
v -0.27006650 -0.13767843 -0.61253786
v -0.28830698 -0.13624428 -0.60799062
v -0.29379526 -0.13903062 -0.59662223
v -0.31187430 -0.13808818 -0.58996367
v -0.33011478 -0.13472819 -0.58996367
v -0.35013086 -0.13721745 -0.56917584
v -0.37176114 -0.13832378 -0.55049932
v -0.37959000 -0.13989110 -0.53945577
v -0.39008233 -0.13877451 -0.53539574
v -0.40138173 -0.14027013 -0.52094173
v -0.41453746 -0.13881549 -0.51525748
v -0.43568349 -0.13903062 -0.49593139
v -0.45610312 -0.13910232 -0.47611800
v -0.47603849 -0.13905111 -0.45565504
v -0.49548960 -0.13890769 -0.43486723
v -0.51461786 -0.13861062 -0.41342983
v -0.51994473 -0.14001402 -0.39995024
v -0.53358471 -0.13825208 -0.39004356
v -0.53810447 -0.13953257 -0.37737599
v -0.55594140 -0.13891794 -0.35398972
v -0.56029975 -0.14011647 -0.34067255
v -0.57329404 -0.13804720 -0.32995385
v -0.58862901 -0.13689989 -0.30932844
v -0.59427869 -0.13835452 -0.29000229
v -0.59782994 -0.13944037 -0.27603549
v -0.60864508 -0.13687940 -0.26953930
v -0.61381048 -0.13804720 -0.24988835
v -0.62793475 -0.13617258 -0.22796372
v -0.63172811 -0.13719696 -0.20993680
v -0.63503724 -0.13842623 -0.18996103
v -0.64988786 -0.13527112 -0.16998526
v -0.64883864 -0.13746330 -0.15179594
v -0.65335840 -0.13773990 -0.12987131
v -0.65545690 -0.13848770 -0.10989554
v -0.65723252 -0.13912281 -0.08991978
v -0.65957308 -0.13988087 -0.05597720
v -0.66013807 -0.14006525 -0.04249762
v -0.65868527 -0.13961452 -0.06994400
v -0.66046089 -0.14018817 -0.02999246
v -0.66078377 -0.14030086 -0.01001669
v -0.28459430 -0.05255181 0.77780819
v -0.29008260 -0.05497961 0.77228642
v -0.31429559 -0.05848301 0.75750768
v -0.33011478 -0.06268300 0.74419045
v -0.30856520 -0.06446543 0.75036180
v -0.31001797 -0.07538541 0.73217249
v -0.29008260 -0.07785419 0.73623264
v -0.30864590 -0.05255181 0.76887596
v -0.29008260 -0.08372393 0.72632599
v -0.28871053 -0.09423415 0.70813668
v -0.28112379 -0.10024730 0.70034122
v -0.27006650 -0.10140486 0.70245242
v -0.27006650 -0.10776631 0.68994737
v -0.27006650 -0.11638141 0.67208278
v -0.27006650 -0.12095018 0.66201377
v -0.27006650 -0.12604138 0.64983332
v -0.25005043 -0.12942186 0.64983332
v -0.25013113 -0.13707404 0.62872076
v -0.24343221 -0.14042379 0.62125015
v -0.23003435 -0.14121257 0.62384868
v -0.21001826 -0.14220622 0.62742150
v -0.21001826 -0.14671353 0.60988188
v -0.19000217 -0.14812718 0.60988188
v -0.17006680 -0.14930522 0.60988188
v -0.15005070 -0.15024766 0.60988188
v -0.42987236 -0.15051401 0.44991326
v -0.41009840 -0.15030913 0.46988901
v -0.44988844 -0.15042181 0.42993748
v -0.46998525 -0.15003255 0.40996170
v -0.46998525 -0.15214278 0.38998595
v -0.46998525 -0.15373059 0.36984777
v -0.52987206 -0.15469351 0.24999315
v -0.54988813 -0.15451936 0.20987919
v -0.50985599 -0.15465254 0.28994468
v -0.56998497 -0.15400717 0.16992766
v -0.56998497 -0.15457058 0.14995188
v -0.48992062 -0.15438619 0.32989621
v -0.58992034 -0.15356669 0.11000034
v -0.27006650 -0.15267546 0.54979205
v -0.23003435 -0.15245010 0.56993032
v -0.19000217 -0.15164083 0.58990610
v -0.31001797 -0.15233742 0.52997875
v -0.35013086 -0.15134376 0.50984061
v -0.37006623 -0.15195839 0.48986480
v -0.62987179 -0.14776865 0.07004880
v -0.60993642 -0.15124132 0.09002457
v -0.65174425 -0.14243159 0.04991062
v -0.66021878 -0.14008574 0.04325203
v -0.66054159 -0.14019842 0.02993485
v -0.66078377 -0.14029062 0.00995908
v -0.66078377 -0.14030086 0.00281328
v -0.64988786 -0.14330232 -0.02999246
v -0.62995249 -0.14809644 -0.04996823
v -0.60993642 -0.15147692 -0.06994400
v -0.58992034 -0.15364863 -0.08991978
v -0.58992034 -0.15400717 -0.06994400
v -0.56990427 -0.15529789 -0.08991978
v -0.48992062 -0.15597399 -0.24988835
v -0.46990454 -0.15581009 -0.29000229
v -0.44988844 -0.15556423 -0.32995385
v -0.42995307 -0.15512374 -0.37006778
v -0.54988813 -0.15584081 -0.12987131
v -0.54988813 -0.15553351 -0.15000950
v -0.52987206 -0.15575887 -0.18996103
v -0.50985599 -0.15571789 -0.22991258
v -0.41009840 -0.15438619 -0.41001931
v -0.37014693 -0.15279838 -0.46994662
v -0.39008233 -0.15305449 -0.44980845
v -0.41009840 -0.15315692 -0.42983270
v -0.37014693 -0.15063693 -0.48992240
v -0.39008233 -0.15108766 -0.46994662
v -0.27006650 -0.14078233 -0.60246885
v -0.28830698 -0.14171451 -0.58996367
v -0.31187430 -0.14307696 -0.57177436
v -0.33011478 -0.14554572 -0.54984975
v -0.35013086 -0.14675450 -0.52987397
v -0.37014693 -0.14762524 -0.50989819
v -0.39008233 -0.14832181 -0.48992240
v -0.69169569 -0.11614580 0.18990342
v -0.71106607 -0.10392485 0.20874237
v -0.72034776 -0.10021657 0.20143415
v -0.65965378 -0.13989110 0.05673162
v -0.65884668 -0.13966574 0.07004880
v -0.65763605 -0.13925599 0.09002457
v -0.65602183 -0.13871306 0.11000034
v -0.65424621 -0.13803697 0.12997611
v -0.65206707 -0.13722770 0.14995188
v -0.66998470 -0.13027211 0.14995188
v -0.66998470 -0.12822333 0.16992766
v -0.68435109 -0.12197457 0.16992766
v -0.74698204 -0.08401075 0.20987919
v -0.75699008 -0.07831515 0.20987919
v -0.76990366 -0.07066298 0.20987919
v -0.77175999 -0.06593031 0.23147902
v -0.78967762 -0.05255181 0.24447139
v -0.75408453 -0.07664540 0.23001736
v -0.76796663 -0.06483421 0.24999315
v -0.77797472 -0.05880057 0.24999315
v -0.28047812 -0.14004476 -0.60003281
v -0.30638602 -0.14096671 -0.58330512
v -0.31970316 -0.13993208 -0.57956982
v -0.33011478 -0.13897941 -0.57632172
v -0.34343192 -0.14060818 -0.56203008
v -0.35674909 -0.13935843 -0.55748272
v -0.36627287 -0.14111012 -0.54416561
v -0.37176114 -0.14302573 -0.53166044
v -0.39008233 -0.14130476 -0.52532661
v -0.39008233 -0.14466475 -0.50989819
v -0.40888774 -0.14153013 -0.50908613
v -0.42236632 -0.14052622 -0.50194037
v -0.44278598 -0.14064915 -0.48261419
v -0.46272135 -0.14066964 -0.46280083
v -0.48217246 -0.14054671 -0.44233784
v -0.50121999 -0.14034183 -0.42155007
v -0.50872606 -0.14114085 -0.40807047
v -0.52357668 -0.14090525 -0.39004356
v -0.54262424 -0.14071062 -0.36405882
v -0.54956532 -0.14153013 -0.34830555
v -0.54988813 -0.14409110 -0.32995385
v -0.56328601 -0.14092574 -0.32995385
v -0.58104223 -0.14033160 -0.30218264
v -0.57732958 -0.13928671 -0.31549981
v -0.58427060 -0.14116135 -0.29000229
v -0.60113901 -0.14037257 -0.26271832
v -0.61720031 -0.13917403 -0.23332307
v -0.61994445 -0.14000379 -0.22016829
v -0.63826561 -0.13948135 -0.16998526
v -0.62172008 -0.14056720 -0.20993680
v -0.63987982 -0.13998330 -0.15975377
v -0.64149404 -0.14052622 -0.14643659
v -0.64335036 -0.14114085 -0.12987131
v -0.64544880 -0.14175549 -0.10989554
v -0.64722443 -0.14226767 -0.08991978
v -0.65166348 -0.14239061 -0.04948102
v -0.64867723 -0.14265695 -0.06994400
v -0.29008260 -0.05255181 0.77585936
v -0.32987264 -0.05255181 0.75994372
v -0.33011478 -0.05632155 0.75409710
v -0.34286696 -0.06085959 0.74126720
v -0.32809702 -0.07307029 0.72794998
v -0.32026815 -0.08004637 0.71999216
v -0.31001797 -0.08820050 0.70992303
v -0.29444093 -0.09876194 0.69741797
v -0.28871053 -0.10359704 0.69043458
v -0.28806484 -0.11463995 0.66786027
v -0.28015527 -0.12000774 0.65990245
v -0.28806484 -0.12261993 0.64999580
v -0.29008260 -0.13025162 0.62985754
v -0.27006650 -0.13367307 0.62985754
v -0.25683007 -0.13957354 0.61832690
v -0.25013113 -0.14247257 0.61101866
v -0.23003435 -0.14495158 0.60988188
v -0.25005043 -0.14763547 0.58990610
v -0.23003435 -0.14932571 0.58990610
v -0.21001826 -0.15064718 0.58990610
v -0.44988844 -0.14754328 0.44991326
v -0.42987236 -0.14748181 0.46988901
v -0.39000160 -0.14983791 0.48986480
v -0.41009840 -0.14709255 0.48986480
v -0.46998525 -0.14728719 0.42993748
v -0.48992062 -0.14669304 0.40996170
v -0.48992062 -0.14938718 0.38998595
v -0.48992062 -0.15152815 0.36984777
v -0.48992062 -0.15316717 0.35003439
v -0.54988813 -0.15374082 0.23001736
v -0.52987206 -0.15384327 0.26996890
v -0.56998497 -0.15327986 0.18990342
v -0.50985599 -0.15368961 0.30992046
v -0.58992034 -0.15235791 0.14995188
v -0.58992034 -0.15303400 0.12997611
v -0.29008260 -0.15124132 0.54979205
v -0.25005043 -0.15126181 0.56993032
v -0.33011478 -0.15055498 0.52997875
v -0.37006623 -0.14914133 0.50984061
v -0.64883864 -0.14272866 0.07004880
v -0.60993642 -0.15067790 0.11000034
v -0.62987179 -0.14716426 0.09002457
v -0.62995249 -0.14760473 -0.06994400
v -0.60993642 -0.15096474 -0.08991978
v -0.58992034 -0.15316717 -0.10989554
v -0.56990427 -0.15460131 -0.12987131
v -0.56990427 -0.15500082 -0.10989554
v -0.48992062 -0.15557447 -0.27002653
v -0.46990454 -0.15531838 -0.30997807
v -0.44988844 -0.15495984 -0.34992960
v -0.42995307 -0.15429400 -0.39004356
v -0.54988813 -0.15512374 -0.16998526
v -0.52987206 -0.15530814 -0.20993680
v -0.50985599 -0.15525693 -0.24988835
v -0.42995307 -0.15308522 -0.41001931
v -0.41009840 -0.15134376 -0.44980845
v -0.42995307 -0.15136424 -0.42983270
v -0.41009840 -0.14876230 -0.46994662
v -0.33011478 -0.14169402 -0.56641495
v -0.35013086 -0.14231890 -0.55049932
v -0.41009840 -0.14534084 -0.48992240
v -0.68160689 -0.12077603 0.18990342
v -0.68015414 -0.12008969 0.20078453
v -0.68806374 -0.11527507 0.20841755
v -0.68992007 -0.11114679 0.23001736
v -0.70606208 -0.10319754 0.23001736
v -0.71841073 -0.09919218 0.21475133
v -0.72817659 -0.09471560 0.20874237
v -0.64762801 -0.14237012 0.09002457
v -0.64609450 -0.14193988 0.11000034
v -0.64423817 -0.14139695 0.12997611
v -0.64205903 -0.14071062 0.14995188
v -0.64060622 -0.14021891 0.16245703
v -0.64835441 -0.13677697 0.16944043
v -0.64996862 -0.13405210 0.18990342
v -0.66998470 -0.12592870 0.18990342
v -0.72995222 -0.09030049 0.23001736
v -0.74407649 -0.08237173 0.23001736
v -0.78790200 -0.05255181 0.24999315
v -0.74173588 -0.08102979 0.24528341
v -0.74899977 -0.07572345 0.25129238
v -0.74996829 -0.07145176 0.26996890
v -0.76457679 -0.06283666 0.26996890
v -0.77466559 -0.05673131 0.26996890
v -0.78120309 -0.05255181 0.27029371
v -0.42938811 -0.14185792 -0.48959759
v -0.44964632 -0.14199109 -0.46962184
v -0.46958169 -0.14190915 -0.44932124
v -0.48927492 -0.14160183 -0.42885825
v -0.50985599 -0.14395793 -0.39004356
v -0.48992062 -0.14481841 -0.41001931
v -0.53075987 -0.14246231 -0.37039259
v -0.52987206 -0.14569938 -0.34992960
v -0.54988813 -0.14657012 -0.30997807
v -0.56990427 -0.14462377 -0.29000229
v -0.57038850 -0.14203207 -0.30932844
v -0.59064674 -0.14215499 -0.26953930
v -0.58992034 -0.14461353 -0.24988835
v -0.60380244 -0.14115110 -0.24988835
v -0.61025929 -0.14180671 -0.22796372
v -0.60993642 -0.14376329 -0.20993680
v -0.62502921 -0.14158134 -0.18996103
v -0.63188958 -0.14286183 -0.15179594
v -0.62825757 -0.14245208 -0.16998526
v -0.62995249 -0.14491060 -0.12987131
v -0.62995249 -0.14602718 -0.10989554
v -0.62995249 -0.14691840 -0.08991978
v -0.34980801 -0.05255181 0.75084901
v -0.34972730 -0.05399619 0.74873781
v -0.35626483 -0.05883130 0.73801911
v -0.34972730 -0.06514153 0.73071086
v -0.33350459 -0.07820247 0.71658170
v -0.34657961 -0.08194149 0.70326447
v -0.32809702 -0.08344734 0.70992303
v -0.31001797 -0.09687706 0.69400740
v -0.31001797 -0.10207071 0.68393838
v -0.31001797 -0.10890338 0.66980910
v -0.29347241 -0.11865555 0.65681672
v -0.31001797 -0.12124725 0.64284992
v -0.31001797 -0.12642041 0.62985754
v -0.31001797 -0.13376527 0.60988188
v -0.29064757 -0.13739160 0.60906982
v -0.27006650 -0.13860038 0.61524117
v -0.28435218 -0.14062867 0.60192394
v -0.27006650 -0.14158134 0.60533452
v -0.27006650 -0.14555597 0.58990610
v -0.29008260 -0.14772767 0.56993032
v -0.27006650 -0.14969450 0.56993032
v -0.47151873 -0.14310768 0.45137489
v -0.45158336 -0.14316915 0.47167549
v -0.43124443 -0.14301549 0.49132645
v -0.39000160 -0.14639597 0.50984061
v -0.41074407 -0.14265695 0.51081502
v -0.49121198 -0.14282085 0.43107432
v -0.51058239 -0.14235988 0.41012412
v -0.50985599 -0.14579158 0.38998595
v -0.50985599 -0.14851645 0.36984777
v -0.50985599 -0.15067790 0.35003439
v -0.50985599 -0.15239888 0.32989621
v -0.54988813 -0.15271644 0.24999315
v -0.56998497 -0.15235791 0.20987919
v -0.52987206 -0.15273693 0.28994468
v -0.58992034 -0.15150766 0.16992766
v -0.60993642 -0.14993010 0.12997611
v -0.31001797 -0.14936669 0.54979205
v -0.35013086 -0.14819889 0.52997875
v -0.62987179 -0.14639597 0.11000034
v -0.60993642 -0.15028864 -0.10989554
v -0.58992034 -0.15256278 -0.12987131
v -0.56990427 -0.15408912 -0.15000950
v -0.48992062 -0.15501106 -0.29000229
v -0.46990454 -0.15467301 -0.32995385
v -0.44988844 -0.15407887 -0.37006778
v -0.54988813 -0.15459107 -0.18996103
v -0.52987206 -0.15472424 -0.22991258
v -0.50985599 -0.15460131 -0.27002653
v -0.44988844 -0.15113887 -0.41001931
v -0.44988844 -0.15284961 -0.39004356
v -0.42995307 -0.14894669 -0.44980845
v -0.44988844 -0.14881352 -0.42983270
v -0.42995307 -0.14569938 -0.46994662
v -0.67079175 -0.12315261 0.20841755
v -0.67805564 -0.11914726 0.21410172
v -0.67547297 -0.11795896 0.23001736
v -0.67208314 -0.11630970 0.24999315
v -0.68992007 -0.10778679 0.24999315
v -0.70275295 -0.10148681 0.24999315
v -0.71598935 -0.09793218 0.23001736
v -0.62987179 -0.14540231 0.12997611
v -0.62987179 -0.14418329 0.14995188
v -0.63124388 -0.14237012 0.16944043
v -0.62656271 -0.14202183 0.18990342
v -0.63874990 -0.13961452 0.17577422
v -0.63648999 -0.13889745 0.18990342
v -0.63342303 -0.13777062 0.20987919
v -0.64996862 -0.13166527 0.20987919
v -0.71276098 -0.09617024 0.24999315
v -0.73172784 -0.08553709 0.25129238
v -0.73955673 -0.07975955 0.25860059
v -0.73745823 -0.07861223 0.26996890
v -0.73366487 -0.07649175 0.28994468
v -0.75166321 -0.06590982 0.29108152
v -0.76191342 -0.06119764 0.28523496
v -0.76917732 -0.05539960 0.29108152
v -0.77369702 -0.05255181 0.29075670
v -0.44988844 -0.14574036 -0.44980845
v -0.46990454 -0.14541255 -0.42983270
v -0.48992062 -0.14777888 -0.39004356
v -0.50985599 -0.14690816 -0.37006778
v -0.46990454 -0.14839353 -0.41001931
v -0.52987206 -0.14810669 -0.32995385
v -0.54988813 -0.14867011 -0.29000229
v -0.56990427 -0.14686719 -0.27002653
v -0.58992034 -0.14659059 -0.22991258
v -0.60993642 -0.14557645 -0.18996103
v -0.60993642 -0.14711304 -0.16998526
v -0.60993642 -0.14839353 -0.15000950
v -0.60993642 -0.14943840 -0.12987131
v -0.35343996 -0.05255181 0.74906266
v -0.37014693 -0.05255181 0.74078000
v -0.37006623 -0.05665960 0.73444617
v -0.38249558 -0.06076740 0.72112906
v -0.37006623 -0.06270349 0.72437716
v -0.35190648 -0.07660443 0.70992303
v -0.35997748 -0.07995418 0.69969165
v -0.35190648 -0.08657172 0.69189620
v -0.33568376 -0.09882340 0.67760456
v -0.32938838 -0.09470536 0.68848562
v -0.32228589 -0.10059559 0.68101501
v -0.32938838 -0.10392485 0.67045879
v -0.32841986 -0.11467068 0.64804697
v -0.31001797 -0.11685263 0.65275669
v -0.32059097 -0.12012042 0.64025152
v -0.32841986 -0.12252773 0.62985754
v -0.33011478 -0.12974967 0.60988188
v -0.32979193 -0.13694087 0.58893168
v -0.31001797 -0.13860038 0.59526539
v -0.29775006 -0.13963501 0.59867597
v -0.29064757 -0.14263646 0.59120524
v -0.31001797 -0.14531012 0.56993032
v -0.33011478 -0.14697987 0.54979205
v -0.46603045 -0.14135598 0.46615371
v -0.48540086 -0.14124329 0.44585314
v -0.44617578 -0.14132525 0.48564228
v -0.42551401 -0.14117159 0.50480604
v -0.37006623 -0.14537159 0.52997875
v -0.38951734 -0.14207305 0.52997875
v -0.40461013 -0.14090525 0.52332020
v -0.41776586 -0.13955306 0.51812315
v -0.50428700 -0.14105891 0.42506534
v -0.51760417 -0.13938916 0.41694510
v -0.52252746 -0.14071062 0.40362793
v -0.52954924 -0.14162232 0.38852429
v -0.52987206 -0.14450085 0.36984777
v -0.52987206 -0.14725645 0.35003439
v -0.52987206 -0.14952035 0.32989621
v -0.52987206 -0.15132327 0.30992046
v -0.56998497 -0.15119010 0.23001736
v -0.54988813 -0.15143596 0.26996890
v -0.58992034 -0.15047303 0.18990342
v -0.60993642 -0.14898767 0.14995188
v -0.58992034 -0.15180473 -0.15000950
v -0.56990427 -0.15343350 -0.16998526
v -0.48992062 -0.15424278 -0.30997807
v -0.46990454 -0.15376131 -0.34992960
v -0.54988813 -0.15387399 -0.20993680
v -0.52987206 -0.15396619 -0.24988835
v -0.50985599 -0.15372033 -0.29000229
v -0.46990454 -0.15247059 -0.37006778
v -0.46990454 -0.15071888 -0.39004356
v -0.64996862 -0.12897113 0.23001736
v -0.66538417 -0.12246627 0.23001736
v -0.66207510 -0.12093993 0.24999315
v -0.66013807 -0.12007944 0.26054946
v -0.66804767 -0.11493702 0.26834488
v -0.69072711 -0.10384290 0.26915690
v -0.70065451 -0.10039071 0.26184869
v -0.60993642 -0.14783011 0.16992766
v -0.60993642 -0.14643694 0.18990342
v -0.60993642 -0.14477743 0.20987919
v -0.62341499 -0.14109989 0.20987919
v -0.62115514 -0.14038281 0.22319637
v -0.62866116 -0.13695112 0.23001736
v -0.70840263 -0.09481804 0.26915690
v -0.72753096 -0.08422588 0.26996890
v -0.72373754 -0.08211564 0.28994468
v -0.72107410 -0.08069174 0.30277464
v -0.74706274 -0.06416836 0.30992046
v -0.75941139 -0.05969179 0.29855213
v -0.76958084 -0.05255181 0.30163783
v -0.48992062 -0.15011449 -0.37006778
v -0.50985599 -0.14928474 -0.34992960
v -0.52987206 -0.15005302 -0.30997807
v -0.54988813 -0.15042181 -0.27002653
v -0.56990427 -0.14875206 -0.24988835
v -0.58992034 -0.14827059 -0.20993680
v -0.58992034 -0.14968425 -0.18996103
v -0.58992034 -0.15085205 -0.16998526
v -0.39290717 -0.05255181 0.72908688
v -0.39573202 -0.05859569 0.71739376
v -0.38943663 -0.06467031 0.71041036
v -0.37006623 -0.07109322 0.70992303
v -0.37006623 -0.07839711 0.69693077
v -0.37006623 -0.08380587 0.68686163
v -0.35013086 -0.09676438 0.67354441
v -0.35013086 -0.10180437 0.66347539
v -0.35013086 -0.10822728 0.64983332
v -0.33390814 -0.11850189 0.63635373
v -0.34520754 -0.12128823 0.62303662
v -0.35118008 -0.12437163 0.61134350
v -0.35013086 -0.13241307 0.58990610
v -0.35190648 -0.13830331 0.57041752
v -0.33624873 -0.13929696 0.57740092
v -0.32293159 -0.14049549 0.58162344
v -0.31001797 -0.14148915 0.58519638
v -0.32979193 -0.14228818 0.57041752
v -0.35190648 -0.14322037 0.55174100
v -0.47926688 -0.13983989 0.45917031
v -0.45941222 -0.13989110 0.47947091
v -0.49871802 -0.13970672 0.43838254
v -0.43891189 -0.13977842 0.49895945
v -0.37006623 -0.14160183 0.54605675
v -0.38257629 -0.14049549 0.54167187
v -0.39597416 -0.13912281 0.53663731
v -0.43124443 -0.13837501 0.51081502
v -0.41074407 -0.13775013 0.52997875
v -0.42987236 -0.13319162 0.52997875
v -0.52954924 -0.13743258 0.41012412
v -0.53592533 -0.13889745 0.39437085
v -0.51058239 -0.13818038 0.43107432
v -0.52987206 -0.13281259 0.42993748
v -0.54060650 -0.14019842 0.38105369
v -0.54415774 -0.14112037 0.36984777
v -0.55093741 -0.14250329 0.35035920
v -0.54988813 -0.14560719 0.32989621
v -0.54988813 -0.14795303 0.30992046
v -0.54988813 -0.14986864 0.28994468
v -0.56998497 -0.14974572 0.24999315
v -0.58992034 -0.14920279 0.20987919
v -0.56990427 -0.15260376 -0.18996103
v -0.48992062 -0.15325937 -0.32995385
v -0.54988813 -0.15297253 -0.22991258
v -0.52987206 -0.15296230 -0.27002653
v -0.50985599 -0.15257302 -0.30997807
v -0.48992062 -0.15191741 -0.34992960
v -0.62987179 -0.13378575 0.24999315
v -0.64996862 -0.12601066 0.24999315
v -0.65045285 -0.12284529 0.26834488
v -0.65747464 -0.11889116 0.27386662
v -0.66998470 -0.10984581 0.28994468
v -0.68499672 -0.10254193 0.28994468
v -0.69807178 -0.09906925 0.27516586
v -0.58992034 -0.14762524 0.23001736
v -0.58992034 -0.14571987 0.24999315
v -0.61106634 -0.14245208 0.23001736
v -0.60573947 -0.14172477 0.24999315
v -0.61857241 -0.13959403 0.23667596
v -0.70993614 -0.08962440 0.28994468
v -0.71098536 -0.08462539 0.30959564
v -0.71832997 -0.07910394 0.31609184
v -0.72858012 -0.07480150 0.30959564
v -0.75707078 -0.05829862 0.30992046
v -0.72995222 -0.06901371 0.32989621
v -0.74270439 -0.06165861 0.32989621
v -0.76627171 -0.05255181 0.30992046
v -0.50985599 -0.15113887 -0.32995385
v -0.52987206 -0.15166132 -0.29000229
v -0.54988813 -0.15185595 -0.24988835
v -0.56990427 -0.15028864 -0.22991258
v -0.56990427 -0.15155888 -0.20993680
v -0.41009840 -0.05255181 0.71918011
v -0.41009840 -0.05615765 0.71333361
v -0.41009840 -0.06195569 0.70326447
v -0.39105085 -0.07586687 0.68962252
v -0.39831474 -0.07944199 0.67890382
v -0.39105085 -0.08567026 0.67127073
v -0.36861345 -0.09402926 0.66818511
v -0.37434387 -0.09833170 0.65649199
v -0.36094600 -0.10027803 0.66038966
v -0.36861345 -0.10313607 0.64983332
v -0.37006623 -0.11182288 0.62985754
v -0.35118008 -0.11692433 0.62985754
v -0.35860541 -0.11960822 0.61897647
v -0.37006623 -0.12209749 0.60517204
v -0.37006623 -0.12781358 0.58990610
v -0.39000160 -0.13006723 0.56993032
v -0.37006623 -0.13463600 0.56993032
v -0.35989678 -0.13995257 0.55969882
v -0.34649891 -0.14115110 0.56408370
v -0.47151873 -0.13876428 0.47167549
v -0.48992062 -0.13432868 0.46988901
v -0.49121198 -0.13860038 0.45137489
v -0.45158336 -0.13869257 0.49132645
v -0.46998525 -0.13441063 0.48986480
v -0.50985599 -0.13384722 0.44991326
v -0.44988844 -0.13405210 0.50984061
v -0.37006623 -0.13891794 0.55612588
v -0.38951734 -0.13686916 0.54898012
v -0.41009840 -0.13184966 0.54979205
v -0.42987236 -0.12669699 0.54979205
v -0.44988844 -0.12795699 0.52997875
v -0.54988813 -0.13121454 0.40996170
v -0.54835469 -0.13637745 0.38852429
v -0.52987206 -0.12763943 0.44991326
v -0.54988813 -0.12623602 0.42993748
v -0.55416578 -0.13833404 0.36984777
v -0.55828202 -0.13954282 0.35718021
v -0.56215608 -0.14064915 0.34386301
v -0.56611085 -0.14168379 0.32989621
v -0.57151842 -0.14288232 0.31121969
v -0.56998497 -0.14594524 0.28994468
v -0.56998497 -0.14801450 0.26996890
v -0.61582828 -0.13871306 0.24999315
v -0.60937142 -0.13777062 0.27143055
v -0.62987179 -0.13078430 0.26996890
v -0.62987179 -0.12740383 0.28994468
v -0.64399606 -0.12172871 0.28994468
v -0.65400410 -0.11732385 0.28994468
v -0.64867723 -0.11569507 0.30943325
v -0.67135674 -0.10481607 0.31057006
v -0.68192977 -0.10099510 0.30439869
v -0.69508553 -0.09753267 0.28994468
v -0.59177667 -0.14286183 0.27143055
v -0.60251111 -0.14076184 0.26590881
v -0.68911296 -0.09593463 0.31057006
v -0.68992007 -0.09089464 0.32989621
v -0.70509350 -0.08286344 0.32989621
v -0.70194584 -0.08107076 0.34402543
v -0.71518230 -0.07736248 0.32989621
v -0.75279319 -0.05570692 0.32989621
v -0.75795859 -0.05255181 0.32973382
v -0.70912904 -0.07535468 0.35035920
v -0.74036384 -0.06023471 0.34077734
v -0.42769319 -0.05255181 0.70878625
v -0.42042929 -0.06017325 0.70017886
v -0.41009840 -0.06944396 0.68994737
v -0.41009840 -0.07748540 0.67516851
v -0.42212421 -0.08075320 0.66136408
v -0.41009840 -0.08277124 0.66509938
v -0.41009840 -0.09052586 0.64983332
v -0.39121225 -0.09649804 0.64983332
v -0.39871830 -0.09958145 0.63895226
v -0.38532043 -0.10154827 0.64317477
v -0.39121225 -0.10520533 0.63131928
v -0.38935593 -0.11557214 0.60874498
v -0.37006623 -0.11810238 0.61524117
v -0.38225344 -0.12057115 0.60127437
v -0.38935593 -0.12299895 0.59006846
v -0.41106692 -0.12427943 0.57122958
v -0.50985599 -0.12846918 0.46988901
v -0.48992062 -0.12876625 0.48986480
v -0.46998525 -0.12863308 0.50984061
v -0.44827425 -0.12197457 0.54898012
v -0.42987236 -0.12162627 0.56440854
v -0.46191424 -0.12061213 0.54150951
v -0.46909744 -0.12260968 0.52932918
v -0.57087278 -0.12380822 0.41028652
v -0.56998497 -0.12905309 0.38998595
v -0.56998497 -0.13337600 0.36984777
v -0.52930713 -0.12243554 0.46875221
v -0.54125220 -0.12048920 0.46144399
v -0.54867750 -0.12172871 0.44796440
v -0.55997694 -0.12000774 0.43984416
v -0.56360888 -0.12138042 0.42993748
v -0.56933928 -0.13736087 0.35035920
v -0.57619965 -0.13887696 0.32989621
v -0.57934731 -0.13981940 0.31885272
v -0.58281785 -0.14081305 0.30553553
v -0.58685338 -0.14184768 0.28994468
v -0.59960556 -0.13989110 0.27922598
v -0.60993642 -0.13477941 0.28994468
v -0.60993642 -0.13134772 0.30992046
v -0.63075960 -0.12338822 0.30943325
v -0.64117122 -0.12051994 0.30261225
v -0.63794279 -0.11914726 0.31592941
v -0.64996862 -0.11064483 0.32989621
v -0.66611063 -0.10303363 0.32989621
v -0.67894351 -0.09950974 0.31771588
v -0.67603791 -0.09804486 0.32989621
v -0.66941971 -0.09615999 0.35100883
v -0.69113070 -0.08504538 0.35035920
v -0.69863677 -0.07929857 0.35734260
v -0.74819267 -0.05335083 0.34841037
v -0.74940336 -0.05255181 0.34857276
v -0.73019433 -0.06392251 0.34841037
v -0.70993614 -0.06939274 0.36984777
v -0.73713541 -0.05836008 0.35409451
v -0.44988844 -0.05255181 0.69433224
v -0.42817745 -0.05275669 0.70813668
v -0.43366572 -0.05779667 0.69595623
v -0.44391590 -0.06153569 0.68263912
v -0.42817745 -0.06334885 0.68946016
v -0.42930740 -0.07433029 0.66867232
v -0.43544134 -0.07845857 0.65681672
v -0.42930740 -0.08404148 0.64999580
v -0.42906526 -0.09466439 0.62872076
v -0.41009840 -0.09776828 0.63521695
v -0.42180136 -0.10062632 0.62125015
v -0.41009840 -0.10243949 0.62514782
v -0.41009840 -0.10916971 0.60988188
v -0.39565131 -0.11879896 0.59688950
v -0.40517509 -0.12138042 0.58340991
v -0.41833082 -0.11955701 0.57870018
v -0.50961387 -0.12279408 0.48937759
v -0.52220464 -0.12079652 0.48239419
v -0.48951706 -0.12284529 0.50951576
v -0.48257601 -0.12085798 0.52234578
v -0.44044536 -0.12015115 0.56034839
v -0.45384324 -0.11810238 0.55482662
v -0.46909744 -0.11545946 0.54898012
v -0.47523141 -0.11845067 0.53566289
v -0.58273715 -0.12104237 0.40395275
v -0.58951676 -0.12231261 0.38836190
v -0.60033190 -0.12016140 0.38072887
v -0.58992034 -0.12642041 0.36984777
v -0.58992034 -0.13068186 0.35003439
v -0.53544104 -0.11837896 0.47476116
v -0.54867750 -0.11527507 0.46875221
v -0.55465007 -0.11796921 0.45316136
v -0.56788647 -0.11431214 0.44796440
v -0.57361692 -0.11745701 0.42993748
v -0.57813668 -0.11927018 0.41726992
v -0.58992034 -0.13454381 0.32989621
v -0.58959746 -0.13788331 0.31121969
v -0.59678066 -0.13910232 0.28994468
v -0.60993642 -0.12750626 0.32989621
v -0.62438351 -0.12185164 0.32989621
v -0.62123585 -0.12051994 0.34240139
v -0.63439155 -0.11762092 0.32989621
v -0.66239792 -0.10126144 0.34499985
v -0.62874186 -0.11564384 0.34938478
v -0.65142137 -0.10497997 0.35100883
v -0.65908885 -0.09959169 0.35831705
v -0.66998470 -0.09081269 0.36984777
v -0.68168759 -0.08094783 0.38316494
v -0.69532764 -0.07752638 0.36984777
v -0.73899174 -0.05255181 0.36984777
v -0.71009755 -0.06382007 0.38852429
v -0.72042847 -0.06027569 0.38089129
v -0.73318064 -0.05602448 0.36984777
v -0.45650667 -0.05255181 0.68994737
v -0.45029199 -0.05520497 0.68946016
v -0.45739448 -0.05900545 0.67809176
v -0.45029199 -0.06557177 0.67078352
v -0.45101839 -0.07631760 0.64999580
v -0.44512656 -0.08186978 0.64349961
v -0.43519923 -0.09844438 0.61637807
v -0.45101839 -0.08582392 0.63131928
v -0.42906526 -0.10336144 0.60988188
v -0.42987236 -0.11155654 0.58990610
v -0.41106692 -0.11712921 0.59006846
v -0.42987236 -0.11783604 0.57431519
v -0.50259209 -0.12090920 0.50253236
v -0.51598996 -0.11863506 0.49571136
v -0.52930713 -0.11586921 0.48937759
v -0.49597389 -0.11866579 0.51601195
v -0.48951706 -0.11599214 0.52932918
v -0.44827425 -0.11462970 0.56814384
v -0.48992062 -0.10802240 0.54979205
v -0.47143802 -0.10561509 0.57155430
v -0.48992062 -0.10205022 0.56473339
v -0.59605432 -0.11847116 0.39404607
v -0.60824150 -0.11483458 0.38836190
v -0.61348766 -0.11729311 0.36984777
v -0.61752319 -0.11901408 0.35571855
v -0.60347962 -0.12140091 0.36984777
v -0.61050141 -0.12322432 0.34938478
v -0.54988813 -0.10772533 0.48986480
v -0.57127631 -0.10535900 0.47102585
v -0.59048533 -0.10425265 0.45007566
v -0.58992034 -0.11079849 0.42993748
v -0.58951676 -0.11659653 0.41028652
v -0.62987179 -0.11008142 0.36984777
v -0.64585239 -0.10280827 0.36984777
v -0.64205903 -0.10100535 0.38348976
v -0.65586042 -0.09800389 0.36984777
v -0.64924222 -0.09560682 0.39014834
v -0.67071104 -0.08470733 0.38982353
v -0.67789423 -0.07896052 0.39648214
v -0.68895149 -0.07502687 0.38982353
v -0.72825730 -0.05322790 0.38852429
v -0.72930658 -0.05255181 0.38852429
v -0.70347935 -0.06202739 0.40606400
v -0.71679652 -0.05817569 0.39420846
v -0.47022736 -0.05255181 0.68052781
v -0.46998525 -0.05653667 0.67354441
v -0.46998525 -0.06200691 0.66363776
v -0.45836300 -0.07946247 0.63878989
v -0.45053414 -0.09620097 0.60988188
v -0.44423875 -0.10143559 0.60306084
v -0.46998525 -0.08221807 0.62433589
v -0.46998525 -0.08912244 0.60988188
v -0.45053414 -0.10464192 0.59071803
v -0.50961387 -0.11614580 0.50951576
v -0.52987206 -0.10848337 0.50984061
v -0.50985599 -0.10861655 0.52997875
v -0.50816107 -0.10206047 0.54849291
v -0.50041294 -0.10018583 0.56034839
v -0.46586904 -0.10208096 0.58454669
v -0.47910547 -0.09973510 0.57934976
v -0.60993642 -0.10814533 0.40996170
v -0.63075960 -0.10437558 0.39014834
v -0.54843539 -0.10187607 0.50789165
v -0.56005764 -0.10004242 0.50009632
v -0.56417382 -0.10186583 0.48986480
v -0.57894379 -0.09955072 0.47849646
v -0.58410919 -0.10186583 0.46517929
v -0.59742635 -0.09893608 0.45673424
v -0.60259181 -0.10119998 0.44341707
v -0.60945213 -0.10282876 0.42831343
v -0.63802350 -0.09913072 0.39680693
v -0.64996862 -0.08923513 0.40996170
v -0.66401213 -0.08211564 0.40996170
v -0.67402017 -0.07684004 0.40996170
v -0.69177639 -0.06667811 0.41158575
v -0.71687722 -0.05255181 0.41093615
v -0.69952452 -0.05982496 0.41921878
v -0.71009755 -0.05634204 0.41158575
v -0.48774144 -0.05255181 0.66802263
v -0.49339116 -0.05742789 0.65503037
v -0.46998525 -0.06925957 0.64983332
v -0.46998525 -0.07726004 0.63440490
v -0.45747519 -0.09917169 0.59802628
v -0.48047754 -0.08024101 0.62027574
v -0.49387541 -0.07768004 0.61507881
v -0.48992062 -0.09091513 0.58990610
v -0.47143802 -0.09736877 0.59071803
v -0.52850002 -0.10218339 0.52835464
v -0.54060650 -0.10030876 0.52055931
v -0.52075183 -0.10038047 0.54069746
v -0.50210786 -0.08085564 0.60159922
v -0.50816107 -0.09361951 0.56814384
v -0.52850002 -0.09394731 0.54849291
v -0.62397999 -0.10187607 0.40996170
v -0.62050945 -0.10027803 0.42068043
v -0.58927464 -0.08328344 0.50886619
v -0.60130048 -0.08067125 0.50155795
v -0.58992034 -0.09032098 0.48986480
v -0.57426262 -0.09744047 0.48986480
v -0.55400437 -0.09746096 0.51341343
v -0.58225286 -0.08108100 0.52250814
v -0.59048533 -0.09698974 0.47102585
v -0.60945213 -0.09565804 0.45007566
v -0.61187345 -0.08672538 0.47183788
v -0.61590898 -0.09810633 0.43399760
v -0.63398802 -0.09712292 0.40996170
v -0.64972645 -0.08334490 0.42847586
v -0.66054159 -0.08036393 0.42100522
v -0.66837049 -0.07367468 0.42847586
v -0.68628812 -0.06349227 0.42993748
v -0.70565850 -0.05255181 0.42993748
v -0.69629616 -0.05797082 0.42993748
v -0.50912958 -0.05255181 0.65194464
v -0.51276153 -0.05255181 0.64918375
v -0.50226927 -0.06097227 0.64171314
v -0.48822570 -0.07333663 0.62823355
v -0.50912958 -0.07446346 0.60890734
v -0.50937176 -0.06414787 0.62985754
v -0.53414971 -0.09763511 0.53387642
v -0.54843539 -0.09387561 0.52835464
v -0.51534426 -0.07814101 0.59591508
v -0.50912958 -0.08360100 0.58941889
v -0.52276957 -0.08123466 0.58243549
v -0.52962995 -0.08412343 0.56976783
v -0.54980743 -0.08423612 0.54979205
v -0.54318923 -0.08141905 0.56310928
v -0.62817687 -0.09398829 0.42831343
v -0.59557003 -0.07799760 0.51487505
v -0.60880649 -0.07401273 0.50886619
v -0.61590898 -0.07801808 0.48986480
v -0.61986375 -0.07997467 0.47979569
v -0.60582018 -0.08289417 0.48986480
v -0.56966209 -0.08394929 0.52949154
v -0.56296319 -0.08138832 0.54313350
v -0.57628036 -0.07831515 0.53582525
v -0.58927464 -0.07487322 0.52949154
v -0.62486780 -0.08241270 0.46647853
v -0.63084030 -0.08519904 0.45040047
v -0.64294684 -0.08151124 0.44406667
v -0.65618324 -0.07811028 0.43432242
v -0.68209118 -0.06117715 0.44309226
v -0.68927437 -0.05468253 0.44975084
v -0.69314849 -0.05255181 0.44942605
v -0.51550567 -0.05818594 0.63635373
v -0.52995276 -0.05255181 0.63505459
v -0.53019494 -0.05531766 0.62985754
v -0.53019494 -0.06502885 0.61036909
v -0.52357668 -0.06158691 0.62303662
v -0.52962995 -0.07513955 0.58941889
v -0.53616744 -0.07842784 0.57642651
v -0.54980743 -0.07543663 0.56976783
v -0.55650640 -0.07848930 0.55645072
v -0.60364103 -0.06184300 0.54410791
v -0.61009783 -0.06469080 0.52981639
v -0.62946826 -0.06360495 0.50886619
v -0.62252718 -0.06131032 0.52299535
v -0.62987179 -0.07097030 0.48986480
v -0.65174425 -0.06687275 0.47151306
v -0.63084030 -0.07743418 0.47183788
v -0.57071137 -0.06562299 0.57057989
v -0.59766853 -0.05888252 0.55742514
v -0.63810420 -0.07914491 0.45738387
v -0.64972645 -0.07575419 0.45040047
v -0.67046893 -0.06499812 0.44975084
v -0.67757142 -0.05870838 0.45640945
v -0.68967795 -0.05255181 0.45478541
v -0.53600603 -0.05255181 0.63002002
v -0.55053383 -0.05255181 0.61719000
v -0.55053383 -0.05605521 0.61036909
v -0.53689384 -0.05873911 0.61719000
v -0.54431915 -0.06198642 0.60387290
v -0.55053383 -0.06554104 0.59055567
v -0.56457740 -0.06216056 0.58438432
v -0.61631250 -0.05255181 0.55027938
v -0.61695820 -0.05847277 0.53631258
v -0.64117122 -0.06065471 0.50139558
v -0.63584435 -0.05786838 0.51487505
v -0.62946826 -0.05479522 0.52981639
v -0.64552951 -0.06295958 0.48986480
v -0.65957308 -0.05980447 0.47930849
v -0.66425431 -0.06235520 0.46599132
v -0.57789457 -0.05901570 0.57772565
v -0.59056604 -0.05619863 0.57057989
v -0.59782994 -0.05255181 0.57057989
v -0.61034000 -0.05255181 0.55693793
v -0.67845923 -0.05255181 0.47102585
v -0.55779773 -0.05255181 0.61053145
v -0.55763632 -0.05900545 0.59786391
v -0.62971038 -0.05255181 0.53452611
v -0.65561831 -0.05770448 0.48986480
v -0.64883864 -0.05255181 0.51113975
v -0.63382661 -0.05255181 0.52965391
v -0.66498065 -0.05255181 0.48986480
v -0.67022681 -0.05255181 0.48271900
v -0.57071137 -0.05628058 0.59055567
v -0.57829809 -0.05255181 0.59071803
v -0.59072745 -0.05255181 0.57805049
v -0.57079208 -0.05255181 0.59818864
f 1 2 3
f 1 3 4
f 1 4 10
f 1 10 19
f 1 19 31
f 1 31 171
f 1 171 299
f 1 299 447
f 1 447 446
f 1 446 595
f 1 595 594
f 1 594 746
f 1 746 745
f 1 745 910
f 1 910 912
f 1 912 1067
f 1 1067 1224
f 1 1224 1223
f 1 1223 1388
f 1 1388 1541
f 1 1541 1561
f 1 1561 1408
f 1 1408 1243
f 1 1243 1085
f 1 1085 926
f 1 926 760
f 1 760 759
f 1 759 607
f 1 607 455
f 1 455 303
f 1 303 172
f 1 172 32
f 1 32 20
f 1 20 11
f 1 11 5
f 1 5 13
f 1 13 24
f 1 24 69
f 1 69 205
f 1 205 343
f 1 343 498
f 1 498 497
f 1 497 655
f 1 655 820
f 1 820 984
f 1 984 1142
f 1 1142 1301
f 1 1301 1471
f 1 1471 1617
f 1 1617 1753
f 1 1753 1892
f 1 1892 2011
f 1 2011 2017
f 1 2017 2117
f 1 2117 2202
f 1 2202 2277
f 1 2277 2343
f 1 2343 2396
f 1 2396 2449
f 1 2449 2494
f 1 2494 2528
f 1 2528 2563
f 1 2563 2595
f 1 2595 2618
f 1 2618 2638
f 1 2638 2646
f 1 2646 2645
f 1 2645 2643
f 1 2643 2644
f 1 2644 2641
f 1 2641 2626
f 1 2626 2637
f 1 2637 2636
f 1 2636 2649
f 1 2649 2648
f 1 2648 2650
f 1 2650 2639
f 1 2639 2620
f 1 2620 2619
f 1 2619 2597
f 1 2597 2566
f 1 2566 2565
f 1 2565 2531
f 1 2531 2497
f 1 2497 2453
f 1 2453 2400
f 1 2400 2346
f 1 2346 2283
f 1 2283 2211
f 1 2211 2132
f 1 2132 2131
f 1 2131 2040
f 1 2040 1934
f 1 1934 1805
f 1 1805 1933
f 1 1933 1798
f 1 1798 1654
f 1 1654 1515
f 1 1515 1514
f 1 1514 1363
f 1 1363 1202
f 1 1202 1047
f 1 1047 894
f 1 894 730
f 1 730 581
f 1 581 580
f 1 580 433
f 1 433 288
f 1 288 164
f 1 164 25
f 1 25 14
f 1 14 6
f 1 6 2
f 2 6 3
f 3 7 8
f 3 8 9
f 3 9 4
f 3 6 7
f 4 9 10
f 5 11 12
f 5 12 13
f 6 14 15
f 6 15 7
f 7 15 16
f 7 16 8
f 8 16 28
f 8 28 17
f 8 17 18
f 8 18 9
f 9 18 19
f 9 19 10
f 11 20 12
f 12 21 22
f 12 22 23
f 12 23 24
f 12 24 13
f 12 20 21
f 14 25 26
f 14 26 15
f 15 26 16
f 16 26 27
f 16 27 167
f 16 167 28
f 17 28 168
f 17 168 29
f 17 29 18
f 18 29 30
f 18 30 19
f 19 30 31
f 20 32 173
f 20 173 33
f 20 33 34
f 20 34 35
f 20 35 36
f 20 36 37
f 20 37 38
f 20 38 39
f 20 39 40
f 20 40 41
f 20 41 42
f 20 42 43
f 20 43 44
f 20 44 45
f 20 45 46
f 20 46 47
f 20 47 48
f 20 48 49
f 20 49 50
f 20 50 51
f 20 51 52
f 20 52 53
f 20 53 54
f 20 54 55
f 20 55 56
f 20 56 57
f 20 57 58
f 20 58 59
f 20 59 60
f 20 60 61
f 20 61 62
f 20 62 63
f 20 63 64
f 20 64 65
f 20 65 21
f 21 65 22
f 22 66 23
f 22 65 67
f 22 67 66
f 23 68 24
f 23 66 68
f 24 68 70
f 24 70 71
f 24 71 72
f 24 72 73
f 24 73 74
f 24 74 75
f 24 75 76
f 24 76 77
f 24 77 78
f 24 78 79
f 24 79 80
f 24 80 81
f 24 81 82
f 24 82 83
f 24 83 84
f 24 84 85
f 24 85 86
f 24 86 87
f 24 87 88
f 24 88 89
f 24 89 90
f 24 90 91
f 24 91 92
f 24 92 93
f 24 93 94
f 24 94 95
f 24 95 96
f 24 96 97
f 24 97 98
f 24 98 99
f 24 99 100
f 24 100 101
f 24 101 102
f 24 102 103
f 24 103 104
f 24 104 105
f 24 105 106
f 24 106 107
f 24 107 108
f 24 108 109
f 24 109 110
f 24 110 111
f 24 111 112
f 24 112 113
f 24 113 114
f 24 114 115
f 24 115 116
f 24 116 117
f 24 117 118
f 24 118 119
f 24 119 120
f 24 120 121
f 24 121 122
f 24 122 123
f 24 123 124
f 24 124 125
f 24 125 126
f 24 126 127
f 24 127 128
f 24 128 129
f 24 129 130
f 24 130 131
f 24 131 132
f 24 132 133
f 24 133 134
f 24 134 135
f 24 135 136
f 24 136 137
f 24 137 138
f 24 138 139
f 24 139 140
f 24 140 141
f 24 141 142
f 24 142 143
f 24 143 144
f 24 144 145
f 24 145 146
f 24 146 147
f 24 147 148
f 24 148 149
f 24 149 150
f 24 150 151
f 24 151 152
f 24 152 153
f 24 153 154
f 24 154 155
f 24 155 156
f 24 156 157
f 24 157 158
f 24 158 159
f 24 159 160
f 24 160 161
f 24 161 162
f 24 162 163
f 24 163 69
f 25 164 165
f 25 165 26
f 26 165 166
f 26 166 27
f 27 166 291
f 27 291 167
f 28 167 168
f 29 168 169
f 29 169 30
f 30 169 170
f 30 170 171
f 30 171 31
f 32 172 173
f 33 174 175
f 33 175 176
f 33 176 177
f 33 177 34
f 33 173 302
f 33 302 178
f 33 178 174
f 34 177 35
f 35 177 36
f 36 177 37
f 37 177 179
f 37 179 38
f 38 179 39
f 39 179 40
f 40 180 41
f 40 179 180
f 41 180 181
f 41 181 182
f 41 182 42
f 42 182 183
f 42 183 43
f 43 183 44
f 44 183 184
f 44 184 45
f 45 184 46
f 46 184 47
f 47 184 321
f 47 321 185
f 47 185 186
f 47 186 48
f 48 186 49
f 49 186 187
f 49 187 188
f 49 188 50
f 50 188 189
f 50 189 51
f 51 189 190
f 51 190 52
f 52 190 53
f 53 190 191
f 53 191 54
f 54 191 55
f 55 191 192
f 55 192 56
f 56 192 57
f 57 192 193
f 57 193 194
f 57 194 58
f 58 194 59
f 59 194 195
f 59 195 60
f 60 196 61
f 60 195 196
f 61 196 62
f 62 196 63
f 63 196 197
f 63 197 198
f 63 198 64
f 64 198 67
f 64 67 65
f 66 199 200
f 66 200 70
f 66 70 68
f 66 67 201
f 66 201 199
f 67 198 202
f 67 202 201
f 69 203 204
f 69 204 205
f 69 163 206
f 69 206 203
f 70 200 71
f 71 200 72
f 72 200 207
f 72 207 73
f 73 207 74
f 74 207 208
f 74 208 75
f 75 208 209
f 75 209 76
f 76 209 77
f 77 209 78
f 78 209 79
f 79 209 210
f 79 210 80
f 80 210 81
f 81 210 211
f 81 211 212
f 81 212 213
f 81 213 82
f 82 213 83
f 83 213 214
f 83 214 215
f 83 215 84
f 84 215 216
f 84 216 217
f 84 217 85
f 85 217 86
f 86 218 87
f 86 217 219
f 86 219 218
f 87 218 88
f 88 220 221
f 88 221 89
f 88 218 220
f 89 221 222
f 89 222 223
f 89 223 90
f 90 223 224
f 90 224 91
f 91 224 225
f 91 225 92
f 92 225 226
f 92 226 227
f 92 227 93
f 93 227 94
f 94 228 229
f 94 229 95
f 94 227 228
f 95 229 96
f 96 229 230
f 96 230 97
f 97 230 231
f 97 231 98
f 98 231 99
f 99 231 232
f 99 232 100
f 100 232 233
f 100 233 101
f 101 233 102
f 102 233 234
f 102 234 235
f 102 235 103
f 103 235 104
f 104 235 105
f 105 235 236
f 105 236 106
f 106 236 237
f 106 237 238
f 106 238 107
f 107 238 108
f 108 238 239
f 108 239 109
f 109 239 110
f 110 239 240
f 110 240 111
f 111 240 241
f 111 241 112
f 112 241 242
f 112 242 113
f 113 242 114
f 114 242 243
f 114 243 115
f 115 243 116
f 116 243 244
f 116 244 245
f 116 245 117
f 117 245 246
f 117 246 247
f 117 247 118
f 118 247 248
f 118 248 119
f 119 248 249
f 119 249 120
f 120 249 121
f 121 249 250
f 121 250 251
f 121 251 122
f 122 251 252
f 122 252 123
f 123 252 253
f 123 253 124
f 124 253 125
f 125 254 126
f 125 253 254
f 126 255 256
f 126 256 127
f 126 254 255
f 127 256 128
f 128 256 257
f 128 257 129
f 129 257 258
f 129 258 130
f 130 258 259
f 130 259 131
f 131 259 132
f 132 259 133
f 133 260 134
f 133 259 260
f 134 260 261
f 134 261 135
f 135 262 136
f 135 261 262
f 136 263 264
f 136 264 137
f 136 262 263
f 137 264 138
f 138 264 265
f 138 265 266
f 138 266 139
f 139 266 140
f 140 266 267
f 140 267 268
f 140 268 141
f 141 268 269
f 141 269 142
f 142 269 270
f 142 270 143
f 143 270 144
f 144 270 145
f 145 271 272
f 145 272 273
f 145 273 146
f 145 270 271
f 146 273 274
f 146 274 147
f 147 274 275
f 147 275 276
f 147 276 277
f 147 277 148
f 148 277 149
f 149 277 150
f 150 277 278
f 150 278 151
f 151 278 279
f 151 279 152
f 152 279 280
f 152 280 153
f 153 280 154
f 154 280 281
f 154 281 155
f 155 281 282
f 155 282 156
f 156 282 283
f 156 283 157
f 157 283 158
f 158 283 159
f 159 283 284
f 159 284 160
f 160 285 161
f 160 284 285
f 161 285 286
f 161 286 287
f 161 287 162
f 162 287 163
f 163 287 206
f 164 288 165
f 165 288 289
f 165 289 290
f 165 290 166
f 166 290 291
f 167 291 292
f 167 292 293
f 167 293 168
f 168 293 294
f 168 294 295
f 168 295 169
f 169 295 296
f 169 296 297
f 169 297 298
f 169 298 170
f 170 298 299
f 170 299 171
f 172 300 301
f 172 301 302
f 172 302 173
f 172 303 304
f 172 304 300
f 174 305 175
f 174 178 306
f 174 306 307
f 174 307 305
f 175 308 309
f 175 309 310
f 175 310 311
f 175 311 312
f 175 312 176
f 175 305 308
f 176 312 177
f 177 312 313
f 177 313 310
f 177 310 314
f 177 314 315
f 177 315 316
f 177 316 179
f 178 302 454
f 178 454 306
f 179 317 181
f 179 181 180
f 179 316 315
f 179 315 469
f 179 469 317
f 181 318 319
f 181 319 182
f 181 317 470
f 181 470 318
f 182 319 183
f 183 320 321
f 183 321 184
f 183 319 473
f 183 473 320
f 185 321 322
f 185 322 186
f 186 323 187
f 186 322 323
f 187 323 324
f 187 324 188
f 188 325 189
f 188 324 325
f 189 325 326
f 189 326 190
f 190 326 327
f 190 327 191
f 191 328 192
f 191 327 328
f 192 328 329
f 192 329 330
f 192 330 193
f 193 330 194
f 194 331 332
f 194 332 195
f 194 330 331
f 195 332 196
f 196 332 333
f 196 333 197
f 197 333 334
f 197 334 198
f 198 334 202
f 199 335 207
f 199 207 200
f 199 201 336
f 199 336 337
f 199 337 335
f 201 202 338
f 201 338 336
f 202 334 339
f 202 339 338
f 203 340 341
f 203 341 204
f 203 206 340
f 204 341 342
f 204 342 343
f 204 343 205
f 206 344 340
f 206 287 345
f 206 345 344
f 207 335 346
f 207 346 208
f 208 346 347
f 208 347 209
f 209 347 348
f 209 348 210
f 210 348 349
f 210 349 211
f 211 349 212
f 212 350 351
f 212 351 214
f 212 214 213
f 212 349 350
f 214 351 352
f 214 352 215
f 215 352 353
f 215 353 216
f 216 353 217
f 217 353 354
f 217 354 219
f 218 219 220
f 219 354 355
f 219 355 220
f 220 355 356
f 220 356 221
f 221 356 223
f 221 223 222
f 223 356 357
f 223 357 358
f 223 358 359
f 223 359 360
f 223 360 224
f 224 360 361
f 224 361 225
f 225 361 226
f 226 361 362
f 226 362 363
f 226 363 364
f 226 364 228
f 226 228 227
f 228 364 365
f 228 365 229
f 229 365 366
f 229 366 230
f 230 366 231
f 231 366 367
f 231 367 368
f 231 368 232
f 232 368 233
f 233 368 369
f 233 369 370
f 233 370 235
f 233 235 234
f 235 371 372
f 235 372 373
f 235 373 374
f 235 374 236
f 235 370 371
f 236 374 237
f 237 375 239
f 237 239 238
f 237 374 375
f 239 376 377
f 239 377 378
f 239 378 379
f 239 379 241
f 239 241 240
f 239 375 376
f 241 379 380
f 241 380 242
f 242 380 381
f 242 381 382
f 242 382 244
f 242 244 243
f 244 383 384
f 244 384 246
f 244 246 245
f 244 382 383
f 246 385 386
f 246 386 248
f 246 248 247
f 246 384 385
f 248 386 385
f 248 385 387
f 248 387 388
f 248 388 389
f 248 389 390
f 248 390 249
f 249 390 250
f 250 390 389
f 250 389 391
f 250 391 251
f 251 391 252
f 252 392 393
f 252 393 253
f 252 391 392
f 253 393 254
f 254 394 255
f 254 393 394
f 255 394 395
f 255 395 396
f 255 396 257
f 255 257 256
f 257 396 395
f 257 395 397
f 257 397 398
f 257 398 399
f 257 399 400
f 257 400 259
f 257 259 258
f 259 400 399
f 259 399 401
f 259 401 402
f 259 402 260
f 260 403 404
f 260 404 405
f 260 405 261
f 260 402 401
f 260 401 403
f 261 405 262
f 262 406 263
f 262 405 406
f 263 406 407
f 263 407 408
f 263 408 264
f 264 408 265
f 265 408 409
f 265 409 410
f 265 410 266
f 266 410 267
f 267 410 411
f 267 411 268
f 268 412 269
f 268 411 412
f 269 413 414
f 269 414 271
f 269 271 270
f 269 412 413
f 271 415 416
f 271 416 272
f 271 414 415
f 272 416 273
f 273 417 274
f 273 416 417
f 274 417 418
f 274 418 419
f 274 419 276
f 274 276 275
f 276 419 418
f 276 418 420
f 276 420 421
f 276 421 277
f 277 421 422
f 277 422 278
f 278 422 279
f 279 423 280
f 279 422 423
f 280 424 425
f 280 425 281
f 280 423 426
f 280 426 424
f 281 427 428
f 281 428 282
f 281 425 427
f 282 428 283
f 283 429 284
f 283 428 429
f 284 429 430
f 284 430 431
f 284 431 285
f 285 431 286
f 286 432 287
f 286 431 432
f 287 432 345
f 288 433 434
f 288 434 289
f 289 434 435
f 289 435 290
f 290 435 436
f 290 436 437
f 290 437 438
f 290 438 291
f 291 438 292
f 292 438 439
f 292 439 294
f 292 294 293
f 294 439 440
f 294 440 441
f 294 441 296
f 294 296 295
f 296 441 442
f 296 442 443
f 296 443 297
f 297 443 444
f 297 444 298
f 298 444 445
f 298 445 446
f 298 446 447
f 298 447 299
f 300 448 449
f 300 449 301
f 300 304 450
f 300 450 451
f 300 451 452
f 300 452 448
f 301 453 302
f 301 449 453
f 302 453 454
f 303 455 456
f 303 456 450
f 303 450 304
f 305 307 457
f 305 457 458
f 305 458 467
f 305 467 308
f 306 454 307
f 307 454 459
f 307 459 449
f 307 449 460
f 307 460 461
f 307 461 462
f 307 462 463
f 307 463 457
f 308 464 465
f 308 465 466
f 308 466 309
f 308 467 468
f 308 468 464
f 309 466 310
f 310 313 312
f 310 312 311
f 310 466 314
f 314 469 315
f 314 466 617
f 314 617 469
f 317 469 471
f 317 471 470
f 318 470 472
f 318 472 473
f 318 473 319
f 320 473 625
f 320 625 474
f 320 474 475
f 320 475 321
f 321 475 322
f 322 475 629
f 322 629 476
f 322 476 323
f 323 477 324
f 323 476 631
f 323 631 477
f 324 477 478
f 324 478 325
f 325 479 326
f 325 478 479
f 326 479 480
f 326 480 327
f 327 480 481
f 327 481 482
f 327 482 328
f 328 482 483
f 328 483 329
f 329 483 330
f 330 483 484
f 330 484 485
f 330 485 331
f 331 485 332
f 332 485 486
f 332 486 487
f 332 487 333
f 333 487 334
f 334 487 339
f 335 337 346
f 336 338 337
f 337 338 488
f 337 488 489
f 337 489 490
f 337 490 346
f 338 339 491
f 338 491 488
f 339 487 491
f 340 492 341
f 340 344 499
f 340 499 492
f 341 493 494
f 341 494 495
f 341 495 342
f 341 492 493
f 342 495 653
f 342 653 496
f 342 496 497
f 342 497 498
f 342 498 343
f 344 345 500
f 344 500 499
f 345 432 501
f 345 501 500
f 346 490 347
f 347 490 502
f 347 502 348
f 348 502 503
f 348 503 350
f 348 350 349
f 350 503 504
f 350 504 505
f 350 505 351
f 351 505 506
f 351 506 352
f 352 506 353
f 353 506 507
f 353 507 354
f 354 507 508
f 354 508 509
f 354 509 510
f 354 510 355
f 355 510 357
f 355 357 356
f 357 510 511
f 357 511 359
f 357 359 358
f 359 511 512
f 359 512 513
f 359 513 360
f 360 513 514
f 360 514 515
f 360 515 361
f 361 515 362
f 362 515 363
f 363 515 516
f 363 516 517
f 363 517 518
f 363 518 519
f 363 519 364
f 364 519 365
f 365 519 520
f 365 520 366
f 366 520 367
f 367 520 521
f 367 521 522
f 367 522 368
f 368 522 369
f 369 522 523
f 369 523 524
f 369 524 370
f 370 524 371
f 371 524 525
f 371 525 372
f 372 525 526
f 372 526 527
f 372 527 528
f 372 528 373
f 373 528 374
f 374 528 375
f 375 528 376
f 376 527 529
f 376 529 377
f 376 528 527
f 377 529 530
f 377 530 531
f 377 531 378
f 378 532 533
f 378 533 534
f 378 534 535
f 378 535 379
f 378 531 532
f 379 535 380
f 380 535 381
f 381 383 382
f 381 535 536
f 381 536 383
f 383 536 537
f 383 537 384
f 384 537 385
f 385 537 387
f 387 538 539
f 387 539 388
f 387 537 536
f 387 536 540
f 387 540 541
f 387 541 538
f 388 539 542
f 388 542 543
f 388 543 544
f 388 544 389
f 389 544 545
f 389 545 391
f 391 545 392
f 392 545 546
f 392 546 547
f 392 547 393
f 393 547 394
f 394 547 548
f 394 548 395
f 395 548 549
f 395 549 397
f 397 399 398
f 397 549 399
f 399 550 551
f 399 551 401
f 399 549 552
f 399 552 550
f 401 551 403
f 403 553 554
f 403 554 404
f 403 551 553
f 404 554 555
f 404 555 405
f 405 555 406
f 406 555 556
f 406 556 407
f 407 556 557
f 407 557 409
f 407 409 408
f 409 558 411
f 409 411 410
f 409 557 559
f 409 559 558
f 411 558 412
f 412 560 413
f 412 558 560
f 413 560 561
f 413 561 562
f 413 562 563
f 413 563 415
f 413 415 414
f 415 564 565
f 415 565 416
f 415 563 564
f 416 565 417
f 417 565 418
f 418 565 566
f 418 566 567
f 418 567 568
f 418 568 420
f 420 568 569
f 420 569 421
f 421 569 422
f 422 569 570
f 422 570 426
f 422 426 423
f 424 426 571
f 424 571 572
f 424 572 723
f 424 723 573
f 424 573 427
f 424 427 425
f 426 570 574
f 426 574 571
f 427 573 575
f 427 575 429
f 427 429 428
f 429 575 576
f 429 576 430
f 430 576 431
f 431 577 578
f 431 578 501
f 431 501 432
f 431 576 579
f 431 579 577
f 433 580 434
f 434 580 581
f 434 581 582
f 434 582 435
f 435 582 436
f 436 583 584
f 436 584 585
f 436 585 586
f 436 586 437
f 436 582 583
f 437 586 587
f 437 587 438
f 438 587 588
f 438 588 439
f 439 588 440
f 440 588 589
f 440 589 441
f 441 589 442
f 442 589 590
f 442 590 591
f 442 591 443
f 443 591 444
f 444 591 592
f 444 592 445
f 445 592 593
f 445 593 594
f 445 594 595
f 445 595 446
f 448 596 597
f 448 597 598
f 448 598 449
f 448 452 599
f 448 599 596
f 449 598 600
f 449 600 601
f 449 601 460
f 449 459 454
f 449 454 453
f 450 456 451
f 451 456 602
f 451 602 603
f 451 603 604
f 451 604 605
f 451 605 452
f 452 605 606
f 452 606 599
f 455 607 456
f 456 607 602
f 457 463 458
f 458 463 467
f 460 601 608
f 460 608 461
f 461 608 609
f 461 609 610
f 461 610 462
f 462 610 611
f 462 611 463
f 463 611 612
f 463 612 613
f 463 613 467
f 464 614 615
f 464 615 465
f 464 468 616
f 464 616 614
f 465 615 617
f 465 617 466
f 467 613 468
f 468 613 618
f 468 618 619
f 468 619 616
f 469 620 624
f 469 624 471
f 469 617 621
f 469 621 620
f 470 622 626
f 470 626 623
f 470 623 472
f 470 471 624
f 470 624 622
f 472 623 473
f 473 623 626
f 473 626 625
f 474 625 627
f 474 627 785
f 474 785 628
f 474 628 475
f 475 628 629
f 476 629 630
f 476 630 631
f 477 632 478
f 477 631 633
f 477 633 632
f 478 632 791
f 478 791 634
f 478 634 479
f 479 635 480
f 479 634 635
f 480 635 636
f 480 636 481
f 481 636 637
f 481 637 482
f 482 638 483
f 482 637 638
f 483 638 639
f 483 639 484
f 484 639 640
f 484 640 485
f 485 641 642
f 485 642 486
f 485 640 641
f 486 642 487
f 487 643 491
f 487 642 643
f 488 491 489
f 489 491 644
f 489 644 645
f 489 645 646
f 489 646 502
f 489 502 490
f 491 643 647
f 491 647 644
f 492 648 493
f 492 499 649
f 492 649 648
f 493 650 651
f 493 651 494
f 493 648 650
f 494 651 652
f 494 652 653
f 494 653 495
f 496 653 817
f 496 817 654
f 496 654 655
f 496 655 497
f 499 500 656
f 499 656 649
f 500 501 657
f 500 657 656
f 501 578 657
f 502 646 658
f 502 658 503
f 503 658 659
f 503 659 504
f 504 659 660
f 504 660 505
f 505 660 661
f 505 661 662
f 505 662 506
f 506 662 663
f 506 663 507
f 507 663 508
f 508 663 664
f 508 664 665
f 508 665 509
f 509 665 666
f 509 666 510
f 510 666 511
f 511 666 667
f 511 667 668
f 511 668 669
f 511 669 512
f 512 670 671
f 512 671 513
f 512 669 670
f 513 671 672
f 513 672 515
f 513 515 514
f 515 672 516
f 516 672 673
f 516 673 674
f 516 674 517
f 517 674 675
f 517 675 518
f 518 675 676
f 518 676 677
f 518 677 521
f 518 521 520
f 518 520 519
f 521 677 522
f 522 677 523
f 523 677 678
f 523 678 679
f 523 679 524
f 524 679 525
f 525 680 526
f 525 679 680
f 526 680 681
f 526 681 527
f 527 681 682
f 527 682 529
f 529 682 683
f 529 683 532
f 529 532 530
f 530 532 531
f 532 684 533
f 532 683 684
f 533 684 685
f 533 685 686
f 533 686 534
f 534 686 687
f 534 687 688
f 534 688 535
f 535 688 689
f 535 689 536
f 536 689 690
f 536 690 540
f 538 541 691
f 538 691 542
f 538 542 539
f 540 690 541
f 541 690 692
f 541 692 693
f 541 693 694
f 541 694 691
f 542 691 695
f 542 695 544
f 542 544 543
f 544 695 696
f 544 696 697
f 544 697 545
f 545 697 546
f 546 698 699
f 546 699 547
f 546 697 698
f 547 699 548
f 548 700 549
f 548 699 700
f 549 700 701
f 549 701 552
f 550 552 701
f 550 701 702
f 550 702 703
f 550 703 704
f 550 704 551
f 551 704 553
f 553 704 705
f 553 705 706
f 553 706 554
f 554 706 707
f 554 707 555
f 555 707 556
f 556 707 557
f 557 708 709
f 557 709 710
f 557 710 559
f 557 707 711
f 557 711 708
f 558 559 712
f 558 712 713
f 558 713 560
f 559 710 712
f 560 713 561
f 561 714 562
f 561 713 715
f 561 715 714
f 562 714 716
f 562 716 563
f 563 716 564
f 564 716 717
f 564 717 566
f 564 566 565
f 566 717 567
f 567 717 718
f 567 718 719
f 567 719 568
f 568 719 569
f 569 720 574
f 569 574 570
f 569 719 720
f 571 721 722
f 571 722 572
f 571 574 721
f 572 722 723
f 573 723 724
f 573 724 575
f 574 720 721
f 575 724 576
f 576 725 579
f 576 724 725
f 577 579 578
f 578 726 657
f 578 579 727
f 578 727 728
f 578 728 726
f 579 725 729
f 579 729 727
f 581 730 582
f 582 730 731
f 582 731 732
f 582 732 583
f 583 732 584
f 584 732 733
f 584 733 734
f 584 734 585
f 585 734 735
f 585 735 736
f 585 736 586
f 586 736 588
f 586 588 587
f 588 736 737
f 588 737 738
f 588 738 589
f 589 738 739
f 589 739 740
f 589 740 590
f 590 740 741
f 590 741 591
f 591 741 742
f 591 742 743
f 591 743 592
f 592 743 593
f 593 743 744
f 593 744 745
f 593 745 746
f 593 746 594
f 596 747 748
f 596 748 749
f 596 749 597
f 596 599 753
f 596 753 747
f 597 749 750
f 597 750 751
f 597 751 752
f 597 752 600
f 597 600 598
f 599 606 754
f 599 754 755
f 599 755 753
f 600 756 757
f 600 757 758
f 600 758 608
f 600 608 601
f 600 752 756
f 602 607 759
f 602 759 760
f 602 760 761
f 602 761 603
f 603 761 762
f 603 762 763
f 603 763 606
f 603 606 604
f 604 606 605
f 606 763 764
f 606 764 765
f 606 765 754
f 608 758 766
f 608 766 609
f 609 766 767
f 609 767 768
f 609 768 769
f 609 769 611
f 609 611 610
f 611 769 770
f 611 770 612
f 612 770 771
f 612 771 613
f 613 772 618
f 613 771 772
f 614 616 773
f 614 773 615
f 615 774 617
f 615 773 774
f 616 619 778
f 616 778 775
f 616 775 776
f 616 776 773
f 617 774 621
f 618 772 777
f 618 777 619
f 619 777 779
f 619 779 778
f 620 780 622
f 620 622 624
f 620 621 780
f 621 774 781
f 621 781 780
f 622 782 784
f 622 784 626
f 622 780 783
f 622 783 946
f 622 946 782
f 625 626 627
f 626 784 627
f 627 784 785
f 628 785 786
f 628 786 629
f 629 786 787
f 629 787 630
f 630 788 631
f 630 787 789
f 630 789 788
f 631 788 790
f 631 790 633
f 632 633 792
f 632 792 791
f 633 790 792
f 634 791 793
f 634 793 794
f 634 794 635
f 635 795 796
f 635 796 636
f 635 794 797
f 635 797 795
f 636 796 637
f 637 796 798
f 637 798 799
f 637 799 638
f 638 799 639
f 639 800 801
f 639 801 640
f 639 799 800
f 640 801 641
f 641 802 642
f 641 801 802
f 642 802 803
f 642 803 647
f 642 647 643
f 644 647 645
f 645 658 646
f 645 647 804
f 645 804 805
f 645 805 806
f 645 806 658
f 647 803 807
f 647 807 804
f 648 808 650
f 648 649 808
f 649 809 808
f 649 656 810
f 649 810 809
f 650 811 651
f 650 808 811
f 651 812 652
f 651 811 812
f 652 813 814
f 652 814 815
f 652 815 653
f 652 812 816
f 652 816 813
f 653 814 817
f 653 815 814
f 654 817 818
f 654 818 819
f 654 819 655
f 655 819 820
f 656 657 726
f 656 726 810
f 658 806 659
f 659 806 660
f 660 806 805
f 660 805 821
f 660 821 822
f 660 822 661
f 661 822 823
f 661 823 662
f 662 823 663
f 663 823 664
f 664 823 824
f 664 824 665
f 665 824 825
f 665 825 667
f 665 667 666
f 667 825 668
f 668 826 827
f 668 827 828
f 668 828 670
f 668 670 669
f 668 825 826
f 670 828 829
f 670 829 671
f 671 829 830
f 671 830 673
f 671 673 672
f 673 830 831
f 673 831 832
f 673 832 674
f 674 832 833
f 674 833 675
f 675 833 834
f 675 834 676
f 676 834 835
f 676 835 677
f 677 835 678
f 678 835 836
f 678 836 837
f 678 837 680
f 678 680 679
f 680 837 838
f 680 838 839
f 680 839 681
f 681 839 840
f 681 840 841
f 681 841 842
f 681 842 682
f 682 842 843
f 682 843 683
f 683 843 684
f 684 843 685
f 685 844 845
f 685 845 846
f 685 846 687
f 685 687 686
f 685 843 844
f 687 846 847
f 687 847 848
f 687 848 849
f 687 849 688
f 688 849 689
f 689 849 690
f 690 849 850
f 690 850 692
f 691 694 851
f 691 851 852
f 691 852 696
f 691 696 695
f 692 850 693
f 693 853 854
f 693 854 851
f 693 851 694
f 693 850 853
f 696 852 855
f 696 855 856
f 696 856 697
f 697 856 857
f 697 857 698
f 698 857 858
f 698 858 699
f 699 858 700
f 700 858 701
f 701 858 859
f 701 859 860
f 701 860 861
f 701 861 702
f 702 861 862
f 702 862 703
f 703 862 863
f 703 863 864
f 703 864 704
f 704 864 705
f 705 864 865
f 705 865 866
f 705 866 706
f 706 866 867
f 706 867 711
f 706 711 707
f 708 711 867
f 708 867 866
f 708 866 868
f 708 868 869
f 708 869 870
f 708 870 871
f 708 871 709
f 709 871 872
f 709 872 873
f 709 873 710
f 710 873 874
f 710 874 712
f 712 874 713
f 713 874 715
f 714 875 876
f 714 876 877
f 714 877 716
f 714 715 875
f 715 874 878
f 715 878 875
f 716 877 717
f 717 877 879
f 717 879 718
f 718 879 880
f 718 880 881
f 718 881 719
f 719 881 882
f 719 882 883
f 719 883 720
f 720 883 721
f 721 884 722
f 721 883 884
f 722 885 886
f 722 886 887
f 722 887 723
f 722 884 885
f 723 887 888
f 723 888 889
f 723 889 724
f 724 889 725
f 725 889 729
f 726 728 890
f 726 890 810
f 727 729 728
f 728 891 890
f 728 729 892
f 728 892 893
f 728 893 891
f 729 889 888
f 729 888 892
f 730 894 895
f 730 895 731
f 731 895 732
f 732 896 733
f 732 895 896
f 733 896 897
f 733 897 898
f 733 898 899
f 733 899 734
f 734 899 900
f 734 900 735
f 735 900 901
f 735 901 736
f 736 901 737
f 737 901 902
f 737 902 738
f 738 902 739
f 739 902 903
f 739 903 904
f 739 904 740
f 740 904 905
f 740 905 741
f 741 905 906
f 741 906 907
f 741 907 742
f 742 907 908
f 742 908 743
f 743 908 909
f 743 909 744
f 744 910 745
f 744 909 911
f 744 911 912
f 744 912 910
f 747 913 914
f 747 914 748
f 747 753 913
f 748 914 915
f 748 915 749
f 749 916 750
f 749 915 916
f 750 916 751
f 751 917 756
f 751 756 752
f 751 916 918
f 751 918 917
f 753 755 919
f 753 919 913
f 754 765 920
f 754 920 755
f 755 921 919
f 755 920 922
f 755 922 921
f 756 917 923
f 756 923 924
f 756 924 925
f 756 925 757
f 757 925 766
f 757 766 758
f 760 926 761
f 761 926 927
f 761 927 929
f 761 929 762
f 762 928 764
f 762 764 763
f 762 929 930
f 762 930 928
f 764 928 931
f 764 931 932
f 764 932 765
f 765 932 920
f 766 925 767
f 767 933 768
f 767 925 933
f 768 933 934
f 768 934 935
f 768 935 936
f 768 936 770
f 768 770 769
f 770 936 937
f 770 937 772
f 770 772 771
f 772 937 777
f 773 938 774
f 773 776 939
f 773 939 938
f 774 938 781
f 775 778 940
f 775 940 776
f 776 940 939
f 777 937 936
f 777 936 941
f 777 941 779
f 778 779 942
f 778 942 1102
f 778 1102 943
f 778 943 940
f 779 941 1101
f 779 1101 944
f 779 944 942
f 780 945 946
f 780 946 783
f 780 781 945
f 781 938 947
f 781 947 948
f 781 948 945
f 782 949 784
f 782 946 949
f 784 949 950
f 784 950 785
f 785 951 787
f 785 787 786
f 785 950 951
f 787 951 789
f 788 789 790
f 789 951 952
f 789 952 953
f 789 953 790
f 790 954 792
f 790 953 954
f 791 792 955
f 791 955 793
f 792 954 955
f 793 956 794
f 793 955 957
f 793 957 956
f 794 956 797
f 795 958 796
f 795 797 959
f 795 959 958
f 796 958 798
f 797 956 960
f 797 960 961
f 797 961 959
f 798 962 799
f 798 958 962
f 799 963 800
f 799 962 963
f 800 963 964
f 800 964 801
f 801 964 965
f 801 965 966
f 801 966 802
f 802 966 807
f 802 807 803
f 804 807 805
f 805 807 967
f 805 967 968
f 805 968 821
f 807 966 969
f 807 969 967
f 808 970 971
f 808 971 811
f 808 809 810
f 808 810 972
f 808 972 973
f 808 973 970
f 810 890 972
f 811 971 812
f 812 971 816
f 813 816 974
f 813 974 975
f 813 975 814
f 814 975 976
f 814 976 977
f 814 977 817
f 816 978 979
f 816 979 974
f 816 971 980
f 816 980 978
f 817 977 818
f 818 977 976
f 818 976 981
f 818 981 982
f 818 982 819
f 819 982 983
f 819 983 984
f 819 984 820
f 821 968 985
f 821 985 822
f 822 985 986
f 822 986 823
f 823 986 987
f 823 987 824
f 824 987 988
f 824 988 989
f 824 989 825
f 825 989 826
f 826 989 827
f 827 990 828
f 827 989 991
f 827 991 990
f 828 990 992
f 828 992 829
f 829 992 993
f 829 993 830
f 830 993 831
f 831 994 995
f 831 995 832
f 831 993 994
f 832 995 996
f 832 996 833
f 833 996 997
f 833 997 834
f 834 997 998
f 834 998 835
f 835 998 836
f 836 998 999
f 836 999 1000
f 836 1000 837
f 837 1000 838
f 838 1000 1001
f 838 1001 1002
f 838 1002 839
f 839 1002 840
f 840 1002 1003
f 840 1003 1004
f 840 1004 842
f 840 842 841
f 842 1004 1005
f 842 1005 844
f 842 844 843
f 844 1006 845
f 844 1005 1006
f 845 1006 1007
f 845 1007 847
f 845 847 846
f 847 1007 1008
f 847 1008 848
f 848 1008 1009
f 848 1009 850
f 848 850 849
f 850 1009 853
f 851 854 1010
f 851 1010 1011
f 851 1011 852
f 852 1011 855
f 853 1012 1013
f 853 1013 854
f 853 1009 1012
f 854 1014 1010
f 854 1013 1014
f 855 1011 1015
f 855 1015 1016
f 855 1016 856
f 856 1016 857
f 857 859 858
f 857 1016 859
f 859 1016 1017
f 859 1017 1018
f 859 1018 1019
f 859 1019 1020
f 859 1020 861
f 859 861 860
f 861 1021 862
f 861 1020 1021
f 862 1022 863
f 862 1021 1022
f 863 1023 864
f 863 1022 1023
f 864 1023 865
f 865 1023 868
f 865 868 866
f 868 1024 869
f 868 1023 1024
f 869 1024 1025
f 869 1025 1026
f 869 1026 870
f 870 1026 1027
f 870 1027 1028
f 870 1028 872
f 870 872 871
f 872 1028 873
f 873 1028 878
f 873 878 874
f 875 1029 876
f 875 878 1030
f 875 1030 1029
f 876 1031 1032
f 876 1032 877
f 876 1029 1031
f 877 1032 879
f 878 1028 1030
f 879 1032 1033
f 879 1033 880
f 880 1033 1034
f 880 1034 881
f 881 1035 1036
f 881 1036 882
f 881 1034 1035
f 882 1036 883
f 883 1036 1037
f 883 1037 884
f 884 1038 885
f 884 1037 1038
f 885 1039 886
f 885 1038 1039
f 886 1040 1041
f 886 1041 887
f 886 1039 1040
f 887 1041 888
f 888 1041 1042
f 888 1042 892
f 890 1043 972
f 890 891 1043
f 891 1044 1045
f 891 1045 1043
f 891 893 1046
f 891 1046 1044
f 892 1042 893
f 893 1042 1046
f 894 1047 1048
f 894 1048 895
f 895 1048 896
f 896 1049 898
f 896 898 897
f 896 1048 1049
f 898 1050 1051
f 898 1051 1052
f 898 1052 899
f 898 1049 1050
f 899 1052 900
f 900 1052 1053
f 900 1053 1054
f 900 1054 901
f 901 1054 1055
f 901 1055 1056
f 901 1056 902
f 902 1056 1055
f 902 1055 1057
f 902 1057 903
f 903 1057 1058
f 903 1058 1059
f 903 1059 904
f 904 1059 1060
f 904 1060 906
f 904 906 905
f 906 1060 1061
f 906 1061 1062
f 906 1062 907
f 907 1062 1063
f 907 1063 908
f 908 1063 1064
f 908 1064 909
f 909 1064 1065
f 909 1065 911
f 911 1065 1066
f 911 1066 1224
f 911 1224 1067
f 911 1067 912
f 913 1068 1069
f 913 1069 1070
f 913 1070 914
f 913 919 1068
f 914 1070 915
f 915 1070 1071
f 915 1071 916
f 916 1072 918
f 916 1071 1072
f 917 1073 923
f 917 918 1074
f 917 1074 1073
f 918 1072 1075
f 918 1075 1074
f 919 1076 1068
f 919 921 1076
f 920 932 1077
f 920 1077 922
f 921 922 1078
f 921 1078 1079
f 921 1079 1076
f 922 1077 1080
f 922 1080 1081
f 922 1081 1078
f 923 1082 924
f 923 1073 1082
f 924 1082 1241
f 924 1241 1083
f 924 1083 1084
f 924 1084 925
f 925 1084 933
f 926 1085 927
f 927 1085 1086
f 927 1086 929
f 928 930 931
f 929 1086 930
f 930 1086 1087
f 930 1087 1088
f 930 1088 1089
f 930 1089 1090
f 930 1090 931
f 931 1090 932
f 932 1090 1077
f 933 1084 1091
f 933 1091 934
f 934 1091 1092
f 934 1092 1093
f 934 1093 935
f 935 1093 1094
f 935 1094 1095
f 935 1095 936
f 936 1095 941
f 938 939 947
f 939 940 1096
f 939 1096 947
f 940 1097 1096
f 940 943 1098
f 940 1098 1097
f 941 1099 1100
f 941 1100 1257
f 941 1257 1101
f 941 1095 1099
f 942 944 1103
f 942 1103 1102
f 943 1102 1104
f 943 1104 1255
f 943 1255 1098
f 944 1101 1258
f 944 1258 1103
f 945 1105 1106
f 945 1106 946
f 945 948 1107
f 945 1107 1108
f 945 1108 1105
f 946 1106 1109
f 946 1109 949
f 947 1096 1110
f 947 1110 1107
f 947 1107 948
f 949 1109 950
f 950 1109 1111
f 950 1111 951
f 951 1111 952
f 952 1112 953
f 952 1111 1113
f 952 1113 1112
f 953 1112 1114
f 953 1114 954
f 954 1115 955
f 954 1114 1115
f 955 1115 957
f 956 957 1116
f 956 1116 960
f 957 1115 1117
f 957 1117 1116
f 958 959 1118
f 958 1118 962
f 959 1119 1118
f 959 961 1119
f 960 1120 961
f 960 1116 1121
f 960 1121 1120
f 961 1120 1122
f 961 1122 1119
f 962 1118 1123
f 962 1123 1124
f 962 1124 963
f 963 1125 964
f 963 1124 1125
f 964 1125 1126
f 964 1126 965
f 965 1126 1127
f 965 1127 966
f 966 1127 969
f 967 969 968
f 968 969 1128
f 968 1128 985
f 969 1127 1128
f 970 1129 971
f 970 973 1129
f 971 1129 980
f 972 1043 1130
f 972 1130 1131
f 972 1131 973
f 973 1131 1129
f 974 979 1132
f 974 1132 975
f 975 1132 1133
f 975 1133 981
f 975 981 976
f 978 1134 979
f 978 980 1134
f 979 1134 1135
f 979 1135 1136
f 979 1136 1137
f 979 1137 1132
f 980 1138 1134
f 980 1129 1138
f 981 1133 1291
f 981 1291 1139
f 981 1139 982
f 982 1139 1140
f 982 1140 983
f 983 1140 1141
f 983 1141 1142
f 983 1142 984
f 985 1128 1143
f 985 1143 986
f 986 1143 1144
f 986 1144 987
f 987 1144 988
f 988 1144 1145
f 988 1145 1146
f 988 1146 989
f 989 1146 991
f 990 991 1147
f 990 1147 1148
f 990 1148 1149
f 990 1149 1150
f 990 1150 992
f 991 1146 1147
f 992 1150 993
f 993 1150 994
f 994 1150 1151
f 994 1151 1152
f 994 1152 1153
f 994 1153 995
f 995 1153 996
f 996 1153 1154
f 996 1154 997
f 997 1154 1155
f 997 1155 998
f 998 1155 999
f 999 1155 1156
f 999 1156 1000
f 1000 1156 1001
f 1001 1156 1157
f 1001 1157 1002
f 1002 1157 1003
f 1003 1157 1158
f 1003 1158 1004
f 1004 1158 1159
f 1004 1159 1160
f 1004 1160 1006
f 1004 1006 1005
f 1006 1160 1161
f 1006 1161 1162
f 1006 1162 1007
f 1007 1162 1163
f 1007 1163 1008
f 1008 1163 1164
f 1008 1164 1165
f 1008 1165 1166
f 1008 1166 1012
f 1008 1012 1009
f 1010 1014 1167
f 1010 1167 1011
f 1011 1167 1015
f 1012 1166 1168
f 1012 1168 1169
f 1012 1169 1014
f 1012 1014 1013
f 1014 1169 1170
f 1014 1170 1171
f 1014 1171 1167
f 1015 1167 1018
f 1015 1018 1016
f 1016 1018 1017
f 1018 1172 1173
f 1018 1173 1174
f 1018 1174 1019
f 1018 1167 1172
f 1019 1021 1020
f 1019 1174 1175
f 1019 1175 1021
f 1021 1175 1022
f 1022 1175 1176
f 1022 1176 1177
f 1022 1177 1178
f 1022 1178 1023
f 1023 1178 1024
f 1024 1179 1180
f 1024 1180 1025
f 1024 1178 1179
f 1025 1180 1181
f 1025 1181 1182
f 1025 1182 1026
f 1026 1182 1183
f 1026 1183 1184
f 1026 1184 1185
f 1026 1185 1027
f 1027 1185 1030
f 1027 1030 1028
f 1029 1186 1031
f 1029 1030 1185
f 1029 1185 1186
f 1031 1186 1187
f 1031 1187 1188
f 1031 1188 1032
f 1032 1188 1033
f 1033 1188 1189
f 1033 1189 1034
f 1034 1189 1035
f 1035 1189 1190
f 1035 1190 1191
f 1035 1191 1037
f 1035 1037 1036
f 1037 1191 1038
f 1038 1192 1193
f 1038 1193 1039
f 1038 1191 1192
f 1039 1193 1040
f 1040 1194 1195
f 1040 1195 1041
f 1040 1193 1194
f 1041 1195 1042
f 1042 1195 1046
f 1043 1045 1130
f 1044 1196 1045
f 1044 1046 1197
f 1044 1197 1196
f 1045 1198 1199
f 1045 1199 1200
f 1045 1200 1130
f 1045 1196 1198
f 1046 1195 1201
f 1046 1201 1197
f 1047 1202 1203
f 1047 1203 1048
f 1048 1203 1049
f 1049 1203 1204
f 1049 1204 1205
f 1049 1205 1050
f 1050 1206 1207
f 1050 1207 1051
f 1050 1205 1206
f 1051 1207 1208
f 1051 1208 1209
f 1051 1209 1052
f 1052 1209 1053
f 1053 1209 1055
f 1053 1055 1054
f 1055 1210 1211
f 1055 1211 1212
f 1055 1212 1057
f 1055 1209 1210
f 1057 1213 1058
f 1057 1212 1213
f 1058 1213 1214
f 1058 1214 1215
f 1058 1215 1059
f 1059 1215 1060
f 1060 1215 1061
f 1061 1215 1216
f 1061 1216 1217
f 1061 1217 1062
f 1062 1217 1218
f 1062 1218 1063
f 1063 1218 1219
f 1063 1219 1064
f 1064 1219 1220
f 1064 1220 1221
f 1064 1221 1065
f 1065 1221 1066
f 1066 1221 1222
f 1066 1222 1223
f 1066 1223 1224
f 1068 1076 1225
f 1068 1225 1069
f 1069 1225 1226
f 1069 1226 1070
f 1070 1226 1071
f 1071 1226 1227
f 1071 1227 1228
f 1071 1228 1072
f 1072 1228 1075
f 1073 1074 1229
f 1073 1229 1230
f 1073 1230 1231
f 1073 1231 1082
f 1074 1075 1232
f 1074 1232 1229
f 1075 1228 1233
f 1075 1233 1232
f 1076 1079 1234
f 1076 1234 1235
f 1076 1235 1225
f 1077 1090 1236
f 1077 1236 1080
f 1078 1081 1237
f 1078 1237 1238
f 1078 1238 1079
f 1079 1238 1239
f 1079 1239 1234
f 1080 1236 1081
f 1081 1236 1240
f 1081 1240 1237
f 1082 1231 1396
f 1082 1396 1241
f 1083 1241 1242
f 1083 1242 1084
f 1084 1242 1091
f 1085 1243 1244
f 1085 1244 1086
f 1086 1244 1245
f 1086 1245 1087
f 1087 1245 1088
f 1088 1246 1247
f 1088 1247 1089
f 1088 1245 1248
f 1088 1248 1249
f 1088 1249 1246
f 1089 1247 1236
f 1089 1236 1090
f 1091 1242 1092
f 1092 1242 1250
f 1092 1250 1251
f 1092 1251 1252
f 1092 1252 1093
f 1093 1252 1253
f 1093 1253 1094
f 1094 1253 1099
f 1094 1099 1095
f 1096 1254 1110
f 1096 1097 1254
f 1097 1098 1255
f 1097 1255 1256
f 1097 1256 1254
f 1099 1253 1100
f 1100 1253 1257
f 1101 1257 1258
f 1102 1103 1259
f 1102 1259 1260
f 1102 1260 1104
f 1103 1258 1259
f 1104 1260 1424
f 1104 1424 1255
f 1105 1261 1264
f 1105 1264 1106
f 1105 1108 1262
f 1105 1262 1263
f 1105 1263 1261
f 1106 1264 1109
f 1107 1110 1265
f 1107 1265 1262
f 1107 1262 1108
f 1109 1266 1113
f 1109 1113 1111
f 1109 1264 1266
f 1110 1267 1268
f 1110 1268 1265
f 1110 1254 1267
f 1112 1269 1114
f 1112 1113 1270
f 1112 1270 1269
f 1113 1266 1271
f 1113 1271 1270
f 1114 1269 1272
f 1114 1272 1115
f 1115 1272 1117
f 1116 1117 1273
f 1116 1273 1121
f 1117 1272 1274
f 1117 1274 1273
f 1118 1119 1123
f 1119 1122 1275
f 1119 1275 1123
f 1120 1276 1122
f 1120 1121 1277
f 1120 1277 1276
f 1121 1273 1278
f 1121 1278 1277
f 1122 1279 1275
f 1122 1276 1279
f 1123 1275 1280
f 1123 1280 1124
f 1124 1280 1281
f 1124 1281 1125
f 1125 1282 1283
f 1125 1283 1126
f 1125 1281 1282
f 1126 1283 1127
f 1127 1283 1284
f 1127 1284 1128
f 1128 1284 1285
f 1128 1285 1143
f 1129 1286 1138
f 1129 1131 1130
f 1129 1130 1200
f 1129 1200 1287
f 1129 1287 1286
f 1132 1137 1288
f 1132 1288 1133
f 1133 1288 1289
f 1133 1289 1290
f 1133 1290 1291
f 1134 1292 1135
f 1134 1138 1292
f 1135 1292 1293
f 1135 1293 1294
f 1135 1294 1136
f 1136 1294 1295
f 1136 1295 1288
f 1136 1288 1137
f 1138 1296 1292
f 1138 1286 1297
f 1138 1297 1296
f 1139 1291 1298
f 1139 1298 1299
f 1139 1299 1140
f 1140 1299 1300
f 1140 1300 1141
f 1141 1300 1301
f 1141 1301 1142
f 1143 1285 1145
f 1143 1145 1144
f 1145 1285 1302
f 1145 1302 1303
f 1145 1303 1146
f 1146 1303 1147
f 1147 1303 1304
f 1147 1304 1148
f 1148 1304 1305
f 1148 1305 1306
f 1148 1306 1149
f 1149 1306 1307
f 1149 1307 1150
f 1150 1307 1151
f 1151 1307 1308
f 1151 1308 1309
f 1151 1309 1310
f 1151 1310 1152
f 1152 1310 1153
f 1153 1310 1311
f 1153 1311 1154
f 1154 1311 1312
f 1154 1312 1313
f 1154 1313 1155
f 1155 1313 1156
f 1156 1313 1314
f 1156 1314 1315
f 1156 1315 1157
f 1157 1315 1316
f 1157 1316 1317
f 1157 1317 1158
f 1158 1317 1318
f 1158 1318 1159
f 1159 1318 1319
f 1159 1319 1320
f 1159 1320 1161
f 1159 1161 1160
f 1161 1320 1321
f 1161 1321 1322
f 1161 1322 1163
f 1161 1163 1162
f 1163 1322 1323
f 1163 1323 1324
f 1163 1324 1165
f 1163 1165 1164
f 1165 1324 1325
f 1165 1325 1326
f 1165 1326 1168
f 1165 1168 1166
f 1167 1171 1327
f 1167 1327 1172
f 1168 1326 1328
f 1168 1328 1329
f 1168 1329 1169
f 1169 1329 1170
f 1170 1330 1331
f 1170 1331 1327
f 1170 1327 1171
f 1170 1329 1330
f 1172 1327 1332
f 1172 1332 1173
f 1173 1332 1333
f 1173 1333 1334
f 1173 1334 1174
f 1174 1334 1335
f 1174 1335 1175
f 1175 1336 1176
f 1175 1335 1336
f 1176 1336 1177
f 1177 1337 1338
f 1177 1338 1178
f 1177 1336 1339
f 1177 1339 1337
f 1178 1338 1179
f 1179 1338 1180
f 1180 1340 1181
f 1180 1338 1341
f 1180 1341 1340
f 1181 1342 1182
f 1181 1340 1342
f 1182 1342 1183
f 1183 1343 1344
f 1183 1344 1184
f 1183 1342 1343
f 1184 1344 1345
f 1184 1345 1185
f 1185 1345 1186
f 1186 1345 1346
f 1186 1346 1187
f 1187 1346 1347
f 1187 1347 1348
f 1187 1348 1188
f 1188 1348 1189
f 1189 1348 1349
f 1189 1349 1190
f 1190 1350 1351
f 1190 1351 1352
f 1190 1352 1191
f 1190 1349 1350
f 1191 1352 1192
f 1192 1353 1354
f 1192 1354 1193
f 1192 1352 1353
f 1193 1354 1355
f 1193 1355 1194
f 1194 1355 1356
f 1194 1356 1201
f 1194 1201 1195
f 1196 1357 1358
f 1196 1358 1198
f 1196 1197 1359
f 1196 1359 1357
f 1197 1201 1360
f 1197 1360 1359
f 1198 1358 1199
f 1199 1358 1361
f 1199 1361 1467
f 1199 1467 1362
f 1199 1362 1200
f 1200 1362 1297
f 1200 1297 1287
f 1201 1356 1360
f 1202 1363 1203
f 1203 1363 1364
f 1203 1364 1204
f 1204 1364 1365
f 1204 1365 1205
f 1205 1365 1366
f 1205 1366 1206
f 1206 1367 1368
f 1206 1368 1207
f 1206 1366 1367
f 1207 1368 1369
f 1207 1369 1208
f 1208 1369 1370
f 1208 1370 1371
f 1208 1371 1209
f 1209 1371 1210
f 1210 1371 1211
f 1211 1372 1373
f 1211 1373 1374
f 1211 1374 1212
f 1211 1371 1372
f 1212 1374 1375
f 1212 1375 1213
f 1213 1375 1376
f 1213 1376 1214
f 1214 1376 1377
f 1214 1377 1215
f 1215 1377 1378
f 1215 1378 1216
f 1216 1378 1379
f 1216 1379 1380
f 1216 1380 1381
f 1216 1381 1217
f 1217 1381 1382
f 1217 1382 1218
f 1218 1382 1383
f 1218 1383 1219
f 1219 1383 1384
f 1219 1384 1220
f 1220 1384 1385
f 1220 1385 1221
f 1221 1385 1386
f 1221 1386 1222
f 1222 1386 1387
f 1222 1387 1223
f 1223 1387 1388
f 1225 1235 1389
f 1225 1389 1226
f 1226 1390 1227
f 1226 1389 1390
f 1227 1390 1391
f 1227 1391 1228
f 1228 1391 1233
f 1229 1392 1230
f 1229 1232 1393
f 1229 1393 1392
f 1230 1394 1395
f 1230 1395 1396
f 1230 1396 1231
f 1230 1392 1394
f 1232 1233 1397
f 1232 1397 1393
f 1233 1391 1398
f 1233 1398 1397
f 1234 1399 1235
f 1234 1239 1399
f 1235 1399 1389
f 1236 1247 1240
f 1237 1240 1400
f 1237 1400 1401
f 1237 1401 1402
f 1237 1402 1238
f 1238 1402 1403
f 1238 1403 1239
f 1239 1403 1404
f 1239 1404 1405
f 1239 1405 1399
f 1240 1247 1406
f 1240 1406 1400
f 1241 1396 1550
f 1241 1550 1407
f 1241 1407 1242
f 1242 1407 1250
f 1243 1408 1409
f 1243 1409 1244
f 1244 1409 1245
f 1245 1409 1411
f 1245 1411 1248
f 1246 1410 1247
f 1246 1249 1410
f 1247 1410 1406
f 1248 1411 1249
f 1249 1411 1412
f 1249 1412 1413
f 1249 1413 1414
f 1249 1414 1410
f 1250 1407 1415
f 1250 1415 1251
f 1251 1415 1416
f 1251 1416 1417
f 1251 1417 1418
f 1251 1418 1252
f 1252 1418 1419
f 1252 1419 1420
f 1252 1420 1421
f 1252 1421 1253
f 1253 1421 1422
f 1253 1422 1257
f 1254 1256 1267
f 1255 1423 1256
f 1255 1424 1423
f 1256 1425 1267
f 1256 1423 1425
f 1257 1422 1426
f 1257 1426 1427
f 1257 1427 1258
f 1258 1427 1259
f 1259 1428 1260
f 1259 1427 1578
f 1259 1578 1428
f 1260 1428 1424
f 1261 1429 1264
f 1261 1263 1430
f 1261 1430 1429
f 1262 1431 1432
f 1262 1432 1430
f 1262 1430 1263
f 1262 1265 1431
f 1264 1429 1433
f 1264 1433 1266
f 1265 1268 1434
f 1265 1434 1435
f 1265 1435 1431
f 1266 1433 1271
f 1267 1425 1434
f 1267 1434 1268
f 1269 1436 1272
f 1269 1270 1437
f 1269 1437 1436
f 1270 1271 1438
f 1270 1438 1437
f 1271 1433 1439
f 1271 1439 1438
f 1272 1436 1274
f 1273 1274 1440
f 1273 1440 1278
f 1274 1436 1441
f 1274 1441 1440
f 1275 1279 1442
f 1275 1442 1280
f 1276 1443 1279
f 1276 1277 1444
f 1276 1444 1443
f 1277 1278 1445
f 1277 1445 1444
f 1278 1440 1446
f 1278 1446 1445
f 1279 1447 1442
f 1279 1443 1447
f 1280 1448 1281
f 1280 1442 1449
f 1280 1449 1448
f 1281 1448 1450
f 1281 1450 1282
f 1282 1450 1451
f 1282 1451 1452
f 1282 1452 1283
f 1283 1452 1284
f 1284 1452 1285
f 1285 1452 1453
f 1285 1453 1302
f 1286 1287 1297
f 1288 1295 1454
f 1288 1454 1289
f 1289 1454 1290
f 1290 1455 1456
f 1290 1456 1457
f 1290 1457 1298
f 1290 1298 1291
f 1290 1454 1455
f 1292 1296 1458
f 1292 1458 1459
f 1292 1459 1460
f 1292 1460 1293
f 1293 1460 1461
f 1293 1461 1294
f 1294 1461 1462
f 1294 1462 1463
f 1294 1463 1295
f 1295 1463 1464
f 1295 1464 1465
f 1295 1465 1454
f 1296 1297 1458
f 1297 1466 1458
f 1297 1362 1467
f 1297 1467 1466
f 1298 1457 1468
f 1298 1468 1299
f 1299 1468 1469
f 1299 1469 1300
f 1300 1469 1470
f 1300 1470 1301
f 1301 1470 1471
f 1302 1453 1472
f 1302 1472 1473
f 1302 1473 1303
f 1303 1473 1304
f 1304 1473 1474
f 1304 1474 1305
f 1305 1474 1475
f 1305 1475 1476
f 1305 1476 1306
f 1306 1476 1307
f 1307 1476 1308
f 1308 1476 1477
f 1308 1477 1309
f 1309 1477 1310
f 1310 1477 1478
f 1310 1478 1311
f 1311 1478 1479
f 1311 1479 1312
f 1312 1479 1480
f 1312 1480 1313
f 1313 1480 1314
f 1314 1480 1481
f 1314 1481 1316
f 1314 1316 1315
f 1316 1481 1482
f 1316 1482 1318
f 1316 1318 1317
f 1318 1482 1483
f 1318 1483 1319
f 1319 1483 1484
f 1319 1484 1321
f 1319 1321 1320
f 1321 1484 1485
f 1321 1485 1323
f 1321 1323 1322
f 1323 1485 1486
f 1323 1486 1325
f 1323 1325 1324
f 1325 1486 1487
f 1325 1487 1328
f 1325 1328 1326
f 1327 1488 1332
f 1327 1331 1488
f 1328 1487 1489
f 1328 1489 1330
f 1328 1330 1329
f 1330 1489 1490
f 1330 1490 1488
f 1330 1488 1331
f 1332 1488 1333
f 1333 1491 1492
f 1333 1492 1334
f 1333 1488 1491
f 1334 1492 1493
f 1334 1493 1336
f 1334 1336 1335
f 1336 1493 1494
f 1336 1494 1339
f 1337 1339 1494
f 1337 1494 1495
f 1337 1495 1496
f 1337 1496 1338
f 1338 1496 1341
f 1340 1341 1496
f 1340 1496 1497
f 1340 1497 1342
f 1342 1497 1343
f 1343 1498 1344
f 1343 1497 1498
f 1344 1498 1499
f 1344 1499 1345
f 1345 1499 1346
f 1346 1500 1347
f 1346 1499 1500
f 1347 1500 1501
f 1347 1501 1502
f 1347 1502 1348
f 1348 1502 1349
f 1349 1502 1503
f 1349 1503 1350
f 1350 1504 1351
f 1350 1503 1504
f 1351 1505 1352
f 1351 1504 1505
f 1352 1505 1353
f 1353 1505 1506
f 1353 1506 1354
f 1354 1507 1355
f 1354 1506 1507
f 1355 1507 1508
f 1355 1508 1356
f 1356 1508 1509
f 1356 1509 1360
f 1357 1510 1358
f 1357 1359 1511
f 1357 1511 1510
f 1358 1512 1513
f 1358 1513 1361
f 1358 1510 1512
f 1359 1360 1509
f 1359 1509 1511
f 1361 1513 1467
f 1363 1514 1364
f 1364 1515 1365
f 1364 1514 1515
f 1365 1515 1516
f 1365 1516 1366
f 1366 1516 1367
f 1367 1516 1517
f 1367 1517 1518
f 1367 1518 1368
f 1368 1518 1519
f 1368 1519 1369
f 1369 1519 1520
f 1369 1520 1370
f 1370 1520 1521
f 1370 1521 1372
f 1370 1372 1371
f 1372 1521 1373
f 1373 1522 1523
f 1373 1523 1524
f 1373 1524 1525
f 1373 1525 1374
f 1373 1521 1522
f 1374 1525 1526
f 1374 1526 1375
f 1375 1526 1376
f 1376 1526 1527
f 1376 1527 1377
f 1377 1527 1528
f 1377 1528 1529
f 1377 1529 1530
f 1377 1530 1378
f 1378 1530 1379
f 1379 1530 1531
f 1379 1531 1532
f 1379 1532 1533
f 1379 1533 1380
f 1380 1533 1381
f 1381 1533 1534
f 1381 1534 1535
f 1381 1535 1382
f 1382 1535 1383
f 1383 1535 1536
f 1383 1536 1384
f 1384 1536 1537
f 1384 1537 1385
f 1385 1537 1538
f 1385 1538 1386
f 1386 1538 1539
f 1386 1539 1387
f 1387 1539 1540
f 1387 1540 1541
f 1387 1541 1388
f 1389 1399 1542
f 1389 1542 1390
f 1390 1543 1544
f 1390 1544 1391
f 1390 1542 1543
f 1391 1544 1398
f 1392 1393 1545
f 1392 1545 1546
f 1392 1546 1394
f 1393 1397 1547
f 1393 1547 1545
f 1394 1546 1684
f 1394 1684 1548
f 1394 1548 1395
f 1395 1548 1549
f 1395 1549 1550
f 1395 1550 1396
f 1397 1398 1551
f 1397 1551 1547
f 1398 1544 1552
f 1398 1552 1551
f 1399 1553 1542
f 1399 1405 1553
f 1400 1406 1554
f 1400 1554 1401
f 1401 1555 1402
f 1401 1554 1556
f 1401 1556 1555
f 1402 1555 1557
f 1402 1557 1403
f 1403 1557 1558
f 1403 1558 1404
f 1404 1558 1559
f 1404 1559 1405
f 1405 1559 1553
f 1406 1410 1560
f 1406 1560 1554
f 1407 1550 1415
f 1408 1561 1409
f 1409 1561 1540
f 1409 1540 1411
f 1410 1414 1560
f 1411 1540 1539
f 1411 1539 1412
f 1412 1539 1538
f 1412 1538 1413
f 1413 1562 1563
f 1413 1563 1414
f 1413 1538 1537
f 1413 1537 1562
f 1414 1563 1560
f 1415 1550 1549
f 1415 1549 1564
f 1415 1564 1416
f 1416 1564 1565
f 1416 1565 1417
f 1417 1565 1566
f 1417 1566 1567
f 1417 1567 1568
f 1417 1568 1418
f 1418 1568 1569
f 1418 1569 1419
f 1419 1569 1570
f 1419 1570 1420
f 1420 1570 1571
f 1420 1571 1572
f 1420 1572 1421
f 1421 1572 1573
f 1421 1573 1422
f 1422 1573 1426
f 1423 1424 1574
f 1423 1574 1575
f 1423 1575 1425
f 1424 1428 1574
f 1425 1576 1434
f 1425 1575 1576
f 1426 1577 1427
f 1426 1573 1577
f 1427 1577 1578
f 1428 1578 1579
f 1428 1579 1580
f 1428 1580 1574
f 1429 1581 1433
f 1429 1430 1582
f 1429 1582 1581
f 1430 1432 1582
f 1431 1583 1582
f 1431 1582 1432
f 1431 1435 1583
f 1433 1581 1439
f 1434 1584 1583
f 1434 1583 1435
f 1434 1576 1584
f 1436 1437 1585
f 1436 1585 1441
f 1437 1438 1586
f 1437 1586 1585
f 1438 1439 1587
f 1438 1587 1586
f 1439 1581 1588
f 1439 1588 1587
f 1440 1441 1589
f 1440 1589 1446
f 1441 1585 1590
f 1441 1590 1589
f 1442 1447 1449
f 1443 1591 1592
f 1443 1592 1447
f 1443 1444 1593
f 1443 1593 1591
f 1444 1445 1594
f 1444 1594 1593
f 1445 1446 1595
f 1445 1595 1594
f 1446 1589 1596
f 1446 1596 1595
f 1447 1592 1449
f 1448 1597 1450
f 1448 1449 1598
f 1448 1598 1597
f 1449 1592 1598
f 1450 1597 1599
f 1450 1599 1600
f 1450 1600 1472
f 1450 1472 1451
f 1451 1472 1452
f 1452 1472 1453
f 1454 1465 1455
f 1455 1465 1601
f 1455 1601 1456
f 1456 1601 1602
f 1456 1602 1603
f 1456 1603 1604
f 1456 1604 1457
f 1457 1604 1468
f 1458 1605 1459
f 1458 1466 1605
f 1459 1606 1460
f 1459 1605 1606
f 1460 1606 1607
f 1460 1607 1608
f 1460 1608 1461
f 1461 1608 1462
f 1462 1608 1609
f 1462 1609 1610
f 1462 1610 1463
f 1463 1610 1464
f 1464 1611 1612
f 1464 1612 1601
f 1464 1601 1465
f 1464 1610 1611
f 1466 1613 1605
f 1466 1467 1513
f 1466 1513 1613
f 1468 1604 1614
f 1468 1614 1469
f 1469 1614 1615
f 1469 1615 1616
f 1469 1616 1470
f 1470 1616 1471
f 1471 1616 1618
f 1471 1618 1617
f 1472 1600 1474
f 1472 1474 1473
f 1474 1600 1599
f 1474 1599 1475
f 1475 1599 1619
f 1475 1619 1620
f 1475 1620 1476
f 1476 1620 1621
f 1476 1621 1477
f 1477 1621 1622
f 1477 1622 1478
f 1478 1622 1623
f 1478 1623 1479
f 1479 1623 1480
f 1480 1623 1624
f 1480 1624 1481
f 1481 1625 1626
f 1481 1626 1482
f 1481 1624 1625
f 1482 1626 1483
f 1483 1626 1625
f 1483 1625 1627
f 1483 1627 1628
f 1483 1628 1484
f 1484 1628 1629
f 1484 1629 1485
f 1485 1629 1630
f 1485 1630 1486
f 1486 1630 1631
f 1486 1631 1487
f 1487 1631 1632
f 1487 1632 1489
f 1488 1490 1491
f 1489 1632 1633
f 1489 1633 1490
f 1490 1633 1634
f 1490 1634 1491
f 1491 1634 1635
f 1491 1635 1492
f 1492 1635 1636
f 1492 1636 1494
f 1492 1494 1493
f 1494 1636 1495
f 1495 1637 1638
f 1495 1638 1639
f 1495 1639 1496
f 1495 1636 1637
f 1496 1639 1497
f 1497 1640 1498
f 1497 1639 1640
f 1498 1640 1641
f 1498 1641 1500
f 1498 1500 1499
f 1500 1641 1501
f 1501 1642 1503
f 1501 1503 1502
f 1501 1641 1642
f 1503 1642 1504
f 1504 1642 1643
f 1504 1643 1644
f 1504 1644 1505
f 1505 1644 1506
f 1506 1644 1645
f 1506 1645 1507
f 1507 1645 1646
f 1507 1646 1508
f 1508 1647 1509
f 1508 1646 1647
f 1509 1647 1648
f 1509 1648 1511
f 1510 1649 1512
f 1510 1511 1650
f 1510 1650 1649
f 1511 1648 1650
f 1512 1651 1513
f 1512 1649 1651
f 1513 1651 1652
f 1513 1652 1653
f 1513 1653 1613
f 1515 1654 1516
f 1516 1655 1517
f 1516 1654 1655
f 1517 1656 1657
f 1517 1657 1658
f 1517 1658 1518
f 1517 1655 1656
f 1518 1658 1659
f 1518 1659 1519
f 1519 1659 1660
f 1519 1660 1661
f 1519 1661 1520
f 1520 1661 1662
f 1520 1662 1521
f 1521 1662 1663
f 1521 1663 1522
f 1522 1663 1523
f 1523 1663 1664
f 1523 1664 1665
f 1523 1665 1666
f 1523 1666 1524
f 1524 1666 1667
f 1524 1667 1525
f 1525 1667 1526
f 1526 1667 1527
f 1527 1667 1528
f 1528 1668 1669
f 1528 1669 1670
f 1528 1670 1671
f 1528 1671 1529
f 1528 1667 1668
f 1529 1671 1530
f 1530 1671 1531
f 1531 1671 1672
f 1531 1672 1532
f 1532 1672 1673
f 1532 1673 1533
f 1533 1673 1674
f 1533 1674 1534
f 1534 1674 1675
f 1534 1675 1535
f 1535 1675 1536
f 1536 1675 1676
f 1536 1676 1537
f 1537 1676 1562
f 1540 1561 1541
f 1542 1553 1677
f 1542 1677 1678
f 1542 1678 1543
f 1543 1679 1680
f 1543 1680 1552
f 1543 1552 1544
f 1543 1678 1679
f 1545 1681 1546
f 1545 1547 1682
f 1545 1682 1681
f 1546 1683 1684
f 1546 1681 1683
f 1547 1551 1685
f 1547 1685 1682
f 1548 1686 1687
f 1548 1687 1564
f 1548 1564 1549
f 1548 1684 1686
f 1551 1552 1688
f 1551 1688 1685
f 1552 1680 1688
f 1553 1559 1677
f 1554 1560 1689
f 1554 1689 1556
f 1555 1690 1557
f 1555 1556 1691
f 1555 1691 1690
f 1556 1689 1692
f 1556 1692 1691
f 1557 1690 1693
f 1557 1693 1558
f 1558 1693 1694
f 1558 1694 1695
f 1558 1695 1559
f 1559 1695 1696
f 1559 1696 1677
f 1560 1563 1689
f 1562 1676 1697
f 1562 1697 1563
f 1563 1697 1689
f 1564 1687 1565
f 1565 1687 1698
f 1565 1698 1566
f 1566 1698 1699
f 1566 1699 1700
f 1566 1700 1567
f 1567 1700 1701
f 1567 1701 1702
f 1567 1702 1568
f 1568 1702 1569
f 1569 1702 1703
f 1569 1703 1570
f 1570 1704 1705
f 1570 1705 1571
f 1570 1703 1704
f 1571 1705 1706
f 1571 1706 1707
f 1571 1707 1572
f 1572 1707 1708
f 1572 1708 1573
f 1573 1708 1712
f 1573 1712 1577
f 1574 1709 1575
f 1574 1580 1709
f 1575 1709 1576
f 1576 1709 1710
f 1576 1710 1711
f 1576 1711 1584
f 1577 1712 1579
f 1577 1579 1578
f 1579 1713 1580
f 1579 1712 1859
f 1579 1859 1713
f 1580 1713 1714
f 1580 1714 1709
f 1581 1582 1715
f 1581 1715 1716
f 1581 1716 1588
f 1582 1583 1715
f 1583 1584 1717
f 1583 1717 1715
f 1584 1711 1717
f 1585 1586 1718
f 1585 1718 1590
f 1586 1587 1719
f 1586 1719 1718
f 1587 1588 1720
f 1587 1720 1719
f 1588 1716 1721
f 1588 1721 1720
f 1589 1590 1722
f 1589 1722 1596
f 1590 1718 1723
f 1590 1723 1722
f 1591 1724 1725
f 1591 1725 1592
f 1591 1593 1726
f 1591 1726 1724
f 1592 1725 1598
f 1593 1727 1726
f 1593 1594 1728
f 1593 1728 1727
f 1594 1595 1729
f 1594 1729 1728
f 1595 1596 1730
f 1595 1730 1729
f 1596 1722 1731
f 1596 1731 1730
f 1597 1598 1599
f 1598 1725 1732
f 1598 1732 1599
f 1599 1732 1619
f 1601 1612 1602
f 1602 1733 1734
f 1602 1734 1735
f 1602 1735 1603
f 1602 1612 1733
f 1603 1735 1736
f 1603 1736 1614
f 1603 1614 1604
f 1605 1737 1738
f 1605 1738 1606
f 1605 1613 1737
f 1606 1738 1739
f 1606 1739 1607
f 1607 1739 1740
f 1607 1740 1608
f 1608 1740 1741
f 1608 1741 1609
f 1609 1741 1742
f 1609 1742 1743
f 1609 1743 1610
f 1610 1743 1611
f 1611 1743 1744
f 1611 1744 1745
f 1611 1745 1612
f 1612 1745 1746
f 1612 1746 1733
f 1613 1653 1747
f 1613 1747 1748
f 1613 1748 1737
f 1614 1736 1749
f 1614 1749 1750
f 1614 1750 1751
f 1614 1751 1615
f 1615 1751 1750
f 1615 1750 1752
f 1615 1752 1616
f 1616 1752 1618
f 1617 1618 1753
f 1618 1752 1754
f 1618 1754 1755
f 1618 1755 1756
f 1618 1756 1753
f 1619 1732 1724
f 1619 1724 1620
f 1620 1724 1757
f 1620 1757 1758
f 1620 1758 1621
f 1621 1758 1759
f 1621 1759 1622
f 1622 1759 1760
f 1622 1760 1761
f 1622 1761 1762
f 1622 1762 1623
f 1623 1762 1625
f 1623 1625 1624
f 1625 1762 1763
f 1625 1763 1627
f 1627 1763 1764
f 1627 1764 1628
f 1628 1764 1765
f 1628 1765 1766
f 1628 1766 1629
f 1629 1766 1767
f 1629 1767 1768
f 1629 1768 1630
f 1630 1768 1769
f 1630 1769 1631
f 1631 1769 1770
f 1631 1770 1632
f 1632 1770 1771
f 1632 1771 1633
f 1633 1772 1634
f 1633 1771 1772
f 1634 1773 1635
f 1634 1772 1773
f 1635 1774 1775
f 1635 1775 1636
f 1635 1773 1774
f 1636 1775 1637
f 1637 1775 1776
f 1637 1776 1777
f 1637 1777 1638
f 1638 1778 1779
f 1638 1779 1639
f 1638 1777 1778
f 1639 1779 1780
f 1639 1780 1640
f 1640 1781 1782
f 1640 1782 1783
f 1640 1783 1641
f 1640 1780 1781
f 1641 1783 1784
f 1641 1784 1785
f 1641 1785 1642
f 1642 1785 1786
f 1642 1786 1643
f 1643 1787 1788
f 1643 1788 1644
f 1643 1786 1787
f 1644 1788 1645
f 1645 1788 1789
f 1645 1789 1646
f 1646 1789 1790
f 1646 1790 1647
f 1647 1790 1791
f 1647 1791 1648
f 1648 1791 1792
f 1648 1792 1650
f 1649 1650 1793
f 1649 1793 1794
f 1649 1794 1651
f 1650 1792 1795
f 1650 1795 1793
f 1651 1796 1797
f 1651 1797 1652
f 1651 1794 1796
f 1652 1797 1747
f 1652 1747 1653
f 1654 1798 1655
f 1655 1798 1799
f 1655 1799 1656
f 1656 1800 1801
f 1656 1801 1802
f 1656 1802 1803
f 1656 1803 1804
f 1656 1804 1657
f 1656 1799 1805
f 1656 1805 1800
f 1657 1804 1658
f 1658 1804 1806
f 1658 1806 1659
f 1659 1806 1660
f 1660 1807 1808
f 1660 1808 1809
f 1660 1809 1661
f 1660 1806 1807
f 1661 1809 1662
f 1662 1809 1663
f 1663 1810 1811
f 1663 1811 1664
f 1663 1809 1810
f 1664 1811 1812
f 1664 1812 1665
f 1665 1812 1813
f 1665 1813 1814
f 1665 1814 1666
f 1666 1814 1668
f 1666 1668 1667
f 1668 1814 1815
f 1668 1815 1669
f 1669 1815 1816
f 1669 1816 1817
f 1669 1817 1670
f 1670 1817 1671
f 1671 1817 1818
f 1671 1818 1672
f 1672 1818 1819
f 1672 1819 1673
f 1673 1819 1820
f 1673 1820 1674
f 1674 1820 1821
f 1674 1821 1675
f 1675 1821 1822
f 1675 1822 1676
f 1676 1822 1697
f 1677 1823 1678
f 1677 1696 1824
f 1677 1824 1823
f 1678 1823 1825
f 1678 1825 1679
f 1679 1826 1827
f 1679 1827 1828
f 1679 1828 1680
f 1679 1825 1826
f 1680 1828 1688
f 1681 1682 1829
f 1681 1829 1830
f 1681 1830 1683
f 1682 1685 1831
f 1682 1831 1829
f 1683 1830 1832
f 1683 1832 1833
f 1683 1833 1684
f 1684 1833 1686
f 1685 1688 1834
f 1685 1834 1831
f 1686 1833 1835
f 1686 1835 1698
f 1686 1698 1687
f 1688 1828 1834
f 1689 1697 1692
f 1690 1836 1693
f 1690 1691 1837
f 1690 1837 1836
f 1691 1692 1838
f 1691 1838 1837
f 1692 1697 1822
f 1692 1822 1838
f 1693 1836 1839
f 1693 1839 1694
f 1694 1839 1840
f 1694 1840 1841
f 1694 1841 1695
f 1695 1841 1696
f 1696 1841 1824
f 1698 1835 1699
f 1699 1842 1700
f 1699 1835 1843
f 1699 1843 1842
f 1700 1842 1701
f 1701 1842 1844
f 1701 1844 1845
f 1701 1845 1846
f 1701 1846 1702
f 1702 1846 1847
f 1702 1847 1848
f 1702 1848 1797
f 1702 1797 1703
f 1703 1797 1704
f 1704 1797 1849
f 1704 1849 1705
f 1705 1849 1850
f 1705 1850 1706
f 1706 1850 1851
f 1706 1851 1852
f 1706 1852 1853
f 1706 1853 1707
f 1707 1853 1854
f 1707 1854 1708
f 1708 1854 1712
f 1709 1714 1855
f 1709 1855 1856
f 1709 1856 1710
f 1710 1856 1857
f 1710 1857 1711
f 1711 1858 1717
f 1711 1857 1858
f 1712 1854 1859
f 1713 1859 1860
f 1713 1860 1861
f 1713 1861 1714
f 1714 1862 1855
f 1714 1861 1862
f 1715 1863 1721
f 1715 1721 1716
f 1715 1717 1863
f 1717 1858 1863
f 1718 1719 1864
f 1718 1864 1723
f 1719 1720 1865
f 1719 1865 1864
f 1720 1721 1865
f 1721 1866 1865
f 1721 1863 1866
f 1722 1723 1867
f 1722 1867 1731
f 1723 1864 1868
f 1723 1868 1867
f 1724 1726 1869
f 1724 1869 1757
f 1724 1732 1725
f 1726 1727 1869
f 1727 1870 1869
f 1727 1728 1871
f 1727 1871 1870
f 1728 1729 1872
f 1728 1872 1871
f 1729 1730 1873
f 1729 1873 1872
f 1730 1731 1874
f 1730 1874 1873
f 1731 1867 1875
f 1731 1875 1874
f 1733 1746 1876
f 1733 1876 1734
f 1734 1876 1877
f 1734 1877 1878
f 1734 1878 1735
f 1735 1878 1736
f 1736 1878 1750
f 1736 1750 1749
f 1737 1846 1845
f 1737 1845 1738
f 1737 1748 1846
f 1738 1879 1739
f 1738 1845 1879
f 1739 1879 1880
f 1739 1880 1881
f 1739 1881 1740
f 1740 1881 1741
f 1741 1881 1882
f 1741 1882 1883
f 1741 1883 1742
f 1742 1883 1884
f 1742 1884 1885
f 1742 1885 1743
f 1743 1885 1744
f 1744 1885 1886
f 1744 1886 1887
f 1744 1887 1745
f 1745 1887 1746
f 1746 1887 1876
f 1747 1797 1848
f 1747 1848 1847
f 1747 1847 1748
f 1748 1847 1846
f 1750 1878 1888
f 1750 1888 1889
f 1750 1889 1890
f 1750 1890 1752
f 1752 1890 1891
f 1752 1891 1754
f 1753 1756 1755
f 1753 1755 1892
f 1754 1891 1755
f 1755 1891 1893
f 1755 1893 1894
f 1755 1894 1895
f 1755 1895 1892
f 1757 1869 1896
f 1757 1896 1758
f 1758 1896 1760
f 1758 1760 1759
f 1760 1896 1897
f 1760 1897 1898
f 1760 1898 1761
f 1761 1898 1762
f 1762 1898 1899
f 1762 1899 1763
f 1763 1899 1900
f 1763 1900 1901
f 1763 1901 1764
f 1764 1901 1765
f 1765 1902 1903
f 1765 1903 1904
f 1765 1904 1767
f 1765 1767 1766
f 1765 1901 1902
f 1767 1904 1905
f 1767 1905 1906
f 1767 1906 1907
f 1767 1907 1768
f 1768 1907 1769
f 1769 1907 1908
f 1769 1908 1770
f 1770 1908 1909
f 1770 1909 1771
f 1771 1910 1772
f 1771 1909 1910
f 1772 1910 1911
f 1772 1911 1773
f 1773 1911 1774
f 1774 1911 1912
f 1774 1912 1913
f 1774 1913 1776
f 1774 1776 1775
f 1776 1914 1777
f 1776 1913 1914
f 1777 1914 1778
f 1778 1914 1915
f 1778 1915 1916
f 1778 1916 1917
f 1778 1917 1918
f 1778 1918 1919
f 1778 1919 1779
f 1779 1919 1780
f 1780 1919 1781
f 1781 1919 1918
f 1781 1918 1782
f 1782 1918 1920
f 1782 1920 1921
f 1782 1921 1783
f 1783 1921 1784
f 1784 1922 1785
f 1784 1921 1922
f 1785 1923 1786
f 1785 1922 1923
f 1786 1923 1787
f 1787 1924 1788
f 1787 1923 1925
f 1787 1925 1924
f 1788 1924 1926
f 1788 1926 1789
f 1789 1926 1790
f 1790 1926 1927
f 1790 1927 1928
f 1790 1928 1791
f 1791 1928 1929
f 1791 1929 1792
f 1792 1929 1930
f 1792 1930 1795
f 1793 1931 1794
f 1793 1795 1932
f 1793 1932 1931
f 1794 1849 1796
f 1794 1931 1849
f 1795 1930 1932
f 1796 1849 1797
f 1798 1933 1799
f 1799 1933 1805
f 1800 1805 1934
f 1800 1934 1935
f 1800 1935 1801
f 1801 1935 1936
f 1801 1936 1937
f 1801 1937 1938
f 1801 1938 1803
f 1801 1803 1802
f 1803 1938 1806
f 1803 1806 1804
f 1806 1938 1939
f 1806 1939 1807
f 1807 1939 1940
f 1807 1940 1808
f 1808 1940 1941
f 1808 1941 1810
f 1808 1810 1809
f 1810 1941 1942
f 1810 1942 1811
f 1811 1942 1943
f 1811 1943 1812
f 1812 1943 1813
f 1813 1943 1944
f 1813 1944 1945
f 1813 1945 1946
f 1813 1946 1814
f 1814 1946 1815
f 1815 1947 1816
f 1815 1946 1947
f 1816 1947 1948
f 1816 1948 1817
f 1817 1948 1949
f 1817 1949 1818
f 1818 1949 1819
f 1819 1949 1950
f 1819 1950 1951
f 1819 1951 1820
f 1820 1951 1952
f 1820 1952 1821
f 1821 1952 1838
f 1821 1838 1822
f 1823 1953 1825
f 1823 1824 1954
f 1823 1954 1953
f 1824 1841 1955
f 1824 1955 1956
f 1824 1956 1954
f 1825 1953 1957
f 1825 1957 1826
f 1826 1958 1959
f 1826 1959 1960
f 1826 1960 1827
f 1826 1957 1958
f 1827 1960 1961
f 1827 1961 1828
f 1828 1961 1834
f 1829 1962 1830
f 1829 1831 1963
f 1829 1963 1962
f 1830 1964 1832
f 1830 1962 1964
f 1831 1834 1965
f 1831 1965 1963
f 1832 1964 1966
f 1832 1966 1967
f 1832 1967 1833
f 1833 1967 1835
f 1834 1961 1965
f 1835 1967 1843
f 1836 1968 1839
f 1836 1837 1969
f 1836 1969 1968
f 1837 1838 1952
f 1837 1952 1969
f 1839 1968 1970
f 1839 1970 1840
f 1840 1970 1971
f 1840 1971 1955
f 1840 1955 1841
f 1842 1972 1844
f 1842 1843 1973
f 1842 1973 1974
f 1842 1974 1972
f 1843 1967 1973
f 1844 1972 1879
f 1844 1879 1845
f 1849 1931 1850
f 1850 1931 1975
f 1850 1975 1851
f 1851 1975 1976
f 1851 1976 1977
f 1851 1977 1852
f 1852 1977 1978
f 1852 1978 1979
f 1852 1979 1853
f 1853 1979 1854
f 1854 1979 1859
f 1855 1980 1856
f 1855 1862 1980
f 1856 1980 1857
f 1857 1980 1981
f 1857 1981 1982
f 1857 1982 1858
f 1858 1982 1983
f 1858 1983 1863
f 1859 1979 1860
f 1860 1984 1861
f 1860 1979 1978
f 1860 1978 1984
f 1861 1984 1985
f 1861 1985 1862
f 1862 1985 1986
f 1862 1986 1980
f 1863 1983 1987
f 1863 1987 1866
f 1864 1865 1988
f 1864 1988 1868
f 1865 1866 1988
f 1866 1989 1988
f 1866 1987 1989
f 1867 1868 1875
f 1868 1988 1990
f 1868 1990 1875
f 1869 1870 1896
f 1870 1871 1897
f 1870 1897 1896
f 1871 1898 1897
f 1871 1872 1991
f 1871 1991 1898
f 1872 1992 1991
f 1872 1873 1992
f 1873 1903 1992
f 1873 1874 1905
f 1873 1905 1903
f 1874 1875 1905
f 1875 1993 1905
f 1875 1990 1993
f 1876 1994 1995
f 1876 1995 1996
f 1876 1996 1877
f 1876 1887 1994
f 1877 1996 1997
f 1877 1997 1998
f 1877 1998 1999
f 1877 1999 1878
f 1878 1999 2000
f 1878 2000 1888
f 1879 1972 1880
f 1880 1972 2001
f 1880 2001 1881
f 1881 2001 2002
f 1881 2002 1882
f 1882 2002 2003
f 1882 2003 1883
f 1883 2003 2004
f 1883 2004 1884
f 1884 2004 2005
f 1884 2005 2006
f 1884 2006 1885
f 1885 2006 2007
f 1885 2007 1886
f 1886 2007 2008
f 1886 2008 1887
f 1887 2008 1994
f 1888 2000 2009
f 1888 2009 2010
f 1888 2010 1889
f 1889 2010 1893
f 1889 1893 1891
f 1889 1891 1890
f 1892 1895 2011
f 1893 2010 2012
f 1893 2012 2013
f 1893 2013 1894
f 1894 2013 2014
f 1894 2014 2015
f 1894 2015 1895
f 1895 2015 2016
f 1895 2016 2017
f 1895 2017 2011
f 1898 1991 1900
f 1898 1900 1899
f 1900 1991 1992
f 1900 1992 1902
f 1900 1902 1901
f 1902 1992 1903
f 1903 1905 1904
f 1905 1993 1906
f 1906 1993 2018
f 1906 2018 1907
f 1907 2018 1908
f 1908 2019 1909
f 1908 2018 2019
f 1909 2019 2020
f 1909 2020 1910
f 1910 2020 2021
f 1910 2021 1911
f 1911 2021 1912
f 1912 2022 1913
f 1912 2021 2023
f 1912 2023 2022
f 1913 2022 2024
f 1913 2024 1914
f 1914 2024 1915
f 1915 2025 1916
f 1915 2024 2025
f 1916 2025 2026
f 1916 2026 2027
f 1916 2027 2028
f 1916 2028 1917
f 1917 2028 1918
f 1918 2028 1920
f 1920 2028 2027
f 1920 2027 2029
f 1920 2029 1921
f 1921 2029 2030
f 1921 2030 2031
f 1921 2031 1923
f 1921 1923 1922
f 1923 2031 2032
f 1923 2032 2033
f 1923 2033 1925
f 1924 1925 2034
f 1924 2034 1926
f 1925 2033 2034
f 1926 2035 1927
f 1926 2034 2036
f 1926 2036 2035
f 1927 2035 1928
f 1928 2035 2037
f 1928 2037 1929
f 1929 2037 2038
f 1929 2038 1930
f 1930 2038 2039
f 1930 2039 1932
f 1931 1932 1975
f 1932 2039 1975
f 1934 2040 2041
f 1934 2041 1935
f 1935 2041 1936
f 1936 2042 2043
f 1936 2043 1937
f 1936 2041 2042
f 1937 2043 1938
f 1938 2043 2044
f 1938 2044 2045
f 1938 2045 2046
f 1938 2046 2047
f 1938 2047 1939
f 1939 2047 1940
f 1940 2047 2048
f 1940 2048 1941
f 1941 2048 2049
f 1941 2049 1942
f 1942 2050 1943
f 1942 2049 2050
f 1943 2050 1944
f 1944 2051 1945
f 1944 2050 2051
f 1945 2052 2053
f 1945 2053 2054
f 1945 2054 1946
f 1945 2051 2052
f 1946 2054 2055
f 1946 2055 1947
f 1947 2055 2056
f 1947 2056 2057
f 1947 2057 1948
f 1948 2057 2058
f 1948 2058 1949
f 1949 2058 1950
f 1950 2058 2059
f 1950 2059 2060
f 1950 2060 1951
f 1951 2060 1969
f 1951 1969 1952
f 1953 2061 1957
f 1953 1954 2062
f 1953 2062 2061
f 1954 1956 2063
f 1954 2063 2062
f 1955 1971 1956
f 1956 1971 2064
f 1956 2064 2065
f 1956 2065 2063
f 1957 2061 2066
f 1957 2066 1958
f 1958 2067 2068
f 1958 2068 2069
f 1958 2069 1959
f 1958 2066 2067
f 1959 2069 2070
f 1959 2070 1960
f 1960 2070 2071
f 1960 2071 1961
f 1961 2071 1965
f 1962 1963 2072
f 1962 2072 2073
f 1962 2073 1964
f 1963 1965 2074
f 1963 2074 2072
f 1964 2073 2075
f 1964 2075 1966
f 1965 2071 2074
f 1966 2076 1973
f 1966 1973 1967
f 1966 2075 2076
f 1968 2077 1970
f 1968 1969 2060
f 1968 2060 2077
f 1970 2077 2078
f 1970 2078 1971
f 1971 2078 2064
f 1972 1974 2001
f 1973 2076 1974
f 1974 2076 2079
f 1974 2079 2001
f 1975 2039 2080
f 1975 2080 1976
f 1976 2080 2081
f 1976 2081 1977
f 1977 2081 2082
f 1977 2082 1978
f 1978 2082 1984
f 1980 1986 2083
f 1980 2083 1981
f 1981 2083 2084
f 1981 2084 1982
f 1982 2085 1983
f 1982 2084 2085
f 1983 2085 1987
f 1984 2082 2086
f 1984 2086 1985
f 1985 2087 1986
f 1985 2086 2087
f 1986 2088 2083
f 1986 2087 2088
f 1987 2089 1989
f 1987 2085 2090
f 1987 2090 2089
f 1988 2091 1990
f 1988 1989 2091
f 1989 2089 2092
f 1989 2092 2091
f 1990 2091 2093
f 1990 2093 1993
f 1993 2093 2018
f 1994 2008 1995
f 1995 2094 2095
f 1995 2095 1996
f 1995 2008 2094
f 1996 2095 1997
f 1997 2095 2096
f 1997 2096 2097
f 1997 2097 2098
f 1997 2098 2099
f 1997 2099 1998
f 1998 2099 2100
f 1998 2100 1999
f 1999 2100 2009
f 1999 2009 2000
f 2001 2079 2002
f 2002 2079 2101
f 2002 2101 2003
f 2003 2101 2102
f 2003 2102 2004
f 2004 2102 2005
f 2005 2103 2104
f 2005 2104 2105
f 2005 2105 2006
f 2005 2102 2103
f 2006 2105 2007
f 2007 2106 2107
f 2007 2107 2108
f 2007 2108 2008
f 2007 2105 2106
f 2008 2108 2094
f 2009 2100 2109
f 2009 2109 2110
f 2009 2110 2012
f 2009 2012 2010
f 2012 2110 2111
f 2012 2111 2013
f 2013 2111 2014
f 2014 2112 2113
f 2014 2113 2114
f 2014 2114 2115
f 2014 2115 2015
f 2014 2111 2112
f 2015 2115 2016
f 2016 2115 2116
f 2016 2116 2017
f 2017 2116 2117
f 2018 2093 2019
f 2019 2093 2118
f 2019 2118 2020
f 2020 2118 2119
f 2020 2119 2021
f 2021 2119 2023
f 2022 2120 2121
f 2022 2121 2025
f 2022 2025 2024
f 2022 2023 2120
f 2023 2119 2122
f 2023 2122 2120
f 2025 2121 2123
f 2025 2123 2026
f 2026 2123 2124
f 2026 2124 2125
f 2026 2125 2027
f 2027 2125 2030
f 2027 2030 2029
f 2030 2126 2033
f 2030 2033 2031
f 2030 2125 2126
f 2031 2033 2032
f 2033 2126 2127
f 2033 2127 2034
f 2034 2127 2036
f 2035 2036 2128
f 2035 2128 2037
f 2036 2127 2128
f 2037 2128 2129
f 2037 2129 2038
f 2038 2129 2130
f 2038 2130 2039
f 2039 2130 2080
f 2040 2131 2041
f 2041 2131 2132
f 2041 2132 2042
f 2042 2132 2133
f 2042 2133 2134
f 2042 2134 2135
f 2042 2135 2043
f 2043 2135 2136
f 2043 2136 2044
f 2044 2136 2045
f 2045 2136 2137
f 2045 2137 2138
f 2045 2138 2139
f 2045 2139 2140
f 2045 2140 2046
f 2046 2140 2047
f 2047 2140 2141
f 2047 2141 2048
f 2048 2141 2049
f 2049 2142 2143
f 2049 2143 2144
f 2049 2144 2050
f 2049 2141 2142
f 2050 2144 2145
f 2050 2145 2051
f 2051 2145 2052
f 2052 2146 2147
f 2052 2147 2053
f 2052 2145 2146
f 2053 2147 2148
f 2053 2148 2149
f 2053 2149 2150
f 2053 2150 2054
f 2054 2150 2055
f 2055 2150 2056
f 2056 2150 2151
f 2056 2151 2057
f 2057 2151 2058
f 2058 2151 2152
f 2058 2152 2059
f 2059 2152 2153
f 2059 2153 2077
f 2059 2077 2060
f 2061 2062 2154
f 2061 2154 2155
f 2061 2155 2066
f 2062 2063 2156
f 2062 2156 2154
f 2063 2157 2156
f 2063 2065 2157
f 2064 2078 2158
f 2064 2158 2159
f 2064 2159 2065
f 2065 2159 2160
f 2065 2160 2161
f 2065 2161 2157
f 2066 2155 2162
f 2066 2162 2067
f 2067 2162 2163
f 2067 2163 2164
f 2067 2164 2165
f 2067 2165 2068
f 2068 2165 2166
f 2068 2166 2167
f 2068 2167 2069
f 2069 2167 2168
f 2069 2168 2070
f 2070 2168 2169
f 2070 2169 2071
f 2071 2169 2074
f 2072 2170 2073
f 2072 2074 2171
f 2072 2171 2170
f 2073 2172 2075
f 2073 2170 2172
f 2074 2169 2171
f 2075 2172 2173
f 2075 2173 2076
f 2076 2173 2079
f 2077 2153 2078
f 2078 2153 2158
f 2079 2173 2101
f 2080 2130 2174
f 2080 2174 2081
f 2081 2174 2175
f 2081 2175 2082
f 2082 2175 2086
f 2083 2088 2084
f 2084 2088 2176
f 2084 2176 2177
f 2084 2177 2085
f 2085 2177 2090
f 2086 2175 2178
f 2086 2178 2087
f 2087 2178 2179
f 2087 2179 2088
f 2088 2179 2180
f 2088 2180 2176
f 2089 2090 2181
f 2089 2181 2182
f 2089 2182 2122
f 2089 2122 2092
f 2090 2177 2181
f 2091 2118 2093
f 2091 2092 2118
f 2092 2119 2118
f 2092 2122 2119
f 2094 2108 2183
f 2094 2183 2184
f 2094 2184 2095
f 2095 2184 2096
f 2096 2184 2185
f 2096 2185 2097
f 2097 2185 2186
f 2097 2186 2187
f 2097 2187 2098
f 2098 2187 2188
f 2098 2188 2189
f 2098 2189 2099
f 2099 2189 2109
f 2099 2109 2100
f 2101 2173 2190
f 2101 2190 2102
f 2102 2190 2191
f 2102 2191 2103
f 2103 2191 2104
f 2104 2191 2192
f 2104 2192 2193
f 2104 2193 2105
f 2105 2193 2106
f 2106 2193 2107
f 2107 2193 2194
f 2107 2194 2195
f 2107 2195 2108
f 2108 2195 2183
f 2109 2189 2196
f 2109 2196 2197
f 2109 2197 2110
f 2110 2197 2111
f 2111 2197 2112
f 2112 2197 2198
f 2112 2198 2113
f 2113 2198 2199
f 2113 2199 2200
f 2113 2200 2114
f 2114 2200 2201
f 2114 2201 2115
f 2115 2201 2116
f 2116 2201 2202
f 2116 2202 2117
f 2120 2122 2203
f 2120 2203 2204
f 2120 2204 2121
f 2121 2204 2123
f 2122 2182 2203
f 2123 2205 2124
f 2123 2204 2205
f 2124 2205 2206
f 2124 2206 2207
f 2124 2207 2125
f 2125 2207 2126
f 2126 2208 2127
f 2126 2207 2208
f 2127 2208 2128
f 2128 2208 2209
f 2128 2209 2129
f 2129 2209 2210
f 2129 2210 2130
f 2130 2210 2174
f 2132 2211 2133
f 2133 2211 2134
f 2134 2211 2212
f 2134 2212 2213
f 2134 2213 2214
f 2134 2214 2135
f 2135 2214 2136
f 2136 2214 2137
f 2137 2214 2215
f 2137 2215 2216
f 2137 2216 2138
f 2138 2216 2217
f 2138 2217 2139
f 2139 2141 2140
f 2139 2217 2218
f 2139 2218 2142
f 2139 2142 2141
f 2142 2218 2219
f 2142 2219 2143
f 2143 2220 2145
f 2143 2145 2144
f 2143 2219 2220
f 2145 2220 2221
f 2145 2221 2146
f 2146 2221 2147
f 2147 2221 2222
f 2147 2222 2223
f 2147 2223 2148
f 2148 2223 2224
f 2148 2224 2225
f 2148 2225 2226
f 2148 2226 2149
f 2149 2226 2150
f 2150 2226 2227
f 2150 2227 2151
f 2151 2227 2152
f 2152 2227 2226
f 2152 2226 2228
f 2152 2228 2153
f 2153 2228 2229
f 2153 2229 2158
f 2154 2230 2155
f 2154 2156 2231
f 2154 2231 2230
f 2155 2232 2162
f 2155 2230 2232
f 2156 2157 2233
f 2156 2233 2231
f 2157 2161 2233
f 2158 2229 2234
f 2158 2234 2159
f 2159 2234 2235
f 2159 2235 2160
f 2160 2235 2236
f 2160 2236 2161
f 2161 2237 2233
f 2161 2236 2238
f 2161 2238 2239
f 2161 2239 2237
f 2162 2232 2163
f 2163 2240 2241
f 2163 2241 2164
f 2163 2232 2242
f 2163 2242 2243
f 2163 2243 2240
f 2164 2241 2244
f 2164 2244 2165
f 2165 2244 2166
f 2166 2244 2245
f 2166 2245 2246
f 2166 2246 2247
f 2166 2247 2167
f 2167 2247 2248
f 2167 2248 2168
f 2168 2248 2249
f 2168 2249 2169
f 2169 2249 2171
f 2170 2171 2250
f 2170 2250 2251
f 2170 2251 2172
f 2171 2249 2250
f 2172 2251 2190
f 2172 2190 2173
f 2174 2210 2252
f 2174 2252 2175
f 2175 2252 2178
f 2176 2180 2253
f 2176 2253 2177
f 2177 2253 2181
f 2178 2254 2179
f 2178 2252 2254
f 2179 2255 2180
f 2179 2254 2255
f 2180 2256 2253
f 2180 2255 2256
f 2181 2253 2257
f 2181 2257 2182
f 2182 2257 2203
f 2183 2195 2258
f 2183 2258 2259
f 2183 2259 2185
f 2183 2185 2184
f 2185 2259 2186
f 2186 2260 2261
f 2186 2261 2187
f 2186 2259 2260
f 2187 2261 2262
f 2187 2262 2188
f 2188 2262 2263
f 2188 2263 2264
f 2188 2264 2189
f 2189 2264 2196
f 2190 2251 2191
f 2191 2251 2265
f 2191 2265 2192
f 2192 2194 2193
f 2192 2265 2266
f 2192 2266 2267
f 2192 2267 2194
f 2194 2267 2268
f 2194 2268 2269
f 2194 2269 2195
f 2195 2269 2258
f 2196 2264 2270
f 2196 2270 2198
f 2196 2198 2197
f 2198 2270 2199
f 2199 2271 2272
f 2199 2272 2273
f 2199 2273 2200
f 2199 2270 2271
f 2200 2274 2201
f 2200 2273 2272
f 2200 2272 2275
f 2200 2275 2276
f 2200 2276 2274
f 2201 2274 2277
f 2201 2277 2202
f 2203 2257 2278
f 2203 2278 2204
f 2204 2278 2205
f 2205 2278 2279
f 2205 2279 2206
f 2206 2280 2281
f 2206 2281 2207
f 2206 2279 2280
f 2207 2281 2208
f 2208 2281 2209
f 2209 2281 2282
f 2209 2282 2210
f 2210 2282 2252
f 2211 2283 2284
f 2211 2284 2212
f 2212 2284 2285
f 2212 2285 2213
f 2213 2285 2286
f 2213 2286 2214
f 2214 2286 2215
f 2215 2286 2287
f 2215 2287 2216
f 2216 2287 2288
f 2216 2288 2289
f 2216 2289 2217
f 2217 2289 2290
f 2217 2290 2291
f 2217 2291 2218
f 2218 2291 2292
f 2218 2292 2219
f 2219 2292 2293
f 2219 2293 2294
f 2219 2294 2220
f 2220 2294 2221
f 2221 2294 2295
f 2221 2295 2222
f 2222 2296 2297
f 2222 2297 2223
f 2222 2295 2296
f 2223 2297 2298
f 2223 2298 2299
f 2223 2299 2224
f 2224 2299 2300
f 2224 2300 2225
f 2225 2300 2301
f 2225 2301 2226
f 2226 2301 2228
f 2228 2301 2229
f 2229 2301 2234
f 2230 2231 2302
f 2230 2302 2303
f 2230 2303 2304
f 2230 2304 2232
f 2231 2233 2305
f 2231 2305 2306
f 2231 2306 2302
f 2232 2304 2307
f 2232 2307 2242
f 2233 2237 2308
f 2233 2308 2305
f 2234 2301 2300
f 2234 2300 2235
f 2235 2300 2309
f 2235 2309 2236
f 2236 2309 2310
f 2236 2310 2238
f 2237 2239 2308
f 2238 2310 2311
f 2238 2311 2239
f 2239 2311 2312
f 2239 2312 2313
f 2239 2313 2308
f 2240 2243 2314
f 2240 2314 2315
f 2240 2315 2241
f 2241 2315 2244
f 2242 2307 2243
f 2243 2307 2316
f 2243 2316 2317
f 2243 2317 2314
f 2244 2315 2318
f 2244 2318 2319
f 2244 2319 2245
f 2245 2319 2246
f 2246 2320 2321
f 2246 2321 2247
f 2246 2319 2320
f 2247 2321 2322
f 2247 2322 2323
f 2247 2323 2248
f 2248 2323 2324
f 2248 2324 2249
f 2249 2324 2250
f 2250 2265 2251
f 2250 2324 2265
f 2252 2282 2254
f 2253 2256 2257
f 2254 2282 2280
f 2254 2280 2255
f 2255 2280 2279
f 2255 2279 2256
f 2256 2278 2257
f 2256 2279 2278
f 2258 2269 2325
f 2258 2325 2326
f 2258 2326 2327
f 2258 2327 2259
f 2259 2327 2260
f 2260 2327 2328
f 2260 2328 2329
f 2260 2329 2261
f 2261 2329 2330
f 2261 2330 2262
f 2262 2330 2331
f 2262 2331 2332
f 2262 2332 2333
f 2262 2333 2263
f 2263 2334 2264
f 2263 2333 2334
f 2264 2334 2270
f 2265 2324 2266
f 2266 2268 2267
f 2266 2324 2323
f 2266 2323 2335
f 2266 2335 2268
f 2268 2335 2336
f 2268 2336 2269
f 2269 2336 2325
f 2270 2334 2271
f 2271 2337 2338
f 2271 2338 2339
f 2271 2339 2272
f 2271 2334 2337
f 2272 2339 2340
f 2272 2340 2341
f 2272 2341 2275
f 2274 2276 2342
f 2274 2342 2343
f 2274 2343 2277
f 2275 2341 2344
f 2275 2344 2345
f 2275 2345 2276
f 2276 2345 2342
f 2280 2282 2281
f 2283 2346 2284
f 2284 2346 2347
f 2284 2347 2285
f 2285 2347 2348
f 2285 2348 2286
f 2286 2348 2287
f 2287 2348 2349
f 2287 2349 2350
f 2287 2350 2351
f 2287 2351 2288
f 2288 2351 2352
f 2288 2352 2353
f 2288 2353 2290
f 2288 2290 2289
f 2290 2353 2354
f 2290 2354 2355
f 2290 2355 2292
f 2290 2292 2291
f 2292 2355 2293
f 2293 2356 2357
f 2293 2357 2358
f 2293 2358 2295
f 2293 2295 2294
f 2293 2355 2356
f 2295 2358 2359
f 2295 2359 2296
f 2296 2359 2297
f 2297 2360 2298
f 2297 2359 2360
f 2298 2360 2361
f 2298 2361 2311
f 2298 2311 2310
f 2298 2310 2299
f 2299 2310 2309
f 2299 2309 2300
f 2302 2306 2303
f 2303 2362 2307
f 2303 2307 2304
f 2303 2306 2363
f 2303 2363 2362
f 2305 2308 2306
f 2306 2308 2364
f 2306 2364 2363
f 2307 2362 2316
f 2308 2313 2364
f 2311 2361 2312
f 2312 2365 2313
f 2312 2361 2366
f 2312 2366 2365
f 2313 2365 2367
f 2313 2367 2368
f 2313 2368 2364
f 2314 2369 2370
f 2314 2370 2315
f 2314 2317 2369
f 2315 2371 2318
f 2315 2370 2371
f 2316 2362 2372
f 2316 2372 2373
f 2316 2373 2374
f 2316 2374 2317
f 2317 2374 2375
f 2317 2375 2376
f 2317 2376 2369
f 2318 2371 2319
f 2319 2371 2377
f 2319 2377 2378
f 2319 2378 2379
f 2319 2379 2320
f 2320 2379 2321
f 2321 2379 2380
f 2321 2380 2322
f 2322 2380 2381
f 2322 2381 2323
f 2323 2381 2335
f 2325 2336 2382
f 2325 2382 2326
f 2326 2382 2383
f 2326 2383 2327
f 2327 2383 2328
f 2328 2383 2384
f 2328 2384 2385
f 2328 2385 2386
f 2328 2386 2329
f 2329 2386 2330
f 2330 2386 2331
f 2331 2386 2387
f 2331 2387 2388
f 2331 2388 2332
f 2332 2388 2389
f 2332 2389 2390
f 2332 2390 2333
f 2333 2390 2337
f 2333 2337 2334
f 2335 2381 2382
f 2335 2382 2336
f 2337 2390 2338
f 2338 2390 2391
f 2338 2391 2392
f 2338 2392 2340
f 2338 2340 2339
f 2340 2392 2393
f 2340 2393 2394
f 2340 2394 2344
f 2340 2344 2341
f 2342 2345 2395
f 2342 2395 2343
f 2343 2395 2396
f 2344 2397 2345
f 2344 2394 2398
f 2344 2398 2397
f 2345 2397 2399
f 2345 2399 2395
f 2346 2400 2401
f 2346 2401 2347
f 2347 2401 2402
f 2347 2402 2403
f 2347 2403 2404
f 2347 2404 2348
f 2348 2404 2405
f 2348 2405 2349
f 2349 2405 2350
f 2350 2405 2406
f 2350 2406 2407
f 2350 2407 2352
f 2350 2352 2351
f 2352 2407 2408
f 2352 2408 2409
f 2352 2409 2354
f 2352 2354 2353
f 2354 2409 2410
f 2354 2410 2411
f 2354 2411 2356
f 2354 2356 2355
f 2356 2411 2412
f 2356 2412 2357
f 2357 2412 2413
f 2357 2413 2358
f 2358 2413 2359
f 2359 2413 2360
f 2360 2414 2361
f 2360 2413 2414
f 2361 2414 2415
f 2361 2415 2366
f 2362 2363 2416
f 2362 2416 2417
f 2362 2417 2372
f 2363 2364 2418
f 2363 2418 2416
f 2364 2368 2419
f 2364 2419 2418
f 2365 2366 2420
f 2365 2420 2367
f 2366 2415 2420
f 2367 2420 2421
f 2367 2421 2422
f 2367 2422 2423
f 2367 2423 2419
f 2367 2419 2368
f 2369 2424 2370
f 2369 2376 2424
f 2370 2424 2425
f 2370 2425 2426
f 2370 2426 2427
f 2370 2427 2428
f 2370 2428 2371
f 2371 2428 2377
f 2372 2417 2373
f 2373 2417 2429
f 2373 2429 2430
f 2373 2430 2431
f 2373 2431 2375
f 2373 2375 2374
f 2375 2431 2432
f 2375 2432 2433
f 2375 2433 2434
f 2375 2434 2376
f 2376 2434 2424
f 2377 2428 2435
f 2377 2435 2378
f 2378 2435 2379
f 2379 2436 2437
f 2379 2437 2380
f 2379 2435 2436
f 2380 2437 2382
f 2380 2382 2381
f 2382 2437 2383
f 2383 2437 2436
f 2383 2436 2384
f 2384 2436 2435
f 2384 2435 2428
f 2384 2428 2438
f 2384 2438 2385
f 2385 2438 2439
f 2385 2439 2387
f 2385 2387 2386
f 2387 2439 2440
f 2387 2440 2441
f 2387 2441 2388
f 2388 2442 2389
f 2388 2441 2443
f 2388 2443 2444
f 2388 2444 2442
f 2389 2391 2390
f 2389 2442 2391
f 2391 2442 2392
f 2392 2442 2445
f 2392 2445 2394
f 2392 2394 2393
f 2394 2445 2446
f 2394 2446 2447
f 2394 2447 2448
f 2394 2448 2398
f 2395 2399 2449
f 2395 2449 2396
f 2397 2398 2399
f 2398 2448 2450
f 2398 2450 2451
f 2398 2451 2399
f 2399 2451 2452
f 2399 2452 2449
f 2400 2453 2454
f 2400 2454 2402
f 2400 2402 2401
f 2402 2454 2403
f 2403 2454 2455
f 2403 2455 2456
f 2403 2456 2406
f 2403 2406 2405
f 2403 2405 2404
f 2406 2456 2457
f 2406 2457 2458
f 2406 2458 2407
f 2407 2458 2408
f 2408 2459 2410
f 2408 2410 2409
f 2408 2458 2460
f 2408 2460 2459
f 2410 2459 2461
f 2410 2461 2412
f 2410 2412 2411
f 2412 2461 2462
f 2412 2462 2463
f 2412 2463 2413
f 2413 2463 2415
f 2413 2415 2414
f 2415 2463 2462
f 2415 2462 2464
f 2415 2464 2420
f 2416 2418 2465
f 2416 2465 2466
f 2416 2466 2417
f 2417 2466 2467
f 2417 2467 2429
f 2418 2419 2468
f 2418 2468 2465
f 2419 2423 2469
f 2419 2469 2468
f 2420 2464 2470
f 2420 2470 2421
f 2421 2470 2422
f 2422 2471 2469
f 2422 2469 2423
f 2422 2470 2472
f 2422 2472 2473
f 2422 2473 2471
f 2424 2474 2426
f 2424 2426 2425
f 2424 2434 2474
f 2426 2474 2475
f 2426 2475 2476
f 2426 2476 2477
f 2426 2477 2478
f 2426 2478 2427
f 2427 2478 2479
f 2427 2479 2428
f 2428 2479 2438
f 2429 2467 2430
f 2430 2432 2431
f 2430 2467 2480
f 2430 2480 2481
f 2430 2481 2432
f 2432 2482 2483
f 2432 2483 2433
f 2432 2481 2482
f 2433 2483 2434
f 2434 2483 2484
f 2434 2484 2474
f 2438 2479 2440
f 2438 2440 2439
f 2440 2479 2477
f 2440 2477 2443
f 2440 2443 2441
f 2442 2444 2445
f 2443 2477 2476
f 2443 2476 2485
f 2443 2485 2444
f 2444 2485 2486
f 2444 2486 2445
f 2445 2486 2487
f 2445 2487 2488
f 2445 2488 2446
f 2446 2488 2489
f 2446 2489 2490
f 2446 2490 2447
f 2447 2490 2491
f 2447 2491 2492
f 2447 2492 2448
f 2448 2492 2450
f 2449 2452 2451
f 2449 2451 2493
f 2449 2493 2494
f 2450 2492 2495
f 2450 2495 2496
f 2450 2496 2451
f 2451 2496 2493
f 2453 2497 2455
f 2453 2455 2454
f 2455 2497 2498
f 2455 2498 2499
f 2455 2499 2456
f 2456 2499 2457
f 2457 2500 2458
f 2457 2499 2500
f 2458 2500 2460
f 2459 2460 2501
f 2459 2501 2502
f 2459 2502 2461
f 2460 2503 2504
f 2460 2504 2501
f 2460 2500 2503
f 2461 2502 2462
f 2462 2502 2505
f 2462 2505 2470
f 2462 2470 2464
f 2465 2468 2466
f 2466 2468 2506
f 2466 2506 2507
f 2466 2507 2467
f 2467 2507 2480
f 2468 2469 2508
f 2468 2508 2506
f 2469 2471 2508
f 2470 2505 2472
f 2471 2509 2508
f 2471 2473 2510
f 2471 2510 2509
f 2472 2505 2511
f 2472 2511 2512
f 2472 2512 2473
f 2473 2512 2510
f 2474 2484 2513
f 2474 2513 2475
f 2475 2485 2476
f 2475 2513 2514
f 2475 2514 2485
f 2477 2479 2478
f 2480 2507 2515
f 2480 2515 2516
f 2480 2516 2517
f 2480 2517 2481
f 2481 2517 2518
f 2481 2518 2519
f 2481 2519 2482
f 2482 2519 2520
f 2482 2520 2521
f 2482 2521 2483
f 2483 2521 2522
f 2483 2522 2513
f 2483 2513 2484
f 2485 2514 2487
f 2485 2487 2486
f 2487 2514 2523
f 2487 2523 2489
f 2487 2489 2488
f 2489 2523 2524
f 2489 2524 2525
f 2489 2525 2490
f 2490 2525 2491
f 2491 2525 2526
f 2491 2526 2527
f 2491 2527 2492
f 2492 2527 2495
f 2493 2496 2528
f 2493 2528 2494
f 2495 2527 2529
f 2495 2529 2530
f 2495 2530 2496
f 2496 2530 2528
f 2497 2531 2498
f 2498 2531 2499
f 2499 2531 2532
f 2499 2532 2533
f 2499 2533 2500
f 2500 2533 2534
f 2500 2534 2503
f 2501 2504 2535
f 2501 2535 2502
f 2502 2535 2505
f 2503 2534 2536
f 2503 2536 2504
f 2504 2536 2537
f 2504 2537 2538
f 2504 2538 2539
f 2504 2539 2535
f 2505 2535 2511
f 2506 2508 2507
f 2507 2508 2540
f 2507 2540 2541
f 2507 2541 2515
f 2508 2509 2542
f 2508 2542 2540
f 2509 2510 2542
f 2510 2512 2538
f 2510 2538 2543
f 2510 2543 2544
f 2510 2544 2545
f 2510 2545 2542
f 2511 2535 2512
f 2512 2535 2539
f 2512 2539 2538
f 2513 2546 2514
f 2513 2522 2547
f 2513 2547 2546
f 2514 2546 2523
f 2515 2541 2516
f 2516 2548 2549
f 2516 2549 2550
f 2516 2550 2551
f 2516 2551 2518
f 2516 2518 2517
f 2516 2541 2552
f 2516 2552 2553
f 2516 2553 2548
f 2518 2554 2520
f 2518 2520 2519
f 2518 2551 2550
f 2518 2550 2554
f 2520 2555 2521
f 2520 2554 2556
f 2520 2556 2555
f 2521 2557 2547
f 2521 2547 2522
f 2521 2555 2557
f 2523 2546 2558
f 2523 2558 2524
f 2524 2558 2559
f 2524 2559 2560
f 2524 2560 2525
f 2525 2560 2526
f 2526 2560 2561
f 2526 2561 2562
f 2526 2562 2527
f 2527 2562 2529
f 2528 2530 2563
f 2529 2562 2564
f 2529 2564 2563
f 2529 2563 2530
f 2531 2565 2532
f 2532 2565 2566
f 2532 2566 2567
f 2532 2567 2533
f 2533 2567 2534
f 2534 2568 2536
f 2534 2567 2568
f 2536 2568 2537
f 2537 2569 2543
f 2537 2543 2538
f 2537 2568 2570
f 2537 2570 2569
f 2540 2542 2571
f 2540 2571 2541
f 2541 2571 2572
f 2541 2572 2552
f 2542 2545 2571
f 2543 2569 2573
f 2543 2573 2574
f 2543 2574 2544
f 2544 2574 2575
f 2544 2575 2576
f 2544 2576 2545
f 2545 2577 2572
f 2545 2572 2571
f 2545 2576 2578
f 2545 2578 2577
f 2546 2547 2558
f 2547 2557 2579
f 2547 2579 2559
f 2547 2559 2558
f 2548 2553 2549
f 2549 2553 2580
f 2549 2580 2581
f 2549 2581 2582
f 2549 2582 2583
f 2549 2583 2584
f 2549 2584 2550
f 2550 2584 2556
f 2550 2556 2554
f 2552 2572 2585
f 2552 2585 2553
f 2553 2585 2586
f 2553 2586 2587
f 2553 2587 2588
f 2553 2588 2580
f 2555 2556 2589
f 2555 2589 2590
f 2555 2590 2557
f 2556 2584 2583
f 2556 2583 2589
f 2557 2590 2591
f 2557 2591 2579
f 2559 2579 2591
f 2559 2591 2592
f 2559 2592 2560
f 2560 2592 2561
f 2561 2592 2593
f 2561 2593 2562
f 2562 2593 2564
f 2563 2564 2594
f 2563 2594 2595
f 2564 2593 2594
f 2566 2596 2567
f 2566 2597 2598
f 2566 2598 2596
f 2567 2596 2570
f 2567 2570 2568
f 2569 2570 2599
f 2569 2599 2573
f 2570 2598 2600
f 2570 2600 2599
f 2570 2596 2598
f 2572 2577 2586
f 2572 2586 2585
f 2573 2601 2602
f 2573 2602 2575
f 2573 2575 2574
f 2573 2599 2601
f 2575 2602 2576
f 2576 2602 2578
f 2577 2578 2586
f 2578 2602 2603
f 2578 2603 2604
f 2578 2604 2586
f 2580 2588 2605
f 2580 2605 2606
f 2580 2606 2581
f 2581 2607 2582
f 2581 2606 2608
f 2581 2608 2607
f 2582 2609 2583
f 2582 2607 2609
f 2583 2610 2611
f 2583 2611 2589
f 2583 2609 2610
f 2586 2604 2612
f 2586 2612 2613
f 2586 2613 2587
f 2587 2605 2588
f 2587 2613 2605
f 2589 2614 2591
f 2589 2591 2590
f 2589 2611 2614
f 2591 2614 2615
f 2591 2615 2592
f 2592 2615 2616
f 2592 2616 2593
f 2593 2616 2617
f 2593 2617 2594
f 2594 2617 2618
f 2594 2618 2595
f 2597 2619 2598
f 2598 2620 2621
f 2598 2621 2622
f 2598 2622 2600
f 2598 2619 2620
f 2599 2600 2622
f 2599 2622 2623
f 2599 2623 2601
f 2601 2623 2602
f 2602 2623 2624
f 2602 2624 2625
f 2602 2625 2603
f 2603 2625 2604
f 2604 2625 2612
f 2605 2626 2627
f 2605 2627 2606
f 2605 2613 2626
f 2606 2627 2608
f 2607 2628 2609
f 2607 2608 2629
f 2607 2629 2628
f 2608 2627 2630
f 2608 2630 2629
f 2609 2628 2631
f 2609 2631 2610
f 2610 2631 2632
f 2610 2632 2633
f 2610 2633 2615
f 2610 2615 2614
f 2610 2614 2611
f 2612 2625 2634
f 2612 2634 2613
f 2613 2634 2635
f 2613 2635 2636
f 2613 2636 2637
f 2613 2637 2626
f 2615 2633 2616
f 2616 2633 2617
f 2617 2633 2632
f 2617 2632 2638
f 2617 2638 2618
f 2620 2639 2621
f 2621 2639 2640
f 2621 2640 2623
f 2621 2623 2622
f 2623 2640 2624
f 2624 2640 2625
f 2625 2640 2634
f 2626 2641 2630
f 2626 2630 2627
f 2628 2642 2631
f 2628 2629 2643
f 2628 2643 2642
f 2629 2630 2644
f 2629 2644 2643
f 2630 2641 2644
f 2631 2642 2632
f 2632 2642 2645
f 2632 2645 2646
f 2632 2646 2638
f 2634 2640 2647
f 2634 2647 2648
f 2634 2648 2649
f 2634 2649 2635
f 2635 2649 2636
f 2639 2650 2640
f 2640 2650 2647
f 2642 2643 2645
f 2647 2650 2648
