v 0.28996384 -0.48575762 -0.65011299
v 0.28996384 -0.49004957 -0.64769924
v 0.27018040 -0.49004957 -0.64757216
v 0.27018040 -0.48575762 -0.64985889
v -0.36469984 -0.48040256 -0.12022518
v -0.18031305 -0.48040256 -0.12022518
v 0.31000587 -0.48575762 -0.64960486
v 0.31000587 -0.49004957 -0.64731812
v 0.28996384 -0.50176376 -0.64096606
v 0.27018040 -0.50162596 -0.64083904
v 0.25013834 -0.50097626 -0.64045787
v 0.25013834 -0.49004957 -0.64668292
v 0.25013834 -0.48575762 -0.64896965
v -0.12135065 -0.50410664 -0.48127556
v -0.14384946 -0.50410664 -0.46031383
v -0.16182265 -0.50410664 -0.44189286
v -0.16376221 -0.50410664 -0.43986022
v -0.17811489 -0.50410664 -0.42398012
v -0.18380424 -0.50410664 -0.41711989
v -0.19453645 -0.50410664 -0.40390763
v -0.19932067 -0.50410664 -0.39793670
v -0.21574220 -0.50410664 -0.37570453
v -0.22324181 -0.50410664 -0.36477903
v -0.23643076 -0.50410664 -0.34407133
v -0.23966336 -0.50410664 -0.33873561
v -0.24302524 -0.50410664 -0.33276469
v -0.24574065 -0.50410664 -0.32793713
v -0.25375748 -0.50410664 -0.31320038
v -0.25828308 -0.50410664 -0.30468863
v -0.26048124 -0.50410664 -0.30036926
v -0.26293802 -0.50410664 -0.29541466
v -0.26423103 -0.50583911 -0.28995189
v -0.25660211 -0.51584053 -0.28995189
v -0.25931752 -0.51928586 -0.27851820
v -0.25349885 -0.52966130 -0.27114984
v -0.16052961 -0.66066366 -0.22147682
v -0.36482918 -0.48538357 -0.10980782
v -0.36922550 -0.48040256 -0.10980782
v 0.23022562 -0.48575762 -0.64744514
v 0.21005426 -0.48575762 -0.64541250
v 0.19246899 -0.48575762 -0.64325279
v 0.39004475 -0.48575762 -0.64249057
v 0.38551915 -0.48575762 -0.64312577
v 0.36819246 -0.48575762 -0.64528543
v 0.34284899 -0.48575762 -0.64757216
v 0.32991862 -0.48575762 -0.64858854
v -0.18083027 -0.48040256 0.10857558
v 0.93324882 -0.48575762 -0.00995363
v 0.93260229 -0.48575762 -0.03002610
v 0.93143857 -0.48575762 -0.04997153
v 0.92949903 -0.48575762 -0.06991696
v 0.92704225 -0.48575762 -0.08910014
v 0.92393899 -0.48575762 -0.10993486
v 0.92316318 -0.48575762 -0.11463538
v 0.92018920 -0.48575762 -0.13000733
v 0.91656870 -0.48575762 -0.14652266
v 0.91010350 -0.48575762 -0.17116860
v 0.90480208 -0.48575762 -0.18984362
v 0.89911270 -0.48575762 -0.20737527
v 0.89691454 -0.48575762 -0.21372733
v 0.89044935 -0.48575762 -0.23075081
v 0.88333768 -0.48575762 -0.24891767
v 0.87596738 -0.48575762 -0.26594114
v 0.86226118 -0.48575762 -0.29465240
v 0.85644257 -0.48575762 -0.30583200
v 0.85282207 -0.48575762 -0.31243813
v 0.84299499 -0.48575762 -0.32984275
v 0.83342654 -0.48575762 -0.34546879
v 0.82476318 -0.48575762 -0.35918921
v 0.82062548 -0.48575762 -0.36554125
v 0.81558263 -0.48575762 -0.37278259
v 0.80213505 -0.48575762 -0.39158466
v 0.79140288 -0.48575762 -0.40581325
v 0.78571349 -0.48575762 -0.41292754
v 0.77562785 -0.48575762 -0.42537755
v 0.76489568 -0.48575762 -0.43795460
v 0.75868905 -0.48575762 -0.44494185
v 0.74485362 -0.48575762 -0.45955157
v 0.73968148 -0.48575762 -0.46476024
v 0.72494090 -0.48575762 -0.47898883
v 0.71873426 -0.48575762 -0.48483273
v 0.70528674 -0.48575762 -0.49690160
v 0.69545966 -0.48575762 -0.50528634
v 0.68563259 -0.48575762 -0.51316285
v 0.67334878 -0.48575762 -0.52281797
v 0.66584915 -0.48575762 -0.52828074
v 0.65421188 -0.48575762 -0.53666544
v 0.64347965 -0.48575762 -0.54390675
v 0.62563574 -0.48575762 -0.55521339
v 0.61373985 -0.48575762 -0.56232768
v 0.60520577 -0.48575762 -0.56715524
v 0.58606887 -0.48575762 -0.57782668
v 0.57675904 -0.48575762 -0.58265424
v 0.56486309 -0.48575762 -0.58837110
v 0.54637271 -0.48575762 -0.59713691
v 0.53176141 -0.48575762 -0.60323489
v 0.50538349 -0.48575762 -0.61327112
v 0.49452201 -0.48575762 -0.61708236
v 0.48792753 -0.48575762 -0.61936909
v 0.46995431 -0.48575762 -0.62483186
v 0.44422293 -0.48575762 -0.63169205
v 0.43025815 -0.48575762 -0.63499510
v 0.42637905 -0.48575762 -0.63588440
v 0.40995750 -0.48575762 -0.63918746
v 0.32991862 -0.49004957 -0.64630175
v 0.32991862 -0.50062191 -0.64020383
v 0.31000587 -0.50144875 -0.64071196
v 0.28996384 -0.51178485 -0.63410586
v 0.27018040 -0.51162732 -0.63397878
v 0.25013834 -0.51095796 -0.63347065
v 0.23785453 -0.50034624 -0.63994974
v 0.23074283 -0.49164426 -0.64439619
v -0.09665367 -0.50410664 -0.50249141
v -0.10829100 -0.50859541 -0.48864394
v -0.11540270 -0.51578146 -0.47593984
v -0.13622054 -0.51633275 -0.45637554
v -0.14940950 -0.50961918 -0.44938830
v -0.15626261 -0.51623428 -0.43604898
v -0.16906366 -0.50918603 -0.42906174
v -0.17565814 -0.51546645 -0.41496021
v -0.18820056 -0.50804418 -0.40771887
v -0.19582948 -0.51532865 -0.38980609
v -0.19970858 -0.51983714 -0.37951577
v -0.20436350 -0.50532728 -0.38980609
v -0.21160451 -0.51200140 -0.37227443
v -0.21768177 -0.51751399 -0.35652137
v -0.22931910 -0.50928450 -0.34889889
v -0.23604286 -0.51521051 -0.32984275
v -0.24393040 -0.50520915 -0.32984275
v -0.23914617 -0.51922679 -0.31879020
v -0.24276668 -0.52328247 -0.30532384
v -0.24535275 -0.52997631 -0.28804627
v -0.24005127 -0.54021394 -0.28029677
v -0.16285709 -0.66277027 -0.20991609
v -0.14087549 -0.66091961 -0.26162177
v -0.14384946 -0.66345930 -0.24980696
v -0.15044394 -0.66595966 -0.22884519
v -0.37452692 -0.48040256 -0.09557923
v -0.17889071 -0.65861613 -0.17675841
v 0.21005426 -0.48800203 -0.64426911
v 0.19246899 -0.48717514 -0.64249057
v 0.14359225 -0.50410664 -0.62267214
v 0.13570474 -0.50410664 -0.62089360
v 0.12367952 -0.50410664 -0.61759055
v 0.10932682 -0.50410664 -0.61339819
v 0.08967268 -0.50410664 -0.60717314
v 0.07648373 -0.50410664 -0.60285378
v 0.06316547 -0.50410664 -0.59802622
v 0.05618308 -0.50410664 -0.59523129
v 0.02993447 -0.50410664 -0.58392465
v 0.02773631 -0.50410664 -0.58290833
v 0.02075392 -0.50410664 -0.57960528
v 0.01558179 -0.50410664 -0.57693744
v -0.01040822 -0.50410664 -0.56296289
v -0.01764923 -0.50410664 -0.55877054
v -0.02398509 -0.50410664 -0.55495936
v -0.04376853 -0.50410664 -0.54238230
v -0.05463004 -0.50410664 -0.53475982
v -0.07027575 -0.50410664 -0.52332616
v -0.07687023 -0.50410664 -0.51824450
v 0.39004475 -0.49526682 -0.63690072
v 0.37000272 -0.49755061 -0.63829821
v 0.37000272 -0.48754922 -0.64414209
v 0.34827971 -0.49144739 -0.64414209
v -0.36159658 -0.48040256 0.10857558
v 0.28996384 -0.48581669 0.64773738
v 0.31000587 -0.48581669 0.64722925
v 0.32991862 -0.48581669 0.64633995
v 0.34996068 -0.48581669 0.64481544
v 0.36961481 -0.48581669 0.64290982
v 0.38577774 -0.48581669 0.64062309
v 0.39004475 -0.48581669 0.63998789
v 0.39857879 -0.48581669 0.63859046
v 0.40775934 -0.48581669 0.63706595
v 0.41241425 -0.48581669 0.63617665
v 0.42999953 -0.48581669 0.63249248
v 0.45030022 -0.48581669 0.62779194
v 0.46995431 -0.48581669 0.62283736
v 0.48004001 -0.48581669 0.61991543
v 0.48715168 -0.48581669 0.61762869
v 0.49258244 -0.48581669 0.61585009
v 0.51042634 -0.48581669 0.60949808
v 0.52917534 -0.48581669 0.60251081
v 0.53758007 -0.48581669 0.59908074
v 0.54611409 -0.48581669 0.59539652
v 0.57494879 -0.48581669 0.58218426
v 0.58606887 -0.48581669 0.57672149
v 0.61348122 -0.48581669 0.56211179
v 0.61878264 -0.48581669 0.55918986
v 0.62563574 -0.48581669 0.55512452
v 0.64580715 -0.48581669 0.54254746
v 0.65421188 -0.48581669 0.53683066
v 0.67347807 -0.48581669 0.52285612
v 0.67877948 -0.48581669 0.51891786
v 0.68563259 -0.48581669 0.51345509
v 0.69571829 -0.48581669 0.50532448
v 0.70114899 -0.48581669 0.50087804
v 0.70528674 -0.48581669 0.49719387
v 0.71899295 -0.48581669 0.48487088
v 0.72222549 -0.48581669 0.48194894
v 0.72507018 -0.48581669 0.47928110
v 0.73994005 -0.48581669 0.46492547
v 0.74252617 -0.48581669 0.46238464
v 0.75881839 -0.48581669 0.44510707
v 0.76179236 -0.48581669 0.44193104
v 0.77588648 -0.48581669 0.42541572
v 0.78015345 -0.48581669 0.42020705
v 0.79140288 -0.48581669 0.40572438
v 0.79799736 -0.48581669 0.39708561
v 0.80200577 -0.48581669 0.39136875
v 0.80588490 -0.48581669 0.38577896
v 0.81493610 -0.48581669 0.37231261
v 0.82153058 -0.48581669 0.36227638
v 0.83187485 -0.48581669 0.34550697
v 0.83795214 -0.48581669 0.33521664
v 0.84338289 -0.48581669 0.32581562
v 0.84402943 -0.48581669 0.32467225
v 0.85424441 -0.48581669 0.30561611
v 0.85889930 -0.48581669 0.29672325
v 0.86264914 -0.48581669 0.28910080
v 0.87351060 -0.48581669 0.26547116
v 0.87790692 -0.48581669 0.25543493
v 0.88126880 -0.48581669 0.24768543
v 0.88217396 -0.48581669 0.24552573
v 0.89032006 -0.48581669 0.22469102
v 0.89523357 -0.48581669 0.21147875
v 0.89962989 -0.48581669 0.19890170
v 0.90260392 -0.48581669 0.19000883
v 0.90816396 -0.48581669 0.17044453
v 0.91049141 -0.48581669 0.16218686
v 0.91488773 -0.48581669 0.14567155
v 0.91747379 -0.48581669 0.13500011
v 0.91876686 -0.48581669 0.12902918
v 0.92018920 -0.48581669 0.12229601
v 0.93299025 -0.48575762 -0.00195005
v 0.93014556 -0.49004957 -0.03002610
v 0.93286091 -0.48581669 0.00999180
v 0.93053347 -0.49002987 0.00999180
v 0.93066275 -0.49004957 -0.00195005
v 0.92251664 -0.50392944 -0.00995363
v 0.92911112 -0.49004957 -0.04997153
v 0.92717159 -0.49004957 -0.06991696
v 0.92005986 -0.50028718 -0.08109656
v 0.91915476 -0.49871218 -0.09443586
v 0.92355108 -0.48654515 -0.10993486
v 0.91786170 -0.49654651 -0.10993486
v 0.91592216 -0.49317992 -0.13000733
v 0.91424119 -0.48857298 -0.14919052
v 0.90648299 -0.49191990 -0.17167677
v 0.90402621 -0.48713577 -0.18997066
v 0.89820760 -0.49713716 -0.18997066
v 0.89549220 -0.48981330 -0.21093242
v 0.88695818 -0.49160489 -0.23113193
v 0.87945855 -0.49928313 -0.23875439
v 0.87700182 -0.49544400 -0.24993399
v 0.87273479 -0.48882893 -0.26899013
v 0.86329561 -0.48912424 -0.28830037
v 0.86019236 -0.50044471 -0.28042382
v 0.85683048 -0.49518806 -0.29389018
v 0.85049456 -0.49087644 -0.31091365
v 0.83976239 -0.49989343 -0.31980652
v 0.83678842 -0.49528649 -0.32984275
v 0.81816870 -0.49758998 -0.35728359
v 0.80032480 -0.50064158 -0.38040507
v 0.80316949 -0.48810047 -0.38815457
v 0.78196371 -0.50274813 -0.40251017
v 0.77666229 -0.49552277 -0.41597652
v 0.79528201 -0.49343586 -0.39374435
v 0.76955056 -0.48957705 -0.42944285
v 0.75752532 -0.49695995 -0.43719235
v 0.75028431 -0.49052206 -0.45015055
v 0.73787123 -0.49743247 -0.45777300
v 0.71744126 -0.49711746 -0.47759140
v 0.70981234 -0.48999050 -0.48978731
v 0.69636476 -0.49619216 -0.49690160
v 0.68860662 -0.48863202 -0.50884348
v 0.67464179 -0.49442023 -0.51570368
v 0.66132355 -0.50137001 -0.52078533
v 0.66869384 -0.48867142 -0.52421540
v 0.65097928 -0.49115208 -0.53526801
v 0.63830751 -0.49857438 -0.53882515
v 0.61386919 -0.49479431 -0.55635679
v 0.60830909 -0.48888797 -0.56347108
v 0.58981872 -0.48963612 -0.57338029
v 0.57469022 -0.49603462 -0.57719147
v 0.56861293 -0.48963612 -0.58417875
v 0.54960531 -0.48926204 -0.59345275
v 0.52995116 -0.49632996 -0.59751803
v 0.51960689 -0.49973595 -0.59967774
v 0.52995116 -0.48632857 -0.60361600
v 0.49141872 -0.48991174 -0.61555785
v 0.46995431 -0.49709779 -0.61797166
v 0.46995431 -0.48709640 -0.62406963
v 0.45146394 -0.49180177 -0.62635636
v 0.42883581 -0.48835641 -0.63385177
v 0.40995750 -0.49241209 -0.63524920
v 0.34026289 -0.50009030 -0.63982266
v 0.32991862 -0.51062328 -0.63334358
v 0.31000587 -0.51143044 -0.63385177
v 0.31000587 -0.52525127 -0.62381554
v 0.28996384 -0.52552688 -0.62406963
v 0.27018040 -0.52538908 -0.62394255
v 0.25013834 -0.52477878 -0.62356144
v 0.23009631 -0.52379435 -0.62267214
v 0.23074283 -0.50822139 -0.63385177
v 0.22453626 -0.49936187 -0.63944155
v -0.08850756 -0.50885135 -0.50490516
v -0.08087865 -0.52080184 -0.50058579
v -0.09419692 -0.51471829 -0.49512303
v -0.10221374 -0.52196342 -0.48178375
v -0.12290230 -0.52273124 -0.46260056
v -0.14294434 -0.52298719 -0.44290921
v -0.16246918 -0.52253437 -0.42270970
v -0.18121818 -0.52149093 -0.40149385
v -0.18587309 -0.52607816 -0.38980609
v -0.19220898 -0.53237826 -0.37316373
v -0.20436350 -0.52477878 -0.36630350
v -0.21005285 -0.53025198 -0.35016930
v -0.22194877 -0.52239656 -0.34318206
v -0.22595719 -0.52674752 -0.32984275
v -0.21975061 -0.53993833 -0.31967947
v -0.23125863 -0.53161043 -0.31256518
v -0.23668939 -0.53663081 -0.29363608
v -0.16660687 -0.66586125 -0.18997066
v -0.18095958 -0.66115588 -0.16341910
v -0.11966971 -0.65973836 -0.29960701
v -0.12367812 -0.66324276 -0.28626770
v -0.13014328 -0.66580218 -0.26899013
v -0.12807444 -0.67405134 -0.24828246
v -0.14785787 -0.67355913 -0.20801048
v -0.37646651 -0.48040256 -0.08960830
v 0.21005426 -0.49800342 -0.63855225
v 0.19246899 -0.49593621 -0.63740891
v 0.14992812 -0.50520915 -0.62343442
v 0.14824718 -0.50410664 -0.62368846
v 0.14992812 -0.51521051 -0.61632013
v 0.12820514 -0.50946170 -0.61504972
v 0.10842170 -0.51186359 -0.60768133
v 0.09006061 -0.50735509 -0.60514051
v 0.09006061 -0.51735646 -0.59789920
v 0.07001856 -0.51257235 -0.59421498
v 0.05592448 -0.52206182 -0.58151090
v 0.04260620 -0.51859683 -0.57871598
v 0.02993447 -0.50483507 -0.58341652
v 0.02993447 -0.51483643 -0.57579404
v 0.01545247 -0.52279031 -0.56232768
v 0.01028034 -0.50993419 -0.56969607
v 0.00213420 -0.51863617 -0.55864352
v -0.01002032 -0.51428521 -0.55521339
v -0.02256277 -0.52186495 -0.54149300
v -0.03588101 -0.51688397 -0.53717357
v -0.05152676 -0.51137137 -0.53094858
v -0.06639665 -0.50583911 -0.52472359
v -0.05889705 -0.51916778 -0.51900673
v -0.07182741 -0.51152891 -0.51583070
v 0.39043266 -0.51168638 -0.62584817
v 0.40995750 -0.50780791 -0.62521297
v 0.37000272 -0.51003265 -0.62991351
v 0.35371047 -0.49904686 -0.63918746
v -0.36405337 -0.48040256 0.10514548
v -0.20151883 -0.50320101 0.39721262
v -0.19725183 -0.50320101 0.40292948
v -0.18264052 -0.50320101 0.42160451
v -0.18147677 -0.50320101 0.42300195
v -0.16272777 -0.50320101 0.44459891
v -0.14410806 -0.50320101 0.46403617
v -0.12303159 -0.50320101 0.48410866
v 0.19246899 -0.48581669 0.64151239
v 0.21005426 -0.48581669 0.64367211
v 0.23009631 -0.48581669 0.64545065
v 0.25375885 -0.48581669 0.64684814
v 0.27418882 -0.48581669 0.64748329
v 0.27018040 -0.48969519 0.64532363
v 0.28996384 -0.48989207 0.64545065
v 0.31000587 -0.48957705 0.64519656
v 0.32991862 -0.48873049 0.64468843
v 0.34996068 -0.48741141 0.64392614
v 0.34996068 -0.49741277 0.63820934
v 0.37000272 -0.49558181 0.63706595
v 0.39004475 -0.49319959 0.63566852
v 0.41034541 -0.48876986 0.63477921
v 0.42999953 -0.49002987 0.63007873
v 0.44978297 -0.49111271 0.62487000
v 0.45624816 -0.49851531 0.61889911
v 0.46995431 -0.49542433 0.61699349
v 0.49025500 -0.48926204 0.61445266
v 0.50434905 -0.50235438 0.60136747
v 0.51055562 -0.49121115 0.60619503
v 0.51766735 -0.49869248 0.59882665
v 0.53008044 -0.49481401 0.59641284
v 0.56033748 -0.50024784 0.57989752
v 0.57352644 -0.49536526 0.57672149
v 0.58943081 -0.48922268 0.57278323
v 0.60805047 -0.48884860 0.56312811
v 0.61348122 -0.49469587 0.55626792
v 0.63817823 -0.49855468 0.53873628
v 0.66132355 -0.50135034 0.52082348
v 0.66869384 -0.48873049 0.52438062
v 0.67464179 -0.49453837 0.51574183
v 0.68873584 -0.48876986 0.50888163
v 0.69649410 -0.49632996 0.49693978
v 0.71757054 -0.49725527 0.47762957
v 0.73050094 -0.49069926 0.47038823
v 0.73787123 -0.49749154 0.45768413
v 0.75028431 -0.49060082 0.45031574
v 0.75752532 -0.49703872 0.43723053
v 0.77666229 -0.49560151 0.41576061
v 0.78183442 -0.50249225 0.40242133
v 0.80006623 -0.50020844 0.38006210
v 0.81351376 -0.49016768 0.37002587
v 0.81778079 -0.49692059 0.35630545
v 0.82178921 -0.50257099 0.34309319
v 0.83640051 -0.49125051 0.33153245
v 0.83898658 -0.49875155 0.31832021
v 0.84971875 -0.48967549 0.30942732
v 0.85644257 -0.49475494 0.28986302
v 0.85928720 -0.49906656 0.27855638
v 0.86239052 -0.50335848 0.26521710
v 0.87635529 -0.49067956 0.25187778
v 0.87842417 -0.49778685 0.23625174
v 0.88540655 -0.49067956 0.22977266
v 0.89394057 -0.48902580 0.20970018
v 0.89678526 -0.49520776 0.19000883
v 0.89885408 -0.49857438 0.17679657
v 0.90531927 -0.49115208 0.17006341
v 0.91139656 -0.49002987 0.14999093
v 0.91592216 -0.48951799 0.13195112
v 0.91708589 -0.49534556 0.10997304
v 0.92277527 -0.48581669 0.10921079
v 0.92587852 -0.48581669 0.08990056
v 0.92924041 -0.48581669 0.06373013
v 0.93066275 -0.48581669 0.05000971
v 0.93118000 -0.48581669 0.04403878
v 0.93208510 -0.48581669 0.02993723
v 0.93234372 -0.48581669 0.02358519
v 0.92212874 -0.50355536 -0.03002610
v 0.92975765 -0.49002987 0.02993723
v 0.92187011 -0.50318128 0.02993723
v 0.92225802 -0.50381130 0.00999180
v 0.91553426 -0.51381266 0.00999180
v 0.91566354 -0.51395047 -0.00995363
v 0.91540498 -0.51355672 -0.03002610
v 0.92148221 -0.50264972 -0.04997153
v 0.92057711 -0.50123221 -0.06991696
v 0.91385329 -0.51123357 -0.06991696
v 0.91359472 -0.50818199 -0.08859198
v 0.90893978 -0.51003265 -0.10993486
v 0.90480208 -0.51099735 -0.12848283
v 0.90363830 -0.50566196 -0.14995275
v 0.90156949 -0.50259066 -0.16621400
v 0.89975923 -0.49985406 -0.17955330
v 0.87971717 -0.51967967 -0.19911762
v 0.88476002 -0.50705981 -0.20991609
v 0.88191533 -0.50308287 -0.22541508
v 0.87480366 -0.50985545 -0.23113193
v 0.86135608 -0.52182561 -0.24320082
v 0.86652821 -0.51087922 -0.24993399
v 0.86264914 -0.50390977 -0.26987943
v 0.85527879 -0.51391113 -0.26987943
v 0.84933084 -0.50930417 -0.28880852
v 0.84351218 -0.50481540 -0.30646721
v 0.83575398 -0.51091856 -0.31180292
v 0.82127202 -0.52178621 -0.32234734
v 0.82631481 -0.51011139 -0.32933459
v 0.82243574 -0.50347662 -0.34394431
v 0.79967833 -0.51979774 -0.35957032
v 0.80394530 -0.50532728 -0.36986065
v 0.78170514 -0.52204216 -0.38218364
v 0.78855819 -0.50835919 -0.38802752
v 0.77653295 -0.51609647 -0.39552292
v 0.76993847 -0.51019013 -0.41000560
v 0.76334405 -0.50426412 -0.42385307
v 0.74420708 -0.50501227 -0.44443369
v 0.73838842 -0.51834089 -0.43820870
v 0.73140603 -0.51172578 -0.45129392
v 0.72455299 -0.50507134 -0.46425208
v 0.70412302 -0.50452006 -0.48356232
v 0.68304652 -0.50320101 -0.50236440
v 0.65369463 -0.51469862 -0.51532257
v 0.64813459 -0.50885135 -0.52396131
v 0.66869384 -0.50894982 -0.50884348
v 0.64024711 -0.52038836 -0.52002305
v 0.63093722 -0.51050514 -0.53412461
v 0.62498927 -0.50414598 -0.54301751
v 0.60068023 -0.50062191 -0.56016803
v 0.56137192 -0.50101566 -0.58049458
v 0.58994800 -0.50444132 -0.56308997
v 0.54999322 -0.50452006 -0.58316243
v 0.52361530 -0.52182561 -0.58125681
v 0.51171935 -0.50993419 -0.59497720
v 0.50615931 -0.50320101 -0.60209155
v 0.53020978 -0.51105642 -0.58684659
v 0.47124738 -0.51174545 -0.60730022
v 0.45909286 -0.49965718 -0.61949611
v 0.48999637 -0.50702041 -0.60475940
v 0.44577456 -0.50223631 -0.62127471
v 0.42999953 -0.50489414 -0.62318033
v 0.34827971 -0.50808352 -0.63359767
v 0.35008997 -0.52349907 -0.62241805
v 0.32991862 -0.52456218 -0.62330735
v 0.32991862 -0.65804517 -0.51837152
v 0.31000587 -0.65871459 -0.51887971
v 0.28996384 -0.65867519 -0.51887971
v 0.27018040 -0.65802550 -0.51837152
v 0.21005426 -0.52239656 -0.62165582
v 0.25013834 -0.65676546 -0.51760930
v 0.21005426 -0.51003265 -0.63042164
v -0.00200349 -0.66133302 -0.42131224
v -0.02359718 -0.66241586 -0.40276426
v -0.03691545 -0.65702140 -0.39717445
v -0.12923816 -0.52950382 -0.44926125
v -0.05773333 -0.65759236 -0.37761015
v -0.13570333 -0.53631580 -0.43554083
v -0.14915091 -0.52942508 -0.42906174
v -0.15548676 -0.53588265 -0.41483316
v -0.16854644 -0.52867693 -0.40809998
v -0.16117615 -0.54121804 -0.40149385
v -0.17578742 -0.53607953 -0.38980609
v -0.17979583 -0.53997773 -0.37976986
v -0.19802764 -0.53810740 -0.35702953
v -0.10169652 -0.66151023 -0.32222030
v -0.21664733 -0.53672922 -0.32984275
v -0.16802922 -0.67407101 -0.14868236
v -0.17126182 -0.66718030 -0.17015228
v -0.15096116 -0.67588228 -0.18997066
v -0.18276981 -0.66306555 -0.14982572
v -0.36004496 -0.50026751 -0.08058840
v -0.36676872 -0.49105364 -0.08833790
v -0.10596353 -0.66464061 -0.30989733
v -0.11178219 -0.66863722 -0.29160342
v -0.13169494 -0.67692578 -0.22986153
v -0.10880822 -0.67712265 -0.27064165
v -0.12005761 -0.68005610 -0.24053296
v -0.13997036 -0.67997736 -0.19987985
v -0.37944049 -0.48040256 -0.07982615
v 0.18897779 -0.51182425 -0.62635636
v 0.17009948 -0.50816232 -0.62559408
v 0.17009948 -0.50410664 -0.62813491
v 0.17009948 -0.51814401 -0.61835277
v 0.14992812 -0.52781069 -0.60628390
v 0.13001539 -0.52487719 -0.60374308
v 0.11398175 -0.52221936 -0.60158336
v 0.10066348 -0.51975840 -0.59967774
v 0.07001856 -0.52519220 -0.58417875
v 0.04079597 -0.53966272 -0.55953282
v 0.09988767 -0.65999430 -0.47987813
v 0.02993447 -0.52682626 -0.56588483
v 0.05928637 -0.66036832 -0.46031383
v 0.00109980 -0.53942645 -0.53933328
v -0.01002032 -0.52594036 -0.54517716
v -0.02941585 -0.52972037 -0.52955115
v -0.04557878 -0.52422750 -0.52383429
v 0.02075392 -0.65936428 -0.43922502
v 0.39728576 -0.51946306 -0.61936909
v 0.38396749 -0.52086091 -0.62038541
v 0.40995750 -0.51780927 -0.61809868
v 0.37000272 -0.52208155 -0.62140173
v -0.37129432 -0.48040256 0.08990056
v -0.26203287 -0.50320101 0.29646915
v -0.25867099 -0.50320101 0.30345640
v -0.24224943 -0.50320101 0.33407328
v -0.23694801 -0.50320101 0.34296614
v -0.22350043 -0.50320101 0.36507127
v -0.21677664 -0.50320101 0.37510750
v -0.19996718 -0.52011275 0.37980804
v -0.19505367 -0.51438361 0.39327437
v -0.18173540 -0.52202249 0.40229428
v -0.18858847 -0.50861514 0.40813816
v -0.17630464 -0.51615554 0.41563359
v -0.16983947 -0.50999326 0.42973512
v -0.16324499 -0.50381130 0.44358259
v -0.15044394 -0.51064295 0.45031574
v -0.14359084 -0.50414598 0.46365505
v -0.13040188 -0.51060355 0.47026119
v -0.11656642 -0.51708084 0.47699437
v -0.10958403 -0.50985545 0.48969844
v -0.10324815 -0.50320101 0.50100511
v 0.01635760 -0.50320101 0.57850009
v 0.03329636 -0.50320101 0.58637661
v 0.05695890 -0.50320101 0.59628582
v 0.07260463 -0.50320101 0.60212970
v 0.09807742 -0.50320101 0.61026031
v 0.11747295 -0.50320101 0.61597717
v 0.12393813 -0.50320101 0.61775571
v 0.14255783 -0.50320101 0.62207514
v 0.14992812 -0.50438225 0.62283736
v 0.16997018 -0.50320101 0.62728381
v 0.19246899 -0.49325866 0.63719302
v 0.21005426 -0.48634827 0.64341801
v -0.08307680 -0.50320101 0.51688522
v -0.07557720 -0.50320101 0.52234799
v -0.06613806 -0.50320101 0.52908117
v -0.04389784 -0.50320101 0.54432607
v -0.02320927 -0.50320101 0.55715722
v -0.01441664 -0.50320101 0.56223881
v -0.00717565 -0.50320101 0.56617713
v 0.23009631 -0.48792326 0.64430732
v 0.25013834 -0.48904550 0.64494252
v 0.27018040 -0.49969655 0.63960677
v 0.28996384 -0.49989343 0.63973379
v 0.31000587 -0.49959812 0.63947976
v 0.32991862 -0.49873185 0.63897157
v 0.37181297 -0.51200140 0.62614042
v 0.32991862 -0.51003265 0.63147616
v 0.34996068 -0.51003265 0.62982464
v 0.39004475 -0.50883168 0.62575930
v 0.40995750 -0.50625259 0.62398076
v 0.42999953 -0.50324035 0.62194806
v 0.44292989 -0.50111407 0.62055063
v 0.46348917 -0.52133340 0.60085928
v 0.47008365 -0.51127297 0.60619503
v 0.44978297 -0.50867420 0.61343634
v 0.48999637 -0.50581944 0.60390830
v 0.51055562 -0.50942230 0.59387201
v 0.52943397 -0.51058388 0.58574140
v 0.48999637 -0.51582086 0.59666693
v 0.54999322 -0.50339788 0.58218426
v 0.54999322 -0.51339924 0.57481587
v 0.56861293 -0.50920576 0.56922609
v 0.58981872 -0.50381130 0.56261998
v 0.60016298 -0.50024784 0.55995208
v 0.62485993 -0.50398850 0.54280156
v 0.63093722 -0.51040673 0.53403574
v 0.64024711 -0.52030963 0.52006125
v 0.64800525 -0.50883168 0.52399951
v 0.65356529 -0.51467896 0.51536071
v 0.66869384 -0.50893009 0.50888163
v 0.68317580 -0.50320101 0.50240254
v 0.70425230 -0.50446099 0.48360050
v 0.72455299 -0.50503194 0.46429026
v 0.71123469 -0.51141077 0.47102344
v 0.73140603 -0.51164705 0.45133209
v 0.74420708 -0.50493348 0.44434482
v 0.75093091 -0.51117450 0.43100554
v 0.76334405 -0.50408691 0.42389125
v 0.76980919 -0.50995386 0.40966266
v 0.77640367 -0.51584053 0.39505294
v 0.79528201 -0.51448208 0.36989883
v 0.79916108 -0.51910871 0.35859218
v 0.80342811 -0.50448072 0.36989883
v 0.78131717 -0.52153027 0.38171363
v 0.81053978 -0.51083982 0.35084268
v 0.81661707 -0.51591927 0.33420032
v 0.82489246 -0.50956011 0.32848349
v 0.83433163 -0.51019013 0.31095183
v 0.84260708 -0.50363410 0.30498090
v 0.85463232 -0.51003265 0.27106097
v 0.84571034 -0.51019013 0.28910080
v 0.84092611 -0.52117592 0.28185946
v 0.85734767 -0.51670676 0.25403747
v 0.86458868 -0.51003265 0.24844767
v 0.88101023 -0.50168502 0.22291245
v 0.86019236 -0.52042776 0.24069817
v 0.88333768 -0.50501227 0.20995426
v 0.90079367 -0.50152755 0.16345727
v 0.88592374 -0.51103669 0.18962771
v 0.88075161 -0.52121526 0.18289454
v 0.89355266 -0.50893009 0.17006341
v 0.90260392 -0.50410664 0.14999093
v 0.90493137 -0.50753230 0.12991847
v 0.91876686 -0.49825937 0.09002761
v 0.90609509 -0.51166672 0.11060824
v 0.92458552 -0.48825797 0.09002761
v 0.92510271 -0.49184114 0.07109850
v 0.92833531 -0.49002987 0.05000971
v 0.91488773 -0.51265109 -0.04997153
v 0.92122358 -0.50211817 0.05000971
v 0.91514635 -0.51320237 0.02993723
v 0.90557790 -0.52737755 0.00999180
v 0.91178447 -0.51926619 -0.00195005
v 0.90570718 -0.52751535 -0.00995363
v 0.90544856 -0.52718067 -0.03002610
v 0.90389693 -0.52519220 -0.06991696
v 0.90260392 -0.52355814 -0.08986239
v 0.90105224 -0.52151060 -0.10993486
v 0.90001786 -0.52027029 -0.12073334
v 0.89872479 -0.51828182 -0.13419968
v 0.89678526 -0.51564366 -0.14995275
v 0.89523357 -0.50957984 -0.17167677
v 0.88178605 -0.52239656 -0.18577830
v 0.77963626 -0.65958083 -0.15909971
v 0.76179236 -0.66202211 -0.20496149
v 0.86407143 -0.52505440 -0.22986153
v 0.87764829 -0.51706117 -0.20991609
v 0.85838211 -0.51810461 -0.25654012
v 0.75920630 -0.65887207 -0.21830079
v 0.73981076 -0.65985644 -0.25971615
v 0.84183127 -0.52245563 -0.28372690
v 0.83834004 -0.51816368 -0.29706618
v 0.72287202 -0.66277027 -0.28499728
v 0.71873426 -0.65847832 -0.29833660
v 0.80394530 -0.52469999 -0.34623104
v 0.81726360 -0.51680523 -0.33568662
v 0.82489246 -0.52584189 -0.30989733
v 0.70089042 -0.66101801 -0.32145804
v 0.76321471 -0.52365655 -0.40403467
v 0.75765467 -0.51759273 -0.41724694
v 0.74446571 -0.52466065 -0.42486939
v 0.65757370 -0.65696239 -0.37748310
v 0.72494090 -0.52501500 -0.44494185
v 0.71821707 -0.51839995 -0.45828116
v 0.69752848 -0.51784867 -0.47784546
v 0.69028753 -0.51052481 -0.49016845
v 0.67606413 -0.51652962 -0.49677458
v 0.66261661 -0.52239656 -0.50198323
v 0.60132670 -0.66095901 -0.42080408
v 0.62990278 -0.52408969 -0.52345318
v 0.61632591 -0.51749432 -0.53768176
v 0.60856771 -0.50904822 -0.54898840
v 0.60313696 -0.52221936 -0.54174709
v 0.58994800 -0.51444268 -0.55546749
v 0.57779348 -0.51865590 -0.55864352
v 0.56447518 -0.52273124 -0.56207365
v 0.54999322 -0.51452142 -0.57553995
v 0.53680426 -0.51836056 -0.57846189
v 0.49865973 -0.65914774 -0.47924292
v 0.51003844 -0.52501500 -0.58392465
v 0.48999637 -0.51702178 -0.59751803
v 0.46529943 -0.52204216 -0.60145634
v 0.45146394 -0.50936323 -0.61466855
v 0.47861767 -0.51952213 -0.59942365
v 0.42999953 -0.51489550 -0.61606604
v 0.35008997 -0.65668672 -0.51748222
v 0.32991862 -0.66765285 -0.50846231
v 0.37000272 -0.66623533 -0.50630265
v 0.35008997 -0.66712123 -0.50757307
v 0.31000587 -0.66790879 -0.50897050
v 0.28996384 -0.66790879 -0.50884348
v 0.27018040 -0.66765285 -0.50846231
v 0.25013834 -0.66716063 -0.50757307
v 0.23009631 -0.66633373 -0.50642967
v 0.23009631 -0.65503299 -0.51633888
v 0.19246899 -0.52080184 -0.62051249
v 0.21005426 -0.66515249 -0.50503224
v 0.19246899 -0.51357645 -0.62559408
v -0.00924450 -0.66552651 -0.40962449
v 0.01002172 -0.66442400 -0.42550460
v -0.03019166 -0.66676688 -0.39031425
v -0.04428574 -0.66300648 -0.38383517
v -0.06419849 -0.66306555 -0.36439788
v -0.07751676 -0.65719861 -0.35702953
v -0.08307680 -0.66251433 -0.34369022
v -0.08980060 -0.66570371 -0.32920754
v -0.17100319 -0.67535073 -0.13000733
v -0.18535590 -0.66534936 -0.13000733
v -0.16014171 -0.68007576 -0.14105989
v -0.36120868 -0.50119281 -0.06991696
v -0.38254374 -0.48040256 -0.06432716
v -0.20022580 -0.66026992 -0.08147769
v -0.08824894 -0.67499638 -0.30849987
v -0.09367970 -0.67834330 -0.28995189
v -0.09755880 -0.67980015 -0.27775598
v -0.08049074 -0.68013483 -0.30087742
v -0.10156721 -0.68031204 -0.26441666
v -0.12160924 -0.68035144 -0.22986153
v -0.14100477 -0.68027270 -0.18997066
v 0.18173680 -0.51967967 -0.61949611
v 0.17009948 -0.66145116 -0.50122100
v 0.15949659 -0.66013211 -0.49995059
v 0.14617833 -0.65747428 -0.49804497
v 0.10997334 -0.66196305 -0.48178375
v 0.09200016 -0.66517216 -0.47009596
v 0.07001856 -0.66277027 -0.46285462
v 0.05152816 -0.66521156 -0.44976941
v 0.03420149 -0.66294742 -0.44316328
v 0.39004475 -0.66501468 -0.50477815
v 0.42612046 -0.66158897 -0.50122100
v 0.40995750 -0.66334122 -0.50287253
v 0.37000272 -0.65459985 -0.51621181
v 0.42999953 -0.52773196 -0.60602981
v -0.37711298 -0.48040256 0.07389341
v -0.36599290 -0.48658451 0.08990056
v -0.16195196 -0.66208118 0.22469102
v -0.26203287 -0.52267218 0.26483595
v -0.25918818 -0.51902992 0.27817526
v -0.26371384 -0.50532728 0.28986302
v -0.25634354 -0.51532865 0.28986302
v -0.25000763 -0.51020980 0.31006253
v -0.24341315 -0.50477600 0.32988092
v -0.23578423 -0.51475769 0.32988092
v -0.22918975 -0.50908762 0.34855595
v -0.22298321 -0.50412631 0.36481720
v -0.21393198 -0.51048547 0.37066108
v -0.21768177 -0.51745492 0.35643250
v -0.20332909 -0.52377468 0.36989883
v -0.12147996 -0.66156930 0.30231303
v -0.16298637 -0.52316439 0.42338309
v -0.10350677 -0.66308528 0.32467225
v -0.09833461 -0.65802550 0.33801156
v -0.15703842 -0.51713991 0.43672237
v -0.14372015 -0.52375501 0.44396371
v -0.13725498 -0.51747459 0.45717597
v -0.10337746 -0.52290845 0.48271120
v -0.09536064 -0.51597834 0.49605051
v -0.12393671 -0.52365655 0.46365505
v -0.03937221 -0.65928555 0.39924529
v -0.08824894 -0.50843793 0.50837350
v -0.01002032 -0.50481540 0.56350923
v 0.00174630 -0.51895118 0.55893576
v 0.02993447 -0.51499397 0.57583225
v 0.02993447 -0.50499254 0.58358175
v 0.04260620 -0.51863617 0.57862711
v 0.05605377 -0.52194375 0.58142203
v 0.07001856 -0.51259202 0.59399909
v 0.09006061 -0.51717931 0.59755623
v 0.09006061 -0.50715822 0.60505164
v 0.10880961 -0.51176518 0.60733837
v 0.11462827 -0.52194375 0.60136747
v 0.13001539 -0.52440470 0.60340011
v 0.14992812 -0.51438361 0.61559606
v 0.16997018 -0.51713991 0.61775571
v 0.16997018 -0.50713855 0.62474298
v 0.19246899 -0.50320101 0.63084096
v 0.19246899 -0.49449900 0.63643074
v 0.21005426 -0.49632996 0.63757414
v 0.23009631 -0.49792466 0.63846344
v -0.08204237 -0.52174687 0.50138623
v -0.07001716 -0.51558459 0.51586890
v -0.05980217 -0.51991588 0.51968014
v -0.07001716 -0.50558323 0.52438062
v -0.04493228 -0.50408691 0.54305565
v -0.02876934 -0.50912702 0.54915363
v -0.01002032 -0.51481676 0.55563271
v 0.25013834 -0.49904686 0.63922566
v 0.25013834 -0.51003265 0.63173026
v 0.27018040 -0.51003265 0.63249248
v 0.28996384 -0.51003265 0.63274658
v 0.31000587 -0.51003265 0.63249248
v 0.37982976 -0.51999462 0.61978841
v 0.36651152 -0.52111685 0.62055063
v 0.32991862 -0.52328247 0.62220216
v 0.34996068 -0.52223903 0.62143993
v 0.39004475 -0.51883304 0.61889911
v 0.40995750 -0.51625395 0.61712050
v 0.42999953 -0.51324177 0.61508787
v 0.45004159 -0.52367628 0.60263789
v 0.47008365 -0.52883446 0.59285569
v 0.47680742 -0.51877397 0.59882665
v 0.42249995 -0.66074240 0.50049692
v 0.43594751 -0.65830112 0.49859130
v 0.52232224 -0.52121526 0.58078682
v 0.53564048 -0.51763213 0.57799190
v 0.48857403 -0.53062606 0.58548731
v 0.51003844 -0.52416843 0.58307356
v 0.54999322 -0.52607816 0.56477964
v 0.56357008 -0.52225876 0.56160361
v 0.57688832 -0.51818335 0.55830055
v 0.58981872 -0.51381266 0.55499750
v 0.60287833 -0.52200282 0.54140413
v 0.61619663 -0.51733679 0.53759289
v 0.59899926 -0.65930521 0.41919073
v 0.64722943 -0.52800757 0.50786531
v 0.66274583 -0.52239656 0.50189435
v 0.62990278 -0.52397156 0.52336431
v 0.56240636 -0.66139209 0.44129586
v 0.67606413 -0.51654929 0.49668571
v 0.69028753 -0.51048547 0.49020663
v 0.69752848 -0.51778960 0.47775659
v 0.71821707 -0.51836056 0.45819229
v 0.73825914 -0.51826215 0.43799278
v 0.75752532 -0.51743525 0.41703102
v 0.76295614 -0.52334154 0.40369174
v 0.78532559 -0.52599943 0.36989883
v 0.77963626 -0.53982019 0.35948148
v 0.79153216 -0.53186637 0.35236719
v 0.80329877 -0.52389282 0.34525287
v 0.76903337 -0.52911007 0.38857386
v 0.76166308 -0.54176933 0.38222179
v 0.77601576 -0.53600079 0.36989883
v 0.82049614 -0.52074277 0.32098806
v 0.83743495 -0.51696271 0.29519874
v 0.84364152 -0.52448344 0.26991761
v 0.82359946 -0.52420783 0.30993551
v 0.81829798 -0.53824520 0.29672325
v 0.74006939 -0.66019118 0.24031706
v 0.75972354 -0.65967929 0.19940987
v 0.84933084 -0.52928728 0.24844767
v 0.87609667 -0.51501364 0.20995426
v 0.86239052 -0.52304626 0.22989970
v 0.87855345 -0.51834089 0.19610681
v 0.89549220 -0.51410800 0.14999093
v 0.86614031 -0.52759409 0.20995426
v 0.85967511 -0.53983992 0.19940987
v 0.77989489 -0.65993524 0.13982765
v 0.88269114 -0.52365655 0.16993636
v 0.89807826 -0.51753366 0.12991847
v 0.89937133 -0.51942372 0.11759549
v 0.91967195 -0.49973595 0.07846688
v 0.91087931 -0.51003265 0.09002761
v 0.90066433 -0.52111685 0.10438323
v 0.92044777 -0.50099593 0.06525462
v 0.90480208 -0.52639318 -0.04997153
v 0.91437054 -0.51211953 0.05000971
v 0.90441418 -0.52590096 0.05000971
v 0.90506065 -0.52684599 0.02993723
v 0.80058342 -0.66074240 0.00999180
v 0.89781970 -0.53745770 -0.00195005
v 0.80071270 -0.66088021 -0.00995363
v 0.80032480 -0.66060460 -0.03002610
v 0.80006623 -0.66021085 -0.04260315
v 0.79954898 -0.65942335 -0.05594245
v 0.79864389 -0.65808457 -0.06991696
v 0.79709226 -0.65562361 -0.08986239
v 0.78325677 -0.66351837 -0.13000733
v 0.78131717 -0.66162837 -0.14576040
v 0.88527721 -0.53084260 -0.14792010
v 0.88411349 -0.52531034 -0.16989820
v 0.76786959 -0.66702282 -0.16989820
v 0.76450777 -0.66450280 -0.18997066
v 0.75144809 -0.66798753 -0.21093242
v 0.74653459 -0.66588092 -0.22986153
v 0.74278474 -0.66286868 -0.24637684
v 0.84532243 -0.52641284 -0.26987943
v 0.72700971 -0.66597939 -0.26987943
v 0.71110541 -0.66818440 -0.29096821
v 0.70489883 -0.66410899 -0.30989733
v 0.68938243 -0.66525090 -0.32869938
v 0.68252933 -0.66233712 -0.34318206
v 0.67709857 -0.65607643 -0.35652137
v 0.66378033 -0.66304588 -0.36414382
v 0.64412618 -0.66318369 -0.38396221
v 0.70502812 -0.52473938 -0.46450618
v 0.68421030 -0.52379435 -0.48343527
v 0.63688517 -0.65635204 -0.39730150
v 0.62356693 -0.66253400 -0.40276426
v 0.60882628 -0.66540843 -0.40962449
v 0.58994800 -0.66395152 -0.42448828
v 0.56447518 -0.66257340 -0.44252807
v 0.57779348 -0.65804517 -0.43846276
v 0.53990757 -0.65985644 -0.45980564
v 0.54999322 -0.52678692 -0.56550372
v 0.52658927 -0.66300648 -0.46285462
v 0.48534146 -0.66217959 -0.48191077
v 0.43943870 -0.65977770 -0.49969652
v 0.44991231 -0.52469999 -0.60348898
v 0.32991862 -0.67765421 -0.49232814
v 0.35008997 -0.67710292 -0.49194703
v 0.39004475 -0.67501605 -0.49067661
v 0.37000272 -0.67623669 -0.49143884
v 0.31000587 -0.67791015 -0.49245518
v 0.28996384 -0.67791015 -0.49245518
v 0.27018040 -0.67765421 -0.49232814
v 0.25013834 -0.67716199 -0.49194703
v 0.23009631 -0.67633510 -0.49131182
v 0.21005426 -0.67515385 -0.49054956
v 0.19246899 -0.66377431 -0.50350773
v 0.19001222 -0.66355777 -0.50325364
v 0.19246899 -0.67472070 -0.48826283
v 0.19078803 -0.67468137 -0.48800874
v 0.01170266 -0.67481917 -0.40797293
v 0.02851214 -0.66830254 -0.43160257
v -0.00859797 -0.67621696 -0.38828158
v -0.02902794 -0.67692578 -0.36884433
v -0.05062163 -0.66727877 -0.37049586
v -0.07040507 -0.66690469 -0.35016930
v -0.17164972 -0.67617762 -0.12022518
v -0.18742475 -0.66702282 -0.10980782
v -0.16104683 -0.68035144 -0.13000733
v -0.17927861 -0.67987889 -0.03752152
v -0.17772698 -0.67964268 -0.04984449
v -0.17539951 -0.67909139 -0.06991696
v -0.17358926 -0.67824483 -0.08986239
v -0.17229623 -0.67700452 -0.10980782
v -0.37271667 -0.49274677 -0.04984449
v -0.38487118 -0.48040256 -0.04984449
v -0.20087230 -0.66121495 -0.06991696
v -0.19143316 -0.66678655 -0.08897310
v -0.06859481 -0.67633510 -0.32895347
v -0.07441348 -0.67877638 -0.31421670
v -0.05501795 -0.67922920 -0.33492440
v -0.06122452 -0.68019390 -0.32158509
v -0.06859481 -0.68037111 -0.30849987
v -0.10984263 -0.68088299 -0.22986153
v -0.10880822 -0.68043017 -0.24828246
v -0.12988469 -0.68090266 -0.18997066
v -0.12910885 -0.68048924 -0.20801048
v -0.14333224 -0.68064672 -0.16989820
v 0.15173838 -0.66609746 -0.49080366
v 0.17009948 -0.67044848 -0.48978731
v 0.13001539 -0.66523123 -0.48546791
v 0.10997334 -0.67084223 -0.46996891
v 0.07001856 -0.67174786 -0.44976941
v 0.40931100 -0.67448449 -0.48800874
v 0.44991231 -0.66721970 -0.48800874
v 0.43168050 -0.66804659 -0.49169293
v -0.38047487 -0.48040256 0.06169747
v -0.18160608 -0.66186464 0.16993636
v -0.18005446 -0.66023052 0.18060781
v -0.16479662 -0.66469967 0.20995426
v -0.15134907 -0.66786939 0.23091602
v -0.14617693 -0.66540843 0.24997216
v -0.14229780 -0.66243553 0.26470891
v -0.15897799 -0.65867519 0.23803031
v -0.24005127 -0.54031241 0.28033495
v -0.24522340 -0.52995664 0.28808445
v -0.24250805 -0.52322340 0.30498090
v -0.23901683 -0.51899058 0.31832021
v -0.22181949 -0.52233750 0.34309319
v -0.13880661 -0.65847832 0.27804822
v -0.12535906 -0.66462088 0.28986302
v -0.11010125 -0.66627467 0.30942732
v -0.07932702 -0.65910834 0.35910034
v -0.14992672 -0.53011417 0.42998919
v -0.09109363 -0.66796780 0.33077022
v -0.08501637 -0.66383338 0.34576106
v -0.05967286 -0.65958083 0.37955394
v -0.02605397 -0.66389245 0.40470806
v -0.00446028 -0.66282934 0.42300195
v -0.01777855 -0.65774989 0.41804734
v -0.04635462 -0.66430593 0.38590598
v -0.02320927 -0.52219969 0.54165822
v 0.04273552 -0.65765142 0.45819229
v 0.05605377 -0.66204178 0.46187648
v 0.01506457 -0.52282965 0.56236589
v 0.08307821 -0.65794677 0.47839180
v 0.09639648 -0.66152990 0.48118672
v 0.07001856 -0.52503473 0.58408988
v 0.10118070 -0.51958120 0.59946185
v 0.14281644 -0.65877366 0.49909949
v 0.15613469 -0.66103774 0.50075102
v 0.14992812 -0.52725941 0.60568684
v 0.16997018 -0.66261274 0.50227553
v 0.18561590 -0.51893151 0.61889911
v 0.19246899 -0.51271015 0.62436187
v 0.19130525 -0.51137137 0.62512410
v 0.21005426 -0.51003265 0.62830013
v 0.23009631 -0.51003265 0.63033277
v -0.04648390 -0.52473938 0.52425361
v -0.03652754 -0.51741552 0.53746587
v 0.01829714 -0.66105741 0.44091472
v 0.25013834 -0.52330220 0.62232924
v 0.27018040 -0.52391249 0.62271035
v 0.28996384 -0.52410936 0.62283736
v 0.31000587 -0.52393222 0.62271035
v 0.34996068 -0.65585983 0.51701224
v 0.37000272 -0.65373355 0.51561481
v 0.39004475 -0.54163146 0.60111338
v 0.39004475 -0.53003538 0.61026031
v 0.32991862 -0.65729707 0.51790154
v 0.31000587 -0.65816331 0.51853675
v 0.40905237 -0.53129542 0.60594094
v 0.42999953 -0.52678692 0.60505164
v 0.42999953 -0.53678828 0.59717512
v 0.48094511 -0.54041082 0.58015162
v 0.42948234 -0.66690469 0.49109590
v 0.45004159 -0.66607779 0.48639539
v 0.46995431 -0.66332150 0.48309231
v 0.41512966 -0.53883582 0.59882665
v 0.40995750 -0.66231745 0.50189435
v 0.48275536 -0.66113615 0.48093262
v 0.53033906 -0.53021258 0.56998831
v 0.49426341 -0.53767425 0.57773781
v 0.53822660 -0.53919017 0.55906284
v 0.52426183 -0.66202211 0.46187648
v 0.57882786 -0.53942645 0.53924441
v 0.53758007 -0.65826178 0.45844638
v 0.58981872 -0.52607816 0.54496127
v 0.61011934 -0.53019291 0.52997041
v 0.60986078 -0.66369557 0.40496212
v 0.62072223 -0.66062427 0.40051571
v 0.67632276 -0.53710330 0.47686732
v 0.66946965 -0.52974010 0.48944438
v 0.58568096 -0.66324276 0.42363715
v 0.68421030 -0.52377468 0.48334640
v 0.61736035 -0.53836334 0.51828265
v 0.54999322 -0.66426653 0.44485301
v 0.56925941 -0.66617626 0.43011624
v 0.69752848 -0.53800893 0.45768413
v 0.70489883 -0.52468032 0.46441731
v 0.69080472 -0.53090167 0.47064230
v 0.71795845 -0.53822553 0.43773869
v 0.72494090 -0.52487719 0.44485301
v 0.71136403 -0.53143322 0.45120504
v 0.73114741 -0.53131509 0.43125960
v 0.74420708 -0.52442437 0.42478052
v 0.75041366 -0.53054726 0.41042489
v 0.75649095 -0.53668988 0.39556110
v 0.79735082 -0.53722143 0.33547074
v 0.70153689 -0.66152990 0.30231303
v 0.71925151 -0.65920675 0.27893752
v 0.66003048 -0.66013211 0.35998964
v 0.67839158 -0.65836018 0.33801156
v 0.80122995 -0.54145432 0.32225847
v 0.81467754 -0.53420919 0.30993551
v 0.72972512 -0.66481781 0.24819359
v 0.74252617 -0.66245526 0.22989970
v 0.72313058 -0.66278994 0.26547116
v 0.74731040 -0.66609746 0.20995426
v 0.76218027 -0.66227806 0.18607056
v 0.88553584 -0.52710193 0.14999093
v 0.76489568 -0.66471934 0.16993636
v 0.76825756 -0.66692436 0.14999093
v 0.78157580 -0.66174650 0.12648836
v 0.87907064 -0.53915083 0.13677868
v 0.88682890 -0.53151196 0.13004550
v 0.88062233 -0.54096210 0.12343938
v 0.89329404 -0.52867693 0.11060824
v 0.91449982 -0.50859541 0.07109850
v 0.90182805 -0.52267218 0.09002761
v 0.79748017 -0.65647018 0.06995513
v 0.89381129 -0.53267354 0.09002761
v 0.90325040 -0.52450311 0.06995513
v 0.79967833 -0.65971863 0.03781377
v 0.80019552 -0.66034865 0.02447447
v 0.79179078 -0.66676688 0.03069948
v 0.78985125 -0.66928691 0.00999180
v 0.78985125 -0.66946411 -0.00195005
v 0.78985125 -0.66954285 -0.00995363
v 0.78985125 -0.66918844 -0.03002610
v 0.79166150 -0.66670781 -0.04959041
v 0.78868753 -0.66761345 -0.06991696
v 0.78713584 -0.66668814 -0.08986239
v 0.78519630 -0.66534936 -0.10993486
v 0.77174878 -0.66796780 -0.15135022
v 0.76812828 -0.67456323 -0.12899101
v 0.75209463 -0.67700452 -0.16989820
v 0.74847412 -0.67539012 -0.18984362
v 0.72881997 -0.67666984 -0.23138601
v 0.73179394 -0.66879469 -0.25183961
v 0.70903653 -0.67666984 -0.27076870
v 0.69403732 -0.67814636 -0.28995189
v 0.68834794 -0.67452383 -0.30862692
v 0.67011619 -0.66684562 -0.34991524
v 0.65046203 -0.66749531 -0.37036881
v 0.63003206 -0.66712123 -0.39031425
v 0.60986078 -0.67649263 -0.38917089
v 0.58878428 -0.67446476 -0.40835407
v 0.57068181 -0.66796780 -0.43096736
v 0.54999322 -0.66584152 -0.44684747
v 0.51003844 -0.66609746 -0.46666586
v 0.53189075 -0.66889316 -0.45180207
v 0.49116009 -0.66824347 -0.47149342
v 0.46995431 -0.66473901 -0.48457864
v 0.40219930 -0.68011516 -0.48013219
v 0.39004475 -0.68031204 -0.48064038
v 0.37000272 -0.68052864 -0.48140261
v 0.35008997 -0.68060738 -0.48203781
v 0.32991862 -0.68060738 -0.48241895
v 0.27018040 -0.68058765 -0.48229191
v 0.25013834 -0.68056798 -0.48191077
v 0.23009631 -0.68046957 -0.48140261
v 0.21005426 -0.68025297 -0.48064038
v 0.19802904 -0.68007576 -0.48000517
v 0.19246899 -0.67991829 -0.47898883
v 0.18458147 -0.67968202 -0.47746435
v 0.14992812 -0.67749667 -0.47238269
v 0.00614262 -0.67877638 -0.39399844
v 0.05036442 -0.67676824 -0.42855358
v 0.02993447 -0.67816609 -0.41203827
v 0.01946089 -0.68005610 -0.40022343
v -0.01441664 -0.67915046 -0.37468821
v -0.03510520 -0.67936707 -0.35525095
v -0.04906997 -0.67702419 -0.34915298
v -0.18988150 -0.67036974 -0.06991696
v -0.16156405 -0.68050891 -0.12022518
v -0.14992672 -0.68107986 -0.13000733
v -0.16233987 -0.68062705 -0.10980782
v -0.18005446 -0.68003643 -0.02418221
v -0.18794197 -0.67462230 -0.03040722
v -0.18988150 -0.67220068 -0.04984449
v -0.37349248 -0.49373117 -0.02977202
v -0.38681078 -0.48040256 -0.02977202
v -0.38538843 -0.48040256 -0.04450877
v -0.20203605 -0.66249466 -0.04984449
v -0.04169968 -0.68019390 -0.34191164
v -0.04906997 -0.68037111 -0.32895347
v -0.06988785 -0.68068612 -0.28995189
v -0.08992988 -0.68094206 -0.24980696
v -0.10984263 -0.68113893 -0.20991609
v -0.12988469 -0.68123734 -0.16989820
v 0.12885165 -0.67611855 -0.46857148
v 0.12148136 -0.67983955 -0.45853525
v 0.08837965 -0.67712265 -0.44875309
v 0.08049214 -0.67993796 -0.43922502
v 0.41564685 -0.67962301 -0.47746435
v 0.44991231 -0.67722106 -0.47225568
v 0.47060084 -0.67564607 -0.46844444
v -0.38267303 -0.48040256 0.04988266
v -0.38150930 -0.48174131 0.04988266
v -0.19970858 -0.65969896 0.09904751
v -0.18419215 -0.66444373 0.14986390
v -0.16983947 -0.67092097 0.16993636
v -0.17061529 -0.66601872 0.18835731
v -0.14850438 -0.67550826 0.20982723
v -0.12872094 -0.67613822 0.25035328
v -0.13117772 -0.66800719 0.27080688
v -0.23668939 -0.53657174 0.29367426
v -0.22569859 -0.52666879 0.32988092
v -0.10842028 -0.67515385 0.28897375
v -0.08941269 -0.67708325 0.31044367
v -0.06600875 -0.66422713 0.36608762
v -0.07053438 -0.67806762 0.33165950
v -0.05488864 -0.67812669 0.34995341
v -0.07156879 -0.66881442 0.35147789
v -0.02980375 -0.67076349 0.38946313
v -0.01066685 -0.66784972 0.41080603
v 0.01105615 -0.66570371 0.42973512
v -0.04997510 -0.67092097 0.36977178
v -0.03329495 -0.67763454 0.37332892
v 0.02993447 -0.66395152 0.44434482
v 0.04958861 -0.66749531 0.45082393
v 0.07001856 -0.66495562 0.46530658
v 0.10997334 -0.66387278 0.48372751
v 0.08980200 -0.66731811 0.47089639
v 0.13001539 -0.66651094 0.48703060
v 0.14979883 -0.66729844 0.49135000
v 0.16997018 -0.67214161 0.48982549
v 0.19001222 -0.66438466 0.50392705
v 0.19246899 -0.66456187 0.50418115
v 0.19246899 -0.66304588 0.50545150
v 0.19246899 -0.52700347 0.61356336
v 0.19893417 -0.52023089 0.61991543
v 0.21005426 -0.52107745 0.62055063
v 0.23009631 -0.52237684 0.62156695
v 0.25013834 -0.65715927 0.51790154
v 0.27018040 -0.65812397 0.51853675
v 0.28996384 -0.65847832 0.51879084
v 0.34996068 -0.66678655 0.50697601
v 0.37000272 -0.66580218 0.50557858
v 0.39004475 -0.66434526 0.50392705
v 0.40181136 -0.54046988 0.60009706
v 0.32991862 -0.66741657 0.50799233
v 0.31000587 -0.66779065 0.50850052
v 0.40995750 -0.67168880 0.48982549
v 0.45004159 -0.67605948 0.47127751
v 0.46879059 -0.67420882 0.46810150
v 0.48973778 -0.66688502 0.47089639
v 0.51003844 -0.66481781 0.46517953
v 0.49620295 -0.65774989 0.47813773
v 0.53046834 -0.66745591 0.45095095
v 0.60986078 -0.67212194 0.38984427
v 0.62835115 -0.66367590 0.38844681
v 0.59137034 -0.66832221 0.41144124
v 0.64089358 -0.66082120 0.38095140
v 0.54857087 -0.67479944 0.42808360
v 0.73748332 -0.53775299 0.41715807
v 0.68343443 -0.66286868 0.32467225
v 0.69002891 -0.66592032 0.30942732
v 0.70567465 -0.66448307 0.28986302
v 0.64852250 -0.66326243 0.36799321
v 0.66390961 -0.66304588 0.34982637
v 0.72985440 -0.67107850 0.22989970
v 0.71149331 -0.66806626 0.27131504
v 0.72869068 -0.67672884 0.21033539
v 0.75170672 -0.66812533 0.19166037
v 0.74821550 -0.67550826 0.16917412
v 0.76993847 -0.67320478 0.10997304
v 0.77187800 -0.66784972 0.13195112
v 0.78351533 -0.66367590 0.10997304
v 0.79890245 -0.65867519 0.05000971
v 0.78558421 -0.66538870 0.09002761
v 0.78739446 -0.66664875 0.06995513
v 0.78894609 -0.66757405 0.05000971
v 0.77239525 -0.67755574 0.05000971
v 0.77304178 -0.67816609 0.02993723
v 0.77368832 -0.67850077 0.00999180
v 0.77394688 -0.67863858 -0.00995363
v 0.77381760 -0.67854017 -0.03002610
v 0.77342969 -0.67820543 -0.04997153
v 0.77265388 -0.67761481 -0.06991696
v 0.77174878 -0.67668951 -0.08986239
v 0.77084363 -0.67535073 -0.10993486
v 0.76011145 -0.68007576 -0.12162263
v 0.75726676 -0.67956388 -0.13496193
v 0.74071586 -0.68025297 -0.18311045
v 0.73722470 -0.67960328 -0.19644976
v 0.73412144 -0.67844170 -0.20991609
v 0.71925151 -0.67989862 -0.23913552
v 0.69804573 -0.67974108 -0.27788299
v 0.68058980 -0.68019390 -0.30100447
v 0.67502975 -0.67871732 -0.31434375
v 0.66895247 -0.67623669 -0.32946163
v 0.64968622 -0.67718172 -0.35016930
v 0.63016140 -0.67733920 -0.36986065
v 0.61671382 -0.67942607 -0.37659383
v 0.59460294 -0.67881578 -0.39539587
v 0.56977665 -0.67800856 -0.41381684
v 0.55051041 -0.67649263 -0.42880765
v 0.51197797 -0.67686671 -0.44888014
v 0.51999480 -0.67995769 -0.43973318
v 0.46426499 -0.68031204 -0.46082199
v 0.44991231 -0.68060738 -0.46234646
v 0.39004475 -0.68098140 -0.46984190
v 0.42999953 -0.68074518 -0.46476024
v 0.37000272 -0.68111926 -0.46984190
v 0.35008997 -0.68111926 -0.46984190
v 0.25013834 -0.68104053 -0.46984190
v 0.23009631 -0.68098140 -0.46984190
v 0.21005426 -0.68084359 -0.46984190
v 0.14992812 -0.68056798 -0.46234646
v 0.13479961 -0.68031204 -0.46094903
v 0.01170266 -0.68019390 -0.38828158
v -0.02902794 -0.68031204 -0.34915298
v -0.02178693 -0.68015456 -0.36134890
v 0.09381041 -0.68027270 -0.44138470
v 0.10997334 -0.68050891 -0.44494185
v 0.14992812 -0.68104053 -0.44976941
v -0.14992672 -0.68133581 -0.10980782
v -0.16363290 -0.68070579 -0.08986239
v -0.17152041 -0.68064672 -0.03040722
v -0.18031305 -0.68011516 -0.00982659
v -0.19026941 -0.67377573 -0.00982659
v -0.16983947 -0.68092239 -0.00982659
v -0.20281187 -0.66334122 -0.02977202
v -0.38719869 -0.48040256 -0.02291181
v -0.20332909 -0.66379404 -0.00982659
v -0.04997510 -0.68066645 -0.30989733
v -0.14992672 -0.68145394 -0.08986239
v 0.42999953 -0.67883545 -0.47479647
v 0.47758323 -0.67974108 -0.45790005
v -0.38577634 -0.48040256 0.02993723
v -0.37181157 -0.49174270 0.04988266
v -0.18884709 -0.66771185 0.10857558
v -0.18651962 -0.66635340 0.13004550
v -0.20061371 -0.66089994 0.08558117
v -0.16828781 -0.67542946 0.15049911
v -0.15238351 -0.67731953 0.18988180
v -0.13712567 -0.67956388 0.21656039
v -0.13376379 -0.67826450 0.22989970
v -0.11760086 -0.67964268 0.25721350
v -0.11398035 -0.67816609 0.26979056
v -0.09574854 -0.67905205 0.29507172
v -0.07764605 -0.67962301 0.31717682
v -0.05967286 -0.67991829 0.33953604
v -0.04014805 -0.67999703 0.36011669
v -0.01002032 -0.67765421 0.39289325
v 0.00963381 -0.67686671 0.40902746
v 0.03096889 -0.67452383 0.42833766
v -0.01997671 -0.67995769 0.37980804
v 0.06988925 -0.67568541 0.44866422
v 0.11049056 -0.67477977 0.46822852
v 0.13001539 -0.67651230 0.47165865
v 0.18070236 -0.67991829 0.47953516
v 0.18846059 -0.67546886 0.48817396
v 0.19246899 -0.67365760 0.49147701
v 0.21005426 -0.66572344 0.50557858
v 0.23009631 -0.65556455 0.51688522
v 0.23009631 -0.66664875 0.50684899
v 0.25013834 -0.66733783 0.50786531
v 0.27018040 -0.66775125 0.50850052
v 0.28996384 -0.66790879 0.50875461
v 0.34996068 -0.67676824 0.49160406
v 0.37000272 -0.67578387 0.49096885
v 0.39094988 -0.67539012 0.48817396
v 0.32991862 -0.67739826 0.49211222
v 0.31000587 -0.67777234 0.49249336
v 0.39844948 -0.67987889 0.47902700
v 0.46129102 -0.68011516 0.46022496
v 0.42999953 -0.67806762 0.47331017
v 0.48999637 -0.67773294 0.45260251
v 0.50939190 -0.67548853 0.44828311
v 0.57016456 -0.67714232 0.40902746
v 0.59124100 -0.67830390 0.39009833
v 0.61128306 -0.67869765 0.37116924
v 0.62990278 -0.67241728 0.36989883
v 0.53008044 -0.67777234 0.43240297
v 0.55426025 -0.67895359 0.41512540
v 0.67102134 -0.66771185 0.33077022
v 0.68796003 -0.67483884 0.28808445
v 0.64981556 -0.67121631 0.34982637
v 0.70839000 -0.67639416 0.24920991
v 0.73347491 -0.67844170 0.19000883
v 0.71369147 -0.67859924 0.22989970
v 0.71744126 -0.67974108 0.21732265
v 0.73670745 -0.67954421 0.17539912
v 0.74032795 -0.68015456 0.16205983
v 0.75144809 -0.67690605 0.14999093
v 0.75972354 -0.67995769 0.09968272
v 0.76838684 -0.67629576 0.09180618
v 0.77149010 -0.67665011 0.06995513
v 0.76062864 -0.68025297 0.08634342
v 0.76153374 -0.68046957 0.06995513
v 0.76230955 -0.68060738 0.05000971
v 0.76308537 -0.68068612 0.02993723
v 0.76993847 -0.67946547 -0.00195005
v 0.76399052 -0.68076485 -0.00995363
v 0.76386124 -0.68078458 -0.03002610
v 0.76334405 -0.68076485 -0.04997153
v 0.76256824 -0.68068612 -0.06991696
v 0.76179236 -0.68056798 -0.08986239
v 0.76075792 -0.68029237 -0.10993486
v 0.74200892 -0.68052864 -0.16989820
v 0.72416508 -0.68064672 -0.20991609
v 0.72144967 -0.68037111 -0.22579621
v 0.70153689 -0.68037111 -0.26454371
v 0.66895247 -0.68058765 -0.30862692
v 0.66158211 -0.68033171 -0.32260141
v 0.63714379 -0.67954421 -0.35702953
v 0.65628070 -0.67930794 -0.33581367
v 0.68408096 -0.68048924 -0.28995189
v 0.62369621 -0.68046957 -0.36338156
v 0.60326624 -0.68044984 -0.38205659
v 0.58141398 -0.68025297 -0.40073159
v 0.55736351 -0.67966235 -0.41750100
v 0.50654721 -0.68041050 -0.44163880
v 0.54404521 -0.68037111 -0.42143929
v 0.48999637 -0.68068612 -0.44481483
v 0.44991231 -0.68123734 -0.44976941
v 0.42999953 -0.68131614 -0.44976941
v -0.18031305 -0.68009549 0.00986476
v -0.19026941 -0.67387414 0.00986476
v -0.16983947 -0.68088299 0.00986476
v -0.14992672 -0.68151301 -0.02977202
v -0.14992672 -0.68145394 0.06995513
v -0.14992672 -0.68139488 0.10857558
v -0.38771588 -0.48040256 -0.00982659
v -0.20332909 -0.66387278 0.00986476
v -0.38719869 -0.48040256 0.00986476
v -0.38370746 -0.48392665 0.00986476
v -0.37310457 -0.49317992 0.02993723
v -0.20164815 -0.66198277 0.06995513
v -0.18988150 -0.67137378 0.06995513
v -0.17152041 -0.67635483 0.13004550
v -0.18858847 -0.66773158 0.10984600
v -0.19182107 -0.66751498 0.09129801
v -0.15833145 -0.67978048 0.15748635
v -0.14074618 -0.68025297 0.20309405
v -0.12122133 -0.68033171 0.24387421
v -0.10079139 -0.68025297 0.28173241
v -0.08230099 -0.68039078 0.30396459
v -0.06432781 -0.68044984 0.32619673
v -0.04493228 -0.68039078 0.34995341
v -0.02799350 -0.68025297 0.36799321
v 0.00265142 -0.67962301 0.39721262
v 0.02502093 -0.67889452 0.41525245
v 0.04997651 -0.67781168 0.43341932
v -0.01002032 -0.68027270 0.38285699
v 0.01596969 -0.68037111 0.40204018
v 0.03833920 -0.68025297 0.42071521
v 0.09006061 -0.67796922 0.45349178
v 0.06316547 -0.67950487 0.43697646
v 0.10415469 -0.67940640 0.45679486
v 0.11747295 -0.68021363 0.46047902
v 0.19246899 -0.67552793 0.48868212
v 0.13001539 -0.68052864 0.46174943
v 0.19414994 -0.68021363 0.48042446
v 0.23009631 -0.67665011 0.49160406
v 0.21005426 -0.67570513 0.49096885
v 0.25013834 -0.67731953 0.49211222
v 0.27018040 -0.67773294 0.49249336
v 0.28996384 -0.67789042 0.49262038
v 0.38500193 -0.68019390 0.48029742
v 0.37000272 -0.68037111 0.48093262
v 0.32991862 -0.68058765 0.48220304
v 0.34996068 -0.68050891 0.48169488
v 0.45004159 -0.68041050 0.46124128
v 0.48999637 -0.68052864 0.44269329
v 0.50228024 -0.68023330 0.44066066
v 0.51559848 -0.67940640 0.43608716
v 0.57688832 -0.67964268 0.39695856
v 0.59886992 -0.67989862 0.37879169
v 0.61891198 -0.67989862 0.35884628
v 0.63003206 -0.67848110 0.35122380
v 0.54094195 -0.68011516 0.42033410
v 0.69183916 -0.67794955 0.26991761
v 0.66856456 -0.67661077 0.30904621
v 0.67425388 -0.67873704 0.29342017
v 0.67994320 -0.67999703 0.28008088
v 0.64916897 -0.67781168 0.32988092
v 0.70076108 -0.68019390 0.24209563
v 0.72119105 -0.68027270 0.20398334
v 0.74149168 -0.68037111 0.14999093
v 0.72351849 -0.68052864 0.19000883
v 0.74989641 -0.68113893 0.06995513
v 0.74989641 -0.68129641 0.05000971
v 0.76360261 -0.68072551 0.00999180
v 0.74989641 -0.68135548 0.02993723
v 0.74989641 -0.68143427 -0.00195005
v 0.74989641 -0.68147361 -0.03002610
v 0.74989641 -0.68147361 -0.04997153
v 0.74989641 -0.68139488 -0.06991696
v 0.74989641 -0.68127674 -0.08986239
v 0.74989641 -0.68104053 -0.10993486
v 0.72998369 -0.68119800 -0.16989820
v 0.70567465 -0.68062705 -0.24993399
v 0.69067544 -0.68076485 -0.27076870
v 0.66985756 -0.68107986 -0.28995189
v 0.64968622 -0.68078458 -0.32946163
v 0.64296246 -0.68044984 -0.34369022
v 0.60986078 -0.68086332 -0.36986065
v 0.63016140 -0.68088299 -0.35016930
v 0.58878428 -0.68076485 -0.38917089
v 0.56977665 -0.68054831 -0.40378058
v 0.52995116 -0.68060738 -0.42601275
v 0.56977665 -0.68127674 -0.38980609
v 0.58994800 -0.68139488 -0.36986065
v -0.18005446 -0.68001676 0.02485560
v -0.18794197 -0.67485857 0.03082652
v -0.18988150 -0.67277163 0.04988266
v -0.20307046 -0.66361684 0.02993723
v -0.17164972 -0.68060738 0.03082652
v -0.16272777 -0.68066645 0.10984600
v 0.14992812 -0.68133581 0.44980758
v 0.09006061 -0.68133581 0.42986217
v -0.12988469 -0.68133581 0.16993636
v -0.12988469 -0.68121767 0.18988180
v -0.14992672 -0.68121767 0.13004550
v -0.37375110 -0.49392805 0.00986476
v -0.20255324 -0.66298681 0.04988266
v -0.17940792 -0.67989862 0.03819489
v -0.17824420 -0.67974108 0.04988266
v -0.17604604 -0.67932767 0.06995513
v -0.17423579 -0.67867798 0.08990056
v -0.17281345 -0.67773294 0.10984600
v -0.16065893 -0.68023330 0.14414705
v -0.14229780 -0.68054831 0.18988180
v -0.12380740 -0.68058765 0.22989970
v -0.11048916 -0.68074518 0.25035328
v -0.10389468 -0.68054831 0.26979056
v -0.08941269 -0.68066645 0.28897375
v -0.05178535 -0.68082392 0.33165950
v -0.07053438 -0.68076485 0.31044367
v -0.03006238 -0.68102080 0.34995341
v -0.01002032 -0.68088299 0.36989883
v 0.03096889 -0.68064672 0.40902746
v 0.04997651 -0.68056798 0.42338309
v 0.07648373 -0.68037111 0.44116881
v 0.09006061 -0.68068612 0.44358259
v 0.13001539 -0.68121767 0.44980758
v 0.14992812 -0.68070579 0.46365505
v 0.21005426 -0.68039078 0.48093262
v 0.23009631 -0.68052864 0.48156783
v 0.25013834 -0.68060738 0.48207599
v 0.28996384 -0.68064672 0.48258415
v 0.31000587 -0.68062705 0.48245713
v 0.27018040 -0.68064672 0.48245713
v 0.42999953 -0.68068612 0.46327394
v 0.37000272 -0.68098140 0.46988007
v 0.45004159 -0.68109953 0.44980758
v 0.48999637 -0.68102080 0.42986217
v 0.50939190 -0.68058765 0.42960808
v 0.54857087 -0.68046957 0.40902746
v 0.53008044 -0.68037111 0.42236674
v 0.60559368 -0.68029237 0.36532536
v 0.56357008 -0.68031204 0.40178612
v 0.58555168 -0.68033171 0.38361925
v 0.62356693 -0.68025297 0.34550697
v 0.66093564 -0.68017423 0.30180487
v 0.65524626 -0.67936707 0.31501713
v 0.66856456 -0.68025297 0.28808445
v 0.70373511 -0.68037111 0.22989970
v 0.72985440 -0.68094206 0.14999093
v 0.70981234 -0.68092239 0.19000883
v 0.72985440 -0.68107986 0.12991847
v 0.42999953 -0.68123734 0.44980758
v 0.62990278 -0.68135548 -0.32984275
v 0.72998369 -0.68131614 -0.14995275
v 0.68989962 -0.68119800 -0.24993399
v -0.16156405 -0.68048924 0.13004550
v 0.27018040 -0.68113893 0.46988007
v 0.25013834 -0.68113893 0.46988007
v 0.23009631 -0.68107986 0.46988007
v 0.21005426 -0.68098140 0.46988007
v 0.04997651 -0.68121767 0.40978968
v -0.07001716 -0.68121767 0.28986302
v -0.08992988 -0.68121767 0.26979056
v -0.10984263 -0.68127674 0.22989970
v 0.28996384 -0.68111926 0.46988007
v 0.32991862 -0.68106019 0.46988007
v 0.54999322 -0.68090266 0.38984427
v 0.53008044 -0.68084359 0.40978968
v 0.57016456 -0.68056798 0.39009833
v 0.59124100 -0.68052864 0.37116924
v 0.61128306 -0.68046957 0.35122380
v 0.64916897 -0.68035144 0.30904621
v 0.68989962 -0.68074518 0.22989970
v 0.68938243 -0.68041050 0.24920991
f 1 2 3
f 1 3 4
f 1 4 5
f 1 5 6
f 1 6 7
f 1 7 8
f 1 8 2
f 2 8 9
f 2 9 3
f 3 9 10
f 3 10 11
f 3 11 12
f 3 12 13
f 3 13 4
f 4 13 5
f 5 14 15
f 5 15 16
f 5 16 17
f 5 17 18
f 5 18 19
f 5 19 20
f 5 20 21
f 5 21 22
f 5 22 23
f 5 23 24
f 5 24 25
f 5 25 26
f 5 26 27
f 5 27 28
f 5 28 29
f 5 29 30
f 5 30 31
f 5 31 32
f 5 32 33
f 5 33 34
f 5 34 35
f 5 35 36
f 5 36 37
f 5 37 38
f 5 38 138
f 5 138 331
f 5 331 535
f 5 535 748
f 5 748 965
f 5 965 1163
f 5 1163 1162
f 5 1162 1305
f 5 1305 1406
f 5 1406 1408
f 5 1408 1311
f 5 1311 1178
f 5 1178 986
f 5 986 771
f 5 771 558
f 5 558 360
f 5 360 165
f 5 165 47
f 5 47 6
f 5 13 39
f 5 39 40
f 5 40 41
f 5 41 14
f 6 42 43
f 6 43 44
f 6 44 45
f 6 45 46
f 6 46 7
f 6 47 48
f 6 48 49
f 6 49 50
f 6 50 51
f 6 51 52
f 6 52 53
f 6 53 54
f 6 54 55
f 6 55 56
f 6 56 57
f 6 57 58
f 6 58 59
f 6 59 60
f 6 60 61
f 6 61 62
f 6 62 63
f 6 63 64
f 6 64 65
f 6 65 66
f 6 66 67
f 6 67 68
f 6 68 69
f 6 69 70
f 6 70 71
f 6 71 72
f 6 72 73
f 6 73 74
f 6 74 75
f 6 75 76
f 6 76 77
f 6 77 78
f 6 78 79
f 6 79 80
f 6 80 81
f 6 81 82
f 6 82 83
f 6 83 84
f 6 84 85
f 6 85 86
f 6 86 87
f 6 87 88
f 6 88 89
f 6 89 90
f 6 90 91
f 6 91 92
f 6 92 93
f 6 93 94
f 6 94 95
f 6 95 96
f 6 96 97
f 6 97 98
f 6 98 99
f 6 99 100
f 6 100 101
f 6 101 102
f 6 102 103
f 6 103 104
f 6 104 42
f 7 46 105
f 7 105 8
f 8 105 106
f 8 106 107
f 8 107 9
f 9 107 108
f 9 108 10
f 10 108 109
f 10 109 11
f 11 109 110
f 11 110 111
f 11 111 12
f 12 111 112
f 12 112 13
f 13 112 39
f 14 113 114
f 14 114 115
f 14 115 116
f 14 116 15
f 14 41 113
f 15 116 117
f 15 117 16
f 16 118 17
f 16 117 118
f 17 118 119
f 17 119 18
f 18 119 120
f 18 120 121
f 18 121 19
f 19 121 20
f 20 121 21
f 21 121 122
f 21 122 123
f 21 123 124
f 21 124 22
f 22 124 123
f 22 123 125
f 22 125 23
f 23 125 126
f 23 126 127
f 23 127 24
f 24 127 25
f 25 127 128
f 25 128 129
f 25 129 26
f 26 129 27
f 27 129 28
f 28 129 130
f 28 130 29
f 29 130 33
f 29 33 30
f 30 33 31
f 31 33 32
f 33 130 131
f 33 131 34
f 34 131 132
f 34 132 133
f 34 133 36
f 34 36 35
f 36 134 37
f 36 133 135
f 36 135 136
f 36 136 137
f 36 137 134
f 37 138 38
f 37 134 139
f 37 139 138
f 39 112 140
f 39 140 40
f 40 140 41
f 41 140 141
f 41 141 142
f 41 142 143
f 41 143 144
f 41 144 145
f 41 145 146
f 41 146 147
f 41 147 148
f 41 148 149
f 41 149 150
f 41 150 151
f 41 151 152
f 41 152 153
f 41 153 154
f 41 154 155
f 41 155 156
f 41 156 157
f 41 157 158
f 41 158 159
f 41 159 160
f 41 160 113
f 42 161 43
f 42 104 161
f 43 161 162
f 43 162 163
f 43 163 44
f 44 163 164
f 44 164 45
f 45 164 46
f 46 164 105
f 47 165 166
f 47 166 167
f 47 167 168
f 47 168 169
f 47 169 170
f 47 170 171
f 47 171 172
f 47 172 173
f 47 173 174
f 47 174 175
f 47 175 176
f 47 176 177
f 47 177 178
f 47 178 179
f 47 179 180
f 47 180 181
f 47 181 182
f 47 182 183
f 47 183 184
f 47 184 185
f 47 185 186
f 47 186 187
f 47 187 188
f 47 188 189
f 47 189 190
f 47 190 191
f 47 191 192
f 47 192 193
f 47 193 194
f 47 194 195
f 47 195 196
f 47 196 197
f 47 197 198
f 47 198 199
f 47 199 200
f 47 200 201
f 47 201 202
f 47 202 203
f 47 203 204
f 47 204 205
f 47 205 206
f 47 206 207
f 47 207 208
f 47 208 209
f 47 209 210
f 47 210 211
f 47 211 212
f 47 212 213
f 47 213 214
f 47 214 215
f 47 215 216
f 47 216 217
f 47 217 218
f 47 218 219
f 47 219 220
f 47 220 221
f 47 221 222
f 47 222 223
f 47 223 224
f 47 224 225
f 47 225 226
f 47 226 227
f 47 227 228
f 47 228 229
f 47 229 230
f 47 230 231
f 47 231 232
f 47 232 233
f 47 233 234
f 47 234 235
f 47 235 48
f 48 236 49
f 48 235 237
f 48 237 238
f 48 238 239
f 48 239 240
f 48 240 236
f 49 236 241
f 49 241 50
f 50 241 242
f 50 242 51
f 51 242 52
f 52 242 243
f 52 243 244
f 52 244 245
f 52 245 53
f 53 245 54
f 54 245 246
f 54 246 247
f 54 247 55
f 55 247 56
f 56 247 248
f 56 248 249
f 56 249 57
f 57 249 250
f 57 250 58
f 58 250 59
f 59 250 251
f 59 251 252
f 59 252 60
f 60 252 253
f 60 253 61
f 61 253 62
f 62 254 255
f 62 255 63
f 62 253 254
f 63 255 256
f 63 256 64
f 64 257 258
f 64 258 259
f 64 259 65
f 64 256 257
f 65 259 260
f 65 260 66
f 66 260 67
f 67 261 262
f 67 262 68
f 67 260 261
f 68 262 263
f 68 263 69
f 69 263 70
f 70 263 264
f 70 264 71
f 71 265 72
f 71 264 265
f 72 265 73
f 73 266 267
f 73 267 74
f 73 265 268
f 73 268 266
f 74 267 75
f 75 267 269
f 75 269 76
f 76 269 270
f 76 270 77
f 77 270 271
f 77 271 78
f 78 272 79
f 78 271 272
f 79 272 80
f 80 273 81
f 80 272 273
f 81 273 274
f 81 274 82
f 82 274 275
f 82 275 83
f 83 275 276
f 83 276 84
f 84 276 85
f 85 276 277
f 85 277 278
f 85 278 279
f 85 279 86
f 86 279 278
f 86 278 87
f 87 278 280
f 87 280 88
f 88 280 281
f 88 281 89
f 89 282 90
f 89 281 282
f 90 282 283
f 90 283 91
f 91 283 284
f 91 284 92
f 92 284 285
f 92 285 93
f 93 285 286
f 93 286 94
f 94 286 287
f 94 287 95
f 95 288 96
f 95 287 288
f 96 288 289
f 96 289 290
f 96 290 97
f 97 290 289
f 97 289 98
f 98 289 99
f 99 289 291
f 99 291 292
f 99 292 293
f 99 293 100
f 100 293 294
f 100 294 101
f 101 295 102
f 101 294 295
f 102 295 103
f 103 295 296
f 103 296 104
f 104 296 161
f 105 164 297
f 105 297 106
f 106 297 298
f 106 298 107
f 107 298 299
f 107 299 108
f 108 299 300
f 108 300 301
f 108 301 302
f 108 302 109
f 109 302 303
f 109 303 110
f 110 303 304
f 110 304 305
f 110 305 111
f 111 305 306
f 111 306 112
f 112 306 140
f 113 160 307
f 113 307 308
f 113 308 309
f 113 309 114
f 114 309 310
f 114 310 115
f 115 311 116
f 115 310 311
f 116 312 118
f 116 118 117
f 116 311 312
f 118 313 119
f 118 312 313
f 119 313 120
f 120 313 314
f 120 314 121
f 121 314 122
f 122 314 123
f 123 314 315
f 123 315 316
f 123 316 317
f 123 317 126
f 123 126 125
f 126 317 318
f 126 318 319
f 126 319 127
f 127 319 128
f 128 319 130
f 128 130 129
f 130 319 320
f 130 320 321
f 130 321 322
f 130 322 131
f 131 322 135
f 131 135 323
f 131 323 132
f 132 323 133
f 133 323 135
f 134 324 325
f 134 325 139
f 134 137 324
f 135 326 327
f 135 327 328
f 135 328 136
f 135 322 321
f 135 321 326
f 136 328 329
f 136 329 137
f 137 329 330
f 137 330 324
f 138 139 325
f 138 325 331
f 140 306 332
f 140 332 141
f 141 332 333
f 141 333 334
f 141 334 335
f 141 335 142
f 142 335 334
f 142 334 143
f 143 334 336
f 143 336 337
f 143 337 144
f 144 337 338
f 144 338 145
f 145 338 339
f 145 339 146
f 146 339 147
f 147 339 340
f 147 340 341
f 147 341 148
f 148 341 342
f 148 342 149
f 149 342 343
f 149 343 344
f 149 344 150
f 150 344 151
f 151 344 152
f 152 344 345
f 152 345 346
f 152 346 347
f 152 347 153
f 153 347 154
f 154 348 349
f 154 349 155
f 154 347 348
f 155 349 156
f 156 349 350
f 156 350 351
f 156 351 157
f 157 351 352
f 157 352 158
f 158 352 353
f 158 353 159
f 159 353 354
f 159 354 355
f 159 355 160
f 160 355 307
f 161 356 162
f 161 296 357
f 161 357 356
f 162 358 359
f 162 359 163
f 162 356 358
f 163 359 164
f 164 359 297
f 165 360 361
f 165 361 362
f 165 362 363
f 165 363 364
f 165 364 365
f 165 365 366
f 165 366 367
f 165 367 368
f 165 368 369
f 165 369 370
f 165 370 371
f 165 371 372
f 165 372 166
f 166 372 373
f 166 373 374
f 166 374 375
f 166 375 167
f 167 375 168
f 168 375 376
f 168 376 377
f 168 377 169
f 169 377 170
f 170 377 378
f 170 378 379
f 170 379 380
f 170 380 171
f 171 380 172
f 172 380 173
f 173 380 174
f 174 380 381
f 174 381 175
f 175 381 382
f 175 382 176
f 176 382 177
f 177 382 383
f 177 383 178
f 178 383 384
f 178 384 385
f 178 385 179
f 179 385 386
f 179 386 180
f 180 386 181
f 181 386 387
f 181 387 388
f 181 388 182
f 182 388 183
f 183 388 389
f 183 389 390
f 183 390 184
f 184 390 391
f 184 391 185
f 185 391 186
f 186 391 392
f 186 392 187
f 187 392 393
f 187 393 394
f 187 394 188
f 188 394 189
f 189 394 395
f 189 395 190
f 190 395 396
f 190 396 191
f 191 396 192
f 192 396 397
f 192 397 398
f 192 398 193
f 193 398 194
f 194 398 397
f 194 397 399
f 194 399 400
f 194 400 195
f 195 400 196
f 196 400 197
f 197 400 401
f 197 401 402
f 197 402 198
f 198 402 199
f 199 402 200
f 200 402 201
f 201 402 403
f 201 403 202
f 202 403 203
f 203 403 404
f 203 404 405
f 203 405 204
f 204 405 205
f 205 405 406
f 205 406 206
f 206 406 407
f 206 407 207
f 207 407 208
f 208 407 209
f 209 407 408
f 209 408 409
f 209 409 210
f 210 409 211
f 211 409 212
f 212 409 410
f 212 410 213
f 213 410 411
f 213 411 214
f 214 411 412
f 214 412 413
f 214 413 215
f 215 413 414
f 215 414 216
f 216 414 217
f 217 414 415
f 217 415 218
f 218 415 219
f 219 415 416
f 219 416 417
f 219 417 220
f 220 417 221
f 221 417 418
f 221 418 419
f 221 419 222
f 222 419 223
f 223 419 420
f 223 420 224
f 224 420 421
f 224 421 225
f 225 421 422
f 225 422 226
f 226 422 227
f 227 422 423
f 227 423 228
f 228 423 424
f 228 424 425
f 228 425 229
f 229 425 230
f 230 425 426
f 230 426 231
f 231 426 232
f 232 426 427
f 232 427 233
f 233 427 428
f 233 428 234
f 234 428 429
f 234 429 235
f 235 429 430
f 235 430 431
f 235 431 432
f 235 432 433
f 235 433 434
f 235 434 435
f 235 435 237
f 236 240 436
f 236 436 241
f 237 435 238
f 238 435 437
f 238 437 438
f 238 438 439
f 238 439 240
f 238 240 239
f 240 439 440
f 240 440 441
f 240 441 442
f 240 442 436
f 241 436 443
f 241 443 444
f 241 444 243
f 241 243 242
f 243 444 445
f 243 445 446
f 243 446 244
f 244 246 245
f 244 446 447
f 244 447 246
f 246 447 448
f 246 448 247
f 247 448 449
f 247 449 248
f 248 449 450
f 248 450 249
f 249 450 451
f 249 451 250
f 250 451 251
f 251 451 452
f 251 452 453
f 251 453 454
f 251 454 252
f 252 454 254
f 252 254 253
f 254 454 455
f 254 455 456
f 254 456 457
f 254 457 458
f 254 458 255
f 255 458 258
f 255 258 256
f 256 258 257
f 258 458 459
f 258 459 460
f 258 460 461
f 258 461 259
f 259 461 261
f 259 261 260
f 261 461 462
f 261 462 463
f 261 463 464
f 261 464 465
f 261 465 262
f 262 465 263
f 263 465 466
f 263 466 467
f 263 467 264
f 264 268 265
f 264 467 466
f 264 466 468
f 264 468 469
f 264 469 266
f 264 266 268
f 266 469 470
f 266 470 471
f 266 471 472
f 266 472 267
f 267 472 270
f 267 270 269
f 270 472 473
f 270 473 272
f 270 272 271
f 272 473 474
f 272 474 475
f 272 475 476
f 272 476 273
f 273 476 477
f 273 477 275
f 273 275 274
f 275 478 276
f 275 477 478
f 276 478 277
f 277 478 278
f 278 479 480
f 278 480 281
f 278 281 280
f 278 478 481
f 278 481 479
f 281 480 482
f 281 482 483
f 281 483 484
f 281 484 282
f 282 484 485
f 282 485 283
f 283 485 284
f 284 485 285
f 285 486 286
f 285 485 487
f 285 487 486
f 286 486 287
f 287 486 288
f 288 486 488
f 288 488 289
f 289 489 490
f 289 490 491
f 289 491 291
f 289 488 492
f 289 492 489
f 291 491 292
f 292 493 494
f 292 494 293
f 292 491 495
f 292 495 493
f 293 494 294
f 294 494 496
f 294 496 295
f 295 497 296
f 295 496 497
f 296 497 357
f 297 359 498
f 297 498 298
f 298 498 499
f 298 499 500
f 298 500 299
f 299 500 300
f 300 500 501
f 300 501 502
f 300 502 301
f 301 502 503
f 301 503 302
f 302 503 303
f 303 503 504
f 303 504 304
f 304 505 305
f 304 504 506
f 304 506 505
f 305 505 507
f 305 507 306
f 306 507 332
f 307 355 308
f 308 355 354
f 308 354 508
f 308 508 509
f 308 509 310
f 308 310 309
f 310 509 510
f 310 510 311
f 311 511 312
f 311 510 512
f 311 512 511
f 312 511 513
f 312 513 514
f 312 514 313
f 313 514 515
f 313 515 516
f 313 516 314
f 314 516 517
f 314 517 518
f 314 518 315
f 315 518 519
f 315 519 316
f 316 520 317
f 316 519 521
f 316 521 326
f 316 326 520
f 317 520 318
f 318 520 326
f 318 326 319
f 319 326 522
f 319 522 320
f 320 522 321
f 321 522 326
f 324 523 524
f 324 524 325
f 324 330 525
f 324 525 523
f 325 524 526
f 325 526 527
f 325 527 528
f 325 528 331
f 326 521 529
f 326 529 327
f 327 529 530
f 327 530 328
f 328 530 329
f 329 531 330
f 329 530 532
f 329 532 533
f 329 533 531
f 330 531 534
f 330 534 525
f 331 528 535
f 332 507 536
f 332 536 333
f 333 536 537
f 333 537 538
f 333 538 334
f 334 538 537
f 334 537 336
f 336 537 539
f 336 539 540
f 336 540 541
f 336 541 337
f 337 541 542
f 337 542 543
f 337 543 338
f 338 543 339
f 339 543 340
f 340 544 342
f 340 342 341
f 340 543 544
f 342 545 343
f 342 544 546
f 342 546 545
f 343 545 547
f 343 547 345
f 343 345 344
f 345 547 346
f 346 547 548
f 346 548 549
f 346 549 348
f 346 348 347
f 348 549 550
f 348 550 350
f 348 350 349
f 350 551 552
f 350 552 351
f 350 550 549
f 350 549 553
f 350 553 551
f 351 552 354
f 351 354 352
f 352 354 353
f 354 552 508
f 356 554 555
f 356 555 358
f 356 357 554
f 357 497 722
f 357 722 556
f 357 556 554
f 358 555 557
f 358 557 498
f 358 498 359
f 360 558 559
f 360 559 560
f 360 560 561
f 360 561 562
f 360 562 563
f 360 563 564
f 360 564 361
f 361 564 565
f 361 565 566
f 361 566 362
f 362 566 567
f 362 567 568
f 362 568 363
f 363 568 569
f 363 569 364
f 364 569 570
f 364 570 571
f 364 571 365
f 365 571 366
f 366 571 572
f 366 572 573
f 366 573 574
f 366 574 367
f 367 574 575
f 367 575 576
f 367 576 577
f 367 577 368
f 368 578 579
f 368 579 580
f 368 580 581
f 368 581 582
f 368 582 583
f 368 583 584
f 368 584 585
f 368 585 586
f 368 586 587
f 368 587 588
f 368 588 589
f 368 589 369
f 368 577 590
f 368 590 591
f 368 591 592
f 368 592 593
f 368 593 594
f 368 594 595
f 368 595 596
f 368 596 578
f 369 589 370
f 370 589 597
f 370 597 598
f 370 598 371
f 371 598 373
f 371 373 372
f 373 599 600
f 373 600 374
f 373 598 824
f 373 824 599
f 374 600 601
f 374 601 375
f 375 601 376
f 376 601 602
f 376 602 378
f 376 378 377
f 378 603 379
f 378 602 604
f 378 604 605
f 378 605 603
f 379 603 606
f 379 606 380
f 380 606 607
f 380 607 381
f 381 607 608
f 381 608 382
f 382 608 609
f 382 609 383
f 383 609 384
f 384 610 611
f 384 611 385
f 384 609 612
f 384 612 610
f 385 611 613
f 385 613 386
f 386 613 387
f 387 614 615
f 387 615 389
f 387 389 388
f 387 613 616
f 387 616 614
f 389 615 390
f 390 615 617
f 390 617 391
f 391 617 618
f 391 618 619
f 391 619 620
f 391 620 621
f 391 621 392
f 392 621 393
f 393 621 394
f 394 621 395
f 395 622 396
f 395 621 622
f 396 623 624
f 396 624 625
f 396 625 397
f 396 622 623
f 397 625 624
f 397 624 626
f 397 626 627
f 397 627 628
f 397 628 399
f 399 628 400
f 400 628 401
f 401 628 629
f 401 629 402
f 402 630 404
f 402 404 403
f 402 629 631
f 402 631 630
f 404 630 632
f 404 632 633
f 404 633 406
f 404 406 405
f 406 633 634
f 406 634 635
f 406 635 407
f 407 635 408
f 408 635 636
f 408 636 637
f 408 637 409
f 409 638 639
f 409 639 640
f 409 640 411
f 409 411 410
f 409 637 641
f 409 641 638
f 411 640 412
f 412 640 642
f 412 642 643
f 412 643 644
f 412 644 414
f 412 414 413
f 414 644 645
f 414 645 646
f 414 646 416
f 414 416 415
f 416 646 417
f 417 647 418
f 417 646 648
f 417 648 649
f 417 649 647
f 418 647 650
f 418 650 651
f 418 651 420
f 418 420 419
f 420 652 421
f 420 651 653
f 420 653 652
f 421 652 422
f 422 652 423
f 423 652 654
f 423 654 424
f 424 655 425
f 424 654 656
f 424 656 657
f 424 657 658
f 424 658 655
f 425 655 426
f 426 655 659
f 426 659 427
f 427 659 660
f 427 660 428
f 428 661 429
f 428 660 662
f 428 662 661
f 429 661 663
f 429 663 430
f 430 663 431
f 431 663 664
f 431 664 665
f 431 665 432
f 432 665 433
f 433 665 437
f 433 437 434
f 434 437 435
f 436 442 666
f 436 666 443
f 437 665 667
f 437 667 438
f 438 667 668
f 438 668 439
f 439 668 440
f 440 668 669
f 440 669 670
f 440 670 441
f 441 670 671
f 441 671 672
f 441 672 442
f 442 672 666
f 443 666 444
f 444 666 445
f 445 666 673
f 445 673 674
f 445 674 446
f 446 674 675
f 446 675 447
f 447 675 676
f 447 676 448
f 448 676 677
f 448 677 449
f 449 677 678
f 449 678 450
f 450 678 679
f 450 679 451
f 451 679 452
f 452 679 680
f 452 680 681
f 452 681 682
f 452 682 683
f 452 683 684
f 452 684 453
f 453 684 454
f 454 684 455
f 455 684 456
f 456 685 457
f 456 684 683
f 456 683 686
f 456 686 687
f 456 687 685
f 457 685 458
f 458 685 459
f 459 685 688
f 459 688 460
f 460 688 689
f 460 689 461
f 461 689 462
f 462 689 463
f 463 687 690
f 463 690 691
f 463 691 692
f 463 692 693
f 463 693 464
f 463 689 694
f 463 694 687
f 464 693 465
f 465 693 466
f 466 693 692
f 466 692 691
f 466 691 695
f 466 695 468
f 468 696 470
f 468 470 469
f 468 695 696
f 470 696 471
f 471 696 697
f 471 697 472
f 472 697 474
f 472 474 473
f 474 697 698
f 474 698 699
f 474 699 700
f 474 700 701
f 474 701 475
f 475 701 476
f 476 701 702
f 476 702 477
f 477 702 703
f 477 703 478
f 478 704 481
f 478 703 704
f 479 481 705
f 479 705 482
f 479 482 480
f 481 704 705
f 482 705 706
f 482 706 707
f 482 707 708
f 482 708 483
f 483 708 484
f 484 708 709
f 484 709 485
f 485 709 710
f 485 710 711
f 485 711 487
f 486 487 712
f 486 712 713
f 486 713 714
f 486 714 488
f 487 711 712
f 488 714 715
f 488 715 492
f 489 716 717
f 489 717 490
f 489 492 715
f 489 715 716
f 490 717 718
f 490 718 491
f 491 718 495
f 493 719 720
f 493 720 494
f 493 495 721
f 493 721 719
f 494 720 496
f 495 718 721
f 496 722 497
f 496 720 722
f 498 557 499
f 499 557 723
f 499 723 501
f 499 501 500
f 501 724 502
f 501 723 725
f 501 725 726
f 501 726 724
f 502 724 727
f 502 727 503
f 503 727 728
f 503 728 729
f 503 729 504
f 504 729 730
f 504 730 731
f 504 731 506
f 505 506 732
f 505 732 733
f 505 733 507
f 506 731 734
f 506 734 732
f 507 733 735
f 507 735 536
f 508 736 509
f 508 552 553
f 508 553 737
f 508 737 736
f 509 736 738
f 509 738 739
f 509 739 510
f 510 739 512
f 511 512 513
f 512 739 740
f 512 740 513
f 513 740 741
f 513 741 515
f 513 515 514
f 515 517 516
f 515 741 517
f 517 741 742
f 517 742 521
f 517 521 518
f 518 521 519
f 521 742 743
f 521 743 529
f 523 744 745
f 523 745 526
f 523 526 524
f 523 525 746
f 523 746 744
f 525 534 746
f 526 745 527
f 527 747 748
f 527 748 535
f 527 535 528
f 527 745 749
f 527 749 747
f 529 743 750
f 529 750 530
f 530 750 532
f 531 533 534
f 532 750 751
f 532 751 752
f 532 752 533
f 533 752 753
f 533 753 754
f 533 754 755
f 533 755 534
f 534 755 756
f 534 756 746
f 536 735 733
f 536 733 757
f 536 757 537
f 537 757 539
f 539 757 758
f 539 758 540
f 540 758 759
f 540 759 541
f 541 759 542
f 542 759 543
f 543 759 760
f 543 760 761
f 543 761 544
f 544 761 546
f 545 546 547
f 546 761 762
f 546 762 763
f 546 763 548
f 546 548 547
f 548 763 764
f 548 764 765
f 548 765 553
f 548 553 549
f 551 553 552
f 553 765 737
f 554 766 555
f 554 556 767
f 554 767 768
f 554 768 766
f 555 766 769
f 555 769 723
f 555 723 557
f 556 722 770
f 556 770 767
f 558 771 772
f 558 772 773
f 558 773 774
f 558 774 775
f 558 775 776
f 558 776 559
f 559 776 560
f 560 776 777
f 560 777 778
f 560 778 779
f 560 779 561
f 561 779 780
f 561 780 781
f 561 781 562
f 562 781 782
f 562 782 563
f 563 782 564
f 564 782 783
f 564 783 565
f 565 567 566
f 565 783 784
f 565 784 785
f 565 785 786
f 565 786 567
f 567 787 569
f 567 569 568
f 567 786 788
f 567 788 789
f 567 789 787
f 569 787 570
f 570 787 790
f 570 790 571
f 571 790 572
f 572 791 792
f 572 792 573
f 572 790 791
f 573 792 574
f 574 792 575
f 575 793 794
f 575 794 576
f 575 792 795
f 575 795 796
f 575 796 793
f 576 794 577
f 577 794 797
f 577 797 590
f 578 596 798
f 578 798 799
f 578 799 800
f 578 800 801
f 578 801 579
f 579 801 802
f 579 802 580
f 580 802 803
f 580 803 804
f 580 804 581
f 581 804 805
f 581 805 806
f 581 806 582
f 582 806 807
f 582 807 583
f 583 807 584
f 584 807 808
f 584 808 809
f 584 809 810
f 584 810 585
f 585 810 586
f 586 810 811
f 586 811 812
f 586 812 587
f 587 812 813
f 587 813 814
f 587 814 588
f 588 814 815
f 588 815 589
f 589 815 816
f 589 816 597
f 590 797 817
f 590 817 818
f 590 818 819
f 590 819 820
f 590 820 591
f 591 820 592
f 592 820 819
f 592 819 821
f 592 821 593
f 593 821 594
f 594 821 822
f 594 822 823
f 594 823 798
f 594 798 595
f 595 798 596
f 597 816 824
f 597 824 598
f 599 824 825
f 599 825 826
f 599 826 600
f 600 826 827
f 600 827 828
f 600 828 601
f 601 828 604
f 601 604 602
f 603 829 606
f 603 605 830
f 603 830 829
f 604 828 831
f 604 831 832
f 604 832 605
f 605 832 830
f 606 829 833
f 606 833 834
f 606 834 607
f 607 834 835
f 607 835 608
f 608 835 609
f 609 835 836
f 609 836 612
f 610 837 838
f 610 838 611
f 610 612 836
f 610 836 839
f 610 839 840
f 610 840 837
f 611 838 613
f 613 838 616
f 614 841 615
f 614 616 841
f 615 841 842
f 615 842 617
f 616 838 843
f 616 843 844
f 616 844 841
f 617 842 618
f 618 845 846
f 618 846 619
f 618 842 845
f 619 846 847
f 619 847 620
f 620 847 848
f 620 848 621
f 621 848 849
f 621 849 850
f 621 850 622
f 622 850 623
f 623 850 624
f 624 851 852
f 624 852 853
f 624 853 626
f 624 850 854
f 624 854 855
f 624 855 851
f 626 853 627
f 627 856 628
f 627 853 856
f 628 856 857
f 628 857 629
f 629 858 631
f 629 857 858
f 630 631 859
f 630 859 632
f 631 858 859
f 632 860 633
f 632 859 860
f 633 860 634
f 634 861 635
f 634 860 861
f 635 861 636
f 636 861 637
f 637 861 862
f 637 862 641
f 638 641 639
f 639 641 863
f 639 863 864
f 639 864 865
f 639 865 866
f 639 866 643
f 639 643 642
f 639 642 640
f 641 862 867
f 641 867 868
f 641 868 869
f 641 869 863
f 643 870 644
f 643 866 870
f 644 870 645
f 645 870 871
f 645 871 646
f 646 871 648
f 647 649 650
f 648 871 649
f 649 872 650
f 649 871 873
f 649 873 874
f 649 874 875
f 649 875 876
f 649 876 872
f 650 872 877
f 650 877 653
f 650 653 651
f 652 878 654
f 652 653 878
f 653 879 878
f 653 877 876
f 653 876 879
f 654 878 880
f 654 880 656
f 655 658 881
f 655 881 659
f 656 880 657
f 657 880 882
f 657 882 883
f 657 883 884
f 657 884 885
f 657 885 658
f 658 885 881
f 659 881 886
f 659 886 660
f 660 886 887
f 660 887 662
f 661 888 663
f 661 662 889
f 661 889 888
f 662 887 890
f 662 890 889
f 663 888 664
f 664 888 891
f 664 891 665
f 665 891 667
f 666 672 892
f 666 892 673
f 667 891 893
f 667 893 668
f 668 893 894
f 668 894 895
f 668 895 669
f 669 671 670
f 669 895 896
f 669 896 897
f 669 897 671
f 671 897 898
f 671 898 672
f 672 898 899
f 672 899 900
f 672 900 892
f 673 892 901
f 673 901 674
f 674 901 902
f 674 902 675
f 675 902 903
f 675 903 904
f 675 904 676
f 676 904 677
f 677 904 905
f 677 905 906
f 677 906 907
f 677 907 678
f 678 907 679
f 679 907 680
f 680 907 681
f 681 905 908
f 681 908 909
f 681 909 682
f 681 907 906
f 681 906 905
f 682 909 910
f 682 910 911
f 682 911 912
f 682 912 686
f 682 686 683
f 685 687 913
f 685 913 688
f 686 912 687
f 687 694 689
f 687 689 688
f 687 688 913
f 687 912 914
f 687 914 690
f 690 915 916
f 690 916 695
f 690 695 691
f 690 914 915
f 695 916 917
f 695 917 918
f 695 918 696
f 696 698 697
f 696 918 698
f 698 918 919
f 698 919 920
f 698 920 699
f 699 920 921
f 699 921 922
f 699 922 701
f 699 701 700
f 701 922 702
f 702 923 704
f 702 704 703
f 702 922 924
f 702 924 925
f 702 925 923
f 704 923 925
f 704 925 705
f 705 925 706
f 706 925 926
f 706 926 927
f 706 927 928
f 706 928 929
f 706 929 707
f 707 929 710
f 707 710 708
f 708 710 709
f 710 929 930
f 710 930 712
f 710 712 711
f 712 930 713
f 713 931 714
f 713 930 931
f 714 931 715
f 715 931 716
f 716 931 930
f 716 930 932
f 716 932 933
f 716 933 717
f 717 933 718
f 718 933 934
f 718 934 721
f 719 721 934
f 719 934 935
f 719 935 720
f 720 935 722
f 722 935 770
f 723 769 766
f 723 766 725
f 724 936 727
f 724 726 937
f 724 937 936
f 725 766 938
f 725 938 726
f 726 938 939
f 726 939 937
f 727 936 940
f 727 940 941
f 727 941 728
f 728 941 942
f 728 942 729
f 729 942 943
f 729 943 730
f 730 943 944
f 730 944 731
f 731 944 945
f 731 945 734
f 732 734 946
f 732 946 733
f 733 946 947
f 733 947 757
f 734 945 948
f 734 948 949
f 734 949 946
f 736 737 950
f 736 950 738
f 737 765 951
f 737 951 950
f 738 950 952
f 738 952 953
f 738 953 954
f 738 954 739
f 739 954 740
f 740 954 955
f 740 955 742
f 740 742 741
f 742 955 743
f 743 955 750
f 744 746 956
f 744 956 957
f 744 957 745
f 745 957 749
f 746 958 959
f 746 959 960
f 746 960 961
f 746 961 962
f 746 962 963
f 746 963 956
f 746 756 958
f 747 964 965
f 747 965 748
f 747 749 964
f 749 966 964
f 749 957 967
f 749 967 966
f 750 955 968
f 750 968 969
f 750 969 751
f 751 969 753
f 751 753 752
f 753 969 970
f 753 970 971
f 753 971 972
f 753 972 754
f 754 973 974
f 754 974 755
f 754 972 973
f 755 974 973
f 755 973 975
f 755 975 976
f 755 976 756
f 756 976 975
f 756 975 977
f 756 977 958
f 757 947 758
f 758 978 759
f 758 947 979
f 758 979 978
f 759 978 980
f 759 980 760
f 760 980 761
f 761 981 762
f 761 980 981
f 762 982 763
f 762 981 982
f 763 982 764
f 764 951 765
f 764 982 951
f 766 768 983
f 766 983 938
f 767 770 934
f 767 934 984
f 767 984 985
f 767 985 768
f 768 985 983
f 770 935 934
f 771 986 987
f 771 987 988
f 771 988 772
f 772 988 773
f 773 988 989
f 773 989 990
f 773 990 991
f 773 991 992
f 773 992 993
f 773 993 774
f 774 993 775
f 775 994 995
f 775 995 996
f 775 996 777
f 775 777 776
f 775 993 994
f 777 996 997
f 777 997 778
f 778 997 779
f 779 997 780
f 780 997 998
f 780 998 781
f 781 998 784
f 781 784 782
f 782 784 783
f 784 998 785
f 785 998 786
f 786 999 992
f 786 992 1000
f 786 1000 1001
f 786 1001 788
f 786 998 999
f 787 789 1002
f 787 1002 1003
f 787 1003 790
f 788 1001 1004
f 788 1004 1005
f 788 1005 789
f 789 1005 1002
f 790 1003 791
f 791 795 792
f 791 1003 1002
f 791 1002 1006
f 791 1006 795
f 793 796 817
f 793 817 794
f 794 817 797
f 795 1006 796
f 796 1007 1008
f 796 1008 1009
f 796 1009 817
f 796 1006 1010
f 796 1010 1007
f 798 823 799
f 799 823 1011
f 799 1011 1012
f 799 1012 1013
f 799 1013 1014
f 799 1014 800
f 800 802 801
f 800 1014 802
f 802 1014 1015
f 802 1015 1016
f 802 1016 803
f 803 1016 1017
f 803 1017 804
f 804 1017 805
f 805 1017 1016
f 805 1016 1018
f 805 1018 806
f 806 1018 807
f 807 1018 808
f 808 1018 1019
f 808 1019 809
f 809 1019 1020
f 809 1020 1021
f 809 1021 810
f 810 1021 811
f 811 1020 1022
f 811 1022 1023
f 811 1023 1024
f 811 1024 1025
f 811 1025 812
f 811 1021 1020
f 812 1025 813
f 813 1026 815
f 813 815 814
f 813 1025 1024
f 813 1024 1026
f 815 1027 816
f 815 1026 1027
f 816 1027 824
f 817 1009 819
f 817 819 818
f 819 1028 1029
f 819 1029 821
f 819 1009 1008
f 819 1008 1030
f 819 1030 1028
f 821 1029 822
f 822 1029 1011
f 822 1011 823
f 824 1027 825
f 825 1027 1031
f 825 1031 1032
f 825 1032 826
f 826 1032 1033
f 826 1033 827
f 827 1034 828
f 827 1033 1034
f 828 1034 831
f 829 830 1035
f 829 1035 1036
f 829 1036 1037
f 829 1037 1038
f 829 1038 833
f 830 832 1035
f 831 1039 832
f 831 1034 1040
f 831 1040 1039
f 832 1039 1035
f 833 1038 1041
f 833 1041 834
f 834 1041 1042
f 834 1042 835
f 835 1042 836
f 836 1042 1043
f 836 1043 839
f 837 1044 838
f 837 840 1044
f 838 1044 843
f 839 1045 1046
f 839 1046 1047
f 839 1047 840
f 839 1043 1048
f 839 1048 1049
f 839 1049 1045
f 840 1047 1050
f 840 1050 1044
f 841 1051 842
f 841 844 1050
f 841 1050 1051
f 842 1051 845
f 843 1044 1050
f 843 1050 1052
f 843 1052 844
f 844 1052 1050
f 845 1051 1053
f 845 1053 1054
f 845 1054 846
f 846 1055 847
f 846 1054 1056
f 846 1056 1055
f 847 1055 1057
f 847 1057 849
f 847 849 848
f 849 1058 850
f 849 1057 1056
f 849 1056 1058
f 850 1058 854
f 851 1059 1060
f 851 1060 1061
f 851 1061 1062
f 851 1062 853
f 851 853 852
f 851 855 1063
f 851 1063 1059
f 853 1062 1064
f 853 1064 856
f 854 1058 1065
f 854 1065 855
f 855 1056 1054
f 855 1054 1066
f 855 1066 1067
f 855 1067 1063
f 855 1065 1058
f 855 1058 1056
f 856 1064 858
f 856 858 857
f 858 1068 1069
f 858 1069 859
f 858 1064 1070
f 858 1070 1068
f 859 1071 1072
f 859 1072 860
f 859 1069 1068
f 859 1068 1073
f 859 1073 1071
f 860 1072 1071
f 860 1071 1074
f 860 1074 1075
f 860 1075 861
f 861 1075 1076
f 861 1076 862
f 862 1076 1077
f 862 1077 867
f 863 869 864
f 864 1078 865
f 864 869 1079
f 864 1079 1080
f 864 1080 1078
f 865 1078 866
f 866 1078 870
f 867 1077 868
f 868 1077 1081
f 868 1081 1082
f 868 1082 1079
f 868 1079 869
f 870 1078 1083
f 870 1083 1084
f 870 1084 873
f 870 873 871
f 872 876 877
f 873 1084 874
f 874 1084 875
f 875 1085 1086
f 875 1086 876
f 875 1084 1083
f 875 1083 1080
f 875 1080 1087
f 875 1087 1085
f 876 1086 1088
f 876 1088 1089
f 876 1089 883
f 876 883 882
f 876 882 879
f 878 882 880
f 878 879 882
f 881 885 1090
f 881 1090 886
f 883 1089 884
f 884 1089 1091
f 884 1091 1092
f 884 1092 1093
f 884 1093 1094
f 884 1094 1090
f 884 1090 885
f 886 1090 1094
f 886 1094 1095
f 886 1095 887
f 887 1095 1096
f 887 1096 1097
f 887 1097 890
f 888 889 1098
f 888 1098 891
f 889 890 1099
f 889 1099 1098
f 890 1097 1100
f 890 1100 1101
f 890 1101 1099
f 891 1098 893
f 892 900 901
f 893 1098 1102
f 893 1102 894
f 894 1102 1103
f 894 1103 1104
f 894 1104 895
f 895 1104 896
f 896 1104 1105
f 896 1105 1106
f 896 1106 1107
f 896 1107 898
f 896 898 897
f 898 1107 1108
f 898 1108 1109
f 898 1109 899
f 899 1109 900
f 900 1109 1110
f 900 1110 1111
f 900 1111 901
f 901 1111 1112
f 901 1112 902
f 902 1112 1113
f 902 1113 904
f 902 904 903
f 904 1114 908
f 904 908 905
f 904 1113 1115
f 904 1115 1114
f 908 1115 1116
f 908 1116 1117
f 908 1117 909
f 908 1114 1115
f 909 1117 910
f 910 1117 1118
f 910 1118 911
f 911 1118 1119
f 911 1119 912
f 912 1119 914
f 914 1119 1120
f 914 1120 915
f 915 1120 1121
f 915 1121 1122
f 915 1122 916
f 916 1122 917
f 917 1122 1123
f 917 1123 918
f 918 1123 920
f 918 920 919
f 920 1123 1124
f 920 1124 921
f 921 1125 925
f 921 925 924
f 921 924 922
f 921 1124 1125
f 925 1125 926
f 926 1125 1126
f 926 1126 1127
f 926 1127 1128
f 926 1128 927
f 927 1128 928
f 928 1128 1129
f 928 1129 930
f 928 930 929
f 930 1129 932
f 932 1130 933
f 932 1129 1131
f 932 1131 1130
f 933 1130 1132
f 933 1132 1133
f 933 1133 934
f 934 1133 984
f 936 937 1134
f 936 1134 1135
f 936 1135 1136
f 936 1136 940
f 937 939 1134
f 938 983 1134
f 938 1134 939
f 940 1136 1137
f 940 1137 1138
f 940 1138 941
f 941 1139 1140
f 941 1140 1141
f 941 1141 942
f 941 1138 1139
f 942 1141 1142
f 942 1142 943
f 943 1142 1143
f 943 1143 944
f 944 1143 945
f 945 1143 948
f 946 949 979
f 946 979 947
f 948 1143 949
f 949 1144 1145
f 949 1145 1146
f 949 1146 979
f 949 1143 1144
f 950 1147 952
f 950 951 1148
f 950 1148 1149
f 950 1149 1150
f 950 1150 1147
f 951 982 1148
f 952 1147 953
f 953 1147 1151
f 953 1151 1152
f 953 1152 1153
f 953 1153 954
f 954 1153 955
f 955 1153 968
f 956 963 1154
f 956 1154 957
f 957 1154 967
f 958 1155 959
f 958 977 1156
f 958 1156 1155
f 959 1155 1157
f 959 1157 1158
f 959 1158 1159
f 959 1159 1160
f 959 1160 1154
f 959 1154 960
f 960 1154 962
f 960 962 961
f 962 1154 963
f 964 1161 1162
f 964 1162 1163
f 964 1163 965
f 964 966 1164
f 964 1164 1161
f 966 967 1154
f 966 1154 1164
f 968 1153 969
f 969 1153 970
f 970 1153 1152
f 970 1152 971
f 971 1152 1165
f 971 1165 1166
f 971 1166 972
f 972 1167 973
f 972 1166 1167
f 973 1167 1168
f 973 1168 1169
f 973 1169 1170
f 973 1170 975
f 975 1170 1156
f 975 1156 977
f 978 979 1171
f 978 1171 980
f 979 1146 1171
f 980 1171 981
f 981 1171 1172
f 981 1172 1173
f 981 1173 982
f 982 1173 1174
f 982 1174 1148
f 983 1175 1134
f 983 985 984
f 983 984 1176
f 983 1176 1175
f 984 1133 1177
f 984 1177 1176
f 986 1178 1179
f 986 1179 1180
f 986 1180 1181
f 986 1181 987
f 987 1181 1182
f 987 1182 1183
f 987 1183 988
f 988 1183 989
f 989 1183 1184
f 989 1184 990
f 990 1184 1185
f 990 1185 991
f 991 1185 1186
f 991 1186 992
f 992 1186 1000
f 992 999 996
f 992 996 1187
f 992 1187 993
f 993 1187 995
f 993 995 994
f 995 1187 996
f 996 999 997
f 997 1188 998
f 997 999 1188
f 998 1188 999
f 1000 1186 1189
f 1000 1189 1001
f 1001 1189 1190
f 1001 1190 1004
f 1002 1005 1191
f 1002 1191 1006
f 1004 1190 1192
f 1004 1192 1193
f 1004 1193 1194
f 1004 1194 1005
f 1005 1194 1191
f 1006 1191 1010
f 1007 1010 1195
f 1007 1195 1196
f 1007 1196 1008
f 1008 1196 1197
f 1008 1197 1030
f 1010 1191 1198
f 1010 1198 1199
f 1010 1199 1195
f 1011 1029 1030
f 1011 1030 1012
f 1012 1030 1013
f 1013 1030 1200
f 1013 1200 1201
f 1013 1201 1202
f 1013 1202 1016
f 1013 1016 1015
f 1013 1015 1014
f 1016 1203 1019
f 1016 1019 1018
f 1016 1202 1204
f 1016 1204 1203
f 1019 1203 1205
f 1019 1205 1020
f 1020 1205 1206
f 1020 1206 1022
f 1022 1206 1207
f 1022 1207 1208
f 1022 1208 1209
f 1022 1209 1210
f 1022 1210 1211
f 1022 1211 1023
f 1023 1211 1212
f 1023 1212 1024
f 1024 1212 1026
f 1026 1212 1213
f 1026 1213 1027
f 1027 1213 1214
f 1027 1214 1031
f 1028 1030 1029
f 1030 1197 1200
f 1031 1214 1215
f 1031 1215 1216
f 1031 1216 1032
f 1032 1216 1217
f 1032 1217 1033
f 1033 1217 1034
f 1034 1217 1040
f 1035 1218 1219
f 1035 1219 1220
f 1035 1220 1036
f 1035 1039 1218
f 1036 1220 1037
f 1037 1220 1221
f 1037 1221 1038
f 1038 1221 1041
f 1039 1222 1218
f 1039 1040 1222
f 1040 1223 1222
f 1040 1217 1223
f 1041 1048 1042
f 1041 1221 1048
f 1042 1048 1043
f 1045 1049 1224
f 1045 1224 1046
f 1046 1225 1226
f 1046 1226 1227
f 1046 1227 1047
f 1046 1224 1225
f 1047 1227 1050
f 1048 1221 1049
f 1049 1221 1220
f 1049 1220 1224
f 1050 1227 1228
f 1050 1228 1054
f 1050 1054 1229
f 1050 1229 1051
f 1051 1229 1053
f 1053 1229 1054
f 1054 1228 1230
f 1054 1230 1066
f 1055 1056 1057
f 1059 1231 1232
f 1059 1232 1060
f 1059 1063 1233
f 1059 1233 1231
f 1060 1232 1234
f 1060 1234 1068
f 1060 1068 1070
f 1060 1070 1061
f 1061 1070 1064
f 1061 1064 1062
f 1063 1067 1233
f 1066 1230 1235
f 1066 1235 1067
f 1067 1235 1233
f 1068 1071 1073
f 1068 1234 1071
f 1071 1234 1236
f 1071 1236 1074
f 1074 1236 1075
f 1075 1236 1076
f 1076 1236 1077
f 1077 1236 1081
f 1078 1080 1083
f 1079 1082 1237
f 1079 1237 1238
f 1079 1238 1239
f 1079 1239 1080
f 1080 1239 1087
f 1081 1234 1240
f 1081 1240 1241
f 1081 1241 1237
f 1081 1237 1082
f 1081 1236 1234
f 1085 1242 1086
f 1085 1087 1243
f 1085 1243 1242
f 1086 1242 1088
f 1087 1239 1243
f 1088 1242 1244
f 1088 1244 1245
f 1088 1245 1089
f 1089 1245 1091
f 1091 1245 1246
f 1091 1246 1092
f 1092 1246 1247
f 1092 1247 1248
f 1092 1248 1249
f 1092 1249 1093
f 1093 1249 1096
f 1093 1096 1095
f 1093 1095 1094
f 1096 1249 1097
f 1097 1249 1100
f 1098 1099 1102
f 1099 1101 1250
f 1099 1250 1102
f 1100 1249 1251
f 1100 1251 1250
f 1100 1250 1101
f 1102 1250 1103
f 1103 1250 1252
f 1103 1252 1253
f 1103 1253 1105
f 1103 1105 1104
f 1105 1253 1106
f 1106 1253 1254
f 1106 1254 1255
f 1106 1255 1256
f 1106 1256 1107
f 1107 1256 1257
f 1107 1257 1108
f 1108 1257 1258
f 1108 1258 1109
f 1109 1258 1259
f 1109 1259 1260
f 1109 1260 1111
f 1109 1111 1110
f 1111 1260 1261
f 1111 1261 1262
f 1111 1262 1112
f 1112 1262 1113
f 1113 1262 1115
f 1115 1263 1116
f 1115 1262 1263
f 1116 1263 1264
f 1116 1264 1265
f 1116 1265 1117
f 1117 1265 1266
f 1117 1266 1267
f 1117 1267 1268
f 1117 1268 1118
f 1118 1268 1120
f 1118 1120 1119
f 1120 1268 1269
f 1120 1269 1121
f 1121 1270 1271
f 1121 1271 1122
f 1121 1269 1270
f 1122 1271 1272
f 1122 1272 1123
f 1123 1272 1273
f 1123 1273 1124
f 1124 1273 1274
f 1124 1274 1125
f 1125 1274 1126
f 1126 1275 1276
f 1126 1276 1127
f 1126 1274 1275
f 1127 1277 1278
f 1127 1278 1128
f 1127 1276 1277
f 1128 1278 1129
f 1129 1278 1131
f 1130 1131 1279
f 1130 1279 1132
f 1131 1280 1279
f 1131 1278 1280
f 1132 1177 1133
f 1132 1279 1177
f 1134 1175 1281
f 1134 1281 1282
f 1134 1282 1135
f 1135 1283 1136
f 1135 1282 1284
f 1135 1284 1283
f 1136 1283 1285
f 1136 1285 1137
f 1137 1285 1138
f 1138 1285 1286
f 1138 1286 1139
f 1139 1287 1140
f 1139 1286 1287
f 1140 1287 1288
f 1140 1288 1141
f 1141 1288 1289
f 1141 1289 1290
f 1141 1290 1142
f 1142 1290 1143
f 1143 1290 1291
f 1143 1291 1144
f 1144 1291 1145
f 1145 1291 1172
f 1145 1172 1146
f 1146 1172 1171
f 1147 1150 1151
f 1148 1174 1149
f 1149 1174 1150
f 1150 1292 1293
f 1150 1293 1294
f 1150 1294 1152
f 1150 1152 1151
f 1150 1174 1295
f 1150 1295 1296
f 1150 1296 1297
f 1150 1297 1292
f 1152 1294 1165
f 1154 1160 1164
f 1155 1156 1157
f 1156 1170 1298
f 1156 1298 1157
f 1157 1299 1300
f 1157 1300 1158
f 1157 1298 1299
f 1158 1301 1302
f 1158 1302 1159
f 1158 1300 1303
f 1158 1303 1301
f 1159 1302 1304
f 1159 1304 1160
f 1160 1304 1164
f 1161 1305 1162
f 1161 1164 1304
f 1161 1304 1306
f 1161 1306 1305
f 1165 1294 1166
f 1166 1307 1167
f 1166 1294 1293
f 1166 1293 1307
f 1167 1307 1168
f 1168 1307 1297
f 1168 1297 1169
f 1169 1297 1170
f 1170 1308 1298
f 1170 1297 1308
f 1172 1174 1173
f 1172 1291 1174
f 1174 1291 1295
f 1175 1176 1309
f 1175 1309 1281
f 1176 1177 1310
f 1176 1310 1281
f 1176 1281 1309
f 1177 1279 1310
f 1178 1311 1179
f 1179 1311 1312
f 1179 1312 1180
f 1180 1313 1314
f 1180 1314 1181
f 1180 1312 1315
f 1180 1315 1313
f 1181 1314 1182
f 1182 1314 1316
f 1182 1316 1317
f 1182 1317 1184
f 1182 1184 1183
f 1184 1318 1319
f 1184 1319 1185
f 1184 1317 1318
f 1185 1319 1320
f 1185 1320 1321
f 1185 1321 1189
f 1185 1189 1186
f 1189 1321 1322
f 1189 1322 1190
f 1190 1322 1323
f 1190 1323 1192
f 1191 1194 1198
f 1192 1323 1324
f 1192 1324 1193
f 1193 1198 1194
f 1193 1324 1325
f 1193 1325 1199
f 1193 1199 1198
f 1195 1199 1326
f 1195 1326 1196
f 1196 1326 1327
f 1196 1327 1328
f 1196 1328 1197
f 1197 1328 1200
f 1199 1325 1329
f 1199 1329 1326
f 1200 1328 1201
f 1201 1328 1330
f 1201 1330 1202
f 1202 1330 1204
f 1203 1204 1331
f 1203 1331 1205
f 1204 1330 1331
f 1205 1332 1207
f 1205 1207 1206
f 1205 1331 1332
f 1207 1333 1334
f 1207 1334 1335
f 1207 1335 1336
f 1207 1336 1209
f 1207 1209 1208
f 1207 1332 1333
f 1209 1336 1337
f 1209 1337 1210
f 1210 1337 1212
f 1210 1212 1211
f 1212 1337 1213
f 1213 1337 1215
f 1213 1215 1214
f 1215 1337 1336
f 1215 1336 1338
f 1215 1338 1339
f 1215 1339 1216
f 1216 1339 1340
f 1216 1340 1217
f 1217 1340 1341
f 1217 1341 1223
f 1218 1342 1343
f 1218 1343 1219
f 1218 1222 1342
f 1219 1343 1344
f 1219 1344 1220
f 1220 1344 1224
f 1222 1345 1342
f 1222 1223 1345
f 1223 1346 1345
f 1223 1341 1346
f 1224 1344 1347
f 1224 1347 1225
f 1225 1348 1226
f 1225 1347 1349
f 1225 1349 1348
f 1226 1348 1350
f 1226 1350 1351
f 1226 1351 1227
f 1227 1351 1228
f 1228 1351 1230
f 1230 1351 1235
f 1231 1233 1352
f 1231 1352 1353
f 1231 1353 1354
f 1231 1354 1355
f 1231 1355 1232
f 1232 1355 1234
f 1233 1235 1352
f 1234 1355 1240
f 1235 1351 1356
f 1235 1356 1357
f 1235 1357 1352
f 1237 1241 1358
f 1237 1358 1238
f 1238 1358 1359
f 1238 1359 1243
f 1238 1243 1239
f 1240 1355 1360
f 1240 1360 1241
f 1241 1360 1358
f 1242 1243 1361
f 1242 1361 1244
f 1243 1359 1361
f 1244 1362 1246
f 1244 1246 1245
f 1244 1361 1363
f 1244 1363 1364
f 1244 1364 1362
f 1246 1362 1365
f 1246 1365 1366
f 1246 1366 1367
f 1246 1367 1247
f 1247 1252 1251
f 1247 1251 1249
f 1247 1249 1248
f 1247 1367 1368
f 1247 1368 1369
f 1247 1369 1252
f 1250 1251 1252
f 1252 1369 1370
f 1252 1370 1253
f 1253 1370 1254
f 1254 1370 1368
f 1254 1368 1371
f 1254 1371 1255
f 1255 1371 1372
f 1255 1372 1256
f 1256 1372 1373
f 1256 1373 1374
f 1256 1374 1375
f 1256 1375 1257
f 1257 1375 1376
f 1257 1376 1377
f 1257 1377 1258
f 1258 1377 1378
f 1258 1378 1379
f 1258 1379 1380
f 1258 1380 1259
f 1259 1380 1381
f 1259 1381 1263
f 1259 1263 1260
f 1260 1263 1261
f 1261 1263 1262
f 1263 1381 1382
f 1263 1382 1265
f 1263 1265 1264
f 1265 1382 1383
f 1265 1383 1384
f 1265 1384 1268
f 1265 1268 1266
f 1266 1268 1267
f 1268 1384 1385
f 1268 1385 1269
f 1269 1385 1270
f 1270 1386 1387
f 1270 1387 1388
f 1270 1388 1389
f 1270 1389 1271
f 1270 1385 1390
f 1270 1390 1386
f 1271 1389 1272
f 1272 1389 1273
f 1273 1389 1388
f 1273 1388 1274
f 1274 1388 1275
f 1275 1391 1392
f 1275 1392 1393
f 1275 1393 1276
f 1275 1388 1391
f 1276 1393 1277
f 1277 1394 1280
f 1277 1280 1278
f 1277 1393 1394
f 1279 1280 1310
f 1280 1395 1281
f 1280 1281 1310
f 1280 1394 1393
f 1280 1393 1396
f 1280 1396 1395
f 1281 1395 1397
f 1281 1397 1282
f 1282 1398 1284
f 1282 1397 1398
f 1283 1284 1398
f 1283 1398 1285
f 1285 1398 1399
f 1285 1399 1286
f 1286 1399 1287
f 1287 1399 1297
f 1287 1297 1288
f 1288 1297 1289
f 1289 1297 1290
f 1290 1297 1296
f 1290 1296 1291
f 1291 1296 1295
f 1292 1297 1293
f 1293 1297 1307
f 1297 1399 1308
f 1298 1308 1303
f 1298 1303 1299
f 1299 1303 1300
f 1301 1400 1401
f 1301 1401 1302
f 1301 1303 1400
f 1302 1401 1306
f 1302 1306 1304
f 1303 1402 1400
f 1303 1308 1403
f 1303 1403 1404
f 1303 1404 1405
f 1303 1405 1402
f 1305 1306 1406
f 1306 1401 1407
f 1306 1407 1406
f 1308 1399 1403
f 1311 1408 1409
f 1311 1409 1410
f 1311 1410 1411
f 1311 1411 1315
f 1311 1315 1312
f 1313 1412 1413
f 1313 1413 1414
f 1313 1414 1314
f 1313 1315 1415
f 1313 1415 1412
f 1314 1414 1413
f 1314 1413 1316
f 1315 1411 1415
f 1316 1413 1416
f 1316 1416 1317
f 1317 1416 1417
f 1317 1417 1318
f 1318 1417 1418
f 1318 1418 1320
f 1318 1320 1319
f 1320 1418 1419
f 1320 1419 1321
f 1321 1419 1322
f 1322 1419 1323
f 1323 1419 1324
f 1324 1419 1420
f 1324 1420 1421
f 1324 1421 1422
f 1324 1422 1325
f 1325 1422 1423
f 1325 1423 1329
f 1326 1424 1425
f 1326 1425 1327
f 1326 1329 1424
f 1327 1425 1328
f 1328 1426 1330
f 1328 1425 1426
f 1329 1427 1428
f 1329 1428 1429
f 1329 1429 1424
f 1329 1423 1427
f 1330 1430 1331
f 1330 1426 1431
f 1330 1431 1430
f 1331 1432 1433
f 1331 1433 1332
f 1331 1430 1432
f 1332 1433 1333
f 1333 1434 1334
f 1333 1433 1435
f 1333 1435 1436
f 1333 1436 1437
f 1333 1437 1438
f 1333 1438 1434
f 1334 1434 1335
f 1335 1434 1438
f 1335 1438 1336
f 1336 1438 1338
f 1338 1438 1437
f 1338 1437 1339
f 1339 1437 1439
f 1339 1439 1340
f 1340 1439 1440
f 1340 1440 1341
f 1341 1441 1346
f 1341 1440 1441
f 1342 1345 1442
f 1342 1442 1343
f 1343 1442 1347
f 1343 1347 1344
f 1345 1346 1443
f 1345 1443 1442
f 1346 1444 1445
f 1346 1445 1443
f 1346 1441 1444
f 1347 1442 1446
f 1347 1446 1348
f 1347 1348 1349
f 1348 1446 1447
f 1348 1447 1448
f 1348 1448 1350
f 1350 1448 1449
f 1350 1449 1351
f 1351 1449 1356
f 1352 1357 1450
f 1352 1450 1353
f 1353 1451 1354
f 1353 1450 1451
f 1354 1452 1453
f 1354 1453 1355
f 1354 1451 1452
f 1355 1453 1360
f 1356 1454 1357
f 1356 1449 1454
f 1357 1454 1450
f 1358 1360 1359
f 1359 1455 1361
f 1359 1360 1456
f 1359 1456 1457
f 1359 1457 1458
f 1359 1458 1455
f 1360 1459 1456
f 1360 1453 1459
f 1361 1455 1363
f 1362 1364 1365
f 1363 1455 1458
f 1363 1458 1364
f 1364 1458 1460
f 1364 1460 1461
f 1364 1461 1366
f 1364 1366 1365
f 1366 1462 1371
f 1366 1371 1368
f 1366 1368 1367
f 1366 1461 1463
f 1366 1463 1462
f 1368 1370 1369
f 1371 1462 1372
f 1372 1462 1464
f 1372 1464 1373
f 1373 1464 1465
f 1373 1465 1374
f 1374 1465 1466
f 1374 1466 1375
f 1375 1466 1376
f 1376 1466 1465
f 1376 1465 1467
f 1376 1467 1468
f 1376 1468 1469
f 1376 1469 1377
f 1377 1469 1470
f 1377 1470 1378
f 1378 1470 1471
f 1378 1471 1472
f 1378 1472 1379
f 1379 1472 1380
f 1380 1472 1473
f 1380 1473 1381
f 1381 1473 1382
f 1382 1473 1474
f 1382 1474 1383
f 1383 1475 1384
f 1383 1474 1475
f 1384 1475 1385
f 1385 1475 1476
f 1385 1476 1390
f 1386 1390 1476
f 1386 1476 1477
f 1386 1477 1478
f 1386 1478 1387
f 1387 1478 1479
f 1387 1479 1388
f 1388 1479 1391
f 1391 1480 1392
f 1391 1479 1481
f 1391 1481 1480
f 1392 1480 1482
f 1392 1482 1393
f 1393 1482 1483
f 1393 1483 1396
f 1395 1396 1484
f 1395 1484 1397
f 1396 1483 1484
f 1397 1484 1485
f 1397 1485 1398
f 1398 1485 1486
f 1398 1486 1399
f 1399 1486 1403
f 1400 1487 1401
f 1400 1402 1487
f 1401 1487 1488
f 1401 1488 1489
f 1401 1489 1490
f 1401 1490 1407
f 1402 1491 1487
f 1402 1405 1492
f 1402 1492 1491
f 1403 1493 1494
f 1403 1494 1404
f 1403 1486 1470
f 1403 1470 1469
f 1403 1469 1493
f 1404 1494 1405
f 1405 1494 1495
f 1405 1495 1496
f 1405 1496 1497
f 1405 1497 1492
f 1406 1498 1409
f 1406 1409 1408
f 1406 1407 1498
f 1407 1490 1498
f 1409 1498 1410
f 1410 1498 1499
f 1410 1499 1411
f 1411 1499 1412
f 1411 1412 1415
f 1412 1489 1500
f 1412 1500 1501
f 1412 1501 1502
f 1412 1502 1503
f 1412 1503 1504
f 1412 1504 1413
f 1412 1499 1489
f 1413 1504 1505
f 1413 1505 1416
f 1416 1505 1417
f 1417 1506 1507
f 1417 1507 1418
f 1417 1505 1506
f 1418 1508 1509
f 1418 1509 1419
f 1418 1507 1508
f 1419 1509 1510
f 1419 1510 1420
f 1420 1510 1421
f 1421 1511 1422
f 1421 1510 1512
f 1421 1512 1511
f 1422 1513 1423
f 1422 1511 1513
f 1423 1513 1427
f 1424 1429 1425
f 1425 1429 1426
f 1426 1429 1431
f 1427 1513 1514
f 1427 1514 1515
f 1427 1515 1428
f 1428 1515 1429
f 1429 1515 1516
f 1429 1516 1517
f 1429 1517 1431
f 1430 1431 1432
f 1431 1517 1432
f 1432 1517 1433
f 1433 1517 1518
f 1433 1518 1435
f 1435 1518 1519
f 1435 1519 1520
f 1435 1520 1436
f 1436 1521 1440
f 1436 1440 1439
f 1436 1439 1437
f 1436 1520 1521
f 1440 1521 1522
f 1440 1522 1523
f 1440 1523 1441
f 1441 1524 1525
f 1441 1525 1444
f 1441 1523 1526
f 1441 1526 1524
f 1442 1443 1527
f 1442 1527 1446
f 1443 1528 1527
f 1443 1445 1528
f 1444 1525 1528
f 1444 1528 1445
f 1446 1527 1529
f 1446 1529 1447
f 1447 1529 1530
f 1447 1530 1531
f 1447 1531 1532
f 1447 1532 1533
f 1447 1533 1448
f 1448 1533 1454
f 1448 1454 1449
f 1450 1454 1451
f 1451 1534 1452
f 1451 1454 1535
f 1451 1535 1536
f 1451 1536 1534
f 1452 1534 1537
f 1452 1537 1538
f 1452 1538 1458
f 1452 1458 1539
f 1452 1539 1453
f 1453 1539 1459
f 1454 1533 1532
f 1454 1532 1535
f 1456 1459 1457
f 1457 1459 1539
f 1457 1539 1458
f 1458 1538 1540
f 1458 1540 1460
f 1460 1541 1463
f 1460 1463 1461
f 1460 1540 1541
f 1462 1463 1542
f 1462 1542 1464
f 1463 1541 1543
f 1463 1543 1542
f 1464 1542 1465
f 1465 1542 1544
f 1465 1544 1545
f 1465 1545 1467
f 1467 1545 1468
f 1468 1545 1469
f 1469 1545 1493
f 1470 1486 1546
f 1470 1546 1547
f 1470 1547 1471
f 1471 1547 1474
f 1471 1474 1472
f 1472 1474 1473
f 1474 1547 1548
f 1474 1548 1475
f 1475 1548 1476
f 1476 1548 1477
f 1477 1548 1546
f 1477 1546 1478
f 1478 1546 1481
f 1478 1481 1479
f 1480 1486 1485
f 1480 1485 1482
f 1480 1481 1486
f 1481 1546 1486
f 1482 1485 1484
f 1482 1484 1483
f 1487 1500 1488
f 1487 1491 1492
f 1487 1492 1500
f 1488 1500 1489
f 1489 1499 1490
f 1490 1499 1498
f 1492 1549 1500
f 1492 1497 1549
f 1493 1550 1551
f 1493 1551 1552
f 1493 1552 1553
f 1493 1553 1519
f 1493 1519 1494
f 1493 1545 1550
f 1494 1519 1518
f 1494 1518 1554
f 1494 1554 1555
f 1494 1555 1556
f 1494 1556 1557
f 1494 1557 1495
f 1495 1557 1496
f 1496 1557 1507
f 1496 1507 1506
f 1496 1506 1497
f 1497 1506 1549
f 1500 1549 1505
f 1500 1505 1501
f 1501 1505 1502
f 1502 1505 1503
f 1503 1505 1504
f 1505 1549 1506
f 1507 1557 1508
f 1508 1557 1556
f 1508 1556 1509
f 1509 1556 1510
f 1510 1556 1512
f 1511 1512 1556
f 1511 1556 1513
f 1513 1556 1555
f 1513 1555 1554
f 1513 1554 1514
f 1514 1554 1515
f 1515 1554 1516
f 1516 1554 1518
f 1516 1518 1517
f 1519 1553 1520
f 1520 1553 1521
f 1521 1553 1522
f 1522 1553 1523
f 1523 1551 1526
f 1523 1553 1552
f 1523 1552 1551
f 1524 1558 1525
f 1524 1526 1551
f 1524 1551 1550
f 1524 1550 1558
f 1525 1559 1528
f 1525 1558 1559
f 1527 1528 1529
f 1528 1559 1545
f 1528 1545 1529
f 1529 1545 1530
f 1530 1545 1560
f 1530 1560 1561
f 1530 1561 1532
f 1530 1532 1531
f 1532 1561 1562
f 1532 1562 1535
f 1534 1536 1563
f 1534 1563 1564
f 1534 1564 1537
f 1535 1562 1536
f 1536 1562 1563
f 1537 1564 1565
f 1537 1565 1538
f 1538 1565 1540
f 1540 1565 1566
f 1540 1566 1567
f 1540 1567 1541
f 1541 1567 1566
f 1541 1566 1543
f 1542 1543 1544
f 1543 1566 1563
f 1543 1563 1560
f 1543 1560 1544
f 1544 1560 1545
f 1545 1559 1558
f 1545 1558 1550
f 1546 1548 1547
f 1560 1562 1561
f 1560 1563 1562
f 1563 1566 1564
f 1564 1566 1565
