v -0.33170313 0.58990288 0.37144363
v -0.33149791 0.54999882 0.37144363
v -0.32328853 0.56995082 0.38531440
v -0.32333985 0.58990288 0.38538224
v -0.32323724 0.60996282 0.38521266
v -0.33149791 0.60996282 0.37144363
v -0.33139527 0.53188020 0.37144363
v -0.32318592 0.52993888 0.38511091
v -0.31692630 0.56995082 0.39531898
v -0.31697762 0.58990288 0.39538682
v -0.31682366 0.60996282 0.39521724
v -0.32236499 0.62991482 0.38382220
v -0.32975340 0.62991482 0.37144363
v -0.33124134 0.50998688 0.37144363
v -0.33108744 0.48992693 0.37144363
v -0.32303199 0.48992693 0.38483959
v -0.31666976 0.48992693 0.39484417
v -0.31682366 0.52993888 0.39508158
v -0.31687498 0.54999882 0.39521724
v -0.30702376 0.56995082 0.41000366
v -0.30676723 0.50998688 0.40993583
v -0.30707508 0.58990288 0.41000366
v -0.30548450 0.60866863 0.41186893
v -0.29978925 0.61438459 0.41973695
v -0.31595144 0.62991482 0.39382678
v -0.32108229 0.64242530 0.38178736
v -0.32944557 0.63142473 0.37144363
v -0.32292938 0.46997494 0.38470393
v -0.33067697 0.44991499 0.37144363
v -0.30666459 0.48992693 0.40983409
v -0.31656712 0.46997494 0.39470851
v -0.30645937 0.44991499 0.40956280
v -0.30004582 0.54999882 0.42007610
v -0.30009711 0.56995082 0.42014390
v -0.29994321 0.52336013 0.42000827
v -0.29984057 0.48992693 0.41980478
v -0.30004582 0.58990288 0.42014390
v -0.29999450 0.60111916 0.42007610
v -0.28136954 0.62991482 0.44181487
v -0.29024589 0.62991482 0.43001285
v -0.29886574 0.62991482 0.41848212
v -0.30594629 0.62991482 0.40847754
v -0.29378617 0.60866863 0.42804584
v -0.28239572 0.60996282 0.44313753
v -0.32287806 0.65105319 0.37144363
v -0.32416078 0.64846486 0.37144363
v -0.28034335 0.64069974 0.44052613
v -0.30343217 0.64663142 0.40491658
v -0.29994321 0.65989685 0.39999908
v -0.31764460 0.65569073 0.37629330
v -0.33047172 0.42996299 0.37144363
v -0.32257023 0.40990305 0.38416132
v -0.31636190 0.42996299 0.39436939
v -0.31646451 0.44991499 0.39453894
v -0.29973796 0.46997494 0.41970304
v -0.29963535 0.44991499 0.41956741
v -0.30635676 0.42996299 0.40942714
v -0.29250348 0.50998688 0.43001285
v -0.29265738 0.56995082 0.43014851
v -0.29234955 0.48992693 0.43001285
v -0.29204169 0.44991499 0.43001285
v -0.29260609 0.58990288 0.43014851
v -0.28260094 0.58990288 0.44344273
v -0.27346802 0.62991482 0.45181945
v -0.27475074 0.58990288 0.45344734
v -0.27449420 0.60996282 0.45314211
v -0.31235984 0.66399509 0.37144363
v -0.26171839 0.64328808 0.46206143
v -0.26915812 0.64868051 0.44900459
v -0.27664918 0.65407300 0.43574429
v -0.28449935 0.64846486 0.42947024
v -0.26346290 0.62991482 0.46413019
v -0.29630029 0.65191603 0.41095328
v -0.28178000 0.66162241 0.42241615
v -0.28629515 0.66496575 0.41000366
v -0.30430442 0.66377938 0.38667095
v -0.30994833 0.66658348 0.37144363
v -0.33021519 0.40990305 0.37144363
v -0.32241631 0.38995099 0.38392392
v -0.31610537 0.38995099 0.39392853
v -0.30610019 0.38995099 0.40908802
v -0.30625415 0.40990305 0.40925759
v -0.29953271 0.42996299 0.41943175
v -0.28244701 0.46997494 0.44323927
v -0.28249830 0.48992693 0.44330707
v -0.28254962 0.50998688 0.44337490
v -0.28265226 0.56995082 0.44347665
v -0.28260094 0.52993888 0.44340882
v -0.29163122 0.40990305 0.43001285
v -0.28219047 0.40990305 0.44290012
v -0.26454037 0.60996282 0.46541891
v -0.26474559 0.58990288 0.46572414
v -0.27480206 0.56995082 0.45348123
v -0.26479691 0.56995082 0.46579197
v -0.25479174 0.62991482 0.47413477
v -0.24258034 0.64458227 0.48278281
v -0.25017399 0.65062183 0.47030252
v -0.25781894 0.65666133 0.45751697
v -0.25592053 0.60996282 0.47542351
v -0.26330894 0.66280872 0.44418883
v -0.26997906 0.66615206 0.42947024
v -0.29199040 0.66917181 0.39199543
v -0.28957888 0.67758405 0.37144363
v -0.32990733 0.38995099 0.37144363
v -0.32210845 0.34993908 0.38341522
v -0.31579751 0.34993908 0.39341980
v -0.30579236 0.34993908 0.40864712
v -0.30594629 0.36999899 0.40888453
v -0.29932749 0.38995099 0.41909260
v -0.29943013 0.40990305 0.41926217
v -0.29142600 0.38995099 0.43001285
v -0.27464813 0.46997494 0.45324385
v -0.27459681 0.44991499 0.45314211
v -0.27469945 0.48992693 0.45331168
v -0.27475074 0.50998688 0.45337951
v -0.27480206 0.54999882 0.45344734
v -0.28193393 0.36999899 0.44259489
v -0.27408373 0.34993908 0.45242989
v -0.27428895 0.38995099 0.45276904
v -0.27439159 0.40990305 0.45290470
v -0.27449420 0.42996299 0.45304036
v -0.25622839 0.58990288 0.47572872
v -0.25633103 0.56995082 0.47579655
v -0.26479691 0.54999882 0.46579197
v -0.24478661 0.62991482 0.48519069
v -0.24591540 0.60996282 0.48651332
v -0.23534586 0.62991482 0.49519527
v -0.22292921 0.64512151 0.50296158
v -0.21892715 0.65838695 0.49892581
v -0.23857827 0.65795553 0.47850966
v -0.24622324 0.58990288 0.48688638
v -0.24447875 0.66345584 0.46514761
v -0.25068706 0.66744626 0.45053074
v -0.26838851 0.67542708 0.40868104
v -0.27434027 0.67855465 0.39002842
v -0.28875795 0.67790759 0.37144363
v -0.32924032 0.34993908 0.37144363
v -0.32888117 0.32998705 0.37144363
v -0.32190323 0.32998705 0.38314390
v -0.31543833 0.30992714 0.39280933
v -0.30543321 0.30992714 0.40813839
v -0.29901963 0.34993908 0.41865170
v -0.29886574 0.32998705 0.41841429
v -0.29917356 0.36999899 0.41888911
v -0.29086161 0.34993908 0.43001285
v -0.28178000 0.34993908 0.44242531
v -0.26459166 0.44991499 0.46558848
v -0.26443774 0.40990305 0.46541891
v -0.26469427 0.48992693 0.46572414
v -0.26474559 0.50998688 0.46575806
v -0.27392980 0.32998705 0.45222643
v -0.26392466 0.32998705 0.46484238
v -0.26407859 0.34993908 0.46501195
v -0.26433513 0.38995099 0.46531719
v -0.24632587 0.56995082 0.48702204
v -0.25633103 0.54999882 0.47579655
v -0.24632587 0.54999882 0.48705596
v -0.25633103 0.50998688 0.47576264
v -0.23657726 0.60996282 0.49648401
v -0.23698772 0.58990288 0.49689096
v -0.22662342 0.60996282 0.50665814
v -0.22534069 0.62991482 0.50540334
v -0.21523294 0.62991482 0.51540792
v -0.20281629 0.64479798 0.52266550
v -0.21087171 0.65159243 0.51086348
v -0.19860899 0.65806341 0.51876539
v -0.20558694 0.66399509 0.50543725
v -0.22523808 0.66388720 0.48559767
v -0.23714164 0.56995082 0.49702662
v -0.23113856 0.66820121 0.47111642
v -0.22959930 0.67747617 0.45002204
v -0.24904521 0.67672127 0.42947024
v -0.25509959 0.67898607 0.41444641
v -0.27844495 0.67984885 0.37829423
v -0.27156961 0.68060380 0.37144363
v -0.32852200 0.31219196 0.37144363
v -0.32149276 0.28997508 0.38249955
v -0.31502789 0.26991519 0.39213109
v -0.30481750 0.24996313 0.40725666
v -0.30502272 0.26991519 0.40756190
v -0.29830134 0.26991519 0.41756648
v -0.29850656 0.28997508 0.41783780
v -0.29055375 0.32998705 0.43001285
v -0.28978413 0.28997508 0.43001285
v -0.28162608 0.32998705 0.44222182
v -0.25612578 0.42996299 0.47552526
v -0.25617707 0.44991499 0.47559306
v -0.25607446 0.40990305 0.47542351
v -0.25627971 0.48992693 0.47572872
v -0.28147215 0.30992714 0.44198444
v -0.27357066 0.28997508 0.45171773
v -0.26356548 0.28997508 0.46440148
v -0.25561267 0.32998705 0.47484696
v -0.25576663 0.34993908 0.47501653
v -0.25597185 0.38995099 0.47532177
v -0.25586921 0.36999899 0.47518611
v -0.23719296 0.54999882 0.49706054
v -0.24632587 0.50998688 0.48705596
v -0.23724426 0.50998688 0.49706054
v -0.24627455 0.46997494 0.48702204
v -0.22698256 0.58990288 0.50709903
v -0.22713649 0.56995082 0.50726861
v -0.21656695 0.60996282 0.51666272
v -0.21697742 0.58990288 0.51710361
v -0.20656180 0.60996282 0.52622646
v -0.20522779 0.62991482 0.52493775
v -0.18213898 0.64361161 0.54189467
v -0.19039965 0.65083754 0.53036392
v -0.19435039 0.62991482 0.53494233
v -0.17772645 0.65687704 0.53806239
v -0.16438626 0.66302443 0.54355645
v -0.18526879 0.66367155 0.52473426
v -0.19116926 0.66841686 0.51127046
v -0.21133350 0.66852474 0.49136302
v -0.22718780 0.54999882 0.50737035
v -0.21005078 0.67790759 0.47040427
v -0.21672088 0.67952532 0.45670307
v -0.23601286 0.67930961 0.43577820
v -0.26069224 0.68006456 0.40111825
v -0.26433513 0.68038809 0.39002842
v -0.24904521 0.68049598 0.40868104
v -0.24996875 0.68081951 0.39002842
v -0.27090260 0.68060380 0.37144363
v -0.32759845 0.26991519 0.37144363
v -0.32108229 0.24996313 0.38178736
v -0.31482264 0.24996313 0.39179194
v -0.30456096 0.22990325 0.40691751
v -0.29809609 0.24996313 0.41726124
v -0.28937364 0.26991519 0.43001285
v -0.28896320 0.24996313 0.43001285
v -0.28126693 0.28997508 0.44174704
v -0.28085643 0.24996313 0.44120443
v -0.28106168 0.26991519 0.44147575
v -0.24622324 0.44991499 0.48698813
v -0.24606931 0.40990305 0.48688638
v -0.24596670 0.38995099 0.48681855
v -0.27336541 0.26991519 0.45148033
v -0.25525352 0.28997508 0.47440609
v -0.26336026 0.26991519 0.46416411
v -0.24545361 0.30992714 0.48620811
v -0.24576147 0.34993908 0.48654723
v -0.22723912 0.50998688 0.50743818
v -0.23724426 0.48992693 0.49706054
v -0.23719296 0.44991499 0.49699271
v -0.21718265 0.56995082 0.51727319
v -0.21728528 0.54999882 0.51734102
v -0.20702358 0.58990288 0.52663344
v -0.19573572 0.60996282 0.53623104
v -0.19624880 0.58990288 0.53663802
v -0.16926056 0.64911193 0.54935569
v -0.18434525 0.62991482 0.54379386
v -0.16079466 0.64123899 0.56061512
v -0.15597168 0.65461224 0.55688459
v -0.14263147 0.66183811 0.56200558
v -0.14955811 0.66636777 0.55010182
v -0.17059457 0.66766196 0.53083873
v -0.17023543 0.67769188 0.50987995
v -0.19039965 0.67801541 0.49034560
v -0.21733658 0.50998688 0.51744276
v -0.19737759 0.67963320 0.47732267
v -0.24181071 0.68028027 0.42245007
v -0.22959930 0.68060380 0.42947024
v 0.06999077 0.68103522 0.62996894
v 0.14998065 0.68071169 0.64997810
v 0.19246405 0.68038809 0.65225035
v -0.25120017 0.68049598 0.37144363
v -0.21005078 0.68060380 0.45002204
v -0.19039965 0.68060380 0.47040427
v -0.17023543 0.68060380 0.49034560
v -0.14955811 0.68060380 0.50987995
v -0.32667491 0.22990325 0.37144363
v -0.32626444 0.21243173 0.37144363
v -0.32082573 0.22990325 0.38141429
v -0.31456611 0.22990325 0.39141887
v -0.29783955 0.22990325 0.41692209
v -0.30404788 0.18999915 0.40617141
v -0.28850141 0.22990325 0.43001285
v -0.28065121 0.22990325 0.44089919
v -0.23714164 0.42996299 0.49695879
v -0.23709033 0.40990305 0.49689096
v -0.23678249 0.34993908 0.49655184
v -0.23688510 0.36999899 0.49668747
v -0.27290362 0.22990325 0.45090377
v -0.26315504 0.24996313 0.46389279
v -0.24504314 0.26991519 0.48576722
v -0.24524838 0.28997508 0.48600462
v -0.25484306 0.24996313 0.47389737
v -0.24483791 0.24996313 0.48552984
v -0.23647463 0.30992714 0.49621269
v -0.23632070 0.28997508 0.49600920
v -0.22723912 0.48992693 0.50743818
v -0.21738788 0.48992693 0.51744276
v -0.22718780 0.44991499 0.50740427
v -0.22708519 0.40990305 0.50733644
v -0.20717750 0.56995082 0.52680302
v -0.20728013 0.54999882 0.52690470
v -0.20733143 0.52993888 0.52697253
v -0.18578188 0.60996282 0.54501474
v -0.18624365 0.58990288 0.54542172
v -0.19640273 0.56995082 0.53680760
v -0.17387831 0.60996282 0.55498540
v -0.17233907 0.62991482 0.55373061
v -0.16233391 0.62991482 0.56186992
v -0.13878334 0.63498372 0.57909817
v -0.12451959 0.64997470 0.58326954
v -0.13452473 0.64997470 0.57584244
v -0.12056883 0.66043609 0.58042079
v -0.12831640 0.66442645 0.56919533
v -0.10999929 0.67208374 0.56997532
v -0.12862426 0.67564279 0.54840612
v -0.14955811 0.67693692 0.52910912
v -0.13442212 0.67909390 0.53517973
v -0.15592036 0.67941749 0.51642537
v -0.17711076 0.67963320 0.49723011
v -0.20738274 0.48992693 0.52704036
v -0.18403739 0.68038809 0.48390198
v -0.20338067 0.68038809 0.46399453
v 0.08994976 0.68060380 0.64445013
v 0.12997036 0.68071169 0.64997810
v -0.06915776 0.68060380 0.56963617
v 0.02997018 0.68060380 0.62474620
v 0.06999077 0.68038809 0.64214402
v 0.19246405 0.68038809 0.66388279
v 0.19246405 0.67974102 0.64227962
v 0.18994993 0.67984885 0.64194053
v -0.25078970 0.68038809 0.37144363
v 0.19246405 0.67477995 0.62996894
v -0.16377056 0.68038809 0.50309718
v -0.12862426 0.68049598 0.52910912
v -0.32523826 0.17446890 0.37144363
v -0.32031265 0.18999915 0.38056645
v -0.32056919 0.20995119 0.38100731
v -0.31405300 0.18999915 0.39057106
v -0.30353481 0.14998721 0.40535748
v -0.30379134 0.16993925 0.40576446
v -0.29732645 0.18999915 0.41617599
v -0.28567946 0.17166483 0.43187812
v -0.28013813 0.18999915 0.44022092
v -0.22703388 0.38995099 0.50726861
v -0.22677733 0.34993908 0.50706512
v -0.22646949 0.30992714 0.50675988
v -0.22662342 0.32998705 0.50692946
v -0.26289850 0.22990325 0.46362150
v -0.27239054 0.18999915 0.45022550
v -0.26212886 0.16993925 0.46267188
v -0.26264197 0.20995119 0.46331626
v -0.23611547 0.26991519 0.49577183
v -0.24458137 0.22990325 0.48529243
v -0.25432998 0.20995119 0.47332084
v -0.23591024 0.24996313 0.49553442
v -0.22631556 0.28997508 0.50659031
v -0.22590509 0.24996313 0.50618339
v -0.22611032 0.26991519 0.50638688
v -0.21738788 0.46997494 0.51744276
v -0.20738274 0.46997494 0.52707428
v -0.21728528 0.40990305 0.51734102
v -0.19665927 0.50998688 0.53701109
v -0.19660796 0.52993888 0.53694326
v -0.19650535 0.54999882 0.53690934
v -0.19671059 0.48992693 0.53704494
v -0.17444271 0.58990288 0.55542630
v -0.18639758 0.56995082 0.54559124
v -0.17464794 0.56995082 0.55559587
v -0.16392449 0.60996282 0.56309080
v -0.14037390 0.62161046 0.58028513
v -0.14822409 0.62894422 0.57295972
v -0.13124099 0.62894422 0.58554178
v -0.11513014 0.62991482 0.59669942
v -0.10261087 0.64361161 0.60171866
v -0.10953751 0.65019041 0.59354544
v -0.09737741 0.65698493 0.59822559
v -0.08403721 0.66237736 0.60249871
v -0.10999929 0.66334796 0.58398175
v -0.06915776 0.67618203 0.58856010
v -0.09116909 0.67801541 0.56963617
v -0.10999929 0.67877036 0.55454451
v -0.09039946 0.66755408 0.59093410
v -0.09860881 0.67984885 0.55864811
v -0.12108192 0.68006456 0.54074156
v -0.14258015 0.68028027 0.52185154
v 0.12997036 0.68017244 0.66069490
v 0.14998065 0.68038809 0.66171229
v -0.08526862 0.68038809 0.56271774
v -0.06192327 0.68017244 0.58096343
v -0.02426286 0.68028027 0.60168475
v -0.01005042 0.68049598 0.60551703
v 0.01447503 0.68028027 0.62159222
v 0.05634272 0.68017244 0.64078748
v 0.19246405 0.67909390 0.67388737
v -0.23247257 0.67499566 0.37144363
v 0.19246405 0.66496575 0.61497903
v -0.10999929 0.68038809 0.54457384
v -0.32508433 0.16907646 0.37144363
v -0.31974825 0.14998721 0.37965077
v -0.32010743 0.17511600 0.38022733
v -0.31328338 0.14998721 0.39002842
v -0.29681337 0.14998721 0.41536206
v -0.31271899 0.13003515 0.39002842
v -0.30322695 0.13003515 0.40491658
v -0.29706991 0.16993925 0.41576904
v -0.28680825 0.14998721 0.42947024
v -0.27957374 0.14998721 0.43947482
v -0.27085131 0.13003515 0.45002204
v -0.21702874 0.34993908 0.51706970
v -0.21713135 0.36999899 0.51717144
v -0.21672088 0.30992714 0.51676446
v -0.21687481 0.32998705 0.51693404
v -0.26156446 0.13003515 0.46195969
v -0.25376558 0.16993925 0.47267649
v -0.25407344 0.18999915 0.47298169
v -0.25350904 0.14998721 0.47230342
v -0.23565370 0.22990325 0.49526310
v -0.24381174 0.16993925 0.48437676
v -0.23539716 0.20995119 0.49499178
v -0.22564855 0.22990325 0.50594598
v -0.21636172 0.26991519 0.51639146
v -0.21615648 0.24996313 0.51618797
v -0.20733143 0.42996299 0.52700645
v -0.19671059 0.42996299 0.53701109
v -0.19671059 0.44991499 0.53704494
v -0.20712620 0.36999899 0.52683687
v -0.20717750 0.38995099 0.52693862
v -0.20728013 0.40990305 0.52697253
v -0.18670544 0.48992693 0.54589647
v -0.18665412 0.50998688 0.54582864
v -0.18660282 0.52993888 0.54576081
v -0.18650019 0.54999882 0.54569298
v -0.16443756 0.58990288 0.56353170
v -0.16464280 0.56995082 0.56373519
v -0.17480187 0.54999882 0.55569762
v -0.15094343 0.60996282 0.57309538
v -0.15150782 0.58990288 0.57353628
v -0.14093828 0.60996282 0.58072603
v -0.12995827 0.60996282 0.58856010
v -0.11677201 0.60996282 0.59781861
v -0.10512499 0.62991482 0.60334659
v -0.06541225 0.64652354 0.62311834
v -0.09039946 0.65019041 0.60609359
v -0.07870113 0.63498372 0.61925215
v -0.05992224 0.65989685 0.61993045
v -0.04663335 0.66334796 0.62355924
v -0.06997870 0.66561282 0.60683966
v -0.05196943 0.66895610 0.61196065
v -0.03057380 0.67715263 0.60901016
v -0.05001970 0.67866254 0.59415591
v -0.07521216 0.67930961 0.57607985
v 0.11919558 0.67995673 0.66008443
v 0.18994993 0.67909390 0.67375171
v -0.03760306 0.67974102 0.59792036
v 0.00113483 0.67984885 0.61901474
v 0.04300252 0.67974102 0.63804042
v 0.10585539 0.67963320 0.65720177
v 0.19246405 0.67089742 0.68999648
v -0.23175426 0.67467213 0.37144363
v 0.19246405 0.65116107 0.60490662
v -0.21189788 0.66377938 0.37144363
v -0.21343714 0.66475004 0.37144363
v -0.22893229 0.67316222 0.37144363
v -0.23154902 0.67456430 0.37144363
v -0.32395557 0.13003515 0.37144363
v -0.31944042 0.13003515 0.37914208
v -0.29650551 0.13003515 0.41492116
v -0.28650039 0.13003515 0.42906326
v -0.31913257 0.11008310 0.37859946
v -0.31205201 0.11008310 0.39002842
v -0.30255991 0.09002320 0.40389919
v -0.27926588 0.13003515 0.43906784
v -0.27895802 0.11008310 0.43862697
v -0.26951730 0.09002320 0.45002204
v -0.26089746 0.09002320 0.46114576
v -0.20702358 0.34993908 0.52676910
v -0.20671573 0.30992714 0.52649778
v -0.20635657 0.26991519 0.52615863
v -0.25289333 0.11008310 0.47155732
v -0.24319604 0.13003515 0.48369849
v -0.23483276 0.16993925 0.49438134
v -0.23514062 0.18999915 0.49468657
v -0.22513546 0.18999915 0.50540334
v -0.21589994 0.22990325 0.51595056
v -0.20615134 0.24996313 0.52595514
v -0.18670544 0.42996299 0.54589647
v -0.19665927 0.40990305 0.53697717
v -0.19660796 0.38995099 0.53690934
v -0.17505842 0.46997494 0.55590105
v -0.17505842 0.48992693 0.55586714
v -0.17500710 0.50998688 0.55583322
v -0.15176438 0.56995082 0.57370585
v -0.16479672 0.54999882 0.56383693
v -0.15191829 0.54999882 0.57384151
v -0.16489935 0.52993888 0.56393868
v -0.16500196 0.50998688 0.56400651
v -0.14150268 0.58990288 0.58113301
v -0.14175922 0.56995082 0.58133644
v -0.12995827 0.58990288 0.58940798
v -0.10676686 0.60996282 0.60439789
v -0.11738771 0.58990288 0.59822559
v -0.08034300 0.62161046 0.62023568
v -0.08819319 0.62894422 0.61423290
v -0.07121010 0.65191603 0.61701381
v -0.04027110 0.64026833 0.64010918
v -0.07121010 0.62894422 0.62447488
v -0.05171289 0.62991482 0.63542908
v -0.03411409 0.65364158 0.63688737
v -0.02077389 0.66032821 0.64034659
v -0.02847015 0.66561282 0.63013852
v -0.01005042 0.67186803 0.62996894
v 0.00867717 0.67715263 0.62895149
v -0.01005042 0.67898607 0.61552161
v 0.06999077 0.67747617 0.65211469
v 0.11149931 0.67510355 0.66805416
v 0.12997036 0.67607415 0.67069948
v 0.14998065 0.67747617 0.67171687
v 0.16999096 0.67844683 0.67270041
v 0.02997018 0.67877036 0.63475078
v 0.04977524 0.67596632 0.64845198
v 0.08994976 0.67887825 0.65445471
v 0.18994993 0.67068172 0.68999648
v 0.19246405 0.66173023 0.70142543
v 0.19246405 0.64134681 0.59927690
v -0.20250843 0.65407300 0.37144363
v -0.32328853 0.11008310 0.37144363
v -0.29583853 0.09002320 0.41390377
v -0.28583336 0.09002320 0.42814758
v -0.28619254 0.11008310 0.42862236
v -0.32282677 0.09660199 0.37144363
v -0.31877339 0.09002320 0.37798899
v -0.31133366 0.09002320 0.39002842
v -0.31056404 0.07007116 0.39002842
v -0.30214947 0.07007116 0.40332264
v -0.27859887 0.09002320 0.43815219
v -0.27823973 0.07007116 0.43764347
v -0.26874766 0.07007116 0.45002204
v -0.25253418 0.09002320 0.47111642
v -0.26017916 0.05475661 0.46029791
v -0.25212371 0.07007116 0.47067556
v -0.19640273 0.34993908 0.53673977
v -0.19650535 0.36999899 0.53684151
v -0.19614619 0.30992714 0.53650236
v -0.19630012 0.32998705 0.53663802
v -0.19578703 0.26991519 0.53612930
v -0.24252903 0.09002320 0.48291847
v -0.24288820 0.11008310 0.48332542
v -0.23452492 0.14998721 0.49404222
v -0.22451976 0.14998721 0.50479293
v -0.22482762 0.16993925 0.50509810
v -0.21538685 0.18999915 0.51540792
v -0.20589480 0.22990325 0.52571774
v -0.20563826 0.20995119 0.52548033
v -0.19553049 0.24996313 0.53595972
v -0.19532526 0.22990325 0.53572232
v -0.18665412 0.40990305 0.54586256
v -0.17505842 0.40990305 0.55586714
v -0.17505842 0.42996299 0.55590105
v -0.18660282 0.38995099 0.54582864
v -0.16505326 0.46997494 0.56407434
v -0.16505326 0.48992693 0.56404042
v -0.15217485 0.50998688 0.57401109
v -0.15207222 0.52993888 0.57390934
v -0.14206707 0.52993888 0.58153993
v -0.14191315 0.54999882 0.58143818
v -0.15227747 0.46997494 0.57407892
v -0.12995827 0.56995082 0.58978099
v -0.12995827 0.54999882 0.59001839
v -0.11769556 0.56995082 0.59842902
v -0.09096386 0.60996282 0.61440247
v -0.10738256 0.58990288 0.60480487
v -0.08095871 0.60996282 0.62057477
v -0.06997870 0.60996282 0.62698448
v -0.05340606 0.60996282 0.63637865
v -0.04170774 0.62991482 0.64088917
v -0.03000941 0.62991482 0.64672238
v -0.00902425 0.63099331 0.65648955
v 0.00051913 0.63832706 0.65974528
v -0.01005042 0.64997470 0.65014768
v -0.02847015 0.64814126 0.64231360
v 0.02093989 0.65924972 0.65957570
v -0.01005042 0.66280872 0.64278835
v 0.00995988 0.66658348 0.64719719
v 0.06999077 0.66744626 0.66829157
v 0.08815397 0.66830903 0.67192036
v 0.12997036 0.66615206 0.68596071
v 0.14998065 0.66755408 0.68802947
v 0.02853354 0.66852474 0.65174162
v 0.04998048 0.66507357 0.66500193
v 0.17029880 0.66712272 0.69159043
v 0.18994993 0.66151458 0.70128977
v 0.19246405 0.64997470 0.70729250
v 0.19246405 0.63002270 0.59500372
v -0.19891685 0.64900410 0.37144363
v -0.29542804 0.07007116 0.41332722
v -0.28501242 0.05001126 0.42706233
v -0.28542292 0.07007116 0.42763889
v -0.32180059 0.07007116 0.37144363
v -0.31836295 0.07007116 0.37731072
v -0.30974311 0.05001126 0.39002842
v -0.30173898 0.05001126 0.40271220
v -0.27782923 0.05001126 0.43706694
v -0.26741362 0.03005922 0.44964898
v -0.26638746 0.04893278 0.45198902
v -0.25992259 0.04149120 0.45995879
v -0.24170810 0.05001126 0.48203671
v -0.25335512 0.04893278 0.46816593
v -0.25099492 0.03005922 0.47003120
v -0.18639758 0.34993908 0.54565907
v -0.18650019 0.36999899 0.54576081
v -0.18614104 0.30992714 0.54542172
v -0.18598711 0.28997508 0.54528606
v -0.18629497 0.32998705 0.54555732
v -0.18532011 0.22990325 0.54470950
v -0.18578188 0.26991519 0.54508257
v -0.23349875 0.09002320 0.49292305
v -0.23313959 0.07007116 0.49248216
v -0.23385790 0.11008310 0.49333000
v -0.23421706 0.13003515 0.49366915
v -0.22390406 0.11008310 0.50411463
v -0.21477115 0.14998721 0.51479751
v -0.21507901 0.16993925 0.51510268
v -0.20476601 0.14998721 0.52466643
v -0.20507386 0.16993925 0.52493775
v -0.20538171 0.18999915 0.52520901
v -0.19506872 0.20995119 0.53548491
v -0.18506357 0.20995119 0.54450601
v -0.16500196 0.38995099 0.56400651
v -0.16505326 0.40990305 0.56407434
v -0.17490450 0.36999899 0.55573153
v -0.16489935 0.36999899 0.56397259
v -0.17480187 0.34993908 0.55566370
v -0.15232876 0.44991499 0.57407892
v -0.14227231 0.48992693 0.58167559
v -0.14216968 0.50998688 0.58160776
v -0.12995827 0.52993888 0.59022188
v -0.14232361 0.44991499 0.58174342
v -0.11784948 0.54999882 0.59856468
v -0.11800341 0.52993888 0.59866643
v -0.10769041 0.56995082 0.60500836
v -0.09152825 0.58990288 0.61480945
v -0.09188741 0.56995082 0.61501294
v -0.08152310 0.58990288 0.62091392
v -0.06997870 0.58990288 0.62762886
v -0.04340091 0.60996282 0.64177096
v -0.05391915 0.58990288 0.63668388
v -0.03000941 0.60996282 0.64848590
v -0.01297500 0.60996282 0.65672696
v -0.00168714 0.62506163 0.66072881
v 0.05767675 0.64199388 0.68077189
v 0.01385932 0.64587647 0.66249233
v 0.00831801 0.63099331 0.66405237
v 0.02997018 0.62991482 0.67293775
v 0.00831801 0.65148461 0.65760875
v 0.06999077 0.65633780 0.67829615
v 0.08025247 0.65978897 0.67989016
v 0.03422878 0.66237736 0.66215318
v 0.02853354 0.65148461 0.66584980
v 0.05059618 0.64921975 0.67504042
v 0.09359266 0.66194594 0.68165362
v 0.10996006 0.66410291 0.68368846
v 0.16383393 0.65871048 0.69932276
v 0.17717414 0.66054392 0.70040798
v 0.18994993 0.64997470 0.70702124
v 0.19246405 0.63239533 0.71248132
v 0.19246405 0.60996282 0.58872968
v -0.18860385 0.63131684 0.37144363
v -0.19204152 0.63724858 0.37144363
v -0.29501760 0.05001126 0.41271681
v -0.28460199 0.03005922 0.42648581
v -0.32133883 0.05917842 0.37144363
v -0.31754202 0.03005922 0.37585241
v -0.31795245 0.05001126 0.37659854
v -0.30887085 0.03005922 0.39002842
v -0.30132854 0.03005922 0.40206784
v -0.27741879 0.03005922 0.43649039
v -0.25966606 0.03005922 0.45965356
v -0.26695186 0.01010717 0.44907242
v -0.25012267 0.01010717 0.47003120
v -0.24129763 0.03005922 0.48152798
v -0.23272912 0.05001126 0.49200737
v -0.17454532 0.30992714 0.55542630
v -0.17418617 0.26991519 0.55508715
v -0.17434010 0.28997508 0.55529064
v -0.17469925 0.32998705 0.55556196
v -0.17372438 0.22990325 0.55471408
v -0.22354491 0.09002320 0.50374156
v -0.22272398 0.05001126 0.50289375
v -0.22313444 0.07007116 0.50333458
v -0.21410415 0.11008310 0.51411921
v -0.21446331 0.13003515 0.51445836
v -0.19445300 0.16993925 0.53494233
v -0.20445816 0.13003515 0.52432728
v -0.19383731 0.13003515 0.53433186
v -0.18444785 0.16993925 0.54399729
v -0.18475571 0.18999915 0.54426861
v -0.17346784 0.20995119 0.55447668
v -0.15222615 0.38995099 0.57401109
v -0.15227747 0.40990305 0.57407892
v -0.15212354 0.36999899 0.57397717
v -0.16479672 0.34993908 0.56390476
v -0.12995827 0.46997494 0.59056103
v -0.12995827 0.48992693 0.59049320
v -0.12995827 0.50998688 0.59035754
v -0.11820865 0.48992693 0.59880209
v -0.11810602 0.50998688 0.59873426
v -0.12995827 0.44991499 0.59059495
v -0.14232361 0.42996299 0.58170950
v -0.12995827 0.40990305 0.59052712
v -0.10784434 0.54999882 0.60514396
v -0.10810088 0.50998688 0.60531354
v -0.09209264 0.54999882 0.61514854
v -0.08188225 0.56995082 0.62111741
v -0.06997870 0.56995082 0.62803584
v -0.04391400 0.58990288 0.64204228
v -0.03000941 0.58990288 0.64906245
v -0.05422700 0.56995082 0.63688737
v -0.01359070 0.58990288 0.65703219
v -0.00296985 0.60996282 0.66130531
v 0.00995988 0.60996282 0.66679937
v 0.02997018 0.60996282 0.67487085
v 0.04443916 0.62991482 0.67839789
v 0.05444431 0.62991482 0.68192494
v 0.06999077 0.62991482 0.68694419
v 0.08994976 0.62991482 0.69284523
v 0.12145315 0.63789564 0.69966191
v 0.06999077 0.64641571 0.68270499
v 0.04171982 0.60996282 0.67934752
v 0.08815397 0.65191603 0.68551981
v 0.10996006 0.64997470 0.69196343
v 0.14998065 0.65612209 0.69803405
v 0.14998065 0.64609218 0.70257849
v 0.17029880 0.65126890 0.70366371
v 0.18994993 0.62991482 0.71292222
v 0.19246405 0.62991482 0.71319354
v 0.19246405 0.60748225 0.58811921
v -0.18757768 0.62894422 0.37144363
v -0.29460710 0.03005922 0.41207242
v -0.28414017 0.01010717 0.42587537
v -0.32051790 0.04052056 0.37144363
v -0.32005611 0.03005922 0.37144363
v -0.31969696 0.02197055 0.37144363
v -0.31708020 0.01010717 0.37503850
v -0.30794731 0.01010717 0.39002842
v -0.30086675 0.01010717 0.40135562
v -0.29368356 -0.00995272 0.41064805
v -0.27695701 0.01010717 0.43587995
v -0.26649010 -0.00995272 0.44846198
v -0.25920427 0.01010717 0.45907703
v -0.24083586 0.01010717 0.48101929
v -0.25874251 -0.00995272 0.45846659
v -0.24663371 -0.02893414 0.47182864
v -0.24037407 -0.00995272 0.48047668
v -0.23226734 0.03005922 0.49153256
v -0.16454017 0.30992714 0.56366736
v -0.16418102 0.26991519 0.56339604
v -0.16438626 0.28997508 0.56353170
v -0.16469410 0.32998705 0.56380302
v -0.16371924 0.22990325 0.56302297
v -0.16346270 0.20995119 0.56281948
v -0.21374498 0.09002320 0.51374614
v -0.21287274 0.05001126 0.51289833
v -0.21333452 0.07007116 0.51333916
v -0.22180042 0.01010717 0.50194412
v -0.20409900 0.11008310 0.52398813
v -0.18414001 0.14998721 0.54372603
v -0.19347815 0.11008310 0.53399271
v -0.18347299 0.11008310 0.54311556
v -0.18383217 0.13003515 0.54342079
v -0.17285216 0.16993925 0.55396801
v -0.17316000 0.18999915 0.55423927
v -0.16284700 0.16993925 0.56234473
v -0.14222100 0.38995099 0.58167559
v -0.14227231 0.40990305 0.58170950
v -0.15191829 0.32998705 0.57380760
v -0.14206707 0.34993908 0.58150601
v -0.11825995 0.46997494 0.59883600
v -0.10820350 0.48992693 0.60534745
v -0.11825995 0.42996299 0.59883600
v -0.11820865 0.40990305 0.59880209
v -0.12995827 0.38995099 0.59042537
v -0.11815733 0.38995099 0.59876817
v -0.09229787 0.52993888 0.61521637
v -0.09240049 0.50998688 0.61531812
v -0.08229273 0.52993888 0.62138873
v -0.08208749 0.54999882 0.62125307
v -0.06997870 0.54999882 0.62827325
v -0.05448354 0.54999882 0.63698912
v -0.04422185 0.56995082 0.64221185
v -0.03000941 0.56995082 0.64940155
v -0.01394986 0.56995082 0.65720177
v -0.00358555 0.58990288 0.66157663
v 0.00995988 0.58990288 0.66737592
v 0.02997018 0.58990288 0.67544740
v 0.04084757 0.58990288 0.67965269
v 0.05172496 0.60996282 0.68287456
v 0.06999077 0.60996282 0.68887728
v 0.08994976 0.60996282 0.69481224
v 0.11026791 0.63066977 0.69803405
v 0.10477790 0.60996282 0.69881403
v 0.11709194 0.62452239 0.70067930
v 0.13479336 0.64264101 0.70112020
v 0.12889288 0.63066977 0.70234108
v 0.14998065 0.62991482 0.70664817
v 0.12889288 0.64954334 0.69657576
v 0.16999096 0.62991482 0.71003956
v 0.18994993 0.60996282 0.71488923
v 0.19246405 0.61244333 0.71495706
v 0.19246405 0.58850086 0.58350694
v -0.18013795 0.60996282 0.37144363
v -0.28367841 -0.00995272 0.42523098
v -0.31882471 0.00342053 0.37144363
v -0.31815770 -0.00995272 0.37144363
v -0.31656712 -0.00995272 0.37419063
v -0.30697244 -0.00995272 0.39002842
v -0.30009711 -0.02203181 0.40016866
v -0.29440188 -0.02914983 0.40810448
v -0.29204169 -0.04996468 0.41000366
v -0.28265226 -0.04996468 0.42380661
v -0.28316534 -0.02990478 0.42455274
v -0.27649522 -0.00995272 0.43523559
v -0.26597700 -0.02990478 0.44781762
v -0.23180556 0.01010717 0.49102387
v -0.25822943 -0.02990478 0.45782220
v -0.24765988 -0.04996468 0.46921727
v -0.23929660 -0.04996468 0.47922185
v -0.23970707 -0.03497368 0.47969663
v -0.24006623 -0.02170826 0.48010361
v -0.23247257 -0.02893414 0.48807338
v -0.15176438 0.30992714 0.57367194
v -0.15140522 0.26991519 0.57340062
v -0.15099475 0.22990325 0.57302755
v -0.15119998 0.24996313 0.57323104
v -0.15161045 0.28997508 0.57353628
v -0.15073821 0.20995119 0.57282406
v -0.20373984 0.09002320 0.52361506
v -0.20332937 0.07007116 0.52324206
v -0.20286760 0.05001126 0.52280116
v -0.21241097 0.03005922 0.51242352
v -0.20240583 0.03005922 0.52236027
v -0.21189788 0.01010717 0.51194870
v -0.22128733 -0.00995272 0.50140148
v -0.17254430 0.14998721 0.55369669
v -0.19306768 0.09002320 0.53361964
v -0.18306252 0.09002320 0.54277641
v -0.17182598 0.11008310 0.55308622
v -0.16253915 0.14998721 0.56207341
v -0.15012249 0.16993925 0.57234931
v -0.12995827 0.34993908 0.59015405
v -0.14191315 0.32998705 0.58143818
v -0.14175922 0.30992714 0.58133644
v -0.10825481 0.46997494 0.60538137
v -0.10825481 0.44991499 0.60541528
v -0.09250311 0.48992693 0.61535203
v -0.10825481 0.42996299 0.60541528
v -0.10820350 0.40990305 0.60538137
v -0.10815219 0.38995099 0.60534745
v -0.11795210 0.34993908 0.59863251
v -0.10794695 0.34993908 0.60524571
v -0.10804957 0.36999899 0.60531354
v -0.08249796 0.48992693 0.62152439
v -0.08239534 0.50998688 0.62145656
v -0.06997870 0.50998688 0.62864631
v -0.06997870 0.52993888 0.62847674
v -0.04447839 0.54999882 0.64231360
v -0.05479139 0.50998688 0.63719261
v -0.03000941 0.54999882 0.64963895
v -0.00394471 0.56995082 0.66174620
v -0.01420641 0.54999882 0.65730351
v 0.00995988 0.56995082 0.66764724
v 0.02997018 0.56995082 0.67571872
v 0.04043710 0.56995082 0.67982233
v 0.05085272 0.58990288 0.68317974
v 0.06999077 0.58990288 0.68948776
v 0.08994976 0.58990288 0.69542265
v 0.10349520 0.58990288 0.69911927
v 0.11478305 0.60996282 0.70125586
v 0.12997036 0.60996282 0.70464724
v 0.14998065 0.60996282 0.70861518
v 0.16999096 0.60996282 0.71200657
v 0.19246405 0.60996282 0.71519446
v 0.18994993 0.58990288 0.71563530
v 0.19246405 0.57512760 0.58086169
v -0.17454532 0.59195203 0.37144363
v 0.19246405 0.57318634 0.58048862
v -0.31697762 -0.03335594 0.37144363
v -0.30492014 -0.02914983 0.39179194
v -0.31605405 -0.02990478 0.37330890
v -0.30553582 -0.04996468 0.38901100
v -0.29973796 -0.03529723 0.39962602
v -0.29932749 -0.04996468 0.39901561
v -0.29876310 -0.06991673 0.39813381
v -0.29086161 -0.06991673 0.41000366
v -0.28208786 -0.06991673 0.42299268
v -0.27546906 -0.04996468 0.43381119
v -0.27598214 -0.02990478 0.43455732
v -0.26546392 -0.04996468 0.44713935
v -0.23129249 -0.00995272 0.49044734
v -0.22077425 -0.02990478 0.50085890
v -0.25766504 -0.04996468 0.45714393
v -0.24709548 -0.06991673 0.46853900
v -0.23868090 -0.06991673 0.47854358
v -0.22872706 -0.06991673 0.48963341
v -0.22764958 -0.05158241 0.49200737
v -0.14145137 0.26991519 0.58106518
v -0.14124614 0.24996313 0.58092952
v -0.14073306 0.20995119 0.58055645
v -0.14011735 0.16993925 0.58011556
v -0.19265722 0.07007116 0.53324664
v -0.19168235 0.03005922 0.53236485
v -0.20189273 0.01010717 0.52188545
v -0.21138480 -0.00995272 0.51140612
v -0.20086657 -0.02990478 0.52086806
v -0.20137966 -0.00995272 0.52137679
v -0.16217999 0.13003515 0.56180209
v -0.17141551 0.09002320 0.55274707
v -0.18265206 0.07007116 0.54236943
v -0.16182083 0.11008310 0.56149685
v -0.14796755 0.15182063 0.57353628
v -0.14996858 0.13003515 0.57136577
v -0.13996343 0.15980145 0.57997990
v -0.12995827 0.30992714 0.58974707
v -0.12995827 0.26991519 0.58927232
v -0.09255442 0.46997494 0.61538595
v -0.09255442 0.44991499 0.61541986
v -0.09255442 0.42996299 0.61541986
v -0.09255442 0.40990305 0.61538595
v -0.09250311 0.38995099 0.61535203
v -0.11764425 0.30992714 0.59842902
v -0.09229787 0.34993908 0.61525035
v -0.10763910 0.30992714 0.60504222
v -0.09204133 0.30992714 0.61504686
v -0.09219526 0.32998705 0.61514854
v -0.08254927 0.46997494 0.62155831
v -0.06997870 0.46997494 0.62881589
v -0.06997870 0.48992693 0.62874806
v -0.04463232 0.52993888 0.64241529
v -0.03000941 0.52993888 0.64984244
v -0.05489401 0.48992693 0.63722646
v -0.04488886 0.48992693 0.64255095
v -0.04478624 0.50998688 0.64248312
v -0.00420126 0.54999882 0.66184795
v 0.00995988 0.54999882 0.66788459
v -0.01441164 0.52993888 0.65740526
v 0.02997018 0.54999882 0.67592221
v 0.03191990 0.53015459 0.67687178
v 0.03971878 0.50998688 0.68009359
v 0.04803076 0.53015459 0.68284065
v 0.05044225 0.56995082 0.68331540
v 0.06999077 0.56995082 0.68979299
v 0.08994976 0.56995082 0.69572788
v 0.10287949 0.56995082 0.69925493
v 0.11350034 0.58990288 0.70156109
v 0.12997036 0.58990288 0.70529163
v 0.14998065 0.58990288 0.70929343
v 0.16999096 0.58990288 0.71275264
v 0.19246405 0.58990288 0.71594054
v 0.18994993 0.56995082 0.71597445
v 0.19246405 0.56488192 0.57899642
v 0.19246405 0.54989094 0.57652068
v -0.17398094 0.58990288 0.37144363
v -0.31600273 -0.05158241 0.37144363
v -0.31554097 -0.04996468 0.37239322
v -0.30497143 -0.06991673 0.38812923
v -0.29814738 -0.08997662 0.39715034
v -0.28839880 -0.10992867 0.41000366
v -0.28963017 -0.08997662 0.41000366
v -0.28085643 -0.10992867 0.42126307
v -0.28147215 -0.08997662 0.42214483
v -0.27490467 -0.06991673 0.43299729
v -0.26489952 -0.06991673 0.44639325
v -0.21087171 -0.02990478 0.51086348
v -0.21995331 -0.05934753 0.49997714
v -0.25710064 -0.06991673 0.45639783
v -0.24647978 -0.08997662 0.46782678
v -0.23806520 -0.08997662 0.47783139
v -0.22682865 -0.12998857 0.48763248
v -0.21964546 -0.06991673 0.49963799
v -0.12995827 0.22990325 0.58862793
v -0.12995827 0.24996313 0.58896708
v -0.12995827 0.20995119 0.58825487
v -0.12995827 0.16993925 0.58737314
v -0.18167721 0.03005922 0.54152161
v -0.19116926 0.01010717 0.53189009
v -0.18116412 0.01010717 0.54108071
v -0.20030217 -0.04996468 0.52032542
v -0.18814206 -0.03065972 0.53263617
v -0.14996858 0.11008310 0.57078928
v -0.16141036 0.09002320 0.56115770
v -0.17095374 0.07007116 0.55234009
v -0.16094859 0.07007116 0.56078470
v -0.13970688 0.14642818 0.57981032
v -0.12939389 0.13003515 0.58676267
v -0.13180539 0.15182063 0.58560961
v -0.11707985 0.24996313 0.59805602
v -0.11728509 0.26991519 0.59819162
v -0.11749032 0.28997508 0.59829336
v -0.08254927 0.42996299 0.62155831
v -0.08254927 0.40990305 0.62152439
v -0.08249796 0.38995099 0.62149048
v -0.08239534 0.36999899 0.62145656
v -0.10748518 0.28997508 0.60494053
v -0.08203618 0.30992714 0.62125307
v -0.08219011 0.32998705 0.62132090
v -0.08229273 0.34993908 0.62138873
v -0.09188741 0.28997508 0.61494511
v -0.05494532 0.46997494 0.63726044
v -0.06997870 0.42996299 0.62881589
v -0.03000941 0.50998688 0.64997810
v -0.01456556 0.50998688 0.65747309
v -0.04494017 0.46997494 0.64258486
v -0.03000941 0.46997494 0.65014768
v -0.03000941 0.48992693 0.65007985
v -0.00440649 0.52993888 0.66194969
v 0.00995988 0.50998688 0.66822374
v 0.02971364 0.50998688 0.67619348
v 0.03951355 0.48992693 0.68016142
v 0.04998048 0.48992693 0.68385804
v 0.04998048 0.50998688 0.68368846
v 0.06999077 0.54999882 0.68996251
v 0.08994976 0.54999882 0.69589746
v 0.10118632 0.46997494 0.69969583
v 0.10180202 0.50998688 0.69952625
v 0.10252033 0.54999882 0.69935668
v 0.11288464 0.56995082 0.70169675
v 0.12997036 0.56995082 0.70559680
v 0.14998065 0.56995082 0.70963258
v 0.16999096 0.56995082 0.71305788
v 0.19246405 0.56995082 0.71627969
v 0.18994993 0.54999882 0.71621186
v 0.19246405 0.54751825 0.57618153
v -0.16885009 0.57059795 0.37144363
v -0.31497657 -0.06991673 0.37144363
v -0.30435574 -0.08997662 0.38714576
v -0.30374002 -0.10992867 0.38612831
v -0.29686469 -0.12998857 0.39508158
v -0.28034335 -0.12545891 0.42055088
v -0.28614122 -0.14994062 0.40932542
v -0.28567946 -0.13128276 0.41193676
v -0.27952242 -0.14994062 0.41933000
v -0.27988160 -0.13883217 0.41990653
v -0.27428895 -0.08997662 0.43214941
v -0.27434027 -0.13128276 0.42835107
v -0.26366812 -0.10992867 0.44479930
v -0.26428384 -0.08997662 0.44561321
v -0.21220574 -0.05158241 0.50825208
v -0.19999433 -0.06031817 0.52005410
v -0.20769060 -0.06819114 0.51181304
v -0.20902461 -0.08997662 0.50913388
v -0.25648493 -0.08997662 0.45561782
v -0.24586408 -0.10992867 0.46708068
v -0.23744950 -0.10992867 0.47708529
v -0.23683380 -0.12998857 0.47630525
v -0.22611032 -0.14994062 0.48688638
v -0.21708004 -0.14994062 0.49689096
v -0.21774705 -0.12998857 0.49760315
v -0.21836275 -0.10992867 0.49831536
v -0.20774190 -0.12998857 0.50787908
v -0.11687462 0.22990325 0.59785253
v -0.11631023 0.18999915 0.59747946
v -0.11559191 0.14998721 0.59700465
v -0.11595108 0.16993925 0.59724206
v -0.17044064 0.05001126 0.55193317
v -0.18024057 -0.02451234 0.54023290
v -0.16997889 0.01010717 0.55054271
v -0.18998918 -0.04996468 0.52988917
v -0.17983010 -0.03777775 0.53992766
v -0.14996858 0.09002320 0.57011098
v -0.13857810 0.09002320 0.57892859
v -0.13898857 0.11008310 0.57926774
v -0.13939904 0.13003515 0.57957292
v -0.14996858 0.07007116 0.56936485
v -0.15976849 0.02434322 0.55980116
v -0.11523275 0.13003515 0.59673333
v -0.12903473 0.11008310 0.58645743
v -0.10686947 0.22990325 0.60453355
v -0.10727994 0.26991519 0.60480487
v -0.06997870 0.40990305 0.62878191
v -0.06997870 0.36999899 0.62864631
v -0.06997870 0.34993908 0.62854457
v -0.06997870 0.30992714 0.62823933
v -0.06997870 0.32998705 0.62840891
v -0.08167702 0.26991519 0.62101567
v -0.06997870 0.28997508 0.62803584
v -0.09168217 0.26991519 0.61480945
v -0.05494532 0.42996299 0.63726044
v -0.05489401 0.38995099 0.63722646
v -0.01477080 0.46997494 0.65754092
v -0.00476564 0.46997494 0.66211927
v -0.00466303 0.48992693 0.66208535
v -0.00456041 0.50998688 0.66201752
v -0.04494017 0.40990305 0.64258486
v -0.03000941 0.42996299 0.65018159
v -0.01482211 0.44991499 0.65757477
v -0.01492472 0.40990305 0.65757477
v -0.01487342 0.42996299 0.65757477
v 0.00995988 0.46997494 0.66849506
v 0.02950840 0.48992693 0.67626131
v 0.03935962 0.46997494 0.68022925
v 0.04998048 0.46997494 0.68395978
v 0.06999077 0.46997494 0.69060689
v 0.06999077 0.48992693 0.69047123
v 0.06999077 0.50998688 0.69030166
v 0.08994976 0.50998688 0.69623661
v 0.10092977 0.44991499 0.69976366
v 0.11067837 0.42996299 0.70227325
v 0.11119147 0.46997494 0.70213759
v 0.11149931 0.48992693 0.70206976
v 0.08994976 0.48992693 0.69640619
v 0.11216633 0.52993888 0.70190024
v 0.11252548 0.54999882 0.70179844
v 0.12997036 0.52993888 0.70600379
v 0.12997036 0.54999882 0.70580029
v 0.14998065 0.54999882 0.70983607
v 0.16999096 0.54999882 0.71329528
v 0.19246405 0.54999882 0.71651709
v 0.18994993 0.50998688 0.71661884
v 0.19246405 0.52993888 0.57367194
v -0.16838831 0.56865668 0.37144363
v -0.31256509 -0.10831094 0.37144363
v -0.31246245 -0.10992867 0.37144363
v -0.30307299 -0.12998857 0.38507700
v -0.30240601 -0.14994062 0.38395783
v -0.29614636 -0.14994062 0.39396244
v -0.28542292 -0.16989265 0.40827405
v -0.27182615 -0.14994062 0.43001285
v -0.27880412 -0.16989265 0.41824475
v -0.27038953 -0.16989265 0.43001285
v -0.27362198 -0.10992867 0.43126768
v -0.26300111 -0.12998857 0.44395143
v -0.26228279 -0.14994062 0.44306970
v -0.25520223 -0.12998857 0.45395604
v -0.19958386 -0.07369143 0.51964718
v -0.18906562 -0.08997662 0.52846479
v -0.19173366 -0.06819114 0.52724385
v -0.19907077 -0.08997662 0.51913846
v -0.24519707 -0.12998857 0.46633458
v -0.24453007 -0.14994062 0.46552065
v -0.23611547 -0.14994062 0.47552526
v -0.22539201 -0.16989265 0.48610637
v -0.20707490 -0.14994062 0.50720078
v -0.21636172 -0.16989265 0.49611095
v -0.20635657 -0.16989265 0.50648856
v -0.19773676 -0.12998857 0.51788366
v -0.19840376 -0.10992867 0.51852798
v -0.10563807 0.14998721 0.60371959
v -0.10594592 0.16993925 0.60395700
v -0.10630508 0.18999915 0.60416049
v -0.15935802 0.01010717 0.55946201
v -0.17947094 -0.04996468 0.53958851
v -0.16946580 -0.04996468 0.54799914
v -0.15812662 -0.02990478 0.55851245
v -0.15874232 -0.00995272 0.55898726
v -0.12857296 0.09002320 0.58615226
v -0.13806501 0.07007116 0.57855552
v -0.14996858 0.05001126 0.56851703
v -0.13750061 0.05001126 0.57814854
v -0.14935288 0.01010717 0.56726223
v -0.11482228 0.11008310 0.59646201
v -0.10522760 0.13003515 0.60348219
v -0.09122039 0.22990325 0.61453813
v -0.10656162 0.20995119 0.60436398
v -0.09096386 0.20995119 0.61436856
v -0.05474009 0.34993908 0.63712478
v -0.05463747 0.32998705 0.63705695
v -0.05448354 0.30992714 0.63698912
v -0.08121525 0.22990325 0.62074435
v -0.06997870 0.24996313 0.62752712
v -0.05407307 0.26991519 0.63675171
v -0.05427831 0.28997508 0.63688737
v -0.04483755 0.36999899 0.64255095
v -0.00486826 0.42996299 0.66218710
v 0.00995988 0.40990305 0.66869855
v 0.00995988 0.42996299 0.66863072
v -0.03000941 0.38995099 0.65018159
v -0.00491957 0.38995099 0.66225493
v -0.00491957 0.40990305 0.66222101
v -0.01492472 0.36999899 0.65757477
v 0.02925186 0.44991499 0.67639697
v 0.02935448 0.46997494 0.67632914
v 0.02899531 0.40990305 0.67646480
v 0.02909793 0.42996299 0.67643094
v 0.03910308 0.42996299 0.68033099
v 0.04998048 0.42996299 0.68416327
v 0.08994976 0.46997494 0.69654185
v 0.06999077 0.42996299 0.69081038
v 0.08994976 0.42996299 0.69681311
v 0.10051930 0.40990305 0.69986540
v 0.11052445 0.40990305 0.70234108
v 0.12997036 0.42996299 0.70678377
v 0.12997036 0.46997494 0.70651251
v 0.12997036 0.50998688 0.70617336
v 0.14998065 0.50998688 0.71024299
v 0.16999096 0.50998688 0.71370220
v 0.19246405 0.52993888 0.71672058
v 0.19246405 0.48992693 0.71709359
v 0.19246405 0.51235956 0.71689016
v 0.18994993 0.46997494 0.71695793
v 0.19246405 0.46997494 0.71726322
v 0.19246405 0.50998688 0.57119620
v -0.16423233 0.54999882 0.37144363
v -0.31128237 -0.12815513 0.37144363
v -0.30979443 -0.14994062 0.37144363
v -0.30168769 -0.16989265 0.38277084
v -0.29542804 -0.16989265 0.39277545
v -0.28465328 -0.18995257 0.40712100
v -0.27803448 -0.18995257 0.41712558
v -0.26084614 -0.18995257 0.44113660
v -0.26156446 -0.16989265 0.44212011
v -0.26885027 -0.18995257 0.43001285
v -0.25448391 -0.14994062 0.45307428
v -0.25381690 -0.16989265 0.45212469
v -0.24381174 -0.16989265 0.46467280
v -0.17752123 -0.10992867 0.53785890
v -0.17818823 -0.08997662 0.53843546
v -0.17885524 -0.06991673 0.53901196
v -0.18773159 -0.12998857 0.52724385
v -0.23467883 -0.18995257 0.47376174
v -0.22467369 -0.18995257 0.48529243
v -0.19706973 -0.14994062 0.51720536
v -0.21559210 -0.18995257 0.49529701
v -0.20481732 -0.20990460 0.50496244
v -0.20558694 -0.18995257 0.50574249
v -0.19558179 -0.18995257 0.51574707
v -0.18706459 -0.14994062 0.52659953
v -0.09034815 0.16993925 0.61396158
v -0.08998899 0.13003515 0.61324942
v -0.16885009 -0.06991673 0.54745650
v -0.15751092 -0.04996468 0.55800372
v -0.14750578 -0.04996468 0.56583786
v -0.14873718 -0.00995272 0.56678742
v -0.12805986 0.07007116 0.58577919
v -0.11436051 0.09002320 0.59615684
v -0.12749547 0.05001126 0.58537221
v -0.13626921 0.01010717 0.57726681
v -0.12631539 0.01010717 0.58452439
v -0.10481714 0.11008310 0.60321093
v -0.08034300 0.16993925 0.62020171
v -0.08065085 0.18999915 0.62040520
v -0.08095871 0.20995119 0.62057477
v -0.04463232 0.32998705 0.64244926
v -0.04447839 0.30992714 0.64234746
v -0.06997870 0.22990325 0.62722188
v -0.06997870 0.20995119 0.62691671
v -0.05355999 0.22990325 0.63648039
v -0.04406793 0.26991519 0.64211011
v -0.04427316 0.28997508 0.64224577
v -0.03000941 0.34993908 0.65004593
v 0.02894401 0.38995099 0.67649877
v 0.00995988 0.36999899 0.66876638
v -0.00491957 0.36999899 0.66225493
v -0.01482211 0.34993908 0.65754092
v 0.03900047 0.40990305 0.68036491
v 0.04998048 0.38995099 0.68429893
v 0.06999077 0.38995099 0.69094604
v 0.08994976 0.38995099 0.69694877
v 0.10031407 0.36999899 0.69989932
v 0.11037053 0.38995099 0.70237499
v 0.12997036 0.40990305 0.70688558
v 0.14998065 0.38995099 0.71109086
v 0.14998065 0.40990305 0.71098912
v 0.14998065 0.42996299 0.71085346
v 0.14998065 0.46997494 0.71058214
v 0.16999096 0.46997494 0.71404135
v 0.18994993 0.44991499 0.71712756
v 0.19246405 0.44991499 0.71743274
v 0.19246405 0.50750631 0.57092494
v -0.16023028 0.52993888 0.37144363
v -0.16253915 0.54169446 0.37144363
v -0.30835778 -0.16989265 0.37144363
v -0.30091804 -0.18995257 0.38154995
v -0.29465842 -0.18995257 0.39152062
v -0.28388363 -0.20990460 0.40593404
v -0.27721354 -0.20990460 0.41593862
v -0.26638746 -0.22996451 0.42892760
v -0.26597700 -0.21022816 0.43181029
v -0.25304729 -0.18995257 0.45114118
v -0.26028174 -0.20375721 0.44042441
v -0.24304211 -0.18995257 0.46375713
v -0.16751607 -0.10992867 0.54630345
v -0.16818309 -0.08997662 0.54691392
v -0.17680290 -0.12998857 0.53724843
v -0.16679776 -0.12998857 0.54572690
v -0.23385790 -0.20990460 0.47277820
v -0.22303182 -0.22996451 0.48346108
v -0.22385275 -0.20990460 0.48441067
v -0.21482247 -0.20990460 0.49441525
v -0.18634626 -0.16989265 0.52592123
v -0.19476086 -0.20990460 0.51496702
v -0.20399639 -0.22996451 0.50411463
v -0.18475571 -0.20990460 0.52449685
v -0.18557665 -0.18995257 0.52520901
v -0.17608458 -0.14994062 0.53660411
v -0.08803927 0.14977150 0.61494511
v -0.07988123 0.14297703 0.61993045
v -0.08998899 0.11008310 0.61270678
v -0.07916291 0.11008310 0.61948955
v -0.14683875 -0.06991673 0.56529522
v -0.15612559 -0.08997662 0.55688459
v -0.13437080 -0.04996468 0.57580853
v -0.13503781 -0.02990478 0.57631719
v -0.13565353 -0.00995272 0.57679200
v -0.13298547 -0.08997662 0.57475716
v -0.11379611 0.07007116 0.59578377
v -0.10322657 0.05001126 0.60215956
v -0.10379097 0.07007116 0.60253263
v -0.10435537 0.09002320 0.60287178
v -0.11323172 0.05001126 0.59537679
v -0.11200032 0.01010717 0.59452897
v -0.11261602 0.03005922 0.59496981
v -0.12564838 -0.00995272 0.58408350
v -0.08998899 0.09002320 0.61209631
v -0.06997870 0.16993925 0.62620449
v -0.07192842 0.14977150 0.62467837
v -0.06997870 0.18999915 0.62657756
v -0.03000941 0.32998705 0.64991027
v -0.03000941 0.30992714 0.64970678
v -0.03000941 0.28997508 0.64950329
v -0.04355484 0.22990325 0.64183879
v -0.05294429 0.18999915 0.63614124
v 0.02894401 0.36999899 0.67649877
v 0.03894915 0.36999899 0.68039882
v 0.00995988 0.34993908 0.66869855
v 0.02899531 0.32998705 0.67643094
v 0.02894401 0.34993908 0.67646480
v -0.00481696 0.34993908 0.66222101
v -0.01466818 0.32998705 0.65743917
v -0.00466303 0.32998705 0.66215318
v 0.06999077 0.36999899 0.69097996
v 0.04998048 0.34993908 0.68433285
v 0.06999077 0.34993908 0.69101387
v 0.08994976 0.36999899 0.69698268
v 0.10026276 0.34993908 0.69989932
v 0.11026791 0.34993908 0.70240891
v 0.12997036 0.36999899 0.70702124
v 0.14998065 0.36999899 0.71112478
v 0.16999096 0.36999899 0.71461791
v 0.16999096 0.40990305 0.71448225
v 0.16999096 0.42996299 0.71434659
v 0.16999096 0.44991499 0.71421093
v 0.18994993 0.42996299 0.71726322
v 0.19246405 0.42996299 0.71756840
v 0.19246405 0.48992693 0.56905967
v -0.15674129 0.50998688 0.37144363
v -0.30681854 -0.18995257 0.37144363
v -0.30035365 -0.20440431 0.38060036
v -0.29496628 -0.21065955 0.38836664
v -0.28301141 -0.22996451 0.40467921
v -0.27639261 -0.22996451 0.41468379
v -0.25915298 -0.22996451 0.43893218
v -0.25971735 -0.21702264 0.43967831
v -0.26546392 -0.24991654 0.42763889
v -0.25361165 -0.21022816 0.44825852
v -0.24222118 -0.20990460 0.46277362
v -0.25053316 -0.22996451 0.45002204
v -0.16607943 -0.14994062 0.54511648
v -0.15468895 -0.12998857 0.55573153
v -0.23303697 -0.22996451 0.47172689
v -0.21400154 -0.22996451 0.49346566
v -0.22205696 -0.24991654 0.48240975
v -0.17531496 -0.16989265 0.53592581
v -0.19388862 -0.22996451 0.51411921
v -0.18393478 -0.22996451 0.52368289
v -0.20302153 -0.24991654 0.50316501
v -0.19296506 -0.24991654 0.51316965
v -0.17367309 -0.20990460 0.53450143
v -0.17449403 -0.18995257 0.53521365
v -0.16530982 -0.16989265 0.54450601
v -0.06961954 0.13003515 0.62556010
v -0.06920907 0.11008310 0.62528884
v -0.07864983 0.09002320 0.61918432
v -0.06869598 0.09002320 0.62501752
v -0.14612044 -0.08997662 0.56475258
v -0.14540213 -0.10992867 0.56420994
v -0.14468381 -0.12998857 0.56363344
v -0.12369865 -0.06991673 0.58265913
v -0.12436566 -0.04996468 0.58316779
v -0.12298033 -0.08997662 0.58215040
v -0.13149753 -0.12998857 0.57363802
v -0.12149239 -0.12998857 0.58106518
v -0.10261087 0.03005922 0.60175258
v -0.08998899 0.03005922 0.60985804
v -0.08998899 0.05001126 0.61063802
v -0.08998899 0.07007116 0.61141807
v -0.10199517 0.01010717 0.60131174
v -0.11133331 -0.00995272 0.59408808
v -0.10019937 -0.04327804 0.60015863
v -0.05222597 0.14998721 0.63576818
v -0.05258513 0.16993925 0.63597167
v -0.01446295 0.30992714 0.65733743
v -0.01420641 0.28997508 0.65723568
v -0.03000941 0.26991519 0.64923203
v -0.01343678 0.22990325 0.65682870
v -0.01394986 0.26991519 0.65710002
v -0.03000941 0.22990325 0.64868939
v -0.04293914 0.18999915 0.64149964
v -0.03000941 0.20995119 0.64838415
v 0.03900047 0.32998705 0.68036491
v 0.00995988 0.32998705 0.66859680
v 0.02914924 0.30992714 0.67636311
v 0.03910308 0.30992714 0.68029708
v -0.00445779 0.30992714 0.66205144
v 0.00995988 0.30992714 0.66842723
v 0.04998048 0.30992714 0.68419719
v 0.06999077 0.30992714 0.69091213
v 0.06999077 0.32998705 0.69097996
v 0.08994976 0.30992714 0.69694877
v 0.08994976 0.32998705 0.69698268
v 0.10026276 0.32998705 0.69989932
v 0.11026791 0.32998705 0.70240891
v 0.12997036 0.30992714 0.70702124
v 0.14998065 0.34993908 0.71115869
v 0.16999096 0.34993908 0.71465182
v 0.18994993 0.32998705 0.71760231
v 0.18994993 0.36999899 0.71753448
v 0.18994993 0.40990305 0.71739882
v 0.19246405 0.41292286 0.71767014
v 0.19246405 0.48744643 0.56882226
v 0.19246405 0.46997494 0.56719440
v -0.15356016 0.48992693 0.37144363
v -0.30517668 -0.21055169 0.37144363
v -0.30497143 -0.21065955 0.37181669
v -0.29978925 -0.21777757 0.37971860
v -0.29229826 -0.22996451 0.39002842
v -0.28208786 -0.24991654 0.40328872
v -0.27546906 -0.24991654 0.41329330
v -0.25822943 -0.24991654 0.43764347
v -0.24694157 -0.25174999 0.45198902
v -0.26438642 -0.26997644 0.42618060
v -0.24134894 -0.22996451 0.46172231
v -0.24057931 -0.24624969 0.46080664
v -0.15391934 -0.14994062 0.55512106
v -0.14391418 -0.14994062 0.56305689
v -0.23360136 -0.25174999 0.46847117
v -0.21302667 -0.24991654 0.49241436
v -0.22097948 -0.26997644 0.48115495
v -0.16448888 -0.18995257 0.54382771
v -0.18295991 -0.24991654 0.52280116
v -0.17280084 -0.22996451 0.53368747
v -0.20194404 -0.26997644 0.50204587
v -0.19183627 -0.26997644 0.51201653
v -0.18183112 -0.26997644 0.52174985
v -0.16366795 -0.20990460 0.54311556
v -0.16279569 -0.22996451 0.54236943
v -0.15309840 -0.16989265 0.55447668
v -0.05181550 0.13003515 0.63556468
v -0.05135373 0.11008310 0.63529342
v -0.07808543 0.07007116 0.61884516
v -0.06813159 0.07007116 0.62467837
v -0.05084064 0.09002320 0.63502210
v -0.10999929 -0.06991673 0.59218889
v -0.11066630 -0.02990478 0.59361327
v -0.10999929 -0.10992867 0.59012014
v -0.10999929 -0.08997662 0.59117150
v -0.13067660 -0.14994062 0.57302755
v -0.12067145 -0.14994062 0.58048862
v -0.10999929 -0.12998857 0.58900100
v -0.07680272 0.03005922 0.61809909
v -0.07746973 0.05001126 0.61847216
v -0.08998899 0.01010717 0.60901016
v -0.09973760 -0.05665131 0.59981954
v -0.09183609 -0.04996468 0.60517788
v -0.08998899 -0.02990478 0.60724664
v -0.08998899 -0.00995272 0.60812843
v -0.04222082 0.14998721 0.64116049
v -0.04257998 0.16993925 0.64133006
v -0.00368817 0.24996313 0.66171229
v -0.00343163 0.22990325 0.66157663
v -0.01312893 0.20995119 0.65665913
v -0.00312378 0.20995119 0.66144097
v -0.03000941 0.18999915 0.64804500
v -0.01271846 0.18999915 0.65652347
v 0.02930316 0.28997508 0.67629528
v 0.03951355 0.26991519 0.68016142
v 0.04998048 0.26991519 0.68392587
v 0.00995988 0.24996313 0.66781676
v 0.00995988 0.26991519 0.66802025
v 0.02950840 0.26991519 0.67619348
v 0.06999077 0.26991519 0.69067472
v 0.06999077 0.28997508 0.69081038
v 0.08994976 0.26991519 0.69674528
v 0.10036539 0.30992714 0.69989932
v 0.10046799 0.28997508 0.69986540
v 0.11037053 0.30992714 0.70237499
v 0.14998065 0.30992714 0.71115869
v 0.11047314 0.28997508 0.70234108
v 0.12997036 0.26991519 0.70688558
v 0.16999096 0.30992714 0.71465182
v 0.18994993 0.30992714 0.71756840
v 0.19246405 0.32998705 0.71790755
v 0.19246405 0.35317454 0.71787363
v 0.19246405 0.37312660 0.71783972
v 0.19246405 0.39297080 0.71777189
v 0.19246405 0.46749437 0.56699091
v -0.15063559 0.46911210 0.37144363
v 0.19246405 0.44743448 0.56536305
v -0.30497143 -0.21303223 0.37144363
v -0.30379134 -0.22694473 0.37144363
v -0.30353481 -0.22996451 0.37144363
v -0.29927617 -0.22996451 0.37880293
v -0.29045111 -0.24991654 0.39002842
v -0.28111300 -0.26997644 0.40172869
v -0.27439159 -0.26997644 0.41173327
v -0.25715196 -0.26997644 0.43618518
v -0.24714680 -0.26997644 0.44920808
v -0.23991230 -0.25951511 0.45995879
v -0.26315504 -0.28992850 0.42445099
v -0.14227231 -0.18995257 0.56176817
v -0.21194920 -0.26997644 0.49115953
v -0.23031762 -0.26997644 0.47003120
v -0.22026116 -0.28194767 0.48034102
v -0.15227747 -0.18995257 0.55379844
v -0.17177467 -0.24991654 0.53280574
v -0.16176952 -0.24991654 0.54155552
v -0.20086657 -0.28615379 0.50096065
v -0.18080497 -0.28539884 0.52080023
v -0.17059457 -0.26997644 0.53175443
v -0.15997373 -0.28000641 0.54002941
v -0.15140522 -0.20990460 0.55308622
v -0.15048167 -0.22996451 0.55234009
v -0.04134858 0.11008310 0.64068568
v -0.04181035 0.13003515 0.64092308
v -0.06751589 0.05001126 0.62430531
v -0.05001970 0.05001126 0.63407248
v -0.04037372 0.07481651 0.64017701
v -0.04083549 0.09002320 0.64041442
v -0.09922452 -0.06991673 0.59951431
v -0.09845489 -0.08997662 0.59900558
v -0.09681302 -0.12998857 0.59792036
v -0.12015837 -0.16201968 0.58011556
v -0.12995827 -0.18995257 0.57099271
v -0.10999929 -0.14994062 0.58784795
v -0.07608441 0.01010717 0.61769211
v -0.06541225 -0.00995272 0.62311834
v -0.06684888 0.03005922 0.62393224
v -0.08921937 -0.06991673 0.60589010
v -0.07387814 -0.04996468 0.61636949
v -0.07464776 -0.02990478 0.61681032
v -0.07536608 -0.00995272 0.61725122
v -0.03000941 0.13003515 0.64689195
v -0.03000941 0.14998721 0.64729893
v -0.03000941 0.16993925 0.64767194
v 0.00995988 0.22990325 0.66757941
v -0.00271331 0.18999915 0.66127139
v 0.00995988 0.18999915 0.66693503
v 0.00995988 0.20995119 0.66727418
v -0.01189752 0.14998721 0.65615040
v -0.00235415 0.16993925 0.66106796
v 0.03977009 0.24996313 0.68005967
v 0.04998048 0.24996313 0.68372238
v 0.06999077 0.22990325 0.69033557
v 0.06999077 0.24996313 0.69053906
v 0.02976494 0.24996313 0.67609179
v 0.08994976 0.24996313 0.69664359
v 0.10087846 0.24996313 0.69976366
v 0.11088361 0.24996313 0.70227325
v 0.11067837 0.26991519 0.70230716
v 0.16999096 0.28997508 0.71461791
v 0.14998065 0.26991519 0.71102303
v 0.16999096 0.26991519 0.71455008
v 0.12997036 0.22990325 0.70668209
v 0.14998065 0.22990325 0.71085346
v 0.14998065 0.24996313 0.71095520
v 0.18994993 0.28997508 0.71753448
v 0.19246405 0.30992714 0.71787363
v 0.19246405 0.42996299 0.56407434
v -0.14817278 0.44894439 0.37144363
v -0.30240601 -0.24269067 0.37144363
v -0.29835263 -0.24991654 0.37727681
v -0.28845012 -0.26997644 0.39002842
v -0.28034335 -0.28291833 0.40060955
v -0.27423766 -0.28971279 0.40837580
v -0.25586921 -0.28992850 0.43445557
v -0.24586408 -0.28992850 0.44758022
v -0.23934790 -0.26997644 0.45921266
v -0.26171839 -0.30998838 0.42241615
v -0.14140007 -0.20990460 0.56108987
v -0.22657210 -0.28917354 0.47155732
v -0.21928631 -0.29521310 0.47922185
v -0.21010210 -0.29068345 0.49014211
v -0.16058943 -0.26997644 0.54057199
v -0.13919380 -0.25336772 0.55939418
v -0.14796755 -0.24797527 0.55284882
v -0.13996343 -0.23999445 0.56000465
v -0.19989170 -0.29941922 0.49994323
v -0.19034833 -0.29240900 0.51038867
v -0.17977878 -0.29877210 0.51985067
v -0.16987626 -0.28938925 0.52995700
v -0.15889625 -0.29327178 0.53911370
v -0.15130261 -0.28798723 0.54593039
v -0.13667968 -0.28992850 0.55742717
v -0.13816763 -0.26997644 0.55858028
v -0.14996858 -0.26997644 0.54911828
v -0.14047652 -0.22996451 0.56034380
v -0.03000941 0.11008310 0.64641714
v -0.05001970 0.03005922 0.63332641
v -0.03955278 0.05001126 0.63973612
v -0.03000941 0.09002320 0.64587450
v -0.02954763 0.05001126 0.64482319
v -0.08844974 -0.08997662 0.60538137
v -0.08680787 -0.12998857 0.60436398
v -0.09594078 -0.14994062 0.59734380
v -0.11174378 -0.16913773 0.58547395
v -0.11892696 -0.18995257 0.57923383
v -0.10892181 -0.18995257 0.58611834
v -0.06469393 -0.02990478 0.62271136
v -0.05001970 0.01010717 0.63254637
v -0.07310851 -0.06991673 0.61589468
v -0.06392430 -0.04996468 0.62227046
v -0.01143575 0.13003515 0.65594697
v 0.02997018 0.20995119 0.67565089
v 0.00995988 0.16993925 0.66656196
v 0.02997018 0.18999915 0.67534566
v -0.00143060 0.13003515 0.66066098
v 0.00995988 0.13003515 0.66574806
v 0.03191990 0.23108958 0.67673612
v 0.03992402 0.23842330 0.67999184
v 0.04808206 0.23108958 0.68284065
v 0.05044225 0.20995119 0.68345106
v 0.06999077 0.20995119 0.69013214
v 0.08994976 0.22990325 0.69647402
v 0.10118632 0.22990325 0.69969583
v 0.11119147 0.22990325 0.70220542
v 0.16999096 0.24996313 0.71448225
v 0.18994993 0.26991519 0.71746665
v 0.12997036 0.20995119 0.70651251
v 0.16999096 0.22990325 0.71438050
v 0.14998065 0.20995119 0.71068388
v 0.19246405 0.28997508 0.71783972
v 0.19246405 0.40990305 0.56278557
v -0.14812148 0.44851297 0.37144363
v -0.30173898 -0.24991654 0.37144363
v -0.30076414 -0.25983864 0.37144363
v -0.29973796 -0.26997644 0.37144363
v -0.29732645 -0.26997644 0.37554720
v -0.29614636 -0.28992850 0.37354630
v -0.28511506 -0.28971279 0.39155453
v -0.27947110 -0.29618371 0.39925298
v -0.27018428 -0.30998838 0.41000366
v -0.25432998 -0.30998838 0.43242073
v -0.24432483 -0.30998838 0.44561321
v -0.23801389 -0.28992850 0.45758480
v -0.26058960 -0.32303810 0.42089003
v -0.12995827 -0.20990460 0.56963617
v -0.12995827 -0.22996451 0.56824571
v -0.22646949 -0.30998838 0.46782678
v -0.21810621 -0.30998838 0.47783139
v -0.20810106 -0.30998838 0.48895514
v -0.12816249 -0.26997644 0.56617695
v -0.13149753 -0.24797527 0.56566828
v -0.19896816 -0.30998838 0.49895972
v -0.18896300 -0.30998838 0.50886256
v -0.17875263 -0.30998838 0.51886714
v -0.16874747 -0.30998838 0.52782041
v -0.15735701 -0.30998838 0.53782499
v -0.14735185 -0.30998838 0.54599822
v -0.12667453 -0.28992850 0.56505781
v -0.13483259 -0.30998838 0.55596888
v -0.12482743 -0.30998838 0.56366736
v -0.01040958 0.09002320 0.65543824
v -0.01092266 0.11008310 0.65570956
v -0.03739782 -0.00995272 0.63861698
v -0.02739268 -0.00995272 0.64377189
v -0.02811100 0.01010717 0.64414489
v -0.01005042 0.05001126 0.65442079
v -0.01005042 0.03005922 0.65377647
v -0.07228757 -0.08997662 0.61538595
v -0.07059440 -0.12998857 0.61436856
v -0.08593562 -0.14994062 0.60378742
v -0.09409367 -0.18995257 0.59612292
v -0.08408852 -0.18995257 0.60260046
v -0.08501207 -0.16989265 0.60321093
v -0.11795210 -0.20990460 0.57855552
v -0.10697209 -0.22996451 0.58479565
v -0.10794695 -0.20990460 0.58547395
v -0.05001970 -0.02990478 0.63091850
v -0.05001970 -0.00995272 0.63173246
v -0.05001970 -0.04996468 0.63007069
v -0.06315467 -0.06991673 0.62179571
v -0.06233374 -0.08997662 0.62132090
v -0.05001970 -0.06991673 0.62918890
v -0.00096882 0.11008310 0.66042358
v 0.04043710 0.20995119 0.67982233
v 0.02997018 0.14998721 0.67459953
v 0.02997018 0.16993925 0.67497259
v 0.04130935 0.16993925 0.67948318
v 0.04084757 0.18999915 0.67965269
v 0.00995988 0.11008310 0.66527325
v 0.02997018 0.11008310 0.67375171
v 0.02997018 0.13003515 0.67419261
v 0.04018056 0.22515789 0.67992401
v 0.06999077 0.18999915 0.68986082
v 0.05131450 0.16993925 0.68314588
v 0.08994976 0.16993925 0.69572788
v 0.08994976 0.20995119 0.69627053
v 0.10154547 0.20995119 0.69959408
v 0.11155063 0.20995119 0.70210367
v 0.18994993 0.24996313 0.71739882
v 0.19246405 0.26991519 0.71777189
v 0.11201240 0.18999915 0.70200193
v 0.12997036 0.18999915 0.70627511
v 0.14998065 0.18999915 0.71048045
v 0.18994993 0.22990325 0.71729708
v 0.16999096 0.20995119 0.71421093
v 0.18994993 0.20995119 0.71716142
v 0.19246405 0.40753037 0.56264991
v -0.14617175 0.42996299 0.37144363
v -0.29737777 -0.28992850 0.37144363
v -0.29696730 -0.29284042 0.37144363
v -0.29594111 -0.29995847 0.37144363
v -0.29424796 -0.31149828 0.37144363
v -0.28470457 -0.30998838 0.38765445
v -0.27849627 -0.30998838 0.39762512
v -0.24247773 -0.32994044 0.44327316
v -0.23647463 -0.30998838 0.45561782
v -0.26572046 -0.32983261 0.41139415
v -0.25925559 -0.33641136 0.41899085
v -0.25356036 -0.32983261 0.42852065
v -0.11697724 -0.22996451 0.57784331
v -0.22462238 -0.32994044 0.46558848
v -0.21615648 -0.32994044 0.47559306
v -0.20615134 -0.32994044 0.48678464
v -0.11461705 -0.26997644 0.57618153
v -0.11584845 -0.24991654 0.57706332
v -0.19686450 -0.32994044 0.49678922
v -0.18685937 -0.32994044 0.50686163
v -0.17659767 -0.32994044 0.51686621
v -0.16659251 -0.32994044 0.52595514
v -0.15515074 -0.32994044 0.53592581
v -0.14514558 -0.32994044 0.54423469
v -0.11307780 -0.28992850 0.57506239
v -0.13257501 -0.32994044 0.55417144
v -0.12256986 -0.32994044 0.56197166
v -0.11112808 -0.30998838 0.57367194
v -0.00804939 0.07158104 0.65601480
v -0.00009658 0.07923832 0.66001660
v -0.03662820 -0.02990478 0.63821000
v -0.02662305 -0.02990478 0.64336491
v -0.01005042 -0.02990478 0.65157205
v -0.01005042 -0.00995272 0.65231818
v -0.01005042 0.01010717 0.65306425
v 0.00087828 0.05001126 0.65957570
v 0.00159660 0.03005922 0.65923661
v 0.00313585 -0.00995272 0.65855831
v -0.06064056 -0.12998857 0.62033737
v -0.06997870 -0.16989265 0.61246938
v -0.06808028 -0.14864643 0.61484337
v -0.06012747 -0.14109699 0.62003219
v -0.09311881 -0.20990460 0.59547853
v -0.08311366 -0.20990460 0.60198998
v -0.06997870 -0.18995257 0.61128241
v -0.09204133 -0.22996451 0.59480023
v -0.10589461 -0.24991654 0.58404958
v -0.03498633 -0.06991673 0.63736212
v -0.05001970 -0.08997662 0.62823933
v -0.03411409 -0.08997662 0.63688737
v 0.00995988 0.09002320 0.66476452
v 0.04182243 0.14998721 0.67931360
v 0.02997018 0.09002320 0.67324299
v 0.04295122 0.11008310 0.67890662
v 0.04233552 0.13003515 0.67911011
v 0.06999077 0.16993925 0.68952167
v 0.06999077 0.14998721 0.68918252
v 0.05234066 0.13003515 0.68277282
v 0.08994976 0.14998721 0.69538873
v 0.10257164 0.16993925 0.69932276
v 0.10200725 0.18999915 0.69945842
v 0.19246405 0.24996313 0.71770406
v 0.11257680 0.16993925 0.70186627
v 0.12997036 0.16993925 0.70600379
v 0.14998065 0.16993925 0.71020913
v 0.16999096 0.18999915 0.71400744
v 0.19246405 0.22990325 0.71760231
v 0.19246405 0.21286312 0.71746665
v 0.18994993 0.18999915 0.71695793
v 0.19246405 0.19280322 0.71726322
v 0.19246405 0.39135307 0.56173426
v 0.19246405 0.38811761 0.56156468
v -0.14442727 0.40990305 0.37144363
v -0.29106683 -0.32994044 0.37144363
v -0.28296012 -0.32994044 0.38487351
v -0.27670047 -0.32994044 0.39487809
v -0.24098977 -0.34417647 0.44130617
v -0.23462753 -0.32994044 0.45327777
v -0.26459166 -0.34989250 0.40681577
v -0.25771636 -0.34989250 0.41682035
v -0.24678764 -0.35043174 0.43153897
v -0.22236481 -0.34989250 0.46287537
v -0.21384761 -0.34989250 0.47287995
v -0.20384246 -0.34989250 0.48420718
v -0.10461190 -0.26997644 0.58316779
v -0.10307265 -0.28992850 0.58211648
v -0.19440171 -0.34989250 0.49421176
v -0.18439655 -0.34989250 0.50441986
v -0.17403224 -0.34989250 0.51442444
v -0.16402709 -0.34989250 0.52364898
v -0.15248269 -0.34989250 0.53365356
v -0.14247754 -0.34989250 0.54206425
v -0.12087668 -0.34288234 0.56064904
v -0.10112293 -0.30998838 0.58075994
v -0.10799827 -0.32810700 0.57282406
v -0.10004545 -0.32012618 0.58001381
v 0.01088343 0.05001126 0.66401845
v 0.00821539 0.07158104 0.66347581
v -0.02498118 -0.06991673 0.64255095
v -0.02580211 -0.04996468 0.64295793
v -0.01005042 -0.04996468 0.65075815
v 0.00400810 -0.02990478 0.65818524
v 0.01160175 0.03005922 0.66371322
v 0.01488549 -0.04996468 0.66225493
v 0.01314101 -0.00995272 0.66300100
v 0.01237138 0.01010717 0.66337407
v -0.05171289 -0.14864643 0.62437314
v -0.05001970 -0.12998857 0.62627232
v -0.05951177 -0.15447028 0.61965913
v -0.06997870 -0.20990460 0.61002755
v -0.08203618 -0.22996451 0.60131174
v -0.05658719 -0.20990460 0.61803126
v -0.05766467 -0.18995257 0.61864173
v -0.09086124 -0.24991654 0.59402025
v -0.08090740 -0.24991654 0.60056561
v -0.03319053 -0.10992867 0.63641256
v -0.02410894 -0.08997662 0.64207619
v -0.02226183 -0.12998857 0.64112657
v 0.02997018 0.07007116 0.67270041
v 0.04361822 0.09002320 0.67863530
v 0.05362338 0.09002320 0.68229800
v 0.05295637 0.11008310 0.68253541
v 0.06999077 0.13003515 0.68880945
v 0.06999077 0.11008310 0.68836856
v 0.08994976 0.13003515 0.69501567
v 0.10318734 0.14998721 0.69915318
v 0.11319250 0.14998721 0.70169675
v 0.12997036 0.14998721 0.70566463
v 0.14998065 0.14998721 0.70986998
v 0.16999096 0.16993925 0.71373618
v 0.19246405 0.18999915 0.71722925
v 0.18994993 0.16993925 0.71668667
v 0.19246405 0.16983140 0.71695793
v 0.19246405 0.36999899 0.56071687
v 0.19246405 -0.42074925 0.52395421
v -0.14391418 0.40310860 0.37144363
v -0.28131825 -0.34600991 0.38222823
v -0.28644907 -0.35194165 0.37144363
v -0.28629515 -0.35161805 0.37188452
v -0.27557167 -0.35161805 0.38935015
v -0.23939922 -0.35744190 0.43923742
v -0.23355006 -0.35043174 0.44880113
v -0.26202625 -0.36995238 0.40308523
v -0.25509959 -0.36995238 0.41308984
v -0.24509446 -0.36995238 0.42696059
v -0.22077425 -0.36261868 0.46094227
v -0.20168750 -0.36563843 0.48190105
v -0.08809058 -0.26868224 0.59422374
v -0.08998899 -0.28992850 0.59073061
v -0.18203637 -0.36650121 0.50204587
v -0.16171822 -0.36531490 0.52161419
v -0.14068174 -0.36197156 0.54057199
v -0.12852165 -0.34967679 0.55308622
v -0.11882435 -0.35625559 0.55912292
v -0.11128201 -0.34967679 0.56604129
v -0.09814703 -0.33349943 0.57875901
v -0.08998899 -0.30998838 0.58808529
v -0.09091254 -0.32810700 0.58455825
v -0.07567394 -0.30998838 0.59730989
v 0.02997018 0.05001126 0.67208993
v -0.01005042 -0.06991673 0.64991027
v 0.00488034 -0.04996468 0.65777826
v 0.02997018 0.03005922 0.67147946
v 0.01580904 -0.06991673 0.66181403
v 0.02997018 -0.04996468 0.66859680
v 0.02997018 -0.00995272 0.67008901
v 0.02997018 0.01010717 0.67080122
v -0.03134343 -0.14994062 0.63542908
v -0.04873700 -0.16989265 0.62488186
v -0.04771082 -0.18995257 0.62430531
v -0.06997870 -0.22996451 0.60867101
v -0.05545840 -0.22996451 0.61735296
v -0.04663335 -0.20990460 0.62369490
v -0.04545325 -0.22996451 0.62305051
v -0.08013777 -0.26124066 0.60009080
v -0.06997870 -0.24991654 0.60717881
v -0.02133828 -0.14994062 0.64065182
v -0.01005042 -0.08997662 0.64899462
v 0.04438785 0.07007116 0.67836398
v 0.04515748 0.05001126 0.67805874
v 0.05439300 0.07007116 0.68202668
v 0.06999077 0.09002320 0.68789381
v 0.08994976 0.11008310 0.69460875
v 0.10395697 0.13003515 0.69898361
v 0.11396211 0.13003515 0.70152718
v 0.12997036 0.13003515 0.70529163
v 0.14998065 0.13003515 0.70949692
v 0.16999096 0.14998721 0.71339703
v 0.18994993 0.14998721 0.71634752
v 0.19246405 0.14998721 0.71661884
v 0.19246405 -0.42074925 0.66968203
v -0.08762880 -0.42074925 0.37144363
v -0.14293933 0.38995099 0.37144363
v -0.27983028 -0.35938317 0.37978643
v -0.28285748 -0.36650121 0.37144363
v -0.22657210 -0.36952096 0.45117509
v -0.23765473 -0.36995238 0.43696520
v -0.27049214 -0.36995238 0.39002842
v -0.26043570 -0.38138437 0.40071130
v -0.24206726 -0.38990444 0.42285705
v -0.21882452 -0.37599194 0.45860222
v -0.21025601 -0.37081522 0.47030252
v -0.19963516 -0.37890387 0.47966272
v -0.19086142 -0.37264860 0.49092212
v -0.07916291 -0.27450609 0.59948039
v -0.07777758 -0.28992850 0.59863251
v -0.17993271 -0.37976664 0.49997714
v -0.17085111 -0.37254077 0.51082957
v -0.15951195 -0.37868816 0.51961327
v -0.15012249 -0.37038380 0.53016049
v -0.13837287 -0.37534487 0.53870678
v -0.13098446 -0.36919743 0.54620171
v -0.11636154 -0.36995238 0.55732548
v -0.10635639 -0.36995238 0.56458300
v -0.09563293 -0.34989250 0.57702941
v -0.08562777 -0.34989250 0.58367652
v -0.07300589 -0.32994044 0.59568202
v -0.06305205 -0.32994044 0.60182041
v -0.06572010 -0.30998838 0.60341436
v 0.00580389 -0.06991673 0.65733743
v 0.04690196 0.01010717 0.67744833
v 0.01683521 -0.08997662 0.66137314
v 0.02997018 -0.06991673 0.66774899
v 0.04998048 -0.06991673 0.67551523
v 0.04890300 -0.02990478 0.67670220
v -0.03000941 -0.18995257 0.63390291
v -0.02836754 -0.17097114 0.63583601
v -0.01985033 -0.17841272 0.63990569
v -0.03000941 -0.20990460 0.63271594
v -0.05417569 -0.24991654 0.61660689
v -0.04417054 -0.24991654 0.62233829
v -0.03000941 -0.22996451 0.63142723
v -0.07146664 -0.26868224 0.60466921
v -0.01005042 -0.14994062 0.64614582
v -0.01005042 -0.12998857 0.64709544
v -0.01194883 -0.17097114 0.64414489
v 0.00683007 -0.08997662 0.65689653
v 0.05516263 0.05001126 0.68172145
v 0.08994976 0.07007116 0.69359130
v 0.08994976 0.09002320 0.69410002
v 0.06999077 0.05001126 0.68674076
v 0.08994976 0.05001126 0.69301480
v 0.10570146 0.09002320 0.69850886
v 0.10477790 0.11008310 0.69874620
v 0.11478305 0.11008310 0.70128977
v 0.12997036 0.11008310 0.70488465
v 0.14998065 0.11008310 0.70908993
v 0.16999096 0.13003515 0.71302396
v 0.18994993 0.13003515 0.71597445
v 0.19246405 0.13003515 0.71624577
v 0.19148919 -0.42074925 0.66958034
v 0.19246405 -0.40996432 0.67320907
v -0.26505345 -0.42074925 0.37144363
v -0.28193393 -0.36995238 0.37144363
v -0.27839363 -0.36995238 0.37741247
v -0.23457623 -0.38990444 0.43286163
v -0.22457108 -0.38990444 0.44578278
v -0.26464298 -0.38882595 0.39046931
v -0.25828072 -0.39475763 0.39742166
v -0.25263679 -0.38882595 0.40844363
v -0.24027146 -0.40079719 0.42044914
v -0.21651565 -0.38990444 0.45578736
v -0.20651050 -0.38990444 0.46748766
v -0.19768544 -0.38990444 0.47749224
v -0.18768030 -0.38990444 0.48807338
v -0.06782374 -0.28992850 0.60470313
v -0.17803431 -0.38990444 0.49807796
v -0.16802916 -0.38990444 0.50764167
v -0.15735701 -0.38990444 0.51764625
v -0.14735185 -0.38990444 0.52636212
v -0.13549960 -0.38990444 0.53636670
v -0.12549445 -0.38990444 0.54437035
v -0.11230817 -0.38990444 0.55434102
v -0.10230303 -0.38990444 0.56166643
v -0.09199002 -0.36995238 0.57458758
v -0.08198488 -0.36995238 0.58130252
v -0.06864467 -0.34978461 0.59446114
v -0.05874214 -0.35636342 0.59920907
v -0.06105103 -0.34299016 0.60063344
v -0.05001970 -0.32994044 0.60948497
v -0.05001970 -0.30998838 0.61263895
v -0.04878830 -0.29165405 0.61572510
v 0.05788198 -0.00995272 0.68073797
v 0.05690712 0.01010717 0.68107712
v 0.05603488 0.03005922 0.68141627
v 0.01786138 -0.10992867 0.66093230
v 0.02997018 -0.08997662 0.66686720
v 0.06034479 -0.05665131 0.67985618
v 0.05962646 -0.04338589 0.68012750
v 0.05177627 -0.04996468 0.67697352
v 0.04998048 -0.08997662 0.67463350
v -0.01805454 -0.20990460 0.63899004
v -0.00922948 -0.18995257 0.64441621
v -0.00804939 -0.20990460 0.64387363
v -0.05268775 -0.26997644 0.61575902
v -0.04268260 -0.26997644 0.62149048
v -0.03000941 -0.24991654 0.62996894
v -0.01672052 -0.22996451 0.63834566
v 0.01175568 -0.14994062 0.65628606
v 0.00893371 -0.12998857 0.65594697
v 0.00785623 -0.10992867 0.65642172
v 0.00995988 -0.18995257 0.65340340
v 0.00995988 -0.16989265 0.65445471
v 0.01888755 -0.12998857 0.66045749
v 0.10672763 0.07007116 0.69827139
v 0.06999077 0.03005922 0.68613029
v 0.08994976 0.01010717 0.69172609
v 0.10898520 0.03005922 0.69766098
v 0.10780510 0.05001126 0.69796622
v 0.11668147 0.07007116 0.70081496
v 0.11570661 0.09002320 0.70105237
v 0.12997036 0.09002320 0.70440984
v 0.14998065 0.09002320 0.70861518
v 0.16999096 0.11008310 0.71261698
v 0.18994993 0.11008310 0.71553361
v 0.19246405 0.11256363 0.71587270
v 0.18994993 -0.40996432 0.67290390
v 0.18994993 -0.42074925 0.66937685
v 0.19246405 -0.40834659 0.67368388
v -0.26028174 -0.42074925 0.37968469
v -0.26012784 -0.42031783 0.38026124
v -0.26926073 -0.40996432 0.37144363
v -0.27993292 -0.37696260 0.37144363
v -0.27593082 -0.39033586 0.37144363
v -0.22190304 -0.40500331 0.44245923
v -0.27552038 -0.39163005 0.37144363
v -0.26202625 -0.40996432 0.38324565
v -0.25551009 -0.40996432 0.39321631
v -0.24458137 -0.40845448 0.41013932
v -0.23770604 -0.41406262 0.41685426
v -0.21933761 -0.41837656 0.43920350
v -0.20276497 -0.40996432 0.46321452
v -0.19378600 -0.40996432 0.47321910
v -0.18378085 -0.40996432 0.48400369
v -0.17392963 -0.40996432 0.49400830
v -0.16392449 -0.40996432 0.50377548
v -0.15309840 -0.40996432 0.51378006
v -0.14309324 -0.40996432 0.52273333
v -0.12231332 -0.40478760 0.54182684
v -0.10009676 -0.40015012 0.56007248
v -0.08798796 -0.38796318 0.57211190
v -0.07998385 -0.37998235 0.57997990
v -0.06997870 -0.36995238 0.58886534
v -0.05597149 -0.36995238 0.59754729
v -0.04596634 -0.36995238 0.60344827
v -0.05125111 -0.34978461 0.60494053
v -0.03565334 -0.32994044 0.61762428
v -0.03857792 -0.30998838 0.61921823
v -0.03991194 -0.29941922 0.61993045
v -0.04124596 -0.28604591 0.62067652
v 0.06999077 0.01010717 0.68545198
v 0.01960587 -0.14325397 0.66015226
v 0.02997018 -0.12998857 0.66503584
v 0.06121702 -0.06991673 0.67958486
v 0.07122217 -0.06991673 0.68284065
v 0.06819497 -0.04996468 0.68267107
v 0.06999077 -0.00995272 0.68473983
v 0.04998048 -0.12998857 0.67280209
v 0.06249973 -0.08997662 0.67914402
v 0.00995988 -0.20990460 0.65225035
v -0.00671537 -0.22996451 0.64322925
v -0.03000941 -0.26997644 0.62827325
v -0.01528388 -0.24991654 0.63763344
v 0.02037550 -0.15662725 0.65981311
v 0.02247914 -0.18995257 0.65893137
v 0.02119643 -0.16989265 0.65947402
v 0.11781025 0.05001126 0.70054364
v 0.08994976 -0.00995272 0.69097996
v 0.10996006 -0.00995272 0.69654185
v 0.11899035 0.03005922 0.70023847
v 0.11180717 0.01096996 0.69776273
v 0.11970867 0.01819584 0.70003498
v 0.12997036 0.07007116 0.70390111
v 0.14998065 0.07007116 0.70810646
v 0.16999096 0.05001126 0.71112478
v 0.16999096 0.09002320 0.71214223
v 0.18994993 0.09002320 0.71505880
v 0.19246405 0.09002320 0.71536398
v 0.16999096 -0.40996432 0.66988552
v 0.17004226 -0.42074925 0.66639239
v 0.18835938 -0.38990444 0.67829615
v 0.19246405 -0.39119864 0.67846572
v -0.25966606 -0.42074925 0.38066819
v -0.24304211 -0.42074925 0.40539140
v -0.21379630 -0.41093498 0.44947940
v -0.24042539 -0.42074925 0.40918976
v -0.23678249 -0.42074925 0.41427684
v -0.22036378 -0.42074925 0.43649039
v -0.21882452 -0.42074925 0.43852523
v -0.20055872 -0.42074925 0.46070489
v -0.18147197 -0.42074925 0.48159581
v -0.18018925 -0.42074925 0.48291847
v -0.16151297 -0.42074925 0.50146931
v -0.16007635 -0.42074925 0.50279200
v -0.14063044 -0.42074925 0.52056283
v -0.12934259 -0.41082716 0.53375530
v -0.10958882 -0.40920937 0.54969484
v -0.11908089 -0.41816086 0.53931719
v -0.07680272 -0.39335561 0.57794505
v -0.09660778 -0.41352338 0.55759674
v -0.08993769 -0.40802306 0.56414217
v -0.07008132 -0.38796318 0.58384609
v -0.04955793 -0.39109081 0.59558028
v -0.04257998 -0.38515908 0.60148132
v -0.02811100 -0.36811894 0.61379200
v -0.03211306 -0.34989250 0.61572510
v -0.02210791 -0.34989250 0.62108350
v -0.02564819 -0.32994044 0.62294877
v -0.02857277 -0.30998838 0.62450880
v -0.03195913 -0.29165405 0.62501752
v 0.04998048 -0.14994062 0.67188644
v 0.03120158 -0.16989265 0.66357756
v 0.07250489 -0.08997662 0.68239975
v 0.08994976 -0.04996468 0.68945384
v 0.08994976 -0.02990478 0.69023383
v 0.06999077 -0.02990478 0.68399370
v 0.06527039 -0.12998857 0.67826223
v 0.02391578 -0.20990460 0.65835482
v 0.00995988 -0.22996451 0.65096164
v -0.00527873 -0.24991654 0.64251703
v -0.01353939 -0.26997644 0.63678563
v 0.03248429 -0.18995257 0.66303492
v 0.12997036 0.05001126 0.70335853
v 0.12186362 -0.00995272 0.69956017
v 0.12068352 0.00493042 0.69983149
v 0.10996006 -0.04996468 0.69498181
v 0.12345418 -0.02990478 0.69918710
v 0.12837979 0.01096996 0.70179844
v 0.12997036 0.03005922 0.70274806
v 0.14998065 0.05001126 0.70756382
v 0.16999096 0.03005922 0.71054828
v 0.18994993 0.03005922 0.71346486
v 0.18994993 0.05001126 0.71400744
v 0.18994993 0.07007116 0.71455008
v 0.19246405 0.07255168 0.71492314
v 0.14998065 -0.40996432 0.66629064
v 0.15541935 -0.42074925 0.66388279
v 0.16999096 -0.38990444 0.67548132
v 0.19246405 -0.38936520 0.67897445
v 0.19246405 -0.38494343 0.68012750
v 0.18061179 -0.37955093 0.67989016
v -0.12174892 -0.42074925 0.53602755
v -0.11836257 -0.42074925 0.53877455
v -0.07008132 -0.41179776 0.57604593
v -0.06356514 -0.40629750 0.58221823
v -0.10055853 -0.42074925 0.55172968
v -0.09388843 -0.42074925 0.55654544
v -0.08506338 -0.42074925 0.56275165
v -0.07875244 -0.42074925 0.56699091
v -0.03929624 -0.39853233 0.59954822
v -0.03159997 -0.39109081 0.60585618
v -0.02015819 -0.36013812 0.62003219
v -0.01692575 -0.37351143 0.61840433
v -0.01005042 -0.34989250 0.62715411
v -0.01005042 -0.32994044 0.63085067
v -0.00810070 -0.30826283 0.63508993
v -0.01138444 -0.28992850 0.63573426
v 0.06670703 -0.14994062 0.67778748
v 0.04998048 -0.18995257 0.66978377
v 0.07389021 -0.10992867 0.68195885
v 0.08994976 -0.08997662 0.68775815
v 0.10996006 -0.06991673 0.69416785
v 0.07671218 -0.14994062 0.68104321
v 0.03392093 -0.20990460 0.66245842
v 0.02545504 -0.22996451 0.65771043
v 0.00995988 -0.24991654 0.64953721
v -0.00353424 -0.26997644 0.64166921
v -0.00137929 -0.28992850 0.64065182
v 0.14998065 0.03005922 0.70698726
v 0.13181746 -0.00995272 0.70183241
v 0.12519868 -0.04996468 0.69878012
v 0.13520382 -0.04996468 0.70108628
v 0.13345933 -0.02990478 0.70145935
v 0.14998065 0.01010717 0.70634294
v 0.16999096 0.01010717 0.70993781
v 0.18994993 0.01010717 0.71285439
v 0.19246405 0.03005922 0.71373618
v 0.19246405 0.05001126 0.71431267
v 0.19246405 0.05249179 0.71438050
v 0.13073999 -0.40985650 0.66232276
v 0.13853887 -0.42074925 0.66076273
v 0.14998065 -0.42074925 0.66289926
v 0.14998065 -0.38990444 0.67188644
v 0.16999096 -0.37566841 0.67904228
v 0.19246405 -0.38009018 0.68131447
v 0.18835938 -0.37167799 0.68270499
v 0.16999096 -0.36563843 0.68124670
v -0.05987093 -0.41967076 0.57987815
v -0.05191812 -0.41179776 0.58744097
v -0.05956308 -0.42074925 0.57967466
v -0.03585857 -0.40996432 0.59764904
v -0.02585343 -0.40996432 0.60314310
v 0.00000603 -0.39993441 0.61996436
v -0.01020434 -0.39195359 0.61694598
v -0.01020434 -0.36811894 0.62315226
v -0.00363686 -0.38656116 0.62179571
v 0.00452118 -0.32994044 0.63790476
v 0.01052427 -0.35140234 0.63675171
v 0.00180183 -0.31376308 0.63915956
v -0.00014789 -0.30049771 0.64004135
v 0.06829759 -0.16989265 0.67727876
v 0.04998048 -0.20990460 0.66859680
v 0.06999077 -0.20990460 0.67558306
v 0.08994976 -0.12998857 0.68592680
v 0.10996006 -0.08997662 0.69328606
v 0.12699446 -0.06991673 0.69837320
v 0.08994976 -0.14994062 0.68497717
v 0.07830274 -0.16989265 0.68053448
v 0.03546018 -0.22996451 0.66181403
v 0.02725083 -0.24991654 0.65699828
v 0.00995988 -0.26997644 0.64780760
v 0.00995988 -0.28992850 0.64577281
v 0.14998065 -0.00995272 0.70566463
v 0.14998065 -0.02990478 0.70495248
v 0.13699962 -0.06991673 0.70064539
v 0.14998065 -0.04996468 0.70417243
v 0.16999096 -0.00995272 0.70925951
v 0.18994993 -0.00995272 0.71217608
v 0.19246405 -0.00995272 0.71248132
v 0.19246405 0.01010717 0.71312571
v 0.11611708 -0.40316987 0.66096616
v 0.12458298 -0.41654313 0.65893137
v 0.12997036 -0.38990444 0.66768116
v 0.12668662 -0.42074925 0.65801567
v 0.15105814 -0.36876607 0.67717701
v 0.12997036 -0.36995238 0.67249691
v 0.15844655 -0.36132449 0.68029708
v 0.19246405 -0.37135446 0.68328154
v 0.18994993 -0.34989250 0.68745291
v 0.16999096 -0.34989250 0.68440068
v -0.04930139 -0.42074925 0.58574528
v -0.04160512 -0.42074925 0.59028971
v -0.03216437 -0.42074925 0.59578377
v -0.02246707 -0.42074925 0.60131174
v -0.01005042 -0.40996432 0.61151981
v -0.02010688 -0.42074925 0.60260046
v 0.00795885 -0.39195359 0.62596709
v 0.00334109 -0.40996432 0.61833650
v 0.01334624 -0.40996432 0.62315226
v 0.00995988 -0.36995238 0.63247854
v 0.01452633 -0.32994044 0.64241529
v 0.01755353 -0.34568638 0.64105874
v 0.02037550 -0.35905963 0.63980395
v 0.00908764 -0.30826283 0.64316142
v 0.07163264 -0.19006039 0.67727876
v 0.07938021 -0.18348162 0.68016142
v 0.04998048 -0.22996451 0.66734201
v 0.08189434 -0.20990460 0.67941535
v 0.08056031 -0.19674705 0.67982233
v 0.06999077 -0.22996451 0.67429435
v 0.10996006 -0.12998857 0.69138694
v 0.13115045 -0.09191790 0.69833922
v 0.13864149 -0.08652546 0.70030630
v 0.08994976 -0.16989265 0.68395978
v 0.10996006 -0.14994062 0.69043732
v 0.03725598 -0.24991654 0.66106796
v 0.03125289 -0.27105492 0.65682870
v 0.03879523 -0.26512325 0.66045749
v 0.02997018 -0.30998838 0.65191120
v 0.02997018 -0.28992850 0.65435302
v 0.16999096 -0.02990478 0.70854735
v 0.14998065 -0.06991673 0.70332462
v 0.16999096 -0.06991673 0.70695341
v 0.16999096 -0.04996468 0.70776731
v 0.18994993 -0.02990478 0.71146393
v 0.19246405 -0.02990478 0.71176916
v 0.10965221 -0.39033586 0.66276360
v 0.10277687 -0.39723819 0.65927052
v 0.10965221 -0.40985650 0.65730351
v 0.10980614 -0.42074925 0.65384430
v 0.12001652 -0.42074925 0.65642172
v 0.14510635 -0.35463786 0.67897445
v 0.13130438 -0.34870613 0.67710918
v 0.10996006 -0.34989250 0.67181861
v 0.10996006 -0.36995238 0.66771507
v 0.15105814 -0.34870613 0.68124670
v 0.19246405 -0.34989250 0.68775815
v 0.18994993 -0.32994044 0.69094604
v 0.16999096 -0.32994044 0.68789381
v -0.00414994 -0.42074925 0.61073977
v 0.03038064 -0.39044368 0.63648039
v 0.02330007 -0.36995238 0.63858306
v 0.01704045 -0.42074925 0.62138873
v 0.02997018 -0.40996432 0.63061327
v 0.01975980 -0.42074925 0.62260962
v 0.02997018 -0.32994044 0.64896071
v 0.02822569 -0.35140234 0.64448404
v 0.03330523 -0.36995238 0.64275444
v 0.04998048 -0.24991654 0.66588372
v 0.06999077 -0.24991654 0.67286992
v 0.09189948 -0.20990460 0.68229800
v 0.08410060 -0.22996451 0.67877096
v 0.09405445 -0.22996451 0.68168753
v 0.08830789 -0.19006039 0.68243366
v 0.12997036 -0.12998857 0.69623661
v 0.14002681 -0.09979087 0.69996715
v 0.14797963 -0.09191790 0.70193410
v 0.10996006 -0.18995257 0.68833470
v 0.12997036 -0.14994062 0.69525313
v 0.04033449 -0.27849650 0.65984702
v 0.04818468 -0.27105492 0.66344190
v 0.04531141 -0.30998838 0.65801567
v 0.04202767 -0.28992850 0.65923661
v 0.18994993 -0.04996468 0.71071780
v 0.15121205 -0.10992867 0.70173061
v 0.16999096 -0.08997662 0.70607162
v 0.18994993 -0.08997662 0.70905602
v 0.18994993 -0.06991673 0.70990390
v 0.19246405 -0.04996468 0.71102303
v 0.09656855 -0.38386488 0.66096616
v 0.08994976 -0.39033586 0.65740526
v 0.08994976 -0.40996432 0.65194511
v 0.08933406 -0.42074925 0.64821458
v 0.13889803 -0.34126455 0.68022925
v 0.12473689 -0.32994044 0.67890662
v 0.10996006 -0.32994044 0.67534566
v 0.08994976 -0.34989250 0.66639239
v 0.08994976 -0.36941314 0.66239059
v 0.14998065 -0.32994044 0.68429893
v 0.19246405 -0.32994044 0.69125128
v 0.19246405 -0.32745993 0.69162428
v 0.18994993 -0.30998838 0.69389653
v 0.16999096 -0.30998838 0.69084430
v 0.04166850 -0.39745384 0.63932914
v 0.03735860 -0.38418847 0.64109266
v 0.04900561 -0.41158205 0.63787085
v 0.02991887 -0.42074925 0.62695062
v 0.04998048 -0.34989250 0.65330166
v 0.05085272 -0.33058751 0.65699828
v 0.04998048 -0.36995238 0.64923203
v 0.06999077 -0.26997644 0.67117429
v 0.08651209 -0.24991654 0.67805874
v 0.10996006 -0.20990460 0.68718159
v 0.10996006 -0.22996451 0.68589288
v 0.09651725 -0.24991654 0.68097538
v 0.14120691 -0.10992867 0.69972974
v 0.12997036 -0.18995257 0.69311655
v 0.12997036 -0.16989265 0.69420177
v 0.14608121 -0.14994062 0.69878012
v 0.14361840 -0.12998857 0.69925493
v 0.05203281 -0.28992850 0.66293317
v 0.05808721 -0.32433230 0.66066098
v 0.05531655 -0.30998838 0.66171229
v 0.19246405 -0.06743620 0.71031082
v 0.15362355 -0.12998857 0.70125586
v 0.16999096 -0.12998857 0.70417243
v 0.18994993 -0.12998857 0.70715690
v 0.19246405 -0.12750803 0.70759773
v 0.19246405 -0.10992867 0.70841169
v 0.19246405 -0.08997662 0.70932734
v 0.19246405 -0.06991673 0.71020913
v 0.08322835 -0.37566841 0.65903312
v 0.06999077 -0.38990444 0.65136856
v 0.06829759 -0.41158205 0.64472145
v 0.07183787 -0.42074925 0.64295793
v 0.07886714 -0.42074925 0.64509451
v 0.13474205 -0.32994044 0.68114495
v 0.12073484 -0.31872416 0.67982233
v 0.08994976 -0.32994044 0.66991943
v 0.11021660 -0.31117475 0.67819440
v 0.07455723 -0.34989250 0.66174620
v 0.07825144 -0.36240298 0.66052532
v 0.14998065 -0.30998838 0.68724942
v 0.19246405 -0.30998838 0.69420177
v 0.19246405 -0.30750787 0.69450700
v 0.18994993 -0.28992850 0.69633836
v 0.16999096 -0.28992850 0.69332004
v 0.05500870 -0.40608180 0.64183879
v 0.04900561 -0.39044368 0.64390755
v 0.04946739 -0.42074925 0.63495427
v 0.06044739 -0.41945505 0.63980395
v 0.06455207 -0.34989250 0.65849048
v 0.06111442 -0.33759773 0.65960962
v 0.07096563 -0.36941314 0.65659130
v 0.06999077 -0.28992850 0.66913944
v 0.08994976 -0.28992850 0.67534566
v 0.09112985 -0.27062356 0.67765182
v 0.09851827 -0.26447618 0.68039882
v 0.12997036 -0.20990460 0.69196343
v 0.12997036 -0.22996451 0.69067472
v 0.10996006 -0.24991654 0.68450242
v 0.14998065 -0.18995257 0.69738966
v 0.15090421 -0.17172609 0.69857669
v 0.15824132 -0.16622581 0.70034015
v 0.15608636 -0.14994062 0.70074713
v 0.06865676 -0.33058751 0.66320449
v 0.06999077 -0.30998838 0.66669762
v 0.16999096 -0.14994062 0.70318896
v 0.18994993 -0.14994062 0.70617336
v 0.19246405 -0.14746009 0.70661426
v 0.06131965 -0.42074925 0.63963437
v 0.12843110 -0.31117475 0.68256932
v 0.11704062 -0.30535090 0.68070406
v 0.08994976 -0.30998838 0.67286992
v 0.10334127 -0.28992850 0.67914402
v 0.14998065 -0.28992850 0.68972516
v 0.12997036 -0.28992850 0.68555373
v 0.19246405 -0.28992850 0.69664359
v 0.19246405 -0.28734010 0.69691491
v 0.19246405 -0.27019215 0.69867837
v 0.19097611 -0.26943719 0.69854271
v 0.16999096 -0.26997644 0.69535482
v 0.05921599 -0.42074925 0.63885438
v 0.10077585 -0.27774155 0.67978835
v 0.10847211 -0.27062356 0.68236583
v 0.14998065 -0.20990460 0.69620270
v 0.14998065 -0.22996451 0.69491398
v 0.12997036 -0.24991654 0.68925035
v 0.12997036 -0.26997644 0.68755466
v 0.16013972 -0.17949121 0.69996715
v 0.16804123 -0.17172609 0.70169675
v 0.17188936 -0.18995257 0.70132369
v 0.18994993 -0.16989265 0.70512199
v 0.19246405 -0.16751997 0.70556289
v 0.11334641 -0.28992850 0.68165362
v 0.14998065 -0.26997644 0.69175994
v 0.19246405 -0.26803517 0.69888186
v 0.18461385 -0.24991654 0.69935668
v 0.16999096 -0.24991654 0.69705051
v 0.16542450 -0.20990460 0.69908535
v 0.16188422 -0.18995257 0.69966191
v 0.17091450 -0.23050375 0.69864452
v 0.14998065 -0.24991654 0.69345570
v 0.17542964 -0.20990460 0.70071322
v 0.18994993 -0.18995257 0.70403677
v 0.19246405 -0.18747203 0.70447767
v 0.19246405 -0.24991654 0.70044190
v 0.18117619 -0.23751391 0.69983149
v 0.17820030 -0.22424851 0.70027232
v 0.18994993 -0.20990460 0.70284981
v 0.19246405 -0.18995257 0.70434201
v 0.19246405 -0.24279852 0.70095062
v 0.18866724 -0.23050375 0.70132369
v 0.19246405 -0.20990460 0.70315504
v 0.19246405 -0.22683688 0.70203590
v 0.19246405 -0.23039590 0.70179844
f 1 2 3
f 1 3 4
f 1 4 5
f 1 5 6
f 1 6 13
f 1 13 27
f 1 27 46
f 1 46 45
f 1 45 67
f 1 67 77
f 1 77 103
f 1 103 136
f 1 136 175
f 1 175 223
f 1 223 266
f 1 266 326
f 1 326 390
f 1 390 454
f 1 454 459
f 1 459 458
f 1 458 457
f 1 457 456
f 1 456 520
f 1 520 589
f 1 589 663
f 1 663 662
f 1 662 732
f 1 732 805
f 1 805 879
f 1 879 956
f 1 956 1027
f 1 1027 1114
f 1 1114 1196
f 1 1196 1264
f 1 1264 1263
f 1 1263 1339
f 1 1339 1415
f 1 1415 1490
f 1 1490 1562
f 1 1562 1626
f 1 1626 1702
f 1 1702 1774
f 1 1774 1837
f 1 1837 1894
f 1 1894 1893
f 1 1893 1954
f 1 1954 2023
f 1 2023 2027
f 1 2027 2025
f 1 2025 2024
f 1 2024 1955
f 1 1955 1896
f 1 1896 1839
f 1 1839 1775
f 1 1775 1706
f 1 1706 1705
f 1 1705 1704
f 1 1704 1703
f 1 1703 1629
f 1 1629 1628
f 1 1628 1627
f 1 1627 1563
f 1 1563 1494
f 1 1494 1493
f 1 1493 1492
f 1 1492 1416
f 1 1416 1340
f 1 1340 1265
f 1 1265 1198
f 1 1198 1197
f 1 1197 1116
f 1 1116 1115
f 1 1115 1028
f 1 1028 957
f 1 957 881
f 1 881 808
f 1 808 807
f 1 807 737
f 1 737 736
f 1 736 735
f 1 735 666
f 1 666 593
f 1 593 525
f 1 525 521
f 1 521 460
f 1 460 393
f 1 393 330
f 1 330 272
f 1 272 271
f 1 271 224
f 1 224 176
f 1 176 138
f 1 138 137
f 1 137 104
f 1 104 78
f 1 78 51
f 1 51 29
f 1 29 15
f 1 15 14
f 1 14 7
f 1 7 2
f 2 7 8
f 2 8 3
f 3 9 10
f 3 10 4
f 3 8 9
f 4 10 5
f 5 11 25
f 5 25 12
f 5 12 6
f 5 10 11
f 6 12 13
f 7 14 8
f 8 14 15
f 8 15 16
f 8 16 17
f 8 17 18
f 8 18 19
f 8 19 9
f 9 20 10
f 9 19 21
f 9 21 20
f 10 22 11
f 10 20 22
f 11 23 24
f 11 24 25
f 11 22 23
f 12 25 26
f 12 26 13
f 13 26 27
f 15 28 16
f 15 29 28
f 16 28 31
f 16 31 17
f 17 30 21
f 17 21 18
f 17 31 57
f 17 57 32
f 17 32 30
f 18 21 19
f 20 33 34
f 20 34 22
f 20 21 33
f 21 35 33
f 21 30 36
f 21 36 35
f 22 37 38
f 22 38 23
f 22 34 37
f 23 38 24
f 24 39 40
f 24 40 41
f 24 41 42
f 24 42 25
f 24 38 43
f 24 43 44
f 24 44 39
f 25 42 26
f 26 45 46
f 26 46 27
f 26 42 47
f 26 47 48
f 26 48 49
f 26 49 50
f 26 50 45
f 28 29 51
f 28 51 52
f 28 52 53
f 28 53 54
f 28 54 31
f 30 55 36
f 30 32 56
f 30 56 55
f 31 54 82
f 31 82 57
f 32 57 83
f 32 83 56
f 33 35 58
f 33 58 34
f 34 59 62
f 34 62 37
f 34 58 59
f 35 36 58
f 36 60 58
f 36 55 61
f 36 61 60
f 37 62 38
f 38 44 43
f 38 62 63
f 38 63 44
f 39 64 47
f 39 47 40
f 39 44 66
f 39 66 64
f 40 47 41
f 41 47 42
f 44 63 65
f 44 65 66
f 45 50 67
f 47 68 69
f 47 69 70
f 47 70 71
f 47 71 48
f 47 64 72
f 47 72 68
f 48 71 73
f 48 73 49
f 49 74 75
f 49 75 76
f 49 76 50
f 49 73 71
f 49 71 70
f 49 70 74
f 50 76 77
f 50 77 67
f 51 78 52
f 52 78 79
f 52 79 80
f 52 80 53
f 53 80 81
f 53 81 82
f 53 82 54
f 55 56 61
f 56 83 61
f 57 82 110
f 57 110 83
f 58 60 84
f 58 84 85
f 58 85 86
f 58 86 59
f 59 87 62
f 59 86 88
f 59 88 87
f 60 61 84
f 61 83 89
f 61 89 90
f 61 90 84
f 62 87 63
f 63 87 93
f 63 93 65
f 64 66 91
f 64 91 72
f 65 92 91
f 65 91 66
f 65 93 94
f 65 94 92
f 68 72 95
f 68 95 96
f 68 96 97
f 68 97 98
f 68 98 69
f 69 98 70
f 70 98 74
f 72 91 99
f 72 99 95
f 74 98 100
f 74 100 101
f 74 101 75
f 75 101 102
f 75 102 76
f 76 102 77
f 77 102 103
f 78 104 105
f 78 105 79
f 79 105 106
f 79 106 80
f 80 106 107
f 80 107 108
f 80 108 81
f 81 109 82
f 81 108 144
f 81 144 109
f 82 109 110
f 83 110 111
f 83 111 89
f 84 112 114
f 84 114 85
f 84 90 113
f 84 113 112
f 85 114 115
f 85 115 86
f 86 115 88
f 87 116 93
f 87 88 115
f 87 115 116
f 89 111 90
f 90 111 117
f 90 117 118
f 90 118 119
f 90 119 120
f 90 120 121
f 90 121 113
f 91 92 122
f 91 122 99
f 92 94 123
f 92 123 122
f 93 116 124
f 93 124 94
f 94 124 156
f 94 156 123
f 95 125 96
f 95 99 126
f 95 126 125
f 96 125 127
f 96 127 128
f 96 128 129
f 96 129 130
f 96 130 97
f 97 130 98
f 98 130 100
f 99 122 131
f 99 131 126
f 100 130 132
f 100 132 133
f 100 133 101
f 101 133 134
f 101 134 102
f 102 134 103
f 103 135 136
f 103 134 135
f 104 137 105
f 105 137 138
f 105 138 139
f 105 139 140
f 105 140 106
f 106 140 141
f 106 141 107
f 107 142 144
f 107 144 108
f 107 141 143
f 107 143 142
f 109 111 110
f 109 144 145
f 109 145 111
f 111 145 146
f 111 146 117
f 112 113 147
f 112 147 114
f 113 121 154
f 113 154 148
f 113 148 147
f 114 149 115
f 114 147 149
f 115 149 150
f 115 150 116
f 116 150 124
f 117 146 118
f 118 146 185
f 118 185 151
f 118 151 152
f 118 152 153
f 118 153 154
f 118 154 119
f 119 154 120
f 120 154 121
f 122 123 155
f 122 155 131
f 123 156 198
f 123 198 157
f 123 157 155
f 124 150 158
f 124 158 156
f 125 126 159
f 125 159 127
f 126 131 160
f 126 160 159
f 127 159 161
f 127 161 162
f 127 162 128
f 128 162 163
f 128 163 164
f 128 164 165
f 128 165 129
f 129 166 167
f 129 167 168
f 129 168 130
f 129 165 166
f 130 168 132
f 131 155 169
f 131 169 160
f 132 168 170
f 132 170 133
f 133 170 171
f 133 171 172
f 133 172 134
f 134 172 173
f 134 173 135
f 135 173 174
f 135 174 136
f 136 174 175
f 138 176 177
f 138 177 139
f 139 177 140
f 140 177 178
f 140 178 179
f 140 179 180
f 140 180 141
f 141 180 181
f 141 181 182
f 141 182 143
f 142 143 183
f 142 183 144
f 143 182 184
f 143 184 183
f 144 183 145
f 145 183 185
f 145 185 146
f 147 186 187
f 147 187 189
f 147 189 149
f 147 148 188
f 147 188 186
f 148 154 195
f 148 195 188
f 149 189 158
f 149 158 150
f 151 185 190
f 151 190 191
f 151 191 192
f 151 192 152
f 152 193 194
f 152 194 153
f 152 192 238
f 152 238 193
f 153 194 154
f 154 194 196
f 154 196 195
f 155 157 197
f 155 197 169
f 156 158 198
f 157 198 243
f 157 243 199
f 157 199 197
f 158 189 234
f 158 234 200
f 158 200 198
f 159 160 161
f 160 201 161
f 160 169 202
f 160 202 201
f 161 203 162
f 161 201 204
f 161 204 203
f 162 203 163
f 163 203 205
f 163 205 206
f 163 206 164
f 164 207 208
f 164 208 166
f 164 166 165
f 164 206 209
f 164 209 207
f 166 210 211
f 166 211 212
f 166 212 167
f 166 208 210
f 167 212 213
f 167 213 214
f 167 214 168
f 168 214 170
f 169 197 215
f 169 215 202
f 170 214 216
f 170 216 171
f 171 216 217
f 171 217 218
f 171 218 173
f 171 173 172
f 173 218 219
f 173 219 174
f 174 219 220
f 174 220 175
f 175 220 221
f 175 221 222
f 175 222 223
f 176 224 225
f 176 225 177
f 177 225 226
f 177 226 178
f 178 226 179
f 179 226 227
f 179 227 275
f 179 275 228
f 179 228 181
f 179 181 180
f 181 229 184
f 181 184 182
f 181 228 230
f 181 230 229
f 183 190 185
f 183 184 231
f 183 231 190
f 184 229 232
f 184 232 233
f 184 233 231
f 186 234 187
f 186 188 235
f 186 235 234
f 187 234 189
f 188 195 236
f 188 236 235
f 190 231 237
f 190 237 191
f 191 237 239
f 191 239 192
f 192 239 238
f 193 240 194
f 193 238 240
f 194 241 196
f 194 240 241
f 195 196 241
f 195 241 236
f 197 199 242
f 197 242 215
f 198 200 243
f 199 243 291
f 199 291 242
f 200 234 244
f 200 244 243
f 201 202 245
f 201 245 204
f 202 215 246
f 202 246 245
f 203 204 247
f 203 247 205
f 204 245 247
f 205 248 206
f 205 247 249
f 205 249 248
f 206 248 209
f 207 250 210
f 207 210 208
f 207 209 251
f 207 251 252
f 207 252 250
f 209 248 251
f 210 250 253
f 210 253 254
f 210 254 211
f 211 254 255
f 211 255 256
f 211 256 212
f 212 256 213
f 213 256 257
f 213 257 258
f 213 258 214
f 214 258 216
f 215 242 259
f 215 259 246
f 216 258 260
f 216 260 217
f 217 260 261
f 217 261 218
f 218 261 219
f 219 261 221
f 219 221 220
f 221 262 222
f 221 261 262
f 222 263 264
f 222 264 265
f 222 265 266
f 222 266 223
f 222 262 267
f 222 267 268
f 222 268 269
f 222 269 270
f 222 270 263
f 224 271 225
f 225 271 272
f 225 272 273
f 225 273 274
f 225 274 226
f 226 274 227
f 227 274 276
f 227 276 336
f 227 336 275
f 228 275 277
f 228 277 230
f 229 230 232
f 230 277 278
f 230 278 232
f 231 233 237
f 232 278 237
f 232 237 233
f 234 279 244
f 234 235 280
f 234 280 279
f 235 236 280
f 236 241 281
f 236 281 282
f 236 282 280
f 237 278 283
f 237 283 284
f 237 284 239
f 238 285 286
f 238 286 240
f 238 239 287
f 238 287 288
f 238 288 285
f 239 284 287
f 240 289 281
f 240 281 241
f 240 286 290
f 240 290 289
f 242 291 354
f 242 354 292
f 242 292 259
f 243 244 293
f 243 293 291
f 244 279 294
f 244 294 293
f 245 295 247
f 245 246 296
f 245 296 295
f 246 297 296
f 246 259 297
f 247 295 300
f 247 300 249
f 248 298 251
f 248 249 298
f 249 299 298
f 249 300 362
f 249 362 299
f 250 252 253
f 251 298 301
f 251 301 302
f 251 302 252
f 252 302 303
f 252 303 304
f 252 304 305
f 252 305 306
f 252 306 253
f 253 307 254
f 253 306 307
f 254 308 255
f 254 307 308
f 255 309 310
f 255 310 256
f 255 308 309
f 256 310 311
f 256 311 257
f 257 312 313
f 257 313 314
f 257 314 258
f 257 311 312
f 258 314 260
f 259 292 315
f 259 315 297
f 260 314 316
f 260 316 317
f 260 317 261
f 261 317 262
f 262 317 267
f 263 318 319
f 263 319 264
f 263 270 320
f 263 320 321
f 263 321 322
f 263 322 318
f 264 319 323
f 264 323 265
f 265 324 325
f 265 325 266
f 265 323 389
f 265 389 453
f 265 453 518
f 265 518 587
f 265 587 660
f 265 660 730
f 265 730 803
f 265 803 876
f 265 876 952
f 265 952 1024
f 265 1024 1111
f 265 1111 1190
f 265 1190 1192
f 265 1192 1191
f 265 1191 1194
f 265 1194 1261
f 265 1261 1337
f 265 1337 1412
f 265 1412 1488
f 265 1488 1487
f 265 1487 1486
f 265 1486 1485
f 265 1485 1560
f 265 1560 1624
f 265 1624 1694
f 265 1694 1763
f 265 1763 1768
f 265 1768 1769
f 265 1769 1771
f 265 1771 1832
f 265 1832 1834
f 265 1834 1891
f 265 1891 1951
f 265 1951 2017
f 265 2017 2079
f 265 2079 2136
f 265 2136 2180
f 265 2180 2179
f 265 2179 2178
f 265 2178 2221
f 265 2221 2220
f 265 2220 2267
f 265 2267 2310
f 265 2310 2345
f 265 2345 2352
f 265 2352 2351
f 265 2351 2350
f 265 2350 2349
f 265 2349 2391
f 265 2391 2415
f 265 2415 2427
f 265 2427 2432
f 265 2432 2435
f 265 2435 2436
f 265 2436 2437
f 265 2437 2433
f 265 2433 2428
f 265 2428 2418
f 265 2418 2401
f 265 2401 2400
f 265 2400 2399
f 265 2399 2366
f 265 2366 2365
f 265 2365 2322
f 265 2322 2321
f 265 2321 2278
f 265 2278 2229
f 265 2229 2186
f 265 2186 2141
f 265 2141 2140
f 265 2140 2083
f 265 2083 2020
f 265 2020 1953
f 265 1953 1892
f 265 1892 1836
f 265 1836 1835
f 265 1835 1773
f 265 1773 1772
f 265 1772 1701
f 265 1701 1625
f 265 1625 1561
f 265 1561 1491
f 265 1491 1489
f 265 1489 1414
f 265 1414 1413
f 265 1413 1338
f 265 1338 1262
f 265 1262 1195
f 265 1195 1113
f 265 1113 1026
f 265 1026 955
f 265 955 954
f 265 954 880
f 265 880 878
f 265 878 804
f 265 804 731
f 265 731 661
f 265 661 588
f 265 588 519
f 265 519 455
f 265 455 391
f 265 391 327
f 265 327 324
f 266 325 324
f 266 324 327
f 266 327 326
f 267 317 268
f 268 317 316
f 268 316 269
f 269 316 328
f 269 328 270
f 270 328 329
f 270 329 320
f 272 330 331
f 272 331 332
f 272 332 273
f 273 332 274
f 274 332 333
f 274 333 334
f 274 334 335
f 274 335 276
f 275 336 337
f 275 337 277
f 276 335 400
f 276 400 336
f 277 337 338
f 277 338 278
f 278 338 344
f 278 344 283
f 279 280 294
f 280 339 294
f 280 282 339
f 281 340 282
f 281 289 341
f 281 341 342
f 281 342 340
f 282 340 339
f 283 343 284
f 283 344 345
f 283 345 346
f 283 346 343
f 284 343 287
f 285 347 290
f 285 290 286
f 285 288 350
f 285 350 347
f 287 348 288
f 287 343 349
f 287 349 348
f 288 348 350
f 289 290 351
f 289 351 341
f 290 347 352
f 290 352 353
f 290 353 351
f 291 293 354
f 292 354 355
f 292 355 315
f 293 294 356
f 293 356 354
f 294 339 356
f 295 296 359
f 295 359 300
f 296 297 357
f 296 357 358
f 296 358 359
f 297 315 360
f 297 360 357
f 298 299 361
f 298 361 301
f 299 362 363
f 299 363 361
f 300 359 427
f 300 427 362
f 301 364 302
f 301 361 364
f 302 364 303
f 303 364 365
f 303 365 366
f 303 366 304
f 304 366 365
f 304 365 367
f 304 367 368
f 304 368 369
f 304 369 305
f 305 369 370
f 305 370 307
f 305 307 306
f 307 370 371
f 307 371 372
f 307 372 373
f 307 373 308
f 308 373 309
f 309 374 375
f 309 375 376
f 309 376 310
f 309 373 377
f 309 377 374
f 310 376 312
f 310 312 311
f 312 376 378
f 312 378 379
f 312 379 313
f 313 379 380
f 313 380 314
f 314 380 328
f 314 328 316
f 315 355 360
f 318 322 381
f 318 381 382
f 318 382 319
f 319 382 323
f 320 329 383
f 320 383 384
f 320 384 385
f 320 385 386
f 320 386 321
f 321 386 385
f 321 385 387
f 321 387 388
f 321 388 322
f 322 388 381
f 323 382 389
f 326 327 390
f 327 391 390
f 328 380 329
f 329 380 392
f 329 392 383
f 330 393 394
f 330 394 395
f 330 395 331
f 331 333 332
f 331 395 396
f 331 396 333
f 333 396 334
f 334 397 400
f 334 400 335
f 334 396 398
f 334 398 399
f 334 399 462
f 334 462 397
f 336 400 401
f 336 401 337
f 337 401 402
f 337 402 338
f 338 402 403
f 338 403 344
f 339 340 404
f 339 404 405
f 339 405 356
f 340 342 407
f 340 407 404
f 341 406 407
f 341 407 342
f 341 351 406
f 343 346 349
f 344 403 408
f 344 408 345
f 345 409 410
f 345 410 349
f 345 349 346
f 345 408 411
f 345 411 409
f 347 350 352
f 348 412 350
f 348 349 413
f 348 413 414
f 348 414 412
f 349 410 413
f 350 412 415
f 350 415 352
f 351 353 416
f 351 416 406
f 352 417 416
f 352 416 353
f 352 415 479
f 352 479 417
f 354 356 418
f 354 418 355
f 355 418 419
f 355 419 420
f 355 420 360
f 356 405 421
f 356 421 422
f 356 422 423
f 356 423 418
f 357 360 424
f 357 424 425
f 357 425 426
f 357 426 358
f 358 426 359
f 359 426 427
f 360 420 481
f 360 481 424
f 361 428 364
f 361 363 429
f 361 429 428
f 362 427 430
f 362 430 363
f 363 430 488
f 363 488 429
f 364 431 365
f 364 428 432
f 364 432 431
f 365 431 433
f 365 433 434
f 365 434 435
f 365 435 368
f 365 368 367
f 368 436 369
f 368 435 436
f 369 437 438
f 369 438 371
f 369 371 370
f 369 436 439
f 369 439 437
f 371 440 372
f 371 438 440
f 372 441 442
f 372 442 377
f 372 377 373
f 372 440 441
f 374 377 443
f 374 443 444
f 374 444 445
f 374 445 375
f 375 445 446
f 375 446 378
f 375 378 376
f 377 442 443
f 378 384 383
f 378 383 379
f 378 446 384
f 379 383 392
f 379 392 380
f 381 388 447
f 381 447 448
f 381 448 382
f 382 448 389
f 384 446 449
f 384 449 385
f 385 449 450
f 385 450 387
f 387 450 388
f 388 450 451
f 388 451 452
f 388 452 447
f 389 448 453
f 390 391 454
f 391 455 456
f 391 456 457
f 391 457 458
f 391 458 459
f 391 459 454
f 393 460 394
f 394 460 461
f 394 461 398
f 394 398 395
f 395 398 396
f 397 401 400
f 397 462 524
f 397 524 463
f 397 463 401
f 398 461 464
f 398 464 465
f 398 465 466
f 398 466 399
f 399 466 522
f 399 522 462
f 401 463 467
f 401 467 402
f 402 467 403
f 403 467 468
f 403 468 469
f 403 469 470
f 403 470 408
f 404 471 405
f 404 407 472
f 404 472 471
f 405 471 421
f 406 472 407
f 406 416 473
f 406 473 472
f 408 470 474
f 408 474 411
f 409 413 410
f 409 411 413
f 411 474 542
f 411 542 475
f 411 475 413
f 412 414 478
f 412 478 415
f 413 476 477
f 413 477 414
f 413 475 543
f 413 543 476
f 414 477 478
f 415 478 546
f 415 546 479
f 416 417 480
f 416 480 473
f 417 479 547
f 417 547 480
f 418 423 482
f 418 482 419
f 419 481 420
f 419 482 551
f 419 551 481
f 421 471 483
f 421 483 422
f 422 483 423
f 423 483 482
f 424 484 485
f 424 485 486
f 424 486 425
f 424 481 553
f 424 553 484
f 425 486 426
f 426 486 427
f 427 486 430
f 428 429 487
f 428 487 432
f 429 488 489
f 429 489 487
f 430 490 488
f 430 486 491
f 430 491 490
f 431 432 433
f 432 492 433
f 432 487 493
f 432 493 492
f 433 492 494
f 433 494 434
f 434 494 435
f 435 495 436
f 435 494 496
f 435 496 566
f 435 566 495
f 436 495 497
f 436 497 498
f 436 498 439
f 437 499 438
f 437 439 500
f 437 500 440
f 437 440 499
f 438 499 440
f 439 498 497
f 439 497 501
f 439 501 502
f 439 502 500
f 440 500 503
f 440 503 504
f 440 504 441
f 441 504 505
f 441 505 443
f 441 443 442
f 443 505 506
f 443 506 444
f 444 506 507
f 444 507 508
f 444 508 445
f 445 508 449
f 445 449 446
f 447 452 509
f 447 509 510
f 447 510 511
f 447 511 512
f 447 512 513
f 447 513 448
f 448 513 453
f 449 508 450
f 450 508 507
f 450 507 514
f 450 514 451
f 451 514 515
f 451 515 509
f 451 509 516
f 451 516 452
f 452 516 509
f 453 517 518
f 453 513 512
f 453 512 517
f 455 519 520
f 455 520 456
f 460 521 464
f 460 464 461
f 462 522 523
f 462 523 524
f 463 524 468
f 463 468 467
f 464 521 525
f 464 525 526
f 464 526 527
f 464 527 465
f 465 527 466
f 466 527 528
f 466 528 529
f 466 529 590
f 466 590 522
f 468 524 523
f 468 523 530
f 468 530 469
f 469 530 531
f 469 531 532
f 469 532 470
f 470 533 474
f 470 532 534
f 470 534 535
f 470 535 533
f 471 536 537
f 471 537 483
f 471 472 538
f 471 538 539
f 471 539 536
f 472 473 538
f 473 480 540
f 473 540 538
f 474 533 541
f 474 541 542
f 475 542 614
f 475 614 543
f 476 543 615
f 476 615 544
f 476 544 545
f 476 545 478
f 476 478 477
f 478 545 617
f 478 617 546
f 479 546 620
f 479 620 548
f 479 548 547
f 480 549 540
f 480 547 550
f 480 550 549
f 481 551 552
f 481 552 553
f 482 483 554
f 482 554 551
f 483 537 605
f 483 605 554
f 484 555 556
f 484 556 485
f 484 553 624
f 484 624 555
f 485 556 491
f 485 491 486
f 487 489 493
f 488 490 557
f 488 557 558
f 488 558 489
f 489 558 559
f 489 559 560
f 489 560 493
f 490 491 557
f 491 556 561
f 491 561 557
f 492 493 494
f 493 562 494
f 493 560 563
f 493 563 562
f 494 562 564
f 494 564 496
f 495 565 497
f 495 566 565
f 496 564 635
f 496 635 566
f 497 567 568
f 497 568 569
f 497 569 502
f 497 502 501
f 497 565 567
f 500 502 570
f 500 570 571
f 500 571 572
f 500 572 573
f 500 573 574
f 500 574 575
f 500 575 503
f 502 569 570
f 503 575 504
f 504 576 577
f 504 577 505
f 504 575 574
f 504 574 576
f 505 578 506
f 505 577 578
f 506 515 507
f 506 578 515
f 507 515 514
f 509 515 579
f 509 579 510
f 510 579 580
f 510 580 581
f 510 581 511
f 511 581 582
f 511 582 517
f 511 517 512
f 515 578 583
f 515 583 584
f 515 584 579
f 517 582 585
f 517 585 518
f 518 585 582
f 518 582 586
f 518 586 587
f 519 588 589
f 519 589 520
f 522 590 665
f 522 665 591
f 522 591 592
f 522 592 523
f 523 592 531
f 523 531 530
f 525 593 526
f 526 593 594
f 526 594 595
f 526 595 528
f 526 528 527
f 528 595 596
f 528 596 529
f 529 596 664
f 529 664 590
f 531 592 591
f 531 591 597
f 531 597 598
f 531 598 599
f 531 599 532
f 532 599 600
f 532 600 534
f 533 535 601
f 533 601 541
f 534 600 535
f 535 600 602
f 535 602 603
f 535 603 601
f 536 604 605
f 536 605 537
f 536 539 608
f 536 608 604
f 538 606 608
f 538 608 539
f 538 540 607
f 538 607 606
f 540 549 609
f 540 609 610
f 540 610 607
f 541 611 613
f 541 613 542
f 541 601 612
f 541 612 611
f 542 613 614
f 543 614 615
f 544 616 617
f 544 617 545
f 544 615 686
f 544 686 616
f 546 617 618
f 546 618 619
f 546 619 620
f 547 548 621
f 547 621 550
f 548 620 621
f 549 550 609
f 550 621 622
f 550 622 609
f 551 554 552
f 552 623 624
f 552 624 553
f 552 554 625
f 552 625 626
f 552 626 623
f 554 605 627
f 554 627 625
f 555 624 628
f 555 628 556
f 556 628 561
f 557 561 629
f 557 629 630
f 557 630 559
f 557 559 558
f 559 630 631
f 559 631 563
f 559 563 560
f 561 628 632
f 561 632 629
f 562 563 633
f 562 633 564
f 563 631 634
f 563 634 633
f 564 633 705
f 564 705 635
f 565 566 636
f 565 636 567
f 566 635 637
f 566 637 636
f 567 636 638
f 567 638 568
f 568 638 639
f 568 639 569
f 569 640 570
f 569 639 641
f 569 641 640
f 570 640 642
f 570 642 571
f 571 642 643
f 571 643 644
f 571 644 572
f 572 644 573
f 573 645 646
f 573 646 574
f 573 644 647
f 573 647 648
f 573 648 645
f 574 646 649
f 574 649 576
f 576 650 651
f 576 651 652
f 576 652 577
f 576 649 646
f 576 646 653
f 576 653 654
f 576 654 650
f 577 652 578
f 578 652 584
f 578 584 583
f 579 584 655
f 579 655 656
f 579 656 580
f 580 656 581
f 581 656 657
f 581 657 658
f 581 658 582
f 582 658 586
f 584 652 651
f 584 651 655
f 586 658 587
f 587 659 660
f 587 658 659
f 588 661 662
f 588 662 663
f 588 663 589
f 590 664 665
f 591 665 671
f 591 671 597
f 593 666 667
f 593 667 668
f 593 668 594
f 594 668 595
f 595 668 667
f 595 667 669
f 595 669 670
f 595 670 596
f 596 670 733
f 596 733 664
f 597 671 598
f 598 672 600
f 598 600 599
f 598 671 673
f 598 673 744
f 598 744 672
f 600 672 674
f 600 674 603
f 600 603 602
f 601 603 675
f 601 675 676
f 601 676 612
f 603 674 675
f 604 627 605
f 604 608 680
f 604 680 627
f 606 677 680
f 606 680 608
f 606 607 677
f 607 610 678
f 607 678 679
f 607 679 677
f 609 681 678
f 609 678 610
f 609 622 681
f 611 682 613
f 611 612 682
f 612 676 683
f 612 683 684
f 612 684 682
f 613 615 614
f 613 682 615
f 615 682 756
f 615 756 685
f 615 685 686
f 616 686 688
f 616 688 618
f 616 618 617
f 618 687 619
f 618 688 689
f 618 689 687
f 619 687 621
f 619 621 620
f 621 687 690
f 621 690 691
f 621 691 622
f 622 691 766
f 622 766 692
f 622 692 681
f 623 693 694
f 623 694 624
f 623 626 695
f 623 695 693
f 624 694 628
f 625 627 696
f 625 696 626
f 626 696 695
f 627 680 753
f 627 753 696
f 628 694 632
f 629 697 698
f 629 698 699
f 629 699 631
f 629 631 630
f 629 632 697
f 631 699 700
f 631 700 701
f 631 701 634
f 632 702 697
f 632 694 703
f 632 703 704
f 632 704 702
f 633 634 705
f 634 701 706
f 634 706 705
f 635 705 707
f 635 707 637
f 636 637 708
f 636 708 638
f 637 707 781
f 637 781 708
f 638 708 639
f 639 708 709
f 639 709 641
f 640 641 710
f 640 710 711
f 640 711 642
f 641 709 712
f 641 712 710
f 642 711 713
f 642 713 643
f 643 714 644
f 643 713 714
f 644 714 715
f 644 715 716
f 644 716 648
f 644 648 647
f 645 648 717
f 645 717 718
f 645 718 719
f 645 719 720
f 645 720 721
f 645 721 722
f 645 722 650
f 645 650 654
f 645 654 653
f 645 653 646
f 648 716 723
f 648 723 717
f 650 722 651
f 651 722 724
f 651 724 725
f 651 725 726
f 651 726 655
f 655 726 657
f 655 657 656
f 657 726 727
f 657 727 728
f 657 728 658
f 658 728 659
f 659 728 727
f 659 727 729
f 659 729 660
f 660 729 730
f 661 731 732
f 661 732 662
f 664 733 665
f 665 733 734
f 665 734 742
f 665 742 671
f 666 735 667
f 667 735 736
f 667 736 737
f 667 737 738
f 667 738 739
f 667 739 669
f 669 739 740
f 669 740 670
f 670 740 741
f 670 741 733
f 671 742 743
f 671 743 673
f 672 744 674
f 673 743 746
f 673 746 744
f 674 745 675
f 674 744 746
f 674 746 747
f 674 747 748
f 674 748 745
f 675 749 676
f 675 745 818
f 675 818 749
f 676 749 759
f 676 759 683
f 677 750 753
f 677 753 680
f 677 679 751
f 677 751 752
f 677 752 750
f 678 751 679
f 678 681 754
f 678 754 751
f 681 692 755
f 681 755 754
f 682 684 758
f 682 758 756
f 683 757 758
f 683 758 684
f 683 759 834
f 683 834 757
f 685 760 688
f 685 688 686
f 685 756 831
f 685 831 760
f 687 761 690
f 687 689 764
f 687 764 761
f 688 760 762
f 688 762 689
f 689 762 763
f 689 763 764
f 690 761 838
f 690 838 765
f 690 765 766
f 690 766 691
f 692 766 767
f 692 767 755
f 693 768 694
f 693 695 768
f 694 769 703
f 694 768 769
f 695 696 770
f 695 770 771
f 695 771 768
f 696 753 770
f 697 772 698
f 697 702 772
f 698 772 700
f 698 700 699
f 700 772 847
f 700 847 773
f 700 773 706
f 700 706 701
f 702 704 774
f 702 774 772
f 703 769 704
f 704 775 774
f 704 769 768
f 704 768 776
f 704 776 777
f 704 777 775
f 705 778 707
f 705 706 779
f 705 779 778
f 706 773 849
f 706 849 779
f 707 778 780
f 707 780 781
f 708 781 709
f 709 781 780
f 709 780 782
f 709 782 783
f 709 783 712
f 710 712 784
f 710 784 785
f 710 785 711
f 711 785 786
f 711 786 713
f 712 783 860
f 712 860 784
f 713 787 714
f 713 786 863
f 713 863 787
f 714 787 788
f 714 788 715
f 715 788 789
f 715 789 716
f 716 789 790
f 716 790 723
f 717 723 791
f 717 791 718
f 718 791 792
f 718 792 719
f 719 792 793
f 719 793 720
f 720 794 721
f 720 793 795
f 720 795 796
f 720 796 794
f 721 797 725
f 721 725 724
f 721 724 722
f 721 794 796
f 721 796 798
f 721 798 799
f 721 799 797
f 723 790 868
f 723 868 791
f 725 800 726
f 725 797 800
f 726 800 797
f 726 797 727
f 727 797 801
f 727 801 729
f 729 801 875
f 729 875 802
f 729 802 803
f 729 803 730
f 731 804 732
f 732 804 805
f 733 741 806
f 733 806 734
f 734 806 816
f 734 816 742
f 737 807 738
f 738 807 808
f 738 808 809
f 738 809 810
f 738 810 739
f 739 810 811
f 739 811 740
f 740 811 741
f 741 811 812
f 741 812 813
f 741 813 814
f 741 814 815
f 741 815 806
f 742 816 743
f 743 816 817
f 743 817 819
f 743 819 746
f 745 748 818
f 746 819 747
f 747 819 820
f 747 820 821
f 747 821 822
f 747 822 823
f 747 823 748
f 748 823 822
f 748 822 824
f 748 824 818
f 749 818 759
f 750 825 770
f 750 770 753
f 750 752 829
f 750 829 825
f 751 826 829
f 751 829 752
f 751 754 827
f 751 827 828
f 751 828 826
f 754 755 830
f 754 830 827
f 755 767 843
f 755 843 830
f 756 758 832
f 756 832 831
f 757 833 832
f 757 832 758
f 757 834 835
f 757 835 833
f 759 836 834
f 759 818 837
f 759 837 907
f 759 907 836
f 760 831 762
f 761 764 838
f 762 831 839
f 762 839 840
f 762 840 763
f 763 841 838
f 763 838 764
f 763 840 911
f 763 911 841
f 765 838 842
f 765 842 767
f 765 767 766
f 767 842 843
f 768 771 844
f 768 844 776
f 770 845 771
f 770 825 846
f 770 846 845
f 771 845 844
f 772 774 850
f 772 850 848
f 772 848 847
f 773 847 919
f 773 919 849
f 774 775 851
f 774 851 850
f 775 777 852
f 775 852 851
f 776 844 777
f 777 844 853
f 777 853 854
f 777 854 855
f 777 855 852
f 778 779 780
f 779 849 856
f 779 856 857
f 779 857 780
f 780 857 858
f 780 858 859
f 780 859 782
f 782 859 783
f 783 859 861
f 783 861 860
f 784 860 862
f 784 862 785
f 785 862 786
f 786 862 864
f 786 864 937
f 786 937 863
f 787 863 788
f 788 863 865
f 788 865 866
f 788 866 789
f 789 866 867
f 789 867 790
f 790 867 868
f 791 868 869
f 791 869 792
f 792 869 870
f 792 870 793
f 793 870 871
f 793 871 795
f 795 871 948
f 795 948 872
f 795 872 796
f 796 872 873
f 796 873 874
f 796 874 799
f 796 799 798
f 797 799 801
f 799 874 875
f 799 875 801
f 802 876 803
f 802 875 951
f 802 951 877
f 802 877 952
f 802 952 876
f 804 878 805
f 805 878 880
f 805 880 879
f 806 815 891
f 806 891 816
f 808 881 809
f 809 882 810
f 809 881 883
f 809 883 884
f 809 884 882
f 810 882 811
f 811 882 885
f 811 885 813
f 811 813 812
f 813 885 886
f 813 886 887
f 813 887 888
f 813 888 889
f 813 889 814
f 814 890 891
f 814 891 815
f 814 889 965
f 814 965 890
f 816 891 892
f 816 892 817
f 817 892 819
f 818 824 893
f 818 893 894
f 818 894 837
f 819 892 895
f 819 895 820
f 820 895 896
f 820 896 821
f 821 896 897
f 821 897 898
f 821 898 899
f 821 899 822
f 822 899 824
f 824 894 893
f 824 899 894
f 825 829 900
f 825 900 846
f 826 900 829
f 826 828 901
f 826 901 900
f 827 901 828
f 827 830 902
f 827 902 901
f 830 843 903
f 830 903 902
f 831 832 904
f 831 904 839
f 832 833 904
f 833 835 904
f 834 836 906
f 834 906 835
f 835 905 904
f 835 906 979
f 835 979 905
f 836 907 908
f 836 908 909
f 836 909 906
f 837 894 967
f 837 967 907
f 838 841 913
f 838 913 910
f 838 910 842
f 839 904 840
f 840 904 912
f 840 912 911
f 841 911 984
f 841 984 913
f 842 914 843
f 842 910 915
f 842 915 914
f 843 914 916
f 843 916 903
f 844 845 917
f 844 917 853
f 845 846 917
f 846 900 918
f 846 918 917
f 847 848 920
f 847 920 919
f 848 850 921
f 848 921 920
f 849 919 929
f 849 929 856
f 850 851 922
f 850 922 921
f 851 852 923
f 851 923 922
f 852 855 923
f 853 917 924
f 853 924 926
f 853 926 854
f 854 925 855
f 854 926 927
f 854 927 928
f 854 928 925
f 855 925 923
f 856 929 930
f 856 930 931
f 856 931 858
f 856 858 857
f 858 931 861
f 858 861 859
f 860 861 932
f 860 932 933
f 860 933 862
f 861 931 934
f 861 934 935
f 861 935 936
f 861 936 932
f 862 933 864
f 863 937 938
f 863 938 865
f 864 933 939
f 864 939 1009
f 864 1009 937
f 865 938 866
f 866 938 940
f 866 940 867
f 867 940 941
f 867 941 942
f 867 942 943
f 867 943 944
f 867 944 868
f 868 944 945
f 868 945 869
f 869 945 946
f 869 946 870
f 870 946 871
f 871 946 947
f 871 947 1020
f 871 1020 948
f 872 948 949
f 872 949 873
f 873 949 950
f 873 950 874
f 874 950 951
f 874 951 875
f 877 951 953
f 877 953 1024
f 877 1024 952
f 879 880 954
f 879 954 955
f 879 955 956
f 881 957 958
f 881 958 883
f 882 884 885
f 883 958 884
f 884 886 885
f 884 958 959
f 884 959 887
f 884 887 886
f 887 959 1029
f 887 1029 960
f 887 960 961
f 887 961 962
f 887 962 888
f 888 962 963
f 888 963 964
f 888 964 889
f 889 964 1037
f 889 1037 965
f 890 892 891
f 890 965 966
f 890 966 892
f 892 966 969
f 892 969 895
f 894 899 968
f 894 968 967
f 895 969 896
f 896 969 970
f 896 970 971
f 896 971 897
f 897 971 972
f 897 972 898
f 898 973 899
f 898 972 973
f 899 973 968
f 900 901 918
f 901 974 975
f 901 975 918
f 901 902 974
f 902 903 976
f 902 976 974
f 903 916 977
f 903 977 976
f 904 905 978
f 904 978 912
f 905 979 980
f 905 980 978
f 906 909 979
f 907 967 908
f 908 967 981
f 908 981 982
f 908 982 979
f 908 979 909
f 910 913 983
f 910 983 915
f 911 912 985
f 911 985 986
f 911 986 984
f 912 978 985
f 913 984 983
f 914 915 987
f 914 987 916
f 915 983 987
f 916 987 988
f 916 988 989
f 916 989 977
f 917 918 924
f 918 975 990
f 918 990 991
f 918 991 992
f 918 992 924
f 919 920 929
f 920 921 993
f 920 993 929
f 921 922 994
f 921 994 993
f 922 923 995
f 922 995 994
f 923 925 996
f 923 996 995
f 924 992 991
f 924 991 997
f 924 997 926
f 925 928 998
f 925 998 999
f 925 999 1000
f 925 1000 996
f 926 997 1001
f 926 1001 927
f 927 998 928
f 927 1001 998
f 929 993 1003
f 929 1003 930
f 930 1002 934
f 930 934 931
f 930 1003 1081
f 930 1081 1002
f 932 936 933
f 933 936 1004
f 933 1004 1005
f 933 1005 939
f 934 1002 1006
f 934 1006 935
f 935 1006 1007
f 935 1007 1008
f 935 1008 1004
f 935 1004 936
f 937 1009 938
f 938 1009 1010
f 938 1010 1011
f 938 1011 940
f 939 1005 1086
f 939 1086 1009
f 940 1011 941
f 941 1011 942
f 942 1011 1093
f 942 1093 1012
f 942 1012 1013
f 942 1013 943
f 943 1013 1014
f 943 1014 944
f 944 1014 945
f 945 1014 1015
f 945 1015 1016
f 945 1016 946
f 946 1016 1017
f 946 1017 1018
f 946 1018 1019
f 946 1019 947
f 947 1019 1106
f 947 1106 1020
f 948 1020 1021
f 948 1021 949
f 949 1021 1022
f 949 1022 950
f 950 1022 951
f 951 1022 1023
f 951 1023 953
f 953 1023 1110
f 953 1110 1025
f 953 1025 1111
f 953 1111 1024
f 955 1026 1027
f 955 1027 956
f 957 1028 958
f 958 1028 959
f 959 1028 1029
f 960 1029 1030
f 960 1030 1031
f 960 1031 961
f 961 1032 963
f 961 963 962
f 961 1031 1033
f 961 1033 1034
f 961 1034 1035
f 961 1035 1036
f 961 1036 1032
f 963 1037 964
f 963 1032 1038
f 963 1038 1037
f 965 1037 1039
f 965 1039 1040
f 965 1040 966
f 966 1040 1045
f 966 1045 969
f 967 968 1041
f 967 1041 1042
f 967 1042 981
f 968 1043 1042
f 968 1042 1041
f 968 973 1044
f 968 1044 1043
f 969 1045 1046
f 969 1046 970
f 970 1046 1047
f 970 1047 971
f 971 1047 972
f 972 1047 1048
f 972 1048 1049
f 972 1049 1050
f 972 1050 1051
f 972 1051 1052
f 972 1052 973
f 973 1052 1053
f 973 1053 1044
f 974 1054 990
f 974 990 975
f 974 976 1054
f 976 977 1055
f 976 1055 1054
f 977 989 988
f 977 988 1056
f 977 1056 1057
f 977 1057 1055
f 978 980 1058
f 978 1058 985
f 979 982 1059
f 979 1059 980
f 980 1060 1058
f 980 1059 1060
f 981 1042 1061
f 981 1061 982
f 982 1061 1062
f 982 1062 1059
f 983 984 1063
f 983 1063 1064
f 983 1064 1065
f 983 1065 1066
f 983 1066 987
f 984 986 1063
f 985 1058 986
f 986 1067 1063
f 986 1058 1068
f 986 1068 1067
f 987 1066 988
f 988 1069 1056
f 988 1066 1070
f 988 1070 1069
f 990 1054 1071
f 990 1071 991
f 991 1072 997
f 991 1071 1072
f 993 994 1073
f 993 1073 1003
f 994 995 1073
f 995 996 1074
f 995 1074 1073
f 996 1000 1075
f 996 1075 1074
f 997 1072 1080
f 997 1080 1001
f 998 1076 1077
f 998 1077 999
f 998 1001 1078
f 998 1078 1079
f 998 1079 1076
f 999 1077 1075
f 999 1075 1000
f 1001 1080 1078
f 1002 1081 1087
f 1002 1087 1006
f 1003 1073 1082
f 1003 1082 1081
f 1004 1008 1005
f 1005 1008 1083
f 1005 1083 1084
f 1005 1084 1085
f 1005 1085 1086
f 1006 1087 1170
f 1006 1170 1088
f 1006 1088 1007
f 1007 1089 1083
f 1007 1083 1008
f 1007 1088 1090
f 1007 1090 1091
f 1007 1091 1089
f 1009 1086 1092
f 1009 1092 1010
f 1010 1092 1093
f 1010 1093 1011
f 1012 1093 1175
f 1012 1175 1094
f 1012 1094 1013
f 1013 1094 1095
f 1013 1095 1096
f 1013 1096 1097
f 1013 1097 1098
f 1013 1098 1014
f 1014 1098 1015
f 1015 1098 1099
f 1015 1099 1016
f 1016 1099 1017
f 1017 1100 1101
f 1017 1101 1102
f 1017 1102 1103
f 1017 1103 1018
f 1017 1099 1104
f 1017 1104 1100
f 1018 1103 1105
f 1018 1105 1019
f 1019 1105 1106
f 1020 1106 1107
f 1020 1107 1108
f 1020 1108 1021
f 1021 1108 1109
f 1021 1109 1022
f 1022 1109 1110
f 1022 1110 1023
f 1025 1110 1189
f 1025 1189 1112
f 1025 1112 1111
f 1026 1113 1027
f 1027 1113 1114
f 1028 1115 1030
f 1028 1030 1029
f 1030 1115 1116
f 1030 1116 1117
f 1030 1117 1031
f 1031 1117 1118
f 1031 1118 1119
f 1031 1119 1120
f 1031 1120 1033
f 1032 1036 1038
f 1033 1035 1034
f 1033 1120 1035
f 1035 1121 1038
f 1035 1038 1036
f 1035 1120 1122
f 1035 1122 1123
f 1035 1123 1121
f 1037 1038 1124
f 1037 1124 1125
f 1037 1125 1039
f 1038 1121 1126
f 1038 1126 1125
f 1038 1125 1124
f 1039 1045 1040
f 1039 1125 1127
f 1039 1127 1045
f 1042 1043 1044
f 1042 1044 1128
f 1042 1128 1129
f 1042 1129 1130
f 1042 1130 1061
f 1044 1053 1131
f 1044 1131 1128
f 1045 1127 1132
f 1045 1132 1046
f 1046 1132 1048
f 1046 1048 1047
f 1048 1132 1133
f 1048 1133 1134
f 1048 1134 1135
f 1048 1135 1049
f 1049 1135 1137
f 1049 1137 1050
f 1050 1136 1051
f 1050 1137 1138
f 1050 1138 1136
f 1051 1053 1052
f 1051 1136 1053
f 1053 1136 1215
f 1053 1215 1139
f 1053 1139 1140
f 1053 1140 1131
f 1054 1055 1143
f 1054 1143 1071
f 1055 1057 1141
f 1055 1141 1142
f 1055 1142 1143
f 1056 1141 1057
f 1056 1069 1141
f 1058 1060 1068
f 1059 1062 1144
f 1059 1144 1060
f 1060 1144 1068
f 1061 1145 1062
f 1061 1130 1145
f 1062 1145 1146
f 1062 1146 1147
f 1062 1147 1148
f 1062 1148 1144
f 1063 1067 1064
f 1064 1149 1070
f 1064 1070 1065
f 1064 1067 1150
f 1064 1150 1227
f 1064 1227 1149
f 1065 1070 1066
f 1067 1151 1152
f 1067 1152 1150
f 1067 1068 1151
f 1068 1144 1153
f 1068 1153 1151
f 1069 1070 1154
f 1069 1154 1232
f 1069 1232 1155
f 1069 1155 1141
f 1070 1149 1228
f 1070 1228 1154
f 1071 1156 1080
f 1071 1080 1072
f 1071 1143 1157
f 1071 1157 1158
f 1071 1158 1156
f 1073 1074 1082
f 1074 1075 1159
f 1074 1159 1082
f 1075 1077 1160
f 1075 1160 1159
f 1076 1161 1077
f 1076 1079 1161
f 1077 1161 1160
f 1078 1080 1156
f 1078 1156 1162
f 1078 1162 1163
f 1078 1163 1079
f 1079 1163 1164
f 1079 1164 1165
f 1079 1165 1161
f 1081 1082 1087
f 1082 1159 1166
f 1082 1166 1087
f 1083 1089 1172
f 1083 1172 1167
f 1083 1167 1084
f 1084 1092 1085
f 1084 1167 1168
f 1084 1168 1169
f 1084 1169 1092
f 1085 1092 1086
f 1087 1166 1170
f 1088 1170 1173
f 1088 1173 1090
f 1089 1091 1171
f 1089 1171 1172
f 1090 1171 1091
f 1090 1173 1246
f 1090 1246 1171
f 1092 1174 1175
f 1092 1175 1093
f 1092 1169 1176
f 1092 1176 1177
f 1092 1177 1174
f 1094 1175 1174
f 1094 1174 1178
f 1094 1178 1179
f 1094 1179 1095
f 1095 1179 1181
f 1095 1181 1096
f 1096 1180 1104
f 1096 1104 1097
f 1096 1181 1182
f 1096 1182 1180
f 1097 1104 1099
f 1097 1099 1098
f 1100 1104 1180
f 1100 1180 1182
f 1100 1182 1183
f 1100 1183 1184
f 1100 1184 1101
f 1101 1184 1185
f 1101 1185 1102
f 1102 1186 1103
f 1102 1185 1186
f 1103 1186 1105
f 1105 1107 1106
f 1105 1186 1187
f 1105 1187 1107
f 1107 1187 1188
f 1107 1188 1108
f 1108 1188 1109
f 1109 1188 1189
f 1109 1189 1110
f 1111 1112 1190
f 1112 1191 1192
f 1112 1192 1190
f 1112 1189 1259
f 1112 1259 1193
f 1112 1193 1194
f 1112 1194 1191
f 1113 1195 1196
f 1113 1196 1114
f 1116 1197 1117
f 1117 1197 1118
f 1118 1197 1198
f 1118 1198 1199
f 1118 1199 1200
f 1118 1200 1119
f 1119 1200 1120
f 1120 1200 1201
f 1120 1201 1202
f 1120 1202 1122
f 1121 1123 1203
f 1121 1203 1204
f 1121 1204 1126
f 1122 1202 1205
f 1122 1205 1123
f 1123 1205 1203
f 1125 1126 1206
f 1125 1206 1127
f 1126 1204 1207
f 1126 1207 1206
f 1127 1206 1208
f 1127 1208 1133
f 1127 1133 1132
f 1128 1131 1129
f 1129 1209 1210
f 1129 1210 1211
f 1129 1211 1145
f 1129 1145 1130
f 1129 1131 1212
f 1129 1212 1209
f 1131 1140 1212
f 1133 1208 1134
f 1134 1208 1213
f 1134 1213 1214
f 1134 1214 1135
f 1135 1214 1137
f 1136 1138 1215
f 1137 1214 1216
f 1137 1216 1217
f 1137 1217 1218
f 1137 1218 1138
f 1138 1218 1219
f 1138 1219 1215
f 1139 1212 1140
f 1139 1215 1220
f 1139 1220 1212
f 1141 1221 1142
f 1141 1155 1222
f 1141 1222 1221
f 1142 1221 1143
f 1143 1158 1157
f 1143 1221 1158
f 1144 1148 1226
f 1144 1226 1153
f 1145 1211 1223
f 1145 1223 1146
f 1146 1224 1147
f 1146 1223 1224
f 1147 1224 1225
f 1147 1225 1148
f 1148 1225 1226
f 1149 1227 1228
f 1150 1152 1229
f 1150 1229 1227
f 1151 1153 1152
f 1152 1153 1230
f 1152 1230 1231
f 1152 1231 1229
f 1153 1226 1297
f 1153 1297 1230
f 1154 1228 1232
f 1155 1232 1222
f 1156 1158 1235
f 1156 1235 1162
f 1158 1221 1233
f 1158 1233 1234
f 1158 1234 1235
f 1159 1160 1236
f 1159 1236 1166
f 1160 1161 1236
f 1161 1237 1236
f 1161 1165 1242
f 1161 1242 1237
f 1162 1238 1163
f 1162 1235 1239
f 1162 1239 1238
f 1163 1238 1240
f 1163 1240 1164
f 1164 1241 1242
f 1164 1242 1165
f 1164 1240 1314
f 1164 1314 1241
f 1166 1236 1243
f 1166 1243 1170
f 1167 1172 1168
f 1168 1244 1176
f 1168 1176 1169
f 1168 1172 1171
f 1168 1171 1245
f 1168 1245 1244
f 1170 1243 1173
f 1171 1246 1245
f 1173 1243 1247
f 1173 1247 1321
f 1173 1321 1246
f 1174 1177 1178
f 1176 1244 1248
f 1176 1248 1178
f 1176 1178 1177
f 1178 1248 1179
f 1179 1248 1249
f 1179 1249 1250
f 1179 1250 1181
f 1181 1250 1251
f 1181 1251 1182
f 1182 1251 1183
f 1183 1251 1252
f 1183 1252 1253
f 1183 1253 1184
f 1184 1253 1254
f 1184 1254 1185
f 1185 1254 1255
f 1185 1255 1256
f 1185 1256 1257
f 1185 1257 1258
f 1185 1258 1186
f 1186 1258 1188
f 1186 1188 1187
f 1188 1258 1259
f 1188 1259 1189
f 1193 1259 1335
f 1193 1335 1260
f 1193 1260 1261
f 1193 1261 1194
f 1195 1262 1263
f 1195 1263 1264
f 1195 1264 1196
f 1198 1265 1199
f 1199 1265 1266
f 1199 1266 1200
f 1200 1266 1267
f 1200 1267 1268
f 1200 1268 1201
f 1201 1268 1202
f 1202 1268 1269
f 1202 1269 1270
f 1202 1270 1271
f 1202 1271 1205
f 1203 1272 1207
f 1203 1207 1204
f 1203 1205 1271
f 1203 1271 1273
f 1203 1273 1272
f 1206 1207 1208
f 1207 1272 1274
f 1207 1274 1208
f 1208 1274 1213
f 1209 1275 1276
f 1209 1276 1210
f 1209 1212 1220
f 1209 1220 1277
f 1209 1277 1278
f 1209 1278 1275
f 1210 1276 1211
f 1211 1276 1223
f 1213 1274 1349
f 1213 1349 1279
f 1213 1279 1280
f 1213 1280 1281
f 1213 1281 1214
f 1214 1281 1282
f 1214 1282 1216
f 1215 1219 1283
f 1215 1283 1220
f 1216 1282 1217
f 1217 1284 1219
f 1217 1219 1218
f 1217 1282 1285
f 1217 1285 1284
f 1219 1284 1286
f 1219 1286 1287
f 1219 1287 1283
f 1220 1288 1277
f 1220 1283 1288
f 1221 1222 1289
f 1221 1289 1290
f 1221 1290 1233
f 1222 1290 1289
f 1222 1232 1291
f 1222 1291 1292
f 1222 1292 1290
f 1223 1276 1224
f 1224 1293 1225
f 1224 1276 1294
f 1224 1294 1293
f 1225 1295 1296
f 1225 1296 1297
f 1225 1297 1226
f 1225 1293 1298
f 1225 1298 1295
f 1227 1299 1228
f 1227 1229 1303
f 1227 1303 1299
f 1228 1299 1300
f 1228 1300 1301
f 1228 1301 1302
f 1228 1302 1232
f 1229 1231 1303
f 1230 1297 1231
f 1231 1304 1305
f 1231 1305 1303
f 1231 1297 1306
f 1231 1306 1381
f 1231 1381 1304
f 1232 1302 1307
f 1232 1307 1291
f 1233 1308 1234
f 1233 1290 1309
f 1233 1309 1308
f 1234 1310 1235
f 1234 1308 1310
f 1235 1310 1239
f 1236 1311 1243
f 1236 1237 1311
f 1237 1312 1311
f 1237 1242 1313
f 1237 1313 1312
f 1238 1239 1240
f 1239 1310 1240
f 1240 1310 1315
f 1240 1315 1391
f 1240 1391 1314
f 1241 1313 1242
f 1241 1314 1313
f 1243 1311 1247
f 1244 1245 1316
f 1244 1316 1317
f 1244 1317 1248
f 1245 1246 1318
f 1245 1318 1319
f 1245 1319 1320
f 1245 1320 1316
f 1246 1321 1318
f 1247 1311 1322
f 1247 1322 1323
f 1247 1323 1321
f 1248 1317 1249
f 1249 1324 1250
f 1249 1317 1325
f 1249 1325 1326
f 1249 1326 1324
f 1250 1324 1327
f 1250 1327 1251
f 1251 1327 1252
f 1252 1327 1328
f 1252 1328 1329
f 1252 1329 1253
f 1253 1330 1254
f 1253 1329 1330
f 1254 1330 1255
f 1255 1330 1331
f 1255 1331 1332
f 1255 1332 1333
f 1255 1333 1256
f 1256 1333 1334
f 1256 1334 1257
f 1257 1334 1258
f 1258 1335 1259
f 1258 1334 1335
f 1260 1335 1334
f 1260 1334 1336
f 1260 1336 1337
f 1260 1337 1261
f 1262 1338 1263
f 1263 1338 1339
f 1265 1340 1266
f 1266 1340 1341
f 1266 1341 1267
f 1267 1341 1342
f 1267 1342 1268
f 1268 1342 1343
f 1268 1343 1344
f 1268 1344 1269
f 1269 1344 1270
f 1270 1345 1346
f 1270 1346 1271
f 1270 1344 1347
f 1270 1347 1422
f 1270 1422 1345
f 1271 1346 1273
f 1272 1273 1348
f 1272 1348 1349
f 1272 1349 1274
f 1273 1346 1350
f 1273 1350 1348
f 1275 1294 1276
f 1275 1278 1294
f 1277 1288 1351
f 1277 1351 1278
f 1278 1352 1294
f 1278 1351 1352
f 1279 1349 1353
f 1279 1353 1280
f 1280 1354 1282
f 1280 1282 1281
f 1280 1353 1355
f 1280 1355 1430
f 1280 1430 1354
f 1282 1354 1285
f 1283 1287 1356
f 1283 1356 1288
f 1284 1285 1357
f 1284 1357 1358
f 1284 1358 1286
f 1285 1354 1359
f 1285 1359 1360
f 1285 1360 1357
f 1286 1361 1362
f 1286 1362 1287
f 1286 1358 1361
f 1287 1362 1356
f 1288 1356 1363
f 1288 1363 1351
f 1290 1364 1309
f 1290 1292 1365
f 1290 1365 1364
f 1291 1307 1292
f 1292 1307 1366
f 1292 1366 1367
f 1292 1367 1365
f 1293 1294 1368
f 1293 1368 1298
f 1294 1369 1368
f 1294 1352 1370
f 1294 1370 1369
f 1295 1371 1372
f 1295 1372 1296
f 1295 1298 1373
f 1295 1373 1371
f 1296 1372 1297
f 1297 1372 1306
f 1298 1368 1369
f 1298 1369 1370
f 1298 1370 1374
f 1298 1374 1375
f 1298 1375 1373
f 1299 1303 1300
f 1300 1303 1305
f 1300 1305 1376
f 1300 1376 1377
f 1300 1377 1378
f 1300 1378 1379
f 1300 1379 1301
f 1301 1379 1302
f 1302 1379 1307
f 1304 1380 1376
f 1304 1376 1305
f 1304 1381 1382
f 1304 1382 1380
f 1306 1372 1381
f 1307 1379 1366
f 1308 1383 1384
f 1308 1384 1310
f 1308 1309 1364
f 1308 1364 1383
f 1310 1384 1315
f 1311 1312 1385
f 1311 1385 1322
f 1312 1313 1385
f 1313 1386 1385
f 1313 1314 1387
f 1313 1387 1388
f 1313 1388 1389
f 1313 1389 1386
f 1314 1390 1387
f 1314 1391 1392
f 1314 1392 1390
f 1315 1384 1461
f 1315 1461 1391
f 1316 1320 1393
f 1316 1393 1317
f 1317 1393 1325
f 1318 1321 1394
f 1318 1394 1319
f 1319 1393 1320
f 1319 1394 1395
f 1319 1395 1396
f 1319 1396 1393
f 1321 1323 1394
f 1322 1385 1397
f 1322 1397 1323
f 1323 1397 1398
f 1323 1398 1394
f 1324 1326 1327
f 1325 1393 1399
f 1325 1399 1400
f 1325 1400 1401
f 1325 1401 1326
f 1326 1401 1402
f 1326 1402 1403
f 1326 1403 1327
f 1327 1403 1404
f 1327 1404 1328
f 1328 1404 1405
f 1328 1405 1329
f 1329 1405 1406
f 1329 1406 1330
f 1330 1406 1480
f 1330 1480 1407
f 1330 1407 1331
f 1331 1407 1408
f 1331 1408 1332
f 1332 1408 1409
f 1332 1409 1410
f 1332 1410 1411
f 1332 1411 1333
f 1333 1411 1336
f 1333 1336 1334
f 1336 1411 1337
f 1337 1411 1412
f 1338 1413 1339
f 1339 1413 1414
f 1339 1414 1415
f 1340 1416 1417
f 1340 1417 1341
f 1341 1417 1418
f 1341 1418 1342
f 1342 1418 1419
f 1342 1419 1343
f 1343 1419 1420
f 1343 1420 1421
f 1343 1421 1344
f 1344 1421 1347
f 1345 1350 1346
f 1345 1422 1423
f 1345 1423 1350
f 1347 1421 1424
f 1347 1424 1499
f 1347 1499 1422
f 1348 1350 1425
f 1348 1425 1349
f 1349 1425 1353
f 1350 1423 1426
f 1350 1426 1425
f 1351 1363 1427
f 1351 1427 1352
f 1352 1427 1428
f 1352 1428 1370
f 1353 1425 1426
f 1353 1426 1429
f 1353 1429 1355
f 1354 1430 1359
f 1355 1429 1431
f 1355 1431 1504
f 1355 1504 1430
f 1356 1362 1432
f 1356 1432 1363
f 1357 1360 1433
f 1357 1433 1358
f 1358 1434 1361
f 1358 1433 1434
f 1359 1430 1435
f 1359 1435 1360
f 1360 1435 1436
f 1360 1436 1437
f 1360 1437 1433
f 1361 1438 1432
f 1361 1432 1362
f 1361 1434 1439
f 1361 1439 1438
f 1363 1440 1427
f 1363 1432 1507
f 1363 1507 1440
f 1364 1441 1383
f 1364 1365 1441
f 1365 1367 1445
f 1365 1445 1442
f 1365 1442 1441
f 1366 1379 1443
f 1366 1443 1444
f 1366 1444 1367
f 1367 1444 1445
f 1370 1428 1374
f 1371 1446 1372
f 1371 1373 1446
f 1372 1446 1447
f 1372 1447 1381
f 1373 1448 1449
f 1373 1449 1446
f 1373 1375 1448
f 1374 1428 1450
f 1374 1450 1451
f 1374 1451 1375
f 1375 1452 1448
f 1375 1451 1452
f 1376 1380 1377
f 1377 1453 1454
f 1377 1454 1378
f 1377 1380 1455
f 1377 1455 1453
f 1378 1454 1379
f 1379 1454 1443
f 1380 1382 1455
f 1381 1447 1382
f 1382 1447 1446
f 1382 1446 1456
f 1382 1456 1457
f 1382 1457 1458
f 1382 1458 1459
f 1382 1459 1455
f 1383 1460 1384
f 1383 1441 1460
f 1384 1460 1461
f 1385 1386 1397
f 1386 1389 1463
f 1386 1463 1462
f 1386 1462 1397
f 1387 1390 1388
f 1388 1463 1389
f 1388 1390 1392
f 1388 1392 1464
f 1388 1464 1465
f 1388 1465 1463
f 1391 1461 1466
f 1391 1466 1392
f 1392 1466 1467
f 1392 1467 1464
f 1393 1396 1399
f 1394 1398 1468
f 1394 1468 1395
f 1395 1468 1396
f 1396 1468 1469
f 1396 1469 1470
f 1396 1470 1399
f 1397 1462 1471
f 1397 1471 1472
f 1397 1472 1398
f 1398 1472 1473
f 1398 1473 1468
f 1399 1470 1474
f 1399 1474 1475
f 1399 1475 1400
f 1400 1402 1401
f 1400 1475 1549
f 1400 1549 1476
f 1400 1476 1402
f 1402 1477 1403
f 1402 1476 1478
f 1402 1478 1477
f 1403 1477 1404
f 1404 1477 1405
f 1405 1477 1479
f 1405 1479 1406
f 1406 1479 1481
f 1406 1481 1482
f 1406 1482 1554
f 1406 1554 1480
f 1407 1480 1483
f 1407 1483 1408
f 1408 1483 1409
f 1409 1483 1484
f 1409 1484 1560
f 1409 1560 1485
f 1409 1485 1486
f 1409 1486 1410
f 1410 1487 1411
f 1410 1486 1487
f 1411 1487 1488
f 1411 1488 1412
f 1414 1489 1415
f 1415 1489 1491
f 1415 1491 1490
f 1416 1492 1417
f 1417 1492 1493
f 1417 1493 1494
f 1417 1494 1495
f 1417 1495 1418
f 1418 1495 1419
f 1419 1495 1496
f 1419 1496 1420
f 1420 1496 1497
f 1420 1497 1421
f 1421 1497 1498
f 1421 1498 1424
f 1422 1499 1500
f 1422 1500 1423
f 1423 1500 1501
f 1423 1501 1426
f 1424 1498 1502
f 1424 1502 1499
f 1426 1501 1429
f 1427 1440 1503
f 1427 1503 1428
f 1428 1503 1450
f 1429 1501 1431
f 1430 1504 1435
f 1431 1501 1505
f 1431 1505 1506
f 1431 1506 1504
f 1432 1438 1507
f 1433 1437 1508
f 1433 1508 1434
f 1434 1508 1509
f 1434 1509 1439
f 1435 1504 1510
f 1435 1510 1436
f 1436 1510 1511
f 1436 1511 1437
f 1437 1512 1508
f 1437 1511 1513
f 1437 1513 1512
f 1438 1514 1507
f 1438 1439 1514
f 1439 1515 1514
f 1439 1509 1515
f 1440 1507 1503
f 1441 1442 1516
f 1441 1516 1517
f 1441 1517 1460
f 1442 1445 1521
f 1442 1521 1516
f 1443 1454 1518
f 1443 1518 1444
f 1444 1518 1519
f 1444 1519 1445
f 1445 1519 1520
f 1445 1520 1521
f 1446 1522 1456
f 1446 1449 1522
f 1448 1523 1449
f 1448 1452 1524
f 1448 1524 1523
f 1449 1523 1522
f 1450 1525 1451
f 1450 1503 1526
f 1450 1526 1525
f 1451 1527 1452
f 1451 1525 1527
f 1452 1527 1524
f 1453 1455 1528
f 1453 1528 1601
f 1453 1601 1529
f 1453 1529 1530
f 1453 1530 1518
f 1453 1518 1454
f 1455 1459 1528
f 1456 1522 1457
f 1457 1522 1531
f 1457 1531 1532
f 1457 1532 1533
f 1457 1533 1458
f 1458 1533 1534
f 1458 1534 1528
f 1458 1528 1459
f 1460 1517 1535
f 1460 1535 1536
f 1460 1536 1537
f 1460 1537 1466
f 1460 1466 1461
f 1462 1463 1538
f 1462 1538 1471
f 1463 1465 1538
f 1464 1467 1465
f 1465 1467 1539
f 1465 1539 1540
f 1465 1540 1541
f 1465 1541 1538
f 1466 1537 1467
f 1467 1537 1536
f 1467 1536 1542
f 1467 1542 1543
f 1467 1543 1539
f 1468 1473 1469
f 1469 1473 1548
f 1469 1548 1544
f 1469 1544 1470
f 1470 1544 1545
f 1470 1545 1615
f 1470 1615 1546
f 1470 1546 1547
f 1470 1547 1474
f 1471 1538 1548
f 1471 1548 1473
f 1471 1473 1472
f 1474 1547 1549
f 1474 1549 1475
f 1476 1549 1478
f 1477 1478 1481
f 1477 1481 1479
f 1478 1549 1550
f 1478 1550 1551
f 1478 1551 1552
f 1478 1552 1481
f 1480 1553 1483
f 1480 1554 1555
f 1480 1555 1553
f 1481 1552 1482
f 1482 1552 1551
f 1482 1551 1556
f 1482 1556 1557
f 1482 1557 1558
f 1482 1558 1554
f 1483 1553 1559
f 1483 1559 1484
f 1484 1559 1624
f 1484 1624 1560
f 1490 1491 1561
f 1490 1561 1562
f 1494 1563 1495
f 1495 1563 1564
f 1495 1564 1496
f 1496 1564 1565
f 1496 1565 1497
f 1497 1565 1566
f 1497 1566 1498
f 1498 1566 1567
f 1498 1567 1502
f 1499 1502 1568
f 1499 1568 1569
f 1499 1569 1500
f 1500 1570 1501
f 1500 1569 1570
f 1501 1570 1505
f 1502 1567 1571
f 1502 1571 1568
f 1503 1507 1572
f 1503 1572 1526
f 1504 1506 1510
f 1505 1570 1506
f 1506 1573 1574
f 1506 1574 1575
f 1506 1575 1510
f 1506 1570 1573
f 1507 1514 1572
f 1508 1512 1576
f 1508 1576 1509
f 1509 1576 1577
f 1509 1577 1578
f 1509 1578 1579
f 1509 1579 1515
f 1510 1575 1580
f 1510 1580 1581
f 1510 1581 1511
f 1511 1581 1582
f 1511 1582 1583
f 1511 1583 1513
f 1512 1513 1576
f 1513 1583 1584
f 1513 1584 1585
f 1513 1585 1586
f 1513 1586 1587
f 1513 1587 1588
f 1513 1588 1576
f 1514 1515 1589
f 1514 1589 1572
f 1515 1579 1589
f 1516 1521 1590
f 1516 1590 1535
f 1516 1535 1517
f 1518 1530 1519
f 1519 1530 1591
f 1519 1591 1592
f 1519 1592 1520
f 1520 1593 1521
f 1520 1592 1594
f 1520 1594 1593
f 1521 1593 1590
f 1522 1523 1595
f 1522 1595 1531
f 1523 1524 1596
f 1523 1596 1595
f 1524 1527 1597
f 1524 1597 1664
f 1524 1664 1596
f 1525 1598 1527
f 1525 1526 1599
f 1525 1599 1598
f 1526 1572 1599
f 1527 1598 1600
f 1527 1600 1597
f 1528 1534 1601
f 1529 1601 1602
f 1529 1602 1530
f 1530 1602 1591
f 1531 1603 1532
f 1531 1595 1603
f 1532 1604 1601
f 1532 1601 1533
f 1532 1603 1674
f 1532 1674 1604
f 1533 1601 1534
f 1535 1590 1605
f 1535 1605 1542
f 1535 1542 1536
f 1538 1541 1608
f 1538 1608 1606
f 1538 1606 1548
f 1539 1543 1540
f 1540 1543 1607
f 1540 1607 1680
f 1540 1680 1608
f 1540 1608 1541
f 1542 1605 1609
f 1542 1609 1543
f 1543 1609 1610
f 1543 1610 1607
f 1544 1548 1611
f 1544 1611 1612
f 1544 1612 1613
f 1544 1613 1545
f 1545 1613 1614
f 1545 1614 1615
f 1546 1616 1547
f 1546 1615 1690
f 1546 1690 1616
f 1547 1616 1549
f 1548 1606 1611
f 1549 1616 1617
f 1549 1617 1550
f 1550 1617 1618
f 1550 1618 1551
f 1551 1618 1556
f 1553 1555 1620
f 1553 1620 1559
f 1554 1558 1619
f 1554 1619 1555
f 1555 1619 1693
f 1555 1693 1620
f 1556 1618 1621
f 1556 1621 1623
f 1556 1623 1557
f 1557 1622 1619
f 1557 1619 1558
f 1557 1623 1699
f 1557 1699 1622
f 1559 1620 1694
f 1559 1694 1624
f 1561 1625 1626
f 1561 1626 1562
f 1563 1627 1564
f 1564 1627 1628
f 1564 1628 1629
f 1564 1629 1630
f 1564 1630 1565
f 1565 1630 1631
f 1565 1631 1632
f 1565 1632 1566
f 1566 1632 1633
f 1566 1633 1567
f 1567 1633 1634
f 1567 1634 1571
f 1568 1571 1635
f 1568 1635 1636
f 1568 1636 1569
f 1569 1636 1710
f 1569 1710 1637
f 1569 1637 1570
f 1570 1637 1573
f 1571 1634 1638
f 1571 1638 1635
f 1572 1639 1599
f 1572 1589 1640
f 1572 1640 1639
f 1573 1637 1641
f 1573 1641 1574
f 1574 1641 1642
f 1574 1642 1643
f 1574 1643 1580
f 1574 1580 1575
f 1576 1588 1577
f 1577 1588 1587
f 1577 1587 1644
f 1577 1644 1645
f 1577 1645 1579
f 1577 1579 1578
f 1579 1645 1640
f 1579 1640 1589
f 1580 1582 1581
f 1580 1643 1646
f 1580 1646 1647
f 1580 1647 1582
f 1582 1584 1583
f 1582 1647 1648
f 1582 1648 1649
f 1582 1649 1584
f 1584 1649 1650
f 1584 1650 1651
f 1584 1651 1586
f 1584 1586 1585
f 1586 1652 1587
f 1586 1651 1653
f 1586 1653 1654
f 1586 1654 1652
f 1587 1652 1644
f 1590 1593 1655
f 1590 1655 1656
f 1590 1656 1605
f 1591 1602 1657
f 1591 1657 1592
f 1592 1657 1658
f 1592 1658 1659
f 1592 1659 1594
f 1593 1594 1660
f 1593 1660 1655
f 1594 1659 1661
f 1594 1661 1660
f 1595 1662 1603
f 1595 1596 1662
f 1596 1663 1662
f 1596 1664 1663
f 1597 1600 1665
f 1597 1665 1666
f 1597 1666 1667
f 1597 1667 1664
f 1598 1599 1600
f 1599 1639 1640
f 1599 1640 1668
f 1599 1668 1669
f 1599 1669 1670
f 1599 1670 1600
f 1600 1670 1744
f 1600 1744 1665
f 1601 1671 1672
f 1601 1672 1602
f 1601 1604 1673
f 1601 1673 1671
f 1602 1672 1657
f 1603 1662 1675
f 1603 1675 1674
f 1604 1674 1676
f 1604 1676 1673
f 1605 1656 1677
f 1605 1677 1609
f 1606 1608 1678
f 1606 1678 1611
f 1607 1679 1680
f 1607 1610 1685
f 1607 1685 1679
f 1608 1680 1681
f 1608 1681 1682
f 1608 1682 1678
f 1609 1677 1610
f 1610 1677 1683
f 1610 1683 1684
f 1610 1684 1685
f 1611 1678 1686
f 1611 1686 1612
f 1612 1686 1614
f 1612 1614 1613
f 1614 1687 1615
f 1614 1686 1678
f 1614 1678 1688
f 1614 1688 1687
f 1615 1687 1689
f 1615 1689 1690
f 1616 1690 1617
f 1617 1690 1691
f 1617 1691 1692
f 1617 1692 1618
f 1618 1692 1621
f 1619 1622 1698
f 1619 1698 1693
f 1620 1693 1763
f 1620 1763 1694
f 1621 1692 1695
f 1621 1695 1696
f 1621 1696 1697
f 1621 1697 1623
f 1622 1699 1700
f 1622 1700 1698
f 1623 1697 1767
f 1623 1767 1699
f 1625 1701 1702
f 1625 1702 1626
f 1629 1703 1631
f 1629 1631 1630
f 1631 1703 1704
f 1631 1704 1705
f 1631 1705 1706
f 1631 1706 1707
f 1631 1707 1632
f 1632 1707 1633
f 1633 1707 1708
f 1633 1708 1634
f 1634 1708 1638
f 1635 1638 1709
f 1635 1709 1636
f 1636 1709 1779
f 1636 1779 1710
f 1637 1710 1641
f 1638 1708 1711
f 1638 1711 1712
f 1638 1712 1713
f 1638 1713 1709
f 1640 1645 1714
f 1640 1714 1668
f 1641 1710 1715
f 1641 1715 1642
f 1642 1715 1716
f 1642 1716 1717
f 1642 1717 1643
f 1643 1717 1646
f 1644 1718 1719
f 1644 1719 1645
f 1644 1652 1718
f 1645 1719 1714
f 1646 1717 1720
f 1646 1720 1721
f 1646 1721 1647
f 1647 1721 1648
f 1648 1721 1722
f 1648 1722 1723
f 1648 1723 1649
f 1649 1723 1650
f 1650 1723 1724
f 1650 1724 1725
f 1650 1725 1651
f 1651 1725 1653
f 1652 1654 1726
f 1652 1726 1718
f 1653 1725 1727
f 1653 1727 1728
f 1653 1728 1654
f 1654 1728 1729
f 1654 1729 1726
f 1655 1660 1730
f 1655 1730 1731
f 1655 1731 1677
f 1655 1677 1656
f 1657 1672 1671
f 1657 1671 1732
f 1657 1732 1733
f 1657 1733 1658
f 1658 1733 1734
f 1658 1734 1735
f 1658 1735 1736
f 1658 1736 1659
f 1659 1736 1661
f 1660 1661 1737
f 1660 1737 1731
f 1660 1731 1730
f 1661 1738 1737
f 1661 1736 1739
f 1661 1739 1738
f 1662 1663 1740
f 1662 1740 1675
f 1663 1664 1741
f 1663 1741 1742
f 1663 1742 1743
f 1663 1743 1740
f 1664 1667 1741
f 1665 1744 1745
f 1665 1745 1666
f 1666 1746 1741
f 1666 1741 1667
f 1666 1745 1746
f 1668 1714 1669
f 1669 1747 1744
f 1669 1744 1670
f 1669 1714 1748
f 1669 1748 1747
f 1671 1673 1732
f 1673 1676 1749
f 1673 1749 1732
f 1674 1675 1676
f 1675 1750 1676
f 1675 1740 1750
f 1676 1750 1751
f 1676 1751 1749
f 1677 1731 1752
f 1677 1752 1683
f 1678 1682 1688
f 1679 1753 1681
f 1679 1681 1680
f 1679 1685 1753
f 1681 1753 1688
f 1681 1688 1682
f 1683 1752 1754
f 1683 1754 1684
f 1684 1754 1755
f 1684 1755 1756
f 1684 1756 1685
f 1685 1756 1753
f 1687 1688 1757
f 1687 1757 1689
f 1688 1758 1757
f 1688 1753 1759
f 1688 1759 1758
f 1689 1757 1758
f 1689 1758 1760
f 1689 1760 1761
f 1689 1761 1762
f 1689 1762 1690
f 1690 1762 1691
f 1691 1762 1695
f 1691 1695 1692
f 1693 1698 1768
f 1693 1768 1763
f 1695 1762 1761
f 1695 1761 1764
f 1695 1764 1696
f 1696 1764 1765
f 1696 1765 1766
f 1696 1766 1697
f 1697 1766 1831
f 1697 1831 1767
f 1698 1700 1768
f 1699 1767 1770
f 1699 1770 1700
f 1700 1769 1768
f 1700 1770 1771
f 1700 1771 1769
f 1701 1772 1702
f 1702 1772 1773
f 1702 1773 1774
f 1706 1775 1776
f 1706 1776 1707
f 1707 1776 1708
f 1708 1776 1777
f 1708 1777 1711
f 1709 1778 1779
f 1709 1713 1778
f 1710 1779 1715
f 1711 1777 1780
f 1711 1780 1712
f 1712 1780 1781
f 1712 1781 1782
f 1712 1782 1778
f 1712 1778 1713
f 1714 1719 1748
f 1715 1779 1783
f 1715 1783 1716
f 1716 1783 1784
f 1716 1784 1785
f 1716 1785 1717
f 1717 1785 1720
f 1718 1786 1748
f 1718 1748 1719
f 1718 1726 1787
f 1718 1787 1786
f 1720 1785 1788
f 1720 1788 1789
f 1720 1789 1721
f 1721 1789 1722
f 1722 1789 1790
f 1722 1790 1791
f 1722 1791 1723
f 1723 1791 1724
f 1724 1791 1792
f 1724 1792 1793
f 1724 1793 1725
f 1725 1793 1794
f 1725 1794 1727
f 1726 1729 1795
f 1726 1795 1787
f 1727 1794 1728
f 1728 1796 1797
f 1728 1797 1729
f 1728 1794 1796
f 1729 1797 1795
f 1731 1737 1798
f 1731 1798 1799
f 1731 1799 1752
f 1732 1749 1800
f 1732 1800 1801
f 1732 1801 1733
f 1733 1801 1734
f 1734 1801 1802
f 1734 1802 1803
f 1734 1803 1739
f 1734 1739 1735
f 1735 1739 1736
f 1737 1738 1804
f 1737 1804 1798
f 1738 1739 1804
f 1739 1803 1805
f 1739 1805 1806
f 1739 1806 1807
f 1739 1807 1804
f 1740 1743 1808
f 1740 1808 1809
f 1740 1809 1750
f 1741 1746 1810
f 1741 1810 1742
f 1742 1810 1743
f 1743 1810 1808
f 1744 1747 1812
f 1744 1812 1745
f 1745 1811 1746
f 1745 1812 1811
f 1746 1811 1813
f 1746 1813 1814
f 1746 1814 1810
f 1747 1748 1815
f 1747 1815 1816
f 1747 1816 1812
f 1748 1786 1815
f 1749 1751 1818
f 1749 1818 1800
f 1750 1817 1751
f 1750 1809 1817
f 1751 1817 1878
f 1751 1878 1819
f 1751 1819 1818
f 1752 1799 1798
f 1752 1798 1820
f 1752 1820 1754
f 1753 1756 1759
f 1754 1820 1821
f 1754 1821 1755
f 1755 1821 1822
f 1755 1822 1823
f 1755 1823 1759
f 1755 1759 1756
f 1758 1759 1824
f 1758 1824 1826
f 1758 1826 1760
f 1759 1823 1825
f 1759 1825 1824
f 1760 1826 1827
f 1760 1827 1761
f 1761 1827 1828
f 1761 1828 1764
f 1764 1828 1765
f 1765 1828 1829
f 1765 1829 1830
f 1765 1830 1766
f 1766 1830 1889
f 1766 1889 1831
f 1767 1831 1833
f 1767 1833 1770
f 1770 1832 1771
f 1770 1833 1834
f 1770 1834 1832
f 1773 1835 1774
f 1774 1835 1836
f 1774 1836 1837
f 1775 1838 1776
f 1775 1839 1840
f 1775 1840 1838
f 1776 1838 1777
f 1777 1838 1841
f 1777 1841 1780
f 1778 1782 1842
f 1778 1842 1843
f 1778 1843 1779
f 1779 1843 1783
f 1780 1841 1844
f 1780 1844 1781
f 1781 1844 1845
f 1781 1845 1846
f 1781 1846 1842
f 1781 1842 1782
f 1783 1843 1847
f 1783 1847 1784
f 1784 1847 1848
f 1784 1848 1785
f 1785 1848 1788
f 1786 1849 1815
f 1786 1787 1849
f 1787 1795 1850
f 1787 1850 1849
f 1788 1848 1851
f 1788 1851 1789
f 1789 1851 1790
f 1790 1851 1852
f 1790 1852 1791
f 1791 1852 1792
f 1792 1852 1853
f 1792 1853 1793
f 1793 1854 1794
f 1793 1853 1854
f 1794 1854 1855
f 1794 1855 1856
f 1794 1856 1857
f 1794 1857 1796
f 1795 1797 1858
f 1795 1858 1850
f 1796 1857 1797
f 1797 1857 1859
f 1797 1859 1860
f 1797 1860 1858
f 1798 1804 1861
f 1798 1861 1820
f 1800 1862 1802
f 1800 1802 1801
f 1800 1818 1862
f 1802 1862 1863
f 1802 1863 1803
f 1803 1863 1805
f 1804 1807 1864
f 1804 1864 1861
f 1805 1863 1921
f 1805 1921 1865
f 1805 1865 1866
f 1805 1866 1867
f 1805 1867 1806
f 1806 1867 1868
f 1806 1868 1807
f 1807 1868 1864
f 1808 1869 1809
f 1808 1810 1870
f 1808 1870 1869
f 1809 1869 1817
f 1810 1814 1871
f 1810 1871 1870
f 1811 1812 1872
f 1811 1872 1873
f 1811 1873 1813
f 1812 1816 1872
f 1813 1874 1871
f 1813 1871 1814
f 1813 1873 1875
f 1813 1875 1874
f 1815 1849 1816
f 1816 1849 1876
f 1816 1876 1877
f 1816 1877 1872
f 1817 1869 1878
f 1818 1879 1862
f 1818 1819 1879
f 1819 1878 1879
f 1820 1880 1821
f 1820 1861 1881
f 1820 1881 1880
f 1821 1880 1882
f 1821 1882 1822
f 1822 1882 1883
f 1822 1883 1825
f 1822 1825 1823
f 1824 1825 1884
f 1824 1884 1826
f 1825 1883 1884
f 1826 1884 1885
f 1826 1885 1827
f 1827 1885 1886
f 1827 1886 1828
f 1828 1886 1829
f 1829 1886 1887
f 1829 1887 1888
f 1829 1888 1830
f 1830 1888 1949
f 1830 1949 1889
f 1831 1889 1890
f 1831 1890 1833
f 1833 1890 1834
f 1834 1890 1891
f 1836 1892 1952
f 1836 1952 2019
f 1836 2019 2081
f 1836 2081 2138
f 1836 2138 2183
f 1836 2183 2182
f 1836 2182 2225
f 1836 2225 2272
f 1836 2272 2271
f 1836 2271 2314
f 1836 2314 2357
f 1836 2357 2356
f 1836 2356 2392
f 1836 2392 2404
f 1836 2404 2371
f 1836 2371 2328
f 1836 2328 2286
f 1836 2286 2284
f 1836 2284 2281
f 1836 2281 2237
f 1836 2237 2235
f 1836 2235 2234
f 1836 2234 2233
f 1836 2233 2232
f 1836 2232 2191
f 1836 2191 2150
f 1836 2150 2149
f 1836 2149 2148
f 1836 2148 2147
f 1836 2147 2144
f 1836 2144 2143
f 1836 2143 2096
f 1836 2096 2095
f 1836 2095 2094
f 1836 2094 2093
f 1836 2093 2092
f 1836 2092 2091
f 1836 2091 2090
f 1836 2090 2089
f 1836 2089 2088
f 1836 2088 2087
f 1836 2087 2085
f 1836 2085 2084
f 1836 2084 2021
f 1836 2021 1954
f 1836 1954 1893
f 1836 1893 1894
f 1836 1894 1837
f 1838 1840 1895
f 1838 1895 1841
f 1839 1896 1840
f 1840 1896 1895
f 1841 1895 1844
f 1842 1897 1847
f 1842 1847 1843
f 1842 1846 1898
f 1842 1898 1897
f 1844 1895 1899
f 1844 1899 1900
f 1844 1900 1845
f 1845 1900 1901
f 1845 1901 1846
f 1846 1901 1898
f 1847 1897 1902
f 1847 1902 1903
f 1847 1903 1848
f 1848 1903 1904
f 1848 1904 1905
f 1848 1905 1851
f 1849 1850 1906
f 1849 1906 1876
f 1850 1858 1907
f 1850 1907 1906
f 1851 1905 1908
f 1851 1908 1909
f 1851 1909 1852
f 1852 1909 1910
f 1852 1910 1911
f 1852 1911 1853
f 1853 1911 1912
f 1853 1912 1913
f 1853 1913 1855
f 1853 1855 1854
f 1855 1913 1914
f 1855 1914 1915
f 1855 1915 1916
f 1855 1916 1856
f 1856 1916 1857
f 1857 1916 1917
f 1857 1917 1859
f 1858 1860 1907
f 1859 1918 1860
f 1859 1917 1918
f 1860 1918 1919
f 1860 1919 1920
f 1860 1920 1907
f 1861 1864 1881
f 1862 1921 1863
f 1862 1879 1921
f 1864 1868 1922
f 1864 1922 1881
f 1865 1921 1938
f 1865 1938 1923
f 1865 1923 1924
f 1865 1924 1866
f 1866 1924 1925
f 1866 1925 1926
f 1866 1926 1922
f 1866 1922 1867
f 1867 1922 1868
f 1869 1870 1927
f 1869 1927 1928
f 1869 1928 1929
f 1869 1929 1878
f 1870 1871 1927
f 1871 1874 1930
f 1871 1930 1927
f 1872 1877 1873
f 1873 1877 1931
f 1873 1931 1932
f 1873 1932 1875
f 1874 1875 1930
f 1875 1933 1930
f 1875 1932 1933
f 1876 1906 1934
f 1876 1934 1877
f 1877 1934 1931
f 1878 1935 1936
f 1878 1936 1879
f 1878 1929 1937
f 1878 1937 1935
f 1879 1938 1921
f 1879 1936 1938
f 1880 1881 1939
f 1880 1939 1882
f 1881 1922 1986
f 1881 1986 1939
f 1882 1939 1883
f 1883 1940 1941
f 1883 1941 1884
f 1883 1939 1942
f 1883 1942 1943
f 1883 1943 1940
f 1884 1941 1944
f 1884 1944 1945
f 1884 1945 1885
f 1885 1945 1946
f 1885 1946 1886
f 1886 1946 1947
f 1886 1947 1887
f 1887 1947 1948
f 1887 1948 1888
f 1888 1948 2015
f 1888 2015 1949
f 1889 1949 1950
f 1889 1950 1890
f 1890 1950 1951
f 1890 1951 1891
f 1892 1953 1952
f 1895 1896 1955
f 1895 1955 1956
f 1895 1956 1899
f 1897 1898 1902
f 1898 1901 1957
f 1898 1957 1958
f 1898 1958 1902
f 1899 1956 1900
f 1900 1959 1960
f 1900 1960 1961
f 1900 1961 1901
f 1900 1956 1959
f 1901 1962 1957
f 1901 1961 1962
f 1902 1904 1903
f 1902 1958 1963
f 1902 1963 1964
f 1902 1964 1904
f 1904 1908 1905
f 1904 1964 1965
f 1904 1965 1966
f 1904 1966 1908
f 1906 1907 1967
f 1906 1967 1934
f 1907 1920 1967
f 1908 1910 1909
f 1908 1966 1968
f 1908 1968 1969
f 1908 1969 1910
f 1910 1912 1911
f 1910 1969 1970
f 1910 1970 1971
f 1910 1971 1912
f 1912 1914 1913
f 1912 1971 1972
f 1912 1972 1973
f 1912 1973 1914
f 1914 1973 1974
f 1914 1974 1975
f 1914 1975 1915
f 1915 1976 1916
f 1915 1975 1976
f 1916 1976 1977
f 1916 1977 1917
f 1917 1978 1918
f 1917 1977 1979
f 1917 1979 1978
f 1918 1978 1980
f 1918 1980 1919
f 1919 1980 1981
f 1919 1981 1920
f 1920 1981 1982
f 1920 1982 1983
f 1920 1983 1967
f 1922 1984 1985
f 1922 1985 1986
f 1922 1926 1984
f 1923 1938 1987
f 1923 1987 1924
f 1924 1987 1988
f 1924 1988 1992
f 1924 1992 1925
f 1925 1989 1990
f 1925 1990 1991
f 1925 1991 1926
f 1925 1992 1989
f 1926 1991 1990
f 1926 1990 1984
f 1927 1929 1928
f 1927 1930 1993
f 1927 1993 1929
f 1929 1994 1937
f 1929 1993 1995
f 1929 1995 1994
f 1930 1933 1993
f 1931 1934 1996
f 1931 1996 1997
f 1931 1997 1932
f 1932 1997 1998
f 1932 1998 1933
f 1933 1999 1993
f 1933 1998 1999
f 1934 1967 1996
f 1935 2000 2001
f 1935 2001 2002
f 1935 2002 1938
f 1935 1938 1936
f 1935 1937 1994
f 1935 1994 2003
f 1935 2003 2004
f 1935 2004 2000
f 1938 2002 2005
f 1938 2005 1987
f 1939 1986 1942
f 1940 2006 1944
f 1940 1944 1941
f 1940 1943 2006
f 1942 1986 2007
f 1942 2007 1943
f 1943 2007 2008
f 1943 2008 2009
f 1943 2009 2010
f 1943 2010 2006
f 1944 2006 2011
f 1944 2011 2012
f 1944 2012 1946
f 1944 1946 1945
f 1946 2012 1947
f 1947 2012 2011
f 1947 2011 2013
f 1947 2013 2014
f 1947 2014 1948
f 1948 2014 2077
f 1948 2077 2015
f 1949 2015 1950
f 1950 2015 2016
f 1950 2016 2017
f 1950 2017 1951
f 1952 1953 2018
f 1952 2018 2019
f 1953 2020 2018
f 1954 2021 2022
f 1954 2022 2023
f 1955 2024 1956
f 1956 2024 2025
f 1956 2025 1959
f 1957 1962 2026
f 1957 2026 1958
f 1958 2026 1963
f 1959 2025 2027
f 1959 2027 2028
f 1959 2028 1960
f 1960 2028 2029
f 1960 2029 2030
f 1960 2030 1962
f 1960 1962 1961
f 1962 2030 2031
f 1962 2031 2032
f 1962 2032 2026
f 1963 2026 2033
f 1963 2033 1964
f 1964 2033 1965
f 1965 2033 2034
f 1965 2034 2035
f 1965 2035 1966
f 1966 2035 1968
f 1967 1983 1996
f 1968 2035 2036
f 1968 2036 2037
f 1968 2037 1969
f 1969 2037 1970
f 1970 2037 2038
f 1970 2038 2039
f 1970 2039 1971
f 1971 2039 1972
f 1972 2039 2040
f 1972 2040 1973
f 1973 2040 1974
f 1974 2040 2041
f 1974 2041 1975
f 1975 2041 2042
f 1975 2042 2043
f 1975 2043 1976
f 1976 2043 1977
f 1977 2043 2044
f 1977 2044 1979
f 1978 1979 1980
f 1979 2044 2045
f 1979 2045 2046
f 1979 2046 2047
f 1979 2047 1980
f 1980 2047 1981
f 1981 2047 2048
f 1981 2048 2049
f 1981 2049 1982
f 1982 2049 2050
f 1982 2050 1983
f 1983 2051 1996
f 1983 2050 2051
f 1984 2052 2007
f 1984 2007 1985
f 1984 1990 2058
f 1984 2058 2052
f 1985 2007 1986
f 1987 2005 1988
f 1988 2005 2053
f 1988 2053 2054
f 1988 2054 2059
f 1988 2059 1992
f 1989 1992 2055
f 1989 2055 2056
f 1989 2056 2057
f 1989 2057 1990
f 1990 2057 2058
f 1992 2059 2060
f 1992 2060 2055
f 1993 1999 2062
f 1993 2062 1995
f 1994 1995 2003
f 1995 2061 2003
f 1995 2062 2061
f 1996 2051 1997
f 1997 2063 1998
f 1997 2051 2063
f 1998 2063 2064
f 1998 2064 1999
f 1999 2064 2121
f 1999 2121 2062
f 2000 2065 2053
f 2000 2053 2005
f 2000 2005 2002
f 2000 2002 2001
f 2000 2004 2065
f 2003 2061 2066
f 2003 2066 2067
f 2003 2067 2065
f 2003 2065 2004
f 2006 2010 2068
f 2006 2068 2011
f 2007 2052 2008
f 2008 2052 2058
f 2008 2058 2069
f 2008 2069 2070
f 2008 2070 2009
f 2009 2071 2068
f 2009 2068 2010
f 2009 2070 2072
f 2009 2072 2073
f 2009 2073 2071
f 2011 2068 2074
f 2011 2074 2013
f 2013 2074 2075
f 2013 2075 2014
f 2014 2075 2076
f 2014 2076 2077
f 2015 2077 2078
f 2015 2078 2016
f 2016 2078 2079
f 2016 2079 2017
f 2018 2080 2081
f 2018 2081 2019
f 2018 2020 2082
f 2018 2082 2080
f 2020 2083 2082
f 2021 2084 2022
f 2022 2029 2028
f 2022 2028 2023
f 2022 2084 2085
f 2022 2085 2029
f 2023 2028 2027
f 2026 2032 2086
f 2026 2086 2033
f 2029 2085 2030
f 2030 2085 2087
f 2030 2087 2031
f 2031 2087 2088
f 2031 2088 2089
f 2031 2089 2032
f 2032 2089 2090
f 2032 2090 2091
f 2032 2091 2086
f 2033 2086 2091
f 2033 2091 2034
f 2034 2091 2092
f 2034 2092 2035
f 2035 2092 2093
f 2035 2093 2036
f 2036 2093 2094
f 2036 2094 2037
f 2037 2094 2038
f 2038 2094 2095
f 2038 2095 2096
f 2038 2096 2039
f 2039 2097 2040
f 2039 2096 2097
f 2040 2098 2041
f 2040 2097 2099
f 2040 2099 2098
f 2041 2100 2042
f 2041 2098 2101
f 2041 2101 2102
f 2041 2102 2100
f 2042 2100 2043
f 2043 2100 2103
f 2043 2103 2045
f 2043 2045 2044
f 2045 2103 2104
f 2045 2104 2105
f 2045 2105 2046
f 2046 2105 2106
f 2046 2106 2107
f 2046 2107 2047
f 2047 2107 2048
f 2048 2107 2108
f 2048 2108 2109
f 2048 2109 2049
f 2049 2110 2050
f 2049 2109 2110
f 2050 2110 2111
f 2050 2111 2051
f 2051 2111 2063
f 2053 2065 2054
f 2054 2112 2059
f 2054 2065 2113
f 2054 2113 2112
f 2055 2060 2114
f 2055 2114 2056
f 2056 2114 2115
f 2056 2115 2116
f 2056 2116 2057
f 2057 2116 2117
f 2057 2117 2058
f 2058 2117 2116
f 2058 2116 2069
f 2059 2112 2060
f 2060 2112 2118
f 2060 2118 2114
f 2061 2119 2066
f 2061 2062 2120
f 2061 2120 2119
f 2062 2121 2120
f 2063 2122 2064
f 2063 2111 2122
f 2064 2122 2168
f 2064 2168 2121
f 2065 2067 2113
f 2066 2123 2113
f 2066 2113 2067
f 2066 2119 2165
f 2066 2165 2123
f 2068 2071 2124
f 2068 2124 2074
f 2069 2116 2070
f 2070 2125 2126
f 2070 2126 2072
f 2070 2116 2115
f 2070 2115 2127
f 2070 2127 2128
f 2070 2128 2125
f 2071 2073 2129
f 2071 2129 2130
f 2071 2130 2124
f 2072 2126 2073
f 2073 2126 2129
f 2074 2124 2131
f 2074 2131 2075
f 2075 2131 2076
f 2076 2131 2170
f 2076 2170 2132
f 2076 2132 2133
f 2076 2133 2134
f 2076 2134 2135
f 2076 2135 2078
f 2076 2078 2077
f 2078 2135 2136
f 2078 2136 2079
f 2080 2137 2138
f 2080 2138 2081
f 2080 2082 2139
f 2080 2139 2184
f 2080 2184 2137
f 2082 2140 2141
f 2082 2141 2142
f 2082 2142 2139
f 2082 2083 2140
f 2096 2143 2099
f 2096 2099 2097
f 2098 2099 2101
f 2099 2143 2144
f 2099 2144 2101
f 2100 2102 2145
f 2100 2145 2146
f 2100 2146 2103
f 2101 2144 2147
f 2101 2147 2148
f 2101 2148 2149
f 2101 2149 2102
f 2102 2149 2150
f 2102 2150 2145
f 2103 2146 2104
f 2104 2146 2151
f 2104 2151 2105
f 2105 2151 2152
f 2105 2152 2106
f 2106 2153 2107
f 2106 2152 2154
f 2106 2154 2153
f 2107 2153 2108
f 2108 2153 2155
f 2108 2155 2156
f 2108 2156 2109
f 2109 2156 2110
f 2110 2157 2158
f 2110 2158 2111
f 2110 2156 2157
f 2111 2158 2122
f 2112 2159 2118
f 2112 2113 2123
f 2112 2123 2160
f 2112 2160 2159
f 2114 2118 2161
f 2114 2161 2162
f 2114 2162 2115
f 2115 2162 2163
f 2115 2163 2127
f 2118 2159 2164
f 2118 2164 2161
f 2119 2120 2166
f 2119 2166 2210
f 2119 2210 2165
f 2120 2121 2167
f 2120 2167 2166
f 2121 2168 2167
f 2122 2158 2169
f 2122 2169 2168
f 2123 2165 2160
f 2124 2130 2170
f 2124 2170 2131
f 2125 2128 2171
f 2125 2171 2126
f 2126 2171 2129
f 2127 2163 2128
f 2128 2163 2172
f 2128 2172 2173
f 2128 2173 2174
f 2128 2174 2171
f 2129 2175 2170
f 2129 2170 2130
f 2129 2171 2175
f 2132 2170 2176
f 2132 2176 2177
f 2132 2177 2133
f 2133 2177 2221
f 2133 2221 2178
f 2133 2178 2179
f 2133 2179 2180
f 2133 2180 2134
f 2134 2180 2136
f 2134 2136 2135
f 2137 2181 2182
f 2137 2182 2183
f 2137 2183 2138
f 2137 2184 2181
f 2139 2142 2185
f 2139 2185 2184
f 2141 2186 2142
f 2142 2186 2187
f 2142 2187 2188
f 2142 2188 2185
f 2145 2189 2146
f 2145 2150 2189
f 2146 2189 2190
f 2146 2190 2151
f 2150 2191 2189
f 2151 2190 2192
f 2151 2192 2193
f 2151 2193 2194
f 2151 2194 2195
f 2151 2195 2152
f 2152 2195 2154
f 2153 2154 2196
f 2153 2196 2155
f 2154 2197 2196
f 2154 2195 2197
f 2155 2198 2156
f 2155 2196 2199
f 2155 2199 2198
f 2156 2198 2200
f 2156 2200 2157
f 2157 2201 2158
f 2157 2200 2201
f 2158 2201 2169
f 2159 2160 2202
f 2159 2202 2209
f 2159 2209 2164
f 2160 2165 2203
f 2160 2203 2204
f 2160 2204 2202
f 2161 2164 2162
f 2162 2164 2205
f 2162 2205 2206
f 2162 2206 2163
f 2163 2206 2207
f 2163 2207 2172
f 2164 2208 2205
f 2164 2209 2208
f 2165 2210 2203
f 2166 2167 2211
f 2166 2211 2210
f 2167 2168 2212
f 2167 2212 2211
f 2168 2169 2212
f 2169 2201 2213
f 2169 2213 2212
f 2170 2175 2176
f 2171 2214 2175
f 2171 2174 2215
f 2171 2215 2214
f 2172 2207 2173
f 2173 2207 2216
f 2173 2216 2217
f 2173 2217 2215
f 2173 2215 2174
f 2175 2214 2218
f 2175 2218 2176
f 2176 2218 2219
f 2176 2219 2177
f 2177 2219 2220
f 2177 2220 2221
f 2181 2222 2223
f 2181 2223 2182
f 2181 2184 2224
f 2181 2224 2222
f 2182 2223 2225
f 2184 2185 2226
f 2184 2226 2227
f 2184 2227 2224
f 2185 2188 2228
f 2185 2228 2226
f 2186 2229 2187
f 2187 2229 2230
f 2187 2230 2188
f 2188 2230 2231
f 2188 2231 2228
f 2189 2191 2190
f 2190 2191 2192
f 2191 2232 2192
f 2192 2232 2233
f 2192 2233 2234
f 2192 2234 2235
f 2192 2235 2193
f 2193 2236 2194
f 2193 2235 2237
f 2193 2237 2236
f 2194 2238 2197
f 2194 2197 2195
f 2194 2236 2239
f 2194 2239 2240
f 2194 2240 2238
f 2196 2241 2199
f 2196 2197 2241
f 2197 2238 2241
f 2198 2242 2200
f 2198 2199 2243
f 2198 2243 2242
f 2199 2241 2244
f 2199 2244 2243
f 2200 2242 2245
f 2200 2245 2201
f 2201 2245 2213
f 2202 2204 2246
f 2202 2246 2247
f 2202 2247 2209
f 2203 2210 2248
f 2203 2248 2204
f 2204 2249 2250
f 2204 2250 2246
f 2204 2248 2251
f 2204 2251 2249
f 2205 2208 2256
f 2205 2256 2252
f 2205 2252 2206
f 2206 2252 2253
f 2206 2253 2207
f 2207 2253 2254
f 2207 2254 2216
f 2208 2209 2247
f 2208 2247 2255
f 2208 2255 2256
f 2210 2211 2257
f 2210 2257 2248
f 2211 2212 2258
f 2211 2258 2259
f 2211 2259 2257
f 2212 2213 2258
f 2213 2245 2260
f 2213 2260 2261
f 2213 2261 2258
f 2214 2215 2262
f 2214 2262 2218
f 2215 2217 2265
f 2215 2265 2262
f 2216 2254 2217
f 2217 2254 2263
f 2217 2263 2264
f 2217 2264 2265
f 2218 2262 2266
f 2218 2266 2219
f 2219 2266 2267
f 2219 2267 2220
f 2222 2268 2269
f 2222 2269 2270
f 2222 2270 2223
f 2222 2224 2268
f 2223 2270 2271
f 2223 2271 2272
f 2223 2272 2225
f 2224 2227 2268
f 2226 2228 2273
f 2226 2273 2227
f 2227 2273 2274
f 2227 2274 2275
f 2227 2275 2276
f 2227 2276 2268
f 2228 2231 2277
f 2228 2277 2273
f 2229 2278 2230
f 2230 2278 2321
f 2230 2321 2279
f 2230 2279 2280
f 2230 2280 2231
f 2231 2280 2277
f 2236 2237 2281
f 2236 2281 2239
f 2238 2240 2282
f 2238 2282 2283
f 2238 2283 2241
f 2239 2281 2284
f 2239 2284 2240
f 2240 2285 2282
f 2240 2284 2286
f 2240 2286 2285
f 2241 2283 2244
f 2242 2243 2287
f 2242 2287 2260
f 2242 2260 2245
f 2243 2244 2288
f 2243 2288 2287
f 2244 2283 2289
f 2244 2289 2288
f 2246 2250 2247
f 2247 2250 2255
f 2248 2257 2290
f 2248 2290 2291
f 2248 2291 2251
f 2249 2292 2250
f 2249 2251 2293
f 2249 2293 2294
f 2249 2294 2292
f 2250 2295 2255
f 2250 2292 2295
f 2251 2291 2293
f 2252 2256 2253
f 2253 2256 2296
f 2253 2296 2254
f 2254 2296 2297
f 2254 2297 2298
f 2254 2298 2263
f 2255 2295 2299
f 2255 2299 2256
f 2256 2300 2296
f 2256 2299 2300
f 2257 2259 2290
f 2258 2261 2301
f 2258 2301 2259
f 2259 2301 2302
f 2259 2302 2290
f 2260 2303 2304
f 2260 2304 2261
f 2260 2287 2303
f 2261 2304 2301
f 2262 2265 2305
f 2262 2305 2266
f 2263 2298 2306
f 2263 2306 2307
f 2263 2307 2264
f 2264 2307 2308
f 2264 2308 2309
f 2264 2309 2305
f 2264 2305 2265
f 2266 2305 2310
f 2266 2310 2267
f 2268 2276 2311
f 2268 2311 2269
f 2269 2311 2312
f 2269 2312 2313
f 2269 2313 2270
f 2270 2313 2271
f 2271 2313 2314
f 2273 2277 2315
f 2273 2315 2274
f 2274 2315 2316
f 2274 2316 2275
f 2275 2316 2317
f 2275 2317 2360
f 2275 2360 2318
f 2275 2318 2276
f 2276 2318 2319
f 2276 2319 2311
f 2277 2280 2320
f 2277 2320 2315
f 2279 2321 2322
f 2279 2322 2323
f 2279 2323 2324
f 2279 2324 2280
f 2280 2324 2364
f 2280 2364 2320
f 2282 2285 2325
f 2282 2325 2326
f 2282 2326 2283
f 2283 2326 2289
f 2285 2327 2325
f 2285 2286 2328
f 2285 2328 2327
f 2287 2288 2329
f 2287 2329 2330
f 2287 2330 2303
f 2288 2289 2329
f 2289 2326 2331
f 2289 2331 2329
f 2290 2302 2332
f 2290 2332 2291
f 2291 2332 2333
f 2291 2333 2293
f 2292 2334 2299
f 2292 2299 2295
f 2292 2294 2334
f 2293 2333 2294
f 2294 2335 2334
f 2294 2333 2336
f 2294 2336 2335
f 2296 2300 2297
f 2297 2300 2337
f 2297 2337 2298
f 2298 2337 2306
f 2299 2334 2380
f 2299 2380 2338
f 2299 2338 2339
f 2299 2339 2300
f 2300 2339 2340
f 2300 2340 2341
f 2300 2341 2337
f 2301 2304 2342
f 2301 2342 2302
f 2302 2342 2332
f 2303 2330 2343
f 2303 2343 2344
f 2303 2344 2342
f 2303 2342 2304
f 2305 2309 2345
f 2305 2345 2310
f 2306 2337 2341
f 2306 2341 2346
f 2306 2346 2307
f 2307 2346 2347
f 2307 2347 2348
f 2307 2348 2308
f 2308 2348 2349
f 2308 2349 2350
f 2308 2350 2351
f 2308 2351 2352
f 2308 2352 2309
f 2309 2352 2345
f 2311 2319 2353
f 2311 2353 2312
f 2312 2353 2354
f 2312 2354 2313
f 2313 2354 2355
f 2313 2355 2356
f 2313 2356 2357
f 2313 2357 2314
f 2315 2320 2358
f 2315 2358 2316
f 2316 2358 2359
f 2316 2359 2317
f 2317 2359 2361
f 2317 2361 2360
f 2318 2362 2363
f 2318 2363 2319
f 2318 2360 2362
f 2319 2363 2353
f 2320 2364 2358
f 2322 2365 2323
f 2323 2365 2366
f 2323 2366 2367
f 2323 2367 2368
f 2323 2368 2324
f 2324 2368 2397
f 2324 2397 2364
f 2325 2369 2370
f 2325 2370 2326
f 2325 2327 2369
f 2326 2370 2331
f 2327 2328 2371
f 2327 2371 2372
f 2327 2372 2369
f 2329 2373 2374
f 2329 2374 2330
f 2329 2331 2373
f 2330 2374 2343
f 2331 2370 2354
f 2331 2354 2375
f 2331 2375 2373
f 2332 2342 2376
f 2332 2376 2377
f 2332 2377 2378
f 2332 2378 2333
f 2333 2378 2379
f 2333 2379 2336
f 2334 2335 2381
f 2334 2381 2380
f 2335 2336 2382
f 2335 2382 2381
f 2336 2379 2382
f 2338 2380 2383
f 2338 2383 2340
f 2338 2340 2339
f 2340 2383 2384
f 2340 2384 2385
f 2340 2385 2386
f 2340 2386 2346
f 2340 2346 2341
f 2342 2344 2376
f 2343 2374 2387
f 2343 2387 2388
f 2343 2388 2344
f 2344 2388 2376
f 2346 2386 2347
f 2347 2386 2385
f 2347 2385 2389
f 2347 2389 2390
f 2347 2390 2348
f 2348 2390 2391
f 2348 2391 2349
f 2353 2363 2375
f 2353 2375 2354
f 2354 2370 2369
f 2354 2369 2355
f 2355 2369 2372
f 2355 2372 2356
f 2356 2372 2392
f 2358 2364 2393
f 2358 2393 2359
f 2359 2393 2394
f 2359 2394 2361
f 2360 2387 2362
f 2360 2361 2395
f 2360 2395 2388
f 2360 2388 2387
f 2361 2394 2396
f 2361 2396 2395
f 2362 2373 2363
f 2362 2387 2374
f 2362 2374 2373
f 2363 2373 2375
f 2364 2397 2398
f 2364 2398 2393
f 2366 2399 2367
f 2367 2399 2400
f 2367 2400 2401
f 2367 2401 2402
f 2367 2402 2403
f 2367 2403 2368
f 2368 2403 2417
f 2368 2417 2397
f 2371 2404 2372
f 2372 2404 2392
f 2376 2388 2377
f 2377 2396 2405
f 2377 2405 2378
f 2377 2388 2395
f 2377 2395 2396
f 2378 2405 2379
f 2379 2405 2406
f 2379 2406 2382
f 2380 2381 2408
f 2380 2408 2407
f 2380 2407 2383
f 2381 2382 2409
f 2381 2409 2408
f 2382 2406 2410
f 2382 2410 2409
f 2383 2411 2385
f 2383 2385 2384
f 2383 2407 2411
f 2385 2411 2389
f 2389 2411 2412
f 2389 2412 2413
f 2389 2413 2414
f 2389 2414 2390
f 2390 2414 2415
f 2390 2415 2391
f 2393 2398 2394
f 2394 2398 2416
f 2394 2416 2396
f 2396 2416 2405
f 2397 2417 2398
f 2398 2417 2410
f 2398 2410 2416
f 2401 2418 2402
f 2402 2418 2419
f 2402 2419 2403
f 2403 2419 2420
f 2403 2420 2424
f 2403 2424 2417
f 2405 2416 2406
f 2406 2416 2410
f 2407 2421 2422
f 2407 2422 2411
f 2407 2408 2421
f 2408 2423 2421
f 2408 2409 2424
f 2408 2424 2423
f 2409 2410 2417
f 2409 2417 2424
f 2411 2422 2413
f 2411 2413 2412
f 2413 2422 2421
f 2413 2421 2425
f 2413 2425 2426
f 2413 2426 2414
f 2414 2426 2415
f 2415 2426 2427
f 2418 2428 2419
f 2419 2428 2429
f 2419 2429 2420
f 2420 2429 2423
f 2420 2423 2424
f 2421 2423 2430
f 2421 2430 2425
f 2423 2429 2430
f 2425 2430 2426
f 2426 2430 2431
f 2426 2431 2435
f 2426 2435 2432
f 2426 2432 2427
f 2428 2433 2429
f 2429 2433 2434
f 2429 2434 2431
f 2429 2431 2430
f 2431 2434 2436
f 2431 2436 2435
f 2433 2437 2434
f 2434 2437 2436
