v 0.63564050 0.49215102 0.63557106
v 0.65003735 0.48988080 0.62745702
v 0.65003735 0.58997673 0.62733221
v 0.63564050 0.58997673 0.63544619
v 0.63564050 0.42992646 0.63557106
v 0.66145933 0.50989997 0.62084091
v 0.66142261 0.52991915 0.62084091
v 0.65003735 0.42992646 0.62745702
v 0.66134918 0.58997673 0.62077856
v 0.65003735 0.60989273 0.62720734
v 0.63564050 0.60989273 0.63525897
v 0.63564050 0.36986887 0.63538384
v 0.65003735 0.38988808 0.62739456
v 0.67148572 0.48988080 0.61447453
v 0.67137551 0.58997673 0.61447453
v 0.66145933 0.42992646 0.62084091
v 0.66142261 0.40990728 0.62084091
v 0.66120225 0.60989273 0.62065369
v 0.66072482 0.62330765 0.62034166
v 0.63564050 0.62991190 0.63382339
v 0.63564050 0.35242951 0.63532138
v 0.65003735 0.32983053 0.62720734
v 0.66131246 0.34984970 0.62077856
v 0.67148572 0.46986163 0.61447453
v 0.68680072 0.58997673 0.60448802
v 0.67119193 0.60989273 0.61434972
v 0.67141223 0.40990728 0.61447453
v 0.68658036 0.60989273 0.60430080
v 0.68551528 0.62991190 0.60361421
v 0.66843742 0.63001508 0.61459935
v 0.65932918 0.63661939 0.61953020
v 0.65161657 0.63001508 0.62483555
v 0.63564050 0.63527787 0.63232541
v 0.63564050 0.31259751 0.63513410
v 0.65003735 0.28989536 0.62695765
v 0.66105533 0.28989536 0.62059128
v 0.67122865 0.32983053 0.61434972
v 0.67133880 0.36986887 0.61441213
v 0.68676400 0.40990728 0.60448802
v 0.68680072 0.44994563 0.60448802
v 0.69682711 0.54993838 0.59774715
v 0.69679034 0.58997673 0.59768474
v 0.69660676 0.60989273 0.59755993
v 0.69550490 0.62991190 0.59681094
v 0.68305463 0.64446193 0.60199142
v 0.65506887 0.64993107 0.61690879
v 0.64507926 0.64993107 0.62290066
v 0.63564050 0.64910555 0.62839329
v 0.63564050 0.22983778 0.63444757
v 0.66061461 0.22983778 0.62034166
v 0.66090846 0.26987615 0.62052888
v 0.65003735 0.20981860 0.62620866
v 0.67093480 0.26987615 0.61416245
v 0.67104501 0.28989536 0.61422491
v 0.68658036 0.32983053 0.60436320
v 0.68632329 0.26987615 0.60417593
v 0.68669057 0.36986887 0.60442567
v 0.69679034 0.42992646 0.59768474
v 0.69682711 0.48988080 0.59774715
v 0.69664347 0.34984970 0.59762228
v 0.71004868 0.50989997 0.58825994
v 0.71004868 0.58997673 0.58813512
v 0.71004868 0.60989273 0.58782303
v 0.72018528 0.62072784 0.58008349
v 0.71901000 0.63414276 0.57914728
v 0.71144432 0.62846720 0.58551371
v 0.70516407 0.64993107 0.58370364
v 0.68984902 0.65065342 0.59425187
v 0.67820668 0.65777367 0.59868336
v 0.67097151 0.65065342 0.60673499
v 0.64078224 0.66045666 0.62034166
v 0.63564050 0.65550345 0.62545967
v 0.63564050 0.15007062 0.63351130
v 0.66046774 0.20981860 0.62021679
v 0.67045736 0.20981860 0.61391282
v 0.64989042 0.15007062 0.62558454
v 0.66028410 0.18990260 0.62009197
v 0.68606621 0.22983778 0.60398871
v 0.69653332 0.30991453 0.59755993
v 0.69620275 0.24985696 0.59731025
v 0.71004868 0.34984970 0.58801031
v 0.71004868 0.48988080 0.58825994
v 0.71004868 0.32983053 0.58794785
v 0.72069943 0.50989997 0.58045805
v 0.72058922 0.58997673 0.58039558
v 0.72040558 0.60989273 0.58027077
v 0.73039526 0.60989273 0.57234395
v 0.74291903 0.60989273 0.56229502
v 0.74189067 0.62991190 0.56148362
v 0.72811818 0.62846720 0.57271850
v 0.74067873 0.64115983 0.56048501
v 0.71519041 0.64993107 0.57615131
v 0.70123428 0.66086942 0.58083248
v 0.66487491 0.66272688 0.60299003
v 0.63564050 0.66159177 0.62171477
v 0.64849484 0.66499710 0.60973096
v 0.63564050 0.66355240 0.61909330
v 0.63564050 0.11013544 0.63294959
v 0.66810685 0.16885149 0.61491144
v 0.68536842 0.15007062 0.60348940
v 0.68555200 0.16988342 0.60361421
v 0.68591928 0.20981860 0.60386389
v 0.64908242 0.09011625 0.62514764
v 0.65936589 0.11013544 0.61959267
v 0.65988010 0.15007062 0.61984229
v 0.69590890 0.20981860 0.59712303
v 0.71004868 0.24985696 0.58744860
v 0.72044235 0.30991453 0.58027077
v 0.72051579 0.34984970 0.58033317
v 0.72069943 0.48988080 0.58045805
v 0.72018528 0.24985696 0.58008349
v 0.73068905 0.50989997 0.57246876
v 0.73057890 0.58997673 0.57246876
v 0.74306595 0.58997673 0.56248230
v 0.75290871 0.60989273 0.55386889
v 0.75188035 0.62991190 0.55293268
v 0.76337576 0.62991190 0.54294616
v 0.76168638 0.64291406 0.54144824
v 0.74912584 0.64869279 0.54918778
v 0.73638171 0.65447152 0.55686486
v 0.72984433 0.64869279 0.56529099
v 0.72304994 0.66210771 0.56235743
v 0.70876324 0.66489393 0.56941044
v 0.69003266 0.66386199 0.58470225
v 0.67097151 0.66778326 0.59119350
v 0.63564050 0.66943431 0.60991824
v 0.63564050 0.09011625 0.63263750
v 0.67001665 0.11013544 0.61285174
v 0.68492770 0.11013544 0.60323972
v 0.69535804 0.15007062 0.59674847
v 0.69554168 0.16988342 0.59687334
v 0.65910882 0.09011625 0.61940539
v 0.64875191 0.07009707 0.62496042
v 0.70990181 0.20981860 0.58713651
v 0.71203196 0.22921863 0.58582574
v 0.70957124 0.16988342 0.58688682
v 0.73035854 0.28989536 0.57221913
v 0.73043197 0.30991453 0.57228154
v 0.73054218 0.36986887 0.57240641
v 0.73068905 0.48988080 0.57246876
v 0.73017490 0.24985696 0.57209432
v 0.72007507 0.23541012 0.58002108
v 0.73002797 0.20981860 0.57184464
v 0.72808146 0.22921863 0.57359231
v 0.74310267 0.50989997 0.56248230
v 0.75305557 0.58997673 0.55399376
v 0.76447761 0.58997673 0.54400724
v 0.76436740 0.60989273 0.54382002
v 0.77340215 0.62991190 0.53364623
v 0.77435708 0.60989273 0.53458250
v 0.78203291 0.64363641 0.52184969
v 0.76987642 0.64993107 0.52977645
v 0.75753623 0.65632898 0.53770328
v 0.74420446 0.66293329 0.54350793
v 0.72984433 0.66644180 0.55012399
v 0.69003266 0.67242688 0.56997216
v 0.65003735 0.67531627 0.58994520
v 0.63564050 0.67253011 0.60430080
v 0.63564050 0.03078104 0.63138920
v 0.64838463 0.05018108 0.62477314
v 0.67001665 0.07009707 0.61210275
v 0.68463385 0.09011625 0.60305250
v 0.69491732 0.11013544 0.59643638
v 0.69513768 0.13015462 0.59662366
v 0.65763974 0.01014270 0.61853158
v 0.67001665 0.05018108 0.61166584
v 0.71974450 0.18990260 0.57977140
v 0.70891017 0.11013544 0.58644992
v 0.71937728 0.15007062 0.57945931
v 0.74269867 0.26987615 0.56217021
v 0.74280888 0.30991453 0.56229502
v 0.74291903 0.34984970 0.56235743
v 0.74306595 0.48988080 0.56248230
v 0.74251503 0.22983778 0.56204540
v 0.74236816 0.20981860 0.56192052
v 0.73002797 0.16988342 0.57134533
v 0.75309235 0.48988080 0.55393136
v 0.75305557 0.56995755 0.55399376
v 0.77446723 0.58997673 0.53470731
v 0.76447761 0.56995755 0.54400724
v 0.78383255 0.62991190 0.52365971
v 0.78475070 0.60989273 0.52459598
v 0.79382217 0.62991190 0.51361084
v 0.80175513 0.64342999 0.50181425
v 0.79000258 0.65024066 0.50992829
v 0.77802974 0.65694815 0.51804233
v 0.76473469 0.66334605 0.52434629
v 0.75055820 0.66726732 0.53058791
v 0.71004868 0.67459393 0.54993677
v 0.66854757 0.67789608 0.56822455
v 0.63564050 0.67779285 0.58894658
v 0.63564050 0.01014270 0.63088989
v 0.64761341 0.01014270 0.62433624
v 0.68397278 0.05018108 0.60261559
v 0.69462347 0.09011625 0.59624916
v 0.69399917 0.05018108 0.59581226
v 0.65672159 -0.02989566 0.61796987
v 0.67001665 -0.00987649 0.61016786
v 0.68364227 0.03016189 0.60236591
v 0.70861638 0.09011625 0.58626270
v 0.71864271 0.09011625 0.57889760
v 0.71889985 0.11013544 0.57908487
v 0.73002797 0.11013544 0.57028425
v 0.75268835 0.26987615 0.55355686
v 0.75276178 0.28989536 0.55361927
v 0.75287199 0.32983053 0.55368167
v 0.75294542 0.36986887 0.55374408
v 0.75250471 0.22983778 0.55336958
v 0.75235778 0.20981860 0.55330718
v 0.74207431 0.16988342 0.56160843
v 0.74189067 0.15007062 0.56148362
v 0.76440412 0.48988080 0.54394484
v 0.76444083 0.50989997 0.54394484
v 0.77446723 0.56995755 0.53470731
v 0.78486085 0.58997673 0.52472079
v 0.77443051 0.48988080 0.53464490
v 0.79485053 0.58997673 0.51467186
v 0.79470360 0.60989273 0.51454705
v 0.80340785 0.62991190 0.50356185
v 0.80432600 0.60989273 0.50456053
v 0.82103664 0.64208853 0.48115465
v 0.80954117 0.64941514 0.48945594
v 0.79797226 0.65674174 0.49781966
v 0.78467727 0.66344923 0.50468540
v 0.77083129 0.66757691 0.51080209
v 0.73002797 0.67572904 0.52996373
v 0.68977559 0.67872161 0.54887569
v 0.65003735 0.67934072 0.57346743
v 0.63564050 0.67892796 0.58432782
v 0.63564050 -0.00987649 0.63039052
v 0.64669526 -0.02989566 0.62377453
v 0.69363189 0.03016189 0.59556258
v 0.70799202 0.05018108 0.58576334
v 0.65617073 -0.04991485 0.61765778
v 0.67001665 -0.04991485 0.60891956
v 0.68191612 -0.04991485 0.60124242
v 0.68239355 -0.02989566 0.60155451
v 0.68323827 0.01014270 0.60211623
v 0.71831220 0.07009707 0.57864797
v 0.73002797 0.05018108 0.56878626
v 0.73002797 0.07009707 0.56928563
v 0.74141324 0.11013544 0.56110913
v 0.74167031 0.13015462 0.56129640
v 0.74086237 0.07009707 0.56060982
v 0.76381648 0.22983778 0.54338312
v 0.76403689 0.28989536 0.54357034
v 0.75206399 0.16988342 0.55299509
v 0.76341254 0.16988342 0.54300857
v 0.76370633 0.20981860 0.54325825
v 0.75188035 0.15007062 0.55287027
v 0.77413666 0.32983053 0.53439522
v 0.78486085 0.56995755 0.52472079
v 0.78478742 0.48988080 0.52465838
v 0.78460377 0.32983053 0.52440870
v 0.79485053 0.56995755 0.51467186
v 0.80450964 0.58997673 0.50468540
v 0.81343418 0.62991190 0.49257672
v 0.81449926 0.58997673 0.49376261
v 0.81435239 0.60989273 0.49357539
v 0.82228535 0.62991190 0.48259020
v 0.83976722 0.63878638 0.45974606
v 0.83701271 0.64993107 0.45625079
v 0.82621509 0.64920878 0.47010708
v 0.81736398 0.65540028 0.47684798
v 0.82294643 0.66252047 0.46355343
v 0.80403221 0.66313964 0.48446268
v 0.79084730 0.66747367 0.49064183
v 0.76859099 0.67727691 0.48851970
v 0.74835455 0.67707050 0.50818062
v 0.75386357 0.67923754 0.49426195
v 0.73002797 0.67934072 0.51460946
v 0.67420352 0.67954713 0.55480516
v 0.66087174 0.67985672 0.56036013
v 0.63681579 0.67975348 0.57758689
v 0.63564050 0.67965031 0.57945931
v 0.63564050 -0.02989566 0.62982881
v 0.63564050 -0.04310420 0.62945431
v 0.64614433 -0.04991485 0.62346244
v 0.69326460 0.01014270 0.59525049
v 0.70725745 0.01014270 0.58526397
v 0.71798164 0.05018108 0.57839829
v 0.65558308 -0.06993404 0.61734569
v 0.67001665 -0.06993404 0.60823298
v 0.68136519 -0.06993404 0.60086793
v 0.69139159 -0.06993404 0.59393978
v 0.69190574 -0.04991485 0.59431428
v 0.69241989 -0.02989566 0.59462637
v 0.73201120 0.02830444 0.56660175
v 0.74001765 0.02046187 0.55998564
v 0.75118256 0.09011625 0.55224609
v 0.75165999 0.13015462 0.55268300
v 0.77402651 0.28989536 0.53433281
v 0.77369595 0.20981860 0.53402072
v 0.77321851 0.15007062 0.53358382
v 0.77340215 0.16988342 0.53370869
v 0.76300853 0.13015462 0.54269654
v 0.79459345 0.34984970 0.51448464
v 0.78456706 0.30991453 0.52434629
v 0.79448324 0.28989536 0.51435983
v 0.79451996 0.30991453 0.51442218
v 0.80432600 0.36986887 0.50449812
v 0.80443621 0.46986163 0.50456053
v 0.81442583 0.46986163 0.49376261
v 0.82324022 0.58997673 0.48377609
v 0.82313001 0.60989273 0.48358887
v 0.82327694 0.46986163 0.48377609
v 0.82327694 0.50989997 0.48377609
v 0.83367062 0.63125342 0.46854669
v 0.84075886 0.62547469 0.46099439
v 0.88079089 0.64188212 0.40120018
v 0.86297846 0.64621621 0.42423156
v 0.84472531 0.64993107 0.44626427
v 0.84689218 0.63125342 0.45181930
v 0.85802037 0.62991190 0.43733883
v 0.86518204 0.62991190 0.42735234
v 0.84141994 0.66138536 0.44195759
v 0.82974082 0.66561627 0.44913542
v 0.81042260 0.66685456 0.47010708
v 0.80998188 0.67531627 0.44994682
v 0.78827643 0.67696732 0.46829700
v 0.77428359 0.67923754 0.47385204
v 0.76098853 0.67995989 0.48090500
v 0.74053180 0.67985672 0.50037867
v 0.71878964 0.67985672 0.51910341
v 0.68294442 0.67995989 0.54144824
v 0.65003735 0.67995989 0.56348097
v 0.63564050 0.67985672 0.57640100
v 0.63564050 -0.06993404 0.62858045
v 0.64555669 -0.06993404 0.62315035
v 0.70637602 -0.02989566 0.58463985
v 0.71724713 0.01014270 0.57783651
v 0.64493233 -0.08985004 0.62277579
v 0.65348965 -0.12988840 0.61609733
v 0.67001665 -0.08985004 0.60742158
v 0.68077755 -0.08985004 0.60049343
v 0.69080395 -0.08985004 0.59350288
v 0.70365822 -0.12988840 0.58264256
v 0.70483351 -0.08985004 0.58351636
v 0.70538443 -0.06993404 0.58395326
v 0.70589858 -0.04991485 0.58432782
v 0.75004399 -0.02989566 0.54949981
v 0.76091510 -0.00987649 0.54076165
v 0.74817097 0.02830444 0.55311996
v 0.72940361 -0.00987649 0.56747556
v 0.73854858 -0.04991485 0.55873734
v 0.76256782 0.09011625 0.54225957
v 0.76161289 0.03016189 0.54138577
v 0.76227397 0.07009707 0.54194754
v 0.78430998 0.22983778 0.52409661
v 0.78423655 0.20981860 0.52403426
v 0.78397942 0.16988342 0.52372217
v 0.78379577 0.15007062 0.52359730
v 0.77303487 0.13015462 0.53339660
v 0.78342855 0.11013544 0.52322280
v 0.77281451 0.11013544 0.53320932
v 0.80428928 0.32983053 0.50443572
v 0.79433632 0.24985696 0.51429737
v 0.80421579 0.28989536 0.50437331
v 0.81435239 0.38988808 0.49370021
v 0.83326662 0.56995755 0.47185472
v 0.83322984 0.58997673 0.47185472
v 0.83308297 0.60989273 0.47160506
v 0.82320350 0.38988808 0.48371369
v 0.83326662 0.46986163 0.47185472
v 0.84130973 0.60989273 0.46161854
v 0.85023433 0.60989273 0.44994682
v 0.85890180 0.60989273 0.43852475
v 0.87517172 0.62991190 0.41287190
v 0.88185596 0.62991190 0.40288538
v 0.88993579 0.62991190 0.39002776
v 0.89805239 0.62991190 0.37673321
v 0.90212905 0.64477152 0.36368835
v 0.88446355 0.64910555 0.38971567
v 0.87748545 0.65519387 0.39620692
v 0.85967302 0.65952796 0.41961280
v 0.85559642 0.65168536 0.43053555
v 0.86602676 0.60989273 0.42853823
v 0.87605315 0.60989273 0.41412020
v 0.86415368 0.66355240 0.40631825
v 0.84586382 0.66458434 0.42997378
v 0.82996118 0.67345881 0.42997378
v 0.84810418 0.67727691 0.38828012
v 0.82845539 0.67841202 0.40893972
v 0.79407924 0.67923754 0.44994682
v 0.78049040 0.67985672 0.46049505
v 0.76859099 0.68006307 0.46829700
v 0.74835455 0.68006307 0.48851970
v 0.74975020 0.68016624 0.46973258
v 0.63564050 0.67995989 0.56853664
v 0.63564050 -0.08985004 0.62783152
v 0.71680641 -0.00987649 0.57752442
v 0.63564050 -0.10233621 0.62733221
v 0.63564050 -0.12988840 0.62620866
v 0.64346325 -0.12988840 0.62190199
v 0.64269203 -0.14990757 0.62146509
v 0.65268165 -0.14990757 0.61559802
v 0.66876793 -0.14990757 0.60561156
v 0.66946578 -0.12988840 0.60604846
v 0.67196316 -0.11048837 0.60529947
v 0.67949212 -0.12988840 0.59955716
v 0.69003266 -0.14990757 0.59138072
v 0.70303392 -0.14990757 0.58220565
v 0.71368462 -0.12988840 0.57509029
v 0.71485990 -0.08985004 0.57596409
v 0.71541077 -0.06993404 0.57640100
v 0.71636569 -0.02989566 0.57714999
v 0.76021731 -0.04423931 0.54013747
v 0.77127200 0.01014270 0.53177381
v 0.76128238 0.01014270 0.54107368
v 0.77053750 -0.02989566 0.53102481
v 0.72852218 -0.04991485 0.56678897
v 0.72804475 -0.06993404 0.56641448
v 0.73803437 -0.06993404 0.55830044
v 0.74916255 -0.08985004 0.54787701
v 0.75195378 -0.05053401 0.54706562
v 0.77255744 0.09011625 0.53295970
v 0.77226365 0.07009707 0.53271002
v 0.77196980 0.05018108 0.53239793
v 0.79396909 0.16988342 0.51386046
v 0.79422617 0.20981860 0.51411015
v 0.79360181 0.13015462 0.51354837
v 0.79382217 0.15007062 0.51367325
v 0.78317147 0.09011625 0.52297318
v 0.79341817 0.11013544 0.51329875
v 0.81431562 0.32983053 0.49357539
v 0.80403221 0.22983778 0.50418603
v 0.80410564 0.24985696 0.50424844
v 0.81420547 0.28989536 0.49351296
v 0.82316679 0.34984970 0.48365128
v 0.84153008 0.56995755 0.46186823
v 0.84156680 0.50989997 0.46186823
v 0.84149337 0.58997673 0.46180579
v 0.83311969 0.32983053 0.47166747
v 0.84153008 0.46986163 0.46186823
v 0.85063827 0.58997673 0.44994682
v 0.85912216 0.58997673 0.43883681
v 0.88270068 0.60989273 0.40413371
v 0.89162523 0.60989273 0.39002776
v 0.89889711 0.60989273 0.37816879
v 0.90385520 0.62991190 0.36668429
v 0.90469992 0.60989273 0.36818227
v 0.91917020 0.63362682 0.33847240
v 0.92258579 0.64590663 0.32511544
v 0.90635264 0.65085983 0.35095555
v 0.89893383 0.65808326 0.35819575
v 0.89533460 0.65085983 0.37024200
v 0.88167232 0.66169494 0.38284996
v 0.86624712 0.58997673 0.42885032
v 0.87627351 0.58997673 0.41449469
v 0.87047070 0.66664815 0.38971567
v 0.85181355 0.66860878 0.41174841
v 0.86995649 0.67397475 0.36999232
v 0.86867106 0.67830884 0.35020655
v 0.85328263 0.67913437 0.36999232
v 0.83414805 0.67944396 0.39383513
v 0.84020793 0.67985672 0.38047814
v 0.86507189 0.68006307 0.32998386
v 0.84325624 0.67995989 0.36999232
v 0.92996788 0.68026948 0.15003946
v 0.94998389 0.68047583 0.01004109
v 0.63564050 0.67995989 0.55599105
v 0.63564050 -0.14990757 0.62527245
v 0.64181060 -0.16992678 0.62096578
v 0.65180022 -0.16992678 0.61509871
v 0.66795993 -0.16992678 0.60504979
v 0.67798632 -0.16992678 0.59855855
v 0.67875761 -0.14990757 0.59912026
v 0.70233607 -0.16992678 0.58164394
v 0.69003266 -0.18994595 0.58913374
v 0.70156485 -0.18994595 0.58108217
v 0.71306026 -0.14990757 0.57459092
v 0.72580445 -0.14990757 0.56460440
v 0.72694296 -0.10986923 0.56554067
v 0.75962967 -0.06993404 0.53957570
v 0.76815027 -0.05053401 0.53246033
v 0.78192276 0.01014270 0.52178729
v 0.78115147 -0.02989566 0.52103829
v 0.78155547 -0.00987649 0.52141279
v 0.73752022 -0.08985004 0.55786353
v 0.75915223 -0.08985004 0.53913879
v 0.74806076 -0.12988840 0.54694080
v 0.78287762 0.07009707 0.52272350
v 0.78258383 0.05018108 0.52241141
v 0.80384856 0.18990260 0.50399882
v 0.80355471 0.15007062 0.50368673
v 0.80318749 0.11013544 0.50331223
v 0.79316109 0.09011625 0.51304907
v 0.80296713 0.09011625 0.50306255
v 0.82316679 0.32983053 0.48358887
v 0.81402183 0.22983778 0.49332571
v 0.82305658 0.28989536 0.48352647
v 0.85078520 0.56995755 0.44994682
v 0.85085869 0.52991915 0.44994682
v 0.85085869 0.48988080 0.44994682
v 0.83308297 0.30991453 0.47160506
v 0.84127301 0.28989536 0.46155614
v 0.84134644 0.32983053 0.46168095
v 0.85923231 0.56995755 0.43896165
v 0.88288432 0.58997673 0.40444577
v 0.89206594 0.58997673 0.39002776
v 0.89911747 0.58997673 0.37854326
v 0.92001492 0.62031507 0.34009522
v 0.91457939 0.62815768 0.34802201
v 0.91468954 0.60989273 0.35033140
v 0.90488356 0.58997673 0.36855677
v 0.92361414 0.62815768 0.33104494
v 0.93382418 0.62991190 0.31007326
v 0.94205093 0.64487469 0.28479493
v 0.92669916 0.65147895 0.31157124
v 0.91957420 0.65921837 0.31918597
v 0.91681969 0.65147895 0.33104494
v 0.90260649 0.66262370 0.34483880
v 0.88549191 0.66479069 0.36999232
v 0.86635733 0.56995755 0.42897514
v 0.87634695 0.56995755 0.41455713
v 0.88299447 0.56995755 0.40457061
v 0.88997257 0.67521310 0.32998386
v 0.89133143 0.66788644 0.35095555
v 0.88865036 0.67861837 0.31113434
v 0.87506151 0.67944396 0.32998386
v 0.85746944 0.67975348 0.35694745
v 0.86117887 0.67995989 0.34359050
v 0.90392864 0.68006307 0.25002939
v 0.87888110 0.67985672 0.31843698
v 0.89963162 0.67995989 0.27075139
v 0.94374037 0.68026948 0.11003101
v 0.92152071 0.68006307 0.21002093
v 0.96004701 0.67995989 0.06109712
v 0.95644778 0.68026948 -0.00206757
v 0.93863535 0.68026948 -0.00206757
v 0.63564050 0.67985672 0.55268300
v 0.63564050 -0.16992678 0.62427378
v 0.64026809 -0.20170982 0.62009197
v 0.65084535 -0.18994595 0.61447453
v 0.66707850 -0.18994595 0.60448802
v 0.67706817 -0.18994595 0.59799683
v 0.71232575 -0.16992678 0.57402921
v 0.67607653 -0.20996515 0.59737265
v 0.69003266 -0.20996515 0.58782303
v 0.70064664 -0.20996515 0.58039558
v 0.71067303 -0.20996515 0.57278085
v 0.71155447 -0.18994595 0.57346743
v 0.72440881 -0.18994595 0.56348097
v 0.73513299 -0.16992678 0.55586624
v 0.73579407 -0.14990757 0.55642796
v 0.73638171 -0.12988840 0.55692732
v 0.77002329 -0.06993404 0.52983892
v 0.78004968 -0.08025320 0.51997721
v 0.78074747 -0.04991485 0.52060139
v 0.79227966 0.03016189 0.51217526
v 0.79154515 -0.00987649 0.51142627
v 0.79073715 -0.04991485 0.51061487
v 0.75749952 -0.14990757 0.53764081
v 0.76822370 -0.14990757 0.52765435
v 0.74747312 -0.14990757 0.54644144
v 0.79286730 0.07009707 0.51279938
v 0.81372803 0.16988342 0.49295121
v 0.81394839 0.20981860 0.49320090
v 0.81317711 0.11013544 0.49238947
v 0.80271000 0.07009707 0.50281286
v 0.81273639 0.07009707 0.49189013
v 0.82279950 0.20981860 0.48321438
v 0.83286262 0.22983778 0.47135538
v 0.83293605 0.24985696 0.47141781
v 0.85930580 0.50989997 0.43908650
v 0.85926908 0.54993838 0.43902406
v 0.85930580 0.48988080 0.43908650
v 0.84108937 0.22983778 0.46130645
v 0.85001397 0.24985696 0.44994682
v 0.85023433 0.28989536 0.44994682
v 0.85041791 0.32983053 0.44994682
v 0.85049140 0.34984970 0.44994682
v 0.85919559 0.40990728 0.43896165
v 0.89915419 0.56995755 0.37866810
v 0.89228630 0.54993838 0.39002776
v 0.89922768 0.54993838 0.37873054
v 0.92016184 0.60989273 0.34034488
v 0.92541373 0.60989273 0.32998386
v 0.93992078 0.61711615 0.29996192
v 0.91487318 0.58997673 0.35064346
v 0.91494668 0.56995755 0.35070589
v 0.90495700 0.54993838 0.36874402
v 0.93929642 0.62991190 0.29852638
v 0.94366688 0.62991190 0.28853986
v 0.95104897 0.62991190 0.27075139
v 0.96037751 0.64095342 0.24116635
v 0.94506252 0.65085983 0.27075139
v 0.93903935 0.65818644 0.27792919
v 0.93657863 0.65085983 0.29091164
v 0.92273271 0.66272688 0.30589142
v 0.90664643 0.66571945 0.32998386
v 0.86643076 0.52991915 0.42909998
v 0.87645715 0.50989997 0.41474438
v 0.88303119 0.54993838 0.40463305
v 0.91171473 0.66829926 0.31157124
v 0.90995181 0.67531627 0.29003784
v 0.90855622 0.67851520 0.27068898
v 0.91391832 0.67944396 0.25002939
v 0.91762769 0.67975348 0.23673484
v 0.92045563 0.67995989 0.22337788
v 0.94025135 0.67995989 0.16227293
v 0.96074480 0.68006307 0.01004109
v 0.95372999 0.67944396 0.11003101
v 0.96801668 0.67665774 0.06871183
v 0.97029370 0.67686415 0.05004954
v 0.97062427 0.67717373 0.03007653
v 0.97073442 0.67738008 0.01004109
v 0.96070808 0.68006307 -0.00206757
v 0.63564050 0.67903119 0.54656631
v 0.92864573 0.67768967 -0.00206757
v 0.63564050 -0.18034913 0.62371206
v 0.63564050 -0.20563109 0.62227654
v 0.63946009 -0.21502154 0.61965501
v 0.64816427 -0.20903642 0.61491144
v 0.66608691 -0.20996515 0.60386389
v 0.67497474 -0.22988112 0.59662366
v 0.69164866 -0.22853963 0.58532643
v 0.69943470 -0.23431839 0.57952178
v 0.70013249 -0.22100665 0.58002108
v 0.70810217 -0.22853963 0.57334262
v 0.72264594 -0.22988112 0.56204540
v 0.72356409 -0.20996515 0.56279439
v 0.73439848 -0.18994595 0.55530447
v 0.74684882 -0.16992678 0.54587972
v 0.74618769 -0.18994595 0.54525554
v 0.79995555 -0.07880852 0.49994177
v 0.80028605 -0.06539360 0.50025386
v 0.77872753 -0.12988840 0.51872891
v 0.78868043 -0.12988840 0.50867999
v 0.80212241 0.03016189 0.50218874
v 0.80245292 0.05018108 0.50250083
v 0.80179185 0.01014270 0.50181425
v 0.80142462 -0.00987649 0.50143975
v 0.76759934 -0.16992678 0.52709258
v 0.75617737 -0.18994595 0.53651738
v 0.77821338 -0.14990757 0.51816714
v 0.82257915 0.16988342 0.48296469
v 0.82210171 0.11013544 0.48240298
v 0.82228535 0.13015462 0.48259020
v 0.81244260 0.05018108 0.49157807
v 0.82166100 0.07009707 0.48190364
v 0.83267897 0.18990260 0.47110572
v 0.84097922 0.20981860 0.46124405
v 0.86643076 0.48988080 0.42909998
v 0.86643076 0.46986163 0.42903757
v 0.85882837 0.24985696 0.43839991
v 0.85893852 0.28989536 0.43858716
v 0.84968340 0.20981860 0.44994682
v 0.85864472 0.20981860 0.43821266
v 0.85904872 0.32983053 0.43871200
v 0.86624712 0.34984970 0.42878789
v 0.88306791 0.50989997 0.40469545
v 0.89232302 0.50989997 0.39002776
v 0.89926440 0.50989997 0.37873054
v 0.92030877 0.58997673 0.34065697
v 0.93613791 0.61020231 0.30813837
v 0.92570758 0.58997673 0.32998386
v 0.94003093 0.60380441 0.30021161
v 0.94352001 0.61020231 0.29197273
v 0.95248127 0.60999590 0.27075139
v 0.92034549 0.56995755 0.34071937
v 0.91498339 0.52991915 0.35076830
v 0.92038220 0.54993838 0.34071937
v 0.90495700 0.46986163 0.36874402
v 0.95762300 0.62980872 0.25358707
v 0.95835757 0.60989273 0.25577164
v 0.97991610 0.63981831 0.17993657
v 0.96225059 0.64528745 0.22999394
v 0.95780665 0.65540028 0.22999394
v 0.95424414 0.64858961 0.24871865
v 0.96129572 0.62980872 0.24360058
v 0.96599668 0.62980872 0.22999394
v 0.97257078 0.62980872 0.21002093
v 0.95967972 0.65932155 0.21913362
v 0.94047165 0.66025031 0.27075139
v 0.94168365 0.66190135 0.26450983
v 0.92636865 0.66582263 0.29003784
v 0.87645715 0.48988080 0.41474438
v 0.92996788 0.67397475 0.25002939
v 0.92827845 0.67748326 0.23005638
v 0.93151039 0.67851520 0.21002093
v 0.93408126 0.67944396 0.18998550
v 0.93723977 0.67975348 0.17556748
v 0.95215076 0.67882478 0.13006644
v 0.95093876 0.67799926 0.15003946
v 0.97073442 0.67738008 -0.00206757
v 0.96996319 0.67469710 0.09005800
v 0.98715127 0.66675133 0.05004954
v 0.98784906 0.66726732 0.03007653
v 0.98825306 0.66726732 0.01004109
v 0.98131168 0.67129177 -0.00206757
v 0.63564050 0.67841202 0.54350793
v 0.91109037 0.66757691 -0.00206757
v 0.63564050 -0.21213217 0.62183964
v 0.63564050 -0.22018112 0.62127787
v 0.63564050 -0.22988112 0.62059128
v 0.63846844 -0.22988112 0.61909330
v 0.65003735 -0.22988112 0.61222756
v 0.66494834 -0.22988112 0.60311490
v 0.66362619 -0.24990033 0.60224104
v 0.67361587 -0.24990033 0.59568739
v 0.68841672 -0.24990033 0.58570093
v 0.69840634 -0.24990033 0.57877278
v 0.71004868 -0.24990033 0.56997216
v 0.73263556 -0.22988112 0.55386889
v 0.72150743 -0.24990033 0.56110913
v 0.73153377 -0.24990033 0.55293268
v 0.73355377 -0.20996515 0.55461788
v 0.74541646 -0.20996515 0.54463142
v 0.81875956 -0.08985004 0.47847080
v 0.81920028 -0.06993404 0.47903252
v 0.81027573 -0.04991485 0.48995525
v 0.78812957 -0.14990757 0.50818062
v 0.79863334 -0.12988840 0.49850622
v 0.80722737 -0.14990757 0.48789555
v 0.81277311 -0.03051482 0.48808280
v 0.81214875 0.03016189 0.49120358
v 0.81141424 -0.00987649 0.49045458
v 0.77758902 -0.16992678 0.51754302
v 0.76693827 -0.18994595 0.52646846
v 0.75540608 -0.20996515 0.53576839
v 0.76620376 -0.20996515 0.52578187
v 0.83256876 0.16988342 0.47091848
v 0.83223826 0.13015462 0.47060639
v 0.83238518 0.15007062 0.47079366
v 0.83187097 0.09011625 0.47010708
v 0.82111007 0.03016189 0.48121709
v 0.83998758 0.08000347 0.45993334
v 0.83928978 0.03016189 0.45912191
v 0.84064865 0.15007062 0.46080714
v 0.84090573 0.18990260 0.46105680
v 0.86591661 0.24985696 0.42841339
v 0.86602676 0.28989536 0.42860067
v 0.86617368 0.32983053 0.42872548
v 0.84946305 0.18990260 0.44994682
v 0.84898561 0.15007062 0.44994682
v 0.85842437 0.16988342 0.43783817
v 0.86551261 0.16988342 0.42785168
v 0.86562276 0.18990260 0.42803890
v 0.86573297 0.20981860 0.42816374
v 0.86584312 0.22983778 0.42828858
v 0.87612659 0.30991453 0.41424504
v 0.87623680 0.34984970 0.41436988
v 0.87634695 0.40990728 0.41455713
v 0.88306791 0.48988080 0.40469545
v 0.89228630 0.46986163 0.39002776
v 0.89922768 0.46986163 0.37873054
v 0.93536669 0.58997673 0.31026050
v 0.92574430 0.56995755 0.32998386
v 0.94006771 0.58997673 0.30027401
v 0.94451159 0.58997673 0.29003784
v 0.95266491 0.58997673 0.27075139
v 0.95850444 0.58997673 0.25614613
v 0.91498339 0.48988080 0.35076830
v 0.92578101 0.52991915 0.32998386
v 0.92038220 0.46986163 0.34071937
v 0.89911747 0.38988808 0.37854326
v 0.90481013 0.38988808 0.36855677
v 0.91490996 0.44994563 0.35070589
v 0.96210366 0.60989273 0.24578512
v 0.98164225 0.64384282 0.16657962
v 0.97727180 0.65024066 0.17194736
v 0.97246057 0.64982790 0.18998550
v 0.96544582 0.65147895 0.21151891
v 0.97826338 0.63176936 0.19017275
v 0.98101789 0.62640339 0.18361910
v 0.98325825 0.63176936 0.17194736
v 0.98902428 0.62980872 0.15003946
v 0.99346823 0.62980872 0.13006644
v 0.96772283 0.60989273 0.22999394
v 0.97444379 0.60989273 0.21002093
v 0.97881430 0.60989273 0.19610223
v 0.96166295 0.66190135 0.20583908
v 0.94432795 0.66448116 0.25002939
v 0.97859395 0.65715450 0.15422131
v 0.93143690 0.66778326 0.27075139
v 0.88292104 0.38988808 0.40457061
v 0.94998389 0.67376840 0.18998550
v 0.94778025 0.66695774 0.22999394
v 0.94814754 0.67707050 0.16932590
v 0.96996319 0.67294288 0.11003101
v 0.98608619 0.66613221 0.07002255
v 0.99783874 0.65591621 0.03007653
v 0.99824268 0.65674174 0.01004109
v 0.98825306 0.66726732 -0.00206757
v 0.99824268 0.65684497 -0.00206757
v 0.63564050 0.67366523 0.53033823
v 0.63564050 0.67087901 0.52378458
v 0.90110070 0.65818644 -0.00206757
v 0.63564050 -0.24990033 0.61890602
v 0.63688922 -0.24990033 0.61821949
v 0.65003735 -0.24990033 0.61054236
v 0.66204697 -0.26991951 0.60124242
v 0.67203665 -0.26991951 0.59468877
v 0.68691087 -0.26991951 0.58470225
v 0.69693726 -0.26991951 0.57777417
v 0.71177483 -0.27033228 0.56647688
v 0.72062600 -0.26383120 0.56042254
v 0.74453503 -0.22988112 0.54382002
v 0.74346995 -0.24990033 0.54294616
v 0.74218452 -0.26991951 0.54182267
v 0.75452465 -0.22988112 0.53501940
v 0.82654560 -0.10986923 0.46792251
v 0.82750052 -0.06993404 0.46904600
v 0.81721705 -0.14990757 0.47672313
v 0.82559073 -0.14990757 0.46673661
v 0.82610488 -0.12988840 0.46729839
v 0.81993484 -0.03763504 0.47984391
v 0.79749483 -0.16992678 0.49725789
v 0.79808247 -0.14990757 0.49788207
v 0.78688085 -0.18994595 0.50693232
v 0.80663979 -0.16992678 0.48727140
v 0.82044899 -0.00987649 0.48046809
v 0.77692795 -0.18994595 0.51691884
v 0.76535904 -0.22988112 0.52497047
v 0.77619338 -0.20996515 0.51616985
v 0.84028137 0.11013544 0.46037024
v 0.83899593 0.01014270 0.45874745
v 0.84700239 0.03016189 0.44913542
v 0.84597403 0.07205771 0.45188171
v 0.84784710 0.09011625 0.44994682
v 0.87586951 0.22983778 0.41380814
v 0.84825104 0.11013544 0.44994682
v 0.85813051 0.13015462 0.43746367
v 0.86540240 0.15007062 0.42766440
v 0.87550223 0.16988342 0.41330880
v 0.88270068 0.28989536 0.40413371
v 0.88273740 0.30991453 0.40425855
v 0.88281083 0.32983053 0.40432096
v 0.89210266 0.38988808 0.39002776
v 0.93536669 0.52991915 0.31032294
v 0.94454837 0.56995755 0.29003784
v 0.94006771 0.46986163 0.30027401
v 0.95270169 0.56995755 0.27075139
v 0.95850444 0.56985438 0.25627095
v 0.96232402 0.56985438 0.24622202
v 0.96225059 0.58997673 0.24615961
v 0.92578101 0.48988080 0.32998386
v 0.92027199 0.40990728 0.34059453
v 0.92537701 0.32983053 0.32998386
v 0.92570758 0.44994563 0.32998386
v 0.92574430 0.46986163 0.32998386
v 0.89184558 0.32983053 0.39002776
v 0.89900732 0.32983053 0.37829360
v 0.90473664 0.32983053 0.36830711
v 0.91472632 0.32983053 0.35033140
v 0.92016184 0.32983053 0.34034488
v 0.96812683 0.58997673 0.22999394
v 1.00015247 0.64023107 0.08119497
v 0.98715127 0.64982790 0.13006644
v 0.98300111 0.65024066 0.14854148
v 0.98171568 0.60989273 0.18605331
v 0.98612291 0.60989273 0.17001247
v 0.99119115 0.60989273 0.15003946
v 0.99563509 0.60989273 0.13006644
v 1.00022590 0.62145019 0.10148007
v 0.99769181 0.62888002 0.10890752
v 0.99912417 0.63486511 0.09448950
v 0.97492129 0.58997673 0.21002093
v 0.97903466 0.58997673 0.19691363
v 0.98197281 0.58997673 0.18692712
v 0.98013645 0.66014707 0.14086436
v 0.96394002 0.66417158 0.18998550
v 0.96996319 0.67036307 0.13006644
v 0.96662104 0.66644180 0.17001247
v 0.98476398 0.66499710 0.09005800
v 0.99714088 0.65426517 0.05004954
v 1.00184190 0.64446193 0.05004954
v 1.00253975 0.64600980 0.03007653
v 1.00294375 0.64673215 0.01004109
v 1.00294375 0.64673215 -0.00206757
v 0.63564050 0.66468751 0.51354837
v 0.89584881 0.64807367 -0.00206757
v 0.63564050 0.66086942 0.50892961
v 0.63564050 -0.26991951 0.61690879
v 0.65003735 -0.26991951 0.60848266
v 0.66079825 -0.28364402 0.60043103
v 0.66851085 -0.29014510 0.59450150
v 0.68511128 -0.28993869 0.58345395
v 0.69510096 -0.28993869 0.57646340
v 0.70846945 -0.28993869 0.56647688
v 0.71963435 -0.27724612 0.55961120
v 0.72837532 -0.27033228 0.55324477
v 0.75345957 -0.24990033 0.53402072
v 0.74100924 -0.28560466 0.54082406
v 0.75217414 -0.26991951 0.53283483
v 0.76433069 -0.24990033 0.52403426
v 0.83704942 -0.08985004 0.45625079
v 0.83749014 -0.06993404 0.45681256
v 0.83793086 -0.04991485 0.45731187
v 0.82790452 -0.04991485 0.46954533
v 0.81662941 -0.16992678 0.47603655
v 0.82503980 -0.16992678 0.46605006
v 0.83558035 -0.14990757 0.45444074
v 0.83609456 -0.12988840 0.45506489
v 0.82672924 -0.03051482 0.47191715
v 0.79687047 -0.18994595 0.49657133
v 0.78614628 -0.20996515 0.50618333
v 0.80601543 -0.18994595 0.48658481
v 0.83866543 -0.00987649 0.45831051
v 0.77534866 -0.22988112 0.51535845
v 0.78533834 -0.22988112 0.50537193
v 0.84670854 0.01014270 0.44876093
v 0.85699201 0.03016189 0.43590328
v 0.85724908 0.05018108 0.43627778
v 0.85750616 0.07009707 0.43658987
v 0.85794687 0.11013544 0.43721402
v 0.88251704 0.24985696 0.40394646
v 0.88233340 0.20981860 0.40363437
v 0.86525548 0.13015462 0.42741475
v 0.87524515 0.13015462 0.41287190
v 0.88185596 0.13015462 0.40288538
v 0.89158851 0.28989536 0.39002776
v 0.93536669 0.48988080 0.31032294
v 0.94454837 0.48988080 0.29003784
v 0.95273840 0.50989997 0.27075139
v 0.94451159 0.46986163 0.29003784
v 0.93536669 0.46986163 0.31026050
v 0.93988407 0.30991453 0.29989952
v 0.94429123 0.32983053 0.28991300
v 0.95854115 0.50979680 0.25633338
v 0.95854115 0.54983515 0.25627095
v 0.96236074 0.52981597 0.24634686
v 0.96834719 0.52981597 0.22999394
v 0.96823704 0.56985438 0.22999394
v 0.92519337 0.28989536 0.32998386
v 0.93499941 0.28989536 0.31007326
v 0.93507284 0.30991453 0.31007326
v 0.89889711 0.28989536 0.37810636
v 0.90455300 0.26987615 0.36799502
v 0.91435903 0.24985696 0.35001931
v 0.91990477 0.24985696 0.33984554
v 1.00081360 0.64188212 0.07002255
v 0.99611259 0.65199494 0.07002255
v 0.99530458 0.64807367 0.08868484
v 0.99097085 0.64982790 0.11003101
v 1.00096047 0.62888002 0.08868484
v 1.00327420 0.62980872 0.07002255
v 1.00529420 0.62980872 0.05004954
v 0.98667383 0.58997673 0.17001247
v 0.99181557 0.58997673 0.15003946
v 0.99633288 0.58997673 0.13006644
v 0.99883032 0.60989273 0.11371353
v 0.99919760 0.58997673 0.11571084
v 1.00059319 0.60989273 0.10366461
v 1.00272334 0.60989273 0.09005800
v 1.00536764 0.60989273 0.07002255
v 0.97521508 0.50979680 0.21002093
v 0.97918159 0.52981597 0.19735055
v 0.97910810 0.56985438 0.19710088
v 0.98204625 0.56985438 0.18711437
v 0.98685741 0.56985438 0.17001247
v 0.98123825 0.66138536 0.13006644
v 0.98314804 0.66355240 0.11003101
v 1.00672650 0.62980872 0.03007653
v 1.00749779 0.62980872 0.01004109
v 1.00757122 0.62980872 -0.00206757
v 0.63564050 0.65426517 0.50343704
v 0.89140487 0.63713533 -0.00206757
v 0.63564050 -0.28993869 0.61441213
v 0.65165329 -0.29014510 0.60511220
v 0.65936589 -0.29695570 0.59955716
v 0.67001665 -0.30995786 0.59063172
v 0.68298113 -0.30995786 0.58195597
v 0.69297081 -0.30995786 0.57490301
v 0.70644951 -0.30995786 0.56491649
v 0.71849585 -0.28993869 0.55873734
v 0.73190105 -0.29138339 0.54750252
v 0.76311868 -0.26991951 0.52284831
v 0.76161289 -0.28993869 0.52147520
v 0.73987073 -0.29901958 0.53982538
v 0.74861169 -0.29138339 0.53308451
v 0.77435708 -0.24990033 0.51435983
v 0.84391731 -0.12988840 0.44507837
v 0.84479874 -0.08985004 0.44632670
v 0.84523946 -0.06993404 0.44688845
v 0.84564346 -0.04991485 0.44738775
v 0.81600505 -0.18994595 0.47534999
v 0.83502948 -0.16992678 0.45375419
v 0.82441545 -0.18994595 0.46536350
v 0.84340316 -0.14990757 0.44445425
v 0.84288895 -0.16992678 0.44376767
v 0.79609925 -0.20996515 0.49582234
v 0.80531764 -0.20996515 0.48577341
v 0.84601074 -0.02989566 0.44788709
v 0.84637803 -0.00987649 0.44832402
v 0.78438342 -0.24990033 0.50437331
v 0.79529124 -0.22988112 0.49494851
v 0.85669822 0.01014270 0.43552878
v 0.86419046 0.03016189 0.42591679
v 0.86444753 0.05018108 0.42622885
v 0.86463118 0.07009707 0.42660335
v 0.86485153 0.09011625 0.42691544
v 0.89092743 0.20981860 0.39002776
v 0.89111108 0.22983778 0.39002776
v 0.89048672 0.16988342 0.39002776
v 0.87487787 0.09011625 0.41237259
v 0.88148868 0.09011625 0.40238607
v 0.88931143 0.09011625 0.39002776
v 0.88964200 0.11013544 0.39002776
v 0.89022964 0.15007062 0.39002776
v 0.95273840 0.50917763 0.27075139
v 0.95244455 0.30919218 0.27075139
v 0.95270169 0.46913928 0.27075139
v 0.93984735 0.28989536 0.29977468
v 0.94425452 0.28989536 0.28978819
v 0.96239746 0.50979680 0.24634686
v 0.95854115 0.48988080 0.25633338
v 0.96842062 0.48988080 0.22999394
v 0.93477905 0.24985696 0.31007326
v 0.92478943 0.18990260 0.32935971
v 0.93970042 0.22983778 0.29946262
v 0.89871347 0.24985696 0.37785670
v 0.91421211 0.22983778 0.35001931
v 0.90429592 0.20981860 0.36755812
v 0.91972113 0.20981860 0.33953348
v 1.00742435 0.60989273 0.05004954
v 0.99199915 0.56985438 0.15003946
v 0.99659002 0.56985438 0.13006644
v 0.99934447 0.56985438 0.11652224
v 1.00096047 0.58997673 0.10572433
v 1.00345790 0.58997673 0.09005800
v 1.00610220 0.58997673 0.07002255
v 0.97921830 0.48988080 0.19753779
v 0.97528851 0.34984970 0.21002093
v 0.97929174 0.32993370 0.19784987
v 0.97929174 0.34984970 0.19778746
v 0.98211968 0.52981597 0.18736404
v 0.98219317 0.48988080 0.18748887
v 0.98711455 0.50979680 0.17001247
v 0.99229300 0.50979680 0.15003946
v 1.00881994 0.60989273 0.03007653
v 1.00955451 0.60989273 0.01004109
v 1.00837922 0.62186295 -0.00206757
v 0.88846672 0.62980872 -0.00206757
v 0.63564050 0.65055025 0.50081563
v 0.63564050 -0.31016427 0.61147857
v 0.64779699 -0.30995786 0.60461289
v 0.65778667 -0.30995786 0.59855855
v 0.67159587 -0.33049303 0.58595061
v 0.68118155 -0.32419831 0.58077008
v 0.68874723 -0.33049303 0.57415402
v 0.70406222 -0.32997704 0.56304401
v 0.71647584 -0.30995786 0.55711454
v 0.72874254 -0.30995786 0.54712802
v 0.77310836 -0.26991951 0.51317388
v 0.77163929 -0.28993869 0.51173836
v 0.76058459 -0.30263126 0.52047652
v 0.73873222 -0.30995786 0.53882676
v 0.75158656 -0.30954510 0.52734226
v 0.78320819 -0.26991951 0.50318742
v 0.85390699 -0.12988840 0.43165901
v 0.85482514 -0.08985004 0.43290734
v 0.85522914 -0.06993404 0.43353149
v 0.85563314 -0.04991485 0.43409324
v 0.81530726 -0.20996515 0.47453859
v 0.83444184 -0.18994595 0.45300519
v 0.82371765 -0.20996515 0.46448967
v 0.85339278 -0.14990757 0.43103486
v 0.84230137 -0.18994595 0.44301867
v 0.85427421 -0.17168103 0.42828858
v 0.80450964 -0.22988112 0.48496202
v 0.85636765 -0.00987649 0.43509188
v 0.79433632 -0.24990033 0.49388745
v 0.86360282 -0.00987649 0.42510536
v 0.87418008 0.03016189 0.41137391
v 0.87443715 0.05018108 0.41174841
v 0.87388629 0.01014270 0.41099942
v 0.87465751 0.07009707 0.41206050
v 0.89845639 0.18990260 0.37741980
v 0.88130504 0.07009707 0.40207398
v 0.89772189 0.09011625 0.37623391
v 0.89794225 0.11013544 0.37648356
v 0.88890749 0.07009707 0.39002776
v 0.89753824 0.07009707 0.37592182
v 0.89808911 0.13015462 0.37673321
v 0.95237112 0.28989536 0.27075139
v 0.95843101 0.30991453 0.25602129
v 0.94421780 0.26987615 0.28966334
v 0.96239746 0.48988080 0.24634686
v 0.96232402 0.30991453 0.24603477
v 0.96831048 0.30991453 0.22999394
v 0.97528851 0.30991453 0.21002093
v 0.93448526 0.20981860 0.31007326
v 0.91953748 0.16988342 0.33915898
v 0.92460579 0.15007062 0.32898521
v 0.93382418 0.13015462 0.31007326
v 0.93419141 0.16988342 0.31007326
v 0.93955350 0.18990260 0.29915053
v 0.94396073 0.18990260 0.28910160
v 0.91402853 0.20981860 0.35001931
v 0.90418577 0.18990260 0.36737087
v 0.91366124 0.16988342 0.35001931
v 1.00808549 0.58997673 0.05004954
v 0.99673688 0.54983515 0.13006644
v 0.99941796 0.54983515 0.11702156
v 1.00110734 0.56985438 0.10653573
v 1.00121760 0.54983515 0.10703506
v 1.00375175 0.56985438 0.09005800
v 1.00639606 0.56985438 0.07002255
v 0.98234004 0.34984970 0.18780094
v 0.97929174 0.30991453 0.19778746
v 0.98234004 0.30991453 0.18780094
v 0.98744506 0.34984970 0.17001247
v 0.98737162 0.38999128 0.17001247
v 0.99236643 0.48988080 0.15003946
v 0.99269700 0.34984970 0.15003946
v 0.99692053 0.50979680 0.13006644
v 1.00940764 0.58997673 0.03007653
v 1.00959122 0.60989273 -0.00206757
v 1.01006866 0.58997673 0.01004109
v 1.00981164 0.60205019 -0.00206757
v 0.63564050 0.64477152 0.49713308
v 0.88262719 0.60917038 -0.00206757
v 0.63564050 -0.32997704 0.60817057
v 0.64493233 -0.32997704 0.60286522
v 0.65492201 -0.32997704 0.59681094
v 0.66726214 -0.34989303 0.58476472
v 0.67934525 -0.33751005 0.57945931
v 0.70185864 -0.34586859 0.56135881
v 0.71405190 -0.32997704 0.55524206
v 0.72646552 -0.32997704 0.54525554
v 0.78181255 -0.28993869 0.50175184
v 0.78067404 -0.30345678 0.50062835
v 0.75926238 -0.31594300 0.51922822
v 0.77002329 -0.30975151 0.50992829
v 0.73645514 -0.32997704 0.53682947
v 0.74765676 -0.32997704 0.52684295
v 0.79319781 -0.26991951 0.49263912
v 0.86070138 -0.14990757 0.42104834
v 0.86117887 -0.12988840 0.42167252
v 0.86250103 -0.06993404 0.42354497
v 0.86290503 -0.04991485 0.42410672
v 0.81449926 -0.22988112 0.47353995
v 0.82298315 -0.22988112 0.46355343
v 0.83374405 -0.20996515 0.45213136
v 0.86029738 -0.16610868 0.42048663
v 0.85196048 -0.18994595 0.42997378
v 0.84160352 -0.20996515 0.44214487
v 0.85063827 -0.20996515 0.42997378
v 0.85963631 -0.18994595 0.41948795
v 0.85993016 -0.17952360 0.41992486
v 0.80351800 -0.24990033 0.48390096
v 0.80241621 -0.26991951 0.48265263
v 0.87359244 -0.00987649 0.41050011
v 0.87256408 -0.04991485 0.41000077
v 0.88086432 0.03016189 0.40138742
v 0.88027668 -0.00987649 0.40051359
v 0.88060725 0.01014270 0.40095049
v 0.90385520 0.13015462 0.36674672
v 0.88850349 0.05018108 0.39002776
v 0.90370834 0.11013544 0.36649704
v 0.90334105 0.07009707 0.36587289
v 0.89713424 0.03016189 0.37517282
v 0.90315741 0.05018108 0.36556080
v 0.95218748 0.24985696 0.27075139
v 0.95828414 0.24985696 0.25577164
v 0.96228731 0.28999853 0.24597237
v 0.95196712 0.20981860 0.27075139
v 0.95207727 0.22911544 0.27075139
v 0.96827376 0.28999853 0.22999394
v 0.97525179 0.28999853 0.21002093
v 0.91931713 0.13015462 0.33878449
v 0.92449558 0.13015462 0.32879797
v 0.93360376 0.11013544 0.31007326
v 0.93922299 0.11013544 0.29833913
v 0.93940663 0.15007062 0.29877603
v 0.94374037 0.13015462 0.28860226
v 0.95182019 0.18907706 0.27075139
v 0.91344088 0.15007062 0.35001931
v 1.00830579 0.56985438 0.05004954
v 0.99949139 0.52981597 0.11733365
v 1.00404549 0.52981597 0.09005800
v 1.00393534 0.54983515 0.09005800
v 1.00132775 0.50979680 0.10753438
v 1.00654292 0.54983515 0.07002255
v 0.97925502 0.28999853 0.19772504
v 0.98230332 0.28999853 0.18773854
v 0.98740834 0.28999853 0.17001247
v 0.98744506 0.30991453 0.17001247
v 0.99699402 0.48988080 0.13006644
v 0.99269700 0.30991453 0.15003946
v 0.99732453 0.34984970 0.13006644
v 0.99956489 0.48988080 0.11770813
v 1.00959122 0.56985438 0.03007653
v 1.01021552 0.56985438 0.01004109
v 1.01017880 0.58192778 -0.00206757
v 1.01010537 0.58997673 -0.00206757
v 0.63564050 0.62970555 0.48983043
v 0.88093781 0.60205019 -0.00206757
v 0.63564050 -0.34958345 0.60423839
v 0.64228803 -0.34597176 0.60130483
v 0.64937627 -0.35154408 0.59568739
v 0.67728853 -0.34989303 0.57808620
v 0.66358948 -0.36991221 0.58233047
v 0.69190574 -0.35154408 0.56728828
v 0.69980198 -0.35918027 0.55979842
v 0.70913053 -0.35154408 0.55430585
v 0.72371101 -0.34989303 0.54300857
v 0.79180223 -0.28993869 0.49114117
v 0.77946204 -0.31676853 0.49931762
v 0.78985572 -0.30892599 0.48976803
v 0.80021262 -0.30108339 0.48021841
v 0.75764644 -0.32997704 0.51773024
v 0.76800334 -0.32997704 0.50774372
v 0.73373735 -0.34989303 0.53452003
v 0.74504918 -0.34989303 0.52447116
v 0.80109406 -0.28993869 0.48115465
v 0.86819363 -0.14990757 0.41000077
v 0.86911178 -0.12988840 0.41000077
v 0.87091142 -0.08985004 0.41000077
v 0.87179285 -0.06993404 0.41000077
v 0.81354439 -0.24990033 0.47241646
v 0.82206500 -0.24990033 0.46242994
v 0.83293605 -0.22988112 0.45113271
v 0.84031808 -0.24350242 0.44045964
v 0.84086901 -0.22988112 0.44114619
v 0.86573297 -0.17168103 0.41199809
v 0.85901195 -0.20996515 0.41855174
v 0.84916925 -0.22988112 0.42997378
v 0.86635733 -0.18994595 0.40950143
v 0.81240588 -0.26991951 0.47110572
v 0.82026535 -0.28168339 0.46024540
v 0.87987268 -0.03680950 0.39982700
v 0.87965238 -0.04991485 0.39945254
v 0.88802600 0.03016189 0.39002776
v 0.88751185 0.01014270 0.39002776
v 0.88508791 -0.02999885 0.39190024
v 0.91296339 0.11013544 0.35001931
v 0.91263288 0.09011625 0.35001931
v 0.90293705 0.03016189 0.36512390
v 0.89687717 0.01014270 0.37473592
v 0.91094345 0.01014270 0.35001931
v 0.91186160 0.05018108 0.35001931
v 0.91226560 0.07009707 0.35001931
v 0.95824736 0.22983778 0.25558439
v 0.96214038 0.22983778 0.24559787
v 0.96225059 0.26987615 0.24584752
v 0.95817393 0.20981860 0.25545955
v 0.96809012 0.24985696 0.22999394
v 0.97517836 0.26987615 0.21002093
v 0.91906005 0.09011625 0.33822274
v 0.92438543 0.11013544 0.32854831
v 0.93334669 0.09011625 0.31007326
v 0.94348323 0.09011625 0.28804055
v 0.94363016 0.11013544 0.28835261
v 0.93889242 0.07009707 0.29765254
v 0.94333637 0.07009707 0.28766605
v 0.95134276 0.12932909 0.27075139
v 0.95152640 0.14934827 0.27075139
v 0.95167333 0.16905789 0.27075139
v 0.95115912 0.11003225 0.27075139
v 1.00845265 0.54983515 0.05004954
v 1.00411892 0.50979680 0.09005800
v 1.00147462 0.38999128 0.10847062
v 1.00661635 0.52981597 0.07002255
v 0.97918159 0.24985696 0.19741297
v 0.98219317 0.24985696 0.18742646
v 0.98722470 0.24985696 0.17001247
v 0.99266022 0.28999853 0.15003946
v 0.99258679 0.26987615 0.15003946
v 0.99971175 0.36986887 0.11858197
v 0.99732453 0.30991453 0.13006644
v 0.99971175 0.32993370 0.11870679
v 1.00970137 0.54983515 0.03007653
v 1.01025236 0.56985438 -0.00206757
v 1.01028907 0.54983515 0.01004109
v 0.87957889 0.59585863 -0.00206757
v 0.87833017 0.58956397 -0.00206757
v 0.63564050 0.62289488 0.48720896
v 0.63564050 -0.35525900 0.60299003
v 0.63979059 -0.35928351 0.59980690
v 0.67357910 -0.36991221 0.57558954
v 0.66285497 -0.37373030 0.58183116
v 0.68779236 -0.36991221 0.56554067
v 0.69781876 -0.36991221 0.55830044
v 0.71151775 -0.37053138 0.54737771
v 0.72150743 -0.36413348 0.54119855
v 0.79903734 -0.31449831 0.47884527
v 0.77799296 -0.32997704 0.49788207
v 0.78746849 -0.32997704 0.48789555
v 0.80656630 -0.30861640 0.47129297
v 0.81806177 -0.30995786 0.45756152
v 0.81927377 -0.29509830 0.45905951
v 0.75503886 -0.34989303 0.51529604
v 0.76546919 -0.34989303 0.50524712
v 0.74192744 -0.36991221 0.52172482
v 0.87744874 -0.14990757 0.39601967
v 0.87884438 -0.08985004 0.39820421
v 0.87924838 -0.06993404 0.39889079
v 0.82096314 -0.26991951 0.46111923
v 0.83345026 -0.25000352 0.44826159
v 0.83965701 -0.25681418 0.43958580
v 0.84612089 -0.25000352 0.43178385
v 0.87693459 -0.16992678 0.39520827
v 0.86573297 -0.20996515 0.40856522
v 0.85824072 -0.22988112 0.41749066
v 0.86503518 -0.22988112 0.40750414
v 0.87634695 -0.18994595 0.39427203
v 0.82625180 -0.28900999 0.45150721
v 0.83892250 -0.26991951 0.43858716
v 0.82988775 -0.26991951 0.44994682
v 0.88589585 -0.04991485 0.38946602
v 0.88688749 -0.00987649 0.39002776
v 0.89658332 -0.00987649 0.37423658
v 0.89625281 -0.02989566 0.37373728
v 0.91887641 0.07009707 0.33791065
v 0.90267998 0.01014270 0.36468700
v 0.90242290 -0.00987649 0.36418766
v 0.90212905 -0.02989566 0.36368835
v 0.90976822 -0.02989566 0.35001931
v 0.91792154 -0.00987649 0.33610061
v 0.91817862 0.01014270 0.33666235
v 0.91843569 0.03016189 0.33709925
v 0.91865605 0.05018108 0.33753616
v 0.96199352 0.18979941 0.24528579
v 0.96797991 0.22983778 0.22999394
v 0.95810044 0.18979941 0.25527230
v 0.97495800 0.22983778 0.21002093
v 0.92423850 0.09011625 0.32823622
v 0.93301618 0.07009707 0.31007326
v 0.95057154 0.07009707 0.27075139
v 0.95086533 0.08929072 0.27075139
v 0.93261218 0.05018108 0.31007326
v 0.93867207 0.05018108 0.29721564
v 0.94315273 0.05018108 0.28722912
v 0.95788014 0.13005143 0.25464815
v 0.95802701 0.16988342 0.25508505
v 0.95776993 0.11003225 0.25433606
v 0.95762300 0.09001306 0.25402400
v 1.00668979 0.48988080 0.07002255
v 1.00687349 0.38999128 0.07002255
v 1.00848937 0.52981597 0.05004954
v 1.00448620 0.34984970 0.09005800
v 1.00151134 0.34984970 0.10865787
v 0.97910810 0.22983778 0.19722572
v 0.98211968 0.22983778 0.18723921
v 0.98204625 0.20981860 0.18698955
v 0.98693091 0.20981860 0.17001247
v 0.99236643 0.22983778 0.15003946
v 0.99721432 0.26987615 0.13006644
v 0.99703074 0.22983778 0.13006644
v 1.00151134 0.32993370 0.10872029
v 0.99971175 0.28999853 0.11858197
v 0.99971175 0.30991453 0.11870679
v 1.01006866 0.28999853 0.03007653
v 1.01072979 0.28999853 0.01004109
v 1.01032579 0.54983515 -0.00206757
v 1.01080322 0.28194958 -0.00206757
v 0.87465751 0.56985438 -0.00206757
v 0.63564050 0.61009914 0.48265263
v 0.63564050 -0.36289519 0.60124242
v 0.63740337 -0.36991221 0.59843373
v 0.65003735 -0.36991221 0.59075660
v 0.67266095 -0.37373030 0.57515264
v 0.68702108 -0.37373030 0.56504130
v 0.65014756 -0.37373030 0.58963311
v 0.69517440 -0.37373030 0.55911183
v 0.71497005 -0.37373030 0.54369515
v 0.71985471 -0.37373030 0.53976297
v 0.72892618 -0.37053138 0.53289723
v 0.79745811 -0.32997704 0.47709763
v 0.80612558 -0.32997704 0.46711111
v 0.77545887 -0.34989303 0.49532300
v 0.78508121 -0.34989303 0.48533651
v 0.81611526 -0.32997704 0.45525214
v 0.82415837 -0.32997704 0.44526565
v 0.82603145 -0.30995786 0.44763744
v 0.75195378 -0.36991221 0.51236248
v 0.76249433 -0.36991221 0.50231355
v 0.74133980 -0.37373030 0.52110070
v 0.74776697 -0.37373030 0.51510876
v 0.88372898 -0.14990757 0.38603315
v 0.88512462 -0.08985004 0.38821769
v 0.88552862 -0.06993404 0.38884187
v 0.84634125 -0.26991951 0.42860067
v 0.85636765 -0.26991951 0.41480678
v 0.85739601 -0.24990033 0.41624236
v 0.88321483 -0.16992678 0.38515934
v 0.88262719 -0.18994595 0.38428551
v 0.87572259 -0.20996515 0.39327338
v 0.87502480 -0.22988112 0.39214990
v 0.86419046 -0.24990033 0.40625584
v 0.83760035 -0.28993869 0.43690193
v 0.84509259 -0.28993869 0.42691544
v 0.89592224 -0.04991485 0.37311310
v 0.92387122 0.05018108 0.32754967
v 0.92405486 0.07009707 0.32792416
v 0.90176177 -0.04991485 0.36312661
v 0.90910709 -0.04991485 0.35001931
v 0.91762769 -0.02989566 0.33547646
v 0.91729718 -0.04991485 0.33491471
v 0.92309999 -0.00987649 0.32611409
v 0.92339379 0.01014270 0.32661343
v 0.96184659 0.15007062 0.24491130
v 0.96768612 0.18979941 0.22999394
v 0.97481108 0.20981860 0.21002093
v 0.95747614 0.07009707 0.25358707
v 0.95016754 0.05007789 0.27075139
v 0.93213475 0.03016189 0.31007326
v 0.93845171 0.03016189 0.29671630
v 0.94293237 0.03016189 0.28672981
v 0.96173644 0.13005143 0.24466163
v 0.96151602 0.09001306 0.24397507
v 0.96162623 0.11003225 0.24434955
v 1.00694692 0.32993370 0.07002255
v 1.00881994 0.28999853 0.05004954
v 1.00448620 0.30991453 0.09005800
v 1.00698364 0.28999853 0.07002255
v 0.97903466 0.20981860 0.19697607
v 0.98197281 0.18979941 0.18667747
v 0.98674726 0.18979941 0.17001247
v 0.99221951 0.20981860 0.15003946
v 0.99963832 0.24985696 0.11820747
v 0.99967504 0.26987615 0.11839472
v 0.99956489 0.22983778 0.11789538
v 0.99670017 0.18979941 0.13006644
v 0.99949139 0.20981860 0.11752090
v 1.00151134 0.30991453 0.10865787
v 1.00151134 0.28999853 0.10859545
v 1.01006866 0.22983778 0.03007653
v 1.01072979 0.22983778 0.01004109
v 1.01083994 0.24985696 -0.00206757
v 0.87267429 0.55778092 -0.00206757
v 0.63564050 0.60607463 0.48146671
v 0.87142557 0.54983515 -0.00206757
v 0.63564050 -0.37197608 0.59887064
v 0.63564050 -0.37373030 0.59837127
v 0.72448230 -0.37373030 0.53576839
v 0.79507089 -0.34989303 0.47441375
v 0.80384856 -0.34989303 0.46442723
v 0.77248400 -0.36991221 0.49232706
v 0.78225327 -0.36991221 0.48227814
v 0.81383818 -0.34989303 0.45250586
v 0.82195479 -0.34989303 0.44245693
v 0.83414805 -0.32997704 0.43234560
v 0.83602107 -0.30995786 0.43484223
v 0.76186997 -0.37373030 0.50175184
v 0.89338809 -0.14990757 0.36999232
v 0.89467353 -0.10986923 0.37099099
v 0.89511430 -0.08985004 0.37180239
v 0.89551824 -0.06993404 0.37248895
v 0.86319882 -0.26991951 0.40482026
v 0.85508221 -0.28993869 0.41299674
v 0.89122123 -0.18994595 0.36999232
v 0.89232302 -0.16992678 0.36999232
v 0.88200283 -0.20996515 0.38328686
v 0.88130504 -0.22988112 0.38216338
v 0.87418008 -0.24990033 0.39083916
v 0.88049704 -0.24990033 0.38085264
v 0.84358680 -0.30995786 0.42485571
v 0.90139455 -0.06993404 0.36250246
v 0.90833586 -0.06993404 0.35001931
v 0.92280614 -0.02989566 0.32548994
v 0.92247564 -0.04991485 0.32486579
v 0.91692990 -0.06993404 0.33416572
v 0.92210835 -0.06993404 0.32417920
v 0.93106967 -0.00987649 0.31007326
v 0.93162054 0.01014270 0.31007326
v 0.96735561 0.15007062 0.22999394
v 0.97448057 0.16988342 0.21002093
v 0.94972682 0.03005870 0.27075139
v 0.95703542 0.03005870 0.25246358
v 0.96133244 0.07009707 0.24360058
v 0.93823135 0.01014270 0.29615456
v 0.94267529 0.01014270 0.28616807
v 0.94924933 0.01003951 0.27075139
v 0.96691489 0.11003225 0.22999394
v 0.96662104 0.09001306 0.22999394
v 1.00881994 0.22983778 0.05004954
v 1.00444949 0.28999853 0.09005800
v 1.00687349 0.22983778 0.07002255
v 1.00691020 0.24985696 0.07002255
v 0.97896123 0.18979941 0.19666398
v 0.97888774 0.16988342 0.19635190
v 0.98175240 0.15007062 0.18599090
v 0.99181557 0.16988342 0.15003946
v 0.98164225 0.13005143 0.18561640
v 0.98608619 0.13005143 0.17001247
v 1.00143790 0.24985696 0.10822095
v 1.00140119 0.22983778 0.10790887
v 0.99647981 0.16988342 0.13006644
v 0.99941796 0.18979941 0.11702156
v 1.00132775 0.20981860 0.10753438
v 1.00433934 0.24985696 0.09005800
v 1.00999522 0.20981860 0.03007653
v 1.01065636 0.20981860 0.01004109
v 1.01076651 0.22983778 -0.00206757
v 0.63564050 0.58997673 0.47697282
v 0.86856091 0.52981597 -0.00206757
v 0.63564050 -0.37373030 0.42448121
v 0.79367524 -0.37146008 0.46917084
v 0.80171841 -0.36578459 0.46199304
v 0.76862770 -0.37373030 0.49494851
v 0.78166568 -0.37373030 0.48165399
v 0.82055920 -0.36186326 0.44064689
v 0.83289933 -0.34927392 0.42841339
v 0.84046501 -0.34215367 0.42067385
v 0.84175044 -0.32997704 0.42235908
v 0.89963162 -0.14990757 0.35938168
v 0.89992547 -0.13845332 0.35988098
v 0.90099055 -0.08985004 0.36175346
v 0.86195010 -0.28993869 0.40294781
v 0.87028706 -0.28993869 0.39002776
v 0.87414336 -0.26816523 0.38803047
v 0.88001961 -0.26042587 0.38010365
v 0.85475171 -0.31129938 0.40881488
v 0.86084831 -0.30552065 0.40126258
v 0.88997257 -0.20996515 0.36999232
v 0.89794225 -0.20996515 0.35638571
v 0.89852983 -0.18994595 0.35744676
v 0.89911747 -0.16992678 0.35844544
v 0.88857692 -0.22988112 0.36999232
v 0.88696098 -0.24990033 0.36999232
v 0.90756458 -0.08985004 0.35001931
v 0.92982095 -0.04991485 0.31007326
v 0.91652590 -0.08985004 0.33341673
v 0.92170435 -0.08985004 0.32336780
v 0.92831516 -0.08985004 0.31007326
v 0.92908645 -0.06993404 0.31007326
v 0.93793756 -0.00987649 0.29553041
v 0.93731320 -0.04991485 0.29421967
v 0.97403985 0.13005143 0.21002093
v 0.95681500 0.01003951 0.25183943
v 0.96089172 0.03005870 0.24247709
v 0.96588653 0.05007789 0.22999394
v 0.94241822 -0.00987649 0.28554392
v 0.94814754 -0.02999885 0.27075139
v 0.95655793 -0.00997968 0.25115287
v 0.97378278 0.11003225 0.21002093
v 0.97348893 0.09001306 0.21002093
v 1.00859964 0.18979941 0.05004954
v 1.00426590 0.22983778 0.09005800
v 1.00676322 0.20981860 0.07002255
v 0.97866738 0.13005143 0.19560291
v 0.99159515 0.15007062 0.15003946
v 0.98149538 0.11003225 0.18517949
v 0.98579240 0.11003225 0.17001247
v 0.99133807 0.13005143 0.15003946
v 1.00415564 0.20981860 0.09005800
v 0.99625945 0.15007062 0.13006644
v 0.99930775 0.16988342 0.11645983
v 1.00125432 0.18979941 0.10703506
v 1.00984836 0.18979941 0.03007653
v 1.01072979 0.22189203 -0.00206757
v 1.01050937 0.18979941 0.01004109
v 1.01054609 0.18979941 -0.00206757
v 0.63564050 0.56995755 0.47210437
v 0.86705512 0.51774257 -0.00206757
v 0.83021826 -0.37373030 -0.00206757
v 0.63564050 0.26905063 0.44320592
v 0.79062694 -0.37373030 0.47172987
v 0.80057991 -0.37373030 0.46061990
v 0.81016552 -0.37053138 0.45019647
v 0.83888578 -0.35546541 0.41848931
v 0.81593162 -0.37373030 0.44202003
v 0.81883299 -0.37373030 0.43846232
v 0.82037556 -0.37373030 0.43646502
v 0.82584780 -0.36908668 0.43091002
v 0.83693928 -0.36991221 0.41580543
v 0.84557003 -0.34927392 0.41112426
v 0.85049140 -0.32997704 0.41000077
v 0.90514064 -0.14990757 0.34933275
v 0.90664643 -0.10986923 0.35001931
v 0.86602676 -0.31129938 0.39183781
v 0.87686110 -0.30995786 0.37492317
v 0.87829345 -0.28993869 0.37729496
v 0.87928510 -0.27373761 0.37891775
v 0.88442683 -0.26816523 0.37130305
v 0.85978323 -0.31883234 0.39970219
v 0.90348792 -0.20996515 0.34633678
v 0.90407556 -0.18994595 0.34746027
v 0.89724439 -0.22988112 0.35513741
v 0.90279013 -0.22988112 0.34515089
v 0.90462649 -0.16992678 0.34839651
v 0.89647317 -0.24990033 0.35370183
v 0.91513032 -0.14990757 0.33073285
v 0.92034549 -0.14990757 0.32074636
v 0.92126364 -0.10986923 0.32249400
v 0.93657863 -0.08985004 0.29253447
v 0.93694592 -0.06993404 0.29340827
v 0.92651558 -0.12988840 0.31007326
v 0.94183058 -0.04991485 0.28417075
v 0.94146329 -0.06993404 0.28342178
v 0.96041423 -0.00997968 0.24116635
v 0.97271764 0.05007789 0.21002093
v 0.97312164 0.07009707 0.21002093
v 0.96493161 0.01003951 0.22999394
v 0.94748646 -0.05094677 0.27075139
v 0.95578671 -0.04991485 0.25002939
v 0.95699871 -0.03195950 0.24834415
v 0.95997351 -0.03990526 0.24004287
v 0.97852051 0.11003225 0.19516599
v 0.97837359 0.09001306 0.19466668
v 1.00661635 0.18979941 0.07002255
v 1.00646949 0.16988342 0.07002255
v 1.00841594 0.16988342 0.05004954
v 1.00970137 0.16988342 0.03007653
v 0.98134845 0.09001306 0.18461774
v 0.98116481 0.07009707 0.18399359
v 0.98542511 0.09001306 0.17001247
v 0.99067700 0.09001306 0.15003946
v 0.99596566 0.13005143 0.13006644
v 1.00397205 0.18979941 0.09005800
v 0.99919760 0.15007062 0.11577325
v 1.00378847 0.16988342 0.09005800
v 1.00099719 0.15007062 0.10572433
v 1.01032579 0.16988342 0.01004109
v 1.01036251 0.16988342 -0.00206757
v 0.86610019 0.50979680 -0.00206757
v 0.86400682 0.48988080 -0.00206757
v 0.63564050 0.55014473 0.46798494
v 0.97609651 -0.37373030 -0.00206757
v 0.63564050 0.30991453 0.44464147
v 0.63564050 0.32983053 0.44539046
v 0.63564050 0.34984970 0.44638914
v 0.63564050 0.37069440 0.44751260
v 0.63564050 0.38988808 0.44882333
v 0.85464150 0.32993370 -0.00206757
v 0.84402752 -0.36991221 0.40581894
v 0.83451527 -0.37373030 0.41755307
v 0.83657199 -0.37373030 0.41468197
v 0.84347659 -0.37373030 0.40500751
v 0.85871816 -0.32997704 0.39807940
v 0.85662472 -0.34989303 0.39483377
v 0.86514533 -0.32997704 0.38809288
v 0.87513494 -0.32997704 0.37205204
v 0.88123161 -0.32997704 0.36206552
v 0.88292104 -0.30995786 0.36493665
v 0.88431662 -0.28993869 0.36730844
v 0.89548153 -0.26991951 0.35201660
v 0.91219217 -0.20996515 0.32998386
v 0.91340411 -0.18994595 0.32998386
v 0.91553426 -0.16889484 0.32811141
v 0.91083330 -0.22988112 0.32998386
v 0.90201890 -0.24990033 0.34371531
v 0.90106398 -0.26991951 0.34196767
v 0.92005169 -0.16167144 0.32018462
v 0.92559737 -0.14990757 0.31007326
v 0.93566048 -0.12988840 0.29059958
v 0.93999422 -0.14010437 0.28011376
v 0.94065529 -0.10986923 0.28161171
v 0.94105929 -0.08985004 0.28254795
v 0.94601738 -0.09119153 0.27075139
v 0.94678867 -0.07106915 0.27075139
v 0.96441746 -0.00997968 0.22999394
v 0.97774923 0.03005870 0.19248213
v 0.97796959 0.05007789 0.19329353
v 0.97818995 0.07009707 0.19404252
v 0.97176278 0.01003951 0.21002093
v 0.95512563 -0.06993404 0.25002939
v 0.95982659 -0.04991485 0.23954356
v 0.96338910 -0.04991485 0.22955704
v 1.00621235 0.15007062 0.07002255
v 1.00819564 0.15007062 0.05004954
v 1.00944436 0.15007062 0.03007653
v 1.01010537 0.15007062 0.01004109
v 0.98505783 0.07009707 0.17001247
v 0.98094445 0.05007789 0.18330702
v 0.99530458 0.09001306 0.13006644
v 0.98461711 0.05007789 0.17001247
v 0.98979557 0.05007789 0.15003946
v 0.99905068 0.13005143 0.11496185
v 1.00085032 0.13005143 0.10497534
v 1.00353134 0.15007062 0.09005800
v 1.01010537 0.15007062 -0.00206757
v 0.86290503 0.47791058 -0.00206757
v 0.63564050 0.52847451 0.46405274
v 0.97712487 -0.36991221 -0.00206757
v 0.97609651 -0.37373030 0.01004109
v 0.63564050 0.40990728 0.45025891
v 0.85537606 0.34984970 -0.00206757
v 0.86128902 -0.36495900 0.38210097
v 0.85243791 -0.37373030 0.39177540
v 0.85493529 -0.37094414 0.38921636
v 0.86308861 -0.34989303 0.38484725
v 0.88016653 -0.34081221 0.36031789
v 0.88813621 -0.32997704 0.35001931
v 0.89151508 -0.30995786 0.35001931
v 0.89518774 -0.28983551 0.34839651
v 0.90032947 -0.28302485 0.34065697
v 0.91869277 -0.20996515 0.31737590
v 0.91928041 -0.18994595 0.31862423
v 0.91972113 -0.17498316 0.31943563
v 0.91799498 -0.22988112 0.31606516
v 0.90925401 -0.24990033 0.32998386
v 0.90734422 -0.26991951 0.32998386
v 0.92379779 -0.16889484 0.31175849
v 0.92416507 -0.18994595 0.30870011
v 0.93397105 -0.16992678 0.29003784
v 0.93599105 -0.14805014 0.28804055
v 0.93922299 -0.16992678 0.27830368
v 0.94322616 -0.15372567 0.27075139
v 0.94396073 -0.13804056 0.27075139
v 0.94520938 -0.10997240 0.27075139
v 0.95350963 -0.10997240 0.25002939
v 0.97062427 -0.02999885 0.21002093
v 0.97121191 -0.00997968 0.21002093
v 0.97749215 0.01003951 0.19154589
v 0.98043025 0.01003951 0.18155938
v 0.95945936 -0.06993404 0.23860732
v 0.95909208 -0.08995323 0.23754625
v 0.96999991 -0.04991485 0.21002093
v 0.96302187 -0.06993404 0.22862080
v 0.96933883 -0.06993404 0.21002093
v 1.00591850 0.13005143 0.07002255
v 1.00790179 0.13005143 0.05004954
v 1.00915051 0.13005143 0.03007653
v 1.00981164 0.13005143 0.01004109
v 1.00999522 0.14212486 -0.00206757
v 0.99868345 0.09001306 0.11296454
v 0.99890375 0.11003225 0.11402561
v 0.99486387 0.07009707 0.13006644
v 0.99849975 0.07009707 0.11171624
v 0.98358876 0.01003951 0.17001247
v 0.98928142 0.03005870 0.15003946
v 0.99438643 0.05007789 0.13006644
v 1.00323749 0.13005143 0.09005800
v 1.00066662 0.11003225 0.10403910
v 0.86220717 0.46986163 -0.00206757
v 0.86117887 0.45685947 -0.00206757
v 0.63564050 0.50989997 0.46130645
v 0.97976917 -0.35907710 -0.00206757
v 0.97976917 -0.35897392 0.01004109
v 0.97708815 -0.36991221 0.01004109
v 0.97536200 -0.37373030 0.03007653
v 0.63564050 0.42992646 0.45194411
v 0.85570657 0.35789865 -0.00206757
v 0.87866074 -0.35412389 0.35775885
v 0.87366593 -0.34844834 0.36818227
v 0.85666144 -0.37373030 0.38547140
v 0.86011380 -0.37373030 0.38022849
v 0.86613697 -0.37094414 0.37155271
v 0.88394940 -0.34844834 0.35064346
v 0.89691389 -0.32997704 0.33416572
v 0.89856660 -0.30995786 0.33734894
v 0.89952147 -0.29643977 0.33915898
v 0.90433264 -0.28983551 0.33148184
v 0.92354071 -0.20996515 0.30745181
v 0.92284286 -0.22988112 0.30607867
v 0.91722369 -0.24990033 0.31437996
v 0.91626883 -0.26991951 0.31238264
v 0.93283254 -0.18994595 0.29003784
v 0.93867207 -0.18994595 0.27699295
v 0.94208765 -0.17560230 0.27075139
v 0.94340980 -0.16992678 0.26825476
v 0.95068169 -0.16992678 0.25002939
v 0.95167333 -0.14990757 0.25002939
v 0.95262820 -0.12999161 0.25002939
v 0.94462180 -0.12999161 0.27000239
v 0.97719836 -0.00997968 0.19060965
v 0.97616994 -0.04991485 0.18998550
v 0.97998953 -0.02071162 0.18012382
v 0.95865136 -0.10997240 0.23636034
v 0.96265459 -0.08995323 0.22755975
v 0.96856755 -0.08995323 0.21002093
v 0.97477436 -0.08995323 0.18998550
v 0.97550893 -0.06993404 0.18998550
v 1.00555134 0.11003225 0.07002255
v 1.00753450 0.11003225 0.05004954
v 1.00878322 0.11003225 0.03007653
v 1.00981164 0.13005143 -0.00206757
v 1.00944436 0.11003225 0.01004109
v 1.00048304 0.09001306 0.10297804
v 1.00026262 0.07009707 0.10172972
v 0.99772853 0.03005870 0.11003101
v 0.99853653 0.04935554 0.10847062
v 0.99993211 0.04223531 0.09960759
v 1.00007904 0.05554704 0.10073107
v 0.98300111 -0.00997968 0.17001247
v 0.98873049 0.01003951 0.15003946
v 0.99328458 0.01003951 0.13006644
v 1.00250304 0.09001306 0.09005800
v 0.86059123 0.44870734 -0.00206757
v 0.63564050 0.48988080 0.45849776
v 0.98182589 -0.34906751 -0.00206757
v 0.97940195 -0.35721964 0.03007653
v 0.97635365 -0.36991221 0.03007653
v 0.98178917 -0.34896433 0.01004109
v 0.98145860 -0.34731323 0.03007653
v 0.97510493 -0.37373030 0.03375906
v 0.97499472 -0.36991221 0.05004954
v 0.63564050 0.44994563 0.45381659
v 0.85713893 0.38999128 -0.00206757
v 0.85622072 0.36986887 -0.00206757
v 0.87667751 -0.36991221 0.35426357
v 0.88237011 -0.36991221 0.34427705
v 0.86363953 -0.37373030 0.37442383
v 0.87429029 -0.37373030 0.35651055
v 0.89548153 -0.35020262 0.32898521
v 0.90077019 -0.34380472 0.32155776
v 0.90212905 -0.32997704 0.32417920
v 0.90374506 -0.30995786 0.32736242
v 0.91582811 -0.28983551 0.30857530
v 0.93162054 -0.20996515 0.29003784
v 0.93022496 -0.22988112 0.29003784
v 0.92203492 -0.24990033 0.30439344
v 0.92107999 -0.26991951 0.30239615
v 0.92038220 -0.28323126 0.30089816
v 0.94127965 -0.18994595 0.27075139
v 0.93804771 -0.20996515 0.27549499
v 0.94006771 -0.20996515 0.27075139
v 0.94227129 -0.20996515 0.26550847
v 0.94285893 -0.18994595 0.26694405
v 0.95725572 -0.16992678 0.23242816
v 0.95776993 -0.14990757 0.23386373
v 0.94957989 -0.18994595 0.25002939
v 0.95821065 -0.12999161 0.23511204
v 0.97741866 -0.02845098 0.18805061
v 0.97954881 -0.04991485 0.17837618
v 0.98200953 -0.02845098 0.17163529
v 0.96221387 -0.10997240 0.22637385
v 0.96772283 -0.10997240 0.21002093
v 0.97881430 -0.08995323 0.17575473
v 0.97918159 -0.06993404 0.17712787
v 0.97392964 -0.10997240 0.18998550
v 1.00514734 0.09001306 0.07002255
v 1.00713050 0.09001306 0.05004954
v 1.00837922 0.09001306 0.03007653
v 1.00944436 0.11003225 -0.00206757
v 1.00900364 0.09001306 0.01004109
v 0.99714088 0.01003951 0.11003101
v 1.00125432 0.04935554 0.09180564
v 1.00202560 0.07009707 0.09005800
v 0.99974847 0.03005870 0.09848411
v 0.98219317 -0.04991485 0.16838968
v 0.98748177 -0.02999885 0.15003946
v 0.99266022 -0.00997968 0.13006644
v 0.85941595 0.43147433 -0.00206757
v 0.63564050 0.46934569 0.45600113
v 0.98535162 -0.32997704 -0.00206757
v 0.98535162 -0.32997704 0.01004109
v 0.97874081 -0.35402071 0.05004954
v 0.98469055 -0.32997704 0.03007653
v 0.98079753 -0.34401113 0.05004954
v 0.97396636 -0.37373030 0.05004954
v 0.97297478 -0.36991221 0.07002255
v 0.97198313 -0.37373030 0.07002255
v 0.97359914 -0.37373030 0.05379447
v 0.85816729 0.40990728 -0.00206757
v 0.87623680 -0.37373030 0.35320252
v 0.88189268 -0.37373030 0.34334081
v 0.88729149 -0.37373030 0.33341673
v 0.89011943 -0.36991221 0.32998386
v 0.89933783 -0.35711646 0.31874904
v 0.90910709 -0.32997704 0.31007326
v 0.90444285 -0.35020262 0.31132159
v 0.91237581 -0.30995786 0.31007326
v 0.91953748 -0.29654294 0.29915053
v 0.93734992 -0.22988112 0.27380976
v 0.92860895 -0.24990033 0.29003784
v 0.92669916 -0.26991951 0.29003784
v 0.92379779 -0.28983551 0.29147339
v 0.93918622 -0.22245134 0.27075139
v 0.94153678 -0.22998433 0.26382324
v 0.94697231 -0.22998433 0.25002939
v 0.94836789 -0.20996515 0.25002939
v 0.95666814 -0.18994595 0.23086777
v 0.96026731 -0.18994595 0.22088125
v 0.96081823 -0.16992678 0.22244164
v 0.96133244 -0.14990757 0.22381480
v 0.96177316 -0.12999161 0.22512552
v 0.96684140 -0.12999161 0.21002093
v 0.98145860 -0.08995323 0.16570580
v 0.98182589 -0.06993404 0.16714136
v 0.97841030 -0.10997240 0.17419434
v 0.98105460 -0.10997240 0.16420782
v 0.97304821 -0.12999161 0.18998550
v 0.97800630 -0.12999161 0.17257152
v 1.00411892 0.05007789 0.07002255
v 1.00661635 0.07009707 0.05004954
v 1.00786507 0.07009707 0.03007653
v 1.00900364 0.09001306 -0.00206757
v 1.00848937 0.07009707 0.01004109
v 1.00881994 0.08217049 -0.00206757
v 0.99589217 -0.02999885 0.11003101
v 1.00118089 0.03005870 0.08849759
v 0.99945468 0.01003951 0.09642439
v 0.98682070 -0.04991485 0.15003946
v 0.99199915 -0.02999885 0.13006644
v 0.85868144 0.41888493 -0.00206757
v 0.98847342 -0.30995786 -0.00206757
v 0.98847342 -0.30995786 0.01004109
v 0.98024666 -0.34132814 0.06247026
v 0.97789615 -0.34875792 0.06952323
v 0.98333168 -0.32997704 0.05004954
v 0.98777556 -0.30995786 0.03007653
v 0.98645341 -0.30995786 0.05004954
v 0.97029370 -0.36991221 0.09005800
v 0.97492129 -0.34999621 0.09005800
v 0.96926534 -0.37373030 0.09005800
v 0.89728117 -0.37373030 0.31431752
v 0.89772189 -0.36991221 0.31550345
v 0.90256977 -0.36991221 0.30551693
v 0.91696662 -0.32997704 0.29334587
v 0.91858262 -0.30995786 0.29696599
v 0.91531396 -0.34896433 0.28853986
v 0.92306328 -0.30995786 0.28697947
v 0.93654191 -0.24990033 0.27187487
v 0.93701935 -0.24990033 0.27075139
v 0.93863535 -0.22998433 0.27075139
v 0.93643177 -0.25629818 0.27075139
v 0.93283254 -0.28993869 0.27075139
v 0.93492597 -0.27136421 0.27075139
v 0.93514633 -0.26930034 0.27075139
v 0.93272233 -0.29076421 0.27075139
v 0.94072878 -0.24990033 0.26188836
v 0.94535631 -0.24990033 0.25002939
v 0.95439106 -0.22998433 0.22999394
v 0.95659471 -0.20800449 0.22805905
v 0.95997351 -0.20005874 0.22006986
v 0.96382982 -0.18994595 0.21002093
v 0.96493161 -0.16992678 0.21002093
v 0.96595997 -0.14990757 0.21002093
v 0.98538840 -0.08995323 0.15003946
v 0.98612291 -0.06993404 0.15003946
v 0.98065066 -0.12999161 0.16258502
v 0.97213006 -0.14990757 0.18998550
v 0.97800630 -0.15197141 0.16876417
v 0.97998953 -0.15991719 0.16002597
v 0.98028338 -0.14660545 0.16121186
v 1.00088704 0.01003951 0.08637546
v 1.00353134 0.03005870 0.07002255
v 1.00544107 0.03005870 0.05004954
v 1.00668979 0.03005870 0.03007653
v 1.00793850 0.05007789 0.01004109
v 1.00848937 0.07009707 -0.00206757
v 0.99879360 -0.02999885 0.09186804
v 0.99133807 -0.04991485 0.13006644
v 0.99064028 -0.06993404 0.13006644
v 0.99449658 -0.06993404 0.11003101
v 1.00055647 -0.00997968 0.08419092
v 0.99001592 -0.29788446 -0.00206757
v 0.99100757 -0.28993869 0.01004109
v 0.98138517 -0.33018345 0.06952323
v 0.97947538 -0.33709729 0.07582721
v 0.99030972 -0.28993869 0.03007653
v 0.98898757 -0.28993869 0.05004954
v 0.98700434 -0.28993869 0.07002255
v 0.98443347 -0.30995786 0.07002255
v 0.96691489 -0.36991221 0.11003101
v 0.96595997 -0.37373030 0.10978134
v 0.97154242 -0.34999621 0.11003101
v 0.97855723 -0.33018345 0.09061973
v 0.97536200 -0.32997704 0.11003101
v 0.90209234 -0.37373030 0.30445585
v 0.90973151 -0.36991221 0.29003784
v 0.92034549 -0.34163773 0.28086272
v 0.92141056 -0.32997704 0.28335935
v 0.91891313 -0.35505265 0.27755469
v 0.93011475 -0.30995786 0.27075139
v 0.94021457 -0.26218015 0.26057762
v 0.93617463 -0.26930034 0.26837960
v 0.93951678 -0.27549183 0.25883001
v 0.93863535 -0.28993869 0.25664544
v 0.94304252 -0.26930034 0.25134012
v 0.95090204 -0.26991951 0.22999394
v 0.95277512 -0.24990033 0.22999394
v 0.95894516 -0.22998433 0.21694908
v 0.95953280 -0.21337046 0.21875912
v 0.96232402 -0.20800449 0.21126924
v 0.96882463 -0.20996515 0.18998550
v 0.97003663 -0.18994595 0.18998550
v 0.97113842 -0.16992678 0.18998550
v 0.98990571 -0.08995323 0.13006644
v 0.98458040 -0.10997240 0.15003946
v 0.98373568 -0.12999161 0.15003946
v 0.97675759 -0.16992678 0.17001247
v 0.98211968 -0.16992678 0.14897840
v 0.98226660 -0.15197141 0.15203677
v 0.97565579 -0.18994595 0.17001247
v 0.97918159 -0.18994595 0.15671794
v 0.98160553 -0.18994595 0.14673144
v 1.00022590 -0.02999885 0.08188154
v 1.00290704 0.01003951 0.07002255
v 1.00481677 0.01003951 0.05004954
v 1.00536764 -0.00997968 0.03007653
v 1.00731421 0.03005870 0.01004109
v 1.00705707 0.02211294 -0.00206757
v 1.00790179 0.05007789 -0.00206757
v 0.99765503 -0.06993404 0.09005800
v 0.99376202 -0.08995323 0.11003101
v 0.99100757 -0.28993869 -0.00206757
v 0.99229300 -0.27786529 -0.00206757
v 0.99310100 -0.26991951 0.01004109
v 0.99243987 -0.26991951 0.03007653
v 0.98061389 -0.32378554 0.08431575
v 0.99115443 -0.26991951 0.05004954
v 0.98917121 -0.26991951 0.07002255
v 0.98652691 -0.26991951 0.09005800
v 0.98432326 -0.28993869 0.09005800
v 0.98160553 -0.31037062 0.09061973
v 0.96750247 -0.34999621 0.13006644
v 0.96261787 -0.37053138 0.13037853
v 0.96217716 -0.37373030 0.12875572
v 0.96515197 -0.37373030 0.11402561
v 0.97135878 -0.32997704 0.13006644
v 0.97962230 -0.31738770 0.09767270
v 0.97844702 -0.31037062 0.10990618
v 0.97451729 -0.30995786 0.13006644
v 0.90716064 -0.37373030 0.29347071
v 0.91656262 -0.37373030 0.27231178
v 0.91711354 -0.36991221 0.27331042
v 0.92309999 -0.34886110 0.27075139
v 0.92680937 -0.32997704 0.27075139
v 0.91821533 -0.36991221 0.27075139
v 0.92137384 -0.36991221 0.26332393
v 0.93727648 -0.30995786 0.25315017
v 0.94252837 -0.28993869 0.24665894
v 0.95721900 -0.26991951 0.21164374
v 0.95813721 -0.24990033 0.21451485
v 0.94866168 -0.28993869 0.22999394
v 0.96221387 -0.22998433 0.20696256
v 0.96742904 -0.22998433 0.18998550
v 0.97444379 -0.20996515 0.17001247
v 0.98828977 -0.12999161 0.13006644
v 0.98744506 -0.14990757 0.13006644
v 0.98645341 -0.16992678 0.13006644
v 0.97855723 -0.20996515 0.15422131
v 0.98098117 -0.20996515 0.14417239
v 0.98535162 -0.18994595 0.13006644
v 1.00000560 -0.04155633 0.08044598
v 1.00158477 -0.02999885 0.07002255
v 1.00415564 -0.00997968 0.05004954
v 1.00466990 -0.02999885 0.03007653
v 1.00665307 0.01003951 0.01004109
v 1.00595534 -0.00997968 -0.00206757
v 0.99614930 -0.10997240 0.09005800
v 0.99978518 -0.05486806 0.07844867
v 0.99214607 -0.12999161 0.11003101
v 0.99310100 -0.26991951 -0.00206757
v 0.99416602 -0.25784606 -0.00206757
v 0.99486387 -0.24990033 0.01004109
v 0.99423951 -0.24990033 0.03007653
v 0.99295408 -0.24990033 0.05004954
v 0.99100757 -0.24990033 0.07002255
v 0.98839998 -0.24990033 0.09005800
v 0.98322153 -0.26991951 0.11003101
v 0.98120153 -0.28870040 0.10990618
v 0.98054045 -0.30407596 0.10316528
v 0.96261787 -0.35030580 0.15066361
v 0.96103859 -0.36423671 0.14448446
v 0.96673125 -0.32997704 0.15003946
v 0.96114880 -0.37373030 0.13343689
v 0.96992648 -0.30995786 0.15003946
v 0.97932845 -0.29458231 0.11652224
v 0.98013645 -0.28127056 0.12076651
v 0.97756559 -0.28870040 0.12844364
v 0.97253406 -0.28993869 0.15003946
v 0.92089635 -0.37373030 0.26220044
v 0.93129003 -0.34999621 0.25002939
v 0.93595433 -0.32904834 0.24853140
v 0.94028807 -0.32172173 0.24085428
v 0.92427522 -0.37373030 0.25371191
v 0.92666245 -0.36991221 0.25002939
v 0.94116950 -0.30995786 0.24316366
v 0.94601738 -0.30995786 0.22999394
v 0.96048772 -0.26991951 0.20165724
v 0.95641106 -0.28797805 0.20802364
v 0.95997351 -0.28003228 0.20003442
v 0.96140587 -0.24990033 0.20446593
v 0.95288527 -0.30995786 0.21002093
v 0.96581304 -0.24990033 0.18998550
v 0.97304821 -0.22998433 0.17001247
v 0.99038321 -0.16992678 0.11003101
v 0.99130136 -0.14990757 0.11003101
v 0.97822666 -0.23163541 0.14916565
v 0.98043025 -0.22606306 0.14192542
v 0.98413968 -0.20996515 0.13006644
v 0.98810613 -0.20996515 0.11003101
v 0.98928142 -0.18994595 0.11003101
v 0.99952811 -0.06993404 0.07595205
v 1.00059319 -0.06993404 0.06596553
v 1.00345790 -0.02999885 0.05004954
v 1.00525749 -0.02999885 0.01004109
v 1.00022590 -0.12999161 0.04330865
v 1.00000560 -0.14072354 0.04049993
v 1.00320077 -0.06993404 0.03007653
v 1.00522077 -0.02999885 -0.00206757
v 0.99534130 -0.12999161 0.09005800
v 0.99787545 -0.12999161 0.07002255
v 0.99486387 -0.24990033 -0.00206757
v 0.99636960 -0.22998433 0.01004109
v 0.99578202 -0.22998433 0.03007653
v 0.99449658 -0.22998433 0.05004954
v 0.99258679 -0.22998433 0.07002255
v 0.98997921 -0.22998433 0.09005800
v 0.98671055 -0.22998433 0.11003101
v 0.98509455 -0.24990033 0.11003101
v 0.95942265 -0.35721964 0.15777901
v 0.96081823 -0.34401113 0.16320917
v 0.95791686 -0.37053138 0.15066361
v 0.95857793 -0.37373030 0.14467171
v 0.95982659 -0.37373030 0.13936637
v 0.96180987 -0.32873875 0.16995007
v 0.96478474 -0.30995786 0.17001247
v 0.98068738 -0.26991951 0.12345038
v 0.97855723 -0.26991951 0.13343689
v 0.96739233 -0.28993869 0.17001247
v 0.97470093 -0.26991951 0.15003946
v 0.96959591 -0.26991951 0.17001247
v 0.94010442 -0.36052179 0.22038195
v 0.93757027 -0.34999621 0.23348923
v 0.93907607 -0.33513665 0.23760867
v 0.94271201 -0.32904834 0.23055568
v 0.93169403 -0.37373030 0.23398855
v 0.93525648 -0.36826116 0.22824630
v 0.94965333 -0.32997704 0.21002093
v 0.96397674 -0.26991951 0.18998550
v 0.95916557 -0.29334402 0.19735055
v 0.96188331 -0.28797805 0.19042240
v 0.95806372 -0.30995786 0.19360560
v 0.97143221 -0.24990033 0.17001247
v 0.97653723 -0.24990033 0.15003946
v 0.99251336 -0.18994595 0.09005800
v 0.99357843 -0.16992678 0.09005800
v 0.99449658 -0.14990757 0.09005800
v 0.97991610 -0.23937477 0.13980329
v 0.98219317 -0.23163541 0.13193892
v 0.99133807 -0.20996515 0.09005800
v 0.99916089 -0.08995323 0.07245676
v 1.00000560 -0.10099472 0.06041053
v 1.00125432 -0.08995323 0.05004954
v 1.00452292 -0.04991485 0.01004109
v 1.00051975 -0.10863091 0.05036160
v 0.99945468 -0.12999161 0.05329517
v 1.00088704 -0.12999161 0.03007653
v 0.99908739 -0.14846291 0.04830191
v 0.99798560 -0.16992678 0.05004954
v 0.99699402 -0.18994595 0.05004954
v 0.99934447 -0.16837890 0.02851614
v 0.99971175 -0.15403526 0.03419596
v 1.00000560 -0.16063951 0.02090141
v 1.00018919 -0.14846291 0.02851614
v 1.00301719 -0.08995323 0.01004109
v 1.00448620 -0.04991485 -0.00206757
v 0.99974847 -0.11440964 0.05728975
v 0.99703074 -0.14990757 0.07002255
v 0.99633288 -0.22998433 -0.00206757
v 0.99765503 -0.20996515 0.01004109
v 0.99706745 -0.20996515 0.03007653
v 0.99581873 -0.20996515 0.05004954
v 0.99390894 -0.20996515 0.07002255
v 0.98160553 -0.24990033 0.12775706
v 0.95765972 -0.35030580 0.16995007
v 0.95310563 -0.36991221 0.17001247
v 0.95901865 -0.33462071 0.17650372
v 0.95710886 -0.37373030 0.15060121
v 0.96019387 -0.32130897 0.18081039
v 0.96100187 -0.30995786 0.18361910
v 0.97947538 -0.24990033 0.13774358
v 0.95204055 -0.34999621 0.18998550
v 0.94572359 -0.34999621 0.21002093
v 0.94124293 -0.34999621 0.22344030
v 0.93367726 -0.37373030 0.22868322
v 0.93848842 -0.37373030 0.21520144
v 0.94183058 -0.36826116 0.20920953
v 0.95659471 -0.32873875 0.18848751
v 0.99508423 -0.18994595 0.07002255
v 0.99611259 -0.16992678 0.07002255
v 1.00419235 -0.05786061 -0.00206757
v 0.99816924 -0.18994595 0.03007653
v 0.99875689 -0.18994595 0.01004109
v 0.99963832 -0.17230017 0.01004109
v 1.00007904 -0.16229059 0.01004109
v 1.00143790 -0.12999161 0.01004109
v 1.00342119 -0.07787980 -0.00206757
v 1.00140119 -0.12999161 -0.00206757
v 0.99758160 -0.20996515 -0.00206757
v 0.94741303 -0.36991221 0.18998550
v 0.94645810 -0.37373030 0.18992308
v 0.95211405 -0.37373030 0.17001247
v 0.94135314 -0.37373030 0.20640081
v 0.94535631 -0.37373030 0.19366802
v 0.99868345 -0.18994595 -0.00206757
v 1.00007904 -0.16239379 -0.00206757
f 1 2 3
f 1 3 4
f 1 4 11
f 1 11 20
f 1 20 33
f 1 33 48
f 1 48 72
f 1 72 95
f 1 95 97
f 1 97 126
f 1 126 158
f 1 158 191
f 1 191 229
f 1 229 275
f 1 275 327
f 1 327 389
f 1 389 461
f 1 461 531
f 1 531 609
f 1 609 692
f 1 692 787
f 1 787 788
f 1 788 872
f 1 872 874
f 1 874 958
f 1 958 1036
f 1 1036 1113
f 1 1113 1189
f 1 1189 1270
f 1 1270 1351
f 1 1351 1425
f 1 1425 1489
f 1 1489 1548
f 1 1548 1612
f 1 1612 1668
f 1 1668 1722
f 1 1722 1775
f 1 1775 1830
f 1 1830 1783
f 1 1783 1727
f 1 1727 1671
f 1 1671 1618
f 1 1618 1617
f 1 1617 1616
f 1 1616 1615
f 1 1615 1614
f 1 1614 1551
f 1 1551 1491
f 1 1491 1428
f 1 1428 1427
f 1 1427 1352
f 1 1352 1271
f 1 1271 1191
f 1 1191 1115
f 1 1115 1037
f 1 1037 960
f 1 960 875
f 1 875 790
f 1 790 696
f 1 696 695
f 1 695 694
f 1 694 612
f 1 612 611
f 1 611 532
f 1 532 462
f 1 462 393
f 1 393 392
f 1 392 390
f 1 390 328
f 1 328 277
f 1 277 276
f 1 276 230
f 1 230 192
f 1 192 159
f 1 159 127
f 1 127 98
f 1 98 73
f 1 73 49
f 1 49 34
f 1 34 21
f 1 21 12
f 1 12 5
f 1 5 8
f 1 8 2
f 2 6 7
f 2 7 3
f 2 8 16
f 2 16 6
f 3 9 10
f 3 10 4
f 3 7 9
f 4 10 11
f 5 12 22
f 5 22 13
f 5 13 8
f 6 14 15
f 6 15 7
f 6 16 24
f 6 24 14
f 7 15 9
f 8 13 17
f 8 17 16
f 9 15 18
f 9 18 10
f 10 18 19
f 10 19 11
f 11 19 20
f 12 21 22
f 13 22 23
f 13 23 17
f 14 24 40
f 14 40 25
f 14 25 15
f 15 25 26
f 15 26 18
f 16 17 27
f 16 27 24
f 17 23 27
f 18 26 19
f 19 26 28
f 19 28 29
f 19 29 30
f 19 30 31
f 19 31 32
f 19 32 20
f 20 32 31
f 20 31 33
f 21 34 22
f 22 34 35
f 22 35 36
f 22 36 23
f 23 36 37
f 23 37 38
f 23 38 27
f 24 27 39
f 24 39 40
f 25 41 42
f 25 42 43
f 25 43 28
f 25 28 26
f 25 40 59
f 25 59 41
f 27 38 57
f 27 57 39
f 28 43 29
f 29 44 45
f 29 45 31
f 29 31 30
f 29 43 44
f 31 45 46
f 31 46 47
f 31 47 48
f 31 48 33
f 34 49 35
f 35 50 51
f 35 51 36
f 35 49 52
f 35 52 50
f 36 51 53
f 36 53 54
f 36 54 37
f 37 55 57
f 37 57 38
f 37 54 56
f 37 56 55
f 39 58 59
f 39 59 40
f 39 57 60
f 39 60 58
f 41 59 82
f 41 82 61
f 41 61 62
f 41 62 42
f 42 62 43
f 43 62 63
f 43 63 64
f 43 64 44
f 44 65 45
f 44 64 66
f 44 66 65
f 45 65 67
f 45 67 68
f 45 68 69
f 45 69 70
f 45 70 46
f 46 70 69
f 46 69 71
f 46 71 47
f 47 71 72
f 47 72 48
f 49 73 52
f 50 52 74
f 50 74 75
f 50 75 51
f 51 75 53
f 52 73 76
f 52 76 77
f 52 77 74
f 53 78 56
f 53 56 54
f 53 75 78
f 55 60 57
f 55 56 79
f 55 79 60
f 56 78 80
f 56 80 79
f 58 60 81
f 58 81 82
f 58 82 59
f 60 79 83
f 60 83 81
f 61 82 110
f 61 110 84
f 61 84 62
f 62 85 86
f 62 86 63
f 62 84 85
f 63 86 64
f 64 86 87
f 64 87 88
f 64 88 89
f 64 89 90
f 64 90 65
f 64 65 66
f 65 90 89
f 65 89 91
f 65 91 67
f 67 92 93
f 67 93 68
f 67 91 92
f 68 93 69
f 69 93 94
f 69 94 71
f 71 95 72
f 71 94 96
f 71 96 97
f 71 97 95
f 73 98 76
f 74 77 99
f 74 99 75
f 75 99 100
f 75 100 101
f 75 101 102
f 75 102 78
f 76 98 103
f 76 103 104
f 76 104 105
f 76 105 77
f 77 105 99
f 78 102 106
f 78 106 80
f 79 80 107
f 79 107 83
f 80 106 107
f 81 83 108
f 81 108 109
f 81 109 110
f 81 110 82
f 83 107 111
f 83 111 108
f 84 110 140
f 84 140 112
f 84 112 114
f 84 114 113
f 84 113 85
f 85 113 87
f 85 87 86
f 87 113 114
f 87 114 88
f 88 115 89
f 88 114 115
f 89 115 116
f 89 116 91
f 91 116 117
f 91 117 118
f 91 118 119
f 91 119 120
f 91 120 121
f 91 121 92
f 92 121 120
f 92 120 93
f 93 120 122
f 93 122 123
f 93 123 124
f 93 124 94
f 94 124 125
f 94 125 96
f 96 125 126
f 96 126 97
f 98 127 103
f 99 105 104
f 99 104 128
f 99 128 129
f 99 129 100
f 100 130 131
f 100 131 101
f 100 129 130
f 101 131 106
f 101 106 102
f 103 132 104
f 103 127 133
f 103 133 132
f 104 132 128
f 106 134 135
f 106 135 107
f 106 131 136
f 106 136 134
f 107 135 111
f 108 111 137
f 108 137 138
f 108 138 139
f 108 139 109
f 109 139 110
f 110 139 140
f 111 141 137
f 111 135 142
f 111 142 143
f 111 143 144
f 111 144 141
f 112 140 145
f 112 145 114
f 114 146 115
f 114 145 146
f 115 146 147
f 115 147 148
f 115 148 117
f 115 117 116
f 117 149 118
f 117 148 150
f 117 150 149
f 118 149 151
f 118 151 152
f 118 152 153
f 118 153 119
f 119 153 120
f 120 153 122
f 122 153 154
f 122 154 155
f 122 155 123
f 123 155 156
f 123 156 124
f 124 156 125
f 125 156 157
f 125 157 158
f 125 158 126
f 127 159 160
f 127 160 133
f 128 132 161
f 128 161 129
f 129 162 195
f 129 195 163
f 129 163 164
f 129 164 130
f 129 161 162
f 130 136 131
f 130 164 136
f 132 133 160
f 132 160 165
f 132 165 166
f 132 166 161
f 134 136 167
f 134 167 135
f 135 167 142
f 136 164 168
f 136 168 169
f 136 169 167
f 137 141 174
f 137 174 170
f 137 170 138
f 138 170 171
f 138 171 172
f 138 172 139
f 139 172 173
f 139 173 140
f 140 173 145
f 141 144 174
f 142 167 143
f 143 175 174
f 143 174 144
f 143 167 176
f 143 176 175
f 145 173 177
f 145 177 178
f 145 178 146
f 146 178 180
f 146 180 147
f 147 179 150
f 147 150 148
f 147 180 214
f 147 214 179
f 149 181 151
f 149 150 181
f 150 179 215
f 150 215 182
f 150 182 181
f 151 181 183
f 151 183 184
f 151 184 185
f 151 185 186
f 151 186 152
f 152 186 153
f 153 186 187
f 153 187 154
f 154 187 188
f 154 188 155
f 155 188 189
f 155 189 156
f 156 189 157
f 157 190 191
f 157 191 158
f 157 189 190
f 159 192 193
f 159 193 160
f 160 193 165
f 161 166 194
f 161 194 162
f 162 194 196
f 162 196 195
f 163 168 164
f 163 195 200
f 163 200 168
f 165 193 231
f 165 231 197
f 165 197 198
f 165 198 166
f 166 199 194
f 166 198 199
f 167 169 176
f 168 200 201
f 168 201 202
f 168 202 169
f 169 202 203
f 169 203 176
f 170 174 204
f 170 204 205
f 170 205 171
f 171 205 206
f 171 206 172
f 172 206 207
f 172 207 177
f 172 177 173
f 174 208 204
f 174 175 209
f 174 209 208
f 175 176 210
f 175 210 247
f 175 247 209
f 176 211 210
f 176 203 211
f 177 212 213
f 177 213 180
f 177 180 178
f 177 207 212
f 179 214 252
f 179 252 215
f 180 213 216
f 180 216 214
f 181 182 183
f 182 215 217
f 182 217 218
f 182 218 183
f 183 219 184
f 183 218 220
f 183 220 219
f 184 219 221
f 184 221 222
f 184 222 223
f 184 223 185
f 185 223 186
f 186 223 224
f 186 224 187
f 187 224 225
f 187 225 188
f 188 225 226
f 188 226 189
f 189 226 227
f 189 227 190
f 190 227 228
f 190 228 229
f 190 229 191
f 192 230 193
f 193 230 231
f 194 199 196
f 195 196 200
f 196 199 232
f 196 232 280
f 196 280 233
f 196 233 200
f 197 231 278
f 197 278 234
f 197 234 235
f 197 235 198
f 198 235 236
f 198 236 237
f 198 237 238
f 198 238 199
f 199 238 232
f 200 233 201
f 201 203 202
f 201 233 239
f 201 239 240
f 201 240 241
f 201 241 203
f 203 242 243
f 203 243 211
f 203 241 244
f 203 244 242
f 204 208 245
f 204 245 246
f 204 246 205
f 205 246 206
f 206 246 212
f 206 212 207
f 208 209 245
f 209 247 248
f 209 248 249
f 209 249 245
f 210 211 250
f 210 250 247
f 211 243 291
f 211 291 250
f 212 216 213
f 212 246 251
f 212 251 216
f 214 216 252
f 215 252 255
f 215 255 217
f 216 253 252
f 216 251 254
f 216 254 253
f 217 255 256
f 217 256 218
f 218 256 220
f 219 257 221
f 219 220 259
f 219 259 257
f 220 256 258
f 220 258 259
f 221 257 260
f 221 260 261
f 221 261 262
f 221 262 263
f 221 263 264
f 221 264 222
f 222 264 223
f 223 264 265
f 223 265 266
f 223 266 224
f 224 266 267
f 224 267 225
f 225 267 268
f 225 268 226
f 226 268 269
f 226 269 270
f 226 270 271
f 226 271 227
f 227 271 272
f 227 272 228
f 228 272 273
f 228 273 274
f 228 274 275
f 228 275 229
f 230 276 231
f 231 276 277
f 231 277 278
f 232 238 279
f 232 279 280
f 233 280 281
f 233 281 239
f 234 278 329
f 234 329 282
f 234 282 235
f 235 282 283
f 235 283 236
f 236 283 284
f 236 284 285
f 236 285 286
f 236 286 287
f 236 287 237
f 237 287 279
f 237 279 238
f 239 281 240
f 240 244 241
f 240 281 288
f 240 288 289
f 240 289 244
f 242 290 291
f 242 291 243
f 242 244 290
f 244 289 290
f 245 292 246
f 245 249 293
f 245 293 292
f 246 292 251
f 247 250 248
f 248 294 295
f 248 295 293
f 248 293 249
f 248 250 296
f 248 296 294
f 250 291 296
f 251 292 254
f 252 253 255
f 253 254 297
f 253 297 255
f 254 292 298
f 254 298 299
f 254 299 300
f 254 300 297
f 255 297 301
f 255 301 302
f 255 302 256
f 256 302 303
f 256 303 258
f 257 259 260
f 258 304 305
f 258 305 259
f 258 303 306
f 258 306 307
f 258 307 304
f 259 305 260
f 260 308 261
f 260 305 309
f 260 309 308
f 261 310 311
f 261 311 312
f 261 312 262
f 261 308 309
f 261 309 313
f 261 313 314
f 261 314 315
f 261 315 310
f 262 312 316
f 262 316 264
f 262 264 263
f 264 316 265
f 265 316 317
f 265 317 318
f 265 318 266
f 266 318 267
f 267 318 319
f 267 319 268
f 268 319 320
f 268 320 321
f 268 321 270
f 268 270 269
f 270 321 322
f 270 322 323
f 270 323 271
f 271 323 324
f 271 324 272
f 272 324 273
f 273 325 326
f 273 326 327
f 273 327 274
f 273 324 325
f 274 327 275
f 277 328 329
f 277 329 278
f 279 287 280
f 280 287 330
f 280 330 391
f 280 391 331
f 280 331 281
f 281 331 288
f 282 329 332
f 282 332 333
f 282 333 334
f 282 334 283
f 283 334 335
f 283 335 284
f 284 335 285
f 285 335 336
f 285 336 337
f 285 337 338
f 285 338 339
f 285 339 340
f 285 340 286
f 286 340 287
f 287 340 330
f 288 331 289
f 289 341 342
f 289 342 343
f 289 343 290
f 289 331 344
f 289 344 345
f 289 345 341
f 290 346 291
f 290 343 347
f 290 347 348
f 290 348 346
f 291 346 296
f 292 349 298
f 292 293 350
f 292 350 349
f 293 295 351
f 293 351 350
f 294 352 351
f 294 351 295
f 294 296 353
f 294 353 354
f 294 354 352
f 296 346 355
f 296 355 353
f 297 300 358
f 297 358 356
f 297 356 301
f 298 349 357
f 298 357 299
f 299 358 300
f 299 357 358
f 301 356 359
f 301 359 302
f 302 359 303
f 303 359 363
f 303 363 306
f 304 307 360
f 304 360 361
f 304 361 305
f 305 362 309
f 305 361 362
f 306 363 364
f 306 364 360
f 306 360 307
f 309 362 365
f 309 365 366
f 309 366 367
f 309 367 314
f 309 314 313
f 310 315 368
f 310 368 369
f 310 369 370
f 310 370 371
f 310 371 372
f 310 372 373
f 310 373 374
f 310 374 375
f 310 375 311
f 311 375 376
f 311 376 312
f 312 376 375
f 312 375 316
f 314 367 315
f 315 367 377
f 315 377 378
f 315 378 368
f 316 375 379
f 316 379 380
f 316 380 317
f 317 380 381
f 317 381 318
f 318 381 319
f 319 381 382
f 319 382 383
f 319 383 384
f 319 384 320
f 320 384 321
f 321 384 385
f 321 385 322
f 322 386 387
f 322 387 324
f 322 324 323
f 322 385 386
f 324 387 325
f 325 387 326
f 326 387 388
f 326 388 389
f 326 389 327
f 328 390 332
f 328 332 329
f 330 340 391
f 331 391 344
f 332 390 392
f 332 392 393
f 332 393 394
f 332 394 333
f 333 394 395
f 333 395 396
f 333 396 397
f 333 397 398
f 333 398 334
f 334 398 399
f 334 399 335
f 335 399 400
f 335 400 401
f 335 401 336
f 336 401 402
f 336 402 337
f 337 402 403
f 337 403 404
f 337 404 338
f 338 404 405
f 338 405 339
f 339 405 340
f 340 405 406
f 340 406 391
f 341 407 342
f 341 345 407
f 342 408 409
f 342 409 343
f 342 407 410
f 342 410 408
f 343 409 347
f 344 391 411
f 344 411 345
f 345 411 412
f 345 412 413
f 345 413 414
f 345 414 415
f 345 415 407
f 346 416 355
f 346 348 417
f 346 417 416
f 347 418 348
f 347 409 418
f 348 418 417
f 349 350 357
f 350 351 419
f 350 419 420
f 350 420 357
f 351 352 419
f 352 354 421
f 352 421 422
f 352 422 419
f 353 355 354
f 354 355 416
f 354 416 423
f 354 423 487
f 354 487 424
f 354 424 421
f 356 425 359
f 356 358 425
f 357 426 427
f 357 427 358
f 357 420 426
f 358 427 428
f 358 428 425
f 359 425 429
f 359 429 363
f 360 430 361
f 360 364 431
f 360 431 430
f 361 430 432
f 361 432 365
f 361 365 362
f 363 429 433
f 363 433 364
f 364 433 434
f 364 434 431
f 365 432 435
f 365 435 366
f 366 435 436
f 366 436 367
f 367 436 448
f 367 448 377
f 368 378 369
f 369 378 437
f 369 437 438
f 369 438 370
f 370 438 439
f 370 439 371
f 371 440 372
f 371 439 441
f 371 441 440
f 372 440 442
f 372 442 443
f 372 443 444
f 372 444 445
f 372 445 446
f 372 446 373
f 373 446 374
f 374 446 445
f 374 445 447
f 374 447 375
f 375 447 379
f 377 448 449
f 377 449 378
f 378 449 437
f 379 450 451
f 379 451 380
f 379 447 450
f 380 451 381
f 381 451 452
f 381 452 382
f 382 452 453
f 382 453 454
f 382 454 383
f 383 454 384
f 384 454 455
f 384 455 385
f 385 455 456
f 385 456 386
f 386 457 388
f 386 388 387
f 386 456 458
f 386 458 457
f 388 457 459
f 388 459 460
f 388 460 461
f 388 461 389
f 391 406 411
f 393 462 395
f 393 395 394
f 395 462 463
f 395 463 464
f 395 464 396
f 396 464 397
f 397 464 465
f 397 465 466
f 397 466 467
f 397 467 400
f 397 400 399
f 397 399 398
f 400 467 401
f 401 468 402
f 401 467 466
f 401 466 469
f 401 469 470
f 401 470 468
f 402 468 471
f 402 471 403
f 403 471 472
f 403 472 473
f 403 473 404
f 404 473 405
f 405 473 412
f 405 412 411
f 405 411 406
f 407 415 414
f 407 414 474
f 407 474 475
f 407 475 410
f 408 410 478
f 408 478 476
f 408 476 418
f 408 418 409
f 410 475 477
f 410 477 478
f 412 473 479
f 412 479 413
f 413 479 414
f 414 480 474
f 414 479 481
f 414 481 480
f 416 417 482
f 416 482 423
f 417 418 483
f 417 483 482
f 418 476 483
f 419 484 420
f 419 422 485
f 419 485 484
f 420 484 426
f 421 424 486
f 421 486 485
f 421 485 422
f 423 482 556
f 423 556 487
f 424 487 560
f 424 560 488
f 424 488 486
f 425 428 491
f 425 491 489
f 425 489 429
f 426 490 427
f 426 484 490
f 427 490 428
f 428 490 491
f 429 489 433
f 430 492 432
f 430 431 493
f 430 493 492
f 431 434 494
f 431 494 493
f 432 492 435
f 433 489 491
f 433 491 495
f 433 495 496
f 433 496 497
f 433 497 434
f 434 497 494
f 435 492 498
f 435 498 436
f 436 498 514
f 436 514 448
f 437 449 499
f 437 499 500
f 437 500 438
f 438 500 501
f 438 501 439
f 439 501 441
f 440 441 502
f 440 502 503
f 440 503 442
f 441 504 502
f 441 501 505
f 441 505 504
f 442 503 502
f 442 502 506
f 442 506 507
f 442 507 443
f 443 507 508
f 443 508 509
f 443 509 510
f 443 510 511
f 443 511 444
f 444 511 510
f 444 510 445
f 445 510 512
f 445 512 447
f 447 512 513
f 447 513 450
f 448 514 449
f 449 514 515
f 449 515 516
f 449 516 499
f 450 513 452
f 450 452 451
f 452 517 453
f 452 513 518
f 452 518 517
f 453 519 520
f 453 520 454
f 453 517 519
f 454 520 521
f 454 521 456
f 454 456 455
f 456 521 522
f 456 522 458
f 457 523 459
f 457 458 522
f 457 522 524
f 457 524 525
f 457 525 523
f 459 526 460
f 459 523 527
f 459 527 526
f 460 526 528
f 460 528 529
f 460 529 530
f 460 530 461
f 461 530 531
f 462 532 463
f 463 532 533
f 463 533 464
f 464 533 534
f 464 534 535
f 464 535 465
f 465 535 466
f 466 535 536
f 466 536 469
f 468 537 471
f 468 470 542
f 468 542 537
f 469 536 538
f 469 538 539
f 469 539 470
f 470 539 540
f 470 540 541
f 470 541 542
f 471 537 543
f 471 543 472
f 472 544 545
f 472 545 546
f 472 546 479
f 472 479 473
f 472 543 544
f 474 480 475
f 475 480 547
f 475 547 548
f 475 548 549
f 475 549 477
f 476 478 551
f 476 551 550
f 476 550 483
f 477 551 478
f 477 549 552
f 477 552 551
f 479 546 481
f 480 548 547
f 480 481 553
f 480 553 554
f 480 554 548
f 481 546 545
f 481 545 555
f 481 555 553
f 482 483 550
f 482 550 556
f 484 485 557
f 484 557 558
f 484 558 490
f 485 486 557
f 486 559 557
f 486 488 561
f 486 561 559
f 487 556 560
f 488 560 561
f 490 558 562
f 490 562 491
f 491 563 564
f 491 564 495
f 491 562 563
f 492 493 565
f 492 565 566
f 492 566 498
f 493 494 567
f 493 567 565
f 494 497 567
f 495 564 496
f 496 564 563
f 496 563 568
f 496 568 569
f 496 569 570
f 496 570 571
f 496 571 497
f 497 571 572
f 497 572 573
f 497 573 567
f 498 566 592
f 498 592 514
f 499 516 500
f 500 574 501
f 500 516 575
f 500 575 576
f 500 576 574
f 501 574 576
f 501 576 505
f 502 504 577
f 502 577 578
f 502 578 579
f 502 579 507
f 502 507 506
f 504 505 580
f 504 580 577
f 505 581 580
f 505 576 582
f 505 582 581
f 507 583 508
f 507 579 583
f 508 583 584
f 508 584 585
f 508 585 586
f 508 586 587
f 508 587 588
f 508 588 589
f 508 589 509
f 509 589 510
f 510 588 590
f 510 590 512
f 510 589 588
f 512 590 591
f 512 591 513
f 513 591 518
f 514 592 593
f 514 593 515
f 515 593 594
f 515 594 516
f 516 594 575
f 517 518 591
f 517 591 595
f 517 595 596
f 517 596 519
f 519 596 597
f 519 597 598
f 519 598 524
f 519 524 520
f 520 524 521
f 521 524 522
f 523 525 527
f 524 598 599
f 524 599 525
f 525 600 527
f 525 599 600
f 526 527 601
f 526 601 528
f 527 600 601
f 528 602 529
f 528 601 603
f 528 603 604
f 528 604 605
f 528 605 606
f 528 606 607
f 528 607 602
f 529 602 608
f 529 608 686
f 529 686 691
f 529 691 785
f 529 785 786
f 529 786 871
f 529 871 957
f 529 957 1034
f 529 1034 1110
f 529 1110 1112
f 529 1112 1188
f 529 1188 1187
f 529 1187 1266
f 529 1266 1348
f 529 1348 1349
f 529 1349 1423
f 529 1423 1488
f 529 1488 1545
f 529 1545 1547
f 529 1547 1609
f 529 1609 1666
f 529 1666 1710
f 529 1710 1762
f 529 1762 1820
f 529 1820 1873
f 529 1873 1875
f 529 1875 1927
f 529 1927 1980
f 529 1980 1979
f 529 1979 2027
f 529 2027 2079
f 529 2079 2136
f 529 2136 2161
f 529 2161 2167
f 529 2167 2168
f 529 2168 2176
f 529 2176 2175
f 529 2175 2169
f 529 2169 2139
f 529 2139 2082
f 529 2082 2032
f 529 2032 2031
f 529 2031 1984
f 529 1984 1983
f 529 1983 1933
f 529 1933 1882
f 529 1882 1831
f 529 1831 1776
f 529 1776 1723
f 529 1723 1669
f 529 1669 1613
f 529 1613 1550
f 529 1550 1619
f 529 1619 1672
f 529 1672 1728
f 529 1728 1785
f 529 1785 1784
f 529 1784 1840
f 529 1840 1881
f 529 1881 1829
f 529 1829 1774
f 529 1774 1721
f 529 1721 1720
f 529 1720 1667
f 529 1667 1611
f 529 1611 1610
f 529 1610 1549
f 529 1549 1490
f 529 1490 1426
f 529 1426 1424
f 529 1424 1350
f 529 1350 1269
f 529 1269 1268
f 529 1268 1190
f 529 1190 1114
f 529 1114 1035
f 529 1035 959
f 529 959 873
f 529 873 789
f 529 789 693
f 529 693 610
f 529 610 530
f 530 609 531
f 530 610 609
f 532 611 533
f 533 611 612
f 533 612 613
f 533 613 614
f 533 614 534
f 534 614 615
f 534 615 535
f 535 615 538
f 535 538 536
f 537 542 543
f 538 615 616
f 538 616 617
f 538 617 539
f 539 617 618
f 539 618 619
f 539 619 540
f 540 619 541
f 541 619 620
f 541 620 621
f 541 621 622
f 541 622 542
f 542 622 543
f 543 622 708
f 543 708 623
f 543 623 544
f 544 624 545
f 544 623 625
f 544 625 624
f 545 624 555
f 548 626 627
f 548 627 552
f 548 552 549
f 548 554 628
f 548 628 629
f 548 629 626
f 550 630 631
f 550 631 556
f 550 551 633
f 550 633 632
f 550 632 630
f 551 552 633
f 552 627 633
f 553 634 554
f 553 555 624
f 553 624 635
f 553 635 634
f 554 634 636
f 554 636 628
f 556 631 560
f 557 637 562
f 557 562 558
f 557 559 638
f 557 638 639
f 557 639 637
f 559 561 641
f 559 641 638
f 560 631 561
f 561 631 640
f 561 640 641
f 562 637 642
f 562 642 563
f 563 642 643
f 563 643 568
f 565 567 644
f 565 644 592
f 565 592 566
f 567 573 645
f 567 645 644
f 568 643 569
f 569 646 647
f 569 647 570
f 569 643 648
f 569 648 649
f 569 649 646
f 570 647 650
f 570 650 571
f 571 650 573
f 571 573 572
f 573 650 651
f 573 651 645
f 575 594 652
f 575 652 653
f 575 653 654
f 575 654 576
f 576 654 582
f 577 580 655
f 577 655 578
f 578 656 579
f 578 655 657
f 578 657 656
f 579 656 658
f 579 658 659
f 579 659 660
f 579 660 585
f 579 585 584
f 579 584 583
f 580 581 655
f 581 661 655
f 581 582 662
f 581 662 663
f 581 663 661
f 582 654 664
f 582 664 754
f 582 754 662
f 585 665 586
f 585 660 666
f 585 666 665
f 586 667 668
f 586 668 669
f 586 669 670
f 586 670 587
f 586 665 671
f 586 671 672
f 586 672 673
f 586 673 667
f 587 670 588
f 588 669 674
f 588 674 675
f 588 675 590
f 588 670 669
f 590 675 676
f 590 676 677
f 590 677 591
f 591 677 595
f 592 644 678
f 592 678 593
f 593 678 745
f 593 745 652
f 593 652 594
f 595 677 596
f 596 677 679
f 596 679 680
f 596 680 597
f 597 680 598
f 598 680 599
f 599 680 681
f 599 681 682
f 599 682 683
f 599 683 601
f 599 601 600
f 601 684 603
f 601 683 685
f 601 685 684
f 602 607 686
f 602 686 608
f 603 684 687
f 603 687 604
f 604 687 605
f 605 687 688
f 605 688 689
f 605 689 606
f 606 689 607
f 607 689 690
f 607 690 691
f 607 691 686
f 609 610 692
f 610 693 692
f 612 694 613
f 613 694 695
f 613 695 696
f 613 696 697
f 613 697 698
f 613 698 614
f 614 698 699
f 614 699 615
f 615 699 616
f 616 699 700
f 616 700 701
f 616 701 702
f 616 702 618
f 616 618 617
f 618 702 703
f 618 703 704
f 618 704 621
f 618 621 620
f 618 620 619
f 621 705 708
f 621 708 622
f 621 704 706
f 621 706 707
f 621 707 705
f 623 708 709
f 623 709 625
f 624 625 635
f 625 709 635
f 626 710 711
f 626 711 712
f 626 712 627
f 626 629 713
f 626 713 714
f 626 714 715
f 626 715 710
f 627 712 716
f 627 716 633
f 628 636 713
f 628 713 629
f 630 717 640
f 630 640 631
f 630 632 717
f 632 633 718
f 632 718 717
f 633 716 718
f 634 719 636
f 634 635 720
f 634 720 814
f 634 814 719
f 635 709 721
f 635 721 722
f 635 722 720
f 636 719 811
f 636 811 713
f 637 723 642
f 637 639 724
f 637 724 725
f 637 725 723
f 638 726 724
f 638 724 639
f 638 641 726
f 640 717 727
f 640 727 641
f 641 728 726
f 641 727 729
f 641 729 728
f 642 723 730
f 642 730 731
f 642 731 643
f 643 731 648
f 644 645 678
f 645 651 678
f 646 732 733
f 646 733 647
f 646 649 732
f 647 733 734
f 647 734 651
f 647 651 650
f 648 731 735
f 648 735 649
f 649 735 736
f 649 736 737
f 649 737 738
f 649 738 739
f 649 739 740
f 649 740 741
f 649 741 732
f 651 734 742
f 651 742 743
f 651 743 744
f 651 744 678
f 652 745 653
f 653 745 746
f 653 746 747
f 653 747 654
f 654 747 664
f 655 661 657
f 656 657 748
f 656 748 658
f 657 661 663
f 657 663 749
f 657 749 748
f 658 748 750
f 658 750 751
f 658 751 659
f 659 751 752
f 659 752 660
f 660 752 753
f 660 753 666
f 662 754 756
f 662 756 663
f 663 755 749
f 663 756 838
f 663 838 755
f 664 747 757
f 664 757 758
f 664 758 759
f 664 759 754
f 665 666 760
f 665 760 671
f 666 753 837
f 666 837 760
f 667 761 762
f 667 762 763
f 667 763 674
f 667 674 764
f 667 764 668
f 667 673 765
f 667 765 766
f 667 766 767
f 667 767 768
f 667 768 769
f 667 769 761
f 668 764 674
f 668 674 669
f 671 760 770
f 671 770 672
f 672 770 771
f 672 771 673
f 673 771 772
f 673 772 766
f 673 766 765
f 674 773 774
f 674 774 676
f 674 676 675
f 674 763 762
f 674 762 775
f 674 775 773
f 676 774 677
f 677 774 776
f 677 776 679
f 678 744 777
f 678 777 745
f 679 778 680
f 679 776 774
f 679 774 779
f 679 779 778
f 680 778 780
f 680 780 681
f 681 683 682
f 681 780 685
f 681 685 683
f 684 685 687
f 685 780 778
f 685 778 781
f 685 781 687
f 687 781 782
f 687 782 688
f 688 782 783
f 688 783 689
f 689 783 784
f 689 784 690
f 690 785 691
f 690 784 786
f 690 786 785
f 692 693 787
f 693 788 787
f 693 789 788
f 696 790 697
f 697 790 791
f 697 791 792
f 697 792 698
f 698 792 700
f 698 700 699
f 700 792 793
f 700 793 794
f 700 794 701
f 701 794 795
f 701 795 702
f 702 795 796
f 702 796 703
f 703 796 704
f 704 796 797
f 704 797 798
f 704 798 706
f 705 799 709
f 705 709 708
f 705 707 800
f 705 800 799
f 706 798 707
f 707 798 801
f 707 801 800
f 709 799 802
f 709 802 721
f 710 803 804
f 710 804 711
f 710 715 805
f 710 805 806
f 710 806 807
f 710 807 803
f 711 804 808
f 711 808 712
f 712 808 716
f 713 809 810
f 713 810 714
f 713 811 809
f 714 810 715
f 715 810 809
f 715 809 812
f 715 812 805
f 716 808 813
f 716 813 718
f 717 718 813
f 717 813 727
f 719 814 811
f 720 722 814
f 721 802 722
f 722 802 815
f 722 815 901
f 722 901 816
f 722 816 814
f 723 725 730
f 724 730 725
f 724 726 817
f 724 817 730
f 726 728 817
f 727 813 818
f 727 818 729
f 728 729 819
f 728 819 820
f 728 820 821
f 728 821 817
f 729 818 903
f 729 903 819
f 730 736 735
f 730 735 731
f 730 817 736
f 732 741 822
f 732 822 742
f 732 742 733
f 733 742 734
f 736 817 823
f 736 823 824
f 736 824 737
f 737 824 825
f 737 825 738
f 738 826 739
f 738 825 826
f 739 826 822
f 739 822 740
f 740 822 741
f 742 822 827
f 742 827 828
f 742 828 829
f 742 829 743
f 743 829 777
f 743 777 744
f 745 777 746
f 746 777 830
f 746 830 747
f 747 830 757
f 748 749 755
f 748 755 831
f 748 831 750
f 750 832 751
f 750 831 914
f 750 914 833
f 750 833 915
f 750 915 832
f 751 832 834
f 751 834 752
f 752 834 922
f 752 922 835
f 752 835 753
f 753 835 836
f 753 836 837
f 754 759 756
f 755 838 914
f 755 914 831
f 756 759 839
f 756 839 840
f 756 840 841
f 756 841 842
f 756 842 838
f 757 830 843
f 757 843 844
f 757 844 845
f 757 845 758
f 758 845 846
f 758 846 759
f 759 846 847
f 759 847 839
f 760 837 848
f 760 848 770
f 761 769 849
f 761 849 850
f 761 850 851
f 761 851 775
f 761 775 762
f 766 772 852
f 766 852 853
f 766 853 854
f 766 854 768
f 766 768 767
f 768 854 855
f 768 855 769
f 769 855 856
f 769 856 857
f 769 857 858
f 769 858 849
f 770 848 859
f 770 859 771
f 771 859 772
f 772 859 860
f 772 860 861
f 772 861 852
f 773 775 862
f 773 862 863
f 773 863 779
f 773 779 774
f 775 851 862
f 777 829 843
f 777 843 830
f 778 864 781
f 778 779 863
f 778 863 865
f 778 865 864
f 781 864 866
f 781 866 782
f 782 866 867
f 782 867 783
f 783 867 868
f 783 868 869
f 783 869 784
f 784 869 870
f 784 870 786
f 786 870 871
f 788 789 872
f 789 873 874
f 789 874 872
f 790 875 791
f 791 875 792
f 792 875 876
f 792 876 793
f 793 876 877
f 793 877 794
f 794 877 878
f 794 878 879
f 794 879 795
f 795 879 796
f 796 879 880
f 796 880 881
f 796 881 797
f 797 881 882
f 797 882 798
f 798 882 883
f 798 883 801
f 799 800 802
f 800 801 884
f 800 884 802
f 801 883 885
f 801 885 886
f 801 886 884
f 802 884 887
f 802 887 815
f 803 888 804
f 803 807 888
f 804 888 889
f 804 889 890
f 804 890 891
f 804 891 808
f 805 812 892
f 805 892 893
f 805 893 806
f 806 894 895
f 806 895 807
f 806 893 979
f 806 979 894
f 807 895 888
f 808 896 813
f 808 891 896
f 809 811 897
f 809 897 899
f 809 899 812
f 811 814 816
f 811 816 898
f 811 898 897
f 812 899 978
f 812 978 892
f 813 896 900
f 813 900 818
f 815 887 901
f 816 901 902
f 816 902 898
f 817 821 823
f 818 900 986
f 818 986 903
f 819 904 905
f 819 905 820
f 819 903 989
f 819 989 904
f 820 906 907
f 820 907 821
f 820 905 906
f 821 907 823
f 822 908 827
f 822 826 909
f 822 909 908
f 823 907 824
f 824 910 825
f 824 907 910
f 825 910 911
f 825 911 826
f 826 911 912
f 826 912 909
f 827 913 843
f 827 843 828
f 827 908 913
f 828 843 829
f 832 915 1002
f 832 1002 916
f 832 916 834
f 833 917 915
f 833 914 918
f 833 918 919
f 833 919 920
f 833 920 917
f 834 916 921
f 834 921 922
f 835 922 1007
f 835 1007 923
f 835 923 836
f 836 923 924
f 836 924 925
f 836 925 837
f 837 925 848
f 838 842 918
f 838 918 914
f 839 847 840
f 840 847 926
f 840 926 927
f 840 927 928
f 840 928 841
f 841 918 842
f 841 928 918
f 843 913 929
f 843 929 844
f 844 929 845
f 845 929 930
f 845 930 846
f 846 930 931
f 846 931 932
f 846 932 847
f 847 932 926
f 848 925 859
f 849 933 934
f 849 934 935
f 849 935 936
f 849 936 850
f 849 858 937
f 849 937 938
f 849 938 939
f 849 939 933
f 850 936 862
f 850 862 851
f 852 861 940
f 852 940 853
f 853 940 941
f 853 941 854
f 854 941 942
f 854 942 855
f 855 943 856
f 855 942 944
f 855 944 943
f 856 943 945
f 856 945 946
f 856 946 947
f 856 947 938
f 856 938 937
f 856 937 858
f 856 858 857
f 859 925 948
f 859 948 949
f 859 949 950
f 859 950 860
f 860 950 951
f 860 951 861
f 861 951 952
f 861 952 940
f 862 953 865
f 862 865 863
f 862 936 953
f 864 865 954
f 864 954 866
f 865 953 954
f 866 954 934
f 866 934 867
f 867 934 868
f 868 933 939
f 868 939 955
f 868 955 869
f 868 934 933
f 869 955 956
f 869 956 870
f 870 956 957
f 870 957 871
f 873 958 874
f 873 959 958
f 875 960 961
f 875 961 876
f 876 961 877
f 877 961 962
f 877 962 878
f 878 962 963
f 878 963 879
f 879 963 964
f 879 964 880
f 880 964 965
f 880 965 966
f 880 966 881
f 881 966 967
f 881 967 882
f 882 967 968
f 882 968 885
f 882 885 883
f 884 886 969
f 884 969 887
f 885 970 886
f 885 968 971
f 885 971 972
f 885 972 970
f 886 970 969
f 887 969 973
f 887 973 901
f 888 895 974
f 888 974 975
f 888 975 976
f 888 976 889
f 889 976 890
f 890 977 985
f 890 985 900
f 890 900 896
f 890 896 891
f 890 976 977
f 892 978 980
f 892 980 893
f 893 980 979
f 894 981 974
f 894 974 895
f 894 979 982
f 894 982 981
f 897 898 983
f 897 983 984
f 897 984 899
f 898 902 983
f 899 984 1056
f 899 1056 978
f 900 985 986
f 901 973 987
f 901 987 902
f 902 988 983
f 902 987 988
f 903 986 1063
f 903 1063 989
f 904 990 905
f 904 989 990
f 905 990 906
f 906 990 991
f 906 991 992
f 906 992 993
f 906 993 907
f 907 993 910
f 908 909 994
f 908 994 995
f 908 995 913
f 909 912 996
f 909 996 994
f 910 993 997
f 910 997 911
f 911 997 998
f 911 998 912
f 912 998 999
f 912 999 1000
f 912 1000 1001
f 912 1001 996
f 913 995 929
f 915 917 1003
f 915 1003 1004
f 915 1004 1002
f 916 1002 1008
f 916 1008 921
f 917 920 1003
f 918 928 919
f 919 928 927
f 919 927 1005
f 919 1005 1079
f 919 1079 1006
f 919 1006 920
f 920 1006 1003
f 921 1007 922
f 921 1008 1080
f 921 1080 1007
f 923 1007 1009
f 923 1009 924
f 924 1009 948
f 924 948 925
f 926 1010 927
f 926 932 1011
f 926 1011 1010
f 927 1010 1012
f 927 1012 1005
f 929 995 1013
f 929 1013 930
f 930 1014 931
f 930 1013 1015
f 930 1015 1014
f 931 1014 932
f 932 1014 1016
f 932 1016 1011
f 934 954 953
f 934 953 936
f 934 936 935
f 938 947 1017
f 938 1017 939
f 939 1017 955
f 940 952 1018
f 940 1018 941
f 941 1018 1019
f 941 1019 942
f 942 1019 1020
f 942 1020 944
f 943 944 1021
f 943 1021 945
f 944 1020 1097
f 944 1097 1021
f 945 1021 1022
f 945 1022 946
f 946 1022 1023
f 946 1023 947
f 947 1023 1017
f 948 1024 949
f 948 1009 1025
f 948 1025 1026
f 948 1026 1027
f 948 1027 1024
f 949 1028 951
f 949 951 950
f 949 1024 1029
f 949 1029 1028
f 951 1028 1030
f 951 1030 952
f 952 1030 1031
f 952 1031 1018
f 955 1017 1032
f 955 1032 956
f 956 1032 1033
f 956 1033 957
f 957 1033 1034
f 958 959 1035
f 958 1035 1036
f 960 1037 1038
f 960 1038 961
f 961 1038 962
f 962 1038 1039
f 962 1039 963
f 963 1039 1040
f 963 1040 1041
f 963 1041 964
f 964 1041 965
f 965 1041 1042
f 965 1042 1043
f 965 1043 966
f 966 1043 1044
f 966 1044 967
f 967 1044 1045
f 967 1045 971
f 967 971 968
f 969 1046 973
f 969 970 1046
f 970 1047 1046
f 970 972 1048
f 970 1048 1047
f 971 1045 1049
f 971 1049 1050
f 971 1050 1048
f 971 1048 972
f 973 1046 1051
f 973 1051 987
f 974 981 1059
f 974 1059 1052
f 974 1052 1053
f 974 1053 975
f 975 1053 1054
f 975 1054 976
f 976 1054 1055
f 976 1055 977
f 977 1055 1063
f 977 1063 985
f 978 1056 980
f 979 980 1057
f 979 1057 1060
f 979 1060 982
f 980 1056 1058
f 980 1058 1136
f 980 1136 1057
f 981 982 1059
f 982 1060 1061
f 982 1061 1059
f 983 988 1062
f 983 1062 984
f 984 1062 1056
f 985 1063 986
f 987 1051 1064
f 987 1064 988
f 988 1064 1062
f 989 1063 1065
f 989 1065 990
f 990 1066 1067
f 990 1067 991
f 990 1065 1068
f 990 1068 1066
f 991 1067 992
f 992 1067 1069
f 992 1069 997
f 992 997 993
f 994 996 1070
f 994 1070 995
f 995 1070 1013
f 996 1001 1070
f 997 1069 1071
f 997 1071 998
f 998 1071 999
f 999 1072 1073
f 999 1073 1000
f 999 1071 1074
f 999 1074 1075
f 999 1075 1072
f 1000 1073 1076
f 1000 1076 1001
f 1001 1076 1070
f 1002 1004 1008
f 1003 1006 1077
f 1003 1077 1078
f 1003 1078 1004
f 1004 1078 1008
f 1005 1012 1079
f 1006 1079 1077
f 1007 1080 1009
f 1008 1078 1081
f 1008 1081 1080
f 1009 1080 1082
f 1009 1082 1083
f 1009 1083 1025
f 1010 1011 1084
f 1010 1084 1012
f 1011 1016 1085
f 1011 1085 1086
f 1011 1086 1087
f 1011 1087 1088
f 1011 1088 1084
f 1012 1084 1088
f 1012 1088 1089
f 1012 1089 1090
f 1012 1090 1079
f 1013 1070 1015
f 1014 1015 1091
f 1014 1091 1016
f 1015 1070 1092
f 1015 1092 1093
f 1015 1093 1091
f 1016 1091 1093
f 1016 1093 1085
f 1017 1023 1094
f 1017 1094 1032
f 1018 1095 1019
f 1018 1031 1095
f 1019 1095 1096
f 1019 1096 1020
f 1020 1096 1098
f 1020 1098 1097
f 1021 1097 1099
f 1021 1099 1022
f 1022 1099 1100
f 1022 1100 1023
f 1023 1100 1094
f 1024 1027 1101
f 1024 1101 1029
f 1025 1083 1026
f 1026 1101 1027
f 1026 1083 1102
f 1026 1102 1103
f 1026 1103 1101
f 1028 1029 1030
f 1029 1101 1104
f 1029 1104 1105
f 1029 1105 1030
f 1030 1106 1031
f 1030 1105 1107
f 1030 1107 1106
f 1031 1106 1181
f 1031 1181 1108
f 1031 1108 1095
f 1032 1094 1109
f 1032 1109 1033
f 1033 1110 1034
f 1033 1109 1111
f 1033 1111 1112
f 1033 1112 1110
f 1035 1113 1036
f 1035 1114 1113
f 1037 1115 1038
f 1038 1115 1116
f 1038 1116 1117
f 1038 1117 1039
f 1039 1117 1040
f 1040 1118 1119
f 1040 1119 1041
f 1040 1117 1118
f 1041 1119 1042
f 1042 1119 1120
f 1042 1120 1043
f 1043 1120 1121
f 1043 1121 1044
f 1044 1121 1122
f 1044 1122 1045
f 1045 1122 1049
f 1046 1047 1123
f 1046 1123 1051
f 1047 1048 1124
f 1047 1124 1123
f 1048 1050 1125
f 1048 1125 1126
f 1048 1126 1124
f 1049 1125 1050
f 1049 1122 1127
f 1049 1127 1128
f 1049 1128 1125
f 1051 1129 1064
f 1051 1123 1129
f 1052 1059 1130
f 1052 1130 1131
f 1052 1131 1053
f 1053 1132 1054
f 1053 1131 1132
f 1054 1132 1133
f 1054 1133 1055
f 1055 1133 1063
f 1056 1062 1134
f 1056 1134 1135
f 1056 1135 1058
f 1057 1136 1139
f 1057 1139 1060
f 1058 1135 1136
f 1059 1061 1137
f 1059 1137 1130
f 1060 1138 1061
f 1060 1139 1140
f 1060 1140 1138
f 1061 1138 1141
f 1061 1141 1142
f 1061 1142 1137
f 1062 1064 1143
f 1062 1143 1134
f 1063 1133 1065
f 1064 1129 1144
f 1064 1144 1143
f 1065 1145 1068
f 1065 1133 1146
f 1065 1146 1145
f 1066 1147 1067
f 1066 1068 1147
f 1067 1147 1071
f 1067 1071 1069
f 1068 1145 1148
f 1068 1148 1149
f 1068 1149 1147
f 1070 1076 1150
f 1070 1150 1092
f 1071 1147 1151
f 1071 1151 1074
f 1072 1075 1073
f 1073 1152 1150
f 1073 1150 1076
f 1073 1075 1153
f 1073 1153 1152
f 1074 1151 1075
f 1075 1151 1154
f 1075 1154 1155
f 1075 1155 1153
f 1077 1079 1156
f 1077 1156 1157
f 1077 1157 1078
f 1078 1157 1158
f 1078 1158 1081
f 1079 1090 1159
f 1079 1159 1160
f 1079 1160 1156
f 1080 1081 1082
f 1081 1158 1161
f 1081 1161 1082
f 1082 1161 1162
f 1082 1162 1083
f 1083 1162 1102
f 1085 1093 1163
f 1085 1163 1164
f 1085 1164 1086
f 1086 1164 1087
f 1087 1164 1165
f 1087 1165 1166
f 1087 1166 1167
f 1087 1167 1088
f 1088 1167 1089
f 1089 1167 1168
f 1089 1168 1090
f 1090 1168 1169
f 1090 1169 1159
f 1092 1150 1170
f 1092 1170 1093
f 1093 1170 1163
f 1094 1100 1171
f 1094 1171 1109
f 1095 1172 1096
f 1095 1108 1172
f 1096 1172 1098
f 1097 1098 1099
f 1098 1173 1174
f 1098 1174 1099
f 1098 1172 1175
f 1098 1175 1173
f 1099 1174 1100
f 1100 1174 1176
f 1100 1176 1253
f 1100 1253 1171
f 1101 1103 1180
f 1101 1180 1104
f 1102 1162 1177
f 1102 1177 1178
f 1102 1178 1103
f 1103 1178 1179
f 1103 1179 1180
f 1104 1107 1105
f 1104 1180 1182
f 1104 1182 1107
f 1106 1107 1183
f 1106 1183 1181
f 1107 1182 1263
f 1107 1263 1183
f 1108 1181 1184
f 1108 1184 1172
f 1109 1171 1185
f 1109 1185 1111
f 1111 1185 1186
f 1111 1186 1187
f 1111 1187 1188
f 1111 1188 1112
f 1113 1114 1189
f 1114 1190 1189
f 1115 1191 1192
f 1115 1192 1116
f 1116 1192 1117
f 1117 1192 1193
f 1117 1193 1118
f 1118 1194 1119
f 1118 1193 1195
f 1118 1195 1194
f 1119 1194 1196
f 1119 1196 1120
f 1120 1196 1197
f 1120 1197 1198
f 1120 1198 1121
f 1121 1198 1199
f 1121 1199 1122
f 1122 1199 1127
f 1123 1124 1200
f 1123 1200 1129
f 1124 1126 1201
f 1124 1201 1202
f 1124 1202 1203
f 1124 1203 1200
f 1125 1201 1126
f 1125 1128 1204
f 1125 1204 1205
f 1125 1205 1201
f 1127 1199 1206
f 1127 1206 1207
f 1127 1207 1128
f 1128 1207 1204
f 1129 1200 1208
f 1129 1208 1144
f 1130 1137 1209
f 1130 1209 1210
f 1130 1210 1131
f 1131 1210 1211
f 1131 1211 1212
f 1131 1212 1132
f 1132 1212 1133
f 1133 1212 1146
f 1134 1143 1213
f 1134 1213 1214
f 1134 1214 1135
f 1135 1215 1136
f 1135 1214 1216
f 1135 1216 1215
f 1136 1215 1217
f 1136 1217 1139
f 1137 1142 1218
f 1137 1218 1209
f 1138 1140 1219
f 1138 1219 1141
f 1139 1217 1220
f 1139 1220 1140
f 1140 1220 1219
f 1141 1221 1218
f 1141 1218 1142
f 1141 1219 1296
f 1141 1296 1221
f 1143 1144 1213
f 1144 1222 1213
f 1144 1208 1223
f 1144 1223 1222
f 1145 1224 1148
f 1145 1146 1224
f 1146 1225 1224
f 1146 1212 1225
f 1147 1226 1151
f 1147 1149 1227
f 1147 1227 1226
f 1148 1224 1228
f 1148 1228 1227
f 1148 1227 1149
f 1150 1152 1229
f 1150 1229 1170
f 1151 1226 1154
f 1152 1230 1229
f 1152 1153 1230
f 1153 1155 1230
f 1154 1231 1155
f 1154 1226 1227
f 1154 1227 1232
f 1154 1232 1308
f 1154 1308 1231
f 1155 1231 1233
f 1155 1233 1234
f 1155 1234 1235
f 1155 1235 1230
f 1156 1160 1157
f 1157 1236 1237
f 1157 1237 1238
f 1157 1238 1158
f 1157 1160 1236
f 1158 1238 1161
f 1159 1239 1236
f 1159 1236 1160
f 1159 1169 1239
f 1161 1238 1240
f 1161 1240 1241
f 1161 1241 1162
f 1162 1241 1177
f 1163 1170 1229
f 1163 1229 1242
f 1163 1242 1243
f 1163 1243 1164
f 1164 1243 1165
f 1165 1243 1244
f 1165 1244 1166
f 1166 1245 1246
f 1166 1246 1168
f 1166 1168 1167
f 1166 1244 1247
f 1166 1247 1248
f 1166 1248 1245
f 1168 1249 1250
f 1168 1250 1251
f 1168 1251 1169
f 1168 1246 1252
f 1168 1252 1249
f 1169 1251 1239
f 1171 1253 1185
f 1172 1184 1175
f 1173 1176 1174
f 1173 1175 1254
f 1173 1254 1256
f 1173 1256 1176
f 1175 1184 1255
f 1175 1255 1254
f 1176 1256 1253
f 1177 1241 1257
f 1177 1257 1178
f 1178 1257 1258
f 1178 1258 1259
f 1178 1259 1179
f 1179 1260 1182
f 1179 1182 1180
f 1179 1259 1261
f 1179 1261 1260
f 1181 1183 1262
f 1181 1262 1184
f 1182 1260 1263
f 1183 1263 1345
f 1183 1345 1264
f 1183 1264 1262
f 1184 1262 1255
f 1185 1253 1265
f 1185 1265 1186
f 1186 1266 1187
f 1186 1265 1267
f 1186 1267 1348
f 1186 1348 1266
f 1189 1190 1268
f 1189 1268 1269
f 1189 1269 1270
f 1191 1271 1272
f 1191 1272 1192
f 1192 1272 1193
f 1193 1272 1195
f 1194 1195 1273
f 1194 1273 1197
f 1194 1197 1196
f 1195 1272 1274
f 1195 1274 1273
f 1197 1273 1275
f 1197 1275 1276
f 1197 1276 1277
f 1197 1277 1278
f 1197 1278 1198
f 1198 1278 1199
f 1199 1278 1206
f 1200 1203 1208
f 1201 1279 1202
f 1201 1205 1280
f 1201 1280 1281
f 1201 1281 1279
f 1202 1279 1203
f 1203 1279 1282
f 1203 1282 1283
f 1203 1283 1284
f 1203 1284 1208
f 1204 1207 1285
f 1204 1285 1286
f 1204 1286 1205
f 1205 1286 1280
f 1206 1278 1287
f 1206 1287 1207
f 1207 1287 1285
f 1208 1284 1223
f 1209 1288 1289
f 1209 1289 1210
f 1209 1218 1288
f 1210 1289 1211
f 1211 1289 1212
f 1212 1289 1290
f 1212 1290 1225
f 1213 1222 1291
f 1213 1291 1214
f 1214 1292 1216
f 1214 1291 1292
f 1215 1216 1217
f 1216 1292 1293
f 1216 1293 1294
f 1216 1294 1220
f 1216 1220 1217
f 1218 1221 1295
f 1218 1295 1288
f 1219 1220 1297
f 1219 1297 1298
f 1219 1298 1296
f 1220 1294 1297
f 1221 1299 1295
f 1221 1296 1299
f 1222 1223 1291
f 1223 1300 1301
f 1223 1301 1302
f 1223 1302 1291
f 1223 1284 1300
f 1224 1225 1228
f 1225 1303 1228
f 1225 1290 1303
f 1227 1228 1304
f 1227 1304 1305
f 1227 1305 1232
f 1228 1303 1306
f 1228 1306 1304
f 1229 1230 1242
f 1230 1235 1307
f 1230 1307 1242
f 1231 1308 1233
f 1232 1305 1310
f 1232 1310 1309
f 1232 1309 1308
f 1233 1308 1309
f 1233 1309 1310
f 1233 1310 1311
f 1233 1311 1312
f 1233 1312 1313
f 1233 1313 1314
f 1233 1314 1234
f 1234 1314 1315
f 1234 1315 1307
f 1234 1307 1235
f 1236 1239 1237
f 1237 1239 1316
f 1237 1316 1317
f 1237 1317 1240
f 1237 1240 1238
f 1239 1251 1250
f 1239 1250 1318
f 1239 1318 1316
f 1240 1317 1319
f 1240 1319 1241
f 1241 1319 1257
f 1242 1320 1243
f 1242 1307 1388
f 1242 1388 1320
f 1243 1320 1244
f 1244 1320 1321
f 1244 1321 1247
f 1245 1252 1246
f 1245 1248 1322
f 1245 1322 1323
f 1245 1323 1252
f 1247 1321 1324
f 1247 1324 1325
f 1247 1325 1326
f 1247 1326 1248
f 1248 1326 1322
f 1249 1327 1250
f 1249 1252 1327
f 1250 1327 1328
f 1250 1328 1318
f 1252 1329 1327
f 1252 1323 1330
f 1252 1330 1329
f 1253 1256 1331
f 1253 1331 1332
f 1253 1332 1333
f 1253 1333 1265
f 1254 1255 1334
f 1254 1334 1256
f 1255 1262 1335
f 1255 1335 1334
f 1256 1334 1331
f 1257 1319 1336
f 1257 1336 1337
f 1257 1337 1258
f 1258 1337 1259
f 1259 1337 1338
f 1259 1338 1339
f 1259 1339 1413
f 1259 1413 1340
f 1259 1340 1261
f 1260 1261 1341
f 1260 1341 1263
f 1261 1340 1342
f 1261 1342 1341
f 1262 1264 1343
f 1262 1343 1335
f 1263 1341 1344
f 1263 1344 1345
f 1264 1345 1343
f 1265 1333 1346
f 1265 1346 1347
f 1265 1347 1267
f 1267 1347 1349
f 1267 1349 1348
f 1269 1350 1270
f 1270 1350 1351
f 1271 1352 1272
f 1272 1352 1353
f 1272 1353 1354
f 1272 1354 1274
f 1273 1274 1355
f 1273 1355 1356
f 1273 1356 1275
f 1274 1357 1428
f 1274 1428 1491
f 1274 1491 1550
f 1274 1550 1613
f 1274 1613 1670
f 1274 1670 1726
f 1274 1726 1781
f 1274 1781 1836
f 1274 1836 1839
f 1274 1839 1838
f 1274 1838 1891
f 1274 1891 1942
f 1274 1942 1996
f 1274 1996 1995
f 1274 1995 2044
f 1274 2044 2094
f 1274 2094 2093
f 1274 2093 2148
f 1274 2148 2172
f 1274 2172 2171
f 1274 2171 2174
f 1274 2174 2173
f 1274 2173 2156
f 1274 2156 2155
f 1274 2155 2106
f 1274 2106 2054
f 1274 2054 2050
f 1274 2050 2002
f 1274 2002 2001
f 1274 2001 1946
f 1274 1946 1892
f 1274 1892 1843
f 1274 1843 1842
f 1274 1842 1841
f 1274 1841 1789
f 1274 1789 1788
f 1274 1788 1732
f 1274 1732 1731
f 1274 1731 1674
f 1274 1674 1623
f 1274 1623 1622
f 1274 1622 1621
f 1274 1621 1558
f 1274 1558 1557
f 1274 1557 1556
f 1274 1556 1553
f 1274 1553 1552
f 1274 1552 1495
f 1274 1495 1494
f 1274 1494 1438
f 1274 1438 1372
f 1274 1372 1371
f 1274 1371 1429
f 1274 1429 1360
f 1274 1360 1359
f 1274 1359 1358
f 1274 1358 1356
f 1274 1356 1355
f 1274 1354 1357
f 1275 1356 1276
f 1276 1356 1358
f 1276 1358 1359
f 1276 1359 1277
f 1277 1359 1278
f 1278 1359 1360
f 1278 1360 1361
f 1278 1361 1287
f 1279 1283 1282
f 1279 1281 1362
f 1279 1362 1363
f 1279 1363 1283
f 1280 1286 1364
f 1280 1364 1365
f 1280 1365 1281
f 1281 1365 1362
f 1283 1363 1366
f 1283 1366 1367
f 1283 1367 1368
f 1283 1368 1284
f 1284 1368 1300
f 1285 1287 1369
f 1285 1369 1370
f 1285 1370 1286
f 1286 1370 1364
f 1287 1361 1371
f 1287 1371 1372
f 1287 1372 1369
f 1288 1295 1373
f 1288 1373 1374
f 1288 1374 1289
f 1289 1374 1290
f 1290 1374 1375
f 1290 1375 1303
f 1291 1302 1293
f 1291 1293 1292
f 1293 1302 1301
f 1293 1301 1376
f 1293 1376 1294
f 1294 1376 1377
f 1294 1377 1378
f 1294 1378 1297
f 1295 1379 1373
f 1295 1299 1380
f 1295 1380 1379
f 1296 1381 1299
f 1296 1298 1381
f 1297 1378 1383
f 1297 1383 1298
f 1298 1382 1381
f 1298 1383 1382
f 1299 1381 1447
f 1299 1447 1380
f 1300 1384 1301
f 1300 1368 1384
f 1301 1384 1385
f 1301 1385 1376
f 1303 1386 1306
f 1303 1375 1386
f 1304 1306 1305
f 1305 1306 1310
f 1306 1386 1310
f 1307 1315 1387
f 1307 1387 1388
f 1310 1386 1389
f 1310 1389 1390
f 1310 1390 1311
f 1311 1391 1312
f 1311 1390 1392
f 1311 1392 1391
f 1312 1391 1454
f 1312 1454 1393
f 1312 1393 1394
f 1312 1394 1313
f 1313 1394 1314
f 1314 1387 1315
f 1314 1394 1387
f 1316 1318 1328
f 1316 1328 1395
f 1316 1395 1317
f 1317 1395 1396
f 1317 1396 1397
f 1317 1397 1319
f 1319 1397 1336
f 1320 1388 1321
f 1321 1388 1387
f 1321 1387 1324
f 1322 1398 1330
f 1322 1330 1323
f 1322 1326 1399
f 1322 1399 1398
f 1324 1400 1401
f 1324 1401 1325
f 1324 1387 1394
f 1324 1394 1400
f 1325 1401 1402
f 1325 1402 1326
f 1326 1402 1399
f 1327 1329 1405
f 1327 1405 1403
f 1327 1403 1395
f 1327 1395 1328
f 1329 1330 1404
f 1329 1404 1405
f 1330 1398 1404
f 1331 1334 1332
f 1332 1334 1406
f 1332 1406 1407
f 1332 1407 1333
f 1333 1407 1346
f 1334 1335 1343
f 1334 1343 1408
f 1334 1408 1409
f 1334 1409 1406
f 1336 1397 1410
f 1336 1410 1338
f 1336 1338 1337
f 1338 1410 1474
f 1338 1474 1411
f 1338 1411 1339
f 1339 1411 1412
f 1339 1412 1413
f 1340 1413 1342
f 1341 1414 1415
f 1341 1415 1344
f 1341 1342 1414
f 1342 1416 1414
f 1342 1413 1417
f 1342 1417 1418
f 1342 1418 1416
f 1343 1345 1419
f 1343 1419 1408
f 1344 1420 1345
f 1344 1415 1420
f 1345 1420 1419
f 1346 1407 1470
f 1346 1470 1421
f 1346 1421 1422
f 1346 1422 1347
f 1347 1422 1423
f 1347 1423 1349
f 1350 1424 1351
f 1351 1424 1426
f 1351 1426 1425
f 1352 1427 1353
f 1353 1427 1428
f 1353 1428 1357
f 1353 1357 1354
f 1360 1429 1361
f 1361 1429 1371
f 1362 1365 1430
f 1362 1430 1431
f 1362 1431 1363
f 1363 1431 1366
f 1364 1370 1432
f 1364 1432 1433
f 1364 1433 1365
f 1365 1433 1430
f 1366 1431 1434
f 1366 1434 1435
f 1366 1435 1367
f 1367 1436 1437
f 1367 1437 1368
f 1367 1435 1436
f 1368 1437 1384
f 1369 1372 1438
f 1369 1438 1370
f 1370 1438 1432
f 1373 1379 1439
f 1373 1439 1440
f 1373 1440 1441
f 1373 1441 1374
f 1374 1441 1442
f 1374 1442 1375
f 1375 1442 1386
f 1376 1385 1377
f 1377 1443 1378
f 1377 1385 1444
f 1377 1444 1443
f 1378 1443 1383
f 1379 1380 1445
f 1379 1445 1446
f 1379 1446 1439
f 1380 1447 1445
f 1381 1382 1448
f 1381 1448 1447
f 1382 1383 1449
f 1382 1449 1450
f 1382 1450 1448
f 1383 1443 1449
f 1384 1437 1451
f 1384 1451 1385
f 1385 1451 1444
f 1386 1442 1452
f 1386 1452 1389
f 1389 1452 1390
f 1390 1452 1453
f 1390 1453 1392
f 1391 1392 1454
f 1392 1455 1454
f 1392 1453 1456
f 1392 1456 1457
f 1392 1457 1455
f 1393 1458 1459
f 1393 1459 1394
f 1393 1454 1458
f 1394 1459 1400
f 1395 1403 1460
f 1395 1460 1396
f 1396 1461 1397
f 1396 1460 1461
f 1397 1461 1410
f 1398 1399 1462
f 1398 1462 1463
f 1398 1463 1525
f 1398 1525 1464
f 1398 1464 1404
f 1399 1402 1462
f 1400 1459 1465
f 1400 1465 1401
f 1401 1465 1402
f 1402 1465 1466
f 1402 1466 1467
f 1402 1467 1462
f 1403 1405 1468
f 1403 1468 1460
f 1404 1468 1405
f 1404 1464 1469
f 1404 1469 1468
f 1406 1409 1407
f 1407 1409 1470
f 1408 1419 1420
f 1408 1420 1471
f 1408 1471 1472
f 1408 1472 1473
f 1408 1473 1409
f 1409 1473 1470
f 1410 1461 1474
f 1411 1474 1475
f 1411 1475 1476
f 1411 1476 1412
f 1412 1477 1413
f 1412 1476 1478
f 1412 1478 1479
f 1412 1479 1477
f 1413 1477 1417
f 1414 1480 1415
f 1414 1416 1481
f 1414 1481 1480
f 1415 1480 1420
f 1416 1418 1484
f 1416 1484 1481
f 1417 1477 1482
f 1417 1482 1483
f 1417 1483 1418
f 1418 1483 1543
f 1418 1543 1484
f 1420 1480 1485
f 1420 1485 1471
f 1421 1470 1486
f 1421 1486 1487
f 1421 1487 1422
f 1422 1487 1488
f 1422 1488 1423
f 1425 1426 1490
f 1425 1490 1489
f 1430 1433 1492
f 1430 1492 1493
f 1430 1493 1431
f 1431 1493 1434
f 1432 1438 1494
f 1432 1494 1495
f 1432 1495 1433
f 1433 1495 1492
f 1434 1493 1496
f 1434 1496 1435
f 1435 1496 1497
f 1435 1497 1498
f 1435 1498 1436
f 1436 1498 1499
f 1436 1499 1437
f 1437 1499 1451
f 1439 1500 1501
f 1439 1501 1440
f 1439 1446 1512
f 1439 1512 1500
f 1440 1501 1441
f 1441 1501 1502
f 1441 1502 1452
f 1441 1452 1442
f 1443 1444 1503
f 1443 1503 1504
f 1443 1504 1505
f 1443 1505 1506
f 1443 1506 1449
f 1444 1451 1507
f 1444 1507 1508
f 1444 1508 1503
f 1445 1447 1509
f 1445 1509 1510
f 1445 1510 1511
f 1445 1511 1512
f 1445 1512 1446
f 1447 1448 1509
f 1448 1513 1509
f 1448 1450 1513
f 1449 1506 1450
f 1450 1506 1514
f 1450 1514 1513
f 1451 1499 1507
f 1452 1502 1515
f 1452 1515 1453
f 1453 1515 1456
f 1454 1455 1516
f 1454 1516 1458
f 1455 1457 1516
f 1456 1515 1517
f 1456 1517 1457
f 1457 1517 1518
f 1457 1518 1519
f 1457 1519 1520
f 1457 1520 1516
f 1458 1521 1465
f 1458 1465 1459
f 1458 1516 1522
f 1458 1522 1521
f 1460 1468 1461
f 1461 1475 1474
f 1461 1468 1523
f 1461 1523 1475
f 1462 1467 1524
f 1462 1524 1463
f 1463 1524 1525
f 1464 1525 1526
f 1464 1526 1469
f 1465 1521 1527
f 1465 1527 1466
f 1466 1527 1467
f 1467 1527 1528
f 1467 1528 1529
f 1467 1529 1524
f 1468 1469 1531
f 1468 1531 1530
f 1468 1530 1523
f 1469 1526 1531
f 1470 1473 1472
f 1470 1472 1534
f 1470 1534 1532
f 1470 1532 1486
f 1471 1485 1472
f 1472 1485 1533
f 1472 1533 1540
f 1472 1540 1534
f 1475 1523 1535
f 1475 1535 1478
f 1475 1478 1476
f 1477 1479 1536
f 1477 1536 1541
f 1477 1541 1482
f 1478 1535 1593
f 1478 1593 1537
f 1478 1537 1479
f 1479 1537 1538
f 1479 1538 1539
f 1479 1539 1536
f 1480 1481 1533
f 1480 1533 1485
f 1481 1484 1540
f 1481 1540 1533
f 1482 1541 1483
f 1483 1541 1542
f 1483 1542 1543
f 1484 1543 1540
f 1486 1532 1544
f 1486 1544 1546
f 1486 1546 1487
f 1487 1545 1488
f 1487 1546 1547
f 1487 1547 1545
f 1489 1490 1549
f 1489 1549 1548
f 1491 1551 1550
f 1492 1495 1552
f 1492 1552 1553
f 1492 1553 1493
f 1493 1553 1554
f 1493 1554 1496
f 1496 1555 1497
f 1496 1554 1556
f 1496 1556 1557
f 1496 1557 1558
f 1496 1558 1559
f 1496 1559 1560
f 1496 1560 1555
f 1497 1555 1498
f 1498 1555 1561
f 1498 1561 1562
f 1498 1562 1499
f 1499 1562 1507
f 1500 1563 1501
f 1500 1512 1575
f 1500 1575 1563
f 1501 1563 1564
f 1501 1564 1515
f 1501 1515 1502
f 1503 1508 1504
f 1504 1508 1565
f 1504 1565 1566
f 1504 1566 1567
f 1504 1567 1568
f 1504 1568 1505
f 1505 1568 1506
f 1506 1568 1569
f 1506 1569 1514
f 1507 1562 1570
f 1507 1570 1508
f 1508 1570 1565
f 1509 1513 1510
f 1510 1571 1572
f 1510 1572 1511
f 1510 1513 1573
f 1510 1573 1574
f 1510 1574 1571
f 1511 1572 1512
f 1512 1572 1575
f 1513 1514 1576
f 1513 1576 1573
f 1514 1569 1576
f 1515 1564 1517
f 1516 1520 1522
f 1517 1564 1563
f 1517 1563 1577
f 1517 1577 1578
f 1517 1578 1579
f 1517 1579 1518
f 1518 1579 1519
f 1519 1580 1581
f 1519 1581 1520
f 1519 1579 1578
f 1519 1578 1582
f 1519 1582 1580
f 1520 1581 1522
f 1521 1522 1583
f 1521 1583 1527
f 1522 1581 1584
f 1522 1584 1583
f 1523 1530 1535
f 1524 1529 1585
f 1524 1585 1525
f 1525 1585 1526
f 1526 1586 1587
f 1526 1587 1531
f 1526 1585 1588
f 1526 1588 1650
f 1526 1650 1586
f 1527 1583 1528
f 1528 1583 1589
f 1528 1589 1590
f 1528 1590 1529
f 1529 1590 1591
f 1529 1591 1592
f 1529 1592 1585
f 1530 1593 1535
f 1530 1531 1593
f 1531 1594 1593
f 1531 1587 1594
f 1532 1595 1596
f 1532 1596 1597
f 1532 1597 1598
f 1532 1598 1544
f 1532 1534 1595
f 1534 1540 1595
f 1536 1539 1541
f 1537 1593 1594
f 1537 1594 1599
f 1537 1599 1538
f 1538 1599 1600
f 1538 1600 1601
f 1538 1601 1602
f 1538 1602 1539
f 1539 1603 1541
f 1539 1602 1660
f 1539 1660 1603
f 1540 1543 1604
f 1540 1604 1596
f 1540 1596 1595
f 1541 1605 1542
f 1541 1603 1605
f 1542 1605 1543
f 1543 1606 1604
f 1543 1605 1607
f 1543 1607 1606
f 1544 1598 1546
f 1546 1598 1608
f 1546 1608 1609
f 1546 1609 1547
f 1548 1549 1610
f 1548 1610 1611
f 1548 1611 1612
f 1550 1551 1614
f 1550 1614 1615
f 1550 1615 1616
f 1550 1616 1617
f 1550 1617 1618
f 1550 1618 1619
f 1553 1556 1554
f 1555 1560 1620
f 1555 1620 1561
f 1558 1621 1560
f 1558 1560 1559
f 1560 1621 1622
f 1560 1622 1623
f 1560 1623 1620
f 1561 1624 1562
f 1561 1620 1625
f 1561 1625 1624
f 1562 1624 1570
f 1563 1575 1577
f 1565 1570 1626
f 1565 1626 1566
f 1566 1626 1627
f 1566 1627 1628
f 1566 1628 1629
f 1566 1629 1567
f 1567 1629 1630
f 1567 1630 1568
f 1568 1630 1569
f 1569 1630 1631
f 1569 1631 1576
f 1570 1624 1626
f 1571 1632 1633
f 1571 1633 1572
f 1571 1574 1632
f 1572 1633 1634
f 1572 1634 1577
f 1572 1577 1575
f 1573 1576 1636
f 1573 1636 1574
f 1574 1635 1632
f 1574 1636 1635
f 1576 1631 1637
f 1576 1637 1636
f 1577 1634 1638
f 1577 1638 1578
f 1578 1638 1639
f 1578 1639 1582
f 1580 1582 1640
f 1580 1640 1641
f 1580 1641 1642
f 1580 1642 1643
f 1580 1643 1584
f 1580 1584 1581
f 1582 1639 1640
f 1583 1584 1589
f 1584 1643 1644
f 1584 1644 1645
f 1584 1645 1589
f 1585 1592 1646
f 1585 1646 1588
f 1586 1647 1648
f 1586 1648 1649
f 1586 1649 1587
f 1586 1650 1647
f 1587 1649 1594
f 1588 1646 1650
f 1589 1645 1651
f 1589 1651 1590
f 1590 1651 1592
f 1590 1592 1591
f 1592 1651 1652
f 1592 1652 1653
f 1592 1653 1646
f 1594 1649 1600
f 1594 1600 1599
f 1596 1604 1606
f 1596 1606 1665
f 1596 1665 1654
f 1596 1654 1655
f 1596 1655 1597
f 1597 1655 1598
f 1598 1655 1656
f 1598 1656 1657
f 1598 1657 1608
f 1600 1658 1601
f 1600 1649 1659
f 1600 1659 1658
f 1601 1658 1602
f 1602 1658 1661
f 1602 1661 1662
f 1602 1662 1660
f 1603 1663 1605
f 1603 1660 1663
f 1605 1663 1664
f 1605 1664 1607
f 1606 1607 1665
f 1607 1664 1665
f 1608 1657 1609
f 1609 1657 1666
f 1611 1667 1612
f 1612 1667 1668
f 1613 1669 1670
f 1618 1671 1619
f 1619 1671 1672
f 1620 1673 1625
f 1620 1623 1674
f 1620 1674 1675
f 1620 1675 1673
f 1624 1625 1676
f 1624 1676 1626
f 1625 1673 1676
f 1626 1676 1627
f 1627 1677 1628
f 1627 1676 1677
f 1628 1677 1678
f 1628 1678 1679
f 1628 1679 1629
f 1629 1679 1630
f 1630 1680 1631
f 1630 1679 1680
f 1631 1680 1681
f 1631 1681 1637
f 1632 1682 1683
f 1632 1683 1633
f 1632 1635 1682
f 1633 1683 1684
f 1633 1684 1634
f 1634 1684 1638
f 1635 1685 1682
f 1635 1636 1686
f 1635 1686 1685
f 1636 1637 1686
f 1637 1687 1686
f 1637 1681 1687
f 1638 1684 1688
f 1638 1688 1639
f 1639 1688 1689
f 1639 1689 1690
f 1639 1690 1691
f 1639 1691 1640
f 1640 1691 1641
f 1641 1691 1690
f 1641 1690 1692
f 1641 1692 1693
f 1641 1693 1694
f 1641 1694 1695
f 1641 1695 1644
f 1641 1644 1642
f 1642 1644 1643
f 1644 1695 1696
f 1644 1696 1651
f 1644 1651 1645
f 1646 1697 1698
f 1646 1698 1650
f 1646 1653 1697
f 1647 1659 1648
f 1647 1650 1699
f 1647 1699 1700
f 1647 1700 1659
f 1648 1659 1649
f 1650 1698 1699
f 1651 1701 1652
f 1651 1696 1702
f 1651 1702 1701
f 1652 1701 1704
f 1652 1704 1653
f 1653 1703 1697
f 1653 1704 1705
f 1653 1705 1703
f 1654 1665 1718
f 1654 1718 1706
f 1654 1706 1707
f 1654 1707 1655
f 1655 1707 1708
f 1655 1708 1656
f 1656 1708 1709
f 1656 1709 1657
f 1657 1709 1710
f 1657 1710 1666
f 1658 1659 1661
f 1659 1700 1661
f 1660 1711 1712
f 1660 1712 1663
f 1660 1662 1713
f 1660 1713 1714
f 1660 1714 1711
f 1661 1700 1715
f 1661 1715 1716
f 1661 1716 1662
f 1662 1716 1717
f 1662 1717 1713
f 1663 1712 1664
f 1664 1718 1665
f 1664 1712 1719
f 1664 1719 1718
f 1667 1720 1668
f 1668 1720 1721
f 1668 1721 1722
f 1669 1723 1724
f 1669 1724 1725
f 1669 1725 1670
f 1670 1725 1778
f 1670 1778 1726
f 1671 1727 1728
f 1671 1728 1672
f 1673 1729 1730
f 1673 1730 1676
f 1673 1675 1731
f 1673 1731 1732
f 1673 1732 1733
f 1673 1733 1729
f 1674 1731 1675
f 1676 1730 1677
f 1677 1730 1729
f 1677 1729 1734
f 1677 1734 1678
f 1678 1734 1735
f 1678 1735 1736
f 1678 1736 1679
f 1679 1736 1737
f 1679 1737 1680
f 1680 1737 1681
f 1681 1737 1738
f 1681 1738 1687
f 1682 1739 1689
f 1682 1689 1683
f 1682 1685 1739
f 1683 1689 1684
f 1684 1689 1688
f 1685 1740 1739
f 1685 1686 1741
f 1685 1741 1740
f 1686 1687 1741
f 1687 1742 1741
f 1687 1738 1742
f 1689 1743 1690
f 1689 1739 1743
f 1690 1743 1744
f 1690 1744 1692
f 1692 1744 1745
f 1692 1745 1693
f 1693 1746 1747
f 1693 1747 1748
f 1693 1748 1749
f 1693 1749 1694
f 1693 1745 1746
f 1694 1749 1750
f 1694 1750 1695
f 1695 1750 1749
f 1695 1749 1696
f 1696 1749 1702
f 1697 1751 1698
f 1697 1703 1752
f 1697 1752 1751
f 1698 1751 1699
f 1699 1751 1753
f 1699 1753 1700
f 1700 1753 1715
f 1701 1702 1755
f 1701 1755 1704
f 1702 1749 1754
f 1702 1754 1812
f 1702 1812 1755
f 1703 1705 1758
f 1703 1758 1752
f 1704 1755 1705
f 1705 1755 1756
f 1705 1756 1757
f 1705 1757 1758
f 1706 1718 1773
f 1706 1773 1759
f 1706 1759 1760
f 1706 1760 1707
f 1707 1760 1761
f 1707 1761 1708
f 1708 1761 1763
f 1708 1763 1709
f 1709 1762 1710
f 1709 1763 1820
f 1709 1820 1762
f 1711 1714 1712
f 1712 1714 1764
f 1712 1764 1719
f 1713 1717 1714
f 1714 1765 1764
f 1714 1717 1766
f 1714 1766 1767
f 1714 1767 1768
f 1714 1768 1769
f 1714 1769 1765
f 1715 1753 1770
f 1715 1770 1771
f 1715 1771 1716
f 1716 1771 1772
f 1716 1772 1717
f 1717 1772 1766
f 1718 1719 1764
f 1718 1764 1773
f 1721 1774 1722
f 1722 1774 1775
f 1723 1776 1724
f 1724 1777 1778
f 1724 1778 1725
f 1724 1776 1779
f 1724 1779 1780
f 1724 1780 1777
f 1726 1778 1782
f 1726 1782 1781
f 1727 1783 1784
f 1727 1784 1785
f 1727 1785 1728
f 1729 1733 1786
f 1729 1786 1787
f 1729 1787 1734
f 1732 1788 1733
f 1733 1788 1789
f 1733 1789 1786
f 1734 1787 1790
f 1734 1790 1735
f 1735 1790 1791
f 1735 1791 1792
f 1735 1792 1736
f 1736 1793 1737
f 1736 1792 1793
f 1737 1793 1738
f 1738 1794 1742
f 1738 1793 1794
f 1739 1795 1743
f 1739 1740 1795
f 1740 1796 1795
f 1740 1741 1797
f 1740 1797 1796
f 1741 1742 1798
f 1741 1798 1797
f 1742 1794 1799
f 1742 1799 1798
f 1743 1795 1744
f 1744 1800 1745
f 1744 1795 1801
f 1744 1801 1802
f 1744 1802 1803
f 1744 1803 1800
f 1745 1800 1804
f 1745 1804 1746
f 1746 1804 1747
f 1747 1805 1806
f 1747 1806 1748
f 1747 1804 1807
f 1747 1807 1805
f 1748 1806 1749
f 1749 1806 1808
f 1749 1808 1754
f 1751 1752 1809
f 1751 1809 1753
f 1752 1810 1753
f 1752 1753 1809
f 1752 1758 1810
f 1753 1810 1811
f 1753 1811 1770
f 1754 1808 1862
f 1754 1862 1812
f 1755 1812 1756
f 1756 1812 1813
f 1756 1813 1816
f 1756 1816 1757
f 1757 1814 1815
f 1757 1815 1758
f 1757 1816 1814
f 1758 1815 1810
f 1759 1773 1817
f 1759 1817 1818
f 1759 1818 1760
f 1760 1818 1819
f 1760 1819 1761
f 1761 1819 1763
f 1763 1819 1821
f 1763 1821 1873
f 1763 1873 1820
f 1764 1765 1773
f 1765 1769 1773
f 1766 1768 1767
f 1766 1772 1822
f 1766 1822 1768
f 1768 1823 1824
f 1768 1824 1773
f 1768 1773 1769
f 1768 1822 1825
f 1768 1825 1823
f 1770 1811 1826
f 1770 1826 1771
f 1771 1826 1827
f 1771 1827 1828
f 1771 1828 1772
f 1772 1828 1876
f 1772 1876 1822
f 1773 1824 1817
f 1774 1829 1775
f 1775 1829 1830
f 1776 1831 1832
f 1776 1832 1779
f 1777 1780 1833
f 1777 1833 1782
f 1777 1782 1778
f 1779 1832 1780
f 1780 1832 1834
f 1780 1834 1835
f 1780 1835 1833
f 1781 1782 1836
f 1782 1837 1838
f 1782 1838 1839
f 1782 1839 1836
f 1782 1833 1837
f 1783 1830 1840
f 1783 1840 1784
f 1786 1789 1841
f 1786 1841 1842
f 1786 1842 1787
f 1787 1842 1843
f 1787 1843 1844
f 1787 1844 1790
f 1790 1844 1845
f 1790 1845 1791
f 1791 1846 1792
f 1791 1845 1847
f 1791 1847 1846
f 1792 1846 1848
f 1792 1848 1793
f 1793 1848 1794
f 1794 1848 1849
f 1794 1849 1799
f 1795 1796 1801
f 1796 1850 1801
f 1796 1797 1851
f 1796 1851 1850
f 1797 1798 1851
f 1798 1852 1851
f 1798 1799 1852
f 1799 1849 1853
f 1799 1853 1852
f 1800 1803 1804
f 1801 1850 1854
f 1801 1854 1802
f 1802 1854 1803
f 1803 1854 1855
f 1803 1855 1856
f 1803 1856 1857
f 1803 1857 1807
f 1803 1807 1804
f 1805 1807 1858
f 1805 1858 1859
f 1805 1859 1860
f 1805 1860 1806
f 1806 1861 1862
f 1806 1862 1808
f 1806 1860 1861
f 1807 1857 1858
f 1810 1826 1811
f 1810 1815 1865
f 1810 1865 1826
f 1812 1862 1813
f 1813 1862 1863
f 1813 1863 1868
f 1813 1868 1816
f 1814 1864 1865
f 1814 1865 1815
f 1814 1816 1866
f 1814 1866 1867
f 1814 1867 1864
f 1816 1868 1869
f 1816 1869 1866
f 1817 1824 1870
f 1817 1870 1818
f 1818 1870 1871
f 1818 1871 1872
f 1818 1872 1819
f 1819 1872 1874
f 1819 1874 1821
f 1821 1874 1875
f 1821 1875 1873
f 1822 1876 1825
f 1823 1825 1877
f 1823 1877 1870
f 1823 1870 1824
f 1825 1876 1878
f 1825 1878 1877
f 1826 1879 1827
f 1826 1865 1879
f 1827 1880 1828
f 1827 1879 1929
f 1827 1929 1880
f 1828 1880 1876
f 1829 1881 1830
f 1830 1881 1840
f 1831 1882 1883
f 1831 1883 1832
f 1832 1883 1834
f 1833 1835 1884
f 1833 1884 1885
f 1833 1885 1837
f 1834 1886 1835
f 1834 1883 1887
f 1834 1887 1888
f 1834 1888 1886
f 1835 1886 1884
f 1837 1889 1838
f 1837 1885 1890
f 1837 1890 1889
f 1838 1889 1891
f 1843 1892 1893
f 1843 1893 1844
f 1844 1893 1845
f 1845 1893 1894
f 1845 1894 1847
f 1846 1895 1896
f 1846 1896 1848
f 1846 1847 1895
f 1847 1894 1897
f 1847 1897 1895
f 1848 1896 1849
f 1849 1896 1898
f 1849 1898 1853
f 1850 1851 1899
f 1850 1899 1900
f 1850 1900 1901
f 1850 1901 1854
f 1851 1852 1902
f 1851 1902 1899
f 1852 1853 1903
f 1852 1903 1904
f 1852 1904 1905
f 1852 1905 1902
f 1853 1898 1906
f 1853 1906 1903
f 1854 1901 1855
f 1855 1901 1900
f 1855 1900 1907
f 1855 1907 1856
f 1856 1907 1908
f 1856 1908 1958
f 1856 1958 1909
f 1856 1909 1857
f 1857 1909 1910
f 1857 1910 1858
f 1858 1910 1911
f 1858 1911 1859
f 1859 1911 1912
f 1859 1912 1913
f 1859 1913 1860
f 1860 1913 1914
f 1860 1914 1861
f 1861 1914 1863
f 1861 1863 1862
f 1863 1914 1868
f 1864 1915 1916
f 1864 1916 1865
f 1864 1867 1915
f 1865 1916 1879
f 1866 1869 1917
f 1866 1917 1867
f 1867 1917 1915
f 1868 1914 1918
f 1868 1918 1869
f 1869 1918 1919
f 1869 1919 1920
f 1869 1920 1921
f 1869 1921 1917
f 1870 1877 1922
f 1870 1922 1923
f 1870 1923 1924
f 1870 1924 1871
f 1871 1924 1925
f 1871 1925 1872
f 1872 1925 1926
f 1872 1926 1874
f 1874 1927 1875
f 1874 1926 1927
f 1876 1928 1878
f 1876 1880 1929
f 1876 1929 1930
f 1876 1930 1931
f 1876 1931 1928
f 1877 1878 1922
f 1878 1928 1932
f 1878 1932 1922
f 1879 1916 1930
f 1879 1930 1929
f 1882 1933 1883
f 1883 1933 1934
f 1883 1934 1937
f 1883 1937 1887
f 1884 1886 1935
f 1884 1935 1936
f 1884 1936 1885
f 1885 1936 1890
f 1886 1888 1935
f 1887 1937 1938
f 1887 1938 1888
f 1888 1938 1939
f 1888 1939 1940
f 1888 1940 1935
f 1889 1941 1942
f 1889 1942 1891
f 1889 1890 1943
f 1889 1943 1941
f 1890 1936 1944
f 1890 1944 1945
f 1890 1945 1943
f 1892 1946 1893
f 1893 1946 1894
f 1894 1946 1947
f 1894 1947 1897
f 1895 1897 1948
f 1895 1948 1949
f 1895 1949 1898
f 1895 1898 1896
f 1897 1947 1950
f 1897 1950 1948
f 1898 1951 1906
f 1898 1949 1951
f 1899 1902 1900
f 1900 1902 1952
f 1900 1952 1907
f 1902 1905 1953
f 1902 1953 1952
f 1903 1954 1953
f 1903 1953 1904
f 1903 1906 1955
f 1903 1955 1954
f 1904 1953 1905
f 1906 1951 1955
f 1907 1952 1908
f 1908 1952 1956
f 1908 1956 1957
f 1908 1957 1958
f 1909 1958 1959
f 1909 1959 1960
f 1909 1960 1910
f 1910 1960 1911
f 1911 1960 1961
f 1911 1961 1912
f 1912 1961 1962
f 1912 1962 1963
f 1912 1963 1964
f 1912 1964 1913
f 1913 1964 1914
f 1914 1964 1918
f 1915 1965 1930
f 1915 1930 1916
f 1915 1917 1966
f 1915 1966 2016
f 1915 2016 1965
f 1917 1967 1966
f 1917 1921 1967
f 1918 1964 1919
f 1919 1964 1968
f 1919 1968 1920
f 1920 1969 1970
f 1920 1970 1967
f 1920 1967 1921
f 1920 1968 1971
f 1920 1971 1972
f 1920 1972 1973
f 1920 1973 1969
f 1922 1932 1923
f 1923 1932 1974
f 1923 1974 1975
f 1923 1975 1976
f 1923 1976 1924
f 1924 1976 1925
f 1925 1976 2024
f 1925 2024 1977
f 1925 1977 2026
f 1925 2026 1978
f 1925 1978 1926
f 1926 1978 1979
f 1926 1979 1980
f 1926 1980 1927
f 1928 1974 1932
f 1928 1931 1981
f 1928 1981 1974
f 1930 1965 1982
f 1930 1982 1931
f 1931 1982 1981
f 1933 1983 1934
f 1934 1983 1984
f 1934 1984 1985
f 1934 1985 1986
f 1934 1986 1937
f 1935 1940 1987
f 1935 1987 1936
f 1936 1987 1944
f 1937 1986 1988
f 1937 1988 1938
f 1938 1988 1989
f 1938 1989 1939
f 1939 1989 1990
f 1939 1990 1991
f 1939 1991 1940
f 1940 1991 1992
f 1940 1992 1987
f 1941 1943 1993
f 1941 1993 1994
f 1941 1994 1995
f 1941 1995 1996
f 1941 1996 1942
f 1943 1945 1997
f 1943 1997 1993
f 1944 1987 1998
f 1944 1998 1945
f 1945 1998 1999
f 1945 1999 2000
f 1945 2000 1997
f 1946 2001 1947
f 1947 2001 2002
f 1947 2002 2003
f 1947 2003 1950
f 1948 1950 2004
f 1948 2004 2005
f 1948 2005 1949
f 1949 2005 1951
f 1950 2003 2006
f 1950 2006 2007
f 1950 2007 2004
f 1951 2008 1955
f 1951 2005 2008
f 1952 1953 1954
f 1952 1954 1956
f 1954 1955 2009
f 1954 2009 1956
f 1955 2008 2056
f 1955 2056 2009
f 1956 2009 1957
f 1957 2010 2011
f 1957 2011 1958
f 1957 2009 2012
f 1957 2012 2010
f 1958 2011 1959
f 1959 2011 2013
f 1959 2013 1960
f 1960 2013 1961
f 1961 2013 1962
f 1962 2013 2014
f 1962 2014 2064
f 1962 2064 2015
f 1962 2015 1971
f 1962 1971 1963
f 1963 1971 1968
f 1963 1968 1964
f 1965 2016 2030
f 1965 2030 1982
f 1966 1967 2016
f 1967 1970 2017
f 1967 2017 2016
f 1969 2018 2017
f 1969 2017 1970
f 1969 1973 2018
f 1971 2015 1972
f 1972 2015 2019
f 1972 2019 1973
f 1973 2019 2020
f 1973 2020 2021
f 1973 2021 2018
f 1974 1981 2022
f 1974 2022 2023
f 1974 2023 1975
f 1975 2023 2024
f 1975 2024 1976
f 1977 2024 2074
f 1977 2074 2025
f 1977 2025 2075
f 1977 2075 2026
f 1978 2026 1979
f 1979 2026 2027
f 1981 1982 2028
f 1981 2028 2029
f 1981 2029 2022
f 1982 2030 2080
f 1982 2080 2028
f 1984 2031 1985
f 1985 2031 2032
f 1985 2032 2033
f 1985 2033 2034
f 1985 2034 1986
f 1986 2034 2035
f 1986 2035 1988
f 1987 1992 1998
f 1988 2035 2036
f 1988 2036 1989
f 1989 2036 2037
f 1989 2037 1990
f 1990 2037 2089
f 1990 2089 2038
f 1990 2038 2039
f 1990 2039 1991
f 1991 2040 1992
f 1991 2039 2040
f 1992 2040 1998
f 1993 2041 2042
f 1993 2042 1994
f 1993 1997 2043
f 1993 2043 2041
f 1994 2044 1995
f 1994 2042 2044
f 1997 2000 2045
f 1997 2045 2043
f 1998 2040 1999
f 1999 2040 2046
f 1999 2046 2000
f 2000 2046 2047
f 2000 2047 2048
f 2000 2048 2049
f 2000 2049 2045
f 2002 2050 2006
f 2002 2006 2003
f 2004 2007 2051
f 2004 2051 2005
f 2005 2052 2053
f 2005 2053 2008
f 2005 2051 2052
f 2006 2050 2007
f 2007 2050 2054
f 2007 2054 2055
f 2007 2055 2051
f 2008 2053 2056
f 2009 2056 2057
f 2009 2057 2012
f 2010 2058 2011
f 2010 2012 2059
f 2010 2059 2060
f 2010 2060 2058
f 2011 2058 2061
f 2011 2061 2013
f 2012 2057 2062
f 2012 2062 2059
f 2013 2061 2014
f 2014 2061 2063
f 2014 2063 2113
f 2014 2113 2064
f 2015 2064 2019
f 2016 2017 2066
f 2016 2066 2030
f 2017 2018 2065
f 2017 2065 2066
f 2018 2021 2071
f 2018 2071 2065
f 2019 2064 2067
f 2019 2067 2068
f 2019 2068 2020
f 2020 2069 2021
f 2020 2068 2069
f 2021 2069 2070
f 2021 2070 2071
f 2022 2029 2023
f 2023 2029 2072
f 2023 2072 2073
f 2023 2073 2024
f 2024 2073 2074
f 2025 2074 2076
f 2025 2076 2077
f 2025 2077 2078
f 2025 2078 2075
f 2026 2075 2027
f 2027 2075 2079
f 2028 2080 2081
f 2028 2081 2072
f 2028 2072 2029
f 2030 2066 2117
f 2030 2117 2080
f 2032 2082 2033
f 2033 2082 2083
f 2033 2083 2084
f 2033 2084 2034
f 2034 2084 2085
f 2034 2085 2035
f 2035 2085 2086
f 2035 2086 2036
f 2036 2086 2087
f 2036 2087 2037
f 2037 2087 2088
f 2037 2088 2089
f 2038 2047 2039
f 2038 2089 2047
f 2039 2047 2046
f 2039 2046 2040
f 2041 2090 2042
f 2041 2043 2091
f 2041 2091 2090
f 2042 2090 2092
f 2042 2092 2093
f 2042 2093 2094
f 2042 2094 2044
f 2043 2095 2091
f 2043 2045 2095
f 2045 2049 2099
f 2045 2099 2096
f 2045 2096 2095
f 2047 2089 2097
f 2047 2097 2098
f 2047 2098 2048
f 2048 2098 2049
f 2049 2098 2100
f 2049 2100 2101
f 2049 2101 2099
f 2051 2055 2102
f 2051 2102 2103
f 2051 2103 2104
f 2051 2104 2052
f 2052 2104 2053
f 2053 2104 2105
f 2053 2105 2057
f 2053 2057 2056
f 2054 2106 2055
f 2055 2107 2102
f 2055 2106 2107
f 2057 2105 2108
f 2057 2108 2062
f 2058 2109 2063
f 2058 2063 2061
f 2058 2060 2109
f 2059 2062 2110
f 2059 2110 2060
f 2060 2110 2111
f 2060 2111 2109
f 2062 2112 2110
f 2062 2108 2112
f 2063 2109 2101
f 2063 2101 2113
f 2064 2113 2114
f 2064 2114 2067
f 2065 2071 2115
f 2065 2115 2116
f 2065 2116 2117
f 2065 2117 2066
f 2067 2114 2118
f 2067 2118 2068
f 2068 2118 2119
f 2068 2119 2069
f 2069 2119 2088
f 2069 2088 2070
f 2070 2120 2115
f 2070 2115 2071
f 2070 2088 2087
f 2070 2087 2120
f 2072 2121 2073
f 2072 2081 2121
f 2073 2121 2122
f 2073 2122 2074
f 2074 2122 2123
f 2074 2123 2076
f 2075 2078 2124
f 2075 2124 2136
f 2075 2136 2079
f 2076 2123 2125
f 2076 2125 2126
f 2076 2126 2077
f 2077 2127 2078
f 2077 2126 2128
f 2077 2128 2129
f 2077 2129 2130
f 2077 2130 2131
f 2077 2131 2132
f 2077 2132 2133
f 2077 2133 2134
f 2077 2134 2127
f 2078 2127 2133
f 2078 2133 2135
f 2078 2135 2124
f 2080 2117 2138
f 2080 2138 2081
f 2081 2137 2122
f 2081 2122 2121
f 2081 2138 2137
f 2082 2139 2083
f 2083 2139 2140
f 2083 2140 2141
f 2083 2141 2084
f 2084 2141 2142
f 2084 2142 2085
f 2085 2142 2143
f 2085 2143 2086
f 2086 2143 2120
f 2086 2120 2087
f 2088 2119 2144
f 2088 2144 2089
f 2089 2144 2097
f 2090 2091 2145
f 2090 2145 2146
f 2090 2146 2092
f 2091 2095 2147
f 2091 2147 2145
f 2092 2148 2093
f 2092 2146 2148
f 2095 2149 2147
f 2095 2096 2149
f 2096 2099 2150
f 2096 2150 2149
f 2097 2144 2151
f 2097 2151 2098
f 2098 2151 2100
f 2099 2101 2111
f 2099 2111 2150
f 2100 2151 2114
f 2100 2114 2113
f 2100 2113 2101
f 2101 2109 2111
f 2102 2152 2153
f 2102 2153 2154
f 2102 2154 2103
f 2102 2107 2155
f 2102 2155 2156
f 2102 2156 2157
f 2102 2157 2152
f 2103 2154 2104
f 2104 2154 2105
f 2105 2154 2108
f 2106 2155 2107
f 2108 2158 2112
f 2108 2154 2153
f 2108 2153 2152
f 2108 2152 2158
f 2110 2112 2150
f 2110 2150 2111
f 2112 2158 2149
f 2112 2149 2150
f 2114 2151 2118
f 2115 2120 2143
f 2115 2143 2159
f 2115 2159 2116
f 2116 2159 2160
f 2116 2160 2138
f 2116 2138 2117
f 2118 2151 2144
f 2118 2144 2119
f 2122 2137 2123
f 2123 2137 2125
f 2124 2135 2161
f 2124 2161 2136
f 2125 2137 2126
f 2126 2137 2138
f 2126 2138 2129
f 2126 2129 2128
f 2127 2134 2133
f 2129 2138 2160
f 2129 2160 2130
f 2130 2159 2143
f 2130 2143 2142
f 2130 2142 2141
f 2130 2141 2162
f 2130 2162 2131
f 2130 2160 2159
f 2131 2133 2132
f 2131 2162 2133
f 2133 2162 2163
f 2133 2163 2164
f 2133 2164 2165
f 2133 2165 2166
f 2133 2166 2135
f 2135 2167 2161
f 2135 2166 2168
f 2135 2168 2167
f 2139 2169 2140
f 2140 2169 2175
f 2140 2175 2163
f 2140 2163 2162
f 2140 2162 2141
f 2145 2152 2146
f 2145 2147 2152
f 2146 2152 2170
f 2146 2170 2171
f 2146 2171 2172
f 2146 2172 2148
f 2147 2149 2158
f 2147 2158 2152
f 2152 2157 2170
f 2156 2173 2157
f 2157 2173 2174
f 2157 2174 2170
f 2163 2175 2176
f 2163 2176 2164
f 2164 2176 2165
f 2165 2176 2166
f 2166 2176 2168
f 2170 2174 2171
