# Blender 5.1.2
# www.blender.org
o textured.full_tmp
v -0.999617 0.197044 -0.009130
v -0.993587 0.143314 -0.044296
v -1.000743 0.131653 0.005896
v -0.984489 0.083833 0.054987
v -0.987552 0.217550 0.056373
v -0.975810 0.280582 -0.045374
v -0.980589 0.283471 0.009015
v -0.978734 0.204036 -0.067702
v -0.977779 0.132258 0.071348
v -0.977301 0.104473 -0.066305
v -0.980544 0.140641 -0.066342
v -0.979594 0.123878 -0.066607
v -0.979392 0.183661 -0.065928
v -0.981853 0.183578 -0.068030
v -0.971892 0.234456 0.071234
v -0.976959 0.194100 0.070891
v -0.978279 0.204007 -0.067382
v -0.973909 0.226386 -0.068719
v -0.974561 0.089628 -0.066637
v -0.977732 0.134004 0.071432
v -0.975689 0.009988 0.007307
v -0.974584 0.092405 -0.067619
v -0.971821 0.087911 0.071013
v -0.976824 0.195358 0.071342
v -0.973528 0.226348 -0.068381
v -0.969552 0.251047 -0.068561
v -0.973414 0.022503 -0.042873
v -0.966828 0.262168 -0.068093
v -0.953151 0.329118 0.054600
v -0.951981 -0.027863 0.052196
v -0.970296 0.067741 -0.066697
v -0.970192 0.067909 -0.066699
v -0.975859 0.180460 -0.076471
v -0.973676 0.089414 0.073736
v -0.969956 0.237870 0.071425
v -0.970495 0.247519 -0.068079
v -0.936734 0.378110 -0.009900
v -0.964837 0.046316 -0.066918
v -0.966211 0.058699 0.070111
v -0.968629 0.236683 0.074773
v -0.968922 0.236375 0.072496
v -0.969206 0.235722 0.072360
v -0.969792 0.237838 0.071492
v -0.966753 0.246470 0.070441
v -0.967838 0.246723 0.071584
v -0.967141 0.258949 -0.068363
v -0.965674 0.058779 0.069400
v -0.960082 0.031946 0.071823
v -0.965438 0.256694 0.071102
v -0.965090 0.256561 0.071428
v -0.959030 0.288258 -0.068377
v -0.965613 0.046282 -0.067676
v -0.960733 0.284943 -0.068204
v -0.956391 0.016255 -0.066668
v -0.959254 0.032023 0.070523
v -0.951508 0.302928 0.071315
v -0.956618 0.016187 -0.066894
v -0.952780 0.304115 -0.068453
v -0.953054 0.304224 -0.068706
v -0.949914 0.001779 0.068762
v -0.924068 -0.083230 0.047800
v -0.925157 -0.089526 -0.012495
v -0.951178 0.000162 -0.065428
v -0.950819 0.000274 -0.065111
v -0.935281 0.092078 -0.074372
v -0.917495 0.358985 0.077490
v -0.950582 0.302577 0.070380
v -0.919378 0.385453 0.059112
v -0.950173 0.001705 0.069014
v -0.919574 -0.052477 -0.073511
v -0.947026 -0.010093 -0.065519
v -0.947030 -0.010096 -0.065515
v -0.945256 0.317987 0.072492
v -0.923356 -0.062679 -0.066644
v -0.942001 -0.022460 -0.066118
v -0.944089 0.317429 0.071209
v -0.945939 0.319835 -0.068654
v -0.946332 0.320014 -0.068974
v -0.943977 -0.012997 0.069269
v -0.915548 0.356544 -0.078828
v -0.924486 0.365951 -0.069206
v -0.941870 -0.022390 -0.065853
v -0.944073 -0.013047 0.069386
v -0.938465 0.330152 0.071713
v -0.936646 -0.031135 0.068655
v -0.930207 0.196994 -0.073210
v -0.933801 0.346518 -0.068110
v -0.932039 0.343005 0.072704
v -0.938653 0.330247 0.071936
v -0.933319 0.346235 -0.067681
v -0.931721 0.342855 0.072342
v -0.936982 -0.031236 0.069031
v -0.924655 0.357581 0.071876
v -0.932156 0.034862 0.076204
v -0.929487 0.186184 -0.071282
v -0.922400 -0.059959 0.068861
v -0.928728 0.094530 -0.072055
v -0.929532 0.111304 -0.070894
v -0.930571 0.165453 -0.071625
v -0.922359 -0.059934 0.068874
v -0.923615 0.067431 -0.071151
v -0.928411 0.099223 -0.070792
v -0.928890 0.099535 -0.071160
v -0.930406 0.185764 -0.072048
v -0.929278 0.191429 -0.071536
v -0.928519 0.191346 -0.070819
v -0.923601 0.229041 -0.071675
v -0.924298 0.357314 0.071466
v -0.921174 0.367578 -0.067810
v -0.927492 0.095975 -0.070597
v -0.928300 0.106582 -0.070088
v -0.926082 0.102604 0.069260
v -0.925312 0.099974 0.068685
v -0.923624 0.230825 -0.071821
v -0.886396 0.426195 -0.057022
v -0.922221 -0.062050 -0.065997
v -0.908573 0.296401 -0.075748
v -0.891420 -0.043917 -0.073683
v -0.916310 0.035962 -0.070801
v -0.921316 0.056694 -0.070775
v -0.923037 0.067448 -0.070398
v -0.922529 0.067790 -0.070848
v -0.923436 0.076426 0.069754
v -0.917267 0.127680 -0.046785
v -0.913401 0.223371 -0.052908
v -0.919686 0.368687 -0.067310
v -0.914666 -0.072529 0.068833
v -0.920082 0.049256 -0.071148
v -0.919522 0.048061 -0.071369
v -0.920988 0.056926 -0.070464
v -0.920386 0.057428 -0.070809
v -0.919167 0.052261 -0.070210
v -0.917144 0.254339 -0.071871
v -0.918844 0.368528 0.071116
v -0.918662 0.368423 0.071249
v -0.914164 0.045812 0.069476
v -0.918676 0.044310 -0.071088
v -0.918939 0.048631 -0.070440
v -0.918636 0.049272 -0.070131
v -0.919573 0.059243 0.069818
v -0.921382 0.076451 0.068229
v -0.917508 0.254498 -0.071352
v -0.917919 0.367163 0.072630
v -0.913244 0.382340 -0.066352
v -0.882769 -0.125570 -0.062866
v -0.914754 -0.075002 -0.065174
v -0.915072 -0.075195 -0.065438
v -0.912787 0.031319 -0.069545
v -0.915600 0.051074 0.068165
v -0.905313 0.045314 -0.049337
v -0.918289 0.368791 0.071510
v -0.912888 0.382089 -0.066067
v -0.910772 0.381618 0.071664
v -0.908518 -0.081968 0.069217
v -0.912469 -0.075066 0.068643
v -0.886546 -0.110790 0.071878
v -0.911646 0.028273 -0.069356
v -0.912067 0.273511 -0.072731
v -0.903703 -0.091589 -0.064963
v -0.905521 -0.089441 -0.065321
v -0.905915 0.288879 -0.072813
v -0.912314 0.273542 -0.072370
v -0.908322 0.383833 0.071041
v -0.888005 0.434215 0.014340
v -0.908062 0.019634 -0.069491
v -0.910060 0.022454 -0.069652
v -0.908909 0.022849 -0.069144
v -0.902098 0.008073 0.067521
v -0.871738 0.365650 -0.078371
v -0.904789 0.393786 -0.066218
v -0.885563 -0.139733 -0.016444
v -0.879396 -0.147373 0.015922
v -0.908088 0.016420 -0.069806
v -0.906140 0.288971 -0.072526
v -0.899556 0.395686 0.071372
v -0.904589 0.393644 -0.066052
v -0.901241 -0.092692 0.068486
v -0.904676 -0.088728 0.067955
v -0.906867 0.016764 -0.069295
v -0.898428 0.036560 0.039804
v -0.902970 0.006304 -0.069035
v -0.902607 0.006452 -0.069344
v -0.859293 0.429424 -0.078287
v -0.896029 0.404598 -0.066859
v -0.899322 0.395508 0.071141
v -0.896317 -0.104073 -0.066008
v -0.896354 -0.100397 0.068290
v -0.897579 -0.008350 -0.069314
v -0.897726 -0.008439 -0.069154
v -0.896036 0.404600 -0.066853
v -0.882132 0.434155 0.037751
v -0.900630 0.011334 0.064924
v -0.888998 0.292197 -0.044961
v -0.892410 0.317127 -0.073168
v -0.892685 0.317275 -0.072831
v -0.893685 -0.102909 0.067640
v -0.888007 0.408858 0.070242
v -0.887308 0.428071 -0.041416
v -0.887433 0.433764 -0.006577
v -0.881133 -0.137938 -0.037844
v -0.882349 -0.129387 -0.050663
v -0.890665 -0.107118 0.067631
v -0.888776 -0.026777 -0.069706
v -0.887215 0.429719 -0.032926
v -0.888745 -0.026794 -0.069676
v -0.888611 0.409453 0.071045
v -0.882837 -0.132931 -0.044440
v -0.882117 -0.138076 -0.038115
v -0.881734 -0.132351 -0.046905
v -0.887137 -0.115690 -0.065277
v -0.886767 -0.111816 0.068524
v -0.890284 -0.012043 0.064684
v -0.886841 0.325909 -0.072458
v -0.886956 0.325971 -0.072327
v -0.887429 0.414780 -0.066813
v -0.885104 0.419557 -0.063760
v -0.886035 0.426794 -0.045783
v -0.885758 0.429581 -0.036703
v -0.887467 0.433796 -0.006586
v -0.887074 0.433277 0.014352
v -0.885132 -0.138109 -0.016784
v -0.885730 -0.118250 -0.064186
v -0.871354 -0.133468 0.066746
v -0.877125 -0.046956 -0.069089
v -0.868148 0.433469 -0.068176
v -0.887696 0.414672 -0.066760
v -0.884586 0.419026 -0.064559
v -0.886239 0.421332 -0.059395
v -0.883992 0.433754 -0.031344
v -0.884415 0.433710 -0.028109
v -0.881703 0.437407 0.023718
v -0.878885 -0.146917 0.015861
v -0.882412 -0.149012 -0.007573
v -0.879424 -0.145889 -0.007773
v -0.867788 -0.150388 0.048628
v -0.882322 -0.129411 -0.054243
v -0.880971 -0.123701 -0.062339
v -0.881648 -0.118082 0.066963
v -0.886798 -0.113978 0.067002
v -0.886798 -0.113978 0.067002
v -0.883351 0.418851 -0.066639
v -0.885328 0.425110 -0.060878
v -0.885456 0.419757 -0.062405
v -0.885778 0.419786 -0.062402
v -0.883620 0.423124 -0.058532
v -0.882098 -0.119104 0.067638
v -0.880621 0.335503 -0.072489
v -0.880620 0.335486 -0.072431
v -0.880578 0.416566 0.070961
v -0.881451 0.416221 0.070802
v -0.882687 0.420629 -0.065337
v -0.881163 0.421000 -0.066713
v -0.882956 0.420964 -0.064624
v -0.882956 0.420964 -0.064624
v -0.881047 0.435070 0.038070
v -0.883329 0.439501 0.023923
v -0.827706 0.480238 -0.018911
v -0.874601 -0.046200 0.067508
v -0.879900 0.421299 -0.065665
v -0.880040 0.423570 -0.064960
v -0.880040 0.423570 -0.064960
v -0.878058 0.437667 0.036048
v -0.876981 -0.046896 -0.069166
v -0.873283 0.347577 -0.072992
v -0.875578 0.421091 0.070258
v -0.873855 0.422832 0.070225
v -0.866612 0.432387 0.067777
v -0.872923 0.433738 0.059110
v -0.867754 0.432993 -0.067711
v -0.873859 -0.146587 0.037330
v -0.872087 -0.146122 0.040575
v -0.872130 -0.151142 0.032120
v -0.872151 -0.150732 0.033673
v -0.873948 -0.148148 0.036168
v -0.872112 -0.147131 0.042973
v -0.872914 -0.132493 -0.064884
v -0.871964 -0.133863 -0.065299
v -0.871131 -0.133266 0.066521
v -0.874556 -0.045839 0.067304
v -0.873496 0.347719 -0.072775
v -0.872257 0.433363 0.058772
v -0.872016 -0.150740 0.034238
v -0.861472 -0.153320 0.053474
v -0.869836 -0.059092 -0.069385
v -0.872548 -0.055321 -0.069116
v -0.867835 -0.034645 -0.035171
v -0.751084 0.456131 -0.080615
v -0.867887 0.433086 0.066425
v -0.865414 -0.151166 0.049424
v -0.866901 -0.062838 -0.068793
v -0.864398 -0.141669 -0.064709
v -0.863036 -0.141520 0.067013
v -0.862318 -0.142905 0.066810
v -0.863691 -0.062906 0.066516
v -0.866907 -0.059353 0.066809
v -0.860978 0.434361 0.069875
v -0.864310 -0.142198 -0.064212
v -0.863850 -0.067593 -0.069157
v -0.863177 -0.067511 -0.069742
v -0.847316 -0.060506 0.016735
v -0.863185 0.360627 -0.072471
v -0.862819 0.360976 -0.071896
v -0.853831 0.443133 -0.069228
v -0.829472 -0.188263 0.050129
v -0.860791 -0.152613 0.056657
v -0.857061 -0.152790 0.058986
v -0.861956 -0.144112 -0.064757
v -0.862188 -0.144326 -0.064296
v -0.862188 -0.144326 -0.064296
v -0.860717 -0.143771 -0.066522
v -0.860504 0.434573 0.070831
v -0.853713 0.442986 -0.069099
v -0.857126 -0.152656 0.062321
v -0.859818 -0.146241 -0.064826
v -0.859884 -0.144847 -0.066183
v -0.820263 -0.171764 -0.073992
v -0.858358 -0.075692 -0.068996
v -0.856051 0.370139 -0.073611
v -0.858167 -0.146341 -0.066141
v -0.855080 -0.151199 0.066622
v -0.858015 -0.075408 -0.069331
v -0.824101 0.462273 0.071564
v -0.852443 0.373957 -0.072897
v -0.852209 -0.153939 0.066427
v -0.851988 -0.083766 -0.069104
v -0.851612 0.375559 -0.072576
v -0.855412 0.441221 0.068832
v -0.852529 0.441378 0.069379
v -0.816026 0.478202 0.051459
v -0.836657 -0.166469 -0.065627
v -0.851428 -0.154121 0.066909
v -0.852988 -0.152439 0.067220
v -0.852582 -0.151880 0.067800
v -0.851296 -0.083185 -0.069761
v -0.847443 0.444683 0.070373
v -0.849869 -0.081250 0.065626
v -0.849754 -0.081110 0.065262
v -0.805218 -0.132682 -0.070765
v -0.826234 -0.113517 -0.069539
v -0.841406 -0.095314 -0.069513
v -0.848460 -0.085540 0.067712
v -0.834107 0.392642 -0.072459
v -0.846584 -0.086517 0.066485
v -0.842333 -0.091253 0.065078
v -0.820531 0.465031 -0.071637
v -0.843188 0.449667 -0.069630
v -0.843303 0.449828 -0.069735
v -0.837629 -0.167204 0.067297
v -0.838388 -0.166330 0.067360
v -0.842106 -0.095990 -0.068570
v -0.836578 0.390782 -0.072977
v -0.839472 0.451781 0.069797
v -0.816987 0.406236 -0.073817
v -0.836932 -0.166889 -0.066101
v -0.837992 -0.168772 0.065268
v -0.837364 -0.167550 0.066946
v -0.833963 0.456742 -0.070244
v -0.835657 0.453029 0.070517
v -0.825977 -0.179122 0.068180
v -0.830689 -0.107879 -0.068551
v -0.830757 -0.107928 -0.068415
v -0.824866 -0.109535 0.064708
v -0.823721 0.383895 -0.042645
v -0.832066 0.395600 -0.072043
v -0.832577 0.456782 -0.070736
v -0.806572 -0.114982 -0.031948
v -0.825634 0.388674 -0.054247
v -0.828614 0.391210 -0.062587
v -0.833747 0.444944 0.077533
v -0.828855 0.459449 -0.070364
v -0.819078 -0.195477 -0.050895
v -0.829626 -0.100141 0.059016
v -0.830700 -0.100014 0.060574
v -0.829806 -0.105208 0.064519
v -0.832460 -0.102505 0.065351
v -0.832831 -0.101241 0.064890
v -0.829156 -0.099394 0.057142
v -0.827766 -0.099546 0.054772
v -0.824468 -0.101489 0.052037
v -0.816250 -0.103186 0.032090
v -0.826831 0.379707 -0.036162
v -0.823379 0.401891 -0.074381
v -0.793555 0.480401 -0.072729
v -0.782099 -0.161678 -0.072869
v -0.827713 -0.111153 -0.068173
v -0.830300 -0.104382 0.065278
v -0.827360 -0.103884 0.060786
v -0.826792 -0.103808 0.059850
v -0.826393 -0.103001 0.057993
v -0.827963 0.390476 -0.063035
v -0.824984 -0.179091 0.067198
v -0.823468 -0.180499 0.066538
v -0.826050 -0.115098 -0.069590
v -0.825982 -0.113804 -0.068684
v -0.825396 -0.112824 -0.067770
v -0.825538 -0.111834 -0.066596
v -0.823958 -0.103609 0.054620
v -0.823559 0.377327 -0.005985
v -0.823761 0.376917 -0.008353
v -0.823512 0.461515 0.070658
v -0.815643 -0.186271 -0.066067
v -0.815641 -0.186264 -0.066048
v -0.823908 -0.178596 0.067836
v -0.813574 -0.123503 -0.067273
v -0.823899 -0.115585 -0.068334
v -0.823533 -0.115166 -0.067509
v -0.823212 -0.114988 -0.067242
v -0.823066 -0.114795 -0.066911
v -0.823155 -0.112777 -0.064946
v -0.821053 -0.113507 0.064470
v -0.821399 -0.103499 0.048975
v -0.823478 -0.101462 0.049476
v -0.815769 -0.102755 0.032209
v -0.825431 0.388459 -0.054327
v -0.822000 -0.119254 -0.069554
v -0.822167 -0.118783 -0.068710
v -0.821489 -0.117321 -0.067284
v -0.819192 -0.117667 0.066553
v -0.808484 0.469518 0.070619
v -0.802733 0.472989 -0.072522
v -0.809155 -0.192842 0.067572
v -0.819962 -0.121316 -0.069546
v -0.820049 -0.119606 -0.068361
v -0.818862 -0.120483 -0.068340
v -0.818918 -0.116956 -0.064714
v -0.820234 -0.114758 -0.063388
v -0.820232 -0.114226 0.064391
v -0.819880 -0.116473 0.066737
v -0.789632 -0.210045 -0.067060
v -0.818019 -0.121758 -0.068445
v -0.810505 -0.123762 -0.061980
v -0.819914 -0.106720 0.052416
v -0.820065 -0.106901 0.052363
v -0.820567 -0.104048 0.048099
v -0.820259 0.464637 -0.071197
v -0.815443 -0.123291 -0.068176
v -0.815662 -0.123168 -0.067624
v -0.807351 -0.120270 -0.050871
v -0.810465 -0.109670 0.029065
v -0.764616 -0.248961 0.007963
v -0.813370 -0.124513 -0.067062
v -0.813552 -0.123780 -0.066218
v -0.811452 -0.110559 0.028830
v -0.808788 0.469509 0.070272
v -0.798923 -0.200817 -0.066368
v -0.809195 -0.192900 0.067537
v -0.811760 -0.129520 -0.069542
v -0.811462 -0.127825 -0.068039
v -0.811586 -0.128360 -0.068622
v -0.811554 -0.127268 -0.067630
v -0.812298 -0.129481 -0.063431
v -0.809169 -0.125489 -0.061422
v -0.808210 -0.110330 0.004535
v -0.807939 -0.109752 -0.006165
v -0.798981 -0.200879 -0.066426
v -0.807995 -0.131132 -0.067868
v -0.809741 -0.129966 -0.068409
v -0.808514 -0.129159 -0.066616
v -0.808722 -0.129200 -0.066855
v -0.807673 -0.130741 -0.067317
v -0.808840 -0.129418 -0.067186
v -0.806677 -0.129454 -0.064779
v -0.808580 -0.128354 -0.065845
v -0.808354 -0.128920 -0.066230
v -0.809292 -0.127800 -0.065984
v -0.809482 -0.127248 -0.065600
v -0.804953 -0.115896 -0.030149
v -0.806796 -0.109882 -0.005964
v -0.805861 -0.111131 -0.009065
v -0.802135 -0.114472 -0.002728
v -0.807545 -0.109924 0.013122
v -0.767627 0.420605 -0.040065
v -0.801824 0.472575 -0.072468
v -0.807404 -0.131829 -0.068059
v -0.804222 -0.133213 -0.066430
v -0.807426 -0.131346 -0.067652
v -0.806381 -0.128483 -0.063502
v -0.806034 -0.129114 -0.063892
v -0.806990 -0.128002 -0.063639
v -0.798093 -0.138486 0.066494
v -0.807755 -0.120647 -0.050551
v -0.805315 -0.133867 -0.068082
v -0.803457 -0.135489 -0.068088
v -0.804827 -0.132021 -0.065871
v -0.804411 -0.132340 -0.065794
v -0.804238 -0.132954 -0.066286
v -0.804944 -0.131366 -0.065294
v -0.804350 -0.130960 -0.064148
v -0.802921 -0.114161 -0.009470
v -0.805718 0.415620 -0.073686
v -0.804960 0.414780 -0.072248
v -0.793283 0.477235 0.071092
v -0.802052 -0.135028 -0.066270
v -0.805038 -0.131382 0.066671
v -0.802680 -0.129822 -0.060374
v -0.802337 -0.116208 0.001365
v -0.802428 -0.114528 -0.007054
v -0.801636 0.418802 -0.074027
v -0.800915 0.420134 -0.075432
v -0.799884 -0.134672 -0.063454
v -0.800178 0.420138 -0.073617
v -0.799350 -0.140150 -0.066820
v -0.798807 -0.139556 -0.067610
v -0.798562 -0.136136 0.065357
v -0.802520 -0.114588 -0.009012
v -0.798612 0.419400 -0.076314
v -0.793178 0.477004 0.070879
v -0.795661 -0.203335 0.067328
v -0.796687 -0.140057 0.067199
v -0.795691 -0.203374 0.067378
v -0.789456 -0.149740 -0.068611
v -0.789049 -0.149225 -0.069191
v -0.795260 0.423274 -0.074873
v -0.795202 0.422360 -0.073578
v -0.795243 0.423324 -0.075075
v -0.789626 0.476764 -0.069302
v -0.789028 -0.209382 -0.066633
v -0.742510 -0.168276 -0.018294
v -0.792676 0.476512 -0.072950
v -0.786214 -0.149016 0.066689
v -0.776443 0.483337 -0.071630
v -0.787779 0.479251 -0.072331
v -0.784433 0.429992 -0.075241
v -0.721146 0.500186 -0.075111
v -0.783820 0.482374 -0.072242
v -0.781420 -0.213755 0.066721
v -0.782017 -0.214520 0.067543
v -0.647065 -0.290861 0.075557
v -0.782350 -0.154939 -0.068525
v -0.781179 -0.213001 -0.068426
v -0.780946 -0.212988 -0.069223
v -0.783867 -0.213270 -0.066300
v -0.782625 -0.155259 -0.068183
v -0.778400 0.483045 0.071618
v -0.778139 0.483386 0.071602
v -0.784390 0.429905 -0.075337
v -0.772092 -0.221382 -0.068328
v -0.772917 -0.160603 0.067299
v -0.772480 -0.160097 0.067698
v -0.774913 0.434677 -0.074913
v -0.775086 -0.161705 -0.068613
v -0.773056 -0.163384 -0.068576
v -0.777338 0.484123 -0.073895
v -0.771785 -0.221004 -0.067966
v -0.771113 -0.164003 -0.068682
v -0.774802 0.434408 -0.075185
v -0.787672 0.487878 0.067193
v -0.772293 0.484415 -0.071935
v -0.772446 0.486166 0.069926
v -0.763104 0.441710 -0.076162
v -0.763104 -0.226574 0.067928
v -0.763405 -0.226958 0.068376
v -0.758887 -0.172463 0.067463
v -0.757125 0.490219 -0.072325
v -0.757021 0.489943 -0.072025
v -0.765966 0.486819 0.072320
v -0.767335 0.486706 0.071326
v -0.767558 0.487104 0.070848
v -0.758864 0.489415 0.071840
v -0.720546 0.517503 -0.002557
v -0.727955 -0.181654 0.035615
v -0.762730 -0.227640 -0.068378
v -0.763082 -0.228193 -0.069032
v -0.700729 -0.226232 -0.075187
v -0.761370 -0.171488 -0.069678
v -0.760402 -0.170908 -0.069931
v -0.742358 -0.184192 0.067651
v -0.762855 0.440912 -0.077018
v -0.758835 -0.172374 0.067578
v -0.750889 0.489681 0.073464
v -0.751267 0.490920 0.075166
v -0.747141 -0.238326 -0.068934
v -0.747690 -0.237698 -0.069188
v -0.755401 -0.232301 0.068141
v -0.752283 -0.233534 0.067263
v -0.751978 -0.179857 -0.068232
v -0.751637 -0.179416 -0.068760
v -0.746683 0.491595 0.072910
v -0.746636 -0.237689 0.068164
v -0.741525 -0.186818 -0.068554
v -0.736475 0.449286 -0.076474
v -0.747128 0.496872 -0.073662
v -0.746219 0.493475 -0.073104
v -0.737421 -0.245552 -0.069120
v -0.688588 -0.265948 -0.078062
v -0.740653 -0.243724 -0.068389
v -0.741490 -0.186770 -0.068587
v -0.741710 -0.244596 0.066943
v -0.741973 -0.240000 0.068803
v -0.725764 -0.197618 -0.069412
v -0.743740 0.495050 -0.071368
v -0.741594 -0.242560 0.067452
v -0.739422 -0.242621 0.068058
v -0.743074 -0.185151 0.066786
v -0.733386 0.496194 -0.073165
v -0.688854 0.503143 0.073875
v -0.738018 0.494524 -0.073676
v -0.738506 0.495000 -0.073058
v -0.735244 -0.190244 0.067364
v -0.735271 -0.190292 0.067304
v -0.736591 0.449575 -0.076186
v -0.738103 0.495610 -0.073330
v -0.671114 -0.297468 0.049270
v -0.730296 -0.250336 -0.069651
v -0.730450 -0.249846 -0.069523
v -0.733919 -0.245967 0.068613
v -0.711245 -0.260914 -0.072009
v -0.724225 0.496996 0.072817
v -0.724027 0.496633 0.072129
v -0.723688 0.498103 -0.073081
v -0.726385 -0.250920 0.069277
v -0.700769 0.438096 -0.020175
v -0.725454 0.452176 -0.076709
v -0.726187 -0.198183 -0.068721
v -0.664158 0.515552 -0.059603
v -0.702480 -0.267323 -0.071045
v -0.723041 -0.253212 0.068373
v -0.675976 0.516957 0.049569
v -0.715667 -0.203762 0.068083
v -0.707395 0.457572 -0.078189
v -0.719660 -0.255502 0.069169
v -0.715035 -0.205240 -0.068979
v -0.715924 -0.259648 -0.069614
v -0.717228 -0.258307 -0.069775
v -0.707341 -0.263764 -0.070011
v -0.705617 -0.210050 -0.068381
v -0.715469 -0.203532 0.068233
v -0.707317 0.457428 -0.078310
v -0.710912 0.499743 -0.074506
v -0.710138 0.500906 -0.074432
v -0.703314 -0.212917 -0.069338
v -0.715859 -0.204385 -0.068750
v -0.696522 -0.216530 0.068091
v -0.696311 -0.216194 0.068416
v -0.688815 0.502558 0.073606
v -0.699890 -0.267567 0.069442
v -0.701009 -0.216330 -0.070121
v -0.697022 -0.269460 -0.069760
v -0.699167 -0.267725 0.069525
v -0.698798 -0.218370 -0.068944
v -0.692330 0.459902 -0.079260
v -0.691428 0.502083 -0.073827
v -0.691808 -0.221329 -0.071105
v -0.690170 -0.273016 -0.072165
v -0.654370 -0.230834 0.054418
v -0.685717 0.503638 -0.074398
v -0.679122 -0.280003 -0.072951
v -0.691537 -0.221427 -0.070918
v -0.688185 -0.221933 0.067254
v -0.688111 -0.220843 0.068183
v -0.692488 0.459384 -0.077814
v -0.685477 -0.276510 -0.070312
v -0.689012 -0.221686 -0.069718
v -0.675147 -0.281245 0.069649
v -0.652634 -0.232428 -0.053836
v -0.682469 0.461544 -0.079090
v -0.692332 0.459858 -0.078570
v -0.673017 -0.231271 -0.070739
v -0.681790 0.461888 -0.079356
v -0.646017 0.462431 -0.080216
v -0.672661 -0.282290 0.069337
v -0.673582 -0.230543 0.069512
v -0.679741 -0.225585 0.067915
v -0.670320 -0.285631 -0.072882
v -0.672185 -0.284009 -0.072214
v -0.675928 -0.229435 0.069814
v -0.675620 0.461202 -0.078300
v -0.679297 0.462936 -0.078280
v -0.675583 -0.231365 -0.071592
v -0.662847 0.505473 -0.075332
v -0.667338 -0.279122 -0.078081
v -0.672551 -0.230329 0.069534
v -0.607222 -0.245609 -0.004475
v -0.655969 -0.240716 -0.072754
v -0.659362 -0.237360 0.069508
v -0.665456 -0.234200 0.069262
v -0.665489 -0.234267 0.069192
v -0.657275 -0.289829 0.069994
v -0.658930 -0.290875 -0.074185
v -0.655841 -0.240561 -0.072816
v -0.623807 -0.253568 0.070108
v -0.649934 0.504720 0.073644
v -0.659098 -0.236687 0.069947
v -0.662892 0.505873 -0.075782
v -0.657308 -0.291259 -0.074635
v -0.653855 -0.292101 0.070222
v -0.652970 -0.240402 0.069110
v -0.653019 -0.240522 0.069006
v -0.650263 -0.295747 -0.074722
v -0.647367 -0.297032 -0.073171
v -0.655042 -0.291270 -0.075894
v -0.620024 0.504043 0.074793
v -0.649705 -0.293074 0.069066
v -0.644755 -0.249099 -0.074389
v -0.594783 0.520683 0.018463
v -0.642743 -0.300084 -0.074436
v -0.645426 -0.296545 0.071395
v -0.644883 -0.247880 -0.073921
v -0.649766 0.505707 0.074500
v -0.637977 -0.247123 0.069133
v -0.638642 -0.248456 0.067976
v -0.643449 -0.297444 0.071299
v -0.641118 0.462752 -0.080696
v -0.629211 -0.252587 -0.074065
v -0.635944 0.461724 -0.080256
v -0.636458 0.461434 -0.079888
v -0.629397 0.504638 -0.076915
v -0.632689 0.504346 -0.076578
v -0.626827 -0.306485 -0.076627
v -0.632902 0.462169 -0.081227
v -0.628312 -0.253815 -0.074138
v -0.677506 -0.302663 -0.013532
v -0.614136 0.502902 0.074884
v -0.615675 -0.261472 -0.078185
v -0.633326 0.461530 -0.077700
v -0.590580 0.500543 -0.079976
v -0.627058 -0.306878 -0.077064
v -0.624725 -0.254475 0.069860
v -0.620999 -0.308667 0.071376
v -0.619587 -0.309168 0.071375
v -0.613614 0.459469 -0.082002
v -0.616341 -0.261050 -0.078041
v -0.622906 -0.254442 0.068971
v -0.620574 0.461423 0.077595
v -0.606537 -0.316196 -0.077430
v -0.607036 -0.316025 -0.078576
v -0.614079 -0.311496 0.071469
v -0.640345 0.443488 -0.027754
v -0.603859 0.457131 -0.082174
v -0.589879 -0.327070 -0.077044
v -0.608405 -0.262177 0.071608
v -0.550151 -0.277562 0.059095
v -0.574363 0.506312 0.067721
v -0.608498 -0.312720 0.071465
v -0.608204 -0.261945 0.072016
v -0.697865 -0.281881 -0.055723
v -0.596074 0.433807 -0.001759
v -0.609422 0.458912 -0.082470
v -0.602905 -0.265846 -0.077276
v -0.603441 -0.266558 -0.076155
v -0.538882 -0.277081 -0.060478
v -0.596868 0.454442 -0.083505
v -0.598967 0.502337 0.074216
v -0.604838 0.502614 0.074326
v -0.599180 0.501422 0.074950
v -0.600838 0.503483 0.073087
v -0.603594 0.457511 -0.082708
v -0.604576 -0.315822 0.072165
v -0.581525 -0.328766 -0.080901
v -0.596681 -0.266871 0.071083
v -0.596780 -0.267177 0.070788
v -0.594150 -0.319848 0.073228
v -0.602639 0.454957 -0.084093
v -0.594926 -0.269390 -0.080745
v -0.595136 -0.270355 -0.079507
v -0.597969 0.502400 0.074221
v -0.594128 -0.319806 0.073184
v -0.586630 -0.270936 0.071168
v -0.611597 0.492951 -0.084302
v -0.586546 -0.270690 0.071342
v -0.576466 0.450423 -0.085656
v -0.578500 0.451175 0.079561
v -0.587251 0.454217 0.079042
v -0.587938 0.502181 -0.080855
v -0.589800 -0.327052 -0.077072
v -0.584966 -0.326584 -0.080957
v -0.586578 -0.327145 -0.079034
v -0.586187 -0.325243 0.075451
v -0.585284 -0.321453 0.071412
v -0.554093 0.433912 -0.087496
v -0.575814 0.450328 -0.086046
v -0.576079 0.498822 0.074742
v -0.584222 -0.328029 -0.080238
v -0.580138 0.451344 0.078120
v -0.585176 0.454262 0.079236
v -0.580253 -0.325804 0.070993
v -0.581951 -0.324491 0.074657
v -0.581030 -0.275475 -0.079013
v -0.577277 0.499385 0.075512
v -0.571663 -0.277865 -0.080369
v -0.574483 -0.330784 -0.081926
v -0.578392 -0.327612 0.072541
v -0.575664 -0.328340 0.073627
v -0.580507 0.451860 0.078656
v -0.577349 0.450788 0.079317
v -0.581181 -0.275687 -0.080400
v -0.569637 0.497458 -0.081899
v -0.569616 0.497827 -0.082266
v -0.568273 -0.279010 0.072087
v -0.570880 0.446990 -0.085562
v -0.573547 0.446642 -0.083865
v -0.569766 0.445118 -0.084158
v -0.566640 0.445499 -0.086273
v -0.476777 0.425825 -0.108627
v -0.570910 0.499310 0.074476
v -0.557772 0.495299 0.077332
v -0.555629 -0.339738 -0.084176
v -0.555633 -0.339760 -0.084193
v -0.585865 -0.280419 0.076802
v -0.568198 -0.278798 0.072277
v -0.566352 0.445078 -0.086126
v -0.563546 0.445374 -0.087388
v -0.567002 0.497738 0.075692
v -0.562566 0.445100 -0.088189
v -0.551594 0.493860 -0.084629
v -0.553742 -0.285588 -0.083486
v -0.554635 -0.283795 0.072756
v -0.555776 0.441178 -0.088732
v -0.555522 0.494916 0.078555
v -0.550591 -0.286670 -0.084114
v -0.554542 -0.283570 0.072963
v -0.555473 0.439299 -0.087574
v -0.512031 0.476139 0.085861
v -0.529755 0.501690 -0.067887
v -0.498011 -0.348596 -0.103709
v -0.487135 -0.283943 0.011137
v -0.550117 0.437997 0.079987
v -0.551116 0.438786 0.080353
v -0.547459 0.491647 -0.085630
v -0.557079 0.496527 0.077414
v -0.524385 -0.304415 -0.093153
v -0.552092 -0.287072 -0.084436
v -0.557489 0.438338 -0.085542
v -0.534098 0.419021 0.073131
v -0.550038 0.437022 0.079339
v -0.531628 0.490891 -0.085467
v -0.546040 -0.288670 -0.086118
v -0.545567 -0.289439 -0.085654
v -0.548266 -0.286857 -0.083472
v -0.547986 -0.286622 -0.083172
v -0.545876 -0.286104 -0.082010
v -0.544088 -0.286978 0.073110
v -0.544072 -0.286940 0.073147
v -0.536689 0.423899 -0.086530
v -0.529529 -0.292668 0.075979
v -0.531240 0.412069 0.065324
v -0.538602 0.427851 -0.088127
v -0.539742 0.427591 -0.089706
v -0.534210 -0.291279 -0.085246
v -0.527851 0.410061 -0.079299
v -0.536878 0.425139 -0.086295
v -0.535616 0.426549 0.079169
v -0.538541 0.493350 0.076709
v -0.534204 -0.290959 -0.084654
v -0.536183 0.398575 0.007418
v -0.533077 0.408135 -0.067316
v -0.530927 0.404606 0.049154
v -0.534078 0.425327 0.079519
v -0.531850 -0.352051 -0.087320
v -0.537930 -0.291306 -0.085744
v -0.535728 0.398161 0.004717
v -0.533931 0.401255 0.036918
v -0.535119 0.403473 0.037905
v -0.537336 -0.347150 0.075850
v -0.529815 -0.350989 0.077494
v -0.534541 0.398434 -0.028577
v -0.532987 0.396263 -0.018308
v -0.535483 0.397695 -0.012904
v -0.535686 0.397822 -0.011876
v -0.534682 0.396638 -0.009179
v -0.534611 0.397460 0.010996
v -0.534594 0.398302 -0.029736
v -0.532961 0.396407 -0.029360
v -0.534594 0.398302 -0.029736
v -0.535496 0.399512 0.019259
v -0.536236 0.400137 0.017610
v -0.533917 0.402034 -0.049214
v -0.535386 0.407038 0.049300
v -0.531230 -0.351299 -0.086654
v -0.529926 -0.293282 0.075084
v -0.533374 0.395178 -0.009502
v -0.531620 0.396300 -0.039426
v -0.532819 0.397050 -0.034151
v -0.532678 0.397381 -0.036557
v -0.533094 0.395735 -0.022989
v -0.532718 0.395672 -0.026088
v -0.533370 0.397066 0.018504
v -0.533543 0.397711 0.018759
v -0.535494 0.399862 0.021446
v -0.532080 0.400278 -0.052564
v -0.534104 0.403786 -0.054042
v -0.531936 0.400435 0.040053
v -0.531553 0.403942 0.051381
v -0.530822 0.412321 0.065121
v -0.524347 0.488917 0.078770
v -0.482245 -0.393592 -0.054218
v -0.525405 -0.296103 -0.088201
v -0.531602 0.394512 -0.027048
v -0.531288 0.395236 -0.033816
v -0.531288 0.395236 -0.033816
v -0.528568 0.400346 -0.054252
v -0.528206 0.403556 -0.067754
v -0.528769 0.405418 -0.069121
v -0.528234 0.410622 -0.079359
v -0.530354 0.416661 0.073041
v -0.532762 0.422504 0.079917
v -0.531235 0.420585 0.078443
v -0.533241 0.421608 0.077384
v -0.522056 0.487366 -0.089594
v -0.530620 0.489353 -0.087256
v -0.513458 0.486947 0.079571
v -0.528216 0.414156 -0.084918
v -0.527020 0.413682 -0.086503
v -0.528053 0.416367 -0.087326
v -0.530620 0.416108 0.074202
v -0.530523 0.417337 0.075744
v -0.530620 0.416108 0.074202
v -0.530130 0.417700 0.076632
v -0.530130 0.417700 0.076632
v -0.526699 0.420249 0.081149
v -0.522375 -0.296803 -0.087916
v -0.516059 0.369053 0.001379
v -0.525703 0.411629 -0.085182
v -0.525456 0.413903 -0.088133
v -0.527153 0.419451 0.081424
v -0.519478 -0.295652 0.074942
v -0.521960 0.411448 -0.089397
v -0.517450 0.407774 -0.092183
v -0.432352 0.479867 0.063899
v -0.517990 0.407128 -0.091550
v -0.523267 0.410139 -0.087194
v -0.517775 -0.296234 0.076363
v -0.520533 0.413928 0.083454
v -0.511773 -0.358722 -0.091528
v -0.505880 0.389466 0.089006
v -0.518431 0.410975 0.083252
v -0.511154 0.486686 -0.088848
v -0.511574 -0.358397 -0.091142
v -0.514616 -0.297483 0.075418
v -0.506841 0.391919 -0.095438
v -0.509905 0.396621 -0.093978
v -0.519602 0.411895 0.083602
v -0.518198 0.412272 0.084228
v -0.517192 0.486030 -0.089932
v -0.511067 0.485399 0.080315
v -0.505699 -0.301602 -0.091098
v -0.503443 -0.301962 -0.091592
v -0.512425 0.403435 0.085693
v -0.500831 -0.365607 -0.092353
v -0.513792 -0.298190 0.076456
v -0.504199 0.362179 -0.078638
v -0.512645 0.403259 0.086137
v -0.462476 -0.293951 -0.063920
v -0.505912 -0.301640 0.078074
v -0.506567 -0.301034 0.077735
v -0.505591 -0.299529 0.076973
v -0.505867 -0.300306 0.076578
v -0.495816 0.482433 0.082114
v -0.503322 0.387370 -0.096539
v -0.503106 0.391222 0.086253
v -0.501827 0.482234 -0.091581
v -0.496128 0.481672 0.081011
v -0.494798 0.363848 -0.099828
v -0.502086 0.383679 -0.096407
v -0.502076 0.383937 -0.095514
v -0.494585 -0.367186 -0.095554
v -0.402513 -0.329433 -0.115537
v -0.493030 -0.305173 -0.093096
v -0.485011 -0.306486 0.079117
v -0.502726 0.386964 -0.097052
v -0.502353 0.482089 -0.092090
v -0.466907 -0.308280 0.082758
v -0.496300 0.291254 0.031951
v -0.494629 0.294546 -0.050887
v -0.498691 0.375914 -0.098333
v -0.497617 0.379326 0.089649
v -0.497920 -0.366772 -0.093022
v -0.498572 0.374938 -0.097890
v -0.497809 0.381360 0.088891
v -0.480247 0.477050 -0.096357
v -0.485746 0.478567 -0.093011
v -0.492063 -0.368817 -0.094871
v -0.493314 -0.367955 -0.094899
v -0.484984 -0.306361 0.079254
v -0.494306 0.363935 -0.099473
v -0.492738 0.363223 0.090231
v -0.495117 0.368600 0.089437
v -0.493963 -0.367766 -0.093830
v -0.490641 -0.369309 0.082203
v -0.499299 -0.364336 0.080040
v -0.457055 -0.386901 -0.101711
v -0.487348 -0.369902 -0.096960
v -0.490270 -0.306091 -0.094120
v -0.491801 0.351085 -0.100068
v -0.492521 0.363584 0.090768
v -0.491714 0.359784 0.090736
v -0.487636 0.479853 -0.093770
v -0.477778 0.477609 0.084792
v -0.465164 -0.381486 -0.100686
v -0.488895 0.336445 -0.101795
v -0.490747 0.350141 -0.100015
v -0.486977 0.335148 0.092509
v -0.477758 0.477897 0.085168
v -0.467550 0.238353 -0.051078
v -0.485652 0.325461 -0.102613
v -0.488422 0.336767 -0.102079
v -0.487404 0.336592 -0.102432
v -0.486307 0.334631 0.092187
v -0.494469 0.390591 -0.102878
v -0.470349 -0.377278 0.086060
v -0.478792 0.294940 -0.101900
v -0.483148 0.313825 -0.103855
v -0.482590 0.314027 -0.103113
v -0.485736 0.325061 -0.102991
v -0.475139 -0.310879 -0.097396
v -0.475152 -0.311112 -0.097166
v -0.481474 0.308113 0.094106
v -0.480165 0.304138 -0.102684
v -0.481181 0.305992 -0.103563
v -0.480311 0.306284 0.092722
v -0.464792 0.250045 0.072893
v -0.476421 0.289121 -0.101467
v -0.468216 0.472115 -0.100394
v -0.477049 0.475843 -0.096923
v -0.441656 0.486570 -0.054187
v -0.466657 0.234952 0.022573
v -0.471014 0.273469 -0.097807
v -0.478836 0.296194 -0.103262
v -0.477358 0.295034 -0.102472
v -0.466498 0.238908 0.041495
v -0.472921 0.284628 -0.099612
v -0.472360 0.283978 0.091174
v -0.465098 0.473140 0.086911
v -0.466839 -0.311269 0.080553
v -0.472245 0.280390 -0.099247
v -0.472602 0.282925 0.091474
v -0.468761 -0.377966 0.085463
v -0.466514 0.246693 -0.071469
v -0.465266 0.264423 0.085817
v -0.469435 0.273056 0.087023
v -0.469465 0.271803 0.086677
v -0.470386 0.277679 0.089660
v -0.469288 0.274350 0.088620
v -0.468004 0.471691 -0.099720
v -0.465036 0.473420 0.087246
v -0.447676 -0.316068 -0.100784
v -0.466354 0.237245 0.033205
v -0.465921 0.242148 0.052536
v -0.469836 0.269144 -0.095884
v -0.467982 0.267558 0.085266
v -0.476903 0.286807 -0.102591
v -0.466444 0.231582 -0.002614
v -0.466758 0.233535 -0.026094
v -0.466559 0.234720 0.022904
v -0.466092 0.239125 -0.051662
v -0.466701 0.236863 0.033288
v -0.466551 0.238734 0.041535
v -0.465220 0.245157 -0.069398
v -0.465996 0.245372 -0.067932
v -0.466382 0.245351 -0.066147
v -0.464368 0.247312 0.061904
v -0.466041 0.262158 -0.093985
v -0.465727 0.260064 -0.092185
v -0.464674 0.261648 -0.091970
v -0.466880 0.262368 -0.092690
v -0.466760 0.266838 0.086304
v -0.465886 -0.382549 -0.101459
v -0.465003 0.247609 0.064082
v -0.464030 0.245262 -0.072338
v -0.466884 0.246106 -0.072383
v -0.464019 0.250364 0.072609
v -0.461714 0.257597 -0.092274
v -0.465477 0.262681 -0.094693
v -0.463680 0.261170 -0.094807
v -0.461913 0.259201 0.083578
v -0.419950 0.341554 -0.139128
v -0.461594 0.257916 -0.093273
v -0.454566 0.468583 -0.100746
v -0.454578 0.468699 -0.100571
v -0.446232 -0.314676 0.082767
v -0.463467 0.260541 0.082863
v -0.451689 -0.386920 0.089071
v -0.425667 0.212315 0.031098
v -0.465559 0.242337 0.054933
v -0.427016 0.455316 -0.115471
v -0.456229 -0.386020 -0.100874
v -0.425665 0.440516 -0.125570
v -0.441426 0.465610 -0.103630
v -0.448059 0.467008 0.089381
v -0.435921 -0.316384 0.083660
v -0.452587 0.251425 -0.094800
v -0.453591 0.252713 -0.094838
v -0.449686 0.468572 0.088512
v -0.451447 -0.386588 0.088715
v -0.447687 -0.316528 -0.100335
v -0.436516 0.245398 -0.101351
v -0.440261 -0.395382 -0.106219
v -0.436220 -0.397667 -0.106225
v -0.441883 -0.391712 0.090757
v -0.441359 0.464948 -0.103056
v -0.436665 0.489651 0.015614
v -0.417074 -0.428152 0.061245
v -0.427971 -0.402779 -0.110748
v -0.418982 -0.379890 -0.126471
v -0.431435 0.242123 -0.102782
v -0.448661 0.251879 0.087376
v -0.448506 0.252074 0.087166
v -0.422169 0.278632 -0.128371
v -0.434131 0.464685 0.091239
v -0.440784 -0.393882 0.089734
v -0.441780 -0.391186 0.091101
v -0.431688 0.466133 0.096584
v -0.433443 -0.318561 -0.102635
v -0.393145 -0.297811 0.063324
v -0.427974 0.244400 0.095921
v -0.436152 0.462143 -0.105264
v -0.434016 0.490432 0.031136
v -0.391672 -0.398368 0.116694
v -0.433522 -0.318662 -0.102646
v -0.458476 0.454064 0.096824
v -0.428782 0.463908 -0.106114
v -0.431014 0.485587 -0.063565
v -0.435199 0.486509 0.047335
v -0.433528 -0.317134 0.084548
v -0.428891 0.243807 0.094920
v -0.434142 0.465661 -0.105717
v -0.431152 0.475692 0.079260
v -0.433180 0.481712 -0.075423
v -0.434210 0.488282 -0.053511
v -0.433201 0.490810 -0.045027
v -0.434377 0.491873 0.024481
v -0.435192 0.493556 -0.010651
v -0.433703 0.492212 -0.010512
v -0.415121 -0.440148 -0.021712
v -0.431075 -0.398070 0.093385
v -0.431087 -0.398094 0.093414
v -0.422293 0.291386 -0.134805
v -0.432540 0.464068 0.094114
v -0.433949 0.467178 -0.099549
v -0.433178 0.466595 -0.101128
v -0.432692 0.467045 0.094466
v -0.432951 0.468520 -0.098839
v -0.428577 0.468179 0.087955
v -0.432507 0.480071 0.066337
v -0.433631 0.488396 -0.064508
v -0.432078 0.483664 0.054246
v -0.434334 0.488860 -0.053739
v -0.432267 0.489008 0.048159
v -0.432708 0.490495 -0.044958
v -0.433998 0.492520 -0.034596
v -0.433755 0.492278 -0.034554
v -0.434682 0.490860 0.028744
v -0.434111 0.492272 0.024877
v -0.382911 -0.443626 -0.113053
v -0.417698 -0.409267 -0.111758
v -0.428979 -0.315950 0.083421
v -0.426044 -0.316495 0.084074
v -0.427412 0.209466 0.001828
v -0.424530 0.230052 0.082985
v -0.427058 0.239640 -0.106824
v -0.430838 0.242046 0.091330
v -0.428820 0.243660 0.094582
v -0.428532 0.244737 0.095746
v -0.428604 0.245544 0.096331
v -0.427103 0.255260 0.103189
v -0.429016 0.266577 0.108363
v -0.431464 0.304552 0.118272
v -0.430442 0.305038 0.119225
v -0.429094 0.297550 0.118375
v -0.429786 0.317198 0.120114
v -0.430025 0.308364 0.120177
v -0.430085 0.309209 0.120264
v -0.430950 0.309746 0.119610
v -0.429908 0.315832 0.121395
v -0.429105 0.317482 0.121246
v -0.429266 0.386492 0.121379
v -0.432218 0.463978 -0.104542
v -0.433844 0.466723 -0.105898
v -0.432073 0.468360 -0.103068
v -0.430870 0.466815 -0.102651
v -0.432162 0.467729 -0.099947
v -0.432100 0.467660 -0.100458
v -0.431893 0.467810 -0.100541
v -0.431269 0.469419 -0.098158
v -0.431882 0.469572 -0.098224
v -0.431338 0.469577 -0.098715
v -0.430377 0.469927 -0.098290
v -0.432128 0.469732 0.086070
v -0.430537 0.473371 0.082159
v -0.431038 0.473895 -0.093044
v -0.431051 0.472656 -0.094950
v -0.430927 0.474459 -0.092557
v -0.431185 0.477965 -0.086388
v -0.430576 0.476850 -0.086350
v -0.432960 0.481458 -0.075321
v -0.433329 0.488844 -0.054675
v -0.394774 -0.287100 0.001560
v -0.425244 0.213504 -0.055063
v -0.424273 0.230952 -0.095919
v -0.428342 0.237464 -0.099694
v -0.427686 0.242698 0.094784
v -0.427240 0.237739 0.091760
v -0.427123 0.254956 0.103421
v -0.427746 0.263781 0.107792
v -0.427875 0.283228 0.115043
v -0.428824 0.315278 0.122272
v -0.424848 0.423961 -0.131077
v -0.427631 0.445401 0.107008
v -0.428206 0.457218 0.100354
v -0.428065 0.457115 0.100266
v -0.429902 0.459334 -0.110210
v -0.428754 0.460935 -0.109960
v -0.427821 0.462313 -0.109633
v -0.427866 0.464071 -0.107853
v -0.430072 0.463065 0.095445
v -0.430695 0.463922 0.093569
v -0.430460 0.465757 -0.103980
v -0.430821 0.467710 -0.104702
v -0.432088 0.463308 0.093340
v -0.432072 0.464367 0.094338
v -0.432099 0.470246 -0.102938
v -0.428690 0.467373 -0.103596
v -0.430370 0.469483 0.088453
v -0.429798 0.471524 -0.098102
v -0.429986 0.474094 -0.092128
v -0.430124 0.473942 -0.094472
v -0.429956 0.475802 -0.092156
v -0.425583 0.507194 -0.047406
v -0.398346 -0.318202 -0.106993
v -0.422506 -0.316426 0.084138
v -0.427204 0.210306 -0.007217
v -0.426742 0.209237 0.002633
v -0.426887 0.209857 0.010482
v -0.427178 0.210122 0.009728
v -0.427698 0.211492 -0.028370
v -0.427573 0.211371 -0.028432
v -0.428896 0.212440 -0.027358
v -0.426421 0.213921 0.041031
v -0.425927 0.215468 0.048780
v -0.426862 0.216142 0.048128
v -0.425245 0.231769 -0.097316
v -0.425787 0.238717 -0.103938
v -0.426290 0.238560 -0.103189
v -0.423849 0.248078 -0.114408
v -0.422371 0.284201 -0.132133
v -0.428608 0.281828 0.114068
v -0.428576 0.299560 0.119746
v -0.424655 0.367142 -0.139339
v -0.428923 0.386676 0.121177
v -0.426338 0.426640 0.115637
v -0.426350 0.449721 -0.120526
v -0.427643 0.445437 0.107096
v -0.426209 0.454959 -0.114909
v -0.427824 0.461774 -0.110939
v -0.411309 -0.414847 0.093441
v -0.417995 -0.409025 -0.112339
v -0.396833 -0.286055 -0.019235
v -0.426344 0.208820 0.003106
v -0.425755 0.209537 -0.027547
v -0.426733 0.212088 0.031125
v -0.425460 0.214223 -0.057621
v -0.425788 0.213196 0.041056
v -0.426332 0.213876 0.041398
v -0.424861 0.216984 0.053471
v -0.425672 0.218890 -0.072584
v -0.424595 0.219346 -0.075018
v -0.424176 0.219126 -0.075620
v -0.422389 0.223163 -0.090278
v -0.424226 0.217710 0.058491
v -0.423883 0.218944 0.061253
v -0.424489 0.221541 -0.080380
v -0.423500 0.225682 -0.090675
v -0.424865 0.227037 -0.090528
v -0.425749 0.227542 0.080938
v -0.425877 0.238115 -0.104126
v -0.424568 0.239480 -0.106156
v -0.424650 0.244481 -0.112772
v -0.423568 0.246726 -0.113412
v -0.423568 0.245843 -0.112764
v -0.424808 0.249826 -0.114120
v -0.424432 0.367174 -0.139372
v -0.424528 0.424596 -0.130923
v -0.424866 0.427840 -0.129676
v -0.424620 0.427195 -0.130140
v -0.424428 0.427458 -0.130281
v -0.424073 0.448573 -0.121718
v -0.416299 -0.408657 0.095976
v -0.415716 -0.406774 0.098102
v -0.420546 -0.315128 0.082906
v -0.423717 0.221160 -0.081451
v -0.424140 0.221384 -0.080880
v -0.424140 0.221384 -0.080880
v -0.423517 0.223230 -0.086063
v -0.423882 0.223404 -0.085578
v -0.422720 0.243234 -0.111842
v -0.422781 0.265412 -0.126856
v -0.422451 0.265497 -0.126649
v -0.421580 0.279329 -0.131702
v -0.421935 0.285773 -0.133262
v -0.422820 0.288950 -0.133070
v -0.422952 0.294358 -0.136095
v -0.423028 0.297675 -0.136183
v -0.422559 0.340929 -0.141689
v -0.423696 0.434446 -0.129230
v -0.417438 0.472793 0.114707
v -0.406857 -0.421671 0.093219
v -0.415776 -0.318967 0.087276
v -0.390334 -0.306584 0.077686
v -0.415725 0.206081 0.070440
v -0.420588 0.278826 -0.132756
v -0.421906 0.281786 -0.132072
v -0.420568 0.285438 -0.134838
v -0.408825 0.361950 -0.170061
v -0.417778 0.485755 -0.116124
v -0.419793 0.642557 0.008234
v -0.417226 -0.406342 0.097578
v -0.418058 -0.406726 0.096510
v -0.416951 -0.407062 0.097196
v -0.417976 -0.404586 0.098404
v -0.418421 0.183800 -0.009877
v -0.410592 0.219114 -0.126136
v -0.405129 0.628879 0.156680
v -0.412426 0.634473 -0.118067
v -0.417307 -0.408851 0.095215
v -0.415916 -0.409604 0.095848
v -0.415478 -0.408613 0.096852
v -0.415770 -0.318994 0.087246
v -0.409806 0.239495 0.121900
v -0.413764 -0.409944 0.097485
v -0.409455 -0.411223 0.101762
v -0.404674 0.364485 0.169079
v -0.408095 -0.415817 -0.114923
v -0.409058 -0.416895 -0.116161
v -0.411452 -0.317586 0.086396
v -0.411654 -0.316604 0.085358
v -0.399551 -0.433396 0.086971
v -0.410664 -0.416804 0.093270
v -0.406984 0.661457 -0.031972
v -0.407649 -0.411988 0.101671
v -0.404114 -0.317720 -0.107410
v -0.405006 0.659913 -0.077436
v -0.410548 -0.318382 0.087369
v -0.394986 -0.316364 0.088963
v -0.388345 -0.275045 -0.044115
v -0.404522 0.662455 -0.040844
v -0.405639 0.661531 -0.037436
v -0.393996 -0.316812 -0.107478
v -0.394995 -0.316484 0.088582
v -0.400691 0.661019 -0.092569
v -0.404295 0.659568 -0.072903
v -0.404390 0.660378 -0.064080
v -0.389989 -0.429081 -0.121676
v -0.390381 -0.429409 -0.121985
v -0.401638 -0.414721 0.104896
v -0.401250 -0.414415 0.104442
v -0.377910 -0.320593 0.111006
v -0.386222 0.640390 -0.230620
v -0.403514 0.661660 0.053959
v -0.404791 0.664279 0.059638
v -0.376600 -0.460245 -0.100183
v -0.395355 -0.290065 0.038798
v -0.400465 0.661364 -0.092956
v -0.399896 -0.433226 0.086754
v -0.397576 -0.433882 0.089326
v -0.384258 -0.436336 -0.120593
v -0.377616 -0.345142 -0.133157
v -0.391161 -0.294449 -0.071135
v -0.393635 -0.288745 -0.046947
v -0.387755 -0.274234 0.042471
v -0.382921 0.661437 0.182816
v -0.392003 -0.448229 0.076310
v -0.376240 -0.435806 0.114296
v -0.394605 -0.420017 0.106546
v -0.394847 -0.420201 0.106797
v -0.393019 -0.289937 -0.055151
v -0.394690 -0.285326 0.017926
v -0.392361 0.653553 0.174645
v -0.389960 0.661482 -0.163078
v -0.391080 -0.449216 0.072316
v -0.391080 -0.449216 0.072316
v -0.390822 -0.447901 0.075001
v -0.391409 -0.297527 -0.077480
v -0.394808 -0.290852 0.039922
v -0.393583 -0.286178 -0.038833
v -0.394235 -0.286379 -0.037872
v -0.394276 -0.285184 -0.030657
v -0.394644 -0.285584 -0.031030
v -0.393262 -0.285247 0.023188
v -0.394127 -0.284757 -0.023161
v -0.394993 -0.284087 -0.011668
v -0.395670 -0.284602 -0.004834
v -0.394945 -0.284240 0.003305
v -0.394484 -0.283842 0.003674
v -0.395208 -0.285014 0.010142
v -0.366809 0.371845 0.278594
v -0.387650 -0.454916 0.067741
v -0.388130 -0.454049 0.067654
v -0.381473 -0.439959 -0.123891
v -0.392445 -0.311215 -0.110463
v -0.389092 -0.302320 -0.088700
v -0.390283 -0.303924 0.074256
v -0.391897 -0.296548 0.064109
v -0.391447 -0.295449 0.061289
v -0.391825 -0.293140 -0.062591
v -0.393122 -0.291504 -0.061324
v -0.392577 -0.290811 -0.060803
v -0.393481 -0.290027 -0.055650
v -0.392970 -0.289358 -0.055146
v -0.393976 -0.288393 -0.047124
v -0.393174 -0.287352 -0.047208
v -0.393486 -0.285408 -0.036920
v -0.393667 -0.284423 -0.025194
v -0.381234 0.661467 0.188346
v -0.391836 0.661034 -0.149112
v -0.386267 -0.434219 -0.122142
v -0.388962 -0.318226 -0.110138
v -0.391283 -0.312522 -0.106259
v -0.390842 -0.315896 -0.106684
v -0.390441 -0.311213 -0.103914
v -0.389530 -0.314308 -0.105871
v -0.389027 -0.313299 0.089105
v -0.387875 -0.313487 0.085380
v -0.390929 -0.312312 -0.102267
v -0.390013 -0.312421 0.086763
v -0.390155 -0.307571 -0.096438
v -0.390150 -0.310759 0.084813
v -0.390091 -0.308934 -0.099119
v -0.391174 -0.307732 -0.096456
v -0.390275 -0.305747 -0.094631
v -0.389092 -0.307058 -0.094257
v -0.389336 -0.301803 -0.089020
v -0.390369 -0.297743 -0.073801
v -0.383500 -0.131427 -0.162790
v -0.389561 0.659561 -0.165472
v -0.388415 0.661521 -0.163862
v -0.381590 -0.460733 0.068600
v -0.385220 -0.456834 0.068622
v -0.386360 -0.454530 0.071593
v -0.385047 -0.454765 0.070492
v -0.384889 -0.436456 -0.122601
v -0.388308 -0.424369 0.109927
v -0.386934 -0.425866 0.110744
v -0.387029 -0.315122 -0.109445
v -0.387689 -0.316801 -0.109772
v -0.388685 -0.314271 -0.106236
v -0.387119 -0.311132 -0.103642
v -0.389637 -0.310469 -0.104517
v -0.389498 -0.313698 0.088362
v -0.389159 -0.309535 0.083508
v -0.388406 -0.309364 -0.101505
v -0.389178 -0.309722 0.084610
v -0.389760 -0.309096 -0.099592
v -0.389379 -0.308576 -0.099416
v -0.388004 -0.308826 -0.101366
v -0.389132 -0.307654 -0.098590
v -0.389730 -0.306844 -0.096796
v -0.388866 -0.303836 -0.094114
v -0.380776 -0.294135 -0.109440
v -0.360963 -0.087391 -0.255059
v -0.385772 0.659794 -0.182074
v -0.386358 0.659279 -0.181409
v -0.375686 -0.452495 -0.112482
v -0.376965 -0.453287 -0.111649
v -0.379969 -0.448876 -0.113385
v -0.384009 -0.439460 -0.119042
v -0.351462 -0.466043 0.117137
v -0.383928 -0.437134 -0.122092
v -0.386096 -0.315584 -0.110290
v -0.385704 -0.317589 -0.112383
v -0.384819 -0.323370 0.098282
v -0.385797 -0.314953 -0.109142
v -0.368160 -0.171901 0.207730
v -0.373132 0.404937 -0.275457
v -0.378782 -0.465964 0.061933
v -0.382128 -0.325519 -0.121137
v -0.384461 -0.315415 -0.111396
v -0.385073 -0.322403 0.097800
v -0.380999 0.659608 -0.198046
v -0.384300 0.661126 -0.182768
v -0.383667 0.668880 -0.132669
v -0.379516 -0.464541 0.063620
v -0.377753 -0.465121 0.067565
v -0.353158 -0.476765 0.104033
v -0.380030 -0.431978 0.112863
v -0.380068 -0.431002 0.113396
v -0.384393 -0.318010 -0.114198
v -0.381658 0.660303 -0.198240
v -0.370444 -0.476790 0.054803
v -0.381444 -0.427978 0.113918
v -0.381771 -0.427816 0.114272
v -0.377774 -0.333445 -0.129435
v -0.381760 -0.324397 -0.121613
v -0.381360 -0.323050 -0.121014
v -0.377326 0.659709 -0.213385
v -0.377249 0.659622 -0.213363
v -0.325076 0.670548 0.302548
v -0.372532 -0.474926 0.053132
v -0.377396 -0.466256 0.065626
v -0.377314 -0.466296 0.065770
v -0.374785 -0.456637 -0.101199
v -0.373895 -0.460393 -0.105575
v -0.369959 -0.448635 -0.127949
v -0.378964 -0.434058 0.112558
v -0.379099 -0.340558 0.111630
v -0.379172 -0.337924 0.109497
v -0.377713 -0.333908 -0.129962
v -0.365836 -0.345825 -0.152780
v -0.367609 0.660819 -0.248138
v -0.376112 0.659554 -0.219218
v -0.376008 0.660473 -0.219667
v -0.371232 -0.462964 -0.106729
v -0.365446 -0.466711 -0.112285
v -0.373457 -0.445159 -0.127287
v -0.376564 -0.443314 -0.125192
v -0.375027 -0.436157 0.114608
v -0.374926 -0.364776 -0.140711
v -0.375060 -0.364761 -0.140779
v -0.376532 -0.343410 -0.133998
v -0.375773 -0.341937 -0.134361
v -0.375605 -0.341948 -0.134555
v -0.361227 0.640502 0.285032
v -0.354366 -0.468724 -0.128813
v -0.373438 -0.444292 -0.128112
v -0.372445 -0.357068 0.120790
v -0.373608 -0.346858 -0.137672
v -0.373202 -0.346064 -0.138054
v -0.373393 -0.344942 -0.137383
v -0.374418 -0.341554 -0.135078
v -0.352349 -0.306391 -0.229242
v -0.375638 0.659388 -0.220756
v -0.375192 0.659565 -0.220149
v -0.355019 0.667597 0.032815
v -0.364333 -0.471859 -0.105513
v -0.368812 -0.463476 -0.111088
v -0.368343 -0.361319 -0.143947
v -0.371926 -0.352434 -0.140169
v -0.372316 -0.348442 -0.139585
v -0.371592 -0.347490 -0.140184
v -0.362993 -0.482896 0.062710
v -0.368078 -0.466090 -0.107850
v -0.354753 -0.473557 -0.120563
v -0.368722 -0.451766 -0.129667
v -0.362339 -0.373191 -0.150699
v -0.367849 -0.370735 0.127315
v -0.362491 0.659873 -0.259777
v -0.364681 -0.470800 -0.105507
v -0.365791 -0.444261 0.117736
v -0.365753 -0.444249 0.117680
v -0.367765 -0.370739 0.127209
v -0.370807 -0.351655 -0.141972
v -0.367461 0.659333 -0.246011
v -0.366964 0.659918 -0.245686
v -0.365150 -0.469298 -0.108192
v -0.358788 -0.482768 0.080327
v -0.357930 -0.461389 -0.131245
v -0.365675 -0.365741 -0.147781
v -0.365725 -0.365751 -0.147812
v -0.344685 0.009519 0.299120
v -0.335613 0.637977 -0.352274
v -0.365474 0.657554 -0.256626
v -0.365770 0.658882 -0.252210
v -0.365394 0.659320 -0.251999
v -0.365440 0.659227 -0.252136
v -0.361810 -0.482576 0.068781
v -0.361677 -0.383793 0.132029
v -0.352707 0.190590 -0.309762
v -0.348068 0.659414 -0.299074
v -0.362268 -0.383808 0.132679
v -0.362897 -0.373179 -0.151150
v -0.347037 0.647938 -0.318071
v -0.360694 0.658378 -0.266018
v -0.360714 0.657972 -0.268348
v -0.360714 0.657972 -0.268348
v -0.359950 0.658914 -0.267871
v -0.361050 0.659617 -0.263074
v -0.360764 0.660118 -0.262388
v -0.358365 -0.383819 -0.155156
v -0.359447 0.659552 -0.268657
v -0.354506 -0.473173 -0.120767
v -0.351103 -0.469646 -0.127822
v -0.356160 -0.464588 -0.130125
v -0.356767 -0.397203 0.135920
v -0.355070 -0.391304 -0.156311
v -0.317573 -0.405036 0.253316
v -0.355128 0.659460 -0.278918
v -0.356145 0.660660 -0.279398
v -0.342117 0.668325 -0.141521
v -0.352139 -0.482626 0.095618
v -0.350962 -0.479534 0.096928
v -0.356110 -0.400369 0.137323
v -0.354165 -0.393711 -0.157981
v -0.349817 -0.305438 0.226054
v -0.345790 -0.499678 -0.088509
v -0.351624 -0.478746 0.103280
v -0.352895 -0.477038 0.103788
v -0.351214 -0.470643 -0.130351
v -0.351818 -0.471114 -0.129186
v -0.351647 -0.470256 -0.129728
v -0.349241 -0.471612 -0.132844
v -0.351848 -0.463578 0.117293
v -0.344110 -0.417786 -0.160735
v -0.351354 -0.408856 0.139195
v -0.353722 -0.407932 0.137589
v -0.349840 0.661235 0.275515
v -0.334759 0.668248 -0.298168
v -0.351073 -0.477404 0.101486
v -0.351510 -0.476798 0.106098
v -0.351510 -0.476798 0.106098
v -0.347149 -0.472905 -0.127603
v -0.350685 -0.401838 -0.159106
v -0.348200 -0.406802 -0.160324
v -0.347656 0.661215 0.282984
v -0.347878 -0.475981 0.111178
v -0.348272 -0.474497 0.112407
v -0.349412 -0.471102 -0.131844
v -0.347845 -0.471186 0.114777
v -0.347524 -0.422354 0.139331
v -0.349018 -0.414227 0.138986
v -0.347193 -0.409944 -0.160738
v -0.349954 -0.402148 -0.160014
v -0.346243 0.659245 -0.299641
v -0.345410 0.661312 0.284913
v -0.313842 0.668656 0.243496
v -0.353936 -0.498632 0.010055
v -0.348348 -0.501210 0.029782
v -0.347168 -0.502378 0.035002
v -0.346978 -0.501737 0.034406
v -0.340534 -0.503594 0.060927
v -0.342071 -0.477720 -0.131549
v -0.349012 -0.474040 0.112111
v -0.346518 -0.476226 0.112282
v -0.346946 0.655668 -0.305838
v -0.346759 0.657614 -0.302320
v -0.345508 0.658968 -0.299945
v -0.341199 0.658991 -0.050833
v -0.344635 -0.478038 0.112097
v -0.345921 -0.477074 0.115003
v -0.342909 -0.474229 0.116311
v -0.326396 -0.455607 -0.158213
v -0.335060 -0.435725 -0.161638
v -0.341639 -0.437654 0.137552
v -0.310440 -0.273176 0.333610
v -0.340671 0.659173 0.297054
v -0.344861 -0.413437 0.145717
v -0.344236 -0.417825 -0.160877
v -0.327393 0.658882 -0.342157
v -0.336617 0.657979 -0.323207
v -0.341347 0.659761 0.296873
v -0.341640 0.659053 -0.041677
v -0.339978 0.659556 0.052429
v -0.340567 0.659012 0.052429
v -0.340760 -0.477849 -0.132534
v -0.332400 -0.452319 0.138568
v -0.340504 -0.438864 0.138203
v -0.321566 0.635990 0.367822
v -0.341206 0.659430 -0.053948
v -0.333737 -0.476902 0.119317
v -0.335506 -0.435966 -0.162057
v -0.314071 0.209298 0.373164
v -0.310784 0.659661 0.359826
v -0.337606 0.658157 -0.078813
v -0.340463 0.658046 -0.046446
v -0.340802 0.658320 -0.045259
v -0.340602 0.657526 -0.035890
v -0.337734 0.659018 -0.082777
v -0.338701 0.659226 -0.077990
v -0.325546 -0.473556 0.128557
v -0.320238 -0.474461 0.132302
v -0.312932 -0.210921 -0.346134
v -0.335831 0.658770 -0.088157
v -0.338114 0.658656 0.073799
v -0.337854 0.659488 0.073096
v -0.335371 0.658150 0.081848
v -0.335444 0.658780 0.085635
v -0.335123 0.659350 0.086377
v -0.330649 0.656653 -0.116029
v -0.320343 -0.473560 -0.147326
v -0.325207 -0.465628 -0.151522
v -0.332654 -0.452554 0.138318
v -0.332147 -0.445028 -0.160316
v -0.335420 -0.431103 -0.171684
v -0.335779 0.658297 -0.324121
v -0.334728 0.657346 0.080902
v -0.334112 0.659025 -0.107294
v -0.332577 -0.477179 0.120926
v -0.332325 -0.445129 -0.160459
v -0.323761 0.658105 -0.151031
v -0.320998 0.659492 0.165607
v -0.328526 -0.477038 -0.140128
v -0.326334 -0.477530 -0.139492
v -0.310409 0.659596 0.360296
v -0.327899 0.658877 -0.138069
v -0.323807 -0.464058 -0.154793
v -0.309879 0.328181 -0.395270
v -0.325031 0.657404 0.137919
v -0.325808 0.659463 0.143400
v -0.324816 -0.478170 -0.140942
v -0.323553 -0.478122 -0.141674
v -0.325517 -0.466753 0.134283
v -0.326241 -0.455537 -0.158203
v -0.293868 -0.376349 -0.333198
v -0.326668 0.658200 -0.341731
v -0.326900 0.657806 -0.138724
v -0.302521 -0.503492 -0.118365
v -0.322891 -0.473250 0.132785
v -0.324963 -0.467645 0.133750
v -0.325430 -0.465082 0.135556
v -0.325242 -0.465672 -0.151584
v -0.324814 -0.463538 -0.153776
v -0.324420 -0.462784 -0.154846
v -0.324358 -0.462845 -0.155585
v -0.325790 0.655506 -0.139767
v -0.326214 0.655168 -0.131286
v -0.325262 0.658819 0.142615
v -0.321307 0.658099 0.158589
v -0.325871 -0.474781 0.126868
v -0.323678 -0.477137 -0.141672
v -0.322285 -0.476362 -0.147537
v -0.321384 -0.473470 -0.151176
v -0.323021 -0.468170 -0.150906
v -0.322700 -0.469292 -0.149989
v -0.322794 -0.469850 -0.149854
v -0.323154 -0.466174 -0.152997
v -0.322053 -0.467222 -0.153214
v -0.322197 -0.465598 -0.152456
v -0.323537 -0.467954 -0.153337
v -0.323046 -0.465120 -0.154235
v -0.321748 -0.465377 -0.155498
v -0.324208 0.630463 0.057999
v -0.315867 0.657577 -0.363487
v -0.323169 0.656304 -0.151077
v -0.322526 0.657406 0.148738
v -0.319911 0.656966 -0.164783
v -0.302965 0.668246 -0.268045
v -0.317115 -0.483716 -0.139292
v -0.320640 -0.479392 -0.142038
v -0.321090 -0.475824 -0.145444
v -0.319819 -0.475139 -0.147181
v -0.319279 -0.474118 -0.149526
v -0.321104 -0.471806 -0.149480
v -0.321000 -0.471264 -0.150176
v -0.320651 -0.470225 -0.151657
v -0.319910 -0.471422 -0.151235
v -0.320119 -0.470006 -0.151009
v -0.321247 -0.468532 -0.151959
v -0.319980 -0.469510 -0.153476
v -0.321598 -0.465846 -0.155440
v -0.315948 0.657625 -0.363526
v -0.319584 -0.475438 -0.149790
v -0.317521 -0.475554 -0.149461
v -0.320025 -0.470762 -0.150968
v -0.283100 -0.384571 0.343987
v -0.319825 0.656383 -0.163441
v -0.316932 0.658278 0.178992
v -0.303696 0.657833 0.218378
v -0.317092 -0.483706 -0.139310
v -0.316075 -0.483236 -0.140825
v -0.315838 -0.483405 -0.140858
v -0.315335 -0.478827 -0.149148
v -0.309941 -0.486260 -0.149811
v -0.316740 0.657134 -0.178941
v -0.316602 0.656704 -0.178247
v -0.315001 0.658080 0.181653
v -0.314002 0.657327 0.182348
v -0.314080 -0.483324 -0.143281
v -0.313827 -0.483686 -0.143252
v -0.312791 -0.485433 -0.142907
v -0.315052 -0.483766 -0.141298
v -0.313060 0.660260 0.193078
v -0.314640 0.659524 0.187950
v -0.312616 -0.484708 -0.144359
v -0.273986 -0.463992 -0.301815
v -0.312234 0.657763 -0.194402
v -0.309584 0.658181 0.201082
v -0.306106 -0.497945 -0.129488
v -0.309891 -0.495030 0.113657
v -0.310014 -0.492929 0.117489
v -0.311502 -0.488887 0.121136
v -0.309812 -0.493074 -0.137360
v -0.309624 -0.492771 -0.137227
v -0.312748 -0.484629 -0.143458
v -0.294840 -0.489738 0.208402
v -0.280428 0.052746 0.416883
v -0.303940 0.656972 -0.382889
v -0.310033 0.657218 -0.200918
v -0.310422 0.657724 -0.201200
v -0.310911 0.658849 -0.199000
v -0.311760 0.657237 -0.195155
v -0.308722 -0.498976 0.106852
v -0.305927 -0.503901 0.101469
v -0.304921 -0.506773 0.095514
v -0.306181 -0.498041 -0.129522
v -0.273028 -0.118599 -0.420242
v -0.268446 0.619104 -0.454725
v -0.311518 0.656832 -0.194730
v -0.307340 0.657840 -0.209422
v -0.307936 0.658003 -0.208804
v -0.204777 0.667232 0.415276
v -0.297169 -0.522903 -0.065143
v -0.299222 -0.523003 -0.029781
v -0.298086 -0.516878 -0.093768
v -0.304180 -0.504603 0.095978
v -0.303633 -0.504582 -0.119194
v -0.306622 -0.502995 0.101282
v -0.299515 0.657105 -0.390298
v -0.303528 0.656596 -0.382618
v -0.303428 0.658038 0.218262
v -0.298130 -0.524539 0.029482
v -0.297476 -0.517134 0.056987
v -0.302798 -0.511341 0.082680
v -0.284750 0.647197 -0.423237
v -0.305520 0.653977 -0.206400
v -0.305200 0.658060 -0.218434
v -0.303912 0.656791 -0.220642
v -0.299697 -0.520167 0.056827
v -0.300299 -0.512413 -0.104105
v -0.256783 -0.523598 -0.248435
v -0.260831 0.660031 0.433236
v -0.303184 0.656184 -0.221172
v -0.297634 -0.526995 -0.005192
v -0.298270 -0.524689 0.029422
v -0.303194 -0.511741 0.082748
v -0.298363 -0.517124 -0.093818
v -0.300534 -0.512611 -0.104144
v -0.299477 0.657069 -0.390275
v -0.299946 0.656913 -0.230277
v -0.299616 0.657192 -0.230114
v -0.297844 -0.526398 -0.017266
v -0.296469 -0.528087 -0.007779
v -0.295901 -0.529283 -0.007920
v -0.297970 -0.522638 -0.061944
v -0.296998 -0.521448 -0.076614
v -0.296477 -0.522921 -0.070986
v -0.296216 -0.521765 -0.079489
v -0.267022 -0.560606 0.066743
v -0.265837 0.623980 0.449602
v -0.293293 0.655608 -0.399498
v -0.295083 -0.528343 -0.035770
v -0.294662 -0.528847 -0.039538
v -0.295109 -0.529636 -0.008644
v -0.294787 -0.526591 -0.058159
v -0.295712 -0.525668 -0.057184
v -0.295892 -0.523706 -0.070170
v -0.299326 0.629044 0.180500
v -0.293839 0.657094 -0.248753
v -0.293853 0.657205 -0.247658
v -0.293612 -0.529332 -0.045358
v -0.293681 0.655961 -0.399789
v -0.289739 0.655842 -0.253132
v -0.293601 -0.527815 -0.060343
v -0.285517 0.657788 -0.268277
v -0.278101 0.574242 0.201506
v -0.266412 0.627362 -0.452814
v -0.289061 0.655412 -0.254649
v -0.274567 0.656929 -0.289091
v -0.267766 -0.533898 -0.181248
v -0.271611 0.424520 -0.448558
v -0.283733 0.656159 -0.413949
v -0.286894 0.656194 -0.410782
v -0.285527 0.656106 -0.265421
v -0.239572 0.667998 -0.374159
v -0.277117 0.648221 -0.431679
v -0.282259 0.656064 -0.271485
v -0.269693 -0.556393 -0.057340
v -0.266792 -0.551419 -0.122891
v -0.272736 0.657661 0.287310
v -0.243460 -0.269239 -0.445974
v -0.277456 0.646934 -0.432066
v -0.274972 0.655982 -0.424880
v -0.261156 0.660225 0.430805
v -0.267163 -0.557801 -0.073270
v -0.256833 0.097140 -0.455769
v -0.268216 0.387696 -0.451413
v -0.277184 0.644776 -0.433764
v -0.274593 0.645412 -0.436604
v -0.277325 0.647236 -0.432000
v -0.274469 0.656550 -0.426636
v -0.267975 -0.561549 0.003797
v -0.264048 -0.549386 -0.136365
v -0.275053 0.654195 -0.428528
v -0.272976 0.657519 0.287108
v -0.267123 -0.560939 -0.035984
v -0.267098 -0.558884 -0.065266
v -0.262112 -0.563092 0.073123
v -0.269102 0.177140 0.140042
v -0.266455 0.422313 -0.453678
v -0.266685 0.502039 -0.454496
v -0.266947 0.549529 -0.454363
v -0.266628 0.581772 -0.454682
v -0.266841 0.618957 -0.453505
v -0.267936 0.635253 -0.449352
v -0.266060 0.641118 -0.449696
v -0.270170 0.654868 -0.433797
v -0.267168 -0.560873 -0.038086
v -0.266108 -0.563310 -0.005922
v -0.265660 -0.562910 -0.005916
v -0.267971 -0.561545 0.003799
v -0.266267 0.298250 -0.451968
v -0.267528 0.330876 -0.451110
v -0.267504 0.330877 -0.451092
v -0.269372 0.358413 -0.449425
v -0.269417 0.358412 -0.449462
v -0.268052 0.383768 -0.451453
v -0.266554 0.395181 -0.453334
v -0.266036 0.627307 -0.452485
v -0.269100 0.645207 -0.443779
v -0.269214 0.644950 -0.443804
v -0.267587 0.645090 -0.443836
v -0.271011 0.647221 -0.440116
v -0.269751 0.649455 -0.439255
v -0.269280 0.654503 -0.434336
v -0.271877 0.654903 -0.290056
v -0.272924 0.654956 -0.290159
v -0.264455 -0.564274 0.034513
v -0.264387 -0.564214 0.034510
v -0.265391 -0.560478 -0.065810
v -0.261431 -0.558249 0.109932
v -0.260799 -0.554769 0.129677
v -0.263524 -0.548912 -0.136252
v -0.267148 -0.536374 -0.173479
v -0.264603 -0.537520 -0.176301
v -0.260178 -0.484749 0.301211
v -0.266091 0.255808 -0.450613
v -0.265499 0.256068 -0.451907
v -0.265752 0.266080 -0.451614
v -0.267242 0.265141 -0.449790
v -0.266255 0.298250 -0.451959
v -0.264698 0.360639 -0.455200
v -0.264767 0.360638 -0.455257
v -0.265798 0.422491 -0.454825
v -0.266886 0.502039 -0.454663
v -0.259268 0.398892 0.202706
v -0.266695 0.520481 -0.454484
v -0.266642 0.520483 -0.454442
v -0.266916 0.549530 -0.454338
v -0.263532 0.592740 -0.458028
v -0.263375 0.592739 -0.457902
v -0.264915 0.637217 -0.450372
v -0.268428 0.648256 -0.442618
v -0.267799 0.649385 -0.442491
v -0.268031 0.650645 -0.441188
v -0.266914 0.651536 -0.441726
v -0.268690 0.653982 -0.296825
v -0.268557 0.653841 -0.296624
v -0.263724 -0.561664 0.068144
v -0.261565 -0.562781 0.075523
v -0.266034 -0.550783 -0.122742
v -0.257307 -0.553945 0.149282
v -0.261446 -0.540456 -0.180109
v -0.259400 -0.529201 -0.219208
v -0.260343 0.158265 -0.454361
v -0.261347 0.207617 -0.455214
v -0.265484 0.377908 -0.454546
v -0.265876 0.396631 -0.453786
v -0.262129 0.579178 -0.459843
v -0.266208 0.644491 -0.447586
v -0.266826 0.642679 -0.447982
v -0.262355 0.643175 -0.451087
v -0.265798 0.649785 -0.444665
v -0.266844 0.649288 -0.443886
v -0.266820 0.648964 -0.444110
v -0.266277 0.651469 -0.442616
v -0.263735 -0.563929 0.044586
v -0.264033 -0.564203 0.044607
v -0.261248 -0.566179 0.055709
v -0.261154 -0.566095 0.055701
v -0.261397 -0.558218 0.109926
v -0.264994 -0.532122 -0.194172
v -0.264994 -0.532122 -0.194172
v -0.244227 -0.314361 0.431163
v -0.269845 -0.317949 0.007731
v -0.247953 -0.123781 -0.451026
v -0.251823 -0.089889 -0.449084
v -0.263240 0.257496 -0.454452
v -0.261166 0.575783 -0.461336
v -0.264830 0.644691 -0.449133
v -0.263689 0.646694 -0.449455
v -0.265090 0.649912 -0.445442
v -0.262593 0.650667 -0.446037
v -0.265388 0.652028 -0.443186
v -0.264552 0.651793 -0.444398
v -0.262162 0.656141 -0.442701
v -0.260776 -0.554745 0.129672
v -0.255991 -0.548752 0.174660
v -0.261304 -0.540020 -0.183090
v -0.259899 -0.529640 -0.219396
v -0.261287 0.207619 -0.455164
v -0.263621 0.271459 -0.454451
v -0.261972 0.640411 -0.454854
v -0.262077 0.644357 -0.452765
v -0.262944 0.643324 -0.452318
v -0.262944 0.643324 -0.452318
v -0.261903 0.648051 -0.450686
v -0.262892 0.647384 -0.449994
v -0.262320 0.648811 -0.449621
v -0.260357 0.647833 -0.450391
v -0.261802 0.653514 -0.445974
v -0.262208 0.652298 -0.446786
v -0.259213 0.652172 -0.450064
v -0.259575 0.655476 -0.446307
v -0.260289 0.655396 -0.315820
v -0.264902 0.667977 -0.419457
v -0.254956 0.656627 0.317253
v -0.248242 -0.581673 0.042534
v -0.258315 -0.564192 0.094933
v -0.258242 -0.564125 0.094921
v -0.257304 -0.553940 0.149281
v -0.264457 -0.301332 0.088634
v -0.258672 0.135732 -0.455172
v -0.258672 0.135732 -0.455172
v -0.260305 0.158267 -0.454330
v -0.207744 0.626122 -0.519881
v -0.257855 0.644893 -0.456045
v -0.261366 0.650308 -0.449616
v -0.259784 0.653644 -0.448269
v -0.258716 0.653628 -0.449544
v -0.260515 0.653242 -0.447823
v -0.260022 0.654546 -0.447014
v -0.257773 0.657799 0.438054
v -0.206853 -0.594561 -0.190841
v -0.256283 0.087749 -0.455436
v -0.256071 0.153568 -0.459338
v -0.256169 0.153564 -0.459418
v -0.258738 0.648224 -0.454326
v -0.259118 0.650747 -0.451907
v -0.257602 0.650582 -0.454103
v -0.258474 0.652672 -0.450902
v -0.256882 0.652891 -0.452585
v -0.258136 0.654414 -0.449412
v -0.257336 0.654890 -0.449805
v -0.257321 0.655306 -0.449331
v -0.257790 0.656652 -0.447082
v -0.259821 0.655980 -0.315429
v -0.255822 -0.548596 0.174614
v -0.254833 -0.522053 -0.247767
v -0.207458 -0.441199 -0.426288
v -0.252147 -0.399552 0.017656
v -0.248355 -0.255828 0.175740
v -0.252733 -0.031887 -0.451920
v -0.254481 0.054141 -0.455714
v -0.254117 0.054160 -0.455415
v -0.254863 0.113430 -0.458661
v -0.252906 0.117468 -0.461220
v -0.255492 0.649947 -0.456835
v -0.256997 0.649618 -0.455330
v -0.256049 0.653779 -0.452597
v -0.256896 0.652922 -0.452534
v -0.256460 0.655816 -0.449778
v -0.253583 0.654273 -0.454009
v -0.252531 0.654698 -0.325134
v -0.248067 -0.582817 0.014067
v -0.248292 -0.583021 0.014071
v -0.247928 -0.581393 0.042512
v -0.244622 -0.582746 0.067009
v -0.233550 -0.583175 0.132100
v -0.252039 -0.548825 0.188697
v -0.251895 -0.548691 0.188649
v -0.248411 -0.545868 0.208439
v -0.240469 -0.235966 -0.448478
v -0.250427 -0.116030 -0.448283
v -0.216845 -0.061843 0.488880
v -0.250519 -0.058459 -0.452762
v -0.252220 -0.033800 -0.452353
v -0.254730 0.039592 -0.454202
v -0.254730 0.039592 -0.454202
v -0.209910 0.250143 0.509265
v -0.230372 0.246061 -0.493012
v -0.254990 0.650145 -0.457366
v -0.255120 0.652026 -0.455480
v -0.251704 0.655257 -0.324479
v -0.256061 0.655548 0.317952
v -0.243002 -0.586396 -0.048677
v -0.247931 -0.583079 -0.018741
v -0.227624 -0.592259 -0.120964
v -0.250405 -0.518191 -0.266704
v -0.250504 -0.518276 -0.266746
v -0.246255 -0.391508 -0.109622
v -0.248627 -0.090083 -0.452297
v -0.250337 -0.058448 -0.452612
v -0.250161 0.020765 -0.458561
v -0.249899 0.021005 -0.458888
v -0.247669 -0.582849 -0.018746
v -0.243222 -0.586592 -0.048696
v -0.238458 -0.590738 -0.058275
v -0.244702 -0.582823 0.067018
v -0.244877 -0.578172 0.096967
v -0.244737 -0.578046 0.096945
v -0.245314 -0.547066 0.214337
v -0.238003 -0.540267 0.250303
v -0.217456 -0.396434 -0.436095
v -0.249512 -0.119394 -0.449144
v -0.248061 -0.073837 -0.454639
v -0.248075 -0.073837 -0.454650
v -0.248195 0.654563 -0.461287
v -0.248810 0.654687 -0.460060
v -0.246560 0.656683 -0.460594
v -0.248029 -0.583538 0.000944
v -0.247829 -0.583355 0.000947
v -0.247315 -0.542227 0.221156
v -0.246381 -0.543340 0.219654
v -0.236305 -0.538926 0.258169
v -0.243529 -0.523170 -0.273069
v -0.245122 -0.516507 -0.281266
v -0.218589 -0.490723 0.367066
v -0.230463 -0.330044 -0.442942
v -0.239428 -0.249944 -0.447512
v -0.242803 -0.203266 -0.449248
v -0.247004 -0.149947 -0.449579
v -0.244140 -0.118628 -0.455734
v -0.244720 -0.119644 -0.454961
v -0.244729 -0.118860 -0.455090
v -0.246178 -0.091948 -0.455474
v -0.239740 0.657635 0.459704
v -0.240427 -0.588157 -0.059603
v -0.245313 -0.516668 -0.281357
v -0.243281 -0.522953 -0.272956
v -0.245812 0.655797 -0.462397
v -0.247156 0.656504 -0.459810
v -0.246940 0.655338 -0.335883
v -0.192387 -0.656740 -0.051750
v -0.220829 -0.584398 0.177670
v -0.237911 -0.540182 0.250262
v -0.239039 -0.249898 -0.447190
v -0.240048 -0.235921 -0.448132
v -0.242879 -0.203273 -0.449311
v -0.244085 0.654456 -0.338810
v -0.245805 0.654782 -0.336680
v -0.235873 -0.515571 -0.303479
v -0.235330 -0.515100 -0.303186
v -0.201393 -0.441194 0.433077
v -0.238758 -0.263755 -0.446400
v -0.171579 0.669827 0.507197
v -0.235894 -0.591180 -0.076722
v -0.233870 -0.583466 0.132171
v -0.209774 0.607513 0.348505
v -0.234331 -0.591092 -0.088033
v -0.234881 -0.590826 -0.085959
v -0.234070 -0.590872 -0.091756
v -0.239645 -0.580920 0.110854
v -0.239803 -0.581062 0.110883
v -0.235170 -0.539802 0.258543
v -0.224266 -0.360608 -0.441062
v -0.238324 -0.277148 -0.444544
v -0.238084 -0.277114 -0.444351
v -0.237278 -0.258900 -0.448802
v -0.204531 -0.233069 -0.492336
v -0.236161 -0.588280 -0.092185
v -0.224444 -0.532714 0.294177
v -0.232196 -0.592692 -0.092624
v -0.235573 -0.590700 -0.081923
v -0.237232 -0.588872 -0.081744
v -0.224065 -0.459624 -0.028386
v -0.222312 -0.453325 0.096135
v -0.228361 -0.338790 -0.441939
v -0.183291 0.645010 0.527405
v -0.227653 0.654868 0.360054
v -0.227576 -0.592213 -0.120939
v -0.213044 -0.596135 -0.164471
v -0.229420 -0.514084 -0.316186
v -0.229463 -0.514122 -0.316209
v -0.219528 -0.506975 -0.344244
v -0.211632 -0.412525 -0.433976
v -0.230284 -0.330005 -0.442796
v -0.228861 0.425617 0.271364
v -0.211953 0.657511 0.488660
v -0.230955 0.654563 -0.358341
v -0.230900 0.654610 -0.358304
v -0.227564 0.654949 0.359998
v -0.213765 -0.618291 0.090678
v -0.228588 -0.338847 -0.442121
v -0.220659 -0.584245 0.177623
v -0.226015 -0.532609 0.288792
v -0.221496 -0.515467 -0.331385
v -0.220630 -0.514661 -0.330799
v -0.223378 -0.362463 -0.440955
v -0.225203 -0.356646 -0.440767
v -0.225478 -0.351086 -0.442293
v -0.227596 -0.349916 -0.440088
v -0.225877 -0.350494 -0.441619
v -0.185360 0.155154 -0.535125
v -0.221237 0.657104 -0.488651
v -0.223696 -0.536794 0.288050
v -0.226864 -0.535026 0.285058
v -0.217142 -0.317359 0.250534
v -0.233280 0.034804 0.233780
v -0.190283 0.656880 -0.518823
v -0.219972 -0.595541 -0.140316
v -0.221792 -0.536580 0.292283
v -0.223618 -0.536575 0.288587
v -0.218585 -0.506190 -0.343645
v -0.222186 -0.358878 -0.443696
v -0.256182 0.616937 0.274450
v -0.221612 0.655053 -0.367406
v -0.221099 0.655238 0.368440
v -0.215423 -0.454479 -0.127220
v -0.219104 -0.395080 -0.432783
v -0.221606 0.654769 0.368814
v -0.219650 -0.596577 -0.140306
v -0.208766 -0.585974 0.209529
v -0.189125 -0.585213 0.257428
v -0.219161 -0.532873 0.303632
v -0.218748 -0.533313 0.303247
v -0.206827 -0.430193 -0.429376
v -0.172206 -0.348653 -0.503676
v -0.206739 0.652495 -0.388211
v -0.198577 -0.622705 -0.148232
v -0.208739 -0.585953 0.209522
v -0.176130 -0.522788 0.393599
v -0.206413 -0.528631 0.332807
v -0.165086 0.667040 -0.524768
v -0.213734 -0.595551 -0.163783
v -0.193286 -0.598834 -0.215087
v -0.205185 -0.528831 0.334296
v -0.214104 -0.400969 -0.435289
v -0.178963 0.621054 0.536710
v -0.203844 -0.503455 -0.370916
v -0.203606 -0.503259 -0.370744
v -0.197979 -0.499657 -0.383374
v -0.197738 -0.463262 -0.417693
v -0.209850 -0.416776 -0.434095
v -0.215707 0.653532 -0.379036
v -0.215628 0.654135 -0.378708
v -0.164918 -0.627691 0.240969
v -0.209678 -0.594622 -0.181012
v -0.209678 -0.594622 -0.181012
v -0.205547 -0.599421 -0.180909
v -0.205514 -0.585319 0.220233
v -0.205325 -0.585146 0.220159
v -0.193024 -0.476729 -0.412440
v -0.193822 -0.486881 0.100223
v -0.207342 -0.432975 -0.431319
v -0.188781 -0.291987 0.498129
v -0.163497 0.628944 0.416354
v -0.173235 0.656684 0.526044
v -0.205249 -0.439800 -0.424627
v -0.180858 0.641544 -0.538730
v -0.204928 0.654435 0.390414
v -0.203985 0.654019 0.389993
v -0.205813 -0.598407 -0.182712
v -0.201503 -0.600455 -0.189464
v -0.204325 -0.598275 -0.189357
v -0.191167 0.193256 0.317161
v -0.194888 -0.657857 0.045931
v -0.195586 -0.597760 -0.213329
v -0.137949 0.668369 -0.490953
v -0.189053 -0.658444 0.091193
v -0.200300 -0.486764 0.035048
v -0.200061 -0.486531 0.035036
v -0.199175 -0.485755 -0.067801
v -0.197022 -0.486262 0.075986
v -0.198551 -0.462418 -0.417899
v -0.201310 0.654346 0.393708
v -0.202082 0.655260 0.393906
v -0.199983 0.653522 0.394807
v -0.183566 -0.590091 0.260319
v -0.198479 -0.500092 -0.383756
v -0.199269 -0.485848 -0.067808
v -0.200187 -0.488055 -0.027664
v -0.200108 -0.487985 -0.027677
v -0.198907 -0.486403 0.055353
v -0.199254 -0.486737 0.055382
v -0.197038 -0.470580 -0.411559
v -0.190755 -0.445635 -0.221961
v -0.203240 0.653254 0.389956
v -0.192916 -0.585884 0.248546
v -0.194955 -0.586075 0.243640
v -0.195968 -0.484170 -0.097240
v -0.196406 -0.484976 -0.097948
v -0.194872 -0.657882 0.045924
v -0.192247 -0.599326 -0.218591
v -0.168418 -0.600380 -0.267970
v -0.173666 -0.520581 0.392657
v -0.185288 -0.500401 -0.399133
v -0.197048 -0.486284 0.075990
v -0.193253 -0.486338 0.100130
v -0.191107 -0.478250 -0.412900
v -0.195636 -0.480798 -0.120794
v -0.195636 -0.480798 -0.120794
v -0.195297 -0.482397 -0.115292
v -0.195874 -0.481748 -0.115466
v -0.193135 -0.485078 0.109559
v -0.169885 -0.397133 0.489008
v -0.188639 0.656692 -0.519324
v -0.192942 -0.657422 -0.052012
v -0.190077 -0.585451 0.255553
v -0.190340 -0.524249 0.363102
v -0.190245 -0.524171 0.363033
v -0.193553 -0.485495 0.109645
v -0.188451 -0.482590 -0.145714
v -0.190612 -0.455548 0.203988
v -0.175366 0.371004 0.541351
v -0.189345 -0.658047 -0.074734
v -0.191180 -0.657471 0.074057
v -0.191284 -0.657572 0.074075
v -0.188598 -0.658079 0.091146
v -0.173366 -0.658541 0.164654
v -0.185066 -0.488768 -0.410392
v -0.174292 -0.510838 -0.025018
v -0.193726 -0.484524 -0.113222
v -0.188333 -0.482480 -0.145677
v -0.184600 -0.302734 0.312033
v -0.176978 0.584205 0.539209
v -0.175813 0.652325 0.527301
v -0.173791 0.653117 0.423770
v -0.173685 0.653217 0.423672
v -0.181132 -0.670709 -0.038674
v -0.188674 -0.657423 -0.074653
v -0.184772 -0.598094 -0.240316
v -0.183145 -0.599774 -0.237855
v -0.179989 -0.589059 0.270208
v -0.184809 -0.500003 -0.398750
v -0.184309 -0.490765 -0.411272
v -0.182525 -0.486601 0.150917
v -0.173134 0.434565 0.543340
v -0.153415 0.540486 0.398573
v -0.174295 0.639003 0.535166
v -0.187159 0.652205 -0.412075
v -0.186918 -0.656581 -0.094923
v -0.186625 -0.656316 -0.094872
v -0.186175 -0.590645 0.253528
v -0.186132 -0.590650 0.253520
v -0.186858 -0.523356 0.370831
v -0.186490 -0.523005 0.370571
v -0.185997 -0.481676 -0.156580
v -0.185928 -0.481614 -0.156560
v -0.181939 -0.481555 -0.172484
v -0.149431 -0.208106 -0.545373
v -0.181549 0.455567 0.350073
v -0.179328 0.647041 0.527989
v -0.182937 -0.656018 -0.109588
v -0.183694 -0.658011 0.122041
v -0.182769 -0.657169 0.121918
v -0.182034 -0.589454 0.264459
v -0.182101 -0.587397 0.268229
v -0.182186 -0.486279 0.150833
v -0.184229 -0.656305 -0.110228
v -0.167022 -0.655306 -0.181122
v -0.181292 -0.601868 -0.238988
v -0.170968 -0.503541 -0.413854
v -0.176448 -0.498772 -0.410906
v -0.181565 -0.481226 -0.172359
v -0.170338 0.105292 0.540051
v -0.173636 0.408472 0.542757
v -0.174101 0.639595 0.533649
v -0.181044 0.644362 0.527839
v -0.179414 -0.656534 0.142649
v -0.162609 -0.590885 0.297742
v -0.160036 -0.505195 -0.162843
v -0.170656 -0.479028 -0.207163
v -0.178084 0.620955 0.535713
v -0.177465 0.643805 0.529144
v -0.178503 0.647558 0.528303
v -0.179300 0.647024 0.527958
v -0.159381 -0.670331 0.157152
v -0.178239 -0.656220 0.143134
v -0.177994 -0.591828 0.268084
v -0.177994 -0.591828 0.268084
v -0.172809 -0.589903 0.280875
v -0.170346 -0.484536 0.190078
v -0.175705 -0.481536 -0.187394
v -0.175605 0.364690 0.540461
v -0.176956 0.584204 0.539183
v -0.174561 0.656766 -0.531631
v -0.174288 0.656437 -0.531322
v -0.168760 -0.602799 -0.263956
v -0.172141 0.130998 0.539322
v -0.171904 0.131005 0.539050
v -0.174533 0.374333 0.541854
v -0.175345 0.468586 0.541001
v -0.177191 0.472199 0.539884
v -0.175491 0.503093 0.540608
v -0.175907 0.503095 0.541089
v -0.173339 0.606695 0.541296
v -0.173359 0.606696 0.541326
v -0.174879 0.631362 -0.410661
v -0.174187 0.629892 -0.410787
v -0.174653 0.650704 0.529532
v -0.175228 0.653566 0.526782
v -0.174483 0.656405 0.523292
v -0.172914 0.653303 -0.428100
v -0.169856 -0.657063 0.177076
v -0.168455 -0.506841 0.120837
v -0.171627 -0.502506 -0.413579
v -0.175746 -0.481570 -0.187414
v -0.153687 -0.255247 0.358712
v -0.168047 -0.003650 0.537252
v -0.167602 0.093330 0.541883
v -0.172458 0.206884 0.540942
v -0.172301 0.206888 0.540761
v -0.172639 0.345277 0.543253
v -0.173462 0.408473 0.542553
v -0.173016 0.434566 0.543203
v -0.173219 0.461858 0.543142
v -0.175579 0.632629 0.537337
v -0.172723 0.651349 0.530697
v -0.173685 -0.657292 0.165300
v -0.162757 -0.656961 0.199238
v -0.141124 -0.653268 -0.247121
v -0.165967 -0.591812 0.290265
v -0.170442 -0.484625 0.190113
v -0.162189 -0.222214 0.529354
v -0.167387 -0.079751 0.533890
v -0.167654 0.037137 0.539440
v -0.167682 0.037136 0.539474
v -0.170188 0.105298 0.539877
v -0.172600 0.290871 0.542681
v -0.173119 0.632381 -0.412979
v -0.172093 0.653633 0.529367
v -0.172258 0.652164 0.530490
v -0.171397 0.653322 0.530233
v -0.172258 0.652164 0.530490
v -0.117814 -0.579145 -0.379886
v -0.160775 -0.515747 0.415560
v -0.158837 -0.270980 0.527658
v -0.162460 -0.260189 0.525614
v -0.165353 -0.199212 0.528169
v -0.165954 -0.160862 0.530277
v -0.166863 -0.149686 0.530221
v -0.166410 -0.149654 0.529703
v -0.167474 -0.118174 0.531546
v -0.167465 -0.118173 0.531536
v -0.168070 -0.003652 0.537279
v -0.172864 0.631909 0.534217
v -0.171199 0.645888 0.530414
v -0.174142 0.646418 0.532746
v -0.174530 0.645160 0.533057
v -0.172277 0.647686 0.532399
v -0.169394 0.653174 0.532110
v -0.168592 0.652928 0.532952
v -0.169394 0.653174 0.532110
v -0.170278 0.651971 0.532294
v -0.169394 0.653174 0.532110
v -0.169394 0.653174 0.532110
v -0.169478 0.655189 0.530208
v -0.168607 -0.657108 0.179137
v -0.167302 -0.604141 -0.263940
v -0.163134 -0.504705 -0.420711
v -0.169822 -0.478246 -0.206820
v -0.143865 -0.472381 -0.278535
v -0.164810 -0.189485 0.529257
v -0.167407 -0.079754 0.533913
v -0.167703 0.093324 0.542003
v -0.170484 0.650592 0.533178
v -0.169407 0.651342 0.533522
v -0.163905 0.657435 -0.539707
v -0.171170 0.653778 -0.431368
v -0.170703 0.652723 -0.430768
v -0.170306 0.652405 -0.431362
v -0.163895 0.654914 0.532247
v -0.167769 0.655233 0.531624
v -0.163935 0.657093 -0.539350
v -0.165425 -0.656585 0.190971
v -0.166579 -0.654960 -0.184423
v -0.163564 -0.604030 -0.272112
v -0.162254 -0.220477 0.529423
v -0.165908 -0.160858 0.530224
v -0.162903 0.545206 -0.394263
v -0.161519 0.534450 -0.393880
v -0.162720 0.535939 -0.393630
v -0.162165 0.553260 -0.396969
v -0.173842 0.636750 -0.414768
v -0.171602 0.644484 0.535908
v -0.166508 0.653089 0.534560
v -0.164359 -0.657474 0.191895
v -0.159425 -0.605083 -0.278047
v -0.158848 -0.595340 0.296711
v -0.162741 -0.480566 -0.221999
v -0.162835 -0.480655 -0.222039
v -0.150358 -0.481949 0.241333
v -0.153098 -0.310505 0.526974
v -0.162461 -0.260189 0.525616
v -0.163629 -0.184779 0.530243
v -0.165312 0.653274 0.535002
v -0.166712 0.655180 0.532594
v -0.166712 0.655180 0.532594
v -0.161480 -0.656264 0.202539
v -0.156484 -0.607447 -0.278271
v -0.160346 -0.515338 0.415174
v -0.160308 -0.475661 -0.235864
v -0.160091 -0.475445 -0.235767
v -0.150732 -0.331315 0.524973
v -0.156444 -0.319873 0.522461
v -0.158837 -0.270979 0.527659
v -0.139646 0.319390 0.570294
v -0.156118 -0.656329 0.216179
v -0.159784 -0.607609 -0.273718
v -0.160147 -0.606357 -0.274738
v -0.162606 -0.590885 0.297740
v -0.126617 -0.595755 0.344118
v -0.150649 -0.482243 0.241478
v -0.155838 -0.311979 0.524356
v -0.157622 -0.311386 0.522926
v -0.127226 -0.002329 0.570961
v -0.115231 0.617544 -0.592294
v -0.136892 0.622315 -0.445491
v -0.150881 0.653081 0.445831
v -0.150865 0.653051 0.445854
v -0.155587 -0.655950 0.215666
v -0.158571 -0.594128 0.299677
v -0.144100 -0.591927 0.325524
v -0.154573 -0.473568 -0.252165
v -0.164603 -0.433187 0.286445
v -0.148503 -0.345136 0.523385
v -0.156424 -0.319868 0.522438
v -0.090887 -0.303951 -0.579030
v -0.153947 -0.307864 0.526896
v -0.136565 0.354409 0.393057
v -0.148135 0.657147 -0.552513
v -0.152504 -0.591788 0.313103
v -0.147865 -0.514608 0.430722
v -0.147606 -0.514352 0.430501
v -0.142261 -0.512060 -0.435946
v -0.155234 -0.474401 -0.249444
v -0.159948 0.518954 -0.393170
v -0.159832 0.518974 -0.393072
v -0.088028 0.648887 -0.603017
v -0.154373 0.657939 0.541556
v -0.139786 -0.507588 0.446143
v -0.113208 -0.499122 -0.277107
v -0.150595 -0.331281 0.524810
v -0.147391 0.657509 -0.552615
v -0.148968 -0.657280 0.233026
v -0.148572 -0.656259 0.233338
v -0.150341 -0.596002 0.310106
v -0.149925 -0.594740 0.312670
v -0.152558 -0.591698 0.313114
v -0.132760 -0.437284 0.504660
v -0.144023 -0.596423 0.318178
v -0.145321 -0.592266 0.323386
v -0.142968 -0.514259 -0.437093
v -0.130167 -0.429915 0.510162
v -0.148447 -0.345117 0.523315
v -0.124088 0.164135 -0.585330
v -0.142683 -0.656341 0.246554
v -0.124748 -0.530139 0.074752
v -0.146212 -0.474130 -0.266262
v -0.147126 -0.473832 -0.265556
v -0.096080 -0.453882 -0.526748
v -0.130589 -0.383181 0.362005
v -0.140602 -0.386540 0.518234
v -0.143028 -0.383465 0.516066
v -0.145838 -0.378284 0.516442
v -0.147098 -0.373865 0.516974
v -0.142165 -0.479697 0.260533
v -0.142178 -0.479702 0.260539
v -0.147007 0.653046 -0.455733
v -0.142281 -0.655962 0.246348
v -0.110985 -0.651230 -0.301060
v -0.139326 -0.610993 -0.303173
v -0.138038 -0.595742 0.329281
v -0.102043 -0.507964 0.274236
v -0.143620 -0.470046 -0.278305
v -0.122194 -0.459856 0.500806
v -0.140406 -0.378703 0.522040
v -0.118702 0.625561 0.458029
v -0.129522 0.650660 0.464117
v -0.140544 -0.652741 -0.247223
v -0.139478 -0.610722 -0.303638
v -0.140158 -0.594821 0.327500
v -0.115344 -0.599576 0.353912
v -0.139744 -0.507550 0.446103
v -0.129391 -0.502561 0.461005
v -0.116749 -0.482298 0.491215
v -0.136524 -0.406723 0.513441
v -0.139187 -0.397113 0.515615
v -0.138399 -0.410512 0.511060
v -0.101710 -0.258547 0.574297
v -0.139983 0.208568 -0.388813
v -0.140011 0.208566 -0.388840
v -0.135213 0.657194 -0.562323
v -0.135144 0.657089 -0.562232
v -0.122438 0.654499 -0.478338
v -0.134432 -0.656874 0.260767
v -0.136199 -0.418397 0.510243
v -0.134379 -0.656826 0.260735
v -0.127506 -0.612489 -0.319666
v -0.111746 -0.522659 -0.195642
v -0.137156 -0.469925 -0.288636
v -0.137197 -0.468865 -0.289851
v -0.130060 -0.429858 0.510040
v -0.130053 0.650375 0.464167
v -0.130896 0.657481 0.559308
v -0.105293 -0.669614 0.280440
v -0.131321 -0.514627 -0.443892
v -0.131492 -0.514806 -0.444067
v -0.130600 -0.505760 0.459965
v -0.135050 -0.477462 0.275707
v -0.134751 -0.477144 0.275530
v -0.132526 -0.437148 0.504399
v -0.135626 -0.398735 0.518399
v -0.134472 -0.407306 0.516310
v -0.135741 -0.400058 0.518005
v -0.135220 -0.290228 -0.383811
v -0.134258 -0.290113 -0.382987
v -0.092663 0.214849 0.430982
v -0.090160 0.653632 0.496400
v -0.111855 -0.652016 -0.301554
v -0.131551 -0.477665 0.282989
v -0.131498 -0.477613 0.282956
v -0.118469 -0.476326 0.305416
v -0.129930 -0.656477 0.270604
v -0.129763 -0.656331 0.270512
v -0.079217 -0.361803 0.574544
v -0.031995 0.667719 0.610073
v -0.128578 -0.612355 -0.318299
v -0.127075 -0.596212 0.344463
v -0.123456 -0.514142 -0.451860
v -0.127293 -0.501681 0.464077
v -0.128707 -0.470375 -0.308267
v -0.127252 -0.447580 0.507944
v -0.124844 -0.445925 0.504793
v -0.026394 0.668217 -0.614524
v -0.134321 -0.669809 -0.213801
v -0.126108 -0.656699 0.278514
v -0.125356 -0.656032 0.278090
v -0.113176 -0.655878 0.300002
v -0.125954 -0.506504 0.460790
v -0.125954 -0.506504 0.460790
v -0.125954 -0.506504 0.460790
v -0.122309 -0.459936 0.500944
v -0.119774 0.630878 0.459505
v -0.121238 -0.620196 -0.319542
v -0.123876 -0.616941 -0.319672
v -0.123774 -0.514480 -0.452198
v -0.119734 -0.504408 0.468910
v -0.120247 -0.504325 0.468237
v -0.123507 -0.503522 0.465947
v -0.123480 -0.502160 0.467243
v -0.122349 0.651200 0.471445
v -0.122414 -0.657043 0.285342
v -0.121769 -0.656461 0.284868
v -0.101374 -0.606903 0.361622
v -0.105842 -0.621543 -0.338367
v -0.115589 -0.599823 0.354039
v -0.116121 -0.476042 0.492887
v -0.113867 0.634717 0.467013
v -0.120420 0.646416 0.469333
v -0.122401 0.654512 -0.478303
v -0.114719 0.658094 -0.576080
v -0.114435 0.657652 -0.575662
v -0.118153 -0.497273 0.476451
v -0.119172 -0.499722 0.473456
v -0.119172 -0.499722 0.473456
v -0.116472 -0.497731 0.477379
v -0.118606 -0.476255 0.495043
v -0.121942 -0.466878 -0.314714
v -0.124395 -0.471231 -0.306757
v -0.118885 0.628922 0.459361
v -0.121112 0.646812 0.468204
v -0.119579 0.650194 0.471357
v -0.121610 0.648122 0.468792
v -0.118085 -0.655752 0.291335
v -0.113183 -0.483825 0.491695
v -0.117662 -0.475322 0.306339
v -0.098952 -0.470057 0.345255
v -0.111978 -0.296344 0.402801
v -0.115385 0.621512 0.459044
v -0.116608 0.647901 0.472789
v -0.118355 0.648049 0.471535
v -0.117942 -0.655634 0.291249
v -0.105071 -0.517858 -0.465078
v -0.105069 -0.517868 -0.465082
v -0.113066 -0.430131 -0.361217
v -0.118016 -0.403731 -0.370996
v -0.118745 -0.399950 -0.371338
v -0.116501 -0.396763 -0.373619
v -0.119158 -0.390270 -0.375028
v -0.120730 -0.393086 -0.376818
v -0.089185 0.620532 0.605544
v -0.116668 0.646436 0.471698
v -0.106643 0.656384 -0.493192
v -0.113099 -0.655037 0.298892
v -0.111460 -0.488033 0.489497
v -0.112587 -0.463994 -0.330939
v -0.101131 0.527490 0.445835
v -0.109826 0.585898 0.451667
v -0.101255 0.585490 0.458950
v -0.115968 0.628818 0.461778
v -0.113897 0.627369 0.464463
v -0.114506 0.642482 0.470779
v -0.113727 0.651421 0.477573
v -0.047288 0.667362 0.549472
v -0.071386 -0.535299 -0.118159
v -0.104843 -0.474935 0.322000
v -0.109848 0.585892 0.451694
v -0.107065 0.594910 0.456782
v -0.113678 0.628408 0.465837
v -0.112634 0.646413 0.475046
v -0.108976 -0.655460 0.306265
v -0.113580 -0.496779 0.481165
v -0.105007 -0.501054 0.485499
v -0.111404 -0.432365 -0.361337
v -0.089225 0.383621 0.439125
v -0.109595 0.615117 0.461371
v -0.112179 0.621396 0.461710
v -0.111698 0.622398 0.462532
v -0.106794 0.616787 0.465349
v -0.106642 0.618272 0.465110
v -0.110138 0.650875 0.480637
v -0.110794 0.649376 0.478848
v -0.107763 -0.655050 0.306692
v -0.107612 -0.656292 0.306515
v -0.108872 -0.655337 0.306025
v -0.108216 -0.654574 0.307986
v -0.108216 -0.654574 0.307986
v -0.103942 -0.624461 -0.337943
v -0.095837 -0.607619 0.368121
v -0.105640 0.555252 0.447568
v -0.106368 0.612961 0.463302
v -0.103529 -0.501077 0.485704
v -0.105440 -0.474856 0.321551
v -0.108867 -0.432582 -0.364129
v -0.108630 -0.437356 -0.360930
v -0.108630 -0.437356 -0.360930
v -0.105082 -0.443086 -0.360253
v -0.110859 -0.429574 -0.362620
v -0.113083 -0.418534 -0.368548
v -0.111336 -0.419842 -0.369650
v -0.058912 -0.429881 0.412860
v -0.103974 0.541799 0.446511
v -0.105965 0.594559 0.457592
v -0.109155 0.642169 0.586520
v -0.086857 0.657317 0.589534
v -0.100373 -0.654433 0.318686
v -0.099056 -0.469963 0.337491
v -0.103260 0.538026 0.446026
v -0.105648 0.555250 0.447578
v -0.099477 0.568234 0.456610
v -0.104382 0.594713 0.458866
v -0.101983 0.583164 0.457387
v -0.099250 0.657202 -0.587261
v -0.097934 0.659357 -0.585969
v -0.098131 -0.622418 -0.347358
v -0.099096 -0.621575 -0.346526
v -0.044074 0.280470 -0.634781
v -0.101541 0.503127 0.441420
v -0.101513 0.503132 0.441386
v -0.099642 0.532077 0.447912
v -0.099234 0.568307 0.456328
v -0.102018 0.608910 0.465546
v -0.101998 0.608920 0.465520
v -0.106024 0.656540 -0.493954
v -0.094502 0.656869 -0.503098
v -0.105044 0.655287 -0.493027
v -0.091398 -0.655211 0.329483
v -0.099437 -0.473297 0.333050
v -0.092627 0.398813 0.437054
v -0.093779 0.463398 0.442253
v -0.101661 0.549226 0.449669
v -0.096343 0.552754 0.455319
v -0.088481 0.657760 -0.593448
v -0.098204 -0.656068 0.319678
v -0.099706 -0.654707 0.319325
v -0.092703 -0.645086 -0.329348
v -0.098638 -0.633972 -0.335221
v -0.096844 -0.633514 -0.337490
v -0.098740 -0.475220 0.331604
v -0.094924 -0.469481 0.342993
v -0.085337 0.256789 0.437092
v -0.095454 0.500305 0.445937
v -0.095303 0.500417 0.446135
v -0.098008 0.531636 0.449157
v -0.095686 0.556771 0.456354
v -0.026495 0.628036 -0.642139
v -0.097934 0.658818 -0.586530
v -0.088450 0.657459 0.588574
v -0.091222 -0.646794 -0.329953
v -0.073686 -0.612288 -0.384364
v -0.091858 -0.518504 -0.477121
v -0.091451 -0.518013 -0.476636
v -0.039399 -0.504957 -0.358077
v -0.081863 -0.247255 0.431760
v -0.091575 0.408570 0.438679
v -0.094542 0.463242 0.443203
v -0.097956 0.533172 0.449542
v -0.032784 0.658256 0.621973
v -0.093906 -0.607369 0.371369
v -0.089336 -0.472986 0.344867
v -0.090445 0.211609 0.431591
v -0.091104 0.221632 0.431240
v -0.087353 0.217795 0.434199
v -0.085170 0.657909 -0.595397
v -0.095306 0.659934 -0.587580
v -0.095258 0.659622 -0.587356
v -0.091359 -0.654734 0.329600
v -0.088647 -0.649126 -0.332351
v -0.083035 -0.618344 -0.368585
v -0.089767 -0.463793 -0.359065
v -0.085833 0.341751 0.438531
v -0.086211 0.341731 0.439001
v -0.087777 0.361554 0.438652
v -0.087385 0.361572 0.438172
v -0.089827 0.401122 0.439560
v -0.089861 0.382787 0.438228
v -0.089228 0.430514 0.442604
v -0.089213 0.430517 0.442583
v -0.058842 0.578516 -0.494329
v -0.082961 -0.654996 0.339199
v -0.090680 -0.619923 -0.358276
v -0.090810 -0.620037 -0.358390
v -0.038751 -0.609587 0.421071
v -0.022335 -0.529283 0.296524
v -0.089560 -0.472910 0.345140
v -0.079573 -0.469231 0.359455
v -0.091574 0.408570 0.438678
v -0.039896 0.591990 0.505502
v -0.078812 -0.517585 -0.488021
v -0.069762 -0.468323 0.372206
v -0.067255 -0.392652 0.420453
v -0.073478 -0.356577 0.426213
v -0.079248 -0.072364 0.436651
v -0.084360 0.141544 0.435378
v -0.082468 0.141981 0.436893
v -0.082526 0.185658 0.437866
v -0.085350 0.215032 0.435971
v -0.087205 0.323954 0.438434
v -0.086913 0.323967 0.438075
v -0.092199 0.653081 0.496707
v -0.087424 0.651994 0.499282
v -0.087576 0.651230 0.498488
v -0.093437 0.657066 -0.503819
v -0.082006 -0.648553 -0.341519
v -0.082900 -0.618221 -0.368462
v -0.077116 -0.608774 0.387484
v -0.077056 -0.608719 0.387429
v -0.074453 -0.522900 -0.486289
v -0.080226 -0.521206 -0.483130
v -0.078771 -0.521617 -0.483155
v -0.073013 -0.507200 0.506526
v -0.073518 -0.507983 0.507353
v -0.078870 -0.468475 0.358790
v -0.079576 -0.269046 0.431754
v -0.080086 0.109138 0.438136
v -0.083166 0.160677 0.436706
v -0.083325 0.160639 0.436063
v -0.081419 0.169873 0.437551
v -0.084758 0.165934 0.435456
v -0.082643 0.166619 0.437243
v -0.085631 0.256787 0.437452
v -0.085492 0.384347 0.442085
v -0.086342 0.400725 0.442472
v -0.082313 0.651609 0.503030
v -0.084331 0.652700 0.502222
v -0.081992 -0.649503 -0.341142
v -0.058098 -0.608193 -0.403539
v -0.026590 -0.502890 0.371383
v -0.072879 -0.466564 -0.374203
v -0.075202 -0.321414 0.430527
v -0.077793 -0.266295 0.434425
v -0.080391 -0.245789 0.433019
v -0.041880 0.003824 -0.628788
v -0.081940 0.053485 0.435977
v -0.081954 0.082929 0.436341
v -0.079684 0.098828 0.438483
v -0.080140 0.197743 0.439980
v -0.082459 -0.654282 0.340942
v -0.082192 -0.654725 0.340052
v -0.076567 -0.615837 -0.377786
v -0.078863 -0.615488 -0.375609
v -0.082815 -0.249979 0.430507
v -0.080382 -0.225756 0.433573
v -0.080193 -0.225749 0.433350
v -0.080449 -0.202248 0.435620
v -0.079706 -0.202201 0.434698
v -0.079918 -0.107670 0.435812
v -0.079845 -0.107671 0.435724
v -0.079281 -0.072364 0.436690
v -0.080143 0.004594 0.436886
v -0.080107 0.004594 0.436842
v -0.082274 0.122891 0.436809
v -0.077832 -0.517995 -0.488288
v -0.074489 -0.335224 0.429175
v -0.076619 -0.310606 0.430594
v -0.076664 -0.310612 0.430642
v -0.078026 -0.286415 0.431196
v -0.079859 0.148064 0.439261
v -0.080252 0.159214 0.439122
v -0.079840 0.198309 0.440350
v -0.004174 0.654324 0.554166
v -0.060702 -0.656421 0.364192
v -0.071263 -0.654870 0.353169
v -0.071219 -0.654814 0.353082
v -0.072457 -0.613392 0.387759
v -0.074436 -0.612793 -0.383072
v -0.075249 -0.321422 0.430580
v -0.036696 0.306831 0.474514
v -0.070558 -0.651055 -0.352058
v -0.074500 -0.518076 -0.490920
v -0.075093 -0.335402 0.429914
v -0.074047 -0.283411 0.435995
v -0.075237 -0.285631 0.434767
v -0.071077 0.658469 -0.602635
v -0.070643 0.659498 -0.602827
v -0.072700 -0.466373 -0.374020
v -0.032738 0.658697 0.622312
v -0.013199 -0.669740 0.386067
v -0.072476 -0.613410 0.387777
v -0.066448 -0.467565 0.374484
v -0.058626 -0.421410 0.415687
v -0.073326 -0.356478 0.426024
v -0.020885 -0.281700 0.476952
v -0.073710 -0.289860 0.435678
v -0.073710 -0.289860 0.435678
v -0.071306 0.657862 -0.603836
v -0.069979 -0.651381 -0.352278
v -0.064796 -0.389601 0.423808
v -0.064250 -0.387441 0.424762
v -0.037130 -0.599417 -0.431113
v -0.058034 0.658395 -0.610949
v -0.047018 -0.654777 0.378747
v -0.058475 -0.613520 0.402020
v 0.028011 -0.531411 -0.337558
v -0.061685 -0.521360 -0.499252
v -0.061473 -0.520567 -0.499039
v -0.062331 -0.466953 0.378354
v -0.060077 -0.655690 0.363650
v 0.053868 -0.535708 0.306561
v -0.058395 -0.466014 0.385643
v -0.062506 -0.407807 0.418717
v -0.061032 -0.408802 0.419245
v -0.056021 0.173801 0.622773
v -0.061913 0.657510 -0.609711
v -0.066455 0.657047 -0.521947
v -0.066266 0.657376 -0.521639
v -0.048088 -0.652960 -0.372884
v -0.045209 -0.653007 -0.376028
v 0.032134 -0.406032 -0.624443
v -0.035265 -0.669156 -0.362988
v -0.058649 -0.613702 0.402203
v -0.057781 -0.607875 -0.403239
v -0.021002 -0.462701 0.573704
v -0.007312 -0.459687 -0.580807
v -0.060372 -0.465316 0.382967
v -0.046329 -0.433724 0.418761
v -0.058522 -0.425219 0.413716
v -0.059140 -0.418938 0.416290
v -0.056761 0.659418 -0.611348
v -0.045903 0.657755 -0.534908
v -0.052085 -0.510619 0.517188
v -0.052027 -0.510550 0.517109
v -0.033884 -0.465099 0.406980
v -0.044732 -0.440838 0.416127
v -0.053656 -0.423282 0.418896
v -0.052239 -0.423664 0.418282
v -0.046947 -0.654715 0.378669
v -0.049367 -0.616664 0.406883
v -0.050718 -0.616728 0.406019
v -0.044663 0.657600 -0.535587
v -0.050726 -0.452324 0.403102
v -0.049192 -0.432669 0.416737
v -0.051116 -0.426778 0.417614
v -0.003787 -0.442612 0.448051
v -0.037195 -0.465663 0.403894
v -0.025099 -0.193555 0.625501
v -0.042849 -0.653317 -0.378672
v -0.043020 -0.617601 0.411391
v -0.048993 -0.448447 0.407444
v -0.045166 -0.443913 0.414134
v -0.045273 -0.438090 0.417508
v 0.015380 -0.379814 0.486114
v -0.044050 0.659126 -0.617753
v -0.038417 0.659327 -0.620625
v -0.018221 0.667080 -0.564818
v -0.036755 -0.634808 0.403071
v -0.028156 -0.527889 -0.515715
v -0.044172 -0.470533 -0.397364
v -0.047278 -0.471308 -0.393244
v -0.045182 -0.468468 -0.398548
v -0.045182 -0.468468 -0.398548
v -0.042501 -0.443722 0.415358
v 0.001423 -0.280353 -0.634041
v 0.140507 0.670089 0.665495
v -0.036969 -0.599231 -0.430929
v -0.032195 -0.514034 0.526861
v -0.039528 -0.454615 0.410177
v -0.042225 0.657029 -0.536253
v -0.042654 0.657852 -0.536840
v -0.034421 0.657839 -0.541459
v -0.040647 -0.621209 0.410755
v -0.039706 -0.447792 0.415882
v -0.029989 -0.653891 0.394150
v -0.032457 -0.654404 0.392360
v -0.031324 -0.647552 0.398728
v -0.036855 -0.634892 0.403189
v -0.042313 -0.471618 -0.397815
v -0.039194 -0.454317 0.409776
v -0.034380 0.657899 -0.541384
v -0.039812 0.655772 -0.536438
v -0.036872 0.653685 -0.536163
v -0.035888 -0.617213 0.418431
v -0.036000 -0.618388 0.417038
v -0.031817 -0.617698 0.420865
v -0.037285 -0.610700 0.422792
v -0.019801 -0.593405 -0.449903
v -0.010060 -0.474927 -0.423013
v -0.029214 -0.467304 0.409472
v 0.010956 0.515501 0.521375
v -0.031723 -0.647896 0.399200
v -0.028294 -0.528143 -0.515923
v -0.029488 -0.654669 0.394906
v 0.009503 -0.535858 -0.535965
v -0.029623 -0.465926 0.409243
v -0.034877 -0.450753 -0.426400
v 0.043260 0.646515 0.664277
v -0.012172 0.659792 -0.632362
v -0.025835 0.658818 -0.627038
v -0.030435 -0.596007 -0.439914
v -0.030493 -0.596082 -0.439995
v -0.027730 0.659432 -0.625388
v -0.018951 0.657446 -0.550332
v -0.019414 0.657961 -0.550172
v -0.028401 -0.608979 0.431888
v -0.028110 -0.611784 0.430858
v -0.019838 -0.593459 -0.449956
v -0.004204 0.653624 0.555219
v -0.025862 0.658976 -0.626778
v -0.011595 -0.654523 0.408679
v -0.013127 -0.655663 0.409493
v 0.005187 0.651266 -0.647091
v -0.016188 -0.517372 0.534307
v 0.009791 -0.411084 -0.478821
v -0.020562 0.659954 -0.628319
v 0.006512 -0.653966 -0.418836
v -0.016202 -0.610293 0.439235
v -0.017139 -0.608683 0.440366
v -0.013608 -0.603958 0.446601
v 0.010535 -0.596506 0.469513
v -0.003894 -0.470954 0.425567
v 0.019351 0.659478 0.644697
v 0.020591 0.660095 0.645880
v -0.001913 -0.472305 0.425751
v -0.011634 0.659534 -0.632353
v 0.010739 -0.534017 -0.534003
v -0.005337 -0.518539 0.539581
v -0.000098 0.658546 -0.560975
v 0.047752 -0.621614 -0.468598
v 0.013954 -0.592074 -0.474153
v 0.024674 0.284652 0.511127
v -0.007364 0.658794 -0.635250
v -0.004391 0.659315 -0.635718
v -0.004162 -0.654974 0.415794
v -0.001476 -0.522993 0.538718
v 0.001695 -0.654741 0.417833
v -0.003680 -0.600683 0.456424
v -0.003482 -0.600246 0.456081
v -0.012324 -0.603753 0.448330
v 0.041002 0.242980 -0.672318
v 0.067177 0.666585 0.601897
v 0.006213 -0.654544 -0.419360
v 0.068652 -0.461387 0.615674
v 0.029245 0.597235 0.664567
v -0.002247 0.659410 -0.636906
v -0.001890 0.659650 -0.636680
v 0.010928 0.659648 -0.641736
v -0.001284 0.660064 -0.636474
v 0.004095 -0.654204 0.419687
v 0.011385 -0.598400 0.465953
v -0.003392 -0.474118 -0.425616
v -0.003141 -0.473730 -0.425273
v -0.009790 -0.474506 -0.422639
v 0.041127 -0.234087 0.514416
v 0.062973 0.014233 -0.675592
v 0.026546 0.165258 0.663163
v 0.007638 0.657838 -0.564357
v 0.001671 0.657587 -0.561156
v 0.001055 0.657990 -0.562817
v 0.062180 -0.510792 0.416570
v 0.065016 -0.490756 -0.596717
v 0.011174 0.659206 -0.642593
v -0.001030 -0.523725 0.537861
v 0.015400 -0.474569 0.436758
v 0.013630 -0.476609 -0.436076
v 0.005036 0.655700 -0.560972
v 0.049026 0.624459 -0.563159
v 0.014050 -0.592954 -0.473039
v 0.016137 -0.473418 0.435555
v 0.085898 0.668165 -0.611093
v 0.014073 -0.475928 -0.435399
v 0.008852 0.657688 -0.643078
v 0.012092 -0.654895 0.425805
v 0.011921 -0.655087 0.426058
v 0.055054 -0.504501 -0.427694
v 0.024517 -0.539572 -0.535722
v 0.048918 0.656340 0.580156
v 0.012519 0.659516 -0.642740
v 0.013288 0.660122 -0.642400
v 0.012250 0.659262 -0.642910
v 0.016004 0.658658 -0.569154
v 0.015454 -0.653827 -0.423930
v 0.015499 -0.653750 -0.423867
v 0.015417 -0.521641 0.546753
v 0.016858 -0.589961 -0.478020
v 0.023986 -0.522950 0.553195
v 0.016191 -0.522527 0.548026
v 0.021225 0.659156 -0.646596
v 0.019666 -0.655333 0.430813
v 0.019418 -0.655336 0.430594
v 0.018634 -0.592810 -0.476254
v 0.021716 -0.587714 -0.483139
v 0.019912 -0.587868 -0.481956
v 0.036031 -0.481765 -0.444329
v 0.080077 -0.436416 0.498563
v 0.015834 0.657511 -0.567392
v 0.014723 0.657156 -0.565558
v 0.019334 0.655396 -0.566976
v 0.021394 0.654251 -0.566610
v 0.014934 0.658318 -0.568809
v 0.022844 -0.655191 -0.429000
v 0.023097 -0.654796 -0.428607
v 0.024643 -0.539330 -0.535478
v 0.030636 0.658025 -0.574723
v 0.011945 -0.595863 0.470989
v 0.071326 0.616954 -0.679141
v 0.041984 0.655319 0.576548
v 0.023262 0.658968 -0.647514
v 0.031808 -0.586495 -0.489470
v 0.035809 -0.482154 -0.444718
v 0.034456 0.657826 -0.575807
v 0.027315 -0.655143 0.435076
v 0.029559 -0.655131 0.436410
v 0.036921 -0.539533 -0.540264
v 0.036581 -0.540232 -0.540961
v 0.044556 -0.474587 0.451872
v 0.024855 -0.592977 0.481676
v 0.025186 -0.592367 0.481016
v 0.034129 -0.586576 -0.491340
v 0.028006 -0.524622 0.552574
v 0.057219 -0.382995 0.639336
v 0.073253 -0.318864 -0.658610
v 0.029542 0.658168 -0.650628
v 0.028618 0.658609 -0.650253
v 0.028735 0.659993 -0.648460
v 0.029238 0.660714 -0.648277
v 0.030259 0.657547 -0.573494
v 0.148222 -0.532577 0.396344
v 0.110648 0.658674 0.602280
v 0.034736 -0.656247 0.439797
v 0.036450 -0.590335 0.490502
v 0.036563 -0.590143 0.490288
v 0.045966 -0.475185 0.451047
v 0.102756 -0.453652 -0.501143
v 0.030494 0.657288 -0.573332
v 0.033806 0.655688 -0.573308
v 0.034070 0.655589 -0.573256
v 0.036247 -0.655508 0.440871
v 0.094126 -0.338825 0.532192
v 0.035052 0.659672 -0.651402
v 0.038731 0.657388 0.577004
v 0.034948 0.659712 -0.651028
v 0.029695 0.660614 -0.648571
v 0.035598 0.660224 -0.650706
v 0.053764 -0.544294 -0.545133
v 0.042215 -0.537760 -0.547816
v 0.042405 -0.655882 0.445935
v 0.041307 0.656205 0.576938
v 0.047232 -0.587568 0.498561
v 0.074616 -0.036324 0.674955
v 0.043236 -0.656035 0.445529
v 0.056556 -0.585531 -0.504073
v 0.042638 -0.537020 -0.546980
v 0.101554 0.650976 -0.679748
v 0.054785 0.658410 -0.585110
v 0.046432 0.656983 0.580136
v 0.045986 0.657514 0.580146
v 0.077554 0.659389 -0.665177
v 0.047792 -0.655526 0.448084
v 0.056051 -0.584297 -0.504688
v 0.049040 -0.580879 -0.504948
v 0.064703 -0.542083 -0.551741
v 0.053798 -0.544218 -0.545058
v 0.058415 -0.475582 0.459157
v 0.050343 -0.656436 0.448583
v 0.055012 0.658985 -0.584537
v 0.066302 -0.655650 -0.450845
v 0.065879 -0.656399 -0.451641
v 0.046997 -0.586106 0.499276
v 0.057873 -0.585403 0.505842
v 0.069632 0.658765 -0.591072
v 0.056141 -0.655822 0.452926
v 0.057631 -0.654815 0.453840
v 0.071646 -0.580070 -0.516053
v 0.065109 -0.541096 -0.550749
v 0.067746 -0.482798 -0.459847
v 0.067737 -0.482825 -0.459870
v 0.063193 -0.476997 0.460655
v 0.101046 0.659807 0.670984
v 0.100743 0.659762 0.670924
v 0.114414 0.548019 0.570064
v 0.114739 0.667784 -0.664203
v 0.063509 -0.656812 0.456017
v 0.059216 -0.656567 0.453454
v 0.057423 -0.584195 0.506723
v 0.068268 -0.584807 0.508517
v 0.067797 -0.585657 0.509588
v 0.048780 -0.530313 0.556358
v 0.100882 0.658099 0.600196
v 0.066565 0.658116 -0.663220
v 0.067474 -0.655760 0.458061
v 0.072246 0.660241 -0.663111
v 0.066348 -0.477184 0.461213
v 0.069700 0.659092 -0.590770
v 0.071586 -0.580210 -0.516192
v 0.066564 0.658116 -0.663220
v 0.075100 -0.656633 -0.455269
v 0.074970 -0.656891 -0.455535
v 0.098068 -0.566450 -0.536468
v 0.069832 -0.530061 0.564569
v 0.065678 -0.531972 0.561303
v 0.071854 0.659740 -0.663232
v 0.072949 -0.656339 0.460818
v 0.148157 -0.502776 0.464817
v 0.115476 -0.232395 0.545936
v 0.071622 0.659390 -0.663546
v 0.074507 -0.551262 -0.546241
v 0.073309 -0.548121 -0.549277
v 0.080598 -0.549545 -0.550442
v 0.080831 -0.546567 -0.553114
v 0.076908 -0.481540 -0.465916
v 0.076998 -0.481344 -0.465718
v 0.077116 -0.656164 0.462809
v 0.095532 -0.483614 -0.471526
v 0.092456 -0.477121 0.473577
v 0.156971 0.474379 -0.574487
v 0.078598 0.659876 -0.665749
v 0.080400 -0.655450 0.465471
v 0.088757 -0.578732 0.524992
v 0.088790 -0.578629 0.524883
v 0.078884 0.660628 -0.664366
v 0.087893 -0.656063 -0.461375
v 0.087604 -0.656679 -0.462012
v 0.094358 -0.558582 -0.546708
v 0.088619 -0.564363 -0.539202
v 0.086253 0.658539 -0.595625
v 0.083961 -0.551158 -0.550251
v 0.160704 -0.525514 -0.429400
v 0.094161 0.659883 -0.669490
v 0.086826 0.659163 -0.594860
v 0.089872 -0.656066 0.468648
v 0.084528 -0.656624 0.465978
v 0.083991 -0.655825 0.466472
v 0.084488 -0.656137 0.466991
v 0.089222 -0.566122 -0.537336
v 0.095741 -0.483140 -0.471137
v 0.092727 -0.476512 0.472941
v 0.089403 -0.656058 0.468268
v 0.088380 -0.567914 -0.535238
v 0.092180 -0.551900 -0.552564
v 0.092180 -0.551900 -0.552564
v 0.097729 0.660013 -0.600022
v 0.097639 0.659836 -0.600104
v 0.092251 -0.576258 0.528533
v 0.097326 -0.556295 -0.550094
v 0.095854 -0.558906 -0.546968
v 0.132624 0.626159 0.695052
v 0.094168 0.659869 -0.669475
v 0.106148 -0.555868 -0.554507
v 0.095582 -0.567440 -0.538478
v 0.123828 0.332683 -0.696986
v 0.101865 -0.656194 0.473728
v 0.098954 -0.656602 0.472086
v 0.098427 -0.655785 0.472634
v 0.116197 -0.656948 -0.474913
v 0.116001 -0.656347 -0.475017
v 0.098913 -0.656182 0.473133
v 0.140564 0.610942 0.590558
v 0.119270 -0.576561 0.537730
v 0.092183 -0.576420 0.528705
v 0.105967 -0.558490 -0.551000
v 0.172795 -0.453240 0.519289
v 0.099444 0.371999 0.548298
v 0.105624 -0.654861 0.475559
v 0.131305 -0.485155 -0.483320
v 0.124717 -0.669534 -0.462555
v 0.119274 -0.576548 0.537716
v 0.109543 -0.558146 -0.552498
v 0.109528 -0.554518 -0.556080
v 0.112021 -0.480344 0.477785
v 0.112247 -0.479716 0.477145
v 0.205728 -0.273254 -0.693058
v 0.111666 0.659988 -0.604418
v 0.112217 0.659665 -0.604211
v 0.112142 0.659709 -0.604091
v 0.109380 -0.656205 0.476404
v 0.109002 -0.655726 0.476808
v 0.111201 -0.656771 0.477171
v 0.112982 -0.559557 -0.552233
v 0.167661 -0.451553 -0.645617
v 0.165251 0.658718 0.617678
v 0.119599 -0.570204 0.543780
v 0.111344 -0.545267 0.565317
v 0.131944 0.660541 -0.676505
v 0.132091 0.660263 -0.676213
v 0.122153 -0.657026 0.480946
v 0.112966 -0.655744 0.478356
v 0.114571 -0.655505 0.479118
v 0.199054 -0.515952 -0.613865
v 0.186072 -0.391113 -0.669814
v 0.119190 0.660017 -0.606302
v 0.119612 0.659362 -0.605816
v 0.120030 0.659044 -0.605606
v 0.119860 0.660556 -0.607178
v 0.155678 -0.025593 -0.695819
v 0.134867 0.615430 -0.588480
v 0.201248 0.616512 -0.706369
v 0.131355 -0.485098 -0.483280
v 0.137509 -0.480622 0.486250
v 0.136128 -0.479062 0.486360
v 0.128184 0.658470 -0.607100
v 0.127736 0.659119 -0.607625
v 0.131015 0.660357 -0.609356
v 0.128315 0.659747 -0.607710
v 0.123238 -0.655807 0.481121
v 0.154378 0.658594 -0.613240
v 0.154387 -0.657630 -0.486782
v 0.204155 -0.402464 0.547973
v 0.159885 -0.016711 0.697080
v 0.214793 0.639864 0.707003
v 0.234608 -0.524866 0.438426
v 0.134016 -0.656520 0.484631
v 0.134177 -0.656114 0.484169
v 0.204314 0.662336 -0.691409
v 0.157509 -0.658046 -0.487863
v 0.194828 0.283460 0.568992
v 0.205641 0.638117 0.612533
v 0.159812 0.660167 -0.683251
v 0.159783 0.660332 -0.683409
v 0.164286 -0.657315 0.492544
v 0.163546 -0.657025 0.491814
v 0.153375 -0.555510 0.567154
v 0.190000 -0.270822 0.564104
v 0.207077 0.661295 0.689954
v 0.207027 0.661312 0.689970
v 0.196588 -0.607864 -0.530078
v 0.174878 -0.481518 0.495293
v 0.165228 0.658225 0.618041
v 0.178261 -0.486057 -0.495736
v 0.166002 0.659904 -0.618112
v 0.163380 0.658958 -0.614628
v 0.185449 0.660796 -0.686029
v 0.348886 0.669122 0.651179
v 0.173009 -0.489274 -0.496574
v 0.227002 0.499731 0.586284
v 0.185461 0.661118 -0.686330
v 0.165218 0.660297 -0.617440
v 0.175504 -0.482081 0.494888
v 0.376766 0.667801 0.683579
v 0.197959 0.659033 0.624368
v 0.202497 -0.483478 0.498632
v 0.260122 0.203923 -0.714440
v 0.193142 0.658693 0.624245
v 0.209571 -0.486603 -0.500501
v 0.179945 -0.658258 0.494128
v 0.193757 -0.656031 0.499226
v 0.202485 -0.483474 0.498625
v 0.196453 -0.656076 0.498838
v 0.267014 -0.487100 0.505687
v 0.243741 -0.658188 -0.504475
v 0.281326 -0.472326 -0.647265
v 0.281931 -0.357975 -0.685031
v 0.265433 0.316832 0.577835
v 0.321088 0.635846 -0.708485
v 0.286119 -0.354134 0.565398
v 0.292518 -0.260094 0.574513
v 0.271372 0.613994 0.607531
v 0.204894 0.662088 -0.690724
v 0.404812 0.670279 -0.669530
v 0.210175 -0.485723 -0.499851
v 0.252893 0.660790 -0.626910
v 0.208819 -0.657173 0.500178
v 0.208816 -0.657181 0.500192
v 0.240535 0.661960 0.693544
v 0.229541 -0.485060 -0.502920
v 0.229529 -0.485178 -0.503034
v 0.237051 0.659492 0.628951
v 0.240503 0.661449 0.693090
v 0.242539 0.659744 0.629455
v 0.246023 0.660159 -0.691284
v 0.245961 0.662003 -0.693067
v 0.255477 -0.484177 0.503399
v 0.262212 -0.484653 0.503522
v 0.336575 -0.518449 -0.458950
v 0.255542 -0.535281 -0.397212
v 0.271302 -0.463065 -0.527100
v 0.263329 -0.486071 -0.504748
v 0.321378 -0.446205 0.535243
v 0.263339 -0.485974 -0.504650
v 0.327239 -0.607590 -0.539115
v 0.283533 0.657873 0.628106
v 0.323898 -0.085446 -0.705013
v 0.288964 0.659731 -0.629369
v 0.362231 -0.520465 -0.612326
v 0.291611 -0.486384 -0.507053
v 0.310786 0.240667 0.714102
v 0.289225 0.656913 0.627790
v 0.245104 -0.657742 -0.504214
v 0.355292 0.348337 0.575187
v 0.345947 0.562035 0.593141
v 0.291656 -0.485321 -0.506058
v 0.328026 0.659694 -0.628648
v 0.416014 -0.491911 0.489072
v 0.323630 0.659711 -0.692736
v 0.323627 0.659872 -0.692898
v 0.296668 -0.484507 0.503559
v 0.296664 -0.484569 0.503626
v 0.295464 0.658834 0.629536
v 0.294851 0.658317 0.629023
v 0.373526 0.267779 -0.710479
v 0.340549 -0.657913 -0.505537
v 0.347338 -0.463618 -0.650199
v 0.312947 0.660297 0.629015
v 0.303619 0.658309 0.628672
v 0.302802 0.657964 0.628374
v 0.366244 0.660830 0.691311
v 0.350274 0.637927 0.707622
v 0.325985 -0.484664 0.502617
v 0.326000 -0.484714 0.502661
v 0.323523 0.659584 0.628946
v 0.527537 -0.535393 0.337884
v 0.367361 0.661240 0.691839
v 0.399078 -0.280288 -0.565102
v 0.338729 0.578994 -0.595975
v 0.335796 -0.483971 -0.505194
v 0.335807 -0.484053 -0.505276
v 0.366538 -0.487341 0.498325
v 0.410829 -0.526459 0.423420
v 0.375451 0.659571 0.622247
v 0.399412 -0.388961 0.547588
v 0.405203 -0.396235 -0.666369
v 0.370288 -0.293805 -0.689664
v 0.339998 -0.657122 -0.504898
v 0.368625 0.660306 -0.689434
v 0.366462 -0.486867 0.497814
v 0.394055 0.659141 -0.620461
v 0.407565 -0.289586 0.561608
v 0.435213 0.659177 0.608735
v 0.361281 -0.657971 -0.502744
v 0.376008 -0.483658 -0.500948
v 0.368614 0.660190 -0.689287
v 0.367714 -0.484469 -0.501727
v 0.378657 0.667404 -0.635924
v 0.365684 0.659610 0.692368
v 0.364909 -0.658042 -0.501737
v 0.375510 0.659549 0.622290
v 0.394532 -0.657705 -0.497623
v 0.446600 -0.610150 -0.515884
v 0.389717 -0.484928 0.495485
v 0.376960 0.660113 0.689712
v 0.434646 -0.450290 0.513612
v 0.453411 -0.060592 -0.688067
v 0.462187 0.638971 -0.686912
v 0.389685 -0.484731 0.495294
v 0.394404 -0.657171 -0.497063
v 0.466125 -0.509129 -0.445791
v 0.394473 0.658509 -0.619601
v 0.397474 0.658252 -0.618772
v 0.404513 0.661076 0.686246
v 0.404520 0.661067 0.686223
v 0.438640 0.631926 -0.593406
v 0.425354 0.659908 0.612985
v 0.406533 -0.483271 -0.495407
v 0.401169 0.658067 -0.619179
v 0.397906 0.657532 -0.617960
v 0.413493 -0.657376 -0.493462
v 0.403578 0.659404 -0.618758
v 0.525542 -0.527508 -0.374862
v 0.454252 0.482859 0.561887
v 0.460753 0.598281 0.577684
v 0.532190 0.668555 0.642990
v 0.425988 -0.485134 0.487237
v 0.421471 -0.485947 -0.493223
v 0.461503 0.265616 -0.694626
v 0.465204 -0.288209 -0.672446
v 0.417151 -0.488176 0.485999
v 0.433955 0.659540 -0.678181
v 0.434360 0.660945 -0.679530
v 0.413379 -0.657708 -0.493287
v 0.454863 0.283049 0.550430
v 0.431471 0.657584 -0.610689
v 0.426630 0.660380 0.612453
v 0.431686 -0.657727 -0.489588
v 0.421454 0.661626 0.682228
v 0.430601 -0.484514 -0.488538
v 0.464819 -0.465491 -0.626415
v 0.425939 -0.484939 0.487045
v 0.467665 0.303666 -0.548944
v 0.524312 0.667676 -0.599035
v 0.466009 0.659992 0.600738
v 0.427689 0.659148 0.611959
v 0.435452 0.659639 0.612069
v 0.435882 0.660391 0.611150
v 0.511525 -0.502691 -0.589600
v 0.431514 0.657383 -0.610902
v 0.438193 0.527112 -0.571926
v 0.433681 0.660109 0.681991
v 0.432506 0.659666 0.682188
v 0.429207 0.660685 0.681759
v 0.433363 0.660077 0.681386
v 0.519322 -0.491806 0.450317
v 0.431672 -0.657448 -0.489572
v 0.435287 0.659141 0.610409
v 0.435706 0.658080 0.609008
v 0.436311 0.658570 0.610147
v 0.441498 -0.487169 0.480245
v 0.441469 -0.487076 0.480154
v 0.435738 0.660942 0.612038
v 0.433644 0.661126 0.680424
v 0.439945 -0.657767 -0.488056
v 0.514157 -0.464140 0.475496
v 0.434472 0.659610 0.681844
v 0.460210 0.659800 0.676152
v 0.434733 -0.484182 -0.487990
v 0.431220 -0.461299 -0.510871
v 0.443038 0.658961 0.607928
v 0.451979 0.659854 0.607170
v 0.452486 0.659842 0.606679
v 0.443536 0.659625 0.608636
v 0.444090 0.660002 0.608906
v 0.439829 -0.657285 -0.487645
v 0.460189 0.659726 0.676084
v 0.448438 -0.657468 -0.485315
v 0.449711 -0.656789 -0.483011
v 0.470497 -0.488853 0.469094
v 0.451843 0.659528 0.605928
v 0.451622 0.659092 0.606351
v 0.452112 0.660462 0.607322
v 0.453860 -0.657750 -0.482722
v 0.516735 -0.391608 0.510396
v 0.463491 0.659566 -0.672810
v 0.470949 -0.481619 -0.477277
v 0.458390 -0.656710 -0.482205
v 0.460138 -0.657423 -0.480673
v 0.470123 -0.488785 0.469899
v 0.466493 0.659825 0.602074
v 0.460413 -0.657189 -0.481324
v 0.470878 -0.656819 -0.477120
v 0.500079 -0.270891 0.532284
v 0.462289 0.659608 -0.672354
v 0.460794 -0.657141 -0.480970
v 0.553804 0.660331 0.567240
v 0.488091 -0.280266 -0.539468
v 0.474465 -0.657150 -0.476585
v 0.506509 -0.655362 -0.464510
v 0.515388 -0.410223 -0.633222
v 0.499024 0.578373 -0.560065
v 0.505086 0.657703 -0.589124
v 0.505322 0.657948 -0.588714
v 0.471058 -0.481916 -0.477563
v 0.482377 0.658775 0.597011
v 0.548428 -0.519163 0.383358
v 0.503802 -0.488158 0.456524
v 0.480527 0.659862 0.598944
v 0.555264 0.244336 0.509903
v 0.485807 0.659081 0.670311
v 0.485227 0.659715 0.670177
v 0.487785 -0.656685 -0.471508
v 0.492604 -0.486207 0.462906
v 0.480552 0.660538 0.598598
v 0.483796 0.659348 0.596766
v 0.480218 0.659140 0.598055
v 0.533206 0.635375 -0.666375
v 0.490405 -0.486085 0.463559
v 0.490704 -0.480466 -0.470582
v 0.485198 0.658396 0.671062
v 0.504205 -0.554676 -0.544958
v 0.492190 -0.657151 -0.469131
v 0.503156 -0.558970 -0.541067
v 0.490450 -0.480536 -0.470485
v 0.493324 0.659235 0.667990
v 0.514613 -0.566152 -0.529427
v 0.492948 0.658898 0.593412
v 0.493466 0.659318 0.593686
v 0.493770 0.659632 0.593918
v 0.514941 -0.656066 -0.460297
v 0.557055 -0.479006 -0.442685
v 0.574582 0.210706 -0.654730
v 0.504045 -0.478890 -0.465968
v 0.503967 -0.480461 -0.466796
v 0.545538 0.189688 -0.516657
v 0.553791 0.425247 0.517923
v 0.499484 0.660040 0.592490
v 0.552320 -0.669345 -0.423381
v 0.566376 0.658254 -0.640409
v 0.511163 -0.484116 0.456740
v 0.554734 -0.446809 -0.468023
v 0.578837 -0.358329 0.485951
v 0.576507 0.580343 0.526586
v 0.508311 -0.655094 -0.462500
v 0.504672 -0.556060 -0.543191
v 0.507068 0.659759 0.663505
v 0.507408 0.660588 0.662584
v 0.506377 -0.655810 -0.464226
v 0.551125 -0.577562 -0.499527
v 0.530370 -0.476554 -0.455643
v 0.557322 -0.312257 -0.639625
v 0.509360 -0.654084 -0.464298
v 0.513378 -0.651591 -0.464376
v 0.513590 -0.567007 -0.529007
v 0.509794 -0.554628 -0.542435
v 0.509458 -0.555034 -0.542192
v 0.509792 -0.554760 -0.542348
v 0.671160 -0.535421 -0.030163
v 0.508894 -0.485261 0.455682
v 0.510970 -0.655983 -0.461816
v 0.513333 -0.556517 -0.538833
v 0.511672 -0.558682 -0.537760
v 0.579206 -0.381507 -0.484144
v 0.549760 0.668057 0.586305
v 0.519090 -0.562493 -0.531097
v 0.518796 -0.561617 -0.531577
v 0.517158 -0.560634 -0.533590
v 0.522604 -0.554530 -0.537072
v 0.513236 0.659668 0.661852
v 0.513280 0.659033 0.662462
v 0.617465 0.666227 -0.608544
v 0.517474 -0.656306 -0.458537
v 0.514855 -0.566666 -0.528799
v 0.517589 -0.565823 -0.528427
v 0.520222 -0.486101 0.449051
v 0.530360 -0.476526 -0.455617
v 0.510843 0.658027 0.664128
v 0.513692 0.658566 0.662932
v 0.522519 0.659839 0.658516
v 0.522709 -0.656079 -0.456634
v 0.521867 -0.567303 -0.525396
v 0.520116 -0.568826 -0.524456
v 0.520757 -0.566614 -0.526298
v 0.532038 -0.574530 -0.513448
v 0.525628 -0.554445 -0.535828
v 0.524669 -0.484030 0.450030
v 0.531314 0.659426 0.579386
v 0.521861 0.659361 0.583016
v 0.521331 0.659619 0.584323
v 0.522517 0.659828 0.658519
v 0.526494 -0.656251 -0.456067
v 0.526684 -0.565240 -0.525022
v 0.527429 0.409142 -0.530364
v 0.533375 -0.485198 0.443921
v 0.530206 -0.655779 -0.452549
v 0.533899 -0.551209 -0.534905
v 0.584691 -0.060496 -0.641538
v 0.532118 -0.574681 -0.513599
v 0.533568 -0.656299 -0.451150
v 0.560010 -0.486451 0.430161
v 0.534172 -0.485802 0.442933
v 0.549672 -0.306010 -0.511646
v 0.579061 -0.248563 0.493771
v 0.531443 0.659063 0.579707
v 0.546072 -0.544069 -0.536599
v 0.541653 0.658701 0.652442
v 0.537869 -0.655654 -0.446772
v 0.546214 0.659411 0.573099
v 0.542355 0.657326 -0.575259
v 0.547025 -0.483686 0.437342
v 0.546882 -0.483437 0.437101
v 0.555393 -0.476561 -0.440665
v 0.541058 -0.655514 -0.447816
v 0.550335 -0.572393 -0.506424
v 0.546704 0.657931 0.574356
v 0.542278 0.657492 -0.575109
v 0.545553 -0.656107 -0.444038
v 0.540998 0.657504 0.652757
v 0.553292 0.658543 0.649276
v 0.551269 -0.655800 -0.441697
v 0.545921 -0.543425 -0.537151
v 0.649212 0.670015 -0.538342
v 0.551646 -0.654946 -0.438575
v 0.551563 -0.574254 -0.504242
v 0.555115 0.658666 0.648164
v 0.567052 -0.586097 -0.483604
v 0.553880 -0.579745 -0.497933
v 0.559245 -0.485050 0.429132
v 0.609707 -0.535963 -0.219090
v 0.554905 0.658663 0.569076
v 0.566535 0.658248 -0.640536
v 0.554534 0.658142 0.648301
v 0.555354 0.657512 0.649208
v 0.559013 -0.656349 -0.437196
v 0.561096 -0.655682 -0.435652
v 0.567214 -0.586348 -0.483876
v 0.558562 -0.540985 -0.532797
v 0.558588 -0.541038 -0.532848
v 0.639892 0.645755 0.509613
v 0.566118 0.651822 0.649655
v 0.559020 0.655628 0.649372
v 0.579767 0.658235 0.637645
v 0.646228 -0.270278 -0.598777
v 0.574442 0.656972 0.641799
v 0.568689 -0.474113 -0.435675
v 0.568680 -0.474097 -0.435660
v 0.567512 -0.656545 -0.430896
v 0.568349 -0.655761 -0.429335
v 0.597256 0.635190 -0.640621
v 0.580038 -0.582943 -0.479700
v 0.575996 -0.538984 -0.525785
v 0.575113 0.659145 0.558903
v 0.575915 -0.538843 -0.525634
v 0.635642 -0.532934 0.218273
v 0.576650 -0.481845 0.421328
v 0.576522 -0.481656 0.421156
v 0.605043 0.656571 -0.543896
v 0.573337 0.658206 0.640792
v 0.596275 -0.532543 -0.520869
v 0.617109 -0.441240 0.427413
v 0.588575 0.536345 -0.512503
v 0.572419 -0.655728 -0.428182
v 0.594003 -0.586099 -0.467982
v 0.623675 -0.471414 -0.554506
v 0.574017 0.657582 0.641042
v 0.573259 -0.654454 -0.429244
v 0.577489 -0.582217 -0.481778
v 0.579210 -0.474806 -0.427486
v 0.579480 -0.475196 -0.427856
v 0.611424 -0.266045 -0.475453
v 0.579807 0.657141 0.557433
v 0.586927 -0.538359 -0.520841
v 0.558824 0.633248 -0.551467
v 0.603216 0.639695 0.640440
v 0.577398 0.655700 0.641220
v 0.584934 -0.656557 -0.420084
v 0.584725 -0.655644 -0.418773
v 0.586800 -0.538166 -0.520651
v 0.584132 0.658689 0.552463
v 0.584661 0.656570 0.636165
v 0.596065 0.659346 0.629405
v 0.584149 -0.655544 -0.421215
v 0.593881 -0.479191 0.410853
v 0.623117 0.315360 -0.472646
v 0.584232 -0.655390 -0.421326
v 0.585614 -0.654560 -0.421102
v 0.585614 -0.654560 -0.421102
v 0.593951 -0.479288 0.410939
v 0.592866 -0.656077 -0.414659
v 0.597360 -0.585203 -0.466921
v 0.621890 0.656525 -0.615894
v 0.590792 0.657342 0.633288
v 0.602667 -0.592323 -0.456454
v 0.596238 -0.532480 -0.520800
v 0.594276 0.658066 0.547927
v 0.622059 0.656835 -0.616142
v 0.640496 -0.509295 -0.323803
v 0.631433 -0.474269 -0.388373
v 0.595945 -0.471403 -0.418574
v 0.595796 -0.471210 -0.418384
v 0.591943 0.657729 0.633291
v 0.591756 0.658882 0.631338
v 0.592917 -0.656151 -0.414721
v 0.597106 -0.480984 0.406205
v 0.597298 -0.481260 0.406445
v 0.646139 0.272478 0.449150
v 0.636637 0.468121 0.470043
v 0.592913 0.658706 0.549238
v 0.598218 0.658202 0.629775
v 0.600921 -0.654997 -0.410866
v 0.643922 -0.366817 -0.583421
v 0.600783 -0.654472 -0.411282
v 0.612318 -0.477552 0.397500
v 0.623823 -0.458083 -0.408937
v 0.638008 -0.419703 -0.427361
v 0.601602 0.657641 0.629411
v 0.600764 -0.656866 -0.410363
v 0.631451 -0.616816 -0.415161
v 0.602734 -0.592414 -0.456551
v 0.600984 -0.585682 -0.464038
v 0.604301 -0.469375 -0.414094
v 0.604392 -0.469489 -0.414210
v 0.610757 0.477124 -0.490916
v 0.608739 0.657591 0.538763
v 0.608806 0.657491 0.538859
v 0.601970 -0.656818 -0.407984
v 0.601505 -0.655630 -0.409507
v 0.628679 -0.440748 -0.418372
v 0.605078 0.655918 -0.544296
v 0.603958 0.657347 0.627379
v 0.612852 -0.655816 -0.400973
v 0.641625 -0.295130 0.450894
v 0.623033 -0.632402 -0.408820
v 0.612362 -0.477613 0.397550
v 0.612302 0.657054 0.623112
v 0.612413 -0.655091 -0.400780
v 0.620820 -0.591010 -0.445132
v 0.614170 -0.530422 -0.511700
v 0.700039 -0.519415 -0.200407
v 0.624131 0.657390 0.529460
v 0.613445 -0.655750 -0.400861
v 0.615476 -0.469330 -0.405439
v 0.617863 -0.468899 -0.402803
v 0.639585 0.632557 -0.504829
v 0.612414 0.657172 0.623322
v 0.624184 -0.656339 -0.392488
v 0.613974 -0.656438 -0.399764
v 0.613974 -0.656438 -0.399764
v 0.613934 -0.654298 -0.401780
v 0.614164 -0.530413 -0.511691
v 0.624145 0.657373 0.529471
v 0.670615 0.666974 0.577220
v 0.616252 -0.656598 -0.397882
v 0.616696 -0.655375 -0.398742
v 0.617079 -0.656451 -0.397424
v 0.615330 -0.654902 -0.400240
v 0.615916 -0.655619 -0.399149
v 0.615717 -0.655622 -0.399302
v 0.619826 -0.466238 -0.402796
v 0.624433 -0.456778 -0.409810
v 0.617930 -0.656525 -0.396689
v 0.618005 -0.654576 -0.395417
v 0.618408 -0.654578 -0.398188
v 0.618408 -0.654578 -0.398188
v 0.618408 -0.654578 -0.398188
v 0.619181 -0.655008 -0.395955
v 0.630306 -0.599951 -0.429046
v 0.620776 -0.590952 -0.445072
v 0.619202 -0.655105 -0.396320
v 0.621780 -0.655229 -0.395129
v 0.624426 -0.652213 -0.393892
v 0.639708 -0.476644 0.372691
v 0.619050 -0.465794 -0.405846
v 0.625288 -0.467299 -0.398884
v 0.623267 -0.632602 -0.409097
v 0.634487 -0.523270 -0.505268
v 0.628722 -0.440781 -0.418414
v 0.676973 0.254955 -0.599487
v 0.624324 -0.656500 -0.391616
v 0.623900 -0.655496 -0.392630
v 0.624154 -0.654216 -0.390962
v 0.624360 -0.654513 -0.393394
v 0.625009 -0.654434 -0.393071
v 0.624341 -0.653706 -0.394175
v 0.626141 -0.650467 -0.394997
v 0.631039 -0.616352 -0.414611
v 0.629274 -0.597667 -0.432641
v 0.627435 -0.595034 -0.436217
v 0.630976 -0.530698 -0.500504
v 0.639595 -0.476518 0.372581
v 0.631200 -0.472592 -0.388108
v 0.688685 -0.448089 0.350661
v 0.683523 0.570361 0.448095
v 0.627311 -0.656469 -0.389177
v 0.626514 -0.656604 -0.389678
v 0.626336 -0.654417 -0.389087
v 0.626350 -0.654392 -0.392116
v 0.625875 -0.655616 -0.391261
v 0.626087 -0.655656 -0.391046
v 0.626577 -0.654676 -0.391358
v 0.626658 -0.652496 -0.393204
v 0.626658 -0.652496 -0.393204
v 0.626658 -0.652496 -0.393204
v 0.626658 -0.652496 -0.393204
v 0.627194 -0.649430 -0.394664
v 0.628133 -0.649842 -0.393772
v 0.630925 -0.632299 -0.404541
v 0.630466 -0.631987 -0.404073
v 0.640601 -0.518062 0.292651
v 0.628139 -0.656511 -0.388430
v 0.629315 -0.656784 -0.387166
v 0.628688 -0.654670 -0.389780
v 0.628688 -0.654670 -0.389780
v 0.629803 -0.654437 -0.387721
v 0.634397 -0.523150 -0.505139
v 0.683195 0.632798 -0.593351
v 0.631677 -0.659100 -0.385669
v 0.630291 -0.656623 -0.386451
v 0.630852 -0.654780 -0.387832
v 0.640827 -0.654470 -0.379394
v 0.633458 -0.600953 -0.425827
v 0.679600 -0.520012 -0.475168
v 0.639937 -0.470145 -0.382434
v 0.635135 -0.431348 -0.416223
v 0.636225 -0.432135 -0.417500
v 0.663401 0.451153 -0.449450
v 0.640124 0.657885 0.519083
v 0.632551 -0.603326 -0.424283
v 0.630404 -0.604216 -0.425204
v 0.639796 -0.469984 -0.382286
v 0.667095 -0.399503 0.404510
v 0.659080 -0.296974 -0.437646
v 0.678440 -0.058690 -0.589747
v 0.637082 0.657112 0.609002
v 0.637183 0.657274 0.609178
v 0.636072 -0.606492 -0.418466
v 0.636097 -0.606519 -0.418492
v 0.630987 -0.530713 -0.500520
v 0.658097 -0.497244 0.326004
v 0.636044 -0.418598 -0.423073
v 0.645293 -0.399880 -0.425161
v 0.658236 -0.274086 -0.439849
v 0.641047 -0.601014 -0.419285
v 0.642831 -0.600399 -0.419118
v 0.650896 -0.474897 -0.365784
v 0.639910 -0.410592 -0.426014
v 0.639488 -0.409390 -0.426029
v 0.640658 -0.656424 -0.377162
v 0.641645 -0.656067 -0.376520
v 0.642839 -0.655922 -0.375446
v 0.641264 -0.654541 -0.378582
v 0.648795 -0.374959 -0.432161
v 0.640081 0.657980 0.519024
v 0.654413 0.657205 0.599160
v 0.642728 -0.656444 -0.375130
v 0.642222 -0.654247 -0.377916
v 0.643336 -0.654599 -0.376524
v 0.657596 -0.519650 -0.491766
v 0.644328 -0.414116 -0.420484
v 0.644185 -0.416621 -0.419530
v 0.654831 -0.333687 -0.436123
v 0.650498 0.655559 -0.512923
v 0.644796 -0.656454 -0.373086
v 0.644221 -0.655859 -0.372961
v 0.644262 -0.654297 -0.375843
v 0.645409 -0.654600 -0.374501
v 0.650455 -0.594887 -0.417334
v 0.657699 -0.519768 -0.491897
v 0.658714 -0.473635 0.356062
v 0.688559 -0.448228 -0.353952
v 0.645359 -0.397641 -0.427114
v 0.648511 -0.386076 -0.428217
v 0.651174 -0.386420 -0.430974
v 0.660627 -0.251657 -0.439014
v 0.673136 0.544313 -0.454363
v 0.645835 -0.655221 -0.373229
v 0.644219 -0.595336 -0.422072
v 0.694425 -0.524146 0.177080
v 0.650782 -0.474769 -0.365677
v 0.657709 -0.471771 0.358102
v 0.645522 -0.406047 -0.424262
v 0.648466 -0.374844 -0.431784
v 0.703680 0.654872 -0.565016
v 0.649608 0.657394 0.601869
v 0.652148 -0.594021 -0.417286
v 0.652598 -0.347184 -0.434066
v 0.653451 -0.347391 -0.435078
v 0.655140 -0.333747 -0.436483
v 0.704068 0.654537 -0.564865
v 0.658197 0.656475 0.505452
v 0.654586 0.656483 0.508315
v 0.652187 -0.656062 -0.365730
v 0.653656 -0.655489 -0.363119
v 0.662906 -0.478352 -0.348399
v 0.673063 -0.470442 0.343960
v 0.659110 -0.471035 0.358606
v 0.663033 -0.093977 -0.437333
v 0.659093 -0.296969 -0.437652
v 0.657597 -0.274051 -0.439106
v 0.660083 -0.655979 -0.358473
v 0.665942 0.074431 -0.435935
v 0.665947 0.295093 -0.438996
v 0.659486 0.655910 0.503406
v 0.662437 0.657569 0.503425
v 0.660573 0.657947 0.593760
v 0.665134 0.657996 0.591891
v 0.659288 0.656943 0.596236
v 0.659528 -0.656754 -0.357074
v 0.659539 -0.656746 -0.357093
v 0.663302 -0.478797 -0.348757
v 0.660382 -0.251652 -0.438700
v 0.661937 -0.242454 -0.437476
v 0.661864 -0.242454 -0.437392
v 0.665090 -0.130795 -0.435363
v 0.661976 -0.132496 -0.438042
v 0.662698 -0.101883 -0.437558
v 0.667796 0.030559 -0.434066
v 0.666094 0.165779 -0.436681
v 0.662338 0.169546 -0.439874
v 0.662903 0.182622 -0.438938
v 0.661881 0.180378 -0.440390
v 0.668899 0.439969 -0.443712
v 0.675065 0.517904 -0.447747
v 0.662157 -0.655606 -0.355597
v 0.663359 -0.656798 -0.353650
v 0.660180 -0.655450 -0.358031
v 0.661205 -0.654432 -0.358539
v 0.661782 -0.654684 -0.357066
v 0.670203 -0.472154 0.344567
v 0.666059 0.074430 -0.436071
v 0.663538 0.210898 -0.439327
v 0.663409 0.208369 -0.439320
v 0.662078 0.219250 -0.440656
v 0.665112 0.209103 -0.437623
v 0.662498 0.293198 -0.441732
v 0.665715 0.384215 -0.442686
v 0.665680 0.384217 -0.442645
v 0.663528 0.451400 -0.449472
v 0.663026 -0.654898 -0.356373
v 0.664165 -0.654987 -0.354011
v 0.698800 -0.649735 -0.314350
v 0.667564 -0.587654 -0.408961
v 0.667681 -0.587785 -0.409086
v 0.675144 -0.506798 -0.489491
v 0.680924 -0.495305 -0.493875
v 0.704791 -0.413739 -0.523286
v 0.686853 -0.268040 -0.414644
v 0.665934 -0.130950 -0.434653
v 0.667794 0.030559 -0.434063
v 0.667286 0.194071 -0.436075
v 0.665720 0.209251 -0.437405
v 0.665708 0.214837 -0.437359
v 0.666082 0.373045 -0.441687
v 0.666081 0.373046 -0.441686
v 0.666240 0.473622 -0.449334
v 0.665050 0.465715 -0.449892
v 0.667873 0.480437 -0.448714
v 0.666592 0.483689 -0.450273
v 0.661875 0.655901 0.595942
v 0.661748 0.655810 0.595822
v 0.663878 -0.656342 -0.352646
v 0.664447 -0.654913 -0.353762
v 0.674206 -0.515620 -0.480616
v 0.710675 -0.485146 -0.275778
v 0.665070 -0.092030 -0.435332
v 0.667982 -0.094318 -0.433064
v 0.667533 -0.075478 -0.433514
v 0.667265 -0.038879 -0.434072
v 0.669436 0.100886 -0.432990
v 0.670847 0.100866 -0.434527
v 0.666466 0.164987 -0.436250
v 0.666374 0.296100 -0.438372
v 0.666608 0.421762 -0.444418
v 0.671494 0.457667 -0.443884
v 0.666889 0.463494 -0.447744
v 0.673852 0.656757 0.493456
v 0.667692 0.656282 0.591518
v 0.670257 -0.656218 -0.345709
v 0.672113 -0.655401 -0.344274
v 0.674282 -0.480525 -0.332188
v 0.674291 -0.480534 -0.332187
v 0.667502 -0.124866 -0.433284
v 0.667502 -0.124866 -0.433284
v 0.666253 0.278875 -0.438233
v 0.672907 0.544371 -0.454093
v 0.708114 -0.390587 0.362728
v 0.697470 -0.283474 0.399341
v 0.670101 0.462404 -0.444969
v 0.675385 0.498018 -0.444506
v 0.675482 0.498007 -0.444615
v 0.686455 0.614387 -0.461204
v 0.674601 0.656857 0.493287
v 0.673035 0.656763 0.587526
v 0.672066 0.656850 0.587221
v 0.672446 -0.655615 -0.343339
v 0.672195 -0.656775 -0.342305
v 0.673677 -0.515667 -0.482485
v 0.675079 -0.505976 -0.488965
v 0.688404 -0.482521 -0.311124
v 0.681125 -0.464564 0.339483
v 0.675073 0.517903 -0.447756
v 0.676093 0.594121 -0.463324
v 0.693265 0.637529 -0.466313
v 0.672577 -0.655468 -0.343408
v 0.672314 -0.654600 -0.344694
v 0.674240 -0.587342 -0.404837
v 0.673717 -0.586728 -0.404294
v 0.680386 -0.517325 -0.475419
v 0.700794 0.478329 0.413288
v 0.678638 0.564690 -0.453622
v 0.676800 0.560668 -0.454280
v 0.677394 0.568063 -0.455709
v 0.680679 0.557296 -0.450188
v 0.678612 0.567828 -0.454362
v 0.678612 0.567828 -0.454362
v 0.677770 0.577776 -0.457506
v 0.686389 0.655688 0.579354
v 0.680391 -0.655927 -0.333397
v 0.680255 -0.655779 -0.333269
v 0.679756 -0.465881 0.339499
v 0.705552 0.526675 -0.420591
v 0.687981 0.656544 0.481847
v 0.679820 -0.505246 -0.487014
v 0.680874 -0.495261 -0.493817
v 0.683333 0.603403 -0.460125
v 0.695384 0.649921 -0.473629
v 0.686774 0.655782 0.578842
v 0.731849 -0.521882 -0.051534
v 0.689309 -0.522467 -0.463278
v 0.687096 -0.472808 0.322507
v 0.686863 -0.452745 0.344470
v 0.687742 -0.453435 0.345182
v 0.702549 0.266942 0.397402
v 0.679478 0.541206 -0.448081
v 0.679561 0.541186 -0.448180
v 0.683087 0.560312 -0.448827
v 0.683641 0.573374 -0.451386
v 0.683631 0.575662 -0.451822
v 0.679102 0.589229 -0.459423
v 0.679204 0.584078 -0.457923
v 0.677304 0.585986 -0.460054
v 0.682107 0.588666 -0.457330
v 0.683942 0.589045 -0.455360
v 0.685218 0.606612 -0.459576
v 0.683324 0.603406 -0.460114
v 0.689834 0.600056 -0.453989
v 0.692443 -0.444756 -0.517346
v 0.693461 0.654137 -0.480109
v 0.687344 0.655213 -0.484678
v 0.692497 -0.522668 -0.460257
v 0.694772 -0.461734 -0.505941
v 0.691832 -0.444413 0.346649
v 0.698015 -0.427791 -0.521577
v 0.684986 0.567779 -0.448898
v 0.685150 0.564450 -0.447978
v 0.686887 0.571415 -0.448164
v 0.689962 0.589276 -0.451676
v 0.688074 0.656423 0.481962
v 0.684691 -0.656630 -0.325680
v 0.686796 -0.472522 0.322274
v 0.688031 -0.444527 0.350493
v 0.699515 -0.404428 -0.530159
v 0.689230 0.603840 -0.455206
v 0.687497 0.618865 -0.462355
v 0.695361 0.649420 -0.473113
v 0.784537 0.666727 -0.408645
v 0.686395 -0.657125 -0.324739
v 0.696031 -0.581178 -0.387891
v 0.696249 -0.581422 -0.388095
v 0.688174 -0.482254 -0.310958
v 0.691521 -0.477500 -0.498320
v 0.691221 -0.477251 -0.497947
v 0.691522 -0.475027 0.313850
v 0.691185 -0.474675 0.313594
v 0.689644 -0.469481 -0.503518
v 0.689914 -0.469671 -0.503813
v 0.689688 -0.446144 0.348246
v 0.691297 -0.436474 0.353655
v 0.689949 -0.434586 0.355346
v 0.690228 0.606728 -0.455306
v 0.689174 0.609604 -0.457230
v 0.684758 0.614226 -0.462696
v 0.686845 0.610846 -0.459670
v 0.693304 0.637541 -0.466347
v 0.696703 0.656864 0.570921
v 0.771151 0.665183 -0.493553
v 0.691376 -0.451968 -0.514524
v 0.692151 -0.442269 0.348575
v 0.691480 -0.439932 0.351344
v 0.693261 0.652247 -0.477021
v 0.780700 0.667701 0.481480
v 0.692013 -0.655635 -0.316360
v 0.703270 -0.483158 -0.286703
v 0.700234 -0.476150 0.299949
v 0.700400 -0.476321 0.300066
v 0.695032 -0.461918 -0.506248
v 0.693826 -0.442836 -0.517534
v 0.692396 -0.442390 -0.518904
v 0.694738 -0.426472 0.356189
v 0.694630 -0.426420 0.356119
v 0.700079 -0.415849 0.356755
v 0.707430 -0.395822 0.359516
v 0.696772 0.656963 0.571015
v 0.697098 -0.657473 -0.307621
v 0.732178 -0.486368 -0.232957
v 0.740902 -0.436112 0.291336
v 0.697628 -0.424840 -0.522943
v 0.700812 0.656995 0.468785
v 0.707091 -0.533233 -0.435556
v 0.707001 -0.533126 -0.435471
v 0.699852 -0.418002 0.355975
v 0.699420 -0.404375 -0.530074
v 0.711622 -0.370237 -0.531641
v 0.705379 0.310148 -0.401693
v 0.702950 0.654992 -0.471586
v 0.697574 0.653066 -0.474140
v 0.701616 0.654578 -0.473774
v 0.701738 -0.411850 0.358061
v 0.702941 -0.405956 0.358951
v 0.703494 -0.405434 0.359691
v 0.673808 0.667622 0.513286
v 0.698142 -0.656778 -0.307640
v 0.698461 -0.657555 -0.306163
v 0.699012 -0.655290 -0.308638
v 0.699967 -0.655143 -0.308387
v 0.700084 -0.654978 -0.307540
v 0.742505 -0.486055 0.214754
v 0.703689 -0.483623 -0.286968
v 0.704603 -0.412775 -0.522310
v 0.703106 -0.408642 0.358234
v 0.707473 -0.390360 0.362186
v 0.711607 -0.362940 0.366983
v 0.701894 0.655467 0.470074
v 0.699807 -0.656699 -0.305340
v 0.700280 -0.656522 -0.305363
v 0.732120 -0.648710 -0.264166
v 0.709816 -0.571309 -0.385183
v 0.704581 -0.412050 0.354497
v 0.703372 -0.414952 0.354280
v 0.705109 -0.412052 0.353186
v 0.710090 -0.390268 -0.526361
v 0.707344 -0.395789 0.359444
v 0.735679 -0.286405 -0.358717
v 0.706397 0.655823 0.564497
v 0.705749 -0.568826 -0.392790
v 0.710382 -0.389439 -0.526833
v 0.715546 -0.356929 -0.531877
v 0.719944 -0.320837 -0.536820
v 0.726803 -0.188377 -0.546399
v 0.730511 -0.070818 -0.549636
v 0.731111 0.655195 0.440537
v 0.708200 0.654064 0.463185
v 0.710029 -0.570779 -0.385505
v 0.705655 -0.568723 -0.392707
v 0.718689 -0.540020 -0.414544
v 0.709647 -0.483926 -0.275150
v 0.711628 -0.362945 0.367000
v 0.715860 -0.345766 0.366613
v 0.720984 -0.276195 -0.543098
v 0.725116 -0.240720 -0.543660
v 0.734984 0.119802 -0.552441
v 0.706371 0.654497 0.464046
v 0.706435 0.655895 0.564564
v 0.711827 -0.370310 -0.531882
v 0.719934 -0.330813 -0.534596
v 0.712857 0.655355 0.459401
v 0.711304 0.655042 0.460089
v 0.709519 0.655433 0.462115
v 0.709742 0.656158 0.462858
v 0.714743 -0.529792 -0.431097
v 0.715784 -0.476183 0.276503
v 0.716001 -0.345795 0.366726
v 0.722051 -0.222157 0.371859
v 0.722087 -0.067014 0.372397
v 0.710966 -0.657938 -0.287448
v 0.711312 -0.657759 -0.286037
v 0.714891 -0.529957 -0.431242
v 0.761955 -0.455967 -0.230878
v 0.715899 -0.476302 0.276575
v 0.722750 -0.292986 0.367497
v 0.760438 0.469340 -0.346973
v 0.748115 0.636567 0.405898
v 0.715560 -0.356934 -0.531898
v 0.719774 -0.330774 -0.534408
v 0.718995 -0.322454 0.367755
v 0.719122 -0.322472 0.367859
v 0.720025 -0.320857 -0.536915
v 0.723177 -0.258186 0.368975
v 0.723650 -0.238625 0.369473
v 0.719245 -0.540200 -0.413465
v 0.747892 -0.508190 0.110557
v 0.737832 -0.504034 -0.436575
v 0.753477 -0.441462 -0.464862
v 0.720002 0.655846 0.553815
v 0.718631 -0.569473 -0.377182
v 0.718563 -0.570072 -0.376946
v 0.730052 -0.485891 -0.235266
v 0.722896 -0.477713 0.264059
v 0.722264 -0.477074 0.263686
v 0.722756 -0.292985 0.367501
v 0.720833 -0.276020 -0.542803
v 0.723220 -0.258189 0.369012
v 0.722373 -0.246456 0.369840
v 0.722583 -0.246460 0.370020
v 0.723798 -0.182856 0.369800
v 0.724274 -0.182205 0.368890
v 0.722074 -0.165579 0.372079
v 0.722079 -0.165579 0.372083
v 0.720218 -0.127944 0.374832
v 0.724730 -0.137862 0.368859
v 0.721823 -0.077354 0.372614
v 0.722040 -0.067014 0.372358
v 0.732953 -0.009849 -0.549686
v 0.726541 0.007321 0.367426
v 0.731562 0.382596 0.370763
v 0.741041 0.480923 -0.550173
v 0.737215 0.656069 -0.439318
v 0.742356 0.655670 -0.433596
v 0.720038 0.655910 0.553876
v 0.742995 -0.397719 -0.318845
v 0.725278 -0.278782 -0.539051
v 0.723631 -0.238625 0.369457
v 0.721994 -0.222156 0.371812
v 0.724516 -0.158661 0.369149
v 0.726302 -0.140968 0.367017
v 0.724157 -0.119056 0.369452
v 0.723957 -0.074866 0.369993
v 0.739392 0.491108 0.372983
v 0.730273 -0.479991 0.246055
v 0.769502 -0.350524 0.291930
v 0.729140 -0.223081 -0.541332
v 0.723228 -0.237360 -0.545292
v 0.727286 -0.203682 0.365504
v 0.727450 -0.203683 0.365637
v 0.725582 -0.159044 0.367822
v 0.729025 -0.138530 -0.547217
v 0.725494 -0.117104 0.368057
v 0.726759 -0.075663 0.366518
v 0.726534 -0.087747 0.366761
v 0.726317 -0.022845 0.367442
v 0.726291 -0.022846 0.367421
v 0.726551 0.007322 0.367434
v 0.728386 0.082118 0.365431
v 0.727839 0.081551 0.366088
v 0.726296 0.082613 0.368310
v 0.732050 0.098658 0.361493
v 0.731863 0.098660 0.361341
v 0.729738 0.116538 0.364700
v 0.728097 0.238468 0.368035
v 0.736958 0.425600 0.367870
v 0.748803 0.645440 0.411722
v 0.740048 0.637211 -0.546417
v 0.743176 0.653330 -0.534862
v 0.725295 -0.554884 -0.388760
v 0.725840 -0.555486 -0.389209
v 0.735712 -0.486613 -0.223221
v 0.727040 -0.284730 -0.536786
v 0.727054 -0.284733 -0.536803
v 0.765333 -0.274043 0.312804
v 0.726068 -0.278712 -0.538404
v 0.728227 -0.250378 -0.539922
v 0.730272 -0.192989 -0.542581
v 0.729997 -0.178169 -0.543980
v 0.729941 -0.178165 -0.543913
v 0.728993 -0.138527 -0.547178
v 0.729642 0.116539 0.364620
v 0.730549 0.135042 0.363638
v 0.738750 0.202866 -0.550747
v 0.728124 0.238466 0.368058
v 0.733419 0.258417 0.362127
v 0.731218 0.320198 0.367332
v 0.741248 0.534871 0.378859
v 0.778423 0.642612 -0.376539
v 0.725485 -0.658050 -0.260318
v 0.726043 -0.658719 -0.260636
v 0.725228 -0.546253 -0.400276
v 0.727114 -0.546402 -0.397964
v 0.728864 -0.479771 0.248422
v 0.729233 -0.223089 -0.541445
v 0.730210 -0.190844 -0.543373
v 0.732623 -0.148458 -0.543709
v 0.732524 -0.148451 -0.543591
v 0.728303 -0.109254 -0.549200
v 0.728248 -0.109252 -0.549132
v 0.730358 -0.070813 -0.549449
v 0.730633 0.135041 0.363706
v 0.736127 0.186646 -0.552589
v 0.729872 0.245742 0.366159
v 0.729292 0.385366 0.373562
v 0.743864 0.623672 -0.546366
v 0.740412 0.628746 -0.547760
v 0.745951 0.654396 0.423257
v 0.780771 0.668424 0.413116
v 0.772436 -0.245114 -0.501515
v 0.732924 -0.009847 -0.549651
v 0.735631 0.158914 -0.552474
v 0.738955 0.236473 -0.551001
v 0.732751 0.232451 0.362348
v 0.733714 0.254364 0.361495
v 0.733560 0.262421 0.362073
v 0.731149 0.320204 0.367274
v 0.735487 0.363119 0.364711
v 0.735374 0.370504 0.365092
v 0.738567 0.433547 -0.552215
v 0.744407 0.552673 -0.547278
v 0.741170 0.529367 -0.550012
v 0.737463 0.649800 -0.538552
v 0.731127 0.655199 0.440535
v 0.750267 -0.486579 0.188961
v 0.733952 -0.488160 -0.222760
v 0.735231 0.120632 -0.551619
v 0.732529 0.176661 0.361739
v 0.732595 0.176661 0.361794
v 0.732733 0.354844 0.366906
v 0.735009 0.384812 0.366332
v 0.740691 0.413696 -0.550484
v 0.746312 0.601603 0.391745
v 0.740405 -0.486757 -0.212472
v 0.735800 -0.485435 -0.224924
v 0.734017 -0.479822 0.238572
v 0.735692 -0.480117 0.234248
v 0.778876 -0.378507 -0.467700
v 0.758103 0.223254 0.328635
v 0.765429 0.279896 -0.325577
v 0.736847 0.034499 -0.548005
v 0.738564 0.153720 -0.549491
v 0.738749 0.202866 -0.550746
v 0.736694 0.230322 -0.552874
v 0.735154 0.384802 0.366453
v 0.738782 0.453772 0.368979
v 0.742233 0.485126 0.368698
v 0.769709 0.583490 -0.360280
v 0.745603 0.654852 0.422910
v 0.739841 0.656609 -0.436715
v 0.737307 0.656292 -0.439045
v 0.754825 -0.487293 -0.175105
v 0.736857 0.034498 -0.548018
v 0.739902 0.149310 -0.548675
v 0.738090 0.188442 -0.550023
v 0.736557 0.271953 -0.553393
v 0.738725 0.304204 -0.551705
v 0.740611 0.372094 -0.550553
v 0.736877 0.370750 -0.553400
v 0.740721 0.413697 -0.550520
v 0.736941 0.425600 0.367855
v 0.739627 0.432454 -0.551333
v 0.736748 0.431292 -0.553744
v 0.738631 0.453786 0.368854
v 0.739381 0.491112 0.372973
v 0.740671 0.584076 -0.550040
v 0.741764 0.643837 -0.541055
v 0.734012 0.656015 0.542198
v 0.733598 0.655371 0.541975
v 0.744786 0.655155 0.532848
v 0.740347 -0.486693 -0.212445
v 0.738934 0.126702 -0.548946
v 0.739890 0.173082 -0.549310
v 0.738910 0.211751 -0.550687
v 0.739022 0.211749 -0.550821
v 0.739236 0.306434 -0.551599
v 0.742310 0.485114 0.368758
v 0.740426 0.482726 -0.550257
v 0.742560 0.478316 -0.548892
v 0.739914 0.527662 0.378958
v 0.739914 0.527662 0.378958
v 0.741982 0.527027 0.376320
v 0.741789 0.533202 0.377896
v 0.744620 0.561557 0.381555
v 0.742727 0.573240 0.386539
v 0.745659 0.594025 0.389453
v 0.741810 0.604765 -0.548881
v 0.743290 0.626181 -0.545695
v 0.740391 0.641723 -0.541453
v 0.743334 0.647249 -0.538914
v 0.738393 0.651704 -0.539748
v 0.738824 0.653200 -0.538130
v 0.737757 -0.658275 -0.234654
v 0.739472 -0.609912 -0.293448
v 0.741298 -0.484715 0.214271
v 0.740387 0.183818 -0.548991
v 0.740891 0.239630 -0.549568
v 0.737346 0.361843 -0.553180
v 0.743206 0.365100 -0.548386
v 0.743217 0.365100 -0.548398
v 0.742007 0.436516 -0.549337
v 0.742606 0.518602 0.373807
v 0.741059 0.529367 -0.549880
v 0.742476 0.522897 0.374866
v 0.742417 0.521226 0.374607
v 0.745532 0.561117 0.380379
v 0.742047 0.576586 0.389070
v 0.740677 0.584077 -0.550048
v 0.738717 0.635157 -0.546867
v 0.740722 0.650841 -0.538486
v 0.740654 0.649204 -0.539826
v 0.742256 0.655404 -0.432546
v 0.740640 0.657384 -0.436832
v 0.744383 0.655215 0.532702
v 0.768150 0.655415 0.514063
v 0.788198 0.162702 -0.505869
v 0.742700 0.374294 -0.548804
v 0.742990 0.425274 -0.548532
v 0.742990 0.425274 -0.548532
v 0.744588 0.533214 0.374500
v 0.743641 0.537048 0.376612
v 0.744387 0.552673 -0.547253
v 0.745632 0.573724 0.383453
v 0.741813 0.604764 -0.548887
v 0.744291 0.598274 0.391792
v 0.748193 0.612594 0.393903
v 0.761827 0.635448 0.531984
v 0.741382 -0.659601 -0.226593
v 0.740858 -0.658154 -0.226014
v 0.781321 -0.304425 -0.287121
v 0.744382 0.513916 0.370804
v 0.749086 0.613202 0.392984
v 0.744592 0.647822 -0.537370
v 0.745399 0.650140 -0.534996
v 0.741323 0.651592 -0.535942
v 0.755603 -0.486429 -0.174308
v 0.749197 -0.482289 0.202231
v 0.749100 -0.482195 0.202191
v 0.784438 0.574789 0.330175
v 0.749399 0.598558 0.386618
v 0.747505 0.632686 0.403927
v 0.743834 0.637090 -0.543264
v 0.748374 0.638858 -0.538723
v 0.750137 0.646245 -0.533026
v 0.755881 0.651679 0.412648
v 0.785238 0.653579 -0.495580
v 0.769031 -0.489038 -0.125744
v 0.789070 0.621433 -0.506018
v 0.748323 0.638321 -0.539118
v 0.749039 0.640466 0.407107
v 0.748198 0.642356 0.409524
v 0.750948 -0.489609 -0.177514
v 0.749855 -0.486145 0.188807
v 0.801034 0.654991 0.349580
v 0.753454 0.641670 0.408456
v 0.753214 0.647245 0.408163
v 0.750562 0.650080 0.413474
v 0.763111 -0.488233 -0.146042
v 0.754685 -0.486345 0.174947
v 0.787390 -0.454414 0.166551
v 0.784457 0.487096 0.309048
v 0.753664 0.651633 0.411411
v 0.754948 0.651863 0.410118
v 0.754622 0.653308 0.412120
v 0.753840 0.652544 0.412190
v 0.772494 0.657475 -0.400457
v 0.772459 0.657489 -0.400470
v 0.757081 0.656126 0.521611
v 0.759160 0.656149 0.519606
v 0.764391 -0.487002 0.142894
v 0.756843 -0.485725 0.171193
v 0.756278 0.652861 0.409956
v 0.754251 -0.658341 -0.195104
v 0.755227 -0.657922 -0.193897
v 0.764953 -0.655561 -0.173549
v 0.762296 -0.484449 0.159027
v 0.786722 -0.390684 0.238100
v 0.766861 0.654478 0.398305
v 0.784244 -0.489063 -0.018824
v 0.764517 -0.489602 -0.146339
v 0.762494 -0.485570 0.154336
v 0.761484 -0.486722 0.153698
v 0.766873 0.654465 0.398322
v 0.762376 0.653948 0.519185
v 0.761560 0.654326 0.519890
v 0.760928 0.656076 0.517910
v 0.758383 -0.670161 -0.141315
v 0.832114 -0.523947 -0.276361
v 0.763352 -0.482808 0.160668
v 0.763120 -0.484973 0.154455
v 0.761186 -0.658086 -0.171305
v 0.781631 -0.489039 -0.042526
v 0.766629 -0.488171 -0.132360
v 0.764838 -0.486280 0.142182
v 0.774428 -0.487927 0.095689
v 0.767465 -0.486811 0.131783
v 0.767549 -0.486902 0.131804
v 0.767820 -0.486902 -0.134106
v 0.801078 0.653538 -0.480092
v 0.766874 -0.657836 -0.158500
v 0.767557 -0.657713 -0.151448
v 0.766896 -0.659283 -0.152366
v 0.768057 -0.656103 -0.160642
v 0.765830 -0.656666 -0.165806
v 0.778641 -0.486546 0.083572
v 0.775808 -0.488375 -0.089308
v 0.769628 -0.488775 -0.119304
v 0.769956 -0.656674 -0.151490
v 0.787779 0.654158 -0.490245
v 0.770961 -0.657726 -0.143905
v 0.771451 -0.659613 -0.135854
v 0.782743 -0.488754 0.005126
v 0.781611 -0.488277 0.039604
v 0.775249 -0.487213 0.092605
v 0.772561 -0.659803 -0.135102
v 0.778049 -0.488410 -0.071736
v 0.775811 -0.488377 -0.089308
v 0.779937 -0.486274 0.065486
v 0.800337 -0.466723 0.065709
v 0.808070 -0.390803 -0.189818
v 0.778321 0.653931 0.382927
v 0.778390 0.653855 0.382985
v 0.773974 -0.658916 -0.126723
v 0.774182 -0.658851 -0.126205
v 0.777341 -0.488932 -0.073861
v 0.798529 0.274237 0.263111
v 0.823238 0.665334 0.340691
v 0.776742 -0.660043 -0.116753
v 0.776146 -0.658790 -0.116898
v 0.782133 -0.488225 0.037031
v 0.781381 -0.488223 -0.047782
v 0.782012 -0.485572 0.060787
v 0.853963 0.670011 -0.373079
v 0.782978 -0.488319 -0.008441
v 0.781746 -0.489466 -0.009004
v 0.783376 -0.487818 0.002806
v 0.782299 -0.488293 -0.023277
v 0.811161 -0.449679 -0.080964
v 0.784042 -0.487496 -0.010783
v 0.795379 0.657573 -0.369397
v 0.795731 0.657198 -0.369652
v 0.785520 -0.485936 0.001462
v 0.819300 -0.481625 -0.354141
v 0.815294 -0.297675 -0.213775
v 0.790548 0.654910 0.367743
v 0.790724 0.654744 0.367868
v 0.812593 0.304174 -0.240656
v 0.809071 -0.248527 0.228260
v 0.816463 0.527152 -0.262747
v 0.801140 0.655904 -0.474458
v 0.830710 0.592715 0.256643
v 0.813798 0.657746 -0.341161
v 0.797851 0.654485 0.481983
v 0.827021 0.635818 -0.290918
v 0.805271 0.653912 0.474024
v 0.807352 0.647308 0.476441
v 0.808966 0.636904 0.480033
v 0.802444 0.654279 0.350129
v 0.803023 0.654268 -0.474170
v 0.809820 0.657369 -0.347898
v 0.812577 0.655701 0.337100
v 0.811318 0.659394 -0.348855
v 0.825927 0.657205 0.314167
v 0.800920 0.653394 -0.477514
v 0.803659 0.653567 -0.474387
v 0.822809 -0.385733 0.140925
v 0.831030 -0.295223 0.163251
v 0.848901 -0.252262 -0.411305
v 0.817921 0.655320 -0.456035
v 0.812578 0.655700 0.337096
v 0.810935 0.658688 -0.348028
v 0.811807 0.653911 0.466471
v 0.842087 0.193416 -0.444516
v 0.807748 0.644775 0.475608
v 0.809940 0.649498 0.472772
v 0.809094 0.649963 0.473375
v 0.812198 0.648238 0.471000
v 0.815568 0.658678 -0.342881
v 0.813122 0.659364 -0.345780
v 0.837603 0.110358 0.158425
v 0.845066 0.549015 0.198543
v 0.810951 0.652693 0.467917
v 0.811650 0.653391 0.467336
v 0.810516 0.653032 0.468222
v 0.823610 0.656419 0.321333
v 0.825071 0.654486 0.449777
v 0.835162 -0.401865 0.026910
v 0.833443 -0.394949 -0.073106
v 0.833335 0.354264 0.186113
v 0.818851 0.656206 -0.456800
v 0.838709 -0.256682 -0.145031
v 0.861651 0.621889 -0.419657
v 0.825706 0.655769 0.317780
v 0.855155 0.655553 0.410477
v 0.832005 0.657413 0.308320
v 0.851556 0.655714 -0.412896
v 0.857390 0.541377 -0.165002
v 0.817554 0.658996 -0.342022
v 0.832323 0.657075 0.308501
v 0.837278 0.346127 -0.179944
v 0.842145 0.657815 0.287316
v 0.845870 0.654343 0.422293
v 0.880293 -0.513654 -0.173358
v 0.858907 -0.390162 -0.358097
v 0.862826 0.659536 0.239669
v 0.838762 0.657255 0.295778
v 0.849758 -0.311095 -0.075575
v 0.850786 -0.296848 0.070928
v 0.863208 0.627757 -0.204864
v 0.839177 0.656815 0.296001
v 0.851156 0.655395 -0.413014
v 0.880818 0.667870 0.240763
v 0.842749 0.657322 0.287557
v 0.855673 -0.291829 0.007127
v 0.845630 0.654145 0.422100
v 0.858883 0.271392 -0.077077
v 0.858025 0.313400 0.082635
v 0.856305 0.658547 0.262583
v 0.851401 0.658017 0.270797
v 0.851146 0.658227 0.270686
v 0.854180 0.654266 0.410312
v 0.865704 0.657436 -0.241513
v 0.856287 0.658566 0.262574
v 0.869603 0.659242 -0.240178
v 0.869184 0.659489 -0.238821
v 0.864155 0.275883 0.005884
v 0.874033 0.501281 -0.054698
v 0.866214 0.657973 0.239365
v 0.879512 0.668113 0.342109
v 0.873393 0.655864 -0.378315
v 0.903635 0.666835 -0.182164
v 0.869760 0.542251 0.103449
v 0.868199 0.657254 -0.234208
v 0.863119 0.655280 0.397703
v 0.860514 0.654650 0.400274
v 0.867752 0.655639 0.388369
v 0.874787 0.493982 0.028131
v 0.865646 0.657490 -0.241494
v 0.896288 -0.432505 -0.255291
v 0.868491 0.658693 -0.238003
v 0.867624 0.655550 0.388293
v 0.867764 0.659160 0.235954
v 0.872765 0.656268 -0.377822
v 0.874943 0.655130 0.376022
v 0.882793 0.658941 0.195103
v 0.895478 -0.319133 -0.319184
v 0.890060 0.641119 0.119827
v 0.882699 0.659041 0.195079
v 0.876224 0.656234 0.376929
v 0.900832 0.659540 -0.332885
v 0.967658 0.669368 -0.086483
v 0.885947 0.659460 -0.193601
v 0.883179 0.655935 0.362548
v 0.891322 0.601896 -0.054344
v 0.883078 0.655831 0.362488
v 0.897911 0.634869 -0.360980
v 0.889070 0.657036 0.352078
v 0.888794 0.656760 0.351918
v 0.903063 0.659777 0.122603
v 0.896557 0.143731 -0.361177
v 0.894410 0.643461 -0.118717
v 0.894160 0.656255 0.342844
v 0.901667 0.659688 -0.137646
v 0.893872 0.656008 0.342684
v 0.922909 0.658823 -0.285381
v 0.908817 0.659514 -0.101003
v 0.903023 0.659823 0.122571
v 0.899312 0.656504 0.333716
v 0.899044 0.656265 0.333575
v 0.915290 0.660853 -0.025936
v 0.930136 0.668462 0.229139
v 0.904926 0.659260 0.108616
v 0.907065 0.657430 0.316901
v 0.931274 0.657503 -0.262703
v 0.904429 0.659860 0.108782
v 0.907145 0.657186 0.317288
v 0.918474 0.657841 0.293719
v 0.913675 0.659759 0.049193
v 0.916923 -0.184734 -0.298107
v 0.930012 0.658094 0.268289
v 0.916610 0.659722 -0.026555
v 0.913122 0.660058 0.055046
v 0.922316 0.657871 0.284282
v 0.922798 0.657578 0.284097
v 0.931266 0.668616 0.046988
v 0.922944 0.657343 0.284317
v 0.922820 0.655996 0.287142
v 0.928766 0.656952 0.271595
v 0.928911 0.657558 0.269650
v 0.928638 0.658120 0.269028
v 0.929514 0.657669 0.269406
v 0.928948 0.655988 0.272886
v 0.949470 0.659743 0.212117
v 0.943753 0.239295 -0.267073
v 0.940020 0.659777 0.237551
v 0.939108 -0.354836 -0.199244
v 0.945718 0.657993 0.223254
v 0.954853 -0.178136 -0.204948
v 0.940147 0.657362 -0.237178
v 0.941122 0.657684 0.235397
v 0.947630 0.636208 -0.255898
v 0.944741 0.658286 0.223698
v 0.948275 0.658670 0.211990
v 0.959264 0.659007 0.173255
v 0.964481 -0.327743 -0.122261
v 0.959638 0.659325 0.173363
v 0.965463 0.657445 -0.156164
v 0.966576 0.658652 0.144583
v 0.966301 0.658403 0.144530
v 0.969918 0.658967 -0.132889
v 0.969108 0.660398 0.134064
v 0.966244 0.658131 -0.156326
v 0.968323 0.659504 0.133798
v 0.981116 0.660222 0.058597
v 0.969746 0.658783 -0.132856
v 0.989856 0.626491 -0.114776
v 0.980859 0.659486 -0.060073
v 0.978772 0.659409 0.074221
v 0.979047 0.659489 0.074920
v 0.983404 0.659544 0.001488
v 0.979624 0.658110 0.074008
v 0.978944 0.658894 0.073595
v 0.980897 0.659495 -0.059999
v 0.978960 0.659934 0.065260
v 0.980265 0.289540 -0.159314
v 0.984925 0.659822 -0.004533
v 0.982351 0.659756 0.046343
v 0.998941 0.174530 -0.049191
v -0.930816 0.231095 0.076171
v -0.929482 0.129011 0.070300
v -0.929096 0.128064 0.069716
v -0.930408 0.149440 0.067445
v -0.927939 0.149158 0.068853
v -0.929680 0.162674 0.070766
v -0.929719 0.167319 0.071055
v -0.928951 0.169128 0.069845
v -0.928887 0.168202 0.070389
v -0.927510 0.197047 0.070369
v -0.928116 0.187409 0.070583
v -0.927560 0.188178 0.069954
v -0.927018 0.196085 0.070501
v -0.915772 0.167515 0.041083
v -0.927296 0.179438 0.068906
v -0.924447 0.212347 0.069862
v -0.924367 0.211715 0.070393
v -0.923429 0.226798 0.069881
v -0.921649 0.223747 0.071435
v -0.918157 0.240181 0.070223
v -0.918871 0.241885 0.071066
v -0.889327 0.332700 0.075479
v -0.916767 0.250087 0.071220
v -0.918256 0.242030 0.069756
v -0.917034 0.250209 0.070888
v -0.911392 0.267508 0.070910
v -0.912594 0.264382 0.071107
v -0.891897 0.341216 0.077903
v -0.912074 0.264524 0.069808
v -0.910354 0.270572 0.071034
v -0.911394 0.182327 -0.007007
v -0.908440 0.278372 0.070579
v -0.907762 0.278137 0.071175
v -0.899532 0.298941 0.070831
v -0.901540 0.295880 0.071294
v -0.897827 0.001741 0.067143
v -0.882541 0.003272 0.030966
v -0.898257 0.301034 0.070378
v -0.901130 0.009042 0.066831
v -0.901277 0.005329 0.067285
v -0.886744 0.281584 0.004943
v -0.893697 0.311753 0.070554
v -0.892846 -0.012353 0.068120
v -0.890468 -0.014715 0.066246
v -0.889860 -0.017717 0.067693
v -0.889632 0.334519 0.076379
v -0.885420 -0.025204 0.067070
v -0.887038 0.327531 0.071676
v -0.889038 0.332080 0.075502
v -0.885398 -0.025797 0.067620
v -0.881849 0.333237 0.070090
v -0.885206 0.330023 0.071817
v -0.875164 0.343350 0.070105
v -0.857525 0.379212 0.076455
v -0.875077 0.343515 0.070216
v -0.861395 -0.065240 0.066956
v -0.864215 0.359076 0.070247
v -0.864288 0.359120 0.070152
v -0.877405 0.306048 0.024409
v -0.861870 -0.083810 0.073490
v -0.855038 0.371133 0.069463
v -0.855187 0.370442 0.069903
v -0.824816 0.378213 -0.004573
v -0.827937 0.376381 0.021290
v -0.836231 0.376534 0.049718
v -0.840230 0.383401 0.063736
v -0.841316 -0.091747 0.065418
v -0.839527 0.385000 0.067037
v -0.839450 0.385214 0.067863
v -0.841198 -0.093444 0.066910
v -0.822323 0.379519 -0.014534
v -0.837462 0.376756 0.052516
v -0.838734 0.376632 0.054622
v -0.836758 0.381600 0.057100
v -0.825747 0.399859 0.070903
v -0.829053 0.380515 0.038192
v -0.833204 0.380866 0.052179
v -0.834501 0.377459 0.048568
v -0.833200 0.380732 0.052176
v -0.830385 0.394237 0.069039
v -0.833883 0.393825 0.067858
v -0.809757 0.415912 0.075027
v -0.827810 0.376297 0.021303
v -0.829602 0.379412 0.037111
v -0.826215 0.377199 -0.014914
v -0.826624 0.379576 -0.037898
v -0.824389 0.400248 0.071445
v -0.822846 0.383838 -0.038214
v -0.824252 0.382916 -0.041445
v -0.822303 0.379223 -0.010175
v -0.822584 0.384300 -0.041024
v -0.820767 0.384333 -0.036273
v -0.820500 0.380378 -0.006046
v -0.764057 0.449345 0.078863
v -0.811683 0.410676 0.072751
v -0.817167 -0.119570 0.066535
v -0.816740 0.408908 0.073118
v -0.812630 0.409643 0.070934
v -0.812868 0.409691 0.071165
v -0.812132 0.411061 0.071650
v -0.808808 0.410840 0.069248
v -0.797282 0.419890 0.073175
v -0.797328 0.422660 0.073328
v -0.789434 0.425499 0.072961
v -0.785927 -0.148696 0.067056
v -0.721996 0.440955 0.049402
v -0.787058 0.427517 0.073777
v -0.780674 0.429843 0.073078
v -0.760626 0.440726 0.075631
v -0.734158 -0.201633 0.073065
v -0.778320 0.431740 0.073481
v -0.769676 0.434804 0.072113
v -0.765524 0.419038 0.026042
v -0.767351 0.436286 0.073434
v -0.753134 0.441355 0.072588
v -0.762818 0.439968 0.075020
v -0.761617 0.439011 0.073765
v -0.725247 0.451363 -0.077297
v -0.757229 0.440553 0.073448
v -0.756979 0.440458 0.073248
v -0.757348 0.440948 0.073906
v -0.752699 0.441669 0.073237
v -0.749827 0.444211 0.075172
v -0.753024 0.440872 0.071978
v -0.745431 0.445990 0.074876
v -0.738546 0.448109 0.075134
v -0.729333 0.450897 0.075071
v -0.720374 0.453125 0.074961
v -0.702798 0.457603 0.074964
v -0.700578 0.458377 0.074359
v -0.620610 0.461082 0.078242
v -0.671230 0.462484 0.075584
v -0.675778 0.462738 0.076898
v -0.628553 0.447768 0.045934
v -0.670439 0.462246 0.076027
v -0.669181 0.462553 0.076261
v -0.665464 0.462845 0.075983
v -0.660610 0.462086 0.075466
v -0.477430 -0.393862 0.050308
v -0.540786 0.441680 0.085283
v -0.562310 0.427699 0.050801
v -0.534311 0.399985 -0.007635
v -0.485095 -0.348852 0.091152
v -0.533722 0.419976 0.074992
v -0.533802 0.421336 0.076494
v -0.506227 -0.359975 0.079899
v -0.437713 -0.334603 0.095767
v -0.426097 0.426594 0.115294
v -0.429984 0.249188 0.097916
v -0.372552 -0.357119 0.120742
v -0.323191 0.637975 -0.089988
v -0.307255 0.509092 -0.025264
v -0.298673 0.538216 0.103768
v -0.284381 0.214629 0.061755
v -0.282528 0.437798 -0.145124
v -0.288786 0.243486 -0.019030
v -0.289437 0.600468 -0.191394
v -0.281017 0.206786 -0.085602
v -0.240896 0.385094 -0.247949
v -0.264765 0.174557 -0.155760
v -0.266968 -0.302710 -0.071471
v -0.237286 0.565319 -0.296240
v -0.238915 -0.381798 0.155922
v -0.255839 -0.266978 -0.145520
v -0.234665 0.140511 -0.239144
v -0.233640 -0.368529 -0.186830
v -0.224941 -0.270611 -0.243941
v -0.234940 -0.592272 -0.076192
v -0.222643 0.654083 -0.369881
v -0.186150 0.265654 -0.331393
v -0.183053 -0.389206 -0.287944
v -0.188561 0.514436 -0.354825
v -0.187413 0.647662 -0.407726
v -0.207083 0.652626 -0.388237
v -0.172012 -0.303568 -0.336786
v -0.191173 0.652465 -0.407745
v -0.170781 0.607498 -0.404142
v -0.189652 0.651118 -0.407902
v -0.188828 0.648915 -0.406732
v -0.189302 0.649842 -0.407040
v -0.186320 0.646768 -0.407740
v -0.186630 0.648804 -0.409178
v -0.187268 0.649838 -0.409425
v -0.187458 0.651376 -0.410686
v -0.188203 0.652138 -0.411210
v -0.182836 0.642499 -0.408413
v -0.182686 0.644838 -0.410404
v -0.183590 0.644990 -0.409474
v -0.182632 0.640860 -0.407414
v -0.177556 0.633387 -0.413037
v -0.179608 0.642726 -0.412316
v -0.179009 0.641363 -0.412016
v -0.179608 0.642726 -0.412316
v -0.150310 0.397975 -0.388585
v -0.176839 0.644265 0.531558
v -0.177552 0.645080 0.530552
v -0.171983 0.609497 -0.403419
v -0.171695 0.611894 -0.404867
v -0.172704 0.635380 -0.415222
v -0.173382 0.652876 -0.428054
v -0.172756 0.651948 -0.427764
v -0.157246 0.495767 -0.391890
v -0.170271 0.610002 -0.404800
v -0.168510 0.609184 -0.407286
v -0.168510 0.609184 -0.407286
v -0.162283 0.550823 -0.396631
v -0.164114 0.549982 -0.394330
v -0.151790 0.409583 -0.387322
v -0.147274 -0.237028 -0.371770
v -0.146755 0.653209 -0.455661
v -0.148837 -0.248680 -0.369226
v -0.154933 0.466227 -0.390052
v -0.157470 0.495735 -0.392091
v -0.158446 0.541860 -0.398984
v -0.158442 0.539340 -0.400864
v -0.148050 0.303982 -0.383856
v -0.154967 0.466224 -0.390083
v -0.117710 -0.419410 -0.364747
v -0.143855 0.235732 -0.385275
v -0.151847 0.409579 -0.387374
v -0.149974 0.398057 -0.388310
v -0.148570 -0.248218 -0.369136
v -0.147747 -0.240520 -0.370489
v -0.147968 -0.241238 -0.370198
v -0.144426 0.287543 -0.387051
v -0.145523 0.329693 -0.388278
v -0.145984 0.318668 -0.386626
v -0.147382 0.329888 -0.386235
v -0.140006 0.123188 -0.386429
v -0.148136 0.303978 -0.383931
v -0.130334 -0.352278 -0.376421
v -0.133253 -0.315855 -0.380821
v -0.136670 -0.257663 -0.382831
v -0.140379 -0.058697 -0.382916
v -0.139855 0.078186 -0.385780
v -0.143965 0.235728 -0.385373
v -0.144612 0.287535 -0.387216
v -0.143789 0.324526 -0.389978
v -0.144026 0.335586 -0.390402
v -0.144042 0.335585 -0.390417
v -0.139332 -0.107755 -0.383334
v -0.140445 -0.058699 -0.382974
v -0.139100 -0.214600 -0.381369
v -0.139334 -0.214606 -0.381571
v -0.139027 -0.187892 -0.381800
v -0.139179 -0.187294 -0.382075
v -0.139958 -0.169771 -0.381439
v -0.139919 -0.157128 -0.381975
v -0.139623 -0.108583 -0.382990
v -0.138902 0.039429 -0.386358
v -0.138765 0.039431 -0.386238
v -0.139862 0.078186 -0.385787
v -0.139934 0.123190 -0.386365
v -0.136202 -0.257637 -0.382420
v -0.137042 -0.226583 -0.383586
v -0.136691 -0.226574 -0.383278
v -0.140828 -0.168686 -0.380606
v -0.139572 -0.155460 -0.382272
v -0.139068 -0.021946 -0.385201
v -0.139063 -0.021948 -0.385198
v -0.131899 -0.342492 -0.376049
v -0.135948 -0.174872 -0.386072
v -0.134767 -0.177142 -0.387358
v -0.137795 -0.148872 -0.384418
v -0.137422 -0.143524 -0.384934
v -0.137706 -0.149582 -0.384548
v -0.133076 -0.315829 -0.380665
v -0.130836 -0.350627 -0.376031
v -0.132376 -0.340041 -0.376543
v -0.126016 -0.466540 -0.310173
v -0.094540 -0.306709 -0.425909
v -0.122051 -0.465212 -0.316707
v -0.117063 0.400780 -0.422495
v -0.091127 0.198488 -0.437695
v -0.113582 -0.416112 -0.369294
v -0.109506 -0.464672 -0.336144
v -0.107030 -0.450462 -0.350084
v -0.105262 -0.446991 -0.357464
v -0.108446 0.656333 -0.491739
v -0.101720 -0.457624 -0.351834
v -0.106259 -0.453154 -0.350460
v -0.102707 -0.464486 -0.343290
v -0.103207 -0.451795 -0.353592
v -0.105414 0.654784 -0.492614
v -0.100789 -0.457442 -0.351936
v -0.101190 -0.457712 -0.352058
v -0.089240 -0.463315 -0.358609
v -0.054427 -0.290855 -0.459857
v -0.050933 0.462939 -0.481852
v -0.044378 -0.472241 -0.395389
v 0.000078 0.191776 -0.502483
v -0.032351 -0.514247 0.527104
v 0.016203 -0.313821 -0.505242
v 0.023604 -0.277640 0.642469
v 0.019460 0.481313 -0.525325
v 0.074507 0.150495 -0.537820
v 0.067736 -0.382401 -0.516992
v 0.052341 -0.656682 0.452468
v 0.089584 0.394281 -0.549431
v 0.048958 -0.529928 0.555948
v 0.107894 0.262646 0.691867
v 0.061412 -0.529745 0.560151
v 0.056612 -0.527838 0.561538
v 0.096845 -0.669853 0.453919
v 0.119844 -0.500756 0.606677
v 0.136844 -0.293980 0.677707
v 0.080543 -0.534378 0.564768
v 0.075848 -0.290742 -0.534827
v 0.095208 -0.655276 0.471915
v 0.080806 -0.654456 0.466118
v 0.118143 -0.376897 -0.537640
v 0.101884 -0.539988 0.566871
v 0.102071 -0.539465 0.566324
v 0.095118 -0.653810 0.472836
v 0.105398 -0.653758 0.476970
v 0.111433 -0.544998 0.565029
v 0.188911 -0.419314 0.660298
v 0.126246 -0.548745 0.566368
v 0.119929 -0.570706 0.543558
v 0.126303 -0.548554 0.566168
v 0.200222 -0.260068 -0.569326
v 0.201983 -0.669998 0.483247
v 0.130659 -0.568460 0.548739
v 0.133101 -0.553007 0.563833
v 0.128492 -0.567376 0.549062
v 0.133814 -0.552844 0.564077
v 0.135641 -0.568247 0.550228
v 0.134065 -0.568544 0.549515
v 0.140282 -0.561205 0.558368
v 0.140247 -0.561344 0.558510
v 0.144865 -0.568005 0.552821
v 0.143156 -0.569060 0.551456
v 0.149193 -0.555902 0.565175
v 0.208410 -0.257933 0.691755
v 0.138416 -0.609073 0.516320
v 0.151340 -0.564176 0.558120
v 0.156481 -0.559084 0.564178
v 0.159962 -0.561956 0.565526
v 0.205489 0.222803 -0.571678
v 0.225089 -0.403842 -0.552468
v 0.313042 -0.669296 -0.493071
v 0.263357 -0.603503 0.541234
v 0.230474 0.219223 0.711815
v 0.244394 -0.467377 0.647137
v 0.276910 -0.107717 0.705400
v 0.209960 0.628449 -0.607089
v 0.300770 -0.337534 0.687952
v 0.284938 -0.534411 0.602127
v 0.250010 0.527408 -0.591215
v 0.232399 -0.657804 0.503832
v 0.232387 -0.657548 0.503543
v 0.306153 -0.279699 -0.574760
v 0.299848 0.319812 -0.578064
v 0.347199 -0.480839 0.637672
v 0.356423 -0.398346 -0.553116
v 0.333696 -0.658443 0.504615
v 0.397969 -0.668926 0.481128
v 0.379452 0.159418 0.708217
v 0.369188 -0.602945 0.536272
v 0.375590 -0.390482 0.670336
v 0.332431 -0.658465 0.504332
v 0.424056 -0.526995 0.595186
v 0.412837 -0.239592 0.688166
v 0.395242 0.259708 -0.567154
v 0.423105 0.623640 0.699135
v 0.399398 -0.658098 0.494343
v 0.675287 -0.669775 -0.310985
v 0.460385 -0.415044 0.647721
v 0.399510 -0.658391 0.494619
v 0.474410 0.150404 0.689091
v 0.461290 -0.669800 -0.464714
v 0.509706 -0.472163 0.608432
v 0.473318 -0.299981 0.668465
v 0.455622 -0.604516 0.514493
v 0.467487 -0.658168 0.475899
v 0.489614 0.651026 0.676619
v 0.478110 -0.657585 0.472016
v 0.524442 -0.025737 0.669246
v 0.465180 -0.399266 -0.530616
v 0.521296 -0.658055 0.452892
v 0.565172 -0.522886 0.547318
v 0.551610 0.625957 0.663053
v 0.544074 -0.669801 0.423353
v 0.542297 -0.368855 0.633807
v 0.610885 -0.239564 0.622755
v 0.558919 -0.656315 0.431428
v 0.559522 -0.656374 0.431878
v 0.552263 -0.604173 0.475651
v 0.632198 0.101784 0.624162
v 0.615532 -0.372143 0.599835
v 0.593050 -0.567625 0.486946
v 0.624610 -0.582553 0.449368
v 0.603777 -0.655448 0.402716
v 0.590586 -0.568540 0.487282
v 0.608122 -0.654437 0.401234
v 0.599835 -0.567165 0.483109
v 0.597532 -0.561463 0.490414
v 0.597532 -0.560526 0.491953
v 0.604526 -0.565756 0.481329
v 0.600468 -0.564390 0.485698
v 0.635790 -0.484103 0.538691
v 0.616929 -0.576235 0.462222
v 0.603991 -0.568572 0.478647
v 0.602906 -0.566622 0.481756
v 0.640301 -0.588976 0.428614
v 0.653339 -0.669116 0.327257
v 0.609951 -0.571116 0.472301
v 0.609228 -0.570830 0.473096
v 0.606248 -0.565347 0.480868
v 0.607198 -0.566317 0.479248
v 0.614647 -0.552491 0.489057
v 0.614696 -0.552571 0.489132
v 0.607742 -0.566676 0.478510
v 0.644462 -0.652348 0.367509
v 0.615830 -0.576344 0.462509
v 0.613960 -0.574832 0.465612
v 0.613960 -0.574832 0.465612
v 0.617696 -0.570695 0.466937
v 0.614493 -0.570311 0.470047
v 0.614656 -0.566776 0.473766
v 0.625843 -0.566609 0.466201
v 0.618750 -0.573818 0.463322
v 0.623337 -0.582801 0.450270
v 0.622462 -0.569399 0.465449
v 0.629586 -0.546743 0.484879
v 0.629545 -0.546683 0.484821
v 0.664123 -0.606557 0.388281
v 0.641720 -0.585700 0.432968
v 0.641186 -0.651667 0.370193
v 0.641170 -0.591900 0.427200
v 0.644109 -0.543137 0.478712
v 0.661188 -0.602762 0.396495
v 0.641335 -0.543122 0.480196
v 0.642814 -0.545176 0.476960
v 0.645912 -0.542595 0.477399
v 0.641178 -0.649707 0.368346
v 0.718705 -0.395971 0.522007
v 0.648051 -0.640067 0.373379
v 0.648468 -0.640403 0.373756
v 0.648604 -0.544928 0.472050
v 0.704427 -0.252347 0.563549
v 0.646835 -0.652687 0.364391
v 0.649395 -0.595344 0.416592
v 0.647448 -0.545942 0.472646
v 0.652001 -0.541984 0.473078
v 0.651490 -0.542928 0.472820
v 0.653477 -0.541423 0.472888
v 0.651490 -0.542928 0.472820
v 0.694017 0.639379 0.585993
v 0.657571 -0.542002 0.468725
v 0.660056 -0.624391 0.375146
v 0.659255 -0.654556 0.344313
v 0.656288 -0.542915 0.469037
v 0.659980 -0.654587 0.344912
v 0.661116 -0.602683 0.396423
v 0.665956 -0.539095 0.465034
v 0.659812 -0.539742 0.469654
v 0.660199 -0.624516 0.375280
v 0.664483 -0.606894 0.388579
v 0.666392 -0.538296 0.464932
v 0.679858 -0.653466 0.320405
v 0.674166 -0.536995 0.460767
v 0.670636 -0.610548 0.378839
v 0.669066 -0.614751 0.374564
v 0.673249 -0.655563 0.326064
v 0.671832 -0.609570 0.377346
v 0.667892 -0.612434 0.378524
v 0.710972 -0.488420 0.476182
v 0.684022 -0.655311 0.313172
v 0.671681 -0.613581 0.373077
v 0.668658 0.479800 -0.447956
v 0.673511 -0.654846 0.326665
v 0.672860 -0.653622 0.329158
v 0.673998 -0.536782 0.460566
v 0.677019 -0.654476 0.320869
v 0.682246 -0.608531 0.366652
v 0.682358 -0.608358 0.367026
v 0.676120 0.594112 -0.463356
v 0.676337 -0.654259 0.322555
v 0.676180 -0.653840 0.324480
v 0.686098 -0.584723 -0.394016
v 0.686216 -0.584860 -0.394133
v 0.688004 -0.534427 0.451907
v 0.709711 0.196619 0.574791
v 0.684220 -0.655518 0.313331
v 0.687856 -0.534240 0.451739
v 0.693173 -0.608771 0.352953
v 0.693223 -0.608822 0.352992
v 0.685418 0.608502 -0.460048
v 0.699595 -0.533201 0.443304
v 0.698759 -0.598640 0.358094
v 0.698903 -0.598795 0.358206
v 0.699095 -0.532618 0.442796
v 0.715817 -0.526787 0.435297
v 0.734975 -0.669892 0.182583
v 0.732597 -0.592569 0.317579
v 0.730093 -0.657463 0.239344
v 0.715236 -0.526128 0.434741
v 0.728663 -0.655845 0.240380
v 0.722564 -0.595373 0.330198
v 0.722759 -0.595570 0.330328
v 0.765019 -0.246932 0.510779
v 0.737710 -0.658228 -0.234632
v 0.759549 -0.536856 0.369112
v 0.735719 -0.514982 0.424136
v 0.733688 -0.517001 0.424423
v 0.730307 -0.592978 0.322696
v 0.736035 -0.520879 0.417674
v 0.730674 -0.521546 0.423028
v 0.774120 -0.608341 0.216405
v 0.736893 -0.590188 0.317483
v 0.737332 -0.589462 0.318077
v 0.738246 -0.521724 0.413952
v 0.737981 -0.517142 0.419799
v 0.741369 -0.507202 0.426528
v 0.739260 -0.510939 0.425817
v 0.755773 -0.480129 0.435544
v 0.777694 0.118033 0.515057
v 0.751032 -0.491350 0.431339
v 0.751947 -0.530332 0.387004
v 0.750840 -0.491193 0.431165
v 0.765595 -0.582233 0.282068
v 0.780291 -0.424859 0.444692
v 0.751158 -0.583524 0.305679
v 0.751357 -0.583724 0.305804
v 0.752466 -0.530845 0.387391
v 0.751281 -0.657914 0.189839
v 0.756007 -0.658338 0.177758
v 0.755369 -0.479835 0.435186
v 0.765625 -0.582261 0.282084
v 0.759243 -0.536541 0.368893
v 0.759105 -0.466115 0.440787
v 0.757812 -0.470704 0.440156
v 0.760301 -0.471520 0.436768
v 0.760488 -0.470536 0.436049
v 0.763448 -0.466830 0.436702
v 0.763448 -0.466830 0.436702
v 0.764277 -0.458745 0.441099
v 0.766522 -0.454712 0.441446
v 0.779152 -0.432282 0.441359
v 0.761610 0.656028 0.517386
v 0.763194 0.654396 0.517581
v 0.770485 -0.575279 0.286093
v 0.770250 -0.575042 0.285968
v 0.784336 -0.401675 0.451047
v 0.767095 0.655056 0.514414
v 0.787090 -0.658536 0.061988
v 0.786839 -0.660299 -0.047479
v 0.786470 -0.657600 0.061166
v 0.774148 -0.545353 0.333048
v 0.772965 -0.540762 0.341805
v 0.806989 -0.477110 0.375923
v 0.771332 -0.546162 0.336486
v 0.771332 -0.546162 0.336486
v 0.774305 -0.546757 0.330263
v 0.785099 -0.569236 0.270001
v 0.781605 -0.559588 0.295568
v 0.781596 -0.559579 0.295563
v 0.775209 -0.539787 0.340618
v 0.780282 -0.429606 0.441852
v 0.783309 -0.549521 0.311173
v 0.776765 -0.540808 0.339960
v 0.786788 -0.386898 0.453715
v 0.792548 -0.333098 0.465765
v 0.801111 -0.597293 -0.177641
v 0.783212 -0.567068 0.277848
v 0.780588 -0.422628 0.443904
v 0.807492 0.626194 0.484557
v 0.782936 -0.549885 0.310439
v 0.783791 -0.401458 0.450566
v 0.789517 -0.358734 0.460946
v 0.787095 -0.660454 -0.046724
v 0.786550 -0.567092 0.271424
v 0.783216 -0.567072 0.277850
v 0.789194 -0.553882 0.291561
v 0.788862 -0.554130 0.292536
v 0.787752 -0.553310 0.296172
v 0.791804 -0.548734 0.297414
v 0.785921 -0.386590 0.452965
v 0.789528 -0.549000 0.300970
v 0.789753 -0.358805 0.461154
v 0.789917 -0.339926 0.465561
v 0.788146 -0.341604 0.468012
v 0.796270 -0.300972 0.468264
v 0.793634 -0.279668 0.474654
v 0.809384 0.447195 0.483623
v 0.818690 -0.604827 -0.074176
v 0.791099 -0.561820 0.273098
v 0.791929 -0.562221 0.270924
v 0.832593 -0.389475 0.397611
v 0.790035 -0.370556 0.456708
v 0.790123 -0.370584 0.456786
v 0.793204 -0.335429 0.465431
v 0.792519 -0.550213 0.293216
v 0.793736 -0.551348 0.288760
v 0.796164 -0.300956 0.468171
v 0.793383 -0.291058 0.472888
v 0.796326 -0.290571 0.468695
v 0.796341 -0.556669 0.273184
v 0.796950 -0.555485 0.274287
v 0.794921 -0.283043 0.472695
v 0.800026 -0.261153 0.469668
v 0.806781 -0.605702 0.124132
v 0.801944 -0.241993 0.469875
v 0.809714 0.469475 0.482961
v 0.821970 -0.605542 0.029330
v 0.800283 -0.279712 0.466531
v 0.800490 -0.278892 0.467028
v 0.801209 -0.264059 0.468376
v 0.807906 -0.137239 0.471267
v 0.800879 -0.127415 0.479985
v 0.806421 -0.052584 0.477942
v 0.808212 0.586544 0.484659
v 0.801737 -0.235815 0.471155
v 0.803768 -0.130555 0.476635
v 0.808117 0.641908 0.478818
v 0.836313 -0.311018 0.419228
v 0.806220 -0.205697 0.468765
v 0.806447 -0.205713 0.468961
v 0.806525 -0.151408 0.471976
v 0.806655 -0.151416 0.472091
v 0.809118 -0.548014 0.264870
v 0.809386 -0.548198 0.264470
v 0.807392 -0.547021 0.270390
v 0.806072 -0.163364 0.472103
v 0.806132 -0.163367 0.472155
v 0.808500 -0.109105 0.472382
v 0.806617 -0.102404 0.475060
v 0.808015 -0.106607 0.473262
v 0.809503 -0.033549 0.475249
v 0.806627 0.004011 0.479640
v 0.807566 0.008248 0.478651
v 0.810560 0.031677 0.476731
v 0.809003 0.065373 0.479534
v 0.810565 0.143247 0.479676
v 0.809631 0.285649 0.482320
v 0.810719 0.395191 0.481209
v 0.810127 0.505968 0.482145
v 0.807234 0.626162 0.484323
v 0.807048 -0.138840 0.472362
v 0.807630 -0.133248 0.472122
v 0.807630 -0.133248 0.472122
v 0.807021 -0.051720 0.477332
v 0.808146 -0.010621 0.477872
v 0.810556 0.006653 0.475836
v 0.807596 0.067055 0.481115
v 0.807850 0.105673 0.481964
v 0.807994 0.105672 0.482090
v 0.807678 0.411792 0.485240
v 0.811247 0.544813 0.481160
v 0.808088 0.586544 0.484550
v 0.808053 0.637905 0.480909
v 0.809660 0.637527 0.479188
v 0.807222 0.650328 0.475253
v 0.807566 0.651319 0.474027
v 0.806568 0.652248 0.474412
v 0.806248 0.653249 0.473773
v 0.807892 -0.546868 0.270001
v 0.810704 -0.069324 0.472539
v 0.810105 -0.066463 0.472952
v 0.810257 -0.028105 0.474643
v 0.810579 0.143248 0.479690
v 0.810301 0.183616 0.480514
v 0.810374 0.183614 0.480579
v 0.810728 0.230173 0.479977
v 0.811202 0.230169 0.480394
v 0.808536 0.253880 0.483509
v 0.808506 0.253880 0.483481
v 0.809663 0.285648 0.482348
v 0.809618 0.350676 0.482537
v 0.811434 0.388163 0.480704
v 0.812129 0.436614 0.479413
v 0.811112 0.440335 0.481090
v 0.809631 0.469474 0.482887
v 0.809345 0.506693 0.483136
v 0.811209 0.544813 0.481126
v 0.809524 0.651556 0.471576
v 0.808586 0.652152 0.472154
v 0.808586 0.652152 0.472154
v 0.810450 -0.047198 0.473572
v 0.810445 0.064542 0.478048
v 0.812462 0.269306 0.478950
v 0.812518 0.269306 0.478999
v 0.810074 0.636504 0.479084
v 0.811671 0.637938 0.476416
v 0.811394 0.650949 0.469893
v 0.859152 0.140253 0.420084
v 0.813289 0.501545 0.478817
v 0.813504 0.637916 0.474640
v 0.812054 0.650996 0.469100
v 0.825321 0.654668 0.449918
v 0.837689 -0.492517 0.305816
v 0.888489 -0.506300 0.160816
v 0.889282 -0.434597 0.266031
v 0.843185 -0.112489 0.430430
v 0.857947 0.634247 0.422297
v 0.902340 -0.513155 0.051433
v 0.907417 -0.509646 -0.048489
v 0.858802 0.654896 0.402445
v 0.891768 -0.244944 0.342885
v 0.907156 -0.359157 0.280706
v 0.904730 0.635590 0.346713
v 0.930889 -0.025810 0.288376
v 0.924988 0.214170 0.307059
v 0.928098 -0.447159 -0.136946
v 0.939620 -0.264269 0.235337
v 0.936036 -0.403964 0.158241
v 0.922500 0.641252 0.311171
v 0.942288 -0.436974 0.064623
v 0.957525 -0.403589 -0.025154
v 0.971571 -0.286142 0.118606
v 0.970278 0.238530 0.192601
v 0.970909 0.630882 0.185344
v 0.979913 -0.037958 0.139496
v 0.975050 -0.335343 0.034992
v 0.980325 -0.236582 -0.084325
v 0.998095 0.636661 -0.041825
v 0.986879 0.018387 -0.111030
v 0.988410 -0.201194 0.009496
v 0.998210 0.167412 0.061306
v 0.993914 0.630099 0.082021
v -0.372364 -0.363930 -0.141896
vn -0.9422 -0.0429 -0.3323
vn -0.9956 -0.0794 0.0497
vn -0.9912 0.1090 -0.0752
vn -0.9018 0.1318 0.4116
vn -0.9021 -0.1592 0.4012
vn -0.9099 -0.2845 -0.3019
vn -0.9447 -0.3258 0.0378
vn -0.9086 0.2904 -0.3000
vn -0.9470 0.3150 0.0629
vn -0.9238 0.1102 -0.3666
vn -0.8753 -0.0261 0.4828
vn -0.8987 -0.1424 -0.4149
vn -0.8533 -0.0434 -0.5196
vn -0.8024 -0.0152 -0.5966
vn -0.8528 -0.3787 0.3595
vn -0.8738 0.1662 -0.4569
vn -0.8975 -0.1631 -0.4098
vn -0.7619 0.0307 0.6470
vn -0.7996 0.3185 0.5090
vn -0.7605 -0.1341 0.6353
vn -0.8718 0.1746 -0.4577
vn -0.8693 -0.1846 -0.4586
vn -0.5088 -0.0950 -0.8556
vn -0.6834 -0.0814 -0.7255
vn -0.4539 0.0172 -0.8909
vn -0.7956 0.1453 -0.5882
vn -0.8739 0.1372 -0.4664
vn -0.8491 0.3890 0.3574
vn -0.8004 0.0724 -0.5951
vn -0.8270 0.2297 -0.5131
vn -0.8321 -0.2160 -0.5108
vn -0.7653 -0.1856 0.6164
vn -0.4351 0.0120 0.9003
vn -0.5329 0.1042 0.8398
vn -0.8430 0.1475 0.5173
vn -0.5832 0.1466 -0.7990
vn -0.6172 0.0954 0.7810
vn -0.8166 0.2904 -0.4988
vn -0.8417 0.5365 -0.0610
vn -0.9160 -0.1777 -0.3597
vn -0.3304 -0.0915 -0.9394
vn -0.5761 0.1471 -0.8040
vn -0.8146 -0.2754 -0.5105
vn -0.8180 -0.2485 0.5188
vn -0.3884 0.1284 -0.9125
vn -0.8046 0.2464 0.5403
vn -0.3703 -0.1952 -0.9082
vn -0.8128 0.3145 -0.4903
vn -0.8422 -0.5301 -0.0983
vn -0.8083 -0.3255 -0.4907
vn -0.4714 -0.1710 -0.8652
vn 0.1865 0.0136 -0.9824
vn -0.8348 0.3937 -0.3849
vn -0.7213 -0.3284 -0.6099
vn -0.8014 -0.5123 0.3086
vn -0.8041 -0.3136 -0.5051
vn -0.4837 -0.1364 -0.8646
vn -0.7508 -0.2606 0.6069
vn -0.7412 -0.2649 0.6168
vn -0.4392 0.1456 -0.8865
vn -0.8343 -0.3729 -0.4061
vn -0.7598 0.4782 -0.4405
vn -0.8353 -0.4676 -0.2893
vn -0.3354 0.1855 -0.9236
vn -0.6072 0.2799 -0.7436
vn -0.7788 0.3074 0.5468
vn -0.7253 0.3953 0.5637
vn -0.5741 -0.2251 -0.7872
vn -0.7532 0.5378 0.3786
vn 0.3926 -0.0638 -0.9175
vn -0.7912 0.3875 0.4731
vn -0.8189 0.3706 -0.4382
vn -0.6337 0.3491 -0.6904
vn 0.8485 -0.0401 -0.5277
vn -0.7578 -0.4564 0.4663
vn -0.7338 -0.3464 0.5844
vn 0.3609 0.0224 -0.9323
vn -0.7152 0.3984 0.5742
vn -0.6391 -0.3577 -0.6809
vn 0.4309 0.0795 -0.8989
vn 0.9388 -0.1995 0.2810
vn 0.6798 -0.1674 -0.7140
vn -0.6130 0.3794 -0.6930
vn -0.7259 0.6019 -0.3329
vn 0.2716 -0.1347 -0.9529
vn 0.1623 0.0870 -0.9829
vn 0.9028 0.2914 -0.3163
vn -0.6441 0.4687 0.6045
vn -0.7124 -0.1602 0.6832
vn 0.9019 0.1793 -0.3930
vn 0.3808 -0.0712 -0.9219
vn 0.9029 -0.2510 -0.3490
vn -0.7622 0.3308 0.5565
vn -0.7647 -0.5819 -0.2768
vn 0.6774 0.4003 -0.6172
vn -0.5591 0.4059 -0.7229
vn -0.5769 -0.3875 -0.7190
vn 0.5806 0.2081 -0.7872
vn 0.6395 -0.2444 -0.7289
vn -0.6074 -0.4149 -0.6774
vn -0.6740 -0.3873 -0.6290
vn -0.6998 -0.4957 0.5143
vn -0.6239 -0.3925 0.6758
vn -0.3431 -0.2882 0.8940
vn 0.3304 0.1441 -0.9328
vn -0.7639 -0.6342 0.1196
vn 0.4560 -0.2373 -0.8578
vn -0.5484 0.3994 0.7347
vn -0.4886 0.3787 0.7861
vn -0.3591 0.2661 0.8946
vn -0.7730 0.5274 -0.3526
vn -0.3447 -0.2910 -0.8925
vn 0.8652 0.1687 0.4722
vn 0.8786 0.2700 0.3938
vn 0.9151 0.2721 0.2976
vn -0.7424 0.6632 0.0945
vn 0.6184 0.2123 -0.7566
vn -0.5168 0.4093 -0.7519
vn -0.7871 0.6080 -0.1040
vn -0.7066 -0.4701 0.5289
vn -0.6822 -0.5200 0.5140
vn 0.4493 0.1852 -0.8740
vn 0.2016 -0.1935 -0.9602
vn -0.2956 0.3414 -0.8922
vn -0.6848 0.5294 -0.5007
vn -0.6241 0.5742 0.5299
vn 0.6406 -0.4453 -0.6255
vn -0.7013 0.6689 0.2463
vn -0.6343 -0.4300 -0.6424
vn -0.7429 0.6583 -0.1214
vn 0.3166 0.1678 -0.9336
vn -0.7422 0.6597 -0.1183
vn -0.7772 -0.5916 -0.2142
vn -0.7446 0.6638 -0.0702
vn 0.9033 0.3912 0.1761
vn 0.7619 0.4629 0.4530
vn 0.6832 0.5929 0.4262
vn 0.5508 -0.3266 -0.7681
vn -0.5816 0.5492 -0.6000
vn -0.7339 0.6697 -0.1130
vn 0.3393 0.2099 -0.9170
vn -0.5109 0.5422 -0.6671
vn -0.7174 0.6024 -0.3498
vn -0.6236 0.7656 0.1584
vn -0.6712 -0.7397 -0.0474
vn -0.7726 -0.6279 -0.0940
vn -0.3633 0.3108 -0.8783
vn -0.6076 0.5356 0.5864
vn -0.6511 0.7151 0.2544
vn -0.5884 0.8056 -0.0685
vn -0.8804 0.4732 0.0314
vn -0.6239 0.7727 0.1171
vn -0.6849 -0.5950 0.4206
vn -0.6487 -0.4465 0.6163
vn 0.4398 -0.3106 -0.8427
vn -0.8848 0.4563 -0.0947
vn -0.8389 0.5272 -0.1353
vn -0.6396 0.7552 -0.1435
vn 0.8220 0.4001 0.4052
vn 0.7312 0.4644 0.4998
vn -0.5907 0.6557 -0.4703
vn -0.6818 -0.5683 -0.4606
vn -0.3972 -0.3211 -0.8597
vn -0.6220 0.6125 0.4878
vn -0.6270 0.6172 0.4753
vn -0.4683 0.3504 -0.8111
vn -0.5078 0.5796 -0.6373
vn -0.7521 -0.6429 0.1451
vn -0.7018 -0.5831 0.4093
vn -0.6481 0.6418 0.4100
vn -0.6173 -0.7191 -0.3191
vn -0.7013 -0.6299 -0.3338
vn -0.6854 -0.6610 -0.3055
vn -0.6785 -0.5980 -0.4267
vn -0.6987 -0.6219 -0.3536
vn -0.7114 -0.5129 -0.4804
vn -0.4728 0.8756 -0.0993
vn -0.7072 -0.6899 0.1549
vn -0.7344 -0.6619 0.1501
vn -0.8156 -0.5386 0.2112
vn -0.2695 -0.2694 -0.9245
vn 0.3307 0.2098 -0.9201
vn -0.6274 -0.7178 0.3019
vn -0.6974 -0.6523 0.2969
vn -0.6982 -0.6916 0.1851
vn -0.7088 -0.6561 0.2590
vn -0.6538 -0.6459 -0.3942
vn -0.5412 -0.4739 0.6946
vn -0.5712 -0.5290 0.6276
vn -0.6860 -0.5876 0.4291
vn -0.5913 -0.3846 -0.7088
vn 0.1616 0.0791 -0.9837
vn 0.7723 0.4810 -0.4149
vn 0.3254 0.2024 -0.9236
vn 0.4724 -0.3045 -0.8271
vn 0.3874 -0.3446 -0.8551
vn 0.4034 -0.4347 -0.8052
vn -0.6874 -0.6602 0.3027
vn -0.6385 -0.6303 0.4416
vn -0.7267 -0.6101 0.3157
vn -0.6511 -0.6414 0.4058
vn 0.4834 0.3872 -0.7851
vn 0.7635 0.5182 0.3855
vn 0.6751 0.5665 -0.4725
vn 0.7014 0.6255 -0.3416
vn 0.0717 -0.3156 -0.9462
vn -0.5321 0.8248 -0.1916
vn -0.4392 0.5715 0.6932
vn -0.4209 0.4786 0.7706
vn -0.2193 0.3011 0.9280
vn -0.5897 -0.6271 -0.5090
vn -0.5573 0.7605 0.3333
vn -0.4738 0.7620 0.4415
vn -0.4512 0.8484 0.2767
vn -0.5693 0.7637 0.3046
vn -0.2256 0.4166 -0.8806
vn -0.5899 -0.6387 -0.4941
vn 0.3097 0.2757 -0.9100
vn 0.5374 0.5555 0.6346
vn 0.5180 0.4089 -0.7513
vn -0.5068 0.7998 0.3216
vn -0.6253 -0.6343 0.4546
vn -0.6003 -0.6408 0.4787
vn -0.5881 -0.6043 0.5376
vn -0.4872 0.7951 0.3610
vn -0.4950 0.6565 -0.5692
vn 0.5998 -0.7957 -0.0846
vn 0.4213 -0.4511 0.7868
vn -0.4140 0.5226 0.7453
vn -0.5495 0.7828 0.2919
vn -0.3153 0.3730 0.8726
vn 0.7648 0.5099 0.3937
vn -0.6607 -0.5321 0.5296
vn 0.7009 0.5237 0.4841
vn -0.3224 0.3765 -0.8685
vn 0.4037 -0.5930 0.6967
vn -0.3900 0.8574 -0.3359
vn -0.5869 -0.6394 0.4966
vn 0.7656 0.6324 -0.1183
vn -0.5298 0.8471 -0.0422
vn 0.6109 0.4190 -0.6717
vn 0.6735 0.6721 -0.3076
vn 0.6488 0.6154 -0.4476
vn 0.6748 -0.6088 -0.4171
vn 0.5381 -0.7430 -0.3981
vn 0.4090 -0.8370 -0.3634
vn -0.3232 0.6407 0.6965
vn -0.5072 -0.5315 -0.6784
vn -0.5334 -0.5686 -0.6262
vn 0.2170 0.2891 -0.9324
vn -0.5562 -0.6409 -0.5291
vn 0.6222 0.5450 -0.5619
vn 0.6247 0.6626 -0.4132
vn 0.8197 0.5640 0.1001
vn 0.7298 0.6020 0.3240
vn 0.7798 0.5937 0.1986
vn 0.6504 0.7154 -0.2554
vn -0.1405 0.0607 0.9882
vn 0.5333 -0.7359 -0.4172
vn 0.5536 -0.6883 -0.4688
vn 0.5379 -0.6771 -0.5022
vn -0.1330 0.1367 -0.9816
vn 0.6641 0.4713 -0.5804
vn 0.6586 0.4862 -0.5743
vn 0.6675 0.4662 -0.5806
vn 0.1803 -0.2264 0.9572
vn 0.6033 0.6544 -0.4558
vn 0.5904 0.6106 -0.5278
vn 0.6350 0.6444 -0.4260
vn 0.5677 0.6992 -0.4346
vn -0.5883 -0.5760 -0.5675
vn -0.3745 0.7802 0.5011
vn 0.6927 0.6444 0.3239
vn 0.8679 -0.1350 -0.4781
vn 0.8703 -0.1541 -0.4678
vn 0.8692 -0.1428 -0.4734
vn 0.7087 0.6822 0.1798
vn 0.7625 0.5877 0.2705
vn 0.7008 0.6255 0.3429
vn 0.7334 0.6754 -0.0771
vn 0.7333 0.6548 -0.1832
vn -0.4646 -0.5249 -0.7132
vn 0.5999 0.7894 -0.1303
vn -0.4504 0.5894 0.6706
vn 0.7851 0.6193 -0.0140
vn -0.5797 -0.8136 0.0441
vn -0.7278 -0.6818 -0.0739
vn -0.4485 -0.5606 -0.6961
vn -0.1966 -0.2466 0.9490
vn -0.2627 -0.3604 0.8950
vn -0.4588 0.5091 -0.7282
vn -0.1987 0.3861 -0.9008
vn 0.6783 0.7314 0.0701
vn 0.6733 0.7361 0.0692
vn 0.5885 0.8018 -0.1040
vn 0.1754 0.3238 -0.9297
vn 0.5830 0.5963 -0.5518
vn 0.4678 0.5847 -0.6627
vn 0.5960 0.7091 0.3767
vn -0.4629 -0.5242 -0.7149
vn 0.3730 0.5318 -0.7603
vn 0.2787 0.4017 -0.8724
vn 0.5604 0.6287 0.5391
vn 0.4219 0.5770 0.6994
vn 0.5497 -0.6600 0.5121
vn 0.3227 -0.5629 -0.7609
vn -0.3573 0.8162 0.4541
vn -0.2548 0.4404 0.8608
vn -0.1121 0.2312 -0.9664
vn -0.0801 0.2637 -0.9613
vn 0.4275 0.5032 -0.7510
vn 0.1050 0.0183 -0.9943
vn 0.4141 0.5025 0.7589
vn 0.2784 0.3688 0.8869
vn 0.5262 0.5935 0.6090
vn -0.1937 0.9810 -0.0115
vn 0.5032 0.4732 -0.7231
vn 0.5552 0.8062 0.2045
vn 0.2832 -0.9477 0.1472
vn -0.2335 0.9011 -0.3655
vn 0.1271 -0.4108 -0.9028
vn -0.5795 -0.6333 -0.5130
vn -0.1990 -0.2797 -0.9392
vn 0.2976 -0.5435 -0.7849
vn 0.3924 0.6032 -0.6944
vn 0.3712 0.5077 -0.7775
vn -0.6198 -0.7143 -0.3251
vn -0.3479 -0.4293 -0.8335
vn 0.1215 -0.4166 -0.9010
vn -0.0498 0.2814 -0.9583
vn -0.2578 0.8497 0.4599
vn 0.4026 0.5027 0.7650
vn -0.2406 0.7069 -0.6652
vn -0.1565 0.3632 0.9185
vn 0.5661 0.7284 -0.3860
vn 0.1372 -0.8222 -0.5525
vn 0.3723 -0.8184 -0.4377
vn 0.2329 -0.6352 -0.7364
vn 0.1319 0.2828 -0.9501
vn 0.5643 0.7402 0.3656
vn 0.0729 -0.3006 -0.9509
vn -0.4870 -0.6936 -0.5307
vn 0.5124 0.7695 -0.3812
vn -0.0546 -0.0751 -0.9957
vn 0.0037 -0.2993 -0.9542
vn 0.4076 0.5793 0.7059
vn 0.4944 0.6797 0.5419
vn 0.0683 -0.4032 -0.9126
vn 0.3633 0.4852 -0.7954
vn -0.1667 0.6186 0.7679
vn -0.1939 0.8158 0.5449
vn -0.1542 0.8834 0.4425
vn -0.1651 0.7925 0.5871
vn 0.4164 0.5334 0.7363
vn 0.2459 0.4525 0.8572
vn -0.4936 -0.7958 -0.3508
vn -0.5172 -0.7264 -0.4526
vn -0.4929 -0.7335 -0.4680
vn 0.2880 0.2750 -0.9173
vn -0.2828 -0.4107 -0.8668
vn -0.5174 -0.8350 0.1876
vn -0.3436 -0.5435 -0.7659
vn -0.4300 -0.5915 -0.6821
vn -0.3244 -0.4093 -0.8528
vn -0.0697 0.9607 0.2686
vn -0.3226 -0.4230 0.8468
vn 0.4775 0.7887 0.3872
vn 0.0690 0.3794 -0.9226
vn -0.0444 0.9476 -0.3163
vn -0.4348 -0.5638 -0.7022
vn 0.4089 0.5686 -0.7138
vn 0.4270 0.8380 -0.3397
vn 0.0633 -0.4629 -0.8842
vn 0.3633 0.4831 -0.7966
vn -0.1528 0.8548 -0.4960
vn 0.4475 0.7498 -0.4873
vn 0.0594 -0.6355 -0.7698
vn -0.1528 0.8786 -0.4525
vn 0.3295 0.4306 -0.8403
vn 0.1885 -0.9765 -0.1043
vn 0.1819 -0.8843 -0.4301
vn -0.0964 -0.9221 -0.3747
vn -0.3246 -0.8179 -0.4751
vn 0.1878 0.1672 0.9679
vn 0.2808 0.4269 0.8596
vn 0.0043 0.7335 -0.6797
vn -0.4809 -0.8758 -0.0418
vn -0.4567 -0.8289 0.3229
vn 0.3664 0.5214 -0.7707
vn 0.0168 -0.1928 -0.9811
vn 0.0223 -0.2876 -0.9575
vn 0.0425 -0.9803 0.1927
vn 0.1479 0.4598 -0.8756
vn -0.0769 0.7616 -0.6434
vn 0.4262 0.5706 -0.7020
vn 0.4498 0.7411 -0.4984
vn -0.0606 0.3844 -0.9212
vn -0.4480 -0.7033 -0.5520
vn -0.1428 -0.1153 -0.9830
vn -0.4370 -0.6965 -0.5692
vn 0.4131 0.8078 -0.4206
vn 0.3908 0.8047 0.4469
vn 0.4346 0.6743 0.5971
vn 0.4247 0.7115 0.5598
vn 0.4468 0.8272 0.3408
vn -0.1082 0.9700 -0.2179
vn -0.3801 -0.6070 -0.6979
vn -0.3980 -0.6007 -0.6934
vn -0.1993 -0.2691 -0.9423
vn 0.2288 0.5574 -0.7981
vn 0.0101 -0.3587 0.9334
vn 0.4179 0.7621 -0.4945
vn -0.0807 0.8272 -0.5561
vn -0.0970 0.8698 0.4838
vn 0.0437 0.9235 0.3810
vn 0.4408 0.7400 0.5080
vn 0.4284 0.7609 0.4873
vn 0.3998 0.9166 0.0033
vn 0.2235 0.4354 -0.8721
vn 0.3837 0.7931 0.4731
vn 0.4197 0.9060 0.0544
vn 0.4031 0.8726 -0.2757
vn 0.3431 0.6872 0.6403
vn -0.4282 -0.7122 -0.5562
vn -0.4210 -0.7533 -0.5052
vn 0.3992 0.8112 0.4273
vn 0.4846 0.7487 0.4523
vn 0.0035 0.3202 -0.9473
vn -0.0282 0.3121 0.9496
vn -0.0690 0.1889 0.9796
vn -0.0218 0.2998 0.9538
vn 0.0137 0.0090 0.9999
vn 0.0893 0.9936 0.0685
vn 0.2791 0.7295 0.6245
vn -0.0013 0.8448 -0.5351
vn 0.4245 0.8040 -0.4163
vn 0.3136 0.8072 -0.5001
vn 0.0824 0.9246 -0.3719
vn 0.4156 0.8379 -0.3538
vn 0.3127 0.8003 -0.5116
vn 0.3769 0.8956 0.2364
vn -0.1549 -0.1337 -0.9788
vn 0.2961 0.7355 0.6094
vn 0.0216 0.8309 -0.5560
vn -0.0199 0.5394 -0.8418
vn 0.2896 0.8904 0.3513
vn 0.3251 0.7575 0.5662
vn -0.0501 -0.8903 0.4526
vn 0.3037 0.7840 -0.5414
vn -0.3890 -0.8141 -0.4312
vn -0.3898 -0.6528 -0.6495
vn 0.0525 0.7565 0.6518
vn 0.0997 0.8795 0.4653
vn -0.4155 -0.7365 -0.5337
vn 0.3302 0.9254 -0.1859
vn 0.2651 0.9148 -0.3046
vn 0.2711 0.4509 -0.8504
vn 0.1408 0.9373 -0.3187
vn 0.3061 0.6244 0.7186
vn 0.2491 0.8680 -0.4296
vn -0.0859 -0.3426 0.9356
vn -0.3002 -0.4677 -0.8313
vn -0.3387 -0.5450 -0.7670
vn 0.2934 0.8774 0.3795
vn 0.2745 0.7863 -0.5535
vn -0.3062 -0.9150 -0.2627
vn -0.3690 -0.6197 -0.6927
vn -0.0237 0.3766 -0.9261
vn -0.0129 0.4776 -0.8785
vn 0.4051 0.8913 -0.2036
vn 0.2067 0.9032 -0.3762
vn -0.3545 -0.7846 -0.5087
vn -0.1964 -0.5386 -0.8194
vn 0.0683 0.2789 -0.9579
vn 0.3144 0.7761 0.5467
vn -0.3355 -0.4376 -0.8342
vn -0.0089 0.2388 -0.9710
vn 0.1143 0.7431 -0.6594
vn 0.2552 0.8453 0.4695
vn 0.0321 0.6509 0.7585
vn 0.1413 0.7719 0.6198
vn 0.1040 0.5778 -0.8095
vn -0.2861 -0.1753 -0.9420
vn 0.0824 0.8142 -0.5747
vn -0.3486 -0.5684 -0.7452
vn 0.1619 0.9828 0.0887
vn 0.0099 0.7544 -0.6564
vn -0.2561 0.0418 -0.9658
vn 0.2350 0.8373 -0.4937
vn -0.0490 0.3442 -0.9376
vn -0.4573 -0.8310 0.3167
vn -0.5521 -0.7394 0.3854
vn -0.5478 -0.6777 0.4905
vn 0.1823 0.6029 -0.7767
vn 0.2943 0.8488 0.4392
vn -0.8268 -0.5569 -0.0785
vn -0.6704 -0.7333 0.1135
vn -0.6387 -0.7244 -0.2596
vn -0.4533 -0.7021 -0.5492
vn -0.5727 -0.7010 -0.4249
vn -0.5450 -0.7651 0.3430
vn -0.6142 -0.7616 0.2067
vn 0.1539 0.6785 -0.7183
vn 0.2793 0.8484 -0.4496
vn -0.8985 -0.4390 0.0045
vn -0.8548 0.5181 -0.0306
vn -0.8564 -0.5078 -0.0934
vn 0.2140 0.8185 0.5332
vn -0.9808 -0.1174 -0.1556
vn -0.7049 -0.6990 0.1207
vn 0.1498 0.7633 0.6285
vn -0.8273 -0.5588 -0.0576
vn -0.9149 -0.4026 0.0281
vn -0.8275 -0.5612 0.0182
vn -0.6649 -0.6770 -0.3156
vn -0.6636 -0.6752 -0.3220
vn -0.6639 -0.6781 -0.3154
vn -0.3088 -0.5069 -0.8048
vn -0.2867 0.1127 -0.9514
vn -0.4325 -0.2752 -0.8586
vn -0.8145 -0.5695 0.1111
vn -0.7451 -0.6353 0.2030
vn -0.2750 -0.8264 0.4914
vn -0.3315 -0.5770 -0.7465
vn -0.6706 -0.6291 -0.3931
vn 0.0666 0.8421 -0.5352
vn 0.0635 0.5652 -0.8225
vn -0.2579 -0.8376 0.4816
vn -0.6142 -0.5940 0.5196
vn -0.3888 -0.7648 0.5137
vn 0.2160 0.8244 0.5231
vn -0.7303 -0.5897 0.3449
vn -0.8288 -0.3809 -0.4099
vn -0.7097 -0.6510 -0.2694
vn -0.7520 -0.5490 -0.3648
vn -0.6628 -0.6687 -0.3370
vn -0.6769 -0.6467 -0.3515
vn -0.6656 -0.7463 -0.0064
vn -0.7506 -0.4197 -0.5104
vn -0.4584 -0.0633 -0.8865
vn -0.8078 -0.4268 0.4066
vn 0.1990 0.8535 -0.4815
vn -0.8063 -0.5503 -0.2170
vn 0.0164 0.4998 0.8660
vn 0.0425 0.5444 -0.8377
vn 0.2633 0.8797 -0.3960
vn -0.4252 -0.7988 -0.4256
vn -0.4978 -0.8471 -0.1859
vn -0.9117 -0.2863 -0.2947
vn -0.0735 0.2015 0.9767
vn 0.5177 0.6006 0.6093
vn 0.1021 0.9494 -0.2969
vn 0.1619 0.7813 0.6028
vn -0.5519 -0.2291 -0.8018
vn 0.1665 0.8533 0.4942
vn -0.3021 -0.3624 -0.8817
vn 0.1821 0.6672 -0.7222
vn 0.0351 0.6298 -0.7759
vn 0.1489 0.5771 0.8030
vn 0.0302 0.4562 0.8894
vn 0.1891 0.7088 0.6796
vn -0.9323 -0.3368 0.1318
vn 0.0521 0.8822 0.4680
vn -0.9332 -0.3256 -0.1521
vn 0.0367 0.9238 0.3811
vn 0.1601 0.8593 -0.4858
vn -0.8609 -0.2699 -0.4312
vn 0.1966 0.2333 -0.9523
vn -0.5461 -0.1283 -0.8278
vn -0.3608 0.9300 0.0699
vn -0.1418 0.3273 0.9342
vn -0.5314 -0.1073 -0.8403
vn -0.5039 -0.7551 -0.4195
vn -0.6836 -0.3933 0.6148
vn 0.0700 0.7316 -0.6781
vn 0.2812 0.8386 0.4665
vn -0.9129 -0.2691 0.3070
vn 0.3227 0.1319 0.9373
vn -0.8455 -0.1427 -0.5146
vn -0.6571 -0.0995 -0.7472
vn 0.1691 0.8501 -0.4988
vn -0.1512 0.3128 -0.9377
vn -0.0384 0.9688 -0.2450
vn 0.0931 0.0888 0.9917
vn -0.8910 -0.1934 -0.4109
vn -0.6735 -0.1019 -0.7321
vn -0.7882 -0.0856 -0.6094
vn 0.0230 0.7182 -0.6954
vn 0.0151 0.6902 0.7235
vn -0.0375 0.3084 0.9505
vn -0.0123 0.4790 0.8777
vn -0.2474 0.4592 -0.8532
vn -0.8975 -0.4256 -0.1159
vn -0.8892 -0.2544 -0.3802
vn -0.2028 0.5308 -0.8229
vn -0.9107 -0.2366 -0.3386
vn -0.8777 -0.1793 -0.4445
vn -0.0990 0.0206 -0.9949
vn -0.9012 -0.3018 -0.3110
vn 0.0001 0.5477 -0.8366
vn -0.9026 -0.4292 -0.0325
vn 0.9593 0.2458 -0.1388
vn -0.4352 -0.1163 -0.8928
vn -0.8420 -0.4467 0.3023
vn -0.4575 -0.0777 0.8858
vn 0.1742 0.8641 0.4722
vn -0.8498 -0.4081 -0.3334
vn -0.8149 -0.3832 -0.4348
vn 0.1689 0.8764 -0.4510
vn -0.8766 -0.4781 0.0550
vn -0.8669 -0.4770 0.1444
vn -0.8741 -0.4196 -0.2448
vn 0.3803 -0.0840 -0.9210
vn 0.2056 0.8210 0.5326
vn 0.0942 0.6362 0.7657
vn -0.1186 0.3797 0.9175
vn 0.0932 0.6384 0.7640
vn 0.3637 0.3449 -0.8653
vn -0.8560 -0.3674 0.3636
vn -0.1198 0.2147 -0.9693
vn 0.1196 0.8514 -0.5107
vn -0.0968 0.8629 -0.4960
vn -0.8434 -0.4923 0.2154
vn -0.8447 -0.3841 0.3727
vn 0.3056 -0.9325 0.1924
vn -0.8124 -0.4726 -0.3416
vn -0.5469 -0.4620 -0.6982
vn -0.3557 0.2021 0.9125
vn -0.5006 -0.2807 -0.8189
vn 0.8168 -0.5517 0.1687
vn 0.0809 0.8404 -0.5359
vn -0.5533 -0.7781 -0.2973
vn -0.5220 -0.8410 -0.1424
vn -0.5464 -0.8140 -0.1972
vn -0.5207 -0.0519 -0.8522
vn -0.5309 -0.6888 0.4937
vn -0.4980 -0.6409 0.5841
vn -0.5301 -0.5874 0.6115
vn 0.1114 0.7107 -0.6946
vn 0.0763 0.6721 -0.7365
vn -0.5169 -0.7954 0.3164
vn -0.9619 -0.2076 0.1780
vn -0.5565 -0.6621 -0.5020
vn -0.4187 -0.4899 -0.7647
vn -0.4875 -0.5091 -0.7094
vn 0.2433 0.9675 0.0688
vn 0.1418 0.8696 -0.4729
vn -0.2175 0.8843 -0.4132
vn 0.1701 0.8275 0.5351
vn -0.5797 -0.7243 -0.3733
vn -0.5299 -0.6737 -0.5151
vn -0.5191 -0.6960 -0.4962
vn -0.4754 -0.5476 0.6886
vn -0.4654 -0.5159 0.7192
vn -0.4665 -0.4589 0.7562
vn -0.7622 -0.1543 -0.6286
vn -0.3406 0.4933 -0.8004
vn -0.4156 -0.0870 -0.9054
vn -0.3175 -0.7129 -0.6253
vn -0.3864 -0.5245 -0.7587
vn -0.5755 -0.6798 -0.4545
vn -0.5489 -0.4156 -0.7252
vn -0.4580 0.3024 -0.8359
vn 0.0213 0.8227 -0.5681
vn -0.0490 0.8745 0.4825
vn 0.1705 0.7079 -0.6854
vn -0.5808 -0.6328 -0.5121
vn -0.5404 -0.6723 -0.5060
vn -0.4880 -0.4581 0.7430
vn -0.4710 -0.4553 0.7556
vn -0.9428 -0.3333 0.0106
vn -0.1618 -0.2528 -0.9539
vn 0.1613 -0.2089 0.9645
vn -0.1896 0.7790 -0.5976
vn -0.7644 0.6372 0.0984
vn 0.0578 0.8274 -0.5587
vn -0.5528 0.7398 -0.3835
vn -0.1651 0.9438 -0.2864
vn -0.1959 0.9365 -0.2908
vn -0.8245 0.5659 -0.0016
vn -0.1601 0.0062 -0.9871
vn -0.0734 -0.2357 0.9690
vn 0.0245 0.4616 0.8868
vn -0.1234 0.9840 -0.1288
vn -0.1589 0.9161 0.3682
vn -0.3920 0.8986 -0.1973
vn -0.3856 0.8046 0.4515
vn -0.9382 -0.3455 -0.0206
vn -0.6503 0.6477 -0.3969
vn -0.2643 0.9449 -0.1933
vn -0.4972 0.8616 -0.1020
vn -0.8019 0.5957 -0.0464
vn -0.6517 0.7577 -0.0349
vn -0.5312 -0.8390 0.1180
vn -0.5155 -0.8559 0.0413
vn -0.5894 -0.6622 -0.4628
vn -0.9817 0.0617 0.1800
vn -0.7438 0.6529 -0.1430
vn -0.2849 0.7277 -0.6239
vn -0.8347 0.4582 -0.3056
vn -0.6701 0.6399 -0.3761
vn -0.8988 0.4382 -0.0127
vn -0.9674 0.2461 -0.0600
vn -0.9146 0.4041 -0.0171
vn -0.8927 0.4482 -0.0474
vn -0.9859 0.0675 0.1529
vn -0.6531 0.6349 -0.4127
vn 0.9997 0.0082 -0.0240
vn 0.3330 0.9345 0.1258
vn -0.5854 0.7915 0.1759
vn -0.0198 0.7805 0.6249
vn -0.0464 0.9934 0.1053
vn -0.5945 -0.7808 -0.1923
vn -0.5964 -0.7698 -0.2276
vn -0.7563 -0.1307 0.6410
vn -0.9708 0.0313 -0.2380
vn -0.9922 -0.0057 -0.1244
vn -0.9728 0.0312 -0.2297
vn 0.5358 0.6333 0.5584
vn -0.8586 0.2803 0.4292
vn 0.9033 0.3722 0.2134
vn -0.7798 0.5152 0.3557
vn -0.3953 0.7723 -0.4973
vn 0.9893 0.1431 0.0280
vn -0.8744 0.3398 -0.3464
vn -0.9509 0.1312 0.2802
vn -0.4226 0.8676 0.2622
vn -0.8480 0.4534 -0.2743
vn -0.5745 0.6219 -0.5322
vn -0.6903 0.1400 0.7099
vn -0.8549 0.1839 0.4852
vn -0.7628 0.2335 -0.6030
vn -0.8527 0.2193 -0.4741
vn -0.9533 0.1402 -0.2674
vn -0.8655 0.2409 -0.4391
vn -0.9839 -0.1759 -0.0307
vn -0.8639 -0.4790 0.1553
vn -0.9395 -0.3372 -0.0600
vn -0.8677 -0.4679 0.1679
vn -0.9503 -0.2589 0.1730
vn -0.7467 -0.5543 0.3678
vn -0.8778 -0.4501 0.1641
vn -0.9262 -0.1723 0.3353
vn -0.7995 -0.1143 0.5897
vn -0.5522 -0.1335 0.8230
vn -0.6064 0.0971 0.7892
vn 0.4678 0.0040 0.8838
vn -0.0371 0.5651 0.8242
vn -0.0639 0.6074 0.7918
vn -0.9578 -0.1534 -0.2430
vn -0.0948 -0.9913 -0.0913
vn -0.8274 -0.5088 -0.2380
vn -0.8577 -0.4151 -0.3034
vn -0.7868 -0.5262 -0.3226
vn 0.9920 -0.1156 -0.0504
vn -0.7556 -0.2225 -0.6161
vn -0.8888 0.0309 -0.4573
vn -0.6372 0.2835 -0.7167
vn -0.9257 -0.0131 -0.3781
vn -0.9472 0.3194 0.0281
vn 0.0141 -0.1281 -0.9917
vn -0.9508 0.0001 -0.3097
vn -0.8627 -0.0842 -0.4987
vn -0.7754 -0.1874 -0.6030
vn -0.7969 -0.1751 -0.5782
vn -0.7943 -0.1893 -0.5773
vn -0.8465 -0.1102 -0.5209
vn -0.9343 -0.0005 0.3565
vn -0.9574 0.2469 -0.1500
vn -0.9622 0.1815 0.2029
vn -0.7830 -0.3888 0.4856
vn -0.6784 -0.6367 -0.3665
vn -0.4829 -0.4761 -0.7349
vn -0.5757 -0.3726 -0.7279
vn -0.5895 -0.3727 -0.7166
vn -0.8900 0.4472 -0.0891
vn -0.8454 0.5326 -0.0411
vn -0.6293 -0.5826 0.5144
vn -0.5786 -0.6383 0.5077
vn -0.6507 -0.5887 0.4796
vn -0.8303 0.5201 0.2002
vn -0.9819 0.1679 -0.0879
vn -0.5297 0.8466 -0.0518
vn -0.9852 0.1396 0.0990
vn -0.8474 0.5240 0.0854
vn -0.6264 -0.7789 -0.0306
vn -0.7227 -0.6791 0.1288
vn -0.6203 -0.7437 0.2491
vn -0.6337 -0.5986 -0.4900
vn -0.9378 -0.0050 0.3471
vn -0.9172 0.2785 -0.2850
vn -0.8711 0.4572 -0.1792
vn -0.4465 0.8926 -0.0621
vn -0.6011 -0.5343 0.5943
vn -0.1531 0.6583 0.7370
vn -0.2321 0.6027 0.7635
vn -0.0763 0.7540 0.6525
vn -0.7006 0.6828 -0.2071
vn -0.9337 -0.3563 -0.0346
vn -0.5112 0.8578 -0.0539
vn -0.4082 0.9126 -0.0238
vn -0.3002 0.9525 -0.0505
vn -0.1354 0.9907 0.0132
vn -0.6977 -0.6675 0.2603
vn -0.7025 -0.6183 0.3524
vn -0.6254 -0.4516 0.6363
vn -0.9938 -0.0465 -0.1005
vn -0.7726 0.6172 -0.1491
vn -0.9372 0.3212 -0.1362
vn -0.9940 0.1095 -0.0068
vn -0.9786 -0.0655 -0.1951
vn -0.7379 0.6328 0.2347
vn -0.6647 -0.5930 -0.4545
vn 0.4358 0.7623 0.4785
vn -0.5511 0.2725 -0.7887
vn -0.3946 0.8306 -0.3929
vn -0.5460 0.8325 -0.0936
vn -0.9946 0.1025 -0.0163
vn -0.9992 0.0394 0.0088
vn -0.9949 0.0977 0.0262
vn -0.6823 -0.6881 0.2472
vn -0.0506 0.3231 -0.9450
vn -0.2217 0.8157 -0.5342
vn -0.1861 0.7844 -0.5917
vn -0.3065 0.8409 -0.4460
vn -0.6539 0.7017 0.2828
vn -0.8681 0.4964 0.0018
vn -0.9015 0.4327 0.0134
vn -0.9404 -0.0585 -0.3351
vn -0.7366 0.6179 -0.2751
vn -0.0319 0.7420 0.6697
vn -0.8968 0.3881 -0.2126
vn -0.8299 0.4846 -0.2764
vn -0.8899 0.4171 -0.1848
vn -0.9139 0.4015 -0.0601
vn -0.9571 -0.0666 0.2819
vn -0.9187 -0.0120 0.3949
vn -0.5735 0.8127 -0.1028
vn 0.2660 0.1194 -0.9566
vn -0.9090 0.2680 -0.3194
vn -0.8827 0.4253 -0.2001
vn -0.9145 0.2287 -0.3338
vn -0.9651 0.0726 -0.2516
vn -0.6300 0.5978 0.4958
vn -0.9200 0.3714 0.1248
vn -0.7919 0.5695 -0.2203
vn -0.6893 -0.5887 -0.4222
vn -0.7653 -0.5894 -0.2586
vn -0.6513 -0.5234 0.5494
vn -0.5660 -0.3363 -0.7527
vn -0.6989 -0.5044 -0.5071
vn 0.1844 -0.1579 0.9701
vn -0.3762 0.6026 -0.7038
vn -0.3934 0.6946 -0.6024
vn -0.8697 0.2180 0.4428
vn -0.6416 0.5830 0.4985
vn 0.8734 0.4562 0.1707
vn -0.5180 0.8461 -0.1259
vn -0.9637 -0.0627 -0.2595
vn -0.8615 0.2011 -0.4662
vn -0.8170 0.5415 -0.1983
vn -0.7347 0.6535 -0.1819
vn -0.5073 0.8524 -0.1268
vn -0.2955 0.9439 0.1472
vn -0.7395 -0.6488 0.1795
vn -0.7257 -0.6437 0.2429
vn -0.8150 -0.4949 -0.3013
vn -0.9213 -0.0084 -0.3887
vn -0.6981 -0.7116 0.0794
vn -0.7781 0.1831 -0.6008
vn -0.7251 0.2825 -0.6280
vn -0.8704 0.1924 -0.4532
vn -0.8812 0.2961 0.3687
vn -0.7783 0.5862 -0.2250
vn -0.6041 0.7744 -0.1881
vn -0.4621 0.2400 -0.8537
vn -0.7588 0.0597 0.6486
vn -0.8216 0.1837 -0.5397
vn -0.9221 -0.1212 -0.3675
vn -0.8111 0.5047 -0.2956
vn -0.8141 0.5458 -0.1982
vn -0.9030 -0.3670 -0.2232
vn -0.9741 0.0850 -0.2098
vn -0.7444 -0.6670 -0.0313
vn -0.7240 -0.6315 -0.2774
vn -0.7040 -0.6220 -0.3427
vn -0.6681 -0.5214 -0.5308
vn -0.6795 -0.6170 -0.3971
vn -0.6382 -0.7260 -0.2561
vn -0.6476 0.2624 -0.7154
vn -0.5549 0.3593 -0.7503
vn -0.6973 -0.5731 -0.4306
vn -0.6969 -0.5831 -0.4175
vn -0.6183 0.1740 -0.7665
vn -0.6654 0.1461 -0.7320
vn -0.8976 -0.0544 -0.4374
vn 0.4021 0.9151 -0.0294
vn -0.4675 -0.8666 0.1747
vn -0.4892 0.1668 -0.8561
vn -0.9360 -0.1570 -0.3151
vn -0.9082 -0.0359 -0.4170
vn -0.7315 -0.6571 0.1818
vn -0.7319 -0.6571 0.1803
vn -0.7021 -0.6593 0.2692
vn -0.6955 -0.6503 -0.3055
vn -0.5075 -0.8310 -0.2276
vn -0.6975 -0.6103 -0.3755
vn -0.4348 0.2266 -0.8715
vn -0.5171 -0.0918 -0.8510
vn -0.4689 0.2454 -0.8485
vn -0.8881 -0.0814 -0.4523
vn -0.9375 -0.1537 0.3122
vn -0.5231 0.8321 -0.1846
vn -0.9503 -0.0213 -0.3106
vn -0.3169 0.9450 0.0812
vn -0.6709 -0.5031 -0.5448
vn -0.9094 -0.2907 -0.2975
vn -0.1747 0.2572 0.9504
vn -0.3744 0.2016 0.9051
vn -0.9131 -0.0446 0.4053
vn -0.8501 0.2435 -0.4669
vn 0.2836 0.9566 0.0670
vn -0.6392 -0.6399 0.4265
vn -0.7485 -0.0980 -0.6558
vn -0.8746 -0.1219 -0.4692
vn -0.8287 0.4308 -0.3572
vn -0.8140 0.4815 -0.3249
vn -0.6738 -0.6620 -0.3283
vn -0.8605 -0.2690 0.4326
vn 0.9329 0.0412 0.3577
vn -0.2984 0.9429 -0.1476
vn -0.5243 0.8248 0.2117
vn -0.7662 -0.1180 -0.6316
vn -0.7046 0.6647 -0.2484
vn -0.2282 -0.9302 0.2876
vn -0.5545 0.0513 0.8306
vn -0.8945 -0.2984 0.3330
vn -0.7628 0.5756 0.2946
vn -0.5531 -0.6965 -0.4571
vn -0.7298 -0.6216 -0.2845
vn -0.7185 -0.6953 -0.0176
vn -0.3984 0.9149 -0.0646
vn -0.5196 0.8332 -0.1892
vn -0.4383 -0.7447 -0.5032
vn -0.6073 -0.6619 -0.4394
vn -0.6656 -0.2137 -0.7150
vn -0.9179 -0.3961 0.0221
vn -0.9228 -0.3697 -0.1089
vn -0.5186 -0.7220 -0.4581
vn -0.5104 -0.8599 -0.0075
vn -0.3376 -0.9384 -0.0741
vn -0.8768 -0.3836 -0.2899
vn -0.8340 0.2467 0.4936
vn -0.7324 0.5729 0.3678
vn -0.5635 0.7684 -0.3035
vn 0.7422 0.6679 0.0559
vn 0.2618 0.9597 -0.1024
vn -0.4997 -0.7267 0.4713
vn -0.5439 -0.7636 0.3478
vn -0.8672 -0.3643 0.3395
vn -0.9118 -0.2173 0.3485
vn -0.9177 -0.3687 -0.1477
vn -0.8863 -0.3018 -0.3513
vn -0.8856 -0.1096 0.4514
vn -0.5897 -0.2757 -0.7592
vn -0.7331 0.5849 0.3471
vn -0.5245 -0.4615 -0.7154
vn -0.8886 -0.3153 -0.3332
vn -0.7335 0.6050 -0.3099
vn -0.7344 0.5974 -0.3221
vn 0.5568 0.8292 -0.0495
vn -0.8449 -0.0163 -0.5346
vn -0.5664 -0.3248 0.7574
vn 0.2415 -0.1089 0.9643
vn -0.8596 -0.4402 -0.2593
vn -0.8563 -0.0218 0.5160
vn -0.7572 0.5118 -0.4058
vn 0.6529 0.7547 0.0649
vn -0.8820 -0.0894 -0.4626
vn -0.7475 0.4991 0.4383
vn 0.6911 0.7082 -0.1443
vn -0.3829 -0.6341 -0.6718
vn -0.4499 -0.6715 -0.5888
vn -0.5582 -0.5802 -0.5932
vn -0.5572 -0.3658 -0.7454
vn 0.6031 0.7924 0.0915
vn 0.7198 0.6763 -0.1564
vn -0.5501 0.7878 -0.2769
vn 0.5621 0.8111 0.1618
vn -0.7289 -0.5041 -0.4632
vn 0.1748 -0.1099 -0.9784
vn -0.8243 -0.5076 0.2507
vn 0.8824 0.4661 -0.0638
vn 0.8684 0.4777 -0.1330
vn 0.9372 0.3360 -0.0938
vn 0.2622 0.9579 0.1166
vn -0.2717 -0.7600 -0.5904
vn -0.8586 -0.2496 -0.4477
vn -0.5385 0.7959 -0.2768
vn -0.4149 0.8637 0.2861
vn -0.5989 0.7290 0.3314
vn -0.8316 -0.5006 0.2405
vn -0.4588 -0.8291 -0.3196
vn -0.7254 -0.6065 -0.3257
vn 0.8401 0.5073 0.1920
vn -0.7305 0.4746 -0.4910
vn -0.4896 0.8274 -0.2753
vn -0.7994 -0.5496 -0.2428
vn -0.7787 -0.5214 -0.3490
vn -0.1592 -0.3374 -0.9278
vn -0.7931 -0.5225 -0.3130
vn -0.8446 -0.2675 0.4638
vn -0.6044 -0.6456 -0.4668
vn -0.5639 -0.6810 -0.4672
vn -0.4278 -0.6593 -0.6183
vn -0.7299 0.3768 0.5703
vn 0.8313 0.5255 0.1811
vn -0.6898 -0.4923 -0.5309
vn -0.7982 -0.5414 -0.2642
vn 0.6590 0.7352 -0.1588
vn 0.1505 0.9757 -0.1590
vn 0.5788 0.7944 0.1842
vn 0.5310 0.8286 0.1772
vn 0.5276 0.8366 -0.1474
vn -0.9252 -0.3573 0.1278
vn -0.6677 -0.7066 -0.2341
vn -0.4013 -0.8165 -0.4150
vn -0.8136 -0.4345 -0.3863
vn -0.6828 0.6424 -0.3479
vn -0.3039 0.9241 -0.2318
vn -0.5551 0.7533 -0.3527
vn 0.2835 0.9287 -0.2390
vn -0.6048 -0.7323 -0.3131
vn -0.8201 -0.0374 0.5710
vn -0.7868 0.1094 -0.6074
vn -0.7601 0.3629 -0.5390
vn -0.7779 -0.6004 -0.1852
vn -0.8186 -0.0511 -0.5721
vn 0.7196 0.6716 0.1766
vn -0.9495 -0.3123 -0.0308
vn -0.8260 -0.5596 -0.0682
vn -0.6766 -0.7362 -0.0107
vn -0.7818 -0.6020 0.1628
vn -0.7934 -0.5331 -0.2937
vn 0.4314 0.8911 0.1410
vn -0.7800 -0.5639 -0.2712
vn -0.7549 0.5654 -0.3325
vn 0.5858 0.7292 -0.3536
vn -0.7370 -0.6703 0.0870
vn -0.7401 -0.6400 0.2064
vn -0.7454 0.3831 -0.5456
vn 0.5048 0.8371 0.2108
vn -0.7837 -0.6163 0.0773
vn -0.7738 -0.6224 0.1179
vn -0.7715 -0.6284 -0.0991
vn -0.7702 -0.6225 -0.1389
vn -0.7636 -0.6292 -0.1450
vn -0.7611 0.1664 0.6270
vn -0.7299 0.5015 -0.4645
vn -0.5225 0.7886 -0.3242
vn -0.8141 -0.5793 -0.0400
vn -0.8068 -0.5891 -0.0451
vn -0.7742 -0.6317 0.0403
vn -0.5815 0.6917 -0.4283
vn -0.7695 -0.6330 -0.0846
vn -0.7622 -0.6420 -0.0835
vn -0.7709 -0.6300 -0.0943
vn -0.7123 -0.1057 -0.6939
vn -0.7637 -0.6104 -0.2100
vn -0.7525 0.4772 -0.4540
vn 0.5612 0.7998 0.2131
vn 0.5291 0.8112 0.2491
vn -0.7858 -0.4818 0.3879
vn -0.7776 -0.0083 -0.6287
vn -0.5782 0.7175 -0.3883
vn -0.7557 -0.6548 -0.0067
vn 0.5715 0.7549 0.3217
vn 0.6727 0.6640 0.3265
vn -0.3261 0.9077 0.2642
vn 0.2769 0.9408 0.1955
vn -0.7263 0.2707 -0.6319
vn -0.6127 0.6122 -0.4998
vn -0.6955 0.4144 -0.5870
vn -0.5983 0.6520 -0.4657
vn -0.7632 -0.6415 -0.0771
vn -0.7583 -0.6499 -0.0511
vn -0.7788 -0.0178 -0.6271
vn -0.6932 0.4160 -0.5886
vn 0.5289 0.8173 0.2288
vn 0.3735 0.9158 0.1477
vn 0.7808 0.5233 0.3413
vn -0.5561 0.7148 -0.4239
vn -0.7509 -0.6597 -0.0305
vn -0.7921 -0.1510 0.5915
vn -0.8038 -0.0347 -0.5939
vn -0.5343 -0.0179 -0.8451
vn -0.8031 0.1372 -0.5798
vn -0.7379 0.3106 -0.5991
vn 0.8515 0.3121 -0.4213
vn 0.8156 0.5021 -0.2876
vn 0.7935 0.4546 -0.4046
vn -0.5456 -0.8051 -0.2326
vn -0.6941 -0.0096 -0.7198
vn -0.7953 0.0003 -0.6062
vn -0.5403 0.6378 -0.5489
vn -0.6819 0.4275 -0.5934
vn -0.7217 0.2602 -0.6414
vn 0.6807 0.6414 0.3540
vn -0.7583 -0.6513 0.0300
vn -0.7337 -0.6793 0.0163
vn -0.7639 -0.6320 0.1304
vn -0.7959 -0.5888 0.1408
vn -0.7954 -0.0238 -0.6056
vn -0.7974 -0.0194 -0.6031
vn -0.7911 -0.0168 -0.6115
vn -0.7882 -0.0120 -0.6153
vn -0.7759 -0.0128 -0.6308
vn -0.7324 -0.0085 -0.6809
vn -0.7876 0.0032 -0.6162
vn -0.7184 -0.0077 -0.6956
vn -0.6428 -0.0330 -0.7653
vn -0.8362 0.0943 -0.5403
vn -0.8503 0.1156 -0.5135
vn -0.8490 0.1135 -0.5161
vn -0.6565 0.5294 -0.5373
vn -0.6258 0.6398 -0.4461
vn -0.7367 -0.6749 -0.0431
vn -0.5814 -0.8050 0.1179
vn -0.7783 -0.6061 0.1642
vn -0.8040 -0.0330 -0.5937
vn -0.8017 -0.0258 -0.5972
vn -0.7521 -0.0032 -0.6590
vn -0.7768 -0.0165 -0.6295
vn -0.7572 -0.0073 -0.6532
vn -0.7677 -0.0116 -0.6407
vn -0.6380 -0.7691 0.0380
vn -0.4709 -0.8576 -0.2068
vn -0.3697 -0.9063 -0.2048
vn -0.7695 0.0042 -0.6386
vn -0.6178 0.5219 -0.5881
vn -0.6973 -0.6767 -0.2365
vn -0.7095 -0.6745 -0.2042
vn -0.7167 -0.6645 -0.2116
vn -0.6996 -0.6674 -0.2552
vn -0.7794 -0.0250 -0.6260
vn -0.7622 -0.0135 -0.6472
vn -0.7683 -0.0159 -0.6399
vn -0.7497 -0.0052 -0.6617
vn -0.7628 -0.0101 -0.6466
vn -0.7295 -0.0177 -0.6837
vn -0.7428 -0.0021 -0.6695
vn -0.7441 0.0053 -0.6681
vn -0.8283 0.0133 -0.5602
vn -0.7527 -0.0026 -0.6584
vn 0.7751 0.4403 -0.4532
vn -0.5806 0.4642 -0.6689
vn -0.5439 0.7142 -0.4405
vn -0.6448 0.5612 -0.5189
vn -0.7428 -0.6691 -0.0222
vn -0.7405 -0.6720 0.0057
vn -0.7391 -0.6736 0.0060
vn -0.7382 -0.6726 0.0516
vn -0.7506 -0.6584 0.0558
vn -0.7416 -0.6696 0.0408
vn -0.7280 -0.6659 -0.1630
vn -0.7209 -0.6715 -0.1714
vn -0.7285 -0.6613 -0.1788
vn -0.7161 -0.6734 -0.1837
vn -0.6435 -0.0198 -0.7652
vn -0.7645 -0.0135 -0.6445
vn -0.6851 0.1612 -0.7104
vn -0.7495 0.0144 -0.6618
vn -0.7497 0.0888 -0.6558
vn -0.7414 0.1871 -0.6445
vn -0.7354 0.2192 -0.6412
vn -0.7413 -0.6676 0.0697
vn -0.7366 -0.6748 -0.0465
vn -0.7380 -0.6734 -0.0424
vn -0.7336 -0.6747 -0.0812
vn -0.8465 0.4200 -0.3273
vn -0.8534 0.4048 -0.3283
vn -0.8548 0.4067 -0.3224
vn -0.7878 -0.0400 -0.6146
vn -0.7748 -0.0487 -0.6304
vn -0.7547 -0.0514 -0.6541
vn -0.7844 -0.0330 -0.6193
vn -0.7581 -0.0309 -0.6515
vn -0.7772 -0.0283 -0.6287
vn -0.7633 -0.0229 -0.6456
vn -0.7631 -0.0163 -0.6460
vn -0.7104 0.2359 -0.6631
vn -0.4237 0.4820 -0.7669
vn -0.5823 0.6668 -0.4650
vn -0.4840 0.5367 -0.6911
vn 0.1688 0.9730 0.1573
vn -0.5394 0.7899 -0.2918
vn 0.7783 0.4363 0.4515
vn -0.7385 -0.6735 0.0301
vn -0.7338 -0.6733 0.0905
vn -0.7416 -0.6642 0.0938
vn -0.7343 -0.6706 0.1053
vn -0.7160 -0.6791 0.1614
vn -0.7146 -0.6782 0.1713
vn -0.7183 -0.6805 0.1445
vn -0.7472 -0.6266 0.2215
vn -0.7683 -0.6123 0.1863
vn -0.7446 -0.6192 0.2492
vn -0.7766 -0.0482 -0.6281
vn -0.7772 -0.0516 -0.6271
vn -0.7371 -0.0452 0.6742
vn -0.8576 -0.0101 -0.5142
vn -0.7595 -0.0253 -0.6500
vn -0.7423 -0.0375 -0.6690
vn -0.7790 -0.0334 -0.6261
vn -0.3201 0.2839 -0.9038
vn 0.5617 0.7509 0.3473
vn 0.5968 0.7205 0.3532
vn -0.7410 -0.6708 -0.0288
vn -0.7653 -0.0434 -0.6422
vn -0.7775 -0.0438 -0.6274
vn -0.7340 -0.6751 -0.0735
vn -0.7290 -0.6755 -0.1104
vn -0.7242 -0.6802 0.1135
vn -0.7227 -0.6775 0.1368
vn -0.7225 -0.6782 0.1342
vn -0.7924 -0.2577 -0.5529
vn -0.7351 -0.3844 -0.5585
vn -0.6424 -0.0097 -0.7663
vn -0.7640 -0.0427 -0.6437
vn -0.7164 -0.0927 -0.6915
vn -0.7525 -0.0471 -0.6569
vn -0.7000 -0.0291 -0.7136
vn -0.7923 -0.0507 -0.6080
vn -0.7365 -0.0405 -0.6752
vn -0.6050 0.2634 -0.7514
vn -0.6552 0.5983 -0.4612
vn -0.6797 0.3743 -0.6308
vn -0.7424 -0.6153 0.2650
vn -0.7428 -0.5948 0.3073
vn -0.6878 -0.6539 -0.3151
vn -0.7285 -0.6178 -0.2959
vn -0.7272 -0.6178 -0.2993
vn -0.7406 -0.5719 -0.3528
vn -0.7219 -0.5786 -0.3796
vn -0.7844 -0.0714 -0.6161
vn -0.6636 -0.0037 -0.7481
vn -0.7566 -0.0499 -0.6520
vn -0.7750 -0.0363 -0.6309
vn -0.6915 0.3634 0.6243
vn 0.8698 0.1037 -0.4824
vn -0.7372 -0.6203 0.2679
vn -0.6919 -0.6396 -0.3350
vn -0.7719 -0.0600 -0.6329
vn -0.7543 -0.0484 -0.6548
vn -0.7732 -0.0606 -0.6312
vn -0.7291 -0.6763 0.1049
vn -0.7026 -0.6808 0.2069
vn -0.7109 -0.6792 0.1825
vn -0.7030 -0.6807 0.2058
vn -0.0975 -0.0589 -0.9935
vn -0.7388 -0.5625 -0.3712
vn -0.7637 -0.0564 -0.6431
vn -0.7386 -0.0388 -0.6730
vn -0.7687 -0.0717 -0.6355
vn -0.6746 0.3637 -0.6424
vn -0.4555 0.7825 -0.4245
vn -0.4781 0.7442 0.4665
vn -0.2317 0.9354 0.2671
vn -0.9173 -0.1791 0.3557
vn 0.3206 0.0220 -0.9470
vn -0.4400 0.0204 -0.8978
vn -0.7926 -0.6021 -0.0960
vn -0.8044 -0.5930 -0.0371
vn -0.1675 -0.9809 0.0994
vn -0.7142 -0.5925 0.3726
vn -0.9489 -0.2133 -0.2326
vn -0.7741 -0.0926 -0.6263
vn 0.6168 0.6637 -0.4233
vn -0.7276 -0.4987 0.4710
vn -0.7809 -0.0711 -0.6206
vn -0.8107 -0.5721 0.1240
vn -0.7762 -0.6258 0.0767
vn -0.7713 -0.6340 0.0559
vn -0.7370 -0.5525 -0.3894
vn -0.4947 -0.2915 -0.8187
vn -0.7766 -0.6173 0.1262
vn -0.7748 -0.6152 0.1456
vn -0.6768 -0.6503 -0.3451
vn -0.7100 -0.6201 -0.3337
vn -0.7343 -0.5042 -0.4545
vn 0.5091 0.0600 -0.8586
vn -0.7676 -0.0931 -0.6341
vn -0.8259 -0.5594 -0.0701
vn -0.7926 -0.5728 -0.2090
vn -0.7210 -0.6891 -0.0724
vn -0.7548 -0.6459 -0.1148
vn -0.7397 -0.6482 0.1808
vn -0.6905 -0.6774 0.2535
vn -0.6944 -0.6764 0.2457
vn -0.6803 -0.6817 0.2693
vn -0.6616 -0.6770 -0.3225
vn -0.8097 -0.5428 -0.2230
vn -0.8418 -0.4840 -0.2390
vn -0.6787 -0.6557 0.3307
vn -0.7895 -0.4955 0.3621
vn -0.6633 -0.6837 0.3043
vn -0.7452 -0.1323 -0.6536
vn 0.0144 -0.9959 0.0894
vn 0.5850 0.6997 -0.4101
vn -0.6577 -0.6328 -0.4086
vn -0.8874 -0.0577 -0.4574
vn -0.7397 -0.1928 -0.6447
vn -0.7382 -0.1573 -0.6560
vn -0.6670 -0.2095 -0.7150
vn -0.6758 -0.0294 -0.7365
vn -0.4334 0.7931 -0.4281
vn -0.6975 -0.5980 0.3948
vn -0.0591 -0.2665 -0.9620
vn -0.7049 -0.2863 -0.6489
vn -0.7311 -0.2269 -0.6435
vn 0.4583 0.1439 0.8771
vn -0.5869 -0.6541 0.4772
vn -0.6327 -0.6812 0.3683
vn -0.7844 -0.5173 0.3423
vn -0.6916 -0.5986 0.4043
vn -0.2420 0.9253 -0.2919
vn 0.8576 0.4959 -0.1366
vn 0.9314 0.2618 -0.2530
vn 0.8075 0.4978 -0.3165
vn -0.7153 -0.2732 -0.6432
vn -0.7178 -0.0159 0.6960
vn -0.6264 0.0756 0.7758
vn -0.6613 -0.7090 -0.2450
vn -0.8291 0.5153 -0.2170
vn -0.8054 -0.3620 -0.4694
vn -0.7044 -0.5025 -0.5012
vn -0.7443 -0.2293 -0.6272
vn -0.7117 -0.1173 0.6927
vn -0.6937 -0.6693 0.2660
vn -0.5983 0.3332 -0.7287
vn -0.7919 -0.5816 -0.1863
vn -0.7810 -0.5813 -0.2282
vn -0.7644 -0.5402 0.3520
vn -0.7340 -0.6482 0.2029
vn -0.8011 -0.5613 -0.2079
vn -0.7331 -0.6454 -0.2147
vn -0.6072 -0.6507 -0.4560
vn 0.8756 0.0743 -0.4773
vn 0.8044 0.0932 -0.5868
vn 0.8315 0.0267 -0.5549
vn -0.5792 0.3928 0.7143
vn -0.5613 0.5550 0.6140
vn -0.4316 0.7955 0.4253
vn -0.8977 -0.4405 0.0054
vn -0.7561 -0.5807 0.3018
vn -0.7540 -0.6033 0.2597
vn -0.8407 -0.5258 0.1292
vn -0.6853 -0.6761 -0.2707
vn -0.7308 -0.5735 0.3702
vn -0.6711 -0.6695 0.3185
vn -0.6876 -0.6419 0.3393
vn -0.6184 -0.6294 -0.4706
vn 0.8511 0.5237 0.0366
vn 0.7630 0.6462 0.0180
vn 0.7864 0.6088 0.1046
vn 0.7649 0.6390 -0.0810
vn 0.7668 0.6383 -0.0672
vn -0.6924 -0.4994 -0.5207
vn -0.0061 -0.3653 -0.9309
vn 0.8992 0.1415 -0.4140
vn 0.7932 0.4001 -0.4590
vn 0.4694 0.7477 -0.4697
vn 0.5065 0.7601 -0.4070
vn 0.1791 0.9610 0.2107
vn 0.5317 0.7031 0.4723
vn -0.6210 -0.7446 0.2448
vn 0.7844 0.6129 0.0951
vn 0.8485 0.4974 0.1809
vn 0.7679 0.6008 -0.2220
vn 0.7606 0.6254 -0.1739
vn -0.6803 -0.4689 -0.5633
vn -0.9599 -0.2799 0.0149
vn -0.7135 -0.3660 -0.5975
vn 0.7852 0.2789 -0.5529
vn 0.7157 0.4455 -0.5379
vn 0.6844 0.3502 -0.6395
vn -0.8468 -0.4983 0.1859
vn 0.7462 0.6467 0.1582
vn 0.7716 0.6272 0.1059
vn -0.6221 -0.6873 0.3749
vn -0.8509 0.3689 0.3740
vn -0.8054 -0.4859 -0.3395
vn -0.7458 -0.4897 -0.4517
vn -0.8675 -0.4282 0.2530
vn -0.6675 -0.6862 -0.2891
vn -0.7220 -0.6352 -0.2743
vn -0.6584 -0.5398 -0.5245
vn 0.6371 0.7670 0.0761
vn 0.6639 0.7475 0.0232
vn 0.4972 0.8672 0.0267
vn 0.6283 0.7765 -0.0482
vn 0.6758 0.7320 -0.0868
vn 0.5314 0.8360 -0.1368
vn -0.7237 -0.3739 0.5800
vn -0.6871 -0.2711 0.6741
vn -0.7068 0.0108 0.7073
vn -0.8910 -0.4426 -0.1009
vn -0.7106 -0.6096 0.3513
vn -0.5734 0.5183 -0.6345
vn -0.5032 -0.8626 0.0518
vn -0.3420 -0.9353 0.0909
vn -0.5338 -0.8422 0.0756
vn -0.3990 -0.9165 -0.0285
vn -0.6957 -0.7122 -0.0934
vn -0.7219 -0.6824 -0.1149
vn -0.7195 -0.6847 -0.1158
vn -0.7515 -0.5784 -0.3173
vn -0.6410 -0.5626 -0.5220
vn 0.6218 0.7766 0.1017
vn -0.4156 0.7170 0.5596
vn -0.4956 -0.8666 0.0585
vn -0.5629 -0.8125 -0.1518
vn -0.7538 -0.6236 -0.2071
vn -0.8300 -0.5348 -0.1583
vn -0.7138 -0.6181 0.3293
vn 0.6809 0.7279 -0.0807
vn 0.6687 0.7377 -0.0926
vn 0.7178 0.1511 -0.6797
vn -0.8185 -0.4905 -0.2991
vn -0.8841 -0.2014 0.4216
vn -0.6490 -0.4905 -0.5816
vn 0.9030 0.3725 -0.2142
vn -0.6690 -0.6468 0.3662
vn -0.5781 -0.6472 -0.4968
vn -0.4289 0.7318 -0.5296
vn -0.6659 -0.7292 0.1578
vn -0.6264 -0.0753 -0.7758
vn -0.5969 -0.6328 -0.4931
vn -0.6951 -0.4138 -0.5879
vn 0.6461 0.7345 -0.2077
vn -0.7655 0.0244 0.6430
vn -0.6766 0.0020 0.7364
vn -0.5942 0.0234 0.8040
vn -0.6824 -0.0324 0.7302
vn -0.7860 -0.0846 0.6124
vn -0.6807 -0.0299 0.7319
vn -0.5354 0.5569 -0.6350
vn -0.8263 -0.4832 0.2895
vn -0.7606 -0.5336 -0.3697
vn -0.6737 -0.6134 0.4123
vn -0.6720 -0.6350 0.3811
vn -0.6934 -0.0580 0.7182
vn -0.5831 -0.5203 -0.6239
vn 0.9090 0.2969 -0.2925
vn -0.6933 -0.0585 0.7183
vn -0.6855 -0.0588 0.7257
vn -0.6790 -0.0391 0.7331
vn -0.6385 -0.0071 0.7696
vn -0.5924 -0.0084 0.8056
vn -0.6461 -0.0058 0.7632
vn -0.5101 0.1341 0.8496
vn -0.6099 0.2406 0.7550
vn -0.6165 0.0590 0.7852
vn -0.5381 0.3584 0.7629
vn -0.5501 0.5240 0.6502
vn -0.5351 0.5305 -0.6575
vn 0.9513 0.0460 -0.3049
vn -0.6393 -0.0369 0.7681
vn -0.5821 -0.0367 0.8123
vn -0.6401 -0.0348 0.7675
vn -0.7647 -0.0452 0.6428
vn -0.6263 -0.0247 0.7792
vn -0.6329 -0.0198 0.7740
vn 0.7589 0.1722 0.6281
vn 0.8055 0.1181 0.5807
vn 0.7869 0.1156 0.6062
vn -0.6087 0.0069 0.7934
vn -0.6071 0.0155 0.7945
vn 0.6587 0.4184 0.6253
vn 0.6803 0.3389 0.6498
vn 0.6466 0.3053 0.6990
vn -0.5989 0.4066 0.6900
vn -0.6644 0.1340 0.7352
vn -0.4418 0.7103 -0.5479
vn -0.4697 0.6772 0.5664
vn 0.6377 0.7099 0.2991
vn 0.7115 0.6555 0.2532
vn 0.5455 0.8211 0.1682
vn 0.7254 0.5827 -0.3664
vn 0.7113 0.6451 -0.2791
vn -0.6570 -0.1028 0.7468
vn -0.6640 -0.0926 0.7420
vn -0.6177 -0.6905 -0.3765
vn -0.6149 -0.5537 -0.5615
vn -0.6772 -0.1796 0.7136
vn -0.6637 -0.1650 0.7296
vn -0.6339 -0.0449 0.7721
vn -0.6163 -0.0515 0.7858
vn -0.6297 -0.0190 0.7766
vn -0.7714 -0.5371 0.3413
vn -0.7262 -0.5885 -0.3554
vn -0.7265 -0.5922 -0.3485
vn -0.7334 -0.5758 -0.3613
vn -0.5537 -0.1540 -0.8183
vn -0.6578 -0.1114 0.7449
vn -0.6164 -0.0507 0.7858
vn -0.6197 -0.0513 0.7832
vn -0.6358 -0.0125 0.7717
vn -0.5574 0.0921 -0.8251
vn 0.4596 0.7768 -0.4305
vn -0.5087 -0.8236 0.2508
vn -0.5345 -0.8147 0.2249
vn -0.6739 -0.1916 0.7135
vn -0.6224 -0.0843 0.7782
vn -0.6170 -0.0546 0.7851
vn -0.6451 -0.0710 0.7608
vn -0.5723 -0.0222 -0.8197
vn -0.6596 -0.6478 0.3812
vn -0.4117 0.7520 -0.5148
vn 0.2494 0.9675 -0.0421
vn 0.6587 0.6632 0.3553
vn 0.5044 0.7971 0.3320
vn -0.4702 0.4261 -0.7729
vn -0.7734 -0.5338 0.3418
vn 0.7451 0.5295 0.4055
vn 0.8202 0.4581 0.3428
vn 0.7206 0.6138 0.3225
vn -0.6463 -0.4756 0.5968
vn -0.6457 -0.3667 0.6698
vn -0.6224 -0.1380 0.7705
vn -0.5602 -0.0857 0.8239
vn -0.6871 -0.5958 -0.4157
vn -0.7452 -0.4643 -0.4786
vn -0.7147 -0.5499 -0.4322
vn -0.6121 -0.6842 0.3965
vn -0.6134 -0.6892 0.3856
vn -0.6072 -0.6946 0.3858
vn -0.6318 -0.3058 0.7123
vn -0.5577 -0.4022 -0.7261
vn -0.5244 0.4910 -0.6956
vn -0.7524 -0.5240 0.3992
vn -0.6824 -0.4350 0.5875
vn -0.5907 -0.5434 0.5964
vn -0.6546 -0.5111 0.5571
vn 0.7073 0.0906 -0.7011
vn 0.8359 0.1127 -0.5372
vn 0.7791 0.0426 -0.6255
vn 0.6335 0.6874 0.3553
vn 0.6201 0.7285 0.2910
vn -0.6331 -0.2600 0.7291
vn -0.6502 -0.2214 0.7268
vn -0.6355 -0.1800 0.7509
vn -0.6456 -0.2345 0.7267
vn -0.6106 -0.1640 0.7748
vn -0.6797 -0.1912 0.7081
vn 0.5420 0.5233 -0.6576
vn -0.6835 -0.5862 -0.4350
vn 0.3188 0.9358 0.1505
vn -0.6006 -0.5232 0.6046
vn -0.6307 -0.2880 0.7206
vn -0.5178 -0.8242 0.2292
vn -0.5577 -0.7742 0.2993
vn -0.8595 -0.2271 0.4579
vn 0.4608 0.8386 -0.2905
vn 0.5843 0.7638 -0.2744
vn 0.6207 0.6854 -0.3808
vn -0.5280 -0.3771 0.7609
vn -0.3324 0.8206 0.4650
vn -0.3719 0.7816 -0.5007
vn 0.6403 0.6832 -0.3511
vn 0.7209 0.5693 -0.3953
vn 0.7225 0.5798 -0.3767
vn -0.5276 -0.2047 0.8245
vn -0.5459 0.4325 -0.7176
vn -0.7339 -0.5444 -0.4063
vn -0.7183 -0.5358 -0.4438
vn -0.6973 -0.5378 -0.4738
vn -0.6151 -0.6680 0.4188
vn 0.4693 0.6778 -0.5660
vn 0.5709 0.3358 -0.7492
vn -0.5661 -0.6580 0.4966
vn -0.5482 -0.6247 0.5561
vn -0.5475 -0.6454 0.5326
vn 0.6279 0.6669 0.4013
vn 0.6274 0.6724 0.3928
vn 0.3755 0.8096 0.4511
vn -0.2956 -0.9361 0.1908
vn -0.5565 -0.7713 0.3088
vn -0.3635 -0.3181 0.8756
vn -0.7538 -0.5418 0.3718
vn -0.7541 -0.5550 0.3511
vn -0.5612 -0.6415 -0.5230
vn -0.5552 -0.6401 -0.5311
vn -0.4575 -0.6109 -0.6461
vn 0.6053 0.6700 0.4297
vn 0.6518 0.2774 -0.7058
vn 0.6662 0.3058 -0.6802
vn -0.5536 -0.7645 0.3302
vn -0.6699 -0.5957 -0.4432
vn -0.5600 -0.3094 0.7686
vn -0.5945 -0.2953 0.7479
vn -0.7863 0.4212 0.4520
vn -0.7710 -0.2586 0.5819
vn -0.5782 -0.7005 0.4183
vn -0.5323 -0.6499 -0.5425
vn 0.6503 0.3666 -0.6653
vn 0.6046 0.4749 -0.6395
vn 0.5867 0.4953 -0.6407
vn -0.2001 0.9155 0.3491
vn -0.7565 -0.4877 0.4358
vn -0.6155 -0.6188 -0.4881
vn -0.5384 -0.7646 0.3543
vn 0.6377 -0.0050 -0.7703
vn -0.7354 -0.4684 0.4897
vn -0.6539 -0.5561 0.5130
vn -0.5591 -0.5359 -0.6326
vn -0.5690 -0.5311 -0.6278
vn -0.3808 0.7725 -0.5082
vn -0.5004 -0.7783 0.3793
vn -0.8059 -0.3333 0.4893
vn -0.4075 0.6725 -0.6179
vn 0.3453 0.8152 0.4650
vn -0.1462 0.9417 -0.3030
vn 0.6302 0.7050 -0.3252
vn 0.5641 0.6988 -0.4398
vn 0.6164 0.2575 -0.7442
vn 0.7090 0.2133 -0.6722
vn -0.3569 0.7481 -0.5595
vn 0.1160 0.9929 0.0279
vn -0.0000 0.9802 -0.1982
vn -0.5759 -0.4872 0.6565
vn -0.5849 -0.5200 0.6224
vn 0.6528 0.1982 -0.7312
vn -0.6458 -0.5354 0.5444
vn -0.6620 -0.5493 -0.5100
vn -0.6909 -0.5335 -0.4879
vn 0.6708 0.3559 0.6507
vn 0.6660 0.4861 0.5658
vn 0.5502 0.4709 0.6896
vn -0.4853 -0.6741 -0.5568
vn 0.5588 0.6344 -0.5341
vn 0.7457 0.2546 -0.6157
vn 0.6064 0.4054 -0.6841
vn 0.6652 0.1367 -0.7340
vn 0.6852 0.1555 -0.7116
vn 0.7202 0.0513 -0.6919
vn 0.6618 0.0643 -0.7469
vn -0.4627 -0.0072 -0.8865
vn 0.6602 0.1820 -0.7287
vn 0.6148 0.2326 -0.7536
vn 0.6151 0.1766 -0.7684
vn -0.3972 0.6806 -0.6156
vn -0.5106 0.1083 -0.8530
vn -0.4147 0.6222 -0.6640
vn 0.3675 0.7515 0.5480
vn 0.4543 0.7636 0.4589
vn 0.6050 0.6704 -0.4296
vn 0.4586 0.7834 -0.4195
vn 0.6750 0.5976 -0.4326
vn -0.1265 0.9866 -0.1031
vn 0.6763 0.1696 -0.7169
vn -0.7280 -0.4680 0.5011
vn -0.6645 -0.5087 0.5475
vn 0.5906 0.0249 -0.8066
vn 0.1937 0.9317 -0.3073
vn -0.7208 -0.3794 -0.5801
vn -0.7179 -0.3837 -0.5808
vn 0.6635 0.1222 -0.7381
vn 0.6617 0.0901 -0.7443
vn 0.6362 0.1324 -0.7601
vn 0.6567 0.1988 -0.7275
vn -0.4147 0.1739 -0.8932
vn -0.7791 -0.1715 -0.6030
vn -0.5421 -0.7073 -0.4536
vn -0.4578 -0.8303 -0.3177
vn -0.5487 -0.6280 -0.5519
vn -0.5436 -0.5566 -0.6282
vn 0.6392 0.0632 -0.7665
vn 0.6415 0.1353 -0.7551
vn 0.7935 0.2427 -0.5581
vn 0.6069 0.3684 -0.7043
vn 0.5890 0.3604 -0.7233
vn -0.1291 0.9734 0.1894
vn -0.3104 0.7519 0.5817
vn -0.6394 -0.5668 -0.5195
vn -0.6868 -0.5642 -0.4583
vn 0.5755 -0.0386 -0.8169
vn -0.4528 0.5125 -0.7296
vn -0.4300 0.5751 -0.6960
vn -0.4221 -0.8237 0.3787
vn -0.4759 -0.7915 0.3835
vn 0.6816 0.1879 -0.7072
vn 0.6779 0.0508 -0.7334
vn 0.6393 0.0696 -0.7658
vn 0.6209 0.0656 -0.7811
vn 0.6441 0.0804 -0.7607
vn 0.6009 0.0882 -0.7945
vn -0.6653 -0.5409 0.5146
vn -0.6833 -0.4481 -0.5765
vn 0.6112 0.1407 -0.7789
vn 0.5867 0.1743 -0.7909
vn 0.5311 0.2334 -0.8145
vn 0.5830 0.1829 -0.7916
vn 0.5797 0.2152 -0.7859
vn -0.4915 -0.7747 0.3979
vn -0.6461 -0.3387 0.6840
vn -0.5401 -0.5643 0.6244
vn -0.5222 -0.5756 -0.6292
vn 0.2455 0.8887 -0.3873
vn 0.0420 0.9912 -0.1257
vn 0.6800 0.0152 -0.7330
vn 0.6311 0.0636 -0.7731
vn 0.6423 0.0606 -0.7641
vn 0.5884 0.2839 -0.7571
vn 0.4680 0.5167 -0.7170
vn 0.5380 0.5863 -0.6057
vn 0.3832 -0.0194 -0.9235
vn 0.6262 0.0340 -0.7790
vn 0.6460 0.0755 -0.7596
vn 0.6291 0.0673 -0.7744
vn 0.6301 0.0666 -0.7737
vn -0.7141 -0.4882 0.5017
vn -0.5843 -0.5784 -0.5692
vn 0.5557 0.6901 -0.4635
vn 0.3871 0.8063 -0.4473
vn 0.6811 0.0116 -0.7321
vn 0.6607 0.0246 -0.7502
vn -0.4634 -0.0559 0.8844
vn 0.5325 0.0033 -0.8464
vn 0.5798 0.0128 -0.8146
vn -0.6280 -0.5115 0.5865
vn 0.2056 0.9611 -0.1843
vn 0.6667 0.2572 -0.6996
vn 0.6501 0.1122 -0.7515
vn 0.6312 0.0798 -0.7715
vn 0.5790 0.0121 -0.8153
vn 0.6652 0.0138 -0.7465
vn 0.6761 0.0317 -0.7361
vn 0.5924 0.0222 -0.8053
vn 0.6091 0.0170 -0.7929
vn 0.5785 -0.0122 -0.8156
vn 0.6001 0.0094 -0.7999
vn 0.5636 0.0363 -0.8253
vn 0.9926 0.0615 -0.1047
vn -0.4718 -0.0411 -0.8808
vn 0.6197 0.0115 -0.7848
vn 0.6537 0.0089 -0.7567
vn 0.6128 0.0104 -0.7902
vn 0.3270 0.8098 0.4872
vn 0.4316 0.5103 0.7439
vn 0.3672 0.7131 0.5971
vn -0.4929 0.3269 -0.8063
vn 0.6171 0.0120 -0.7868
vn 0.5985 0.0231 -0.8008
vn 0.8196 0.0128 -0.5728
vn -0.3722 0.7060 -0.6025
vn 0.1557 0.9435 0.2927
vn -0.3112 0.7894 -0.5291
vn -0.3778 0.8073 0.4533
vn 0.5541 0.6318 -0.5421
vn 0.5530 0.6606 -0.5078
vn -0.5140 -0.7346 -0.4429
vn -0.2743 -0.9200 -0.2800
vn -0.5016 -0.5978 -0.6254
vn 0.6239 0.0912 -0.7762
vn 0.6552 0.0792 -0.7513
vn 0.5420 0.0705 -0.8374
vn 0.4059 0.8209 0.4016
vn 0.6543 0.0777 -0.7523
vn 0.3845 0.4440 -0.8093
vn -0.3776 0.6098 -0.6968
vn 0.4179 0.6558 0.6287
vn -0.4987 -0.6461 -0.5778
vn -0.5301 -0.6110 -0.5879
vn -0.4529 -0.6714 -0.5866
vn 0.4643 0.6999 0.5428
vn 0.6228 0.0584 -0.7802
vn 0.9985 -0.0020 0.0554
vn 0.5984 0.0185 -0.8010
vn 0.7131 0.0413 -0.6998
vn 0.6625 0.0006 -0.7491
vn -0.3959 -0.8656 -0.3065
vn -0.6789 -0.2027 -0.7057
vn -0.6456 -0.5236 -0.5559
vn -0.6223 -0.5423 -0.5645
vn -0.6212 -0.5459 -0.5622
vn -0.5651 -0.5458 -0.6186
vn -0.6043 -0.5393 -0.5865
vn -0.5866 -0.5284 -0.6138
vn 0.1550 0.9702 0.1861
vn -0.4879 -0.6684 -0.5614
vn -0.4925 -0.5535 -0.6717
vn 0.6286 0.0542 -0.7758
vn 0.8785 -0.0040 -0.4778
vn -0.1410 0.9887 -0.0505
vn 0.5856 0.5385 -0.6059
vn 0.5931 0.1338 -0.7939
vn -0.3789 -0.2901 -0.8788
vn -0.4364 -0.6234 0.6488
vn -0.4612 -0.6428 0.6116
vn -0.4461 0.5286 -0.7222
vn -0.4890 -0.7101 -0.5065
vn 0.4863 0.3972 -0.7783
vn 0.5267 0.4705 -0.7080
vn -0.3933 -0.6015 -0.6953
vn 0.5293 0.6413 -0.5555
vn 0.3899 0.6854 0.6150
vn -0.4527 -0.4172 -0.7880
vn 0.5483 0.5133 -0.6602
vn 0.5503 0.5178 -0.6551
vn 0.5572 0.5018 -0.6616
vn 0.5760 0.3668 -0.7305
vn 0.5023 0.4363 -0.7466
vn 0.5889 0.4334 -0.6822
vn 0.5670 0.3055 -0.7649
vn -0.4305 -0.1037 -0.8966
vn 0.4833 0.6438 -0.5932
vn -0.3770 0.4748 -0.7953
vn 0.5553 0.5287 -0.6419
vn 0.4742 0.1278 -0.8711
vn 0.3056 0.7913 0.5296
vn 0.3055 0.7959 0.5226
vn 0.3036 0.7138 -0.6311
vn -0.0640 0.9529 0.2965
vn 0.0551 0.9962 -0.0671
vn 0.5757 0.5289 -0.6236
vn 0.4934 0.2212 -0.8412
vn 0.5752 0.2450 -0.7804
vn -0.6751 -0.3457 0.6517
vn -0.5977 -0.4996 0.6270
vn -0.4760 -0.6068 -0.6366
vn -0.5161 -0.5802 0.6301
vn -0.4371 -0.6647 -0.6060
vn -0.3063 -0.9298 -0.2040
vn 0.4830 0.6436 -0.5937
vn 0.5615 0.4876 -0.6686
vn 0.5522 0.4878 -0.6761
vn 0.5430 0.5185 -0.6606
vn -0.3553 0.5613 -0.7474
vn -0.4172 -0.6652 -0.6192
vn -0.3233 0.4410 -0.8372
vn 0.3217 0.7776 0.5402
vn -0.6634 0.0831 0.7436
vn -0.5780 -0.4677 0.6688
vn -0.3009 -0.8339 -0.4626
vn -0.2062 -0.8707 -0.4464
vn -0.4326 -0.6663 -0.6074
vn -0.7013 0.3906 0.5963
vn -0.3943 -0.6474 0.6523
vn -0.2383 0.8425 -0.4830
vn -0.2460 0.7839 -0.5701
vn -0.3817 -0.0162 0.9241
vn -0.3728 0.0513 0.9265
vn 0.4731 0.0279 -0.8805
vn -0.5125 -0.5531 0.6568
vn 0.0606 -0.9382 0.3407
vn -0.4691 -0.6172 0.6317
vn 0.0709 0.9632 0.2592
vn -0.3982 -0.5827 -0.7085
vn 0.3969 0.5370 0.7444
vn 0.4134 0.5806 0.7015
vn -0.1450 0.8918 0.4286
vn -0.2515 0.7640 -0.5942
vn -0.3320 0.9394 0.0848
vn 0.4587 0.5564 -0.6928
vn 0.2848 -0.5416 0.7909
vn -0.3819 -0.6812 -0.6246
vn -0.3448 -0.0109 -0.9386
vn -0.2948 0.6454 -0.7047
vn -0.4856 -0.5400 0.6875
vn -0.4929 -0.5204 0.6973
vn -0.5208 -0.5273 0.6714
vn -0.3730 -0.6450 0.6669
vn -0.3862 -0.6231 0.6801
vn -0.1454 -0.8857 0.4409
vn -0.3616 0.6111 -0.7042
vn -0.2593 0.7464 -0.6129
vn -0.4300 -0.6089 -0.6666
vn -0.2912 -0.5171 -0.8049
vn -0.2726 -0.6696 -0.6908
vn -0.2439 0.7807 -0.5753
vn -0.2685 0.6223 -0.7353
vn -0.4036 -0.6669 -0.6263
vn 0.4736 0.6576 -0.5859
vn 0.3716 0.7272 -0.5772
vn -0.3151 -0.0355 -0.9484
vn 0.1244 0.9312 -0.3426
vn -0.5717 -0.4012 -0.7157
vn 0.2641 0.3463 -0.9002
vn 0.3343 -0.6453 0.6869
vn 0.4344 0.6713 0.6006
vn 0.3836 0.7016 0.6005
vn 0.4444 0.6599 0.6059
vn -0.5052 -0.5242 0.6855
vn 0.2716 0.8332 0.4817
vn 0.2458 0.8738 -0.4196
vn 0.4507 0.0350 -0.8920
vn 0.0717 0.4409 -0.8947
vn -0.2694 0.6544 -0.7065
vn 0.2650 0.7705 0.5797
vn 0.2607 0.7548 0.6020
vn -0.4557 -0.5477 -0.7017
vn -0.3348 -0.6024 0.7246
vn -0.4070 -0.5837 0.7026
vn 0.3483 -0.7147 -0.6065
vn -0.2865 0.6408 -0.7122
vn -0.3602 -0.6795 -0.6392
vn -0.2247 -0.8532 -0.4707
vn 0.0206 0.9146 -0.4038
vn -0.1754 0.8632 -0.4734
vn -0.3364 -0.6772 0.6544
vn -0.3557 -0.6705 0.6511
vn 0.3575 0.7276 0.5855
vn 0.4205 0.5668 -0.7085
vn 0.4216 0.5514 -0.7199
vn 0.3511 0.4179 -0.8379
vn -0.3456 -0.6793 -0.6474
vn -0.2230 0.3369 -0.9147
vn 0.3783 0.5487 -0.7455
vn -0.2946 -0.1442 -0.9447
vn -0.2863 0.1223 -0.9503
vn 0.2140 0.7957 0.5666
vn 0.2922 0.5362 0.7919
vn -0.3937 0.7543 -0.5254
vn -0.3466 -0.6712 -0.6553
vn -0.3182 -0.6830 -0.6574
vn -0.2580 0.5397 -0.8013
vn -0.2048 0.7021 -0.6820
vn -0.2072 0.7184 -0.6641
vn -0.1884 0.7366 -0.6495
vn -0.4775 -0.5260 0.7038
vn -0.4116 -0.4980 0.7633
vn -0.3527 -0.3557 -0.8655
vn -0.2999 -0.6606 -0.6882
vn 0.0786 0.9692 -0.2332
vn -0.3210 -0.6232 0.7131
vn -0.1233 -0.8864 0.4463
vn -0.4017 -0.5990 -0.6928
vn -0.3640 -0.6065 -0.7069
vn 0.2926 -0.6958 -0.6559
vn 0.2933 0.7441 -0.6002
vn -0.2009 0.4498 -0.8702
vn 0.2032 0.7280 0.6548
vn 0.1667 0.8334 0.5269
vn -0.3772 -0.6403 0.6692
vn 0.2503 0.7676 -0.5900
vn -0.0779 0.9363 -0.3424
vn -0.3749 -0.7114 -0.5945
vn 0.3400 0.0619 -0.9384
vn -0.2447 -0.6494 -0.7200
vn -0.2523 -0.7281 -0.6373
vn -0.3922 -0.6008 -0.6966
vn 0.2820 0.1834 -0.9417
vn 0.2390 0.7815 0.5763
vn 0.2019 0.8147 0.5436
vn -0.3322 0.5706 0.7511
vn -0.3135 0.3816 0.8695
vn -0.2115 0.4856 0.8482
vn -0.3022 -0.6688 0.6793
vn -0.2746 -0.6734 0.6863
vn -0.2933 -0.6719 0.6801
vn 0.3145 0.5815 -0.7503
vn 0.1567 0.7678 -0.6212
vn -0.1861 -0.7007 -0.6888
vn 0.4153 0.5311 0.7386
vn 0.3661 0.5954 0.7152
vn 0.2938 0.4996 0.8149
vn -0.2550 0.5902 -0.7659
vn -0.2081 0.6678 -0.7147
vn -0.2093 0.0004 -0.9778
vn -0.1820 0.8078 -0.5607
vn -0.1776 -0.7373 -0.6518
vn 0.0021 0.9904 0.1382
vn 0.1623 0.8289 -0.5354
vn 0.1363 0.2753 -0.9516
vn -0.0374 0.9993 -0.0012
vn -0.3595 -0.5732 -0.7363
vn -0.2866 -0.6863 -0.6684
vn -0.2630 -0.6700 -0.6942
vn 0.3638 0.5886 0.7219
vn 0.3467 0.1515 -0.9257
vn 0.3156 0.0291 -0.9484
vn -0.2421 0.6407 -0.7286
vn -0.2704 0.5932 -0.7583
vn -0.2886 0.5164 -0.8063
vn -0.2257 -0.6516 -0.7242
vn -0.2573 -0.6448 -0.7198
vn -0.3539 -0.5869 -0.7282
vn -0.2742 -0.6862 -0.6738
vn -0.2731 -0.6982 -0.6618
vn -0.2579 -0.6708 0.6953
vn -0.2450 -0.6726 0.6983
vn -0.2703 -0.6669 0.6944
vn 0.0963 0.9364 0.3374
vn -0.1623 0.8048 -0.5709
vn -0.1489 0.8441 0.5152
vn -0.2212 -0.7226 -0.6550
vn -0.0806 -0.8037 -0.5896
vn -0.1612 -0.9669 0.1978
vn 0.1283 -0.1549 0.9796
vn 0.2547 0.7580 -0.6004
vn -0.1587 0.6872 -0.7090
vn 0.1040 0.8493 0.5176
vn -0.1194 -0.8194 -0.5607
vn -0.2206 -0.7945 -0.5657
vn -0.2693 -0.7754 -0.5711
vn 0.1373 0.8413 0.5228
vn 0.1231 0.8574 0.4997
vn 0.3112 0.5795 -0.7532
vn 0.2832 0.5747 -0.7678
vn -0.4779 -0.8769 -0.0514
vn 0.1344 0.8569 0.4976
vn 0.2224 0.6933 -0.6855
vn -0.1763 -0.4026 -0.8982
vn 0.0728 0.9597 0.2714
vn 0.2281 0.5661 0.7921
vn 0.2743 0.5699 0.7746
vn -0.1530 0.7646 -0.6261
vn -0.1314 -0.6026 -0.7872
vn 0.1851 0.5083 -0.8411
vn -0.1465 -0.2586 -0.9548
vn -0.1154 -0.0951 -0.9887
vn 0.0346 0.9947 0.0972
vn 0.1720 0.1631 -0.9715
vn -0.1744 -0.0385 -0.9839
vn -0.1113 0.1512 -0.9822
vn 0.2217 0.7075 -0.6710
vn -0.2021 -0.5640 -0.8007
vn -0.3189 -0.5811 -0.7487
vn -0.1436 0.7519 -0.6434
vn 0.1266 0.7709 0.6243
vn 0.2451 0.6015 -0.7603
vn 0.1489 0.2960 -0.9435
vn -0.0881 0.3119 0.9460
vn -0.2157 0.2083 0.9540
vn -0.1035 0.3623 -0.9263
vn -0.1168 -0.5875 -0.8008
vn 0.1495 0.7447 -0.6505
vn -0.1133 0.4035 -0.9079
vn 0.0248 0.9356 -0.3522
vn -0.1126 0.9907 0.0771
vn 0.1049 0.4746 -0.8739
vn 0.2056 0.6205 -0.7567
vn -0.0875 0.8419 -0.5325
vn 0.1709 0.0292 -0.9849
vn 0.1070 0.3185 0.9419
vn -0.0613 0.8511 0.5213
vn 0.1771 0.0669 -0.9819
vn -0.2378 0.4062 -0.8823
vn 0.0961 0.0983 -0.9905
vn 0.0767 0.8682 0.4903
vn 0.1655 0.6460 -0.7452
vn -0.0133 0.9886 -0.1503
vn -0.0461 -0.0128 -0.9989
vn -0.1370 0.9426 -0.3045
vn 0.0946 0.6232 -0.7763
vn -0.0226 0.9525 -0.3036
vn 0.1596 -0.6565 -0.7372
vn 0.1158 0.7625 -0.6365
vn 0.0512 0.2740 -0.9604
vn 0.0338 0.9658 -0.2572
vn -0.0787 -0.5284 -0.8453
vn 0.0145 0.8136 -0.5812
vn 0.0185 0.3036 -0.9526
vn -0.0035 -0.2058 -0.9786
vn 0.0064 0.1875 -0.9822
vn -0.0233 -0.4567 -0.8893
vn 0.1037 0.5311 -0.8410
vn -0.0025 0.0482 -0.9988
vn 0.0382 0.8022 -0.5959
vn -0.0057 0.9333 0.3590
vn 0.0920 0.6545 0.7505
vn 0.0971 0.6431 0.7596
vn 0.0240 0.5488 0.8356
vn 0.0538 0.8965 0.4398
vn 0.0485 0.5966 -0.8011
vn 0.0341 0.0386 -0.9987
vn 0.0765 -0.4098 -0.9090
vn 0.0438 -0.6024 -0.7970
vn -0.0267 0.4496 -0.8928
vn 0.0001 0.8271 0.5620
vn 0.0730 0.3670 0.9274
vn 0.0616 0.5293 0.8462
vn 0.0793 -0.1102 0.9907
vn 0.0377 0.8897 -0.4549
vn -0.0169 0.4722 -0.8813
vn -0.0401 0.4773 -0.8778
vn 0.0120 0.8850 -0.4655
vn 0.0373 0.7001 0.7131
vn 0.0512 -0.0426 -0.9978
vn 0.0971 -0.5997 -0.7943
vn -0.1361 0.0466 -0.9896
vn -0.1015 0.1653 -0.9810
vn -0.0191 -0.1622 -0.9866
vn 0.0014 0.8892 -0.4575
vn -0.0429 0.9093 0.4140
vn 0.0512 0.5511 -0.8329
vn -0.0082 0.6490 -0.7607
vn 0.0806 -0.4224 -0.9028
vn 0.1087 -0.0014 -0.9941
vn -0.1056 0.9843 -0.1415
vn 0.0919 0.5100 0.8552
vn 0.0573 0.2865 0.9564
vn -0.1432 0.7909 -0.5950
vn 0.0662 0.6955 0.7155
vn -0.0613 0.9575 -0.2818
vn 0.0197 0.6146 0.7886
vn -0.0542 0.9530 0.2982
vn -0.0321 -0.3782 -0.9252
vn -0.0621 0.6165 -0.7849
vn -0.0299 0.6523 -0.7574
vn 0.1059 -0.1103 -0.9882
vn 0.0818 -0.5315 -0.8431
vn -0.0126 0.6817 0.7315
vn -0.0708 0.6174 0.7834
vn -0.1139 0.6004 -0.7916
vn -0.1531 0.8065 0.5711
vn -0.2089 0.0809 -0.9746
vn -0.1518 0.6192 -0.7704
vn -0.0683 0.9479 -0.3111
vn -0.1868 0.2632 -0.9465
vn 0.1659 -0.2611 -0.9509
vn 0.1166 0.4707 -0.8746
vn -0.0555 0.9002 -0.4320
vn -0.1897 0.4516 -0.8718
vn -0.0337 0.7473 -0.6637
vn -0.0657 0.8324 0.5503
vn -0.0712 0.7623 0.6433
vn 0.1047 -0.7107 -0.6957
vn 0.1462 -0.4909 -0.8588
vn 0.0348 0.8628 -0.5044
vn 0.2212 -0.5829 -0.7819
vn -0.2311 0.4920 -0.8393
vn 0.2369 -0.0387 -0.9708
vn 0.1181 0.6211 0.7748
vn -0.2125 0.5429 0.8125
vn -0.0954 0.5849 0.8054
vn -0.1481 0.6751 0.7227
vn 0.2164 0.2999 -0.9291
vn -0.1475 0.7661 0.6255
vn -0.1859 0.8601 0.4751
vn 0.1395 0.7479 0.6489
vn -0.1645 0.6200 -0.7672
vn -0.2977 0.0254 -0.9543
vn -0.2837 0.2647 -0.9216
vn 0.1156 0.9446 0.3073
vn -0.1985 0.6390 -0.7432
vn -0.2758 0.1011 -0.9559
vn -0.0644 0.9478 -0.3123
vn -0.1329 0.3181 -0.9387
vn -0.1516 0.7260 -0.6708
vn 0.2342 -0.4446 -0.8646
vn -0.1813 0.9441 0.2753
vn 0.1276 0.8841 -0.4496
vn -0.1009 0.3001 0.9486
vn -0.2973 0.2895 0.9098
vn -0.1884 0.0735 0.9793
vn 0.2531 -0.0035 -0.9674
vn -0.1577 0.4343 0.8869
vn -0.2501 0.3774 0.8916
vn -0.2128 0.5123 0.8320
vn 0.1631 0.5657 -0.8083
vn 0.1737 -0.5340 -0.8274
vn 0.2521 -0.1097 -0.9615
vn -0.0743 0.9242 -0.3747
vn -0.0482 0.9491 -0.3111
vn -0.0569 0.9426 -0.3291
vn -0.2800 0.4310 -0.8578
vn -0.1559 0.7692 0.6198
vn 0.1526 0.7531 0.6400
vn 0.3019 -0.5418 -0.7844
vn -0.3185 0.6919 0.6479
vn -0.1859 0.8844 0.4280
vn -0.3580 0.2479 -0.9002
vn -0.3465 0.1516 -0.9257
vn 0.1123 -0.9349 -0.3366
vn 0.0948 -0.8466 -0.5237
vn 0.1565 -0.8123 -0.5619
vn 0.1851 -0.5245 -0.8311
vn 0.2035 -0.5264 -0.8255
vn -0.2582 0.6333 -0.7295
vn 0.1287 0.7797 0.6128
vn 0.1022 0.8001 0.5911
vn 0.1273 0.8410 0.5258
vn -0.3089 0.7418 -0.5953
vn 0.0537 0.9487 0.3117
vn -0.2045 0.7475 -0.6320
vn 0.2515 -0.5183 -0.8174
vn -0.1460 0.8254 -0.5454
vn -0.3444 0.1611 -0.9249
vn 0.2229 0.5740 -0.7879
vn -0.1076 0.8976 -0.4275
vn -0.3861 0.2724 -0.8813
vn -0.1092 0.9683 -0.2245
vn -0.3659 0.5440 -0.7551
vn -0.1212 0.9487 -0.2919
vn 0.3337 -0.2981 -0.8943
vn -0.3639 0.4692 -0.8046
vn -0.2735 0.7454 0.6079
vn -0.2034 0.6816 0.7029
vn -0.2889 0.6191 0.7302
vn -0.1564 0.8296 0.5360
vn 0.2394 -0.8622 -0.4464
vn 0.3040 -0.4946 -0.8142
vn -0.3729 0.0556 -0.9262
vn -0.2669 0.8902 -0.3693
vn -0.3528 0.1172 -0.9283
vn -0.3018 0.6775 -0.6708
vn 0.3124 0.2717 -0.9103
vn -0.1532 0.8302 -0.5360
vn 0.2643 0.5610 -0.7845
vn -0.2893 0.6162 -0.7325
vn -0.3242 0.5797 0.7475
vn 0.1323 0.8493 0.5111
vn -0.1413 -0.8323 0.5360
vn -0.2804 0.4818 0.8302
vn -0.4689 0.0167 -0.8831
vn -0.4034 0.0514 0.9136
vn -0.3456 0.1788 0.9212
vn -0.2527 0.1145 0.9608
vn 0.3027 -0.6693 -0.6785
vn 0.2946 -0.6646 -0.6866
vn -0.2183 0.6838 -0.6962
vn -0.2544 0.5940 -0.7632
vn 0.2972 -0.6123 -0.7326
vn -0.1938 0.7818 -0.5926
vn 0.3336 0.4845 -0.8087
vn 0.2570 0.4593 0.8503
vn 0.1701 0.8182 0.5492
vn 0.3490 -0.6282 -0.6954
vn 0.4037 -0.0143 -0.9148
vn -0.4568 0.0748 -0.8864
vn 0.1146 -0.9930 0.0294
vn 0.3214 -0.5699 -0.7563
vn -0.3465 0.5329 0.7720
vn -0.3532 0.5905 0.7257
vn -0.4979 0.2380 0.8339
vn -0.4514 0.0849 0.8883
vn -0.4722 0.2124 -0.8555
vn 0.2029 -0.9189 -0.3383
vn 0.2507 -0.8004 -0.5445
vn 0.2719 -0.7857 -0.5556
vn 0.2902 -0.6611 -0.6919
vn 0.3805 -0.1381 -0.9144
vn 0.3859 -0.6158 -0.6869
vn -0.3274 0.6886 -0.6471
vn 0.2947 -0.6558 -0.6951
vn -0.1237 0.9923 0.0047
vn -0.3522 0.7715 0.5298
vn -0.4215 0.4876 0.7646
vn 0.1403 0.8975 -0.4181
vn 0.1657 0.8623 -0.4785
vn 0.1961 0.7755 0.6001
vn 0.2166 0.8944 -0.3912
vn -0.4082 0.2227 0.8853
vn -0.5129 0.1891 -0.8373
vn 0.3162 -0.7172 -0.6210
vn 0.0834 0.9703 0.2271
vn 0.0939 0.9557 0.2790
vn 0.1884 0.8031 0.5653
vn 0.2393 0.7319 0.6380
vn 0.1837 0.8091 0.5582
vn 0.1988 -0.6896 -0.6963
vn 0.4644 -0.2423 -0.8518
vn -0.3071 0.6990 -0.6458
vn -0.3898 0.6446 -0.6577
vn -0.1915 0.8035 -0.5636
vn 0.5139 -0.0297 -0.8573
vn 0.3118 -0.6415 -0.7009
vn 0.3088 -0.6489 -0.6954
vn 0.4105 -0.0356 -0.9111
vn -0.5179 0.3160 -0.7949
vn -0.4569 0.0587 -0.8876
vn 0.2084 0.7738 0.5981
vn 0.2671 -0.8800 -0.3928
vn 0.3090 -0.6547 -0.6899
vn 0.3481 -0.6580 -0.6678
vn 0.3332 -0.6550 -0.6782
vn -0.3917 0.7503 -0.5325
vn 0.1388 0.9349 0.3267
vn 0.3834 -0.6951 -0.6082
vn 0.4182 -0.6329 -0.6516
vn -0.5020 0.0257 -0.8645
vn -0.2657 0.7901 0.5524
vn -0.4211 0.2707 -0.8657
vn -0.3262 0.7062 -0.6284
vn -0.2936 0.7660 -0.5719
vn 0.3578 -0.6104 -0.7067
vn 0.3297 -0.6318 -0.7015
vn -0.5489 0.4430 -0.7088
vn -0.4047 0.6193 -0.6728
vn -0.2698 0.8081 -0.5236
vn 0.2279 0.8106 0.5394
vn 0.2466 0.7791 0.5763
vn 0.3561 -0.6525 -0.6690
vn 0.3378 -0.6483 -0.6824
vn 0.3833 -0.6509 -0.6553
vn 0.3771 -0.6574 -0.6524
vn -0.5078 0.4379 -0.7418
vn -0.1324 0.9712 0.1981
vn 0.4964 -0.1540 -0.8543
vn 0.4340 -0.5209 -0.7350
vn 0.5081 -0.2311 -0.8297
vn 0.4143 0.2436 -0.8769
vn -0.4852 0.5312 -0.6945
vn 0.3883 -0.6566 -0.6466
vn -0.4539 0.5685 -0.6862
vn -0.4475 0.5796 0.6811
vn -0.4773 0.5615 0.6760
vn 0.4236 -0.6002 -0.6785
vn 0.3934 -0.5862 -0.7083
vn 0.4596 -0.4449 -0.7686
vn -0.5638 0.1882 0.8042
vn -0.5459 0.4450 0.7099
vn 0.5175 -0.0927 -0.8506
vn 0.3437 -0.6529 -0.6750
vn 0.0617 0.9980 0.0157
vn -0.1976 0.8471 -0.4933
vn 0.3078 -0.7378 -0.6008
vn 0.4939 -0.5443 -0.6781
vn -0.6002 0.0934 -0.7944
vn 0.2428 0.9042 0.3514
vn 0.2457 0.8404 0.4830
vn 0.4228 -0.5896 -0.6882
vn 0.3837 -0.6567 -0.6493
vn 0.4856 -0.5426 -0.6854
vn -0.5200 0.2546 -0.8154
vn -0.4964 0.5663 -0.6579
vn -0.2853 0.8508 0.4413
vn 0.4607 -0.5517 -0.6952
vn -0.4307 0.7513 -0.5001
vn -0.4907 0.5956 -0.6360
vn -0.6231 0.0823 -0.7778
vn 0.3630 -0.7228 -0.5880
vn 0.3485 -0.5794 -0.7368
vn 0.4646 -0.5386 -0.7029
vn 0.4339 0.4364 -0.7882
vn 0.4284 -0.6398 -0.6380
vn -0.4038 0.6553 -0.6384
vn 0.3548 0.6868 -0.6344
vn 0.4960 -0.5509 -0.6712
vn -0.1556 0.9835 -0.0919
vn -0.4930 0.7706 -0.4039
vn 0.3979 -0.7541 -0.5226
vn -0.3823 0.8587 0.3412
vn -0.5577 0.0413 0.8290
vn -0.1770 0.9539 -0.2424
vn -0.6177 0.0257 -0.7860
vn -0.3834 0.3864 0.8389
vn -0.5324 0.3718 0.7604
vn -0.4141 0.5474 0.7272
vn 0.4108 -0.6441 -0.6453
vn -0.3466 0.9038 -0.2511
vn -0.0201 -0.9095 0.4153
vn -0.4956 0.5878 0.6394
vn 0.1274 0.9804 0.1503
vn -0.3216 0.7113 -0.6250
vn 0.5526 -0.5838 -0.5949
vn 0.3813 -0.7182 -0.5820
vn -0.4415 0.0099 0.8972
vn -0.5789 0.0371 0.8146
vn -0.5491 0.0817 0.8317
vn -0.4623 0.6929 -0.5534
vn -0.5514 0.5744 -0.6051
vn -0.4735 0.7068 0.5256
vn 0.3865 0.5366 0.7501
vn 0.4296 0.2650 0.8633
vn 0.3810 0.5395 0.7508
vn -0.5027 0.5398 0.6752
vn -0.4947 0.5479 0.6746
vn 0.5359 -0.4609 -0.7074
vn 0.5105 -0.5120 -0.6908
vn -0.3856 0.9066 0.1717
vn 0.6234 0.3361 -0.7060
vn 0.5464 -0.4951 -0.6755
vn -0.4783 0.7189 -0.5043
vn -0.5954 0.3831 0.7062
vn 0.4024 0.5261 0.7492
vn 0.2719 0.8843 0.3795
vn 0.3366 0.7521 0.5666
vn 0.4696 -0.5083 -0.7219
vn -0.4141 0.6027 -0.6821
vn -0.3230 0.7700 -0.5503
vn 0.5482 -0.6156 -0.5661
vn -0.5030 0.5808 0.6400
vn -0.5281 -0.2228 -0.8194
vn -0.4626 0.4542 -0.7614
vn -0.4949 0.7020 -0.5121
vn 0.4422 -0.6392 -0.6292
vn 0.4121 -0.6433 -0.6452
vn -0.6796 0.4934 -0.5430
vn 0.4915 -0.4988 -0.7139
vn -0.6536 0.2077 -0.7277
vn 0.5325 0.2452 -0.8101
vn 0.5652 -0.4565 -0.6872
vn 0.5665 -0.4831 -0.6676
vn 0.5878 -0.5508 -0.5926
vn -0.5859 0.5465 -0.5983
vn -0.5614 0.5223 0.6419
vn -0.8171 0.4912 0.3019
vn -0.6050 0.3548 0.7129
vn -0.6207 0.0630 0.7815
vn 0.5442 -0.0069 -0.8389
vn -0.4568 0.5578 -0.6930
vn 0.5468 -0.0327 -0.8366
vn 0.3180 0.7581 0.5694
vn -0.6140 0.2295 0.7552
vn -0.6650 0.2821 -0.6915
vn 0.4846 -0.7241 -0.4907
vn -0.5849 0.0849 0.8066
vn -0.5998 0.0454 0.7989
vn -0.6123 0.0177 0.7904
vn 0.5426 -0.5311 -0.6507
vn 0.5099 -0.6105 -0.6061
vn 0.5220 -0.5868 -0.6190
vn 0.4108 0.5403 0.7344
vn 0.4123 0.5343 0.7379
vn 0.4631 -0.6259 -0.6275
vn 0.4820 -0.6425 -0.5957
vn 0.4560 -0.6496 -0.6084
vn -0.5492 0.5846 0.5972
vn -0.6506 0.4750 0.5925
vn -0.5657 0.5521 0.6125
vn -0.4405 0.3712 0.8174
vn -0.6094 0.4334 0.6639
vn -0.5914 0.3881 0.7068
vn 0.5373 -0.7591 -0.3675
vn 0.5806 -0.7256 -0.3693
vn 0.5943 -0.7255 -0.3470
vn 0.6447 -0.4205 -0.6384
vn 0.5928 -0.4599 -0.6611
vn 0.7479 -0.3097 -0.5871
vn 0.5468 -0.5597 -0.6227
vn 0.5722 -0.6830 -0.4539
vn 0.5443 -0.6149 -0.5707
vn 0.4552 -0.6249 -0.6342
vn 0.4567 -0.5821 -0.6728
vn 0.4969 -0.5614 -0.6618
vn -0.5175 0.7099 0.4777
vn -0.5567 0.6588 -0.5060
vn -0.6750 0.4849 0.5561
vn -0.6124 0.4847 0.6245
vn -0.5933 0.2939 0.7494
vn 0.6806 -0.3977 -0.6153
vn -0.6064 0.5883 0.5350
vn -0.6138 0.1879 0.7667
vn -0.5929 0.1406 0.7929
vn 0.3376 0.8299 -0.4443
vn 0.6946 -0.5078 -0.5095
vn -0.5837 0.6069 -0.5394
vn 0.6001 -0.4925 -0.6303
vn 0.5807 0.3835 -0.7182
vn -0.4808 0.5951 -0.6439
vn -0.5845 0.6509 -0.4844
vn -0.6129 0.3987 0.6822
vn 0.0081 0.3215 0.9469
vn -0.6355 0.2590 0.7274
vn -0.6144 0.0308 0.7884
vn -0.8744 0.0182 0.4848
vn -0.3399 0.7962 -0.5005
vn 0.2882 0.9210 0.2621
vn 0.4720 -0.7868 -0.3977
vn 0.7292 -0.0792 -0.6797
vn -0.6170 0.0908 0.7817
vn -0.6001 0.5960 -0.5335
vn -0.6523 0.0033 0.7580
vn -0.6402 0.0067 0.7682
vn -0.6218 0.0093 0.7832
vn -0.7235 -0.0399 0.6892
vn -0.6147 0.1277 0.7784
vn -0.6045 0.1438 0.7835
vn -0.3687 0.8101 -0.4558
vn -0.3439 0.9286 -0.1396
vn -0.6402 -0.0007 0.7682
vn -0.6764 -0.0247 0.7361
vn -0.9858 -0.0179 0.1669
vn -0.4964 0.1500 0.8551
vn -0.5993 0.1906 0.7775
vn 0.5188 -0.4997 -0.6937
vn 0.5424 -0.3191 -0.7771
vn -0.6656 0.0041 0.7463
vn -0.7125 0.0510 0.6998
vn -0.6652 0.0048 0.7466
vn 0.7500 0.3548 -0.5583
vn 0.7405 -0.2849 -0.6087
vn 0.1842 -0.9590 -0.2152
vn 0.5013 -0.5503 -0.6677
vn -0.5180 0.7358 0.4363
vn -0.4944 0.7314 0.4697
vn -0.6486 0.0014 0.7611
vn -0.4918 0.6194 -0.6120
vn -0.7039 -0.0055 0.7103
vn -0.6552 0.0061 0.7554
vn -0.6213 0.0087 0.7835
vn -0.4444 0.0280 0.8954
vn -0.6606 -0.0005 0.7507
vn -0.7326 0.0306 0.6799
vn -0.6885 0.0141 0.7251
vn -0.7156 0.0232 -0.6981
vn -0.3487 0.8194 -0.4549
vn -0.0257 0.1039 0.9943
vn -0.7134 0.1214 0.6901
vn -0.6900 0.0126 0.7237
vn -0.6270 -0.0173 0.7788
vn -0.6336 0.0709 0.7704
vn -0.6513 0.0696 0.7556
vn -0.6637 0.0875 0.7429
vn -0.6629 0.1071 0.7410
vn -0.6561 0.0851 0.7499
vn -0.6665 0.6032 -0.4382
vn 0.6312 -0.5965 -0.4958
vn 0.7259 -0.2213 -0.6512
vn 0.5935 -0.6999 -0.3974
vn -0.6778 0.1080 0.7272
vn -0.7093 0.1311 0.6926
vn -0.6610 0.1622 0.7326
vn -0.5912 0.2858 0.7542
vn -0.5549 0.4178 0.7194
vn -0.4078 0.8281 -0.3846
vn -0.6589 0.0164 0.7520
vn -0.6766 0.0789 0.7321
vn -0.7223 0.0689 -0.6881
vn -0.5078 0.5543 0.6595
vn -0.5100 0.4979 0.7014
vn 0.3874 0.7148 0.5822
vn 0.4744 0.6293 0.6156
vn -0.3873 0.9211 0.0407
vn -0.6095 0.6606 -0.4382
vn -0.6400 0.6034 0.4756
vn -0.8801 0.4659 -0.0914
vn -0.7283 0.3409 -0.5944
vn -0.3313 0.8305 -0.4478
vn -0.5245 0.7865 0.3260
vn -0.5341 0.7437 0.4020
vn -0.7081 0.0940 -0.6998
vn -0.6707 0.0862 0.7367
vn -0.6077 0.4354 -0.6642
vn 0.5452 -0.5509 -0.6319
vn 0.6256 -0.5298 -0.5726
vn 0.5577 -0.5201 -0.6468
vn 0.5459 -0.3586 -0.7573
vn -0.6264 0.1991 0.7536
vn -0.5906 0.2041 0.7807
vn -0.6065 0.2213 0.7637
vn 0.5817 -0.2443 -0.7759
vn 0.5529 -0.4593 -0.6952
vn -0.6138 0.6428 -0.4583
vn 0.5513 -0.3882 -0.7385
vn -0.7037 0.3094 -0.6396
vn -0.6295 0.1966 0.7517
vn -0.6608 0.1699 0.7311
vn -0.6610 0.5610 -0.4985
vn -0.6553 0.5967 -0.4632
vn -0.7665 0.4358 -0.4718
vn 0.5529 -0.5550 -0.6215
vn -0.6027 0.6820 -0.4144
vn 0.5432 -0.4766 -0.6912
vn -0.6913 0.3873 -0.6100
vn -0.6991 0.3976 -0.5942
vn -0.4374 0.3199 0.8405
vn -0.6493 0.2649 0.7129
vn 0.1539 0.3141 0.9368
vn -0.4911 0.6816 0.5424
vn -0.2774 0.9298 0.2418
vn 0.3314 0.8801 -0.3401
vn -0.6629 0.5438 -0.5146
vn -0.7045 0.3631 -0.6097
vn -0.7950 0.3027 0.5256
vn -0.5989 0.2215 0.7696
vn -0.5476 0.7936 0.2650
vn -0.6783 0.5430 -0.4950
vn -0.7159 0.3948 -0.5759
vn -0.7036 0.4222 -0.5715
vn -0.6961 0.4411 -0.5665
vn 0.5887 -0.2144 -0.7794
vn -0.5483 0.7938 -0.2632
vn -0.8024 -0.3559 0.4791
vn 0.5545 -0.5074 -0.6597
vn 0.5780 -0.4565 -0.6764
vn -0.6405 0.1891 -0.7443
vn -0.4863 0.7090 -0.5107
vn -0.6676 0.5785 -0.4686
vn -0.7150 0.3457 -0.6076
vn 0.5907 -0.1840 -0.7856
vn 0.5901 -0.1781 -0.7874
vn 0.4148 0.7441 0.5237
vn 0.4185 0.7362 0.5319
vn 0.5552 -0.6473 -0.5223
vn 0.5421 -0.6385 -0.5463
vn 0.5693 -0.6406 -0.5153
vn -0.7143 0.4067 -0.5695
vn -0.7258 0.3800 -0.5735
vn 0.6285 -0.3321 -0.7034
vn 0.6358 -0.3072 -0.7081
vn 0.6796 -0.3691 -0.6339
vn -0.7105 0.1511 -0.6872
vn -0.5638 0.6220 -0.5433
vn -0.5698 0.7437 -0.3497
vn -0.6775 0.5852 -0.4456
vn -0.7665 0.3139 -0.5603
vn 0.6065 -0.2467 -0.7558
vn -0.7878 0.0808 0.6106
vn 0.6195 -0.0536 -0.7832
vn -0.7737 0.2993 -0.5584
vn -0.7024 0.0103 0.7117
vn -0.7670 0.0046 -0.6416
vn 0.6149 -0.0203 -0.7884
vn -0.6864 0.5806 0.4380
vn -0.6492 0.6766 0.3474
vn -0.7775 0.5164 0.3588
vn -0.7873 0.2555 -0.5611
vn 0.6584 0.3235 0.6796
vn 0.0983 0.9943 0.0421
vn -0.7786 0.0374 -0.6264
vn -0.7504 0.0023 -0.6610
vn -0.6973 0.3431 -0.6293
vn 0.6482 -0.5461 -0.5307
vn 0.5567 -0.6508 -0.5163
vn 0.5488 -0.6036 -0.5783
vn 0.5696 -0.6160 -0.5442
vn -0.7462 0.1188 -0.6550
vn -0.7714 0.0678 -0.6327
vn -0.7676 0.0084 -0.6408
vn 0.3823 0.8261 0.4139
vn -0.5056 0.8563 -0.1052
vn -0.5972 0.7041 -0.3843
vn -0.8094 0.0773 -0.5822
vn -0.7230 -0.0063 -0.6908
vn -0.7662 0.0033 -0.6426
vn -0.7681 0.0031 -0.6403
vn 0.6045 -0.0364 -0.7958
vn 0.6073 -0.0259 -0.7940
vn -0.7610 0.0419 -0.6474
vn -0.5416 0.4473 0.7117
vn -0.6608 0.6575 0.3621
vn -0.6021 0.7053 -0.3743
vn -0.7642 0.0053 -0.6450
vn -0.7696 0.0072 -0.6385
vn -0.7582 0.0573 -0.6495
vn -0.7213 0.5701 -0.3933
vn -0.7777 0.0029 -0.6286
vn 0.6138 -0.0403 -0.7884
vn -0.7899 -0.0018 -0.6133
vn -0.7808 0.0092 -0.6247
vn -0.7857 0.0066 -0.6185
vn -0.7709 0.0024 -0.6370
vn -0.7502 0.0100 -0.6612
vn -0.5759 0.5357 -0.6176
vn -0.3330 -0.8619 0.3823
vn -0.4937 0.6862 0.5343
vn -0.7545 0.1927 -0.6274
vn -0.8538 0.1714 -0.4917
vn -0.7910 0.2083 -0.5753
vn -0.7972 0.1651 -0.5807
vn 0.6679 -0.1797 -0.7222
vn 0.7246 -0.2350 -0.6479
vn 0.6621 -0.2120 -0.7188
vn 0.6011 -0.1102 -0.7916
vn 0.6451 -0.1153 -0.7553
vn 0.6732 -0.1561 -0.7228
vn 0.6434 -0.0927 -0.7599
vn 0.6078 -0.0915 -0.7888
vn 0.6556 -0.0725 -0.7517
vn -0.7972 0.0712 -0.5995
vn -0.7954 0.0200 -0.6058
vn -0.8474 0.0530 -0.5284
vn -0.7897 0.0351 -0.6124
vn -0.7668 0.0140 -0.6417
vn -0.8242 -0.0223 -0.5658
vn -0.7786 0.0072 -0.6274
vn -0.7860 0.0038 -0.6182
vn -0.7908 0.0016 -0.6121
vn -0.7893 0.0030 -0.6139
vn -0.7803 -0.0057 -0.6254
vn 0.6107 -0.0289 -0.7913
vn -0.6144 0.0592 -0.7868
vn -0.7735 -0.0033 -0.6338
vn -0.7524 0.0335 -0.6579
vn 0.5671 -0.6303 -0.5302
vn 0.3585 -0.6771 -0.6427
vn 0.6590 -0.1930 -0.7270
vn -0.7902 0.0409 -0.6115
vn 0.7018 -0.0435 -0.7110
vn 0.6201 -0.0123 -0.7844
vn -0.7578 0.0104 -0.6524
vn -0.7517 0.0156 -0.6594
vn -0.7504 0.0586 -0.6584
vn -0.7424 0.0986 -0.6626
vn -0.7286 0.1314 -0.6722
vn 0.6186 0.1008 -0.7792
vn 0.6203 0.1862 -0.7620
vn -0.5349 0.6084 -0.5863
vn -0.4635 0.7652 -0.4467
vn 0.6512 -0.0662 -0.7561
vn 0.7145 -0.0834 -0.6946
vn 0.6565 -0.0666 -0.7514
vn -0.8044 0.0017 -0.5941
vn -0.7987 0.0069 -0.6017
vn -0.8254 0.0162 -0.5643
vn -0.7584 -0.0011 -0.6517
vn -0.8181 0.0126 -0.5749
vn -0.7823 0.0023 -0.6229
vn -0.7596 0.0074 -0.6504
vn 0.6137 -0.0093 -0.7895
vn 0.6101 -0.0097 -0.7922
vn -0.8334 0.0205 0.5523
vn -0.8159 0.0810 0.5724
vn 0.6072 0.0070 -0.7945
vn 0.6020 0.0028 -0.7985
vn 0.4937 0.5624 -0.6634
vn -0.6243 0.7083 -0.3295
vn -0.7527 0.5481 -0.3647
vn -0.8035 0.1166 -0.5838
vn 0.6513 -0.0476 -0.7573
vn -0.7929 0.0087 -0.6093
vn -0.7804 0.0021 -0.6253
vn -0.7704 0.0081 -0.6375
vn 0.6054 0.0019 -0.7959
vn 0.6148 -0.0041 -0.7887
vn 0.6028 0.0027 -0.7979
vn -0.5690 0.7863 0.2407
vn -0.5653 0.7884 0.2427
vn -0.8629 0.3105 -0.3987
vn 0.6483 -0.2722 -0.7111
vn 0.6693 -0.0448 -0.7416
vn 0.6889 -0.0281 -0.7243
vn -0.7824 0.0276 -0.6222
vn -0.7821 0.0362 -0.6221
vn -0.8050 0.0643 -0.5898
vn -0.8065 0.2151 0.5507
vn -0.1978 0.9692 -0.1467
vn -0.6240 0.7550 -0.2018
vn -0.5624 0.8026 0.1989
vn -0.6723 0.6632 0.3289
vn -0.9775 0.1755 -0.1168
vn -0.8008 0.0116 -0.5988
vn -0.7946 0.0126 -0.6070
vn -0.7981 0.0110 -0.6025
vn -0.7975 0.0126 -0.6032
vn -0.7938 0.0217 -0.6078
vn -0.8125 0.0761 -0.5779
vn -0.7759 0.0798 -0.6258
vn -0.7242 0.2757 -0.6321
vn 0.5874 0.3233 -0.7419
vn 0.4989 0.5451 -0.6738
vn 0.9840 -0.0179 0.1773
vn 0.6773 -0.0126 -0.7356
vn 0.6164 -0.0077 -0.7874
vn -0.8554 0.0991 -0.5083
vn -0.8146 0.0677 -0.5760
vn -0.7962 0.0487 -0.6031
vn -0.8042 0.0622 -0.5911
vn -0.7155 0.1649 -0.6788
vn 0.6042 0.0045 -0.7968
vn -0.7129 0.2310 -0.6621
vn 0.6110 0.0224 -0.7913
vn 0.4218 0.7548 -0.5023
vn -0.8217 0.5076 -0.2591
vn 0.6740 -0.0389 -0.7377
vn 0.6455 -0.0170 -0.7636
vn 0.5418 -0.0060 -0.8405
vn 0.6345 -0.0139 -0.7728
vn 0.6657 -0.0087 -0.7462
vn 0.6695 -0.0041 -0.7428
vn 0.6189 0.0042 -0.7854
vn 0.6720 0.0045 -0.7405
vn 0.6380 0.0006 -0.7700
vn 0.6601 0.0003 -0.7512
vn 0.6362 -0.0001 -0.7716
vn -0.7135 0.1828 -0.6764
vn -0.7371 0.5847 -0.3388
vn 0.6607 -0.0175 -0.7504
vn 0.6610 -0.0244 -0.7500
vn 0.7147 -0.0204 -0.6992
vn 0.6164 -0.0025 -0.7874
vn 0.6660 -0.0017 -0.7459
vn 0.6667 0.0011 -0.7453
vn 0.6391 0.0045 -0.7691
vn 0.6695 0.0018 -0.7428
vn -0.8107 0.0794 -0.5800
vn -0.7272 0.4298 0.5352
vn -0.8422 0.2391 -0.4833
vn 0.6786 -0.0312 -0.7338
vn 0.6791 -0.0310 -0.7333
vn -0.7383 0.1071 -0.6659
vn -0.7816 0.1117 -0.6137
vn -0.7973 0.1079 -0.5939
vn -0.8095 0.5302 -0.2522
vn -0.6867 0.6645 0.2949
vn -0.8723 0.1036 0.4778
vn 0.6832 -0.0333 -0.7295
vn 0.6676 0.0100 -0.7445
vn 0.6535 -0.0260 -0.7565
vn 0.6554 -0.0321 -0.7546
vn -0.8175 0.1998 -0.5402
vn 0.3946 0.4960 -0.7735
vn 0.4714 0.4280 -0.7711
vn 0.5865 0.1975 -0.7855
vn -0.5545 0.8210 0.1363
vn -0.6751 0.6803 0.2854
vn -0.7330 0.5892 -0.3400
vn 0.6613 0.0291 -0.7496
vn 0.7105 0.1371 -0.6902
vn 0.6687 0.0100 -0.7434
vn 0.6547 0.1635 -0.7380
vn 0.6477 0.1578 -0.7454
vn 0.5530 0.5614 -0.6156
vn 0.6629 0.3402 -0.6669
vn 0.6140 0.4522 -0.6470
vn -0.7978 0.1411 -0.5862
vn -0.7482 0.2799 -0.6015
vn -0.7324 0.3590 -0.5785
vn -0.7522 0.4019 -0.5222
vn -0.4805 0.6326 -0.6074
vn 0.4206 0.7794 0.4643
vn -0.6152 0.7645 -0.1924
vn -0.7020 0.6735 -0.2314
vn 0.6730 0.0028 -0.7397
vn -0.8009 0.1508 -0.5796
vn -0.8016 0.1404 -0.5811
vn -0.7947 0.1864 -0.5777
vn -0.6932 0.4945 -0.5243
vn -0.5016 0.7187 0.4815
vn 0.4512 0.6879 0.5685
vn -0.3432 -0.8317 -0.4364
vn 0.2298 0.9603 -0.1582
vn -0.5779 0.7917 0.1979
vn -0.7015 0.6659 -0.2540
vn -0.8822 0.2687 -0.3866
vn -0.7836 0.2224 -0.5801
vn 0.6546 0.1152 -0.7471
vn -0.4393 0.8293 0.3454
vn -0.6169 0.7636 -0.1908
vn -0.7163 0.6577 -0.2329
vn -0.5402 0.8415 0.0045
vn -0.7639 0.6058 0.2224
vn -0.6612 0.5462 -0.5142
vn -0.6530 0.5526 -0.5179
vn -0.5587 0.8262 0.0718
vn -0.3660 0.9189 -0.1471
vn -0.6713 0.7206 -0.1732
vn -0.7097 0.6783 -0.1906
vn -0.8066 0.5319 0.2579
vn -0.6498 0.7430 -0.1604
vn -0.7310 0.6589 -0.1774
vn -0.8971 0.0283 -0.4409
vn -0.4675 0.8812 0.0707
vn -0.6510 0.5527 -0.5203
vn -0.7137 0.2927 -0.6363
vn -0.8003 0.3508 -0.4862
vn 0.5406 0.6564 -0.5263
vn -0.5882 0.8074 -0.0456
vn -0.6271 0.7741 -0.0869
vn -0.5709 0.8200 -0.0412
vn -0.6501 0.7463 -0.1431
vn 0.8699 0.4598 -0.1785
vn -0.7225 0.6805 0.1221
vn -0.9628 0.2404 0.1233
vn -0.7028 0.6991 -0.1321
vn -0.8208 0.5619 -0.1029
vn -0.9074 0.2833 0.3103
vn -0.5438 0.7569 -0.3625
vn -0.6254 0.6058 -0.4919
vn -0.7458 0.6543 0.1250
vn -0.8559 0.5017 0.1254
vn 0.5965 0.5803 -0.5545
vn -0.7380 0.6678 0.0971
vn -0.7595 0.6473 0.0648
vn -0.7190 0.6909 -0.0753
vn -0.6779 0.7289 -0.0955
vn -0.6584 0.6164 0.4320
vn -0.6089 0.6092 0.5080
vn -0.5382 0.8425 0.0219
vn -0.7867 0.6171 0.0130
vn -0.7355 0.6763 -0.0402
vn -0.9328 0.0927 0.3484
vn -0.1332 0.9897 -0.0533
vn -0.5704 0.7127 -0.4082
vn -0.7481 0.6632 -0.0207
vn -0.9350 0.2704 -0.2297
vn -0.9064 0.0284 0.4215
vn -0.8906 0.1274 0.4366
vn -0.8202 0.3825 0.4254
vn -0.8614 0.2606 -0.4360
vn -0.9181 0.0436 -0.3940
vn -0.5741 0.7178 -0.3938
vn -0.5040 0.7943 0.3391
vn -0.2441 0.9383 0.2450
vn -0.5179 0.7321 0.4424
vn -0.5691 0.7407 -0.3570
vn -0.9534 0.0865 -0.2892
vn -0.6211 0.6451 0.4451
vn -0.7228 0.5391 -0.4323
vn 0.0497 0.9941 0.0966
vn -0.9430 0.0450 -0.3296
vn -0.9573 0.0120 -0.2887
vn -0.8042 0.3916 0.4471
vn -0.9541 0.2745 0.1197
vn -0.9268 0.1746 -0.3326
vn 0.1652 0.9732 0.1600
vn -0.9466 0.3182 -0.0517
vn -0.6331 0.6802 -0.3695
vn 0.7338 -0.4754 -0.4853
vn 0.8163 -0.2639 -0.5138
vn 0.8120 -0.0877 -0.5770
vn 0.7945 -0.0146 -0.6071
vn 0.7987 0.1583 -0.5806
vn -0.9681 0.0486 0.2458
vn -0.8009 0.4234 0.4233
vn 0.4446 0.8332 -0.3288
vn -0.9844 0.1174 0.1310
vn -0.9557 0.0423 0.2914
vn 0.0862 0.9936 0.0732
vn -0.0203 0.9998 0.0093
vn -0.6322 0.6826 -0.3666
vn 0.3099 0.9340 0.1776
vn 0.4744 0.7856 -0.3973
vn -0.9520 0.1366 0.2738
vn -0.7869 0.5120 -0.3445
vn 0.4780 0.8430 0.2468
vn -0.9861 0.0958 -0.1358
vn -0.8921 0.3302 0.3086
vn -0.8906 0.2750 -0.3623
vn -0.7605 0.5463 -0.3510
vn 0.4899 0.7983 0.3503
vn -0.9959 0.0903 -0.0065
vn -0.5785 0.7553 -0.3079
vn -0.2823 0.9532 -0.1083
vn -0.9898 0.0255 0.1404
vn -0.9845 0.0395 -0.1707
vn -0.7228 0.6266 0.2914
vn -0.3606 0.8239 0.4373
vn 0.1484 -0.9877 0.0489
vn 0.0503 0.9970 0.0583
vn -0.3569 0.9156 0.1852
vn -0.9995 0.0297 -0.0130
vn -0.9875 0.1149 0.1083
vn -0.6356 0.6878 0.3508
vn -0.9616 0.1644 -0.2196
vn 0.4731 -0.8520 0.2241
vn -0.5391 0.8140 -0.2165
vn -0.2991 0.9482 0.1072
vn -0.8939 0.4143 -0.1711
vn 0.3863 0.9204 -0.0605
vn -0.9938 0.0995 -0.0502
vn -0.9639 0.2507 0.0897
vn 0.4915 0.8013 -0.3411
vn 0.8686 -0.0211 -0.4951
vn -0.8575 0.4740 0.2000
vn -0.6290 0.7473 0.2143
vn -0.6221 0.7574 0.1984
vn 0.8864 -0.1385 -0.4417
vn -0.0981 0.9804 -0.1711
vn 0.6060 0.7167 0.3452
vn 0.6389 0.6883 0.3436
vn -0.6464 0.7443 -0.1680
vn 0.3433 0.9263 -0.1553
vn 0.5451 0.7488 0.3770
vn -0.6570 0.7164 -0.2349
vn -0.7972 0.5780 -0.1744
vn 0.5638 0.7512 0.3432
vn -0.6883 0.7187 0.0985
vn 0.7708 0.4763 0.4230
vn 0.7671 0.5160 0.3811
vn 0.8497 0.2365 0.4713
vn -0.6669 -0.7414 -0.0747
vn 0.5855 0.7531 0.3000
vn -0.9033 0.4289 -0.0121
vn 0.7341 0.5079 -0.4507
vn 0.8193 0.4320 -0.3770
vn 0.8401 0.2653 -0.4731
vn 0.5683 0.7670 0.2980
vn 0.1734 0.9770 0.1244
vn 0.7647 0.4837 0.4257
vn 0.8050 0.4468 0.3904
vn -0.7839 0.6158 -0.0794
vn -0.7835 0.6165 0.0778
vn -0.6250 0.7656 -0.1524
vn 0.0488 0.9987 0.0156
vn -0.2270 0.9737 -0.0177
vn 0.2914 0.9504 0.1085
vn 0.5166 0.8267 0.2228
vn 0.5233 0.8152 0.2483
vn -0.8692 0.4822 0.1098
vn 0.9251 -0.0111 -0.3796
vn 0.7229 0.5608 0.4037
vn 0.8337 0.3529 0.4248
vn -0.4570 0.8885 -0.0424
vn 0.3800 0.8376 0.3924
vn 0.7094 0.6353 0.3051
vn 0.5429 0.8243 0.1605
vn 0.3914 0.9092 -0.1420
vn 0.9425 0.0609 0.3286
vn 0.8531 0.4543 0.2564
vn -0.9232 -0.2554 -0.2871
vn 0.8674 0.3988 0.2975
vn 0.3437 0.9375 0.0541
vn 0.5308 0.8304 -0.1697
vn 0.9696 0.0164 0.2441
vn 0.9663 0.0775 0.2455
vn 0.5631 0.8118 -0.1545
vn 0.2788 0.9596 0.0388
vn 0.6488 0.7599 -0.0399
vn 0.8287 0.5511 -0.0975
vn 0.9573 0.2838 -0.0554
vn 0.8485 0.5103 -0.1402
vn 0.4997 0.8662 0.0073
vn -0.1205 -0.0170 0.9926
vn -0.4243 0.0082 0.9055
vn -0.6575 0.1495 0.7385
vn -0.2038 -0.0878 0.9751
vn -0.9368 -0.2181 -0.2736
vn -0.8270 0.2227 0.5162
vn -0.8908 0.2065 0.4048
vn -0.7961 0.2408 0.5552
vn -0.7996 0.2353 0.5525
vn -0.4404 0.1664 0.8822
vn 0.0613 0.0150 0.9980
vn 0.2655 -0.0741 0.9613
vn -0.3519 0.1979 0.9149
vn -0.4946 -0.2300 0.8381
vn -0.7419 -0.3041 0.5977
vn -0.7108 0.3639 0.6019
vn -0.4174 -0.2191 0.8819
vn -0.4895 0.1853 0.8521
vn -0.5961 0.2863 0.7501
vn -0.6383 0.0657 0.7669
vn 0.9877 -0.0060 0.1561
vn -0.8967 -0.0180 0.4422
vn 0.5352 0.0385 0.8438
vn 0.7440 -0.0294 0.6675
vn 0.9563 -0.0161 0.2918
vn 0.9083 -0.0281 0.4174
vn 0.8949 0.0390 0.4446
vn 0.8799 -0.1254 0.4582
vn 0.8455 -0.1624 -0.5086
vn 0.8978 -0.1927 -0.3961
vn 0.8482 -0.0558 -0.5267
vn 0.5698 -0.0859 0.8173
vn -0.3080 -0.1604 0.9378
vn 0.3910 0.0605 0.9184
vn 0.8682 0.0725 -0.4909
vn 0.9441 0.0473 -0.3262
vn 0.8356 0.1274 -0.5344
vn 0.3789 0.0171 0.9253
vn 0.8125 0.1106 0.5724
vn 0.6017 -0.1213 0.7895
vn -0.6789 0.3624 0.6386
vn 0.3092 0.1243 0.9428
vn 0.3198 0.0822 0.9439
vn 0.0379 -0.0472 -0.9982
vn 0.9054 0.2410 -0.3496
vn 0.8267 0.1447 -0.5437
vn 0.7234 0.1559 0.6726
vn 0.8060 -0.2102 0.5533
vn -0.7658 -0.4806 0.4273
vn 0.7552 0.1110 -0.6460
vn 0.8225 0.1215 -0.5557
vn 0.7817 0.0979 -0.6159
vn 0.8449 0.2211 -0.4872
vn 0.5075 -0.1614 0.8464
vn 0.5076 -0.1233 0.8527
vn 0.1791 -0.1586 0.9709
vn 0.8902 -0.1774 0.4196
vn -0.6896 0.3775 0.6181
vn 0.8080 0.3004 -0.5069
vn 0.8088 -0.2329 -0.5400
vn 0.8518 -0.2306 0.4704
vn -0.9047 0.2147 0.3680
vn 0.2896 -0.0956 0.9524
vn 0.7088 -0.2756 -0.6494
vn 0.5942 -0.1911 0.7813
vn 0.9934 -0.0981 -0.0596
vn 0.9384 -0.3444 0.0279
vn 0.6098 -0.2934 -0.7363
vn 0.2875 -0.0083 0.9577
vn 0.0201 -0.2256 0.9740
vn 0.7979 -0.3064 0.5192
vn 0.8164 0.3028 -0.4917
vn 0.7943 0.3184 -0.5174
vn 0.8722 -0.4537 0.1827
vn 0.6632 -0.2952 0.6878
vn 0.2287 0.1528 0.9614
vn 0.8375 -0.3782 0.3943
vn 0.6052 -0.2351 0.7605
vn 0.5092 -0.1836 0.8409
vn 0.8751 0.3558 -0.3281
vn 0.8501 0.2866 -0.4417
vn 0.8885 -0.3698 -0.2718
vn 0.7665 -0.4000 -0.5025
vn -0.7143 -0.5078 0.4815
vn 0.6798 -0.2992 0.6696
vn 0.7551 0.3840 0.5313
vn -0.6704 -0.5467 0.5016
vn 0.6880 0.3345 -0.6440
vn 0.8425 0.4859 -0.2325
vn 0.7238 -0.4587 -0.5155
vn -0.7930 -0.5580 -0.2446
vn 0.8133 0.3738 -0.4459
vn 0.8986 0.3859 0.2088
vn 0.3635 0.2446 0.8989
vn -0.7778 0.5141 -0.3616
vn 0.5814 -0.2992 0.7566
vn 0.4329 0.7684 0.4715
vn -0.7480 -0.6425 0.1661
vn -0.3072 0.3013 0.9027
vn -0.7163 -0.5841 0.3818
vn 0.7732 -0.4963 0.3948
vn -0.1762 0.1025 0.9790
vn 0.6608 -0.4270 0.6172
vn 0.2947 -0.2874 0.9114
vn 0.4129 -0.3148 0.8546
vn 0.5825 0.3166 0.7486
vn -0.4201 0.5175 0.7455
vn 0.4122 -0.3930 0.8220
vn 0.5933 -0.4799 -0.6463
vn -0.9299 -0.3434 -0.1320
vn -0.6293 -0.6053 0.4875
vn 0.5270 0.3099 0.7913
vn 0.6023 -0.4228 0.6771
vn -0.2137 -0.1760 0.9609
vn 0.7329 -0.5591 0.3876
vn -0.0705 0.0593 -0.9957
vn -0.5147 -0.4947 0.7002
vn -0.7825 0.6158 -0.0922
vn 0.5768 -0.4349 0.6914
vn -0.5323 0.7043 0.4697
vn -0.6709 -0.6535 0.3504
vn -0.4953 0.5446 0.6768
vn 0.7717 -0.6306 0.0828
vn 0.7777 -0.6020 0.1809
vn -0.1839 -0.2198 0.9580
vn 0.6910 0.5625 -0.4540
vn 0.6688 -0.5291 0.5223
vn 0.6720 -0.5287 0.5186
vn 0.4596 0.3196 0.8286
vn 0.6094 -0.7465 -0.2672
vn 0.5418 -0.6020 0.5865
vn 0.5291 -0.5613 0.6364
vn 0.5123 0.4410 0.7370
vn 0.6055 0.4946 0.6235
vn 0.5282 0.4182 0.7390
vn 0.6345 -0.7404 0.2217
vn -0.4783 -0.5100 -0.7149
vn 0.7220 -0.6850 -0.0970
vn 0.5433 -0.6658 0.5114
vn 0.7110 -0.6708 0.2110
vn 0.6622 -0.6707 0.3342
vn 0.6645 -0.5456 0.5106
vn 0.5384 0.5221 0.6615
vn 0.5453 -0.3602 -0.7569
vn 0.7028 -0.6214 0.3463
vn 0.5746 -0.7230 0.3834
vn 0.6089 -0.6830 0.4033
vn 0.5936 -0.8043 -0.0278
vn 0.5511 0.5883 0.5917
vn 0.6032 -0.6718 -0.4299
vn 0.6559 -0.5311 -0.5364
vn -0.9662 -0.0488 -0.2530
vn -0.2726 0.5075 0.8174
vn 0.9090 -0.2261 0.3501
vn 0.6352 -0.7268 0.2614
vn 0.7286 0.6165 0.2986
vn 0.7163 0.5444 0.4364
vn 0.8130 0.5053 0.2893
vn 0.7067 0.6447 0.2916
vn 0.5867 -0.7951 -0.1539
vn 0.0349 0.2825 0.9586
vn -0.2310 -0.3588 0.9044
vn 0.6484 0.6266 0.4323
vn 0.4216 -0.8726 -0.2466
vn 0.6945 -0.6972 0.1776
vn 0.6124 -0.7906 0.0011
vn 0.2418 -0.4603 0.8542
vn 0.5191 -0.8308 -0.2007
vn 0.6407 0.6414 0.4220
vn -0.0083 -0.1445 0.9895
vn 0.6450 -0.7299 0.2264
vn -0.5524 -0.7152 -0.4283
vn 0.5936 0.6578 0.4637
vn 0.5395 0.5520 0.6358
vn 0.8548 0.4648 0.2308
vn 0.7915 0.6074 0.0684
vn 0.5196 -0.7905 -0.3242
vn -0.5400 -0.6782 0.4985
vn 0.5346 -0.8143 -0.2259
vn -0.2561 0.5011 0.8267
vn 0.4582 -0.7697 0.4446
vn 0.4274 -0.6608 0.6169
vn 0.5045 -0.7180 -0.4795
vn -0.5403 -0.7105 0.4509
vn 0.4175 -0.8992 0.1311
vn 0.5934 0.7037 -0.3906
vn 0.6312 0.7125 -0.3065
vn 0.5761 0.6953 -0.4298
vn 0.5010 0.4745 -0.7238
vn 0.4211 -0.8074 -0.4132
vn -0.2409 0.3923 0.8877
vn 0.6529 0.7333 -0.1897
vn 0.2314 -0.9304 0.2844
vn 0.3910 -0.5457 0.7412
vn 0.1313 -0.3649 0.9217
vn -0.4816 -0.6869 0.5443
vn 0.4743 0.6452 0.5990
vn 0.1139 -0.2363 -0.9650
vn 0.1375 -0.3444 0.9287
vn -0.2631 0.5397 0.7997
vn 0.3447 -0.7587 0.5528
vn 0.4521 -0.8754 0.1708
vn -0.2476 -0.2794 -0.9277
vn -0.4391 -0.5412 0.7172
vn 0.3133 -0.7612 0.5679
vn -0.1582 -0.1755 0.9717
vn 0.3269 -0.8098 0.4873
vn -0.3548 0.8153 0.4577
vn -0.1943 0.3383 0.9208
vn -0.2716 0.8350 0.4785
vn -0.1112 -0.1410 0.9837
vn 0.2818 -0.7634 0.5812
vn -0.4103 -0.5293 0.7426
vn 0.1157 -0.3969 0.9105
vn -0.1784 -0.2753 0.9447
vn -0.3356 -0.5417 0.7707
vn -0.5142 -0.8489 -0.1221
vn 0.2886 -0.8549 0.4311
vn 0.2787 -0.8014 0.5292
vn 0.1493 -0.4618 0.8743
vn -0.3923 -0.6968 0.6004
vn -0.2524 -0.2095 0.9447
vn -0.3047 -0.4494 0.8398
vn -0.0023 0.1165 0.9932
vn -0.1872 0.9800 0.0675
vn 0.1725 -0.8699 0.4620
vn -0.3345 -0.5257 0.7822
vn -0.2638 -0.3637 0.8934
vn -0.4383 -0.7256 -0.5306
vn -0.5036 -0.7643 0.4029
vn -0.4838 -0.7748 -0.4069
vn -0.4486 -0.7520 0.4830
vn 0.1535 -0.9639 0.2175
vn 0.0379 -0.7045 0.7087
vn -0.0817 -0.9858 -0.1469
vn 0.0364 -0.4763 -0.8785
vn -0.3551 -0.6644 0.6576
vn -0.1175 -0.9594 0.2564
vn -0.4175 -0.7552 -0.5053
vn -0.4078 -0.7431 0.5306
vn 0.0137 0.0359 -0.9993
vn 0.1665 -0.6857 0.7085
vn -0.3824 -0.7750 0.5031
vn -0.0920 -0.3417 -0.9353
vn -0.3747 -0.5324 -0.7591
vn 0.3076 0.6239 0.7184
vn -0.3609 -0.6763 0.6422
vn -0.4360 -0.6990 0.5669
vn -0.1482 -0.8759 0.4592
vn -0.0379 -0.0650 0.9972
vn 0.3920 0.8899 -0.2332
vn -0.3980 -0.7996 -0.4498
vn -0.4053 -0.7627 0.5040
vn -0.4123 -0.6365 -0.6519
vn 0.4197 0.9056 0.0616
vn 0.0884 0.2181 0.9719
vn -0.3956 -0.8562 -0.3324
vn -0.4920 -0.8402 0.2280
vn -0.3752 -0.7626 0.5270
vn -0.0362 -0.5060 0.8618
vn -0.1085 -0.7225 -0.6828
vn -0.3252 -0.9456 0.0109
vn -0.2776 -0.6438 0.7131
vn 0.0754 0.3346 0.9393
vn -0.4018 -0.9157 -0.0034
vn -0.0172 -0.0285 0.9994
vn -0.4368 -0.8980 0.0521
vn 0.2846 0.5567 0.7804
vn -0.3844 -0.7692 0.5104
vn -0.1777 -0.1366 0.9746
vn -0.3760 -0.7580 0.5330
vn 0.1886 0.5128 0.8375
vn 0.0399 0.5096 0.8595
vn 0.0838 0.7072 -0.7020
vn -0.2733 -0.8148 0.5112
vn -0.1798 -0.1877 0.9656
vn -0.1723 -0.8692 -0.4635
vn 0.0321 0.5718 0.8198
vn -0.4238 -0.6467 -0.6341
vn -0.5323 -0.8465 0.0109
vn -0.2541 -0.8106 -0.5277
vn -0.0014 0.6753 0.7376
vn -0.2569 -0.4468 0.8569
vn 0.3772 0.2793 0.8830
vn 0.1584 0.5545 0.8170
vn -0.1409 -0.9152 0.3775
vn -0.0011 0.4508 0.8926
vn 0.1318 0.8591 0.4946
vn -0.3218 -0.5352 -0.7810
vn -0.2907 -0.7958 0.5312
vn -0.4842 -0.7307 0.4813
vn -0.2074 -0.1427 0.9678
vn 0.1659 0.5422 0.8237
vn -0.2287 -0.0725 -0.9708
vn -0.2601 -0.4981 0.8272
vn -0.2957 -0.3942 -0.8702
vn -0.4125 -0.7769 0.4756
vn -0.4381 -0.8254 0.3561
vn 0.1572 0.7679 0.6210
vn 0.0631 0.5770 0.8143
vn -0.4758 -0.6252 0.6187
vn -0.2175 -0.4522 -0.8650
vn -0.5132 -0.4650 0.7214
vn -0.7799 -0.6117 0.1326
vn -0.3566 -0.5554 -0.7512
vn -0.6495 -0.7463 0.1455
vn -0.6429 -0.5190 0.5633
vn -0.6032 -0.7502 -0.2709
vn 0.0506 0.5073 0.8603
vn -0.4461 -0.7588 0.4747
vn -0.0771 0.1266 0.9890
vn -0.7823 -0.5704 0.2503
vn -0.3827 -0.5028 -0.7751
vn -0.3932 -0.3981 0.8288
vn -0.7162 -0.5466 0.4339
vn -0.2202 -0.0521 0.9740
vn -0.3947 -0.9160 -0.0714
vn -0.6174 -0.4952 -0.6113
vn -0.4520 -0.0581 0.8901
vn -0.4309 -0.4836 -0.7619
vn 0.0226 0.4647 0.8852
vn -0.4539 -0.0412 0.8901
vn -0.5855 -0.0891 0.8058
vn -0.3743 -0.4024 -0.8354
vn -0.1560 0.3243 0.9330
vn -0.4530 -0.1009 0.8858
vn -0.4480 -0.0550 0.8924
vn -0.4626 -0.1767 0.8688
vn -0.4461 -0.2743 0.8519
vn 0.0298 0.4514 0.8918
vn -0.4448 -0.7000 0.5587
vn 0.0383 0.4355 0.8994
vn -0.4388 0.1265 -0.8896
vn -0.4971 -0.8475 0.1862
vn -0.4967 -0.8574 0.1346
vn -0.4839 -0.8425 0.2368
vn -0.9553 0.2656 0.1300
vn -0.4737 -0.8778 0.0713
vn -0.4977 -0.6950 -0.5189
vn -0.4269 -0.6726 0.6045
vn -0.4742 -0.1252 0.8715
vn -0.4761 -0.3350 0.8131
vn -0.1203 0.5580 0.8211
vn -0.4965 -0.7290 0.4712
vn -0.6456 -0.6420 0.4137
vn -0.3099 -0.3051 0.9005
vn -0.4856 -0.4202 -0.7666
vn -0.4424 -0.5602 0.7003
vn -0.8900 -0.1159 0.4410
vn -0.3338 0.2224 0.9160
vn -0.1766 0.4184 0.8909
vn -0.1880 0.4410 0.8776
vn -0.6160 0.0199 0.7875
vn -0.4877 -0.6552 0.5769
vn -0.5037 -0.5914 0.6297
vn -0.4604 -0.4589 0.7599
vn -0.1480 0.4171 0.8967
vn -0.5432 -0.8152 0.2010
vn -0.5039 -0.7980 0.3307
vn -0.2591 0.9502 -0.1732
vn -0.6115 -0.4146 -0.6739
vn -0.6255 -0.3690 -0.6875
vn -0.7047 -0.6969 -0.1330
vn -0.8920 -0.3770 -0.2495
vn -0.7267 -0.2088 0.6544
vn -0.7885 -0.2622 0.5564
vn -0.0682 -0.5854 0.8079
vn -0.7465 -0.5641 0.3529
vn -0.5596 -0.6577 0.5043
vn -0.4850 -0.3677 0.7935
vn 0.5219 0.8366 -0.1663
vn -0.5133 -0.2892 0.8080
vn -0.0599 0.7063 0.7054
vn -0.1412 0.7118 0.6880
vn -0.4990 -0.3094 0.8095
vn -0.5715 -0.2726 0.7740
vn -0.5562 -0.2825 0.7816
vn -0.1896 0.5018 0.8440
vn -0.6154 -0.3777 0.6918
vn -0.3727 0.2055 0.9049
vn -0.4251 0.4507 0.7850
vn -0.3161 0.5799 0.7509
vn -0.6357 -0.4394 0.6347
vn -0.7050 -0.6203 0.3438
vn -0.6966 0.0625 0.7147
vn -0.5854 -0.8104 0.0225
vn -0.5499 -0.4030 0.7316
vn -0.6258 -0.4717 0.6212
vn -0.5741 0.1701 0.8009
vn -0.7639 -0.6131 0.2013
vn -0.7573 -0.6202 0.2046
vn -0.7711 -0.6010 0.2101
vn -0.5536 -0.3881 0.7368
vn -0.5246 -0.4145 0.7436
vn -0.5239 0.0742 0.8485
vn -0.6656 -0.7277 0.1659
vn -0.5284 -0.2618 0.8076
vn -0.6536 -0.5421 0.5282
vn -0.5093 -0.0301 0.8601
vn -0.5291 -0.1919 0.8266
vn -0.5282 -0.4608 0.7132
vn 0.1423 -0.1088 -0.9838
vn -0.7706 -0.2870 0.5690
vn -0.2947 -0.9556 -0.0082
vn -0.7621 -0.2060 0.6138
vn -0.4968 -0.5000 0.7093
vn -0.5237 -0.5029 0.6876
vn -0.3974 -0.9115 0.1056
vn -0.4838 -0.5066 0.7137
vn 0.7136 0.6968 0.0718
vn -0.7377 0.6682 -0.0963
vn 0.8278 0.5580 0.0580
vn -0.4712 -0.5492 0.6902
vn 0.8286 0.5427 0.1372
vn 0.9166 0.3802 0.1236
vn 0.8152 0.5561 0.1619
vn -0.7324 -0.4360 -0.5229
vn 0.8097 0.5677 -0.1487
vn 0.7695 0.6324 -0.0892
vn -0.4150 -0.8513 0.3210
vn -0.4374 -0.7671 0.4693
vn -0.3401 -0.4909 0.8021
vn -0.4680 -0.7014 0.5376
vn -0.4476 -0.7413 -0.5002
vn -0.8203 -0.5718 0.0061
vn -0.1385 -0.3345 0.9322
vn -0.3200 -0.3808 -0.8675
vn 0.7358 0.6513 -0.1855
vn 0.7077 0.6750 0.2087
vn 0.6887 0.6944 0.2086
vn 0.7799 0.5974 0.1869
vn -0.5267 -0.7201 0.4517
vn 0.4939 0.8424 0.2156
vn -0.5379 -0.7207 -0.4374
vn 0.9929 0.1108 0.0425
vn 0.9738 0.1363 -0.1819
vn 0.6213 0.7560 0.2058
vn -0.8364 0.3212 -0.4441
vn 0.6159 0.7593 -0.2100
vn -0.9058 0.3325 -0.2626
vn -0.9194 -0.0641 0.3880
vn 0.9142 0.3157 -0.2541
vn -0.9998 0.0064 0.0186
vn -0.9102 -0.4106 -0.0540
vn 0.9322 0.2209 0.2867
vn 0.1338 0.9760 0.1720
vn -0.9472 -0.3206 0.0092
vn 0.9935 0.0482 -0.1031
vn 0.9981 0.0559 0.0242
vn 0.9877 0.0442 0.1500
vn 0.9641 0.0727 0.2552
vn 0.9282 0.1692 -0.3315
vn 0.5015 0.8492 0.1654
vn 0.6339 0.7149 0.2950
vn 0.9696 0.0398 -0.2415
vn 0.9913 0.1307 -0.0152
vn 0.9617 0.0342 0.2720
vn 0.9877 0.1059 0.1154
vn 0.9314 0.0564 -0.3596
vn -0.7579 -0.6498 -0.0573
vn 0.8804 0.2846 0.3793
vn 0.9838 0.1063 -0.1443
vn 0.9702 0.0637 0.2337
vn 0.9041 0.0611 0.4229
vn -0.7489 -0.6625 -0.0175
vn 0.8596 0.1944 0.4725
vn -0.6991 -0.6743 -0.2378
vn 0.9453 0.2860 0.1567
vn 0.9578 0.0550 -0.2821
vn 0.9499 0.3113 -0.0292
vn -0.7377 -0.6674 0.1018
vn 0.9122 0.0230 0.4092
vn 0.9262 0.2262 0.3016
vn 0.9133 0.0219 -0.4066
vn 0.7195 0.4371 0.5397
vn 0.9152 0.0703 0.3968
vn 0.5946 0.7222 0.3533
vn -0.7811 -0.6238 0.0270
vn 0.5894 0.7277 0.3509
vn -0.8033 -0.5954 -0.0160
vn -0.6981 -0.6636 0.2688
vn 0.5472 0.7577 0.3557
vn -0.1635 0.9793 -0.1193
vn -0.1479 0.9829 -0.1098
vn -0.4773 0.8113 0.3377
vn -0.6909 -0.6034 -0.3982
vn 0.5464 0.7407 0.3908
vn -0.5924 -0.8000 -0.0950
vn 0.5456 0.7006 0.4599
vn -0.2275 -0.9664 -0.1199
vn 0.8363 0.2795 0.4717
vn 0.8305 0.0371 0.5557
vn 0.3105 0.9462 0.0908
vn 0.6968 0.4921 0.5219
vn 0.7873 0.6149 -0.0449
vn 0.5871 0.6856 0.4304
vn 0.6684 0.5426 -0.5088
vn -0.7386 -0.6196 -0.2656
vn 0.6716 0.7407 -0.0183
vn 0.7634 0.6319 -0.1338
vn 0.8279 0.1114 0.5497
vn 0.6637 0.5340 0.5238
vn -0.4562 0.4770 0.7512
vn -0.6560 -0.6185 0.4326
vn 0.7675 0.6077 0.2041
vn 0.7757 0.5774 0.2546
vn 0.7408 0.6650 0.0950
vn 0.6361 -0.5654 0.5250
vn 0.7045 0.6945 0.1463
vn 0.9859 -0.1076 -0.1285
vn 0.7672 0.6073 0.2064
vn 0.7541 0.2470 0.6085
vn -0.3440 0.2694 0.8995
vn -0.6604 -0.6089 0.4394
vn -0.6586 -0.5794 0.4801
vn -0.2935 0.3129 0.9033
vn 0.6775 0.7156 0.1698
vn -0.6691 -0.0036 0.7431
vn -0.6778 -0.0011 0.7352
vn 0.7166 0.2709 0.6428
vn 0.7258 0.3456 0.5948
vn 0.6425 0.4555 -0.6162
vn 0.6857 0.6978 0.2068
vn 0.7448 0.5914 0.3089
vn -0.4903 -0.0101 0.8715
vn -0.6381 -0.7006 -0.3194
vn -0.7849 -0.4391 -0.4372
vn -0.6596 -0.5466 -0.5160
vn 0.7623 0.0595 0.6444
vn -0.0269 0.7693 0.6383
vn 0.5918 0.7668 0.2484
vn 0.4347 -0.0308 0.9001
vn -0.5353 -0.8279 -0.1677
vn -0.6721 -0.7261 0.1447
vn 0.6784 0.6991 0.2259
vn -0.6347 -0.0076 0.7728
vn -0.6511 -0.0136 0.7589
vn -0.6398 0.2637 0.7219
vn -0.6525 0.2723 0.7072
vn -0.6540 0.2449 0.7157
vn -0.6569 -0.6679 0.3499
vn 0.6310 0.7200 0.2888
vn -0.6154 -0.7718 0.1600
vn -0.6516 -0.0191 0.7584
vn -0.6173 0.0076 0.7867
vn 0.7259 0.2291 0.6486
vn 0.6195 0.5017 0.6037
vn 0.6548 0.4752 0.5878
vn 0.5490 0.8003 -0.2409
vn -0.6767 -0.0731 0.7326
vn -0.6714 -0.0389 0.7401
vn -0.6251 -0.0017 0.7805
vn -0.6600 -0.0256 0.7508
vn -0.6619 -0.0112 0.7495
vn -0.6178 0.0619 0.7839
vn -0.6177 -0.7610 0.1984
vn -0.5459 -0.0549 0.8361
vn -0.6833 -0.0335 0.7294
vn 0.7337 0.5934 0.3309
vn -0.6328 -0.0452 0.7730
vn 0.6834 0.0147 0.7299
vn 0.7357 0.5909 0.3311
vn 0.7055 0.5261 0.4748
vn 0.7885 0.1175 0.6037
vn -0.6117 -0.6693 0.4217
vn -0.5989 -0.6803 0.4225
vn 0.7680 0.0261 0.6399
vn 0.7797 0.1007 0.6180
vn 0.8337 0.1145 0.5402
vn 0.8239 0.1393 0.5494
vn 0.7582 0.1434 0.6360
vn -0.7627 -0.1817 0.6207
vn 0.7954 0.0089 0.6061
vn 0.7703 0.0776 0.6329
vn -0.5238 0.0120 0.8518
vn 0.9444 0.1721 0.2801
vn 0.5004 0.6368 0.5866
vn -0.3185 -0.9364 -0.1474
vn -0.6863 -0.6974 0.2064
vn -0.5505 -0.8080 -0.2098
vn 0.7814 0.0449 0.6225
vn 0.9018 0.1051 0.4192
vn 0.7596 0.1174 0.6397
vn 0.8819 0.1138 0.4575
vn -0.2867 -0.9484 0.1352
vn -0.6719 -0.6311 0.3877
vn 0.6921 0.3711 0.6191
vn 0.7899 0.0261 0.6127
vn 0.3999 0.8940 0.2021
vn 0.5127 0.5192 0.6838
vn -0.5556 -0.6252 0.5481
vn 0.6001 0.1776 0.7800
vn 0.7818 0.0130 0.6234
vn 0.7371 0.0313 0.6750
vn 0.6390 0.0547 0.7672
vn -0.5574 -0.7769 -0.2929
vn 0.7761 0.0126 0.6304
vn 0.7819 0.0113 0.6233
vn 0.7766 0.0123 0.6298
vn 0.6839 0.0519 0.7277
vn 0.7183 0.0531 0.6937
vn 0.7408 0.0265 0.6712
vn 0.7860 0.2212 0.5772
vn -0.6073 -0.1268 0.7843
vn 0.7499 0.0198 0.6612
vn 0.7741 0.0093 0.6329
vn -0.6618 -0.5506 0.5089
vn 0.7461 0.0133 0.6657
vn 0.7137 0.0211 0.7002
vn 0.7371 0.0175 0.6756
vn -0.5963 -0.0466 -0.8014
vn 0.7570 0.0319 0.6526
vn 0.7242 0.0378 0.6885
vn 0.7173 0.0675 0.6935
vn 0.7470 0.0125 0.6647
vn 0.7494 0.0113 0.6620
vn 0.7930 0.0094 0.6091
vn -0.7554 -0.5363 0.3765
vn 0.7207 0.5666 -0.3994
vn -0.7117 0.6251 -0.3207
vn 0.7207 0.0070 0.6932
vn 0.7644 0.0098 0.6447
vn 0.7341 0.0244 0.6786
vn 0.7202 0.0072 0.6937
vn 0.7184 0.0087 0.6956
vn 0.7429 0.0165 0.6692
vn 0.7205 0.0120 0.6933
vn 0.7215 0.0068 0.6923
vn 0.6511 0.0249 0.7586
vn 0.7763 -0.0104 0.6303
vn -0.7722 -0.2868 0.5670
vn -0.8792 -0.1238 -0.4602
vn 0.9176 0.1148 0.3806
vn 0.6714 0.1183 0.7316
vn 0.7791 0.0766 0.6221
vn 0.7414 0.0306 0.6704
vn 0.7606 0.0157 0.6490
vn 0.7245 0.0123 0.6892
vn 0.4055 -0.8279 0.3876
vn -0.7750 -0.3094 0.5511
vn 0.7166 0.0105 0.6974
vn 0.7454 0.0104 0.6665
vn 0.7154 0.0115 0.6986
vn 0.7153 0.0127 0.6987
vn 0.7085 0.0165 0.7055
vn 0.7130 0.0273 0.7006
vn 0.7398 0.1368 0.6588
vn 0.7464 0.1129 0.6558
vn 0.7457 0.0551 0.6640
vn 0.6606 0.4764 0.5802
vn -0.6909 -0.5711 -0.4433
vn 0.7302 0.1531 0.6659
vn 0.5547 0.6317 -0.5415
vn -0.6103 -0.3550 0.7081
vn -0.6555 -0.2283 0.7198
vn -0.7864 -0.1951 0.5861
vn 0.7257 0.2600 0.6370
vn 0.5671 0.5253 -0.6344
vn -0.5322 -0.7722 0.3472
vn -0.5422 -0.5707 0.6167
vn 0.3558 0.3240 0.8766
vn 0.1869 -0.3585 -0.9146
vn -0.5781 0.3885 0.7176
vn 0.1433 0.9256 0.3503
vn -0.5976 0.7746 -0.2069
vn 0.5721 0.3153 0.7572
vn 0.5616 0.6870 0.4611
vn 0.7167 0.5090 0.4767
vn 0.5615 0.1998 0.8030
vn -0.7205 0.5417 0.4330
vn 0.6660 0.4918 0.5608
vn 0.5539 0.4606 0.6936
vn -0.4307 -0.6076 0.6673
vn -0.5610 -0.4829 0.6723
vn -0.5080 -0.5048 0.6980
vn -0.5981 -0.5556 0.5775
vn 0.5897 0.5670 0.5752
vn -0.5082 -0.3949 0.7654
vn 0.6015 0.2627 -0.7545
vn 0.2455 0.9076 0.3407
vn 0.4249 0.7366 0.5261
vn -0.5367 -0.5335 0.6537
vn -0.5286 -0.5296 0.6634
vn 0.6938 0.4656 0.5494
vn 0.6584 0.5519 0.5117
vn 0.6462 0.3682 0.6685
vn 0.6474 0.4324 0.6276
vn 0.6067 0.2313 -0.7605
vn -0.4952 -0.0167 0.8686
vn 0.8456 0.5051 -0.1727
vn 0.7101 0.5483 -0.4418
vn 0.6024 0.5513 0.5772
vn 0.6152 0.5302 0.5835
vn 0.6264 0.4811 0.6133
vn 0.6292 0.1724 -0.7579
vn 0.6274 0.1680 -0.7604
vn 0.6259 0.1692 -0.7613
vn 0.6748 0.0213 -0.7377
vn 0.6773 0.0191 -0.7355
vn 0.5792 0.0755 0.8117
vn 0.6751 0.0240 -0.7374
vn -0.4476 0.5613 0.6961
vn 0.5434 0.6768 0.4967
vn 0.5923 0.0846 0.8013
vn 0.6416 0.0357 -0.7662
vn -0.7441 -0.1445 0.6522
vn -0.6619 -0.5230 -0.5370
vn -0.6464 -0.5285 -0.5503
vn -0.6129 -0.5331 0.5833
vn -0.1265 -0.9907 0.0495
vn -0.6667 -0.5373 -0.5165
vn 0.5137 0.0051 -0.8580
vn 0.6516 0.0062 -0.7586
vn 0.6451 0.0116 -0.7640
vn 0.6504 0.0115 -0.7595
vn 0.7085 0.1231 -0.6949
vn 0.4892 -0.8405 0.2328
vn 0.6543 0.4453 0.6112
vn 0.5236 0.0080 -0.8519
vn 0.6477 0.0125 -0.7618
vn -0.4740 -0.6828 -0.5560
vn 0.6936 0.0350 -0.7196
vn -0.2230 -0.9398 0.2588
vn -0.6775 -0.4682 0.5673
vn 0.7373 0.1061 -0.6672
vn 0.5344 0.6700 0.5152
vn 0.7440 0.0498 -0.6663
vn -0.5982 -0.5233 0.6069
vn -0.5804 -0.4972 0.6450
vn 0.4473 0.2752 -0.8510
vn 0.6422 0.2296 -0.7314
vn 0.6892 0.3159 -0.6521
vn -0.4466 -0.4172 0.7915
vn 0.4914 0.3430 0.8005
vn -0.4346 0.3024 0.8483
vn -0.4978 -0.7259 0.4746
vn -0.5709 -0.5479 0.6115
vn -0.6973 0.1664 0.6972
vn 0.5500 0.1959 -0.8119
vn -0.4444 -0.5521 0.7054
vn -0.5193 -0.5405 0.6620
vn -0.5581 -0.5481 0.6230
vn 0.5289 0.6660 0.5261
vn 0.5397 0.6053 0.5851
vn -0.4375 -0.5540 0.7083
vn -0.4197 -0.5988 0.6821
vn -0.2701 0.6032 0.7504
vn 0.5032 0.6798 0.5335
vn 0.5855 0.3075 -0.7501
vn -0.5862 -0.5142 0.6260
vn 0.5721 0.3954 -0.7186
vn -0.5365 -0.5221 0.6630
vn 0.3965 0.6066 0.6891
vn 0.3616 0.6645 0.6540
vn -0.5637 -0.4731 0.6771
vn -0.5883 -0.5111 0.6266
vn -0.5370 -0.6105 0.5822
vn 0.5051 0.0217 0.8628
vn -0.3729 -0.7848 0.4950
vn -0.3319 -0.8618 0.3836
vn -0.5496 -0.5316 0.6444
vn -0.3837 -0.6538 0.6522
vn -0.6302 -0.4591 0.6261
vn -0.5179 -0.5835 0.6256
vn -0.4958 -0.5758 0.6501
vn -0.4143 -0.5704 0.7092
vn -0.4302 -0.5565 0.7108
vn -0.3931 -0.1043 0.9136
vn -0.3364 -0.2342 0.9121
vn 0.3552 0.3057 0.8834
vn 0.4936 0.1068 0.8631
vn 0.4118 0.5637 0.7160
vn 0.4042 0.5605 0.7228
vn 0.4340 0.0934 0.8960
vn -0.4052 0.6926 0.5967
vn 0.1133 -0.9918 -0.0595
vn -0.3028 -0.7638 0.5700
vn 0.2196 0.2986 0.9288
vn 0.2086 0.2834 0.9360
vn 0.0822 -0.9904 -0.1111
vn -0.4516 -0.5509 0.7019
vn -0.4565 -0.5150 0.7255
vn -0.2963 -0.7976 -0.5253
vn -0.4186 0.4873 -0.7664
vn -0.2043 -0.9353 -0.2888
vn 0.1232 0.8391 0.5298
vn 0.2579 0.7404 0.6208
vn 0.4523 -0.4394 0.7761
vn -0.2993 -0.4261 0.8537
vn 0.3441 0.0119 0.9389
vn -0.4511 -0.5281 0.7195
vn 0.3563 0.3325 0.8732
vn -0.4282 0.6088 0.6678
vn 0.2457 0.7732 0.5847
vn -0.0001 -0.9567 0.2911
vn 0.0796 -0.9826 0.1678
vn -0.1480 0.9414 0.3032
vn -0.3937 -0.6440 0.6560
vn 0.3482 0.0616 0.9354
vn -0.3447 -0.6623 0.6653
vn -0.3164 -0.0402 0.9478
vn -0.1290 -0.9324 -0.3377
vn -0.4336 -0.5128 0.7409
vn -0.2460 -0.0044 0.9693
vn -0.3586 0.7346 0.5760
vn 0.1548 -0.9501 -0.2708
vn -0.2215 -0.7579 0.6136
vn 0.3287 0.0406 0.9436
vn -0.4241 -0.5025 0.7534
vn -0.1370 -0.9369 0.3217
vn -0.2353 -0.8809 0.4107
vn -0.2499 -0.5919 0.7663
vn -0.1589 -0.4188 0.8941
vn -0.1178 -0.9108 0.3956
vn -0.2743 -0.6312 0.7255
vn -0.2680 -0.6362 0.7235
vn -0.2706 -0.8439 -0.4633
vn -0.3889 -0.5086 0.7681
vn -0.3740 -0.5137 0.7722
vn -0.2883 -0.7472 0.5988
vn -0.1962 -0.5505 0.8114
vn 0.2910 0.7310 0.6172
vn -0.2122 -0.1293 0.9686
vn -0.2124 -0.8393 0.5004
vn -0.2749 -0.7828 -0.5583
vn -0.2714 -0.6730 0.6881
vn -0.2337 -0.5584 -0.7960
vn 0.2137 0.0913 0.9726
vn -0.2980 -0.7612 0.5760
vn -0.0002 0.9999 0.0166
vn 0.2558 0.7561 0.6023
vn 0.2886 0.7095 0.6429
vn 0.2703 0.2402 0.9323
vn -0.2947 -0.5140 0.8056
vn -0.2615 -0.7633 0.5907
vn -0.3666 -0.3546 0.8602
vn -0.2722 -0.7676 -0.5802
vn -0.0643 -0.9499 0.3060
vn 0.2587 0.6676 0.6982
vn -0.2321 -0.6438 0.7292
vn -0.2673 -0.6824 -0.6803
vn -0.2604 -0.6525 0.7116
vn -0.0114 -0.8156 -0.5785
vn -0.2294 -0.7732 0.5913
vn -0.3506 -0.5284 0.7732
vn -0.3269 -0.0699 0.9425
vn 0.0044 -0.9204 -0.3909
vn -0.2469 -0.7468 -0.6175
vn -0.3009 -0.6441 0.7033
vn -0.2218 -0.7227 0.6546
vn -0.2856 -0.6867 0.6685
vn 0.3146 0.1977 0.9284
vn -0.3244 -0.5318 0.7823
vn -0.2176 -0.5811 0.7842
vn 0.2437 0.2558 0.9355
vn -0.2615 -0.6581 0.7061
vn -0.2286 -0.6723 0.7041
vn -0.1716 -0.7999 0.5750
vn -0.2516 -0.6596 0.7082
vn -0.1391 -0.3077 0.9413
vn 0.2956 0.4816 -0.8250
vn -0.2662 -0.5265 0.8074
vn -0.1985 -0.6584 0.7260
vn -0.2339 -0.7526 0.6155
vn -0.1929 -0.6759 0.7113
vn -0.2395 -0.7037 0.6689
vn 0.2372 0.6354 0.7349
vn -0.1730 -0.0352 0.9843
vn -0.2355 -0.6387 0.7325
vn -0.2039 -0.6600 0.7231
vn 0.1254 0.8249 0.5512
vn -0.2207 -0.6635 0.7149
vn -0.0092 0.9694 -0.2454
vn -0.1687 -0.8118 0.5591
vn -0.2109 -0.6456 0.7340
vn 0.1553 0.0569 0.9862
vn 0.2639 -0.0846 -0.9608
vn -0.1923 -0.5204 0.8320
vn -0.4536 -0.6907 0.5631
vn -0.0537 -0.9411 0.3340
vn -0.1704 -0.6478 0.7425
vn -0.2023 -0.7367 0.6452
vn -0.1153 -0.8165 -0.5657
vn -0.3214 -0.6006 0.7321
vn -0.1724 -0.6325 0.7552
vn -0.1490 -0.8131 0.5627
vn 0.1470 0.0168 0.9890
vn -0.1349 0.6013 0.7875
vn -0.1724 -0.6886 0.7043
vn -0.1621 -0.6918 0.7036
vn -0.1683 -0.6911 0.7029
vn 0.1076 0.3108 0.9444
vn -0.1002 -0.0969 0.9902
vn 0.1613 0.5431 0.8240
vn 0.1016 0.3461 0.9327
vn -0.1326 -0.7908 0.5976
vn -0.0553 -0.4511 0.8908
vn -0.0919 -0.0089 0.9957
vn 0.0616 0.1131 0.9917
vn -0.1487 -0.5078 0.8485
vn -0.0388 -0.6037 0.7962
vn -0.0608 -0.8663 -0.4959
vn -0.1032 -0.7694 0.6304
vn -0.1387 -0.6191 0.7730
vn -0.0285 -0.8325 0.5533
vn -0.0095 -0.0465 0.9989
vn 0.0096 -0.1798 0.9836
vn 0.3313 0.6889 0.6448
vn -0.0108 -0.6170 0.7869
vn -0.0974 -0.8710 0.4816
vn -0.0842 -0.5374 0.8391
vn -0.0245 0.5622 0.8267
vn -0.0200 0.0798 0.9966
vn -0.0071 0.0429 0.9991
vn -0.0400 0.6447 0.7634
vn 0.0288 -0.0021 0.9996
vn 0.0815 -0.4797 0.8736
vn 0.0155 -0.8897 0.4563
vn -0.0721 0.1901 0.9791
vn 0.0600 -0.5402 0.8394
vn 0.1128 -0.2663 0.9573
vn 0.0784 -0.9318 0.3544
vn 0.0424 -0.7249 -0.6875
vn 0.1277 -0.0192 0.9916
vn 0.1104 -0.6006 0.7919
vn 0.1744 -0.5955 0.7842
vn 0.1610 -0.0802 0.9837
vn 0.0968 -0.8518 -0.5148
vn 0.1904 -0.9258 0.3265
vn -0.1794 0.0236 0.9835
vn 0.1905 0.1519 0.9699
vn 0.1361 -0.7734 0.6191
vn 0.2276 -0.3187 0.9201
vn 0.1829 -0.5338 0.8256
vn 0.1498 0.4552 0.8777
vn 0.0985 -0.8437 -0.5277
vn 0.0889 -0.8520 -0.5160
vn -0.3147 0.0344 0.9486
vn 0.3047 -0.4639 0.8319
vn 0.2628 -0.1281 0.9563
vn 0.2392 0.4211 0.8749
vn 0.2694 -0.0128 0.9629
vn 0.2468 -0.5929 0.7665
vn 0.1876 -0.8561 0.4816
vn 0.2887 -0.5212 0.8031
vn 0.1432 0.3810 0.9134
vn 0.3526 -0.6440 -0.6789
vn 0.1631 0.6521 0.7404
vn 0.3308 -0.0347 0.9431
vn 0.2099 -0.7432 -0.6353
vn -0.3365 0.0610 0.9397
vn 0.3326 0.1262 0.9346
vn 0.2497 -0.7772 -0.5776
vn 0.1918 0.6598 0.7266
vn -0.2737 0.5593 0.7825
vn 0.3793 -0.5963 0.7075
vn 0.2908 -0.6511 -0.7011
vn 0.2896 -0.9285 0.2324
vn 0.3476 -0.5994 0.7210
vn 0.2603 -0.9465 -0.1910
vn 0.3561 -0.2242 0.9072
vn 0.2987 0.5209 0.7996
vn 0.3713 -0.5342 0.7595
vn 0.3056 -0.6461 -0.6994
vn 0.2124 -0.6821 -0.6997
vn 0.3150 0.4917 0.8118
vn 0.3465 -0.7269 0.5929
vn 0.3037 -0.6511 -0.6956
vn 0.3063 -0.6549 -0.6908
vn 0.4444 -0.0810 0.8922
vn 0.0076 0.9680 0.2509
vn -0.3852 0.6291 0.6752
vn 0.3118 -0.7304 -0.6077
vn 0.3087 -0.7462 -0.5898
vn 0.2589 0.5896 0.7650
vn 0.3106 0.4713 0.8255
vn 0.4364 -0.6160 -0.6559
vn -0.3060 0.5494 0.7775
vn 0.4505 -0.5360 0.7140
vn 0.3520 -0.6556 -0.6680
vn 0.3310 -0.7116 -0.6197
vn 0.3434 0.5763 0.7416
vn 0.2653 0.6556 0.7069
vn 0.4261 -0.6859 -0.5899
vn 0.2266 0.9278 -0.2965
vn 0.4704 -0.2458 0.8475
vn 0.3577 -0.6617 -0.6590
vn 0.3650 -0.6856 -0.6298
vn 0.5311 -0.5355 0.6566
vn 0.3425 0.5630 0.7521
vn 0.3637 0.6344 0.6821
vn 0.3527 -0.8445 0.4030
vn 0.3562 -0.6270 -0.6928
vn 0.4002 -0.6488 0.6473
vn 0.5232 -0.5272 -0.6696
vn 0.4795 -0.0173 0.8774
vn 0.3081 0.5108 0.8026
vn -0.3082 0.7083 0.6351
vn 0.3447 0.5482 0.7621
vn 0.3833 -0.6478 0.6584
vn -0.4909 0.5480 0.6773
vn 0.4167 -0.7201 0.5548
vn 0.4168 -0.6808 0.6024
vn 0.4900 -0.6032 0.6294
vn 0.4250 -0.5754 -0.6988
vn 0.4736 -0.4786 0.7393
vn 0.4133 -0.6743 0.6119
vn 0.4191 -0.6682 0.6146
vn 0.4158 -0.6772 0.6070
vn 0.4130 -0.6249 0.6626
vn 0.4068 -0.6487 -0.6432
vn 0.4763 -0.5786 -0.6621
vn 0.4430 -0.6620 0.6046
vn 0.4650 -0.5955 -0.6551
vn 0.6066 -0.4870 -0.6284
vn 0.3999 -0.6887 0.6048
vn 0.4503 -0.7846 0.4262
vn 0.4461 -0.6619 0.6024
vn 0.4369 -0.6527 -0.6189
vn -0.4776 0.5740 0.6651
vn 0.4314 -0.6148 0.6603
vn 0.4741 -0.6393 0.6055
vn 0.4497 -0.6608 0.6009
vn 0.4236 -0.6678 0.6121
vn 0.7003 0.2937 -0.6507
vn 0.5656 -0.5743 0.5918
vn 0.4389 -0.6020 -0.6671
vn 0.4094 -0.5024 -0.7616
vn 0.4615 -0.4809 -0.7455
vn 0.5321 -0.5487 -0.6448
vn -0.4247 0.6635 0.6159
vn 0.3468 -0.9329 -0.0972
vn 0.4895 -0.6021 -0.6308
vn 0.4704 -0.6028 0.6445
vn 0.6784 -0.4326 -0.5939
vn 0.6501 -0.0270 -0.7593
vn 0.0855 -0.8942 0.4393
vn -0.6449 0.5092 0.5699
vn 0.6167 -0.2769 0.7369
vn 0.6078 -0.5389 0.5832
vn 0.6062 -0.5233 0.5990
vn 0.4526 -0.6607 0.5989
vn 0.4401 -0.7097 0.5502
vn -0.4432 0.4098 0.7973
vn 0.6050 -0.5470 0.5786
vn 0.2079 -0.6166 0.7593
vn 0.5559 -0.5537 0.6200
vn 0.5957 -0.0949 0.7976
vn 0.3315 0.7490 0.5736
vn -0.6812 -0.7197 -0.1341
vn -0.5991 0.2113 0.7723
vn 0.6041 -0.5486 0.5780
vn 0.4940 -0.6326 -0.5965
vn 0.5302 -0.2595 -0.8072
vn 0.4835 -0.6525 0.5835
vn 0.4325 0.5688 0.6996
vn 0.5551 -0.7015 0.4470
vn -0.4611 0.7237 0.5135
vn 0.6289 -0.5880 0.5087
vn 0.6457 -0.5522 0.5274
vn 0.5385 -0.6119 -0.5793
vn 0.7374 -0.1914 -0.6478
vn 0.5055 -0.5967 0.6232
vn 0.3866 -0.8459 0.3675
vn 0.1271 0.0972 0.9871
vn 0.5829 -0.4913 0.6472
vn 0.4827 -0.6907 -0.5385
vn 0.4577 -0.7240 -0.5162
vn 0.4351 -0.7122 -0.5509
vn -0.6467 0.5462 0.5324
vn 0.4711 -0.6467 0.5999
vn -0.7803 0.0058 0.6253
vn 0.3151 -0.0086 0.9490
vn 0.5549 0.2542 0.7921
vn 0.4710 -0.6525 0.5936
vn 0.4921 -0.6557 0.5726
vn -0.6478 0.0042 0.7618
vn 0.6647 -0.4509 -0.5957
vn 0.6164 -0.5770 0.5359
vn 0.5524 -0.5643 0.6135
vn -0.6693 -0.0041 0.7430
vn -0.6505 0.0030 0.7595
vn -0.6645 0.0066 0.7472
vn -0.6514 0.0066 0.7587
vn -0.6681 0.0580 0.7418
vn 0.5681 -0.6442 0.5121
vn 0.4961 -0.6415 0.5852
vn 0.5417 -0.6241 -0.5631
vn -0.3916 0.0321 0.9196
vn -0.6407 0.0806 0.7636
vn 0.5297 -0.7703 0.3549
vn 0.5678 -0.6990 0.4348
vn 0.6460 -0.5833 0.4924
vn 0.6325 -0.6340 0.4449
vn -0.6808 0.0341 0.7317
vn -0.6853 0.0167 0.7280
vn 0.5998 -0.0093 0.8001
vn -0.6680 0.0498 0.7425
vn -0.4850 0.0113 0.8744
vn 0.4753 0.5430 0.6923
vn 0.3411 0.7780 0.5276
vn 0.4826 -0.7944 -0.3687
vn 0.5240 0.7532 0.3976
vn 0.6142 -0.5816 0.5334
vn 0.5452 -0.6099 -0.5751
vn 0.5189 -0.6362 -0.5710
vn -0.6727 0.0052 0.7399
vn 0.7434 -0.3225 -0.5860
vn 0.5304 -0.6481 0.5465
vn 0.5124 -0.5929 0.6212
vn -0.6447 0.1603 0.7474
vn 0.3727 -0.8846 0.2803
vn 0.5583 -0.6482 0.5177
vn 0.6647 -0.5010 0.5542
vn -0.3154 0.6822 0.6597
vn -0.7360 0.1571 0.6585
vn 0.4736 0.5399 0.6958
vn 0.4197 0.6592 0.6239
vn 0.5540 -0.6051 -0.5718
vn 0.5747 -0.6389 -0.5115
vn -0.4192 0.6992 0.5792
vn 0.5149 -0.6723 0.5319
vn 0.5277 -0.5915 0.6096
vn -0.6913 0.2106 0.6912
vn -0.6903 0.2096 0.6925
vn -0.6896 0.2126 0.6922
vn 0.6488 -0.6326 -0.4230
vn 0.5517 -0.5388 -0.6366
vn -0.5818 0.2136 0.7848
vn 0.5918 -0.6090 -0.5282
vn 0.6008 -0.6365 0.4837
vn 0.6538 -0.5912 -0.4722
vn 0.6117 -0.6403 0.4645
vn 0.6251 -0.5933 0.5072
vn 0.5479 -0.6018 -0.5811
vn 0.6716 -0.3474 -0.6544
vn -0.6573 0.5938 0.4640
vn 0.5439 -0.4615 -0.7008
vn 0.5101 0.5100 0.6926
vn 0.6525 -0.5762 0.4922
vn 0.6169 -0.3576 -0.7011
vn 0.5639 -0.3938 -0.7260
vn 0.6237 -0.5865 -0.5168
vn 0.5452 -0.5936 0.5919
vn 0.7480 -0.4597 -0.4788
vn 0.7476 -0.5397 -0.3871
vn 0.6183 -0.6790 -0.3958
vn 0.2823 -0.9528 0.1118
vn 0.4064 -0.8899 -0.2071
vn 0.6539 -0.6493 0.3884
vn 0.5740 -0.6201 -0.5348
vn 0.5781 -0.6255 -0.5240
vn 0.6675 -0.5470 0.5052
vn 0.6470 -0.6226 0.4402
vn 0.6084 -0.2934 -0.7374
vn 0.5853 -0.1499 -0.7969
vn -0.3364 0.5094 0.7921
vn 0.5268 0.5079 0.6815
vn 0.4575 -0.8501 0.2610
vn 0.5791 -0.7095 -0.4015
vn 0.7155 -0.5205 -0.4660
vn 0.7152 -0.5559 -0.4236
vn 0.5887 -0.1046 -0.8015
vn -0.2237 0.9607 0.1643
vn 0.3110 -0.9257 -0.2153
vn 0.7519 -0.5319 0.3896
vn 0.5751 -0.6694 -0.4703
vn 0.5965 -0.0684 -0.7997
vn 0.5691 -0.6489 -0.5050
vn -0.6533 -0.4494 -0.6093
vn 0.5697 -0.5784 0.5839
vn 0.5596 0.4542 0.6932
vn 0.5890 -0.6118 -0.5280
vn 0.5753 -0.6538 -0.4915
vn 0.5759 -0.6555 -0.4885
vn 0.5172 -0.8302 0.2081
vn 0.6147 -0.5229 0.5906
vn 0.6062 -0.0419 -0.7942
vn 0.6878 -0.0612 -0.7233
vn 0.6544 0.2248 0.7219
vn 0.6306 -0.6210 -0.4654
vn 0.7062 -0.0539 -0.7060
vn 0.6913 -0.0181 0.7224
vn 0.5820 0.4520 0.6760
vn 0.6773 -0.6426 -0.3582
vn 0.5989 -0.6616 0.4512
vn 0.6211 -0.5907 0.5150
vn 0.6356 -0.5514 0.5403
vn 0.5382 -0.8127 -0.2232
vn 0.5178 -0.7798 -0.3517
vn 0.4325 0.7624 0.4813
vn 0.5887 -0.5494 0.5930
vn 0.6318 -0.0388 -0.7742
vn -0.0298 -0.0073 -0.9995
vn 0.6091 -0.0008 -0.7931
vn 0.6624 -0.7125 -0.2314
vn 0.7424 -0.5910 0.3155
vn 0.6882 -0.3665 0.6262
vn 0.6149 -0.6638 0.4257
vn 0.6175 -0.6610 0.4263
vn 0.6464 -0.4410 0.6226
vn 0.6935 -0.0869 0.7152
vn 0.6438 -0.0100 -0.7651
vn 0.8095 -0.4806 -0.3372
vn 0.6013 -0.6002 0.5274
vn 0.6813 -0.0338 -0.7312
vn 0.6227 -0.0081 -0.7824
vn 0.5276 -0.8196 -0.2232
vn 0.5880 -0.6456 0.4873
vn 0.6651 -0.3551 0.6569
vn 0.6262 -0.0016 -0.7796
vn 0.5447 0.0038 -0.8386
vn 0.5772 0.5076 0.6397
vn 0.5445 -0.7925 0.2747
vn 0.5203 -0.8293 0.2039
vn 0.6543 -0.0010 -0.7562
vn 0.6309 -0.6877 0.3591
vn 0.6371 -0.6606 0.3971
vn 0.7305 -0.5817 -0.3577
vn 0.6602 -0.5800 0.4772
vn 0.6424 -0.5595 0.5237
vn 0.5737 -0.6299 0.5235
vn 0.6563 -0.4374 0.6147
vn 0.5389 0.4958 0.6810
vn 0.6456 -0.7502 -0.1431
vn 0.5483 0.4667 0.6940
vn 0.9593 0.1858 -0.2129
vn 0.4697 -0.8729 -0.1316
vn 0.6671 -0.7002 -0.2543
vn 0.6403 -0.6713 0.3733
vn 0.6266 -0.6690 0.3999
vn 0.7327 -0.4651 0.4968
vn 0.6765 -0.5967 0.4316
vn -0.0556 0.9973 0.0483
vn 0.6499 -0.6687 0.3613
vn 0.6510 -0.3848 0.6543
vn 0.2735 -0.9615 0.0268
vn 0.6816 -0.4543 0.5736
vn 0.6662 -0.5057 0.5482
vn 0.6528 -0.6639 0.3647
vn 0.6805 -0.4498 0.5785
vn 0.6482 -0.3804 0.6596
vn 0.6475 0.4047 0.6457
vn 0.3071 -0.9516 0.0074
vn 0.4866 -0.8635 -0.1328
vn 0.6926 -0.4321 0.5776
vn 0.6956 -0.2716 0.6652
vn 0.7583 -0.6038 -0.2457
vn 0.6499 -0.6712 0.3565
vn 0.6540 -0.6607 0.3684
vn 0.6986 -0.1888 0.6901
vn 0.9731 -0.1665 -0.1595
vn 0.8301 -0.5001 -0.2465
vn 0.7992 -0.5325 0.2787
vn 0.7753 -0.6031 0.1877
vn 0.5181 -0.6014 0.6081
vn 0.8336 -0.5202 -0.1854
vn -0.2290 -0.9724 -0.0449
vn 0.8276 -0.5289 -0.1882
vn 0.6435 -0.6831 0.3454
vn 0.5239 -0.7788 0.3449
vn 0.5546 -0.6557 0.5123
vn 0.5387 -0.7719 0.3375
vn 0.7295 -0.3296 0.5993
vn 0.7030 -0.2489 0.6663
vn 0.6578 -0.6673 0.3492
vn 0.6409 -0.6853 0.3458
vn 0.6584 -0.6630 0.3563
vn 0.6668 -0.6582 0.3495
vn 0.8359 -0.5367 0.1148
vn 0.7017 -0.6366 0.3199
vn 0.6263 -0.6995 0.3442
vn 0.5957 -0.7243 0.3472
vn 0.7978 -0.2692 0.5395
vn 0.7266 -0.2556 0.6377
vn 0.7349 -0.2606 0.6262
vn 0.7191 -0.2613 0.6439
vn 0.7949 -0.5974 -0.1066
vn 0.6518 -0.6783 0.3392
vn 0.7256 -0.2746 0.6309
vn 0.7054 -0.2331 0.6694
vn 0.7013 -0.1960 0.6854
vn 0.7124 -0.1296 0.6897
vn 0.7297 -0.0009 0.6837
vn 0.6582 -0.6643 0.3543
vn 0.6783 -0.6410 0.3592
vn 0.7458 -0.2535 0.6161
vn 0.7447 -0.1912 0.6395
vn 0.6432 -0.2277 0.7311
vn 0.7546 -0.2138 0.6203
vn 0.6564 -0.6677 0.3512
vn 0.7365 -0.0984 0.6692
vn 0.7294 -0.1074 0.6756
vn 0.6686 0.4048 0.6238
vn 0.6703 0.4539 0.5871
vn 0.8467 -0.5290 -0.0571
vn 0.7970 -0.6020 0.0499
vn 0.7264 0.1000 0.6799
vn 0.7160 0.2377 0.6564
vn 0.7702 -0.1149 0.6274
vn 0.7683 -0.1190 0.6290
vn 0.7711 -0.1231 0.6246
vn 0.7473 -0.0735 0.6604
vn 0.7201 -0.0316 0.6931
vn 0.3686 0.8680 -0.3326
vn 0.5335 0.7098 0.4600
vn 0.7014 -0.0215 0.7125
vn 0.7435 -0.0505 0.6668
vn 0.7306 0.0092 0.6827
vn 0.7136 -0.0010 0.7005
vn 0.6905 0.3336 0.6418
vn 0.8075 -0.1358 0.5740
vn 0.7538 -0.0869 0.6514
vn 0.7632 -0.0763 0.6417
vn 0.7405 -0.0538 0.6699
vn 0.7244 -0.0342 0.6886
vn 0.6616 -0.6666 0.3433
vn 0.7563 -0.0966 0.6471
vn 0.7712 -0.0814 0.6313
vn 0.7157 -0.0249 0.6980
vn 0.7301 -0.0376 0.6823
vn 0.7575 -0.0411 0.6516
vn 0.7333 -0.0246 0.6795
vn 0.6616 -0.6677 0.3412
vn 0.7515 -0.0343 0.6589
vn 0.7076 -0.0347 0.7057
vn 0.7740 0.0047 0.6331
vn 0.7253 -0.0292 0.6878
vn 0.7336 -0.0221 0.6792
vn 0.7376 -0.0081 0.6752
vn 0.7403 -0.0170 0.6721
vn 0.7611 -0.0083 0.6485
vn 0.7251 0.0054 0.6886
vn 0.7137 -0.0037 0.7005
vn 0.5469 0.6126 -0.5706
vn 0.7431 0.3230 -0.5861
vn 0.0462 0.9807 -0.1900
vn 0.5343 0.7154 0.4501
vn 0.7051 -0.6173 0.3490
vn 0.7590 -0.5226 0.3883
vn 0.7594 -0.0350 0.6497
vn 0.7321 -0.0005 0.6812
vn 0.7637 -0.0199 0.6452
vn 0.7250 -0.0008 0.6888
vn 0.7253 0.0003 0.6885
vn 0.7666 -0.0025 0.6421
vn 0.7838 -0.0023 0.6210
vn 0.7796 -0.0048 0.6263
vn 0.8247 -0.0144 0.5654
vn 0.7055 0.0039 0.7087
vn 0.8357 -0.0020 0.5492
vn 0.8128 -0.0386 0.5813
vn 0.7667 -0.0386 0.6408
vn 0.7859 -0.0610 0.6153
vn 0.7678 -0.0406 0.6393
vn 0.7657 -0.0330 0.6424
vn 0.7693 -0.0421 0.6375
vn 0.7828 -0.0129 0.6222
vn 0.7742 -0.0268 0.6323
vn 0.7951 0.0132 0.6064
vn 0.7452 -0.0008 0.6669
vn 0.7762 -0.0069 0.6305
vn 0.7727 -0.0312 0.6340
vn 0.7559 -0.0235 0.6543
vn 0.7773 -0.0215 0.6288
vn 0.6744 -0.0299 0.7378
vn 0.7728 -0.0136 0.6345
vn 0.7752 -0.0035 0.6317
vn 0.7664 -0.0012 0.6424
vn 0.7520 -0.0021 0.6591
vn 0.7813 0.0045 0.6242
vn 0.7381 0.0068 0.6746
vn 0.7953 0.2174 0.5659
vn 0.7066 0.3944 0.5875
vn 0.7361 0.2946 0.6094
vn 0.5045 0.7735 0.3836
vn 0.7753 -0.0148 0.6314
vn 0.7729 -0.0144 0.6344
vn 0.7832 0.0014 0.6217
vn 0.7752 0.0096 0.6317
vn 0.7220 0.3116 0.6178
vn 0.7688 0.0611 0.6365
vn 0.8064 -0.5472 0.2241
vn 0.7229 0.3462 0.5980
vn 0.6015 0.6007 0.5267
vn 0.7868 -0.5712 -0.2336
vn 0.7136 0.4764 0.5136
vn 0.8521 -0.3726 0.3677
vn 0.7317 0.4505 0.5116
vn 0.8611 -0.3570 -0.3621
vn 0.7616 0.3460 -0.5479
vn 0.8295 -0.5551 -0.0609
vn 0.8146 -0.5744 0.0804
vn 0.7500 0.4381 0.4956
vn 0.3145 -0.9220 0.2260
vn 0.4669 0.8390 0.2795
vn 0.8716 -0.0835 0.4830
vn 0.6734 0.5249 0.5205
vn 0.7700 0.4211 0.4794
vn 0.8931 -0.2081 0.3989
vn 0.9109 -0.0293 0.4115
vn 0.9005 -0.0060 0.4348
vn 0.9018 -0.0557 -0.4285
vn 0.7594 0.4984 0.4183
vn 0.9014 -0.3874 -0.1934
vn 0.9321 -0.1925 -0.3067
vn 0.9239 -0.2982 0.2399
vn 0.9349 -0.1027 0.3397
vn 0.9059 0.2559 -0.3374
vn 0.9192 -0.3797 0.1044
vn 0.9494 -0.0583 -0.3087
vn 0.5981 0.7538 0.2719
vn 0.8330 0.4528 0.3179
vn 0.9493 -0.3110 -0.0466
vn 0.6562 -0.7211 0.2223
vn 0.9723 -0.1260 0.1970
vn 0.8063 0.5334 -0.2556
vn 0.9690 -0.1674 -0.1817
vn 0.9811 -0.1865 0.0511
vn 0.9571 -0.0036 0.2898
vn 0.9378 0.2170 0.2708
vn 0.8924 0.3936 -0.2205
vn 0.8708 0.4392 0.2209
vn 0.9751 -0.0363 0.2190
vn 0.9685 -0.0066 -0.2489
vn 0.9594 0.2062 -0.1924
vn -0.9294 -0.3008 -0.2137
vn 0.8791 0.4376 0.1888
vn 0.9874 -0.0798 -0.1367
vn 0.9647 0.2284 0.1313
vn 0.9827 -0.0324 -0.1826
vn 0.8719 0.4723 0.1293
vn 0.9743 0.1635 0.1546
vn 0.9981 -0.0590 0.0187
vn 0.8996 0.4318 0.0650
vn 0.9944 -0.0112 0.1053
vn 0.8850 0.4649 0.0238
vn 0.9967 -0.0117 -0.0803
vt 0.286890 0.495193
vt 0.276509 0.492310
vt 0.280231 0.507380
vt 0.267706 0.511136
vt 0.267415 0.482675
vt 0.286869 0.470152
vt 0.276704 0.467068
vt 0.287437 0.525712
vt 0.276812 0.526457
vt 0.293093 0.509065
vt 0.262884 0.493422
vt 0.292843 0.487361
vt 0.292877 0.495205
vt 0.292987 0.504603
vt 0.266638 0.459194
vt 0.293189 0.513980
vt 0.292746 0.484084
vt 0.262913 0.506920
vt 0.262774 0.515740
vt 0.262718 0.483737
vt 0.293168 0.519406
vt 0.292680 0.479336
vt 0.747547 0.629075
vt 0.747474 0.636079
vt 0.752298 0.647463
vt 0.749772 0.653433
vt 0.751348 0.658210
vt 0.268371 0.535512
vt 0.748793 0.649078
vt 0.292994 0.522000
vt 0.292499 0.474748
vt 0.262700 0.477414
vt 0.845720 0.162314
vt 0.842835 0.171092
vt 0.843197 0.170909
vt 0.752466 0.662690
vt 0.262666 0.518478
vt 0.292932 0.527633
vt 0.280193 0.546285
vt 0.747870 0.623664
vt 0.748412 0.618918
vt 0.753420 0.665115
vt 0.292297 0.468218
vt 0.262733 0.471633
vt 0.755694 0.670546
vt 0.262346 0.530792
vt 0.756636 0.596674
vt 0.292717 0.531153
vt 0.280401 0.445473
vt 0.291970 0.464657
vt 0.749689 0.612223
vt 0.756533 0.628130
vt 0.292771 0.534676
vt 0.750302 0.608455
vt 0.269191 0.445903
vt 0.291901 0.462443
vt 0.750932 0.606128
vt 0.262521 0.461847
vt 0.262680 0.465063
vt 0.757616 0.674582
vt 0.291831 0.459841
vt 0.292073 0.544661
vt 0.291410 0.451242
vt 0.767039 0.685276
vt 0.759626 0.677843
vt 0.262289 0.534163
vt 0.262095 0.536955
vt 0.751787 0.603348
vt 0.265463 0.548858
vt 0.760004 0.650680
vt 0.261835 0.539803
vt 0.292310 0.540603
vt 0.762880 0.683344
vt 0.759671 0.648341
vt 0.262153 0.451954
vt 0.262466 0.457965
vt 0.757873 0.628420
vt 0.261782 0.543018
vt 0.755007 0.594270
vt 0.758132 0.622393
vt 0.762335 0.657870
vt 0.760134 0.649458
vt 0.766090 0.687598
vt 0.288841 0.557895
vt 0.767201 0.671516
vt 0.763510 0.597729
vt 0.759100 0.615510
vt 0.261654 0.548325
vt 0.758542 0.618180
vt 0.758326 0.620014
vt 0.292155 0.545683
vt 0.764196 0.662869
vt 0.291818 0.548463
vt 0.289613 0.437912
vt 0.291230 0.448516
vt 0.768352 0.690493
vt 0.756302 0.591243
vt 0.759649 0.613550
vt 0.765790 0.666881
vt 0.290972 0.444958
vt 0.757902 0.587920
vt 0.838424 0.102046
vt 0.836841 0.098888
vt 0.833323 0.093837
vt 0.760150 0.611617
vt 0.272738 0.433140
vt 0.767629 0.670010
vt 0.828746 0.198530
vt 0.824195 0.203920
vt 0.826404 0.201627
vt 0.291542 0.551102
vt 0.759675 0.584574
vt 0.907881 0.635824
vt 0.908070 0.626532
vt 0.902841 0.633435
vt 0.273671 0.560007
vt 0.760906 0.608666
vt 0.772504 0.694882
vt 0.770388 0.692842
vt 0.261851 0.447139
vt 0.261752 0.444777
vt 0.761760 0.605252
vt 0.777194 0.685508
vt 0.782025 0.698245
vt 0.291436 0.553631
vt 0.261482 0.551439
vt 0.771152 0.675871
vt 0.268398 0.560039
vt 0.290511 0.439879
vt 0.285880 0.558771
vt 0.763244 0.601087
vt 0.284043 0.559162
vt 0.287550 0.436850
vt 0.278204 0.560018
vt 0.899562 0.625568
vt 0.908181 0.622060
vt 0.907646 0.622107
vt 0.772560 0.677674
vt 0.290510 0.556778
vt 0.282816 0.560066
vt 0.765119 0.596406
vt 0.779451 0.700347
vt 0.291262 0.555690
vt 0.271477 0.560803
vt 0.277917 0.433378
vt 0.280035 0.434546
vt 0.774632 0.696895
vt 0.261432 0.554605
vt 0.261223 0.556251
vt 0.239176 0.560708
vt 0.243729 0.560572
vt 0.245813 0.559475
vt 0.261558 0.436150
vt 0.261628 0.439230
vt 0.774112 0.679660
vt 0.230548 0.560592
vt 0.232489 0.560545
vt 0.233840 0.560134
vt 0.908077 0.619059
vt 0.908488 0.614714
vt 0.227862 0.559977
vt 0.761504 0.581210
vt 0.764082 0.577449
vt 0.261290 0.557866
vt 0.261673 0.559976
vt 0.226294 0.559221
vt 0.225765 0.556370
vt 0.267113 0.432953
vt 0.265381 0.432459
vt 0.263675 0.560016
vt 0.272578 0.679704
vt 0.272677 0.694281
vt 0.274855 0.694373
vt 0.278317 0.691591
vt 0.276456 0.694036
vt 0.278105 0.693865
vt 0.236685 0.546908
vt 0.261141 0.695174
vt 0.257365 0.694221
vt 0.256603 0.694811
vt 0.774482 0.567972
vt 0.766450 0.593612
vt 0.252784 0.684390
vt 0.256904 0.694269
vt 0.254903 0.694498
vt 0.256233 0.694920
vt 0.278042 0.689676
vt 0.830655 0.088342
vt 0.829014 0.086115
vt 0.832717 0.091642
vt 0.878888 0.610860
vt 0.878694 0.612525
vt 0.878680 0.614350
vt 0.767508 0.591511
vt 0.776103 0.682023
vt 0.778640 0.684680
vt 0.780367 0.686538
vt 0.253352 0.693454
vt 0.262664 0.431847
vt 0.261338 0.432334
vt 0.261349 0.434434
vt 0.768538 0.589661
vt 0.878823 0.609676
vt 0.878978 0.608034
vt 0.769637 0.587829
vt 0.805763 0.700658
vt 0.225474 0.553412
vt 0.812933 0.212915
vt 0.815009 0.211578
vt 0.808670 0.213144
vt 0.278226 0.688182
vt 0.253450 0.557573
vt 0.256077 0.547060
vt 0.251284 0.545280
vt 0.249022 0.559242
vt 0.790523 0.706025
vt 0.277568 0.683292
vt 0.778299 0.575805
vt 0.774505 0.580652
vt 0.771544 0.584974
vt 0.782716 0.702239
vt 0.250395 0.691902
vt 0.248703 0.687647
vt 0.249224 0.690800
vt 0.785198 0.703540
vt 0.225280 0.551192
vt 0.789723 0.693477
vt 0.785827 0.690828
vt 0.809784 0.214635
vt 0.255762 0.553712
vt 0.256032 0.552142
vt 0.908417 0.610443
vt 0.908317 0.607099
vt 0.908565 0.602702
vt 0.787334 0.704700
vt 0.256119 0.549587
vt 0.225086 0.540350
vt 0.248370 0.684746
vt 0.773642 0.582009
vt 0.225265 0.548998
vt 0.879353 0.603653
vt 0.883782 0.598483
vt 0.879608 0.601026
vt 0.877980 0.710094
vt 0.882260 0.709483
vt 0.884663 0.708562
vt 0.788582 0.705203
vt 0.775016 0.564612
vt 0.770787 0.569452
vt 0.783006 0.569517
vt 0.276880 0.678365
vt 0.879794 0.600422
vt 0.880745 0.599555
vt 0.897260 0.611330
vt 0.905996 0.602465
vt 0.901877 0.602014
vt 0.776686 0.577997
vt 0.775356 0.579464
vt 0.556633 0.189645
vt 0.558736 0.188885
vt 0.558729 0.185225
vt 0.224934 0.542558
vt 0.880009 0.599527
vt 0.879826 0.599896
vt 0.225080 0.546275
vt 0.879886 0.598320
vt 0.879945 0.598994
vt 0.881249 0.597533
vt 0.880012 0.597722
vt 0.276349 0.674687
vt 0.256170 0.543811
vt 0.777838 0.576833
vt 0.880242 0.597417
vt 0.880739 0.597627
vt 0.880501 0.596814
vt 0.882705 0.217929
vt 0.886951 0.220101
vt 0.887883 0.219882
vt 0.893576 0.600718
vt 0.887920 0.599606
vt 0.778231 0.561004
vt 0.892900 0.599660
vt 0.255671 0.535968
vt 0.779760 0.574325
vt 0.260071 0.668079
vt 0.266255 0.694694
vt 0.815988 0.071291
vt 0.813223 0.068604
vt 0.818552 0.073972
vt 0.794087 0.695967
vt 0.794250 0.707241
vt 0.875390 0.216531
vt 0.877295 0.217786
vt 0.873338 0.203088
vt 0.861337 0.216459
vt 0.861384 0.217531
vt 0.861728 0.217700
vt 0.890334 0.208964
vt 0.780044 0.559149
vt 0.781607 0.571924
vt 0.860977 0.214305
vt 0.890640 0.214621
vt 0.890527 0.212028
vt 0.794949 0.696576
vt 0.797478 0.697696
vt 0.256154 0.540489
vt 0.256236 0.537311
vt 0.798920 0.708872
vt 0.812889 0.710967
vt 0.782927 0.570572
vt 0.781728 0.557914
vt 0.812633 0.082912
vt 0.802100 0.070679
vt 0.810017 0.080080
vt 0.239562 0.525179
vt 0.784413 0.569116
vt 0.882740 0.199317
vt 0.800562 0.709073
vt 0.224833 0.530278
vt 0.224777 0.536881
vt 0.783518 0.555983
vt 0.800194 0.543777
vt 0.799646 0.698375
vt 0.785158 0.568226
vt 0.786966 0.566361
vt 0.860977 0.212783
vt 0.860850 0.210577
vt 0.802497 0.699477
vt 0.837078 0.705053
vt 0.801420 0.709352
vt 0.807248 0.077137
vt 0.804873 0.710102
vt 0.256399 0.534768
vt 0.860761 0.208209
vt 0.560102 0.170828
vt 0.559457 0.178819
vt 0.559815 0.176247
vt 0.799254 0.553442
vt 0.890153 0.202194
vt 0.224766 0.532720
vt 0.275714 0.668518
vt 0.275411 0.666291
vt 0.275125 0.662894
vt 0.807276 0.710440
vt 0.788965 0.564560
vt 0.790928 0.562704
vt 0.808392 0.700828
vt 0.794017 0.559905
vt 0.256298 0.533053
vt 0.256531 0.530433
vt 0.256538 0.525578
vt 0.810164 0.710781
vt 0.804061 0.073989
vt 0.802542 0.072678
vt 0.270487 0.651673
vt 0.274927 0.660570
vt 0.274590 0.658976
vt 0.860458 0.203553
vt 0.860629 0.205840
vt 0.788307 0.551785
vt 0.795725 0.545859
vt 0.789750 0.550412
vt 0.785398 0.554167
vt 0.250290 0.515237
vt 0.890023 0.200510
vt 0.889867 0.196167
vt 0.224687 0.528562
vt 0.228847 0.513435
vt 0.791744 0.548587
vt 0.860296 0.200169
vt 0.862377 0.183184
vt 0.810809 0.701213
vt 0.796215 0.557961
vt 0.224564 0.525453
vt 0.860195 0.197860
vt 0.814945 0.701825
vt 0.224331 0.522733
vt 0.798485 0.556039
vt 0.548047 0.163748
vt 0.560208 0.168338
vt 0.560768 0.148189
vt 0.796371 0.545051
vt 0.794820 0.066077
vt 0.798695 0.069205
vt 0.815369 0.710987
vt 0.261136 0.646163
vt 0.247502 0.649875
vt 0.799772 0.554921
vt 0.560549 0.164436
vt 0.560720 0.161248
vt 0.818251 0.701985
vt 0.800822 0.553874
vt 0.224259 0.518484
vt 0.859573 0.194365
vt 0.860058 0.195638
vt 0.825751 0.710968
vt 0.274007 0.652710
vt 0.273976 0.650032
vt 0.273635 0.647460
vt 0.859407 0.192404
vt 0.793010 0.064787
vt 0.889803 0.191825
vt 0.889656 0.189979
vt 0.886310 0.182721
vt 0.820688 0.711203
vt 0.800828 0.541777
vt 0.798382 0.543376
vt 0.804542 0.539995
vt 0.804554 0.551304
vt 0.828371 0.701326
vt 0.859086 0.188781
vt 0.224174 0.512338
vt 0.256599 0.517878
vt 0.256778 0.509326
vt 0.889542 0.188109
vt 0.889649 0.186454
vt 0.874517 0.173408
vt 0.808112 0.548809
vt 0.889615 0.184896
vt 0.790059 0.062525
vt 0.787291 0.060544
vt 0.788492 0.061410
vt 0.273318 0.642892
vt 0.273245 0.640836
vt 0.889588 0.183590
vt 0.889466 0.182123
vt 0.820777 0.540946
vt 0.767520 0.221548
vt 0.789818 0.220758
vt 0.761031 0.220656
vt 0.810631 0.546969
vt 0.243154 0.496272
vt 0.889359 0.178885
vt 0.223764 0.504931
vt 0.858453 0.184520
vt 0.858094 0.182228
vt 0.223216 0.495806
vt 0.857751 0.178698
vt 0.813815 0.545202
vt 0.816407 0.543385
vt 0.838003 0.699136
vt 0.889135 0.175455
vt 0.832226 0.710104
vt 0.841272 0.708091
vt 0.886115 0.159195
vt 0.889202 0.172161
vt 0.831201 0.700882
vt 0.857123 0.175727
vt 0.273063 0.635486
vt 0.272635 0.630995
vt 0.256806 0.501592
vt 0.255634 0.492671
vt 0.271807 0.627332
vt 0.819132 0.541923
vt 0.859749 0.159174
vt 0.856775 0.172794
vt 0.226261 0.483110
vt 0.889153 0.169600
vt 0.856421 0.171025
vt 0.817018 0.531137
vt 0.813133 0.533879
vt 0.822303 0.527944
vt 0.889095 0.167357
vt 0.856203 0.168142
vt 0.272221 0.625973
vt 0.272331 0.623834
vt 0.835539 0.531226
vt 0.845780 0.706992
vt 0.823560 0.539619
vt 0.855584 0.165926
vt 0.562127 0.140020
vt 0.562829 0.135891
vt 0.562776 0.135058
vt 0.889100 0.163250
vt 0.272305 0.619648
vt 0.849652 0.705720
vt 0.222670 0.491817
vt 0.889101 0.160250
vt 0.257041 0.493228
vt 0.257369 0.488643
vt 0.829306 0.536625
vt 0.841563 0.522373
vt 0.221999 0.486870
vt 0.827591 0.524712
vt 0.874430 0.146088
vt 0.853900 0.704366
vt 0.831016 0.535603
vt 0.854904 0.161171
vt 0.856192 0.703476
vt 0.534095 0.132017
vt 0.530108 0.124707
vt 0.528403 0.125076
vt 0.833414 0.534605
vt 0.889052 0.157920
vt 0.542898 0.125526
vt 0.540617 0.125706
vt 0.559195 0.125167
vt 0.562912 0.129733
vt 0.561830 0.124748
vt 0.533718 0.124754
vt 0.536318 0.125083
vt 0.854473 0.160130
vt 0.854321 0.157701
vt 0.550778 0.125471
vt 0.547300 0.125702
vt 0.546270 0.125775
vt 0.889240 0.154730
vt 0.546568 0.125164
vt 0.540443 0.125024
vt 0.257928 0.481833
vt 0.253148 0.436876
vt 0.247156 0.441537
vt 0.253169 0.441919
vt 0.559254 0.124401
vt 0.555925 0.125320
vt 0.847401 0.693992
vt 0.864183 0.690285
vt 0.850742 0.691174
vt 0.252931 0.443176
vt 0.253112 0.449652
vt 0.253685 0.452152
vt 0.563390 0.126679
vt 0.563506 0.124379
vt 0.221600 0.483028
vt 0.835783 0.533208
vt 0.256050 0.457292
vt 0.256465 0.459012
vt 0.257259 0.458567
vt 0.889148 0.152460
vt 0.255109 0.455436
vt 0.253834 0.420683
vt 0.255942 0.426077
vt 0.257412 0.423923
vt 0.854959 0.686068
vt 0.852780 0.688338
vt 0.851171 0.690414
vt 0.256832 0.421622
vt 0.859159 0.680993
vt 0.250380 0.460250
vt 0.853654 0.155719
vt 0.254391 0.429256
vt 0.258234 0.478928
vt 0.839503 0.531733
vt 0.221107 0.478967
vt 0.272185 0.614139
vt 0.263395 0.601947
vt 0.245399 0.425416
vt 0.253088 0.459848
vt 0.254642 0.459402
vt 0.859371 0.141972
vt 0.889256 0.149397
vt 0.856458 0.683536
vt 0.258523 0.475507
vt 0.272307 0.609678
vt 0.272250 0.607070
vt 0.842250 0.530658
vt 0.758049 0.044243
vt 0.760504 0.045327
vt 0.755628 0.043029
vt 0.230000 0.446609
vt 0.889713 0.140769
vt 0.231585 0.428990
vt 0.254658 0.461836
vt 0.852576 0.150938
vt 0.247830 0.419519
vt 0.250207 0.419987
vt 0.857656 0.681315
vt 0.245183 0.462917
vt 0.889492 0.144775
vt 0.858377 0.678618
vt 0.272881 0.596582
vt 0.247809 0.460563
vt 0.864842 0.700087
vt 0.860290 0.701997
vt 0.232416 0.460647
vt 0.244194 0.460717
vt 0.244925 0.419107
vt 0.859057 0.675942
vt 0.220466 0.476822
vt 0.867458 0.698730
vt 0.228879 0.464461
vt 0.238082 0.460792
vt 0.241956 0.418762
vt 0.859740 0.669873
vt 0.859380 0.673187
vt 0.863329 0.701031
vt 0.734706 0.213160
vt 0.741345 0.209355
vt 0.730943 0.211506
vt 0.861311 0.523864
vt 0.219961 0.428518
vt 0.239560 0.418371
vt 0.219975 0.473359
vt 0.237086 0.418114
vt 0.235010 0.418015
vt 0.860069 0.667293
vt 0.232959 0.418217
vt 0.846044 0.528916
vt 0.218571 0.433822
vt 0.860441 0.664763
vt 0.860905 0.660989
vt 0.220460 0.455531
vt 0.860646 0.662939
vt 0.259147 0.471558
vt 0.228259 0.418855
vt 0.231685 0.418256
vt 0.219412 0.471449
vt 0.217779 0.444326
vt 0.218340 0.448502
vt 0.222116 0.424100
vt 0.230518 0.418281
vt 0.259604 0.468696
vt 0.751162 0.041372
vt 0.741952 0.035092
vt 0.747335 0.039935
vt 0.224820 0.459049
vt 0.227120 0.459975
vt 0.850944 0.144723
vt 0.851920 0.147958
vt 0.848095 0.129285
vt 0.218884 0.450978
vt 0.223114 0.458445
vt 0.218060 0.446683
vt 0.225836 0.419675
vt 0.861959 0.654816
vt 0.861500 0.657195
vt 0.861276 0.658839
vt 0.219536 0.453187
vt 0.851800 0.527360
vt 0.293632 0.594113
vt 0.301586 0.610549
vt 0.302581 0.599081
vt 0.874932 0.669158
vt 0.301977 0.626173
vt 0.298595 0.629368
vt 0.301933 0.628486
vt 0.218853 0.469359
vt 0.218488 0.466456
vt 0.302288 0.622306
vt 0.302236 0.624391
vt 0.863182 0.651983
vt 0.862939 0.652919
vt 0.864821 0.650813
vt 0.870194 0.697670
vt 0.873044 0.696508
vt 0.218804 0.461968
vt 0.260201 0.464870
vt 0.302802 0.594372
vt 0.302009 0.589921
vt 0.300019 0.589422
vt 0.732642 0.163739
vt 0.729974 0.161785
vt 0.733483 0.165538
vt 0.872882 0.655452
vt 0.876339 0.694120
vt 0.860550 0.510817
vt 0.848548 0.511823
vt 0.846202 0.513552
vt 0.293664 0.589388
vt 0.868537 0.648685
vt 0.876409 0.690712
vt 0.218008 0.463498
vt 0.260561 0.461892
vt 0.273260 0.593108
vt 0.273796 0.590157
vt 0.295147 0.587907
vt 0.725968 0.159943
vt 0.725507 0.161871
vt 0.251043 0.461970
vt 0.850114 0.138834
vt 0.874268 0.695819
vt 0.875875 0.696076
vt 0.247200 0.462193
vt 0.855001 0.526155
vt 0.224084 0.461665
vt 0.226573 0.461844
vt 0.228952 0.462088
vt 0.238273 0.462350
vt 0.849104 0.135620
vt 0.889896 0.136201
vt 0.889965 0.130993
vt 0.867061 0.127152
vt 0.885090 0.124852
vt 0.217733 0.461898
vt 0.260031 0.461162
vt 0.257933 0.461317
vt 0.220247 0.461312
vt 0.230777 0.461983
vt 0.233070 0.462070
vt 0.246040 0.462108
vt 0.293541 0.610647
vt 0.293392 0.617022
vt 0.293506 0.604234
vt 0.293885 0.587761
vt 0.873682 0.658079
vt 0.218291 0.461268
vt 0.219154 0.461411
vt 0.221710 0.461412
vt 0.664520 0.672409
vt 0.662161 0.672925
vt 0.660773 0.677998
vt 0.660161 0.673383
vt 0.657919 0.673697
vt 0.873264 0.656609
vt 0.666863 0.671543
vt 0.640071 0.672538
vt 0.638669 0.672178
vt 0.652754 0.673861
vt 0.888221 0.124244
vt 0.871595 0.126327
vt 0.293179 0.598175
vt 0.293759 0.604045
vt 0.874982 0.674667
vt 0.876291 0.687031
vt 0.876397 0.692704
vt 0.876179 0.695455
vt 0.629602 0.667168
vt 0.628452 0.665909
vt 0.631080 0.668599
vt 0.632430 0.669478
vt 0.671811 0.668976
vt 0.670518 0.669850
vt 0.672880 0.668428
vt 0.627665 0.668098
vt 0.635868 0.671040
vt 0.669269 0.670594
vt 0.862588 0.525220
vt 0.625417 0.659130
vt 0.626968 0.663349
vt 0.676648 0.664099
vt 0.675484 0.665917
vt 0.675568 0.672067
vt 0.673878 0.667509
vt 0.653161 0.604853
vt 0.643587 0.612393
vt 0.651936 0.611916
vt 0.638646 0.613290
vt 0.634521 0.611388
vt 0.632793 0.615905
vt 0.636908 0.613837
vt 0.623528 0.618380
vt 0.623687 0.635258
vt 0.624548 0.631007
vt 0.873685 0.659549
vt 0.624015 0.650377
vt 0.740845 0.037977
vt 0.736562 0.036908
vt 0.676541 0.615494
vt 0.662856 0.612902
vt 0.669754 0.615290
vt 0.671938 0.617124
vt 0.670040 0.615885
vt 0.674494 0.619569
vt 0.677711 0.624298
vt 0.680541 0.646530
vt 0.678581 0.659649
vt 0.685636 0.646364
vt 0.648663 0.705818
vt 0.679756 0.630657
vt 0.873557 0.655396
vt 0.872811 0.652588
vt 0.873774 0.656815
vt 0.681069 0.640830
vt 0.616846 0.644000
vt 0.675623 0.703181
vt 0.616326 0.702445
vt 0.627811 0.621647
vt 0.272947 0.579997
vt 0.274145 0.585614
vt 0.856211 0.506024
vt 0.858281 0.504343
vt 0.665552 0.710482
vt 0.656784 0.710675
vt 0.542748 0.744952
vt 0.541995 0.747022
vt 0.542877 0.746631
vt 0.611367 0.708185
vt 0.657549 0.505805
vt 0.658696 0.710997
vt 0.639853 0.506281
vt 0.638022 0.710837
vt 0.254076 0.589531
vt 0.235170 0.584257
vt 0.236595 0.594468
vt 0.274945 0.581450
vt 0.624585 0.496064
vt 0.699436 0.704597
vt 0.684983 0.710855
vt 0.669848 0.710949
vt 0.540819 0.746734
vt 0.735415 0.036912
vt 0.732000 0.036857
vt 0.890575 0.124877
vt 0.855629 0.126492
vt 0.879657 0.125567
vt 0.130662 0.998571
vt 0.142825 0.999739
vt 0.121750 0.995068
vt 0.163721 0.998537
vt 0.232113 0.587459
vt 0.230392 0.590013
vt 0.536350 0.744188
vt 0.859057 0.126544
vt 0.860918 0.126649
vt 0.862895 0.126568
vt 0.874796 0.126146
vt 0.683839 0.539219
vt 0.608392 0.710866
vt 0.274405 0.580246
vt 0.539554 0.746155
vt 0.866773 0.519003
vt 0.854098 0.126395
vt 0.866088 0.126447
vt 0.871589 0.126389
vt 0.871979 0.126140
vt 0.868760 0.126349
vt 0.233945 0.586381
vt 0.864296 0.525879
vt 0.850001 0.126236
vt 0.847803 0.127157
vt 0.851730 0.126209
vt 0.884516 0.124656
vt 0.655298 0.504151
vt 0.644821 0.503869
vt 0.706577 0.548066
vt 0.848631 0.126229
vt 0.890065 0.123877
vt 0.666022 0.501776
vt 0.663526 0.502644
vt 0.660051 0.503379
vt 0.658218 0.503867
vt 0.606777 0.531675
vt 0.587477 0.647566
vt 0.118393 0.996761
vt 0.865204 0.525730
vt 0.670442 0.499587
vt 0.669126 0.500487
vt 0.672193 0.498516
vt 0.673190 0.501287
vt 0.635881 0.501309
vt 0.641033 0.502936
vt 0.689018 0.710860
vt 0.272608 0.578536
vt 0.269823 0.578632
vt 0.532001 0.739516
vt 0.866361 0.495607
vt 0.862976 0.499276
vt 0.861810 0.500829
vt 0.865874 0.524952
vt 0.865378 0.525584
vt 0.628105 0.495685
vt 0.633476 0.499988
vt 0.631482 0.498626
vt 0.115167 0.995888
vt 0.866147 0.523086
vt 0.673430 0.497679
vt 0.692505 0.710890
vt 0.111324 0.995405
vt 0.111022 0.995019
vt 0.216959 0.981654
vt 0.541847 0.733478
vt 0.542326 0.737501
vt 0.542264 0.735593
vt 0.710059 0.655221
vt 0.236248 0.581834
vt 0.867049 0.521298
vt 0.676020 0.495646
vt 0.673969 0.497593
vt 0.588506 0.704861
vt 0.695734 0.710865
vt 0.103116 0.993053
vt 0.867319 0.514417
vt 0.625173 0.491880
vt 0.677788 0.493508
vt 0.682406 0.490961
vt 0.703074 0.710859
vt 0.696904 0.710850
vt 0.104325 0.993467
vt 0.107645 0.994355
vt 0.298272 0.690958
vt 0.299403 0.691848
vt 0.299413 0.688970
vt 0.302684 0.693372
vt 0.300766 0.694964
vt 0.301571 0.695097
vt 0.867519 0.519440
vt 0.867704 0.519505
vt 0.303092 0.689278
vt 0.300058 0.693110
vt 0.868297 0.517124
vt 0.867716 0.519460
vt 0.679426 0.491304
vt 0.158853 0.989042
vt 0.233930 0.575468
vt 0.868685 0.515362
vt 0.698570 0.500870
vt 0.716948 0.608452
vt 0.543155 0.730209
vt 0.540260 0.730233
vt 0.537017 0.732062
vt 0.270429 0.575910
vt 0.265628 0.571586
vt 0.301698 0.687956
vt 0.869983 0.512201
vt 0.870624 0.509770
vt 0.868686 0.515211
vt 0.680157 0.489685
vt 0.600151 0.500377
vt 0.094215 0.990144
vt 0.102735 0.993036
vt 0.190821 0.994371
vt 0.303440 0.690770
vt 0.869336 0.513964
vt 0.621530 0.485378
vt 0.620381 0.482595
vt 0.585886 0.568861
vt 0.724477 0.702905
vt 0.120164 0.985490
vt 0.533180 0.735945
vt 0.682069 0.485129
vt 0.681341 0.486724
vt 0.717232 0.707861
vt 0.713732 0.710750
vt 0.298594 0.688071
vt 0.617125 0.475268
vt 0.706925 0.710909
vt 0.086042 0.985433
vt 0.212669 0.987356
vt 0.683213 0.481261
vt 0.709612 0.710910
vt 0.533915 0.734360
vt 0.619278 0.478979
vt 0.592423 0.479242
vt 0.588717 0.710869
vt 0.869938 0.490808
vt 0.869389 0.491060
vt 0.868473 0.492342
vt 0.089948 0.988640
vt 0.092278 0.989426
vt 0.273758 0.573206
vt 0.275230 0.572389
vt 0.873051 0.501995
vt 0.871439 0.507502
vt 0.871956 0.505616
vt 0.275602 0.569972
vt 0.869854 0.490149
vt 0.869305 0.490829
vt 0.688166 0.475599
vt 0.567748 0.704977
vt 0.586525 0.710856
vt 0.085440 0.986626
vt 0.140006 0.985544
vt 0.204303 0.978194
vt 0.222413 0.578061
vt 0.226763 0.579342
vt 0.223317 0.578896
vt 0.225194 0.579438
vt 0.872550 0.503753
vt 0.683825 0.477833
vt 0.577498 0.510543
vt 0.874321 0.497783
vt 0.583752 0.710797
vt 0.875719 0.493271
vt 0.684001 0.475521
vt 0.714449 0.710880
vt 0.718785 0.711013
vt 0.162491 0.985431
vt 0.733902 0.639613
vt 0.618549 0.470666
vt 0.618494 0.467701
vt 0.683913 0.471596
vt 0.568237 0.612517
vt 0.722658 0.710999
vt 0.132904 0.984912
vt 0.722669 0.522940
vt 0.569700 0.710761
vt 0.167177 0.985017
vt 0.876241 0.489427
vt 0.871590 0.489061
vt 0.875669 0.491183
vt 0.874986 0.495707
vt 0.125587 0.983614
vt 0.187234 0.981410
vt 0.080144 0.984199
vt 0.118217 0.981778
vt 0.682974 0.467324
vt 0.683633 0.469602
vt 0.603066 0.460736
vt 0.402082 0.423476
vt 0.409521 0.423443
vt 0.403952 0.416711
vt 0.092727 0.976558
vt 0.874809 0.488607
vt 0.720310 0.485880
vt 0.076304 0.982320
vt 0.229736 0.979102
vt 0.216075 0.985968
vt 0.619664 0.463045
vt 0.271552 0.561809
vt 0.876072 0.490309
vt 0.115020 0.980938
vt 0.727241 0.710826
vt 0.071574 0.979943
vt 0.682190 0.460327
vt 0.680806 0.463058
vt 0.682253 0.465228
vt 0.681300 0.464033
vt 0.571763 0.483030
vt 0.277187 0.563479
vt 0.276714 0.563984
vt 0.277365 0.565477
vt 0.552675 0.710872
vt 0.111917 0.980117
vt 0.276786 0.563743
vt 0.679512 0.461095
vt 0.190188 0.980664
vt 0.193251 0.979738
vt 0.105220 0.978181
vt 0.108556 0.979213
vt 0.198870 0.977531
vt 0.273873 0.562057
vt 0.276834 0.563168
vt 0.678004 0.459487
vt 0.712908 0.466632
vt 0.731211 0.710913
vt 0.059901 0.968319
vt 0.067292 0.977360
vt 0.240208 0.956081
vt 0.676233 0.458168
vt 0.556684 0.579082
vt 0.745586 0.702642
vt 0.732733 0.710999
vt 0.673969 0.456818
vt 0.737143 0.542625
vt 0.102781 0.977264
vt 0.268253 0.561351
vt 0.265932 0.561142
vt 0.251943 0.564021
vt 0.622558 0.458979
vt 0.701027 0.453358
vt 0.341070 0.422995
vt 0.346064 0.422843
vt 0.345640 0.423289
vt 0.213952 0.971035
vt 0.632774 0.444823
vt 0.627343 0.456221
vt 0.738832 0.708455
vt 0.100691 0.976462
vt 0.635606 0.453287
vt 0.629975 0.455101
vt 0.668370 0.454103
vt 0.670673 0.455119
vt 0.673795 0.446893
vt 0.546275 0.701054
vt 0.734644 0.710996
vt 0.065667 0.976268
vt 0.253234 0.562093
vt 0.247378 0.563024
vt 0.641493 0.452294
vt 0.063609 0.974930
vt 0.660978 0.451732
vt 0.660336 0.452169
vt 0.665215 0.453028
vt 0.743279 0.509137
vt 0.686804 0.450590
vt 0.736835 0.710944
vt 0.096797 0.975046
vt 0.092403 0.973334
vt 0.583157 0.462009
vt 0.744811 0.660437
vt 0.060527 0.972813
vt 0.649612 0.451429
vt 0.087845 0.970946
vt 0.091712 0.972527
vt 0.245251 0.968495
vt 0.068878 0.963574
vt 0.745665 0.704847
vt 0.739873 0.710973
vt 0.741356 0.708998
vt 0.741258 0.709275
vt 0.663287 0.445557
vt 0.656473 0.451441
vt 0.745096 0.652432
vt 0.742276 0.708739
vt 0.328607 0.422676
vt 0.333619 0.422761
vt 0.336121 0.422882
vt 0.057848 0.970718
vt 0.654996 0.444442
vt 0.552860 0.499635
vt 0.746208 0.588956
vt 0.746079 0.694854
vt 0.744892 0.706635
vt 0.744916 0.707765
vt 0.452841 0.414052
vt 0.438913 0.423148
vt 0.454363 0.423130
vt 0.677022 0.447446
vt 0.745933 0.654390
vt 0.746019 0.687802
vt 0.743749 0.708637
vt 0.742957 0.709575
vt 0.087616 0.970333
vt 0.639794 0.443913
vt 0.637574 0.443905
vt 0.623154 0.445189
vt 0.619402 0.445489
vt 0.745196 0.623513
vt 0.745616 0.632928
vt 0.745174 0.639926
vt 0.745081 0.645997
vt 0.746073 0.646528
vt 0.746202 0.660048
vt 0.746077 0.677482
vt 0.745948 0.681504
vt 0.746940 0.697506
vt 0.743903 0.708712
vt 0.743563 0.709414
vt 0.743269 0.710075
vt 0.741757 0.710806
vt 0.648642 0.444074
vt 0.631137 0.444220
vt 0.614668 0.446236
vt 0.745948 0.602312
vt 0.746186 0.613088
vt 0.304939 0.646339
vt 0.303955 0.645865
vt 0.304171 0.651429
vt 0.746075 0.650293
vt 0.635068 0.443650
vt 0.694872 0.451880
vt 0.689558 0.451110
vt 0.747285 0.693610
vt 0.743358 0.711089
vt 0.208876 0.331651
vt 0.195756 0.330079
vt 0.195340 0.333059
vt 0.196704 0.338450
vt 0.304382 0.625472
vt 0.304743 0.632753
vt 0.305308 0.626830
vt 0.304549 0.653975
vt 0.304693 0.659926
vt 0.311313 0.621929
vt 0.304625 0.677312
vt 0.305438 0.693799
vt 0.304489 0.681341
vt 0.304556 0.687638
vt 0.461352 0.422840
vt 0.744276 0.709905
vt 0.053471 0.967453
vt 0.056209 0.969797
vt 0.193447 0.292000
vt 0.197728 0.290130
vt 0.192949 0.289846
vt 0.197148 0.281054
vt 0.193312 0.280915
vt 0.193290 0.283136
vt 0.203463 0.316602
vt 0.194668 0.317210
vt 0.194941 0.320473
vt 0.194845 0.328589
vt 0.746130 0.597400
vt 0.304159 0.639783
vt 0.316578 0.698556
vt 0.305506 0.697291
vt 0.304326 0.702474
vt 0.304562 0.704690
vt 0.304627 0.706968
vt 0.193638 0.278420
vt 0.199275 0.301026
vt 0.193728 0.299035
vt 0.194158 0.304875
vt 0.305581 0.708354
vt 0.305729 0.709286
vt 0.306605 0.709796
vt 0.745361 0.560723
vt 0.744687 0.548124
vt 0.746153 0.579839
vt 0.746808 0.601310
vt 0.306903 0.601025
vt 0.306002 0.602079
vt 0.305843 0.612857
vt 0.305294 0.623315
vt 0.306432 0.708547
vt 0.306308 0.710217
vt 0.307007 0.710411
vt 0.323205 0.422812
vt 0.326964 0.422569
vt 0.321181 0.422673
vt 0.197344 0.287434
vt 0.197538 0.275615
vt 0.193311 0.273775
vt 0.193065 0.275807
vt 0.199123 0.261109
vt 0.193276 0.257992
vt 0.192845 0.262066
vt 0.605748 0.447029
vt 0.609096 0.447121
vt 0.601519 0.447877
vt 0.744521 0.542415
vt 0.744549 0.540658
vt 0.542447 0.550935
vt 0.745861 0.576410
vt 0.747335 0.593456
vt 0.307401 0.592181
vt 0.306402 0.597148
vt 0.306851 0.709377
vt 0.082213 0.967707
vt 0.079994 0.966167
vt 0.197827 0.294541
vt 0.745364 0.555099
vt 0.746625 0.572383
vt 0.200486 0.303257
vt 0.201353 0.310432
vt 0.197211 0.269076
vt 0.198246 0.265975
vt 0.193062 0.266480
vt 0.740942 0.481312
vt 0.738661 0.471868
vt 0.743958 0.516484
vt 0.745655 0.551641
vt 0.319675 0.516740
vt 0.307628 0.560041
vt 0.308238 0.571984
vt 0.307246 0.576131
vt 0.307346 0.579550
vt 0.307217 0.709628
vt 0.307177 0.710429
vt 0.308816 0.710591
vt 0.592353 0.449168
vt 0.590321 0.449525
vt 0.200644 0.350149
vt 0.198045 0.344661
vt 0.199035 0.348701
vt 0.708154 0.454567
vt 0.705022 0.454384
vt 0.744628 0.523397
vt 0.308539 0.551316
vt 0.308025 0.554799
vt 0.307027 0.586597
vt 0.546438 0.710702
vt 0.220620 0.967196
vt 0.598972 0.448328
vt 0.706407 0.453513
vt 0.746020 0.541877
vt 0.745996 0.547717
vt 0.308484 0.547602
vt 0.193871 0.269875
vt 0.201771 0.251370
vt 0.193475 0.252436
vt 0.194354 0.249119
vt 0.744118 0.513353
vt 0.712667 0.455107
vt 0.308875 0.534708
vt 0.309613 0.541313
vt 0.309778 0.523049
vt 0.315386 0.710877
vt 0.049916 0.964468
vt 0.246827 0.967746
vt 0.261516 0.949623
vt 0.742800 0.495907
vt 0.743755 0.506886
vt 0.744402 0.511278
vt 0.301330 0.317167
vt 0.302341 0.325997
vt 0.301686 0.319571
vt 0.582476 0.450927
vt 0.742337 0.489320
vt 0.309845 0.516148
vt 0.229814 0.961225
vt 0.566688 0.460233
vt 0.310390 0.512994
vt 0.294218 0.350248
vt 0.302166 0.344899
vt 0.302374 0.339449
vt 0.715405 0.455459
vt 0.740676 0.477903
vt 0.303015 0.351430
vt 0.302346 0.354561
vt 0.202743 0.356510
vt 0.200567 0.351898
vt 0.721220 0.456898
vt 0.742932 0.493610
vt 0.310554 0.509874
vt 0.286677 0.319805
vt 0.294292 0.298028
vt 0.300920 0.313634
vt 0.300853 0.310440
vt 0.302175 0.359454
vt 0.195157 0.243541
vt 0.203774 0.244232
vt 0.196289 0.235803
vt 0.214254 0.342164
vt 0.207400 0.325986
vt 0.205548 0.320620
vt 0.199000 0.227249
vt 0.198316 0.227939
vt 0.196772 0.233740
vt 0.311106 0.506539
vt 0.199369 0.226306
vt 0.231814 0.959878
vt 0.206328 0.362392
vt 0.204145 0.359306
vt 0.312872 0.493192
vt 0.312163 0.495514
vt 0.327352 0.488565
vt 0.323766 0.601941
vt 0.037786 0.952204
vt 0.580235 0.450642
vt 0.739772 0.474087
vt 0.314402 0.481309
vt 0.313798 0.488327
vt 0.313240 0.490903
vt 0.208613 0.203901
vt 0.199922 0.223731
vt 0.198438 0.227055
vt 0.573604 0.451806
vt 0.036082 0.946630
vt 0.413160 0.181470
vt 0.426603 0.196287
vt 0.437432 0.180066
vt 0.315679 0.479832
vt 0.534763 0.620269
vt 0.528423 0.703165
vt 0.212015 0.336932
vt 0.210007 0.371019
vt 0.206848 0.365251
vt 0.729331 0.458864
vt 0.316743 0.476444
vt 0.537476 0.503635
vt 0.204565 0.241836
vt 0.325180 0.706837
vt 0.300088 0.300162
vt 0.300061 0.294938
vt 0.291172 0.383616
vt 0.301462 0.369289
vt 0.299469 0.291513
vt 0.300486 0.291415
vt 0.726857 0.458232
vt 0.449791 0.372027
vt 0.470010 0.379761
vt 0.464277 0.319274
vt 0.530654 0.708325
vt 0.530641 0.710980
vt 0.257961 0.957834
vt 0.286322 0.340990
vt 0.301375 0.378928
vt 0.301406 0.376502
vt 0.286211 0.350966
vt 0.210099 0.331310
vt 0.300510 0.388142
vt 0.206640 0.235532
vt 0.207534 0.233526
vt 0.211546 0.373555
vt 0.386514 0.178979
vt 0.386932 0.172718
vt 0.378201 0.173139
vt 0.409587 0.172977
vt 0.405062 0.173015
vt 0.735687 0.463928
vt 0.737002 0.466905
vt 0.446257 0.211171
vt 0.454258 0.184947
vt 0.243862 0.949417
vt 0.236443 0.956128
vt 0.043968 0.940742
vt 0.057514 0.948487
vt 0.301420 0.384201
vt 0.371792 0.173509
vt 0.365266 0.180186
vt 0.426174 0.173166
vt 0.417148 0.173297
vt 0.318678 0.466945
vt 0.317449 0.471400
vt 0.317491 0.473111
vt 0.468519 0.412024
vt 0.473007 0.422655
vt 0.483114 0.416224
vt 0.286201 0.357828
vt 0.366684 0.174244
vt 0.367843 0.174036
vt 0.202352 0.216928
vt 0.205038 0.210494
vt 0.320291 0.463019
vt 0.318972 0.464676
vt 0.286166 0.367349
vt 0.299668 0.283524
vt 0.299944 0.284697
vt 0.735062 0.461361
vt 0.934681 0.353664
vt 0.935407 0.344920
vt 0.929981 0.345178
vt 0.936344 0.326769
vt 0.936146 0.322295
vt 0.929326 0.312171
vt 0.551994 0.471476
vt 0.539091 0.480873
vt 0.527860 0.695002
vt 0.286598 0.314866
vt 0.209648 0.230581
vt 0.322996 0.710779
vt 0.940725 0.899086
vt 0.933823 0.924288
vt 0.940112 0.905288
vt 0.936644 0.880634
vt 0.940377 0.877729
vt 0.939640 0.872755
vt 0.939142 0.868343
vt 0.299663 0.279333
vt 0.732585 0.458800
vt 0.933707 0.360172
vt 0.265739 0.949931
vt 0.939594 0.909028
vt 0.938452 0.864912
vt 0.286887 0.307355
vt 0.286902 0.310517
vt 0.208336 0.234357
vt 0.935852 0.317053
vt 0.935633 0.314700
vt 0.481985 0.396377
vt 0.287703 0.292205
vt 0.206218 0.208664
vt 0.321741 0.460445
vt 0.286216 0.362395
vt 0.212762 0.224247
vt 0.226463 0.370927
vt 0.034932 0.948856
vt 0.938417 0.915800
vt 0.333670 0.520782
vt 0.217924 0.380021
vt 0.214611 0.376941
vt 0.933903 0.305693
vt 0.527692 0.670652
vt 0.527079 0.677416
vt 0.527330 0.700069
vt 0.528197 0.566680
vt 0.527631 0.590565
vt 0.527216 0.587861
vt 0.326353 0.710798
vt 0.286290 0.375052
vt 0.288436 0.278377
vt 0.299450 0.396598
vt 0.212365 0.226138
vt 0.529937 0.518979
vt 0.331517 0.455650
vt 0.286210 0.370073
vt 0.530304 0.523878
vt 0.529391 0.541679
vt 0.528967 0.550072
vt 0.216531 0.633757
vt 0.209815 0.621724
vt 0.216742 0.640977
vt 0.194908 0.681191
vt 0.216639 0.690074
vt 0.217415 0.687650
vt 0.202809 0.691801
vt 0.216818 0.691797
vt 0.328886 0.710905
vt 0.286296 0.373206
vt 0.215147 0.551024
vt 0.206045 0.550906
vt 0.215124 0.559959
vt 0.215685 0.574928
vt 0.215165 0.572198
vt 0.215929 0.580735
vt 0.307666 0.398743
vt 0.315197 0.391267
vt 0.307676 0.396260
vt 0.216595 0.661833
vt 0.217244 0.679461
vt 0.717743 0.437114
vt 0.717568 0.435408
vt 0.709568 0.435048
vt 0.216311 0.693350
vt 0.214758 0.694833
vt 0.033203 0.946550
vt 0.268009 0.947605
vt 0.924998 0.386918
vt 0.926865 0.383774
vt 0.924816 0.373026
vt 0.446405 0.174010
vt 0.434957 0.173446
vt 0.530069 0.499796
vt 0.530138 0.508263
vt 0.326519 0.457137
vt 0.324496 0.457806
vt 0.530579 0.495313
vt 0.531235 0.497662
vt 0.214873 0.526025
vt 0.214609 0.519275
vt 0.216081 0.596868
vt 0.286325 0.378873
vt 0.218501 0.347158
vt 0.218136 0.348111
vt 0.220255 0.349194
vt 0.346978 0.501883
vt 0.531151 0.499507
vt 0.214291 0.510512
vt 0.214584 0.516568
vt 0.216204 0.615429
vt 0.337357 0.699713
vt 0.248748 0.944505
vt 0.933721 0.933441
vt 0.934338 0.931073
vt 0.531031 0.492121
vt 0.212914 0.492548
vt 0.213715 0.503628
vt 0.213775 0.494999
vt 0.340010 0.602405
vt 0.213995 0.223936
vt 0.030398 0.943010
vt 0.919971 0.320902
vt 0.924048 0.389758
vt 0.912696 0.397832
vt 0.346646 0.708431
vt 0.286352 0.382755
vt 0.333070 0.176419
vt 0.345815 0.181846
vt 0.338756 0.175781
vt 0.536652 0.464135
vt 0.534645 0.472256
vt 0.530056 0.499741
vt 0.201907 0.497080
vt 0.220268 0.349214
vt 0.220325 0.350179
vt 0.224759 0.355494
vt 0.299317 0.401604
vt 0.300311 0.402527
vt 0.300249 0.400196
vt 0.533545 0.473928
vt 0.342466 0.469991
vt 0.332741 0.710794
vt 0.286531 0.385815
vt 0.547615 0.456871
vt 0.537344 0.462448
vt 0.554776 0.455050
vt 0.481481 0.215288
vt 0.461230 0.213633
vt 0.471068 0.225670
vt 0.920896 0.396212
vt 0.922976 0.392739
vt 0.532108 0.482959
vt 0.531940 0.485227
vt 0.210840 0.476343
vt 0.208763 0.469093
vt 0.211170 0.479538
vt 0.210152 0.470138
vt 0.252685 0.939879
vt 0.227587 0.358438
vt 0.912969 0.380145
vt 0.544109 0.458052
vt 0.533169 0.478097
vt 0.930887 0.940079
vt 0.927887 0.946168
vt 0.929679 0.943097
vt 0.919188 0.278625
vt 0.928129 0.285562
vt 0.926518 0.281199
vt 0.535457 0.467170
vt 0.273460 0.940181
vt 0.028246 0.940172
vt 0.925453 0.277878
vt 0.450789 0.174395
vt 0.454126 0.174993
vt 0.195429 0.473945
vt 0.335653 0.710731
vt 0.298212 0.271264
vt 0.297926 0.266195
vt 0.289328 0.267187
vt 0.259993 0.931387
vt 0.255744 0.936512
vt 0.222605 0.211636
vt 0.217145 0.188846
vt 0.213687 0.195289
vt 0.918339 0.401349
vt 0.920038 0.398894
vt 0.046540 0.937520
vt 0.921904 0.950493
vt 0.926826 0.948303
vt 0.534358 0.470102
vt 0.286505 0.393037
vt 0.286390 0.391254
vt 0.224545 0.384572
vt 0.226982 0.386122
vt 0.333860 0.455007
vt 0.915525 0.404953
vt 0.494227 0.416318
vt 0.494482 0.417448
vt 0.925053 0.951410
vt 0.228785 0.358953
vt 0.207652 0.460447
vt 0.207843 0.464701
vt 0.925981 0.950023
vt 0.286400 0.394503
vt 0.298616 0.409793
vt 0.228852 0.387772
vt 0.496311 0.418362
vt 0.491006 0.422176
vt 0.496503 0.420698
vt 0.284025 0.918400
vt 0.286471 0.395972
vt 0.232737 0.362697
vt 0.299747 0.403758
vt 0.488852 0.326366
vt 0.286599 0.397966
vt 0.297261 0.411990
vt 0.340065 0.454138
vt 0.335817 0.455004
vt 0.025224 0.935745
vt 0.922168 0.956047
vt 0.924266 0.952809
vt 0.340314 0.710745
vt 0.043344 0.934038
vt 0.017609 0.916065
vt 0.924503 0.276042
vt 0.921970 0.270893
vt 0.494091 0.409590
vt 0.495037 0.417002
vt 0.022772 0.931475
vt 0.905780 0.364178
vt 0.219236 0.186636
vt 0.222184 0.182808
vt 0.219485 0.184909
vt 0.492938 0.407616
vt 0.286649 0.399650
vt 0.295070 0.259294
vt 0.296172 0.262808
vt 0.704903 0.212119
vt 0.704838 0.210148
vt 0.685377 0.200539
vt 0.236204 0.392746
vt 0.469664 0.177225
vt 0.472923 0.196146
vt 0.485322 0.185844
vt 0.491796 0.394848
vt 0.492021 0.397932
vt 0.480042 0.355127
vt 0.490335 0.363129
vt 0.355102 0.629957
vt 0.494068 0.403975
vt 0.494645 0.409519
vt 0.494241 0.407149
vt 0.346515 0.710787
vt 0.023078 0.932057
vt 0.022755 0.932356
vt 0.041240 0.931307
vt 0.233014 0.390394
vt 0.919508 0.267310
vt 0.464816 0.175353
vt 0.460850 0.175384
vt 0.468264 0.176517
vt 0.492109 0.400915
vt 0.286839 0.402339
vt 0.286775 0.404860
vt 0.490028 0.366703
vt 0.273231 0.920333
vt 0.236362 0.366819
vt 0.234788 0.364410
vt 0.490935 0.389529
vt 0.491206 0.380850
vt 0.491831 0.388964
vt 0.493558 0.400720
vt 0.361099 0.701573
vt 0.918205 0.816922
vt 0.916140 0.814663
vt 0.922506 0.823372
vt 0.240274 0.372572
vt 0.343364 0.453977
vt 0.490401 0.368837
vt 0.492664 0.396090
vt 0.001747 0.401407
vt 0.002314 0.403429
vt 0.002270 0.398607
vt 0.280000 0.931006
vt 0.287071 0.918798
vt 0.290749 0.261133
vt 0.293208 0.259533
vt 0.489542 0.327069
vt 0.022736 0.932332
vt 0.021008 0.929196
vt 0.911713 0.968744
vt 0.920259 0.958971
vt 0.487930 0.201484
vt 0.490448 0.358599
vt 0.491253 0.373617
vt 0.005420 0.371053
vt 0.006411 0.370490
vt 0.007109 0.362380
vt 0.286765 0.407138
vt 0.238155 0.369020
vt 0.005866 0.377318
vt 0.005858 0.382854
vt 0.017865 0.390545
vt 0.005276 0.385565
vt 0.004674 0.389099
vt 0.918514 0.961297
vt 0.226975 0.208148
vt 0.238805 0.195896
vt 0.346334 0.454227
vt 0.470052 0.176020
vt 0.473446 0.176783
vt 0.489277 0.225420
vt 0.489568 0.220336
vt 0.491345 0.367125
vt 0.004427 0.394287
vt 0.007797 0.403857
vt 0.476190 0.177095
vt 0.490115 0.314637
vt 0.490222 0.320035
vt 0.007952 0.344595
vt 0.009075 0.345112
vt 0.008611 0.340143
vt 0.287008 0.407554
vt 0.239646 0.371028
vt 0.918193 0.264843
vt 0.902352 0.255980
vt 0.489722 0.235275
vt 0.489515 0.230036
vt 0.186978 0.510493
vt 0.490064 0.310453
vt 0.490417 0.303317
vt 0.286930 0.410415
vt 0.900354 0.272228
vt 0.486739 0.193516
vt 0.488922 0.209049
vt 0.488924 0.211574
vt 0.490171 0.263649
vt 0.489984 0.255910
vt 0.009670 0.308070
vt 0.009360 0.317188
vt 0.010591 0.304279
vt 0.008976 0.331869
vt 0.008932 0.336018
vt 0.018814 0.327640
vt 0.488548 0.206108
vt 0.357380 0.568307
vt 0.011147 0.262055
vt 0.010739 0.272739
vt 0.010940 0.282645
vt 0.699018 0.442035
vt 0.686817 0.442027
vt 0.692915 0.442199
vt 0.019448 0.926059
vt 0.010387 0.287928
vt 0.010849 0.293441
vt 0.010458 0.298054
vt 0.350456 0.710862
vt 0.028377 0.915917
vt 0.017555 0.922977
vt 0.230751 0.203829
vt 0.914320 0.258744
vt 0.911753 0.255363
vt 0.913621 0.812178
vt 0.906553 0.809547
vt 0.347332 0.454100
vt 0.012678 0.193154
vt 0.013234 0.197677
vt 0.024300 0.200140
vt 0.895529 0.415139
vt 0.013143 0.199089
vt 0.023650 0.404961
vt 0.353511 0.710785
vt 0.037170 0.925193
vt 0.248771 0.382191
vt 0.243840 0.376476
vt 0.243056 0.397254
vt 0.239966 0.394860
vt 0.013068 0.190633
vt 0.011709 0.211616
vt 0.011740 0.216878
vt 0.011879 0.207474
vt 0.011533 0.245235
vt 0.350389 0.425165
vt 0.345237 0.425664
vt 0.342449 0.426298
vt 0.342721 0.432800
vt 0.343801 0.433366
vt 0.351755 0.425325
vt 0.344958 0.433914
vt 0.348938 0.434897
vt 0.880997 0.408849
vt 0.346153 0.453415
vt 0.350430 0.453448
vt 0.012538 0.202683
vt 0.011513 0.237494
vt 0.477771 0.177167
vt 0.479400 0.178130
vt 0.013256 0.187665
vt 0.373969 0.478382
vt 0.246029 0.187895
vt 0.229198 0.178011
vt 0.017977 0.924103
vt 0.908103 0.806860
vt 0.486738 0.184408
vt 0.486259 0.183037
vt 0.366582 0.450327
vt 0.910338 0.253223
vt 0.688010 0.442294
vt 0.363656 0.467247
vt 0.485181 0.179959
vt 0.484402 0.177770
vt 0.017020 0.169416
vt 0.028423 0.165322
vt 0.018423 0.167815
vt 0.016478 0.171867
vt 0.366549 0.506085
vt 0.905693 0.248735
vt 0.356707 0.710905
vt 0.485813 0.182310
vt 0.028973 0.372223
vt 0.034325 0.920729
vt 0.032872 0.918195
vt 0.272518 0.912434
vt 0.297432 0.881367
vt 0.879569 0.271480
vt 0.486296 0.181541
vt 0.032237 0.179182
vt 0.015571 0.176000
vt 0.287035 0.416452
vt 0.288568 0.421228
vt 0.354277 0.436562
vt 0.287166 0.420158
vt 0.250220 0.384085
vt 0.358047 0.451958
vt 0.904038 0.247283
vt 0.021601 0.161542
vt 0.023865 0.158824
vt 0.020767 0.163850
vt 0.363958 0.710962
vt 0.252556 0.386317
vt 0.368200 0.709005
vt 0.030933 0.914811
vt 0.241303 0.193897
vt 0.243331 0.191814
vt 0.896577 0.797528
vt 0.355874 0.437373
vt 0.358369 0.437986
vt 0.244316 0.189832
vt 0.251841 0.182318
vt 0.015609 0.918981
vt 0.014006 0.915021
vt 0.175148 0.586453
vt 0.173095 0.680447
vt 0.030506 0.324187
vt 0.183808 0.417212
vt 0.180630 0.418742
vt 0.182888 0.418934
vt 0.018159 0.891716
vt 0.373175 0.431200
vt 0.680361 0.194029
vt 0.678984 0.194426
vt 0.292364 0.907164
vt 0.012973 0.913164
vt 0.248882 0.184878
vt 0.029510 0.158007
vt 0.250598 0.400789
vt 0.259219 0.403838
vt 0.375508 0.620169
vt 0.365140 0.710954
vt 0.179298 0.409086
vt 0.176599 0.409056
vt 0.183285 0.410642
vt 0.180087 0.420053
vt 0.175270 0.420977
vt 0.178130 0.420845
vt 0.366218 0.710887
vt 0.010941 0.908234
vt 0.366128 0.437788
vt 0.380624 0.459891
vt 0.374068 0.449747
vt 0.366415 0.711042
vt 0.368783 0.710484
vt 0.259802 0.391035
vt 0.898568 0.243390
vt 0.894354 0.240914
vt 0.382007 0.564055
vt 0.282291 0.897288
vt 0.363353 0.424904
vt 0.046543 0.406962
vt 0.887509 0.429495
vt 0.888873 0.428237
vt 0.883461 0.431234
vt 0.674942 0.193788
vt 0.174337 0.408995
vt 0.874281 0.428837
vt 0.883560 0.244355
vt 0.035014 0.211557
vt 0.369504 0.710842
vt 0.369719 0.711034
vt 0.027868 0.909017
vt 0.026932 0.907099
vt 0.367253 0.424613
vt 0.173039 0.437458
vt 0.178652 0.437560
vt 0.175284 0.437425
vt 0.371538 0.710802
vt 0.261884 0.392931
vt 0.372611 0.449178
vt 0.277479 0.902469
vt 0.009577 0.904081
vt 0.250851 0.166679
vt 0.248283 0.167909
vt 0.878577 0.432819
vt 0.033151 0.157695
vt 0.038917 0.157781
vt 0.044519 0.166389
vt 0.264703 0.394650
vt 0.373338 0.710688
vt 0.041834 0.157642
vt 0.383132 0.497527
vt 0.386341 0.698931
vt 0.671118 0.442508
vt 0.673168 0.441849
vt 0.670338 0.442147
vt 0.262357 0.404311
vt 0.269425 0.397399
vt 0.374657 0.710846
vt 0.373377 0.711123
vt 0.374758 0.711027
vt 0.169534 0.408785
vt 0.167717 0.408801
vt 0.265068 0.405513
vt 0.268940 0.406119
vt 0.864051 0.249233
vt 0.163013 0.423805
vt 0.174785 0.421903
vt 0.370474 0.439102
vt 0.376189 0.439298
vt 0.888215 0.237075
vt 0.884266 0.234874
vt 0.389745 0.708480
vt 0.671000 0.442686
vt 0.665720 0.442794
vt 0.277590 0.903203
vt 0.278316 0.901536
vt 0.006266 0.885619
vt 0.266431 0.406678
vt 0.046997 0.343064
vt 0.379000 0.448690
vt 0.376454 0.448182
vt 0.377005 0.424106
vt 0.046951 0.380355
vt 0.023589 0.898714
vt 0.022276 0.895263
vt 0.175606 0.695566
vt 0.169808 0.692180
vt 0.158109 0.695562
vt 0.258833 0.176445
vt 0.260908 0.175427
vt 0.255132 0.165710
vt 0.043621 0.157448
vt 0.282716 0.889611
vt 0.379491 0.440646
vt 0.670098 0.192866
vt 0.663126 0.192622
vt 0.655574 0.199374
vt 0.381777 0.710521
vt 0.383027 0.711003
vt 0.395012 0.639179
vt 0.005975 0.893589
vt 0.385523 0.442940
vt 0.829638 0.416985
vt 0.866097 0.232928
vt 0.054568 0.395067
vt 0.034565 0.405675
vt 0.379063 0.424038
vt 0.272794 0.399696
vt 0.273660 0.406487
vt 0.660842 0.192873
vt 0.048863 0.188121
vt 0.051451 0.213179
vt 0.382884 0.710801
vt 0.383046 0.710992
vt 0.384459 0.710807
vt 0.388037 0.445838
vt 0.380874 0.447223
vt 0.382009 0.423999
vt 0.278219 0.405945
vt 0.275702 0.406952
vt 0.265828 0.171123
vt 0.262182 0.163396
vt 0.259002 0.164267
vt 0.850599 0.427888
vt 0.005053 0.889959
vt 0.298258 0.889726
vt 0.383872 0.443889
vt 0.383767 0.443072
vt 0.382507 0.446682
vt 0.384980 0.446488
vt 0.878117 0.231938
vt 0.387964 0.710970
vt 0.847579 0.441689
vt 0.385655 0.444987
vt 0.387945 0.445063
vt 0.021049 0.891749
vt 0.020223 0.889214
vt 0.049000 0.157278
vt 0.053181 0.156717
vt 0.389500 0.444829
vt 0.018800 0.884465
vt 0.873864 0.230597
vt 0.403633 0.468246
vt 0.656099 0.443122
vt 0.658558 0.442982
vt 0.641684 0.443172
vt 0.396288 0.711120
vt 0.407323 0.434184
vt 0.065258 0.163940
vt 0.408173 0.482676
vt 0.412151 0.507589
vt 0.652895 0.443234
vt 0.286842 0.875627
vt 0.401363 0.562114
vt 0.414333 0.699349
vt 0.868746 0.228230
vt 0.397776 0.423791
vt 0.388505 0.424033
vt 0.003324 0.881798
vt 0.017123 0.876944
vt 0.058449 0.157073
vt 0.072808 0.175427
vt 0.132423 0.689112
vt 0.149891 0.686339
vt 0.412485 0.710922
vt 0.409528 0.453741
vt 0.860559 0.225987
vt 0.402508 0.710991
vt 0.846846 0.239270
vt 0.756699 0.375248
vt 0.067398 0.402604
vt 0.059010 0.406566
vt 0.002058 0.875649
vt 0.068785 0.323965
vt 0.016646 0.874542
vt 0.302424 0.866548
vt 0.065762 0.202972
vt 0.001309 0.870093
vt 0.074070 0.371307
vt 0.014158 0.855236
vt 0.066505 0.156620
vt 0.289913 0.836207
vt 0.422933 0.611869
vt 0.408149 0.711080
vt 0.072370 0.156434
vt 0.000701 0.865786
vt 0.287897 0.869488
vt 0.854405 0.224836
vt 0.438512 0.702416
vt 0.007012 0.822461
vt 0.416744 0.423778
vt 0.840110 0.223150
vt 0.084470 0.395136
vt 0.429607 0.488644
vt 0.088520 0.185723
vt 0.428128 0.464463
vt 0.066039 0.406802
vt 0.089197 0.207512
vt 0.289008 0.859900
vt 0.303055 0.859213
vt 0.631453 0.192361
vt 0.627024 0.192470
vt 0.617593 0.197474
vt 0.301087 0.829436
vt 0.085286 0.156537
vt 0.084993 0.331197
vt 0.842868 0.223145
vt 0.434734 0.435606
vt 0.421440 0.710993
vt 0.821849 0.443227
vt 0.839940 0.442781
vt 0.835487 0.443108
vt 0.828177 0.443125
vt 0.075624 0.407073
vt 0.085768 0.406858
vt 0.096853 0.164702
vt 0.289103 0.849763
vt 0.619714 0.192404
vt 0.438970 0.548183
vt 0.444986 0.452213
vt 0.107138 0.338220
vt 0.102347 0.385241
vt 0.000131 0.856777
vt 0.000115 0.839825
vt 0.812768 0.431636
vt 0.438363 0.710864
vt 0.092689 0.156456
vt 0.445309 0.466749
vt 0.449851 0.626515
vt 0.781152 0.255117
vt 0.100259 0.695613
vt 0.104165 0.689895
vt 0.807701 0.224909
vt 0.302715 0.831766
vt 0.289228 0.843326
vt 0.014280 0.838903
vt 0.013079 0.828386
vt 0.833966 0.222410
vt 0.827486 0.222220
vt 0.099162 0.156590
vt 0.449007 0.503536
vt 0.437906 0.423870
vt 0.613407 0.192818
vt 0.603889 0.192890
vt 0.108050 0.156308
vt 0.794095 0.437918
vt 0.114438 0.200548
vt 0.104680 0.407433
vt 0.807747 0.238528
vt 0.114158 0.178298
vt 0.456561 0.481200
vt 0.448049 0.711021
vt 0.093248 0.407306
vt 0.118004 0.407335
vt 0.818597 0.222907
vt 0.812376 0.442261
vt 0.803681 0.440733
vt 0.443205 0.423796
vt 0.449535 0.423828
vt 0.001037 0.830017
vt 0.461687 0.434121
vt 0.121281 0.165658
vt 0.467314 0.549250
vt 0.302662 0.829373
vt 0.583172 0.198844
vt 0.596967 0.192936
vt 0.588583 0.193111
vt 0.467132 0.703413
vt 0.016436 0.822944
vt 0.784210 0.427320
vt 0.301815 0.823367
vt 0.113166 0.156625
vt 0.122245 0.323304
vt 0.124193 0.395071
vt 0.293264 0.795811
vt 0.121203 0.156520
vt 0.122856 0.369545
vt 0.115756 0.407396
vt 0.813510 0.223102
vt 0.119352 0.155900
vt 0.466280 0.464752
vt 0.770719 0.411010
vt 0.003378 0.815672
vt 0.598580 0.211502
vt 0.576077 0.212817
vt 0.590353 0.238046
vt 0.469050 0.625706
vt 0.591121 0.443368
vt 0.582873 0.437402
vt 0.583153 0.443092
vt 0.462069 0.711123
vt 0.453598 0.423842
vt 0.467780 0.504274
vt 0.287821 0.829663
vt 0.285658 0.818584
vt 0.285433 0.816424
vt 0.125215 0.407313
vt 0.018177 0.816368
vt 0.300945 0.817245
vt 0.476178 0.456593
vt 0.790954 0.437220
vt 0.021789 0.796359
vt 0.805530 0.224555
vt 0.801957 0.225952
vt 0.796931 0.787595
vt 0.803860 0.782375
vt 0.802073 0.782813
vt 0.457487 0.423978
vt 0.459149 0.424021
vt 0.131255 0.155982
vt 0.300583 0.817114
vt 0.300872 0.816814
vt 0.299708 0.811169
vt 0.784893 0.231748
vt 0.119895 0.407423
vt 0.284459 0.812799
vt 0.460981 0.424031
vt 0.124819 0.155932
vt 0.795416 0.227710
vt 0.468062 0.711150
vt 0.283429 0.809764
vt 0.138473 0.176464
vt 0.121650 0.407492
vt 0.139867 0.161500
vt 0.279823 0.791693
vt 0.478565 0.477473
vt 0.144887 0.407429
vt 0.775993 0.431545
vt 0.583389 0.192951
vt 0.574732 0.193375
vt 0.022994 0.800258
vt 0.473167 0.424546
vt 0.463486 0.424145
vt 0.137097 0.204429
vt 0.777623 0.245946
vt 0.788110 0.230154
vt 0.136223 0.156313
vt 0.484062 0.704309
vt 0.282439 0.805894
vt 0.466463 0.424202
vt 0.791107 0.228702
vt 0.570488 0.193754
vt 0.298309 0.805725
vt 0.779142 0.432832
vt 0.783268 0.434508
vt 0.148039 0.317104
vt 0.562378 0.390023
vt 0.569469 0.425299
vt 0.584623 0.413602
vt 0.474151 0.445254
vt 0.476363 0.443484
vt 0.281579 0.803948
vt 0.281691 0.803775
vt 0.470218 0.424182
vt 0.279388 0.797941
vt 0.490008 0.710969
vt 0.297908 0.803928
vt 0.296926 0.800927
vt 0.483946 0.441179
vt 0.494061 0.621384
vt 0.148519 0.357369
vt 0.473018 0.424282
vt 0.474590 0.425469
vt 0.567409 0.194191
vt 0.562006 0.194431
vt 0.552158 0.217309
vt 0.557329 0.232154
vt 0.150807 0.390678
vt 0.777394 0.796382
vt 0.785732 0.788885
vt 0.784039 0.789626
vt 0.475550 0.446108
vt 0.488018 0.499405
vt 0.475933 0.445334
vt 0.140149 0.156432
vt 0.478278 0.446100
vt 0.745814 0.333060
vt 0.765270 0.425516
vt 0.557438 0.201093
vt 0.004837 0.809344
vt 0.011787 0.786823
vt 0.296568 0.799580
vt 0.019984 0.776211
vt 0.770592 0.428865
vt 0.154039 0.184944
vt 0.479810 0.442017
vt 0.139625 0.407533
vt 0.137332 0.407404
vt 0.128526 0.407560
vt 0.296803 0.799416
vt 0.296030 0.797491
vt 0.475446 0.424378
vt 0.477188 0.424516
vt 0.142682 0.156335
vt 0.145576 0.156513
vt 0.278501 0.795498
vt 0.480294 0.424612
vt 0.480730 0.446973
vt 0.493446 0.554271
vt 0.783528 0.231470
vt 0.781250 0.232762
vt 0.294669 0.793332
vt 0.478726 0.424467
vt 0.279330 0.628895
vt 0.284413 0.626944
vt 0.278920 0.625617
vt 0.775668 0.235311
vt 0.142877 0.407581
vt 0.782364 0.790484
vt 0.780543 0.791432
vt 0.150064 0.210153
vt 0.026080 0.791928
vt 0.778436 0.233720
vt 0.148700 0.156893
vt 0.277178 0.792330
vt 0.486149 0.449254
vt 0.483340 0.448599
vt 0.163741 0.167483
vt 0.151612 0.156833
vt 0.276238 0.790457
vt 0.293643 0.790387
vt 0.291273 0.785047
vt 0.279452 0.619485
vt 0.279936 0.621357
vt 0.287392 0.617863
vt 0.279021 0.615431
vt 0.164518 0.402167
vt 0.034836 0.768973
vt 0.482371 0.424634
vt 0.486915 0.424982
vt 0.505433 0.488370
vt 0.497979 0.705172
vt 0.273592 0.785081
vt 0.279998 0.612693
vt 0.155439 0.157407
vt 0.553944 0.194951
vt 0.551619 0.194867
vt 0.485769 0.424632
vt 0.493960 0.451148
vt 0.500742 0.464920
vt 0.762567 0.424034
vt 0.760245 0.422164
vt 0.506132 0.509685
vt 0.286730 0.620406
vt 0.149567 0.407581
vt 0.151759 0.407445
vt 0.486735 0.424584
vt 0.488729 0.424638
vt 0.166020 0.365091
vt 0.278046 0.765214
vt 0.289487 0.781465
vt 0.486825 0.439607
vt 0.491959 0.439888
vt 0.499014 0.433421
vt 0.771844 0.236919
vt 0.768109 0.238975
vt 0.492462 0.425000
vt 0.489427 0.425007
vt 0.767155 0.239919
vt 0.159275 0.157784
vt 0.168028 0.200875
vt 0.768597 0.798810
vt 0.770262 0.797690
vt 0.489407 0.424687
vt 0.501478 0.710720
vt 0.280293 0.607864
vt 0.271971 0.782062
vt 0.017224 0.774754
vt 0.493963 0.438366
vt 0.757620 0.281074
vt 0.753417 0.256992
vt 0.490978 0.424760
vt 0.747369 0.398964
vt 0.543626 0.242342
vt 0.263962 0.764863
vt 0.168132 0.324156
vt 0.554688 0.437687
vt 0.538640 0.436685
vt 0.546022 0.442842
vt 0.493724 0.439860
vt 0.755174 0.264085
vt 0.756862 0.420107
vt 0.755015 0.418871
vt 0.154011 0.407347
vt 0.157328 0.407191
vt 0.760560 0.805318
vt 0.767056 0.799802
vt 0.556725 0.340216
vt 0.543458 0.367667
vt 0.544177 0.403034
vt 0.160264 0.157517
vt 0.163758 0.158339
vt 0.749643 0.412824
vt 0.049079 0.695264
vt 0.048348 0.693128
vt 0.047692 0.695141
vt 0.542445 0.198448
vt 0.546344 0.195964
vt 0.494960 0.425008
vt 0.497429 0.429942
vt 0.736462 0.372083
vt 0.764411 0.801788
vt 0.497328 0.425585
vt 0.763752 0.241564
vt 0.752293 0.416330
vt 0.045832 0.695178
vt 0.289267 0.780338
vt 0.288105 0.777934
vt 0.761912 0.803765
vt 0.160871 0.407174
vt 0.265428 0.771725
vt 0.496174 0.424908
vt 0.544098 0.196017
vt 0.267703 0.775219
vt 0.269747 0.778574
vt 0.757475 0.246686
vt 0.290243 0.607739
vt 0.289733 0.612105
vt 0.181108 0.165010
vt 0.498693 0.430068
vt 0.174667 0.389293
vt 0.514035 0.705167
vt 0.336819 0.712369
vt 0.336253 0.713669
vt 0.339793 0.712427
vt 0.170259 0.158455
vt 0.541022 0.202187
vt 0.539603 0.204434
vt 0.539166 0.207411
vt 0.534189 0.397549
vt 0.512242 0.622994
vt 0.164562 0.407155
vt 0.513642 0.553194
vt 0.285153 0.772416
vt 0.537342 0.211223
vt 0.175434 0.176584
vt 0.340160 0.712012
vt 0.534263 0.233806
vt 0.534411 0.238908
vt 0.534202 0.243721
vt 0.279041 0.597750
vt 0.279687 0.593650
vt 0.278805 0.593858
vt 0.040268 0.695260
vt 0.036369 0.695179
vt 0.280101 0.600923
vt 0.292571 0.596020
vt 0.292359 0.602144
vt 0.708096 0.750453
vt 0.706571 0.751078
vt 0.713255 0.754228
vt 0.715718 0.762249
vt 0.714677 0.759695
vt 0.714651 0.762896
vt 0.340728 0.711972
vt 0.340609 0.712404
vt 0.341124 0.712009
vt 0.340126 0.712415
vt 0.334337 0.717304
vt 0.331176 0.722906
vt 0.330911 0.724369
vt 0.331836 0.725579
vt 0.501049 0.451769
vt 0.501906 0.453376
vt 0.506629 0.454258
vt 0.745473 0.407808
vt 0.753137 0.250133
vt 0.699367 0.756956
vt 0.714648 0.757508
vt 0.536577 0.214272
vt 0.341164 0.712342
vt 0.698845 0.749469
vt 0.535588 0.222496
vt 0.535175 0.225977
vt 0.028350 0.756801
vt 0.354713 0.713180
vt 0.174682 0.159560
vt 0.342899 0.712056
vt 0.518294 0.710509
vt 0.168819 0.407038
vt 0.749939 0.252644
vt 0.715183 0.765234
vt 0.716420 0.767231
vt 0.716425 0.769558
vt 0.533609 0.363556
vt 0.533814 0.380372
vt 0.263023 0.768547
vt 0.256516 0.741289
vt 0.751906 0.813998
vt 0.755343 0.810031
vt 0.533544 0.404667
vt 0.177583 0.159375
vt 0.533886 0.278267
vt 0.533383 0.315074
vt 0.533605 0.335120
vt 0.534008 0.338724
vt 0.531738 0.412236
vt 0.532229 0.417929
vt 0.262027 0.766822
vt 0.742421 0.288945
vt 0.534059 0.344376
vt 0.534726 0.345052
vt 0.533612 0.382874
vt 0.550852 0.418905
vt 0.531198 0.423136
vt 0.511646 0.459495
vt 0.517242 0.477275
vt 0.718113 0.801112
vt 0.711044 0.795871
vt 0.717517 0.825511
vt 0.345345 0.712249
vt 0.347807 0.712364
vt 0.345741 0.712310
vt 0.510506 0.457020
vt 0.740925 0.400097
vt 0.743118 0.403772
vt 0.532817 0.320824
vt 0.172540 0.407021
vt 0.717189 0.826852
vt 0.717766 0.834375
vt 0.717352 0.860831
vt 0.717774 0.870440
vt 0.718104 0.901119
vt 0.712317 0.920060
vt 0.718285 0.915107
vt 0.181207 0.320719
vt 0.259825 0.764117
vt 0.717801 0.777790
vt 0.718067 0.781256
vt 0.717933 0.896059
vt 0.717854 0.890211
vt 0.719568 0.946351
vt 0.719608 0.953989
vt 0.532915 0.399886
vt 0.531694 0.407773
vt 0.533807 0.400724
vt 0.180086 0.161037
vt 0.348367 0.711966
vt 0.350510 0.712045
vt 0.348136 0.712194
vt 0.720148 0.967531
vt 0.712226 0.970619
vt 0.721669 0.973185
vt 0.529129 0.433388
vt 0.527706 0.438398
vt 0.175842 0.406877
vt 0.718507 0.799010
vt 0.718105 0.789109
vt 0.181191 0.201180
vt 0.527307 0.441070
vt 0.536509 0.442481
vt 0.281345 0.766334
vt 0.280426 0.764717
vt 0.731073 0.339368
vt 0.746582 0.256966
vt 0.694988 0.748947
vt 0.181134 0.163398
vt 0.181739 0.167177
vt 0.257357 0.761198
vt 0.733747 0.387200
vt 0.737941 0.395390
vt 0.181965 0.367084
vt 0.719462 0.963082
vt 0.179180 0.406697
vt 0.316481 0.744791
vt 0.329098 0.746197
vt 0.319363 0.742578
vt 0.515993 0.474087
vt 0.531429 0.428881
vt 0.528835 0.427797
vt 0.529908 0.430907
vt 0.516604 0.479230
vt 0.514145 0.463295
vt 0.745345 0.258900
vt 0.514865 0.470495
vt 0.184759 0.177759
vt 0.720064 0.979235
vt 0.720554 0.976329
vt 0.552112 0.750289
vt 0.548532 0.751858
vt 0.558485 0.759574
vt 0.322333 0.741393
vt 0.743269 0.261749
vt 0.514112 0.464945
vt 0.182432 0.169303
vt 0.185141 0.176031
vt 0.723037 0.989620
vt 0.721561 0.985795
vt 0.723852 0.993736
vt 0.046069 0.760542
vt 0.062910 0.739804
vt 0.043691 0.742295
vt 0.554006 0.749917
vt 0.183771 0.171875
vt 0.690137 0.767576
vt 0.721587 0.983241
vt 0.729511 0.377749
vt 0.547441 0.754493
vt 0.546540 0.756765
vt 0.544792 0.758689
vt 0.544500 0.760345
vt 0.519367 0.486766
vt 0.733258 0.279925
vt 0.735133 0.389867
vt 0.313389 0.752742
vt 0.312886 0.754577
vt 0.185768 0.183607
vt 0.254712 0.758225
vt 0.556785 0.749776
vt 0.184183 0.173879
vt 0.520209 0.489694
vt 0.521173 0.495129
vt 0.276881 0.759349
vt 0.275449 0.757223
vt 0.281090 0.580832
vt 0.290061 0.585919
vt 0.283001 0.579556
vt 0.544551 0.762378
vt 0.544940 0.763862
vt 0.309456 0.762539
vt 0.309467 0.765322
vt 0.323162 0.759046
vt 0.186779 0.187219
vt 0.252482 0.755862
vt 0.739704 0.266691
vt 0.561610 0.749729
vt 0.543661 0.765440
vt 0.518654 0.482354
vt 0.698254 0.792109
vt 0.522876 0.526404
vt 0.543793 0.767122
vt 0.717260 0.876170
vt 0.187304 0.248264
vt 0.524653 0.593736
vt 0.684598 0.748511
vt 0.681888 0.748509
vt 0.670930 0.755624
vt 0.542765 0.768822
vt 0.180630 0.406510
vt 0.186168 0.406559
vt 0.188020 0.210827
vt 0.187649 0.214336
vt 0.190675 0.402371
vt 0.288348 0.580885
vt 0.286931 0.577624
vt 0.328566 0.739038
vt 0.329774 0.739514
vt 0.187261 0.192359
vt 0.188102 0.198825
vt 0.188261 0.206314
vt 0.273043 0.754255
vt 0.730667 0.302842
vt 0.738003 0.269495
vt 0.187938 0.208781
vt 0.187419 0.234887
vt 0.187270 0.246004
vt 0.188162 0.264510
vt 0.523713 0.552083
vt 0.524216 0.565386
vt 0.189258 0.342484
vt 0.725003 0.997445
vt 0.672827 0.748223
vt 0.736046 0.273106
vt 0.187902 0.223095
vt 0.187505 0.226711
vt 0.188356 0.346532
vt 0.564353 0.749535
vt 0.188568 0.218356
vt 0.523347 0.537389
vt 0.188443 0.237329
vt 0.188598 0.246609
vt 0.188248 0.257923
vt 0.188415 0.280380
vt 0.189214 0.284410
vt 0.190957 0.404129
vt 0.048871 0.757098
vt 0.055912 0.749656
vt 0.248368 0.751711
vt 0.557393 0.778247
vt 0.541917 0.774670
vt 0.542081 0.778309
vt 0.307749 0.777654
vt 0.323251 0.774087
vt 0.307833 0.774721
vt 0.305673 0.794997
vt 0.306915 0.793367
vt 0.306495 0.785678
vt 0.306548 0.794683
vt 0.305648 0.795514
vt 0.306073 0.800921
vt 0.541733 0.789940
vt 0.541485 0.797426
vt 0.552819 0.796255
vt 0.541134 0.801925
vt 0.540729 0.805415
vt 0.541643 0.809479
vt 0.188379 0.228127
vt 0.187427 0.233349
vt 0.188383 0.232010
vt 0.188594 0.246314
vt 0.525305 0.575195
vt 0.188650 0.288471
vt 0.188831 0.292484
vt 0.188613 0.332953
vt 0.333629 0.737409
vt 0.337146 0.736093
vt 0.307284 0.783100
vt 0.541089 0.799876
vt 0.523643 0.528890
vt 0.525043 0.608387
vt 0.188049 0.315060
vt 0.188706 0.319566
vt 0.189577 0.356010
vt 0.189727 0.370502
vt 0.190139 0.379785
vt 0.526594 0.703939
vt 0.525973 0.705204
vt 0.189735 0.406220
vt 0.244600 0.748510
vt 0.305007 0.803728
vt 0.317086 0.802597
vt 0.306119 0.806866
vt 0.541169 0.814412
vt 0.541178 0.823751
vt 0.547959 0.903930
vt 0.541198 0.827927
vt 0.541692 0.834839
vt 0.541585 0.849036
vt 0.189403 0.301539
vt 0.525667 0.619381
vt 0.525664 0.611740
vt 0.690691 0.915786
vt 0.697298 0.958813
vt 0.526613 0.688452
vt 0.526084 0.683354
vt 0.525301 0.709975
vt 0.567382 0.749154
vt 0.569489 0.749251
vt 0.541636 0.783453
vt 0.524247 0.535033
vt 0.541569 0.855609
vt 0.542584 0.872029
vt 0.189045 0.317388
vt 0.525280 0.662472
vt 0.525926 0.658015
vt 0.526217 0.672427
vt 0.728741 0.375414
vt 0.727873 0.373150
vt 0.734528 0.275671
vt 0.308664 0.770485
vt 0.305518 0.816724
vt 0.305681 0.823061
vt 0.541621 0.924059
vt 0.541473 0.931691
vt 0.189336 0.347161
vt 0.699160 0.981210
vt 0.242329 0.741112
vt 0.730934 0.285397
vt 0.725615 0.364849
vt 0.670471 0.748448
vt 0.542623 0.875571
vt 0.542248 0.883627
vt 0.542065 0.879605
vt 0.542808 0.892708
vt 0.542594 0.904884
vt 0.542660 0.911413
vt 0.189861 0.362190
vt 0.190595 0.369033
vt 0.190616 0.394494
vt 0.525751 0.706937
vt 0.526112 0.708437
vt 0.524938 0.602323
vt 0.525580 0.595299
vt 0.525798 0.634234
vt 0.555391 0.958805
vt 0.542024 0.935122
vt 0.541650 0.938299
vt 0.541288 0.947147
vt 0.190686 0.385887
vt 0.525960 0.695325
vt 0.190777 0.392840
vt 0.526190 0.699859
vt 0.035056 0.748256
vt 0.583792 0.756573
vt 0.304267 0.831607
vt 0.525870 0.600205
vt 0.304113 0.902093
vt 0.303667 0.906041
vt 0.304465 0.908079
vt 0.304189 0.922843
vt 0.303524 0.936753
vt 0.304779 0.935525
vt 0.303519 0.950002
vt 0.304798 0.960238
vt 0.304567 0.951147
vt 0.189981 0.388687
vt 0.574625 0.748181
vt 0.303764 0.882024
vt 0.304304 0.889156
vt 0.314296 0.891104
vt 0.303493 0.936994
vt 0.304239 0.946118
vt 0.304682 0.937536
vt 0.304756 0.948688
vt 0.541030 0.953327
vt 0.702943 0.994732
vt 0.190962 0.396834
vt 0.304447 0.853847
vt 0.304902 0.863255
vt 0.539961 0.961612
vt 0.539875 0.967506
vt 0.541024 0.960188
vt 0.731382 0.282532
vt 0.667628 0.748102
vt 0.683089 0.788418
vt 0.304263 0.840149
vt 0.304546 0.893542
vt 0.304177 0.896908
vt 0.304256 0.899828
vt 0.546101 0.980220
vt 0.305962 0.995021
vt 0.306052 0.996247
vt 0.307721 0.997095
vt 0.722970 0.353755
vt 0.659072 0.748333
vt 0.577171 0.748826
vt 0.304718 0.987963
vt 0.315212 0.991034
vt 0.304412 0.983435
vt 0.305217 0.992499
vt 0.305156 0.994421
vt 0.307241 0.998168
vt 0.317173 0.998609
vt 0.539229 0.971545
vt 0.535696 0.987882
vt 0.533212 0.992478
vt 0.543764 0.997586
vt 0.191848 0.405944
vt 0.264276 0.743842
vt 0.729272 0.289203
vt 0.580027 0.747996
vt 0.305020 0.976545
vt 0.538422 0.976905
vt 0.537946 0.979413
vt 0.536717 0.980215
vt 0.532178 0.995581
vt 0.715712 0.998097
vt 0.268636 0.748778
vt 0.265650 0.745677
vt 0.070359 0.724108
vt 0.723827 0.358342
vt 0.582946 0.747997
vt 0.567693 0.770433
vt 0.536813 0.984929
vt 0.306956 0.995287
vt 0.064457 0.741991
vt 0.727113 0.295220
vt 0.585858 0.748853
vt 0.721020 0.330334
vt 0.652605 0.747926
vt 0.531757 0.996927
vt 0.534047 0.997348
vt 0.721125 0.335520
vt 0.589830 0.748128
vt 0.587452 0.748023
vt 0.587256 0.748421
vt 0.722870 0.355693
vt 0.726343 0.297722
vt 0.592190 0.748049
vt 0.560384 0.917246
vt 0.721709 0.345780
vt 0.239132 0.743868
vt 0.242187 0.746546
vt 0.227488 0.731058
vt 0.044743 0.738418
vt 0.721421 0.325098
vt 0.723366 0.308100
vt 0.722155 0.317623
vt 0.724524 0.305338
vt 0.649716 0.747900
vt 0.646698 0.747893
vt 0.721267 0.341939
vt 0.600398 0.747941
vt 0.606129 0.753416
vt 0.661163 0.769707
vt 0.537116 0.997454
vt 0.235822 0.741284
vt 0.640162 0.748003
vt 0.637947 0.757236
vt 0.320902 0.998362
vt 0.636663 0.747890
vt 0.630935 0.748018
vt 0.722226 0.312889
vt 0.606270 0.748320
vt 0.700676 0.998896
vt 0.707883 0.998633
vt 0.625625 0.747881
vt 0.622818 0.748192
vt 0.612495 0.747887
vt 0.664242 0.790830
vt 0.540281 0.997578
vt 0.232419 0.738714
vt 0.619715 0.748140
vt 0.589262 0.770556
vt 0.673625 0.920916
vt 0.676505 0.969820
vt 0.684027 0.993599
vt 0.563381 0.984782
vt 0.570085 0.802151
vt 0.228703 0.736032
vt 0.071248 0.736858
vt 0.075750 0.733533
vt 0.694164 0.998897
vt 0.225783 0.733846
vt 0.585400 0.790150
vt 0.075991 0.733911
vt 0.551016 0.998306
vt 0.546461 0.997995
vt 0.575497 0.936486
vt 0.584391 0.878568
vt 0.076997 0.732772
vt 0.635193 0.768955
vt 0.577328 0.972655
vt 0.549655 0.998260
vt 0.613711 0.767400
vt 0.221552 0.730988
vt 0.348407 0.750910
vt 0.347818 0.770542
vt 0.336099 0.802380
vt 0.330526 0.898544
vt 0.334911 0.989299
vt 0.650464 0.800859
vt 0.099769 0.721336
vt 0.061823 0.724718
vt 0.636011 0.788107
vt 0.656773 0.929103
vt 0.556751 0.998542
vt 0.552375 0.998451
vt 0.219472 0.729645
vt 0.227202 0.718468
vt 0.052315 0.731914
vt 0.657461 0.972832
vt 0.566010 0.998829
vt 0.554932 0.998588
vt 0.602495 0.790218
vt 0.663414 0.991895
vt 0.216767 0.728072
vt 0.214980 0.727169
vt 0.241727 0.724801
vt 0.615967 0.792344
vt 0.211430 0.725274
vt 0.204384 0.719692
vt 0.637930 0.918098
vt 0.600756 0.923521
vt 0.669818 0.999151
vt 0.694116 0.999352
vt 0.559890 0.998819
vt 0.561801 0.998992
vt 0.671410 0.999223
vt 0.615752 0.914451
vt 0.631395 0.963807
vt 0.670753 0.999697
vt 0.596040 0.973427
vt 0.209545 0.724200
vt 0.204610 0.722156
vt 0.112134 0.714680
vt 0.591398 0.995682
vt 0.133130 0.702018
vt 0.613237 0.965048
vt 0.629802 0.985681
vt 0.069375 0.719900
vt 0.348786 0.887158
vt 0.644622 0.995828
vt 0.660532 0.999757
vt 0.670746 0.999697
vt 0.358412 0.786730
vt 0.567375 0.999399
vt 0.237070 0.721780
vt 0.234391 0.720191
vt 0.194738 0.718350
vt 0.079789 0.715401
vt 0.231441 0.718398
vt 0.576018 0.999443
vt 0.591408 0.999750
vt 0.229091 0.717203
vt 0.122074 0.714232
vt 0.503599 0.999184
vt 0.505850 0.998999
vt 0.503323 0.994146
vt 0.178915 0.714031
vt 0.227147 0.716033
vt 0.623355 1.000063
vt 0.344209 0.999285
vt 0.365516 0.999108
vt 0.346944 0.992369
vt 0.221524 0.713135
vt 0.225112 0.714905
vt 0.499782 0.999129
vt 0.496288 0.999298
vt 0.594362 0.999644
vt 0.639934 0.999864
vt 0.175952 0.713530
vt 0.607113 0.999897
vt 0.162667 0.710030
vt 0.201958 0.708968
vt 0.210790 0.708273
vt 0.216377 0.710705
vt 0.146346 0.710946
vt 0.367915 0.905361
vt 0.489443 0.999511
vt 0.491588 0.997225
vt 0.164187 0.711623
vt 0.486966 0.999021
vt 0.489413 0.999345
vt 0.198514 0.704083
vt 0.094810 0.707646
vt 0.200978 0.704734
vt 0.474014 0.999657
vt 0.476545 0.999594
vt 0.479551 0.999550
vt 0.181424 0.699553
vt 0.118031 0.700129
vt 0.190061 0.701723
vt 0.183781 0.700168
vt 0.123117 0.699007
vt 0.165037 0.697014
vt 0.139059 0.696778
vt 0.415247 0.999835
vt 0.419990 0.993546
vt 0.399155 0.999655
vt 0.152510 0.696144
vt 0.847182 0.139165
vt 0.847228 0.148990
vt 0.843274 0.171373
vt 0.845914 0.126471
vt 0.846664 0.132344
vt 0.842634 0.173259
vt 0.843262 0.171386
vt 0.262686 0.520750
vt 0.841885 0.175373
vt 0.837551 0.184948
vt 0.839833 0.126967
vt 0.833903 0.168752
vt 0.829605 0.197102
vt 0.843687 0.116204
vt 0.844626 0.119587
vt 0.835919 0.188113
vt 0.842585 0.112131
vt 0.834318 0.190712
vt 0.832531 0.193328
vt 0.837018 0.146725
vt 0.836639 0.151176
vt 0.836217 0.155094
vt 0.837003 0.140939
vt 0.835027 0.161519
vt 0.901484 0.660611
vt 0.907911 0.661909
vt 0.907652 0.657373
vt 0.908004 0.667608
vt 0.877000 0.674694
vt 0.880843 0.673103
vt 0.877047 0.660790
vt 0.834034 0.164756
vt 0.840067 0.105673
vt 0.836842 0.135212
vt 0.877341 0.648960
vt 0.882963 0.652909
vt 0.877331 0.645577
vt 0.907957 0.652714
vt 0.907849 0.646583
vt 0.833238 0.167781
vt 0.830516 0.196302
vt 0.836130 0.128064
vt 0.836535 0.131397
vt 0.758447 0.620169
vt 0.882299 0.634272
vt 0.877478 0.639370
vt 0.907812 0.641429
vt 0.907920 0.671043
vt 0.261966 0.449161
vt 0.758474 0.620129
vt 0.758702 0.618364
vt 0.877568 0.636004
vt 0.832192 0.171066
vt 0.831497 0.172797
vt 0.823503 0.189890
vt 0.907959 0.673606
vt 0.829069 0.198567
vt 0.877811 0.631406
vt 0.876996 0.680252
vt 0.908178 0.683271
vt 0.908085 0.677288
vt 0.908147 0.679468
vt 0.876941 0.684423
vt 0.830307 0.175817
vt 0.892016 0.664572
vt 0.893519 0.684749
vt 0.877062 0.687764
vt 0.829625 0.177168
vt 0.823497 0.191436
vt 0.828829 0.178781
vt 0.878117 0.629592
vt 0.878130 0.628263
vt 0.900712 0.692634
vt 0.826513 0.182883
vt 0.826174 0.099750
vt 0.908205 0.690610
vt 0.908226 0.685625
vt 0.908384 0.689432
vt 0.833365 0.118306
vt 0.878181 0.626031
vt 0.883017 0.688906
vt 0.877271 0.693919
vt 0.835276 0.096170
vt 0.824929 0.185614
vt 0.907839 0.625983
vt 0.261665 0.442562
vt 0.878154 0.622729
vt 0.887339 0.618796
vt 0.877368 0.697980
vt 0.284295 0.434972
vt 0.878432 0.618787
vt 0.832133 0.114540
vt 0.831203 0.112123
vt 0.877254 0.695843
vt 0.822695 0.189539
vt 0.285991 0.436031
vt 0.834380 0.094437
vt 0.821379 0.206583
vt 0.833620 0.092911
vt 0.908545 0.699820
vt 0.908498 0.697616
vt 0.820226 0.191977
vt 0.815214 0.199136
vt 0.822822 0.189498
vt 0.829405 0.107412
vt 0.818501 0.209058
vt 0.819843 0.207942
vt 0.877511 0.700681
vt 0.268593 0.695335
vt 0.264244 0.431932
vt 0.827419 0.103447
vt 0.817459 0.195258
vt 0.908400 0.611780
vt 0.908755 0.703368
vt 0.877840 0.706458
vt 0.827218 0.083772
vt 0.877700 0.703672
vt 0.815008 0.197482
vt 0.255190 0.556349
vt 0.251654 0.692587
vt 0.256088 0.554871
vt 0.893318 0.707319
vt 0.898770 0.707042
vt 0.821803 0.077484
vt 0.879069 0.606260
vt 0.907746 0.708230
vt 0.908716 0.705756
vt 0.824807 0.099108
vt 0.886014 0.707781
vt 0.811427 0.200294
vt 0.781556 0.687479
vt 0.823388 0.096782
vt 0.908689 0.605861
vt 0.908539 0.604727
vt 0.904777 0.707132
vt 0.824325 0.080394
vt 0.890776 0.707688
vt 0.808149 0.203107
vt 0.902277 0.707767
vt 0.905805 0.707152
vt 0.905355 0.708050
vt 0.820089 0.092350
vt 0.809777 0.201695
vt 0.530147 0.190651
vt 0.527565 0.189530
vt 0.527871 0.191439
vt 0.804309 0.206056
vt 0.819013 0.090490
vt 0.880198 0.710082
vt 0.878140 0.711014
vt 0.892265 0.707097
vt 0.806123 0.216347
vt 0.532259 0.190363
vt 0.534702 0.189108
vt 0.887286 0.220746
vt 0.888390 0.220799
vt 0.883527 0.219226
vt 0.886261 0.708768
vt 0.793235 0.211240
vt 0.784959 0.050284
vt 0.890627 0.221879
vt 0.549271 0.176272
vt 0.538238 0.188886
vt 0.544069 0.188421
vt 0.804832 0.205106
vt 0.545107 0.187767
vt 0.890537 0.219938
vt 0.527398 0.185428
vt 0.527299 0.188375
vt 0.275959 0.672446
vt 0.816294 0.087149
vt 0.890947 0.219013
vt 0.901227 0.600806
vt 0.897734 0.600811
vt 0.554657 0.188935
vt 0.247709 0.681099
vt 0.551090 0.188096
vt 0.802756 0.217836
vt 0.527046 0.182840
vt 0.801351 0.207188
vt 0.559040 0.183997
vt 0.247247 0.678074
vt 0.536888 0.175598
vt 0.862963 0.218675
vt 0.865179 0.218391
vt 0.862295 0.218324
vt 0.814707 0.085047
vt 0.559256 0.183134
vt 0.799197 0.219112
vt 0.869705 0.217544
vt 0.532107 0.166548
vt 0.526966 0.181016
vt 0.799029 0.208130
vt 0.245435 0.665841
vt 0.246780 0.674928
vt 0.559480 0.180847
vt 0.793078 0.210578
vt 0.795779 0.220024
vt 0.527071 0.179085
vt 0.797084 0.208908
vt 0.276156 0.670549
vt 0.245977 0.670742
vt 0.794558 0.209604
vt 0.809481 0.065406
vt 0.527305 0.173243
vt 0.527087 0.176810
vt 0.256118 0.534971
vt 0.256423 0.534593
vt 0.890302 0.205826
vt 0.527017 0.175104
vt 0.245715 0.668999
vt 0.789615 0.211215
vt 0.245338 0.667068
vt 0.805302 0.061948
vt 0.807386 0.063562
vt 0.526837 0.170207
vt 0.526879 0.172639
vt 0.786001 0.211891
vt 0.244753 0.662515
vt 0.245038 0.665390
vt 0.803650 0.060464
vt 0.775993 0.222053
vt 0.783751 0.221744
vt 0.527014 0.166336
vt 0.801438 0.058616
vt 0.796730 0.055081
vt 0.274354 0.655710
vt 0.244388 0.660959
vt 0.794373 0.546514
vt 0.243704 0.656376
vt 0.780164 0.212569
vt 0.762193 0.211399
vt 0.550459 0.149564
vt 0.773202 0.212878
vt 0.791695 0.051499
vt 0.534351 0.146435
vt 0.273465 0.645460
vt 0.242710 0.650490
vt 0.560666 0.158296
vt 0.527092 0.162057
vt 0.788152 0.049050
vt 0.806675 0.537758
vt 0.803475 0.539742
vt 0.780039 0.056024
vt 0.785140 0.047116
vt 0.242009 0.646321
vt 0.527074 0.144616
vt 0.527132 0.154458
vt 0.785938 0.059753
vt 0.786607 0.048024
vt 0.241655 0.644323
vt 0.808685 0.536352
vt 0.782942 0.057813
vt 0.771576 0.048863
vt 0.272997 0.639176
vt 0.244951 0.606715
vt 0.240806 0.639075
vt 0.835568 0.699727
vt 0.830383 0.700807
vt 0.544727 0.139786
vt 0.240416 0.637455
vt 0.776823 0.053976
vt 0.778162 0.042787
vt 0.780295 0.044081
vt 0.772602 0.039709
vt 0.774385 0.052628
vt 0.240013 0.635387
vt 0.775137 0.041052
vt 0.239474 0.633124
vt 0.772303 0.051464
vt 0.751859 0.218733
vt 0.756561 0.219722
vt 0.526902 0.135287
vt 0.745174 0.204921
vt 0.755003 0.209207
vt 0.756189 0.219802
vt 0.272426 0.626174
vt 0.239205 0.631167
vt 0.773643 0.040034
vt 0.256911 0.498236
vt 0.761868 0.032868
vt 0.238902 0.629434
vt 0.768479 0.049391
vt 0.843114 0.696714
vt 0.747741 0.217380
vt 0.749667 0.218144
vt 0.845878 0.695412
vt 0.753056 0.208271
vt 0.526883 0.128931
vt 0.752346 0.031953
vt 0.765683 0.047956
vt 0.563358 0.131061
vt 0.747684 0.204991
vt 0.847461 0.694280
vt 0.237087 0.620535
vt 0.771359 0.038607
vt 0.763487 0.046932
vt 0.743645 0.216427
vt 0.526946 0.125281
vt 0.563631 0.127417
vt 0.744712 0.201821
vt 0.539784 0.125510
vt 0.832569 0.521735
vt 0.540359 0.125026
vt 0.742961 0.200139
vt 0.253831 0.432510
vt 0.738469 0.214402
vt 0.234201 0.610139
vt 0.235161 0.613806
vt 0.741441 0.198417
vt 0.836641 0.519322
vt 0.749755 0.025561
vt 0.255399 0.459425
vt 0.740140 0.196384
vt 0.755652 0.029163
vt 0.738605 0.193373
vt 0.737683 0.191052
vt 0.840410 0.517044
vt 0.755432 0.043246
vt 0.736748 0.187150
vt 0.737222 0.188304
vt 0.272894 0.599025
vt 0.724193 0.205552
vt 0.724754 0.175385
vt 0.736354 0.180825
vt 0.735459 0.174397
vt 0.734422 0.169209
vt 0.728285 0.210286
vt 0.231588 0.601876
vt 0.232749 0.605603
vt 0.733980 0.167181
vt 0.302414 0.617622
vt 0.302367 0.615364
vt 0.302389 0.619402
vt 0.302659 0.595891
vt 0.301574 0.610629
vt 0.302926 0.590267
vt 0.746018 0.022967
vt 0.733520 0.020401
vt 0.725576 0.164443
vt 0.725055 0.208909
vt 0.293256 0.628375
vt 0.229066 0.593075
vt 0.230675 0.599773
vt 0.852448 0.509114
vt 0.743989 0.021819
vt 0.725316 0.168050
vt 0.721633 0.199126
vt 0.721169 0.203343
vt 0.721354 0.207303
vt 0.723005 0.190484
vt 0.294269 0.630831
vt 0.229885 0.597426
vt 0.741880 0.019984
vt 0.720922 0.205915
vt 0.293268 0.620853
vt 0.293107 0.623053
vt 0.293436 0.619211
vt 0.871582 0.648935
vt 0.870882 0.647301
vt 0.293507 0.603885
vt 0.293134 0.590446
vt 0.625407 0.627520
vt 0.626747 0.623573
vt 0.630449 0.618083
vt 0.229033 0.591804
vt 0.228699 0.594246
vt 0.738846 0.017846
vt 0.273699 0.587883
vt 0.737181 0.016492
vt 0.735586 0.037333
vt 0.736032 0.015684
vt 0.734577 0.014290
vt 0.732094 0.012377
vt 0.729578 0.031872
vt 0.733122 0.012886
vt 0.728742 0.027444
vt 0.730177 0.035407
vt 0.730744 0.037354
vt 0.538526 0.745613
vt 0.541813 0.741330
vt 0.623019 0.488202
vt 0.244056 0.577569
vt 0.729151 0.008352
vt 0.730893 0.010249
vt 0.727835 0.024422
vt 0.298490 0.689578
vt 0.298592 0.688126
vt 0.297627 0.690416
vt 0.534520 0.743311
vt 0.722468 0.005816
vt 0.727032 0.021474
vt 0.232771 0.580420
vt 0.723866 0.009214
vt 0.531851 0.737456
vt 0.726221 0.018338
vt 0.725129 0.014424
vt 0.726584 0.003801
vt 0.725680 0.016060
vt 0.618854 0.477054
vt 0.239651 0.576012
vt 0.618598 0.474247
vt 0.724855 0.001109
vt 0.725918 0.002088
vt 0.233334 0.566116
vt 0.721128 0.000940
vt 0.381586 0.423446
vt 0.373523 0.423183
vt 0.371396 0.423386
vt 0.722694 0.000418
vt 0.367326 0.423498
vt 0.368627 0.416065
vt 0.360743 0.423374
vt 0.876076 0.491529
vt 0.420977 0.423157
vt 0.422161 0.423603
vt 0.225068 0.568929
vt 0.219882 0.571385
vt 0.220861 0.576212
vt 0.219046 0.574652
vt 0.276416 0.564249
vt 0.876226 0.490657
vt 0.619260 0.464674
vt 0.682357 0.465848
vt 0.425557 0.423355
vt 0.357972 0.422922
vt 0.360373 0.423162
vt 0.355315 0.423002
vt 0.217861 0.574162
vt 0.352156 0.422987
vt 0.278316 0.563688
vt 0.385227 0.393876
vt 0.414050 0.396051
vt 0.347732 0.423091
vt 0.221822 0.570543
vt 0.434881 0.423189
vt 0.227845 0.567886
vt 0.275680 0.562469
vt 0.431698 0.417283
vt 0.239195 0.564917
vt 0.259679 0.561781
vt 0.348389 0.409978
vt 0.343020 0.422937
vt 0.246716 0.563751
vt 0.404743 0.326594
vt 0.388225 0.332509
vt 0.373567 0.325657
vt 0.360176 0.375857
vt 0.437176 0.405088
vt 0.337477 0.423084
vt 0.095367 0.974152
vt 0.420064 0.319026
vt 0.391179 0.211976
vt 0.357362 0.318076
vt 0.374591 0.214779
vt 0.435988 0.364734
vt 0.659706 0.445843
vt 0.086064 0.969600
vt 0.411249 0.213957
vt 0.358829 0.221273
vt 0.336523 0.365106
vt 0.646510 0.444441
vt 0.328101 0.403033
vt 0.687024 0.449487
vt 0.368376 0.194906
vt 0.430070 0.224290
vt 0.395991 0.191404
vt 0.626520 0.444011
vt 0.341967 0.309180
vt 0.349735 0.200031
vt 0.443198 0.286351
vt 0.312231 0.422427
vt 0.339754 0.220936
vt 0.077680 0.964792
vt 0.302302 0.333082
vt 0.077012 0.964195
vt 0.302064 0.330400
vt 0.194713 0.242124
vt 0.072766 0.961275
vt 0.314277 0.422558
vt 0.318679 0.422636
vt 0.470938 0.422587
vt 0.718399 0.455339
vt 0.070298 0.959510
vt 0.300719 0.304128
vt 0.066203 0.955976
vt 0.068344 0.957854
vt 0.330380 0.195324
vt 0.324231 0.336415
vt 0.310104 0.422358
vt 0.304349 0.420955
vt 0.400629 0.172981
vt 0.308132 0.422172
vt 0.479004 0.422428
vt 0.299383 0.290070
vt 0.936362 0.331203
vt 0.414791 0.173205
vt 0.321500 0.214536
vt 0.304195 0.422078
vt 0.530191 0.709972
vt 0.566693 0.452911
vt 0.361417 0.173784
vt 0.355675 0.174203
vt 0.368367 0.173430
vt 0.061068 0.951611
vt 0.286221 0.347222
vt 0.359017 0.174045
vt 0.305767 0.411988
vt 0.528606 0.707260
vt 0.564815 0.452889
vt 0.559875 0.453718
vt 0.530271 0.708869
vt 0.931288 0.370504
vt 0.526963 0.662490
vt 0.527347 0.648616
vt 0.305166 0.413337
vt 0.303830 0.417523
vt 0.485745 0.422215
vt 0.930726 0.372882
vt 0.348345 0.174652
vt 0.527263 0.656559
vt 0.215034 0.341910
vt 0.734939 0.459196
vt 0.309297 0.366366
vt 0.529677 0.708225
vt 0.352458 0.174171
vt 0.528114 0.705803
vt 0.934493 0.848877
vt 0.937434 0.920440
vt 0.929597 0.376270
vt 0.527671 0.596363
vt 0.526911 0.642936
vt 0.529131 0.709181
vt 0.530200 0.709758
vt 0.529672 0.708454
vt 0.300464 0.392778
vt 0.928230 0.379514
vt 0.936147 0.925141
vt 0.527339 0.612490
vt 0.216467 0.646897
vt 0.716979 0.431312
vt 0.716688 0.440590
vt 0.720561 0.440315
vt 0.931835 0.296945
vt 0.530726 0.510679
vt 0.529751 0.532230
vt 0.529583 0.534937
vt 0.217101 0.631463
vt 0.216868 0.654279
vt 0.216571 0.684499
vt 0.935252 0.928292
vt 0.529484 0.527188
vt 0.527726 0.575619
vt 0.342285 0.175072
vt 0.214980 0.534417
vt 0.309413 0.369318
vt 0.345106 0.174497
vt 0.327231 0.177010
vt 0.307750 0.392921
vt 0.216905 0.218021
vt 0.220329 0.213758
vt 0.312764 0.227601
vt 0.308090 0.387856
vt 0.715734 0.418099
vt 0.715264 0.414999
vt 0.714174 0.416298
vt 0.211021 0.198839
vt 0.313287 0.225063
vt 0.310529 0.215879
vt 0.308625 0.381448
vt 0.714998 0.418972
vt 0.711284 0.440953
vt 0.927964 0.840607
vt 0.932540 0.936335
vt 0.299235 0.274036
vt 0.309786 0.345944
vt 0.714106 0.406208
vt 0.713714 0.399792
vt 0.714605 0.411278
vt 0.299331 0.399578
vt 0.314920 0.187850
vt 0.309561 0.331042
vt 0.335687 0.175760
vt 0.705746 0.441351
vt 0.551137 0.455269
vt 0.313051 0.226677
vt 0.309692 0.306371
vt 0.309133 0.342200
vt 0.309122 0.349309
vt 0.928938 0.835057
vt 0.309655 0.288055
vt 0.310493 0.266584
vt 0.309769 0.296563
vt 0.703480 0.385445
vt 0.712790 0.384719
vt 0.711992 0.369953
vt 0.312094 0.202307
vt 0.211799 0.484570
vt 0.310504 0.223112
vt 0.310264 0.255889
vt 0.218034 0.217260
vt 0.310897 0.242357
vt 0.310573 0.238321
vt 0.309172 0.325072
vt 0.711149 0.368797
vt 0.711784 0.364279
vt 0.710911 0.360551
vt 0.713173 0.387651
vt 0.310182 0.229739
vt 0.310565 0.232427
vt 0.309901 0.274661
vt 0.286313 0.389035
vt 0.455979 0.175032
vt 0.330982 0.176675
vt 0.708508 0.259074
vt 0.709470 0.256850
vt 0.709346 0.250775
vt 0.709162 0.266414
vt 0.709623 0.274043
vt 0.709648 0.263769
vt 0.709937 0.314914
vt 0.709655 0.306410
vt 0.696532 0.341124
vt 0.711130 0.371214
vt 0.209515 0.467854
vt 0.311848 0.204622
vt 0.310880 0.210435
vt 0.700083 0.230711
vt 0.708871 0.248096
vt 0.708900 0.241467
vt 0.709929 0.260890
vt 0.710048 0.284925
vt 0.051573 0.942756
vt 0.215044 0.191828
vt 0.709217 0.265087
vt 0.709597 0.263480
vt 0.709629 0.293013
vt 0.710086 0.324720
vt 0.710164 0.343428
vt 0.710785 0.349388
vt 0.707897 0.223655
vt 0.707966 0.228786
vt 0.708335 0.234245
vt 0.315514 0.185434
vt 0.297238 0.263178
vt 0.707522 0.221044
vt 0.495148 0.421909
vt 0.205228 0.454372
vt 0.206631 0.458043
vt 0.206857 0.456399
vt 0.312545 0.194267
vt 0.496931 0.421838
vt 0.299399 0.407595
vt 0.540272 0.459085
vt 0.312659 0.192574
vt 0.313563 0.191034
vt 0.212162 0.695556
vt 0.322211 0.177819
vt 0.325556 0.177217
vt 0.313814 0.188442
vt 0.911765 0.411061
vt 0.914769 0.407076
vt 0.691474 0.426720
vt 0.923313 0.954581
vt 0.316090 0.182536
vt 0.313773 0.187628
vt 0.537584 0.461242
vt 0.203537 0.447867
vt 0.193765 0.441113
vt 0.204605 0.451251
vt 0.318040 0.180891
vt 0.202716 0.445794
vt 0.494641 0.409561
vt 0.701710 0.441516
vt 0.702470 0.441771
vt 0.200304 0.442511
vt 0.202384 0.443295
vt 0.317844 0.179319
vt 0.319646 0.177998
vt 0.703772 0.206373
vt 0.703352 0.203623
vt 0.002842 0.395585
vt 0.191588 0.589645
vt 0.003444 0.396039
vt 0.466950 0.175510
vt 0.701486 0.197729
vt 0.698640 0.196288
vt 0.702353 0.200273
vt 0.490047 0.335637
vt 0.490330 0.350316
vt 0.689192 0.397364
vt 0.490525 0.354468
vt 0.198143 0.695378
vt 0.907251 0.415841
vt 0.688537 0.236352
vt 0.491345 0.367121
vt 0.916539 0.963608
vt 0.338644 0.429547
vt 0.338924 0.431884
vt 0.296963 0.417914
vt 0.296938 0.414084
vt 0.340652 0.426229
vt 0.490220 0.297570
vt 0.490827 0.322841
vt 0.008083 0.355174
vt 0.340792 0.432464
vt 0.694782 0.195825
vt 0.490164 0.280476
vt 0.009971 0.291984
vt 0.345911 0.453450
vt 0.011430 0.206374
vt 0.900472 0.972345
vt 0.914096 0.966382
vt 0.012333 0.198707
vt 0.903371 0.418964
vt 0.295903 0.418036
vt 0.231920 0.203741
vt 0.485812 0.187353
vt 0.487986 0.194794
vt 0.486721 0.189976
vt 0.182973 0.451319
vt 0.675080 0.208384
vt 0.186624 0.695402
vt 0.286809 0.412992
vt 0.295917 0.421395
vt 0.234914 0.200503
vt 0.013684 0.183063
vt 0.189484 0.440295
vt 0.236720 0.199303
vt 0.295424 0.422475
vt 0.897604 0.422616
vt 0.688212 0.195227
vt 0.185199 0.439316
vt 0.237789 0.172908
vt 0.233439 0.175284
vt 0.896237 0.423747
vt 0.019250 0.166350
vt 0.291482 0.422037
vt 0.020114 0.165291
vt 0.294343 0.423618
vt 0.685687 0.442385
vt 0.687551 0.442406
vt 0.239622 0.196943
vt 0.905700 0.975032
vt 0.908783 0.971969
vt 0.676271 0.343015
vt 0.901305 0.978525
vt 0.184812 0.417318
vt 0.186260 0.416996
vt 0.244544 0.170189
vt 0.184714 0.413594
vt 0.185018 0.418730
vt 0.182999 0.409223
vt 0.243461 0.169777
vt 0.181841 0.438691
vt 0.173509 0.491445
vt 0.167534 0.469049
vt 0.667980 0.433806
vt 0.675358 0.230215
vt 0.682292 0.442419
vt 0.677887 0.442436
vt 0.671400 0.403399
vt 0.897864 0.981148
vt 0.899424 0.980006
vt 0.887056 0.987770
vt 0.674709 0.442508
vt 0.677564 0.442624
vt 0.894329 0.983482
vt 0.896026 0.982416
vt 0.172761 0.408907
vt 0.893081 0.795428
vt 0.894834 0.796468
vt 0.369837 0.449195
vt 0.671323 0.442687
vt 0.674441 0.442710
vt 0.365374 0.424714
vt 0.163622 0.451183
vt 0.658219 0.328630
vt 0.171173 0.408863
vt 0.662534 0.215349
vt 0.892177 0.984770
vt 0.025541 0.903117
vt 0.169787 0.422794
vt 0.172153 0.422253
vt 0.890711 0.985685
vt 0.254188 0.180308
vt 0.661363 0.236009
vt 0.256338 0.178401
vt 0.161984 0.543127
vt 0.870584 0.788494
vt 0.166264 0.408744
vt 0.156683 0.609364
vt 0.888144 0.987255
vt 0.889281 0.986589
vt 0.167631 0.423704
vt 0.660072 0.382064
vt 0.164923 0.408737
vt 0.876837 0.988681
vt 0.165288 0.435710
vt 0.168084 0.435824
vt 0.885667 0.988429
vt 0.165193 0.424189
vt 0.256912 0.164359
vt 0.163429 0.435775
vt 0.883735 0.790483
vt 0.163460 0.408652
vt 0.159891 0.408831
vt 0.883894 0.989457
vt 0.152434 0.442083
vt 0.871588 0.435723
vt 0.150844 0.486780
vt 0.161416 0.408586
vt 0.881754 0.789533
vt 0.264978 0.172223
vt 0.271363 0.407533
vt 0.642353 0.400415
vt 0.881772 0.990509
vt 0.662216 0.442873
vt 0.865163 0.437944
vt 0.869310 0.436842
vt 0.648976 0.216005
vt 0.156856 0.408881
vt 0.878990 0.991775
vt 0.158943 0.408702
vt 0.878908 0.788202
vt 0.157943 0.408575
vt 0.656682 0.192537
vt 0.156576 0.433778
vt 0.266760 0.162481
vt 0.383883 0.443902
vt 0.876365 0.992867
vt 0.154663 0.408863
vt 0.155870 0.408683
vt 0.829073 0.781952
vt 0.872765 0.785472
vt 0.152283 0.425635
vt 0.157976 0.425809
vt 0.158866 0.425103
vt 0.857293 0.440132
vt 0.153233 0.408592
vt 0.145845 0.418110
vt 0.646882 0.433213
vt 0.269078 0.162995
vt 0.271429 0.167480
vt 0.873926 0.993864
vt 0.271533 0.168933
vt 0.140241 0.461433
vt 0.152561 0.408686
vt 0.150895 0.408504
vt 0.151365 0.431916
vt 0.871735 0.994586
vt 0.272081 0.162371
vt 0.154341 0.432350
vt 0.648825 0.192479
vt 0.143085 0.545742
vt 0.152238 0.427121
vt 0.273938 0.162894
vt 0.648656 0.443176
vt 0.273778 0.166131
vt 0.018405 0.882617
vt 0.869361 0.995301
vt 0.275555 0.164102
vt 0.633100 0.241293
vt 0.148371 0.408498
vt 0.141860 0.408319
vt 0.145201 0.430224
vt 0.854344 0.995039
vt 0.143664 0.429139
vt 0.149379 0.430765
vt 0.864317 0.782999
vt 0.147159 0.427979
vt 0.277394 0.162320
vt 0.862940 0.996858
vt 0.633701 0.346754
vt 0.135213 0.695740
vt 0.148056 0.429072
vt 0.627979 0.211910
vt 0.133953 0.496579
vt 0.638288 0.192381
vt 0.630780 0.437225
vt 0.859361 0.997546
vt 0.126244 0.449766
vt 0.133329 0.599130
vt 0.624605 0.412979
vt 0.135449 0.408330
vt 0.120504 0.419865
vt 0.844511 0.779480
vt 0.853007 0.998699
vt 0.855734 0.998368
vt 0.847893 0.999129
vt 0.120353 0.529448
vt 0.115102 0.478885
vt 0.640878 0.443326
vt 0.117407 0.434558
vt 0.132223 0.408232
vt 0.127132 0.407996
vt 0.127945 0.695789
vt 0.613431 0.239362
vt 0.612339 0.368523
vt 0.613990 0.443482
vt 0.111983 0.603306
vt 0.103870 0.446324
vt 0.826053 0.999514
vt 0.603139 0.425163
vt 0.105045 0.408024
vt 0.098421 0.465697
vt 0.811581 0.994320
vt 0.823882 0.778896
vt 0.098045 0.586025
vt 0.096625 0.419316
vt 0.086704 0.436226
vt 0.092417 0.501108
vt 0.819195 0.779510
vt 0.778676 0.982073
vt 0.591917 0.356737
vt 0.088252 0.686322
vt 0.811446 0.997421
vt 0.079731 0.461174
vt 0.090566 0.408036
vt 0.092050 0.695623
vt 0.811957 0.780689
vt 0.807796 0.781503
vt 0.576314 0.364752
vt 0.067906 0.448280
vt 0.077380 0.485418
vt 0.073556 0.693310
vt 0.082441 0.586304
vt 0.078553 0.419453
vt 0.794342 0.992392
vt 0.075500 0.408235
vt 0.085630 0.695459
vt 0.799805 0.783496
vt 0.079759 0.695411
vt 0.066359 0.546350
vt 0.795256 0.785013
vt 0.570662 0.238374
vt 0.060270 0.686723
vt 0.791609 0.786386
vt 0.074099 0.695417
vt 0.567256 0.443061
vt 0.057667 0.418987
vt 0.474455 0.446194
vt 0.754299 0.961201
vt 0.055642 0.437302
vt 0.750636 0.821610
vt 0.061195 0.470787
vt 0.068551 0.695386
vt 0.063428 0.408392
vt 0.475623 0.446127
vt 0.473583 0.424353
vt 0.065893 0.695446
vt 0.776573 0.983973
vt 0.280053 0.630312
vt 0.281599 0.630054
vt 0.047209 0.500478
vt 0.061832 0.695313
vt 0.556660 0.194556
vt 0.778970 0.792267
vt 0.483634 0.442432
vt 0.058605 0.695071
vt 0.057823 0.693816
vt 0.777438 0.793171
vt 0.559153 0.443126
vt 0.054794 0.408600
vt 0.285650 0.624157
vt 0.775654 0.794221
vt 0.054426 0.695112
vt 0.058732 0.695291
vt 0.773916 0.795329
vt 0.483944 0.424583
vt 0.044815 0.471578
vt 0.489564 0.449640
vt 0.488964 0.440350
vt 0.043893 0.409350
vt 0.052157 0.695304
vt 0.054611 0.695296
vt 0.766812 0.977628
vt 0.491824 0.449865
vt 0.048244 0.427605
vt 0.489131 0.424823
vt 0.042303 0.573612
vt 0.050474 0.695143
vt 0.033056 0.778448
vt 0.290331 0.782610
vt 0.047101 0.429174
vt 0.548207 0.195597
vt 0.040779 0.424726
vt 0.042775 0.426022
vt 0.037249 0.423307
vt 0.497639 0.451721
vt 0.038682 0.446414
vt 0.289460 0.693227
vt 0.286885 0.692975
vt 0.289073 0.695928
vt 0.043470 0.431118
vt 0.288696 0.616260
vt 0.497649 0.438808
vt 0.288560 0.687597
vt 0.279428 0.605480
vt 0.499460 0.436898
vt 0.289380 0.689045
vt 0.758024 0.969926
vt 0.285299 0.689948
vt 0.498731 0.437833
vt 0.750857 0.415316
vt 0.040072 0.432339
vt 0.291238 0.679883
vt 0.291177 0.685334
vt 0.290432 0.688051
vt 0.760756 0.804864
vt 0.031363 0.419717
vt 0.291445 0.607900
vt 0.331880 0.720745
vt 0.333193 0.717229
vt 0.329615 0.723402
vt 0.711492 0.751701
vt 0.734553 0.859225
vt 0.329544 0.724133
vt 0.037049 0.433207
vt 0.757820 0.807443
vt 0.760438 0.804741
vt 0.032199 0.420428
vt 0.747693 0.411477
vt 0.020599 0.464753
vt 0.034647 0.412370
vt 0.036118 0.410110
vt 0.284257 0.685171
vt 0.284170 0.687574
vt 0.716167 0.764178
vt 0.504163 0.715298
vt 0.503236 0.712851
vt 0.502033 0.712684
vt 0.026319 0.497418
vt 0.283582 0.769697
vt 0.034890 0.422290
vt 0.536576 0.216819
vt 0.032145 0.415993
vt 0.280476 0.588209
vt 0.279926 0.591649
vt 0.283461 0.683328
vt 0.034737 0.694954
vt 0.754502 0.965006
vt 0.702837 0.750187
vt 0.493028 0.712499
vt 0.504794 0.718924
vt 0.333775 0.726817
vt 0.344469 0.712315
vt 0.032125 0.434127
vt 0.035076 0.433432
vt 0.717318 0.772073
vt 0.023022 0.446081
vt 0.344881 0.712268
vt 0.345472 0.711979
vt 0.344940 0.711909
vt 0.282644 0.681534
vt 0.533766 0.245800
vt 0.026723 0.689912
vt 0.282128 0.679460
vt 0.281482 0.676250
vt 0.718336 0.825147
vt 0.346083 0.711998
vt 0.504773 0.720923
vt 0.029931 0.418911
vt 0.718197 0.831844
vt 0.533013 0.282313
vt 0.532930 0.305498
vt 0.532971 0.395044
vt 0.280064 0.669294
vt 0.292191 0.678947
vt 0.510073 0.454989
vt 0.718566 0.794188
vt 0.533080 0.400165
vt 0.749287 0.958042
vt 0.494852 0.712435
vt 0.498059 0.712265
vt 0.494180 0.712007
vt 0.719243 0.935632
vt 0.718212 0.918912
vt 0.024467 0.595145
vt 0.719178 0.938140
vt 0.533110 0.403808
vt 0.032164 0.695215
vt 0.034878 0.695374
vt 0.748390 0.818601
vt 0.750646 0.959867
vt 0.503198 0.722208
vt 0.335100 0.727231
vt 0.280650 0.586134
vt 0.717330 0.845657
vt 0.749720 0.816732
vt 0.293586 0.670944
vt 0.029965 0.434731
vt 0.530922 0.417238
vt 0.493540 0.712184
vt 0.294622 0.666415
vt 0.294149 0.669247
vt 0.720236 0.972552
vt 0.531202 0.427091
vt 0.029174 0.695100
vt 0.278570 0.761546
vt 0.337317 0.727560
vt 0.280622 0.582995
vt 0.527881 0.441935
vt 0.281107 0.673030
vt 0.027109 0.435298
vt 0.529988 0.424634
vt 0.530380 0.426533
vt 0.352196 0.711924
vt 0.315282 0.747245
vt 0.530248 0.428149
vt 0.338498 0.728454
vt 0.294806 0.663239
vt 0.354304 0.712008
vt 0.293579 0.659228
vt 0.295122 0.659270
vt 0.292105 0.591746
vt 0.314634 0.751064
vt 0.690190 0.748839
vt 0.514864 0.466754
vt 0.026769 0.695258
vt 0.500469 0.722357
vt 0.310719 0.758766
vt 0.311156 0.756759
vt 0.356354 0.711912
vt 0.024408 0.435660
vt 0.356307 0.712263
vt 0.366251 0.714072
vt 0.356901 0.711992
vt 0.737067 0.929714
vt 0.739939 0.832594
vt 0.493372 0.725650
vt 0.338032 0.731083
vt 0.339717 0.730639
vt 0.491501 0.712219
vt 0.501621 0.724446
vt 0.307911 0.767176
vt 0.520953 0.497685
vt 0.725173 0.996242
vt 0.024579 0.695131
vt 0.739493 0.942158
vt 0.356957 0.711711
vt 0.360962 0.711806
vt 0.359902 0.722968
vt 0.521720 0.507191
vt 0.745906 0.822250
vt 0.742837 0.827017
vt 0.476012 0.711952
vt 0.341803 0.730952
vt 0.522389 0.514918
vt 0.282423 0.577687
vt 0.495928 0.725177
vt 0.020870 0.437076
vt 0.021481 0.695242
vt 0.290262 0.583986
vt 0.285097 0.575946
vt 0.282329 0.574996
vt 0.734744 0.931034
vt 0.013064 0.444697
vt 0.523291 0.543542
vt 0.523515 0.518854
vt 0.012562 0.689373
vt 0.339078 0.734298
vt 0.523747 0.525250
vt 0.007904 0.578100
vt 0.018334 0.695220
vt 0.367080 0.711601
vt 0.283299 0.652254
vt 0.279422 0.663017
vt 0.278800 0.664976
vt 0.737211 0.838290
vt 0.372917 0.711579
vt 0.270654 0.751212
vt 0.015008 0.441298
vt 0.304637 0.825442
vt 0.525560 0.614001
vt 0.525465 0.646739
vt 0.736391 0.840270
vt 0.471242 0.722481
vt 0.294151 0.647121
vt 0.294253 0.651308
vt 0.294229 0.648925
vt 0.011938 0.447281
vt 0.010891 0.498194
vt 0.525974 0.607791
vt 0.374867 0.711472
vt 0.016100 0.439691
vt 0.305567 0.813591
vt 0.303688 0.915145
vt 0.733555 0.847261
vt 0.281593 0.656278
vt 0.006715 0.459629
vt 0.304483 0.971459
vt 0.303954 0.961535
vt 0.015831 0.695173
vt 0.491031 0.727724
vt 0.493437 0.726466
vt 0.307001 0.997228
vt 0.486217 0.728268
vt 0.293885 0.643368
vt 0.366129 0.739944
vt 0.508804 0.739420
vt 0.517105 0.743766
vt 0.514530 0.741198
vt 0.011114 0.450093
vt 0.012973 0.695282
vt 0.729784 0.860081
vt 0.011864 0.694917
vt 0.386743 0.712382
vt 0.387075 0.711473
vt 0.381822 0.711492
vt 0.288272 0.639629
vt 0.286345 0.644244
vt 0.509719 0.753534
vt 0.504882 0.737973
vt 0.730702 0.856270
vt 0.293735 0.637312
vt 0.007002 0.457617
vt 0.727444 0.903010
vt 0.519370 0.750520
vt 0.518423 0.747982
vt 0.295076 0.637383
vt 0.519879 0.752503
vt 0.009651 0.452724
vt 0.010813 0.694957
vt 0.726808 0.879288
vt 0.390138 0.711599
vt 0.520910 0.755136
vt 0.006124 0.464136
vt 0.385871 0.724948
vt 0.483794 0.730969
vt 0.487191 0.729817
vt 0.004440 0.479367
vt 0.729285 0.862041
vt 0.389745 0.711772
vt 0.463118 0.711728
vt 0.451188 0.722338
vt 0.499780 0.737470
vt 0.399315 0.711495
vt 0.397060 0.711452
vt 0.395017 0.711463
vt 0.485477 0.731439
vt 0.496614 0.736001
vt 0.498781 0.737349
vt 0.498078 0.735992
vt 0.521350 0.761154
vt 0.005569 0.467384
vt 0.484230 0.732538
vt 0.488861 0.732868
vt 0.291170 0.636882
vt 0.290276 0.635412
vt 0.438037 0.711682
vt 0.482973 0.735602
vt 0.288916 0.636959
vt 0.492646 0.735130
vt 0.511267 0.769686
vt 0.521601 0.763111
vt 0.523343 0.767451
vt 0.004854 0.477539
vt 0.410495 0.722929
vt 0.484127 0.732065
vt 0.524114 0.770715
vt 0.004954 0.471001
vt 0.005082 0.473647
vt 0.003365 0.486122
vt 0.000934 0.649848
vt 0.292854 0.632261
vt 0.489732 0.735204
vt 0.524799 0.774345
vt 0.526417 0.782244
vt 0.527084 0.780715
vt 0.525773 0.777007
vt 0.291988 0.631480
vt 0.004153 0.488397
vt 0.004008 0.490834
vt 0.001201 0.693608
vt 0.001910 0.695123
vt 0.414677 0.711425
vt 0.431370 0.722835
vt 0.001468 0.688775
vt 0.001063 0.691350
vt 0.002414 0.494257
vt 0.002673 0.491049
vt 0.002502 0.499075
vt 0.001494 0.540515
vt 0.321867 0.999041
vt 0.257457 0.737190
vt 0.002770 0.524125
vt 0.001347 0.521790
vt 0.001021 0.654679
vt 0.001365 0.680266
vt 0.001183 0.692505
vt 0.515343 0.788485
vt 0.527797 0.792151
vt 0.526970 0.789509
vt 0.001297 0.507013
vt 0.001411 0.518899
vt 0.484998 0.734116
vt 0.527434 0.798190
vt 0.527971 0.803842
vt 0.001588 0.516248
vt 0.001538 0.529636
vt 0.000913 0.528129
vt 0.000799 0.544647
vt 0.489307 0.735412
vt 0.001201 0.522881
vt 0.001021 0.549690
vt 0.001496 0.553008
vt 0.000756 0.558934
vt 0.001021 0.566380
vt 0.000528 0.583338
vt 0.001427 0.575050
vt 0.000810 0.638363
vt 0.000979 0.662562
vt 0.000587 0.671314
vt 0.322172 0.999049
vt 0.326231 0.998938
vt 0.321973 0.998632
vt 0.254133 0.734089
vt 0.484164 0.735887
vt 0.492247 0.748262
vt 0.000766 0.537477
vt 0.000659 0.592161
vt 0.000523 0.602270
vt 0.001016 0.607478
vt 0.001050 0.614470
vt 0.000294 0.610894
vt 0.530475 0.940337
vt 0.530777 0.917948
vt 0.517720 0.885770
vt 0.000955 0.628674
vt 0.000094 0.647284
vt 0.519446 0.830968
vt 0.528333 0.819667
vt 0.527406 0.810414
vt 0.528418 0.825200
vt 0.528322 0.822318
vt 0.528562 0.832079
vt 0.528664 0.840286
vt 0.529313 0.844157
vt 0.529990 0.914359
vt 0.530699 0.910954
vt 0.530169 0.905737
vt 0.529152 0.849255
vt 0.529010 0.856789
vt 0.529503 0.869552
vt 0.530061 0.857342
vt 0.530197 0.895626
vt 0.530215 0.951976
vt 0.530938 0.945461
vt 0.530867 0.958166
vt 0.530008 0.965161
vt 0.531009 0.966248
vt 0.520089 0.991205
vt 0.529521 0.996737
vt 0.529510 0.994898
vt 0.250434 0.731206
vt 0.530665 0.878520
vt 0.529930 0.886798
vt 0.530426 0.974796
vt 0.531218 0.983762
vt 0.527607 0.998077
vt 0.531045 0.992316
vt 0.459690 0.745632
vt 0.523884 0.998649
vt 0.244470 0.726629
vt 0.389166 0.743774
vt 0.518263 0.998635
vt 0.485288 0.761779
vt 0.515810 0.998699
vt 0.370309 0.761149
vt 0.336151 0.999021
vt 0.416529 0.743306
vt 0.437482 0.743850
vt 0.513743 0.998727
vt 0.240168 0.723707
vt 0.239061 0.722884
vt 0.501295 0.802768
vt 0.511191 0.998964
vt 0.508733 0.998974
vt 0.487560 0.778690
vt 0.486993 0.847398
vt 0.497244 0.901083
vt 0.362626 0.816759
vt 0.501736 0.999112
vt 0.398363 0.758102
vt 0.383139 0.777624
vt 0.461695 0.767289
vt 0.479528 0.798002
vt 0.374114 0.992180
vt 0.441958 0.759526
vt 0.383196 0.817146
vt 0.489164 0.999523
vt 0.486243 0.999341
vt 0.422314 0.767251
vt 0.203696 0.705629
vt 0.456828 0.795908
vt 0.375946 0.999471
vt 0.401988 0.783686
vt 0.435768 0.782952
vt 0.469190 0.908626
vt 0.468897 0.991876
vt 0.394056 0.999583
vt 0.465749 0.999845
vt 0.459642 0.846466
vt 0.394906 0.921127
vt 0.403852 0.989296
vt 0.459593 0.999831
vt 0.457239 0.999793
vt 0.411343 0.805961
vt 0.447764 0.991412
vt 0.406395 0.864277
vt 0.444639 0.999798
vt 0.168441 0.697384
vt 0.432534 0.813373
vt 0.438443 0.999829
vt 0.440898 0.892624
vt 0.427366 0.999687
vt 0.418161 0.894503
s 1
f 2/1/1 3/2/2 1/3/3
f 3/2/2 5/4/4 1/3/3
f 3/2/2 4/5/5 5/4/4
f 27/6/6 21/7/7 3/2/2
f 21/7/7 4/5/5 3/2/2
f 27/6/6 3/2/2 2/1/1
f 6/8/8 1/3/3 7/9/9
f 1/3/3 5/4/4 7/9/9
f 8/10/10 2/1/1 1/3/3
f 8/10/10 1/3/3 6/8/8
f 4/5/5 9/11/11 5/4/4
f 10/12/12 27/6/6 2/1/1
f 10/12/12 2/1/1 11/13/13
f 11/13/13 2/1/1 13/14/14
f 13/14/14 2/1/1 8/10/10
f 21/7/7 30/15/15 4/5/5
f 8/10/10 6/8/8 18/16/16
f 27/6/6 10/12/12 19/17/17
f 5/4/4 9/11/11 16/18/18
f 5/4/4 16/18/18 15/19/19
f 4/5/5 23/20/20 9/11/11
f 26/21/21 18/16/16 6/8/8
f 31/22/22 27/6/6 19/17/17
f 22/23/23 12/24/24 33/25/25
f 33/25/25 17/26/26 25/27/27
f 5/4/4 29/28/28 7/9/9
f 12/24/24 14/29/29 33/25/25
f 17/26/26 33/25/25 14/29/29
f 26/21/21 6/8/8 28/30/30
f 38/31/31 27/6/6 31/22/22
f 4/5/5 39/32/32 23/20/20
f 24/33/33 40/34/34 42/35/35
f 33/25/25 25/27/27 36/36/36
f 5/4/4 15/19/19 44/37/37
f 51/38/38 28/30/30 6/8/8
f 6/8/8 7/9/9 37/39/39
f 32/40/40 22/23/23 52/41/41
f 36/36/36 46/42/42 33/25/25
f 54/43/43 27/6/6 38/31/31
f 4/5/5 55/44/44 39/32/32
f 52/41/41 22/23/23 33/25/25
f 46/42/42 53/45/45 33/25/25
f 5/4/4 67/46/46 29/28/28
f 30/15/15 55/44/44 4/5/5
f 52/41/41 33/25/25 70/47/47
f 58/48/48 51/38/38 6/8/8
f 7/9/9 29/28/28 37/39/39
f 62/49/49 21/7/7 27/6/6
f 63/50/50 27/6/6 54/43/43
f 57/51/51 52/41/41 70/47/47
f 33/25/25 65/52/52 70/47/47
f 58/48/48 6/8/8 78/53/53
f 70/47/47 64/54/54 57/51/51
f 61/55/55 30/15/15 21/7/7
f 71/56/56 27/6/6 63/50/50
f 72/57/57 64/54/54 70/47/47
f 30/15/15 83/58/58 60/59/59
f 53/45/45 59/60/60 33/25/25
f 75/61/61 27/6/6 71/56/56
f 6/8/8 37/39/39 81/62/62
f 74/63/63 27/6/6 75/61/61
f 33/25/25 59/60/60 80/64/64
f 59/60/60 77/65/65 80/64/64
f 73/66/66 89/67/67 29/28/28
f 70/47/47 82/68/68 72/57/57
f 29/28/28 89/67/67 68/69/69
f 62/49/49 61/55/55 21/7/7
f 65/52/52 33/25/25 86/70/70
f 89/67/67 88/71/71 68/69/69
f 78/53/53 6/8/8 87/72/72
f 80/64/64 77/65/65 90/73/73
f 87/72/72 6/8/8 81/62/62
f 74/63/63 62/49/49 27/6/6
f 29/28/28 68/69/69 37/39/39
f 65/52/52 86/70/70 95/74/74
f 30/15/15 96/75/75 92/76/76
f 65/52/52 95/74/74 97/77/77
f 33/25/25 80/64/64 86/70/70
f 88/71/71 93/78/78 68/69/69
f 116/79/79 82/68/68 70/47/47
f 65/52/52 97/77/77 101/80/80
f 86/70/70 114/81/81 106/82/82
f 90/73/73 109/83/83 80/64/64
f 81/62/62 37/39/39 115/84/84
f 86/70/70 80/64/64 117/85/85
f 70/47/47 65/52/52 118/86/86
f 65/52/52 119/87/87 118/86/86
f 65/52/52 101/80/80 119/87/87
f 93/78/78 153/88/88 68/69/69
f 119/87/87 101/80/80 129/89/89
f 101/80/80 120/90/90 129/89/89
f 86/70/70 117/85/85 114/81/81
f 81/62/62 115/84/84 126/91/91
f 114/81/81 117/85/85 142/92/92
f 126/91/91 115/84/84 152/93/93
f 145/94/94 62/49/49 74/63/63
f 146/95/95 145/94/94 74/63/63
f 80/64/64 109/83/83 144/96/96
f 147/97/97 116/79/79 70/47/47
f 118/86/86 119/87/87 157/98/98
f 142/92/92 117/85/85 162/99/99
f 159/100/100 145/94/94 146/95/95
f 70/47/47 160/101/101 147/97/97
f 155/102/102 178/103/103 156/104/104
f 118/86/86 157/98/98 165/105/105
f 62/49/49 172/106/106 61/55/55
f 162/99/99 117/85/85 174/107/107
f 151/108/108 185/109/109 163/110/110
f 170/111/111 152/93/93 115/84/84
f 186/112/112 160/101/101 70/47/47
f 149/113/113 168/114/114 180/115/115
f 164/116/116 37/39/39 68/69/69
f 118/86/86 165/105/105 181/117/117
f 184/118/118 80/64/64 144/96/96
f 176/119/119 184/118/118 144/96/96
f 154/120/120 61/55/55 177/121/121
f 118/86/86 181/117/117 188/122/122
f 80/64/64 169/123/123 117/85/85
f 80/64/64 184/118/118 183/124/124
f 190/125/125 170/111/111 115/84/84
f 153/88/88 175/126/126 68/69/69
f 117/85/85 195/127/127 174/107/107
f 164/116/116 68/69/69 191/128/128
f 145/94/94 159/100/100 210/129/129
f 115/84/84 37/39/39 198/130/130
f 118/86/86 188/122/122 203/131/131
f 37/39/39 204/132/132 198/130/130
f 201/133/133 62/49/49 145/94/94
f 37/39/39 164/116/116 199/134/134
f 4782/135/135 4788/136/136 212/137/137
f 117/85/85 169/123/123 213/138/138
f 190/125/125 115/84/84 216/139/139
f 37/39/39 199/134/134 230/140/140
f 118/86/86 203/131/131 224/141/141
f 183/124/124 184/118/118 225/142/142
f 190/125/125 216/139/139 226/143/143
f 204/132/132 37/39/39 230/140/140
f 164/116/116 191/128/128 231/144/144
f 234/145/145 172/106/106 171/146/146
f 184/118/118 215/147/147 225/142/142
f 68/69/69 197/148/148 249/149/149
f 219/150/150 220/151/151 256/152/152
f 61/55/55 223/153/153 238/154/154
f 213/138/138 169/123/123 247/155/155
f 217/156/156 218/157/157 229/158/158
f 4782/135/135 4795/159/159 258/160/160
f 217/156/156 229/158/158 242/161/161
f 222/162/162 186/112/112 277/163/163
f 68/69/69 266/164/164 267/165/165
f 259/166/166 242/161/161 269/167/167
f 229/158/158 219/150/150 256/152/152
f 271/168/168 235/169/169 61/55/55
f 277/163/163 186/112/112 70/47/47
f 191/128/128 68/69/69 281/170/170
f 371/171/171 208/172/172 209/173/173
f 276/174/174 236/175/175 237/176/176
f 257/177/177 229/158/158 256/152/152
f 232/178/178 272/179/179 270/180/180
f 277/163/163 70/47/47 316/181/181
f 118/86/86 224/141/141 284/182/182
f 304/183/183 272/179/179 232/178/178
f 242/161/161 229/158/158 257/177/177
f 272/179/179 304/183/183 282/184/184
f 304/183/183 275/185/185 270/186/186
f 304/183/183 270/186/186 282/184/184
f 291/187/187 236/175/175 276/174/174
f 278/188/188 293/189/189 246/190/190
f 290/191/191 285/192/192 263/193/193
f 291/187/187 371/171/171 236/175/175
f 316/181/181 70/47/47 118/86/86
f 118/86/86 284/182/182 298/194/194
f 280/195/195 169/123/123 301/196/196
f 169/123/123 318/197/197 301/196/196
f 304/183/183 289/198/198 275/185/185
f 306/199/199 320/200/200 292/201/201
f 118/86/86 298/194/194 317/202/202
f 299/203/203 290/191/191 321/204/204
f 118/86/86 317/202/202 325/205/205
f 80/64/64 287/206/206 169/123/123
f 303/207/207 269/167/167 242/161/161
f 328/208/208 296/209/209 369/210/210
f 319/211/211 371/171/171 291/187/187
f 268/212/212 322/213/213 329/214/214
f 255/215/215 268/212/212 329/214/214
f 255/215/215 329/214/214 256/152/152
f 183/124/124 225/142/142 345/216/216
f 354/217/217 371/171/171 319/211/211
f 316/181/181 118/86/86 338/218/218
f 339/219/219 118/86/86 340/220/220
f 225/142/142 312/221/221 345/216/216
f 313/222/222 348/223/223 331/224/224
f 312/221/221 347/225/225 345/216/216
f 303/207/207 242/161/161 346/226/226
f 318/197/197 353/227/227 342/228/228
f 80/64/64 183/124/124 287/206/206
f 352/229/229 328/208/208 369/210/210
f 322/213/213 327/230/230 335/231/231
f 118/86/86 339/219/219 338/218/218
f 169/123/123 287/206/206 353/227/227
f 4801/232/232 337/233/233 375/234/234
f 345/216/216 347/225/225 357/235/235
f 335/231/231 358/236/236 322/213/213
f 242/161/161 257/177/177 383/237/237
f 304/183/183 391/238/238 313/222/222
f 339/219/219 340/220/220 360/239/239
f 346/226/226 242/161/161 365/240/240
f 350/241/241 438/242/242 361/243/243
f 351/244/244 367/245/245 363/246/246
f 345/216/216 357/235/235 370/247/247
f 242/161/161 383/237/237 365/240/240
f 402/248/248 330/249/249 316/181/181
f 316/181/181 338/218/218 384/250/250
f 401/251/251 371/171/171 354/217/217
f 385/252/252 361/243/243 426/253/253
f 300/254/254 379/255/255 380/256/256
f 256/152/152 329/214/214 257/177/177
f 339/219/219 404/257/257 338/218/218
f 339/219/219 416/258/258 404/257/257
f 390/259/259 382/260/260 490/261/261
f 365/240/240 383/237/237 420/262/262
f 406/263/263 395/264/264 426/253/265
f 365/240/240 420/262/262 435/265/266
f 424/266/267 417/267/268 431/268/269
f 431/268/269 417/267/268 426/253/253
f 436/269/270 424/266/267 431/268/269
f 445/270/271 371/171/171 401/251/251
f 322/213/213 419/271/272 329/214/214
f 338/218/218 404/257/257 461/272/273
f 441/273/274 431/274/275 451/275/276
f 439/276/277 434/277/278 433/278/279
f 300/254/254 454/279/280 366/280/281
f 455/281/282 402/248/248 316/181/181
f 366/280/281 454/279/280 489/282/283
f 257/177/177 329/214/214 547/283/284
f 384/250/250 338/218/218 502/284/285
f 371/171/171 440/285/286 233/286/287
f 510/287/288 527/288/289 421/289/290
f 353/227/227 287/206/206 506/290/291
f 345/216/216 473/291/292 183/124/124
f 470/292/293 453/293/294 518/294/295
f 503/295/296 483/296/297 475/297/298
f 439/276/277 433/278/279 539/298/299
f 455/281/282 316/181/181 517/299/300
f 384/250/250 502/284/285 511/300/301
f 503/295/296 475/297/298 512/301/302
f 433/278/279 480/302/303 520/303/304
f 515/304/305 287/206/206 536/305/306
f 329/214/214 492/306/307 534/307/308
f 183/124/124 473/291/292 525/308/309
f 183/124/124 525/308/309 524/309/310
f 384/250/250 511/300/301 529/310/311
f 539/298/299 433/278/279 520/303/304
f 531/311/312 517/299/300 316/181/181
f 4850/312/313 4855/313/314 538/314/315
f 329/214/214 534/307/308 547/283/284
f 257/177/177 547/283/284 560/315/316
f 384/250/250 529/310/311 541/316/317
f 518/294/295 439/276/277 561/317/318
f 524/309/310 525/308/309 543/318/319
f 383/237/237 257/177/177 582/319/320
f 521/320/321 383/237/237 582/319/320
f 531/311/312 316/181/181 544/321/322
f 585/322/323 316/181/181 384/250/250
f 536/305/306 287/206/206 540/323/324
f 384/250/250 545/324/325 565/325/326
f 533/326/327 512/301/302 542/327/328
f 540/323/324 287/206/206 550/328/329
f 287/206/206 183/124/124 759/329/330
f 543/318/319 548/330/331 524/309/310
f 538/314/315 4855/313/314 569/331/332
f 759/329/330 183/124/124 524/309/310
f 524/309/310 548/330/331 555/332/333
f 547/283/284 534/307/308 556/333/334
f 257/177/177 560/315/316 582/319/320
f 542/327/328 512/301/302 566/334/335
f 601/335/336 546/336/337 568/337/338
f 585/322/323 384/250/250 564/338/339
f 384/250/250 565/325/326 564/338/339
f 561/317/318 539/298/299 567/339/340
f 521/320/321 582/319/320 554/340/341
f 537/341/342 562/342/343 572/343/344
f 524/309/310 555/332/333 583/344/345
f 565/325/326 576/345/346 580/346/347
f 550/328/329 287/206/206 581/347/348
f 564/338/339 565/325/326 590/348/349
f 590/348/349 565/325/326 580/346/347
f 559/349/350 578/350/351 608/351/352
f 524/309/310 583/344/345 595/352/353
f 547/283/284 559/349/350 608/351/352
f 594/353/354 4855/313/314 599/354/355
f 736/355/356 584/356/357 604/357/358
f 587/358/359 577/359/360 566/334/335
f 573/360/361 607/361/362 586/362/363
f 607/361/362 563/363/364 585/322/323
f 560/315/316 547/283/284 618/364/365
f 567/339/340 600/365/366 627/366/367
f 602/367/368 582/319/320 615/368/369
f 586/362/363 607/361/362 605/369/370
f 614/370/371 587/358/359 655/371/372
f 587/358/359 566/334/335 655/371/372
f 581/347/348 287/206/206 613/372/373
f 547/283/284 608/351/352 618/364/365
f 590/348/349 622/373/374 564/338/339
f 602/367/368 615/368/369 610/374/375
f 614/370/371 655/371/372 632/375/376
f 566/334/335 518/294/295 655/371/372
f 567/339/340 627/366/367 561/317/318
f 613/372/373 287/206/206 628/376/377
f 610/374/375 615/368/369 629/377/378
f 564/338/339 622/373/374 631/378/379
f 612/379/380 4863/380/381 715/381/382
f 615/368/369 582/319/320 560/315/316
f 625/382/383 607/361/362 585/322/323
f 633/383/384 619/384/385 4855/313/314
f 524/309/310 630/385/386 759/329/330
f 712/386/387 603/387/388 440/285/286
f 564/338/339 631/378/379 640/388/389
f 715/381/382 620/389/390 657/390/391
f 628/376/377 287/206/206 641/391/392
f 564/338/339 640/388/389 643/392/393
f 629/377/378 615/368/369 642/393/394
f 637/394/395 626/395/396 655/371/372
f 759/329/330 630/385/386 684/396/397
f 616/397/398 644/398/399 647/399/400
f 648/400/401 637/394/395 655/371/372
f 633/383/384 4855/313/314 649/401/402
f 634/402/403 650/403/404 645/404/405
f 684/396/397 630/385/386 646/405/406
f 652/406/407 638/407/408 671/408/409
f 564/338/339 643/392/393 658/409/410
f 641/391/392 287/206/206 660/410/411
f 648/400/401 655/371/372 669/411/412
f 561/317/318 627/366/367 645/404/405
f 642/393/394 615/368/369 670/412/413
f 618/364/365 635/413/414 699/414/415
f 645/404/405 663/415/416 672/416/417
f 655/371/372 518/294/295 673/417/418
f 518/294/295 561/317/318 673/417/418
f 673/417/418 561/317/318 645/404/405
f 564/338/339 658/409/410 674/418/419
f 645/404/405 672/416/417 677/419/420
f 662/420/421 675/421/422 676/422/423
f 736/355/356 679/423/424 689/424/425
f 645/404/405 677/419/420 683/425/426
f 645/404/405 683/425/426 688/426/427
f 585/322/323 564/338/339 754/427/428
f 682/428/429 571/429/430 692/430/431
f 564/338/339 674/418/419 694/431/432
f 560/315/316 618/364/365 695/432/433
f 615/368/369 560/315/316 695/432/433
f 645/404/405 688/426/427 701/433/434
f 670/412/413 615/368/369 707/434/435
f 680/435/436 655/371/372 698/436/437
f 707/434/435 615/368/369 764/437/438
f 698/436/437 655/371/372 704/438/439
f 564/338/339 694/431/432 711/439/440
f 754/427/428 564/338/339 714/440/441
f 660/410/411 287/206/206 753/441/442
f 701/433/434 723/442/443 645/404/405
f 684/396/397 708/443/444 716/444/445
f 714/440/441 564/338/339 711/439/440
f 732/445/446 645/404/405 731/446/447
f 645/404/405 723/442/443 731/446/447
f 710/447/448 660/410/411 753/441/442
f 618/364/365 699/414/415 695/432/433
f 671/408/409 585/322/323 754/427/428
f 753/441/442 287/206/206 759/329/330
f 704/438/439 655/371/372 722/448/449
f 759/329/330 684/396/397 716/444/445
f 736/355/356 709/449/450 725/450/451
f 699/414/415 713/451/452 733/452/453
f 736/355/356 725/450/451 730/453/454
f 754/427/428 714/440/441 739/454/455
f 722/448/449 741/455/456 740/456/457
f 722/448/449 655/371/372 741/455/456
f 764/437/438 615/368/369 814/457/458
f 615/368/369 695/432/433 814/457/458
f 699/414/415 733/452/453 695/432/433
f 731/446/447 751/458/459 732/445/446
f 740/456/457 741/455/456 755/459/460
f 726/460/461 717/461/462 749/462/463
f 673/417/418 645/404/405 732/445/446
f 732/445/446 751/458/459 760/463/464
f 717/461/462 671/408/409 749/462/463
f 778/464/465 755/459/460 741/455/456
f 730/453/454 773/465/466 781/466/467
f 671/408/409 754/427/428 821/467/468
f 759/329/330 716/444/445 788/468/469
f 821/467/468 754/427/428 786/469/470
f 778/464/465 741/455/456 780/470/471
f 742/471/472 761/472/473 791/473/474
f 760/463/464 789/474/475 732/445/446
f 730/453/454 781/466/467 797/475/476
f 673/417/418 741/455/456 655/371/372
f 759/329/330 788/468/469 805/476/477
f 787/477/478 764/437/438 814/457/458
f 732/445/446 789/474/475 807/478/479
f 733/452/453 772/479/480 809/480/481
f 821/467/468 786/469/470 806/481/482
f 749/462/463 671/408/409 815/482/483
f 787/477/478 814/457/458 819/483/484
f 798/484/485 749/462/463 815/482/483
f 673/417/418 732/445/446 816/485/486
f 759/329/330 805/476/477 826/486/487
f 821/467/468 806/481/482 827/487/488
f 810/488/489 780/470/471 741/455/456
f 899/489/490 759/329/330 826/486/487
f 4886/490/491 836/491/492 824/492/493
f 821/467/468 827/487/488 839/493/494
f 807/478/479 833/494/495 732/445/446
f 845/495/496 866/496/497 4886/490/491
f 846/497/498 770/498/499 840/499/500
f 847/500/501 4886/490/491 852/501/502
f 828/502/503 810/488/489 844/503/504
f 856/504/505 858/505/506 4887/506/507
f 833/494/495 870/507/508 732/445/446
f 871/508/509 845/495/496 4887/506/507
f 845/495/496 878/509/510 866/496/497
f 809/480/481 885/510/511 733/452/453
f 857/511/512 912/512/513 851/513/514
f 892/514/515 880/515/516 846/497/517
f 823/516/518 794/517/519 838/518/520
f 794/517/519 759/329/330 899/489/490
f 851/513/514 912/512/513 861/519/521
f 861/519/521 912/512/513 882/520/522
f 912/512/513 883/521/523 882/520/522
f 840/499/500 834/522/524 903/523/525
f 753/441/442 759/329/330 794/517/519
f 900/524/526 819/483/484 814/457/458
f 815/482/483 671/408/409 821/467/468
f 821/467/468 839/493/494 911/525/527
f 741/455/456 673/417/418 816/485/486
f 895/526/528 910/527/529 896/528/530
f 732/445/446 870/507/508 916/529/531
f 912/512/513 884/530/532 883/521/523
f 930/531/533 893/532/534 894/533/535
f 884/530/532 910/527/529 895/526/528
f 918/534/536 904/535/537 841/536/538
f 918/534/536 841/536/538 838/518/520
f 920/537/539 930/531/533 894/533/535
f 999/538/540 918/534/536 838/518/520
f 844/503/504 810/488/489 741/455/456
f 925/539/541 884/530/532 912/512/513
f 887/540/542 844/503/504 741/455/456
f 930/531/533 891/541/543 893/532/534
f 885/510/511 935/542/544 733/452/453
f 821/467/468 911/525/527 936/543/545
f 927/544/546 900/524/526 814/457/458
f 849/545/547 886/546/548 736/355/356
f 941/547/549 912/512/513 891/541/543
f 910/527/529 938/548/550 926/549/551
f 887/540/542 741/455/456 943/550/552
f 916/529/531 947/551/553 732/445/446
f 884/530/532 925/539/541 910/527/529
f 925/539/541 938/548/550 910/527/529
f 931/552/554 918/534/536 999/538/540
f 733/452/453 935/542/544 948/553/555
f 849/545/547 924/554/556 939/555/557
f 821/467/468 936/543/545 958/556/558
f 922/557/559 835/558/560 945/559/561
f 963/560/562 925/539/541 912/512/513
f 941/547/549 891/541/543 930/531/533
f 816/485/486 732/445/446 962/561/563
f 963/560/562 912/512/513 964/562/564
f 733/452/453 948/553/555 919/563/565
f 937/564/566 887/540/542 943/550/552
f 953/565/567 941/547/549 930/531/533
f 953/565/567 930/531/533 968/566/568
f 949/567/569 931/552/554 999/538/540
f 695/432/433 733/452/453 1091/568/570
f 947/551/553 959/569/571 732/445/446
f 949/567/569 999/538/540 965/570/572
f 849/545/547 939/555/557 981/571/573
f 963/560/562 966/572/574 925/539/541
f 970/573/575 899/489/490 961/574/576
f 963/560/562 1007/575/577 966/572/574
f 1007/575/577 976/576/578 966/572/574
f 941/547/549 953/565/567 991/577/579
f 975/578/580 965/570/572 999/538/540
f 951/579/581 927/544/546 814/457/458
f 794/517/519 899/489/490 1013/580/582
f 814/457/458 695/432/433 1015/581/583
f 1007/575/577 998/582/584 976/576/578
f 990/583/585 941/547/549 991/577/579
f 999/538/540 996/584/586 984/585/587
f 984/585/587 975/578/580 999/538/540
f 961/574/576 987/586/588 970/573/575
f 952/587/589 813/588/590 993/589/591
f 815/482/483 821/467/468 957/590/592
f 963/560/562 964/562/564 994/591/593
f 995/592/594 941/547/549 990/583/585
f 971/593/595 951/579/581 814/457/458
f 1003/594/596 1008/595/597 941/547/549
f 1003/594/596 941/547/549 995/592/594
f 1004/596/598 996/584/586 999/538/540
f 1001/597/599 964/562/564 941/547/549
f 1001/597/599 941/547/549 1008/595/597
f 999/538/540 838/518/520 794/517/519
f 821/467/468 958/556/558 1005/598/600
f 1043/599/601 963/560/562 994/591/593
f 1002/600/602 1004/596/598 1018/601/603
f 1004/596/598 999/538/540 1018/601/603
f 732/445/446 959/569/571 962/561/563
f 1011/602/604 1007/575/577 963/560/562
f 1009/603/605 1002/600/602 1018/601/603
f 948/553/555 988/604/606 919/563/565
f 1017/605/607 964/562/564 1001/597/599
f 1017/605/607 1001/597/599 1012/606/608
f 971/593/595 814/457/458 1014/607/609
f 943/550/552 741/455/456 816/485/486
f 1043/599/601 1016/608/610 963/560/562
f 1016/608/610 1020/609/611 963/560/562
f 1028/610/612 994/591/593 964/562/564
f 1017/605/607 1028/610/612 964/562/564
f 1021/611/613 1017/605/607 1012/606/608
f 899/489/490 970/573/575 1013/580/582
f 988/604/606 1023/612/614 919/563/565
f 974/613/615 4892/614/616 1024/615/617
f 1007/575/577 1030/616/618 1022/617/619
f 1006/618/620 983/619/621 1330/620/622
f 1020/609/611 1038/621/623 963/560/562
f 1038/621/623 1011/602/604 963/560/562
f 1011/602/604 1029/622/624 1007/575/577
f 1016/608/610 1037/623/625 1020/609/611
f 1052/624/626 1028/610/612 1017/605/607
f 1039/625/627 1025/626/628 1041/627/629
f 1051/628/630 1011/602/604 1038/621/623
f 814/457/458 1015/581/583 1014/607/609
f 1091/568/570 733/452/453 919/563/565
f 821/467/468 1005/598/600 1036/629/631
f 1255/630/632 1042/631/633 1045/632/634
f 999/538/540 794/517/519 1066/633/635
f 1015/581/583 695/432/433 1091/568/570
f 1061/634/636 1096/635/637 1071/636/638
f 1034/637/639 1014/607/609 1068/638/640
f 1074/639/641 1061/634/636 1058/640/642
f 983/619/621 943/550/552 1330/620/622
f 1062/641/643 1064/642/644 1082/643/645
f 1013/580/582 1069/644/646 1078/645/647
f 1068/638/640 1014/607/609 1129/646/648
f 1023/612/614 1079/647/649 919/563/565
f 957/590/592 821/467/468 1036/629/631
f 1060/648/650 1067/649/651 1081/650/652
f 1064/642/644 1041/627/629 1082/643/645
f 1018/601/603 999/538/540 1066/633/635
f 1065/651/653 1097/652/654 1056/653/655
f 1018/601/603 1066/633/635 1098/654/656
f 1041/627/629 1018/601/603 1098/654/656
f 794/517/519 1013/580/582 1075/655/657
f 1014/607/609 1015/581/583 1129/646/648
f 1094/656/658 1076/657/659 1057/658/660
f 1189/659/661 1255/630/632 1060/648/650
f 1082/643/645 1041/627/629 1086/660/662
f 794/517/519 1075/655/657 1077/661/663
f 794/517/519 1077/661/663 1066/633/635
f 1068/638/640 1129/646/648 1090/662/664
f 919/563/565 1079/647/649 1099/663/665
f 1087/664/666 1093/665/667 981/571/573
f 1060/648/650 1095/666/668 1189/659/661
f 1086/660/662 1041/627/629 1098/654/656
f 815/482/483 1094/656/658 1057/658/660
f 1105/667/669 1155/668/670 1097/652/654
f 1075/655/657 1013/580/582 1078/645/647
f 1091/568/570 919/563/565 1113/669/671
f 1085/670/672 1006/618/620 1330/620/622
f 1078/645/647 1106/671/673 1111/672/674
f 1091/568/570 1113/669/671 1107/673/675
f 957/590/592 1036/629/631 1103/674/676
f 1078/645/647 1111/672/674 1075/655/657
f 1129/646/648 1015/581/583 1118/675/677
f 1015/581/583 1112/676/678 1118/675/677
f 1112/676/678 1015/581/583 1119/677/679
f 1015/581/583 1091/568/570 1122/678/680
f 1085/670/672 1330/620/622 1109/679/681
f 962/561/563 1070/680/682 1220/681/683
f 1330/620/622 943/550/552 1247/682/684
f 816/485/486 962/561/563 1104/683/685
f 1090/662/664 1129/646/648 1116/684/686
f 919/563/565 1099/663/665 1133/685/687
f 919/563/565 1133/685/687 1117/686/688
f 1129/646/648 1118/675/677 1180/687/689
f 1015/581/583 1120/688/690 1119/677/679
f 1015/581/583 1140/689/691 1120/688/690
f 1015/581/583 1122/678/680 1140/689/691
f 1122/678/680 1091/568/570 1143/690/692
f 1148/691/693 1073/692/694 1249/693/695
f 1189/659/661 1095/666/668 1265/694/696
f 1098/654/656 1066/633/635 1127/695/697
f 1116/684/686 1129/646/648 1169/696/698
f 1129/646/648 1180/687/689 1174/697/699
f 1180/687/689 1118/675/677 1183/698/700
f 1135/699/701 1137/700/702 1218/701/703
f 1137/700/702 1139/702/704 1218/701/703
f 1218/701/703 1139/702/704 1141/703/705
f 1098/654/656 1127/695/697 1235/704/706
f 1185/705/707 1135/699/701 1218/701/703
f 1138/706/708 1136/707/709 1123/708/710
f 1141/703/705 1123/708/710 1218/701/703
f 962/561/563 1220/681/683 1298/709/711
f 1247/682/684 816/485/486 1187/710/712
f 1188/711/713 1225/712/714 1042/631/633
f 1077/661/663 1238/713/715 1066/633/635
f 1077/661/663 1197/714/716 1238/713/715
f 1075/655/657 1241/715/717 1077/661/663
f 1111/672/674 1244/716/718 1075/655/657
f 1205/717/719 1200/718/720 1213/719/721
f 1213/719/721 1200/718/720 1179/720/722
f 1177/721/723 1215/722/724 1212/723/725
f 1179/720/722 1295/724/726 1134/725/727
f 1212/723/725 1215/722/724 1184/726/728
f 1134/725/727 1295/724/726 1136/707/709
f 1185/705/707 1218/701/703 1184/726/728
f 957/590/592 1103/674/676 1219/727/729
f 816/485/486 1104/683/685 1187/710/712
f 1188/711/713 1042/631/633 1255/630/632
f 1240/728/730 1295/724/726 1242/729/731
f 1276/730/732 1243/731/733 1304/732/734
f 1243/731/733 1204/733/735 1304/732/734
f 1204/733/735 1212/723/725 1304/732/734
f 1212/723/725 1184/726/728 1304/732/734
f 943/550/552 816/485/486 1247/682/684
f 1310/734/736 1250/735/737 1221/736/738
f 1310/734/736 1254/737/739 1250/735/737
f 1299/738/740 1264/739/741 1260/740/742
f 1318/741/743 1165/742/744 1159/743/745
f 1292/744/746 1127/695/697 1066/633/635
f 1239/745/747 1165/742/744 1295/724/726
f 1242/729/731 1295/724/726 1200/718/720
f 1200/718/720 1295/724/726 1179/720/722
f 1304/732/734 1184/726/728 1218/701/703
f 1123/708/710 1295/724/726 1218/701/703
f 1080/746/748 4892/614/616 1297/747/749
f 1104/683/685 962/561/563 1298/709/711
f 1311/748/750 1221/736/738 1251/749/751
f 1310/734/736 1299/738/740 1254/737/739
f 1251/749/751 1258/750/752 1311/748/750
f 1231/751/753 1258/750/752 1263/752/754
f 1231/751/753 1267/753/755 1286/754/756
f 1271/755/757 1275/756/758 1303/757/759
f 1136/707/709 1295/724/726 1123/708/710
f 1218/701/703 1295/724/726 1305/758/760
f 1310/734/736 1221/736/738 1311/748/750
f 1311/748/750 1286/754/756 1291/759/761
f 1098/654/656 1300/760/762 1287/761/763
f 1235/704/764 1302/762/765 1300/760/766
f 1311/748/750 1291/759/761 1293/763/767
f 1165/742/744 1321/764/768 1295/724/726
f 1303/757/759 1275/756/758 1276/730/732
f 1313/765/769 1218/701/703 1305/758/760
f 1305/758/760 1295/724/726 1312/766/770
f 1231/751/753 1286/754/756 1311/748/750
f 1318/741/743 1321/764/768 1165/742/744
f 1303/757/759 1293/763/767 1271/755/757
f 1304/732/734 1218/701/703 1313/765/769
f 1299/738/740 1318/741/743 1193/767/771
f 1144/768/772 1093/665/667 1322/769/773
f 1246/770/774 1094/656/658 1323/771/775
f 1303/757/759 1311/748/750 1293/763/767
f 1303/757/759 1276/730/732 1304/732/734
f 1305/758/760 1331/772/776 1313/765/769
f 1331/772/776 1305/758/760 1328/773/777
f 1327/774/778 1320/775/779 1319/776/780
f 1094/656/658 815/482/483 957/590/592
f 1295/724/726 1321/764/768 1312/766/770
f 1305/758/760 1312/766/770 1367/777/781
f 1311/748/750 1334/778/782 1310/734/736
f 1331/772/776 1328/773/777 1335/779/783
f 1334/778/782 1359/780/784 1310/734/736
f 1359/780/784 1299/738/740 1310/734/736
f 1328/773/777 1305/758/760 1348/781/785
f 1124/782/786 1464/783/787 1092/784/788
f 1342/785/789 1144/768/772 1322/769/773
f 1359/780/784 1346/786/790 1299/738/740
f 1303/757/759 1304/732/734 1347/787/791
f 1347/787/791 1304/732/734 1313/765/769
f 1313/765/769 1331/772/776 1368/788/792
f 1368/788/792 1331/772/776 1339/789/793
f 1327/774/778 1344/790/794 1320/775/779
f 1332/791/795 4892/614/616 1333/792/796
f 1298/709/711 1220/681/683 1338/793/797
f 1330/620/622 1247/682/684 1357/794/798
f 1305/758/760 1367/777/781 1348/781/785
f 1104/683/685 1351/795/799 1187/710/712
f 1299/738/740 1346/786/790 1318/741/743
f 1347/787/791 1313/765/769 1368/788/792
f 1352/796/800 1336/797/801 1470/798/802
f 1336/797/801 1349/799/803 1470/798/802
f 1092/784/788 1361/800/804 1326/801/805
f 1362/802/806 1344/790/794 1327/774/778
f 1357/794/798 1247/682/684 1365/803/807
f 1247/682/684 1358/804/808 1365/803/807
f 1358/804/808 1247/682/684 1375/805/809
f 1187/710/712 1351/795/799 1366/806/810
f 1423/807/811 1334/778/782 1311/748/750
f 1423/807/811 1311/748/750 1303/757/759
f 1367/777/781 1403/808/812 1348/781/785
f 1355/809/813 1144/768/772 1342/785/789
f 1362/802/806 1363/810/814 1344/790/794
f 1094/656/658 957/590/592 1356/811/815
f 1330/620/622 1357/794/798 1372/812/816
f 1375/805/809 1247/682/684 1379/813/817
f 1187/814/818 1383/815/819 1379/816/820
f 1386/817/821 1361/800/804 1092/784/788
f 1219/727/729 1389/818/822 957/590/592
f 1330/620/622 1415/819/823 1337/820/824
f 1330/620/622 1390/821/825 1415/819/823
f 1330/620/622 1372/812/816 1390/821/825
f 1104/683/685 1393/822/826 1351/795/799
f 1402/823/827 1378/824/828 1334/778/782
f 1423/807/811 1303/757/759 1449/825/829
f 1337/820/824 1415/819/823 1409/826/830
f 1338/793/797 1412/827/831 1298/709/711
f 1422/828/832 1394/829/833 1334/778/782
f 1394/829/833 1399/830/834 1334/778/782
f 1399/830/834 1374/831/835 1334/778/782
f 1374/831/835 1402/823/827 1334/778/782
f 1334/778/782 1378/824/828 1359/780/784
f 1346/786/790 1462/832/836 1318/741/743
f 1321/764/768 1385/833/837 1312/766/770
f 1404/834/838 1352/796/800 1470/798/802
f 957/590/592 1389/818/822 1433/835/839
f 1420/836/840 1421/837/841 1436/838/842
f 1421/837/841 1422/828/832 1448/839/843
f 1392/840/844 1359/780/784 1373/841/845
f 1448/839/843 1334/778/782 1423/807/811
f 1318/741/743 1462/832/836 1321/764/768
f 1347/787/791 1368/788/792 1450/842/846
f 1452/843/847 1350/844/848 1144/768/772
f 1327/774/778 1456/845/849 1362/802/806
f 1532/846/850 1430/847/851 1343/848/852
f 1356/811/815 957/590/592 1476/849/853
f 1476/849/853 957/590/592 1458/850/854
f 1460/851/855 1391/852/856 1439/853/857
f 1436/838/842 1421/837/841 1448/839/843
f 1392/840/844 1391/852/856 1359/780/784
f 1448/839/843 1422/828/832 1334/778/782
f 1425/854/858 1404/834/838 1470/798/802
f 1356/811/815 1476/849/853 1465/855/859
f 1460/851/855 1346/786/790 1391/852/856
f 1461/856/860 1436/838/842 1448/839/843
f 1391/852/856 1346/786/790 1359/780/784
f 1347/787/791 1450/842/846 1477/857/861
f 1451/858/862 1425/854/858 1469/859/863
f 1349/799/803 1486/860/864 1470/798/802
f 1472/861/865 1371/862/866 1429/863/867
f 1463/864/868 1303/757/759 1347/787/791
f 1478/865/869 1464/783/787 1124/782/786
f 1323/771/775 1094/656/658 1532/846/850
f 1465/855/859 1481/866/870 1356/811/815
f 1482/867/871 1466/868/872 1448/839/843
f 1466/868/872 1461/856/860 1448/839/843
f 1463/864/868 1449/825/829 1303/757/759
f 1312/766/770 1511/869/873 1367/777/781
f 1347/787/791 1477/857/861 1484/870/874
f 1469/859/863 1425/854/858 1500/871/875
f 1507/872/876 1094/656/658 1356/811/815
f 1494/873/877 1346/786/790 1460/851/855
f 1496/874/878 1482/867/871 1448/839/843
f 1496/874/878 1448/839/843 1497/875/879
f 1498/876/880 1347/787/791 1499/877/881
f 1485/878/882 1468/879/883 1500/871/875
f 1468/879/883 1469/859/863 1500/871/875
f 1500/871/875 1425/854/858 1470/798/802
f 1490/880/884 1453/881/885 1502/882/886
f 1492/883/887 1455/884/888 1388/885/889
f 1481/866/870 1509/886/890 1356/811/815
f 1509/886/890 1481/866/870 1518/887/891
f 1312/766/770 1385/833/837 1511/869/873
f 1499/877/881 1347/787/791 1484/870/874
f 1512/888/892 1454/889/893 1455/884/888
f 1507/872/876 1356/811/815 1526/890/894
f 1526/890/894 1356/811/815 1518/891/895
f 1517/892/896 1496/874/878 1497/875/879
f 1497/875/879 1448/839/843 1423/807/811
f 1321/764/768 1462/832/836 1385/833/837
f 1470/798/802 1486/860/864 1522/893/897
f 1124/782/786 1618/894/898 1478/865/869
f 1512/888/892 1453/881/885 1454/889/893
f 1507/872/876 1526/890/894 1525/895/899
f 1519/896/900 1497/875/879 1423/807/811
f 1556/897/901 1449/825/829 1463/864/868
f 1487/898/902 1529/899/903 1472/861/865
f 1472/861/865 1544/900/904 1371/862/866
f 1523/901/905 1583/902/906 1350/844/848
f 1531/903/907 1453/881/885 1512/888/892
f 1094/656/658 1533/904/908 1567/905/909
f 1094/656/658 1525/906/910 1533/904/908
f 1497/875/879 1540/907/911 1517/892/896
f 1346/786/790 1582/908/912 1462/832/836
f 1535/909/913 1520/910/914 1500/871/875
f 1360/911/915 1486/860/864 1349/799/803
f 1545/912/916 1512/888/892 1492/883/887
f 1532/846/850 1094/656/658 1567/905/909
f 1546/913/917 1533/904/908 1525/906/910
f 1539/914/918 1555/915/919 1346/786/790
f 1449/825/829 1519/896/900 1423/807/811
f 1462/832/836 1548/916/920 1385/833/837
f 1463/864/868 1347/787/791 1549/917/921
f 1367/777/781 1511/869/873 1403/808/812
f 1470/798/802 1522/893/897 1577/918/922
f 1544/900/904 1473/919/923 1371/862/866
f 1559/920/924 1547/921/925 1497/875/879
f 1497/875/879 1547/921/925 1540/907/911
f 1347/787/791 1498/876/880 1560/922/926
f 1560/922/926 1498/876/880 1557/923/927
f 1531/903/907 1536/924/928 1502/882/886
f 1555/915/919 1634/925/929 1346/786/790
f 1557/923/927 1498/876/880 1561/926/930
f 1500/871/875 1470/798/802 1595/927/931
f 1634/925/929 1582/908/912 1346/786/790
f 1549/917/921 1347/787/791 1560/922/926
f 1535/909/913 1500/871/875 1595/927/931
f 1360/911/915 1602/928/932 1486/860/864
f 1573/929/933 1559/920/924 1497/875/879
f 1557/923/927 1561/926/930 1575/930/934
f 1544/900/904 1579/931/935 1473/919/923
f 1580/932/936 1634/925/929 1555/915/919
f 1634/925/929 1574/933/937 1582/908/912
f 1556/897/901 1463/864/868 1549/917/921
f 1511/869/873 1594/934/938 1403/808/812
f 1589/935/939 1588/936/940 1571/937/941
f 1576/938/942 1568/939/943 1595/927/931
f 1470/798/802 1577/918/922 1595/927/931
f 1583/902/906 1569/940/944 1570/941/945
f 1532/846/850 1567/905/909 1591/942/946
f 1567/905/909 1581/943/947 1600/944/948
f 1568/939/943 1535/909/913 1595/927/931
f 1619/945/949 1583/902/906 1570/941/945
f 1599/946/950 1587/947/951 1589/935/939
f 1671/948/952 1573/929/933 1497/875/879
f 1511/869/873 1385/833/837 1645/949/953
f 1594/934/938 1511/869/873 1612/950/954
f 1611/951/955 1576/938/942 1595/927/931
f 1522/893/897 1625/952/956 1577/918/922
f 1486/860/864 1613/953/957 1522/893/897
f 1627/954/958 1578/955/959 1618/894/898
f 1627/954/958 1603/956/960 1596/957/961
f 1567/905/909 1600/944/948 1591/942/946
f 1609/958/962 1591/942/946 1600/944/948
f 1671/948/952 1601/959/963 1573/929/933
f 1462/832/836 1632/960/964 1548/916/920
f 1532/846/850 1591/942/946 1630/961/965
f 1612/950/954 1511/869/873 1633/962/966
f 1589/935/939 1532/846/850 1629/963/967
f 1671/948/952 1635/964/968 1601/959/963
f 1671/948/952 1497/875/879 1519/896/900
f 1560/922/926 1624/965/969 1637/966/970
f 1625/952/956 1522/893/897 1641/967/971
f 1582/908/912 1632/960/964 1462/832/836
f 1684/968/972 1556/897/901 1549/917/921
f 1644/969/973 1669/970/974 1634/925/929
f 1648/971/975 1635/964/968 1671/948/952
f 1548/916/920 1649/972/976 1385/833/837
f 1636/973/977 1560/922/926 1637/966/970
f 1577/918/922 1625/952/956 1655/974/978
f 1659/975/979 1519/896/900 1449/825/829
f 1645/949/953 1650/976/980 1511/869/873
f 1511/869/873 1650/976/980 1633/962/966
f 1641/967/971 1522/893/897 1661/977/981
f 1589/935/939 1667/978/982 1642/979/983
f 1667/978/982 1589/935/939 1668/980/984
f 1589/935/939 1629/963/967 1668/980/984
f 1532/846/850 1630/961/965 1670/981/985
f 1666/982/986 1577/918/922 1655/974/978
f 1613/953/957 1678/983/987 1522/893/897
f 1532/846/850 1670/981/985 1629/963/967
f 1659/975/979 1449/825/829 1556/897/901
f 1672/984/988 1611/951/955 1595/927/931
f 1522/893/897 1678/983/987 1661/977/981
f 1677/985/989 1577/918/922 1666/982/986
f 1690/986/990 1648/971/975 1671/948/952
f 1385/833/837 1649/972/976 1645/949/953
f 1549/917/921 1560/922/926 1636/973/977
f 1690/986/990 1676/987/991 1648/971/975
f 1634/925/929 1772/988/992 1574/933/937
f 1582/908/912 1574/933/937 1632/960/964
f 1640/989/993 1665/990/994 1719/991/995
f 1595/927/931 1577/918/922 1724/992/996
f 1642/979/983 1667/978/982 1680/993/997
f 1691/994/998 1671/948/952 1519/896/900
f 1684/968/972 1659/975/979 1556/897/901
f 1692/995/999 1672/984/988 1595/927/931
f 1681/996/1000 1486/860/864 1638/997/1001
f 1638/997/1001 1486/860/864 1602/928/932
f 1658/998/1002 1772/988/992 1634/925/929
f 1577/918/922 1677/985/989 1724/992/996
f 1694/999/1003 1583/902/906 1619/945/949
f 1667/978/982 1668/980/984 1711/1000/1004
f 1691/994/998 1519/896/900 1659/975/979
f 1724/992/996 1677/985/989 1723/1001/1005
f 1549/917/921 1636/973/977 1738/1002/1006
f 1692/995/999 1595/927/931 1720/1003/1007
f 1750/1004/1008 1740/1005/1009 1718/1006/1010
f 1740/1005/1009 1741/1007/1011 1718/1006/1010
f 1690/986/990 1750/1004/1008 1718/1006/1010
f 1574/933/937 1742/1008/1012 1632/960/964
f 1755/1009/1013 1747/1010/1014 1707/1011/1015
f 1632/960/964 1649/972/976 1548/916/920
f 1650/976/980 1645/949/953 1808/1012/1016
f 1724/992/996 1723/1001/1005 1751/1013/1017
f 1755/1009/1013 1757/1014/1018 1747/1010/1014
f 1750/1004/1008 1771/1015/1019 1740/1005/1009
f 1744/1016/1020 1613/953/957 1759/1017/1021
f 1786/1018/1022 1724/992/996 1763/1019/1023
f 1613/953/957 1745/1020/1024 1759/1017/1021
f 1765/1021/1025 1694/999/1003 1757/1022/1026
f 1750/1004/1008 1770/1023/1027 1771/1015/1019
f 1671/948/952 1750/1004/1008 1690/986/990
f 1671/948/952 1691/994/998 1762/1024/1028
f 1549/917/921 1738/1002/1006 1796/1025/1029
f 1720/1003/1007 1595/927/931 1992/1026/1030
f 1774/1027/1031 1720/1003/1007 1992/1026/1030
f 1486/860/864 1788/1028/1032 1613/953/957
f 1782/1029/1033 1770/1023/1027 1750/1004/1008
f 1632/960/964 1773/1030/1034 1649/972/976
f 1684/968/972 1549/917/921 1784/1031/1035
f 1795/1032/1036 1549/917/921 1796/1025/1029
f 1595/927/931 1724/992/996 1992/1026/1030
f 1793/1033/1037 1782/1029/1033 1750/1004/1008
f 1783/1034/1038 1659/975/979 1684/968/972
f 1724/992/996 1786/1018/1022 1804/1035/1039
f 1806/1036/1040 1791/1037/1041 1790/1038/1042
f 1767/1039/1043 1772/988/992 1658/998/1002
f 1807/1040/1044 1750/1004/1008 1671/948/952
f 1817/1041/1045 1802/1042/1046 1787/1043/1047
f 1745/1020/1024 1613/953/957 1856/1044/1048
f 1825/1045/1049 1767/1039/1043 1781/1046/1050
f 1784/1031/1035 1549/917/921 1801/1047/1051
f 1724/992/996 1804/1035/1039 1816/1048/1052
f 1805/1049/1053 1825/1045/1049 1812/1050/1054
f 1813/1051/1055 1814/1052/1056 1855/1053/1057
f 1855/1053/1057 1814/1052/1056 1793/1033/1037
f 1649/972/976 1826/1054/1058 1645/949/953
f 1549/917/921 1795/1032/1036 1827/1055/1059
f 1815/1056/1060 1774/1027/1031 1992/1026/1030
f 1828/1057/1061 1830/1058/1062 1790/1038/1042
f 1811/1059/1063 1825/1045/1049 1805/1049/1053
f 1838/1060/1064 1815/1056/1060 1992/1026/1030
f 1840/1061/1065 1832/1062/1066 1824/1063/1067
f 1824/1063/1067 1813/1051/1055 1855/1053/1057
f 1825/1045/1049 1772/988/992 1767/1039/1043
f 1857/1064/1068 1691/994/998 1659/975/979
f 1801/1047/1051 1549/917/921 1827/1055/1059
f 1846/1065/1069 1855/1053/1057 1750/1004/1008
f 1801/1047/1051 1827/1055/1059 1849/1066/1070
f 1724/992/996 1835/1067/1071 1841/1068/1072
f 1762/1024/1028 1807/1040/1044 1671/948/952
f 1772/988/992 1912/1069/1073 1574/933/937
f 1847/1070/1074 1684/968/972 1784/1031/1035
f 1848/1071/1075 1838/1060/1064 1992/1026/1030
f 1820/1072/1076 1825/1045/1049 1811/1059/1063
f 1807/1040/1044 1846/1065/1069 1750/1004/1008
f 1845/1073/1077 1841/1068/1072 1853/1074/1078
f 1486/860/864 1681/996/1000 1860/1075/1079
f 1992/1026/1030 1724/992/996 1851/1076/1080
f 1645/949/953 1826/1054/1058 1808/1012/1016
f 1857/1064/1068 1659/975/979 1783/1034/1038
f 1843/1077/1081 1784/1031/1035 1801/1047/1051
f 1801/1047/1051 1849/1066/1070 1859/1078/1082
f 1649/972/976 1773/1030/1034 1826/1054/1058
f 1858/1079/1083 1801/1047/1051 1852/1080/1084
f 1861/1081/1085 1829/1082/1086 1840/1061/1065
f 1863/1083/1087 1684/968/972 1847/1070/1074
f 1865/1084/1088 1801/1047/1051 1858/1079/1083
f 1903/1085/1089 1850/1086/1090 1839/1087/1091
f 1848/1071/1075 1992/1026/1030 1867/1088/1092
f 1724/992/996 1845/1073/1077 1851/1076/1080
f 1872/1089/1093 1820/1072/1076 1829/1082/1086
f 1742/1008/1012 1960/1090/1094 1632/960/964
f 1862/1091/1095 1783/1034/1038 1684/968/972
f 1879/1092/1096 1847/1070/1074 1784/1031/1035
f 1843/1077/1081 1801/1047/1051 1881/1093/1097
f 1881/1093/1097 1801/1047/1051 1882/1094/1098
f 1882/1094/1098 1801/1047/1051 1865/1084/1088
f 2182/1095/1099 1797/1096/1100 1871/1097/1101
f 1846/1065/1069 1869/1098/1102 1855/1053/1057
f 1944/1099/1103 1863/1083/1087 1847/1070/1074
f 1879/1092/1096 1878/1100/1104 1847/1070/1074
f 1882/1094/1098 1865/1084/1088 1898/1101/1105
f 1865/1084/1106 1852/1080/1084 1900/1102/1107
f 1900/1102/1107 1852/1080/1084 1801/1047/1051
f 1851/1076/1080 1845/1073/1077 1902/1103/1108
f 1905/1104/1109 1954/1105/1110 1820/1072/1076
f 1907/1106/1111 1908/1107/1112 1825/1045/1049
f 1913/1108/1113 1684/968/972 1888/1109/1114
f 1890/1110/1115 1684/968/972 1892/1111/1116
f 1919/1112/1117 1890/1110/1115 1892/1111/1116
f 1684/968/972 1863/1083/1087 1892/1111/1116
f 1920/1113/1118 1847/1070/1074 1877/1114/1119
f 1877/1114/1119 1847/1070/1074 1924/1115/1120
f 1924/1115/1120 1847/1070/1074 1878/1100/1104
f 1879/1092/1096 1784/1031/1035 1927/1116/1121
f 1898/1117/1122 1900/1102/1123 1930/1118/1124
f 1900/1102/1107 1801/1047/1051 1932/1119/1125
f 1801/1047/1051 1859/1078/1082 1901/1120/1126
f 1932/1119/1125 1801/1047/1051 1901/1120/1126
f 1872/1089/1093 1886/1121/1127 1820/1072/1076
f 1874/1122/1128 1907/1106/1111 1825/1045/1049
f 1908/1107/1112 1938/1123/1129 1772/988/992
f 1941/1124/1130 1862/1091/1095 1684/968/972
f 1941/1124/1130 1684/968/972 1942/1125/1131
f 1942/1125/1131 1684/968/972 1913/1108/1113
f 1888/1109/1114 1684/968/972 1890/1110/1115
f 1918/1126/1132 1891/1127/1133 1893/1128/1134
f 1943/1129/1135 1892/1111/1116 1863/1083/1087
f 1954/1105/1110 1956/1130/1136 1825/1045/1049
f 1940/1131/1137 1959/1132/1138 1807/1040/1044
f 1846/1065/1069 1807/1040/1044 1959/1132/1138
f 1879/1092/1096 1965/1133/1139 1878/1100/1104
f 1932/1119/1125 1901/1120/1126 1972/1134/1140
f 2010/1135/1141 1939/1136/1142 1958/1137/1143
f 1976/1138/1144 2010/1135/1141 1958/1137/1143
f 1916/1139/1145 1917/1140/1146 1978/1141/1147
f 1894/1142/1148 1876/1143/1149 2057/1144/1150
f 1876/1143/1149 1921/1145/1151 2057/1144/1150
f 1945/1146/1152 1923/1147/1153 1925/1148/1154
f 1871/1097/1101 1993/1149/1155 2182/1095/1099
f 1969/1150/1156 1932/1119/1125 1972/1134/1140
f 1990/1151/1157 1883/1152/1158 1867/1088/1092
f 1885/1153/1159 2087/1154/1160 1887/1155/1161
f 1994/1156/1162 1953/1157/1163 1904/1158/1164
f 2064/1159/1165 1937/1160/1166 1909/1161/1167
f 1939/1136/1142 2064/1159/1165 1910/1162/1168
f 1862/1091/1095 1941/1124/1130 2000/1163/1169
f 2057/1144/1150 1917/1140/1146 1889/1164/1170
f 1889/1164/1170 1918/1126/1132 2057/1144/1150
f 1918/1126/1132 1893/1128/1134 2057/1144/1150
f 1894/1142/1148 2057/1144/1150 1893/1128/1134
f 1921/1145/1151 1923/1147/1153 1945/1146/1152
f 2002/1165/1171 1926/1166/1172 1880/1167/1173
f 1895/1168/1174 1928/1169/1175 2002/1165/1171
f 1953/1157/1163 1994/1156/1162 1955/1170/1176
f 2062/1171/1177 1884/1172/1178 1873/1173/1179
f 2002/1165/1171 1945/1146/1152 1926/1166/1172
f 1948/1174/1180 1986/1175/1181 2016/1176/1182
f 1990/1151/1157 1867/1088/1092 1992/1026/1030
f 2029/1177/1183 1963/1178/1184 1783/1034/1038
f 1783/1034/1038 1862/1091/1095 2031/1179/1185
f 2013/1180/1186 2000/1163/1169 1941/1124/1130
f 2012/1181/1187 2001/1182/1188 1977/1183/1189
f 1977/1183/1189 1914/1184/1190 2057/1144/1150
f 2002/1165/1171 1921/1145/1151 1945/1146/1152
f 2002/1165/1171 1928/1169/1175 2003/1185/1191
f 2016/1176/1192 1989/1186/1193 2039/1187/1194
f 1991/1188/1195 1934/1189/1196 2060/1190/1197
f 2041/1191/1198 1887/1155/1161 2087/1154/1160
f 2044/1192/1199 1936/1193/1200 1935/1194/1201
f 2045/1195/1202 1997/1196/1203 1973/1197/1204
f 2047/1198/1205 1772/988/992 1974/1199/1206
f 2047/1198/1205 2048/1200/1207 1772/988/992
f 1783/1034/1038 2050/1201/1208 1962/1202/1209
f 2050/1201/1208 1783/1034/1038 1963/1178/1184
f 1960/1090/1094 2051/1203/1210 1773/1030/1034
f 2055/1204/1211 1783/1034/1038 2031/1179/1185
f 1862/1091/1095 2000/1163/1169 2033/1205/1212
f 2032/1206/1213 1999/1207/1214 2012/1181/1187
f 1978/1141/1147 1917/1140/1146 2057/1144/1150
f 2016/1176/1192 2039/1187/1194 2003/1208/1215
f 1851/1076/1080 2023/1209/1216 2040/1210/1217
f 2062/1171/1177 2063/1211/1218 1884/1172/1178
f 2010/1135/1141 2064/1159/1165 1939/1136/1142
f 1963/1178/1184 2029/1177/1183 2052/1212/1219
f 2029/1177/1183 1783/1034/1038 2071/1213/1220
f 1783/1034/1038 2055/1204/1211 2071/1213/1220
f 2012/1181/1187 1977/1183/1189 2057/1144/1150
f 1880/1167/1173 1895/1168/1174 2002/1165/1171
f 2074/1214/1221 1873/1173/1179 2137/1215/1222
f 2076/1216/1223 2130/1217/1224 1957/1218/1225
f 2080/1219/1226 2026/1220/1227 1691/994/998
f 2080/1219/1226 1691/994/998 1857/1064/1068
f 2049/1221/1228 1857/1064/1068 1783/1034/1038
f 1963/1178/1184 2052/1212/1219 2083/1222/1229
f 2136/1223/1230 2053/1224/1231 2070/1225/1232
f 2054/1226/1233 2030/1227/1234 2070/1225/1232
f 2032/1206/1213 2012/1181/1187 2057/1144/1150
f 1914/1184/1190 1978/1141/1147 2057/1144/1150
f 2058/1228/1235 2039/1229/1236 2084/1230/1237
f 2130/1217/1224 2045/1195/1202 1957/1218/1225
f 2079/1231/1238 2091/1232/1239 1772/988/992
f 2092/1233/1240 2025/1234/1241 2065/1235/1242
f 2093/1236/1243 2066/1237/1244 1762/1024/1028
f 2097/1238/1245 2049/1221/1228 1783/1034/1038
f 2082/1239/1246 2069/1240/1247 2136/1223/1230
f 2030/1227/1234 2011/1241/1248 2032/1206/1213
f 2057/1144/1150 1921/1145/1151 2002/1165/1171
f 1826/1054/1058 2103/1242/1249 1808/1012/1016
f 1856/1044/1048 1788/1028/1032 2061/1243/1250
f 2074/1214/1221 2062/1171/1177 1873/1173/1179
f 2090/1244/1251 2079/1231/1238 1772/988/992
f 2093/1236/1243 2106/1245/1252 2066/1237/1244
f 1783/1034/1038 1962/1202/1209 2097/1238/1245
f 2050/1201/1208 1963/1178/1184 2101/1246/1253
f 1963/1178/1184 2102/1247/1254 2101/1246/1253
f 2068/1248/1255 2082/1239/1246 2136/1223/1230
f 2044/1192/1199 2076/1216/1223 1995/1249/1256
f 2111/1250/1257 2024/1251/1258 1997/1196/1203
f 2024/1251/1258 2111/1250/1257 2046/1252/1259
f 1857/1064/1068 2049/1221/1228 2096/1253/1260
f 2069/1240/1247 2053/1224/1231 2136/1223/1230
f 1856/1044/1048 1613/953/957 1788/1028/1032
f 2119/1254/1261 2093/1236/1243 1762/1024/1028
f 2098/1255/1262 2100/1256/1263 2136/1223/1230
f 2070/1225/1232 2030/1227/1234 2136/1223/1230
f 2030/1227/1234 2032/1206/1213 2057/1144/1150
f 2003/1185/1191 2058/1228/1235 2084/1230/1237
f 2064/1159/1165 2137/1215/1222 1937/1160/1166
f 2136/1223/1230 2115/1257/1264 2098/1255/1262
f 2136/1223/1230 2100/1256/1263 2068/1248/1255
f 2136/1223/1230 2030/1227/1234 2057/1144/1150
f 2003/1185/1191 2084/1230/1237 2171/1258/1265
f 2107/1259/1266 1990/1151/1157 1992/1026/1030
f 1860/1075/1079 2009/1260/1267 2122/1261/1268
f 2095/1262/1269 1857/1064/1068 2134/1263/1270
f 1857/1064/1068 2096/1253/1260 2135/1264/1271
f 2104/1265/1272 2072/1266/1273 2073/1267/1274
f 2091/1232/1239 2138/1268/1275 1912/1069/1073
f 2080/1219/1226 1857/1064/1068 2132/1269/1276
f 2136/1223/1230 2114/1270/1277 2115/1257/1264
f 2002/1165/1171 2003/1185/1191 2171/1258/1265
f 1788/1028/1032 2146/1271/1278 2061/1243/1250
f 2138/1268/1275 2094/1272/1279 1912/1069/1073
f 2113/1273/1280 2114/1270/1277 2136/1223/1230
f 2159/1274/1281 2075/1275/1282 2043/1276/1283
f 2150/1277/1284 2119/1254/1261 1762/1024/1028
f 2026/1220/1227 2080/1219/1226 2152/1278/1285
f 2159/1274/1281 2077/1279/1286 2075/1275/1282
f 2159/1274/1281 2129/1280/1287 2077/1279/1286
f 2118/1281/1288 2092/1233/1240 2105/1282/1289
f 2150/1277/1284 1762/1024/1028 2151/1283/1290
f 2026/1220/1227 2151/1283/1290 1762/1024/1028
f 1857/1064/1068 2095/1262/1269 2144/1284/1291
f 2121/1285/1292 2113/1273/1280 2136/1223/1230
f 2110/1286/1293 2159/1274/1281 2043/1276/1283
f 2110/1286/1293 2072/1266/1273 2104/1265/1272
f 2196/1287/1294 2123/1288/1295 2128/1289/1296
f 2196/1287/1294 2104/1265/1272 2123/1288/1295
f 2129/1280/1287 2159/1274/1281 2124/1290/1297
f 2078/1291/1298 2189/1292/1299 2112/1293/1300
f 2118/1281/1288 2298/1294/1301 2092/1233/1240
f 2132/1269/1276 1857/1064/1068 2144/1284/1291
f 2196/1287/1294 2110/1286/1293 2104/1265/1272
f 2148/1295/1302 2188/1296/1303 2064/1159/1165
f 2172/1297/1304 2162/1298/1305 2131/1299/1306
f 2133/1300/1307 2121/1285/1292 2136/1223/1230
f 2131/1299/1306 2178/1301/1308 2172/1297/1304
f 2146/1271/1278 1788/1028/1032 2187/1302/1309
f 2189/1292/1299 2078/1291/1298 2046/1252/1259
f 2163/1303/1310 2118/1281/1288 2149/1304/1311
f 2160/1305/1312 2153/1306/1313 2194/1307/1314
f 2136/1223/1230 2057/1144/1150 2170/1308/1315
f 2176/1309/1316 2107/1259/1266 1992/1026/1030
f 2192/1310/1317 2094/1272/1279 2138/1268/1275
f 2193/1311/1318 2026/1220/1227 2152/1278/1285
f 2186/1312/1319 2165/1313/1320 2194/1307/1314
f 2169/1314/1321 2160/1305/1312 2165/1313/1320
f 2194/1307/1314 2133/1300/1307 2136/1223/1230
f 1486/860/864 2122/1261/1268 1788/1028/1032
f 2131/1299/1306 2198/1315/1322 2178/1301/1308
f 2178/1301/1308 2191/1316/1323 2162/1317/1324
f 2192/1310/1317 2199/1318/1325 2094/1272/1279
f 2176/1309/1316 1992/1026/1030 2200/1319/1326
f 2143/1320/1327 4908/1321/1328 2280/1322/1329
f 2204/1323/1330 2186/1312/1319 2194/1307/1314
f 1826/1054/1058 2056/1324/1331 2205/1325/1332
f 2298/1294/1301 2202/1326/1333 2010/1135/1141
f 2206/1327/1334 2163/1303/1310 2180/1328/1335
f 2165/1313/1320 2160/1305/1312 2194/1307/1314
f 2208/1329/1336 2151/1283/1290 2026/1220/1227
f 2210/1330/1337 2204/1323/1330 2194/1307/1314
f 1960/1090/1094 2222/1331/1338 2051/1203/1210
f 2217/1332/1339 2112/1293/1300 2189/1292/1299
f 2002/1165/1171 2171/1258/1265 2226/1333/1340
f 2196/1287/1294 2177/1334/1341 2201/1335/1342
f 2159/1274/1281 2213/1336/1343 2161/1337/1344
f 2216/1338/1345 2201/1335/1342 2215/1339/1346
f 2207/1340/1347 2151/1283/1290 2208/1329/1336
f 2154/1341/1348 2318/1342/1349 2232/1343/1350
f 2103/1242/1249 2145/1344/1351 2224/1345/1352
f 2155/1346/1353 2122/1261/1268 2009/1260/1267
f 2233/1347/1354 2159/1274/1281 2110/1286/1293
f 2213/1336/1343 2218/1348/1355 2197/1349/1356
f 2236/1350/1357 2159/1274/1281 2233/1347/1354
f 2202/1326/1333 2230/1351/1358 2010/1135/1141
f 2245/1352/1359 2218/1348/1355 2213/1336/1343
f 2112/1293/1300 2255/1353/1360 2190/1354/1361
f 2163/1303/1310 2206/1327/1334 2246/1355/1362
f 2142/1356/1363 2248/1357/1364 2239/1358/1365
f 2143/1320/1327 2240/1359/1366 2250/1360/1367
f 2219/1361/1368 2026/1220/1227 2209/1362/1369
f 4908/1321/1328 2174/1363/1370 2492/1364/1371
f 1788/1028/1032 2294/1365/1372 2227/1366/1373
f 2235/1367/1374 1851/1076/1080 2370/1368/1375
f 2245/1352/1359 2256/1369/1376 2218/1348/1355
f 2217/1332/1339 2255/1353/1360 2112/1293/1300
f 2142/1356/1363 2239/1358/1365 2257/1370/1377
f 2185/1371/1378 2142/1356/1363 2257/1370/1377
f 2143/1320/1327 2303/1372/1379 2271/1373/1380
f 2241/1374/1381 2225/1375/1382 2221/1376/1383
f 2125/1377/1384 2184/1378/1385 2223/1379/1386
f 2321/1380/1387 2159/1274/1281 2236/1350/1357
f 2268/1381/1388 2185/1371/1378 2270/1382/1389
f 2185/1371/1378 2257/1370/1377 2270/1382/1389
f 2057/1144/1150 2002/1165/1171 2170/1308/1315
f 1992/1026/1030 1851/1076/1080 2235/1367/1374
f 2203/1383/1390 2198/1315/1322 2276/1384/1391
f 2241/1374/1381 2266/1385/1392 2252/1386/1393
f 2321/1380/1387 2286/1387/1394 2159/1274/1281
f 2260/1388/1395 2196/1287/1294 2234/1389/1396
f 2287/1390/1397 2208/1329/1336 2219/1361/1368
f 2247/1391/1398 2249/1392/1399 2288/1393/1400
f 2251/1394/1401 2264/1395/1402 2372/1396/1403
f 1960/1090/1094 2120/1397/1404 2272/1398/1405
f 2056/1324/1331 2292/1399/1406 2205/1325/1332
f 2196/1287/1294 2282/1400/1407 2110/1286/1293
f 2286/1387/1394 2213/1336/1343 2159/1274/1281
f 2300/1401/1408 2198/1315/1322 2190/1354/1361
f 2210/1330/1337 2194/1307/1314 2221/1376/1383
f 2226/1333/1340 2171/1258/1265 2273/1402/1409
f 2259/1403/1410 2344/1404/1411 2284/1405/1412
f 2296/1406/1413 2274/1407/1414 2297/1408/1415
f 2309/1409/1416 2296/1406/1413 2297/1408/1415
f 2299/1410/1417 2196/1287/1294 2260/1388/1395
f 2301/1411/1418 2208/1329/1336 2287/1390/1397
f 2251/1394/1401 2372/1396/1403 2288/1393/1400
f 2258/1412/1419 2247/1391/1398 2288/1393/1400
f 2155/1346/1353 2369/1413/1420 2122/1261/1268
f 2344/1404/1411 2285/1414/1421 2284/1405/1412
f 2326/1415/1422 2296/1406/1413 2309/1409/1416
f 2320/1416/1423 2308/1417/1424 2196/1287/1294
f 2310/1418/1425 2300/1401/1408 2190/1354/1361
f 2265/1419/1426 2278/1420/1427 2372/1396/1403
f 2125/1377/1384 2223/1379/1386 2305/1421/1428
f 2327/1422/1429 2320/1416/1423 2196/1287/1294
f 2198/1315/1322 2312/1423/1430 2276/1384/1391
f 2302/1424/1431 2266/1385/1392 2241/1374/1381
f 1960/1090/1094 2272/1398/1405 2222/1331/1338
f 2336/1425/1432 2286/1387/1394 2321/1380/1387
f 2300/1401/1408 2337/1426/1433 2198/1315/1322
f 2402/1427/1434 2298/1294/1301 2163/1303/1310
f 2176/1309/1316 2200/1319/1326 2353/1428/1435
f 2285/1414/1421 2344/1404/1411 2322/1429/1436
f 2163/1303/1310 2246/1355/1362 2402/1427/1434
f 2136/1223/1230 2170/1308/1315 2317/1430/1437
f 2329/1431/1438 2246/1355/1362 2263/1432/1439
f 2278/1420/1427 2325/1433/1440 2372/1396/1403
f 2360/1434/1441 2361/1435/1442 2056/1324/1331
f 2292/1399/1406 2364/1436/1443 2205/1325/1332
f 2051/1203/1210 2376/1437/1444 2056/1324/1331
f 2332/1438/1445 2056/1324/1331 2377/1439/1446
f 2226/1333/1340 2273/1402/1409 2354/1440/1447
f 2286/1387/1394 2387/1441/1448 2213/1336/1343
f 2388/1442/1449 2196/1287/1294 2299/1410/1417
f 2213/1336/1343 2456/1443/1450 2245/1352/1359
f 2300/1401/1408 2389/1444/1451 2337/1426/1433
f 2222/1331/1338 2391/1445/1452 2051/1203/1210
f 2196/1287/1294 2388/1442/1449 2327/1422/1429
f 2520/1446/1453 2241/1374/1381 2221/1376/1383
f 2371/1447/1454 2387/1441/1448 2286/1387/1394
f 2520/1446/1453 2302/1424/1431 2241/1374/1381
f 2391/1445/1452 2406/1448/1455 2051/1203/1210
f 2051/1203/1210 2411/1449/1456 2392/1450/1457
f 2358/1451/1458 2474/1452/1459 2381/1453/1460
f 2659/1454/1461 2384/1455/1462 2340/1456/1463
f 2384/1455/1462 2712/1457/1464 2334/1458/1465
f 2226/1333/1340 2354/1440/1447 2435/1459/1466
f 2442/1460/1467 2387/1441/1448 2371/1447/1454
f 2412/1461/1468 2483/1462/1469 2393/1463/1470
f 2395/1464/1471 2432/1465/1472 2356/1466/1473
f 2447/1467/1474 4917/1468/1475 2448/1469/1476
f 2362/1470/1477 2659/1454/1461 2352/1471/1478
f 2451/1472/1479 2366/1473/1480 2485/1474/1481
f 2414/1475/1482 2712/1457/1464 2463/1476/1483
f 2441/1477/1484 2353/1428/1435 2200/1319/1326
f 2369/1413/1420 2439/1478/1485 2122/1261/1268
f 2458/1479/1486 2428/1480/1487 2338/1481/1488
f 2280/1322/1329 2459/1482/1489 2349/1483/1490
f 2222/1331/1338 2460/1484/1491 2404/1485/1492
f 2427/1486/1493 2373/1487/1494 2302/1424/1431
f 2222/1331/1338 2471/1488/1495 2472/1489/1496
f 2410/1490/1497 2408/1491/1498 2483/1462/1469
f 2356/1466/1473 2474/1452/1459 2378/1492/1499
f 2475/1493/1500 2213/1336/1343 2387/1441/1448
f 2426/1494/1501 2261/1495/1502 2476/1496/1503
f 2194/1307/1314 2136/1223/1230 2495/1497/1504
f 2222/1331/1338 2482/1498/1505 2460/1484/1491
f 2430/1499/1506 2483/1462/1469 2446/1500/1507
f 2446/1500/1507 2483/1462/1469 2408/1491/1498
f 2483/1462/1469 2432/1465/1472 2393/1463/1470
f 2378/1492/1499 2474/1452/1459 2396/1501/1508
f 2002/1165/1171 2226/1333/1340 2484/1502/1509
f 2294/1365/1372 1788/1028/1032 2486/1503/1510
f 2200/1319/1326 1992/1026/1030 2235/1367/1374
f 2344/1404/1411 2466/1504/1511 2454/1505/1512
f 2493/1506/1513 2471/1488/1495 2272/1398/1405
f 2473/1507/1514 2445/1508/1515 2461/1509/1516
f 2170/1308/1315 2002/1165/1171 2523/1510/1517
f 2337/1426/1433 2489/1511/1518 2198/1315/1322
f 2498/1512/1519 2441/1477/1484 2200/1319/1326
f 2288/1393/1400 2372/1396/1403 2525/1513/1520
f 2470/1514/1521 2458/1479/1486 2509/1515/1522
f 2523/1510/1517 2002/1165/1171 2484/1502/1509
f 2226/1333/1340 2506/1516/1523 2484/1502/1509
f 2475/1493/1500 2513/1517/1524 2213/1336/1343
f 2280/1322/1329 2492/1364/1371 2459/1482/1489
f 2429/1518/1525 2253/1519/1526 2491/1520/1527
f 2635/1521/1528 2517/1522/1529 2272/1398/1405
f 2472/1489/1496 2471/1488/1495 2460/1523/1530
f 2495/1497/1504 2136/1223/1230 2317/1430/1437
f 2445/1508/1515 2557/1524/1531 2430/1499/1506
f 2430/1499/1506 2557/1524/1531 2483/1462/1469
f 2362/1470/1477 2474/1452/1459 2659/1454/1461
f 2476/1525/1532 2455/1526/1533 2548/1527/1534
f 2518/1528/1535 2519/1529/1536 2499/1530/1537
f 2427/1486/1493 2302/1424/1431 2520/1446/1453
f 2517/1522/1529 2521/1531/1538 2272/1398/1405
f 2221/1376/1383 2194/1307/1314 2528/1532/1539
f 2226/1333/1340 2435/1459/1466 2511/1533/1540
f 2513/1517/1524 2524/1534/1541 2213/1336/1343
f 2508/1535/1542 2553/1536/1543 2403/1537/1544
f 2120/1397/1404 2553/1536/1543 2635/1521/1528
f 2221/1376/1383 2528/1532/1539 2520/1446/1453
f 2646/1538/1545 2291/1539/1546 2375/1540/1547
f 2527/1541/1548 2503/1542/1549 2509/1515/1522
f 2272/1398/1405 2530/1543/1550 2532/1544/1551
f 2522/1545/1552 2544/1546/1553 2510/1547/1554
f 2523/1510/1517 2317/1430/1437 2170/1308/1315
f 2432/1465/1472 2483/1462/1469 2474/1452/1459
f 2533/1548/1555 2544/1546/1553 2522/1545/1552
f 2226/1333/1340 2511/1533/1540 2506/1516/1523
f 1788/1028/1032 2546/1549/1556 2486/1503/1510
f 2548/1527/1534 2402/1427/1434 2595/1550/1557
f 2338/1481/1488 2288/1393/1400 2567/1551/1558
f 2508/1535/1542 2552/1552/1559 2553/1536/1543
f 2272/1398/1405 2556/1553/1560 2530/1543/1550
f 2512/1554/1561 2563/1555/1562 2537/1556/1563
f 2372/1396/1403 2541/1557/1564 2525/1513/1520
f 2480/1558/1565 2535/1559/1566 2541/1557/1564
f 2543/1560/1567 2517/1522/1529 2635/1521/1528
f 2122/1261/1268 2439/1478/1485 2572/1561/1568
f 2560/1562/1569 2498/1512/1519 2200/1319/1326
f 2535/1559/1566 2578/1563/1570 2541/1557/1564
f 2534/1564/1571 2492/1364/1371 2577/1565/1572
f 2544/1546/1553 2593/1566/1573 2510/1547/1554
f 2506/1516/1523 2511/1533/1540 2561/1567/1574
f 2467/1568/1575 2539/1569/1576 2538/1570/1577
f 2213/1336/1343 2518/1528/1578 2456/1443/1450
f 1788/1028/1032 2586/1571/1579 2671/1572/1580
f 2550/1573/1581 2576/1574/1582 2500/1575/1583
f 2509/1515/1522 2338/1481/1488 2567/1551/1558
f 2569/1576/1584 2542/1577/1585 2509/1515/1522
f 2370/1368/1375 2562/1578/1586 2235/1367/1374
f 2573/1579/1587 2592/1580/1588 2563/1555/1562
f 2543/1560/1567 2601/1581/1589 2517/1522/1529
f 2604/1582/1590 2213/1336/1343 2591/1583/1591
f 2502/1584/1592 2574/1585/1593 2402/1427/1434
f 2575/1586/1594 2520/1446/1453 2528/1532/1539
f 2637/1587/1595 2569/1576/1584 2509/1515/1522
f 2545/1588/1596 2223/1379/1386 2611/1589/1597
f 2621/1590/1598 2592/1580/1588 2573/1579/1587
f 2613/1591/1599 2595/1550/1557 2402/1427/1434
f 2564/1592/1600 2593/1566/1573 2580/1593/1601
f 2592/1580/1588 2621/1590/1598 2605/1594/1602
f 2620/1595/1603 2213/1336/1343 2604/1582/1590
f 2213/1336/1343 2624/1596/1604 2518/1528/1578
f 2614/1597/1605 2402/1427/1434 2574/1585/1593
f 2611/1589/1597 2223/1379/1386 2626/1598/1606
f 2487/1599/1607 2627/1600/1608 2223/1379/1386
f 2122/1261/1268 2572/1561/1568 2594/1601/1609
f 2620/1595/1603 2650/1602/1610 2213/1336/1343
f 2613/1591/1599 2402/1427/1434 2623/1603/1611
f 2518/1528/1578 2624/1596/1604 2549/1604/1612
f 2375/1540/1547 2585/1605/1613 2646/1538/1545
f 2223/1379/1386 2627/1600/1608 2626/1598/1606
f 2606/1606/1614 2622/1607/1615 2213/1336/1343
f 2652/1608/1616 2597/1609/1617 2528/1532/1539
f 2629/1610/1618 2560/1562/1569 2200/1319/1326
f 2573/1579/1587 2679/1611/1619 2621/1590/1598
f 2679/1611/1619 2642/1612/1620 2621/1590/1598
f 2506/1516/1523 2561/1567/1574 2630/1613/1621
f 2235/1367/1374 2562/1578/1586 2661/1614/1622
f 2200/1319/1326 2235/1367/1374 2602/1615/1623
f 2589/1616/1624 2644/1617/1625 2541/1557/1564
f 2305/1421/1428 2545/1588/1596 2676/1618/1626
f 2669/1619/1627 2611/1589/1597 2626/1598/1606
f 2629/1610/1618 2200/1319/1326 2773/1620/1628
f 2567/1551/1558 2525/1513/1520 2673/1621/1629
f 2615/1622/1630 2681/1623/1631 2631/1624/1632
f 2305/1421/1428 2676/1618/1626 2666/1625/1633
f 2691/1626/1634 2622/1607/1615 2606/1606/1614
f 2696/1627/1635 2538/1570/1577 2612/1628/1636
f 2658/1629/1637 2655/1630/1638 2993/1631/1639
f 2759/1632/1640 2402/1427/1434 2614/1597/1605
f 2645/1633/1641 2529/1634/1642 2709/1635/1643
f 2317/1430/1437 2523/1510/1517 2495/1497/1504
f 2665/1636/1644 2305/1421/1428 2710/1637/1645
f 2497/1638/1646 2305/1421/1428 2683/1639/1647
f 2523/1510/1517 2484/1502/1509 2725/1640/1648
f 2305/1421/1428 2666/1625/1633 2718/1641/1649
f 2666/1625/1633 2719/1642/1650 2720/1643/1651
f 2506/1516/1523 2630/1613/1621 2741/1644/1652
f 2629/1610/1618 2722/1645/1653 2721/1646/1654
f 2235/1367/1374 2661/1614/1622 2733/1647/1655
f 2759/1632/1640 2614/1597/1605 2651/1648/1656
f 2576/1574/1582 2681/1623/1631 2615/1622/1630
f 2644/1617/1625 2701/1649/1657 2541/1557/1564
f 2674/1650/1658 2590/1651/1659 2715/1652/1660
f 2305/1421/1428 2718/1641/1649 2698/1653/1661
f 2722/1645/1653 2629/1610/1618 2773/1620/1628
f 2773/1620/1628 2200/1319/1326 2602/1615/1623
f 2714/1654/1662 2735/1655/1663 2622/1607/1615
f 2528/1532/1539 2194/1307/1314 2495/1497/1504
f 2683/1639/1647 2305/1421/1428 2737/1656/1664
f 2666/1625/1633 2720/1643/1651 2718/1641/1649
f 1788/1028/1032 2672/1657/1665 2586/1571/1579
f 1788/1028/1032 2122/1261/1268 2672/1657/1665
f 2789/1658/1666 2723/1659/1667 2623/1603/1611
f 2305/1421/1428 2727/1660/1668 2738/1661/1669
f 2727/1660/1668 2665/1636/1644 2751/1662/1670
f 2698/1653/1661 2718/1641/1649 2740/1663/1671
f 2754/1664/1672 2484/1502/1509 2506/1516/1523
f 2757/1665/1673 2834/1666/1674 2587/1667/1675
f 2789/1658/1666 2623/1603/1611 2758/1668/1676
f 2652/1608/1616 2528/1532/1539 2760/1669/1677
f 2737/1656/1664 2305/1421/1428 2763/1670/1678
f 2665/1636/1644 2765/1671/1679 2751/1662/1670
f 2670/1672/1680 2689/1673/1681 2677/1674/1682
f 2572/1561/1568 2756/1675/1683 2766/1676/1684
f 2744/1677/1685 2696/1627/1635 2746/1678/1686
f 2585/1605/1613 2497/1638/1646 2771/1679/1687
f 2721/1680/1688 2773/1620/1628 2772/1681/1689
f 2572/1561/1568 2766/1676/1684 2594/1601/1609
f 2573/1579/1587 2870/1682/1690 2679/1611/1619
f 2870/1682/1690 2743/1683/1691 2679/1611/1619
f 2529/1634/1642 2646/1538/1545 2800/1684/1692
f 2497/1638/1646 2683/1639/1647 2781/1685/1693
f 2305/1421/1428 2738/1661/1669 2786/1686/1694
f 2726/1687/1695 2750/1688/1696 2764/1689/1697
f 2735/1655/1663 2788/1690/1698 2622/1607/1615
f 2789/1658/1666 2758/1668/1676 2777/1691/1699
f 2763/1670/1678 2305/1421/1428 2786/1686/1694
f 2752/1692/1700 2753/1693/1701 2796/1694/1702
f 2729/1695/1703 2667/1696/1704 2796/1694/1702
f 2870/1682/1690 2775/1697/1705 2743/1683/1691
f 2697/1698/1706 2791/1699/1707 2550/1573/1581
f 2797/1700/1708 2760/1669/1677 2528/1532/1539
f 2768/1701/1709 2645/1633/1641 2794/1702/1710
f 2646/1538/1545 2762/1703/1711 2822/1704/1712
f 2763/1670/1678 2786/1686/1694 2831/1705/1713
f 2750/1688/1696 2752/1692/1700 2796/1694/1702
f 2796/1694/1702 2730/1706/1714 2677/1674/1682
f 2689/1673/1681 2832/1707/1715 2677/1674/1682
f 2645/1633/1641 2798/1708/1716 2794/1702/1710
f 2825/1709/1717 2585/1605/1613 2804/1710/1718
f 2784/1711/1719 2830/1712/1720 2782/1713/1721
f 2788/1690/1698 2846/1714/1722 2622/1607/1615
f 2777/1691/1699 2758/1668/1676 2848/1715/1723
f 2736/1716/1724 2836/1717/1725 2541/1557/1564
f 2798/1708/1716 2645/1633/1641 2709/1635/1643
f 2646/1538/1545 2854/1718/1726 2852/1719/1727
f 2483/1462/1469 2557/1524/1531 2944/1720/1728
f 2585/1605/1613 2803/1721/1729 2823/1722/1730
f 2585/1605/1613 2825/1709/1717 2803/1721/1729
f 2846/1714/1722 2871/1723/1731 2622/1607/1615
f 2525/1513/1520 2541/1557/1564 2792/1724/1732
f 2799/1725/1733 2529/1634/1642 2800/1684/1692
f 2838/1726/1734 2646/1538/1545 2863/1727/1735
f 2646/1538/1545 2822/1704/1712 2863/1727/1735
f 2585/1605/1613 2801/1728/1736 2856/1729/1737
f 2805/1730/1738 2829/1731/1739 2845/1732/1740
f 2806/1733/1741 2779/1734/1742 2876/1735/1743
f 2779/1734/1742 2782/1713/1721 2876/1735/1743
f 2782/1713/1721 2830/1712/1720 2876/1735/1743
f 2800/1684/1692 2838/1726/1734 2862/1736/1744
f 2841/1737/1745 2495/1497/1504 2523/1510/1517
f 2858/1738/1746 2842/1739/1747 2844/1740/1748
f 2811/1741/1749 2979/1742/1750 2914/1743/1751
f 2772/1681/1689 2773/1620/1628 2883/1744/1752
f 2860/1745/1753 2876/1735/1743 2844/1740/1748
f 2860/1745/1753 2866/1746/1754 2876/1735/1743
f 2841/1737/1745 2523/1510/1517 2725/1640/1648
f 2866/1746/1754 2826/1747/1755 2845/1732/1740
f 2725/1640/1648 2484/1502/1509 2754/1664/1672
f 2506/1516/1523 2741/1644/1652 2882/1748/1756
f 2235/1367/1374 2733/1647/1655 2953/1749/1757
f 2773/1620/1628 2927/1750/1758 2883/1744/1752
f 2814/1751/1759 2791/1699/1707 2697/1698/1706
f 2821/1752/1760 2888/1753/1761 2836/1717/1725
f 2845/1732/1740 2829/1731/1739 2876/1735/1743
f 2773/1620/1628 2602/1615/1623 2927/1750/1758
f 2877/1754/1762 2918/1755/1763 2834/1666/1674
f 2528/1532/1539 2878/1756/1764 2797/1700/1708
f 2864/1757/1765 2892/1758/1766 2891/1759/1767
f 2509/1515/1522 2567/1551/1558 2761/1760/1768
f 2892/1758/1766 2880/1761/1769 2891/1759/1767
f 2832/1707/1715 2869/1762/1770 2677/1674/1682
f 2506/1516/1523 2882/1748/1756 2899/1763/1771
f 2953/1749/1757 2733/1647/1655 2913/1764/1772
f 2898/1765/1773 2835/1766/1774 2402/1427/1434
f 2903/1767/1775 2759/1632/1640 2816/1768/1776
f 2875/1769/1777 2864/1757/1765 2891/1759/1767
f 2851/1770/1778 2853/1771/1779 2840/1772/1780
f 2853/1771/1779 2857/1773/1781 2876/1735/1743
f 2915/1774/1782 2895/1775/1783 2812/1776/1784
f 2813/1777/1785 2849/1778/1786 2945/1779/1787
f 2945/1779/1787 2874/1780/1788 2920/1781/1789
f 2567/1551/1558 2673/1621/1629 2902/1782/1790
f 2818/1783/1791 2878/1756/1764 2904/1784/1792
f 2880/1761/1769 2839/1785/1793 2891/1759/1767
f 2857/1773/1781 2853/1771/1779 2855/1786/1794
f 2857/1773/1781 2858/1738/1746 2876/1735/1743
f 2905/1787/1795 2798/1708/1716 2908/1788/1796
f 2875/1769/1777 2891/1759/1767 2879/1789/1797
f 2840/1772/1780 2853/1771/1779 2839/1785/1793
f 2812/1776/1784 2813/1777/1785 2945/1779/1787
f 2528/1532/1539 2495/1497/1504 2917/1790/1798
f 2791/1699/1707 3035/1791/1799 2820/1792/1800
f 2593/1566/1573 2944/1720/1728 2557/1524/1531
f 2912/1793/1801 2883/1744/1752 2927/1750/1758
f 2877/1754/1762 2916/1794/1802 2918/1755/1763
f 2541/1557/1564 2836/1717/1725 2792/1724/1732
f 2709/1635/1643 2924/1795/1803 2932/1796/1804
f 2839/1785/1793 2853/1771/1779 2891/1759/1767
f 2829/1731/1739 2806/1733/1741 2876/1735/1743
f 2528/1532/1539 2991/1797/1805 2904/1784/1792
f 2888/1753/1761 2923/1798/1806 2836/1717/1725
f 2914/1743/1751 2979/1742/1750 2938/1799/1807
f 2991/1797/1805 2528/1532/1539 2922/1800/1808
f 2908/1788/1809 2965/1801/1810 2931/1802/1811
f 2926/1803/1812 2942/1804/1813 2941/1805/1814
f 2942/1804/1813 2926/1803/1812 2909/1806/1815
f 2495/1497/1504 2841/1737/1745 2961/1807/1816
f 2923/1798/1806 2943/1808/1817 2836/1717/1725
f 2506/1516/1523 2899/1763/1771 2951/1809/1818
f 2567/1551/1558 2902/1782/1790 2761/1760/1768
f 2908/1788/1809 2948/1810/1819 2965/1801/1810
f 2987/1811/1820 2764/1689/1697 2796/1694/1702
f 2953/1749/1757 2928/1812/1821 2968/1813/1822
f 2586/1571/1579 2672/1657/1665 3005/1814/1823
f 2122/1261/1268 2594/1601/1609 2962/1815/1824
f 2792/1724/1732 2907/1816/1825 2525/1513/1520
f 2948/1810/1819 2970/1817/1826 2965/1801/1810
f 2950/1818/1827 2896/1819/1828 2879/1789/1797
f 2900/1820/1829 2973/1821/1830 2871/1723/1731
f 2945/1779/1787 2920/1781/1789 2963/1822/1831
f 2922/1800/1808 2528/1532/1539 2917/1790/1798
f 2917/1790/1798 2495/1497/1504 2961/1807/1816
f 2853/1771/1779 2876/1735/1743 2891/1759/1767
f 2525/1513/1520 2907/1816/1825 2673/1621/1629
f 2796/1694/1702 2677/1674/1682 2869/1762/1770
f 2971/1823/1832 2973/1821/1830 2900/1820/1829
f 2997/1824/1833 2898/1765/1773 2903/1767/1775
f 2909/1806/1815 2950/1818/1827 2942/1804/1813
f 2602/1615/1623 2235/1367/1374 2953/1749/1757
f 2904/1784/1792 2991/1797/1805 2955/1825/1834
f 2836/1717/1725 2943/1808/1817 2992/1826/1835
f 2976/1827/1836 2942/1804/1813 2986/1828/1837
f 2976/1827/1836 2960/1829/1838 2942/1804/1813
f 2506/1516/1523 2951/1809/1818 2995/1830/1839
f 2997/1824/1833 2903/1767/1775 2984/1831/1840
f 2876/1735/1743 2764/1689/1697 2987/1811/1820
f 2754/1664/1672 2506/1516/1523 3009/1832/1841
f 2953/1749/1757 2968/1813/1822 3000/1833/1842
f 3003/1834/1843 3015/1835/1844 2791/1699/1707
f 2918/1755/1763 2916/1794/1802 3039/1836/1845
f 2998/1837/1846 3004/1838/1847 2963/1822/1831
f 3036/1839/1848 3035/1791/1799 2791/1699/1707
f 3035/1791/1799 3115/1840/1849 2820/1792/1800
f 2506/1516/1523 2995/1830/1839 3009/1832/1841
f 2952/1841/1850 2927/1750/1758 3012/1842/1851
f 3053/1843/1852 3041/1844/1853 2659/1454/1461
f 2927/1750/1758 2602/1615/1623 3012/1842/1851
f 2891/1759/1767 2876/1735/1743 3028/1845/1854
f 2982/1846/1855 3014/1847/1856 3002/1848/1857
f 2602/1615/1623 2953/1749/1757 3067/1849/1858
f 3026/1850/1859 2963/1822/1831 3004/1838/1847
f 2993/1631/1639 3050/1851/1860 3048/1852/1861
f 2594/1601/1609 2766/1676/1684 3020/1853/1862
f 2876/1735/1743 2987/1811/1820 3028/1845/1854
f 3012/1842/1851 2602/1615/1623 3022/1854/1863
f 3017/1855/1864 3115/1840/1849 3035/1791/1799
f 2986/1828/1837 2942/1804/1813 3021/1856/1865
f 2903/1767/1775 2989/1857/1866 3023/1858/1867
f 2841/1737/1745 2725/1640/1648 3037/1859/1868
f 3009/1832/1841 2995/1830/1839 3030/1860/1869
f 3007/1861/1870 3033/1862/1871 2988/1863/1872
f 3016/1864/1873 3047/1865/1874 3034/1866/1875
f 3009/1832/1841 3030/1860/1869 3042/1867/1876
f 3022/1854/1863 2602/1615/1623 3044/1868/1877
f 3026/1850/1859 3004/1838/1847 3065/1869/1878
f 2991/1797/1805 3058/1870/1879 3143/1871/1880
f 2991/1797/1805 2922/1800/1808 3058/1870/1879
f 3042/1867/1876 3045/1872/1881 3059/1873/1882
f 2122/1261/1268 2962/1815/1824 2672/1657/1665
f 3023/1858/1867 3027/1874/1883 2984/1831/1840
f 2836/1717/1725 3018/1875/1884 3061/1876/1885
f 2841/1737/1745 3052/1877/1886 2961/1807/1816
f 2841/1737/1745 3037/1859/1868 3052/1877/1886
f 3005/1814/1823 2672/1657/1665 3038/1878/1887
f 2945/1779/1787 3026/1850/1859 3013/1879/1888
f 2796/1694/1702 3126/1880/1889 2987/1811/1820
f 3049/1881/1890 2985/1882/1891 3062/1883/1892
f 2993/1631/1639 3048/1852/1861 3068/1884/1893
f 3009/1832/1841 3042/1867/1876 3059/1873/1882
f 3033/1862/1871 3070/1885/1894 3047/1865/1874
f 2985/1882/1891 2761/1760/1768 3072/1886/1895
f 2836/1717/1725 3061/1876/1885 3057/1887/1896
f 2725/1640/1648 2754/1664/1672 3037/1859/1868
f 2891/1759/1767 3051/1888/1897 2950/1818/1827
f 3059/1873/1882 3077/1889/1898 3009/1832/1841
f 3009/1832/1841 3077/1889/1898 3076/1890/1899
f 2953/1749/1757 3054/1891/1900 3078/1892/1901
f 3013/1879/1888 3026/1850/1859 3098/1893/1902
f 3083/1894/1903 3032/1895/1904 3081/1896/1905
f 3009/1832/1841 3076/1890/1899 3085/1897/1906
f 3027/1874/1883 3023/1858/1867 3089/1898/1907
f 3112/1899/1908 2991/1797/1805 3143/1871/1880
f 3005/1814/1823 3038/1878/1887 3104/1900/1909
f 3044/1868/1877 2602/1615/1623 3140/1901/1910
f 3117/1902/1911 3084/1903/1912 3115/1840/1849
f 3091/1904/1913 3062/1883/1892 3072/1886/1895
f 3066/1905/1914 2942/1804/1813 3113/1906/1915
f 2942/1804/1813 2950/1818/1827 3092/1907/1916
f 2953/1749/1757 3078/1892/1901 3067/1849/1858
f 3116/1908/1917 3089/1898/1907 3023/1858/1867
f 3009/1832/1841 3085/1897/1906 3121/1909/1918
f 2942/1804/1813 3161/1910/1919 3113/1906/1915
f 2917/1790/1798 2961/1807/1816 3119/1911/1920
f 2754/1664/1672 3103/1912/1921 3037/1859/1868
f 3132/1913/1922 3096/1914/1923 3134/1915/1924
f 3023/1858/1867 3073/1916/1925 3157/1917/1926
f 2942/1804/1813 3092/1907/1916 3161/1910/1919
f 3009/1832/1841 3121/1909/1918 3137/1918/1927
f 3121/1909/1928 3123/1919/1929 3141/1920/1930
f 3127/1921/1931 3148/1922/1932 3047/1865/1874
f 3073/1916/1925 3111/1923/1933 3142/1924/1934
f 2792/1724/1732 2836/1717/1725 3125/1925/1935
f 2836/1717/1725 3057/1887/1896 3125/1925/1935
f 3047/1865/1874 3183/1926/1936 3102/1927/1937
f 3026/1850/1859 3106/1928/1938 3149/1929/1939
f 3157/1917/1926 3073/1916/1925 3142/1924/1934
f 2761/1760/1768 2902/1782/1790 3072/1886/1895
f 3061/1876/1885 3130/1930/1940 3175/1931/1941
f 2754/1664/1672 3009/1832/1841 3151/1932/1942
f 3151/1932/1942 3009/1832/1841 3137/1918/1927
f 3101/1933/1943 3134/1915/1924 3163/1934/1944
f 3138/1935/1945 3038/1878/1887 3153/1936/1946
f 3179/1937/1947 2602/1615/1623 3067/1849/1858
f 3111/1923/1933 3150/1938/1948 3142/1924/1934
f 2987/1811/1820 3260/1939/1949 3028/1845/1854
f 2961/1807/1816 3052/1877/1886 3119/1911/1920
f 2796/1694/1702 2869/1762/1770 3126/1880/1889
f 3143/1871/1880 3159/1940/1950 3160/1941/1951
f 3159/1940/1950 3143/1871/1880 3058/1870/1879
f 3058/1870/1879 2922/1800/1808 2917/1790/1798
f 3098/1893/1902 3026/1850/1859 3164/1942/1952
f 2987/1811/1820 3126/1880/1889 3178/1943/1953
f 3067/1849/1858 3152/1944/1954 3168/1945/1955
f 3019/1946/1956 2994/1947/1957 3176/1948/1958
f 3140/1901/1910 2602/1615/1623 3179/1937/1947
f 3167/1949/1959 3184/1950/1960 3185/1951/1961
f 3057/1887/1896 3061/1876/1885 3175/1931/1941
f 3161/1910/1919 3092/1907/1916 3190/1952/1962
f 3153/1936/1946 3038/1878/1887 3186/1953/1963
f 3026/1850/1859 3149/1929/1939 3192/1954/1964
f 3107/1955/1965 3174/1956/1966 3131/1957/1967
f 3187/1958/1968 3137/1918/1927 3189/1959/1969
f 3037/1859/1868 3103/1912/1921 3248/1960/1970
f 2754/1664/1672 3151/1932/1942 3103/1912/1921
f 3137/1918/1927 3187/1958/1968 3151/1932/1942
f 3155/1961/1971 3140/1901/1910 3179/1937/1947
f 3026/1850/1859 3192/1954/1964 3196/1962/1972
f 2902/1782/1790 2673/1621/1629 3372/1963/1973
f 3057/1887/1896 3175/1931/1941 3201/1964/1974
f 3028/1845/1854 3260/1939/1949 3051/1888/1897
f 3178/1943/1953 3126/1880/1889 3255/1965/1975
f 3074/1966/1976 3126/1880/1889 2869/1762/1770
f 3164/1942/1952 3026/1850/1859 3194/1967/1977
f 3171/1968/1978 3142/1924/1934 3204/1969/1979
f 3131/1957/1967 3174/1956/1966 3208/1970/1980
f 3136/1971/1981 3051/1888/1897 3202/1972/1982
f 2987/1811/1820 3178/1943/1953 3260/1939/1949
f 3187/1958/1968 3203/1973/1983 3151/1932/1942
f 3151/1932/1942 3203/1973/1983 3189/1974/1984
f 2594/1601/1609 3020/1853/1862 2962/1815/1824
f 3151/1932/1942 3189/1974/1984 3214/1975/1985
f 3058/1870/1879 3246/1976/1986 3205/1977/1987
f 3194/1967/1977 3026/1850/1859 3219/1978/1988
f 3171/1968/1978 3204/1969/1979 3221/1979/1989
f 3204/1969/1979 3224/1980/1990 3221/1979/1989
f 3241/1981/1991 5052/1982/1992 3198/1983/1993
f 3072/1886/1895 2902/1782/1790 3225/1984/1994
f 3092/1907/1916 2950/1818/1827 3136/1971/1981
f 3155/1961/1971 3179/1937/1947 3226/1985/1995
f 3020/1853/1862 3177/1986/1996 2962/1815/1824
f 3038/1878/1887 2672/1657/1665 2962/1815/1824
f 3222/1987/1997 3236/1988/1998 3192/1954/1964
f 3206/1989/1999 3205/1977/1987 3238/1990/2000
f 3175/1931/1941 3212/1991/2001 3201/1964/1974
f 3151/1932/1942 3214/1975/1985 3245/1992/2002
f 3072/1886/1895 3225/1984/1994 3331/1993/2003
f 3238/1990/2000 3205/1977/1987 3246/1976/1986
f 3243/1994/2004 3246/1976/2005 3196/1962/1972
f 3258/1995/2006 3196/1962/1972 3246/1976/2005
f 3037/1859/1868 3248/1960/1970 3052/1877/1886
f 3067/1849/1858 3223/1996/2007 3239/1997/2008
f 3234/1998/2009 3092/1907/1916 3267/1999/2010
f 3051/1888/1897 3260/1939/1949 3202/1972/1982
f 3196/1962/1972 3258/1995/2006 3276/2000/2011
f 3067/1849/1858 3239/1997/2008 3288/2001/2012
f 3201/1964/1974 3212/1991/2001 3268/2002/2013
f 3058/1870/1879 2917/1790/1798 3277/2003/2014
f 3240/2004/2015 3227/2005/2016 3328/2006/2017
f 3151/1932/1942 3245/1992/2002 3282/2007/2018
f 3276/2000/2011 3246/1976/1986 3323/2008/2019
f 3267/1999/2010 3092/1907/1916 3259/2009/2020
f 2917/1790/1798 3287/2010/2021 3277/2003/2014
f 3119/1911/1920 3052/1877/1886 3269/2011/2022
f 3272/2012/2023 3240/2004/2015 3328/2006/2017
f 3186/1953/1963 3038/1878/1887 3278/2013/2024
f 2917/1790/1798 3119/1911/1920 3287/2010/2021
f 3269/2011/2022 3052/1877/1886 3292/2014/2025
f 3248/1960/1970 3103/1912/1921 3294/2015/2026
f 3201/1964/1974 3268/2002/2013 3297/2016/2027
f 3196/1962/1972 3312/2017/2028 3252/2018/2029
f 3226/1985/1995 3179/1937/1947 3281/2019/2030
f 3067/1849/1858 3288/2001/2012 3303/2020/2031
f 3267/1999/2010 3259/2009/2020 3296/2021/2032
f 3092/1907/1916 3305/2022/2033 3259/2009/2020
f 3103/1912/1921 3151/1932/1942 3294/2015/2026
f 3092/1907/1916 3136/1971/1981 3305/2022/2033
f 3052/1877/1886 3248/1960/1970 3292/2014/2025
f 3307/2023/2034 2994/1947/1957 3244/2024/2035
f 3151/1932/1942 3311/2025/2036 3294/2015/2026
f 3323/2008/2019 3246/1976/1986 3286/2026/2037
f 3201/1964/1974 3297/2016/2027 3324/2027/2038
f 3151/1932/1942 3282/2007/2018 3316/2028/2039
f 3125/1925/1935 3057/1887/1896 3308/2029/2040
f 3225/1984/1994 2902/1782/1790 3372/1963/1973
f 3308/2029/2040 3057/1887/1896 3201/1964/1974
f 3058/1870/1879 3277/2003/2014 3286/2026/2037
f 3312/2017/2028 3196/1962/1972 3323/2008/2019
f 2673/1621/1629 3662/2030/2041 3372/1963/1973
f 3314/2031/2042 3126/1880/1889 3325/2032/2043
f 3281/2019/2030 3179/1937/1947 3315/2033/2044
f 3202/1972/1982 3260/1939/1949 3313/2034/2045
f 3067/1849/1858 3303/2020/2031 3334/2035/2046
f 3177/1986/1996 3322/2036/2047 2962/1815/1824
f 3136/1971/1981 3320/2037/2048 3305/2022/2033
f 3126/1880/1889 3314/2031/2042 3255/1965/1975
f 3315/2033/2044 3179/1937/1947 3329/2038/2049
f 3178/1943/1953 3255/1965/1975 3332/2039/2050
f 3358/2040/2051 3067/1849/1858 3334/2035/2046
f 3296/2021/2032 3259/2009/2020 3335/2041/2052
f 3320/2037/2048 3202/1972/1982 3313/2034/2045
f 3260/1939/1949 3178/1943/1953 3313/2034/2045
f 3278/2013/2024 3038/1878/1887 3330/2042/2053
f 3038/1878/1887 2962/1815/1824 3330/2042/2053
f 3292/2014/2025 3248/1960/1970 3339/2043/2054
f 3151/1932/1942 3316/2028/2039 3333/2044/2055
f 3335/2041/2052 3259/2009/2020 3338/2045/2056
f 3311/2025/2036 3151/1932/1942 3333/2044/2055
f 3329/2038/2049 3179/1937/1947 3355/2046/2057
f 3340/2047/2058 3278/2013/2024 3330/2042/2053
f 3324/2027/2038 3344/2048/2059 3201/1964/1974
f 3269/2011/2022 3292/2014/2025 3339/2043/2054
f 3248/1960/1970 3294/2015/2026 3339/2043/2054
f 3294/2015/2026 3311/2025/2036 3351/2049/2060
f 3178/1943/1953 3332/2039/2050 3313/2034/2045
f 3355/2046/2057 3179/1937/1947 3356/2050/2061
f 3179/1937/1947 3067/1849/1858 3356/2050/2061
f 3312/2017/2028 3323/2008/2019 3347/2051/2062
f 3201/1964/1974 3344/2048/2059 3346/2052/2063
f 3255/1965/1975 3314/2031/2042 3354/2053/2064
f 3287/2010/2021 3269/2011/2022 3349/2054/2065
f 3305/2022/2033 3320/2037/2048 3352/2055/2066
f 3277/2003/2014 3348/2056/2067 3286/2026/2037
f 3314/2031/2042 3325/2032/2043 3337/2057/2068
f 3320/2037/2048 3353/2058/2069 3352/2055/2066
f 3255/1965/1975 3354/2053/2064 3332/2039/2050
f 3308/2029/2040 3201/1964/1974 3346/2052/2063
f 3340/2047/2058 3330/2042/2053 3364/2059/2070
f 2962/1815/1824 3322/2036/2047 3361/2060/2071
f 3357/2061/2072 3363/2062/2073 3373/2063/2074
f 3336/2064/2075 2962/1815/1824 3361/2060/2071
f 3338/2045/2056 3259/2009/2020 3370/2065/2076
f 3320/2037/2048 3313/2034/2045 3353/2058/2069
f 3313/2034/2045 3350/2066/2077 3353/2058/2069
f 3356/2050/2061 3067/1849/1858 3358/2040/2051
f 3344/2048/2059 3369/2067/2078 3346/2052/2063
f 3323/2008/2019 3286/2026/2037 3377/2068/2079
f 2907/1816/1825 3662/2030/2041 2673/1621/1629
f 3351/2049/2060 3311/2025/2036 3368/2069/2080
f 3331/1993/2003 3382/2070/2081 3341/2071/2082
f 3362/2072/2083 3341/2071/2082 3374/2073/2084
f 3337/2057/2068 3366/2074/2085 3384/2075/2086
f 3375/2076/2087 3259/2009/2020 3305/2022/2033
f 3337/2057/2068 3384/2075/2086 3314/2031/2042
f 3259/2009/2020 3375/2076/2087 3370/2065/2076
f 3364/2059/2070 3330/2042/2053 3378/2077/2088
f 3363/2062/2073 3376/2078/2089 3373/2063/2074
f 3287/2010/2021 3349/2054/2065 3348/2056/2067
f 3330/2042/2053 2962/1815/1824 3336/2064/2075
f 3347/2051/2062 3323/2008/2019 3377/2068/2079
f 3269/2011/2022 3339/2043/2054 3379/2079/2090
f 3350/2066/2077 3313/2034/2045 3332/2039/2050
f 3377/2068/2079 3286/2026/2037 3381/2080/2091
f 3305/2022/2033 3352/2055/2066 3375/2076/2087
f 3353/2058/2069 3350/2066/2077 3386/2081/2092
f 3350/2066/2077 3332/2039/2050 3387/2082/2093
f 3339/2043/2054 3294/2015/2026 3351/2049/2060
f 3354/2053/2064 3314/2031/2042 3384/2075/2086
f 3367/2083/2094 3355/2046/2057 3391/2084/2095
f 3225/1984/1994 3372/1963/1973 3371/2085/2096
f 3332/2039/2050 3354/2053/2064 3387/2082/2093
f 3368/2069/2080 3392/2086/2097 3351/2049/2060
f 3393/2087/2098 3370/2065/2076 3375/2076/2087
f 3355/2046/2057 3356/2050/2061 3391/2084/2095
f 3286/2026/2037 3348/2056/2067 3381/2080/2091
f 3348/2056/2067 3349/2054/2065 3399/2088/2099
f 3379/2079/2090 3339/2043/2054 3397/2089/2100
f 2907/1816/1825 3125/1925/1935 3408/2090/2101
f 3409/2091/2102 3307/2023/2034 3404/2092/2103
f 3346/2052/2063 3390/2093/2104 3308/2029/2040
f 3336/2064/2075 3361/2060/2071 3403/2094/2105
f 3378/2077/2088 3330/2042/2053 3400/2095/2106
f 3358/2040/2051 3389/2096/2107 3430/2097/2108
f 3348/2056/2067 3399/2088/2099 3381/2080/2091
f 3346/2052/2063 3394/2098/2109 3405/2099/2110
f 3356/2050/2061 3358/2040/2051 3430/2097/2108
f 3393/2087/2098 3375/2076/2087 3406/2100/2111
f 3269/2011/2022 3379/2079/2090 3419/2101/2112
f 3347/2051/2062 3377/2068/2079 3398/2102/2113
f 3346/2052/2063 3405/2099/2110 3390/2093/2104
f 3269/2011/2022 3419/2101/2112 3349/2054/2065
f 3388/2103/2114 3412/2104/2115 3373/2063/2074
f 3406/2100/2111 3375/2076/2087 3414/2105/2116
f 2907/1816/1825 3408/2090/2101 3662/2030/2041
f 3382/2070/2081 3371/2085/2096 3460/2106/2117
f 3352/2055/2066 3353/2058/2069 3424/2107/2118
f 3350/2066/2077 3387/2082/2093 3386/2081/2092
f 3354/2053/2064 3384/2075/2086 3416/2108/2119
f 3125/1925/1935 3308/2029/2040 3415/2109/2120
f 3375/2076/2087 3352/2055/2066 3417/2110/2121
f 3349/2054/2065 3418/2111/2122 3399/2088/2099
f 3351/2049/2060 3392/2086/2097 3421/2112/2123
f 3384/2075/2086 3407/2113/2124 3416/2108/2119
f 3353/2058/2069 3386/2081/2092 3424/2107/2118
f 3339/2043/2054 3351/2049/2060 3397/2089/2100
f 3387/2082/2093 3354/2053/2064 3425/2114/2125
f 3390/2093/2104 3405/2099/2110 3422/2115/2126
f 3354/2053/2064 3416/2108/2119 3425/2114/2125
f 3415/2109/2120 3308/2029/2040 3390/2093/2104
f 3413/2116/2127 3382/2070/2081 3427/2117/2128
f 3349/2054/2065 3419/2101/2112 3418/2111/2122
f 3125/1925/1935 3415/2109/2120 3408/2090/2101
f 3432/2118/2129 3398/2102/2113 3434/2119/2130
f 3391/2084/2095 3356/2050/2061 3428/2120/2131
f 3352/2055/2066 3424/2107/2118 3417/2110/2121
f 3398/2102/2113 3377/2068/2079 3435/2121/2132
f 3414/2105/2116 3375/2076/2087 3438/2122/2133
f 3398/2102/2113 3435/2121/2132 3434/2119/2130
f 3419/2101/2112 3379/2079/2090 3439/2123/2134
f 3336/2064/2075 3403/2094/2105 3437/2124/2135
f 3502/2125/2136 3429/2126/2137 3450/2127/2138
f 3439/2123/2134 3379/2079/2090 3397/2089/2100
f 3351/2049/2060 3421/2112/2123 3440/2128/2139
f 3389/2096/2107 3451/2129/2140 3430/2097/2108
f 3460/2106/2117 3371/2085/2096 3443/2130/2141
f 3336/2064/2075 3437/2124/2135 3447/2131/2142
f 3436/2132/2143 3414/2105/2116 3438/2122/2133
f 3424/2107/2118 3386/2081/2092 3467/2133/2144
f 3351/2049/2060 3440/2128/2139 3397/2089/2100
f 3425/2114/2125 3457/2134/2145 3387/2082/2093
f 3330/2042/2053 3336/2064/2075 3458/2135/2146
f 3459/2136/2147 3436/2132/2143 3438/2122/2133
f 3386/2081/2092 3387/2082/2093 3456/2137/2148
f 3449/2138/2149 3425/2114/2125 3416/2108/2119
f 3422/2115/2126 3441/2139/2150 3390/2093/2104
f 3436/2132/2143 3459/2136/2147 3463/2140/2151
f 3473/2141/2152 3399/2088/2099 3418/2111/2122
f 3372/1963/1973 3455/2142/2153 3371/2085/2096
f 3387/2082/2093 3457/2134/2145 3456/2137/2148
f 3428/2120/2131 3356/2050/2061 3465/2143/2154
f 3375/2076/2087 3417/2110/2121 3438/2122/2133
f 5100/2144/2155 5124/2145/2156 3410/2146/2157
f 3439/2123/2134 3397/2089/2100 3461/2147/2158
f 3423/2148/2159 3448/2149/2160 3482/2150/2161
f 3421/2112/2123 3464/2151/2162 3440/2128/2139
f 3466/2152/2163 3434/2119/2130 3435/2121/2132
f 3419/2101/2112 3439/2123/2134 3462/2153/2164
f 3433/2154/2165 3400/2095/2106 3330/2042/2053
f 3433/2154/2165 3330/2042/2053 3469/2155/2166
f 3469/2155/2166 3330/2042/2053 3480/2156/2167
f 3381/2080/2091 3399/2088/2099 3473/2141/2152
f 3419/2101/2112 3462/2153/2164 3418/2111/2122
f 3467/2133/2144 3386/2081/2092 3456/2137/2148
f 3457/2134/2145 3425/2114/2125 3477/2157/2168
f 3451/2129/2140 3468/2158/2169 3430/2097/2108
f 3336/2064/2075 3447/2131/2142 3485/2159/2170
f 3381/2080/2091 3481/2160/2171 3435/2121/2132
f 3461/2147/2158 3397/2089/2100 3440/2128/2139
f 3460/2106/2117 3443/2130/2141 3501/2161/2172
f 3430/2097/2108 3468/2158/2169 3476/2162/2173
f 3390/2093/2104 3474/2163/2174 3493/2164/2175
f 5116/2165/2176 3470/2166/2177 3497/2167/2178
f 3489/2168/2179 3435/2121/2132 3508/2169/2180
f 3481/2160/2171 3381/2080/2091 3473/2141/2152
f 3459/2136/2147 3438/2122/2133 3522/2170/2181
f 3487/2171/2182 3499/2172/2183 3500/2173/2184
f 3356/2050/2061 3430/2097/2108 3476/2162/2173
f 3415/2109/2120 3390/2093/2104 3488/2174/2185
f 3477/2157/2168 3425/2114/2125 3503/2175/2186
f 3480/2156/2167 3330/2042/2053 3505/2176/2187
f 3336/2064/2075 3487/2171/2182 3500/2173/2184
f 3508/2169/2180 3435/2121/2132 3510/2177/2188
f 3459/2136/2147 3522/2170/2181 3494/2178/2189
f 3371/2085/2096 3455/2142/2153 3443/2130/2141
f 3390/2093/2104 3493/2164/2175 3512/2179/2190
f 3440/2128/2139 3464/2151/2162 3527/2180/2191
f 3505/2176/2187 3330/2042/2053 3523/2181/2192
f 3390/2093/2104 3512/2179/2190 3488/2174/2185
f 3417/2110/2121 3517/2182/2193 3438/2122/2133
f 3477/2157/2168 3503/2175/2186 3513/2183/2194
f 3522/2170/2181 3438/2122/2133 3498/2184/2195
f 3417/2110/2121 3424/2107/2118 3517/2182/2193
f 3330/2042/2053 3458/2135/2146 3597/2185/2196
f 3418/2111/2122 3462/2153/2164 3533/2186/2197
f 3372/1963/1973 3662/2030/2041 3455/2142/2153
f 3457/2134/2145 3477/2157/2168 3529/2187/2198
f 3501/2161/2172 3443/2130/2141 3567/2188/2199
f 3472/2189/2200 3537/2190/2201 3502/2125/2136
f 3473/2141/2152 3418/2111/2122 3533/2186/2197
f 3476/2162/2173 3468/2158/2169 3535/2191/2202
f 3435/2121/2132 3532/2192/2203 3524/2193/2204
f 3424/2107/2118 3467/2133/2144 3526/2194/2205
f 3415/2109/2120 3539/2195/2206 3408/2090/2101
f 3488/2174/2185 3512/2179/2190 3540/2196/2207
f 3424/2107/2118 3526/2194/2205 3517/2182/2193
f 3488/2174/2185 3539/2195/2206 3415/2109/2120
f 3522/2170/2181 3498/2184/2195 3546/2197/2208
f 3461/2147/2158 3440/2128/2139 3550/2198/2209
f 3548/2199/2210 3523/2181/2192 3330/2042/2053
f 3524/2193/2204 3532/2192/2203 3531/2200/2211
f 3540/2196/2207 3512/2179/2190 3551/2201/2212
f 3502/2125/2136 3537/2190/2201 3552/2202/2213
f 3336/2064/2075 3500/2173/2184 3544/2203/2214
f 3557/2204/2215 3519/2205/2216 3567/2188/2199
f 3498/2184/2195 3438/2122/2133 3517/2182/2193
f 3542/2206/2217 3467/2133/2144 3456/2137/2148
f 3626/2207/2218 3534/2208/2219 3483/2209/2220
f 3435/2121/2132 3556/2210/2221 3559/2211/2222
f 3336/2064/2075 3544/2203/2214 3458/2135/2146
f 3560/2212/2223 3548/2199/2210 3330/2042/2053
f 3560/2212/2223 3330/2042/2053 3562/2213/2224
f 3555/2214/2225 3531/2200/2211 3532/2192/2203
f 3562/2213/2224 3330/2042/2053 3622/2215/2226
f 3440/2128/2139 3527/2180/2191 3572/2216/2227
f 3544/2203/2214 3558/2217/2228 3579/2218/2229
f 3532/2192/2203 3435/2121/2132 3582/2219/2230
f 3461/2147/2158 3565/2220/2231 3439/2123/2134
f 3542/2206/2217 3456/2137/2148 3569/2221/2232
f 3555/2214/2225 3532/2192/2203 3577/2222/2233
f 3456/2137/2148 3457/2134/2145 3569/2221/2232
f 3532/2192/2203 3582/2219/2230 3586/2223/2234
f 3566/2224/2235 3583/2225/2236 3502/2125/2136
f 5124/2145/2156 3596/2226/2237 3635/2227/2238
f 3467/2133/2144 3542/2206/2217 3526/2194/2205
f 3457/2134/2145 3576/2228/2239 3569/2221/2232
f 3571/2229/2240 3563/2230/2241 3613/2231/2242
f 3559/2211/2222 3556/2210/2221 3590/2232/2243
f 3533/2186/2197 3462/2153/2164 3584/2233/2244
f 3462/2153/2164 3439/2123/2134 3584/2233/2244
f 3559/2211/2222 3590/2232/2243 3595/2234/2245
f 3592/2235/2246 3546/2197/2208 3498/2184/2195
f 3622/2215/2226 3330/2042/2053 3597/2185/2196
f 3559/2211/2222 3595/2234/2245 3601/2236/2247
f 3662/2030/2041 3408/2090/2101 3591/2237/2248
f 3567/2188/2199 3443/2130/2141 3564/2238/2249
f 3574/2239/2250 3502/2125/2136 3583/2225/2236
f 3518/2240/2251 3465/2143/2154 3664/2241/2252
f 3458/2135/2146 3579/2218/2229 3602/2242/2253
f 3465/2143/2154 3604/2243/2254 3664/2241/2252
f 3465/2143/2154 3356/2050/2061 3604/2243/2254
f 3457/2134/2145 3529/2187/2198 3576/2228/2239
f 3567/2188/2199 3564/2238/2249 3609/2244/2255
f 3526/2194/2205 3575/2245/2256 3517/2182/2193
f 3440/2128/2139 3572/2216/2227 3550/2198/2209
f 3559/2211/2222 3617/2246/2257 3435/2121/2132
f 3529/2187/2198 3477/2157/2168 3620/2247/2258
f 3477/2157/2168 3621/2248/2259 3620/2247/2258
f 3477/2157/2168 3538/2249/2260 3621/2248/2259
f 3458/2135/2146 3611/2250/2261 3623/2251/2262
f 3605/2252/2263 3586/2223/2234 3624/2253/2264
f 3592/2235/2246 3498/2184/2195 3608/2254/2265
f 3608/2254/2265 3498/2184/2195 3627/2255/2266
f 3622/2215/2226 3597/2185/2196 3637/2256/2267
f 3624/2253/2264 3586/2223/2234 3646/2257/2268
f 3601/2236/2269 3481/2160/2171 3629/2258/2270
f 3439/2123/2134 3565/2220/2231 3630/2259/2271
f 3461/2147/2158 3550/2198/2209 3565/2220/2231
f 3488/2174/2185 3619/2260/2272 3634/2261/2273
f 3458/2135/2146 3623/2251/2262 3639/2262/2274
f 3624/2253/2264 3646/2257/2268 3632/2263/2275
f 3614/2264/2276 3638/2265/2277 3631/2266/2278
f 3539/2195/2206 3488/2174/2185 3633/2267/2279
f 3564/2238/2249 3443/2130/2141 3455/2142/2153
f 3633/2267/2279 3488/2174/2185 3634/2261/2273
f 3473/2141/2152 3533/2186/2197 3481/2160/2171
f 3529/2187/2198 3620/2247/2258 3641/2268/2280
f 3571/2229/2240 3628/2269/2281 3640/2270/2282
f 3526/2194/2205 3542/2206/2217 3636/2271/2283
f 3535/2191/2202 3642/2272/2284 3476/2162/2173
f 3634/2261/2273 3643/2273/2285 3633/2267/2279
f 3627/2255/2266 3498/2184/2195 3644/2274/2286
f 3526/2194/2205 3636/2271/2283 3575/2245/2256
f 3648/2275/2287 3637/2256/2267 3597/2185/2196
f 3481/2160/2171 3671/2276/2288 3654/2277/2289
f 3498/2184/2195 3517/2182/2193 3693/2278/2290
f 3644/2274/2286 3498/2184/2195 3661/2279/2291
f 3648/2275/2287 3597/2185/2196 3663/2280/2292
f 3458/2135/2146 3658/2281/2293 3675/2282/2294
f 3660/2283/2295 3657/2284/2296 3705/2285/2297
f 3660/2283/2295 3705/2285/2297 3669/2286/2298
f 3672/2287/2299 3576/2228/2239 3529/2187/2198
f 3356/2050/2061 3476/2162/2173 3655/2288/2300
f 3653/2289/2301 3586/2223/2234 3699/2290/2302
f 3533/2186/2197 3584/2233/2244 3744/2291/2303
f 3565/2220/2231 3550/2198/2209 3682/2292/2304
f 3663/2280/2292 3597/2185/2196 3704/2293/2305
f 3669/2286/2298 3705/2285/2297 3683/2294/2306
f 3657/2284/2296 3631/2266/2278 3705/2285/2297
f 3661/2279/2291 3498/2184/2195 3688/2295/2307
f 3550/2198/2209 3572/2216/2227 3682/2292/2304
f 3574/2239/2250 3679/2296/2308 3701/2297/2309
f 3680/2298/2310 3653/2289/2301 3699/2290/2302
f 3692/2299/2311 3481/2160/2171 3697/2300/2312
f 3678/2301/2313 3564/2238/2249 3702/2302/2314
f 3584/2233/2244 3630/2259/2271 3676/2303/2315
f 3684/2304/2316 3705/2285/2297 3631/2266/2278
f 3533/2186/2197 3744/2291/2303 3697/2300/2312
f 3529/2187/2198 3685/2305/2317 3712/2306/2318
f 3695/2307/2319 3699/2290/2302 3709/2308/2320
f 3481/2160/2171 3533/2186/2197 3697/2300/2312
f 3569/2221/2232 3576/2228/2239 3740/2309/2321
f 3672/2287/2299 3529/2187/2198 3712/2306/2318
f 3785/2310/2322 3458/2135/2146 3714/2311/2323
f 3476/2162/2173 3642/2272/2284 3655/2288/2300
f 3659/2312/2324 3696/2313/2325 3751/2314/2326
f 3633/2267/2279 3689/2315/2327 3716/2316/2328
f 3517/2182/2193 3575/2245/2256 3693/2278/2290
f 3699/2290/2302 3745/2317/2329 3720/2318/2330
f 3738/2319/2331 3633/2267/2279 3716/2316/2328
f 3688/2295/2307 3693/2278/2290 3721/2320/2332
f 3688/2295/2307 3498/2184/2195 3693/2278/2290
f 3636/2271/2283 3765/2321/2333 3575/2245/2256
f 3458/2135/2146 3675/2282/2294 3714/2311/2323
f 3722/2322/2334 3571/2229/2240 3710/2323/2335
f 3720/2318/2330 3745/2317/2329 3709/2324/2336
f 3572/2216/2227 3724/2325/2337 3682/2292/2304
f 3705/2285/2297 3723/2326/2338 3683/2294/2306
f 3704/2293/2305 3597/2185/2196 3741/2327/2339
f 3664/2241/2252 3604/2243/2254 3729/2328/2340
f 3696/2313/2325 3726/2329/2341 3751/2314/2326
f 3408/2090/2101 3687/2330/2342 3591/2237/2248
f 3633/2267/2279 3738/2319/2331 3872/2331/2343
f 3709/2324/2336 3745/2317/2329 3736/2332/2344
f 3455/2142/2153 3730/2333/2345 3564/2238/2249
f 3635/2227/2238 3596/2226/2237 3703/2334/2346
f 3597/2185/2196 3458/2135/2146 4154/2335/2347
f 3539/2195/2206 3633/2267/2279 3872/2331/2343
f 3542/2206/2217 3569/2221/2232 3739/2336/2348
f 3706/2337/2349 3777/2338/2350 3690/2339/2351
f 3726/2329/2341 3696/2313/2325 3753/2340/2352
f 3408/2090/2101 3539/2195/2206 3842/2341/2353
f 3733/2342/2354 3702/2302/2314 3755/2343/2355
f 3569/2221/2232 3740/2309/2321 3739/2336/2348
f 3712/2306/2318 3728/2344/2356 3757/2345/2357
f 3850/2346/2358 3571/2229/2240 3743/2347/2359
f 3568/2348/2360 3717/2349/2361 3756/2350/2362
f 3737/2351/2363 3721/2320/2332 3767/2352/2364
f 3755/2343/2355 3702/2302/2314 3731/2353/2365
f 3742/2354/2366 3707/2355/2367 3763/2356/2368
f 3564/2238/2249 3730/2333/2345 3731/2353/2365
f 3767/2352/2364 3721/2320/2332 3693/2278/2290
f 3747/2357/2369 3574/2239/2250 3754/2358/2370
f 3764/2359/2371 3699/2290/2302 3766/2360/2372
f 3455/2142/2153 3662/2030/2041 3772/2361/2373
f 3636/2271/2283 3542/2206/2217 3765/2321/2333
f 3743/2347/2359 3769/2362/2374 3850/2346/2358
f 3764/2359/2371 3766/2360/2372 3804/2363/2375
f 3455/2142/2153 3772/2361/2373 3730/2333/2345
f 3872/2331/2343 3738/2319/2331 3746/2364/2376
f 3731/2353/2365 3776/2365/2377 3755/2343/2355
f 3712/2306/2318 3757/2345/2357 3672/2287/2299
f 3763/2356/2368 3707/2355/2367 3778/2366/2378
f 3408/2090/2101 3842/2341/2353 3687/2330/2342
f 3714/2311/2323 3749/2367/2379 3768/2368/2380
f 3850/2346/2358 3769/2362/2374 3779/2369/2381
f 3584/2233/2244 3676/2303/2315 3744/2291/2303
f 3842/2341/2353 3539/2195/2206 3872/2331/2343
f 3672/2287/2299 3757/2345/2357 3773/2370/2382
f 3714/2311/2323 3768/2368/2380 3785/2310/2322
f 3741/2327/2339 3597/2185/2196 3886/2371/2383
f 3799/2372/2384 3764/2359/2371 3804/2363/2375
f 3775/2373/2385 3747/2357/2369 3754/2358/2370
f 3739/2336/2348 3765/2321/2333 3542/2206/2217
f 3784/2374/2386 3758/2375/2387 3741/2327/2339
f 3597/2185/2196 4154/2335/2347 3886/2371/2383
f 3872/2331/2343 3746/2364/2376 3805/2376/2388
f 3604/2243/2254 3356/2050/2061 3655/2288/2300
f 3822/2377/2389 3723/2326/2338 3783/2378/2390
f 3767/2352/2364 3693/2278/2290 3825/2379/2391
f 3804/2363/2375 3766/2360/2372 3841/2380/2392
f 3826/2381/2393 3740/2309/2321 3576/2228/2239
f 3682/2292/2304 3724/2325/2337 3849/2382/2394
f 3784/2374/2386 3741/2327/2339 3886/2371/2383
f 3830/2383/2395 3838/2384/2396 3853/2385/2397
f 3823/2386/2398 3767/2352/2364 3825/2379/2391
f 3761/2387/2399 3857/2388/2400 3748/2389/2401
f 3717/2349/2361 3859/2390/2402 3756/2350/2362
f 3565/2220/2231 3849/2382/2394 3811/2391/2403
f 3672/2287/2299 3773/2370/2382 3860/2392/2404
f 3676/2303/2315 3630/2259/2271 3866/2393/2405
f 3785/2310/2322 3768/2368/2380 3868/2394/2406
f 3596/2226/2237 3748/2389/2401 3874/2395/2407
f 3693/2278/2290 3575/2245/2256 3864/2396/2408
f 3830/2383/2395 3853/2385/2397 3882/2397/2409
f 3703/2334/2346 3865/2398/2410 3875/2399/2411
f 3703/2334/2346 3907/2400/2412 3717/2349/2361
f 3820/2401/2413 3910/2402/2414 3876/2403/2415
f 3576/2228/2239 3672/2287/2299 3826/2381/2393
f 3867/2404/2416 3707/2355/2367 3887/2405/2417
f 3801/2406/2418 3855/2407/2419 3910/2402/2414
f 3723/2326/2338 3822/2377/2389 3891/2408/2420
f 3824/2409/2421 3863/2410/2422 3793/2411/2423
f 3873/2412/2424 3858/2413/2425 3893/2414/2426
f 3882/2415/2427 3898/2416/2428 3897/2417/2429
f 3889/2418/2430 3853/2385/2397 3840/2419/2431
f 3889/2418/2430 3840/2419/2431 3898/2416/2432
f 3870/2420/2433 3877/2421/2434 3900/2422/2435
f 3871/2423/2436 3809/2424/2437 3901/2425/2438
f 3731/2353/2365 3730/2333/2345 3878/2426/2439
f 3872/2331/2343 3805/2376/2388 3902/2427/2440
f 3793/2411/2423 3903/2428/2441 3810/2429/2442
f 3874/2395/2407 3905/2430/2443 3596/2226/2237
f 3575/2245/2256 3765/2321/2333 3864/2396/2408
f 3898/2416/2432 3840/2419/2431 3909/2431/2444
f 3793/2411/2423 3863/2410/2422 3943/2432/2445
f 3596/2226/2237 3919/2433/2446 3894/2434/2447
f 3729/2328/2340 3604/2243/2254 3916/2435/2448
f 3870/2420/2433 3900/2422/2435 3974/2436/2449
f 3823/2386/2398 3825/2379/2391 3913/2437/2450
f 3793/2411/2423 3943/2432/2445 3903/2428/2441
f 3909/2431/2444 3840/2419/2431 3925/2438/2451
f 3724/2325/2337 3922/2439/2452 3849/2382/2394
f 3672/2287/2299 3860/2392/2404 3923/2440/2453
f 3872/2331/2343 3902/2427/2440 3928/2441/2454
f 3858/2413/2425 3903/2428/2441 3893/2414/2426
f 3893/2414/2426 3903/2428/2441 3914/2442/2455
f 3904/2443/2456 3914/2442/2455 3906/2444/2457
f 3859/2390/2402 3935/2445/2458 3986/2446/2459
f 3924/2447/2460 3886/2371/2383 4154/2335/2347
f 3458/2135/2146 3785/2310/2322 4124/2448/2461
f 4011/2449/2462 3850/2346/2358 3926/2450/2463
f 3756/2350/2362 3859/2390/2402 3991/2451/2464
f 3913/2437/2450 3825/2379/2391 3962/2452/2465
f 3717/2349/2361 3930/2453/2466 3934/2454/2467
f 3717/2349/2361 3951/2455/2468 3953/2456/2469
f 3756/2350/2362 3956/2457/2470 3908/2458/2471
f 3924/2447/2460 4154/2335/2347 3937/2459/2472
f 3687/2330/2342 3842/2341/2353 3911/2460/2473
f 3717/2349/2361 3965/2461/2474 3967/2462/2475
f 3986/2446/2459 3969/2463/2476 3859/2390/2402
f 3694/2464/2477 4045/2465/2478 3777/2338/2350
f 3901/2425/2438 3697/2300/2312 3978/2466/2479
f 3697/2300/2312 3744/2291/2303 3979/2467/2480
f 3946/2468/2481 3980/2469/2482 3981/2470/2483
f 3972/2471/2484 4012/2472/2485 3995/2473/2486
f 3901/2425/2438 3978/2466/2479 3977/2474/2487
f 3730/2333/2345 4014/2475/2488 3927/2476/2489
f 3693/2278/2290 3864/2396/2408 3825/2379/2391
f 3717/2349/2361 3934/2454/2467 4002/2477/2490
f 3672/2287/2299 3923/2440/2453 4009/2478/2491
f 4154/2335/2347 3458/2135/2146 4124/2448/2461
f 3981/2470/2483 3980/2469/2482 4016/2479/2492
f 4016/2479/2492 3980/2469/2482 3998/2480/2493
f 3982/2481/2494 3980/2469/2482 3963/2482/2495
f 3985/2483/2496 4147/2484/2497 4017/2485/2498
f 4066/2486/2499 3739/2336/2348 3740/2309/2321
f 3937/2459/2472 4154/2335/2347 4025/2487/2500
f 3920/2488/2501 3906/2444/2457 3921/2489/2502
f 3983/2490/2503 4004/2491/2504 4147/2484/2497
f 4006/2492/2505 4147/2484/2497 4007/2493/2506
f 4021/2494/2507 4022/2495/2508 3989/2496/2509
f 3739/2336/2348 4066/2486/2499 3765/2321/2333
f 4033/2497/2510 3962/2452/2465 3825/2379/2391
f 4029/2498/2511 3974/2436/2449 4051/2499/2512
f 4037/2500/2513 4012/2472/2485 3974/2436/2449
f 3687/2330/2342 3911/2460/2473 3591/2237/2248
f 4034/2501/2514 4054/2502/2515 4018/2503/2516
f 3777/2338/2350 4024/2504/2517 4036/2505/2518
f 3672/2287/2299 4009/2478/2491 4055/2506/2519
f 3944/2507/2520 3931/2508/2521 3980/2469/2482
f 4020/2509/2522 3765/2321/2333 4066/2486/2499
f 3777/2338/2350 4059/2510/2523 3895/2511/2524
f 3939/2512/2525 4027/2513/2526 3785/2310/2322
f 3772/2361/2373 3662/2030/2041 4061/2514/2527
f 3872/2331/2343 3928/2441/2454 4063/2515/2528
f 4013/2516/2529 3903/2428/2441 3943/2432/2445
f 4033/2497/2510 3825/2379/2391 4064/2517/2530
f 3825/2379/2391 3864/2396/2408 4111/2518/2531
f 4025/2487/2500 4154/2335/2347 4091/2519/2532
f 3911/2460/2473 3842/2341/2353 3872/2331/2343
f 3730/2333/2345 3997/2520/2533 4032/2521/2534
f 4042/2522/2535 3740/2309/2321 3826/2381/2393
f 4023/2523/2536 4054/2502/2515 4034/2501/2514
f 3672/2287/2299 4055/2506/2519 4141/2524/2537
f 4031/2525/2538 4225/2526/2539 4041/2527/2540
f 3697/2300/2312 3979/2467/2480 4086/2528/2541
f 3864/2396/2408 3765/2321/2333 4020/2509/2522
f 4035/2529/2542 4090/2530/2543 4058/2531/2544
f 3662/2030/2041 3591/2237/2248 4061/2514/2527
f 3979/2467/2480 3744/2291/2303 4095/2532/2545
f 4066/2486/2499 3740/2309/2321 4042/2522/2535
f 3730/2333/2345 3772/2361/2373 3997/2520/2533
f 3978/2466/2479 3697/2300/2312 4105/2533/2546
f 3872/2331/2343 4063/2515/2528 4107/2534/2547
f 3697/2300/2312 4086/2528/2541 4080/2535/2548
f 4019/2536/2549 3864/2396/2408 4020/2509/2522
f 4089/2537/2550 4046/2538/2551 4054/2502/2515
f 4093/2539/2552 4053/2540/2553 4139/2541/2554
f 4041/2527/2540 4225/2526/2539 4062/2542/2555
f 4127/2543/2556 3872/2331/2343 4107/2534/2547
f 3697/2300/2312 4109/2544/2557 4105/2533/2546
f 4132/2545/2558 4111/2518/2531 3864/2396/2408
f 3864/2396/2408 4019/2536/2549 4135/2546/2559
f 4097/2547/2560 4079/2548/2561 4117/2549/2562
f 3655/2288/2300 4082/2550/2563 4099/2551/2564
f 3604/2243/2254 3655/2288/2300 4119/2552/2565
f 4106/2553/2566 4093/2539/2552 4139/2541/2554
f 4132/2545/2558 3864/2396/2408 4134/2554/2567
f 3906/2444/2457 3903/2428/2441 4253/2555/2568
f 4054/2502/2515 4079/2548/2561 4076/2556/2569
f 3997/2520/2533 3772/2361/2373 4138/2557/2570
f 4053/2540/2553 4065/2558/2571 4139/2541/2554
f 4139/2541/2554 4085/2559/2572 4112/2560/2573
f 4139/2541/2554 4112/2560/2573 4133/2561/2574
f 4095/2532/2545 3744/2291/2303 4146/2562/2575
f 4007/2493/2506 4147/2484/2497 4054/2502/2515
f 3911/2460/2473 3872/2331/2343 4160/2563/2576
f 4032/2521/2534 3997/2520/2533 4126/2564/2577
f 4108/2565/2578 4129/2566/2579 4225/2526/2539
f 4165/2567/2580 4019/2536/2549 4020/2509/2522
f 3672/2287/2299 4141/2524/2537 3826/2381/2393
f 4091/2519/2532 4154/2335/2347 4166/2568/2581
f 4128/2569/2582 4106/2553/2566 4139/2541/2554
f 4134/2554/2567 3864/2396/2408 4152/2570/2583
f 4152/2570/2583 3864/2396/2408 4135/2546/2559
f 3591/2237/2248 3911/2460/2473 4061/2514/2527
f 4180/2571/2584 3744/2291/2303 4198/2572/2585
f 3785/2310/2322 4118/2573/2586 4177/2574/2587
f 4101/2575/2588 4142/2576/2589 4178/2577/2590
f 4133/2561/2574 4144/2578/2591 4139/2541/2554
f 4144/2578/2591 4173/2579/2592 4139/2541/2554
f 3744/2291/2303 4180/2571/2584 4146/2562/2575
f 4065/2558/2571 4085/2559/2572 4139/2541/2554
f 4140/2580/2593 4162/2581/2594 4226/2582/2595
f 4165/2567/2580 4020/2509/2522 4191/2583/2596
f 4166/2568/2581 4154/2335/2347 4199/2584/2597
f 3872/2331/2343 4127/2543/2556 4204/2585/2598
f 4212/2586/2599 4128/2569/2582 4139/2541/2554
f 4139/2541/2554 4173/2579/2592 4153/2587/2600
f 4095/2532/2545 4146/2562/2575 4174/2588/2601
f 3906/2444/2457 4253/2555/2568 4176/2589/2602
f 3676/2303/2315 3866/2393/2405 4182/2590/2603
f 4139/2541/2554 4153/2587/2600 4175/2591/2604
f 3980/2469/2482 4176/2589/2602 4003/2592/2605
f 4207/2593/2606 4020/2509/2522 4066/2486/2499
f 3866/2393/2405 3811/2391/2403 4194/2594/2607
f 3916/2435/2448 3604/2243/2254 4119/2552/2565
f 4161/2595/2608 4189/2596/2609 4211/2597/2610
f 4139/2541/2554 4175/2591/2604 4164/2598/2611
f 4141/2524/2537 4185/2599/2612 4184/2600/2613
f 4222/2601/2614 4020/2509/2522 4206/2602/2615
f 4215/2603/2616 3826/2381/2393 4141/2524/2537
f 4142/2576/2589 4188/2604/2617 4309/2605/2618
f 4143/2606/2619 4225/2526/2539 4210/2607/2620
f 4191/2583/2596 4020/2509/2522 4218/2608/2621
f 4020/2509/2522 4213/2609/2622 4218/2608/2621
f 4020/2509/2522 4221/2610/2623 4213/2609/2622
f 3785/2310/2322 4177/2574/2587 4227/2611/2624
f 3911/2460/2473 4224/2612/2625 4061/2514/2527
f 3872/2331/2343 4204/2585/2598 4232/2613/2626
f 4221/2610/2623 4020/2509/2522 4236/2614/2627
f 4236/2614/2627 4020/2509/2522 4222/2601/2614
f 4242/2615/2628 4020/2509/2522 4244/2616/2629
f 4020/2509/2522 4207/2593/2606 4244/2616/2629
f 4247/2617/2630 4207/2593/2606 4066/2486/2499
f 4183/2618/2631 3866/2393/2405 4246/2619/2632
f 4066/2486/2499 4042/2522/2535 4335/2620/2633
f 4117/2549/2562 4079/2548/2561 4150/2621/2634
f 4189/2596/2609 4230/2622/2635 4211/2597/2610
f 4160/2563/2576 3872/2331/2343 4262/2623/2636
f 3872/2331/2343 4232/2613/2626 4262/2623/2636
f 4225/2526/2539 4129/2566/2579 4226/2582/2595
f 4206/2602/2615 4020/2509/2522 4238/2624/2637
f 4240/2625/2638 4020/2509/2522 4242/2615/2628
f 4335/2620/2633 4042/2522/2535 4248/2626/2639
f 4231/2627/2640 4212/2586/2599 4139/2541/2554
f 4206/2602/2615 4238/2624/2637 4266/2628/2641
f 4020/2509/2522 4240/2625/2638 4238/2624/2637
f 3866/2393/2405 4269/2629/2642 4182/2590/2603
f 4270/2630/2643 4242/2615/2628 4244/2616/2629
f 4271/2631/2644 4207/2593/2606 4273/2632/2645
f 4273/2632/2645 4207/2593/2606 4247/2617/2630
f 4247/2617/2630 4066/2486/2499 4277/2633/2646
f 4277/2633/2646 4066/2486/2499 4279/2634/2647
f 4215/2603/2616 4141/2524/2537 4284/2635/2648
f 4148/2636/2649 4250/2637/2650 4082/2550/2563
f 4199/2584/2597 4154/2335/2347 4341/2638/2651
f 3903/2428/2441 4211/2597/2610 4253/2555/2568
f 4139/2541/2554 4164/2598/2611 4263/2639/2652
f 4263/2639/2652 4164/2598/2611 4190/2640/2653
f 4190/2640/2653 4205/2641/2654 4263/2639/2652
f 4216/2642/2655 4355/2643/2656 4197/2644/2657
f 4234/2645/2658 4291/2646/2659 4220/2647/2660
f 4293/2648/2661 4234/2649/2662 4294/2650/2663
f 4233/2651/2664 4235/2652/2665 4292/2653/2666
f 4255/2654/2667 4256/2655/2668 4267/2656/2669
f 4238/2624/2637 4240/2625/2638 4268/2657/2670
f 4242/2658/2671 4258/2659/2672 4268/2657/2673
f 4244/2616/2629 4271/2660/2674 4270/2630/2643
f 3866/2393/2405 4194/2594/2607 4370/2661/2675
f 4066/2486/2499 4281/2662/2676 4279/2634/2647
f 4281/2662/2676 4066/2486/2499 4300/2663/2677
f 4066/2486/2499 4335/2620/2633 4304/2664/2678
f 4223/2665/2679 4225/2526/2539 4310/2666/2680
f 4217/2667/2681 4220/2647/2660 4355/2643/2656
f 4292/2653/2666 4235/2652/2665 4237/2668/2682
f 4292/2653/2666 4237/2668/2682 4255/2654/2667
f 4292/2653/2666 4255/2654/2667 4267/2656/2669
f 4182/2590/2603 4269/2629/2642 4297/2669/2683
f 4194/2594/2607 3811/2391/2403 4320/2670/2684
f 4282/2671/2685 4066/2486/2499 4303/2672/2686
f 4066/2486/2499 4304/2664/2678 4303/2672/2686
f 4248/2626/2639 4042/2522/2535 4283/2673/2687
f 4283/2673/2687 4042/2522/2535 4261/2674/2688
f 4305/2675/2689 4042/2522/2535 3826/2381/2393
f 4323/2676/2690 3849/2382/2394 4324/2677/2691
f 4141/2524/2537 4325/2678/2692 4284/2635/2648
f 4141/2524/2537 4184/2600/2613 4325/2678/2692
f 4341/2638/2651 4154/2335/2347 4366/2679/2693
f 3911/2460/2473 4160/2563/2576 4224/2612/2625
f 4294/2650/2663 4265/2680/2694 4327/2681/2695
f 4265/2680/2694 4312/2682/2696 4327/2681/2695
f 4292/2653/2666 4267/2656/2669 4239/2683/2697
f 4239/2683/2697 4243/2684/2698 4292/2653/2666
f 4356/2685/2699 4259/2686/2700 4272/2687/2701
f 4356/2685/2699 4272/2687/2701 4274/2688/2702
f 4345/2689/2703 4066/2486/2499 4282/2671/2685
f 3811/2391/2403 4330/2690/2704 4301/2691/2705
f 4147/2484/2497 4357/2692/2706 4214/2693/2707
f 3849/2382/2394 4338/2694/2708 4339/2695/2709
f 3849/2382/2394 3922/2439/2452 4340/2696/2710
f 4311/2697/2711 4231/2627/2640 4353/2698/2712
f 4263/2639/2652 4205/2641/2654 4219/2699/2713
f 4293/2648/2661 4294/2650/2663 4291/2646/2659
f 4269/2629/2642 4315/2700/2714 4297/2669/2683
f 4259/2686/2700 4356/2685/2699 4243/2684/2698
f 4275/2701/2715 4276/2702/2716 4356/2685/2699
f 4300/2663/2677 4066/2486/2499 4345/2689/2703
f 4345/2689/2703 4282/2671/2685 4332/2703/2717
f 3811/2391/2403 4337/2704/2718 4349/2705/2719
f 3811/2391/2403 4249/2706/2720 4337/2704/2718
f 4289/2707/2721 3772/2361/2373 4351/2708/2722
f 4160/2563/2576 4262/2623/2636 4354/2709/2723
f 4179/2710/2724 4355/2643/2656 4226/2582/2595
f 4179/2710/2724 4197/2644/2657 4355/2643/2656
f 4291/2646/2659 4294/2650/2663 4327/2681/2695
f 4356/2685/2699 4292/2653/2666 4243/2684/2698
f 4296/2711/2725 4314/2712/2726 4327/2681/2695
f 4274/2688/2702 4275/2701/2715 4356/2685/2699
f 4356/2685/2699 4334/2713/2727 4347/2714/2728
f 4348/2715/2729 4248/2626/2639 4283/2673/2687
f 4214/2693/2707 4365/2716/2730 4054/2502/2515
f 4082/2550/2563 4250/2637/2650 4099/2551/2564
f 4366/2679/2693 4154/2335/2347 4326/2717/2731
f 4160/2563/2576 4342/2718/2732 4224/2612/2625
f 3772/2361/2373 4369/2719/2733 4351/2708/2722
f 4230/2622/2635 4352/2720/2734 4211/2597/2610
f 4219/2699/2713 4292/2653/2666 4263/2639/2652
f 4220/2647/2660 4327/2681/2695 4355/2643/2656
f 4292/2653/2666 4219/2699/2713 4233/2651/2664
f 3866/2393/2405 4370/2661/2675 4246/2619/2632
f 4276/2702/2716 4280/2721/2735 4356/2685/2699
f 4356/2685/2699 4280/2721/2735 4319/2722/2736
f 4280/2721/2735 4299/2723/2737 4319/2722/2736
f 4346/2724/2738 4331/2725/2739 4356/2685/2699
f 4333/2726/2740 4334/2713/2727 4356/2685/2699
f 4363/2727/2741 4283/2673/2687 4261/2674/2688
f 4363/2727/2741 4261/2674/2688 4364/2728/2742
f 3826/2381/2393 4215/2603/2616 4350/2729/2743
f 3849/2382/2394 4285/2730/2744 4324/2677/2691
f 4285/2730/2744 3849/2382/2394 4384/2731/2745
f 3849/2382/2394 4340/2696/2710 4384/2731/2745
f 4194/2594/2607 4329/2732/2746 4389/2733/2747
f 4356/2685/2699 4331/2725/2739 4333/2726/2740
f 3811/2391/2403 4374/2734/2748 4330/2690/2704
f 4356/2685/2699 4347/2714/2728 4478/2735/2749
f 4478/2735/2749 4347/2714/2728 4336/2736/2750
f 4478/2735/2749 4362/2737/2751 4378/2738/2752
f 4401/2739/2753 4305/2675/2689 3826/2381/2393
f 4338/2694/2708 3849/2382/2394 4383/2740/2754
f 4403/2741/2755 3826/2381/2393 4350/2729/2743
f 3849/2382/2394 4404/2742/2756 4383/2740/2754
f 3916/2435/2448 4119/2552/2565 4286/2743/2757
f 4353/2698/2712 4231/2627/2640 4477/2744/2758
f 4477/2744/2758 4231/2627/2640 4139/2541/2554
f 4314/2712/2726 4316/2745/2759 4327/2681/2695
f 4176/2589/2602 4357/2692/2706 4147/2484/2497
f 4329/2732/2746 4371/2746/2760 4389/2733/2747
f 4391/2747/2761 4361/2748/2762 4414/2749/2763
f 4393/2750/2764 4376/2751/2765 4417/2752/2766
f 4336/2736/2750 4362/2737/2751 4478/2735/2749
f 4380/2753/2767 4396/2754/2768 4418/2755/2769
f 4305/2675/2689 4261/2674/2688 4042/2522/2535
f 3826/2381/2393 4402/2756/2770 4401/2739/2753
f 3826/2381/2393 4403/2741/2755 4402/2756/2770
f 4412/2757/2771 4353/2698/2712 4477/2744/2758
f 4344/2758/2772 4359/2759/2773 4433/2760/2774
f 4346/2724/2738 4356/2685/2699 4319/2722/2736
f 4376/2761/2775 4377/2762/2776 4434/2763/2777
f 4377/2762/2776 4380/2753/2778 4436/2764/2779
f 4378/2738/2752 4381/2765/2780 4478/2735/2749
f 4054/2502/2515 4365/2716/2730 4306/2766/2781
f 4350/2729/2743 4215/2603/2616 4443/2767/2782
f 4328/2768/2783 4358/2769/2784 4433/2760/2774
f 4377/2762/2776 4436/2764/2779 4433/2760/2774
f 4382/2770/2785 4419/2771/2786 4394/2772/2787
f 4342/2718/2732 4160/2563/2576 4455/2773/2788
f 4352/2720/2734 4388/2774/2789 4211/2597/2610
f 4253/2555/2568 4447/2775/2790 4176/2589/2602
f 4327/2681/2695 4318/2776/2791 4433/2760/2774
f 4390/2777/2792 4372/2778/2793 4433/2760/2774
f 4372/2778/2793 4360/2779/2794 4433/2760/2774
f 4377/2762/2776 4433/2760/2774 4434/2763/2777
f 4478/2735/2749 4381/2765/2780 4394/2772/2787
f 4456/2780/2795 4394/2772/2787 4419/2771/2786
f 4426/2781/2796 4406/2782/2797 4461/2783/2798
f 4061/2514/2527 4464/2784/2799 3772/2361/2373
f 4388/2774/2789 4453/2785/2800 4211/2597/2610
f 4454/2786/2801 4412/2757/2771 4477/2744/2758
f 4318/2776/2791 4328/2768/2783 4433/2760/2774
f 4417/2752/2766 4434/2763/2777 4433/2760/2774
f 4441/2787/2802 4465/2788/2803 4425/2789/2804
f 4405/2790/2805 4426/2791/2806 4465/2788/2803
f 4079/2548/2561 4306/2766/2781 4150/2621/2634
f 4452/2792/2807 4463/2793/2808 4461/2783/2809
f 4360/2779/2794 4414/2749/2763 4433/2760/2774
f 4414/2749/2763 4393/2750/2764 4433/2760/2774
f 4456/2780/2795 4419/2771/2786 4438/2794/2810
f 4449/2795/2811 4458/2796/2812 4471/2797/2813
f 4284/2635/2648 4325/2678/2692 4462/2798/2814
f 4124/2448/2461 3785/2310/2322 4432/2799/2815
f 4224/2612/2625 4342/2718/2732 4488/2800/2816
f 4470/2801/2817 4454/2786/2801 4477/2744/2758
f 4396/2754/2768 4439/2802/2818 4465/2788/2803
f 4438/2794/2810 4423/2803/2819 4456/2780/2795
f 4440/2804/2820 4424/2805/2821 4456/2780/2795
f 4473/2806/2822 4471/2797/2813 4458/2796/2812
f 4251/2807/2823 4150/2621/2634 4306/2766/2781
f 4387/2808/2824 4486/2809/2825 4432/2799/2815
f 4154/2335/2347 4124/2448/2461 4326/2717/2731
f 3655/2288/2300 4099/2551/2564 4550/2810/2826
f 4369/2719/2733 3772/2361/2373 4475/2811/2827
f 4476/2812/2828 4470/2801/2817 4477/2744/2758
f 4494/2813/2829 4139/2541/2554 4263/2639/2652
f 4424/2805/2821 4457/2814/2830 4456/2780/2795
f 4426/2791/2806 4466/2815/2831 4465/2788/2803
f 4250/2637/2650 4483/2816/2832 4099/2551/2564
f 3772/2361/2373 4464/2784/2799 4475/2811/2827
f 4487/2817/2833 4224/2612/2625 4488/2800/2816
f 4456/2780/2795 4457/2814/2830 4449/2795/2811
f 4493/2818/2834 4476/2812/2828 4477/2744/2758
f 4478/2735/2749 4394/2772/2787 4456/2780/2795
f 4061/2514/2527 4224/2612/2625 4496/2819/2835
f 4211/2597/2610 4453/2785/2800 4497/2820/2836
f 4473/2806/2822 4489/2821/2837 4495/2822/2838
f 4423/2803/2819 4440/2804/2820 4456/2780/2795
f 4061/2514/2527 4509/2823/2839 4464/2784/2799
f 4511/2824/2840 4499/2825/2841 4507/2826/2842
f 4507/2826/2842 4493/2818/2834 4477/2744/2758
f 4466/2815/2831 4461/2783/2809 4465/2788/2803
f 4061/2514/2527 4496/2819/2835 4509/2823/2839
f 4475/2811/2827 4464/2784/2799 4515/2827/2843
f 4224/2612/2625 4487/2817/2833 4513/2828/2844
f 4176/2589/2602 4447/2775/2790 4357/2692/2706
f 4511/2824/2840 4507/2826/2842 4514/2829/2845
f 4478/2735/2749 4543/2830/2846 4356/2685/2699
f 4464/2784/2799 4509/2823/2839 4523/2831/2847
f 4514/2829/2845 4507/2826/2842 4477/2744/2758
f 4456/2780/2795 4449/2795/2811 4471/2797/2813
f 4500/2832/2848 4481/2833/2849 4544/2834/2850
f 4481/2833/2849 4366/2679/2693 4544/2834/2850
f 4286/2743/2757 4119/2552/2565 4526/2835/2851
f 4496/2819/2835 4224/2612/2625 4529/2836/2852
f 4224/2612/2625 4522/2837/2853 4530/2838/2854
f 4522/2837/2853 4224/2612/2625 4512/2839/2855
f 4512/2839/2855 4224/2612/2625 4513/2828/2844
f 4510/2840/2856 4524/2841/2857 4497/2820/2836
f 4523/2831/2847 4509/2823/2839 4533/2842/2858
f 4531/2843/2859 4514/2829/2845 4536/2844/2860
f 4514/2829/2845 4477/2744/2758 4536/2844/2860
f 4211/2597/2610 4537/2845/2861 4253/2555/2568
f 4473/2806/2822 4495/2822/2838 4538/2846/2862
f 4500/2832/2848 4544/2834/2850 4539/2847/2863
f 4292/2653/2666 4356/2685/2699 4543/2830/2846
f 4471/2797/2813 4473/2806/2822 4538/2846/2862
f 4529/2836/2852 4224/2612/2625 4530/2838/2854
f 4524/2841/2857 4534/2848/2864 4555/2849/2865
f 4211/2597/2610 4497/2820/2836 4555/2849/2865
f 4465/2788/2803 4461/2783/2809 4516/2850/2866
f 4542/2851/2867 4548/2852/2868 4555/2849/2865
f 4522/2837/2853 4549/2853/2869 4530/2838/2854
f 4534/2848/2864 4542/2851/2867 4555/2849/2865
f 4535/2854/2870 4531/2843/2859 4536/2844/2860
f 4524/2841/2857 4555/2849/2865 4497/2820/2836
f 4139/2541/2554 4494/2813/2829 4477/2744/2758
f 4253/2555/2568 4537/2845/2861 4447/2775/2790
f 3655/2288/2300 4550/2810/2826 4119/2552/2565
f 4306/2766/2781 4558/2855/2871 4484/2856/2872
f 4548/2852/2868 4554/2857/2873 4556/2858/2874
f 4535/2854/2870 4536/2844/2860 4547/2859/2875
f 4544/2834/2850 4366/2679/2693 4326/2717/2731
f 4447/2775/2790 4537/2845/2861 4561/2860/2876
f 4471/2797/2813 4538/2846/2862 4563/2861/2877
f 4539/2847/2863 4544/2834/2850 4562/2862/2878
f 4556/2858/2874 4553/2863/2879 4536/2844/2860
f 4553/2863/2879 4547/2859/2875 4536/2844/2860
f 4548/2852/2868 4556/2858/2874 4555/2849/2865
f 4556/2858/2874 4536/2844/2860 4555/2849/2865
f 4477/2744/2758 4494/2813/2829 4583/2864/2880
f 4357/2692/2706 4564/2865/2881 4214/2693/2707
f 4214/2693/2707 4564/2865/2881 4566/2866/2882
f 4214/2693/2707 4566/2866/2882 4365/2716/2730
f 4365/2716/2730 4571/2867/2883 4306/2766/2781
f 4456/2780/2795 4568/2868/2884 4478/2735/2749
f 4555/2849/2865 4537/2845/2861 4211/2597/2610
f 4263/2639/2652 4292/2653/2666 4565/2869/2885
f 4565/2869/2885 4292/2653/2666 4543/2830/2846
f 4575/2870/2886 4562/2862/2878 4544/2834/2850
f 4557/2871/2887 4579/2872/2888 4099/2551/2564
f 4558/2855/2871 4306/2766/2781 4569/2873/2889
f 4575/2870/2886 4544/2834/2850 4578/2874/2890
f 4584/2875/2891 4494/2813/2829 4263/2639/2652
f 4306/2766/2781 4571/2867/2883 4569/2873/2889
f 4557/2871/2887 4577/2876/2892 4579/2872/2888
f 4263/2639/2652 4565/2869/2885 4584/2875/2891
f 4447/2775/2790 4561/2860/2876 4564/2865/2881
f 4580/2877/2893 4471/2797/2813 4587/2878/2894
f 4583/2864/2880 4494/2813/2829 4584/2875/2891
f 4543/2830/2846 4478/2735/2749 4606/2879/2895
f 4565/2869/2885 4543/2830/2846 4597/2880/2896
f 4579/2872/2888 4595/2881/2897 4099/2551/2564
f 4555/2849/2865 4605/2882/2898 4537/2845/2861
f 4598/2883/2899 4606/2879/2895 4478/2735/2749
f 4568/2868/2884 4456/2780/2795 4471/2797/2813
f 4471/2797/2813 4580/2877/2893 4568/2868/2884
f 4580/2877/2893 4587/2878/2894 4602/2884/2900
f 4536/2844/2860 4477/2744/2758 4604/2885/2901
f 4598/2883/2899 4478/2735/2749 4568/2868/2884
f 4610/2886/2902 4578/2874/2890 4544/2834/2850
f 4536/2844/2860 4604/2885/2901 4555/2849/2865
f 4560/2887/2903 4355/2643/2656 4621/2888/2904
f 4477/2744/2758 4583/2864/2880 4604/2885/2901
f 4585/2889/2905 4433/2760/2774 4590/2890/2906
f 4543/2830/2846 4606/2879/2895 4597/2880/2896
f 4465/2788/2803 4516/2850/2866 4609/2891/2907
f 4584/2875/2891 4565/2869/2885 4597/2880/2896
f 4564/2865/2881 4561/2860/2876 4608/2892/2908
f 4595/2881/2897 4641/2893/2909 4099/2551/2564
f 4119/2552/2565 4550/2810/2826 4613/2894/2910
f 4555/2849/2865 4604/2885/2901 4605/2882/2898
f 4605/2882/2898 4624/2895/2911 4537/2845/2861
f 4537/2845/2861 4624/2895/2911 4561/2860/2876
f 4608/2892/2908 4617/2896/2912 4564/2865/2881
f 4618/2897/2913 4580/2877/2893 4612/2898/2914
f 4610/2886/2902 4544/2834/2850 4616/2899/2915
f 4326/2717/2731 4124/2448/2461 4646/2900/2916
f 4561/2860/2876 4624/2895/2911 4608/2892/2908
f 4119/2552/2565 4613/2894/2910 4586/2901/2917
f 4617/2896/2912 4614/2902/2918 4566/2866/2882
f 4571/2867/2883 4566/2866/2882 4614/2902/2918
f 4622/2903/2919 4580/2877/2893 4618/2897/2913
f 4622/2903/2919 4568/2868/2884 4580/2877/2893
f 4618/2897/2913 4612/2898/2914 4623/2904/2920
f 4583/2864/2880 4584/2875/2891 4625/2905/2921
f 4571/2867/2883 4614/2902/2918 4626/2906/2922
f 4616/2899/2915 4544/2834/2850 4627/2907/2923
f 4604/2885/2901 4583/2864/2880 4625/2905/2921
f 4630/2908/2924 4627/2907/2923 4544/2834/2850
f 4124/2448/2461 4611/2909/2925 4646/2900/2916
f 4625/2905/2921 4584/2875/2891 4597/2880/2896
f 4605/2882/2898 4604/2885/2901 4631/2910/2926
f 4624/2895/2911 4605/2882/2898 4631/2910/2926
f 4631/2910/2926 4604/2885/2901 4625/2905/2921
f 4630/2908/2924 4544/2834/2850 4636/2911/2927
f 4629/2912/2928 4544/2834/2850 4326/2717/2731
f 4617/2896/2912 4608/2892/2908 4633/2913/2929
f 4636/2911/2927 4544/2834/2850 4629/2912/2928
f 4625/2905/2921 4597/2880/2896 4634/2914/2930
f 4597/2880/2896 4606/2879/2895 4634/2914/2930
f 4571/2867/2883 4650/2915/2931 4615/2916/2932
f 4633/2913/2929 4608/2892/2908 4624/2895/2911
f 4598/2883/2899 4634/2914/2930 4606/2879/2895
f 4598/2883/2899 4568/2868/2884 4622/2903/2919
f 4571/2867/2883 4626/2906/2922 4650/2915/2931
f 4618/2897/2913 4637/2917/2933 4635/2918/2934
f 4615/2916/2932 4650/2915/2931 4639/2919/2935
f 4326/2717/2731 4646/2900/2916 4629/2912/2928
f 4624/2895/2911 4631/2910/2926 4643/2920/2936
f 4624/2895/2911 4643/2920/2936 4633/2913/2929
f 4617/2896/2912 4633/2913/2929 4644/2921/2937
f 4622/2903/2919 4618/2897/2913 4635/2918/2934
f 4615/2916/2932 4639/2919/2935 4642/2922/2938
f 4634/2914/2930 4598/2883/2899 4649/2923/2939
f 4617/2896/2912 4644/2921/2937 4614/2902/2918
f 4640/2924/2940 4636/2911/2927 4645/2925/2941
f 4636/2911/2927 4629/2912/2928 4645/2925/2941
f 4641/2893/2909 4648/2926/2942 4099/2551/2564
f 4631/2910/2926 4625/2905/2921 4643/2920/2936
f 4643/2920/2936 4625/2905/2921 4634/2914/2930
f 4643/2920/2936 4634/2914/2930 4649/2923/2939
f 4598/2883/2899 4622/2903/2919 4664/2927/2943
f 4099/2551/2564 4668/2928/2944 4550/2810/2826
f 4633/2913/2929 4643/2920/2936 4654/2929/2945
f 4614/2902/2918 4671/2930/2946 4626/2906/2922
f 4613/2894/2910 4550/2810/2826 4647/2931/2947
f 4648/2926/2942 4668/2928/2944 4099/2551/2564
f 4643/2920/2936 4649/2923/2939 4654/2929/2945
f 4590/2890/2906 4609/2891/2907 4677/2932/2948
f 4633/2913/2929 4654/2929/2945 4644/2921/2937
f 4614/2902/2918 4644/2921/2937 4671/2930/2946
f 4649/2923/2939 4598/2883/2899 4664/2927/2943
f 4626/2906/2922 4678/2933/2949 4650/2915/2931
f 4650/2915/2931 4669/2934/2950 4642/2935/2951
f 4621/2888/2904 4585/2889/2905 4663/2936/2952
f 4664/2927/2943 4622/2903/2919 4659/2937/2953
f 4646/2900/2916 4653/2938/2954 4661/2939/2955
f 4662/2940/2956 4645/2925/2941 4629/2912/2928
f 4647/2931/2947 4550/2810/2826 4667/2941/2957
f 4664/2927/2943 4654/2929/2945 4649/2923/2939
f 4626/2906/2922 4671/2930/2946 4678/2933/2949
f 4646/2900/2916 4661/2939/2955 4672/2942/2958
f 4644/2921/2937 4654/2929/2945 4671/2930/2946
f 4654/2929/2945 4664/2927/2943 4671/2930/2946
f 4659/2937/2953 4665/2943/2959 4664/2927/2943
f 4664/2927/2943 4665/2943/2959 4684/2944/2960
f 4646/2900/2916 4672/2942/2958 4674/2945/2961
f 4641/2893/2909 4680/2946/2962 4648/2926/2942
f 4675/2947/2963 4670/2948/2964 5447/2949/2965
f 4650/2915/2931 4678/2933/2949 4669/2934/2950
f 4676/2950/2966 4662/2940/2956 4629/2912/2928
f 4646/2900/2916 4674/2945/2961 4679/2951/2967
f 4671/2930/2946 4664/2927/2943 4687/2952/2968
f 4660/2953/2969 4682/2954/2970 4673/2955/2971
f 4693/2956/2972 4679/2951/2967 4685/2957/2973
f 4678/2933/2949 4671/2930/2946 4687/2952/2968
f 4686/2958/2974 5447/2949/2965 4690/2959/2975
f 4664/2927/2943 4684/2944/2960 4689/2960/2976
f 4678/2933/2949 4683/2961/2977 4669/2934/2950
f 4687/2952/2968 4664/2927/2943 4689/2960/2976
f 4676/2950/2966 4629/2912/2928 4692/2962/2978
f 4687/2952/2968 4689/2960/2976 4695/2963/2979
f 4629/2912/2928 4646/2900/2916 4702/2964/2980
f 4688/2965/2981 4646/2900/2916 4697/2966/2982
f 4629/2912/2928 4702/2964/2980 4692/2962/2978
f 4550/2810/2826 4668/2928/2944 4667/2941/2957
f 4678/2933/2949 4687/2952/2968 4683/2961/2977
f 4697/2966/2982 4646/2900/2916 4694/2967/2983
f 4698/2968/2984 4702/2964/2980 4680/2946/2962
f 4702/2964/2980 4646/2900/2916 4688/2965/2981
f 4680/2946/2962 4702/2964/2980 4648/2926/2942
f 4677/2932/2948 4673/2955/2971 4711/2969/2985
f 4700/2970/2986 5447/2949/2965 5453/2971/2987
f 4698/2968/2984 4699/2972/2988 4702/2964/2980
f 4699/2972/2988 4692/2962/2978 4702/2964/2980
f 4705/2973/2989 4703/2974/2990 5453/2971/2987
f 4710/2975/2991 4688/2965/2981 4697/2966/2982
f 4667/2941/2957 4668/2928/2944 4691/2976/2992
f 4702/2964/2980 4688/2965/2981 4668/2928/2944
f 4710/2975/2991 4697/2966/2982 4714/2977/2993
f 4648/2926/2942 4702/2964/2980 4668/2928/2944
f 4720/2978/2994 4719/2979/2995 4712/2980/2996
f 4688/2965/2981 4710/2975/2991 4728/2981/2997
f 4691/2976/2992 4668/2928/2944 4724/2982/2998
f 4728/2981/2997 4710/2975/2991 4721/2983/2999
f 4728/2981/2997 4721/2983/2999 4725/2984/3000
f 4668/2928/2944 4688/2965/2981 4728/2981/2997
f 4668/2928/2944 4727/2985/3001 4724/2982/2998
f 4668/2928/2944 4728/2981/2997 4731/2986/3002
f 4668/2928/2944 4734/2987/3003 4727/2985/3001
f 4740/2988/3004 5462/2989/3005 4732/2990/3006
f 4734/2987/3003 4668/2928/2944 4737/2991/3007
f 4668/2928/2944 4731/2986/3002 4737/2991/3007
f 34/2992/3008 40/34/34 20/2993/3009
f 40/34/34 24/33/33 20/2993/3009
f 24/33/33 42/35/35 35/2994/3010
f 48/2995/3011 34/2992/3008 47/2996/3012
f 40/34/34 45/2997/3013 35/2998/3014
f 44/37/37 49/2999/3015 5/4/4
f 40/34/34 50/3000/3016 45/2997/3013
f 49/2999/3015 67/46/46 5/4/4
f 40/34/34 56/3001/3017 50/3000/3016
f 60/59/59 55/44/44 30/15/15
f 94/3002/3018 34/2992/3008 48/2995/3011
f 4746/3003/3019 40/34/34 34/2992/3008
f 40/34/34 66/3004/3020 56/3001/3017
f 67/46/46 73/66/66 29/28/28
f 79/3005/3021 48/2995/3011 69/3006/3022
f 94/3002/3018 4746/3003/3019 34/2992/3008
f 4746/3003/3019 66/3004/3020 40/34/34
f 66/3004/3020 76/3007/3023 56/3001/3017
f 92/76/76 83/58/58 30/15/15
f 48/2995/3011 79/3005/3021 85/3008/3024
f 66/3004/3020 84/3009/3025 76/3007/3023
f 66/3004/3020 91/3010/3026 84/3009/3025
f 4747/3011/3027 4749/3012/3028 94/3002/3018
f 4749/3012/3028 4752/3013/3029 4746/3003/3019
f 4749/3012/3028 4746/3003/3019 94/3002/3018
f 112/3014/3030 4747/3011/3027 94/3002/3018
f 4752/3013/3029 4755/3015/3031 4746/3003/3019
f 4759/3016/3032 4753/3017/3033 4750/3018/3034
f 4758/3019/3035 4753/3017/3033 4759/3016/3032
f 107/3020/3036 125/3021/3037 99/3022/3038
f 4755/3015/3031 4761/3023/3039 4746/3003/3019
f 100/3024/3040 48/2995/3011 85/3008/3024
f 123/3025/3041 112/3014/3030 94/3002/3018
f 98/3026/3042 124/3027/3043 110/3028/3044
f 4750/3018/3034 4748/3029/3045 113/3030/3046
f 98/3026/3042 99/3022/3038 124/3027/3043
f 4761/3023/3039 4763/3031/3047 4746/3003/3019
f 66/3004/3020 108/3032/3048 91/3010/3026
f 156/104/104 48/2995/3011 100/3024/3040
f 136/3033/3049 140/3034/3050 94/3002/3018
f 120/90/90 101/80/80 131/3035/3051
f 140/3034/3050 123/3025/3041 94/3002/3018
f 110/3028/3044 150/3036/3052 121/3037/3053
f 110/3028/3044 124/3027/3043 150/3036/3052
f 4759/3016/3032 113/3030/3046 141/3038/3054
f 4759/3016/3032 4750/3018/3034 113/3030/3046
f 125/3021/3037 124/3027/3043 99/3022/3038
f 4762/3039/3055 4758/3019/3035 4759/3016/3032
f 127/3040/3056 96/75/75 30/15/15
f 129/89/3057 131/3041/3058 139/3042/3059
f 121/3037/3053 150/3036/3052 132/3043/3060
f 4763/3031/3047 4766/3044/3061 4746/3003/3019
f 4766/3044/3061 4768/3045/3062 4746/3003/3019
f 4767/3046/3063 66/3004/3020 4746/3003/3019
f 156/104/104 100/3024/3040 155/102/102
f 4759/3016/3032 141/3038/3054 149/113/113
f 4764/3047/3064 4762/3039/3055 4759/3016/3032
f 66/3004/3020 135/3048/3065 108/3032/3048
f 154/120/120 127/3040/3056 30/15/15
f 132/3043/3060 150/3036/3052 148/3049/3066
f 133/3050/3067 125/3021/3037 107/3020/3036
f 4771/3051/3068 4765/3052/3069 4764/3047/3064
f 4771/3051/3068 4770/3053/3070 4765/3052/3069
f 158/3054/3071 125/3021/3037 133/3050/3067
f 4768/3045/3062 4772/3055/3072 4746/3003/3019
f 4759/3016/3032 149/113/113 180/115/115
f 125/3021/3037 4776/3056/3073 124/3027/3043
f 4786/3057/3074 4764/3047/3064 4759/3016/3032
f 161/3058/3075 125/3021/3037 158/3054/3071
f 4775/3059/3076 4746/3003/3019 4772/3055/3072
f 4767/3046/3063 4773/3060/3077 66/3004/3020
f 154/120/120 30/15/15 61/55/55
f 4776/3056/3073 4759/3016/3032 180/115/115
f 4777/3061/3078 4746/3003/3019 4775/3059/3076
f 148/3049/3066 150/3036/3052 167/3062/3079
f 4776/3056/3073 180/115/115 124/3027/3043
f 94/3002/3018 48/2995/3011 156/104/104
f 167/3062/3079 150/3036/3052 179/3063/3080
f 4804/3064/3081 4771/3051/3068 4764/3047/3064
f 4777/3061/3078 4767/3046/3063 4746/3003/3019
f 4767/3046/3063 4777/3061/3078 4779/3065/3082
f 66/3004/3020 185/109/109 151/108/108
f 4805/3066/3083 136/3033/3049 94/3002/3018
f 150/3036/3052 124/3027/3043 4782/135/135
f 124/3027/3043 180/115/115 4782/135/135
f 4783/3067/3084 4778/3068/3085 4771/3051/3068
f 4783/3067/3084 4780/3069/3086 4778/3068/3085
f 4805/3066/3083 4781/3070/3087 136/3033/3049
f 179/3063/3080 150/3036/3052 182/3071/3088
f 4776/3056/3073 4786/3057/3074 4759/3016/3032
f 193/3072/3089 4776/3056/3073 125/3021/3037
f 161/3058/3075 194/3073/3090 125/3021/3037
f 171/146/146 172/106/106 62/49/49
f 156/104/104 178/103/103 187/3074/3091
f 4786/3057/3074 4804/3064/3081 4764/3047/3064
f 194/3073/3090 193/3072/3089 125/3021/3037
f 4787/3075/3092 4767/3046/3063 4779/3065/3082
f 180/115/115 4785/3076/3093 4788/136/136
f 4782/135/135 180/115/115 4788/136/136
f 197/148/148 68/69/69 175/126/126
f 196/3077/3094 177/121/121 61/55/55
f 182/3071/3088 150/3036/3052 189/3078/3095
f 4786/3057/3074 4776/3056/3073 193/3072/3089
f 4782/135/135 286/3079/3096 150/3036/3052
f 194/3073/3090 248/3080/3097 193/3072/3089
f 200/3081/3098 171/146/146 62/49/49
f 201/133/133 200/3081/3098 62/49/49
f 150/3036/3052 205/3082/3099 189/3078/3095
f 4789/3083/3100 4781/3070/3087 4805/3066/3083
f 117/85/85 213/138/138 195/127/127
f 4789/3083/3100 4805/3066/3083 4792/3084/3101
f 4804/3064/3081 4783/3067/3084 4771/3051/3068
f 214/3085/3102 248/3080/3097 194/3073/3090
f 4793/3086/3103 4767/3046/3063 4787/3075/3092
f 207/3087/3104 200/3081/3098 201/133/133
f 61/55/55 238/154/154 196/3077/3094
f 156/104/104 187/3074/3091 202/3088/3105
f 205/3082/3099 150/3036/3052 286/3079/3096
f 206/3089/3106 185/109/109 66/3004/3020
f 246/190/190 156/104/104 240/3090/3107
f 4782/135/135 212/137/137 4795/159/159
f 4800/3091/3108 4796/3092/3109 4783/3067/3084
f 205/3082/3099 286/3079/3096 263/193/193
f 4798/3093/3110 4799/3094/3111 4793/3095/3112
f 4799/3094/3111 4773/3060/3077 4793/3095/3112
f 271/168/168 61/55/55 172/106/106
f 279/3096/3113 4792/3084/3101 4805/3066/3083
f 169/123/123 280/195/195 247/155/155
f 206/3089/3106 265/3097/3114 250/3098/3115
f 249/149/149 266/164/164 68/69/69
f 264/3099/3116 193/3072/3089 248/3080/3097
f 68/69/69 267/165/165 281/170/170
f 208/172/172 233/286/287 221/3100/3117
f 283/3101/3118 61/55/55 235/169/169
f 279/3096/3113 4805/3066/3083 294/3102/3119
f 193/3072/3089 351/244/244 4786/3057/3074
f 236/175/175 371/171/171 209/173/173
f 283/3101/3118 223/153/153 61/55/55
f 4782/135/135 258/160/160 4801/232/232
f 286/3079/3096 4782/135/135 300/254/254
f 264/3099/3116 351/244/244 193/3072/3089
f 4802/3103/3120 4799/3094/3111 4798/3093/3110
f 4801/232/232 258/160/160 295/3104/3121
f 300/254/254 4782/135/135 4801/232/232
f 351/244/244 4804/3064/3081 4786/3057/3074
f 4804/3064/3081 4800/3091/3108 4783/3067/3084
f 66/3004/3020 369/210/210 206/3089/3106
f 293/189/189 156/104/104 246/190/190
f 263/193/193 321/204/204 290/191/191
f 263/193/193 286/3079/3096 321/204/204
f 233/286/287 304/183/183 232/178/178
f 4804/3064/3081 4803/3105/3122 4800/3091/3108
f 4773/3060/3077 4799/3094/3111 66/3004/3020
f 206/3089/3106 369/210/210 265/3097/3114
f 369/210/210 296/209/209 265/3097/3114
f 306/199/199 223/153/153 283/3101/3118
f 306/199/199 292/201/201 223/153/153
f 323/3106/3123 351/244/244 264/3099/3116
f 332/3107/3124 156/104/104 293/189/189
f 4805/3066/3083 94/3002/3018 156/104/104
f 302/3108/3125 323/3106/3123 264/3099/3116
f 4806/3109/3126 4799/3094/3111 4802/3103/3120
f 322/213/213 268/212/212 288/3110/3127
f 304/183/183 305/3111/3128 289/198/198
f 311/3112/3129 327/230/230 288/3110/3127
f 327/230/230 322/213/213 288/3110/3127
f 316/181/181 330/249/249 277/163/163
f 4808/3113/3130 4809/3114/3131 4804/3064/3081
f 371/171/171 233/286/287 208/172/172
f 359/3115/3132 156/104/104 332/3107/3124
f 321/204/204 286/3079/3096 334/3116/3133
f 4809/3114/3131 4803/3105/3122 4804/3064/3081
f 4803/3105/3122 4811/3117/3134 4807/3118/3135
f 336/3119/3136 294/3102/3119 4805/3066/3083
f 381/3120/3137 4804/3064/3081 351/244/244
f 4814/3121/3138 4799/3094/3111 4806/3109/3126
f 342/228/228 326/3122/3139 318/197/197
f 325/205/205 340/220/220 118/86/86
f 334/3116/3133 438/242/242 350/241/241
f 344/3123/3140 336/3119/3136 4805/3066/3083
f 337/233/233 343/3124/3141 4812/3125/3142
f 4809/3114/3131 4810/3126/3143 4803/3105/3122
f 304/183/183 313/222/222 305/3111/3128
f 349/3127/3144 359/3115/3132 332/3107/3124
f 4804/3064/3081 4816/3128/3145 4808/3113/3130
f 4816/3128/3145 4804/3064/3081 381/3120/3137
f 4814/3121/3138 4820/3129/3146 4799/3094/3111
f 353/227/227 318/197/197 169/123/123
f 375/234/234 337/233/233 4812/3125/3142
f 4821/3130/3147 4810/3126/3143 4809/3114/3131
f 4810/3126/3143 4818/3131/3148 4803/3105/3122
f 4822/3132/3149 4811/3117/3134 4803/3105/3122
f 4822/3132/3149 4803/3105/3122 4818/3131/3148
f 362/3133/3150 344/3123/3140 4805/3066/3083
f 334/3116/3133 286/3079/3096 366/280/281
f 351/244/244 363/246/246 381/3120/3137
f 4826/3134/3151 4820/3129/3146 4814/3121/3138
f 391/238/238 348/223/223 313/222/222
f 379/255/255 4801/232/232 375/234/234
f 300/254/254 4801/232/232 379/255/255
f 366/280/281 286/3079/3096 300/254/254
f 4819/3135/3152 4825/3136/3153 4813/3137/3154
f 4820/3129/3146 4827/3138/3155 4799/3094/3111
f 362/3133/3150 4805/3066/3083 418/3139/3156
f 368/3140/3157 367/245/245 351/244/244
f 361/243/243 438/242/242 426/253/253
f 364/3141/3158 368/3140/3157 351/244/244
f 4816/3128/3145 399/3142/3159 4808/3113/3130
f 369/210/210 400/3143/3160 352/229/229
f 334/3116/3133 366/280/281 438/242/242
f 4823/3144/3161 4829/3145/3162 4819/3135/3152
f 4825/3136/3153 4819/3135/3152 4829/3145/3162
f 412/3146/3163 397/3147/3164 433/278/279
f 413/3148/3165 412/3146/3166 434/277/278
f 4837/3149/3167 4816/3128/3145 381/3120/3137
f 4799/3094/3111 4839/3150/3168 66/3004/3020
f 528/3151/3169 156/104/104 359/3115/3132
f 397/3147/3164 374/3152/3170 433/278/279
f 472/3153/3171 4828/3154/3172 398/3155/3173
f 4820/3129/3146 4840/3156/3174 4827/3138/3155
f 439/276/277 413/3148/3165 434/277/278
f 4835/3157/3175 472/3153/3171 398/3155/3173
f 4827/3138/3155 4839/3150/3168 4799/3094/3111
f 433/278/279 374/3152/3170 410/3158/3176
f 433/278/279 410/3158/3176 480/302/303
f 4825/3136/3153 4845/3159/3177 4832/3160/3178
f 371/171/171 445/270/271 429/3161/3179
f 494/3162/3180 418/3139/3156 4805/3066/3083
f 480/302/303 410/3158/3176 4841/3163/3181
f 426/253/253 438/242/242 431/268/269
f 380/256/256 443/3164/3182 471/3165/3183
f 471/3165/3183 300/254/254 380/256/256
f 390/259/259 472/3153/3171 414/3166/3184
f 446/3167/3185 391/238/238 304/183/183
f 4833/3168/3186 472/3153/3171 4835/3157/3175
f 472/3153/3171 4833/3168/3186 414/3166/3184
f 490/261/261 472/3153/3171 390/259/259
f 369/210/210 444/3169/3187 400/3143/3160
f 300/254/254 471/3165/3183 454/279/280
f 528/3151/3169 4805/3066/3083 156/104/104
f 4825/3136/3153 4847/3170/3188 4845/3159/3177
f 4848/3171/3189 4839/3150/3168 4827/3138/3155
f 472/3153/3171 4829/3145/3162 4828/3154/3172
f 501/3172/3190 472/3153/3171 490/261/261
f 66/3004/3020 4839/3150/3168 369/210/210
f 440/285/286 304/183/183 233/286/287
f 508/3173/3191 446/3167/3185 304/183/183
f 453/293/294 439/276/277 518/294/295
f 4858/3174/3192 4825/3136/3153 4829/3145/3162
f 492/306/307 329/214/214 419/271/272
f 452/3175/3193 481/3176/3194 462/3177/3195
f 4855/313/314 494/3162/3180 4805/3066/3083
f 509/3178/3196 494/3162/3180 4855/313/314
f 513/3179/3197 472/3153/3171 501/3172/3190
f 515/304/305 506/290/291 287/206/206
f 571/429/430 444/3169/3187 369/210/210
f 4858/3174/3192 4847/3170/3188 4825/3136/3153
f 571/429/430 507/3180/3198 444/3169/3187
f 528/3151/3169 359/3115/3132 421/289/290
f 467/3181/3199 470/292/293 518/294/295
f 4850/312/313 509/3178/3196 4855/313/314
f 4858/3174/3192 4829/3145/3162 472/3153/3171
f 4851/3182/3200 4849/3183/3201 4847/3170/3188
f 4852/3184/3202 4839/3150/3168 4848/3171/3189
f 304/183/183 588/3185/3203 508/3173/3191
f 527/288/289 528/3151/3169 421/289/290
f 481/3176/3194 566/334/335 462/3177/3195
f 481/3176/3194 467/3181/3199 566/334/335
f 588/3185/3203 526/3186/3204 508/3173/3191
f 546/336/337 472/3153/3171 513/3179/3197
f 462/3177/3195 566/334/335 475/297/298
f 523/3187/3205 546/336/337 513/3179/3197
f 4852/3184/3202 4854/3188/3206 4839/3150/3168
f 571/429/430 535/3189/3207 507/3180/3198
f 4851/3182/3200 4853/3190/3208 4849/3183/3201
f 4856/3191/3209 4854/3188/3206 4852/3184/3202
f 736/355/356 371/171/171 429/3161/3179
f 537/341/342 429/3161/3179 530/3192/3210
f 467/3181/3199 518/294/295 566/334/335
f 439/276/277 539/298/299 561/317/318
f 588/3185/3203 551/3193/3211 526/3186/3204
f 512/301/302 475/297/298 566/334/335
f 4856/3191/3209 4859/3194/3212 4854/3188/3206
f 440/285/286 588/3185/3203 304/183/183
f 552/3195/3213 528/3151/3169 527/288/289
f 4860/3196/3214 4853/3190/3208 4851/3182/3200
f 736/355/356 440/285/286 371/171/171
f 601/335/336 472/3153/3171 546/336/337
f 4860/3196/3214 4857/3197/3215 4853/3190/3208
f 558/3198/3216 559/349/350 547/283/284
f 537/341/342 736/355/356 429/3161/3179
f 556/3199/3217 559/349/350 558/3198/3216
f 563/363/364 544/321/322 316/181/181
f 553/3200/3218 567/339/340 539/298/299
f 4860/3196/3214 4862/3201/3219 4857/3197/3215
f 4858/3174/3192 4851/3182/3200 4847/3170/3188
f 601/335/336 4863/380/381 472/3153/3171
f 574/3202/3220 551/3193/3211 588/3185/3203
f 528/3151/3169 4855/313/314 4805/3066/3083
f 316/181/181 585/322/323 563/363/364
f 4870/3203/3221 4839/3150/3168 4854/3188/3206
f 572/343/344 584/356/357 537/341/342
f 588/3185/3203 579/3204/3222 574/3202/3220
f 594/353/354 569/331/332 4855/313/314
f 584/356/357 736/355/356 537/341/342
f 589/3205/3223 552/3195/3213 575/3206/3224
f 603/387/388 588/3185/3203 440/285/286
f 589/3205/3223 528/3151/3169 552/3195/3213
f 4871/3207/3225 4868/3208/3226 4860/3196/3214
f 4870/3203/3221 4872/3209/3227 4839/3150/3168
f 712/386/387 440/285/286 736/355/356
f 611/3210/3228 593/3211/3229 588/3185/3203
f 606/3212/3230 528/3151/3169 589/3205/3223
f 563/363/364 607/361/362 573/360/361
f 4851/3182/3200 4871/3207/3225 4860/3196/3214
f 472/3153/3171 612/379/380 4858/3174/3192
f 596/3213/3231 609/3214/3232 571/429/430
f 612/379/380 472/3153/3171 4863/380/381
f 619/384/385 599/354/355 4855/313/314
f 4873/3215/3233 4871/3207/3225 4851/3182/3200
f 588/3185/3203 603/387/388 611/3210/3228
f 617/3216/3234 528/3151/3169 606/3212/3230
f 4851/3182/3200 4858/3174/3192 612/379/380
f 636/3217/3235 528/3151/3169 617/3216/3234
f 604/357/358 623/3218/3236 736/355/356
f 603/387/388 621/3219/3237 611/3210/3228
f 607/361/362 624/3220/3238 605/369/370
f 623/3218/3236 616/397/398 736/355/356
f 639/3221/3239 621/3219/3237 603/387/388
f 4874/3222/3240 4839/3150/3168 4872/3209/3227
f 655/371/372 626/395/396 632/375/376
f 4839/3150/3168 4876/3223/3241 369/210/210
f 635/413/414 618/364/365 608/351/352
f 715/381/382 4863/380/381 620/389/390
f 728/3224/3242 4851/3182/3200 612/379/380
f 627/366/367 634/402/403 645/404/405
f 647/399/400 736/355/356 616/397/398
f 671/408/409 638/407/408 585/322/323
f 4877/3225/3243 4876/3223/3241 4839/3150/3168
f 4874/3222/3240 4877/3225/3243 4839/3150/3168
f 654/3226/3244 528/3151/3169 636/3217/3235
f 4879/3227/3245 4873/3215/3233 4851/3182/3200
f 813/588/590 571/429/430 369/210/210
f 663/415/416 645/404/405 650/403/404
f 4855/313/314 662/420/421 649/401/402
f 664/3228/3246 736/355/356 647/399/400
f 4879/3227/3245 4851/3182/3200 728/3224/3242
f 4876/3223/3241 813/588/590 369/210/210
f 603/387/388 661/3229/3247 639/3221/3239
f 715/381/382 728/3224/3242 612/379/380
f 668/3230/3248 715/381/382 657/390/391
f 4855/313/314 675/421/422 662/420/421
f 4879/3227/3245 4875/3231/3249 4873/3215/3233
f 571/429/430 682/428/429 596/3213/3231
f 678/3232/3250 528/3151/3169 654/3226/3244
f 679/423/424 736/355/356 664/3228/3246
f 685/3233/3251 665/3234/3252 671/408/409
f 681/3235/3253 675/421/422 4855/313/314
f 678/3232/3250 702/3236/3254 528/3151/3169
f 603/387/388 686/3237/3255 661/3229/3247
f 4875/3231/3249 724/3238/3256 4882/3239/3257
f 681/3235/3253 687/3240/3258 675/421/422
f 669/411/412 655/371/372 680/435/436
f 693/3241/3259 702/3236/3254 678/3232/3250
f 697/3242/3260 686/3237/3255 603/387/388
f 671/408/409 690/3243/3261 685/3233/3251
f 681/3235/3253 700/3244/3262 687/3240/3258
f 742/471/472 728/3224/3242 715/381/382
f 813/588/590 692/430/431 571/429/430
f 528/3151/3169 799/3245/3263 4855/313/314
f 696/3246/3264 736/355/356 689/424/425
f 4879/3227/3245 724/3238/3256 4875/3231/3249
f 709/449/450 736/355/356 696/3246/3264
f 671/408/409 717/461/462 690/3243/3261
f 799/3245/3263 681/3235/3253 4855/313/314
f 4884/3247/3265 697/3242/3260 603/387/388
f 4884/3247/3265 719/3248/3266 697/3242/3260
f 721/3249/3267 706/3250/3268 710/447/448
f 728/3224/3242 737/3251/3269 4879/3227/3245
f 753/441/442 721/3249/3267 710/447/448
f 727/3252/3270 719/3248/3266 4884/3247/3265
f 799/3245/3263 735/3253/3271 681/3235/3253
f 736/355/356 730/453/454 849/545/547
f 734/3254/3272 702/3236/3254 720/3255/3273
f 777/3256/3274 528/3151/3169 702/3236/3254
f 799/3245/3263 750/3257/3275 735/3253/3271
f 748/3258/3276 727/3252/3270 4884/3247/3265
f 734/3254/3272 777/3256/3274 702/3236/3254
f 4886/490/491 724/3238/3256 4879/3227/3245
f 757/3259/3277 777/3256/3274 734/3254/3272
f 4884/3247/3265 752/3260/3278 748/3258/3276
f 799/3245/3263 758/3261/3279 750/3257/3275
f 779/3262/3280 745/3263/3281 692/430/431
f 762/3264/3282 724/3238/3256 4886/490/491
f 813/588/590 779/3262/3280 692/430/431
f 742/471/472 770/498/499 728/3224/3242
f 4885/3265/3283 4876/3223/3241 763/3266/3284
f 779/3262/3280 756/3267/3285 745/3263/3281
f 766/3268/3286 730/453/454 725/450/451
f 4884/3247/3265 768/3269/3287 752/3260/3278
f 769/3270/3288 777/3256/3274 757/3259/3277
f 770/498/499 737/3251/3269 728/3224/3242
f 772/479/480 733/452/453 743/3271/3289
f 855/3272/3290 528/3151/3169 777/3256/3274
f 886/546/548 712/386/387 736/355/356
f 737/3251/3269 4886/490/491 4879/3227/3245
f 782/3273/3291 768/3269/3287 4884/3247/3265
f 4885/3265/3283 813/588/590 4876/3223/3241
f 770/498/499 4887/506/507 737/3251/3269
f 799/3245/3263 800/3274/3292 758/3261/3279
f 791/473/474 770/498/499 742/471/472
f 797/475/476 849/545/547 730/453/454
f 737/3251/3269 4887/506/507 4886/490/491
f 753/441/442 794/517/519 771/3275/3293
f 796/3276/3294 803/3277/3295 779/3262/3280
f 794/517/519 802/3278/3296 771/3275/3293
f 785/3279/3297 4885/3265/3283 763/3266/3284
f 4886/490/491 817/3280/3298 762/3264/3282
f 4888/3281/3299 528/3151/3169 855/3272/3290
f 799/3245/3263 811/3282/3300 800/3274/3292
f 813/588/590 796/3276/3294 779/3262/3280
f 812/3283/3301 770/498/499 791/473/474
f 818/3284/3302 4885/3265/3283 785/3279/3297
f 794/517/519 808/3285/3303 802/3278/3296
f 854/3286/3304 782/3273/3291 4884/3247/3265
f 794/517/519 823/516/518 808/3285/3303
f 855/3272/3290 777/3256/3274 783/3287/3305
f 799/3245/3263 832/3288/3306 811/3282/3300
f 770/498/499 856/504/505 4887/506/507
f 824/492/493 817/3280/3298 4886/490/491
f 712/386/387 4884/3247/3265 603/387/388
f 866/496/497 852/501/502 4886/490/491
f 813/588/590 843/3289/3307 796/3276/3294
f 835/558/560 832/3288/3306 799/3245/3263
f 845/495/496 4886/490/491 4887/506/507
f 848/3290/3308 817/3280/3298 824/492/493
f 837/3291/3309 834/522/524 770/498/499
f 842/3292/3310 4885/3265/3283 818/3284/3302
f 847/500/501 836/491/492 4886/490/491
f 879/3293/3311 852/501/502 866/496/497
f 834/522/524 840/499/500 770/498/499
f 815/482/483 869/3294/3312 798/484/485
f 879/3293/3311 878/3295/3313 852/501/502
f 846/497/498 856/504/505 770/498/499
f 915/3296/3314 4885/3265/3283 842/3292/3310
f 528/3151/3169 835/558/560 799/3245/3263
f 872/3297/3315 912/512/513 857/511/512
f 813/588/590 901/3298/3316 843/3289/3307
f 891/541/543 912/512/513 872/3297/3315
f 979/3299/3317 4891/3300/3318 854/3286/3304
f 979/3299/3317 854/3286/3304 4884/3247/3265
f 932/3301/3319 4885/3265/3283 915/3296/3314
f 815/482/483 928/3302/3320 869/3294/3312
f 855/3272/3290 1000/3303/3321 4888/3281/3299
f 926/549/551 923/3304/3322 910/527/529
f 942/3305/3323 4885/3265/3283 932/3301/3319
f 942/3305/3323 813/588/590 4885/3265/3283
f 4888/3281/3299 4892/614/616 528/3151/3169
f 980/3306/3324 1000/3303/3321 855/3272/3290
f 4892/614/616 945/559/561 835/558/560
f 813/588/590 952/587/589 901/3298/3316
f 941/547/549 964/562/564 912/512/513
f 950/3307/3325 969/3308/3326 942/3305/3323
f 886/546/548 4884/3247/3265 712/386/387
f 815/482/483 978/3309/3327 928/3302/3320
f 945/559/561 974/613/615 946/3310/3328
f 4892/614/616 835/558/560 528/3151/3169
f 4892/614/616 974/613/615 945/559/561
f 981/571/573 886/546/548 849/545/547
f 937/564/566 943/550/552 983/619/621
f 985/3311/3329 969/3308/3326 977/3312/3330
f 813/588/590 942/3305/3323 969/3308/3326
f 939/555/557 989/3313/3331 981/571/573
f 813/588/590 969/3308/3326 985/3311/3329
f 1110/3314/3332 993/589/591 813/588/590
f 1160/3315/3333 985/3311/3329 992/3316/3334
f 1160/3315/3333 813/588/590 985/3311/3329
f 1057/658/660 978/3309/3327 815/482/483
f 1160/3315/3333 992/3316/3334 1010/3317/3335
f 1026/3318/3336 1160/3315/3333 1010/3317/3335
f 1110/3314/3332 1035/3319/3337 993/589/591
f 1030/616/618 1007/575/577 1029/622/624
f 1092/784/788 1072/3320/3338 979/3299/3317
f 1072/3320/3338 1027/3321/3339 979/3299/3317
f 1056/653/655 1026/3318/3336 1033/3322/3340
f 1073/692/694 1046/3323/3341 1044/3324/3342
f 1046/3323/3341 1073/692/694 1047/3325/3343
f 1060/648/650 1045/632/634 1050/3326/3344
f 1064/642/644 1039/625/627 1041/627/629
f 1042/3327/3345 1073/692/694 1044/3324/3342
f 1073/692/694 1074/639/641 1047/3325/3343
f 1255/630/632 1045/632/634 1060/648/650
f 1067/649/651 1060/648/650 1053/3328/3346
f 1124/782/786 4884/3247/3265 886/546/548
f 1084/3329/3347 1108/3330/3348 1000/3303/3321
f 1156/3331/3349 1160/3315/3333 1026/3318/3336
f 1080/746/748 1024/615/617 4892/614/616
f 1108/3330/3348 4888/3281/3299 1000/3303/3321
f 1110/3314/3332 1083/3332/3350 1035/3319/3337
f 1149/3333/3351 1096/635/637 1061/634/636
f 1160/3315/3333 1110/3314/3332 813/588/590
f 1092/784/788 4884/3247/3265 1124/782/786
f 1155/668/670 1026/3318/3336 1056/653/655
f 4884/3247/3265 1092/784/788 979/3299/3317
f 1092/784/788 1245/3334/3352 1072/3320/3338
f 1245/3334/3352 1089/3335/3353 1072/3320/3338
f 1094/656/658 1088/3336/3354 1076/657/659
f 1097/652/654 1155/668/670 1056/653/655
f 1155/668/670 1156/3331/3349 1026/3318/3336
f 1101/3337/3355 1108/3330/3348 1084/3329/3347
f 1249/693/695 1073/692/694 1042/3327/3345
f 1095/666/668 1060/648/650 1081/650/652
f 1195/3338/3356 1160/3315/3333 1156/3331/3349
f 1093/665/667 886/546/548 981/571/573
f 4893/3339/3357 1198/3340/3358 1110/3314/3332
f 1110/3314/3332 1102/3341/3359 1083/3332/3350
f 1093/665/667 1144/768/772 886/546/548
f 1166/3342/3360 1110/3314/3332 1160/3315/3333
f 1144/768/772 1124/782/786 886/546/548
f 1115/3343/3361 1096/635/637 1149/3333/3351
f 1074/639/641 1149/3333/3351 1061/634/636
f 1245/3334/3352 1125/3344/3362 1089/3335/3353
f 1126/3345/3363 1108/3330/3348 1101/3337/3355
f 1108/3330/3348 4892/614/616 4888/3281/3299
f 1166/3342/3360 4893/3339/3357 1110/3314/3332
f 1198/3340/3358 1199/3346/3364 1110/3314/3332
f 1229/3347/3365 1074/639/641 1073/692/694
f 1259/3348/3366 1149/3333/3351 1074/639/641
f 1199/3346/3364 1102/3341/3359 1110/3314/3332
f 1228/3349/3367 1229/3347/3365 1073/692/694
f 1229/3347/3365 1259/3348/3366 1074/639/641
f 1234/3350/3368 1150/3351/3369 1086/660/662
f 1249/3352/3370 1225/712/714 1188/711/713
f 1262/3353/3371 1255/630/632 1189/659/661
f 1318/741/743 1236/3354/3372 1194/3355/3373
f 1318/741/743 1159/743/745 1236/3354/3372
f 1239/745/747 1295/724/726 1240/728/730
f 1299/738/740 1192/3356/3374 1264/739/741
f 1287/761/763 1234/3350/3368 1086/660/662
f 1287/761/763 1086/660/662 1098/654/656
f 1296/3357/3375 1245/3334/3352 1092/784/788
f 1277/3358/3376 1125/3344/3362 1245/3334/3352
f 1278/3359/3377 1108/3330/3348 1126/3345/3363
f 1254/737/739 1299/738/740 1260/740/742
f 1193/767/771 1192/3356/3374 1299/738/740
f 1193/767/771 1318/741/743 1194/3355/3373
f 1246/770/774 1088/3336/3354 1094/656/658
f 1311/748/750 1258/750/752 1231/751/753
f 1145/3360/3378 1322/769/773 1093/665/667
f 1329/3361/3379 1108/3330/3348 1278/3359/3377
f 1297/747/749 1325/3362/3380 1080/746/748
f 4892/614/616 1332/791/795 1297/747/749
f 1333/792/796 1325/3362/3381 1332/791/795
f 1326/801/805 1296/3357/3375 1092/784/788
f 1345/3363/3382 1108/3330/3348 1329/3361/3379
f 1144/768/772 1350/844/848 1124/782/786
f 1364/3364/3383 1480/3365/3384 1108/3330/3348
f 1364/3364/3383 1108/3330/3348 1345/3363/3382
f 1495/3366/3385 1333/792/796 4892/614/616
f 1532/846/850 1343/848/852 1323/771/775
f 1464/783/787 1386/817/821 1092/784/788
f 1432/3367/3386 1480/3365/3384 1364/3364/3383
f 4895/3368/3387 4892/614/616 1108/3330/3348
f 1467/3369/3388 1333/792/796 1495/3366/3385
f 1467/3369/3388 1411/3370/3389 1333/792/796
f 1373/841/845 1359/780/784 1378/824/828
f 1431/3371/3390 1363/810/814 1362/802/806
f 4895/3368/3387 1495/3366/3385 4892/614/616
f 1473/919/923 1327/774/778 1353/3372/3391
f 1371/862/866 1473/919/923 1353/3372/3391
f 1473/919/923 1456/845/849 1327/774/778
f 1514/3373/3392 1346/786/790 1494/873/877
f 1583/902/906 1614/3374/3393 1124/782/786
f 1538/3375/3394 1480/3365/3384 1505/3376/3395
f 1583/902/906 1124/782/786 1350/844/848
f 1531/903/907 1502/882/886 1453/881/885
f 1492/883/887 1512/888/892 1455/884/888
f 1108/3330/3348 1534/3377/3396 4895/3368/3387
f 1614/3374/3393 1618/894/898 1124/782/786
f 1501/3378/3397 1536/3379/3398 1490/3380/3399
f 1539/914/918 1346/786/790 1514/3373/3392
f 1537/3381/3400 1362/802/806 1456/845/849
f 1529/899/903 1544/900/904 1472/861/865
f 1643/3382/3401 1480/3365/3384 1538/3375/3394
f 1558/3383/3402 1534/3377/3396 1108/3330/3348
f 1554/3384/3403 1478/865/869 1618/894/898
f 1631/3385/3404 1108/3330/3348 1480/3365/3384
f 1604/3386/3405 1456/845/849 1473/919/923
f 1572/3387/3406 1558/3383/3402 1108/3330/3348
f 1608/3388/3407 1572/3387/3406 1108/3330/3348
f 1583/902/906 1523/901/905 1569/940/944
f 1608/3388/3407 1108/3330/3348 1631/3385/3404
f 1618/894/898 1578/955/959 1554/3384/3403
f 1589/935/939 1571/937/941 1532/846/850
f 1590/3389/3408 1643/3382/3401 1538/3375/3394
f 1593/3390/3409 1572/3387/3406 1608/3388/3407
f 1592/3391/3410 1634/925/929 1580/932/936
f 1578/955/959 1627/954/958 1596/957/961
f 1643/3382/3401 1631/3385/3404 1480/3365/3384
f 1616/3392/3411 1614/3374/3393 1583/902/906
f 1607/3393/3412 1634/925/929 1592/3391/3410
f 1642/979/983 1599/946/950 1589/935/939
f 1628/3394/3413 1590/3389/3408 1606/3395/3414
f 1628/3394/3413 1643/3382/3401 1590/3389/3408
f 1799/3396/3415 1616/3392/3411 1583/902/906
f 1799/3396/3415 1618/894/898 1616/3392/3411
f 1657/3397/3416 1643/3382/3401 1628/3394/3413
f 1658/998/1002 1634/925/929 1669/970/974
f 1639/3398/3417 1640/989/993 1719/991/995
f 1651/3399/3418 1639/3398/3417 1660/3400/3419
f 1675/3401/3420 1657/3397/3416 1628/3394/3413
f 1639/3398/3417 1719/991/995 1660/3400/3419
f 1674/3402/3421 4896/3403/3422 1682/3404/3423
f 1674/3402/3421 1660/3400/3419 4896/3403/3422
f 1683/3405/3424 1668/980/984 1629/963/967
f 1665/990/994 1685/3406/3425 1719/991/995
f 1665/990/994 1686/3407/3426 1685/3406/3425
f 1790/1038/1042 1799/3396/3415 1583/902/906
f 1799/3396/3415 1792/3408/3427 1618/894/898
f 1792/3408/3427 1627/954/958 1618/894/898
f 1768/3409/3428 1647/3410/3429 1627/954/958
f 1768/3409/3428 1706/3411/3430 1647/3410/3429
f 1660/3400/3419 1719/991/995 4896/3403/3422
f 1694/999/1003 1790/1038/1042 1583/902/906
f 1792/3408/3427 1768/3409/3428 1627/954/958
f 1725/3412/3431 1619/945/949 1707/1011/1015
f 1716/3413/3432 1711/1000/1004 1668/980/984
f 1658/998/1002 1669/970/974 1689/3414/3433
f 1718/1006/1010 1701/3415/3434 1690/986/990
f 1685/3406/3425 1705/3416/3435 1719/991/995
f 1725/3412/3431 1694/999/1003 1619/945/949
f 1721/3417/3436 1702/3418/3437 4896/3403/3422
f 1721/3417/3436 4896/3403/3422 1743/3419/3438
f 1768/3409/3428 1695/3420/3439 1706/3411/3430
f 1678/983/987 1613/953/957 1744/1016/1020
f 1747/1010/1014 1725/3412/3431 1707/1011/1015
f 1752/3421/3440 1743/3419/3438 4896/3403/3422
f 1757/1022/1026 1694/999/1003 1725/3412/3431
f 1749/3422/3441 1755/1009/1013 1707/1011/1015
f 1719/991/995 4897/3423/3442 4896/3403/3422
f 1719/991/995 4898/3424/3443 4897/3423/3442
f 1752/3421/3440 4896/3403/3422 1777/3425/3444
f 1724/992/996 1751/1013/1017 1763/1019/1023
f 1766/3426/3445 1768/3409/3428 1792/3408/3427
f 1719/991/995 1705/3416/3435 1764/3427/3446
f 1800/3428/3447 1792/3408/3427 1799/3396/3415
f 1769/3429/3448 1765/1021/1025 1757/1022/1026
f 1777/3425/3444 4896/3403/3422 1839/1087/1091
f 1719/991/995 1834/3430/3449 4898/3424/3443
f 1790/1038/1042 1798/3431/3450 1799/3396/3415
f 1791/1037/1041 1789/3432/3451 1790/1038/1042
f 1719/991/995 1797/1096/1100 1834/3430/3449
f 1719/991/995 1764/3427/3446 1797/1096/1100
f 1806/1036/1040 1790/1038/1042 1694/999/1003
f 4902/3433/3452 1839/1087/1091 4896/3403/3422
f 1787/1043/1047 1777/3425/3444 1839/1087/1091
f 1787/1043/1047 1839/1087/1091 1817/1041/1045
f 1809/3434/3453 1802/1042/1046 1817/1041/1045
f 1810/3435/3454 1798/3431/3450 1790/1038/1042
f 1828/1057/1061 1790/1038/1042 1789/3432/3451
f 1812/1050/1054 1825/1045/1049 1781/1046/1050
f 4896/3403/3422 4897/3423/3442 4902/3433/3452
f 4897/3423/3442 4899/3436/3455 4901/3437/3456
f 4903/3438/3457 4897/3423/3442 4901/3437/3456
f 4897/3423/3442 4898/3424/3443 4899/3436/3455
f 1855/1053/1057 1793/1033/1037 1750/1004/1008
f 4902/3433/3452 4897/3423/3442 4900/3439/3458
f 1834/3430/3449 1842/3440/3459 4898/3424/3443
f 1724/992/996 1816/1048/1052 1835/1067/1071
f 4900/3439/3458 4897/3423/3442 4903/3438/3457
f 1836/3441/3460 1817/1041/1045 1839/1087/1091
f 1841/1068/1072 1835/1067/1071 1844/3442/3461
f 1855/1053/1057 1840/1061/1065 1824/1063/1067
f 1845/1073/1077 1724/992/996 1841/1068/1072
f 4898/3424/3443 1875/3443/3462 4899/3436/3455
f 1834/3430/3449 1797/1096/1100 2182/1095/1099
f 4901/3437/3456 4899/3436/3455 1961/3444/3463
f 4905/3445/3464 4900/3439/3458 4903/3438/3457
f 2182/1095/1099 1842/3440/3459 1834/3430/3449
f 1855/1053/1057 1861/1081/1085 1840/1061/1065
f 1912/1069/1073 1742/1008/1012 1574/933/937
f 4901/3437/3456 1961/3444/3463 4906/3446/3465
f 4898/3424/3443 1842/3440/3459 1922/3447/3466
f 4901/3437/3456 4906/3446/3465 4903/3438/3457
f 1954/1105/1110 1825/1045/1049 1820/1072/1076
f 1960/1090/1094 1773/1030/1034 1632/960/964
f 1839/1087/1091 4902/3433/3452 2060/1190/1197
f 1854/3448/3467 1872/1089/1093 1829/1082/1086
f 1851/1076/1080 1902/1103/1108 1933/3449/3468
f 1861/1081/1085 1854/3448/3467 1829/1082/1086
f 1908/1107/1112 1772/988/992 1825/1045/1049
f 4899/3436/3455 1998/3450/3469 1961/3444/3463
f 4905/3445/3464 4903/3438/3457 4909/3451/3470
f 4904/3452/3471 4900/3439/3458 4905/3445/3464
f 1903/1085/1089 1839/1087/1091 1934/1189/1196
f 1886/1121/1127 1868/3453/3472 1820/1072/1076
f 1868/3453/3472 1905/1104/1109 1820/1072/1076
f 4909/3451/3470 4903/3438/3457 4906/3446/3465
f 4898/3424/3443 1922/3447/3466 1875/3443/3462
f 4899/3436/3455 1875/3443/3462 1998/3450/3469
f 4907/3454/3473 4900/3439/3458 4904/3452/3471
f 4902/3433/3452 4900/3439/3458 4907/3454/3473
f 2064/1159/1165 1909/1161/1167 1910/1162/1168
f 1974/1199/1206 1772/988/992 1938/1123/1129
f 1959/1132/1138 1975/3455/3474 1846/1065/1069
f 4906/3446/3465 1961/3444/3463 2067/3456/3475
f 1875/3443/3462 2028/3457/3476 1998/3450/3469
f 4907/3454/3473 2060/1190/1197 4902/3433/3452
f 1934/1189/1196 1839/1087/1091 2060/1190/1197
f 2023/1209/1216 1851/1076/1080 1933/3449/3468
f 1998/3450/3469 2027/3458/3477 1961/3444/3463
f 1955/1170/1176 2044/1192/1199 1935/1194/1201
f 1874/1122/1128 1996/3459/3478 1907/1106/1111
f 4904/3452/3471 4905/3445/3464 4910/3460/3479
f 2026/1220/1227 1762/1024/1028 1691/994/998
f 1998/3450/3469 4908/1321/1328 2027/3458/3477
f 1842/3440/3459 2154/1341/1348 1922/3447/3466
f 2067/3456/3475 1961/3444/3463 2027/3458/3477
f 2028/3457/3476 4908/1321/1328 1998/3450/3469
f 4911/3461/3480 4909/3451/3470 4906/3446/3465
f 1922/3447/3466 2175/3462/3481 1875/3443/3462
f 1842/3440/3459 2182/1095/1099 2154/1341/1348
f 2063/1211/1218 1885/1153/1159 1884/1172/1178
f 2044/1192/1199 1995/1249/1256 1936/1193/1200
f 2137/1215/1222 1873/1173/1179 1937/1160/1166
f 1995/1249/1256 2076/1216/1223 1957/1218/1225
f 1957/1218/1225 2045/1195/1202 1973/1197/1204
f 2066/1237/1244 1807/1040/1044 1762/1024/1028
f 1875/3443/3462 2175/3462/3481 2028/3457/3476
f 2063/1211/1218 2087/1154/1160 1885/1153/1159
f 2041/1191/1198 1904/1158/1164 1887/1155/1161
f 1904/1158/1164 2041/1191/1198 1994/1156/1162
f 4911/3461/3480 4906/3446/3465 2067/3456/3475
f 2183/3463/3482 2060/1190/1197 4907/3454/3473
f 2044/1192/1199 1955/1170/1176 1994/1156/1162
f 4912/3464/3483 4905/3445/3464 4909/3451/3470
f 4910/3460/3479 4905/3445/3464 4912/3464/3483
f 2091/1232/1239 1912/1069/1073 1772/988/992
f 2092/1233/1240 1976/1138/1144 2025/1234/1241
f 2056/1324/1331 1826/1054/1058 1773/1030/1034
f 2148/1295/1302 2064/1159/1165 2010/1135/1141
f 2048/1200/1207 2090/1244/1251 1772/988/992
f 2094/1272/1279 1742/1008/1012 1912/1069/1073
f 2040/1210/1217 2109/3465/3484 1851/1076/1080
f 2122/1261/1268 1486/860/864 1860/1075/1079
f 2110/1286/1293 2043/1276/1283 2042/3466/3485
f 2094/1272/1279 2120/1397/1404 1742/1008/1012
f 2028/3457/3476 2174/1363/1370 4908/1321/1328
f 2109/3465/3484 2116/3467/3486 1851/1076/1080
f 2088/3468/3487 2110/1286/1293 2042/3466/3485
f 2111/1250/1257 1997/1196/1203 2045/1195/1202
f 2078/1291/1298 2112/1293/1300 2089/3469/3488
f 2027/3458/3477 2143/1320/1327 2142/1356/1363
f 2120/1397/1404 1960/1090/1094 1742/1008/1012
f 4911/3461/3480 4912/3464/3483 4909/3451/3470
f 2051/1203/1210 2056/1324/1331 1773/1030/1034
f 2175/3462/3481 1922/3447/3466 2154/1341/1348
f 2182/1095/1099 1993/1149/1155 2125/1377/1384
f 4908/1321/1328 2143/1320/1327 2027/3458/3477
f 1851/1076/1080 2116/3467/3486 2156/3470/3489
f 2067/3456/3475 2027/3458/3477 2142/1356/1363
f 2110/1286/1293 2088/3468/3487 2072/1266/1273
f 2298/1294/1301 1976/1138/1144 2092/1233/1240
f 2157/3471/3490 2117/3472/3491 2060/1190/1197
f 2157/3471/3490 2060/1190/1197 2183/3463/3482
f 2175/3462/3481 2174/1363/1370 2028/3457/3476
f 1993/1149/1155 2158/3473/3492 2184/1378/1385
f 2010/1135/1141 1976/1138/1144 2298/1294/1301
f 2067/3456/3475 2142/1356/1363 2185/1371/1378
f 1993/1149/1155 2184/1378/1385 2125/1377/1384
f 2151/1283/1290 2164/3474/3493 2150/1277/1284
f 2194/1307/1314 2153/1306/1313 2133/1300/1307
f 2145/1344/1351 2103/1242/1249 1826/1054/1058
f 1851/1076/1080 2156/3470/3489 4914/3475/3494
f 2159/1274/1281 2161/1337/1344 2124/1290/1297
f 2067/3456/3475 2185/1371/1378 4911/3461/3480
f 2177/1334/1341 2128/1289/1296 2147/3476/3495
f 2177/1334/1341 2196/1287/1294 2128/1289/1296
f 2111/1250/1257 2189/1292/1299 2046/1252/1259
f 2190/1354/1361 2131/1299/1306 2112/1293/1300
f 2195/3477/3496 1851/1076/1080 4914/3475/3494
f 2182/1095/1099 2318/1342/1349 2154/1341/1348
f 2195/3477/3496 4914/3475/3494 2211/3478/3497
f 2161/1337/1344 2213/1336/1343 2197/1349/1356
f 2190/1354/1361 2198/1315/1322 2131/1299/1306
f 4911/3461/3480 2185/1371/1378 2253/1519/1526
f 2125/1377/1384 2318/1342/1349 2182/1095/1099
f 4917/1468/1475 4907/3454/3473 4904/3452/3471
f 1851/1076/1080 2195/3477/3496 2370/1368/1375
f 2178/1301/1308 2198/1315/1322 2191/1316/1323
f 4916/3479/3498 4912/3464/3483 4911/3461/3480
f 4915/3480/3499 4910/3460/3479 4912/3464/3483
f 2198/1315/1322 2203/1383/1390 2191/1316/1323
f 2163/1303/1310 2298/1294/1301 2118/1281/1288
f 2175/3462/3481 2232/1343/1350 2174/1363/1370
f 4915/3480/3499 4904/3452/3471 4910/3460/3479
f 2154/1341/1348 2232/1343/1350 2175/3462/3481
f 2212/3481/3500 2183/3463/3482 4918/3482/3501
f 2219/1361/1368 2208/1329/1336 2026/1220/1227
f 2142/1356/1363 2143/1320/1327 2237/3483/3502
f 2205/1325/1332 2145/1344/1351 1826/1054/1058
f 2196/1287/1294 2201/1335/1342 2216/1338/1345
f 2142/1356/1363 2237/3483/3502 2248/1357/1364
f 2174/1363/1370 2232/1343/1350 2291/1539/1546
f 4917/1468/1475 4904/3452/3471 4915/3480/3499
f 4918/3482/3501 4919/3484/3503 2212/3481/3500
f 2187/1302/1309 1788/1028/1032 2227/1366/1373
f 2184/1378/1385 2244/3485/3504 2223/1379/1386
f 2231/3486/3505 2196/1287/1294 2216/1338/1345
f 2249/1392/1399 2238/3487/3506 2288/1393/1400
f 2143/1320/1327 2250/1360/1367 2237/3483/3502
f 2143/1320/1327 2220/3488/3507 2240/1359/1366
f 2143/1320/1327 2271/1373/1380 2220/3488/3507
f 4908/1321/1328 2492/1364/1371 2280/1322/1329
f 4916/3479/3498 4911/3461/3480 2253/1519/1526
f 4920/3489/3508 4912/3464/3483 4916/3479/3498
f 4915/3480/3499 4912/3464/3483 4920/3489/3508
f 4921/3490/3509 4919/3484/3503 4918/3482/3501
f 2293/3491/3510 2224/1345/1352 2145/1344/1351
f 2196/1287/1294 2231/3486/3505 2234/1389/1396
f 2277/3492/3511 2094/1272/1279 2199/1318/1325
f 2238/3487/3506 2251/1394/1401 2288/1393/1400
f 2185/1371/1378 2268/1381/1388 2279/3493/3512
f 2253/1519/1526 2185/1371/1378 2316/3494/3513
f 2270/1382/1389 2257/1370/1377 2289/3495/3514
f 2143/1320/1327 2280/1322/1329 2303/1372/1379
f 2370/1368/1375 2195/3477/3496 2307/3496/3515
f 2264/1395/1402 2265/1419/1426 2372/1396/1403
f 2268/1381/1388 2289/3495/3516 2279/3493/3512
f 2283/3497/3517 2236/1350/1357 2233/1347/1354
f 2185/1371/1378 2279/3493/3512 2314/3498/3518
f 2185/1371/1378 2314/3498/3518 2316/3494/3513
f 2183/3463/3482 4907/3454/3473 4922/3499/3519
f 2205/1325/1332 2306/3500/3520 2145/1344/1351
f 2313/3501/3521 2094/1272/1279 2277/3492/3511
f 2313/3501/3521 2262/3502/3522 2094/1272/1279
f 2319/3503/3523 2293/3491/3510 2145/1344/1351
f 2296/1406/1413 2259/1403/1410 2274/1407/1414
f 2308/1417/1424 2282/1400/1407 2196/1287/1294
f 2290/3504/3524 2258/1412/1419 2338/1481/1488
f 2304/3505/3525 2056/1324/1331 2281/3506/3526
f 2125/1377/1384 2305/1421/1428 2318/1342/1349
f 4917/1468/1475 4922/3499/3519 4907/3454/3473
f 4943/3507/3527 2183/3463/3482 4922/3499/3519
f 2365/3508/3528 4918/3482/3501 2183/3463/3482
f 2296/1406/1413 2344/1404/1411 2259/1403/1410
f 2291/1539/1546 2492/1364/1371 2174/1363/1370
f 2244/3485/3504 2295/3509/3529 2223/1379/1386
f 2315/3510/3530 2290/3504/3524 2338/1481/1488
f 2253/1519/1526 2316/3494/3513 2339/3511/3531
f 2333/3512/3532 2304/3505/3525 2281/3506/3526
f 2365/3508/3528 2183/3463/3482 4943/3507/3527
f 2328/3513/3533 2298/1294/1301 2261/1495/3534
f 2258/1412/1419 2288/1393/1400 2338/1481/1488
f 2330/3514/3535 2301/1411/1418 2287/1390/1397
f 4915/3480/3499 4939/3515/3536 4917/1468/1475
f 2341/3516/3537 2145/1344/1351 2306/3500/3520
f 2262/3502/3522 2403/1537/1544 2094/1272/1279
f 2316/3494/3513 2350/3517/3538 2339/3511/3531
f 2447/1467/1474 4922/3499/3519 4917/1468/1475
f 2413/3518/3539 2306/3500/3520 2205/1325/1332
f 2443/3519/3540 2296/1406/1413 2326/1415/1422
f 2344/1404/1411 2345/3520/3541 2322/1429/1436
f 2338/1481/1488 2331/3521/3542 2315/3510/3530
f 2303/1372/1379 2280/1322/1329 2349/1483/1490
f 4916/3479/3498 2253/1519/1526 2429/1518/1525
f 2360/1434/1441 2056/1324/1331 2304/3505/3525
f 2361/1435/1442 2292/1399/1406 2056/1324/1331
f 2403/1537/1544 2120/1397/1404 2094/1272/1279
f 2357/3522/3543 2056/1324/1331 2332/1438/1445
f 2056/1324/1331 2380/3523/3544 2281/3506/3526
f 2318/1342/1349 2497/1638/1646 2232/1343/1350
f 2417/3524/3545 2293/3525/3546 2341/3526/3547
f 2245/1352/1359 2456/1443/1450 2348/3527/3548
f 2374/3528/3549 2331/3521/3542 2338/1481/1488
f 2291/1539/1546 2232/1343/1350 2375/1540/1547
f 2344/1404/1411 2386/3529/3550 2345/3520/3541
f 2392/1450/1457 2376/1437/1444 2051/1203/1210
f 2357/3522/3543 2379/3530/3551 2056/1324/1331
f 2379/3530/3551 2380/3523/3544 2056/1324/1331
f 2474/1452/1459 2382/3531/3552 2381/1453/1460
f 2366/1473/1480 4948/3532/3553 2485/1474/1481
f 2438/3533/3554 4930/3534/3555 2451/1472/1479
f 2325/1433/1440 2390/3535/3556 2372/1396/1403
f 2428/1480/1487 2374/3528/3549 2338/1481/1488
f 2405/3536/3557 2391/1445/1452 2222/1331/1338
f 2406/1448/1455 2407/3537/3558 2051/1203/1210
f 2409/3538/3559 2051/1203/1210 2407/3537/3558
f 2409/3538/3559 2411/1449/1456 2051/1203/1210
f 2396/1501/1508 2474/1452/1459 2351/3539/3560
f 2474/1452/1459 2358/1451/1458 2351/3539/3560
f 2474/1452/1459 2359/3540/3561 2382/3531/3552
f 2474/1452/1459 2362/1470/1477 2359/3540/3561
f 2352/1471/1478 2659/1454/1461 2363/3541/3562
f 2659/1454/1461 2340/1456/1463 2363/3541/3562
f 2344/1404/1411 2425/3542/3563 2386/3529/3550
f 2462/3543/3564 2407/3537/3558 2406/1448/1455
f 2376/1437/1444 2394/3544/3565 2056/1324/1331
f 2394/3544/3565 2377/1439/1446 2056/1324/1331
f 2334/1458/1465 2712/1457/1464 2414/1475/1482
f 2402/1427/1434 2246/1355/1362 2329/1431/1438
f 2253/1519/1526 2339/3511/3531 2469/3545/3566
f 2635/1521/1528 2272/1398/1405 2120/1397/1404
f 2410/1490/1497 2483/1462/1469 2431/3546/3567
f 2483/1462/1469 2412/1461/1468 2431/3546/3567
f 4953/3547/3568 4917/1468/1475 4939/3515/3536
f 2344/1404/1411 2454/1505/1512 2425/3542/3563
f 2402/1427/1434 2261/1495/3534 2298/1294/1301
f 2339/3511/3531 2457/3548/3569 2469/3545/3566
f 2429/1518/1525 2599/3549/3570 4916/3479/3498
f 2404/1485/1492 2405/3536/3557 2222/1331/1338
f 2232/1343/1350 2497/1638/1646 2375/1540/1547
f 2504/3550/3571 2448/1469/1476 4917/1468/1475
f 2548/1527/1534 2261/1495/3534 2402/1427/1434
f 2198/1315/1322 2490/3551/3572 2479/3552/3573
f 2472/1489/1496 2482/1498/1505 2222/1331/1338
f 4915/3480/3499 4920/3489/3508 4954/3553/3574
f 4953/3547/3568 4947/3554/3575 4917/1468/1475
f 4952/3555/3576 2449/3556/3577 4960/3557/3578
f 2467/1568/1575 2388/1442/1449 2299/1410/1417
f 2548/1527/1534 2455/1526/1533 2261/1495/3534
f 2198/1315/1322 2500/1575/1583 2468/3558/3579
f 2253/1519/1526 2469/3545/3566 2491/1520/1527
f 2492/1364/1371 2291/1539/1546 2529/1634/1642
f 2471/1488/1495 2222/1331/1338 2272/1398/1405
f 4956/3559/3580 4920/3489/3508 2583/3560/3581
f 4957/3561/3582 4947/3554/3575 4953/3547/3568
f 4947/3554/3575 2504/3550/3571 4917/1468/1475
f 4948/3532/3553 2450/3562/3583 4960/3557/3578
f 2536/3563/3584 2438/3533/3554 2451/1472/1479
f 2603/3564/3585 2296/1406/1413 2443/3519/3540
f 2344/1404/1411 2488/3565/3586 2466/1504/1511
f 2467/1568/1575 2299/1410/1417 2355/3566/3587
f 2479/3552/3573 2550/1573/1581 2198/1315/1322
f 2390/3535/3556 2480/1558/1565 2372/1396/1403
f 2403/1537/1544 2553/1536/1543 2120/1397/1404
f 2474/1452/1459 2356/1466/1473 2432/1465/1472
f 2458/1479/1486 2338/1481/1488 2509/1515/1522
f 2470/1514/1521 2509/1515/1522 2503/1542/1549
f 2557/1524/1531 2445/1508/1515 2473/1507/1514
f 4961/3567/3588 4939/3515/3536 4915/3480/3499
f 4960/3557/3578 4958/3568/3589 4962/3569/3590
f 4960/3557/3578 2505/3570/3591 4958/3568/3589
f 4960/3557/3578 2449/3556/3577 2505/3570/3591
f 2295/3509/3529 2487/1599/1607 2223/1379/1386
f 2514/3571/3592 2499/1530/3593 2456/1443/1450
f 2490/3551/3572 2198/1315/1322 2489/1511/1518
f 2550/1573/1581 2500/1575/1583 2198/1315/1322
f 4963/3572/3594 4916/3479/3498 2599/3549/3570
f 4964/3573/3595 4961/3567/3588 4915/3480/3499
f 2344/1404/1411 2512/1554/1561 2488/3565/3586
f 2429/1518/1525 2491/1520/1527 2526/3574/3596
f 2529/1634/1642 2645/1633/1641 2492/1364/1371
f 2646/1538/1545 2529/1634/1642 2291/1539/1546
f 2628/3575/3597 2451/1472/1479 2485/1474/1481
f 2402/1427/1434 2329/1431/1438 2502/1584/1592
f 2501/3576/3598 2508/1535/1542 2403/1537/1544
f 2372/1396/1403 2480/1558/1565 2541/1557/1564
f 2459/1482/1489 2492/1364/1371 2534/1564/1571
f 4956/3559/3580 4969/3577/3599 4920/3489/3508
f 4969/3577/3599 4954/3553/3574 4920/3489/3508
f 4974/3578/3600 4964/3573/3595 4915/3480/3499
f 4964/3573/3595 4970/3579/3601 4961/3567/3588
f 4961/3567/3588 4972/3580/3602 4939/3515/3536
f 2603/3564/3585 2443/3519/3540 2547/3581/3603
f 2518/1528/1578 2514/3571/3592 2456/1443/1450
f 4920/3489/3508 4916/3479/3498 4963/3572/3594
f 2532/1544/1551 2493/1506/1513 2272/1398/1405
f 4995/3582/3604 4915/3480/3499 4979/3583/3605
f 4974/3578/3600 4915/3480/3499 4980/3584/3606
f 2375/1540/1547 2497/1638/1646 2585/1605/1613
f 5018/3585/3607 4966/3586/3608 4973/3587/3609
f 2583/3560/3581 4920/3489/3508 4976/3588/3610
f 2557/1524/1531 2473/1507/1514 2496/3589/3611
f 4978/3590/3612 4954/3553/3574 4956/3559/3580
f 4979/3583/3605 4915/3480/3499 4986/3591/3613
f 2538/1570/1577 2388/1442/1449 2467/1568/1575
f 2540/3592/3614 2479/3552/3573 2490/3551/3572
f 4992/3593/3615 4954/3553/3574 4990/3594/3616
f 4986/3591/3613 4915/3480/3499 4954/3553/3574
f 2558/3595/3617 4964/3573/3595 4974/3578/3600
f 4983/3596/3618 4975/3597/3619 4982/3598/3620
f 5018/3585/3607 4965/3599/3621 4966/3586/3608
f 4962/3569/3590 4965/3599/3621 5018/3585/3607
f 2318/1342/1349 2305/1421/1428 2497/1638/1646
f 1788/1028/1032 2671/1572/1580 2546/1549/1556
f 2556/1553/1560 2272/1398/1405 2521/1531/1538
f 2510/1547/1554 2593/1566/1573 2496/3589/3611
f 5000/3600/3622 4954/3553/3574 4978/3590/3612
f 5000/3600/3622 4988/3601/3623 4954/3553/3574
f 4990/3594/3616 4954/3553/3574 4988/3601/3623
f 4992/3593/3615 4986/3591/3613 4954/3553/3574
f 4995/3582/3604 4979/3583/3605 5004/3602/3624
f 2485/1474/1481 4948/3532/3553 4960/3557/3578
f 2524/1534/1541 2565/3603/3625 2213/1336/1343
f 2542/1577/1585 2527/1541/1548 2509/1515/1522
f 2492/1364/1371 2588/3604/3626 2577/1565/1572
f 2588/3604/3626 2492/1364/1371 2590/1651/1659
f 2599/3549/3570 2429/1518/1525 2568/3605/3627
f 2492/1364/1371 2645/1633/1641 2590/1651/1659
f 4978/3590/3612 4956/3559/3580 2583/3560/3581
f 5008/3606/3628 4991/3607/3629 4989/3608/3630
f 5010/3609/3631 4994/3610/3632 4993/3611/3633
f 4995/3582/3604 4980/3584/3606 4915/3480/3499
f 4997/3612/3634 4996/3613/3635 5019/3614/3636
f 4985/3615/3637 4983/3596/3618 4982/3598/3620
f 5018/3585/3607 4973/3587/3609 4985/3615/3637
f 2712/1457/1464 2384/1455/1462 2659/1454/1461
f 2344/1404/1411 2573/1579/1587 2512/1554/1561
f 2603/3564/3585 2547/3581/3603 2587/1667/1675
f 2567/1551/1558 2288/1393/1400 2525/1513/1520
f 2593/1566/1573 2544/1546/1553 2580/1593/1601
f 2544/1546/1553 2531/3616/3638 2580/1593/1601
f 4963/3572/3594 4976/3588/3610 4920/3489/3508
f 5006/3617/3639 4977/3618/3640 2583/3560/3581
f 5016/3619/3641 5001/3620/3642 4999/3621/3643
f 5008/3606/3628 5002/3622/3644 4991/3607/3629
f 5016/3619/3641 4994/3610/3632 5010/3609/3631
f 4987/3623/3645 4994/3610/3632 5016/3619/3641
f 5018/3585/3607 4985/3615/3637 4982/3598/3620
f 5018/3585/3607 4960/3557/3578 4962/3569/3590
f 2536/3563/3584 2451/1472/1479 2628/3575/3597
f 4955/3624/3646 2562/1578/1586 2370/1368/1375
f 2500/1575/1583 2576/1574/1582 2551/3625/3647
f 5006/3617/3639 2583/3560/3581 4976/3588/3610
f 5011/3626/3648 4993/3627/3649 5008/3606/3628
f 5016/3619/3641 5010/3609/3631 5011/3626/3648
f 5019/3614/3636 4996/3613/3635 5005/3628/3650
f 4998/3629/3651 4997/3612/3634 5019/3614/3636
f 2559/3630/3652 4998/3629/3651 5019/3614/3636
f 2223/1379/1386 2545/1588/1596 2305/1421/1428
f 2512/1554/1561 2573/1579/1587 2563/1555/1562
f 2565/3603/3625 2591/1583/1591 2213/1336/1343
f 2578/1563/1570 2589/1616/1624 2541/1557/1564
f 4989/3608/3630 5001/3620/3642 5016/3619/3641
f 5016/3619/3641 5011/3626/3648 5008/3606/3628
f 5019/3614/3636 4981/3631/3653 2559/3630/3652
f 5019/3614/3636 4982/3598/3620 4981/3631/3653
f 5014/3632/3654 5016/3619/3641 5012/3633/3655
f 2593/1566/1573 2557/1524/1531 2496/3589/3611
f 5016/3619/3641 4999/3621/3643 2584/3634/3656
f 4989/3608/3630 5016/3619/3641 5008/3606/3628
f 5005/3628/3650 4987/3623/3645 5016/3619/3641
f 2653/3635/3657 4963/3572/3594 2599/3549/3570
f 2612/1628/1636 2539/1569/1576 2566/3636/3658
f 5016/3619/3641 5014/3632/3654 5013/3637/3659
f 2584/3634/3656 5012/3633/3655 5016/3619/3641
f 5019/3614/3636 5005/3628/3650 5016/3619/3641
f 2571/3638/3660 2627/1600/1608 2487/1599/1607
f 2600/3639/3661 2570/3640/3662 2579/3641/3663
f 2570/3640/3662 2593/1566/1573 2564/1592/1600
f 2657/3642/3664 4976/3588/3610 4963/3572/3594
f 5018/3585/3607 4982/3598/3620 5019/3614/3636
f 2571/3638/3660 2619/3643/3665 2627/1600/1608
f 2213/1336/1343 2650/1602/1610 2606/1606/1614
f 2538/1570/1577 2539/1569/1576 2612/1628/1636
f 2213/1336/1343 2622/1607/1615 2624/1596/1604
f 2624/1596/1604 2596/3644/3666 2549/1604/1612
f 2528/1532/1539 2597/1609/1617 2575/1586/1594
f 2634/3645/3667 2553/1536/1543 2552/1552/1559
f 2600/3639/3661 2593/1566/1573 2570/3640/3662
f 2656/3646/3668 4963/3572/3594 2654/3647/3669
f 2657/3642/3664 4963/3572/3594 2656/3646/3668
f 2507/3648/3670 2463/1476/1483 2712/1457/1464
f 2664/3649/3671 2599/3549/3570 2636/3650/3672
f 2654/3647/3669 4963/3572/3594 5020/3651/3673
f 5021/3652/3674 5017/3653/3675 2637/1587/1595
f 2787/3654/3676 2485/1474/1481 4960/3557/3578
f 2642/1612/1620 2679/1611/1619 2662/3655/3677
f 2705/3656/3678 2653/3635/3657 2599/3549/3570
f 2708/3657/3679 4963/3572/3594 2653/3635/3657
f 5016/3619/3641 5013/3637/3659 2658/1629/1637
f 2663/3658/3680 2553/1536/1543 2634/3645/3667
f 5021/3652/3674 2637/1587/1595 2509/1515/1522
f 2625/3659/3681 2819/3660/3682 2610/3661/3683
f 2705/3656/3678 2599/3549/3570 5022/3662/3684
f 2344/1404/1411 2296/1406/1413 2603/3564/3585
f 2643/3663/3685 2819/3660/3682 2625/3659/3681
f 2545/1588/1596 2719/3664/3686 2676/1618/1626
f 2734/3665/3687 5024/3666/3688 2628/3575/3597
f 2700/3667/3689 2643/3663/3685 2680/3668/3690
f 2645/1633/1641 2715/1652/1660 2590/1651/1659
f 2664/3649/3671 5025/3669/3691 2599/3549/3570
f 5025/3669/3691 2664/3649/3671 5027/3670/3692
f 5025/3669/3691 5022/3662/3684 2599/3549/3570
f 2707/3671/3693 2706/3672/3694 2993/1631/1639
f 2707/3671/3693 2993/1631/1639 2655/1630/1638
f 2684/3673/3695 2730/1706/1714 2667/1696/1704
f 2628/3575/3597 2485/1474/1481 2979/1742/1750
f 2714/1654/1662 2622/1607/1615 2691/1626/1634
f 2758/1668/1676 2623/1603/1611 2402/1427/1434
f 2550/1573/1581 2791/1699/1707 2576/1574/1582
f 2541/1557/1564 2701/1649/1657 2736/1716/1724
f 2911/3674/3696 2659/1454/1461 2474/1452/1459
f 2665/1636/1644 2727/1660/1668 2305/1421/1428
f 2305/1421/1428 2698/1653/1661 2710/1637/1645
f 2918/1755/1763 2603/3564/3585 2587/1667/1675
f 5021/3652/3674 2509/1515/1522 2761/1760/1768
f 2911/3674/3696 2474/1452/1459 2483/1462/1469
f 2687/3675/3697 2677/1674/1682 2730/1706/1714
f 2744/1677/1685 2538/1570/1577 2696/1627/1635
f 2700/3667/3689 2819/3660/3682 2643/3663/3685
f 2674/1650/1658 2715/1652/1660 2747/3676/3698
f 2993/1631/1639 5030/3677/3699 5032/3678/3700
f 2993/1631/1639 2706/3672/3694 5023/3679/3701
f 2710/1637/3702 2740/1663/3703 2765/1671/3704
f 2734/3665/3687 2628/3575/3597 2979/1742/1750
f 2819/3660/3682 2600/3639/3661 2610/3661/3683
f 2979/1742/1750 2811/1741/1749 2734/3665/3687
f 2835/1766/1774 2758/1668/1676 2402/1427/1434
f 5023/3679/3701 5030/3677/3699 2993/1631/1639
f 2497/1638/1646 2749/3680/3705 2771/1679/1687
f 2497/1638/1646 2807/3681/3706 2749/3680/3705
f 5034/3682/3707 2787/3654/3676 4960/3557/3578
f 2497/1638/1646 2781/1685/1693 2780/3683/3708
f 5034/3682/3707 4960/3557/3578 5018/3585/3607
f 2712/1457/1464 2713/3684/3709 2507/3648/3670
f 2791/1699/1707 2820/1792/1800 2576/1574/1582
f 2778/3685/3710 5021/3652/3674 2761/1760/1768
f 5033/3686/3711 5019/3614/3636 5016/3619/3641
f 2737/1656/1664 2831/3687/3712 2683/1639/1647
f 2753/1693/1701 2729/1695/1703 2796/1694/1702
f 2667/1696/1704 2730/1706/1714 2796/1694/1702
f 2787/3654/3676 2979/1742/1750 2485/1474/1481
f 2820/1792/1800 2681/1623/1631 2576/1574/1582
f 2529/1634/1642 2799/1725/1733 2709/1635/1643
f 2780/3683/3708 2807/3681/3706 2497/1638/1646
f 2764/1689/1697 2750/1688/1696 2796/1694/1702
f 2870/1682/1690 2847/3688/3713 2775/1697/1705
f 2812/1776/1784 2745/3689/3714 2724/3690/3715
f 2815/3691/3716 2767/3692/3717 2622/1607/1615
f 2812/1776/1784 2776/3693/3718 2745/3689/3714
f 2736/1716/1724 2821/1752/1760 2836/1717/1725
f 2646/1538/1545 2852/1719/1727 2762/1703/1711
f 2585/1605/1613 2823/1722/1730 2843/3694/3719
f 2771/1679/3720 2868/3695/3721 2804/1710/3722
f 2785/3696/3723 2876/1735/1743 2830/1712/1720
f 2813/1777/1785 2724/3690/3715 2790/3697/3724
f 5032/3678/3700 2837/3698/3725 2993/1631/1639
f 2646/1538/1545 2838/1726/1734 2800/1684/1692
f 2585/1605/1613 2856/1729/1737 2646/1538/1545
f 2585/1605/1613 2859/3699/3726 2801/1728/1736
f 2843/3694/3719 2859/3699/3726 2585/1605/1613
f 2802/3700/3727 2866/1746/1754 2860/1745/1753
f 5019/3614/3636 5034/3682/3707 5018/3585/3607
f 2813/1777/1785 2812/1776/1784 2724/3690/3715
f 2797/1700/1708 2818/3701/3728 2760/1669/1677
f 2646/1538/1545 2856/1729/1737 2854/1718/1726
f 2785/3696/3723 2764/1689/1697 2876/1735/1743
f 2918/1755/1763 2587/1667/1675 2834/1666/1674
f 2622/1607/1615 2871/1723/1731 2815/3691/3716
f 2850/3702/3729 2840/1772/1780 2839/1785/1793
f 2944/1720/1728 2911/3674/3696 2483/1462/1469
f 2886/3703/3730 2573/1579/1587 2344/1404/1411
f 2870/1682/1690 2872/3704/3731 2847/3688/3713
f 2759/1632/1640 2903/1767/1775 2402/1427/1434
f 2865/3705/3732 2839/1785/1793 2880/1761/1769
f 2845/1732/1740 2876/1735/1743 2866/1746/1754
f 2761/1760/1768 2884/3706/3733 2778/3685/3710
f 2865/3705/3734 2892/1758/1766 2864/1757/1765
f 2844/1740/1748 2876/1735/1743 2858/1738/1746
f 2573/1579/1587 2886/3703/3730 2870/1682/1690
f 2871/1723/1731 2873/3707/3735 2815/3691/3716
f 2887/3708/3736 2791/1699/1707 2814/1751/1759
f 2709/1635/1643 2908/1788/1796 2798/1708/1716
f 2799/1725/1733 2889/3709/3737 2709/1635/1643
f 2800/1684/1692 2897/3710/3738 2799/1725/1733
f 2945/1779/1787 2849/1778/1786 2874/1780/1788
f 2799/1725/1733 2910/3711/3739 2889/3709/3737
f 2528/1532/1539 2904/1784/1792 2878/1756/1764
f 2921/3712/3740 2600/3639/3661 2819/3660/3682
f 3011/3713/3741 5016/3619/3641 2658/1629/1637
f 2885/3714/3742 2713/3684/3709 2712/1457/1464
f 2906/3715/3743 2900/1820/1829 2871/1723/1731
f 2871/1723/1731 2901/3716/3744 2873/3707/3735
f 2919/3717/3745 2791/1699/1707 2887/3708/3736
f 2945/1779/1787 2915/1774/1782 2812/1776/1784
f 2921/3712/3740 2593/1566/1573 2600/3639/3661
f 2890/3718/3746 2879/1789/1797 2896/1819/1828
f 2903/1767/1775 2898/1765/1773 2402/1427/1434
f 2929/3719/3747 2921/3712/3740 2819/3660/3682
f 2919/3717/3745 2936/3720/3748 2791/1699/1707
f 2709/1635/1643 2932/1796/1804 2908/1788/1796
f 2913/1764/1772 2928/1812/1821 2953/1749/1757
f 2871/1723/1731 2937/3721/3749 2901/3716/3744
f 2761/1760/1768 2957/3722/3750 2884/3706/3733
f 2956/3723/3751 2993/1631/1639 2837/3698/3725
f 2896/1819/1828 2950/1818/1827 2909/1806/1815
f 2964/3724/3752 2921/3712/3740 2929/3719/3747
f 5037/3725/3753 2930/3726/3754 2820/1792/1800
f 2975/3727/3755 2957/3722/3750 2761/1760/1768
f 2941/1805/1814 2942/1804/1813 2940/3728/3756
f 3011/3713/3741 2658/1629/1637 2993/1631/1639
f 2659/1454/1461 2885/3714/3742 2712/1457/1464
f 2871/1723/1731 2954/3729/3757 2937/3721/3749
f 3050/1851/1860 2993/1631/1639 2956/3723/3751
f 2942/1804/1813 2949/3730/3758 2940/3728/3756
f 2969/3731/3759 2937/3721/3749 2954/3729/3757
f 2979/1742/1750 2977/3732/3760 2967/3733/3761
f 2981/3734/3762 2791/1699/1707 2936/3720/3748
f 2870/1682/1690 2972/3735/3763 2935/3736/3764
f 2761/1760/1768 2985/1882/1891 2975/3727/3755
f 2973/1821/1830 2954/3729/3757 2871/1723/1731
f 2949/3730/3758 2942/1804/1813 2960/1829/1838
f 5036/3737/3765 5019/3614/3636 5033/3686/3711
f 5019/3614/3636 5036/3737/3765 5034/3682/3707
f 2659/1454/1461 2994/1947/1957 2885/3714/3742
f 2918/1755/1763 2344/1404/1411 2603/3564/3585
f 3008/3738/3766 2870/1682/1690 2886/3703/3730
f 3008/3738/3766 2972/3735/3763 2870/1682/1690
f 2982/1846/1855 2980/3739/3767 2946/3740/3768
f 3060/3741/3769 5037/3725/3753 2820/1792/1800
f 3011/3713/3741 5033/3686/3711 5016/3619/3641
f 2879/1789/1797 2891/1759/1767 2950/1818/1827
f 2974/3742/3770 2982/1846/1855 2946/3740/3768
f 2982/1846/1855 3002/1848/1857 2983/3743/3771
f 3007/1861/1870 2988/1863/1872 2990/3744/3772
f 3053/1843/1852 2659/1454/1461 2911/3674/3696
f 3060/3741/3769 3024/3745/3773 5037/3725/3753
f 3010/3746/3774 2921/3712/3740 2964/3724/3752
f 5039/3747/3775 2944/1720/1728 2593/1566/1573
f 3015/1835/1844 3036/1839/1848 2791/1699/1707
f 2992/1826/1835 3018/1875/1884 2836/1717/1725
f 2988/1863/1872 2982/1846/1855 2974/3742/3770
f 3010/3746/3774 3032/1895/1904 2921/3712/3740
f 2921/3712/3740 3118/3748/3776 2593/1566/1573
f 2787/3654/3676 3064/3749/3777 2979/1742/1750
f 5038/3750/3778 5033/3686/3711 3011/3713/3741
f 3118/3748/3776 5039/3747/3775 2593/1566/1573
f 2977/3732/3760 3064/3749/3777 3001/3751/3779
f 2979/1742/1750 3064/3749/3777 2977/3732/3760
f 3115/1840/1849 3060/3741/3769 2820/1792/1800
f 5038/3750/3778 5036/3737/3765 5033/3686/3711
f 3023/1858/1867 2984/1831/1840 2903/1767/1775
f 3041/1844/1853 2994/1947/1957 2659/1454/1461
f 3064/3749/3777 3025/3752/3780 3001/3751/3779
f 2994/1947/1957 3019/1946/1956 2885/3714/3742
f 3026/1850/1859 2945/1779/1787 2963/1822/1831
f 3047/1865/1874 3014/1847/1856 2982/1846/1855
f 3028/1845/1854 3051/1888/1897 2891/1759/1767
f 5040/3753/3781 2787/3654/3676 5034/3682/3707
f 3047/1865/1874 2982/1846/1855 2988/1863/1872
f 3000/1833/1842 3054/1891/1900 2953/1749/1757
f 3008/3738/3766 3046/3754/3782 3031/3755/3783
f 3115/1840/1849 3084/1903/1912 3060/3741/3769
f 3053/1843/1852 2911/3674/3696 2944/1720/1728
f 5036/3737/3765 5040/3753/3781 5034/3682/3707
f 3033/1862/1871 3047/1865/1874 2988/1863/1872
f 3047/1865/1874 3016/1864/1873 3014/1847/1856
f 3064/3749/3777 2787/3654/3676 5040/3753/3781
f 3021/1856/1865 2942/1804/1813 3066/1905/1914
f 2886/3703/3730 5043/3756/3784 3008/3738/3766
f 3064/3749/3777 3094/3757/3785 3056/3758/3786
f 3086/3759/3787 3071/3760/3788 3008/3738/3766
f 3071/3760/3788 3046/3754/3782 3008/3738/3766
f 3070/1885/1894 3087/3761/3789 3047/1865/1874
f 3032/1895/1904 3083/1894/1903 2921/3712/3740
f 3064/3749/3777 3096/1914/1923 3094/3757/3785
f 3099/3762/3790 3039/1836/1845 3080/3763/3791
f 3112/1899/1908 3100/3764/3792 2991/1797/1805
f 2985/1882/1891 3072/1886/1895 3062/1883/1892
f 3096/1914/1923 3101/3765/3793 3097/3766/3794
f 3013/1879/1888 3098/1893/1902 3079/3767/3795
f 3083/1894/1903 3040/3768/3796 2921/3712/3740
f 5041/3769/3797 5036/3737/3765 5038/3750/3778
f 3109/3770/3798 3047/1865/1874 3087/3761/3789
f 5042/3771/3799 5038/3750/3778 3011/3713/3741
f 3008/3738/3766 3110/3772/3800 3086/3759/3787
f 3107/1955/1965 2993/1631/1639 3068/1884/1893
f 5039/3747/3775 3053/1843/1852 2944/1720/1728
f 3127/1921/1931 3047/1865/1874 3109/3770/3798
f 3117/1902/1911 3115/1840/1849 3185/1951/1961
f 3101/3765/3793 3096/1914/1923 3132/1913/1922
f 3038/1878/1887 3138/1935/1945 3104/1900/1909
f 3108/3773/3801 3067/1849/1858 3078/1892/1901
f 3183/1926/1936 3128/3774/3802 3114/3775/3803
f 3131/1957/1967 3011/3713/3741 2993/1631/1639
f 3008/3738/3766 5043/3756/3784 3110/3772/3800
f 5043/3756/3784 3135/3776/3804 3110/3772/3800
f 3183/1926/1936 3114/3775/3803 3102/1927/1937
f 3026/1850/1859 3065/1869/1878 3106/1928/1938
f 3185/1951/1961 3115/1840/1849 3129/3777/3805
f 3023/1858/1867 3157/1917/1926 3116/1908/1917
f 5041/3769/3797 5038/3750/3778 5053/3778/3806
f 3146/3779/3807 3185/1951/1961 3129/3777/3805
f 3051/1888/1897 3136/1971/1981 2950/1818/1827
f 3147/3780/3808 3053/1843/1852 5039/3747/3775
f 3263/3781/3809 2918/1755/1763 3039/1836/1845
f 3148/1922/1932 3162/3782/3810 3047/1865/1874
f 5046/3783/3811 3041/1844/1853 3053/1843/1852
f 5043/3756/3784 3156/3784/3812 3135/3776/3804
f 3156/3784/3812 3144/3785/3813 3135/3776/3804
f 3166/3786/3814 3128/3774/3802 3183/1926/1936
f 5044/3787/3815 5036/3737/3765 5041/3769/3797
f 3152/1944/1954 3067/1849/1858 3108/3773/3801
f 3162/3782/3810 3169/3788/3816 3047/1865/1874
f 3167/1949/1959 3185/1951/1961 3146/3779/3807
f 3040/3768/3796 3118/3748/3776 2921/3712/3740
f 3096/1914/1923 3163/1934/1944 3134/1915/1924
f 3099/3762/3790 3263/3781/3809 3039/1836/1845
f 5053/3778/3806 5038/3750/3778 5042/3771/3799
f 3064/3749/3777 3227/2005/2016 3096/1914/1923
f 3227/2005/2016 3163/1934/1944 3096/1914/1923
f 2792/1724/1732 3125/1925/1935 2907/1816/1825
f 5044/3787/3815 5040/3753/3781 5036/3737/3765
f 5049/3789/3817 5043/3756/3784 2886/3703/3730
f 5047/3790/3818 3083/1894/1903 5045/3791/3819
f 3107/1955/1965 3131/1957/1967 2993/1631/1639
f 3147/3780/3808 5046/3783/3811 3053/1843/1852
f 5043/3756/3784 5049/3789/3817 3181/3792/3820
f 3183/1926/1936 3182/3793/3821 3166/3786/3814
f 3198/1983/1993 5048/3794/3822 3185/1951/1961
f 3197/3795/3823 3083/1894/1903 5047/3790/3818
f 3165/3796/3824 3263/3781/3809 3099/3762/3790
f 3180/3797/3825 3215/3798/3826 3169/3788/3816
f 3142/1924/1934 3171/1968/1978 3157/1917/1926
f 5049/3789/3817 3188/3799/3827 3181/3792/3820
f 3083/1894/1903 5050/3800/3828 3040/3768/3796
f 3072/1886/1895 3173/3801/3829 3091/1904/1913
f 3215/3798/3826 3047/1865/1874 3169/3788/3816
f 5051/3802/3830 3147/3780/3808 5039/3747/3775
f 3180/3797/3825 3200/3803/3831 3215/3798/3826
f 5051/3802/3830 5039/3747/3775 3118/3748/3776
f 3195/3804/3832 3263/3781/3809 3165/3796/3824
f 3184/1950/1960 3217/3805/3833 3185/1951/1961
f 3172/3806/3834 3204/1969/1979 3142/1924/1934
f 3183/1926/1936 3047/1865/1874 3215/3798/3826
f 5050/3800/3828 3083/1894/1903 3197/3795/3823
f 3213/3807/3835 5040/3753/3781 5044/3787/3815
f 5049/3789/3817 3210/3808/3836 3188/3799/3827
f 3217/3805/3833 3241/1981/1991 3185/1951/1961
f 3227/2005/2016 3191/3809/3837 3163/1934/1944
f 3072/1886/1895 3211/3810/3838 3173/3801/3829
f 3211/3810/3838 3209/3811/3839 3173/3801/3829
f 3064/3749/3777 5040/3753/3781 3213/3807/3835
f 3205/1977/1987 3159/1940/1950 3058/1870/1879
f 3011/3713/3741 5056/3812/3840 5042/3771/3799
f 3244/2024/2035 2994/1947/1957 3041/1844/1853
f 3215/3798/3826 5054/3813/3841 3183/1926/1936
f 3241/1981/1991 3198/1983/1993 3185/1951/1961
f 3223/1996/2007 3067/1849/1858 3168/1945/1955
f 3228/3814/3842 3210/3808/3836 5049/3789/3817
f 3190/1952/1962 3092/1907/1916 3234/1998/2009
f 3231/3815/3843 5054/3813/3841 3215/3798/3826
f 5046/3783/3811 3244/2024/2035 3041/1844/1853
f 3220/3816/3844 3263/3781/3809 3195/3804/3832
f 3235/3817/3845 5054/3813/3841 3231/3815/3843
f 3233/3818/3846 3131/1957/1967 3208/1970/1980
f 3131/1957/1967 5056/3812/3840 3011/3713/3741
f 5057/3819/3847 5050/3800/3828 3197/3795/3823
f 3072/1886/1895 3331/1993/2003 3211/3810/3838
f 3196/1962/1972 3192/1954/1964 3236/1988/1998
f 3238/1990/2000 3243/1994/3848 3206/1989/1999
f 3241/1981/1991 5058/3820/3849 5052/1982/1992
f 5056/3812/3840 5053/3778/3806 5042/3771/3799
f 3243/1994/2004 3196/1962/1972 3222/3821/3850
f 5049/3789/3817 3249/3822/3851 3228/3814/3842
f 3261/3823/3852 3183/1926/1936 5054/3813/3841
f 3252/2018/2029 3219/1978/1988 3026/1850/1859
f 3254/3824/3853 3261/3823/3852 5054/3813/3841
f 5086/3825/3854 2886/3703/3730 2344/1404/1411
f 3253/3826/3855 3263/3781/3809 3220/3816/3844
f 3196/1962/1972 3252/2018/2029 3026/1850/1859
f 3256/3827/3856 3257/3828/3857 3216/3829/3858
f 3262/3830/3859 3211/3810/3838 3331/1993/2003
f 3261/3823/3852 3275/3831/3860 3183/1926/1936
f 3275/3831/3860 5080/3832/3861 3183/1926/1936
f 3293/3833/3862 3328/2006/2017 3064/3749/3777
f 3280/3834/3863 5058/3820/3849 3241/1981/1991
f 3279/3835/3864 3280/3834/3863 3241/1981/1991
f 5049/3789/3817 3284/3836/3865 3249/3822/3851
f 5080/3832/3861 3216/3829/3858 3183/1926/1936
f 3264/3837/3866 3279/3835/3864 3241/1981/1991
f 3058/1870/1879 3286/2026/2037 3246/1976/1986
f 3040/3768/3796 5062/3838/3867 3118/3748/3776
f 3064/3749/3777 3328/2006/2017 3227/2005/2016
f 3285/3839/3868 3283/3840/3869 3275/3831/3860
f 3323/2008/2019 3196/1962/1972 3276/2000/2011
f 5063/3841/3870 5050/3800/3828 5057/3819/3847
f 5049/3789/3817 3302/3842/3871 3284/3836/3865
f 5080/3832/3861 3256/3827/3856 3216/3829/3858
f 3279/3835/3864 5065/3843/3872 3280/3834/3863
f 5063/3841/3870 5057/3819/3847 5061/3844/3873
f 3295/3845/3874 3131/1957/1967 3233/3818/3846
f 3306/3846/3875 3147/3780/3808 5051/3802/3830
f 3306/3846/3875 5046/3783/3811 3147/3780/3808
f 5086/3825/3854 2344/1404/1411 2918/1755/1763
f 3283/3840/3869 5080/3832/3861 3275/3831/3860
f 3307/2023/2034 3176/1948/1958 2994/1947/1957
f 5080/3832/3861 5064/3847/3876 3256/3827/3856
f 5069/3848/3877 5065/3843/3872 3279/3835/3864
f 3328/2006/2017 3300/3849/3878 3272/2012/2023
f 5068/3850/3879 5069/3848/3877 3279/3835/3864
f 3301/3851/3880 3303/2020/2031 3288/2001/2012
f 5049/3789/3817 3309/3852/3881 3302/3842/3871
f 5075/3853/3882 5069/3848/3877 5068/3850/3879
f 5066/3854/3883 5041/3769/3797 5053/3778/3806
f 3310/3855/3884 3317/3856/3885 3283/3840/3869
f 3319/3857/3886 5050/3800/3828 5063/3841/3870
f 5067/3858/3887 3309/3852/3881 5049/3789/3817
f 5083/3859/3888 5050/3800/3828 3319/3857/3886
f 3213/3807/3835 3293/3833/3862 3064/3749/3777
f 3283/3840/3869 3317/3856/3885 5080/3832/3861
f 5071/3860/3889 3319/3857/3886 5063/3841/3870
f 3202/1972/1982 3320/2037/2048 3136/1971/1981
f 3304/3861/3890 3263/3781/3809 3253/3826/3855
f 5076/3862/3891 5064/3847/3876 5080/3832/3861
f 5075/3853/3882 5078/3863/3892 5069/3848/3877
f 5056/3812/3840 5066/3854/3883 5053/3778/3806
f 5067/3858/3887 3318/3864/3893 3309/3852/3881
f 3269/2011/2022 3287/2010/2021 3119/1911/1920
f 5044/3787/3815 5041/3769/3797 5084/3865/3894
f 3307/2023/2034 3321/3866/3895 3176/1948/1958
f 5076/3862/3896 3319/3857/3897 5074/3867/3898
f 5085/3868/3899 5056/3812/3840 3131/1957/1967
f 5079/3869/3900 3306/3846/3875 5051/3802/3830
f 5066/3854/3883 5084/3865/3894 5041/3769/3797
f 3295/3845/3874 3326/3870/3901 3131/1957/1967
f 5084/3865/3894 3213/3807/3835 5044/3787/3815
f 5062/3838/3867 5051/3802/3830 3118/3748/3776
f 5091/3871/3902 3328/2006/2017 3293/3833/3862
f 5067/3858/3887 3342/3872/3903 3318/3864/3893
f 5083/3859/3888 5076/3862/3891 5080/3832/3861
f 5050/3800/3828 5062/3838/3867 3040/3768/3796
f 5089/3873/3904 5062/3838/3867 5050/3800/3828
f 5088/3874/3905 3244/2024/2035 5046/3783/3811
f 5094/3875/3906 5091/3871/3902 3293/3833/3862
f 5088/3874/3905 5046/3783/3811 3306/3846/3875
f 3343/3876/3907 5080/3832/3861 3317/3856/3885
f 5088/3874/3905 3307/2023/2034 3244/2024/2035
f 5087/3877/3908 5083/3859/3888 5080/3832/3861
f 5085/3868/3899 5066/3854/3883 5056/3812/3840
f 3373/2063/2074 3131/1957/1967 3326/3870/3901
f 3343/3876/3907 5087/3877/3908 5080/3832/3861
f 3373/2063/2074 5085/3868/3899 3131/1957/1967
f 3385/3878/3909 3263/3781/3809 3304/3861/3890
f 5083/3859/3888 5089/3873/3904 5050/3800/3828
f 5094/3875/3906 3293/3833/3862 3213/3807/3835
f 3342/3872/3903 3359/3879/3910 3345/3880/3911
f 5067/3858/3887 5096/3881/3912 3342/3872/3903
f 5096/3881/3912 3359/3879/3910 3342/3872/3903
f 5090/3882/3913 3306/3846/3875 5079/3869/3900
f 3306/3846/3875 5090/3882/3913 5088/3874/3905
f 3357/2061/2072 3373/2063/2074 3326/3870/3901
f 5092/3883/3914 5051/3802/3830 5062/3838/3867
f 5067/3858/3887 5049/3789/3817 2886/3703/3730
f 5086/3825/3854 2918/1755/1763 3263/3781/3809
f 5091/3871/3902 3327/3884/3915 3328/2006/2017
f 5087/3877/3908 5093/3885/3916 5083/3859/3888
f 3360/3886/3917 5095/3887/3918 3343/3876/3907
f 3385/3878/3909 5086/3825/3854 3263/3781/3809
f 3287/2010/2021 3348/2056/2067 3277/2003/2014
f 3307/2023/2034 3365/3888/3919 3321/3866/3895
f 5095/3887/3918 5087/3877/3908 3343/3876/3907
f 5092/3883/3914 5079/3869/3900 5051/3802/3830
f 5093/3885/3916 5089/3873/3904 5083/3859/3888
f 5089/3873/3904 5092/3883/3914 5062/3838/3867
f 5085/3868/3899 5097/3889/3920 5066/3854/3883
f 5098/3890/3921 5094/3875/3906 3213/3807/3835
f 5091/3871/3902 3380/3891/3922 3327/3884/3915
f 3371/2085/2096 3382/2070/2081 3331/1993/2003
f 3371/2085/2096 3331/1993/2003 3225/1984/1994
f 5066/3854/3883 5098/3890/3921 5084/3865/3894
f 3382/2070/2081 3374/2073/2084 3341/2071/2082
f 5098/3890/3921 3213/3807/3835 5084/3865/3894
f 3383/3892/3923 3307/2023/2034 5088/3874/3905
f 5092/3883/3914 5090/3882/3913 5079/3869/3900
f 5066/3854/3883 5097/3889/3920 5098/3890/3921
f 3388/2103/2114 3373/2063/2074 3376/2078/2089
f 5093/3885/3916 5099/3893/3924 5089/3873/3904
f 5067/3858/3887 5106/3894/3925 5096/3881/3912
f 3411/3895/3926 3423/2148/2159 5091/3871/3902
f 3423/2148/2159 3380/3891/3922 5091/3871/3902
f 5101/3896/3927 5087/3877/3908 5095/3887/3918
f 5094/3875/3906 3411/3895/3926 5091/3871/3902
f 3383/3892/3923 5088/3874/3905 5090/3882/3913
f 5100/2144/2155 5097/3889/3920 5085/3868/3899
f 3383/3892/3923 3404/2092/2103 3307/2023/2034
f 3409/2091/2102 3365/3888/3919 3307/2023/2034
f 3373/2063/2074 5100/2144/2155 5085/3868/3899
f 5098/3890/3921 3411/3895/3926 5094/3875/3906
f 5105/3897/3928 5092/3883/3914 5089/3873/3904
f 5102/3898/3929 5106/3894/3925 5067/3858/3887
f 3420/3899/3930 5086/3825/3854 3385/3878/3909
f 5103/3900/3931 3383/3892/3923 5090/3882/3913
f 5100/2144/2155 3410/2146/2157 5097/3889/3920
f 5104/3901/3932 5087/3877/3908 5101/3896/3927
f 5099/3893/3924 5105/3897/3928 5089/3873/3904
f 5107/3902/3933 5099/3893/3924 5093/3885/3916
f 5087/3877/3908 5104/3901/3932 5093/3885/3916
f 5108/3903/3934 5090/3882/3913 5092/3883/3914
f 5093/3885/3916 5104/3901/3932 5107/3902/3933
f 3429/2126/2137 3373/2063/2074 3412/2104/2115
f 3420/3899/3930 3426/3904/3935 5086/3825/3854
f 5103/3900/3931 3404/2092/2103 3383/3892/3923
f 5108/3903/3934 5103/3900/3931 5090/3882/3913
f 5097/3889/3920 3410/2146/2157 5098/3890/3921
f 5128/3905/3936 5067/3858/3887 2886/3703/3730
f 3429/2126/2137 3502/2125/2136 3373/2063/2074
f 3411/3895/3926 5098/3890/3921 5109/3906/3937
f 3460/2106/2117 3427/2117/2128 3382/2070/2081
f 3502/2125/2136 5100/2144/2155 3373/2063/2074
f 5109/3906/3937 5098/3890/3921 3410/2146/2157
f 5110/3907/3938 3404/2092/2103 5103/3900/3931
f 3411/3895/3926 3448/2149/2160 3423/2148/2159
f 5102/3898/3929 5111/3908/3939 5106/3894/3925
f 3483/2209/2220 3411/3895/3926 5109/3906/3937
f 5113/3909/3940 5105/3897/3928 5099/3893/3924
f 5101/3896/3927 5114/3910/3941 5104/3901/3932
f 3404/2092/2103 3446/3911/3942 3409/2091/2102
f 3442/3912/3943 5086/3825/3854 3426/3904/3935
f 5105/3897/3928 5108/3903/3934 5092/3883/3914
f 3411/3895/3926 3483/2209/2220 3448/2149/2160
f 5116/2165/2176 5086/3825/3854 3442/3912/3943
f 3453/3913/3944 5116/2165/2176 3442/3912/3943
f 3475/3914/3945 3483/2209/2220 5109/3906/3937
f 5128/3905/3936 5102/3898/3929 5067/3858/3887
f 5107/3902/3933 5117/3915/3946 5099/3893/3924
f 5118/3916/3947 5108/3903/3934 5105/3897/3928
f 3404/2092/2103 5121/3917/3948 3446/3911/3942
f 3470/2166/2177 5116/2165/2176 3453/3913/3944
f 5115/3918/3949 5103/3900/3931 5108/3903/3934
f 5119/3919/3950 5107/3902/3933 5104/3901/3932
f 5124/2145/2156 5100/2144/2155 3502/2125/2136
f 3472/2189/2200 3502/2125/2136 3450/2127/2138
f 5110/3907/3938 5121/3917/3948 3404/2092/2103
f 5102/3898/3929 5122/3920/3951 5111/3908/3939
f 5114/3910/3941 5119/3919/3950 5104/3901/3932
f 3435/2121/2132 3377/2068/2079 3381/2080/2091
f 3435/2121/2132 3489/2168/2179 3466/2152/2163
f 5120/3921/3952 5119/3919/3950 5114/3910/3941
f 5117/3915/3946 5113/3909/3940 5099/3893/3924
f 5086/3825/3854 5128/3905/3936 2886/3703/3730
f 5121/3917/3948 3484/3922/3953 3446/3911/3942
f 5113/3909/3940 5118/3916/3947 5105/3897/3928
f 3475/3914/3945 5109/3906/3937 3410/2146/2157
f 3511/3923/3954 5116/2165/2176 3497/2167/2178
f 5121/3917/3948 3509/3924/3955 3484/3922/3953
f 5123/3925/3956 5115/3918/3949 5108/3903/3934
f 5115/3918/3949 5110/3907/3938 5103/3900/3931
f 3483/2209/2220 3534/2208/2219 3448/2149/2160
f 3435/2121/2132 3524/2193/2204 3510/2177/2188
f 5122/3920/3951 5102/3898/3929 5128/3905/3936
f 3525/3926/3957 5116/2165/2176 3511/3923/3954
f 3530/3927/3958 3410/2146/2157 5124/2145/2156
f 3530/3927/3958 3475/3914/3945 3410/2146/2157
f 5127/3928/3959 5110/3907/3938 5115/3918/3949
f 3567/2188/2199 3519/2205/2216 3501/2161/2172
f 3545/3929/3960 5116/2165/2176 3525/3926/3957
f 5121/3917/3948 3543/3930/3961 3509/3924/3955
f 5123/3925/3956 5108/3903/3934 5118/3916/3947
f 3448/2149/2160 3536/3931/3962 3482/2150/2161
f 5133/3932/3963 5119/3919/3950 5120/3921/3952
f 3554/3933/3964 3435/2121/2132 3481/2160/2171
f 5127/3928/3959 5121/3917/3948 5110/3907/3938
f 3626/2207/2218 3483/2209/2220 3475/3914/3945
f 5151/3934/3965 5128/3905/3936 5086/3825/3854
f 3556/2210/2221 3435/2121/2132 3554/3933/3964
f 3563/2230/2241 5116/2165/2176 3545/3929/3960
f 3530/3927/3958 3568/2348/2360 3475/3914/3945
f 3566/2224/2235 3502/2125/2136 3552/2202/2213
f 5119/3919/3950 5126/3935/3966 5107/3902/3933
f 3502/2125/2136 3574/2239/2250 5124/2145/2156
f 5112/3936/3967 5151/3934/3965 5086/3825/3854
f 5129/3937/3968 5118/3916/3947 5113/3909/3940
f 3706/2337/2349 3536/3931/3962 3448/2149/2160
f 3563/2230/2241 3571/2229/2240 5116/2165/2176
f 5133/3932/3963 5126/3935/3966 5119/3919/3950
f 3635/2227/2238 3530/3927/3958 5124/2145/2156
f 3568/2348/2360 3626/2207/2218 3475/3914/3945
f 3579/2218/2229 3458/2135/2146 3544/2203/2214
f 5121/3917/3948 3610/3938/3969 3543/3930/3961
f 3574/2239/2250 3596/2226/2237 5124/2145/2156
f 5125/3939/3970 5133/3932/3963 5120/3921/3952
f 3481/2160/2171 3590/3940/3971 3554/3933/3964
f 5126/3935/3966 5117/3915/3946 5107/3902/3933
f 5117/3915/3946 5129/3937/3968 5113/3909/3940
f 3534/2208/2219 3706/2337/2349 3448/2149/2160
f 3458/2135/2146 3602/2242/2253 3611/2250/2261
f 3586/2223/2234 3605/2252/2263 3577/3941/3972
f 5121/3917/3948 3612/3942/3973 3610/3938/3969
f 3481/2160/2171 3601/2236/2269 3590/3940/3971
f 5128/3905/3936 5131/3943/3974 5122/3920/3951
f 3617/2246/2257 3582/2219/2230 3435/2121/2132
f 3638/2265/2277 3614/2264/2276 3598/3944/3975
f 3618/3945/3976 3638/2265/2277 3598/3944/3975
f 5116/2165/2176 5112/3936/3967 5086/3825/3854
f 3628/2269/2281 3571/2229/2240 3613/2231/2242
f 5130/3946/3977 5123/3925/3956 5118/3916/3947
f 3635/2227/2238 3568/2348/2360 3530/3927/3958
f 3630/2259/2271 3584/2233/2244 3439/2123/2134
f 5121/3917/3948 3651/3947/3978 3612/3942/3973
f 3645/3948/3979 3574/2239/2250 3583/2225/2236
f 5129/3937/3968 5130/3946/3977 5118/3916/3947
f 3650/3949/3980 3571/2229/2240 3640/2270/2282
f 3647/3950/3981 3582/2219/2230 3617/2246/2257
f 3654/2277/2289 3629/2258/2270 3481/2160/2171
f 3652/3951/3982 3651/3947/3978 5121/3917/3948
f 5123/3925/3956 5127/3928/3959 5115/3918/3949
f 5127/3928/3959 3673/3952/3983 5121/3917/3948
f 3656/3953/3984 3571/2229/2240 3650/3949/3980
f 3586/2223/2234 3653/2289/2301 3646/2257/2268
f 3694/2464/2477 3706/2337/2349 3534/2208/2219
f 3673/3952/3983 3652/3951/3982 5121/3917/3948
f 3626/2207/2218 3694/2464/2477 3534/2208/2219
f 3706/2337/2349 3649/3954/3985 3536/3931/3962
f 5132/3955/3986 5133/3932/3963 5125/3939/3970
f 3659/2312/2324 3586/2223/2234 3582/2219/2230
f 3670/3956/3987 3631/2266/2278 3638/2265/2277
f 3658/2281/2293 3458/2135/2146 3639/2262/2274
f 3668/3957/3988 3571/2229/2240 3656/3953/3984
f 3679/2296/2308 3574/2239/2250 3645/3948/3979
f 3673/3952/3983 3677/3958/3989 3665/3959/3990
f 3670/3956/3987 3684/2304/2316 3631/2266/2278
f 3596/2226/2237 3574/2239/2250 3748/2389/2401
f 3681/3960/3991 3571/2229/2240 3668/3957/3988
f 5116/2165/2176 3571/2229/2240 5112/3936/3967
f 3653/2289/2301 3680/2298/2310 3667/3961/3992
f 5117/3915/3946 5135/3962/3993 5129/3937/3968
f 3756/2350/2362 3694/2464/2477 3626/2207/2218
f 3568/2348/2360 3756/2350/2362 3626/2207/2218
f 3690/2339/2351 3649/3954/3985 3706/2337/2349
f 5129/3937/3968 5135/3962/3993 5130/3946/3977
f 3692/2299/2311 3686/3963/3994 3671/2276/2288
f 3692/2299/2311 3671/2276/2288 3481/2160/2171
f 3673/3952/3983 3707/2355/2367 3677/3958/3989
f 3659/2312/2324 3700/3964/3995 3696/2313/2325
f 3707/2355/2367 3673/3952/3983 5127/3928/3959
f 5140/3965/3996 5133/3932/3963 5132/3955/3986
f 3710/2323/2335 3571/2229/2240 3681/3960/3991
f 3707/2355/2367 3713/3966/3997 3691/3967/3998
f 5128/3905/3936 5138/3968/3999 5131/3943/3974
f 3692/2299/2311 3711/3969/4000 3686/3963/3994
f 3703/2334/2346 3568/2348/2360 3635/2227/2238
f 3717/2349/2361 3568/2348/2360 3703/2334/2346
f 3659/2312/2324 3751/2314/2326 3586/2223/2234
f 5136/3970/4001 5126/3935/3966 5133/3932/3963
f 3699/2290/2302 3718/3971/4002 3709/2308/2320
f 3751/2314/2326 3699/2290/2302 3586/2223/2234
f 3720/2318/2330 3718/3971/4002 3699/2290/2302
f 5134/3972/4003 5127/3928/3959 5123/3925/3956
f 3707/2355/2367 3734/3973/4004 3713/3966/3997
f 3655/2288/2300 3642/2272/2284 3762/3974/4005
f 3725/3975/4006 3714/2311/2323 3675/2282/2294
f 3743/2347/2359 3571/2229/2240 3722/2322/2334
f 5142/3976/4007 5126/3935/3966 5136/3970/4001
f 3731/2353/2365 3702/2302/2314 3564/2238/2249
f 3732/3977/4008 3574/2239/2250 3701/2297/2309
f 3734/3973/4004 3707/2355/2367 3742/2354/2366
f 5137/3978/4009 5147/3979/4010 5133/3932/3963
f 3747/2357/2369 3761/2387/2399 3574/2239/2250
f 3761/2387/2399 3748/2389/2401 3574/2239/2250
f 5150/3980/4011 5137/3978/4009 5133/3932/3963
f 5133/3932/3963 5147/3979/4010 5136/3970/4001
f 3697/2300/2312 3771/3981/4012 3692/2299/2311
f 5146/3982/4013 5117/3915/3946 5126/3935/3966
f 3754/2358/2370 3574/2239/2250 3732/3977/4008
f 3699/2290/2302 3764/2359/2371 3745/2317/2329
f 5144/3983/4014 5156/3984/4015 5143/3985/4016
f 5150/3980/4011 5133/3932/3963 5140/3965/3996
f 5142/3976/4007 5157/3986/4017 5126/3935/3966
f 3727/3987/4018 3723/2326/2338 3705/2285/2297
f 5146/3982/4013 5135/3962/3993 5117/3915/3946
f 5130/3946/3977 5134/3972/4003 5123/3925/3956
f 3707/2355/2367 5127/3928/3959 5134/3972/4003
f 3751/2314/2326 3766/2360/2372 3699/2290/2302
f 3726/2329/2341 3770/3988/4019 3751/2314/2326
f 5157/3986/4017 5146/3982/4013 5126/3935/3966
f 3783/2378/2390 3723/2326/2338 3727/3987/4018
f 3694/2464/2477 3777/2338/2350 3706/2337/2349
f 5151/3934/3965 5138/3968/3999 5128/3905/3936
f 5166/3989/4020 5156/3984/4015 5144/3983/4014
f 3723/2326/2338 3801/2406/2418 3752/3990/4021
f 3800/3991/4022 3751/2314/2326 3770/3988/4019
f 5163/3992/4023 5166/3989/4020 5144/3983/4014
f 5151/3934/3965 5159/3993/4024 5138/3968/3999
f 5166/3989/4020 5170/3994/4025 5156/3984/4015
f 3697/2300/2312 3809/2424/2437 3771/3981/4012
f 3821/3995/4026 3800/3991/4022 3770/3988/4019
f 3777/2338/2350 3895/2511/2524 3690/2339/2351
f 3731/2353/2365 3807/3996/4027 3776/2365/2377
f 3723/2326/2338 3855/2407/2419 3801/2406/2418
f 5146/3982/4013 5157/3986/4017 5171/3997/4028
f 3630/2259/2271 3565/2220/2231 3866/2393/2405
f 3850/2346/2358 5112/3936/3967 3571/2229/2240
f 5173/3998/4029 5166/3989/4020 5168/3999/4030
f 5166/3989/4020 5160/4000/4031 5168/3999/4030
f 3682/2292/2304 3849/2382/2394 3565/2220/2231
f 3850/2346/2358 3779/2369/2381 3844/4001/4032
f 5172/4002/4033 5150/3980/4011 5140/3965/3996
f 3848/4003/4034 3822/2377/2389 3783/2378/2390
f 3819/4004/4035 3840/2419/2431 3808/4005/4036
f 3862/4006/4037 3870/2420/2433 3819/4004/4035
f 3793/2411/2423 3792/4007/4038 3824/2409/2421
f 3811/2391/2403 3866/2393/2405 3565/2220/2231
f 4504/4008/4039 5151/3934/3965 5112/3936/3967
f 3854/4009/4040 3877/2421/2434 3870/2420/2433
f 5171/3997/4028 5176/4010/4041 5146/3982/4013
f 3596/2226/2237 3865/2398/2410 3703/2334/2346
f 3707/2355/2367 3867/2404/2416 3778/2366/2378
f 3883/4011/4042 3850/2346/2358 3847/4012/4043
f 5177/4013/4044 5150/3980/4011 5172/4002/4033
f 3870/2420/2433 3840/2419/2431 3819/4004/4035
f 3731/2353/2365 3878/2426/2439 3856/4014/4045
f 3910/2402/2414 3820/2401/2413 3801/2406/2418
f 5173/3998/4029 5170/3994/4025 5166/3989/4020
f 5182/4015/4046 5135/3962/3993 5146/3982/4013
f 3838/2384/2396 3840/2419/2431 3853/2385/2397
f 5183/4016/4047 5140/3965/3996 5174/4017/4048
f 5173/3998/4029 5185/4018/4049 5170/3994/4025
f 5185/4018/4049 5178/4019/4050 5170/3994/4025
f 3901/2425/2438 3809/2424/2437 3697/2300/2312
f 3893/2414/2426 3880/4020/4051 3873/2412/2424
f 3935/2445/2458 3859/2390/2402 3717/2349/2361
f 5184/4021/4052 5181/4022/4053 5187/4023/4054
f 5140/3965/3996 5183/4016/4047 5172/4002/4033
f 5186/4024/4055 5130/3946/3977 5135/3962/3993
f 3907/2400/2412 3703/2334/2346 3875/2399/2411
f 3756/2350/2362 3908/2458/2471 3694/2464/2477
f 3868/2394/2406 3917/4025/4056 3785/2310/2322
f 3917/4025/4056 3939/2512/2525 3785/2310/2322
f 3870/2420/2433 3974/2436/2449 3840/2419/2431
f 5177/4013/4044 5188/4026/4057 5150/3980/4011
f 3891/2408/2420 3855/2407/2419 3723/2326/2338
f 3894/2434/2447 3865/2398/2410 3596/2226/2237
f 3810/2429/2442 3903/2428/2441 3858/2413/2425
f 3905/2430/2443 3885/4027/4058 3596/2226/2237
f 3885/4027/4058 3919/2433/2446 3596/2226/2237
f 3655/2288/2300 3762/3974/4005 4082/2550/2563
f 3883/4011/4042 3926/2450/2463 3850/2346/2358
f 5203/4028/4059 5172/4002/4033 5183/4016/4047
f 3976/4029/4060 3918/4030/4061 3910/2402/2414
f 5195/4031/4062 5185/4018/4049 5173/3998/4029
f 3927/2476/2489 3878/2426/2439 3730/2333/2345
f 3707/2355/2367 3992/4032/4063 3887/2405/2417
f 5197/4033/4064 5159/3993/4024 5151/3934/3965
f 3912/4034/4065 3943/2432/2445 3863/2410/2422
f 3930/2453/2466 3717/2349/2361 3907/2400/2412
f 4011/2449/2462 5112/3936/3967 3850/2346/2358
f 5206/4035/4066 5196/4036/4067 5184/4021/4052
f 3900/2422/2435 3975/4037/4068 3974/2436/2449
f 3840/2419/2431 3933/4038/4069 3925/2438/2451
f 3855/2407/2419 3976/4029/4060 3910/2402/2414
f 5201/4039/4070 5176/4010/4041 5190/4040/4071
f 3906/2444/2457 3920/2488/2501 3915/4041/4072
f 5134/3972/4003 5130/3946/3977 5186/4024/4055
f 3908/2458/2471 4045/2465/2478 3694/2464/2477
f 5206/4035/4066 5184/4021/4052 5187/4023/4054
f 5213/4042/4073 5146/3982/4013 5176/4010/4041
f 3960/4043/4074 3958/4044/4075 3942/4045/4076
f 3933/4038/4069 4012/2472/2485 3960/4043/4077
f 3855/2407/2419 4142/2576/2589 3976/4029/4060
f 5173/3998/4029 5205/4046/4078 5195/4031/4062
f 3945/4047/4079 3930/2453/2466 3907/2400/2412
f 3989/2496/4080 3991/2451/2464 3859/2390/2402
f 3991/2451/2464 3956/2457/2470 3756/2350/2362
f 5134/3972/4003 5194/4048/4081 3707/2355/2367
f 4012/2472/2485 3972/2471/2484 3960/4043/4077
f 5207/4049/4082 5173/3998/4029 5228/4050/4083
f 5207/4049/4082 5205/4046/4078 5173/3998/4029
f 5201/4039/4070 5213/4042/4073 5176/4010/4041
f 3981/2470/2483 3948/4051/4084 3946/2468/2481
f 4002/2477/2490 3951/2455/2468 3717/2349/2361
f 3953/2456/2469 3965/2461/2474 3717/2349/2361
f 3967/2462/2475 3935/2445/2458 3717/2349/2361
f 3995/2473/2486 4012/2472/2485 3958/4052/4085
f 5206/4035/4066 5209/4053/4086 5196/4036/4067
f 5208/4054/4087 5172/4002/4033 5203/4028/4059
f 3944/2507/2520 3980/2469/2482 3946/2468/2481
f 4016/2479/2492 3949/4055/4088 3948/4051/4089
f 4016/2479/2492 3998/2480/2493 3949/4055/4088
f 4000/4056/4090 3950/4057/4091 3930/2453/2466
f 3934/2454/2467 3930/2453/2466 3950/4057/4091
f 3969/2463/2476 3955/4058/4092 3859/2390/2402
f 5239/4059/4093 5173/3998/4029 5175/4060/4094
f 3977/2474/2487 3996/4061/4095 3901/2425/2438
f 3931/2508/2521 3944/2507/2520 3932/4062/4096
f 4021/4063/4097 3859/2390/2402 3955/4058/4092
f 5194/4048/4081 3992/4032/4063 3707/2355/2367
f 5197/4033/4064 5151/3934/3965 5214/4064/4098
f 5218/4065/4099 5187/4023/4054 5199/4066/4100
f 5218/4065/4099 5199/4066/4100 5210/4067/4101
f 3903/2428/2441 3906/2444/2457 3914/2442/2455
f 4147/2484/2497 3985/2483/2496 3983/2490/2503
f 4147/2484/2497 3987/4068/4102 4005/4069/4103
f 5194/4048/4081 5134/3972/4003 5229/4070/4104
f 3987/4068/4102 4147/2484/2497 3970/4071/4105
f 4147/2484/2497 4006/2492/2505 3970/4071/4105
f 3989/2496/2509 4022/2495/2508 5216/4072/4106
f 5216/4072/4106 4022/2495/2508 3991/2451/2464
f 4022/2495/2508 3956/2457/2470 3991/2451/2464
f 3992/4032/4063 4026/4073/4107 3938/4074/4108
f 4100/4075/4109 5112/3936/3967 4011/2449/2462
f 5220/4076/4110 5197/4033/4064 5214/4064/4098
f 3840/2419/2431 3974/2436/2449 3933/4038/4069
f 5221/4077/4111 5209/4053/4086 5206/4035/4066
f 4040/4078/4112 3974/2436/2449 3975/4037/4068
f 4142/2576/2589 4039/4079/4113 3976/4029/4060
f 4032/2521/2534 4014/2475/2488 3730/2333/2345
f 4001/4080/4114 3980/2469/2482 3982/2481/2494
f 3980/2469/2482 4003/2592/2605 3963/2482/2495
f 4147/2484/2497 4005/4069/4103 4017/2485/2498
f 4045/2465/2478 4035/2529/2542 3777/2338/2350
f 5194/4048/4081 4026/4073/4107 3992/4032/4063
f 4011/2449/2462 4052/4081/4115 4100/4075/4109
f 4037/2500/2513 3974/2436/2449 4029/2498/2511
f 5206/4035/4066 5187/4023/4054 5218/4065/4099
f 5200/4082/4116 5239/4059/4093 5175/4060/4094
f 5219/4083/4117 5213/4042/4073 5201/4039/4070
f 3980/2469/2482 4001/4080/4114 3998/2480/2493
f 4003/2592/2605 4147/2484/2497 4004/2491/2504
f 3933/4038/4069 3974/2436/2449 4012/2472/2485
f 4068/4084/4118 4045/2465/2478 3908/2458/2471
f 4035/2529/2542 4058/2531/2544 3777/2338/2350
f 5206/4035/4066 5218/4065/4099 5224/4085/4119
f 5211/4086/4120 5200/4082/4116 5204/4087/4121
f 3980/2469/2482 3931/2508/2521 3921/2489/2502
f 4067/4088/4122 4018/2503/2516 4054/2502/2515
f 4074/4089/4123 4035/2529/2542 4045/2465/2478
f 4058/2531/2544 4024/2504/2517 3777/2338/2350
f 5194/4048/4081 4050/4090/4124 4026/4073/4107
f 4060/4091/4125 3785/2310/2322 4027/2513/2526
f 5239/4059/4093 5200/4082/4116 5211/4086/4120
f 5227/4092/4126 3974/2436/2449 4040/4078/4112
f 4142/2576/2589 5226/4093/4127 4039/4079/4113
f 4081/4094/4128 3895/2511/2524 4059/2510/2523
f 5235/4095/4129 5228/4050/4083 5173/3998/4029
f 5219/4083/4117 5231/4096/4130 5213/4042/4073
f 5182/4015/4046 5186/4024/4055 5135/3962/3993
f 5186/4024/4055 5229/4070/4104 5134/3972/4003
f 4054/2502/2515 4023/2523/2536 4007/2493/2506
f 4071/4097/4131 4075/4098/4132 4045/2465/4133
f 3974/2436/2449 4092/4099/4134 4051/2499/2512
f 4101/2575/2588 5226/4093/4127 4142/2576/2589
f 4057/4100/4135 4225/2526/2539 4031/2525/2538
f 3906/2444/2457 3980/2469/2482 3921/2489/2502
f 4075/4101/4136 4090/2530/2543 4035/2529/2542
f 4036/2505/2518 4059/2510/2523 3777/2338/2350
f 5227/4092/4126 4102/4102/4137 3974/2436/2449
f 5235/4095/4129 5173/3998/4029 5239/4059/4093
f 4054/2502/2515 4046/2538/2551 4067/4088/4122
f 5239/4059/4093 5211/4086/4120 5222/4103/4138
f 4060/4091/4125 4118/2573/2586 3785/2310/2322
f 3974/2436/2449 4125/4104/4139 4092/4099/4134
f 5236/4105/4140 5222/4103/4138 5232/4106/4141
f 4083/4107/4142 4142/2576/2589 3855/2407/2419
f 4104/4108/4143 4225/2526/2539 4057/4100/4135
f 4103/4109/4144 3903/2428/2441 4013/2516/2529
f 3697/2300/2312 4084/4110/4145 4109/2544/2557
f 5213/4042/4073 5182/4015/4046 5146/3982/4013
f 4080/2535/2548 4084/4110/4145 3697/2300/2312
f 4054/2502/2515 4076/2556/2569 4089/2537/2550
f 4136/4111/4146 4050/4090/4124 5194/4048/4081
f 5206/4035/4066 5233/4112/4147 5221/4077/4111
f 5236/4105/4140 5239/4059/4093 5222/4103/4138
f 4108/2565/2578 4225/2526/2539 4104/4108/4143
f 4130/4113/4148 4129/2566/2579 4120/4114/4149
f 3974/2436/2449 4156/4115/4150 4125/4104/4139
f 5238/4116/4151 5213/4042/4073 5231/4096/4130
f 4158/4117/4152 4169/4118/4153 4168/4119/4154
f 4169/4118/4153 4158/4117/4152 3974/2436/2449
f 4161/2595/2608 3903/2428/2441 4103/4109/4144
f 4130/4113/4148 4226/2582/2595 4129/2566/2579
f 4140/2580/2593 4226/2582/2595 4130/4113/4148
f 4504/4008/4039 5240/4120/4155 5151/3934/3965
f 4100/4075/4109 4308/4121/4156 5112/3936/3967
f 5206/4035/4066 5241/4122/4157 5233/4112/4147
f 4187/4123/4158 4170/4124/4159 4102/4102/4137
f 3906/2444/2457 4176/2589/2602 3980/2469/2482
f 5241/4122/4157 5206/4035/4066 5230/4125/4160
f 5241/4122/4157 5237/4126/4161 5233/4112/4147
f 4145/4127/4162 4179/2710/2724 4162/2581/2594
f 3744/2291/2303 3676/2303/2315 4181/4128/4163
f 4150/2621/2634 4098/4129/4164 4117/2549/2562
f 5194/4048/4081 4196/4130/4165 4136/4111/4146
f 5214/4064/4098 5151/3934/3965 5244/4131/4166
f 4156/4132/4167 4168/4119/4154 4208/4133/4168
f 4411/4134/4169 4169/4118/4153 3974/2436/2449
f 4225/2526/2539 4143/2606/2619 4062/2542/2555
f 4181/4128/4163 4198/2572/2585 3744/2291/2303
f 3676/2303/2315 4192/4135/4170 4181/4128/4163
f 4137/4136/4171 4209/4137/4172 4100/4075/4109
f 5242/4138/4173 5241/4122/4157 5230/4125/4160
f 4102/4102/4137 4411/4134/4169 3974/2436/2449
f 4170/4124/4159 4229/4139/4174 4102/4102/4137
f 3676/2303/2315 4182/2590/2603 4193/4140/4175
f 4169/4118/4153 4208/4133/4168 4168/4119/4154
f 4142/2576/2589 4186/4141/4176 4178/2577/2590
f 4179/2710/2724 4226/2582/2595 4162/2581/2594
f 3676/2303/2315 4193/4140/4175 4192/4135/4170
f 4147/2484/2497 4214/2693/2707 4054/2502/2515
f 4209/4137/4172 4308/4121/4156 4100/4075/4109
f 5246/4142/4177 5237/4126/4161 5241/4122/4157
f 4309/2605/2618 4186/4141/4176 4142/2576/2589
f 5243/4143/4178 5213/4042/4073 5238/4116/4151
f 4252/4144/4179 4196/4130/4165 5194/4048/4081
f 4308/4121/4156 4504/4008/4039 5112/3936/3967
f 5240/4120/4155 5244/4131/4166 5151/3934/3965
f 4203/4145/4180 4188/2604/2617 4142/2576/2589
f 4147/2484/2497 4003/2592/2605 4176/2589/2602
f 4229/4139/4174 4411/4134/4169 4102/4102/4137
f 4287/4146/4181 4228/4147/4182 4186/4141/4176
f 4217/2667/2681 4355/2643/2656 4216/2642/2655
f 4309/2605/2618 4287/4146/4181 4186/4141/4176
f 5272/4148/4183 5244/4131/4166 5240/4120/4155
f 5264/4149/4184 5213/4042/4073 5243/4143/4178
f 4161/2595/2608 4211/2597/2610 3903/2428/2441
f 4183/2618/2631 4317/4150/4185 3866/2393/2405
f 4289/2707/2721 4138/2557/2570 3772/2361/2373
f 4182/2590/2603 4264/4151/4186 4193/4140/4175
f 3866/2393/2405 4317/4150/4185 4269/2629/2642
f 3849/2382/2394 4249/2706/2720 3811/2391/2403
f 4444/4152/4187 5194/4048/4081 5229/4070/4104
f 4306/2766/2781 4079/2548/2561 4054/2502/2515
f 4288/4153/4188 4411/4134/4169 4229/4139/4174
f 4210/2607/2620 4225/2526/2539 4223/2665/2679
f 4182/2590/2603 4295/4154/4189 4264/4151/4186
f 5186/4024/4055 5263/4155/4190 5229/4070/4104
f 3849/2382/2394 4339/2695/2709 4249/2706/2720
f 4385/4156/4191 4252/4144/4179 5194/4048/4081
f 4169/4118/4153 4307/4157/4192 4208/4133/4168
f 5249/4158/4193 5239/4059/4093 5236/4105/4140
f 4225/2526/2539 4288/4153/4188 4310/2666/2680
f 5253/4159/4194 5251/4160/4195 5239/4059/4093
f 4301/2691/2705 4320/2670/2684 3811/2391/2403
f 5248/4161/4196 4504/4008/4039 4308/4121/4156
f 4169/4118/4153 4410/4162/4197 4307/4157/4192
f 4220/2647/2660 4291/2646/2659 4327/2681/2695
f 4320/2670/2684 4329/2732/2746 4194/2594/2607
f 4386/4163/4198 3785/2310/2322 4227/2611/2624
f 5260/4164/4199 5264/4149/4184 5243/4143/4178
f 4298/4165/4200 4316/2745/2759 4314/2712/2726
f 4330/2690/2704 4392/4166/4201 4301/2691/2705
f 3811/2391/2403 4415/4167/4202 4374/2734/2748
f 4444/4152/4187 4385/4156/4191 5194/4048/4081
f 5248/4161/4196 4446/4168/4203 4504/4008/4039
f 5255/4169/4204 5241/4122/4157 5242/4138/4173
f 5256/4170/4205 5245/4171/4206 5252/4172/4207
f 5245/4171/4206 5249/4158/4193 5236/4105/4140
f 5262/4173/4208 5213/4042/4073 5264/4149/4184
f 4318/2776/2791 4327/2681/2695 4316/2745/2759
f 4323/2676/2690 4404/2742/2756 3849/2382/2394
f 4386/4163/4198 4387/2808/2824 3785/2310/2322
f 5182/4015/4046 5247/4174/4209 5186/4024/4055
f 4320/2670/2684 4413/4175/4210 4329/2732/2746
f 3811/2391/2403 4349/2705/2719 4415/4167/4202
f 4169/4118/4153 4445/4176/4211 4410/4162/4197
f 5260/4164/4199 5243/4143/4178 5250/4177/4212
f 4313/4178/4213 4327/2681/2695 4312/2682/2696
f 4296/2711/2725 4327/2681/2695 4313/4178/4213
f 4373/4179/4214 4393/2750/2764 4414/2749/2763
f 4446/4168/4203 4491/4180/4215 4504/4008/4039
f 4414/2749/2763 4360/2779/2794 4391/2747/2761
f 4387/2808/2824 4432/2799/2815 3785/2310/2322
f 5265/4181/4216 5253/4159/4194 5239/4059/4093
f 4344/2758/2772 4433/2760/2774 4358/2769/2784
f 5249/4158/4193 5265/4181/4216 5239/4059/4093
f 5268/4182/4217 5182/4015/4046 5213/4042/4073
f 4390/2777/2792 4433/2760/2774 4359/2759/2773
f 4417/2752/2766 4433/2760/2774 4393/2750/2764
f 4420/4183/4218 4439/2802/2818 4395/4184/4219
f 4444/4152/4187 4431/4185/4220 4385/4156/4191
f 5270/4186/4221 5257/4187/4222 5241/4122/4157
f 4436/2764/2779 4396/2754/2768 4433/2760/2774
f 4418/2755/2769 4396/2754/2768 4436/2764/2779
f 4395/4184/4219 4439/2802/2818 4396/2754/2768
f 4407/4188/4223 4461/2783/2798 4406/2782/2797
f 5267/4189/4224 5270/4186/4221 5241/4122/4157
f 5269/4190/4225 5245/4171/4206 5256/4170/4205
f 4425/2789/2804 4465/2788/2803 4439/2802/2818
f 4441/2787/2802 4405/2790/2805 4465/2788/2803
f 4288/4153/4188 4505/4191/4226 4411/4134/4169
f 5271/4192/4227 5261/4193/4228 5258/4194/4229
f 4444/4152/4187 5229/4070/4104 5263/4155/4190
f 5277/4195/4230 5213/4042/4073 5262/4173/4208
f 4396/2754/2768 4465/2788/2803 4433/2760/2774
f 4444/4152/4187 4485/4196/4231 4431/4185/4220
f 4491/4180/4215 4532/4197/4232 4504/4008/4039
f 5247/4174/4209 5263/4155/4190 5186/4024/4055
f 4485/4196/4231 4444/4152/4187 4501/4198/4233
f 4492/4199/4234 4508/4200/4235 4490/4201/4236
f 4445/4176/4211 4492/4199/4234 4490/4201/4236
f 5255/4169/4204 5267/4189/4224 5241/4122/4157
f 5306/4202/4237 5245/4171/4206 5269/4190/4225
f 5245/4171/4206 5295/4203/4238 5249/4158/4193
f 5297/4204/4239 5271/4192/4227 5276/4205/4240
f 4519/4206/4241 4532/4197/4232 4491/4180/4215
f 5288/4207/4242 5306/4202/4237 5269/4190/4225
f 5306/4202/4237 5295/4203/4238 5245/4171/4206
f 5285/4208/4243 5268/4182/4217 5213/4042/4073
f 5292/4209/4244 5272/4148/4183 5240/4120/4155
f 4169/4118/4153 4492/4199/4234 4445/4176/4211
f 5297/4204/4239 5274/4210/4245 5266/4211/4246
f 5275/4212/4247 5288/4207/4242 5269/4190/4225
f 4225/2526/2539 4560/2887/2903 4288/4153/4188
f 5261/4193/4228 5297/4204/4239 5266/4211/4246
f 5297/4204/4239 5280/4213/4248 5274/4210/4245
f 5284/4214/4249 5213/4042/4073 5277/4195/4230
f 4463/2793/2808 4516/2850/2866 4461/2783/2809
f 5291/4215/4250 4501/4198/4233 4444/4152/4187
f 4306/2766/2781 4484/2856/2872 4251/2807/2823
f 5292/4209/4244 5240/4120/4155 4504/4008/4039
f 4532/4197/4232 5293/4216/4251 4504/4008/4039
f 4492/4199/4234 4518/4217/4252 4508/4200/4235
f 4560/2887/2903 4505/4191/4226 4288/4153/4188
f 5297/4204/4239 5283/4218/4253 5280/4213/4248
f 5290/4219/4254 5182/4015/4046 5268/4182/4217
f 5297/4204/4239 5261/4193/4228 5271/4192/4227
f 5284/4214/4249 5285/4208/4243 5213/4042/4073
f 4411/4134/4169 5310/4220/4255 4169/4118/4153
f 5301/4221/4256 5289/4222/4257 5267/4189/4224
f 5309/4223/4258 5247/4174/4209 5182/4015/4046
f 4541/4224/4259 5293/4216/4251 4532/4197/4232
f 4520/4225/4260 4492/4199/4234 4169/4118/4153
f 5273/4226/4261 5255/4169/4204 5242/4138/4173
f 5348/4227/4262 5255/4169/4204 5273/4226/4261
f 5296/4228/4263 5297/4204/4239 5276/4205/4240
f 4520/4225/4260 4545/4229/4264 4540/4230/4265
f 4520/4225/4260 4540/4230/4265 4528/4231/4266
f 5310/4220/4255 4520/4225/4260 4169/4118/4153
f 5255/4169/4204 5301/4221/4256 5267/4189/4224
f 5311/4232/4267 5289/4222/4257 5301/4221/4256
f 5300/4233/4268 5307/4234/4269 5299/4235/4270
f 5307/4234/4269 5297/4204/4239 5296/4228/4263
f 4226/2582/2595 4560/2887/2903 4225/2526/2539
f 5305/4236/4271 5283/4218/4253 5297/4204/4239
f 5308/4237/4272 5182/4015/4046 5290/4219/4254
f 5293/4216/4251 5292/4209/4244 4504/4008/4039
f 5334/4238/4273 5301/4221/4256 5255/4169/4204
f 5311/4232/4267 5303/4239/4274 5289/4222/4257
f 5302/4240/4275 5306/4202/4237 5288/4207/4242
f 4557/2871/2887 4099/2551/2564 4483/2816/2832
f 5320/4241/4276 5306/4202/4237 5302/4240/4275
f 5294/4242/4277 5348/4227/4262 5273/4226/4261
f 5368/4243/4278 5334/4238/4273 5255/4169/4204
f 5325/4244/4279 5306/4202/4237 5320/4241/4276
f 5307/4234/4269 5300/4233/4268 5314/4245/4280
f 5335/4246/4281 5312/4247/4282 5305/4236/4271
f 5335/4246/4281 5315/4248/4283 5312/4247/4282
f 5327/4249/4284 5309/4223/4258 5182/4015/4046
f 5332/4250/4285 4545/4229/4264 4520/4225/4260
f 5334/4251/4286 5303/4239/4274 5311/4232/4267
f 5335/4246/4281 5324/4252/4287 5315/4248/4283
f 5336/4253/4288 5182/4015/4046 5308/4237/4272
f 5336/4253/4288 5316/4254/4289 5182/4015/4046
f 5329/4255/4290 5247/4174/4209 5309/4223/4258
f 5331/4256/4291 4444/4152/4187 5263/4155/4190
f 5316/4254/4289 5327/4249/4284 5182/4015/4046
f 5310/4220/4255 5332/4250/4285 4520/4225/4260
f 5333/4257/4292 5320/4241/4276 5302/4240/4275
f 5307/4234/4269 5314/4245/4280 5323/4258/4293
f 5335/4246/4281 5305/4236/4271 5297/4204/4239
f 5335/4246/4281 5337/4259/4294 5324/4252/4287
f 5338/4260/4295 5328/4261/4296 5326/4262/4297
f 5333/4257/4292 5344/4263/4298 5320/4241/4276
f 4355/2643/2656 4560/2887/2903 4226/2582/2595
f 5342/4264/4299 5330/4265/4300 5247/4174/4209
f 4573/4266/4301 4572/4267/4302 5291/4215/4250
f 5332/4250/4285 5317/4268/4303 4545/4229/4264
f 5351/4269/4304 5348/4227/4262 5294/4242/4277
f 5342/4264/4299 5247/4174/4209 5329/4255/4290
f 5313/4270/4305 4574/4271/4306 4444/4152/4187
f 5326/4262/4297 5337/4259/4294 5335/4246/4281
f 5354/4272/4307 5330/4265/4308 5352/4273/4309
f 5349/4274/4310 5247/4174/4209 5330/4265/4300
f 5357/4275/4311 5263/4155/4190 5247/4174/4209
f 4573/4266/4301 5291/4215/4250 4444/4152/4187
f 4463/2793/2808 4567/4276/4312 4516/2850/2866
f 4570/4277/4313 4124/2448/2461 4432/2799/2815
f 5356/4278/4314 5247/4174/4209 5355/4279/4315
f 4447/2775/2790 4564/2865/2881 4357/2692/2706
f 5350/4280/4316 4444/4152/4187 5331/4256/4291
f 5313/4270/4305 4444/4152/4187 5358/4281/4317
f 5361/4282/4318 4444/4152/4187 4574/4271/4306
f 4573/4266/4301 4444/4152/4187 5361/4282/4318
f 5317/4268/4303 5351/4269/4304 5294/4242/4277
f 5332/4250/4285 5351/4269/4304 5317/4268/4303
f 4327/2681/2695 4585/2889/2905 4355/2643/2656
f 5362/4283/4319 5343/4284/4320 5341/4285/4321
f 5363/4286/4322 5247/4174/4209 5349/4274/4310
f 5365/4287/4323 5355/4279/4315 5247/4174/4209
f 4566/2866/2882 4571/2867/2883 4365/2716/2730
f 5334/4238/4273 5368/4243/4278 5345/4288/4324
f 5362/4283/4319 5338/4260/4295 5326/4262/4297
f 5362/4283/4319 5347/4289/4325 5343/4284/4320
f 5362/4283/4319 5359/4290/4326 5347/4289/4325
f 5370/4291/4327 5247/4174/4209 5363/4286/4322
f 5373/4292/4328 5356/4278/4314 5372/4293/4329
f 5356/4278/4314 5373/4292/4328 5247/4174/4209
f 5357/4275/4311 5247/4174/4209 5373/4292/4328
f 5263/4155/4190 5357/4275/4311 5375/4294/4330
f 5368/4243/4278 5323/4295/4331 5345/4288/4324
f 5362/4283/4319 5326/4262/4297 5335/4246/4281
f 5362/4283/4319 5341/4285/4321 5338/4260/4295
f 5365/4287/4323 5247/4174/4209 5370/4291/4327
f 5372/4293/4329 5356/4278/4314 5386/4296/4332
f 4433/2760/2774 4585/2889/2905 4327/2681/2695
f 5389/4297/4333 5263/4155/4190 5375/4294/4330
f 5376/4298/4334 5263/4155/4190 5389/4297/4333
f 5378/4299/4335 5263/4155/4190 5376/4298/4334
f 5379/4300/4336 5263/4155/4190 5378/4299/4335
f 5380/4301/4337 5263/4155/4190 5392/4302/4338
f 5382/4303/4339 5331/4256/4291 5263/4155/4190
f 5383/4304/4340 4444/4152/4187 5350/4280/4316
f 5395/4305/4341 4444/4152/4187 5383/4304/4340
f 5358/4281/4317 4444/4152/4187 5395/4305/4341
f 4526/2835/2851 4119/2552/2565 4586/2901/2917
f 4567/4306/4342 4607/4307/4343 4582/4308/4344
f 4589/4309/4345 4124/2448/2461 4570/4277/4313
f 5403/4310/4346 5307/4234/4269 5323/4258/4293
f 5307/4234/4269 5437/4311/4347 5297/4204/4239
f 5357/4275/4311 5373/4292/4328 5405/4312/4348
f 5392/4302/4338 5263/4155/4190 5379/4300/4336
f 5408/4313/4349 5263/4155/4190 5380/4301/4337
f 5410/4314/4350 5263/4155/4190 5408/4313/4349
f 5412/4315/4351 5263/4155/4190 5410/4314/4350
f 5412/4315/4351 5381/4316/4352 5263/4155/4190
f 5427/4317/4353 5381/4316/4352 5412/4315/4351
f 5416/4318/4354 5414/4319/4355 5432/4320/4356
f 5415/4321/4357 5263/4155/4190 5381/4316/4352
f 5415/4321/4357 5382/4303/4339 5263/4155/4190
f 5417/4322/4358 5331/4256/4291 5382/4303/4339
f 5440/4323/4359 5371/4324/4360 5364/4325/4361
f 5385/4326/4362 5366/4327/4363 5440/4323/4359
f 5440/4323/4359 5374/4328/4364 5385/4326/4362
f 5374/4328/4364 5440/4323/4359 5404/4329/4365
f 5440/4323/4359 5388/4330/4366 5404/4329/4365
f 5428/4331/4367 5413/4332/4368 5411/4333/4369
f 4433/2760/2774 4465/2788/2803 4590/2890/2906
f 4505/4191/4226 5310/4220/4255 4411/4134/4169
f 5364/4325/4361 5359/4290/4326 5362/4283/4319
f 5371/4324/4360 5440/4323/4359 5366/4327/4363
f 5440/4323/4359 5406/4334/4370 5388/4330/4366
f 5440/4323/4359 5390/4335/4371 5406/4334/4370
f 5390/4335/4371 5426/4336/4372 5377/4337/4373
f 5432/4320/4356 5411/4333/4369 5409/4338/4374
f 5418/4339/4375 5394/4340/4376 5416/4318/4354
f 5419/4341/4377 5433/4342/4378 5420/4343/4379
f 5441/4344/4380 4591/4345/4381 5430/4346/4382
f 4603/4347/4383 4124/2448/2461 4589/4309/4345
f 5440/4323/4359 5426/4336/4372 5390/4335/4371
f 5393/4348/4384 5432/4320/4356 5407/4349/4385
f 5432/4320/4356 5409/4338/4374 5407/4349/4385
f 5428/4331/4367 5432/4320/4356 5414/4319/4355
f 5421/4350/4386 5441/4344/4380 5396/4351/4387
f 4582/4308/4344 4607/4307/4343 4516/2850/2866
f 5403/4310/4346 5437/4311/4347 5307/4234/4269
f 5418/4339/4375 5416/4318/4354 5432/4320/4356
f 5418/4339/4375 5433/4342/4378 5419/4341/4377
f 4599/4352/4388 4591/4345/4381 5441/4344/4380
f 5437/4311/4347 5403/4310/4346 5368/4243/4278
f 5432/4320/4356 5393/4348/4384 5426/4336/4372
f 5441/4344/4380 5384/4353/4389 5396/4351/4387
f 5432/4320/4356 5426/4336/4372 5440/4323/4359
f 5433/4342/4378 5418/4339/4375 5432/4320/4356
f 5438/4354/4390 5368/4243/4278 5255/4169/4204
f 5441/4344/4380 5421/4350/4386 5432/4320/4356
f 5441/4344/4380 5430/4346/4382 5384/4353/4389
f 5432/4320/4356 5428/4331/4367 5411/4333/4369
f 5436/4355/4391 4599/4352/4388 5441/4344/4380
f 5438/4354/4390 5437/4311/4347 5368/4243/4278
f 4585/2889/2905 4621/2888/2904 4355/2643/2656
f 4617/2896/2912 4566/2866/2882 4564/2865/2881
f 5432/4320/4356 5421/4350/4386 5433/4342/4378
f 4124/2448/2461 4603/4347/4383 4619/4356/4392
f 4505/4191/4226 4620/4357/4393 5310/4220/4255
f 5440/4323/4359 5364/4325/4361 5362/4283/4319
f 4465/2788/2803 4609/2891/2907 4590/2890/2906
f 4607/4307/4343 4609/2891/2907 4516/2850/2866
f 4615/2916/2932 4569/2873/2889 4571/2867/2883
f 4611/2909/2925 4124/2448/2461 4619/4356/4392
f 4632/4358/4394 5436/4355/4391 5441/4344/4380
f 5438/4354/4390 5255/4169/4204 5348/4227/4262
f 5437/4311/4347 5439/4359/4395 5297/4204/4239
f 5439/4359/4395 5335/4246/4281 5297/4204/4239
f 5438/4354/4390 5348/4227/4262 5351/4269/4304
f 5310/4220/4255 4620/4357/4393 5332/4250/4285
f 4638/4360/4396 4632/4358/4394 5441/4344/4380
f 4673/2955/2971 4609/2891/2907 4607/4307/4343
f 4560/2887/2903 4621/2888/2904 4656/4361/4397
f 4607/4307/4343 4628/4362/4398 4673/2955/2971
f 5332/4250/4285 5443/4363/4399 5351/4269/4304
f 5442/4364/4400 5438/4354/4390 5351/4269/4304
f 4652/4365/4401 4638/4360/4396 5441/4344/4380
f 4590/2890/2906 4677/2932/2948 4585/2889/2905
f 4611/2909/2925 5444/4366/4402 4651/4367/4403
f 4611/2909/2925 4653/2938/2954 4646/2900/2916
f 5443/4363/4399 5332/4250/4285 4620/4357/4393
f 5440/4323/4359 5362/4283/4319 5445/4368/4404
f 4658/4369/4405 5441/4344/4380 4666/4370/4406
f 4652/4365/4401 5441/4344/4380 4658/4369/4405
f 4611/2909/2925 4651/4367/4403 4653/2938/2954
f 4656/4361/4397 4505/4191/4226 4560/2887/2903
f 5446/4371/4407 5362/4283/4319 5335/4246/4281
f 5351/4269/4304 5443/4363/4399 5442/4364/4400
f 4666/4370/4406 5441/4344/4380 5447/2949/2965
f 4628/4362/4398 4660/2953/2969 4673/2955/2971
f 5446/4371/4407 5335/4246/4281 5439/4359/4395
f 5445/4368/4404 5432/4320/4356 5440/4323/4359
f 5439/4359/4395 5437/4311/4347 5438/4354/4390
f 5445/4368/4404 5362/4283/4319 5446/4371/4407
f 4656/4361/4397 4620/4357/4393 4505/4191/4226
f 5447/2949/2965 5441/4344/4380 5432/4320/4356
f 5448/4372/4408 5432/4320/4356 5445/4368/4404
f 4670/2948/2964 4666/4370/4406 5447/2949/2965
f 4663/2936/2952 4656/4361/4397 4621/2888/2904
f 5449/4373/4409 5447/2949/2965 5432/4320/4356
f 4609/2891/2907 4673/2955/2971 4677/2932/2948
f 4585/2889/2905 4696/4374/4410 4663/2936/2952
f 4585/2889/2905 4677/2932/2948 4696/4374/4410
f 4681/4375/4411 4675/2947/2963 5447/2949/2965
f 4646/2900/2916 4679/2951/2967 4693/2956/2972
f 4681/4375/4411 5447/2949/2965 4686/2958/2974
f 4656/4361/4397 5450/4376/4412 4620/4357/4393
f 4620/4357/4393 5450/4376/4412 5443/4363/4399
f 5449/4373/4409 5432/4320/4356 5448/4372/4408
f 4694/2967/2983 4646/2900/2916 4693/2956/2972
f 4656/4361/4397 4713/4377/4413 5450/4376/4412
f 5439/4359/4395 5438/4354/4390 5452/4378/4414
f 5451/4379/4415 5445/4368/4404 5446/4371/4407
f 4673/2955/2971 4682/2954/2970 4718/4380/4416
f 4690/2959/2975 5447/2949/2965 4700/2970/2986
f 4677/2932/2948 4711/2969/2985 4696/4374/4410
f 5452/4378/4414 5446/4371/4407 5439/4359/4395
f 5442/4364/4400 5454/4381/4417 5438/4354/4390
f 4663/2936/2952 4713/4377/4413 4656/4361/4397
f 4696/4374/4410 4715/4382/4418 4663/2936/2952
f 5448/4372/4408 5445/4368/4404 5451/4379/4415
f 5449/4373/4409 5453/2971/2987 5447/2949/2965
f 4718/4380/4416 4711/2969/2985 4673/2955/2971
f 5452/4378/4414 5438/4354/4390 5454/4381/4417
f 4700/4383/4419 4703/2974/2990 4705/2973/2989
f 5454/4381/4417 5442/4364/4400 5443/4363/4399
f 4663/2936/2952 4715/4382/4418 4713/4377/4413
f 4705/2973/2989 5453/2971/2987 4708/4384/4420
f 5443/4363/4399 5455/4385/4421 5454/4381/4417
f 4711/2969/2985 4715/4382/4418 4696/4374/4410
f 4714/2977/2993 4697/2966/2982 4717/4386/4422
f 5450/4376/4412 5455/4385/4421 5443/4363/4399
f 5456/4387/4423 5451/4379/4415 5446/4371/4407
f 4712/2980/2996 4708/4384/4420 5453/2971/2987
f 4682/2954/2970 4716/4388/4424 4718/4380/4416
f 5452/4378/4414 5456/4387/4423 5446/4371/4407
f 4713/4377/4413 4715/4382/4418 4722/4389/4425
f 4713/4377/4413 4722/4389/4425 5450/4376/4412
f 5460/4390/4426 5452/4378/4414 5454/4381/4417
f 5449/4373/4409 5448/4372/4408 5457/4391/4427
f 5453/2971/2987 5449/4373/4409 5457/4391/4427
f 5456/4387/4423 5452/4378/4414 5460/4390/4426
f 5458/4392/4428 5453/2971/2987 5457/4391/4427
f 4712/2980/2996 5453/2971/2987 5458/4392/4428
f 4720/2978/2994 4712/2980/2996 5458/4392/4428
f 4716/4388/4424 4729/4393/4429 4718/4380/4416
f 4720/2978/2994 5458/4392/4428 4723/4394/4430
f 4722/4389/4425 5455/4385/4421 5450/4376/4412
f 5459/4395/4431 5448/4372/4408 5451/4379/4415
f 5459/4395/4431 5451/4379/4415 5456/4387/4423
f 5460/4390/4426 5454/4381/4417 5455/4385/4421
f 5457/4391/4427 5448/4372/4408 5459/4395/4431
f 4711/2969/2985 4742/4396/4432 4715/4382/4418
f 4718/4380/4416 4742/4396/4432 4711/2969/2985
f 4733/4397/4433 4742/4396/4432 4718/4380/4416
f 4726/4398/4434 4723/4394/4430 4730/4399/4435
f 4715/4382/4418 5461/4400/4436 4722/4389/4425
f 4730/4399/4435 4723/4394/4430 5466/4401/4437
f 4722/4389/4425 5460/4390/4426 5455/4385/4421
f 5463/4402/4438 5461/4400/4436 4715/4382/4418
f 4729/4393/4429 4733/4397/4433 4718/4380/4416
f 5466/4401/4437 4723/4394/4430 5458/4392/4428
f 4742/4396/4432 5463/4402/4438 4715/4382/4418
f 5461/4400/4436 5460/4390/4426 4722/4389/4425
f 4729/4393/4429 4732/2990/3006 5462/2989/3005
f 4730/4399/4435 5466/4401/4437 4736/4403/4439
f 4729/4393/4429 5462/2989/3005 4733/4397/4433
f 4731/2986/3002 4728/2981/2997 4735/4404/4440
f 5456/4387/4423 5460/4390/4426 5464/4405/4441
f 5461/4400/4436 5464/4405/4441 5460/4390/4426
f 4736/4403/4439 5466/4401/4437 4744/4406/4442
f 5465/4407/4443 5459/4395/4431 5456/4387/4423
f 5466/4401/4437 5457/4391/4427 5465/4407/4443
f 5466/4401/4437 5458/4392/4428 5457/4391/4427
f 5463/4402/4438 5464/4405/4441 5461/4400/4436
f 5464/4405/4441 5465/4407/4443 5456/4387/4423
f 5465/4407/4443 5457/4391/4427 5459/4395/4431
f 4740/2988/3004 4743/4408/4444 5462/2989/3005
f 4733/4397/4433 4745/4409/4445 4742/4396/4432
f 5463/4402/4438 4745/4409/4445 5464/4405/4441
f 4742/4396/4432 4745/4409/4445 5463/4402/4438
f 4744/4406/4442 5466/4401/4437 5462/2989/3005
f 4743/4408/4444 4744/4406/4442 5462/2989/3005
f 4745/4409/4445 5465/4407/4443 5464/4405/4441
f 4733/4397/4433 5462/2989/3005 4745/4409/4445
f 5462/2989/3005 5465/4407/4443 4745/4409/4445
f 5462/2989/3005 5466/4401/4437 5465/4407/4443
l 252 261
l 385 395
l 519 522
l 549 557
l 830 831
l 850 844
l 875 888
l 864 876
l 913 917
l 1055 1063
l 1169 1171
l 1119 1186
l 1111 1203
l 1206 1209
l 1173 1211
l 1176 1214
l 1181 1216
l 1230 1253
l 1147 1279
l 1274 1294
l 1289 1290
l 1376 1401
l 1417 1445
l 1475 1479
l 1491 1524
l 1587 1588
l 1600 1610
l 1664 1673
l 1710 1735
l 1708 1739
l 1897 1899
l 1951 1952
l 1980 1984
l 2005 2019
l 2021 2022
l 1962 2101
l 2335 2343
l 2608 2617
l 2641 2649
l 2685 2688
l 2748 2793
l 2769 2770
l 2783 2795
l 2932 2948
l 3085 3123
l 3145 3154
l 3479 3490
l 3599 3606
l 3780 3789
l 4048 4070
l 4110 4121
l 4163 4171
l 4399 4437
l 4409 4427
l 4422 4448
l 4469 4453
l 4498 4506
l 4577 4595
l 4757 4760
l 128 130
l 168 4785
l 211 239
l 372 388
l 4831 4834
l 399 4838
l 477 495
l 4866 4860
l 744 746
l 765 767
l 776 777
l 825 818
l 1040 1056
l 1223 1248
l 1190 1233
l 1370 1428
l 1388 1513
l 1756 1758
l 2215 2231
l 2255 2310
l 4924 4927
l 4926 4933
l 2342 4941
l 2415 4940
l 2385 2433
l 2368 2398
l 5003 5009
l 2638 2668
l 3484 3496
l 3759 3760
l 5155 5165
l 3818 3835
l 3843 3846
l 5191 5198
l 3941 3959
l 3957 3961
l 3940 3993
l 3971 4008
l 4029 4012
l 4517 4521
l 5346 5353
l 4600 5435
l 4701 4704
l 4739 4741
l 191 262
l 337 341
l 373 387
l 450 465
l 474 486
l 485 500
l 582 597
l 660 706
l 718 723
l 766 773
l 868 883
l 940 944
l 954 960
l 1132 1175
l 1256 1281
l 1377 1402
l 1407 1435
l 1406 1434
l 1542 1552
l 1615 1617
l 1646 1652
l 1696 1697
l 2015 2017
l 2006 2018
l 2166 2168
l 2598 2607
l 2715 2768
l 2755 2774
l 2810 2833
l 3029 3043
l 3088 3089
l 3105 3122
l 3214 3218
l 3273 3275
l 3485 3487
l 3477 3547
l 3547 3538
l 3616 3625
l 3750 3745
l 3958 3972
l 4041 4030
l 4343 4352
l 4375 4416
l 4486 4502
l 4518 4520
l 4588 4596
l 4655 4657
l 101 122
l 137 138
l 212 4790
l 4817 4824
l 381 4836
l 4843 4846
l 559 570
l 659 668
l 4881 4883
l 990 997
l 1001 1019
l 1121 1142
l 1711 1734
l 1779 1794
l 4925 4928
l 2397 4944
l 2416 2452
l 2481 2494
l 2817 2861
l 2959 2975
l 3093 3095
l 3181 3170
l 3215 3229
l 3261 3273
l 3698 3708
l 3896 3899
l 5192 5202
l 3942 3933
l 4130 4131
l 5254 5259
l 4503 4501
l 5357 5425
l 5391 5426
l 4601 5402
l 103 98
l 228 244
l 216 253
l 324 333
l 377 389
l 396 409
l 406 417
l 460 487
l 482 493
l 589 592
l 597 602
l 663 666
l 858 871
l 865 877
l 929 945
l 955 949
l 955 965
l 1232 1266
l 1257 1280
l 1306 1309
l 1316 1319
l 1340 1341
l 1380 1381
l 1358 1400
l 1418 1446
l 1424 1425
l 1503 1504
l 1527 1515
l 1557 1624
l 1712 1731
l 1831 1837
l 1915 1964
l 1968 1971
l 2034 2059
l 2702 2703
l 2717 2739
l 2939 2947
l 3030 3045
l 3193 3199
l 3491 3506
l 3513 3515
l 3541 3549
l 3587 3600
l 3715 3719
l 3781 3791
l 3795 3802
l 3897 3909
l 3964 3966
l 4151 4172
l 4200 4202
l 4302 4321
l 4322 4336
l 4459 4460
l 4576 4581
l 4752 4754
l 4756 4758
l 119 139
l 308 314
l 514 515
l 1162 1196
l 1317 1324
l 1414 1438
l 1426 1489
l 1651 1656
l 1698 1713
l 1732 1736
l 1746 1748
l 1757 1761
l 1818 1819
l 2323 2346
l 2418 2440
l 2444 2477
l 4971 4984
l 2555 2554
l 2966 2978
l 3055 3063
l 3094 3097
l 3124 3133
l 3232 3247
l 3274 5060
l 3270 3289
l 3553 3544
l 3691 3677
l 5139 5141
l 5145 5149
l 3786 3790
l 3879 3892
l 3952 4004
l 5212 5215
l 4043 4088
l 4115 4116
l 4155 4157
l 4254 4290
l 4379 4435
l 5286 5287
l 4541 4546
l 5318 5319
l 5321 5340
l 4592 5422
l 4706 4709
l 243 245
l 309 315
l 392 403
l 393 405
l 427 418
l 447 457
l 461 456
l 473 516
l 516 525
l 859 860
l 967 973
l 1129 1171
l 1167 1207
l 1182 1217
l 1203 1244
l 1272 1273
l 1307 1314
l 1339 1335
l 1382 1384
l 1395 1397
l 1492 1513
l 1562 1568
l 1622 1623
l 1810 1830
l 1929 1931
l 1928 1948
l 1967 1982
l 1948 2003
l 2084 2086
l 2324 2347
l 2692 2694
l 2699 2731
l 2808 2809
l 2824 2827
l 2881 2893
l 2996 3012
l 3069 3075
l 3237 3242
l 3445 3454
l 3492 3507
l 3503 3515
l 3560 3622
l 3787 3797
l 3812 3831
l 3816 3836
l 3965 3984
l 4156 4158
l 4278 4276
l 4442 4457
l 4450 4451
l 4493 4499
l 4772 4774
l 378 397
l 363 4836
l 4865 4869
l 713 743
l 897 908
l 1163 1164
l 1427 1471
l 1709 1729
l 1780 1792
l 1832 1829
l 2228 2243
l 2267 2269
l 2275 2311
l 4923 4929
l 4931 4936
l 2341 2319
l 2436 4945
l 2419 2465
l 2552 2609
l 2661 5029
l 3025 3056
l 3271 3290
l 3291 3299
l 5072 5077
l 5081 5082
l 3578 3589
l 3734 3735
l 5152 5162
l 5160 5163
l 3844 3847
l 5179 5189
l 3973 3994
l 3939 4010
l 5217 5225
l 4049 4073
l 4044 4069
l 5322 5339
l 5342 5352
l 5360 5387
l 5399 5401
l 4593 5424
l 4707 4708
l 173 179
l 407 425
l 410 428
l 436 441
l 476 484
l 532 531
l 643 653
l 703 705
l 738 747
l 779 795
l 790 801
l 867 881
l 922 929
l 934 927
l 1100 1101
l 1107 1143
l 1168 1170
l 1130 1172
l 1171 1174
l 1127 1302
l 1396 1398
l 1408 1410
l 1437 1413
l 1433 1458
l 1499 1521
l 1541 1551
l 1563 1565
l 1686 1705
l 1753 1760
l 1854 1906
l 1914 1916
l 1930 1932
l 1979 1981
l 1987 2008
l 2085 2108
l 2167 2181
l 2420 2424
l 2616 2632
l 2640 2648
l 2648 2670
l 2693 2695
l 3059 3076
l 3082 3090
l 3137 3141
l 3250 3254
l 3471 3486
l 3504 3514
l 3521 3528
l 3561 3570
l 3588 3594
l 3607 3615
l 3788 3798
l 3817 3837
l 4094 4122
l 4245 4260
l 4303 4332
l 4408 4428
l 4407 4452
l 4467 4468
l 4474 4479
l 102 111
l 4750 4751
l 4753 4756
l 134 143
l 202 240
l 4797 4796
l 291 310
l 376 386
l 411 432
l 641 651
l 656 667
l 721 729
l 763 774
l 905 4889
l 898 909
l 1048 1059
l 1114 1146
l 1153 1191
l 1308 1315
l 1693 1703
l 1727 1728
l 1775 1785
l 1766 1780
l 2140 4913
l 2173 2179
l 4932 4938
l 4934 4937
l 2367 2401
l 2437 4946
l 4967 4968
l 4973 4983
l 2647 2686
l 5022 5028
l 2732 2734
l 2938 2967
l 3250 5054
l 3579 3611
l 5148 5154
l 5153 5158
l 5161 5164
l 5180 5193
l 3887 3938
l 3954 3983
l 5278 5282
l 4528 4518
l 5296 5299
l 5355 5386
l 5397 5429
l 4705 4707
l 4735 4738
l 104 105
l 215 227
l 241 254
l 394 408
l 437 442
l 448 464
l 466 479
l 454 496
l 729 753
l 874 890
l 856 880
l 972 982
l 1151 1152
l 1157 1161
l 1208 1170
l 1282 1283
l 1261 1284
l 1268 1270
l 1288 1301
l 1374 1377
l 1440 1442
l 1465 1483
l 1506 5467
l 1501 1502
l 1530 1543
l 1564 1566
l 1653 1654
l 1662 1663
l 1699 1717
l 1704 1722
l 1688 1726
l 1714 1737
l 1744 1754
l 1822 1833
l 1846 1911
l 1983 2004
l 1988 2007
l 2366 4935
l 2399 2421
l 2581 2582
l 2545 2669
l 2648 2689
l 2894 2883
l 2952 2996
l 2999 3006
l 3229 3231
l 3395 3401
l 3563 3593
l 3827 3845
l 3834 3839
l 3861 3869
l 3936 3937
l 4480 4482
l 135 151
l 4791 4794
l 4810 4822
l 657 659
l 796 820
l 906 4890
l 1030 1032
l 1049 1050
l 1049 1060
l 1154 4894
l 1222 1224
l 1226 1227
l 1584 1597
l 1679 1687
l 1682 1702
l 1754 1759
l 1776 1778
l 4942 4949
l 4951 4959
l 2637 5015
l 2675 2711
l 5026 5031
l 5028 5025
l 3251 5059
l 3288 3298
l 5070 5073
l 3580 3603
l 3666 3674
l 3776 3806
l 5167 5169
l 3814 3815
l 3854 3862
l 3914 3880
l 3930 3999
l 3967 3984
l 4072 5223
l 4114 5234
l 5279 5281
l 4503 5291
l 5400 5423
l 5398 5434
l 95 106
l 355 356
l 415 423
l 422 430
l 449 459
l 463 478
l 491 498
l 774 785
l 792 808
l 862 873
l 926 933
l 985 986
l 1054 1064
l 1443 1444
l 1419 1447
l 1459 1466
l 1464 1488
l 1516 1528
l 1550 1553
l 1585 1598
l 1620 1627
l 1803 1802
l 1867 1870
l 1949 1970
l 1950 1985
l 1989 1986
l 2014 2035
l 2020 2037
l 2400 2423
l 2618 2633
l 2639 2660
l 2682 2704
l 2714 2742
l 3027 3088
l 3120 3139
l 3158 3149
l 3396 3402
l 3403 3431
l 3516 3520
l 3540 3573
l 3581 3585
l 4047 4087
l 4123 4149
l 4195 4201
l 4367 4429
l 4397 4421
l 4215 4472
l 4284 4472
l 4551 4559
l 103 110
l 4766 4769
l 4812 4815
l 4842 4844
l 468 497
l 4861 4864
l 679 691
l 824 907
l 1031 1033
l 1099 1128
l 1131 1210
l 1158 1237
l 1269 1285
l 1416 1441
l 1405 1457
l 1715 1718
l 2126 2139
l 2242 2254
l 4922 4950
l 2422 2434
l 2453 2464
l 2456 2478
l 4992 5007
l 2684 2687
l 2925 2933
l 2957 2959
l 3204 3207
l 3230 5055
l 3298 3301
l 3828 3832
l 3851 3852
l 3881 3884
l 3988 3990
l 4077 4113
l 4525 4527
l 5298 5304
l 166 167
l 251 260
l 273 274
l 338 456
l 458 488
l 490 499
l 504 509
l 591 598
l 793 804
l 822 829
l 863 889
l 853 882
l 902 914
l 921 918
l 939 956
l 1201 1202
l 1229 1252
l 1383 1366
l 1369 1387
l 1508 1510
l 1603 1620
l 1700 1701
l 1755 1761
l 1821 1823
l 1864 1866
l 1896 1946
l 1947 1966
l 2036 2038
l 2039 2086
l 2081 2099
l 2127 2141
l 2360 2383
l 2678 2690
l 2828 2867
l 2889 2934
l 3104 3153
l 3265 3266
l 3444 3452
l 3478 3495
l 3652 3665
l 3882 3889
l 3902 3929
l 3968 4005
l 3977 4056
l 4074 4075
l 4078 4096
l 4241 4257
l 4368 4430
l 4398 4400
l 4552 4556
l 4552 4553
l 41 43
l 192 4784
l 297 307
l 4830 4835
l 469 505
l 499 501
l 4854 4867
l 4878 4880
l 775 784
l 1178 1213
l 1228 1252
l 1326 1354
l 1474 1493
l 1586 1605
l 1621 1626
l 1730 1733
l 2214 2229
l 4935 2451
l 4943 4950
l 4952 2450
l 2515 2516
l 2716 2728
l 2709 2934
l 2958 5035
l 3774 3782
l 3794 3796
l 3803 3813
l 3829 3833
l 3888 3890
l 3947 4015
l 4028 4038
l 5210 5224
l 4159 4167
l 5367 5369
l 4594 5431
l 4738 4731
