v 0.88997895 0.46162766 -0.38959906
v 0.88997895 0.46162766 -0.39005631
v 0.80991608 0.46186304 -0.53002453
v 0.88963825 0.46162766 -0.38959906
v 0.90273058 0.46084297 -0.38959906
v 0.83108771 0.46131378 -0.51092184
v 0.90263325 0.46084297 -0.39005631
v 0.88993025 0.46107841 -0.40905744
v 0.84933913 0.46099991 -0.48846591
v 0.74995410 0.46194154 -0.61004269
v 0.47005039 0.46194154 -0.84994471
v 0.80967271 0.46123528 -0.54917812
v 0.79073989 0.46147072 -0.57071948
v 0.76995766 0.46186304 -0.59002542
v 0.43325555 0.46186304 -0.86991113
v 0.43325555 0.46099991 -0.85370427
v 0.87620521 0.46076453 -0.38959906
v 0.90287662 0.46076453 -0.38959906
v 0.91270804 0.45495796 -0.38959906
v 0.90063775 0.46021521 -0.40174150
v 0.88073158 0.46029371 -0.44177598
v 0.88297039 0.46076453 -0.43003997
v 0.82466322 0.46099991 -0.53002453
v 0.86257750 0.46068603 -0.47002363
v 0.84233057 0.46068603 -0.50487602
v 0.53006107 0.46194154 -0.80996102
v 0.72960985 0.46123528 -0.64946753
v 0.70984966 0.46123528 -0.66989118
v 0.68984610 0.46123528 -0.68990844
v 0.59007168 0.46178460 -0.76997739
v 0.54913986 0.46123528 -0.80965620
v 0.53006107 0.46099991 -0.82464373
v 0.48849648 0.46107841 -0.84938586
v 0.44897610 0.46123528 -0.86986035
v 0.82218099 0.46060759 -0.53835660
v 0.80276150 0.46076453 -0.56447047
v 0.78358537 0.46076453 -0.59002542
v 0.76864356 0.46084297 -0.60821372
v 0.74912667 0.46107841 -0.62894219
v 0.43325555 0.46068603 -0.88230759
v 0.43325555 0.45888132 -0.84384811
v 0.86617911 0.45817512 -0.38959906
v 0.92351288 0.44522804 -0.38959906
v 0.90930110 0.45017147 -0.40875262
v 0.89654946 0.45872438 -0.41510326
v 0.87644857 0.45864588 -0.45513773
v 0.86033863 0.46013677 -0.48079434
v 0.72269863 0.46068603 -0.66308331
v 0.70308447 0.46068603 -0.68320215
v 0.68308091 0.46060759 -0.70291454
v 0.66964787 0.46115685 -0.70972246
v 0.57079822 0.46139222 -0.79080749
v 0.64940095 0.46107841 -0.72943485
v 0.62895936 0.46099991 -0.74914724
v 0.60837179 0.46084297 -0.76870722
v 0.59007168 0.46076453 -0.78384721
v 0.56461704 0.46076453 -0.80274671
v 0.54188800 0.46037215 -0.82103658
v 0.50499576 0.46076453 -0.84232390
v 0.47005039 0.46076453 -0.86264598
v 0.82111025 0.46037215 -0.54191297
v 0.78017843 0.45997983 -0.60033888
v 0.76109964 0.46029371 -0.62147385
v 0.74192345 0.46052909 -0.64250720
v 0.44162685 0.46021521 -0.88063103
v 0.43325555 0.45409483 -0.89226544
v 0.43325555 0.45331013 -0.83007991
v 0.84997183 0.45134848 -0.38959906
v 0.92370754 0.44499266 -0.38959906
v 0.92361021 0.44491416 -0.39005631
v 0.90448272 0.44562036 -0.43003997
v 0.89299649 0.45566416 -0.43003997
v 0.88934624 0.45032841 -0.44904110
v 0.88428450 0.44514960 -0.47002363
v 0.87260360 0.45511490 -0.47002363
v 0.83843696 0.45958751 -0.51823771
v 0.85566628 0.45786124 -0.49410528
v 0.71642017 0.45880282 -0.67644507
v 0.69641662 0.45888132 -0.69656390
v 0.64229506 0.46052909 -0.74193293
v 0.62161016 0.46037215 -0.76113725
v 0.60053587 0.46005833 -0.78034163
v 0.57795274 0.45943058 -0.79807264
v 0.55522364 0.45817512 -0.81610847
v 0.51833147 0.45958751 -0.83846271
v 0.48085523 0.46005833 -0.86035979
v 0.81609720 0.45825356 -0.55527472
v 0.79794312 0.45935208 -0.57783222
v 0.79356277 0.45597804 -0.59002542
v 0.77438664 0.45676267 -0.61364985
v 0.75525916 0.45778275 -0.63483560
v 0.73603433 0.45841050 -0.65576732
v 0.45496255 0.45841050 -0.87646502
v 0.44848940 0.45001453 -0.88911551
v 0.43325555 0.44405103 -0.90303612
v 0.43325555 0.44428647 -0.81331420
v 0.83546805 0.44310945 -0.38959906
v 0.92395091 0.44460028 -0.38959906
v 0.92098200 0.44161856 -0.40240195
v 0.90141648 0.44208938 -0.44289368
v 0.86875862 0.44970065 -0.48800868
v 0.88102359 0.44146162 -0.48191205
v 0.86384290 0.44452184 -0.50645095
v 0.83468932 0.45691961 -0.53002453
v 0.84661359 0.44695431 -0.53002453
v 0.73092395 0.45197618 -0.67111051
v 0.72581357 0.44546342 -0.68619967
v 0.70619935 0.44554192 -0.70621687
v 0.68614715 0.44530654 -0.72577685
v 0.67607236 0.45872438 -0.71627629
v 0.65563077 0.45833200 -0.73573470
v 0.63494587 0.45786124 -0.75524390
v 0.61387157 0.45676267 -0.77449906
v 0.59007168 0.45597804 -0.79380500
v 0.56617451 0.44491416 -0.82418650
v 0.54913986 0.45040685 -0.82926702
v 0.53006107 0.45676267 -0.83465236
v 0.49414226 0.45778275 -0.85568571
v 0.47005039 0.45464408 -0.87265462
v 0.83245051 0.45425177 -0.53835660
v 0.82943290 0.45064229 -0.54938132
v 0.82446849 0.44499266 -0.56640106
v 0.80582774 0.44593424 -0.59002542
v 0.78816038 0.44922984 -0.60775644
v 0.78285527 0.44334483 -0.62365848
v 0.76411718 0.44444335 -0.64494586
v 0.74508703 0.44507110 -0.66577595
v 0.47005039 0.44460028 -0.88362855
v 0.44201624 0.44146162 -0.90095305
v 0.43325555 0.42992699 -0.90745616
v 0.43325555 0.43667513 -0.80340719
v 0.82578266 0.43494886 -0.38959906
v 0.92906129 0.42992699 -0.38959906
v 0.92229611 0.42992699 -0.40519625
v 0.91772109 0.42992699 -0.41520488
v 0.91071254 0.42992699 -0.43003997
v 0.90287662 0.42992699 -0.44594198
v 0.89781487 0.42992699 -0.45589980
v 0.85985196 0.43910760 -0.51981270
v 0.89027095 0.42992699 -0.47002363
v 0.88233769 0.42992699 -0.48429990
v 0.87664324 0.42992699 -0.49430853
v 0.84223324 0.44303095 -0.54358953
v 0.71953505 0.43785214 -0.69956142
v 0.69948286 0.43761677 -0.71952784
v 0.66575420 0.44507110 -0.74513364
v 0.67091328 0.45189774 -0.73075581
v 0.64497197 0.44452184 -0.76413476
v 0.60783643 0.44922984 -0.78826725
v 0.62365431 0.44342333 -0.78283107
v 0.59007168 0.44593424 -0.80564260
v 0.53006107 0.44671893 -0.84613431
v 0.60180128 0.44177550 -0.80132413
v 0.54305607 0.44271708 -0.84196830
v 0.50601786 0.44436491 -0.86345887
v 0.48771775 0.44930834 -0.86859024
v 0.81969881 0.43871528 -0.57976282
v 0.80135006 0.44177550 -0.60186303
v 0.77711219 0.42992699 -0.63656300
v 0.73914927 0.43565506 -0.67913771
v 0.48124459 0.44099081 -0.88063103
v 0.45428118 0.42992699 -0.89693952
v 0.44425505 0.42992699 -0.90212160
v 0.43325555 0.40991789 -0.90857387
v 0.43325555 0.42670983 -0.79365259
v 0.81561053 0.42466968 -0.38959906
v 0.93047273 0.40991789 -0.38959906
v 0.92297751 0.40991789 -0.40666959
v 0.91845113 0.40991789 -0.41667819
v 0.91212398 0.40991789 -0.43003997
v 0.90360665 0.40991789 -0.44726294
v 0.89849627 0.40991789 -0.45727155
v 0.86583841 0.43141782 -0.51188707
v 0.86092269 0.42576826 -0.52154011
v 0.85532558 0.43141782 -0.52895761
v 0.84943646 0.43063319 -0.53835660
v 0.84422874 0.42992699 -0.54658705
v 0.83760953 0.42992699 -0.55659568
v 0.89168239 0.40991789 -0.47002363
v 0.88306773 0.40991789 -0.48551923
v 0.87732464 0.40991789 -0.49552783
v 0.74036598 0.42231566 -0.68045866
v 0.72075182 0.42443430 -0.70083153
v 0.71019036 0.43110400 -0.71017969
v 0.70074826 0.42419887 -0.72079796
v 0.68040401 0.42208028 -0.74035794
v 0.67904127 0.43541968 -0.73908782
v 0.64842755 0.42992699 -0.76708150
v 0.63650328 0.42992699 -0.77709007
v 0.57951021 0.43745983 -0.81956321
v 0.62652588 0.42992699 -0.78506649
v 0.61372554 0.42992699 -0.79507512
v 0.51935357 0.43706745 -0.85949606
v 0.82665873 0.43118244 -0.57183719
v 0.82091558 0.42537588 -0.58133775
v 0.81419909 0.43118244 -0.58880615
v 0.80295622 0.42992699 -0.60389525
v 0.79516894 0.42992699 -0.61390388
v 0.78519148 0.42992699 -0.62655437
v 0.78597021 0.40991789 -0.62751967
v 0.77784222 0.40991789 -0.63752830
v 0.76708609 0.42992699 -0.64845139
v 0.75852007 0.42992699 -0.65835840
v 0.74708253 0.42937773 -0.67146611
v 0.49292552 0.42992699 -0.87590617
v 0.48294806 0.42992699 -0.88159633
v 0.47005039 0.42992699 -0.88860744
v 0.45525458 0.40991789 -0.89744753
v 0.44527715 0.40991789 -0.90262967
v 0.43325555 0.38990879 -0.90781176
v 0.43325555 0.41344893 -0.78298348
v 0.80490303 0.41038871 -0.38959906
v 0.92959666 0.38990879 -0.38959906
v 0.92940199 0.38990879 -0.39005631
v 0.92253947 0.38990879 -0.40580589
v 0.91806179 0.38990879 -0.41576374
v 0.91129661 0.38990879 -0.43003997
v 0.90321732 0.38990879 -0.44645005
v 0.89810693 0.38990879 -0.45645866
v 0.86866128 0.40991789 -0.51000732
v 0.86126339 0.40991789 -0.52209896
v 0.85493624 0.40991789 -0.53210759
v 0.85094523 0.40991789 -0.53835660
v 0.84495878 0.40991789 -0.54765391
v 0.83833957 0.40991789 -0.55761176
v 0.89080632 0.38990879 -0.47002363
v 0.88267839 0.38990879 -0.48475713
v 0.87688661 0.38990879 -0.49476576
v 0.86778522 0.38990879 -0.51000732
v 0.76786482 0.40991789 -0.64926428
v 0.75929880 0.40991789 -0.65927291
v 0.74975944 0.40991789 -0.66999280
v 0.74036598 0.40991789 -0.68045866
v 0.73097259 0.40991789 -0.69046730
v 0.72099519 0.40991789 -0.70103472
v 0.71096909 0.40991789 -0.71104336
v 0.70099163 0.40991789 -0.72100121
v 0.68035537 0.40991789 -0.74030715
v 0.66998857 0.40991789 -0.74965531
v 0.65923238 0.40991789 -0.75930828
v 0.65845364 0.42992699 -0.75854623
v 0.67144865 0.42914230 -0.74706423
v 0.64925492 0.40991789 -0.76774192
v 0.63733071 0.40991789 -0.77775055
v 0.58856291 0.43047625 -0.81397462
v 0.58087301 0.42419887 -0.82057929
v 0.57172292 0.43047625 -0.82601547
v 0.55575907 0.42992699 -0.83704019
v 0.54573292 0.42992699 -0.84369564
v 0.60369945 0.42992699 -0.80274671
v 0.62735325 0.40991789 -0.78572696
v 0.61455292 0.40991789 -0.79573560
v 0.60457551 0.40991789 -0.80340719
v 0.52855229 0.43016237 -0.85472041
v 0.52086234 0.42364961 -0.86046135
v 0.51161492 0.43016237 -0.86503386
v 0.82962757 0.40991789 -0.57000822
v 0.82125628 0.40991789 -0.58179504
v 0.81376100 0.40991789 -0.59180361
v 0.80373490 0.40991789 -0.60496217
v 0.79599631 0.40991789 -0.61491996
v 0.79555827 0.38990879 -0.61441195
v 0.78553218 0.38990879 -0.62691003
v 0.77730685 0.38990879 -0.63691860
v 0.49380159 0.40991789 -0.87641418
v 0.48377547 0.40991789 -0.88205355
v 0.47005039 0.40991789 -0.88957274
v 0.45447588 0.38990879 -0.89704108
v 0.44444975 0.38990879 -0.90222323
v 0.44303828 0.36989975 -0.90151197
v 0.43325555 0.38488692 -0.90745616
v 0.80436766 0.40960401 -0.38959906
v 0.43325555 -0.15739849 -0.38959906
v 0.92799056 0.36989975 -0.38959906
v 0.92784452 0.36989975 -0.39005631
v 0.92176074 0.36989975 -0.40402773
v 0.91728306 0.36989975 -0.41403633
v 0.90973914 0.36989975 -0.43003997
v 0.90243858 0.36989975 -0.44487506
v 0.89727950 0.36989975 -0.45483291
v 0.86082536 0.38990879 -0.52138770
v 0.85444951 0.38990879 -0.53139627
v 0.85040987 0.39846170 -0.53835660
v 0.84447205 0.38990879 -0.54689187
v 0.83785290 0.38990879 -0.55690050
v 0.82870287 0.38990879 -0.57000822
v 0.88910288 0.36989975 -0.47002363
v 0.88185096 0.36989975 -0.48328379
v 0.87610787 0.36989975 -0.49329239
v 0.86033863 0.37641251 -0.52057481
v 0.76732945 0.38990879 -0.64865464
v 0.75876343 0.38990879 -0.65861243
v 0.74012268 0.39799088 -0.68015385
v 0.72050846 0.39343983 -0.70057750
v 0.70050490 0.39351827 -0.72049314
v 0.68011200 0.39869714 -0.74005312
v 0.65855098 0.38990879 -0.75869864
v 0.64852488 0.38990879 -0.76713228
v 0.63660061 0.38990879 -0.77714092
v 0.62657452 0.38990879 -0.78516811
v 0.59114242 0.40991789 -0.81341577
v 0.58111632 0.40991789 -0.82073176
v 0.57006812 0.40991789 -0.82845414
v 0.55663514 0.40991789 -0.83764982
v 0.54660898 0.40991789 -0.84430534
v 0.61382288 0.38990879 -0.79512596
v 0.60384542 0.38990879 -0.80284834
v 0.58062965 0.39422446 -0.82042688
v 0.53098577 0.40991789 -0.85431397
v 0.52100837 0.40991789 -0.86056298
v 0.51000881 0.40991789 -0.86701524
v 0.82081825 0.38990879 -0.58118534
v 0.81327432 0.38990879 -0.59119397
v 0.80329686 0.38990879 -0.60440332
v 0.80246949 0.36989975 -0.60328561
v 0.79463357 0.36989975 -0.61329424
v 0.78465611 0.36989975 -0.62579226
v 0.77643079 0.36989975 -0.63580090
v 0.52052164 0.39587229 -0.86025816
v 0.49292552 0.38990879 -0.87595695
v 0.48289940 0.38990879 -0.88154554
v 0.47005039 0.38990879 -0.88865823
v 0.45301574 0.36989975 -0.89627904
v 0.43325555 0.36409318 -0.90583038
v 0.43325555 0.36989975 -0.90633845
v 0.45116627 0.34989065 -0.89531374
v 0.44118881 0.34989065 -0.90049589
v 0.43325555 0.34989065 -0.90445864
v 0.43325555 -0.33952039 -0.38959906
v 0.92589772 0.34989065 -0.38959906
v 0.92073864 0.34989065 -0.40174150
v 0.91621232 0.34989065 -0.41175011
v 0.90759766 0.34989065 -0.43003997
v 0.90131915 0.34989065 -0.44274127
v 0.89620876 0.34989065 -0.45274988
v 0.88691270 0.34989065 -0.47002363
v 0.84997183 0.38990879 -0.53835660
v 0.84364468 0.36989975 -0.54562175
v 0.83702552 0.36989975 -0.55563033
v 0.82028288 0.37664789 -0.58052486
v 0.88073158 0.34989065 -0.48135319
v 0.87498844 0.34989065 -0.49136180
v 0.86496234 0.34989065 -0.50827992
v 0.85965729 0.36307311 -0.51950788
v 0.86505967 0.36982125 -0.51168388
v 0.84831703 0.36989975 -0.53835660
v 0.76640469 0.36989975 -0.64753693
v 0.75779003 0.36989975 -0.65749472
v 0.74781257 0.36989975 -0.66872269
v 0.73958731 0.38457304 -0.67954415
v 0.71992445 0.38010043 -0.69996786
v 0.69992089 0.38025737 -0.71998507
v 0.67952794 0.38535774 -0.73949426
v 0.66857713 0.36989975 -0.74767387
v 0.65733427 0.36989975 -0.75768250
v 0.64735681 0.36989975 -0.76606536
v 0.63533521 0.36989975 -0.77607399
v 0.62530911 0.36989975 -0.78420281
v 0.61260611 0.36989975 -0.79421145
v 0.55590504 0.38990879 -0.83719260
v 0.54587895 0.38990879 -0.84379727
v 0.60258001 0.36989975 -0.80193383
v 0.57994825 0.38080662 -0.81991887
v 0.58841693 0.38841796 -0.81422865
v 0.57196629 0.38841796 -0.82601547
v 0.81376100 0.36997819 -0.58834887
v 0.80135006 0.34989065 -0.60186303
v 0.79351413 0.34989065 -0.61187166
v 0.78353667 0.34989065 -0.62442052
v 0.77521402 0.34989065 -0.63437837
v 0.76523662 0.34989065 -0.64616519
v 0.52835757 0.38943803 -0.85492361
v 0.51974291 0.38253289 -0.85975009
v 0.51185828 0.38943803 -0.86493224
v 0.49151406 0.36989975 -0.87509328
v 0.48153663 0.36989975 -0.88078344
v 0.47005039 0.36989975 -0.88708329
v 0.47920042 0.34439796 -0.87951332
v 0.46756822 0.32988155 -0.88408577
v 0.44810003 0.33176476 -0.89480567
v 0.44011807 0.33968991 -0.89998782
v 0.47151053 0.35059685 -0.88439059
v 0.43325555 0.34659505 -0.90410304
v 0.43325555 -0.33865726 -0.39285058
v 0.43602976 -0.33873570 -0.38959906
v 0.92584908 0.34949833 -0.38959906
v 0.92307484 0.33129394 -0.39091998
v 0.92010593 0.33890527 -0.40031895
v 0.91543359 0.33129394 -0.40819377
v 0.90423936 0.32964617 -0.43151331
v 0.90044308 0.33615893 -0.44106469
v 0.89562470 0.32964617 -0.44863468
v 0.88394380 0.33145088 -0.47109056
v 0.88005018 0.33914065 -0.48018467
v 0.84612685 0.34989065 -0.53835660
v 0.84252524 0.34989065 -0.54394519
v 0.82578266 0.36997819 -0.57178640
v 0.83590609 0.34989065 -0.55395377
v 0.82587993 0.34989065 -0.56848407
v 0.81960148 0.36330849 -0.57955956
v 0.87440443 0.33145088 -0.48816109
v 0.86364824 0.32988155 -0.50609529
v 0.85756445 0.32988155 -0.51610392
v 0.85882986 0.34989065 -0.51828855
v 0.85143197 0.34989065 -0.53002453
v 0.75657326 0.34989065 -0.65612298
v 0.73880857 0.36989975 -0.67873126
v 0.74659580 0.34989065 -0.66735095
v 0.71934038 0.36989975 -0.69935817
v 0.69928813 0.36989975 -0.71937543
v 0.67855453 0.36989975 -0.73868138
v 0.66716570 0.34989065 -0.74635297
v 0.65582544 0.34989065 -0.75636160
v 0.64579934 0.34989065 -0.76479524
v 0.63377774 0.34989065 -0.77480388
v 0.62375164 0.34989065 -0.78293270
v 0.61100000 0.34989065 -0.79294133
v 0.60102254 0.34989065 -0.80071449
v 0.55459094 0.36989975 -0.83632892
v 0.54461348 0.36989975 -0.84293360
v 0.59007168 0.36989975 -0.81128198
v 0.57912087 0.36989975 -0.81930918
v 0.56914341 0.36989975 -0.82632029
v 0.81020808 0.34989065 -0.59002542
v 0.80047399 0.33623737 -0.60074532
v 0.78212523 0.32988155 -0.62274396
v 0.77385128 0.32988155 -0.63275260
v 0.76387382 0.32988155 -0.64459020
v 0.53006107 0.36989975 -0.85218012
v 0.51872087 0.36989975 -0.85914046
v 0.50874341 0.36989975 -0.86508465
v 0.50694257 0.34989065 -0.86406851
v 0.48830181 0.35059685 -0.87494087
v 0.48046589 0.35765886 -0.88017380
v 0.50494707 0.32988155 -0.86295080
v 0.49005395 0.32988155 -0.87153691
v 0.47759432 0.32988155 -0.87859881
v 0.46513468 0.30987248 -0.88276482
v 0.45004684 0.30987248 -0.89079207
v 0.43841463 0.32635057 -0.89912415
v 0.43325555 0.33011699 -0.90217245
v 0.43325555 0.33372647 -0.90262967
v 0.43325555 -0.33771569 -0.39600050
v 0.44717529 -0.33496928 -0.38959906
v 0.92341554 0.32996005 -0.38959906
v 0.92288017 0.32619363 -0.38959906
v 0.91918123 0.32556587 -0.39823595
v 0.91149127 0.30987248 -0.41002274
v 0.90341198 0.30987248 -0.42714408
v 0.89956701 0.32281953 -0.43918490
v 0.89192575 0.30987248 -0.45005721
v 0.88331109 0.30987248 -0.46621326
v 0.87907672 0.32580125 -0.47845730
v 0.84510481 0.34188700 -0.53835660
v 0.84354734 0.32988155 -0.53835660
v 0.84121114 0.32988155 -0.54196376
v 0.83454329 0.32988155 -0.55197239
v 0.82451719 0.32988155 -0.56660426
v 0.81882274 0.34989065 -0.57849270
v 0.86997539 0.30987248 -0.48999006
v 0.86209077 0.30987248 -0.50355506
v 0.85600698 0.30987248 -0.51356369
v 0.84505612 0.31065714 -0.53129470
v 0.84033507 0.31779766 -0.54059201
v 0.84880376 0.32988155 -0.53002453
v 0.75521052 0.32988155 -0.65454805
v 0.73754311 0.34989065 -0.67735952
v 0.72756571 0.34989065 -0.68797785
v 0.74518436 0.32988155 -0.66577595
v 0.71802628 0.34989065 -0.69798642
v 0.70800018 0.34989065 -0.70809668
v 0.69792539 0.34989065 -0.71805447
v 0.68794793 0.34989065 -0.72735184
v 0.67714310 0.34989065 -0.73736048
v 0.66551089 0.32988155 -0.74487960
v 0.65407330 0.32988155 -0.75488824
v 0.64409590 0.32988155 -0.76337272
v 0.63197696 0.32988155 -0.77338129
v 0.62195086 0.32988155 -0.78145933
v 0.60009778 0.33953297 -0.80000323
v 0.59007168 0.34989065 -0.80889416
v 0.56753731 0.34989065 -0.82525337
v 0.55298483 0.34989065 -0.83521122
v 0.54295874 0.34989065 -0.84186667
v 0.57751471 0.34989065 -0.81814069
v 0.80631447 0.32972461 -0.59170204
v 0.79950058 0.32289797 -0.59947520
v 0.79341680 0.32972461 -0.60846776
v 0.78090847 0.31403124 -0.62121981
v 0.77370524 0.30838162 -0.62873900
v 0.76226771 0.30987248 -0.64271039
v 0.53006107 0.34989065 -0.84999549
v 0.51696873 0.34989065 -0.85812438
v 0.51497322 0.32988155 -0.85685420
v 0.50265956 0.30987248 -0.86152828
v 0.49005395 0.30987248 -0.86879343
v 0.47511214 0.30987248 -0.87722707
v 0.47219190 0.28994185 -0.87560129
v 0.46216577 0.28994185 -0.88113910
v 0.45004684 0.28994185 -0.88759136
v 0.43612710 0.30987248 -0.89800638
v 0.43325555 0.30987248 -0.89942896
v 0.43325555 -0.33536166 -0.40362129
v 0.45004684 -0.32775033 -0.41002274
v 0.44829470 -0.33457696 -0.38959906
v 0.92122537 0.31497282 -0.38959906
v 0.91801310 0.30987248 -0.39549246
v 0.90808433 0.28986341 -0.41002274
v 0.90175718 0.28986341 -0.42363852
v 0.89849627 0.30987248 -0.43715268
v 0.88842148 0.28986341 -0.45005721
v 0.88160765 0.28986341 -0.46306333
v 0.87786001 0.30987248 -0.47622186
v 0.82295972 0.30987248 -0.56431806
v 0.81746000 0.32988155 -0.57656211
v 0.86540037 0.28923565 -0.49156505
v 0.86082536 0.29543453 -0.50147206
v 0.85513091 0.28923565 -0.50888962
v 0.84422874 0.28986341 -0.52667141
v 0.83960503 0.30485058 -0.53835660
v 0.83391058 0.31065714 -0.54836524
v 0.75355572 0.30987248 -0.65266824
v 0.74352956 0.30987248 -0.66394699
v 0.73603433 0.32988155 -0.67578459
v 0.72605687 0.32988155 -0.68645364
v 0.73442823 0.30987248 -0.67395562
v 0.71651751 0.32988155 -0.69646227
v 0.70654005 0.32988155 -0.70657253
v 0.69636792 0.32988155 -0.71658111
v 0.68639052 0.32988155 -0.72592926
v 0.67548829 0.32988155 -0.73588711
v 0.66366142 0.30987248 -0.74320304
v 0.65212649 0.30987248 -0.75316083
v 0.64214909 0.30987248 -0.76169610
v 0.62842399 0.31018633 -0.77297485
v 0.62068540 0.31701297 -0.78044325
v 0.60807979 0.33168632 -0.79258567
v 0.59878373 0.32619363 -0.79898715
v 0.59128845 0.33168632 -0.80543935
v 0.57556790 0.32988155 -0.81676894
v 0.56559044 0.32988155 -0.82383084
v 0.54884785 0.32823378 -0.83505881
v 0.54140127 0.33364797 -0.84079981
v 0.80587643 0.30987248 -0.58804405
v 0.79842985 0.30987248 -0.59805268
v 0.78733301 0.30838162 -0.61192250
v 0.77978909 0.30077028 -0.61984807
v 0.76090491 0.29504222 -0.64113545
v 0.53200787 0.32823378 -0.84598190
v 0.51263702 0.30987248 -0.85543168
v 0.50095612 0.29684696 -0.86051220
v 0.49136806 0.29002032 -0.86483061
v 0.48669571 0.26993278 -0.86376369
v 0.46041363 0.27887800 -0.88017380
v 0.43325555 0.28994185 -0.89622819
v 0.45082557 0.27126670 -0.88378096
v 0.43325555 -0.33371383 -0.40885422
v 0.43325555 -0.32806420 -0.42678845
v 0.44883007 -0.32210070 -0.42861742
v 0.46090037 -0.32029599 -0.42099667
v 0.46567005 -0.32210070 -0.41002274
v 0.47199720 -0.32539636 -0.39203769
v 0.47428471 -0.32531786 -0.38959906
v 0.91937590 0.30273199 -0.38959906
v 0.91694236 0.28837252 -0.38959906
v 0.91338944 0.26993278 -0.38959906
v 0.90385002 0.27024662 -0.41098803
v 0.90054041 0.27715173 -0.42119986
v 0.89674413 0.28986341 -0.43364716
v 0.88408983 0.27048203 -0.45102251
v 0.88043952 0.27762252 -0.46092951
v 0.87610787 0.28986341 -0.47302115
v 0.81585383 0.30987248 -0.57432663
v 0.82115895 0.28994185 -0.56172699
v 0.86408627 0.26993278 -0.48709416
v 0.85951126 0.28209513 -0.49928743
v 0.85040987 0.26993278 -0.51000732
v 0.84213591 0.26993278 -0.52341986
v 0.83571136 0.26993278 -0.53342849
v 0.83673346 0.28994185 -0.53835660
v 0.82899487 0.28994185 -0.55004179
v 0.75311768 0.28900027 -0.64870542
v 0.74168009 0.28994185 -0.66191477
v 0.72440213 0.30987248 -0.68467546
v 0.73248142 0.28994185 -0.67192340
v 0.72250396 0.28994185 -0.68269408
v 0.71481401 0.30987248 -0.69468409
v 0.70483661 0.30987248 -0.70479435
v 0.69456714 0.30987248 -0.71480298
v 0.68454099 0.30987248 -0.72420192
v 0.67363882 0.30987248 -0.73421055
v 0.68244821 0.28994185 -0.72232211
v 0.66147125 0.28994185 -0.74122167
v 0.64073765 0.29700387 -0.76052761
v 0.61922526 0.30375206 -0.77932549
v 0.61153537 0.31018633 -0.78643823
v 0.59703159 0.30987248 -0.79766619
v 0.58700544 0.30987248 -0.80513453
v 0.57337773 0.30987248 -0.81514317
v 0.56340027 0.30987248 -0.82230669
v 0.55006456 0.30987248 -0.83140081
v 0.53994113 0.32038707 -0.83988529
v 0.80407560 0.28994185 -0.58560538
v 0.79662901 0.28994185 -0.59561402
v 0.78665161 0.28994185 -0.60856932
v 0.77876699 0.28994185 -0.61857796
v 0.76757276 0.28900027 -0.63178730
v 0.75959086 0.28178129 -0.63961130
v 0.52864957 0.30987248 -0.84542304
v 0.52597272 0.28994185 -0.84374648
v 0.50859737 0.29002032 -0.85456800
v 0.49896064 0.28350756 -0.85929286
v 0.46829826 0.27126670 -0.87433118
v 0.49672180 0.26993278 -0.85802275
v 0.48294806 0.24992369 -0.86162990
v 0.47005039 0.24992369 -0.86889505
v 0.45802879 0.26546013 -0.87885284
v 0.43325555 0.27087438 -0.89267182
v 0.44483912 0.24992369 -0.88246000
v 0.43325555 0.26459700 -0.89140171
v 0.43325555 -0.32155144 -0.44614521
v 0.44138351 -0.32045293 -0.44142032
v 0.45471922 -0.31794196 -0.43430761
v 0.46854162 -0.31456786 -0.42861742
v 0.49000528 -0.31252778 -0.41002274
v 0.47564751 -0.31825584 -0.41002274
v 0.48007649 -0.31998211 -0.40001410
v 0.47808102 -0.32390547 -0.38959906
v 0.90900910 0.24945289 -0.38959906
v 0.90219522 0.24992369 -0.40499303
v 0.89917767 0.26381236 -0.41830397
v 0.89533269 0.27024662 -0.42871904
v 0.87902808 0.26428315 -0.45828766
v 0.88267839 0.24992369 -0.44523072
v 0.87469643 0.27048203 -0.46855029
v 0.81405306 0.28994185 -0.57173562
v 0.82008815 0.27934879 -0.56020284
v 0.85819715 0.26993278 -0.49710280
v 0.86179876 0.24992369 -0.48323298
v 0.84520215 0.25015908 -0.51112503
v 0.84062707 0.25698572 -0.52113366
v 0.83259648 0.27032512 -0.53835660
v 0.82792413 0.25000215 -0.53835660
v 0.82466322 0.27158058 -0.55085468
v 0.74041468 0.27777946 -0.66054302
v 0.72094649 0.27542546 -0.68106830
v 0.71281856 0.28994185 -0.69265187
v 0.70284110 0.28994185 -0.70286375
v 0.69247431 0.28994185 -0.71287239
v 0.68093938 0.27621013 -0.72084880
v 0.66020578 0.27911341 -0.74010396
v 0.63913149 0.28366449 -0.75920665
v 0.61752182 0.28994185 -0.77790296
v 0.60749573 0.28994185 -0.78577781
v 0.59459805 0.28994185 -0.79578638
v 0.58462059 0.28994185 -0.80335635
v 0.56150216 0.29464987 -0.82098579
v 0.55181670 0.28876483 -0.82647270
v 0.53595018 0.28994185 -0.83729422
v 0.53862703 0.30987248 -0.83902156
v 0.80203146 0.26993278 -0.58286190
v 0.79458487 0.26993278 -0.59281975
v 0.78460741 0.26993278 -0.60592747
v 0.77667415 0.26993278 -0.61593610
v 0.76669669 0.26993278 -0.62812930
v 0.74693650 0.27063897 -0.65129650
v 0.75827670 0.26993278 -0.63813794
v 0.52295518 0.26993278 -0.84181589
v 0.51000881 0.26993278 -0.84989393
v 0.52095968 0.25745651 -0.84054577
v 0.49297416 0.24992369 -0.85583812
v 0.48066056 0.23846750 -0.86030895
v 0.47063446 0.23109160 -0.86406851
v 0.45486522 0.24992369 -0.87722707
v 0.44182155 0.23611349 -0.88088506
v 0.43325555 0.24992369 -0.88835341
v 0.43325555 -0.31888360 -0.45351195
v 0.43447232 -0.31802046 -0.45473129
v 0.44883007 -0.31480330 -0.44883788
v 0.47097513 -0.30515188 -0.45092088
v 0.48455417 -0.30193472 -0.44487506
v 0.49078399 -0.30475950 -0.43059883
v 0.51044685 -0.31095839 -0.38959906
v 0.49131936 -0.31809890 -0.39203769
v 0.50368166 -0.30162084 -0.42429900
v 0.51020348 -0.30397487 -0.40981951
v 0.48426217 -0.32155144 -0.38959906
v 0.90438539 0.23007153 -0.38959906
v 0.90068644 0.23681970 -0.40169069
v 0.89762020 0.24992369 -0.41495085
v 0.89031965 0.24992369 -0.43003997
v 0.87742198 0.24992369 -0.45518851
v 0.86924529 0.24992369 -0.47002363
v 0.88092625 0.23587810 -0.44197917
v 0.87557250 0.22944380 -0.44919354
v 0.81862807 0.26600942 -0.55806899
v 0.80062002 0.25722110 -0.58093131
v 0.85590965 0.24992369 -0.49324161
v 0.86038733 0.23823211 -0.48079434
v 0.83897233 0.24364632 -0.51849174
v 0.85391414 0.23085621 -0.48846591
v 0.84335268 0.22991461 -0.50558728
v 0.83722019 0.22991461 -0.51554507
v 0.83415395 0.25015908 -0.52870363
v 0.82339776 0.24992369 -0.54526609
v 0.82145095 0.23430875 -0.54231942
v 0.73895454 0.26444006 -0.65886647
v 0.72995055 0.27001125 -0.66999280
v 0.71943772 0.26208609 -0.67944252
v 0.71028769 0.26836342 -0.69036567
v 0.70118630 0.27471924 -0.70118719
v 0.69962883 0.26137987 -0.69961220
v 0.67928463 0.26287073 -0.71932459
v 0.65845364 0.26585248 -0.73857975
v 0.63728201 0.26993278 -0.75768250
v 0.62730455 0.26993278 -0.76581132
v 0.61484492 0.26993278 -0.77581996
v 0.60481882 0.26993278 -0.78369474
v 0.59182382 0.26993278 -0.79370338
v 0.58184642 0.26993278 -0.80127335
v 0.57006812 0.26993278 -0.80980861
v 0.55965269 0.28123200 -0.81966484
v 0.56890005 0.28876483 -0.81448269
v 0.54792309 0.26993278 -0.82535499
v 0.53298128 0.26993278 -0.83531284
v 0.78227127 0.24992369 -0.60303158
v 0.77438664 0.24992369 -0.61304021
v 0.76436055 0.24992369 -0.62533504
v 0.75598919 0.24992369 -0.63534367
v 0.74596310 0.24992369 -0.64692724
v 0.54461348 0.24992369 -0.82306874
v 0.52860093 0.25047296 -0.83383948
v 0.51842880 0.24411713 -0.83897078
v 0.51107955 0.25047296 -0.84496582
v 0.48839915 0.23109160 -0.85395831
v 0.50562847 0.22991461 -0.84339082
v 0.47769165 0.22520658 -0.85863239
v 0.46416128 0.20990552 -0.86223954
v 0.44912213 0.22960073 -0.87544888
v 0.43325555 0.24615727 -0.88748974
v 0.43865797 0.22277410 -0.87925929
v 0.43325555 0.22771752 -0.88317132
v 0.43325555 0.23093468 -0.88393337
v 0.43325555 -0.31731427 -0.45762718
v 0.43325555 -0.31276315 -0.46910915
v 0.45102024 -0.30523032 -0.47098893
v 0.46494001 -0.30201316 -0.46499392
v 0.47827572 -0.29918838 -0.45818603
v 0.49078399 -0.29667741 -0.45092088
v 0.49788988 -0.29903144 -0.43760994
v 0.49263346 -0.31833428 -0.38959906
v 0.52227378 -0.30107158 -0.40296084
v 0.52835757 -0.30287629 -0.38959906
v 0.51701736 -0.29856062 -0.41632259
v 0.90409338 0.22889453 -0.38959906
v 0.89903164 0.22348031 -0.39798191
v 0.89552736 0.23007153 -0.40900663
v 0.88477123 0.22944380 -0.43120849
v 0.86423230 0.23085621 -0.47063330
v 0.87932014 0.22253871 -0.43867683
v 0.86987805 0.20990552 -0.45005721
v 0.86223680 0.20990552 -0.46407944
v 0.81672990 0.24992369 -0.55522394
v 0.80577910 0.25031602 -0.57122755
v 0.79896522 0.24396020 -0.57864511
v 0.79322213 0.25031602 -0.58860290
v 0.85863519 0.22489272 -0.47769523
v 0.82665873 0.22858067 -0.53175193
v 0.84607822 0.20896392 -0.49151421
v 0.84135717 0.21500587 -0.50223410
v 0.83527339 0.20896392 -0.50934684
v 0.82441986 0.20990552 -0.52707785
v 0.82013685 0.21994929 -0.53835660
v 0.81965017 0.22104783 -0.53957593
v 0.80183679 0.21335806 -0.56274307
v 0.80412430 0.22991461 -0.56604540
v 0.73715377 0.24992369 -0.65688509
v 0.72712767 0.24992369 -0.66780818
v 0.71788025 0.24992369 -0.67781681
v 0.70790285 0.24992369 -0.68813026
v 0.69807142 0.24992369 -0.69813883
v 0.68804526 0.24992369 -0.70769024
v 0.67748380 0.24992369 -0.71769887
v 0.66745770 0.24992369 -0.72669137
v 0.65621483 0.24992369 -0.73670000
v 0.64618874 0.24992369 -0.74528605
v 0.63441044 0.24992369 -0.75524390
v 0.62438434 0.24992369 -0.76347429
v 0.61182737 0.24992369 -0.77348292
v 0.60180128 0.24992369 -0.78135771
v 0.58028895 0.25926125 -0.80010486
v 0.55790055 0.26993278 -0.81849629
v 0.78066516 0.23721203 -0.60099936
v 0.76173234 0.22991461 -0.62223595
v 0.75336099 0.22991461 -0.63224453
v 0.74333489 0.22991461 -0.64387894
v 0.55463964 0.24992369 -0.81615925
v 0.54193664 0.23493649 -0.82123977
v 0.53166717 0.22897300 -0.82652354
v 0.51560593 0.22991461 -0.83714181
v 0.50241625 0.21461354 -0.84140944
v 0.49166006 0.20872851 -0.84618509
v 0.47418737 0.20990552 -0.85665101
v 0.45004684 0.20990552 -0.86991113
v 0.46119237 0.19758619 -0.86061382
v 0.43539703 0.20990552 -0.87758273
v 0.43325555 0.20990552 -0.87864959
v 0.43325555 -0.30491644 -0.48821187
v 0.44493645 -0.30193472 -0.48460472
v 0.45827216 -0.29918838 -0.47830486
v 0.47097513 -0.29683435 -0.47098893
v 0.49166006 -0.28694749 -0.47164941
v 0.50567716 -0.28278875 -0.46606082
v 0.51142025 -0.28663367 -0.45137814
v 0.51020348 -0.29604965 -0.43059883
v 0.52937967 -0.29487270 -0.40981951
v 0.53560948 -0.29777598 -0.39412072
v 0.53731292 -0.29863912 -0.38959906
v 0.52937967 -0.30240554 -0.38959906
v 0.53088844 -0.28569204 -0.43054801
v 0.90063775 0.21539821 -0.38959906
v 0.89727950 0.20990552 -0.39396831
v 0.88983291 0.20990552 -0.41002274
v 0.88253236 0.20990552 -0.42531508
v 0.87761664 0.20990552 -0.43532372
v 0.86418360 0.19075957 -0.45046365
v 0.86058199 0.19790007 -0.46108192
v 0.85654235 0.20990552 -0.47408807
v 0.79711574 0.22991461 -0.57605404
v 0.78611624 0.23030694 -0.59114319
v 0.84364468 0.18997490 -0.48617968
v 0.83941036 0.20166649 -0.49918580
v 0.82923824 0.18997490 -0.51000732
v 0.81999087 0.17985266 -0.52006674
v 0.82149965 0.18997490 -0.52245456
v 0.81809270 0.20990552 -0.53708649
v 0.81721663 0.20974858 -0.53835660
v 0.80757987 0.20802231 -0.55202317
v 0.79993862 0.20009714 -0.55999959
v 0.79541230 0.20802231 -0.56965256
v 0.73447686 0.22991461 -0.65383673
v 0.72449946 0.22991461 -0.66491228
v 0.71515471 0.22991461 -0.67492092
v 0.70512861 0.22991461 -0.68533593
v 0.69519985 0.22991461 -0.69534457
v 0.68522239 0.22991461 -0.70494676
v 0.67451489 0.22991461 -0.71495539
v 0.66448879 0.22991461 -0.72404951
v 0.65314859 0.22991461 -0.73400730
v 0.64312249 0.22991461 -0.74264419
v 0.62920272 0.22850220 -0.75392294
v 0.62195086 0.23423028 -0.76149291
v 0.60019517 0.23948757 -0.78008759
v 0.57805008 0.24600033 -0.79847908
v 0.57084686 0.25149304 -0.80503297
v 0.77886432 0.22395112 -0.59861153
v 0.76027220 0.21892922 -0.62040693
v 0.74129075 0.21539821 -0.64159268
v 0.56520110 0.22991461 -0.80366123
v 0.54918849 0.22897300 -0.81463510
v 0.53940576 0.22159711 -0.81951243
v 0.52694613 0.20990552 -0.82449132
v 0.50947344 0.20872851 -0.83536363
v 0.49944735 0.20127414 -0.83958042
v 0.48664701 0.18989643 -0.84384811
v 0.46873629 0.19052418 -0.85431397
v 0.45067957 0.19052418 -0.86432254
v 0.45773679 0.18432528 -0.85868323
v 0.43325555 0.20331429 -0.87687147
v 0.43325555 -0.30264091 -0.49349564
v 0.43768454 -0.29903144 -0.49796647
v 0.45102024 -0.29667741 -0.49080294
v 0.47155917 -0.28694749 -0.49156505
v 0.48606297 -0.28286725 -0.48597646
v 0.49939868 -0.27965009 -0.47942260
v 0.51906157 -0.27941465 -0.45889729
v 0.52475595 -0.28247488 -0.44558635
v 0.54334807 -0.28176868 -0.42424816
v 0.55001593 -0.28427964 -0.40936226
v 0.54583025 -0.29424495 -0.38959906
v 0.53809166 -0.27886540 -0.43755913
v 0.89825290 0.20629604 -0.38959906
v 0.89401859 0.19130884 -0.38959906
v 0.88408983 0.19021030 -0.41063240
v 0.88078022 0.19703694 -0.42170793
v 0.87513447 0.19021030 -0.42902386
v 0.86170143 0.16996582 -0.44330013
v 0.86014396 0.15952972 -0.44030261
v 0.85629898 0.16996582 -0.45330876
v 0.85853785 0.18463914 -0.45742396
v 0.85406017 0.19075957 -0.46865189
v 0.78431541 0.20990552 -0.58596104
v 0.83765823 0.18997490 -0.49618828
v 0.84140587 0.17538004 -0.48247090
v 0.82368982 0.17192748 -0.50995648
v 0.81784934 0.16651326 -0.51661199
v 0.81230092 0.17192748 -0.52804315
v 0.81512380 0.18997490 -0.53246319
v 0.81123018 0.18989643 -0.53835660
v 0.80509770 0.18989643 -0.54765391
v 0.79833251 0.18989643 -0.55766255
v 0.77978909 0.18048039 -0.57976282
v 0.78188187 0.19381978 -0.58265871
v 0.72157919 0.20990552 -0.66176236
v 0.71223450 0.20990552 -0.67177099
v 0.70220840 0.20990552 -0.68228763
v 0.69208491 0.20990552 -0.69229627
v 0.68205881 0.20990552 -0.70200002
v 0.66920984 0.20833617 -0.71348202
v 0.66195792 0.21398580 -0.72176325
v 0.64107829 0.21696755 -0.74081522
v 0.61971200 0.22089089 -0.75971472
v 0.59785897 0.22622666 -0.77830940
v 0.59075308 0.23171934 -0.78516811
v 0.57517856 0.22991461 -0.79639608
v 0.76562595 0.21131793 -0.61080480
v 0.77682018 0.20990552 -0.59591883
v 0.75827670 0.20558983 -0.61796832
v 0.73934394 0.20205882 -0.63930649
v 0.73287076 0.20919931 -0.64895946
v 0.56223220 0.21429966 -0.80152738
v 0.55176806 0.20857158 -0.80726838
v 0.53697228 0.20990552 -0.81788665
v 0.52251714 0.18989643 -0.82159543
v 0.52018094 0.17961726 -0.82007128
v 0.51020348 0.17169209 -0.82398325
v 0.49662447 0.18989643 -0.83790386
v 0.48275340 0.17459537 -0.84156185
v 0.47160786 0.16871035 -0.84623593
v 0.43325555 0.19005337 -0.87316269
v 0.45379448 0.16988735 -0.85654938
v 0.44376838 0.16988735 -0.86193472
v 0.43325555 0.16988735 -0.86737084
v 0.43325555 0.18432528 -0.87153691
v 0.43325555 -0.29722667 -0.50558728
v 0.45136094 -0.28663367 -0.51142985
v 0.46596208 -0.28278875 -0.50568891
v 0.47929779 -0.27957159 -0.49928743
v 0.49166006 -0.27729607 -0.49156505
v 0.51112825 -0.26717383 -0.49105698
v 0.51142025 -0.27713913 -0.47164941
v 0.52485329 -0.26270121 -0.48511279
v 0.53088844 -0.26670301 -0.47073489
v 0.53088844 -0.27643293 -0.45137814
v 0.55668378 -0.27808076 -0.41561130
v 0.56164813 -0.28090554 -0.40224954
v 0.56602848 -0.28333801 -0.39005631
v 0.56607717 -0.28341651 -0.38959906
v 0.55035663 -0.26568294 -0.45000640
v 0.56267023 -0.26160264 -0.44335091
v 0.55001593 -0.27517748 -0.43054801
v 0.88759410 0.16957349 -0.38959906
v 0.88754541 0.16996582 -0.39005631
v 0.88146162 0.16996582 -0.40331644
v 0.87883341 0.18377601 -0.41769433
v 0.86846662 0.16996582 -0.43003997
v 0.86296684 0.15168300 -0.42963353
v 0.85795379 0.14619032 -0.43608579
v 0.84091914 0.13716662 -0.46174240
v 0.84301198 0.14995673 -0.46545118
v 0.83931303 0.16204065 -0.47886375
v 0.83527339 0.16925961 -0.48948202
v 0.82193768 0.15388009 -0.50330102
v 0.81599987 0.14830893 -0.50995648
v 0.80422163 0.15152606 -0.53017694
v 0.80100936 0.15764651 -0.53835660
v 0.80193412 0.16988735 -0.54297984
v 0.79512024 0.16988735 -0.55293769
v 0.78514278 0.16988735 -0.56731552
v 0.77798826 0.16988735 -0.57732415
v 0.76728076 0.16933808 -0.59144801
v 0.76144028 0.17553698 -0.60191387
v 0.77492201 0.18832709 -0.58961904
v 0.72002178 0.19962634 -0.66008580
v 0.70045626 0.19844934 -0.68050945
v 0.68030667 0.19899860 -0.70027268
v 0.65976775 0.20064642 -0.71978188
v 0.63874215 0.20362815 -0.73883379
v 0.62618518 0.18989643 -0.74503201
v 0.61771649 0.20990552 -0.75803816
v 0.60769039 0.20990552 -0.76601458
v 0.59489006 0.20990552 -0.77602315
v 0.58486396 0.20990552 -0.78359318
v 0.56933808 0.20857158 -0.79466867
v 0.76377648 0.18989643 -0.60491139
v 0.75579453 0.18989643 -0.61491996
v 0.74581707 0.18989643 -0.62706244
v 0.73734844 0.18989643 -0.63702023
v 0.71783161 0.18636543 -0.65764713
v 0.55960399 0.20103875 -0.79964757
v 0.54719305 0.18989643 -0.80493134
v 0.53254324 0.18989643 -0.81493998
v 0.54271537 0.16988735 -0.80183220
v 0.52816290 0.17169209 -0.81219649
v 0.51692003 0.16627787 -0.81793743
v 0.50275695 0.14987826 -0.82169700
v 0.48966458 0.16871035 -0.83561766
v 0.47929779 0.16133446 -0.83952963
v 0.46610808 0.14987826 -0.84344167
v 0.44844073 0.15129067 -0.85370427
v 0.44070214 0.15882351 -0.86030895
v 0.43325555 0.15364468 -0.86244279
v 0.43325555 -0.28529972 -0.52997375
v 0.44566649 -0.28247488 -0.52499485
v 0.45890486 -0.27941465 -0.51899981
v 0.47155917 -0.27706069 -0.51142985
v 0.49107602 -0.26709539 -0.51112503
v 0.50519043 -0.26277965 -0.50518084
v 0.51852614 -0.25909173 -0.49847454
v 0.53818899 -0.25877786 -0.47789845
v 0.54398078 -0.26230890 -0.46453667
v 0.56967878 -0.26419210 -0.42887145
v 0.58111632 -0.26066107 -0.42145389
v 0.56899738 -0.27337271 -0.40936226
v 0.57629794 -0.27753145 -0.38959906
v 0.55731648 -0.25822860 -0.45671266
v 0.57600594 -0.25736547 -0.43476486
v 0.88501453 0.16117752 -0.38959906
v 0.88000149 0.15992203 -0.40001410
v 0.87674057 0.16996582 -0.41327426
v 0.87357700 0.15191841 -0.40804133
v 0.86126339 0.13598961 -0.42272401
v 0.85907322 0.12265022 -0.41815156
v 0.85556895 0.12955531 -0.42963353
v 0.84228194 0.11346958 -0.44426543
v 0.84466672 0.13026151 -0.45056528
v 0.83863163 0.12382722 -0.45762718
v 0.83425128 0.13026151 -0.46905833
v 0.82388449 0.12994765 -0.48658612
v 0.83731753 0.14995673 -0.47540897
v 0.82704806 0.14830893 -0.49181905
v 0.81974751 0.14054069 -0.49969387
v 0.80772591 0.12798597 -0.51198870
v 0.80227482 0.13332173 -0.52362311
v 0.80018198 0.15921584 -0.54038882
v 0.79721308 0.14658265 -0.53835660
v 0.79215133 0.15152606 -0.54826361
v 0.78173590 0.14987826 -0.56253988
v 0.77453268 0.14987826 -0.57254845
v 0.76455522 0.14987826 -0.58616424
v 0.75920147 0.16219759 -0.59901798
v 0.75350702 0.16933808 -0.60917902
v 0.70911956 0.19240738 -0.66912913
v 0.70493394 0.16988735 -0.66531873
v 0.69812006 0.18518841 -0.67812163
v 0.67792183 0.18565921 -0.69803727
v 0.67076731 0.19138731 -0.70657253
v 0.65782094 0.18989643 -0.71800369
v 0.64779484 0.18989643 -0.72674215
v 0.63621128 0.18989643 -0.73675078
v 0.61396885 0.18989643 -0.75504065
v 0.62229151 0.16988735 -0.74178052
v 0.60394275 0.18989643 -0.76301706
v 0.58919561 0.18911177 -0.77409256
v 0.58199239 0.19515373 -0.78140855
v 0.74245882 0.16988735 -0.62309963
v 0.73399019 0.16988735 -0.63305742
v 0.72396410 0.16988735 -0.64453942
v 0.71496004 0.16988735 -0.65444642
v 0.57157695 0.18911177 -0.78725111
v 0.55721915 0.18989643 -0.79797101
v 0.55269277 0.16988735 -0.79482108
v 0.54028183 0.15945125 -0.80015564
v 0.53020704 0.15168300 -0.80427086
v 0.51278305 0.14987826 -0.81524479
v 0.49005395 0.14987826 -0.82941943
v 0.50012875 0.13975602 -0.82002044
v 0.47613418 0.14987826 -0.83764982
v 0.46221447 0.13622501 -0.84120619
v 0.45092291 0.12971225 -0.84521985
v 0.43661380 0.14548412 -0.85817516
v 0.43325555 0.14838740 -0.86076617
v 0.43325555 -0.28349495 -0.53353012
v 0.43802524 -0.27902234 -0.53835660
v 0.45136094 -0.27658987 -0.53098983
v 0.47082913 -0.26678151 -0.53093904
v 0.48513824 -0.26270121 -0.52484244
v 0.49847394 -0.25909173 -0.51854259
v 0.51112825 -0.25603151 -0.51112503
v 0.52300382 -0.24182899 -0.52301341
v 0.52976900 -0.24551694 -0.50965166
v 0.54256934 -0.24159358 -0.50274217
v 0.53088844 -0.25571764 -0.49105698
v 0.55035663 -0.25501144 -0.47073489
v 0.54952919 -0.24496765 -0.48927879
v 0.56189150 -0.24120124 -0.48211527
v 0.59016901 -0.25006801 -0.43019238
v 0.60394275 -0.24284907 -0.42561990
v 0.59513342 -0.25665927 -0.41002274
v 0.59917307 -0.25932711 -0.39874399
v 0.58515596 -0.26317203 -0.41002274
v 0.59138578 -0.26819390 -0.38959906
v 0.56914341 -0.24394758 -0.46849948
v 0.58067828 -0.24041657 -0.46087873
v 0.56967878 -0.25359905 -0.45000640
v 0.58496130 -0.24331985 -0.45005721
v 0.59922171 -0.23939650 -0.43893087
v 0.88228899 0.15246767 -0.38959906
v 0.87786001 0.14658265 -0.39534003
v 0.86486501 0.12955531 -0.41088641
v 0.86223680 0.11346958 -0.40478981
v 0.85741842 0.10805535 -0.41088641
v 0.84685695 0.10805535 -0.43197057
v 0.83984840 0.10013019 -0.43989617
v 0.83687949 0.10805535 -0.45056528
v 0.82140231 0.11590205 -0.48247090
v 0.82578266 0.10954623 -0.47103974
v 0.81789804 0.12994765 -0.49659473
v 0.80436766 0.10993856 -0.50706059
v 0.79993862 0.12006080 -0.51996511
v 0.79604501 0.12798597 -0.53017694
v 0.78412074 0.13183086 -0.54994017
v 0.77998376 0.13983449 -0.56005043
v 0.76182967 0.13496953 -0.58255708
v 0.75701129 0.14987826 -0.59617287
v 0.74051201 0.15843117 -0.62071180
v 0.69529718 0.16988735 -0.67532736
v 0.70211107 0.15442935 -0.66227043
v 0.68531972 0.16988735 -0.68518353
v 0.67495292 0.16988735 -0.69519216
v 0.66497552 0.16988735 -0.70454031
v 0.65397596 0.16988735 -0.71454895
v 0.64399856 0.16988735 -0.72343981
v 0.63226897 0.16988735 -0.73339766
v 0.60131454 0.17671397 -0.76098484
v 0.62019873 0.15960817 -0.74005312
v 0.57926685 0.18181434 -0.77937633
v 0.72143322 0.15592022 -0.64174509
v 0.56666124 0.16988735 -0.78481245
v 0.56296229 0.15364468 -0.78211981
v 0.55011326 0.14979979 -0.78999460
v 0.53697228 0.14603338 -0.79786944
v 0.52280915 0.12986918 -0.80178142
v 0.48981059 0.13183086 -0.82347524
v 0.52008361 0.11982541 -0.80000323
v 0.50981414 0.11182177 -0.80371201
v 0.49628377 0.12649509 -0.81763262
v 0.48981059 0.10899696 -0.81534636
v 0.48294806 0.11503892 -0.82169700
v 0.46932036 0.12971225 -0.83485556
v 0.45822346 0.12288561 -0.83892000
v 0.44406039 0.10986009 -0.84217155
v 0.43325555 0.12908451 -0.85441554
v 0.43325555 0.13724509 -0.85715902
v 0.43325555 -0.28098404 -0.53835660
v 0.45033887 -0.26599681 -0.55054986
v 0.45102024 -0.27266651 -0.53835660
v 0.43325555 -0.27674681 -0.54618061
v 0.44381702 -0.26183808 -0.56320035
v 0.46747088 -0.26434904 -0.53835660
v 0.47798368 -0.25885630 -0.53835660
v 0.49107602 -0.25587457 -0.53093904
v 0.50304896 -0.24175052 -0.54287827
v 0.50981414 -0.24559541 -0.52982134
v 0.51633596 -0.23759176 -0.53637516
v 0.53633952 -0.23751329 -0.51610392
v 0.55590504 -0.23712097 -0.49542624
v 0.57031149 -0.23013739 -0.49029490
v 0.57522720 -0.23649324 -0.47418967
v 0.61727846 -0.23782717 -0.41596693
v 0.62175614 -0.24127971 -0.40260518
v 0.61041594 -0.24606620 -0.40956551
v 0.60219061 -0.26136726 -0.38959906
v 0.61080527 -0.25532532 -0.38959906
v 0.58919561 -0.22935273 -0.46895674
v 0.59498739 -0.23625784 -0.45005721
v 0.60296935 -0.22221224 -0.46377462
v 0.60973454 -0.22550784 -0.44893950
v 0.62112343 -0.22087829 -0.44157273
v 0.61041594 -0.23484541 -0.43136090
v 0.87907672 0.14265931 -0.38959906
v 0.87498844 0.13033998 -0.38959906
v 0.87382036 0.12688744 -0.38959906
v 0.86627644 0.10805535 -0.39193609
v 0.85985196 0.10013019 -0.39986169
v 0.85109127 0.08992948 -0.41002274
v 0.84310931 0.08992948 -0.42617878
v 0.83795023 0.08992948 -0.43618739
v 0.83035767 0.08992948 -0.45005721
v 0.82237571 0.08992948 -0.46428266
v 0.81896877 0.10256267 -0.47840649
v 0.81492913 0.10954623 -0.48948202
v 0.80169076 0.09550063 -0.50279295
v 0.79808915 0.10993856 -0.51706922
v 0.78781968 0.10836922 -0.53175193
v 0.78217393 0.11401884 -0.54323387
v 0.77750158 0.12657356 -0.55659568
v 0.76966560 0.13073233 -0.56965256
v 0.75929880 0.12163015 -0.57915318
v 0.75418842 0.12892757 -0.58951741
v 0.74591446 0.15105528 -0.61060154
v 0.74318892 0.12986918 -0.60409850
v 0.73802984 0.14509177 -0.61771429
v 0.72975588 0.15050599 -0.62980592
v 0.67962527 0.14085457 -0.67964578
v 0.68225348 0.15419395 -0.68223685
v 0.69948286 0.14101149 -0.65952694
v 0.66200662 0.15490016 -0.70189846
v 0.64137036 0.15670490 -0.72115362
v 0.59854037 0.16345306 -0.75880021
v 0.59114242 0.17004427 -0.76657343
v 0.62939739 0.15152606 -0.72938406
v 0.61727846 0.14626878 -0.73766530
v 0.61036730 0.15168300 -0.74523526
v 0.57668734 0.16988735 -0.77744573
v 0.71890235 0.14258084 -0.63890004
v 0.56982481 0.14815199 -0.77521032
v 0.55989605 0.14030528 -0.77983356
v 0.54733908 0.12986918 -0.78506649
v 0.53278661 0.12986918 -0.79507512
v 0.52991503 0.11017396 -0.78984219
v 0.51638466 0.10648602 -0.79751378
v 0.50304896 0.09502983 -0.80188298
v 0.47890842 0.10177800 -0.81930918
v 0.47136450 0.10899696 -0.82637107
v 0.45408648 0.10986009 -0.83663374
v 0.44060478 0.09911012 -0.84024096
v 0.43325555 0.10986009 -0.84781086
v 0.45715272 -0.25838554 -0.55761176
v 0.46474534 -0.26238734 -0.54425001
v 0.43325555 -0.26395667 -0.56812841
v 0.43559173 -0.25775778 -0.57656211
v 0.47087780 -0.25524682 -0.55054986
v 0.48951858 -0.24520306 -0.54973698
v 0.48246136 -0.24135818 -0.56218421
v 0.49579704 -0.23735638 -0.55618918
v 0.51137161 -0.23084362 -0.55126113
v 0.51565456 -0.23672862 -0.53835660
v 0.52645946 -0.22425239 -0.54638380
v 0.54047650 -0.22025056 -0.53835660
v 0.53142381 -0.23084362 -0.53139627
v 0.54602492 -0.22417392 -0.52641737
v 0.55098933 -0.23060821 -0.51102340
v 0.55936062 -0.21946590 -0.51930463
v 0.56529844 -0.22378157 -0.50599372
v 0.57863414 -0.21891661 -0.49842373
v 0.58437729 -0.22315384 -0.48511279
v 0.62516308 -0.22401698 -0.43003997
v 0.63903415 -0.21915202 -0.41855800
v 0.63037080 -0.23029433 -0.41058159
v 0.62579578 -0.24426146 -0.39005631
v 0.63582194 -0.23657168 -0.39005631
v 0.62589312 -0.24433993 -0.38959906
v 0.59771293 -0.21805348 -0.47708556
v 0.61104864 -0.21075605 -0.47129375
v 0.61630505 -0.21679802 -0.45488369
v 0.63757402 -0.19773053 -0.45656025
v 0.64229506 -0.20188929 -0.44324932
v 0.63509184 -0.21577795 -0.43003997
v 0.86734718 0.10821229 -0.38959906
v 0.86179876 0.09275429 -0.38959906
v 0.85795379 0.08992948 -0.39564487
v 0.84379071 0.07070506 -0.40976870
v 0.84082180 0.07784556 -0.42165712
v 0.83405662 0.07070506 -0.42902386
v 0.82334912 0.07141127 -0.44944754
v 0.82033157 0.07910103 -0.46062469
v 0.81658393 0.08992948 -0.47424048
v 0.80631447 0.08922327 -0.49115860
v 0.79911125 0.08216125 -0.49862695
v 0.79482824 0.08922327 -0.50970244
v 0.78421807 0.08992948 -0.52636659
v 0.77969170 0.10067946 -0.53962672
v 0.77531135 0.10836922 -0.54994017
v 0.76436055 0.10986009 -0.56609619
v 0.74085271 0.11778526 -0.60115176
v 0.75701129 0.10986009 -0.57610482
v 0.73501223 0.12986918 -0.61410713
v 0.72503483 0.12986918 -0.62594473
v 0.65932971 0.14163923 -0.69935817
v 0.68716919 0.12986918 -0.66724932
v 0.67724043 0.12986918 -0.67725796
v 0.66726303 0.12986918 -0.68696171
v 0.70634538 0.12986918 -0.64707965
v 0.69714665 0.12986918 -0.65698665
v 0.68278891 0.10986009 -0.66288006
v 0.65032572 0.14917207 -0.71028131
v 0.63854748 0.14344397 -0.71871495
v 0.59552276 0.14987826 -0.75641239
v 0.58554536 0.14987826 -0.76413476
v 0.62555242 0.12986918 -0.72460836
v 0.61357951 0.12986918 -0.73461699
v 0.60360205 0.12986918 -0.74284738
v 0.71632284 0.12986918 -0.63595331
v 0.58218706 0.13544033 -0.76159453
v 0.57902348 0.12202248 -0.75920665
v 0.55731648 0.12986918 -0.77800459
v 0.54325074 0.11386192 -0.78217059
v 0.53964913 0.10060099 -0.77968115
v 0.52660543 0.09000795 -0.78435522
v 0.50981414 0.08898787 -0.79507512
v 0.49891198 0.08176892 -0.79924113
v 0.49136806 0.08898787 -0.80676031
v 0.47511214 0.09000795 -0.81702292
v 0.46508601 0.09000795 -0.82296717
v 0.44839203 0.09149882 -0.83297575
v 0.44990084 0.07094046 -0.82408488
v 0.43573773 0.08592767 -0.83770066
v 0.43325555 0.09408823 -0.84212071
v 0.45033887 -0.25414830 -0.56995744
v 0.46153307 -0.24080892 -0.58128697
v 0.46893096 -0.24433993 -0.56934774
v 0.43325555 -0.26026875 -0.57412344
v 0.43325555 -0.25406986 -0.58367479
v 0.43325555 -0.24779247 -0.59312457
v 0.43987471 -0.23986731 -0.59988165
v 0.45004684 -0.24394758 -0.58585942
v 0.47486877 -0.23680709 -0.57554597
v 0.49083269 -0.23037280 -0.57071948
v 0.50640720 -0.22401698 -0.56589299
v 0.51974291 -0.21970131 -0.55974555
v 0.53191054 -0.21664108 -0.55187076
v 0.54227734 -0.20157541 -0.56228584
v 0.54938322 -0.20573418 -0.54933053
v 0.56203753 -0.20141847 -0.54216701
v 0.56408167 -0.20259549 -0.53835660
v 0.55162203 -0.21648414 -0.53185356
v 0.56924075 -0.20526336 -0.52890682
v 0.57118756 -0.21569948 -0.51158226
v 0.58135968 -0.20102616 -0.52154011
v 0.58885491 -0.20416482 -0.50827992
v 0.60043848 -0.20024149 -0.50045592
v 0.59060705 -0.21436553 -0.49105698
v 0.64336580 -0.22268303 -0.40519625
v 0.64940095 -0.20463564 -0.42800778
v 0.66001111 -0.19992761 -0.42003137
v 0.65003365 -0.21373780 -0.41114044
v 0.65670151 -0.21703340 -0.39457795
v 0.63562721 -0.23688556 -0.38959906
v 0.64974165 -0.22550784 -0.38959906
v 0.60462415 -0.20377250 -0.48999006
v 0.61912793 -0.19914295 -0.47881293
v 0.62418967 -0.20345862 -0.46550196
v 0.63202560 -0.19176705 -0.47261471
v 0.64482594 -0.18439114 -0.46641648
v 0.65811294 -0.17803532 -0.45727155
v 0.65017968 -0.19011922 -0.45026043
v 0.65563077 -0.19584732 -0.43339312
v 0.85897589 0.08529992 -0.38959906
v 0.85347611 0.07125434 -0.38959906
v 0.84140587 0.05673794 -0.40296084
v 0.83809626 0.06450617 -0.41627178
v 0.82476056 0.05022518 -0.43024319
v 0.82125628 0.05705181 -0.44243643
v 0.81755733 0.06576164 -0.45579821
v 0.80042535 0.05909195 -0.48074353
v 0.80266416 0.06992039 -0.48450312
v 0.78149253 0.07635469 -0.52225137
v 0.79658037 0.06992039 -0.49451172
v 0.78611624 0.06976346 -0.51082021
v 0.77750158 0.08992948 -0.53637516
v 0.76698875 0.08961561 -0.55115950
v 0.76158631 0.09597144 -0.56228584
v 0.72196859 0.11503892 -0.62238836
v 0.74610913 0.11064477 -0.59063512
v 0.73807847 0.10444587 -0.59769702
v 0.73004788 0.10978163 -0.61009347
v 0.75360435 0.08961561 -0.56939852
v 0.74284822 0.09000795 -0.58377641
v 0.65675020 0.12986918 -0.69697034
v 0.64672410 0.12986918 -0.70606446
v 0.63557857 0.12986918 -0.71607310
v 0.67281145 0.10986009 -0.67283785
v 0.66278535 0.10986009 -0.68269408
v 0.70215970 0.10986009 -0.64245641
v 0.69281501 0.10986009 -0.65241420
v 0.68040401 0.09903165 -0.66039062
v 0.58934164 0.12924144 -0.75377053
v 0.62219417 0.11543125 -0.72181404
v 0.60092521 0.11809913 -0.74066281
v 0.71325660 0.10899696 -0.62945026
v 0.59055841 0.11088017 -0.74589574
v 0.57595730 0.10986009 -0.75681883
v 0.56597984 0.10986009 -0.76433802
v 0.54991859 0.10829076 -0.77531195
v 0.56228089 0.09581450 -0.76159453
v 0.55863059 0.08247511 -0.75895262
v 0.53658289 0.09000795 -0.77759814
v 0.52246845 0.07611929 -0.78156096
v 0.51098222 0.06968500 -0.78638744
v 0.49496967 0.06999886 -0.79680252
v 0.48109859 0.05854268 -0.80061287
v 0.48499221 0.06999886 -0.80294991
v 0.46878499 0.07094046 -0.81316173
v 0.46124107 0.07823790 -0.82068092
v 0.43325555 0.07980724 -0.83658296
v 0.45652002 0.06497698 -0.81793743
v 0.44318432 0.05603174 -0.82169700
v 0.43325555 0.06615398 -0.83109599
v 0.43325555 0.08804627 -0.83978367
v 0.45004684 -0.23696403 -0.59586805
v 0.46455064 -0.22268303 -0.60369205
v 0.46970969 -0.22974508 -0.58977145
v 0.48577094 -0.22346772 -0.58494496
v 0.43325555 -0.23657168 -0.60897577
v 0.43325555 -0.22417392 -0.62543666
v 0.44279495 -0.22150604 -0.62213433
v 0.44970614 -0.22644944 -0.61024588
v 0.49910665 -0.21930896 -0.57920396
v 0.51180965 -0.21632721 -0.57153237
v 0.52207911 -0.20141847 -0.58189660
v 0.52928233 -0.20565571 -0.56939852
v 0.53541481 -0.19639660 -0.57559681
v 0.54977256 -0.18972690 -0.56975418
v 0.55561304 -0.19639660 -0.55547792
v 0.57401043 -0.19459186 -0.53835660
v 0.57537323 -0.19608273 -0.53485101
v 0.58900094 -0.18909918 -0.52880526
v 0.59464669 -0.19537653 -0.51376688
v 0.60233665 -0.18203713 -0.52275944
v 0.60807979 -0.18815756 -0.50761950
v 0.62122077 -0.18101706 -0.50142121
v 0.61465025 -0.19514112 -0.48999006
v 0.65825897 -0.21836735 -0.38959906
v 0.66804177 -0.18800062 -0.42683923
v 0.68020934 -0.18007545 -0.42028537
v 0.67310345 -0.19310097 -0.41002274
v 0.67743516 -0.19741668 -0.39549246
v 0.66307735 -0.20275243 -0.41002274
v 0.62579578 -0.18509735 -0.48999006
v 0.63986158 -0.17976159 -0.47972745
v 0.66458613 -0.16469593 -0.46651810
v 0.67792183 -0.15763390 -0.45691592
v 0.67028058 -0.17018862 -0.45041284
v 0.66263932 -0.18250793 -0.44396061
v 0.65996242 -0.15983097 -0.47987986
v 0.84807372 0.05807188 -0.38959906
v 0.83512735 0.05006824 -0.40976870
v 0.84476411 0.05006824 -0.38959906
v 0.83853430 0.04339855 -0.39701661
v 0.82193768 0.03586572 -0.42374015
v 0.81833607 0.04371241 -0.43705109
v 0.81439376 0.05022518 -0.44944754
v 0.80358893 0.05148065 -0.46946478
v 0.79745644 0.04575256 -0.47571382
v 0.79229736 0.05148065 -0.48846591
v 0.77866966 0.06301530 -0.51803452
v 0.77385128 0.06976346 -0.52936411
v 0.78227127 0.05006824 -0.50355506
v 0.76767015 0.06984193 -0.53835660
v 0.76328981 0.06999886 -0.54470724
v 0.75881213 0.08263205 -0.55847543
v 0.71914572 0.10177800 -0.61908603
v 0.73491490 0.09000795 -0.59378505
v 0.72493750 0.09000795 -0.60597825
v 0.74513572 0.07133280 -0.57010984
v 0.74046338 0.07894410 -0.58067727
v 0.64979035 0.10805535 -0.69407445
v 0.63991022 0.10013019 -0.69986624
v 0.64297646 0.11354804 -0.70271134
v 0.63105220 0.10781996 -0.71089095
v 0.61898196 0.10209186 -0.71912140
v 0.66035181 0.09918858 -0.68030626
v 0.69996953 0.09989479 -0.64006853
v 0.68862933 0.09283276 -0.64860380
v 0.67719179 0.08584920 -0.65713906
v 0.66327202 0.06999886 -0.66328651
v 0.66877180 0.09244043 -0.66877347
v 0.60997790 0.11009550 -0.72989208
v 0.59761560 0.10483821 -0.73797011
v 0.58369589 0.09000795 -0.74284738
v 0.56938678 0.08945867 -0.75361812
v 0.58072698 0.07878716 -0.74045956
v 0.57021415 0.07125434 -0.74528605
v 0.55493164 0.06999886 -0.75625998
v 0.54495418 0.06999886 -0.76342350
v 0.52947700 0.06968500 -0.77399099
v 0.51823413 0.06285837 -0.77876663
v 0.50392503 0.05006824 -0.78247547
v 0.48869118 0.05124525 -0.79263645
v 0.47632888 0.04528176 -0.79766619
v 0.46980703 0.05124525 -0.80422008
v 0.44990084 0.04959744 -0.81514317
v 0.43792790 0.04261388 -0.81885195
v 0.43325555 0.05093138 -0.82479614
v 0.45613065 -0.21750422 -0.61700302
v 0.47788632 -0.21852429 -0.59825587
v 0.43325555 -0.21821041 -0.63285422
v 0.45038754 -0.21020679 -0.63031393
v 0.49146539 -0.21530713 -0.59099078
v 0.50129682 -0.20079075 -0.60110098
v 0.50879204 -0.20494948 -0.58916175
v 0.51458383 -0.19600426 -0.59525836
v 0.52947700 -0.18949150 -0.58946657
v 0.54393214 -0.18305720 -0.58377641
v 0.56383836 -0.18313567 -0.56396240
v 0.58330649 -0.18274334 -0.54358953
v 0.58530200 -0.18501888 -0.53835660
v 0.59664220 -0.17685831 -0.53612119
v 0.61567235 -0.17583825 -0.51478302
v 0.62861866 -0.16861928 -0.50827992
v 0.64141899 -0.16132185 -0.50177687
v 0.66809040 -0.20934366 -0.38959906
v 0.67602366 -0.17575978 -0.43359631
v 0.69967753 -0.15967403 -0.41962492
v 0.69739002 -0.17717218 -0.39544165
v 0.67908990 -0.19898601 -0.38959906
v 0.69028413 -0.18776523 -0.38959906
v 0.68780196 -0.19027616 -0.38959906
v 0.67198402 -0.15206274 -0.47281793
v 0.67933327 -0.13919416 -0.47906697
v 0.68385965 -0.14429452 -0.46575600
v 0.68974876 -0.14970873 -0.44970158
v 0.68220484 -0.16242039 -0.44355416
v 0.65606880 -0.15575069 -0.48999006
v 0.66117918 -0.14115582 -0.50147206
v 0.66536486 -0.14578538 -0.48999006
v 0.84028643 0.03947520 -0.38959906
v 0.83614945 0.03045150 -0.38959906
v 0.82213235 0.01554276 -0.40443414
v 0.82553929 0.02958836 -0.41068321
v 0.80500036 0.03029456 -0.45015883
v 0.81877410 0.02252633 -0.41774511
v 0.80193412 0.01609204 -0.44360495
v 0.80130142 0.03712119 -0.46240288
v 0.79400086 0.03029456 -0.46946478
v 0.78305000 0.03202084 -0.48897398
v 0.77998376 0.04002447 -0.50004947
v 0.76075894 0.05830728 -0.54115087
v 0.77570075 0.05006824 -0.51356369
v 0.76504195 0.05108831 -0.53002453
v 0.75608659 0.06999886 -0.55471587
v 0.70522594 0.09189115 -0.63000911
v 0.71651751 0.09000795 -0.61598688
v 0.72960985 0.07078353 -0.58961904
v 0.72177392 0.07604082 -0.60226953
v 0.74255615 0.05461933 -0.56345433
v 0.73739713 0.06552624 -0.57681608
v 0.65027702 0.09149882 -0.68625045
v 0.63737935 0.09000795 -0.69757998
v 0.62740195 0.09000795 -0.70647091
v 0.61591572 0.09000795 -0.71642870
v 0.60228801 0.07588389 -0.72186488
v 0.60588956 0.09000795 -0.72491318
v 0.65709090 0.08600613 -0.67720711
v 0.69690329 0.08655540 -0.63666463
v 0.68283755 0.06999886 -0.64311683
v 0.67324948 0.06999886 -0.65307468
v 0.66049784 0.05917042 -0.66049224
v 0.65305126 0.06999886 -0.67329514
v 0.59372199 0.09000795 -0.73492181
v 0.58968234 0.07062660 -0.72968888
v 0.57697934 0.06544778 -0.73756367
v 0.56364363 0.05422699 -0.74269497
v 0.54130393 0.05815034 -0.76083243
v 0.53015840 0.05093138 -0.76520169
v 0.51390243 0.05006824 -0.77587080
v 0.50032341 0.03963213 -0.78018922
v 0.48917788 0.03178544 -0.78344071
v 0.46980703 0.02982376 -0.79451627
v 0.46299320 0.03633652 -0.80173063
v 0.45063090 0.02982376 -0.80584580
v 0.44435239 0.01499350 -0.80244184
v 0.43325555 0.03366864 -0.81727695
v 0.43325555 0.04724343 -0.82322121
v 0.46659482 -0.20424329 -0.62518263
v 0.47224057 -0.21130534 -0.61182088
v 0.47993049 -0.19984914 -0.61994970
v 0.43325555 -0.20526336 -0.64819735
v 0.44459575 -0.20275243 -0.64332008
v 0.45798013 -0.19851519 -0.63849360
v 0.49005395 -0.19631813 -0.61578369
v 0.50261092 -0.18180174 -0.62213433
v 0.50859737 -0.18886377 -0.60882336
v 0.52353919 -0.18258640 -0.60313320
v 0.53687489 -0.17732911 -0.59708738
v 0.55726784 -0.17756452 -0.57727337
v 0.57104158 -0.17081635 -0.57107514
v 0.57717401 -0.17740758 -0.55695128
v 0.59055841 -0.17042401 -0.55065143
v 0.60379678 -0.16351892 -0.54430079
v 0.60623026 -0.16602987 -0.53835660
v 0.60973454 -0.16963935 -0.52966893
v 0.62272954 -0.16249885 -0.52321666
v 0.63606524 -0.15590763 -0.51513863
v 0.64871955 -0.14853172 -0.50827992
v 0.69651395 -0.15606456 -0.43003997
v 0.70527464 -0.14609925 -0.43003997
v 0.71880502 -0.13848795 -0.41794834
v 0.71116376 -0.15127806 -0.41210574
v 0.71685821 -0.15629996 -0.39422232
v 0.70352250 -0.16383278 -0.40626317
v 0.69894749 -0.17889845 -0.38959906
v 0.70907092 -0.16775614 -0.38959906
v 0.70658875 -0.17050248 -0.38959906
v 0.69719535 -0.13668321 -0.45579821
v 0.67539096 -0.13448614 -0.48999006
v 0.68020934 -0.12012668 -0.50025272
v 0.68385965 -0.12452082 -0.48999006
v 0.69826609 -0.11785112 -0.47754282
v 0.69106287 -0.13126899 -0.47164941
v 0.70152700 -0.14170510 -0.44248724
v 0.64263576 -0.14256823 -0.52311504
v 0.65592277 -0.13542774 -0.51483381
v 0.66186059 -0.12208834 -0.52235293
v 0.82626933 0.00942234 -0.38959906
v 0.82573396 0.00934387 -0.39071676
v 0.81887144 0.00220338 -0.39782950
v 0.81599987 0.00934387 -0.41068321
v 0.79823518 0.02378180 -0.45691592
v 0.80577910 0.00965774 -0.43054801
v 0.79867321 0.00275264 -0.43760994
v 0.79507160 0.00965774 -0.45015883
v 0.78095716 0.01813218 -0.48160720
v 0.77672285 0.02668508 -0.49491817
v 0.75900680 0.02205553 -0.51854259
v 0.76226771 0.03539491 -0.52336907
v 0.75671929 0.04559562 -0.53835660
v 0.75010008 0.04983284 -0.55019420
v 0.70279241 0.07392221 -0.62330282
v 0.71072572 0.06827259 -0.61100799
v 0.72372073 0.05006824 -0.58469093
v 0.71865898 0.06270143 -0.59845912
v 0.73934394 0.04127994 -0.55923754
v 0.73457420 0.04881277 -0.57010984
v 0.64307380 0.06999886 -0.68284649
v 0.62993276 0.06835105 -0.69407445
v 0.62326491 0.07400068 -0.70281291
v 0.61100000 0.06819412 -0.71084017
v 0.59863770 0.06254449 -0.71886736
v 0.69967753 0.06066129 -0.61974651
v 0.69408041 0.06835105 -0.63000911
v 0.68030667 0.05956275 -0.64032257
v 0.65689623 0.04575256 -0.65688509
v 0.64862221 0.05265766 -0.66862106
v 0.64034826 0.05948428 -0.68025541
v 0.58500999 0.05006824 -0.72394788
v 0.57021415 0.04857737 -0.73492181
v 0.55950665 0.04088761 -0.73959589
v 0.53687489 0.04481095 -0.75778413
v 0.52353919 0.03515951 -0.76235658
v 0.51876950 0.02182012 -0.75905424
v 0.50431442 0.01005008 -0.76281381
v 0.49526167 0.02637121 -0.77688688
v 0.48192596 0.01766137 -0.78115451
v 0.45768809 0.02299713 -0.79858065
v 0.46995306 0.01059934 -0.78501570
v 0.45063090 0.00903000 -0.79588801
v 0.43865797 0.00157564 -0.79919034
v 0.43325555 0.00691140 -0.80462646
v 0.47194856 -0.19545500 -0.63112682
v 0.48859382 -0.18541121 -0.62929785
v 0.43325555 -0.19937833 -0.65485287
v 0.43491036 -0.19678892 -0.65663105
v 0.45170164 -0.19106083 -0.65114409
v 0.47005039 -0.18446961 -0.64484423
v 0.48095256 -0.18054625 -0.64072901
v 0.49428827 -0.17560284 -0.63549608
v 0.50947344 -0.16956088 -0.62960267
v 0.51589793 -0.17670138 -0.61649495
v 0.53054774 -0.17034554 -0.61049992
v 0.54480821 -0.16398972 -0.60445410
v 0.55814391 -0.15826163 -0.59820509
v 0.55103803 -0.17073789 -0.59099078
v 0.56490910 -0.16422513 -0.58489412
v 0.57824481 -0.15826163 -0.57818782
v 0.58452326 -0.16406819 -0.56482607
v 0.59785897 -0.15779082 -0.55761176
v 0.61080527 -0.15072881 -0.55095625
v 0.61635375 -0.15622149 -0.53835660
v 0.61708379 -0.15700616 -0.53657842
v 0.62993276 -0.14978720 -0.52982134
v 0.72250396 -0.14296056 -0.40458658
v 0.71520340 -0.13409379 -0.43003997
v 0.72021645 -0.12028360 -0.44045502
v 0.73739713 -0.11651719 -0.41540807
v 0.74109608 -0.12138215 -0.40204632
v 0.71802628 -0.15771237 -0.38959906
v 0.71082306 -0.16579446 -0.38959906
v 0.72522950 -0.14931640 -0.38959906
v 0.70274377 -0.12334383 -0.46423185
v 0.67519629 -0.11400625 -0.51356369
v 0.68064737 -0.10066685 -0.52077800
v 0.69880146 -0.09839131 -0.49837291
v 0.69432378 -0.11063217 -0.49105698
v 0.70342517 -0.10451174 -0.48506197
v 0.70975232 -0.10969056 -0.46971881
v 0.70877892 -0.12844418 -0.44812661
v 0.63703865 -0.13676168 -0.53647679
v 0.64959562 -0.12938578 -0.52941489
v 0.64555597 -0.12569784 -0.53835660
v 0.65529007 -0.11463398 -0.53835660
v 0.66400212 -0.10411941 -0.53835660
v 0.66862577 -0.10819969 -0.52824634
v 0.82573396 0.00832380 -0.38959906
v 0.82086694 -0.00164150 -0.38959906
v 0.81580520 -0.01042981 -0.39071676
v 0.80597377 -0.01050828 -0.41058159
v 0.80217749 -0.00423092 -0.42424816
v 0.78158987 -0.00289698 -0.46275848
v 0.78446144 0.01091321 -0.46966800
v 0.79550964 -0.01050828 -0.43054801
v 0.78524017 -0.00972361 -0.44995558
v 0.77759892 0.00479279 -0.47606945
v 0.77263451 0.01091321 -0.48897398
v 0.76260841 0.01012854 -0.50396150
v 0.75452912 0.02927449 -0.53002453
v 0.75998020 0.00000630 -0.50004947
v 0.75584322 0.01012854 -0.51397014
v 0.74216682 -0.00383858 -0.52311504
v 0.73739713 0.00487125 -0.53647679
v 0.74095005 0.01821064 -0.54140490
v 0.74883467 0.02966683 -0.53835660
v 0.74396765 0.03005916 -0.54546934
v 0.72080052 0.03845513 -0.58108377
v 0.71554410 0.05006824 -0.59469950
v 0.70556664 0.05006824 -0.60663873
v 0.73652107 0.03005916 -0.55547792
v 0.72571623 0.03115770 -0.57005900
v 0.61971200 0.06073976 -0.69971383
v 0.60671699 0.05006824 -0.70581043
v 0.59498739 0.05006824 -0.71581906
v 0.58135968 0.03798433 -0.72110277
v 0.69690329 0.05006824 -0.61664736
v 0.68570912 0.05179452 -0.62995833
v 0.67675376 0.04622336 -0.63656300
v 0.66341805 0.03398251 -0.64357412
v 0.65163982 0.02731282 -0.65160131
v 0.63971555 0.02056465 -0.65967935
v 0.64356053 0.03398251 -0.66343892
v 0.63660061 0.04622336 -0.67680067
v 0.62998146 0.05171605 -0.68579322
v 0.57026285 0.03084383 -0.72608173
v 0.56369233 0.01467963 -0.72288096
v 0.55580771 0.03005916 -0.73680162
v 0.54164463 0.01781831 -0.74112004
v 0.54583025 0.03005916 -0.74416834
v 0.53015840 0.02911755 -0.75478661
v 0.53006107 0.01075628 -0.74554008
v 0.51434052 0.01005008 -0.75605673
v 0.50032341 -0.00030757 -0.76017195
v 0.48917788 0.01059934 -0.77297485
v 0.47657222 0.00440045 -0.77780139
v 0.46323654 -0.00368165 -0.78196740
v 0.45048487 -0.01019441 -0.78613341
v 0.44410905 -0.02431847 -0.78237385
v 0.43325555 -0.01333309 -0.79426223
v 0.43325555 -0.00760500 -0.79725975
v 0.43325555 -0.19490571 -0.65967935
v 0.43325555 -0.18745136 -0.66750336
v 0.44537449 -0.18344954 -0.66369295
v 0.45871019 -0.17897692 -0.65901887
v 0.47005039 -0.17481817 -0.65480202
v 0.48771775 -0.16822694 -0.64829898
v 0.50309765 -0.16234192 -0.64245641
v 0.52422059 -0.16336198 -0.62365848
v 0.53755629 -0.15771237 -0.61781585
v 0.55157340 -0.15135653 -0.61146522
v 0.55833858 -0.13825256 -0.61842555
v 0.56524980 -0.14484377 -0.60506380
v 0.57858551 -0.13848795 -0.59861153
v 0.57177162 -0.15159194 -0.59175283
v 0.58515596 -0.14484377 -0.58530056
v 0.59849167 -0.13833101 -0.57834029
v 0.59148312 -0.15135653 -0.57158315
v 0.60457551 -0.14452991 -0.56502932
v 0.61791122 -0.13770328 -0.55761176
v 0.62370294 -0.14366677 -0.54425001
v 0.73671573 -0.13534927 -0.38959906
v 0.71607947 -0.11486939 -0.45376599
v 0.72396410 -0.10890590 -0.44827902
v 0.73846787 -0.09784205 -0.43755913
v 0.73374683 -0.10984750 -0.43054801
v 0.74231285 -0.10317780 -0.42419738
v 0.74557376 -0.10984750 -0.40926066
v 0.75920147 -0.09878366 -0.39848995
v 0.75486982 -0.11016136 -0.39112321
v 0.74416232 -0.12546243 -0.39005631
v 0.66200662 -0.10247160 -0.54252261
v 0.67539096 -0.09376176 -0.53408897
v 0.68103677 -0.08191325 -0.53835660
v 0.69885015 -0.07830377 -0.51849174
v 0.70361984 -0.08505192 -0.50512999
v 0.71019036 -0.09030922 -0.49039650
v 0.71676087 -0.09556650 -0.47520578
v 0.72109252 -0.10153000 -0.46189481
v 0.63056552 -0.13056278 -0.55065143
v 0.64312249 -0.12342228 -0.54369116
v 0.63742805 -0.11690952 -0.55705291
v 0.64979035 -0.10969056 -0.54978776
v 0.81580520 -0.01144988 -0.38959906
v 0.80212879 -0.02384767 -0.40423095
v 0.79867321 -0.01757031 -0.41759270
v 0.77798826 -0.01623637 -0.45656025
v 0.77375394 -0.00972361 -0.46966800
v 0.78173590 -0.02314147 -0.44319850
v 0.76066160 -0.02110133 -0.48104835
v 0.75628126 -0.01333309 -0.49441013
v 0.74927270 -0.00862507 -0.50894040
v 0.73837054 -0.01717797 -0.51778048
v 0.73355216 -0.01027288 -0.52987212
v 0.72016776 -0.02031665 -0.54028720
v 0.72318536 -0.00995901 -0.54425001
v 0.73637503 0.00557746 -0.53835660
v 0.72995055 0.01005008 -0.55004179
v 0.72260129 0.01530736 -0.56340355
v 0.71729624 0.02511574 -0.57671452
v 0.70965499 0.03060843 -0.58966982
v 0.70201373 0.03625805 -0.60247272
v 0.61669445 0.05006824 -0.69697034
v 0.60258001 0.03578725 -0.70225406
v 0.58997434 0.03021609 -0.70992565
v 0.57702804 0.02464494 -0.71759725
v 0.67923594 0.02142779 -0.61918759
v 0.68283755 0.03484565 -0.62320125
v 0.67130268 0.02770515 -0.63143164
v 0.65962178 0.02064312 -0.63971293
v 0.64643204 0.01005008 -0.64652079
v 0.63645464 0.01005008 -0.65647864
v 0.62642848 0.01005008 -0.66608077
v 0.61932266 0.02127086 -0.67934096
v 0.63149023 0.02762668 -0.67141533
v 0.62331361 0.03461025 -0.68294811
v 0.57026285 0.00879460 -0.71449810
v 0.55911732 0.00134024 -0.71932459
v 0.53677756 0.00447892 -0.73761445
v 0.52344185 -0.00423092 -0.74228853
v 0.50923014 -0.00893894 -0.74945205
v 0.49487233 -0.01364696 -0.75656480
v 0.48893452 -0.00815427 -0.76337272
v 0.46995306 -0.01019441 -0.77429581
v 0.45744476 -0.01702104 -0.77841103
v 0.43325555 -0.02934036 -0.78562534
v 0.45048487 -0.03051736 -0.77510870
v 0.43768454 -0.03757939 -0.77866507
v 0.43325555 -0.18046780 -0.67466688
v 0.43534839 -0.17685831 -0.67700392
v 0.45194501 -0.17128715 -0.67131370
v 0.45851552 -0.15873243 -0.67893451
v 0.47005039 -0.16477439 -0.66475987
v 0.48109859 -0.16069411 -0.66079706
v 0.49443430 -0.15551528 -0.65571654
v 0.50265956 -0.14209743 -0.66201639
v 0.50952214 -0.14955179 -0.64956909
v 0.52412325 -0.14358830 -0.64347249
v 0.51638466 -0.15684924 -0.63696945
v 0.53083980 -0.15065034 -0.63072038
v 0.54500288 -0.14445144 -0.62452215
v 0.53745896 -0.13754635 -0.63783312
v 0.55133003 -0.13119052 -0.63122845
v 0.55770588 -0.11753726 -0.63793474
v 0.56495774 -0.12483469 -0.62462378
v 0.57829344 -0.11800806 -0.61832392
v 0.57177162 -0.13173980 -0.61171925
v 0.58510733 -0.12514856 -0.60501295
v 0.59844303 -0.11816500 -0.59835750
v 0.59177518 -0.13173980 -0.59185445
v 0.60477018 -0.12491316 -0.58504653
v 0.61810589 -0.11777267 -0.57788301
v 0.61129200 -0.13134745 -0.57148159
v 0.62409234 -0.12428543 -0.56457210
v 0.74425966 -0.12554090 -0.38959906
v 0.73530430 -0.09070155 -0.45122573
v 0.74309158 -0.08458112 -0.44538313
v 0.74937004 -0.08905374 -0.42897308
v 0.76012623 -0.08018698 -0.42038697
v 0.75608659 -0.09431103 -0.41002274
v 0.76285177 -0.08426726 -0.41002274
v 0.77813429 -0.07696982 -0.38959906
v 0.76971430 -0.08960301 -0.38964987
v 0.76139164 -0.10200080 -0.38959906
v 0.75516182 -0.11078911 -0.38959906
v 0.64312249 -0.10364860 -0.56360674
v 0.65645820 -0.09540957 -0.55583358
v 0.66166592 -0.08207019 -0.56203181
v 0.66852844 -0.08795521 -0.54821277
v 0.68040401 -0.08042237 -0.54054123
v 0.69456714 -0.07092786 -0.53078663
v 0.69816875 -0.05743154 -0.53835660
v 0.70342517 -0.06496437 -0.52463919
v 0.71019036 -0.07030013 -0.51036298
v 0.71695554 -0.07555743 -0.49573106
v 0.72153056 -0.08222711 -0.48236930
v 0.72513217 -0.08928914 -0.46910915
v 0.73914927 -0.07869610 -0.45869410
v 0.63071150 -0.11071064 -0.57077026
v 0.80543840 -0.03075276 -0.38959906
v 0.80543840 -0.03028196 -0.39015791
v 0.79842985 -0.03718705 -0.39691499
v 0.79526627 -0.03028196 -0.41058159
v 0.78163856 -0.04275821 -0.42313045
v 0.77803695 -0.03648085 -0.43649223
v 0.77419198 -0.02981116 -0.44995558
v 0.76085627 -0.04142427 -0.46153918
v 0.76372784 -0.02863415 -0.46895674
v 0.74294555 -0.02510314 -0.50446951
v 0.75681663 -0.03444071 -0.47485012
v 0.74348092 -0.04566149 -0.48536682
v 0.73910058 -0.03844253 -0.49867776
v 0.73510963 -0.03098816 -0.51066780
v 0.72099519 -0.04158121 -0.52148926
v 0.72381806 -0.02808488 -0.52890682
v 0.71427864 -0.03224364 -0.53835660
v 0.70892489 -0.02816335 -0.54861927
v 0.70172167 -0.02274913 -0.56218421
v 0.71549541 -0.00995901 -0.55425858
v 0.71890235 0.00188951 -0.55872947
v 0.71393794 0.00918694 -0.57005900
v 0.70323044 0.01005008 -0.58397961
v 0.69846076 0.02284019 -0.59820509
v 0.61100000 0.02848982 -0.69082290
v 0.59849167 0.02244786 -0.69869769
v 0.58442593 0.01005008 -0.70362580
v 0.68478435 0.01005008 -0.60552102
v 0.68132877 -0.00211231 -0.60150743
v 0.67587769 0.01005008 -0.61552966
v 0.66590023 0.01005008 -0.62635118
v 0.65645820 0.01005008 -0.63635975
v 0.64224643 -0.00344625 -0.64230400
v 0.62224287 -0.00321085 -0.66206717
v 0.61581838 0.01005008 -0.67608941
v 0.60579222 0.01005008 -0.68518353
v 0.58072698 -0.00085684 -0.70057750
v 0.56958145 -0.00846814 -0.70514995
v 0.56257290 -0.02329840 -0.70205086
v 0.55493164 -0.00995901 -0.71602225
v 0.54495418 -0.00995901 -0.72364306
v 0.53006107 -0.01050828 -0.73410892
v 0.51818550 -0.01757031 -0.73863059
v 0.50484979 -0.02565241 -0.74325383
v 0.48153663 -0.02157213 -0.76088321
v 0.46936899 -0.02894802 -0.76438880
v 0.46221447 -0.04228741 -0.76134050
v 0.43325555 -0.03318524 -0.78349155
v 0.44951147 -0.04934944 -0.76489687
v 0.44250292 -0.06229649 -0.76144212
v 0.43325555 -0.05303739 -0.77211118
v 0.43325555 -0.04558302 -0.77648044
v 0.43325555 -0.17450429 -0.68045866
v 0.43325555 -0.16728534 -0.68731737
v 0.44517982 -0.16359739 -0.68340534
v 0.45121494 -0.15080728 -0.69077212
v 0.45729876 -0.13770328 -0.69813883
v 0.47005039 -0.14421605 -0.68381178
v 0.48031986 -0.14013575 -0.68020463
v 0.47005039 -0.15425982 -0.67476845
v 0.48737708 -0.14782552 -0.66806221
v 0.49365556 -0.13456459 -0.67532736
v 0.50144285 -0.12122521 -0.68101752
v 0.50874341 -0.12875804 -0.66897666
v 0.51599526 -0.13629088 -0.65673262
v 0.53035307 -0.13024892 -0.65028036
v 0.54437017 -0.12420696 -0.64382815
v 0.53658289 -0.11643873 -0.65708828
v 0.55040526 -0.11031830 -0.65028036
v 0.55644041 -0.09595884 -0.65683424
v 0.56393570 -0.10411941 -0.64352328
v 0.57113892 -0.11110297 -0.63102525
v 0.58432859 -0.10474715 -0.62416655
v 0.59138578 -0.11141683 -0.61136365
v 0.60433215 -0.10482562 -0.60440332
v 0.61766785 -0.09705737 -0.59754461
v 0.61119467 -0.11125991 -0.59129560
v 0.62389767 -0.10443327 -0.58418286
v 0.74995410 -0.06990780 -0.45000640
v 0.76066160 -0.06111949 -0.44131872
v 0.75637859 -0.07445888 -0.43369794
v 0.76314378 -0.06865232 -0.42821097
v 0.77769625 -0.05609760 -0.41571289
v 0.78120053 -0.06182569 -0.40235114
v 0.77701485 -0.07516508 -0.39406991
v 0.78368270 -0.06802459 -0.38959906
v 0.63723338 -0.09650810 -0.57696855
v 0.64949828 -0.08928914 -0.56950015
v 0.65587413 -0.07438041 -0.57534277
v 0.66083848 -0.06111949 -0.58103293
v 0.66536486 -0.06865232 -0.56924611
v 0.67607236 -0.06998627 -0.55522394
v 0.64253843 -0.08309025 -0.58286190
v 0.68405432 -0.06998627 -0.54521531
v 0.67977130 -0.05955015 -0.55974555
v 0.69125754 -0.05193885 -0.55171835
v 0.70274377 -0.04424909 -0.54364032
v 0.70975232 -0.04958484 -0.52971971
v 0.71676087 -0.05492060 -0.51554507
v 0.72153056 -0.06221803 -0.50223410
v 0.72547287 -0.06928006 -0.48943120
v 0.73934394 -0.05892242 -0.47906697
v 0.73608303 -0.07116327 -0.47144619
v 0.74348092 -0.06535670 -0.46575600
v 0.80018198 -0.04024727 -0.38959906
v 0.79439020 -0.05021258 -0.38959906
v 0.78480214 -0.04966331 -0.40941307
v 0.77385128 -0.04966331 -0.42988753
v 0.76382518 -0.04880017 -0.44878709
v 0.75681663 -0.05476367 -0.45462966
v 0.75014877 -0.05021258 -0.47032845
v 0.73598570 -0.05131111 -0.49120939
v 0.72503483 -0.04895711 -0.50934684
v 0.69753605 -0.03608852 -0.55700207
v 0.69622195 -0.01380389 -0.57554597
v 0.70459324 -0.00831120 -0.56934774
v 0.69023544 -0.03028196 -0.57036388
v 0.70026159 -0.00046450 -0.58042330
v 0.69481045 0.01005008 -0.59398824
v 0.59440339 0.01005008 -0.69519216
v 0.66195792 -0.00313238 -0.62213433
v 0.67719179 -0.01537323 -0.59683335
v 0.66385609 -0.02596628 -0.60430169
v 0.66959918 -0.00925281 -0.60958546
v 0.65003365 -0.00995901 -0.63005996
v 0.63796341 -0.01678564 -0.63793474
v 0.63012749 -0.01003747 -0.65002638
v 0.60175258 -0.00242618 -0.68152559
v 0.61776519 -0.01655024 -0.65779954
v 0.60973454 -0.00948821 -0.66973877
v 0.58895230 -0.00838967 -0.68904471
v 0.57590860 -0.01427469 -0.69656390
v 0.58379322 -0.02502467 -0.68320215
v 0.57070088 -0.03075276 -0.69051808
v 0.55741382 -0.03655932 -0.69783401
v 0.54913986 -0.02871262 -0.70926517
v 0.54076856 -0.02086592 -0.72054392
v 0.52923363 -0.02847722 -0.72435433
v 0.52203041 -0.04220895 -0.72140765
v 0.51093358 -0.03130203 -0.73568386
v 0.49920398 -0.03899180 -0.73939264
v 0.47555017 -0.03491151 -0.75707287
v 0.48586828 -0.04621076 -0.74376190
v 0.47973582 -0.05955015 -0.73974830
v 0.45583862 -0.05562680 -0.75737768
v 0.43325555 -0.06716146 -0.76357591
v 0.45982963 -0.07971618 -0.73979908
v 0.43525106 -0.07563588 -0.75722528
v 0.43325555 -0.07367422 -0.75956231
v 0.43325555 -0.15888937 -0.69509053
v 0.43461832 -0.15622149 -0.69671631
v 0.44396305 -0.14288211 -0.70250809
v 0.44965750 -0.12962118 -0.70972246
v 0.46532935 -0.12436388 -0.70357502
v 0.47121847 -0.13064125 -0.69443005
v 0.48825315 -0.12875804 -0.68416744
v 0.47866505 -0.11871427 -0.69905335
v 0.49161142 -0.11118144 -0.69575101
v 0.49935001 -0.09925446 -0.69951057
v 0.50888944 -0.10890590 -0.68508196
v 0.51477849 -0.11486939 -0.67588621
v 0.52324718 -0.12287302 -0.66257524
v 0.52908766 -0.10890590 -0.66923070
v 0.54310471 -0.10309933 -0.66257524
v 0.57727134 -0.09674351 -0.63742667
v 0.54879916 -0.08850448 -0.66892588
v 0.56237823 -0.08254097 -0.66201639
v 0.56982481 -0.08968148 -0.64977235
v 0.59036374 -0.09030922 -0.63036478
v 0.59766430 -0.09713584 -0.61771429
v 0.61046463 -0.09046614 -0.61049992
v 0.62311894 -0.08371799 -0.60323477
v 0.63022482 -0.09007381 -0.59022868
v 0.64871955 -0.06818151 -0.58860290
v 0.64156502 -0.06198263 -0.60165983
v 0.65582544 -0.04997718 -0.59541082
v 0.65957308 -0.03922720 -0.59957683
v 0.66463482 -0.04997718 -0.58540219
v 0.67870057 -0.03789326 -0.57849270
v 0.67558563 -0.05170345 -0.57112592
v 0.63645464 -0.07524355 -0.59617287
v 0.68420035 -0.04621076 -0.56518173
v 0.68288624 -0.02455387 -0.58347160
v 0.65777230 -0.01639330 -0.61766344
v 0.64443660 -0.02643708 -0.62462378
v 0.63995892 -0.03985494 -0.62000048
v 0.62000400 -0.03985494 -0.64001775
v 0.62462771 -0.02651554 -0.64453942
v 0.59712893 -0.01576557 -0.67741036
v 0.61221677 -0.03302830 -0.65205854
v 0.60442948 -0.02612321 -0.66404861
v 0.59172648 -0.03224364 -0.67151695
v 0.57878017 -0.03828560 -0.67893451
v 0.56422770 -0.04997718 -0.68350697
v 0.55045396 -0.05084031 -0.69407445
v 0.54407811 -0.04479836 -0.70316857
v 0.53536612 -0.03420531 -0.71647954
v 0.53025573 -0.05021258 -0.71017969
v 0.51623863 -0.05554833 -0.71719080
v 0.50290293 -0.06308117 -0.72201729
v 0.49156272 -0.05170345 -0.73670000
v 0.49000528 -0.06982933 -0.72633570
v 0.47185120 -0.07179101 -0.73705560
v 0.46640012 -0.06637678 -0.74401593
v 0.48328876 -0.08301178 -0.72216970
v 0.46980703 -0.08983842 -0.72633570
v 0.46299320 -0.10255006 -0.72191566
v 0.45189631 -0.09140775 -0.73670000
v 0.43904734 -0.09909752 -0.73939264
v 0.44649392 -0.08575813 -0.74391431
v 0.43325555 -0.08952454 -0.74909645
v 0.43325555 -0.08159938 -0.75438017
v 0.43325555 -0.15473062 -0.69879931
v 0.43325555 -0.14766859 -0.70484513
v 0.43325555 -0.13754635 -0.71343124
v 0.44196755 -0.12146062 -0.72120440
v 0.45530325 -0.11588946 -0.71693677
v 0.47082913 -0.11063217 -0.71053529
v 0.48601431 -0.10537487 -0.70413387
v 0.52154374 -0.10145153 -0.68116993
v 0.47632888 -0.09642965 -0.71744484
v 0.49131936 -0.09117235 -0.71089095
v 0.49662447 -0.07642056 -0.71764803
v 0.50592053 -0.08599353 -0.70428628
v 0.51156628 -0.09156469 -0.69605583
v 0.53487945 -0.09446797 -0.67588621
v 0.54115790 -0.08112858 -0.68091589
v 0.58306313 -0.08340412 -0.64281201
v 0.55449361 -0.07343881 -0.67532736
v 0.56018806 -0.06009942 -0.68010300
v 0.56792665 -0.06739685 -0.66816378
v 0.57571393 -0.07469428 -0.65607220
v 0.60331005 -0.08387493 -0.62325203
v 0.61664575 -0.07555743 -0.61654574
v 0.62915409 -0.06880926 -0.60912818
v 0.62185347 -0.06221803 -0.62182951
v 0.63635731 -0.04997718 -0.61619014
v 0.64579934 -0.04997718 -0.60618150
v 0.62637985 -0.04997718 -0.62635118
v 0.59970844 -0.03938413 -0.65962851
v 0.61625642 -0.04997718 -0.63635975
v 0.60627896 -0.04997718 -0.64601272
v 0.58564270 -0.04997718 -0.66496307
v 0.57420516 -0.04997718 -0.67497170
v 0.53852969 -0.05813774 -0.69879931
v 0.52514535 -0.06574905 -0.70387983
v 0.51107955 -0.07108480 -0.71073854
v 0.44917077 -0.10953362 -0.72552288
v 0.43325555 -0.11251538 -0.73288959
v 0.43325555 -0.10780735 -0.73634434
v 0.43325555 -0.09313403 -0.74665779
v 0.43325555 -0.12467776 -0.72369385
v 0.52894163 -0.08866140 -0.68487871
v 0.51925623 -0.07900997 -0.69935817
v 0.53113180 -0.07139866 -0.69544619
v 0.54870182 -0.06802459 -0.68391341
v 0.59639883 -0.07540049 -0.63656300
v 0.58116502 -0.06127643 -0.66100025
v 0.58875757 -0.06833845 -0.64885783
v 0.60919917 -0.06880926 -0.62919623
v 0.60170394 -0.06206109 -0.64159268
v 0.59562016 -0.04997718 -0.65597057
f 1 2 3
f 1 3 4
f 1 4 17
f 1 17 42
f 1 42 68
f 1 68 97
f 1 97 132
f 1 132 166
f 1 166 212
f 1 212 272
f 1 272 273
f 1 273 329
f 1 329 385
f 1 385 444
f 1 444 505
f 1 505 563
f 1 563 628
f 1 628 687
f 1 687 751
f 1 751 683
f 1 683 753
f 1 753 819
f 1 819 818
f 1 818 880
f 1 880 948
f 1 948 1015
f 1 1015 1092
f 1 1092 1163
f 1 1163 1164
f 1 1164 1243
f 1 1243 1329
f 1 1329 1330
f 1 1330 1414
f 1 1414 1493
f 1 1493 1497
f 1 1497 1499
f 1 1499 1498
f 1 1498 1583
f 1 1583 1585
f 1 1585 1584
f 1 1584 1669
f 1 1669 1668
f 1 1668 1670
f 1 1670 1759
f 1 1759 1852
f 1 1852 1862
f 1 1862 1861
f 1 1861 1859
f 1 1859 1962
f 1 1962 1982
f 1 1982 1981
f 1 1981 1877
f 1 1877 1781
f 1 1781 1686
f 1 1686 1685
f 1 1685 1596
f 1 1596 1509
f 1 1509 1508
f 1 1508 1429
f 1 1429 1427
f 1 1427 1340
f 1 1340 1339
f 1 1339 1251
f 1 1251 1250
f 1 1250 1173
f 1 1173 1172
f 1 1172 1171
f 1 1171 1098
f 1 1098 1018
f 1 1018 952
f 1 952 883
f 1 883 882
f 1 882 821
f 1 821 755
f 1 755 688
f 1 688 629
f 1 629 566
f 1 566 565
f 1 565 564
f 1 564 506
f 1 506 446
f 1 446 445
f 1 445 386
f 1 386 330
f 1 330 274
f 1 274 213
f 1 213 167
f 1 167 133
f 1 133 98
f 1 98 69
f 1 69 43
f 1 43 19
f 1 19 18
f 1 18 5
f 1 5 2
f 2 6 3
f 2 5 7
f 2 7 8
f 2 8 9
f 2 9 6
f 3 10 11
f 3 11 4
f 3 6 12
f 3 12 13
f 3 13 14
f 3 14 10
f 4 11 15
f 4 15 16
f 4 16 17
f 5 18 7
f 6 9 12
f 7 18 19
f 7 19 20
f 7 20 21
f 7 21 22
f 7 22 8
f 8 22 9
f 9 23 12
f 9 22 24
f 9 24 25
f 9 25 23
f 10 26 11
f 10 14 27
f 10 27 28
f 10 28 29
f 10 29 30
f 10 30 26
f 11 26 31
f 11 31 32
f 11 32 33
f 11 33 34
f 11 34 15
f 12 23 35
f 12 35 36
f 12 36 37
f 12 37 13
f 13 37 38
f 13 38 39
f 13 39 14
f 14 39 27
f 15 34 40
f 15 40 66
f 15 66 95
f 15 95 130
f 15 130 164
f 15 164 210
f 15 210 271
f 15 271 325
f 15 325 324
f 15 324 328
f 15 328 383
f 15 383 442
f 15 442 441
f 15 441 502
f 15 502 555
f 15 555 618
f 15 618 620
f 15 620 676
f 15 676 740
f 15 740 743
f 15 743 742
f 15 742 807
f 15 807 869
f 15 869 930
f 15 930 934
f 15 934 933
f 15 933 1002
f 15 1002 1072
f 15 1072 1144
f 15 1144 1143
f 15 1143 1218
f 15 1218 1299
f 15 1299 1390
f 15 1390 1386
f 15 1386 1389
f 15 1389 1475
f 15 1475 1555
f 15 1555 1554
f 15 1554 1640
f 15 1640 1738
f 15 1738 1737
f 15 1737 1823
f 15 1823 1924
f 15 1924 1928
f 15 1928 1927
f 15 1927 2022
f 15 2022 2025
f 15 2025 2088
f 15 2088 2087
f 15 2087 2127
f 15 2127 2126
f 15 2126 2125
f 15 2125 2128
f 15 2128 2091
f 15 2091 2090
f 15 2090 2089
f 15 2089 2026
f 15 2026 1930
f 15 1930 1929
f 15 1929 1826
f 15 1826 1740
f 15 1740 1739
f 15 1739 1643
f 15 1643 1559
f 15 1559 1478
f 15 1478 1396
f 15 1396 1395
f 15 1395 1305
f 15 1305 1304
f 15 1304 1303
f 15 1303 1221
f 15 1221 1148
f 15 1148 1145
f 15 1145 1073
f 15 1073 1003
f 15 1003 935
f 15 935 870
f 15 870 808
f 15 808 745
f 15 745 744
f 15 744 677
f 15 677 621
f 15 621 558
f 15 558 557
f 15 557 503
f 15 503 443
f 15 443 384
f 15 384 329
f 15 329 273
f 15 273 211
f 15 211 165
f 15 165 131
f 15 131 96
f 15 96 67
f 15 67 41
f 15 41 16
f 16 41 17
f 17 41 42
f 19 43 44
f 19 44 45
f 19 45 20
f 20 45 21
f 21 45 46
f 21 46 47
f 21 47 24
f 21 24 22
f 23 25 35
f 24 47 25
f 25 47 35
f 26 30 31
f 27 39 48
f 27 48 28
f 28 48 49
f 28 49 29
f 29 49 50
f 29 50 51
f 29 51 30
f 30 52 31
f 30 51 53
f 30 53 54
f 30 54 55
f 30 55 52
f 31 52 55
f 31 55 56
f 31 56 57
f 31 57 32
f 32 57 58
f 32 58 59
f 32 59 33
f 33 59 60
f 33 60 34
f 34 60 40
f 35 47 61
f 35 61 36
f 36 61 62
f 36 62 37
f 37 62 38
f 38 62 63
f 38 63 64
f 38 64 39
f 39 64 48
f 40 60 65
f 40 65 66
f 41 67 68
f 41 68 42
f 43 69 70
f 43 70 71
f 43 71 44
f 44 71 45
f 45 71 72
f 45 72 46
f 46 72 73
f 46 73 74
f 46 74 75
f 46 75 47
f 47 76 61
f 47 75 77
f 47 77 76
f 48 64 78
f 48 78 49
f 49 78 79
f 49 79 50
f 50 80 51
f 50 79 80
f 51 80 53
f 53 80 54
f 54 80 55
f 55 80 81
f 55 81 82
f 55 82 56
f 56 82 57
f 57 82 58
f 58 82 83
f 58 83 84
f 58 84 85
f 58 85 86
f 58 86 59
f 59 86 60
f 60 86 65
f 61 76 87
f 61 87 88
f 61 88 62
f 62 88 89
f 62 89 90
f 62 90 91
f 62 91 92
f 62 92 63
f 63 92 64
f 64 92 78
f 65 86 93
f 65 93 66
f 66 93 94
f 66 94 95
f 67 96 68
f 68 96 97
f 69 98 70
f 70 98 99
f 70 99 71
f 71 99 100
f 71 100 74
f 71 74 73
f 71 73 72
f 74 101 75
f 74 100 102
f 74 102 103
f 74 103 101
f 75 101 77
f 76 77 104
f 76 104 87
f 77 101 103
f 77 103 105
f 77 105 104
f 78 92 106
f 78 106 107
f 78 107 108
f 78 108 79
f 79 108 109
f 79 109 110
f 79 110 80
f 80 110 81
f 81 110 111
f 81 111 112
f 81 112 82
f 82 112 113
f 82 113 114
f 82 114 83
f 83 114 84
f 84 114 115
f 84 115 116
f 84 116 117
f 84 117 85
f 85 117 118
f 85 118 86
f 86 118 119
f 86 119 93
f 87 104 120
f 87 120 121
f 87 121 122
f 87 122 89
f 87 89 88
f 89 122 123
f 89 123 124
f 89 124 90
f 90 124 125
f 90 125 126
f 90 126 91
f 91 126 127
f 91 127 92
f 92 127 106
f 93 119 94
f 94 119 128
f 94 128 95
f 95 128 129
f 95 129 130
f 96 131 97
f 97 131 132
f 98 133 99
f 99 133 134
f 99 134 135
f 99 135 136
f 99 136 100
f 100 136 137
f 100 137 138
f 100 138 102
f 102 139 103
f 102 138 140
f 102 140 141
f 102 141 142
f 102 142 139
f 103 139 143
f 103 143 105
f 104 105 120
f 105 121 120
f 105 143 121
f 106 127 107
f 107 127 144
f 107 144 108
f 108 144 145
f 108 145 109
f 109 146 147
f 109 147 110
f 109 145 146
f 110 147 111
f 111 147 146
f 111 146 112
f 112 146 148
f 112 148 113
f 113 149 114
f 113 148 150
f 113 150 149
f 114 149 151
f 114 151 115
f 115 152 116
f 115 151 153
f 115 153 154
f 115 154 152
f 116 152 117
f 117 152 118
f 118 152 155
f 118 155 156
f 118 156 119
f 119 156 128
f 121 143 122
f 122 143 157
f 122 157 158
f 122 158 123
f 123 158 125
f 123 125 124
f 125 158 159
f 125 159 160
f 125 160 126
f 126 160 144
f 126 144 127
f 128 155 161
f 128 161 129
f 128 156 155
f 129 161 162
f 129 162 163
f 129 163 130
f 130 163 164
f 131 165 166
f 131 166 132
f 133 167 134
f 134 167 168
f 134 168 169
f 134 169 135
f 135 169 136
f 136 169 170
f 136 170 137
f 137 170 171
f 137 171 138
f 138 171 172
f 138 172 140
f 139 157 143
f 139 142 173
f 139 173 174
f 139 174 175
f 139 175 176
f 139 176 177
f 139 177 178
f 139 178 157
f 140 172 179
f 140 179 141
f 141 179 180
f 141 180 142
f 142 180 181
f 142 181 174
f 142 174 173
f 144 160 182
f 144 182 183
f 144 183 184
f 144 184 145
f 145 148 146
f 145 184 185
f 145 185 186
f 145 186 187
f 145 187 148
f 148 187 150
f 149 150 151
f 150 187 188
f 150 188 189
f 150 189 153
f 150 153 151
f 152 154 155
f 153 190 154
f 153 189 191
f 153 191 192
f 153 192 190
f 154 190 193
f 154 193 161
f 154 161 155
f 157 178 194
f 157 194 195
f 157 195 196
f 157 196 197
f 157 197 198
f 157 198 199
f 157 199 158
f 158 199 159
f 159 199 200
f 159 200 201
f 159 201 202
f 159 202 160
f 160 202 203
f 160 203 204
f 160 204 182
f 161 193 205
f 161 205 206
f 161 206 207
f 161 207 162
f 162 207 208
f 162 208 209
f 162 209 163
f 163 209 164
f 164 209 210
f 165 211 166
f 166 211 212
f 167 213 214
f 167 214 215
f 167 215 168
f 168 215 216
f 168 216 169
f 169 216 170
f 170 216 217
f 170 217 218
f 170 218 171
f 171 218 219
f 171 219 172
f 172 219 179
f 174 181 220
f 174 220 221
f 174 221 222
f 174 222 223
f 174 223 224
f 174 224 177
f 174 177 176
f 174 176 175
f 177 224 178
f 178 224 225
f 178 225 195
f 178 195 194
f 179 219 226
f 179 226 227
f 179 227 180
f 180 227 181
f 181 227 228
f 181 228 229
f 181 229 220
f 182 230 231
f 182 231 232
f 182 232 233
f 182 233 234
f 182 234 235
f 182 235 183
f 182 204 203
f 182 203 202
f 182 202 230
f 183 235 236
f 183 236 237
f 183 237 185
f 183 185 184
f 185 237 186
f 186 237 238
f 186 238 239
f 186 239 240
f 186 240 241
f 186 241 242
f 186 242 187
f 187 241 188
f 187 242 241
f 188 241 240
f 188 240 243
f 188 243 244
f 188 244 189
f 189 244 251
f 189 251 191
f 190 245 246
f 190 246 247
f 190 247 248
f 190 248 249
f 190 249 193
f 190 192 250
f 190 250 245
f 191 251 252
f 191 252 192
f 192 252 253
f 192 253 250
f 193 249 254
f 193 254 255
f 193 255 256
f 193 256 205
f 195 225 257
f 195 257 258
f 195 258 259
f 195 259 260
f 195 260 261
f 195 261 198
f 195 198 197
f 195 197 196
f 198 261 199
f 199 261 200
f 200 261 262
f 200 262 263
f 200 263 201
f 201 263 264
f 201 264 291
f 201 291 230
f 201 230 202
f 205 255 206
f 205 256 255
f 206 255 265
f 206 265 266
f 206 266 267
f 206 267 207
f 207 267 208
f 208 267 268
f 208 268 209
f 209 268 269
f 209 269 210
f 210 269 270
f 210 270 271
f 211 272 212
f 211 273 272
f 213 274 275
f 213 275 214
f 214 275 276
f 214 276 215
f 215 276 277
f 215 277 216
f 216 277 278
f 216 278 217
f 217 278 279
f 217 279 218
f 218 279 219
f 219 279 280
f 219 280 226
f 220 229 281
f 220 281 221
f 221 281 222
f 222 281 282
f 222 282 283
f 222 283 223
f 223 283 224
f 224 283 284
f 224 284 285
f 224 285 225
f 225 285 286
f 225 286 257
f 226 280 287
f 226 287 288
f 226 288 227
f 227 288 289
f 227 289 228
f 228 289 229
f 229 289 290
f 229 290 281
f 230 291 231
f 231 291 292
f 231 292 293
f 231 293 232
f 232 293 233
f 233 293 234
f 234 293 235
f 235 293 294
f 235 294 236
f 236 294 237
f 237 294 295
f 237 295 296
f 237 296 238
f 238 296 239
f 239 296 240
f 240 296 297
f 240 297 243
f 243 297 298
f 243 298 299
f 243 299 244
f 244 299 300
f 244 300 251
f 245 250 246
f 246 248 247
f 246 250 253
f 246 253 301
f 246 301 302
f 246 302 303
f 246 303 304
f 246 304 248
f 248 304 305
f 248 305 249
f 249 305 255
f 249 255 254
f 251 300 252
f 252 300 306
f 252 306 307
f 252 307 253
f 253 307 308
f 253 308 301
f 255 305 309
f 255 309 310
f 255 310 311
f 255 311 265
f 257 286 312
f 257 312 258
f 258 312 259
f 259 312 313
f 259 313 314
f 259 314 260
f 260 314 262
f 260 262 261
f 262 314 315
f 262 315 316
f 262 316 317
f 262 317 263
f 263 317 318
f 263 318 264
f 264 318 291
f 265 311 319
f 265 319 320
f 265 320 266
f 266 320 321
f 266 321 322
f 266 322 267
f 267 322 268
f 268 322 323
f 268 323 270
f 268 270 269
f 270 324 325
f 270 325 271
f 270 323 326
f 270 326 327
f 270 327 328
f 270 328 324
f 274 330 275
f 275 330 331
f 275 331 276
f 276 331 277
f 277 331 332
f 277 332 333
f 277 333 278
f 278 333 279
f 279 333 334
f 279 334 335
f 279 335 280
f 280 335 336
f 280 336 287
f 281 290 282
f 282 337 283
f 282 290 337
f 283 337 284
f 284 337 290
f 284 290 338
f 284 338 339
f 284 339 285
f 285 339 340
f 285 340 286
f 286 340 312
f 287 336 341
f 287 341 288
f 288 341 342
f 288 342 289
f 289 342 343
f 289 343 344
f 289 344 345
f 289 345 290
f 290 345 344
f 290 344 346
f 290 346 338
f 291 318 347
f 291 347 292
f 292 347 348
f 292 348 349
f 292 349 350
f 292 350 293
f 293 350 294
f 294 350 351
f 294 351 352
f 294 352 295
f 295 352 296
f 296 352 353
f 296 353 297
f 297 353 354
f 297 354 355
f 297 355 298
f 298 355 356
f 298 356 299
f 299 356 357
f 299 357 358
f 299 358 300
f 300 358 359
f 300 359 306
f 301 308 302
f 302 308 303
f 303 308 360
f 303 360 304
f 304 360 305
f 305 360 361
f 305 361 309
f 306 359 307
f 307 359 362
f 307 362 363
f 307 363 364
f 307 364 308
f 308 364 363
f 308 363 365
f 308 365 360
f 309 361 319
f 309 319 310
f 310 319 311
f 312 340 313
f 313 340 314
f 314 340 315
f 315 340 366
f 315 366 367
f 315 367 368
f 315 368 316
f 316 368 369
f 316 369 317
f 317 369 318
f 318 369 370
f 318 370 371
f 318 371 347
f 319 361 372
f 319 372 373
f 319 373 374
f 319 374 320
f 320 374 375
f 320 375 376
f 320 376 321
f 321 376 322
f 322 376 377
f 322 377 323
f 323 377 326
f 326 378 379
f 326 379 380
f 326 380 381
f 326 381 327
f 326 377 382
f 326 382 378
f 327 381 328
f 328 381 383
f 329 384 385
f 330 386 387
f 330 387 388
f 330 388 331
f 331 388 332
f 332 388 389
f 332 389 390
f 332 390 333
f 333 390 391
f 333 391 334
f 334 391 335
f 335 391 392
f 335 392 393
f 335 393 394
f 335 394 336
f 336 394 341
f 338 346 395
f 338 395 396
f 338 396 398
f 338 398 339
f 339 397 340
f 339 398 399
f 339 399 397
f 340 397 400
f 340 400 366
f 341 394 342
f 342 394 401
f 342 401 402
f 342 402 343
f 343 402 403
f 343 403 404
f 343 404 344
f 344 404 405
f 344 405 395
f 344 395 346
f 347 371 348
f 348 371 406
f 348 406 408
f 348 408 349
f 349 407 350
f 349 408 407
f 350 407 351
f 351 407 409
f 351 409 352
f 352 409 410
f 352 410 411
f 352 411 353
f 353 411 354
f 354 411 474
f 354 474 412
f 354 412 355
f 355 412 413
f 355 413 414
f 355 414 356
f 356 414 415
f 356 415 357
f 357 415 416
f 357 416 358
f 358 416 359
f 359 416 417
f 359 417 418
f 359 418 362
f 360 365 363
f 360 363 419
f 360 419 420
f 360 420 361
f 361 420 372
f 362 421 363
f 362 418 421
f 363 421 422
f 363 422 423
f 363 423 419
f 366 400 367
f 367 400 424
f 367 424 425
f 367 425 368
f 368 425 426
f 368 426 369
f 369 426 427
f 369 427 370
f 370 427 428
f 370 428 371
f 371 428 466
f 371 466 406
f 372 420 429
f 372 429 373
f 373 429 430
f 373 430 431
f 373 431 374
f 374 431 375
f 375 431 432
f 375 432 433
f 375 433 434
f 375 434 376
f 376 434 377
f 377 434 382
f 378 382 434
f 378 434 433
f 378 433 432
f 378 432 435
f 378 435 436
f 378 436 437
f 378 437 379
f 379 437 438
f 379 438 380
f 380 438 439
f 380 439 440
f 380 440 381
f 381 440 441
f 381 441 442
f 381 442 383
f 384 443 385
f 385 443 444
f 386 445 387
f 387 445 446
f 387 446 447
f 387 447 388
f 388 447 389
f 389 447 448
f 389 448 390
f 390 448 449
f 390 449 450
f 390 450 391
f 391 450 392
f 392 450 451
f 392 451 393
f 393 451 452
f 393 452 453
f 393 453 394
f 394 453 401
f 395 405 454
f 395 454 396
f 396 454 455
f 396 455 456
f 396 456 398
f 397 399 400
f 398 456 457
f 398 457 458
f 398 458 399
f 399 459 400
f 399 458 459
f 400 459 424
f 401 453 460
f 401 460 461
f 401 461 402
f 402 461 462
f 402 462 403
f 403 462 463
f 403 463 464
f 403 464 465
f 403 465 404
f 404 465 405
f 405 465 455
f 405 455 454
f 406 466 408
f 407 408 467
f 407 467 468
f 407 468 409
f 408 466 469
f 408 469 467
f 409 468 470
f 409 470 471
f 409 471 410
f 410 471 472
f 410 472 473
f 410 473 411
f 411 473 474
f 412 474 531
f 412 531 475
f 412 475 413
f 413 475 476
f 413 476 477
f 413 477 414
f 414 477 415
f 415 477 478
f 415 478 416
f 416 478 479
f 416 479 417
f 417 479 480
f 417 480 418
f 418 480 481
f 418 481 421
f 419 423 482
f 419 482 483
f 419 483 484
f 419 484 420
f 420 484 429
f 421 481 485
f 421 485 422
f 422 485 482
f 422 482 423
f 424 459 425
f 425 459 486
f 425 486 487
f 425 487 488
f 425 488 426
f 426 488 487
f 426 487 489
f 426 489 427
f 427 489 490
f 427 490 491
f 427 491 428
f 428 491 466
f 429 484 492
f 429 492 493
f 429 493 430
f 430 493 431
f 431 493 432
f 432 493 435
f 435 493 494
f 435 494 495
f 435 495 436
f 436 495 496
f 436 496 437
f 437 496 497
f 437 497 438
f 438 497 498
f 438 498 499
f 438 499 500
f 438 500 439
f 439 501 440
f 439 500 501
f 440 501 502
f 440 502 441
f 443 503 504
f 443 504 444
f 444 504 505
f 446 506 507
f 446 507 447
f 447 507 448
f 448 507 508
f 448 508 509
f 448 509 449
f 449 510 450
f 449 509 510
f 450 510 451
f 451 510 511
f 451 511 512
f 451 512 452
f 452 512 513
f 452 513 453
f 453 513 460
f 455 465 464
f 455 464 456
f 456 464 457
f 457 464 514
f 457 514 458
f 458 515 459
f 458 514 515
f 459 515 486
f 460 513 516
f 460 516 517
f 460 517 461
f 461 517 462
f 462 517 518
f 462 518 519
f 462 519 520
f 462 520 463
f 463 520 464
f 464 520 521
f 464 521 514
f 466 491 522
f 466 522 523
f 466 523 469
f 467 469 524
f 467 524 525
f 467 525 468
f 468 525 527
f 468 527 470
f 469 523 526
f 469 526 524
f 470 527 528
f 470 528 471
f 471 528 472
f 472 528 529
f 472 529 530
f 472 530 473
f 473 530 474
f 474 530 531
f 475 531 591
f 475 591 532
f 475 532 476
f 476 532 533
f 476 533 534
f 476 534 477
f 477 534 478
f 478 534 535
f 478 535 536
f 478 536 479
f 479 536 537
f 479 537 480
f 480 537 538
f 480 538 539
f 480 539 481
f 481 539 540
f 481 540 485
f 482 485 540
f 482 540 541
f 482 541 483
f 483 541 542
f 483 542 543
f 483 543 484
f 484 543 492
f 486 515 544
f 486 544 487
f 487 544 545
f 487 545 546
f 487 546 489
f 489 546 547
f 489 547 490
f 490 547 491
f 491 547 548
f 491 548 522
f 492 543 549
f 492 549 494
f 492 494 493
f 494 549 550
f 494 550 495
f 495 550 551
f 495 551 496
f 496 551 552
f 496 552 497
f 497 552 498
f 498 552 553
f 498 553 554
f 498 554 499
f 499 554 500
f 500 555 501
f 500 554 556
f 500 556 555
f 501 555 502
f 503 557 504
f 504 558 559
f 504 559 560
f 504 560 561
f 504 561 562
f 504 562 505
f 504 557 558
f 505 562 563
f 506 564 507
f 507 564 565
f 507 565 508
f 508 565 566
f 508 566 567
f 508 567 568
f 508 568 509
f 509 568 569
f 509 569 510
f 510 569 511
f 511 569 568
f 511 568 570
f 511 570 571
f 511 571 512
f 512 571 572
f 512 572 513
f 513 572 516
f 514 573 515
f 514 521 574
f 514 574 636
f 514 636 573
f 515 573 544
f 516 575 576
f 516 576 517
f 516 572 575
f 517 576 518
f 518 576 577
f 518 577 578
f 518 578 519
f 519 578 579
f 519 579 580
f 519 580 520
f 520 580 581
f 520 581 574
f 520 574 521
f 522 548 582
f 522 582 583
f 522 583 523
f 523 583 526
f 524 526 525
f 525 526 584
f 525 584 527
f 526 583 585
f 526 585 586
f 526 586 584
f 527 584 587
f 527 587 588
f 527 588 528
f 528 588 529
f 529 588 589
f 529 589 590
f 529 590 530
f 530 590 591
f 530 591 531
f 532 591 592
f 532 592 593
f 532 593 594
f 532 594 533
f 533 594 534
f 534 594 535
f 535 594 595
f 535 595 536
f 536 595 596
f 536 596 538
f 536 538 537
f 538 596 597
f 538 597 598
f 538 598 539
f 539 598 540
f 540 598 599
f 540 599 600
f 540 600 541
f 541 600 542
f 542 600 601
f 542 601 602
f 542 602 543
f 543 602 549
f 544 573 603
f 544 603 604
f 544 604 545
f 545 604 605
f 545 605 547
f 545 547 546
f 547 605 606
f 547 606 607
f 547 607 548
f 548 607 608
f 548 608 582
f 549 602 609
f 549 609 550
f 550 609 610
f 550 610 551
f 551 610 611
f 551 611 612
f 551 612 552
f 552 612 553
f 553 613 554
f 553 612 614
f 553 614 615
f 553 615 616
f 553 616 613
f 554 613 617
f 554 617 556
f 555 556 618
f 556 617 619
f 556 619 620
f 556 620 618
f 558 621 622
f 558 622 559
f 559 622 560
f 560 622 623
f 560 623 624
f 560 624 625
f 560 625 626
f 560 626 627
f 560 627 561
f 561 627 562
f 562 627 563
f 563 627 628
f 566 629 567
f 567 629 630
f 567 630 631
f 567 631 568
f 568 631 632
f 568 632 570
f 570 633 571
f 570 632 634
f 570 634 633
f 571 633 635
f 571 635 572
f 572 635 575
f 573 636 603
f 574 581 637
f 574 637 636
f 575 638 576
f 575 635 639
f 575 639 698
f 575 698 638
f 576 638 577
f 577 638 640
f 577 640 641
f 577 641 578
f 578 641 579
f 579 642 580
f 579 641 643
f 579 643 642
f 580 642 644
f 580 644 637
f 580 637 581
f 582 608 645
f 582 645 583
f 583 645 585
f 584 586 587
f 585 645 646
f 585 646 586
f 586 647 587
f 586 646 647
f 587 647 648
f 587 648 588
f 588 648 589
f 589 648 649
f 589 649 592
f 589 592 590
f 590 592 591
f 592 649 650
f 592 650 593
f 593 650 651
f 593 651 652
f 593 652 594
f 594 652 595
f 595 652 653
f 595 653 654
f 595 654 655
f 595 655 597
f 595 597 596
f 597 655 656
f 597 656 598
f 598 656 599
f 599 656 657
f 599 657 600
f 600 657 601
f 601 657 658
f 601 658 659
f 601 659 660
f 601 660 602
f 602 660 609
f 603 636 661
f 603 661 604
f 604 661 662
f 604 662 663
f 604 663 605
f 605 663 606
f 606 663 664
f 606 664 665
f 606 665 608
f 606 608 607
f 608 666 645
f 608 665 667
f 608 667 666
f 609 660 610
f 610 660 659
f 610 659 668
f 610 668 669
f 610 669 611
f 611 669 612
f 612 669 614
f 613 616 617
f 614 669 670
f 614 670 671
f 614 671 615
f 615 671 672
f 615 672 616
f 616 672 673
f 616 673 674
f 616 674 617
f 617 674 619
f 619 674 675
f 619 675 676
f 619 676 620
f 621 677 622
f 622 677 678
f 622 678 679
f 622 679 623
f 623 679 624
f 624 679 680
f 624 680 681
f 624 681 682
f 624 682 625
f 625 683 684
f 625 684 627
f 625 627 626
f 625 682 685
f 625 685 686
f 625 686 683
f 627 684 687
f 627 687 628
f 629 688 689
f 629 689 630
f 630 689 690
f 630 690 631
f 631 690 691
f 631 691 632
f 632 691 634
f 633 634 692
f 633 692 693
f 633 693 635
f 634 691 694
f 634 694 695
f 634 695 692
f 635 693 639
f 636 637 661
f 637 644 696
f 637 696 697
f 637 697 661
f 638 698 640
f 639 693 699
f 639 699 698
f 640 700 641
f 640 698 701
f 640 701 702
f 640 702 703
f 640 703 700
f 641 700 704
f 641 704 643
f 642 643 705
f 642 705 644
f 643 704 706
f 643 706 705
f 644 705 696
f 645 666 707
f 645 707 708
f 645 708 646
f 646 708 709
f 646 709 710
f 646 710 711
f 646 711 647
f 647 711 648
f 648 711 649
f 649 711 650
f 650 711 712
f 650 712 713
f 650 713 651
f 651 713 714
f 651 714 715
f 651 715 652
f 652 715 716
f 652 716 653
f 653 716 717
f 653 717 718
f 653 718 654
f 654 718 655
f 655 718 719
f 655 719 720
f 655 720 656
f 656 720 721
f 656 721 722
f 656 722 723
f 656 723 657
f 657 723 722
f 657 722 658
f 658 722 724
f 658 724 659
f 659 724 725
f 659 725 668
f 661 697 662
f 662 697 726
f 662 726 663
f 663 726 727
f 663 727 664
f 664 727 728
f 664 728 665
f 665 728 729
f 665 729 667
f 666 667 707
f 667 729 730
f 667 730 707
f 668 725 670
f 668 670 669
f 670 731 732
f 670 732 733
f 670 733 734
f 670 734 671
f 670 725 724
f 670 724 731
f 671 735 672
f 671 734 736
f 671 736 735
f 672 735 737
f 672 737 673
f 673 737 738
f 673 738 739
f 673 739 674
f 674 739 675
f 675 740 676
f 675 739 741
f 675 741 742
f 675 742 743
f 675 743 740
f 677 744 678
f 678 744 745
f 678 745 746
f 678 746 679
f 679 746 680
f 680 746 747
f 680 747 681
f 681 747 748
f 681 748 749
f 681 749 750
f 681 750 682
f 682 750 685
f 683 751 684
f 683 686 752
f 683 752 753
f 684 751 687
f 685 750 754
f 685 754 686
f 686 754 752
f 688 755 756
f 688 756 689
f 689 756 757
f 689 757 690
f 690 757 758
f 690 758 691
f 691 758 694
f 692 695 759
f 692 759 693
f 693 759 699
f 694 758 760
f 694 760 695
f 695 760 761
f 695 761 762
f 695 762 759
f 696 705 763
f 696 763 764
f 696 764 697
f 697 764 765
f 697 765 766
f 697 766 726
f 698 699 701
f 699 759 767
f 699 767 701
f 700 706 704
f 700 703 768
f 700 768 706
f 701 767 769
f 701 769 770
f 701 770 702
f 702 770 703
f 703 770 771
f 703 771 772
f 703 772 773
f 703 773 768
f 705 706 763
f 706 768 773
f 706 773 774
f 706 774 775
f 706 775 776
f 706 776 763
f 707 730 777
f 707 777 778
f 707 778 709
f 707 709 708
f 709 778 779
f 709 779 780
f 709 780 712
f 709 712 710
f 710 712 711
f 712 780 781
f 712 781 782
f 712 782 713
f 713 782 783
f 713 783 784
f 713 784 785
f 713 785 714
f 714 785 786
f 714 786 715
f 715 786 787
f 715 787 788
f 715 788 716
f 716 788 717
f 717 788 789
f 717 789 790
f 717 790 718
f 718 790 791
f 718 791 719
f 719 791 720
f 720 791 721
f 721 792 722
f 721 791 792
f 722 792 724
f 724 792 731
f 726 766 793
f 726 793 727
f 727 793 794
f 727 794 728
f 728 794 795
f 728 795 729
f 729 795 796
f 729 796 730
f 730 796 777
f 731 797 798
f 731 798 732
f 731 792 797
f 732 798 733
f 733 798 799
f 733 799 800
f 733 800 736
f 733 736 734
f 735 736 801
f 735 801 802
f 735 802 803
f 735 803 737
f 736 800 801
f 737 803 738
f 738 804 739
f 738 803 805
f 738 805 804
f 739 804 741
f 741 804 806
f 741 806 807
f 741 807 742
f 745 808 746
f 746 808 809
f 746 809 810
f 746 810 747
f 747 810 748
f 748 810 811
f 748 811 749
f 749 811 812
f 749 812 813
f 749 813 814
f 749 814 750
f 750 814 815
f 750 815 754
f 752 754 816
f 752 816 817
f 752 817 818
f 752 818 819
f 752 819 753
f 754 815 820
f 754 820 816
f 755 821 756
f 756 821 822
f 756 822 823
f 756 823 757
f 757 823 758
f 758 823 824
f 758 824 760
f 759 762 767
f 760 824 825
f 760 825 761
f 761 825 826
f 761 826 827
f 761 827 762
f 762 827 828
f 762 828 767
f 763 776 764
f 764 776 765
f 765 793 766
f 765 776 829
f 765 829 830
f 765 830 793
f 767 828 769
f 769 831 832
f 769 832 770
f 769 828 831
f 770 832 771
f 771 832 833
f 771 833 834
f 771 834 835
f 771 835 772
f 772 836 773
f 772 835 836
f 773 836 837
f 773 837 774
f 774 837 838
f 774 838 775
f 775 829 776
f 775 838 839
f 775 839 840
f 775 840 829
f 777 796 841
f 777 841 842
f 777 842 778
f 778 842 779
f 779 842 843
f 779 843 844
f 779 844 780
f 780 844 781
f 781 844 845
f 781 845 846
f 781 846 782
f 782 846 783
f 783 846 847
f 783 847 848
f 783 848 784
f 784 848 785
f 785 848 849
f 785 849 850
f 785 850 786
f 786 850 787
f 787 850 851
f 787 851 852
f 787 852 788
f 788 852 789
f 789 852 853
f 789 853 790
f 790 853 791
f 791 853 854
f 791 854 855
f 791 855 792
f 792 855 797
f 793 830 856
f 793 856 857
f 793 857 794
f 794 857 795
f 795 857 858
f 795 858 796
f 796 858 841
f 797 855 859
f 797 859 798
f 798 859 860
f 798 860 861
f 798 861 799
f 799 861 862
f 799 862 800
f 800 862 863
f 800 863 801
f 801 863 864
f 801 864 802
f 802 864 865
f 802 865 803
f 803 865 866
f 803 866 805
f 804 805 867
f 804 867 806
f 805 866 868
f 805 868 867
f 806 867 869
f 806 869 807
f 808 870 871
f 808 871 809
f 809 871 872
f 809 872 810
f 810 872 811
f 811 872 873
f 811 873 874
f 811 874 812
f 812 874 875
f 812 875 813
f 813 875 876
f 813 876 814
f 814 876 877
f 814 877 815
f 815 877 820
f 816 820 878
f 816 878 879
f 816 879 880
f 816 880 817
f 817 880 818
f 820 877 881
f 820 881 878
f 821 882 822
f 822 882 883
f 822 883 884
f 822 884 823
f 823 884 885
f 823 885 824
f 824 885 825
f 825 885 886
f 825 886 826
f 826 886 887
f 826 887 888
f 826 888 889
f 826 889 890
f 826 890 827
f 827 890 891
f 827 891 831
f 827 831 828
f 829 840 892
f 829 892 830
f 830 892 856
f 831 893 832
f 831 891 894
f 831 894 893
f 832 893 833
f 833 893 834
f 834 895 896
f 834 896 897
f 834 897 898
f 834 898 835
f 834 893 895
f 835 898 836
f 836 898 837
f 837 898 899
f 837 899 900
f 837 900 839
f 837 839 838
f 839 900 901
f 839 901 902
f 839 902 903
f 839 903 840
f 840 903 892
f 841 858 904
f 841 904 842
f 842 904 905
f 842 905 843
f 843 905 906
f 843 906 844
f 844 906 845
f 845 906 907
f 845 907 908
f 845 908 846
f 846 908 847
f 847 908 909
f 847 909 910
f 847 910 848
f 848 910 849
f 849 910 911
f 849 911 850
f 850 911 851
f 851 911 912
f 851 912 852
f 852 912 853
f 853 912 913
f 853 913 914
f 853 914 854
f 854 914 915
f 854 915 859
f 854 859 855
f 856 916 857
f 856 892 917
f 856 917 916
f 857 916 918
f 857 918 919
f 857 919 858
f 858 919 920
f 858 920 904
f 859 915 921
f 859 921 861
f 859 861 860
f 861 921 922
f 861 922 923
f 861 923 862
f 862 923 924
f 862 924 863
f 863 924 864
f 864 924 925
f 864 925 926
f 864 926 927
f 864 927 865
f 865 927 928
f 865 928 929
f 865 929 866
f 866 929 868
f 867 930 869
f 867 868 931
f 867 931 932
f 867 932 933
f 867 933 934
f 867 934 930
f 868 929 931
f 870 935 871
f 871 935 936
f 871 936 872
f 872 936 937
f 872 937 873
f 873 937 874
f 874 937 938
f 874 938 875
f 875 938 939
f 875 939 940
f 875 940 941
f 875 941 876
f 876 941 942
f 876 942 943
f 876 943 944
f 876 944 877
f 877 944 881
f 878 881 945
f 878 945 946
f 878 946 879
f 879 946 880
f 880 946 947
f 880 947 948
f 881 944 949
f 881 949 950
f 881 950 951
f 881 951 945
f 883 952 953
f 883 953 884
f 884 953 954
f 884 954 955
f 884 955 885
f 885 955 886
f 886 955 956
f 886 956 888
f 886 888 887
f 888 957 958
f 888 958 959
f 888 959 889
f 888 956 957
f 889 959 960
f 889 960 961
f 889 961 890
f 890 961 891
f 891 961 894
f 892 903 917
f 893 894 962
f 893 962 895
f 894 961 962
f 895 962 963
f 895 963 896
f 896 963 964
f 896 964 965
f 896 965 966
f 896 966 897
f 897 967 898
f 897 966 967
f 898 967 899
f 899 967 900
f 900 967 901
f 901 967 968
f 901 968 969
f 901 969 902
f 902 969 970
f 902 970 971
f 902 971 972
f 902 972 973
f 902 973 903
f 903 973 917
f 904 920 974
f 904 974 905
f 905 974 975
f 905 975 906
f 906 975 907
f 907 975 976
f 907 976 908
f 908 976 909
f 909 976 977
f 909 977 910
f 910 977 911
f 911 977 978
f 911 978 912
f 912 978 979
f 912 979 980
f 912 980 981
f 912 981 913
f 913 915 914
f 913 981 982
f 913 982 983
f 913 983 915
f 915 983 984
f 915 984 921
f 916 917 985
f 916 985 918
f 917 973 985
f 918 985 986
f 918 986 987
f 918 987 919
f 919 987 988
f 919 988 989
f 919 989 974
f 919 974 920
f 921 984 990
f 921 990 922
f 922 990 923
f 923 990 991
f 923 991 992
f 923 992 924
f 924 992 925
f 925 992 993
f 925 993 994
f 925 994 995
f 925 995 926
f 926 995 996
f 926 996 997
f 926 997 927
f 927 997 928
f 928 997 998
f 928 998 929
f 929 998 999
f 929 999 931
f 931 999 1000
f 931 1000 1001
f 931 1001 932
f 932 1001 933
f 933 1001 1002
f 935 1003 1004
f 935 1004 936
f 936 1004 1005
f 936 1005 937
f 937 1005 938
f 938 1005 1006
f 938 1006 1007
f 938 1007 939
f 939 1007 1008
f 939 1008 940
f 940 1008 1009
f 940 1009 942
f 940 942 941
f 942 1009 1010
f 942 1010 943
f 943 1010 1011
f 943 1011 944
f 944 1011 949
f 945 951 1012
f 945 1012 1013
f 945 1013 1014
f 945 1014 946
f 946 1014 1015
f 946 1015 947
f 947 1015 948
f 949 1011 1016
f 949 1016 950
f 950 1016 1017
f 950 1017 1013
f 950 1013 1012
f 950 1012 951
f 952 1018 953
f 953 1018 1019
f 953 1019 954
f 954 1019 955
f 955 1019 1020
f 955 1020 956
f 956 1020 957
f 957 1021 1022
f 957 1022 958
f 957 1020 1021
f 958 1022 1023
f 958 1023 1024
f 958 1024 1025
f 958 1025 1026
f 958 1026 959
f 959 1026 1027
f 959 1027 1028
f 959 1028 1029
f 959 1029 1030
f 959 1030 960
f 960 1030 961
f 961 1030 1031
f 961 1031 962
f 962 1031 963
f 963 1031 1032
f 963 1032 964
f 964 1032 1033
f 964 1033 1034
f 964 1034 965
f 965 1034 966
f 966 1035 967
f 966 1034 1036
f 966 1036 1035
f 967 1035 968
f 968 1035 1037
f 968 1037 1038
f 968 1038 969
f 969 1038 970
f 970 1038 1039
f 970 1039 1040
f 970 1040 1041
f 970 1041 971
f 971 1041 972
f 972 1041 1042
f 972 1042 986
f 972 986 985
f 972 985 973
f 974 1043 975
f 974 989 1043
f 975 1043 1044
f 975 1044 1045
f 975 1045 1046
f 975 1046 976
f 976 1047 977
f 976 1046 1047
f 977 1047 1048
f 977 1048 1049
f 977 1049 1050
f 977 1050 978
f 978 1050 979
f 979 1051 980
f 979 1050 1052
f 979 1052 1051
f 980 1051 1053
f 980 1053 981
f 981 1053 982
f 982 1053 1054
f 982 1054 1055
f 982 1055 983
f 983 1055 984
f 984 1055 990
f 986 1042 1056
f 986 1056 987
f 987 1056 1057
f 987 1057 988
f 988 1057 1058
f 988 1058 989
f 989 1058 1059
f 989 1059 1044
f 989 1044 1043
f 990 1055 1060
f 990 1060 1061
f 990 1061 991
f 991 1061 993
f 991 993 992
f 993 1061 1062
f 993 1062 1063
f 993 1063 994
f 994 1063 995
f 995 1063 1064
f 995 1064 1065
f 995 1065 996
f 996 1066 997
f 996 1065 1067
f 996 1067 1066
f 997 1066 998
f 998 1066 1068
f 998 1068 999
f 999 1068 1069
f 999 1069 1000
f 1000 1069 1070
f 1000 1070 1071
f 1000 1071 1001
f 1001 1071 1002
f 1002 1071 1072
f 1003 1073 1074
f 1003 1074 1004
f 1004 1074 1005
f 1005 1074 1075
f 1005 1075 1076
f 1005 1076 1006
f 1006 1076 1077
f 1006 1077 1007
f 1007 1077 1078
f 1007 1078 1008
f 1008 1078 1009
f 1009 1078 1079
f 1009 1079 1080
f 1009 1080 1081
f 1009 1081 1082
f 1009 1082 1083
f 1009 1083 1010
f 1010 1084 1016
f 1010 1016 1011
f 1010 1083 1082
f 1010 1082 1085
f 1010 1085 1086
f 1010 1086 1084
f 1013 1017 1087
f 1013 1087 1088
f 1013 1088 1089
f 1013 1089 1090
f 1013 1090 1091
f 1013 1091 1015
f 1013 1015 1014
f 1015 1091 1092
f 1016 1084 1086
f 1016 1086 1093
f 1016 1093 1094
f 1016 1094 1095
f 1016 1095 1017
f 1017 1095 1096
f 1017 1096 1097
f 1017 1097 1087
f 1018 1098 1019
f 1019 1098 1099
f 1019 1099 1021
f 1019 1021 1020
f 1021 1099 1100
f 1021 1100 1022
f 1022 1100 1023
f 1023 1100 1101
f 1023 1101 1102
f 1023 1102 1103
f 1023 1103 1024
f 1024 1103 1025
f 1025 1103 1104
f 1025 1104 1105
f 1025 1105 1027
f 1025 1027 1026
f 1027 1106 1028
f 1027 1105 1107
f 1027 1107 1106
f 1028 1106 1029
f 1029 1108 1032
f 1029 1032 1030
f 1029 1106 1108
f 1030 1032 1031
f 1032 1108 1109
f 1032 1109 1033
f 1033 1110 1034
f 1033 1109 1110
f 1034 1110 1111
f 1034 1111 1036
f 1035 1036 1037
f 1036 1111 1112
f 1036 1112 1037
f 1037 1112 1113
f 1037 1113 1038
f 1038 1113 1039
f 1039 1113 1114
f 1039 1114 1040
f 1040 1115 1041
f 1040 1114 1115
f 1041 1115 1116
f 1041 1116 1042
f 1042 1116 1056
f 1044 1117 1045
f 1044 1059 1118
f 1044 1118 1117
f 1045 1117 1119
f 1045 1119 1046
f 1046 1048 1047
f 1046 1119 1120
f 1046 1120 1121
f 1046 1121 1048
f 1048 1121 1122
f 1048 1122 1123
f 1048 1123 1049
f 1049 1123 1050
f 1050 1123 1124
f 1050 1124 1052
f 1051 1052 1125
f 1051 1125 1053
f 1052 1124 1126
f 1052 1126 1125
f 1053 1125 1054
f 1054 1125 1127
f 1054 1127 1055
f 1055 1127 1060
f 1056 1116 1057
f 1057 1116 1128
f 1057 1128 1058
f 1058 1128 1059
f 1059 1128 1118
f 1060 1127 1061
f 1061 1127 1129
f 1061 1129 1062
f 1062 1129 1130
f 1062 1130 1131
f 1062 1131 1063
f 1063 1131 1132
f 1063 1132 1064
f 1064 1132 1065
f 1065 1132 1133
f 1065 1133 1067
f 1066 1067 1134
f 1066 1134 1068
f 1067 1133 1135
f 1067 1135 1136
f 1067 1136 1137
f 1067 1137 1138
f 1067 1138 1139
f 1067 1139 1134
f 1068 1134 1140
f 1068 1140 1069
f 1069 1140 1141
f 1069 1141 1070
f 1070 1141 1142
f 1070 1142 1071
f 1071 1142 1143
f 1071 1143 1144
f 1071 1144 1072
f 1073 1145 1074
f 1074 1146 1147
f 1074 1147 1075
f 1074 1145 1148
f 1074 1148 1149
f 1074 1149 1146
f 1075 1147 1076
f 1076 1147 1150
f 1076 1150 1151
f 1076 1151 1077
f 1077 1151 1078
f 1078 1151 1152
f 1078 1152 1153
f 1078 1153 1154
f 1078 1154 1079
f 1079 1154 1080
f 1080 1153 1155
f 1080 1155 1156
f 1080 1156 1082
f 1080 1082 1081
f 1080 1154 1153
f 1082 1086 1085
f 1082 1156 1157
f 1082 1157 1086
f 1086 1157 1158
f 1086 1158 1159
f 1086 1159 1094
f 1086 1094 1093
f 1087 1097 1088
f 1088 1097 1160
f 1088 1160 1161
f 1088 1161 1162
f 1088 1162 1090
f 1088 1090 1089
f 1090 1163 1092
f 1090 1092 1091
f 1090 1162 1161
f 1090 1161 1164
f 1090 1164 1163
f 1094 1096 1095
f 1094 1159 1165
f 1094 1165 1166
f 1094 1166 1097
f 1094 1097 1096
f 1097 1166 1167
f 1097 1167 1168
f 1097 1168 1169
f 1097 1169 1170
f 1097 1170 1160
f 1098 1171 1099
f 1099 1171 1172
f 1099 1172 1173
f 1099 1173 1101
f 1099 1101 1100
f 1101 1173 1174
f 1101 1174 1175
f 1101 1175 1102
f 1102 1175 1176
f 1102 1176 1177
f 1102 1177 1103
f 1103 1177 1104
f 1104 1177 1178
f 1104 1178 1179
f 1104 1179 1105
f 1105 1179 1180
f 1105 1180 1107
f 1106 1107 1181
f 1106 1181 1182
f 1106 1182 1108
f 1107 1180 1181
f 1108 1182 1109
f 1109 1182 1183
f 1109 1183 1184
f 1109 1184 1110
f 1110 1184 1185
f 1110 1185 1111
f 1111 1185 1186
f 1111 1186 1112
f 1112 1186 1187
f 1112 1187 1113
f 1113 1187 1188
f 1113 1188 1114
f 1114 1188 1189
f 1114 1189 1190
f 1114 1190 1115
f 1115 1191 1116
f 1115 1190 1192
f 1115 1192 1193
f 1115 1193 1191
f 1116 1191 1193
f 1116 1193 1194
f 1116 1194 1128
f 1117 1118 1195
f 1117 1195 1196
f 1117 1196 1119
f 1118 1128 1197
f 1118 1197 1195
f 1119 1196 1120
f 1120 1196 1198
f 1120 1198 1121
f 1121 1198 1122
f 1122 1198 1199
f 1122 1199 1123
f 1123 1199 1124
f 1124 1199 1126
f 1125 1126 1200
f 1125 1200 1201
f 1125 1201 1127
f 1126 1199 1202
f 1126 1202 1203
f 1126 1203 1204
f 1126 1204 1200
f 1127 1201 1205
f 1127 1205 1129
f 1128 1194 1206
f 1128 1206 1197
f 1129 1205 1130
f 1130 1207 1208
f 1130 1208 1131
f 1130 1205 1207
f 1131 1208 1209
f 1131 1209 1132
f 1132 1209 1210
f 1132 1210 1133
f 1133 1210 1135
f 1134 1139 1140
f 1135 1210 1211
f 1135 1211 1212
f 1135 1212 1136
f 1136 1212 1213
f 1136 1213 1137
f 1137 1213 1138
f 1138 1213 1214
f 1138 1214 1139
f 1139 1214 1215
f 1139 1215 1140
f 1140 1215 1141
f 1141 1215 1216
f 1141 1216 1142
f 1142 1216 1217
f 1142 1217 1218
f 1142 1218 1143
f 1146 1149 1219
f 1146 1219 1220
f 1146 1220 1147
f 1147 1220 1150
f 1148 1221 1149
f 1149 1222 1219
f 1149 1221 1222
f 1150 1220 1151
f 1151 1220 1219
f 1151 1219 1223
f 1151 1223 1224
f 1151 1224 1153
f 1151 1153 1152
f 1153 1224 1225
f 1153 1225 1226
f 1153 1226 1227
f 1153 1227 1228
f 1153 1228 1155
f 1155 1228 1229
f 1155 1229 1230
f 1155 1230 1231
f 1155 1231 1156
f 1156 1231 1230
f 1156 1230 1232
f 1156 1232 1233
f 1156 1233 1157
f 1157 1233 1234
f 1157 1234 1235
f 1157 1235 1158
f 1158 1235 1236
f 1158 1236 1237
f 1158 1237 1159
f 1159 1237 1165
f 1160 1170 1238
f 1160 1238 1239
f 1160 1239 1240
f 1160 1240 1161
f 1161 1241 1164
f 1161 1240 1242
f 1161 1242 1241
f 1164 1241 1243
f 1165 1237 1167
f 1165 1167 1166
f 1167 1169 1168
f 1167 1237 1244
f 1167 1244 1245
f 1167 1245 1246
f 1167 1246 1169
f 1169 1239 1238
f 1169 1238 1170
f 1169 1246 1247
f 1169 1247 1248
f 1169 1248 1249
f 1169 1249 1239
f 1173 1250 1174
f 1174 1250 1251
f 1174 1251 1175
f 1175 1251 1252
f 1175 1252 1176
f 1176 1252 1253
f 1176 1253 1254
f 1176 1254 1177
f 1177 1254 1178
f 1178 1254 1255
f 1178 1255 1256
f 1178 1256 1257
f 1178 1257 1179
f 1179 1257 1180
f 1180 1257 1258
f 1180 1258 1181
f 1181 1183 1182
f 1181 1258 1259
f 1181 1259 1183
f 1183 1259 1260
f 1183 1260 1261
f 1183 1261 1184
f 1184 1261 1262
f 1184 1262 1263
f 1184 1263 1185
f 1185 1263 1186
f 1186 1263 1187
f 1187 1263 1264
f 1187 1264 1265
f 1187 1265 1188
f 1188 1265 1189
f 1189 1266 1190
f 1189 1265 1267
f 1189 1267 1266
f 1190 1266 1192
f 1192 1266 1268
f 1192 1268 1193
f 1193 1206 1194
f 1193 1268 1269
f 1193 1269 1206
f 1195 1270 1198
f 1195 1198 1196
f 1195 1197 1271
f 1195 1271 1272
f 1195 1272 1273
f 1195 1273 1270
f 1197 1274 1275
f 1197 1275 1276
f 1197 1276 1271
f 1197 1206 1274
f 1198 1277 1199
f 1198 1270 1277
f 1199 1277 1278
f 1199 1278 1202
f 1200 1204 1279
f 1200 1279 1280
f 1200 1280 1201
f 1201 1280 1205
f 1202 1278 1203
f 1203 1278 1281
f 1203 1281 1282
f 1203 1282 1283
f 1203 1283 1204
f 1204 1283 1279
f 1205 1280 1207
f 1206 1269 1284
f 1206 1284 1274
f 1207 1280 1285
f 1207 1285 1208
f 1208 1285 1286
f 1208 1286 1287
f 1208 1287 1209
f 1209 1287 1288
f 1209 1288 1210
f 1210 1288 1211
f 1211 1289 1212
f 1211 1288 1289
f 1212 1289 1290
f 1212 1290 1291
f 1212 1291 1213
f 1213 1291 1292
f 1213 1292 1293
f 1213 1293 1214
f 1214 1293 1294
f 1214 1294 1295
f 1214 1295 1215
f 1215 1295 1216
f 1216 1295 1217
f 1217 1296 1297
f 1217 1297 1298
f 1217 1298 1299
f 1217 1299 1218
f 1217 1295 1296
f 1219 1222 1300
f 1219 1300 1301
f 1219 1301 1302
f 1219 1302 1223
f 1221 1303 1222
f 1222 1303 1304
f 1222 1304 1305
f 1222 1305 1306
f 1222 1306 1307
f 1222 1307 1301
f 1222 1301 1300
f 1223 1302 1225
f 1223 1225 1224
f 1225 1302 1301
f 1225 1301 1308
f 1225 1308 1226
f 1226 1308 1309
f 1226 1309 1310
f 1226 1310 1227
f 1227 1310 1311
f 1227 1311 1228
f 1228 1311 1229
f 1229 1311 1230
f 1230 1234 1232
f 1230 1311 1312
f 1230 1312 1313
f 1230 1313 1314
f 1230 1314 1315
f 1230 1315 1316
f 1230 1316 1317
f 1230 1317 1234
f 1232 1234 1233
f 1234 1236 1235
f 1234 1317 1316
f 1234 1316 1318
f 1234 1318 1319
f 1234 1319 1236
f 1236 1319 1320
f 1236 1320 1321
f 1236 1321 1322
f 1236 1322 1323
f 1236 1323 1244
f 1236 1244 1237
f 1239 1324 1240
f 1239 1249 1248
f 1239 1248 1325
f 1239 1325 1326
f 1239 1326 1327
f 1239 1327 1328
f 1239 1328 1324
f 1240 1324 1242
f 1241 1242 1329
f 1241 1329 1243
f 1242 1324 1330
f 1242 1330 1329
f 1244 1323 1322
f 1244 1322 1331
f 1244 1331 1332
f 1244 1332 1245
f 1245 1333 1246
f 1245 1332 1333
f 1246 1333 1247
f 1247 1333 1332
f 1247 1332 1334
f 1247 1334 1335
f 1247 1335 1336
f 1247 1336 1337
f 1247 1337 1248
f 1248 1337 1338
f 1248 1338 1326
f 1248 1326 1325
f 1251 1339 1252
f 1252 1339 1340
f 1252 1340 1253
f 1253 1340 1341
f 1253 1341 1342
f 1253 1342 1254
f 1254 1342 1255
f 1255 1342 1343
f 1255 1343 1344
f 1255 1344 1256
f 1256 1344 1345
f 1256 1345 1257
f 1257 1345 1346
f 1257 1346 1347
f 1257 1347 1258
f 1258 1347 1259
f 1259 1347 1260
f 1260 1348 1261
f 1260 1347 1349
f 1260 1349 1350
f 1260 1350 1348
f 1261 1348 1262
f 1262 1348 1263
f 1263 1348 1351
f 1263 1351 1352
f 1263 1352 1353
f 1263 1353 1265
f 1263 1265 1264
f 1265 1353 1267
f 1266 1354 1268
f 1266 1267 1355
f 1266 1355 1356
f 1266 1356 1357
f 1266 1357 1354
f 1267 1353 1358
f 1267 1358 1359
f 1267 1359 1355
f 1268 1354 1269
f 1269 1354 1284
f 1270 1273 1360
f 1270 1360 1361
f 1270 1361 1362
f 1270 1362 1278
f 1270 1278 1277
f 1271 1276 1272
f 1272 1276 1363
f 1272 1363 1364
f 1272 1364 1273
f 1273 1364 1360
f 1274 1284 1365
f 1274 1365 1275
f 1275 1365 1366
f 1275 1366 1276
f 1276 1366 1367
f 1276 1367 1363
f 1278 1362 1281
f 1279 1283 1368
f 1279 1368 1285
f 1279 1285 1280
f 1281 1362 1369
f 1281 1369 1370
f 1281 1370 1282
f 1282 1370 1283
f 1283 1370 1368
f 1284 1354 1371
f 1284 1371 1365
f 1285 1368 1286
f 1286 1368 1370
f 1286 1370 1372
f 1286 1372 1373
f 1286 1373 1374
f 1286 1374 1287
f 1287 1374 1375
f 1287 1375 1288
f 1288 1375 1289
f 1289 1375 1376
f 1289 1376 1377
f 1289 1377 1378
f 1289 1378 1290
f 1290 1378 1379
f 1290 1379 1291
f 1291 1379 1292
f 1292 1379 1380
f 1292 1380 1381
f 1292 1381 1382
f 1292 1382 1383
f 1292 1383 1293
f 1293 1383 1384
f 1293 1384 1385
f 1293 1385 1294
f 1294 1385 1295
f 1295 1385 1296
f 1296 1385 1297
f 1297 1386 1298
f 1297 1385 1387
f 1297 1387 1388
f 1297 1388 1389
f 1297 1389 1386
f 1298 1386 1390
f 1298 1390 1299
f 1301 1307 1306
f 1301 1306 1391
f 1301 1391 1392
f 1301 1392 1393
f 1301 1393 1394
f 1301 1394 1308
f 1305 1395 1306
f 1306 1395 1396
f 1306 1396 1397
f 1306 1397 1398
f 1306 1398 1391
f 1308 1394 1399
f 1308 1399 1309
f 1309 1399 1310
f 1310 1399 1311
f 1311 1399 1400
f 1311 1400 1401
f 1311 1401 1402
f 1311 1402 1313
f 1311 1313 1312
f 1313 1401 1403
f 1313 1403 1404
f 1313 1404 1405
f 1313 1405 1315
f 1313 1315 1314
f 1313 1402 1401
f 1315 1405 1406
f 1315 1406 1316
f 1316 1406 1407
f 1316 1407 1320
f 1316 1320 1318
f 1318 1320 1319
f 1320 1407 1408
f 1320 1408 1409
f 1320 1409 1322
f 1320 1322 1321
f 1322 1409 1410
f 1322 1410 1411
f 1322 1411 1412
f 1322 1412 1413
f 1322 1413 1332
f 1322 1332 1331
f 1324 1328 1414
f 1324 1414 1330
f 1326 1338 1415
f 1326 1415 1416
f 1326 1416 1417
f 1326 1417 1418
f 1326 1418 1419
f 1326 1419 1328
f 1326 1328 1327
f 1328 1419 1414
f 1332 1413 1412
f 1332 1412 1420
f 1332 1420 1421
f 1332 1421 1334
f 1334 1421 1335
f 1335 1421 1336
f 1336 1422 1423
f 1336 1423 1424
f 1336 1424 1425
f 1336 1425 1337
f 1336 1421 1426
f 1336 1426 1422
f 1337 1425 1338
f 1338 1425 1415
f 1340 1427 1341
f 1341 1428 1342
f 1341 1427 1429
f 1341 1429 1430
f 1341 1430 1428
f 1342 1428 1431
f 1342 1431 1343
f 1343 1431 1432
f 1343 1432 1344
f 1344 1432 1433
f 1344 1433 1345
f 1345 1433 1434
f 1345 1434 1346
f 1346 1349 1347
f 1346 1434 1435
f 1346 1435 1436
f 1346 1436 1349
f 1348 1350 1437
f 1348 1437 1438
f 1348 1438 1351
f 1349 1436 1439
f 1349 1439 1437
f 1349 1437 1350
f 1351 1438 1440
f 1351 1440 1441
f 1351 1441 1352
f 1352 1441 1442
f 1352 1442 1353
f 1353 1442 1358
f 1354 1357 1443
f 1354 1443 1371
f 1355 1359 1356
f 1356 1359 1444
f 1356 1444 1445
f 1356 1445 1443
f 1356 1443 1357
f 1358 1442 1446
f 1358 1446 1447
f 1358 1447 1359
f 1359 1447 1444
f 1360 1364 1448
f 1360 1448 1449
f 1360 1449 1450
f 1360 1450 1361
f 1361 1450 1362
f 1362 1450 1449
f 1362 1449 1451
f 1362 1451 1452
f 1362 1452 1369
f 1363 1367 1453
f 1363 1453 1364
f 1364 1453 1449
f 1364 1449 1448
f 1365 1371 1454
f 1365 1454 1366
f 1366 1454 1367
f 1367 1454 1455
f 1367 1455 1456
f 1367 1456 1457
f 1367 1457 1458
f 1367 1458 1453
f 1369 1452 1459
f 1369 1459 1370
f 1370 1459 1460
f 1370 1460 1372
f 1371 1443 1454
f 1372 1460 1461
f 1372 1461 1373
f 1373 1376 1374
f 1373 1461 1462
f 1373 1462 1376
f 1374 1376 1375
f 1376 1462 1377
f 1377 1462 1463
f 1377 1463 1464
f 1377 1464 1465
f 1377 1465 1466
f 1377 1466 1378
f 1378 1466 1379
f 1379 1466 1467
f 1379 1467 1468
f 1379 1468 1380
f 1380 1468 1469
f 1380 1469 1381
f 1381 1469 1470
f 1381 1470 1382
f 1382 1387 1384
f 1382 1384 1383
f 1382 1470 1471
f 1382 1471 1472
f 1382 1472 1387
f 1384 1387 1385
f 1387 1472 1473
f 1387 1473 1388
f 1388 1473 1474
f 1388 1474 1475
f 1388 1475 1389
f 1391 1398 1392
f 1392 1397 1476
f 1392 1476 1477
f 1392 1477 1393
f 1392 1398 1397
f 1393 1477 1394
f 1394 1477 1399
f 1396 1478 1397
f 1397 1478 1479
f 1397 1479 1476
f 1399 1477 1480
f 1399 1480 1481
f 1399 1481 1482
f 1399 1482 1401
f 1399 1401 1400
f 1401 1481 1483
f 1401 1483 1484
f 1401 1484 1403
f 1401 1482 1481
f 1403 1484 1485
f 1403 1485 1404
f 1404 1485 1486
f 1404 1486 1405
f 1405 1486 1406
f 1406 1486 1487
f 1406 1487 1488
f 1406 1488 1408
f 1406 1408 1407
f 1408 1488 1489
f 1408 1489 1410
f 1408 1410 1409
f 1410 1489 1490
f 1410 1490 1412
f 1410 1412 1411
f 1412 1421 1420
f 1412 1490 1491
f 1412 1491 1492
f 1412 1492 1421
f 1414 1419 1493
f 1415 1425 1416
f 1416 1425 1494
f 1416 1494 1495
f 1416 1495 1496
f 1416 1496 1418
f 1416 1418 1417
f 1418 1497 1493
f 1418 1493 1419
f 1418 1496 1498
f 1418 1498 1499
f 1418 1499 1497
f 1421 1492 1426
f 1422 1426 1423
f 1423 1426 1500
f 1423 1500 1501
f 1423 1501 1502
f 1423 1502 1503
f 1423 1503 1504
f 1423 1504 1424
f 1424 1504 1494
f 1424 1494 1425
f 1426 1492 1505
f 1426 1505 1506
f 1426 1506 1507
f 1426 1507 1501
f 1426 1501 1500
f 1428 1430 1431
f 1429 1508 1430
f 1430 1508 1509
f 1430 1509 1510
f 1430 1510 1511
f 1430 1511 1431
f 1431 1512 1432
f 1431 1511 1513
f 1431 1513 1514
f 1431 1514 1512
f 1432 1512 1515
f 1432 1515 1433
f 1433 1515 1434
f 1434 1515 1435
f 1435 1515 1516
f 1435 1516 1517
f 1435 1517 1518
f 1435 1518 1436
f 1436 1518 1439
f 1437 1519 1438
f 1437 1439 1520
f 1437 1520 1521
f 1437 1521 1519
f 1438 1519 1440
f 1439 1518 1520
f 1440 1519 1441
f 1441 1522 1442
f 1441 1519 1522
f 1442 1522 1446
f 1443 1523 1454
f 1443 1445 1524
f 1443 1524 1523
f 1444 1447 1525
f 1444 1525 1526
f 1444 1526 1445
f 1445 1526 1524
f 1446 1522 1527
f 1446 1527 1528
f 1446 1528 1447
f 1447 1528 1525
f 1449 1452 1451
f 1449 1453 1529
f 1449 1529 1530
f 1449 1530 1531
f 1449 1531 1452
f 1452 1460 1459
f 1452 1531 1532
f 1452 1532 1533
f 1452 1533 1534
f 1452 1534 1460
f 1453 1458 1535
f 1453 1535 1529
f 1454 1523 1536
f 1454 1536 1455
f 1455 1536 1537
f 1455 1537 1456
f 1456 1537 1538
f 1456 1538 1457
f 1457 1538 1539
f 1457 1539 1540
f 1457 1540 1535
f 1457 1535 1458
f 1460 1534 1541
f 1460 1541 1461
f 1461 1541 1463
f 1461 1463 1462
f 1463 1541 1533
f 1463 1533 1542
f 1463 1542 1543
f 1463 1543 1464
f 1464 1543 1544
f 1464 1544 1465
f 1465 1544 1545
f 1465 1545 1466
f 1466 1545 1467
f 1467 1545 1468
f 1468 1545 1546
f 1468 1546 1547
f 1468 1547 1548
f 1468 1548 1469
f 1469 1548 1470
f 1470 1548 1471
f 1471 1548 1549
f 1471 1549 1550
f 1471 1550 1551
f 1471 1551 1472
f 1472 1551 1473
f 1473 1551 1474
f 1474 1551 1552
f 1474 1552 1553
f 1474 1553 1554
f 1474 1554 1555
f 1474 1555 1475
f 1476 1479 1556
f 1476 1556 1557
f 1476 1557 1477
f 1477 1557 1558
f 1477 1558 1481
f 1477 1481 1480
f 1478 1559 1560
f 1478 1560 1479
f 1479 1560 1561
f 1479 1561 1556
f 1481 1558 1562
f 1481 1562 1563
f 1481 1563 1564
f 1481 1564 1483
f 1483 1564 1565
f 1483 1565 1484
f 1484 1565 1566
f 1484 1566 1485
f 1485 1566 1567
f 1485 1567 1486
f 1486 1567 1568
f 1486 1568 1569
f 1486 1569 1487
f 1487 1569 1489
f 1487 1489 1488
f 1489 1569 1570
f 1489 1570 1571
f 1489 1571 1572
f 1489 1572 1573
f 1489 1573 1490
f 1490 1573 1574
f 1490 1574 1491
f 1491 1574 1492
f 1492 1575 1576
f 1492 1576 1505
f 1492 1574 1575
f 1494 1504 1495
f 1495 1577 1578
f 1495 1578 1579
f 1495 1579 1580
f 1495 1580 1581
f 1495 1581 1582
f 1495 1582 1496
f 1495 1504 1577
f 1496 1583 1498
f 1496 1582 1584
f 1496 1584 1585
f 1496 1585 1583
f 1501 1586 1502
f 1501 1507 1506
f 1501 1506 1587
f 1501 1587 1588
f 1501 1588 1589
f 1501 1589 1590
f 1501 1590 1591
f 1501 1591 1586
f 1502 1586 1503
f 1503 1577 1504
f 1503 1586 1592
f 1503 1592 1577
f 1505 1576 1506
f 1506 1576 1593
f 1506 1593 1594
f 1506 1594 1595
f 1506 1595 1588
f 1506 1588 1587
f 1509 1596 1597
f 1509 1597 1510
f 1510 1597 1598
f 1510 1598 1599
f 1510 1599 1513
f 1510 1513 1511
f 1512 1600 1515
f 1512 1514 1600
f 1513 1599 1601
f 1513 1601 1514
f 1514 1601 1602
f 1514 1602 1603
f 1514 1603 1600
f 1515 1600 1516
f 1516 1600 1604
f 1516 1604 1517
f 1517 1604 1518
f 1518 1604 1605
f 1518 1605 1606
f 1518 1606 1607
f 1518 1607 1520
f 1519 1521 1607
f 1519 1607 1608
f 1519 1608 1609
f 1519 1609 1527
f 1519 1527 1522
f 1520 1607 1521
f 1523 1524 1610
f 1523 1610 1536
f 1524 1526 1611
f 1524 1611 1610
f 1525 1528 1612
f 1525 1612 1613
f 1525 1613 1526
f 1526 1613 1611
f 1527 1609 1614
f 1527 1614 1615
f 1527 1615 1528
f 1528 1615 1612
f 1529 1535 1616
f 1529 1616 1530
f 1530 1616 1617
f 1530 1617 1618
f 1530 1618 1531
f 1531 1618 1619
f 1531 1619 1532
f 1532 1619 1533
f 1533 1541 1534
f 1533 1619 1620
f 1533 1620 1542
f 1535 1540 1616
f 1536 1610 1621
f 1536 1621 1622
f 1536 1622 1623
f 1536 1623 1537
f 1537 1623 1538
f 1538 1623 1539
f 1539 1623 1624
f 1539 1624 1625
f 1539 1625 1626
f 1539 1626 1540
f 1540 1626 1616
f 1542 1620 1543
f 1543 1620 1627
f 1543 1627 1628
f 1543 1628 1544
f 1544 1628 1629
f 1544 1629 1545
f 1545 1629 1630
f 1545 1630 1546
f 1546 1630 1547
f 1547 1630 1631
f 1547 1631 1548
f 1548 1631 1632
f 1548 1632 1633
f 1548 1633 1634
f 1548 1634 1635
f 1548 1635 1549
f 1549 1635 1550
f 1550 1636 1551
f 1550 1635 1637
f 1550 1637 1636
f 1551 1636 1552
f 1552 1636 1553
f 1553 1638 1639
f 1553 1639 1554
f 1553 1636 1638
f 1554 1639 1640
f 1556 1561 1558
f 1556 1558 1557
f 1558 1561 1641
f 1558 1641 1642
f 1558 1642 1563
f 1558 1563 1562
f 1559 1643 1560
f 1560 1643 1644
f 1560 1644 1645
f 1560 1645 1561
f 1561 1645 1646
f 1561 1646 1641
f 1563 1647 1648
f 1563 1648 1649
f 1563 1649 1650
f 1563 1650 1565
f 1563 1565 1564
f 1563 1642 1647
f 1565 1650 1651
f 1565 1651 1566
f 1566 1651 1652
f 1566 1652 1653
f 1566 1653 1654
f 1566 1654 1567
f 1567 1654 1653
f 1567 1653 1655
f 1567 1655 1568
f 1568 1655 1656
f 1568 1656 1569
f 1569 1656 1657
f 1569 1657 1570
f 1570 1657 1571
f 1571 1657 1658
f 1571 1658 1659
f 1571 1659 1660
f 1571 1660 1661
f 1571 1661 1574
f 1571 1574 1572
f 1572 1574 1573
f 1574 1661 1575
f 1575 1661 1662
f 1575 1662 1593
f 1575 1593 1576
f 1577 1592 1578
f 1578 1592 1579
f 1579 1663 1580
f 1579 1592 1664
f 1579 1664 1665
f 1579 1665 1666
f 1579 1666 1667
f 1579 1667 1663
f 1580 1663 1581
f 1581 1668 1669
f 1581 1669 1584
f 1581 1584 1582
f 1581 1663 1670
f 1581 1670 1668
f 1586 1591 1671
f 1586 1671 1592
f 1588 1595 1672
f 1588 1672 1673
f 1588 1673 1674
f 1588 1674 1675
f 1588 1675 1590
f 1588 1590 1589
f 1590 1675 1674
f 1590 1674 1676
f 1590 1676 1677
f 1590 1677 1671
f 1590 1671 1591
f 1592 1671 1678
f 1592 1678 1665
f 1592 1665 1664
f 1593 1679 1680
f 1593 1680 1594
f 1593 1662 1679
f 1594 1680 1595
f 1595 1680 1681
f 1595 1681 1682
f 1595 1682 1683
f 1595 1683 1684
f 1595 1684 1673
f 1595 1673 1672
f 1596 1685 1597
f 1597 1685 1686
f 1597 1686 1598
f 1598 1686 1687
f 1598 1687 1688
f 1598 1688 1599
f 1599 1688 1689
f 1599 1689 1602
f 1599 1602 1601
f 1600 1603 1690
f 1600 1690 1691
f 1600 1691 1604
f 1602 1689 1692
f 1602 1692 1693
f 1602 1693 1690
f 1602 1690 1603
f 1604 1691 1694
f 1604 1694 1695
f 1604 1695 1605
f 1605 1695 1696
f 1605 1696 1606
f 1606 1697 1607
f 1606 1696 1698
f 1606 1698 1699
f 1606 1699 1700
f 1606 1700 1701
f 1606 1701 1702
f 1606 1702 1697
f 1607 1697 1703
f 1607 1703 1608
f 1608 1703 1704
f 1608 1704 1614
f 1608 1614 1609
f 1610 1611 1621
f 1611 1613 1621
f 1612 1615 1705
f 1612 1705 1706
f 1612 1706 1613
f 1613 1706 1707
f 1613 1707 1621
f 1614 1704 1708
f 1614 1708 1709
f 1614 1709 1705
f 1614 1705 1615
f 1616 1626 1617
f 1617 1626 1710
f 1617 1710 1618
f 1618 1710 1619
f 1619 1710 1620
f 1620 1710 1711
f 1620 1711 1712
f 1620 1712 1713
f 1620 1713 1627
f 1621 1623 1622
f 1621 1707 1714
f 1621 1714 1715
f 1621 1715 1623
f 1623 1715 1716
f 1623 1716 1717
f 1623 1717 1624
f 1624 1717 1718
f 1624 1718 1719
f 1624 1719 1720
f 1624 1720 1721
f 1624 1721 1625
f 1625 1721 1626
f 1626 1721 1722
f 1626 1722 1710
f 1627 1713 1628
f 1628 1713 1629
f 1629 1713 1723
f 1629 1723 1724
f 1629 1724 1725
f 1629 1725 1726
f 1629 1726 1727
f 1629 1727 1630
f 1630 1727 1726
f 1630 1726 1728
f 1630 1728 1631
f 1631 1728 1632
f 1632 1728 1726
f 1632 1726 1729
f 1632 1729 1730
f 1632 1730 1633
f 1633 1730 1731
f 1633 1731 1732
f 1633 1732 1634
f 1634 1732 1635
f 1635 1732 1733
f 1635 1733 1637
f 1636 1637 1734
f 1636 1734 1638
f 1637 1733 1734
f 1638 1734 1639
f 1639 1734 1735
f 1639 1735 1736
f 1639 1736 1737
f 1639 1737 1738
f 1639 1738 1640
f 1641 1646 1647
f 1641 1647 1642
f 1643 1739 1644
f 1644 1739 1740
f 1644 1740 1741
f 1644 1741 1645
f 1645 1741 1742
f 1645 1742 1646
f 1646 1742 1647
f 1647 1742 1743
f 1647 1743 1744
f 1647 1744 1745
f 1647 1745 1648
f 1648 1745 1649
f 1649 1745 1746
f 1649 1746 1650
f 1650 1746 1651
f 1651 1746 1747
f 1651 1747 1652
f 1652 1747 1653
f 1653 1747 1748
f 1653 1748 1749
f 1653 1749 1750
f 1653 1750 1751
f 1653 1751 1752
f 1653 1752 1656
f 1653 1656 1655
f 1656 1752 1753
f 1656 1753 1754
f 1656 1754 1755
f 1656 1755 1658
f 1656 1658 1657
f 1658 1755 1756
f 1658 1756 1659
f 1659 1756 1757
f 1659 1757 1758
f 1659 1758 1660
f 1660 1758 1662
f 1660 1662 1661
f 1662 1758 1679
f 1663 1667 1759
f 1663 1759 1670
f 1665 1678 1671
f 1665 1671 1760
f 1665 1760 1761
f 1665 1761 1762
f 1665 1762 1763
f 1665 1763 1666
f 1666 1763 1764
f 1666 1764 1765
f 1666 1765 1667
f 1667 1765 1766
f 1667 1766 1767
f 1667 1767 1768
f 1667 1768 1759
f 1671 1677 1760
f 1673 1684 1683
f 1673 1683 1769
f 1673 1769 1770
f 1673 1770 1771
f 1673 1771 1772
f 1673 1772 1674
f 1674 1773 1774
f 1674 1774 1775
f 1674 1775 1676
f 1674 1772 1773
f 1676 1775 1677
f 1677 1775 1776
f 1677 1776 1760
f 1679 1758 1757
f 1679 1757 1777
f 1679 1777 1778
f 1679 1778 1681
f 1679 1681 1680
f 1681 1778 1682
f 1682 1778 1779
f 1682 1779 1780
f 1682 1780 1769
f 1682 1769 1683
f 1686 1781 1687
f 1687 1781 1782
f 1687 1782 1688
f 1688 1782 1783
f 1688 1783 1689
f 1689 1783 1692
f 1690 1694 1691
f 1690 1693 1784
f 1690 1784 1785
f 1690 1785 1694
f 1692 1783 1786
f 1692 1786 1693
f 1693 1786 1784
f 1694 1785 1787
f 1694 1787 1698
f 1694 1698 1695
f 1695 1698 1696
f 1697 1702 1703
f 1698 1700 1699
f 1698 1787 1788
f 1698 1788 1789
f 1698 1789 1700
f 1700 1789 1790
f 1700 1790 1791
f 1700 1791 1701
f 1701 1791 1792
f 1701 1792 1793
f 1701 1793 1794
f 1701 1794 1702
f 1702 1794 1795
f 1702 1795 1796
f 1702 1796 1708
f 1702 1708 1704
f 1702 1704 1703
f 1705 1709 1797
f 1705 1797 1798
f 1705 1798 1799
f 1705 1799 1706
f 1706 1799 1707
f 1707 1799 1714
f 1708 1796 1709
f 1709 1796 1797
f 1710 1722 1800
f 1710 1800 1801
f 1710 1801 1711
f 1711 1801 1712
f 1712 1801 1713
f 1713 1801 1802
f 1713 1802 1803
f 1713 1803 1724
f 1713 1724 1723
f 1714 1799 1804
f 1714 1804 1805
f 1714 1805 1716
f 1714 1716 1715
f 1716 1805 1804
f 1716 1804 1806
f 1716 1806 1717
f 1717 1806 1807
f 1717 1807 1718
f 1718 1807 1719
f 1719 1807 1808
f 1719 1808 1809
f 1719 1809 1810
f 1719 1810 1811
f 1719 1811 1812
f 1719 1812 1720
f 1720 1812 1721
f 1721 1812 1813
f 1721 1813 1722
f 1722 1813 1800
f 1724 1814 1815
f 1724 1815 1726
f 1724 1726 1725
f 1724 1803 1814
f 1726 1815 1816
f 1726 1816 1729
f 1729 1816 1730
f 1730 1816 1817
f 1730 1817 1731
f 1731 1817 1818
f 1731 1818 1819
f 1731 1819 1820
f 1731 1820 1732
f 1732 1820 1733
f 1733 1820 1821
f 1733 1821 1734
f 1734 1821 1822
f 1734 1822 1735
f 1735 1822 1736
f 1736 1823 1737
f 1736 1822 1824
f 1736 1824 1825
f 1736 1825 1823
f 1740 1826 1827
f 1740 1827 1741
f 1741 1827 1828
f 1741 1828 1742
f 1742 1828 1829
f 1742 1829 1830
f 1742 1830 1831
f 1742 1831 1743
f 1743 1831 1744
f 1744 1831 1745
f 1745 1831 1832
f 1745 1832 1833
f 1745 1833 1834
f 1745 1834 1835
f 1745 1835 1836
f 1745 1836 1746
f 1746 1836 1837
f 1746 1837 1747
f 1747 1837 1838
f 1747 1838 1748
f 1748 1838 1749
f 1749 1751 1750
f 1749 1838 1839
f 1749 1839 1840
f 1749 1840 1841
f 1749 1841 1842
f 1749 1842 1843
f 1749 1843 1844
f 1749 1844 1751
f 1751 1754 1753
f 1751 1753 1752
f 1751 1844 1845
f 1751 1845 1846
f 1751 1846 1847
f 1751 1847 1754
f 1754 1757 1756
f 1754 1756 1755
f 1754 1847 1846
f 1754 1846 1848
f 1754 1848 1849
f 1754 1849 1850
f 1754 1850 1757
f 1757 1850 1851
f 1757 1851 1777
f 1759 1768 1852
f 1760 1776 1761
f 1761 1776 1762
f 1762 1764 1763
f 1762 1776 1853
f 1762 1853 1854
f 1762 1854 1855
f 1762 1855 1764
f 1764 1855 1856
f 1764 1856 1857
f 1764 1857 1766
f 1764 1766 1765
f 1766 1857 1856
f 1766 1856 1858
f 1766 1858 1859
f 1766 1859 1860
f 1766 1860 1861
f 1766 1861 1767
f 1767 1862 1768
f 1767 1861 1862
f 1768 1862 1852
f 1769 1780 1863
f 1769 1863 1864
f 1769 1864 1865
f 1769 1865 1866
f 1769 1866 1771
f 1769 1771 1770
f 1771 1867 1772
f 1771 1866 1867
f 1772 1867 1868
f 1772 1868 1869
f 1772 1869 1870
f 1772 1870 1871
f 1772 1871 1872
f 1772 1872 1773
f 1773 1872 1774
f 1774 1872 1873
f 1774 1873 1775
f 1775 1873 1874
f 1775 1874 1776
f 1776 1874 1875
f 1776 1875 1853
f 1777 1851 1779
f 1777 1779 1778
f 1779 1849 1876
f 1779 1876 1863
f 1779 1863 1780
f 1779 1851 1849
f 1781 1877 1878
f 1781 1878 1782
f 1782 1878 1879
f 1782 1879 1880
f 1782 1880 1783
f 1783 1880 1881
f 1783 1881 1882
f 1783 1882 1786
f 1784 1786 1883
f 1784 1883 1884
f 1784 1884 1885
f 1784 1885 1785
f 1785 1885 1787
f 1786 1882 1883
f 1787 1886 1788
f 1787 1885 1887
f 1787 1887 1888
f 1787 1888 1889
f 1787 1889 1886
f 1788 1886 1789
f 1789 1886 1790
f 1790 1886 1889
f 1790 1889 1890
f 1790 1890 1891
f 1790 1891 1892
f 1790 1892 1792
f 1790 1792 1791
f 1792 1892 1893
f 1792 1893 1894
f 1792 1894 1895
f 1792 1895 1896
f 1792 1896 1793
f 1793 1896 1897
f 1793 1897 1794
f 1794 1897 1795
f 1795 1897 1796
f 1796 1897 1898
f 1796 1898 1797
f 1797 1898 1899
f 1797 1899 1798
f 1798 1899 1900
f 1798 1900 1799
f 1799 1900 1804
f 1800 1813 1801
f 1801 1813 1901
f 1801 1901 1902
f 1801 1902 1802
f 1802 1902 1903
f 1802 1903 1803
f 1803 1903 1814
f 1804 1900 1904
f 1804 1904 1905
f 1804 1905 1906
f 1804 1906 1907
f 1804 1907 1807
f 1804 1807 1806
f 1807 1907 1908
f 1807 1908 1808
f 1808 1908 1909
f 1808 1909 1809
f 1809 1909 1910
f 1809 1910 1810
f 1810 1910 1911
f 1810 1911 1811
f 1811 1902 1901
f 1811 1901 1813
f 1811 1813 1812
f 1811 1911 1912
f 1811 1912 1902
f 1814 1913 1815
f 1814 1903 1913
f 1815 1913 1914
f 1815 1914 1915
f 1815 1915 1916
f 1815 1916 1917
f 1815 1917 1816
f 1816 1917 1918
f 1816 1918 1817
f 1817 1918 1919
f 1817 1919 1818
f 1818 1919 1920
f 1818 1920 1819
f 1819 1920 1921
f 1819 1921 1820
f 1820 1921 1821
f 1821 1921 1822
f 1822 1921 1922
f 1822 1922 1923
f 1822 1923 1824
f 1823 1825 1924
f 1824 1923 1925
f 1824 1925 1825
f 1825 1925 1926
f 1825 1926 1927
f 1825 1927 1928
f 1825 1928 1924
f 1826 1929 1827
f 1827 1929 1930
f 1827 1930 1931
f 1827 1931 1828
f 1828 1931 1829
f 1829 1932 1933
f 1829 1933 1934
f 1829 1934 1935
f 1829 1935 1936
f 1829 1936 1831
f 1829 1831 1830
f 1829 1931 1932
f 1831 1936 1937
f 1831 1937 1832
f 1832 1937 1833
f 1833 1935 1938
f 1833 1938 1939
f 1833 1939 1940
f 1833 1940 1941
f 1833 1941 1835
f 1833 1835 1834
f 1833 1937 1935
f 1835 1941 1942
f 1835 1942 1839
f 1835 1839 1838
f 1835 1838 1837
f 1835 1837 1836
f 1839 1942 1943
f 1839 1943 1840
f 1840 1943 1841
f 1841 1944 1945
f 1841 1945 1946
f 1841 1946 1947
f 1841 1947 1948
f 1841 1948 1843
f 1841 1843 1842
f 1841 1943 1944
f 1843 1948 1949
f 1843 1949 1950
f 1843 1950 1846
f 1843 1846 1845
f 1843 1845 1844
f 1846 1950 1951
f 1846 1951 1952
f 1846 1952 1953
f 1846 1953 1849
f 1846 1849 1848
f 1849 1953 1954
f 1849 1954 1876
f 1849 1851 1850
f 1853 1875 1854
f 1854 1875 1955
f 1854 1955 1956
f 1854 1956 1957
f 1854 1957 1856
f 1854 1856 1855
f 1856 1957 1958
f 1856 1958 1959
f 1856 1959 1960
f 1856 1960 1961
f 1856 1961 1858
f 1858 1961 1859
f 1859 1961 1960
f 1859 1960 1962
f 1859 1861 1860
f 1863 1963 1964
f 1863 1964 1864
f 1863 1876 1963
f 1864 1964 1865
f 1865 1965 1966
f 1865 1966 1967
f 1865 1967 1968
f 1865 1968 1867
f 1865 1867 1866
f 1865 1964 1969
f 1865 1969 1965
f 1867 1968 1970
f 1867 1970 1869
f 1867 1869 1868
f 1869 1970 1971
f 1869 1971 1972
f 1869 1972 1973
f 1869 1973 1974
f 1869 1974 1870
f 1870 1974 1975
f 1870 1975 1976
f 1870 1976 1871
f 1871 1976 1872
f 1872 1976 1977
f 1872 1977 1873
f 1873 1977 1978
f 1873 1978 1979
f 1873 1979 1875
f 1873 1875 1874
f 1875 1979 1978
f 1875 1978 1980
f 1875 1980 1955
f 1876 1954 1963
f 1877 1981 1878
f 1878 1981 1879
f 1879 1981 1982
f 1879 1982 1960
f 1879 1960 1983
f 1879 1983 1881
f 1879 1881 1880
f 1881 1983 1959
f 1881 1959 1984
f 1881 1984 1882
f 1882 1984 1956
f 1882 1956 1985
f 1882 1985 1884
f 1882 1884 1883
f 1884 1887 1885
f 1884 1985 1986
f 1884 1986 1987
f 1884 1987 1887
f 1887 1987 1888
f 1888 1987 1978
f 1888 1978 1889
f 1889 1978 1988
f 1889 1988 1976
f 1889 1976 1989
f 1889 1989 1891
f 1889 1891 1890
f 1891 1989 1975
f 1891 1975 1974
f 1891 1974 1973
f 1891 1973 1893
f 1891 1893 1892
f 1893 1973 1894
f 1894 1973 1990
f 1894 1990 1895
f 1895 1991 1992
f 1895 1992 1896
f 1895 1990 1993
f 1895 1993 1991
f 1896 1992 1897
f 1897 1994 1898
f 1897 1992 1994
f 1898 1994 1899
f 1899 1994 1995
f 1899 1995 1900
f 1900 1995 1905
f 1900 1905 1904
f 1902 1912 1996
f 1902 1996 1903
f 1903 1996 1913
f 1905 1997 1906
f 1905 1995 1994
f 1905 1994 1998
f 1905 1998 1999
f 1905 1999 2000
f 1905 2000 1997
f 1906 1997 1907
f 1907 1997 1908
f 1908 1997 2001
f 1908 2001 1909
f 1909 2001 2002
f 1909 2002 2003
f 1909 2003 1910
f 1910 2004 1911
f 1910 2003 2005
f 1910 2005 2006
f 1910 2006 2004
f 1911 2004 1912
f 1912 2004 1996
f 1913 1996 2004
f 1913 2004 2007
f 1913 2007 2008
f 1913 2008 1914
f 1914 2008 1915
f 1915 2009 2010
f 1915 2010 2011
f 1915 2011 2012
f 1915 2012 2013
f 1915 2013 1916
f 1915 2008 2009
f 1916 2013 1917
f 1917 2013 1918
f 1918 2013 1919
f 1919 2013 2014
f 1919 2014 2015
f 1919 2015 2016
f 1919 2016 1920
f 1920 2016 2017
f 1920 2017 1921
f 1921 2017 2018
f 1921 2018 1923
f 1921 1923 1922
f 1923 2018 2019
f 1923 2019 2020
f 1923 2020 2021
f 1923 2021 1925
f 1925 2021 1926
f 1926 2022 1927
f 1926 2021 2023
f 1926 2023 2024
f 1926 2024 2025
f 1926 2025 2022
f 1930 2026 1931
f 1931 2026 2027
f 1931 2027 2028
f 1931 2028 1932
f 1932 2028 1933
f 1933 1935 1934
f 1933 2028 2029
f 1933 2029 2030
f 1933 2030 2031
f 1933 2031 1935
f 1935 1937 1936
f 1935 2031 2032
f 1935 2032 1938
f 1938 2032 1939
f 1939 2033 2034
f 1939 2034 2035
f 1939 2035 2036
f 1939 2036 2037
f 1939 2037 2038
f 1939 2038 1940
f 1939 2032 2033
f 1940 2038 1941
f 1941 2038 1942
f 1942 2038 1944
f 1942 1944 1943
f 1944 2037 2039
f 1944 2039 2040
f 1944 2040 1945
f 1944 2038 2037
f 1945 2040 1946
f 1946 2041 1947
f 1946 2040 2042
f 1946 2042 2043
f 1946 2043 2044
f 1946 2044 2041
f 1947 2041 1948
f 1948 2041 1949
f 1949 2041 2045
f 1949 2045 2046
f 1949 2046 1951
f 1949 1951 1950
f 1951 2046 2047
f 1951 2047 1952
f 1952 1963 1954
f 1952 1954 1953
f 1952 2047 2048
f 1952 2048 2049
f 1952 2049 1963
f 1955 1980 1986
f 1955 1986 1956
f 1956 1986 1985
f 1956 1984 1959
f 1956 1959 1958
f 1956 1958 1957
f 1959 1983 1960
f 1960 1982 1962
f 1963 2049 1969
f 1963 1969 1964
f 1965 2050 1966
f 1965 1969 2050
f 1966 1971 1967
f 1966 2050 2051
f 1966 2051 2052
f 1966 2052 2053
f 1966 2053 2054
f 1966 2054 2055
f 1966 2055 2056
f 1966 2056 1971
f 1967 1971 1968
f 1968 1971 1970
f 1969 2049 2057
f 1969 2057 2050
f 1971 2056 2058
f 1971 2058 1990
f 1971 1990 1972
f 1972 1990 1973
f 1975 1989 1976
f 1976 1988 1978
f 1976 1978 1977
f 1978 1987 1980
f 1980 1987 1986
f 1990 2058 2055
f 1990 2055 1993
f 1991 1993 2055
f 1991 2055 2059
f 1991 2059 1998
f 1991 1998 1994
f 1991 1994 1992
f 1997 2000 2060
f 1997 2060 2001
f 1998 2059 2055
f 1998 2055 2053
f 1998 2053 1999
f 1999 2060 2000
f 1999 2053 2060
f 2001 2060 2002
f 2002 2060 2061
f 2002 2061 2062
f 2002 2062 2063
f 2002 2063 2064
f 2002 2064 2003
f 2003 2064 2005
f 2004 2006 2065
f 2004 2065 2007
f 2005 2064 2066
f 2005 2066 2067
f 2005 2067 2006
f 2006 2067 2065
f 2007 2065 2009
f 2007 2009 2008
f 2009 2065 2068
f 2009 2068 2069
f 2009 2069 2010
f 2010 2069 2011
f 2011 2069 2070
f 2011 2070 2071
f 2011 2071 2072
f 2011 2072 2012
f 2012 2072 2073
f 2012 2073 2013
f 2013 2073 2015
f 2013 2015 2014
f 2015 2017 2016
f 2015 2073 2074
f 2015 2074 2075
f 2015 2075 2076
f 2015 2076 2017
f 2017 2077 2020
f 2017 2020 2019
f 2017 2019 2018
f 2017 2076 2077
f 2020 2076 2078
f 2020 2078 2079
f 2020 2079 2023
f 2020 2023 2080
f 2020 2080 2021
f 2020 2077 2076
f 2021 2080 2023
f 2023 2079 2081
f 2023 2081 2082
f 2023 2082 2083
f 2023 2083 2084
f 2023 2084 2085
f 2023 2085 2086
f 2023 2086 2024
f 2024 2086 2085
f 2024 2085 2087
f 2024 2087 2088
f 2024 2088 2025
f 2026 2089 2027
f 2027 2089 2090
f 2027 2090 2028
f 2028 2090 2091
f 2028 2091 2092
f 2028 2092 2029
f 2029 2092 2093
f 2029 2093 2030
f 2030 2093 2033
f 2030 2033 2031
f 2031 2033 2032
f 2033 2093 2094
f 2033 2094 2095
f 2033 2095 2035
f 2033 2035 2034
f 2035 2096 2036
f 2035 2095 2097
f 2035 2097 2098
f 2035 2098 2099
f 2035 2099 2100
f 2035 2100 2101
f 2035 2101 2096
f 2036 2096 2037
f 2037 2096 2039
f 2039 2096 2040
f 2040 2096 2102
f 2040 2102 2103
f 2040 2103 2042
f 2041 2044 2104
f 2041 2104 2045
f 2042 2103 2043
f 2043 2104 2044
f 2043 2103 2105
f 2043 2105 2106
f 2043 2106 2107
f 2043 2107 2108
f 2043 2108 2104
f 2045 2104 2109
f 2045 2109 2046
f 2046 2109 2047
f 2047 2109 2048
f 2048 2109 2110
f 2048 2110 2111
f 2048 2111 2057
f 2048 2057 2049
f 2050 2057 2051
f 2051 2057 2111
f 2051 2111 2112
f 2051 2112 2113
f 2051 2113 2062
f 2051 2062 2114
f 2051 2114 2053
f 2051 2053 2052
f 2053 2055 2054
f 2053 2114 2062
f 2053 2062 2060
f 2055 2058 2056
f 2060 2062 2061
f 2062 2113 2115
f 2062 2115 2063
f 2063 2116 2066
f 2063 2066 2064
f 2063 2115 2117
f 2063 2117 2118
f 2063 2118 2116
f 2065 2067 2068
f 2066 2116 2067
f 2067 2116 2068
f 2068 2116 2069
f 2069 2116 2119
f 2069 2119 2120
f 2069 2120 2070
f 2070 2120 2106
f 2070 2106 2071
f 2071 2106 2121
f 2071 2121 2072
f 2072 2121 2074
f 2072 2074 2073
f 2074 2121 2122
f 2074 2122 2075
f 2075 2122 2123
f 2075 2123 2076
f 2076 2123 2099
f 2076 2099 2078
f 2078 2099 2081
f 2078 2081 2079
f 2081 2098 2097
f 2081 2097 2082
f 2081 2099 2098
f 2082 2097 2083
f 2083 2085 2084
f 2083 2097 2094
f 2083 2094 2093
f 2083 2093 2124
f 2083 2124 2085
f 2085 2124 2092
f 2085 2092 2125
f 2085 2125 2126
f 2085 2126 2127
f 2085 2127 2087
f 2091 2128 2092
f 2092 2128 2125
f 2092 2124 2093
f 2094 2097 2095
f 2096 2101 2129
f 2096 2129 2103
f 2096 2103 2102
f 2099 2123 2130
f 2099 2130 2100
f 2100 2130 2101
f 2101 2130 2129
f 2103 2130 2131
f 2103 2131 2121
f 2103 2121 2132
f 2103 2132 2106
f 2103 2106 2105
f 2103 2129 2130
f 2104 2108 2133
f 2104 2133 2109
f 2106 2120 2134
f 2106 2134 2107
f 2106 2132 2121
f 2107 2134 2108
f 2108 2134 2135
f 2108 2135 2133
f 2109 2133 2136
f 2109 2136 2112
f 2109 2112 2110
f 2110 2112 2111
f 2112 2136 2137
f 2112 2137 2117
f 2112 2117 2115
f 2112 2115 2113
f 2116 2118 2138
f 2116 2138 2119
f 2117 2137 2118
f 2118 2137 2138
f 2119 2138 2134
f 2119 2134 2120
f 2121 2131 2122
f 2122 2131 2130
f 2122 2130 2123
f 2133 2135 2137
f 2133 2137 2136
f 2134 2137 2135
f 2134 2138 2137
