v 0.52814865 0.40998295 0.85884386
v 0.52814865 0.38998911 0.85780561
v 0.53232324 0.38998911 0.85526180
v 0.53315818 0.40998295 0.85578096
v 0.52814865 0.42997676 0.85780561
v 0.52814865 0.36999530 0.85614437
v 0.54835373 0.38998911 0.84529448
v 0.53094566 0.36999530 0.85443121
v 0.54705960 0.36999530 0.84446383
v 0.54910517 0.40998295 0.84576166
v 0.53236496 0.42997676 0.85520995
v 0.54476357 0.44376561 0.84301031
v 0.52814865 0.44859171 0.84789014
v 0.52814865 0.36731413 0.85588479
v 0.55833101 0.38998911 0.83890915
v 0.54530627 0.34992486 0.84337366
v 0.55703688 0.36999530 0.83802658
v 0.55908245 0.40998295 0.83937633
v 0.54822850 0.42997676 0.84519064
v 0.58129132 0.44123766 0.82089520
v 0.52814865 0.44905135 0.84742296
v 0.57001984 0.44514450 0.82468486
v 0.53349215 0.45709482 0.83506751
v 0.52814865 0.35176337 0.85417163
v 0.57001984 0.38998911 0.83096635
v 0.57001984 0.40998295 0.83195269
v 0.55528355 0.34992486 0.83688450
v 0.52814865 0.35053769 0.85401595
v 0.53002721 0.32993105 0.85017431
v 0.54317719 0.32993105 0.84202391
v 0.57164800 0.34992486 0.82577503
v 0.57001984 0.36999530 0.82920134
v 0.57001984 0.42997676 0.83086252
v 0.55820578 0.42997676 0.83880532
v 0.60375065 0.44338259 0.80272549
v 0.58296114 0.42997676 0.82203728
v 0.59293842 0.42997676 0.81482130
v 0.60650587 0.42997676 0.80485392
v 0.61652488 0.42997676 0.79722267
v 0.52814865 0.45020041 0.84612513
v 0.58742797 0.44897473 0.80807257
v 0.59352285 0.45671180 0.79478276
v 0.57001984 0.45517972 0.81290054
v 0.58020592 0.46000582 0.80007792
v 0.55653596 0.45900995 0.81705356
v 0.54321897 0.46061864 0.82177770
v 0.52814865 0.46100166 0.82899368
v 0.52814865 0.46092507 0.82914943
v 0.58291936 0.38998911 0.82203728
v 0.58367079 0.40998295 0.82255638
v 0.58166701 0.36999530 0.82115471
v 0.55319625 0.32993105 0.83548284
v 0.56805784 0.32993105 0.82551545
v 0.52814865 0.32993105 0.85126448
v 0.52814865 0.30909455 0.84804589
v 0.53178054 0.30886474 0.84581363
v 0.54138213 0.31476331 0.84082991
v 0.58062339 0.35658947 0.82042795
v 0.57941270 0.34326026 0.81954539
v 0.62537503 0.44476148 0.78434813
v 0.60959506 0.45073664 0.78953946
v 0.62888169 0.42997676 0.78725529
v 0.65960675 0.43763724 0.75958544
v 0.59368986 0.40998295 0.81534046
v 0.60717380 0.40998295 0.80537307
v 0.61715108 0.40998295 0.79774177
v 0.61543953 0.45809069 0.77583432
v 0.60208082 0.46054205 0.78144097
v 0.58813763 0.46092507 0.78886461
v 0.57001984 0.46069524 0.80288124
v 0.54994005 0.46138468 0.81025290
v 0.57001984 0.46192092 0.78995478
v 0.52814865 0.46192092 0.81181031
v 0.59293842 0.38998911 0.81482130
v 0.59168601 0.36999530 0.81393880
v 0.54885465 0.30886474 0.83496368
v 0.56572002 0.30993721 0.82390618
v 0.57803512 0.32993105 0.81861097
v 0.52814865 0.29132229 0.84493107
v 0.53962880 0.30143410 0.83973974
v 0.58838809 0.34992486 0.81393880
v 0.59001619 0.32993105 0.80994141
v 0.64624804 0.44537431 0.76550359
v 0.63092726 0.45173249 0.77069491
v 0.68018752 0.44016519 0.74011791
v 0.63890076 0.42997676 0.77900106
v 0.62946618 0.40998295 0.78772253
v 0.63948518 0.40998295 0.77952021
v 0.66073388 0.42430803 0.76062369
v 0.66845691 0.43051299 0.75257713
v 0.68110591 0.42997676 0.74100047
v 0.60642236 0.38998911 0.80480200
v 0.61639965 0.38998911 0.79711884
v 0.62875646 0.38998911 0.78715146
v 0.63647950 0.45870352 0.75657451
v 0.62316251 0.46077186 0.76249260
v 0.60926110 0.46130809 0.76950091
v 0.59001619 0.46207413 0.76996815
v 0.62988359 0.46146131 0.74992955
v 0.86996472 0.46176770 0.43003923
v 0.88996106 0.46161452 0.39001399
v 0.90812057 0.46107829 0.32849663
v 0.52814865 0.46184433 0.80999339
v 0.60521173 0.36999530 0.80391949
v 0.60362542 0.34992486 0.80272549
v 0.56304830 0.28994340 0.82208920
v 0.57573909 0.30993721 0.81694973
v 0.60053617 0.31775087 0.80038941
v 0.52814865 0.28994340 0.84467149
v 0.53787547 0.28994340 0.83864957
v 0.55002356 0.28994340 0.83070683
v 0.60178858 0.32993105 0.80132383
v 0.67000151 0.44437844 0.74479014
v 0.67046070 0.45510310 0.73020250
v 0.65163326 0.45219213 0.75143504
v 0.70043433 0.44047162 0.72039086
v 0.68811923 0.44391882 0.72822976
v 0.69112498 0.42997676 0.73144841
v 0.70151973 0.42997676 0.72142911
v 0.63877553 0.38998911 0.77894914
v 0.65000516 0.38998911 0.76929325
v 0.66039991 0.38998911 0.76031226
v 0.66094261 0.40998295 0.76077950
v 0.67091990 0.40998295 0.75169462
v 0.68185735 0.40998295 0.74172723
v 0.61518902 0.36999530 0.79618442
v 0.62767106 0.36999530 0.78621703
v 0.65697676 0.45900995 0.73700315
v 0.67743230 0.45923975 0.71743178
v 0.64365977 0.46077186 0.74323273
v 0.66407359 0.46084845 0.72366142
v 0.69062400 0.46153790 0.69059253
v 0.76998311 0.46192092 0.59003633
v 0.68436211 0.46084845 0.70414197
v 0.84996843 0.46176770 0.47001255
v 0.87009001 0.46123147 0.44940293
v 0.88336521 0.46100166 0.43003923
v 0.89008629 0.46115488 0.40917003
v 0.90682644 0.46115488 0.37002736
v 0.92385882 0.46107829 0.33000213
v 0.92431802 0.46107829 0.32849663
v 0.89914519 0.46015900 0.32849663
v 0.52814865 0.46069524 0.79727459
v 0.61364442 0.34992486 0.79499042
v 0.57306731 0.28994340 0.81508088
v 0.56112796 0.27646095 0.82073945
v 0.59139383 0.31062666 0.80578840
v 0.58705223 0.28994340 0.80511349
v 0.59894985 0.30442166 0.79919541
v 0.60834271 0.31062666 0.79306960
v 0.62249458 0.30993721 0.78196013
v 0.61176586 0.32993105 0.79358876
v 0.52814865 0.26994956 0.84067416
v 0.53466105 0.26994956 0.83662492
v 0.55140114 0.26987296 0.82572311
v 0.69062400 0.45540953 0.71047539
v 0.72047240 0.44054821 0.70045608
v 0.70828259 0.44422525 0.70824313
v 0.72155780 0.42997676 0.70154631
v 0.69187641 0.40998295 0.73217517
v 0.70227116 0.40998295 0.72215593
v 0.63769013 0.36999530 0.77801472
v 0.66002423 0.37995389 0.76000077
v 0.67041898 0.38998911 0.75122738
v 0.68139815 0.38998911 0.74126005
v 0.62625170 0.34992486 0.78502303
v 0.63622898 0.34992486 0.77687263
v 0.69767910 0.45931637 0.69765276
v 0.71053684 0.46146131 0.67045015
v 0.70423323 0.46084845 0.68431103
v 0.72364509 0.46084845 0.66411674
v 0.73019922 0.46138468 0.64999628
v 0.74961108 0.46130809 0.62943858
v 0.76906472 0.46107829 0.60856938
v 0.79119009 0.46146131 0.57113981
v 0.80980879 0.46130809 0.54933619
v 0.84950924 0.46115488 0.48870137
v 0.86303490 0.46084845 0.47001255
v 0.88094395 0.46038884 0.44234270
v 0.90068978 0.46031222 0.40195408
v 0.90252662 0.46084845 0.39001399
v 0.92160451 0.46061864 0.34640676
v 0.93412834 0.45709482 0.32849663
v 0.89087951 0.45770767 0.32849663
v 0.52814865 0.45870352 0.78808594
v 0.52814865 0.46061864 0.79644394
v 0.62449837 0.32993105 0.78356946
v 0.58421350 0.26994956 0.80303699
v 0.55899894 0.26313174 0.81928587
v 0.56868398 0.26987296 0.81399071
v 0.59707129 0.28994340 0.79779375
v 0.61155713 0.28971356 0.78668427
v 0.62094998 0.29622495 0.78071421
v 0.63251364 0.30993721 0.77375782
v 0.63451743 0.32993105 0.77541906
v 0.52814865 0.26213586 0.83896101
v 0.52814865 0.24964932 0.83615768
v 0.54668391 0.24995574 0.82437336
v 0.71053684 0.45548612 0.69059253
v 0.74017650 0.44016519 0.68010604
v 0.72832066 0.44399542 0.68804878
v 0.74105316 0.42997676 0.68109238
v 0.71224844 0.40998295 0.71224046
v 0.72222573 0.40998295 0.70222116
v 0.73224473 0.40998295 0.69183850
v 0.69137543 0.38998911 0.73170793
v 0.70181191 0.38998911 0.72168869
v 0.65154976 0.37191042 0.76643801
v 0.64812660 0.34992486 0.76685333
v 0.65923107 0.36654809 0.75927401
v 0.67997879 0.36049631 0.73991024
v 0.68068850 0.37382552 0.74058515
v 0.70097703 0.36999530 0.72090995
v 0.64649850 0.32993105 0.76545167
v 0.71759194 0.45923975 0.67740655
v 0.76180089 0.46061864 0.62243026
v 0.78455245 0.46092507 0.59003633
v 0.80300421 0.46084845 0.56522173
v 0.82500434 0.46107829 0.53002441
v 0.84253764 0.46077186 0.50531363
v 0.86057192 0.46023563 0.48117393
v 0.87681109 0.45885673 0.45563254
v 0.89684916 0.45885673 0.41529584
v 0.91976774 0.45992920 0.35974848
v 0.93387783 0.45694163 0.33000213
v 0.94590068 0.44713622 0.32849663
v 0.52814865 0.45816728 0.78642470
v 0.87146759 0.44912794 0.32849663
v 0.59423256 0.26994956 0.79571718
v 0.58183396 0.25462863 0.80127192
v 0.55670291 0.24995574 0.81772846
v 0.57173145 0.24873006 0.80698240
v 0.60746604 0.26994956 0.78569788
v 0.61928010 0.28289574 0.77936447
v 0.62858951 0.28971356 0.77313483
v 0.64224041 0.28994340 0.76186967
v 0.64453644 0.30993721 0.76379043
v 0.52814865 0.22996192 0.83132976
v 0.53002721 0.22996192 0.83018768
v 0.54296851 0.22996192 0.82193345
v 0.73019922 0.45510310 0.67045015
v 0.78371757 0.44414863 0.62471443
v 0.76509887 0.44514450 0.64605087
v 0.74468505 0.44437844 0.66998291
v 0.75946313 0.43702438 0.65939260
v 0.75249153 0.43020657 0.66837364
v 0.74172109 0.40998295 0.68181920
v 0.76054853 0.42369518 0.66063851
v 0.71178925 0.38998911 0.71177322
v 0.72176653 0.38998911 0.70175391
v 0.73178554 0.38998911 0.69131935
v 0.74130362 0.38998911 0.68135196
v 0.65810388 0.34992486 0.75833952
v 0.66925007 0.34992486 0.74832022
v 0.70030910 0.35766193 0.72028702
v 0.68841147 0.36823338 0.73269433
v 0.67922735 0.34992486 0.73923540
v 0.69943243 0.34425610 0.71940446
v 0.72093159 0.36999530 0.70092332
v 0.65455550 0.30993721 0.75522470
v 0.65647578 0.32993105 0.75688595
v 0.73696208 0.45900995 0.65669310
v 0.78071183 0.46023563 0.60099006
v 0.75603998 0.45847371 0.63572007
v 0.82124722 0.46046543 0.54222405
v 0.83878052 0.45969939 0.51865542
v 0.85589635 0.45809069 0.49446374
v 0.87305397 0.45556274 0.47001255
v 0.88474286 0.44560412 0.47001255
v 0.88962710 0.45066005 0.44955868
v 0.89338422 0.45594576 0.43003923
v 0.90494788 0.44598714 0.43003923
v 0.90945643 0.45035362 0.40911812
v 0.91250390 0.45510310 0.39001399
v 0.91680372 0.45870352 0.37002736
v 0.92402577 0.44514450 0.39001399
v 0.94565022 0.44690642 0.33000213
v 0.95328975 0.42997676 0.32849663
v 0.52814865 0.45280495 0.77214849
v 0.86992300 0.44828528 0.32849663
v 0.58909780 0.24873006 0.79452318
v 0.60441858 0.24995574 0.78336179
v 0.57957971 0.24129941 0.79966259
v 0.55298752 0.22996192 0.81523663
v 0.56751513 0.22996192 0.80526924
v 0.61744332 0.26994956 0.77796280
v 0.63134474 0.27048579 0.76669759
v 0.64069581 0.27753341 0.76051986
v 0.65225947 0.28994340 0.75330395
v 0.52814865 0.21081074 0.82634610
v 0.54071420 0.21824139 0.82042795
v 0.53073692 0.21096395 0.82478869
v 0.75107217 0.45203891 0.65139794
v 0.78889406 0.45012382 0.60856938
v 0.77511787 0.45747787 0.61433178
v 0.77010834 0.45134947 0.63021725
v 0.80212754 0.44269314 0.60285890
v 0.76714438 0.43020657 0.65160561
v 0.77849931 0.42997676 0.63816005
v 0.75169837 0.40998295 0.67086548
v 0.76075727 0.40998295 0.66084617
v 0.76998311 0.40998295 0.64999628
v 0.77920902 0.40998295 0.63904256
v 0.74063569 0.37328929 0.68062520
v 0.76042330 0.39335972 0.66048276
v 0.75996411 0.38003051 0.65996367
v 0.66770548 0.32993105 0.74691856
v 0.70991063 0.35099733 0.70985246
v 0.72030538 0.35766193 0.70024842
v 0.67768276 0.32993105 0.73783374
v 0.68836975 0.32993105 0.72786635
v 0.69834703 0.32993105 0.71836621
v 0.70844954 0.32993105 0.70834696
v 0.71947050 0.34433272 0.69941783
v 0.74000949 0.35996008 0.67995030
v 0.73274571 0.36800358 0.68836027
v 0.66586864 0.30993721 0.74525738
v 0.66373962 0.28994340 0.74333656
v 0.79866260 0.45969939 0.57856345
v 0.81636292 0.45855030 0.55556583
v 0.83502334 0.45724803 0.53002441
v 0.84950924 0.45479670 0.51117986
v 0.84950924 0.44591054 0.52815557
v 0.86320192 0.44368902 0.51003778
v 0.86900461 0.44997060 0.48844180
v 0.88136142 0.44192711 0.48241985
v 0.90169168 0.44238672 0.44348478
v 0.92127055 0.44192711 0.40294045
v 0.94013977 0.44024178 0.36042339
v 0.94206005 0.44284636 0.35004067
v 0.95278877 0.42997676 0.33000213
v 0.95462561 0.40998295 0.32849663
v 0.52814865 0.45180911 0.76991624
v 0.85840112 0.44123766 0.32849663
v 0.60191381 0.23448159 0.78144097
v 0.61443758 0.24995574 0.77557480
v 0.57753414 0.22996192 0.79820901
v 0.59176952 0.22865963 0.78741103
v 0.54843724 0.21096395 0.81326389
v 0.56375796 0.20996809 0.80256975
v 0.62679440 0.24995574 0.76555550
v 0.63885897 0.26420420 0.75901443
v 0.64841884 0.27048579 0.75231755
v 0.66131836 0.26994956 0.74115622
v 0.52814865 0.19403431 0.82172579
v 0.53791720 0.20491217 0.81861097
v 0.80926609 0.44568074 0.58832318
v 0.79452974 0.45678842 0.59003633
v 0.82032877 0.44047162 0.58053619
v 0.82387722 0.44422525 0.57004964
v 0.78638929 0.42997676 0.62814075
v 0.78714073 0.40998295 0.62902325
v 0.77879155 0.38998911 0.63852340
v 0.76731139 0.38799739 0.65196902
v 0.75950491 0.36999530 0.65939260
v 0.76797932 0.36999530 0.64942521
v 0.77799833 0.36999530 0.63753706
v 0.67588770 0.30993721 0.73617250
v 0.73942506 0.34992486 0.67932737
v 0.68661642 0.30993721 0.72615325
v 0.69663543 0.30993721 0.71670496
v 0.70677972 0.30993721 0.70668572
v 0.71842682 0.32993105 0.69837958
v 0.72807014 0.32993105 0.68836027
v 0.75841951 0.34992486 0.65814668
v 0.67375863 0.28994340 0.73419982
v 0.80980879 0.45525631 0.57113981
v 0.82972163 0.45088986 0.54980344
v 0.84253764 0.44322938 0.54398912
v 0.86011267 0.44016519 0.52026469
v 0.88273901 0.42997676 0.48485976
v 0.89092124 0.42997676 0.47001255
v 0.89818501 0.42997676 0.45656699
v 0.90327805 0.42997676 0.44659960
v 0.91133499 0.42997676 0.43003923
v 0.91805613 0.42997676 0.41586688
v 0.92260647 0.42997676 0.40589952
v 0.92945278 0.42997676 0.39001399
v 0.93684185 0.42997676 0.37231153
v 0.94089115 0.42997676 0.36229226
v 0.94552499 0.42997676 0.35004067
v 0.95408291 0.40998295 0.33000213
v 0.95399940 0.39221066 0.32849663
v 0.52814865 0.44368902 0.75392687
v 0.52814865 0.43825006 0.74660712
v 0.52814865 0.44284636 0.75252521
v 0.84700447 0.42944053 0.32849663
v 0.59957600 0.22115237 0.77962404
v 0.60913587 0.22865963 0.77412122
v 0.62362170 0.22996192 0.76290792
v 0.57373524 0.20996809 0.79545760
v 0.58746970 0.20996809 0.78543830
v 0.56116974 0.19717510 0.80080467
v 0.63677168 0.24995574 0.75724936
v 0.65084010 0.25194746 0.74582839
v 0.66002423 0.25991434 0.73996222
v 0.67133737 0.26994956 0.73201942
v 0.52814865 0.18346286 0.81866288
v 0.53457755 0.18997426 0.81648254
v 0.55098373 0.19028068 0.80568457
v 0.79640836 0.42997676 0.61531812
v 0.80400610 0.42997676 0.60535073
v 0.81402516 0.42997676 0.59185326
v 0.82128894 0.42997676 0.58183402
v 0.82938766 0.42997676 0.57004964
v 0.83807081 0.42997676 0.55717516
v 0.78672326 0.38998911 0.62850416
v 0.79674232 0.38998911 0.61578536
v 0.79711801 0.40998295 0.61625260
v 0.78597182 0.36999530 0.62751776
v 0.76689392 0.34992486 0.64817929
v 0.77691293 0.34992486 0.63618731
v 0.78496993 0.34992486 0.62621993
v 0.68457085 0.28994340 0.72423244
v 0.73804742 0.32993105 0.67787379
v 0.74706459 0.32993105 0.66785449
v 0.69454813 0.28994340 0.71473229
v 0.70485938 0.28994340 0.70476490
v 0.71679872 0.30993721 0.69666642
v 0.72644204 0.30993721 0.68669903
v 0.75708359 0.32993105 0.65664119
v 0.84458321 0.42997676 0.54715586
v 0.85460222 0.42997676 0.53152990
v 0.86090589 0.42997676 0.52151060
v 0.86783570 0.42997676 0.51003778
v 0.87693632 0.42997676 0.49482715
v 0.87756252 0.40998295 0.49591732
v 0.88336521 0.40998295 0.48589805
v 0.89217365 0.40998295 0.47001255
v 0.89881122 0.40998295 0.45776099
v 0.90390420 0.40998295 0.44774169
v 0.91262913 0.40998295 0.43003923
v 0.91872406 0.40998295 0.41721663
v 0.92319089 0.40998295 0.40724927
v 0.93070519 0.40998295 0.39001399
v 0.93746799 0.40998295 0.37381703
v 0.94147563 0.40998295 0.36379772
v 0.94673562 0.40998295 0.35004067
v 0.94606769 0.38998911 0.35004067
v 0.95337319 0.38998911 0.33000213
v 0.95391595 0.38998911 0.32849663
v 0.52814865 0.43365380 0.74115622
v 0.83915621 0.42086080 0.32849663
v 0.62132567 0.21632628 0.76103902
v 0.59744698 0.20996809 0.77806664
v 0.61139011 0.20973827 0.76706100
v 0.63359898 0.22996192 0.75460178
v 0.58346206 0.18997426 0.78253114
v 0.55833101 0.18384588 0.79878008
v 0.56872576 0.19028068 0.79327726
v 0.64545488 0.22996192 0.74463439
v 0.65802038 0.24658513 0.73819715
v 0.67872643 0.24444020 0.71878153
v 0.68064672 0.25776941 0.72054660
v 0.68219131 0.26994956 0.72200012
v 0.52814865 0.16959742 0.81450981
v 0.52894181 0.17005704 0.81414640
v 0.54518104 0.16998044 0.80345225
v 0.80475754 0.40998295 0.60623330
v 0.81473482 0.40998295 0.59283966
v 0.82199860 0.40998295 0.58282036
v 0.83080703 0.40998295 0.57004964
v 0.83878052 0.40998295 0.55821341
v 0.84529287 0.40998295 0.54824603
v 0.79599088 0.36999530 0.61485094
v 0.80438185 0.38998911 0.60576606
v 0.80367213 0.36999530 0.60483164
v 0.76559979 0.32993105 0.64662188
v 0.77557707 0.32993105 0.63457799
v 0.79494721 0.34992486 0.61350119
v 0.78367579 0.32993105 0.62455875
v 0.69216859 0.26994956 0.71255195
v 0.73646110 0.30993721 0.67610872
v 0.74547821 0.30993721 0.66608942
v 0.70260513 0.26994956 0.70253265
v 0.71483666 0.28994340 0.69469368
v 0.72456348 0.28994340 0.68472636
v 0.75549728 0.30993721 0.65477234
v 0.76405519 0.30993721 0.64480495
v 0.85527015 0.40998295 0.53251624
v 0.86153209 0.40998295 0.52254891
v 0.86912984 0.40998295 0.51003778
v 0.87722856 0.38998911 0.49529436
v 0.88298953 0.38998911 0.48527509
v 0.89146394 0.38998911 0.47001255
v 0.89843553 0.38998911 0.45708612
v 0.90357029 0.38998911 0.44706684
v 0.91200292 0.38998911 0.43003923
v 0.91839010 0.38998911 0.41654176
v 0.92289865 0.38998911 0.40652245
v 0.93007898 0.38998911 0.39001399
v 0.93713403 0.38998911 0.37293452
v 0.94114166 0.38998911 0.36296713
v 0.94477355 0.36999530 0.35004067
v 0.95207912 0.36999530 0.33000213
v 0.95274705 0.37206361 0.32849663
v 0.52814865 0.42859790 0.73580909
v 0.83314478 0.41182145 0.32849663
v 0.52814865 0.42645296 0.73368067
v 0.61894619 0.20299706 0.75911820
v 0.62879825 0.20973827 0.75288862
v 0.64211518 0.20996809 0.74177915
v 0.59348112 0.18997426 0.77505565
v 0.60646415 0.18997426 0.76508826
v 0.58095729 0.17779411 0.78066230
v 0.57081306 0.17066988 0.78569788
v 0.55520004 0.16998044 0.79665160
v 0.65543216 0.22996192 0.73591292
v 0.66653657 0.22996192 0.72594559
v 0.69914019 0.24313793 0.69910634
v 0.67655563 0.22996192 0.71675688
v 0.68715912 0.22996192 0.70673764
v 0.70093524 0.25646713 0.70087141
v 0.52814865 0.14960359 0.80817640
v 0.53123784 0.14952698 0.80620366
v 0.54196656 0.15596178 0.80127192
v 0.81440085 0.38998911 0.59232050
v 0.82162291 0.38998911 0.58235312
v 0.83009732 0.38998911 0.57004964
v 0.83848828 0.38998911 0.55774617
v 0.84495890 0.38998911 0.54772687
v 0.85497797 0.38998911 0.53199714
v 0.80267024 0.34992486 0.60348189
v 0.81369114 0.36999530 0.59133416
v 0.77403247 0.30993721 0.63270915
v 0.79365307 0.32993105 0.61183995
v 0.78213120 0.30993721 0.62268984
v 0.73454076 0.28994340 0.67403221
v 0.74364144 0.28994340 0.66406482
v 0.71262413 0.26994956 0.69240952
v 0.72235096 0.26994956 0.68239021
v 0.73237002 0.26994956 0.67169607
v 0.75361872 0.28994340 0.65264386
v 0.76221836 0.28994340 0.64262456
v 0.86119807 0.38998911 0.52197784
v 0.86842012 0.38998911 0.51003778
v 0.86712599 0.36999530 0.51003778
v 0.87656063 0.36999530 0.49410036
v 0.88232160 0.36999530 0.48413301
v 0.89012808 0.36999530 0.47001255
v 0.89776754 0.36999530 0.45578825
v 0.90294409 0.36999530 0.44582090
v 0.91075057 0.36999530 0.43003923
v 0.91780567 0.36999530 0.41519201
v 0.92227244 0.36999530 0.40517271
v 0.92882657 0.36999530 0.39001399
v 0.93650782 0.36999530 0.37132519
v 0.94047374 0.36999530 0.36130589
v 0.94005626 0.35919404 0.36021572
v 0.94272798 0.35145697 0.35107896
v 0.95258003 0.36999530 0.32849663
v 0.95024228 0.34992486 0.33000213
v 0.95095193 0.35176337 0.32849663
v 0.83285260 0.41136181 0.32849663
v 0.52814865 0.41159165 0.72127336
v 0.52814865 0.41825625 0.72677618
v 0.64027834 0.19924343 0.74016988
v 0.61648315 0.18997426 0.75709361
v 0.63777363 0.18591422 0.73809332
v 0.65213424 0.20996809 0.73300576
v 0.60249823 0.16998044 0.76192153
v 0.57803512 0.16446489 0.77853382
v 0.58855510 0.17066988 0.77266765
v 0.54918861 0.14952698 0.79415977
v 0.56475985 0.14998661 0.78336179
v 0.66336387 0.20996809 0.72303843
v 0.71901131 0.24367414 0.67891204
v 0.70999414 0.25010896 0.68996960
v 0.69717813 0.22996192 0.69718558
v 0.70707196 0.22996192 0.68716627
v 0.67334116 0.20996809 0.71374595
v 0.68402815 0.20996809 0.70377856
v 0.72080636 0.25700337 0.68078095
v 0.52814865 0.13926196 0.80480200
v 0.53871036 0.14263256 0.79909158
v 0.82091320 0.36999530 0.58131486
v 0.82871974 0.36999530 0.57004964
v 0.83777857 0.36999530 0.55670792
v 0.84433270 0.36999530 0.54674053
v 0.85431004 0.36999530 0.53095889
v 0.86057192 0.36999530 0.52093959
v 0.81389987 0.35015467 0.58832318
v 0.80137610 0.32993105 0.60182065
v 0.81010103 0.32993105 0.59003633
v 0.82028705 0.35697249 0.58048427
v 0.77357328 0.28910074 0.62865990
v 0.78087884 0.29522911 0.62108052
v 0.79336089 0.31016701 0.60836172
v 0.80045772 0.31698483 0.60057473
v 0.74151236 0.26994956 0.66167676
v 0.74030173 0.25891846 0.66027510
v 0.76084077 0.27607793 0.64096338
v 0.86011267 0.35858119 0.52026469
v 0.86462128 0.35115054 0.51149136
v 0.87564218 0.34992486 0.49249104
v 0.88136142 0.34992486 0.48247176
v 0.88824952 0.34992486 0.47001255
v 0.89684916 0.34992486 0.45402324
v 0.90202570 0.34992486 0.44405586
v 0.90895551 0.34992486 0.43003923
v 0.91688722 0.34992486 0.41321927
v 0.92139578 0.34992486 0.40325192
v 0.92703152 0.34992486 0.39001399
v 0.93613213 0.35145697 0.36815846
v 0.93938833 0.34586480 0.35839874
v 0.94218528 0.32993105 0.34593952
v 0.95074320 0.34992486 0.32849663
v 0.94794625 0.32993105 0.33000213
v 0.94861418 0.33130991 0.32849663
v 0.82283354 0.39450881 0.32849663
v 0.52814865 -0.11989173 0.32849663
v 0.66115135 0.19679208 0.72101378
v 0.64950424 0.19135314 0.72952759
v 0.61247551 0.16998044 0.75387502
v 0.62466538 0.16998044 0.74385571
v 0.65877181 0.18346286 0.71883345
v 0.63468438 0.16998044 0.73544574
v 0.64620626 0.16998044 0.72542644
v 0.60028571 0.15933238 0.76020843
v 0.57473719 0.14998661 0.77609390
v 0.59039193 0.15159531 0.76503634
v 0.56162894 0.13665739 0.78112948
v 0.73854840 0.24558927 0.65830243
v 0.72965652 0.25133461 0.66961956
v 0.71709096 0.22996192 0.67688739
v 0.72640032 0.22996192 0.66686815
v 0.69400543 0.20996809 0.69412267
v 0.70410794 0.20996809 0.68410337
v 0.68160689 0.19541320 0.70149434
v 0.52814865 0.13259734 0.80256975
v 0.52814865 0.12999278 0.80168724
v 0.53541243 0.12999278 0.79691118
v 0.55102545 0.12999278 0.78621703
v 0.83681846 0.34992486 0.55525434
v 0.84341431 0.34992486 0.54528695
v 0.81957734 0.34364328 0.57944596
v 0.81870067 0.32993105 0.57820004
v 0.80605167 0.31016701 0.59154183
v 0.82563055 0.35015467 0.57165897
v 0.77962643 0.28189990 0.61952311
v 0.78705722 0.28910074 0.61168420
v 0.79937232 0.30365562 0.59917307
v 0.75282550 0.26964313 0.64859462
v 0.74639666 0.25133461 0.65098262
v 0.75937963 0.26274872 0.63925022
v 0.85439348 0.35115054 0.52815557
v 0.85944474 0.34525198 0.51912260
v 0.86449605 0.32993105 0.50759786
v 0.87543344 0.32924160 0.48864946
v 0.88056827 0.33544657 0.48107010
v 0.88486809 0.32924160 0.47172570
v 0.89568031 0.32993105 0.45179093
v 0.90089852 0.32993105 0.44177166
v 0.90665948 0.32993105 0.43003923
v 0.91646975 0.32893518 0.40885857
v 0.92060262 0.33498695 0.40138304
v 0.92398405 0.32893518 0.39172715
v 0.93295944 0.32993105 0.37002736
v 0.93846989 0.32993105 0.35595882
v 0.94084942 0.30993721 0.34235752
v 0.94523275 0.30993721 0.33000213
v 0.94594240 0.31146932 0.32849663
v 0.94844723 0.32993105 0.32849663
v 0.52814865 -0.32051942 0.32849663
v 0.67021024 0.18943803 0.71016389
v 0.62178493 0.15573196 0.74146771
v 0.67926913 0.18208398 0.69926208
v 0.65622532 0.16998044 0.71654928
v 0.66703755 0.16998044 0.70652997
v 0.62909043 0.14945038 0.73300576
v 0.64224041 0.14998661 0.72189635
v 0.59728003 0.14600316 0.75787234
v 0.60963678 0.15082926 0.74967003
v 0.58350384 0.12999278 0.76259643
v 0.55833101 0.12332818 0.77879339
v 0.56897622 0.12999278 0.77334249
v 0.73641938 0.22996192 0.65591443
v 0.74514425 0.22996192 0.64589512
v 0.71408528 0.20996809 0.67372072
v 0.72347808 0.20996809 0.66370142
v 0.69054055 0.18851876 0.69048870
v 0.70168668 0.19495356 0.68166345
v 0.52814865 0.12279195 0.79919541
v 0.52915055 0.10992236 0.79390019
v 0.54480529 0.10999896 0.78325796
v 0.82558876 0.32993105 0.56818080
v 0.83560783 0.32993105 0.55343735
v 0.84220368 0.32993105 0.54341811
v 0.85071987 0.32993105 0.53002441
v 0.81719780 0.30993721 0.57607162
v 0.82412767 0.30993721 0.56610423
v 0.80546719 0.28994340 0.58759636
v 0.76718616 0.26964313 0.63151509
v 0.77833235 0.26994956 0.61791378
v 0.78613883 0.26994956 0.60789454
v 0.79816169 0.28994340 0.59751183
v 0.75779331 0.24995574 0.63732940
v 0.76601726 0.24995574 0.62736201
v 0.77603626 0.24995574 0.61500663
v 0.85848463 0.32993105 0.51756519
v 0.85710698 0.30993721 0.51522911
v 0.86307669 0.30993721 0.50526172
v 0.87188506 0.30993721 0.49005112
v 0.87969160 0.32211736 0.47951269
v 0.88424188 0.30993721 0.46788409
v 0.89492881 0.31123948 0.44826084
v 0.90014708 0.31874675 0.44036999
v 0.90361202 0.31123948 0.43102556
v 0.91333884 0.30993721 0.41000068
v 0.91976774 0.32165772 0.39956605
v 0.92314911 0.30993721 0.38757408
v 0.93028772 0.30993721 0.37002736
v 0.93709230 0.30993721 0.35232490
v 0.94005626 0.29944235 0.34028098
v 0.94573373 0.30993721 0.32849663
v 0.94231057 0.29162869 0.33026168
v 0.53474450 -0.31768504 0.32849663
v 0.52814865 -0.31875750 0.33514154
v 0.61898792 0.14240274 0.73907965
v 0.69943243 0.18162435 0.67937928
v 0.67701483 0.16998044 0.69708174
v 0.68732607 0.16998044 0.68711436
v 0.65221775 0.14998661 0.71296722
v 0.66319692 0.14998661 0.70294797
v 0.64011139 0.13972157 0.72007936
v 0.59352285 0.12999278 0.75496519
v 0.60617191 0.12999278 0.74499780
v 0.58074856 0.11857869 0.76051986
v 0.55478263 0.10999896 0.77630156
v 0.57039559 0.11114803 0.76534784
v 0.73345542 0.20996809 0.65264386
v 0.74226379 0.20996809 0.64262456
v 0.75512153 0.22996192 0.63416266
v 0.71041161 0.18882519 0.67039824
v 0.72130734 0.19602603 0.66136533
v 0.52814865 0.10938612 0.79431552
v 0.52814865 0.09046476 0.78704762
v 0.53052819 0.09054137 0.78549027
v 0.54138213 0.09758900 0.78092188
v 0.83414668 0.30993721 0.55125701
v 0.84078431 0.30993721 0.54123771
v 0.84788114 0.30993721 0.53002441
v 0.81548625 0.28994340 0.57363170
v 0.82245785 0.28994340 0.56361240
v 0.80350512 0.26994956 0.58489686
v 0.78388453 0.24995574 0.60498738
v 0.79615784 0.26994956 0.59481233
v 0.76342899 0.22996192 0.62419534
v 0.77344805 0.22996192 0.61173612
v 0.78133804 0.22996192 0.60171682
v 0.83999115 0.29982537 0.54004371
v 0.84437448 0.29185849 0.53090698
v 0.85543716 0.28994340 0.51247770
v 0.86144859 0.28994340 0.50245839
v 0.87881494 0.30993721 0.47785145
v 0.86858714 0.28994340 0.49005112
v 0.87714505 0.28994340 0.47484049
v 0.88257205 0.28994340 0.46482122
v 0.89046204 0.28994340 0.45002589
v 0.89914519 0.30541754 0.43834537
v 0.90277708 0.28994340 0.42573041
v 0.91893280 0.30993721 0.39759338
v 0.91012442 0.28994340 0.41000068
v 0.92160451 0.28994340 0.38388824
v 0.92719853 0.28994340 0.37002736
v 0.93579817 0.29162869 0.34817183
v 0.93892908 0.28611314 0.33711424
v 0.94314545 0.29323739 0.32849663
v 0.94285321 0.29147547 0.32849663
v 0.93905437 0.26994956 0.32849663
v 0.94197655 0.28641957 0.32849663
v 0.54864591 -0.31132686 0.32849663
v 0.55002356 -0.31033099 0.33000213
v 0.52852440 -0.31485069 0.34879476
v 0.52814865 -0.31500387 0.34879476
v 0.61614919 0.12999278 0.73674357
v 0.69730335 0.16998044 0.67725080
v 0.70690495 0.16998044 0.66723156
v 0.67317420 0.14998661 0.69339585
v 0.68352717 0.14998661 0.68342853
v 0.66081738 0.13811287 0.70071566
v 0.63025934 0.13183130 0.72542644
v 0.63710564 0.12639236 0.71743178
v 0.64900327 0.13229093 0.70907372
v 0.60258174 0.11467184 0.74209064
v 0.57728368 0.10524946 0.75792420
v 0.59005797 0.10992236 0.74998146
v 0.54885465 0.09054137 0.77282333
v 0.56321526 0.08992853 0.76233685
v 0.74055219 0.19824757 0.64059997
v 0.75349349 0.20904882 0.62902325
v 0.76138347 0.21517721 0.62170351
v 0.71909475 0.18269682 0.65897727
v 0.72986525 0.19043389 0.64978862
v 0.52814865 0.08387676 0.78440005
v 0.53754151 0.08418318 0.77827430
v 0.81460959 0.26895368 0.56895947
v 0.82103848 0.27492887 0.56153584
v 0.83322829 0.29185849 0.54803836
v 0.80129260 0.24995574 0.58183402
v 0.79386181 0.24995574 0.59185326
v 0.78000218 0.21992670 0.60000366
v 0.79206675 0.23172382 0.58811551
v 0.80008197 0.23961410 0.58017278
v 0.83878052 0.28649616 0.53817481
v 0.84349781 0.26994956 0.52561176
v 0.85422653 0.27079222 0.50842845
v 0.86036319 0.27806967 0.50064147
v 0.86441255 0.27079222 0.49103749
v 0.87610137 0.26849407 0.46928576
v 0.88111091 0.27416283 0.46212173
v 0.88545251 0.26849407 0.45184284
v 0.89785105 0.28994340 0.43574971
v 0.90127420 0.27332017 0.42266753
v 0.91734648 0.28994340 0.39385560
v 0.90519834 0.26803446 0.41202527
v 0.92051911 0.27715039 0.38124064
v 0.92331612 0.27025598 0.37090987
v 0.93128961 0.26994956 0.35004067
v 0.93746799 0.26994956 0.33301309
v 0.93571466 0.25317311 0.32849663
v 0.54998183 -0.31071401 0.32849663
v 0.56446767 -0.30381960 0.32849663
v 0.56567830 -0.30282372 0.33000213
v 0.56187940 -0.30090863 0.34318814
v 0.55069149 -0.30427924 0.34988496
v 0.53002721 -0.30795625 0.37002736
v 0.52814865 -0.30941173 0.36789888
v 0.60955334 0.10877328 0.73388833
v 0.62328774 0.10999896 0.72277886
v 0.69354624 0.14998661 0.67346114
v 0.70331478 0.14998661 0.66344184
v 0.71692401 0.16998044 0.65658927
v 0.68106419 0.13750005 0.68098855
v 0.65789515 0.12478366 0.69801617
v 0.66950053 0.13114186 0.68950236
v 0.63326502 0.10999896 0.71405739
v 0.64453644 0.10999896 0.70409006
v 0.59932554 0.10134263 0.73944306
v 0.57319260 0.08992853 0.75480944
v 0.56029308 0.07943369 0.76020843
v 0.75942141 0.20184799 0.61931545
v 0.73842317 0.18491834 0.63810813
v 0.74639666 0.19089352 0.63084024
v 0.76973265 0.21088734 0.60965955
v 0.72589940 0.16998044 0.64656997
v 0.52814865 0.07491401 0.78076613
v 0.53319991 0.07001131 0.77526331
v 0.54977310 0.07169661 0.76430959
v 0.80960006 0.24995574 0.57004964
v 0.81961912 0.26159966 0.55951124
v 0.82634020 0.26895368 0.55172420
v 0.77808183 0.20659748 0.59751183
v 0.78488642 0.21195981 0.59055543
v 0.79832864 0.22628489 0.57773286
v 0.81828320 0.24995574 0.55753851
v 0.80471575 0.23172382 0.57062072
v 0.81586194 0.22996192 0.55390459
v 0.83711064 0.26994956 0.53563106
v 0.84132701 0.24995574 0.52213359
v 0.84875780 0.24995574 0.51003778
v 0.85902733 0.26474044 0.49835727
v 0.86311841 0.24995574 0.48558655
v 0.87981677 0.26083362 0.45968178
v 0.89676571 0.26803446 0.42962393
v 0.89998013 0.25999093 0.42001995
v 0.91596884 0.27025598 0.38876808
v 0.90348679 0.24995574 0.40761265
v 0.91922498 0.26382118 0.37817776
v 0.92177153 0.24995574 0.36457646
v 0.92724025 0.24995574 0.35004067
v 0.93542242 0.25171763 0.32849663
v 0.56738985 -0.30236411 0.32849663
v 0.57611477 -0.29792103 0.32849663
v 0.57569730 -0.29769123 0.33000213
v 0.56914318 -0.29493347 0.34988496
v 0.55783004 -0.29884028 0.35647795
v 0.54346943 -0.30167466 0.37002736
v 0.54012978 -0.29998937 0.38020235
v 0.52927577 -0.30251732 0.38814512
v 0.52814865 -0.30335996 0.38710684
v 0.62061602 0.09881467 0.72049469
v 0.70097703 0.13757664 0.66100192
v 0.71329206 0.14998661 0.65259194
v 0.72239268 0.14998661 0.64262456
v 0.67822546 0.12417082 0.67823720
v 0.68966389 0.13091204 0.66961956
v 0.65455550 0.10999896 0.69484943
v 0.66511720 0.10999896 0.68488210
v 0.64148897 0.09697616 0.70128673
v 0.58625907 0.08992853 0.74479014
v 0.59627807 0.08992853 0.73700315
v 0.61034650 0.09123081 0.72589368
v 0.58237672 0.07583327 0.74177915
v 0.54296851 0.05545642 0.76207733
v 0.55628544 0.06618108 0.75724936
v 0.56943542 0.07100717 0.74951422
v 0.75758457 0.18997426 0.61697936
v 0.76555806 0.18997426 0.60701197
v 0.73591840 0.16998044 0.63520098
v 0.74435109 0.16998044 0.62518167
v 0.52814865 0.06618108 0.77708030
v 0.82492083 0.24995574 0.54751927
v 0.77553535 0.18997426 0.59418941
v 0.78313309 0.18997426 0.58422202
v 0.79607439 0.20996809 0.57461804
v 0.80317116 0.20996809 0.56459874
v 0.82254130 0.22996192 0.54388529
v 0.82082975 0.21670930 0.54134154
v 0.81398338 0.21004470 0.54881710
v 0.83493990 0.24995574 0.53215289
v 0.84011638 0.23946090 0.52021277
v 0.84408224 0.23164721 0.51050496
v 0.85739923 0.24995574 0.49555394
v 0.87175983 0.24995574 0.47001255
v 0.86132336 0.23448159 0.48236793
v 0.87860620 0.24995574 0.45739758
v 0.88382441 0.24995574 0.44737831
v 0.89267457 0.24995574 0.43003923
v 0.89885294 0.24995574 0.41763192
v 0.91129327 0.24995574 0.39001399
v 0.90119076 0.22996192 0.40268087
v 0.91780567 0.24995574 0.37454382
v 0.92043567 0.23792879 0.36125398
v 0.92285693 0.23072796 0.35024834
v 0.92999548 0.22996192 0.33000213
v 0.93091387 0.23172382 0.32849663
v 0.58859682 -0.29110321 0.32849663
v 0.59001619 -0.28987753 0.33000213
v 0.59005797 -0.28382578 0.34869093
v 0.58337855 -0.28191066 0.36545897
v 0.57156450 -0.28643033 0.37127328
v 0.55344671 -0.29661876 0.37002736
v 0.54810321 -0.29309493 0.38814512
v 0.53545421 -0.29769123 0.39354414
v 0.52814865 -0.30228749 0.39042932
v 0.61719286 0.08548546 0.71753561
v 0.62938267 0.09123081 0.70943713
v 0.69826353 0.12424743 0.65809476
v 0.70936799 0.13167809 0.64921761
v 0.72034717 0.13910875 0.64034039
v 0.73358065 0.14891414 0.62928283
v 0.67509449 0.10999896 0.67512238
v 0.68515527 0.10999896 0.66510308
v 0.66190279 0.09605691 0.68181920
v 0.63814932 0.08364695 0.69827574
v 0.65008867 0.08985192 0.69002151
v 0.58943176 0.06955168 0.73331726
v 0.60308266 0.07001131 0.72257119
v 0.57853603 0.06258065 0.73882008
v 0.52814865 0.05216242 0.77085066
v 0.53862691 0.04212720 0.75901443
v 0.54977310 0.04932804 0.75423837
v 0.56471813 0.05001748 0.74354422
v 0.75432837 0.16998044 0.61298203
v 0.76234359 0.16998044 0.60296273
v 0.74176282 0.15488932 0.62211877
v 0.77319759 0.16998044 0.58889419
v 0.78104579 0.17664504 0.58147061
v 0.79407054 0.18943803 0.56906331
v 0.80120909 0.19579622 0.56179541
v 0.83310306 0.23164721 0.52815557
v 0.81903464 0.20338008 0.53859013
v 0.82558876 0.21004470 0.53116655
v 0.83844656 0.22613168 0.51751328
v 0.84245414 0.20996809 0.50411963
v 0.85581285 0.22865963 0.48942816
v 0.86579013 0.22865963 0.47172570
v 0.85969526 0.22115237 0.47951269
v 0.87626839 0.22996192 0.45293304
v 0.88148665 0.22996192 0.44291377
v 0.88799900 0.22996192 0.43003923
v 0.89651519 0.22996192 0.41264826
v 0.90674293 0.22996192 0.39001399
v 0.89998013 0.21985009 0.40008521
v 0.91576010 0.23072796 0.36872953
v 0.91889107 0.22459958 0.35710090
v 0.92135406 0.21441115 0.34375918
v 0.93049645 0.22996192 0.32849663
v 0.92427629 0.20866580 0.33155954
v 0.92536163 0.20881902 0.32849663
v 0.58997446 -0.29033718 0.32849663
v 0.60249823 -0.28321293 0.32849663
v 0.60358363 -0.28214046 0.33000213
v 0.60061967 -0.28030196 0.34111160
v 0.59673733 -0.27800381 0.35445333
v 0.57924575 -0.27953592 0.37880069
v 0.56551135 -0.28305972 0.39001399
v 0.56146193 -0.28076160 0.40210983
v 0.55006528 -0.28420880 0.40927386
v 0.52927577 -0.29493347 0.40974110
v 0.52814865 -0.29945314 0.39868355
v 0.61310172 0.07001131 0.71395361
v 0.62454015 0.07001131 0.70398623
v 0.71775889 0.12570292 0.63738132
v 0.69513255 0.10999896 0.65487611
v 0.70452541 0.10999896 0.64490879
v 0.73946679 0.14156009 0.61926353
v 0.72602463 0.13144827 0.63042492
v 0.68194085 0.09582709 0.66193634
v 0.65868831 0.08265109 0.67870438
v 0.63451743 0.07001131 0.69500518
v 0.64541310 0.07001131 0.68498588
v 0.60024399 0.05966968 0.72018319
v 0.57469541 0.05001748 0.73580909
v 0.58972394 0.05177939 0.72475159
v 0.52814865 0.03324106 0.76197350
v 0.56108624 0.03837357 0.74079281
v 0.52814865 0.03002366 0.76041609
v 0.53441054 0.03002366 0.75600344
v 0.54998183 0.03101952 0.74530929
v 0.76046503 0.15856633 0.60057473
v 0.77887499 0.16331583 0.57856345
v 0.79924709 0.18246700 0.55894017
v 0.78643107 0.16998044 0.57113981
v 0.80642736 0.18943803 0.55136085
v 0.81711435 0.18997426 0.53563106
v 0.82354319 0.18997426 0.52561176
v 0.83631748 0.20996809 0.51408702
v 0.84074259 0.19725171 0.50131631
v 0.85071987 0.20996809 0.49005112
v 0.86374462 0.20996809 0.46689773
v 0.85823411 0.20996809 0.47686511
v 0.88019252 0.21923725 0.44042191
v 0.87405586 0.21150018 0.44826084
v 0.88328171 0.21150018 0.43019497
v 0.89413565 0.21188320 0.40802795
v 0.90248489 0.21188320 0.38970253
v 0.89826852 0.20652087 0.39619172
v 0.91016614 0.20996809 0.37002736
v 0.91747165 0.20866580 0.35024834
v 0.91968423 0.20108195 0.33919078
v 0.92310739 0.20000948 0.32849663
v 0.60408461 -0.28229368 0.32849663
v 0.60500300 -0.28175744 0.32849663
v 0.61360270 -0.27585888 0.33000213
v 0.60838443 -0.27264148 0.34869093
v 0.61001253 -0.26429158 0.36852187
v 0.60333318 -0.26214665 0.38539371
v 0.59005797 -0.27585888 0.37127328
v 0.59151906 -0.26720256 0.39125991
v 0.57553035 -0.27731436 0.39001399
v 0.55678642 -0.27815703 0.41545159
v 0.54342771 -0.28183404 0.42464024
v 0.53111261 -0.28589410 0.43081793
v 0.52814865 -0.28857526 0.42775506
v 0.52814865 -0.29523987 0.41036406
v 0.52814865 -0.29585272 0.40870282
v 0.62124217 0.05783116 0.70107907
v 0.71450269 0.10999896 0.63374740
v 0.72326934 0.10999896 0.62372810
v 0.70160323 0.09643993 0.64169014
v 0.73725426 0.12999278 0.61661595
v 0.74535298 0.12999278 0.60664862
v 0.75812727 0.14523712 0.59761566
v 0.69024831 0.08946890 0.65020394
v 0.67880988 0.08249787 0.65871775
v 0.65543216 0.07001131 0.67553765
v 0.66565990 0.07001131 0.66557032
v 0.64186472 0.05668209 0.68171537
v 0.59619462 0.04626385 0.71686071
v 0.60884362 0.05208581 0.70896989
v 0.58287764 0.03561580 0.72225976
v 0.55657768 0.02504436 0.73736656
v 0.57853603 0.02228659 0.71878153
v 0.52814865 0.02512096 0.75797617
v 0.54326069 0.01546877 0.74235022
v 0.76555806 0.15113568 0.59060735
v 0.77662075 0.14998661 0.57550055
v 0.78396803 0.14998661 0.56548131
v 0.79724324 0.16998044 0.55613685
v 0.80413133 0.16998044 0.54611760
v 0.82141417 0.17526616 0.52223742
v 0.81494355 0.16913778 0.52934957
v 0.83414668 0.19035728 0.50879186
v 0.83882225 0.18392250 0.49804577
v 0.84487540 0.19035728 0.49082983
v 0.86161554 0.19411092 0.46305615
v 0.85627210 0.18844217 0.46980488
v 0.87843919 0.20583144 0.43694371
v 0.88177884 0.19357468 0.42360198
v 0.88586998 0.18813574 0.41192144
v 0.90119076 0.19548979 0.38284996
v 0.89643168 0.18928482 0.38970253
v 0.90432167 0.18928482 0.37111753
v 0.91271263 0.18997426 0.35004067
v 0.91822314 0.18997426 0.33498582
v 0.92047739 0.18997426 0.32849663
v 0.61397839 -0.27608868 0.32849663
v 0.63000888 -0.26551726 0.32849663
v 0.62341297 -0.26229987 0.35004067
v 0.62049079 -0.26030815 0.36089060
v 0.61669189 -0.25762698 0.37423235
v 0.59915859 -0.25938886 0.39873546
v 0.61001253 -0.25509900 0.39125991
v 0.58529890 -0.26321912 0.41000068
v 0.56889272 -0.27348414 0.40927386
v 0.56993639 -0.26452139 0.42905289
v 0.55006528 -0.27555245 0.43081793
v 0.53845990 -0.27915290 0.43798196
v 0.52814865 -0.28436202 0.43850112
v 0.61744332 0.04450195 0.69770467
v 0.62971663 0.05055372 0.68971002
v 0.72084808 0.09812523 0.62092477
v 0.73445731 0.10839026 0.60971147
v 0.69855577 0.08311071 0.63841957
v 0.70974368 0.09061797 0.62964624
v 0.73975903 0.10065319 0.59964031
v 0.74230552 0.11398241 0.60285890
v 0.75533026 0.12999278 0.59398174
v 0.76305330 0.12999278 0.58406627
v 0.67563719 0.07001131 0.65549910
v 0.68536401 0.07001131 0.64553171
v 0.65021390 0.04971106 0.67013866
v 0.66206980 0.05614586 0.66204017
v 0.63814932 0.04335288 0.67823720
v 0.60007697 0.01998844 0.69998890
v 0.60312444 0.03002366 0.70263648
v 0.54998183 0.00934039 0.73404408
v 0.56438416 0.01002983 0.72340178
v 0.57436144 0.01002983 0.71545905
v 0.58934826 0.01202156 0.70440149
v 0.52814865 0.01202156 0.75127929
v 0.53845990 0.00213955 0.73882008
v 0.78150499 0.13573813 0.56210691
v 0.79486370 0.14883754 0.54954386
v 0.80171007 0.15473610 0.54253554
v 0.81936860 0.16193694 0.51907068
v 0.82621497 0.16913778 0.51143944
v 0.80701184 0.14883754 0.53158182
v 0.83673495 0.16998044 0.49451566
v 0.84257936 0.16998044 0.48449638
v 0.85973698 0.18078169 0.45957795
v 0.86599886 0.18844217 0.45173901
v 0.85071987 0.16998044 0.47001255
v 0.87697804 0.18813574 0.43019497
v 0.87990028 0.18024546 0.41986421
v 0.88311476 0.16998044 0.40667820
v 0.89935392 0.18216059 0.37854114
v 0.89071250 0.16998044 0.39001399
v 0.90169168 0.16998044 0.36421305
v 0.90716040 0.16998044 0.35004067
v 0.91538441 0.17135933 0.32849663
v 0.63113600 -0.26475120 0.32849663
v 0.63042629 -0.26505762 0.32901576
v 0.63739789 -0.25808659 0.33498582
v 0.63343203 -0.25525221 0.35004067
v 0.64299184 -0.24215281 0.36530322
v 0.63923472 -0.23931846 0.37864497
v 0.62583423 -0.24429774 0.39001399
v 0.58124954 -0.26076776 0.42178500
v 0.61063874 -0.24636608 0.40984493
v 0.60437679 -0.24307206 0.42645723
v 0.59531796 -0.25686091 0.41000068
v 0.62195188 -0.24138677 0.40309620
v 0.56317353 -0.26191682 0.44426352
v 0.55085850 -0.26635990 0.45054501
v 0.53111261 -0.27708456 0.45189476
v 0.52814865 -0.28191066 0.44452307
v 0.61314344 0.03002366 0.69381118
v 0.62424791 0.03002366 0.68384379
v 0.71788412 0.08479602 0.61749852
v 0.72648382 0.09084779 0.61049020
v 0.69538307 0.07001131 0.63499331
v 0.70448369 0.07001131 0.62497401
v 0.75825250 0.10448343 0.57768095
v 0.75027901 0.10923292 0.59039968
v 0.73746300 0.08992853 0.59678507
v 0.74526948 0.08992853 0.58686960
v 0.76079899 0.11781263 0.58110720
v 0.68194085 0.05637567 0.64194971
v 0.65852135 0.04281664 0.65851009
v 0.63426697 0.03002366 0.67460322
v 0.64487040 0.03002366 0.66458392
v 0.59561014 0.00665922 0.69625109
v 0.60329139 -0.00483148 0.68290937
v 0.60834271 0.01263439 0.68846411
v 0.62086648 0.01868616 0.68072903
v 0.56062704 -0.00084803 0.72044277
v 0.58225143 -0.00314617 0.70180583
v 0.52814865 -0.00452506 0.74250597
v 0.52814865 -0.00927455 0.73985839
v 0.53107089 -0.01187911 0.73627633
v 0.54234231 -0.02291019 0.72174060
v 0.54939735 -0.00850850 0.72464776
v 0.79949754 0.14140689 0.53931695
v 0.77908373 0.12240892 0.55873251
v 0.78689027 0.12945655 0.55125701
v 0.81744832 0.14998661 0.51600778
v 0.82362670 0.14998661 0.50598854
v 0.83406323 0.15059945 0.48880520
v 0.84070081 0.15764707 0.48127776
v 0.85815066 0.16998044 0.45656699
v 0.86341065 0.16998044 0.44654769
v 0.84449971 0.15059945 0.47053167
v 0.87180156 0.16998044 0.43003923
v 0.87839746 0.16998044 0.41664559
v 0.88106918 0.15649801 0.40236938
v 0.89755881 0.16998044 0.37423235
v 0.90014708 0.15940899 0.36047530
v 0.88428360 0.14983341 0.39068890
v 0.90210915 0.15159531 0.34910625
v 0.90958166 0.15151870 0.32849663
v 0.64808488 -0.25264767 0.32849663
v 0.65033913 -0.25019631 0.33062509
v 0.64708292 -0.24521700 0.35004067
v 0.65710199 -0.23763314 0.35004067
v 0.64979643 -0.23426253 0.37116945
v 0.63585329 -0.23671389 0.39001399
v 0.66090089 -0.22070351 0.38160402
v 0.65025568 -0.22583601 0.38897574
v 0.57653224 -0.25770357 0.43512675
v 0.61769378 -0.23824599 0.41643792
v 0.59986824 -0.23985466 0.43979895
v 0.59055889 -0.25034952 0.43076602
v 0.64374328 -0.22292504 0.40600333
v 0.63076025 -0.23058552 0.41119468
v 0.55808055 -0.25877604 0.45755333
v 0.54476357 -0.26275948 0.46580756
v 0.52814865 -0.27777401 0.45391941
v 0.52814865 -0.27984232 0.44924718
v 0.53157181 -0.26766217 0.47146612
v 0.52814865 -0.27118599 0.46809176
v 0.71446097 0.07001131 0.61350119
v 0.72301888 0.07001131 0.60353380
v 0.70143622 0.05729493 0.62154776
v 0.75528854 0.08992853 0.57373548
v 0.76271933 0.08992853 0.56376815
v 0.76585025 0.11068840 0.57062072
v 0.73391461 0.06909205 0.58967292
v 0.74213856 0.07506722 0.58276844
v 0.67839241 0.04304646 0.63826388
v 0.68995607 0.05017069 0.62990582
v 0.65484774 0.03002366 0.65487611
v 0.66478324 0.03002366 0.64485687
v 0.64128029 0.01792012 0.66120958
v 0.59051716 -0.01065344 0.69038492
v 0.61665010 0.00535695 0.67688739
v 0.59878284 -0.01816069 0.67886013
v 0.61139011 -0.01203232 0.67122889
v 0.62900692 0.01163853 0.66904849
v 0.55565929 -0.01417725 0.71660113
v 0.56905973 -0.00866171 0.70922947
v 0.57745063 -0.01647539 0.69786042
v 0.52814865 -0.01394743 0.73721075
v 0.56413370 -0.02536154 0.70331132
v 0.52814865 -0.02972800 0.72797018
v 0.53015244 -0.02972800 0.72651660
v 0.53691530 -0.03623940 0.71769136
v 0.55904067 -0.03869075 0.69921017
v 0.79745197 0.12999278 0.53625405
v 0.80154312 0.11574431 0.52239317
v 0.80404782 0.12999278 0.52623475
v 0.77670425 0.10999896 0.55541009
v 0.78375930 0.10999896 0.54539078
v 0.81469309 0.12953316 0.50936288
v 0.82137245 0.13596795 0.50230265
v 0.83861351 0.14431787 0.47759190
v 0.85556239 0.14945038 0.44950676
v 0.86128157 0.15580857 0.44249845
v 0.84178621 0.12999278 0.46326381
v 0.86503875 0.14945038 0.43107748
v 0.87564218 0.14983341 0.40942961
v 0.87898189 0.14316879 0.39780101
v 0.89451140 0.15159531 0.36826229
v 0.89810157 0.14607978 0.35518011
v 0.88194585 0.13405284 0.38445926
v 0.90064806 0.13788307 0.34183839
v 0.90857977 0.14998661 0.33000213
v 0.90912247 0.14998661 0.32849663
v 0.65067309 -0.25073254 0.32849663
v 0.65651757 -0.24636608 0.32849663
v 0.65981549 -0.23977807 0.33960611
v 0.67066944 -0.22667867 0.34936583
v 0.66403180 -0.22330806 0.37002736
v 0.67780799 -0.21802235 0.35564733
v 0.67400908 -0.21457514 0.37002736
v 0.68160689 -0.20147574 0.38295376
v 0.66941702 -0.20944262 0.38892382
v 0.65706027 -0.21748611 0.39494577
v 0.58600855 -0.24406794 0.45002589
v 0.56993639 -0.25448617 0.45054501
v 0.61063874 -0.23571801 0.43190813
v 0.63956869 -0.21963105 0.41934508
v 0.62608474 -0.22476354 0.43003923
v 0.58154178 -0.24100375 0.46196598
v 0.62186837 -0.22146955 0.44270611
v 0.61034650 -0.22652546 0.44966251
v 0.60387588 -0.22292504 0.46518460
v 0.59602761 -0.23709691 0.45002589
v 0.53925312 -0.25954208 0.47909740
v 0.56976938 -0.24506381 0.46918193
v 0.55085850 -0.25617146 0.47146612
v 0.52814865 -0.26973051 0.47115463
v 0.52814865 -0.26184022 0.48729971
v 0.72047240 0.05913344 0.60052282
v 0.69797128 0.04396571 0.61765426
v 0.70928448 0.05154958 0.60908854
v 0.76046503 0.07889745 0.56065333
v 0.77332282 0.09008174 0.54907662
v 0.73921633 0.06181461 0.57897878
v 0.74986154 0.07039433 0.56984198
v 0.67480230 0.03002366 0.63442224
v 0.68415338 0.03002366 0.62445492
v 0.66131836 0.01784351 0.64132673
v 0.63718915 0.00459090 0.65726417
v 0.62387216 -0.00582734 0.66359758
v 0.61948884 -0.01915655 0.65944451
v 0.58442223 -0.02995782 0.68368804
v 0.59439951 -0.02995782 0.67512238
v 0.60141283 -0.04183155 0.66126150
v 0.60562921 -0.02995782 0.66510308
v 0.57047909 -0.03118349 0.69448608
v 0.52814865 -0.04137192 0.72090995
v 0.52814865 -0.05156034 0.71442080
v 0.54008800 -0.06006347 0.70004082
v 0.54434609 -0.04995164 0.70331132
v 0.55436516 -0.04995164 0.69547242
v 0.56175417 -0.06205519 0.68140388
v 0.56905973 -0.04826634 0.68462253
v 0.58045638 -0.04052927 0.68036562
v 0.79444629 0.10946272 0.52945340
v 0.79903835 0.10241510 0.51860350
v 0.80634385 0.10946272 0.51117986
v 0.81907642 0.12256213 0.49846107
v 0.78121281 0.09682295 0.54180878
v 0.82575577 0.12953316 0.49108937
v 0.83619225 0.12999278 0.47328308
v 0.84007466 0.11972776 0.46014899
v 0.85919428 0.14247936 0.43844920
v 0.84892476 0.12999278 0.45002589
v 0.86207473 0.12999278 0.42427683
v 0.86892110 0.12999278 0.41000068
v 0.87727028 0.12838408 0.39068890
v 0.88557774 0.12838408 0.37168857
v 0.89551330 0.13068223 0.34910625
v 0.87973332 0.12072362 0.37942368
v 0.89847726 0.12455385 0.33586833
v 0.90273535 0.13068223 0.32953489
v 0.90340328 0.13167809 0.32849663
v 0.66582692 -0.23924184 0.32849663
v 0.66983449 -0.23464555 0.33176717
v 0.68114769 -0.22093332 0.34230560
v 0.68978912 -0.20974904 0.34952158
v 0.69843054 -0.19841152 0.35678944
v 0.68503004 -0.20461652 0.37002736
v 0.66394836 -0.20354405 0.41000068
v 0.69500732 -0.19504094 0.37002736
v 0.70168668 -0.18163511 0.38310951
v 0.68983084 -0.18983182 0.38970253
v 0.67793322 -0.19795191 0.39624363
v 0.65025568 -0.21457514 0.41160998
v 0.66069216 -0.20055646 0.42111012
v 0.64987993 -0.20568898 0.42868948
v 0.63606203 -0.21672007 0.43003923
v 0.56296480 -0.24192300 0.48356193
v 0.59018320 -0.23012587 0.47022021
v 0.57628179 -0.23732671 0.47530770
v 0.61719286 -0.21771592 0.45604783
v 0.64307535 -0.20262480 0.44452307
v 0.61034650 -0.21419209 0.47110271
v 0.59882462 -0.21901819 0.47847444
v 0.55044103 -0.24644268 0.49015495
v 0.53449404 -0.25655451 0.49005112
v 0.52814865 -0.25808659 0.49441183
v 0.71713269 0.04580422 0.59652549
v 0.72539842 0.05147297 0.58998442
v 0.69417244 0.03002366 0.61344928
v 0.70302260 0.03002366 0.60342997
v 0.75758457 0.06556824 0.55675983
v 0.76484835 0.07131359 0.55006301
v 0.77854103 0.08349374 0.53791529
v 0.73641938 0.05001748 0.57539672
v 0.74401712 0.05001748 0.56537747
v 0.68093896 0.01845635 0.62097669
v 0.66916656 0.01148532 0.62907517
v 0.65731072 0.00451430 0.63717365
v 0.64399374 -0.00613376 0.64392239
v 0.61564827 -0.02995782 0.65581059
v 0.62174314 -0.04236778 0.64163822
v 0.62604296 -0.02995782 0.64584321
v 0.63969392 -0.01946297 0.63966548
v 0.58834636 -0.04780671 0.66852939
v 0.59619462 -0.05516076 0.65653735
v 0.60350013 -0.06435332 0.64324754
v 0.60909414 -0.04872596 0.64911377
v 0.52814865 -0.06803034 0.70346707
v 0.52839911 -0.06803034 0.70331132
v 0.52814865 -0.07661007 0.69765276
v 0.53403485 -0.07339267 0.69542050
v 0.54267627 -0.08281505 0.68207878
v 0.54806149 -0.06772393 0.68841219
v 0.55599320 -0.07538439 0.67667979
v 0.56951892 -0.06940924 0.66956764
v 0.58287764 -0.06335746 0.66245550
v 0.57511288 -0.05385848 0.67579722
v 0.78601360 0.09008174 0.53075123
v 0.79657531 0.08992853 0.51476187
v 0.80296242 0.08992853 0.50474262
v 0.81678039 0.10999896 0.49461949
v 0.82057923 0.09843165 0.48107010
v 0.82266653 0.10999896 0.48465213
v 0.84291339 0.11183748 0.44940293
v 0.83765334 0.10639854 0.45563254
v 0.85710698 0.12999278 0.43429613
v 0.86027968 0.11911492 0.42064291
v 0.86286795 0.11145445 0.40942961
v 0.87121713 0.10999896 0.39001399
v 0.88207108 0.10999896 0.36493984
v 0.88804078 0.10999896 0.35004067
v 0.87781298 0.10999896 0.37495911
v 0.88019252 0.09942751 0.36052722
v 0.89593077 0.11038198 0.32953489
v 0.89664042 0.11137784 0.32849663
v 0.90248489 0.12876710 0.32849663
v 0.68348545 -0.22453374 0.32849663
v 0.69404721 -0.21449852 0.33000213
v 0.70164496 -0.20155233 0.34344769
v 0.68402815 -0.22346127 0.33000213
v 0.68536401 -0.22292504 0.32849663
v 0.70999414 -0.18998504 0.34998876
v 0.70502639 -0.18508232 0.37002736
v 0.71500367 -0.17458747 0.37002736
v 0.72118205 -0.16125827 0.38222700
v 0.70966017 -0.16960818 0.38933915
v 0.69805479 -0.17795809 0.39645126
v 0.68423688 -0.18416306 0.41000068
v 0.67392564 -0.19412169 0.41000068
v 0.68093896 -0.18086907 0.42152542
v 0.66879088 -0.18875936 0.42801461
v 0.65643406 -0.19672623 0.43445188
v 0.55737084 -0.23816937 0.49690369
v 0.58417177 -0.22300166 0.49005112
v 0.56976938 -0.23334327 0.49015495
v 0.63852501 -0.19864136 0.45786482
v 0.62416440 -0.20346746 0.47001255
v 0.62036550 -0.20025006 0.48049906
v 0.60913587 -0.20453992 0.48828608
v 0.59419078 -0.21541777 0.49005112
v 0.58012241 -0.22001407 0.50012231
v 0.54401213 -0.24261245 0.50448304
v 0.52814865 -0.25034952 0.50811696
v 0.72264320 0.03507957 0.58323568
v 0.71387655 0.02902780 0.58998442
v 0.70022559 0.01968203 0.60021132
v 0.75482935 0.04886841 0.55006301
v 0.76238537 0.05469037 0.54341811
v 0.77570230 0.07001131 0.53371030
v 0.78242344 0.07001131 0.52369100
v 0.74113667 0.03783734 0.56153584
v 0.66369784 -0.00590394 0.62388384
v 0.67701483 0.00512713 0.61666787
v 0.68866193 0.01240458 0.60846555
v 0.65175849 -0.01264516 0.63177466
v 0.64165598 -0.04229117 0.62165159
v 0.63606203 -0.02995782 0.63597965
v 0.61681712 -0.05569699 0.63686222
v 0.62929916 -0.04895578 0.62923092
v 0.65956497 -0.01923316 0.61947119
v 0.59047544 -0.07055831 0.65041161
v 0.59811491 -0.07768254 0.63821197
v 0.61093092 -0.07109454 0.63084024
v 0.52814865 -0.08856040 0.68898326
v 0.55031574 -0.09024571 0.67019057
v 0.53633088 -0.09614427 0.67704314
v 0.56396669 -0.08434714 0.66333801
v 0.57728368 -0.07676329 0.65757561
v 0.78021091 0.05951647 0.52036852
v 0.79265118 0.07100717 0.50863612
v 0.80062467 0.07836122 0.50105673
v 0.81314850 0.09100100 0.48864946
v 0.81794924 0.08510243 0.47644979
v 0.82396066 0.09100100 0.46990871
v 0.85360032 0.11145445 0.42837799
v 0.84120178 0.09682295 0.44229078
v 0.83477288 0.09008174 0.44940293
v 0.85790014 0.10578570 0.41565922
v 0.86107284 0.09712937 0.40231746
v 0.86399508 0.09023495 0.39006591
v 0.88198757 0.09161383 0.34848329
v 0.88837475 0.08992853 0.33000213
v 0.87393063 0.09161383 0.36831421
v 0.86453778 0.06970489 0.37044266
v 0.87764603 0.08609830 0.35414183
v 0.89613950 0.10992236 0.32849663
v 0.69438118 -0.21480495 0.32849663
v 0.70402449 -0.20576558 0.32849663
v 0.70469242 -0.20446330 0.33000213
v 0.70607001 -0.20377386 0.32849663
v 0.71471143 -0.19458130 0.33000213
v 0.72151601 -0.18155852 0.34318814
v 0.71834338 -0.17818791 0.35652986
v 0.72422951 -0.16455227 0.37002736
v 0.73779696 -0.15742803 0.35523203
v 0.73420680 -0.15321477 0.37002736
v 0.74026000 -0.14026858 0.38046193
v 0.72898859 -0.14877170 0.38804132
v 0.71763366 -0.15727481 0.39556873
v 0.70369053 -0.16393943 0.41000068
v 0.69421417 -0.17389804 0.41000068
v 0.66353089 -0.18339702 0.44540560
v 0.70060128 -0.16056882 0.42105821
v 0.68878722 -0.16868892 0.42796269
v 0.67688960 -0.17673241 0.43486717
v 0.65113235 -0.19098088 0.45163518
v 0.53795898 -0.23862901 0.51782477
v 0.56860054 -0.22330806 0.50806504
v 0.56096101 -0.22062689 0.52109534
v 0.55044103 -0.23449236 0.51071262
v 0.65914756 -0.17910716 0.45874733
v 0.64516264 -0.18469930 0.47001255
v 0.64107156 -0.18094566 0.48143348
v 0.61523080 -0.19580698 0.49384078
v 0.60187209 -0.20147574 0.50230265
v 0.62821376 -0.18837634 0.48761117
v 0.58817935 -0.20852336 0.50785744
v 0.58291936 -0.20231837 0.52332759
v 0.57431972 -0.21564761 0.51346403
v 0.52898359 -0.24935365 0.50894761
v 0.52814865 -0.24812800 0.51190662
v 0.71913654 0.02167375 0.57892686
v 0.73019922 0.02979384 0.57020539
v 0.69634318 0.00627621 0.59574676
v 0.70481765 0.01179174 0.58946526
v 0.75933790 0.04136115 0.53910929
v 0.76977438 0.05047711 0.52976489
v 0.73771346 0.02450812 0.55696750
v 0.74589568 0.03071310 0.55021876
v 0.67129564 -0.01203232 0.61142462
v 0.68302625 -0.00483148 0.60332614
v 0.63685519 -0.05562039 0.61666787
v 0.64908677 -0.04864936 0.60898471
v 0.66119307 -0.04167833 0.60130149
v 0.65589136 -0.02995782 0.61557770
v 0.62353826 -0.06450653 0.62352043
v 0.66507548 -0.02995782 0.60561031
v 0.67889339 -0.01816069 0.59870583
v 0.61831999 -0.07783575 0.61827719
v 0.58479798 -0.08534300 0.64423388
v 0.57887006 -0.09867223 0.63893872
v 0.59206176 -0.09231403 0.63187850
v 0.59936732 -0.09920846 0.61936736
v 0.60500300 -0.08587924 0.62487018
v 0.52814865 -0.10028093 0.68020988
v 0.54459655 -0.10464740 0.66370142
v 0.55791354 -0.09767637 0.65819860
v 0.53048646 -0.11046936 0.67034632
v 0.57143927 -0.09154800 0.65124220
v 0.77720517 0.04618725 0.51569635
v 0.78371757 0.05170279 0.50941479
v 0.79782772 0.06510861 0.49648839
v 0.80429834 0.07100717 0.48989537
v 0.81527752 0.06955168 0.46990871
v 0.82170641 0.07575666 0.46310806
v 0.83857179 0.08349374 0.43730712
v 0.84462494 0.09008174 0.43040264
v 0.85506141 0.09023495 0.40942961
v 0.85852635 0.08380015 0.39681464
v 0.86149031 0.07613969 0.38347292
v 0.88027602 0.07920387 0.34085202
v 0.88891745 0.09000514 0.32849663
v 0.88186234 0.07169661 0.32849663
v 0.85881859 0.06288707 0.37734714
v 0.86165732 0.05606925 0.36405730
v 0.87418109 0.07146680 0.34848329
v 0.71504539 -0.19488773 0.32849663
v 0.72443825 -0.18462270 0.33000213
v 0.73474950 -0.17420445 0.32849663
v 0.74084443 -0.16087525 0.34189028
v 0.72965652 -0.16953157 0.34921008
v 0.74635488 -0.15045699 0.34915817
v 0.74272299 -0.14325616 0.37002736
v 0.72347808 -0.14394560 0.40636671
v 0.75733411 -0.13659155 0.35004067
v 0.75345170 -0.12946731 0.37049457
v 0.75875348 -0.11828303 0.37745094
v 0.74464333 -0.12954392 0.38830087
v 0.74205506 -0.12264949 0.40392679
v 0.73679507 -0.13597871 0.39380369
v 0.71483666 -0.15038040 0.41181761
v 0.67129564 -0.17129348 0.45194668
v 0.71980447 -0.13973235 0.41965657
v 0.70581955 -0.14976756 0.42863756
v 0.69663543 -0.15627895 0.43439996
v 0.68331850 -0.16340320 0.44514602
v 0.52814865 -0.23832259 0.52825940
v 0.52814865 -0.24169320 0.52286041
v 0.54885465 -0.22415072 0.52867466
v 0.54142386 -0.22093332 0.54144537
v 0.53077865 -0.23502859 0.53085506
v 0.56897622 -0.20921281 0.52888232
v 0.55474085 -0.21610722 0.53443706
v 0.67901862 -0.15888351 0.45848778
v 0.66511720 -0.16524170 0.47001255
v 0.66115135 -0.16118166 0.48164114
v 0.65513992 -0.17520031 0.47001255
v 0.62274504 -0.18247777 0.50349671
v 0.64866930 -0.16868892 0.48818225
v 0.63606203 -0.17619617 0.49477524
v 0.60963678 -0.18967861 0.50957054
v 0.59627807 -0.19687945 0.51564443
v 0.57699144 -0.19749227 0.53666937
v 0.70206243 -0.00337598 0.58245695
v 0.71588033 0.01002983 0.57482570
v 0.72381204 0.01002983 0.56480640
v 0.75654089 0.03002366 0.53506005
v 0.76334554 0.03002366 0.52504075
v 0.73449904 0.00903397 0.55021876
v 0.74268126 0.01500914 0.54367763
v 0.69049877 -0.01073004 0.59060735
v 0.65651757 -0.05500755 0.59611017
v 0.63080204 -0.07101794 0.61080170
v 0.64315885 -0.06412351 0.60332614
v 0.66849864 -0.04773010 0.58827126
v 0.68035448 -0.04045266 0.58043236
v 0.67509449 -0.02995782 0.59434515
v 0.69797128 -0.01670521 0.57757711
v 0.68377769 -0.02995782 0.58437777
v 0.63810754 -0.07752933 0.59792715
v 0.61218333 -0.09254386 0.61215144
v 0.61936361 -0.09920846 0.59927690
v 0.62479061 -0.08587924 0.60493547
v 0.56555307 -0.10587306 0.64485687
v 0.55929112 -0.11920229 0.63930213
v 0.57991368 -0.11989173 0.61988652
v 0.58605033 -0.10656251 0.62559700
v 0.59164429 -0.11192484 0.61562961
v 0.60011876 -0.12004493 0.60010749
v 0.60462731 -0.10993312 0.60457206
v 0.52814865 -0.11138861 0.67143649
v 0.53800070 -0.11797661 0.65830243
v 0.55194390 -0.11192484 0.65160561
v 0.52814865 -0.11598489 0.66769874
v 0.77361500 0.03017687 0.50941479
v 0.78146327 0.03699469 0.50235462
v 0.79490548 0.04948125 0.48989537
v 0.80183530 0.05583944 0.48319855
v 0.81895113 0.06250405 0.45812440
v 0.80613518 0.04948125 0.47089508
v 0.82571399 0.06955168 0.45090842
v 0.83623397 0.06909205 0.43040264
v 0.84195322 0.07506722 0.42396536
v 0.84579384 0.06909205 0.41114277
v 0.84249592 0.05423074 0.40517271
v 0.85589635 0.06970489 0.39006591
v 0.87764603 0.06587466 0.33363605
v 0.88165361 0.07116038 0.32849663
v 0.84637827 0.04856200 0.39151949
v 0.85618860 0.04963446 0.37044266
v 0.85881859 0.04274004 0.35710090
v 0.86445427 0.04963446 0.35024834
v 0.72477221 -0.18492910 0.32849663
v 0.72573239 -0.18393326 0.32849663
v 0.74280649 -0.16516510 0.32849663
v 0.74443460 -0.16332659 0.32849663
v 0.75453711 -0.14976756 0.33166334
v 0.75971359 -0.13965574 0.33939844
v 0.76493186 -0.12655634 0.35004067
v 0.76184267 -0.12241969 0.36410922
v 0.75562251 -0.11399317 0.39001399
v 0.76714438 -0.11092898 0.37049457
v 0.76280284 -0.10395795 0.39001399
v 0.76025629 -0.10035753 0.40055242
v 0.74940234 -0.10916707 0.40891048
v 0.73850667 -0.11797661 0.41726854
v 0.73099238 -0.13115261 0.41181761
v 0.70260513 -0.14294975 0.44421160
v 0.72493923 -0.12609671 0.43003923
v 0.71679872 -0.13605532 0.43003923
v 0.69087452 -0.15091662 0.45132372
v 0.52814865 -0.23571801 0.53230864
v 0.54931390 -0.20944262 0.54933619
v 0.53470278 -0.21618384 0.55478710
v 0.52814865 -0.21848196 0.55795383
v 0.52881658 -0.22438052 0.54886901
v 0.52814865 -0.22522318 0.54824603
v 0.56363273 -0.20277801 0.54383337
v 0.69843054 -0.13812365 0.45750141
v 0.68427861 -0.14463504 0.47001255
v 0.68064672 -0.14065160 0.48091435
v 0.67513627 -0.15467025 0.47001255
v 0.64295012 -0.16286696 0.50386006
v 0.66854036 -0.14838867 0.48792267
v 0.66261244 -0.14279653 0.50349671
v 0.65630883 -0.15612575 0.49498290
v 0.60408461 -0.18355024 0.52483308
v 0.63025934 -0.17022102 0.51034927
v 0.61740154 -0.17757507 0.51678652
v 0.59064239 -0.19052127 0.53075123
v 0.59836543 -0.17849432 0.53812289
v 0.58500671 -0.18416306 0.54539078
v 0.57123053 -0.19098088 0.55130893
v 0.55720389 -0.19779870 0.55717516
v 0.70936799 -0.00889152 0.56921905
v 0.72068113 -0.00107785 0.56086099
v 0.76059026 0.01883937 0.52093959
v 0.73909110 0.00167992 0.53874588
v 0.74986154 0.01025965 0.52986866
v 0.65038091 -0.07040510 0.59039968
v 0.66244549 -0.06335746 0.58282036
v 0.67580420 -0.05378187 0.57503337
v 0.68457085 -0.04826634 0.56901139
v 0.69922370 -0.03869075 0.55904400
v 0.69454813 -0.03118349 0.57056880
v 0.70339829 -0.02536154 0.56423533
v 0.65756118 -0.07668668 0.57721370
v 0.63184565 -0.09223743 0.59200901
v 0.64424425 -0.08526641 0.58463734
v 0.63890076 -0.09859562 0.57877111
v 0.61560649 -0.11184824 0.59164560
v 0.61986458 -0.11973852 0.57986128
v 0.62558377 -0.10640930 0.58603901
v 0.54593241 -0.12563708 0.64501262
v 0.53891909 -0.13896629 0.63904256
v 0.55987561 -0.13980895 0.61983460
v 0.56659669 -0.12647973 0.62601227
v 0.58024764 -0.14019197 0.60021132
v 0.59356463 -0.13337415 0.59356642
v 0.60020220 -0.14011537 0.58022469
v 0.52814865 -0.12264949 0.66224784
v 0.53178054 -0.13161224 0.65144986
v 0.77820706 0.02366547 0.49716324
v 0.79887134 0.04251023 0.47811103
v 0.78559613 0.03017687 0.49031067
v 0.81678039 0.04848539 0.45090842
v 0.82249957 0.05415414 0.44478261
v 0.80271196 0.03423692 0.46482122
v 0.83923972 0.06181461 0.41851446
v 0.82688290 0.04848539 0.43164855
v 0.83711064 0.04856200 0.41114277
v 0.83957368 0.04090153 0.39915076
v 0.87355489 0.05154958 0.32849663
v 0.84262115 0.03439013 0.38586092
v 0.84629476 0.02864477 0.37137711
v 0.86144859 0.03684148 0.34375918
v 0.85577112 0.03010026 0.35024834
v 0.75495458 -0.15084003 0.32849663
v 0.75896221 -0.14601393 0.32849663
v 0.76660168 -0.13620853 0.32849663
v 0.77081805 -0.13069299 0.32849663
v 0.77023363 -0.13030997 0.33067700
v 0.77808183 -0.11728717 0.33529729
v 0.77591103 -0.11031614 0.35185766
v 0.77987695 -0.09982130 0.35980040
v 0.77753913 -0.09629749 0.37002736
v 0.77307230 -0.08909664 0.38959870
v 0.77804011 -0.07683989 0.39598405
v 0.76376295 -0.08917324 0.40833944
v 0.76129997 -0.08197241 0.42245987
v 0.75674963 -0.09530161 0.41389418
v 0.74343270 -0.10464740 0.42624956
v 0.72139078 -0.12165363 0.44229078
v 0.73975903 -0.09959148 0.43959129
v 0.73579317 -0.11077577 0.43175238
v 0.70995241 -0.12992693 0.44992206
v 0.54388690 -0.20285460 0.56387198
v 0.52814865 -0.21013206 0.56921905
v 0.52814865 -0.22407413 0.54995918
v 0.70398271 -0.12479442 0.46611905
v 0.69964117 -0.11950870 0.47946078
v 0.69521606 -0.13084620 0.47167379
v 0.68515527 -0.12916090 0.48854563
v 0.67592943 -0.13521266 0.49425611
v 0.65025568 -0.15022719 0.51034927
v 0.63777363 -0.15765785 0.51720184
v 0.68164861 -0.12188345 0.50225079
v 0.66966754 -0.12954392 0.50951862
v 0.65756118 -0.13720439 0.51683843
v 0.61151540 -0.17137009 0.53178948
v 0.62445664 -0.16424584 0.52545607
v 0.61894619 -0.15888351 0.53879780
v 0.60562921 -0.16516510 0.54627335
v 0.59961778 -0.15957296 0.55961508
v 0.59231222 -0.17205952 0.55250293
v 0.57878655 -0.17887734 0.55873251
v 0.56546956 -0.18446949 0.56558508
v 0.55140114 -0.19105747 0.57139939
v 0.53704053 -0.19772211 0.57716179
v 0.71671528 -0.01440706 0.55577350
v 0.72498095 -0.00866171 0.54949194
v 0.75708359 0.00551016 0.51559252
v 0.76142520 -0.00260994 0.50230265
v 0.76413870 0.01133211 0.50936288
v 0.72185004 -0.02291019 0.54243171
v 0.73654461 -0.01195572 0.53127033
v 0.73996776 -0.01992260 0.51995325
v 0.74372488 -0.00659338 0.52540416
v 0.68139815 -0.06190197 0.56169158
v 0.66954231 -0.06925602 0.56947863
v 0.71771717 -0.03623940 0.53687698
v 0.69546652 -0.04995164 0.55426800
v 0.70001686 -0.05998686 0.54004371
v 0.70327306 -0.04995164 0.54430062
v 0.65117407 -0.09139478 0.57134748
v 0.66328037 -0.08427055 0.56392390
v 0.63238835 -0.11269088 0.57264531
v 0.63919294 -0.11897247 0.55904400
v 0.64478695 -0.10564326 0.56542939
v 0.65814567 -0.09759976 0.55779809
v 0.62583423 -0.12632652 0.56651956
v 0.61973935 -0.13965574 0.55971891
v 0.52814865 -0.13314433 0.65305918
v 0.52814865 -0.14371578 0.64350712
v 0.53236496 -0.15198909 0.63198233
v 0.53912783 -0.15918994 0.61921161
v 0.54655862 -0.14586072 0.62570083
v 0.55315447 -0.15283175 0.61282629
v 0.55979210 -0.15972617 0.59974414
v 0.57194018 -0.15589593 0.59190518
v 0.57987189 -0.15980278 0.57986128
v 0.60496128 -0.14478825 0.57004964
v 0.77515960 0.00926379 0.49031067
v 0.78229821 0.01546877 0.48382151
v 0.79645008 0.02856817 0.47089508
v 0.81961912 0.04082492 0.43938363
v 0.79958105 0.02090770 0.45926648
v 0.80734575 0.02856817 0.45158330
v 0.82300055 0.03339427 0.42604190
v 0.81995308 0.02006505 0.41996804
v 0.82316750 0.01347705 0.40662628
v 0.83736116 0.02864477 0.39151949
v 0.86445427 0.03086631 0.32849663
v 0.83953190 0.02098431 0.37895644
v 0.84237063 0.01516235 0.36561471
v 0.85840112 0.02351226 0.33581641
v 0.86374462 0.03010026 0.32948300
v 0.84554338 0.00911058 0.35071558
v 0.77282184 -0.12801182 0.32849663
v 0.78484470 -0.11131200 0.32849663
v 0.78267390 -0.10395795 0.34645867
v 0.79010469 -0.09016910 0.35030025
v 0.79749370 -0.07592063 0.35414183
v 0.78405154 -0.08626227 0.37002736
v 0.78121281 -0.08189580 0.38264230
v 0.78522038 -0.07009868 0.38959870
v 0.78217298 -0.06351067 0.40439403
v 0.77490914 -0.07009868 0.41062361
v 0.77879155 -0.05799514 0.41773576
v 0.76522410 -0.06979226 0.42946818
v 0.75762630 -0.07638027 0.43580163
v 0.72610807 -0.10985652 0.44940293
v 0.71729970 -0.11644451 0.45563254
v 0.72239268 -0.10311531 0.46373102
v 0.74351615 -0.08511320 0.45002589
v 0.74042696 -0.08051692 0.46066815
v 0.73658633 -0.09514841 0.45002589
v 0.52814865 -0.20814034 0.57186663
v 0.71103781 -0.11131200 0.47156996
v 0.71809286 -0.09729335 0.47707278
v 0.70377398 -0.10487720 0.49005112
v 0.70026731 -0.10028093 0.50038189
v 0.69596750 -0.11483581 0.49005112
v 0.64420247 -0.14432862 0.52519649
v 0.63163692 -0.15160607 0.53199714
v 0.66340566 -0.12387517 0.52436584
v 0.68853670 -0.10809460 0.50801313
v 0.67672259 -0.11590828 0.51559252
v 0.65117407 -0.13122922 0.53147799
v 0.63881725 -0.13865988 0.53853822
v 0.62545854 -0.14555430 0.54637712
v 0.61268425 -0.15260193 0.55302209
v 0.58630079 -0.16554813 0.56657147
v 0.55887371 -0.17903055 0.57892686
v 0.57264984 -0.17228934 0.57274914
v 0.54555672 -0.18439287 0.58531219
v 0.53111261 -0.19082767 0.59102267
v 0.52814865 -0.19212994 0.59216475
v 0.52814865 -0.20093951 0.58131486
v 0.75073820 -0.01126627 0.51112795
v 0.75775158 -0.01593915 0.49648839
v 0.76539105 -0.00958097 0.48989537
v 0.77891678 0.00213955 0.47826678
v 0.72660905 -0.02972800 0.53012824
v 0.73692030 -0.02995782 0.51554060
v 0.74051046 -0.04075908 0.50074530
v 0.67659736 -0.07523119 0.55582541
v 0.71358430 -0.05033466 0.53012824
v 0.72255969 -0.04389987 0.52353525
v 0.70318955 -0.06795375 0.52831131
v 0.71825987 -0.05722909 0.51751328
v 0.68198258 -0.08258525 0.54248363
v 0.69529957 -0.07331607 0.53386605
v 0.70039260 -0.08051692 0.52052426
v 0.67012674 -0.09009250 0.55011493
v 0.64478695 -0.12533066 0.54570228
v 0.65814567 -0.11774680 0.53770763
v 0.65146631 -0.11169502 0.55172420
v 0.67693132 -0.09591445 0.53609830
v 0.66361439 -0.10441758 0.54445636
v 0.52814865 -0.15382761 0.63374740
v 0.54647517 -0.16539492 0.60586989
v 0.52814865 -0.16370961 0.62388384
v 0.53215629 -0.17175311 0.61183995
v 0.53850168 -0.17872413 0.59860200
v 0.55265355 -0.17221273 0.59258008
v 0.56655496 -0.16570133 0.58645427
v 0.78684849 0.00926379 0.47094700
v 0.80321294 0.01347705 0.44597664
v 0.81769878 0.02803194 0.43164855
v 0.78284091 -0.00536771 0.46492505
v 0.79741025 0.00811472 0.45158330
v 0.79991502 0.00014783 0.43990278
v 0.80793023 0.00811472 0.43196005
v 0.80333817 -0.00644018 0.42656103
v 0.81794924 0.00811472 0.41197336
v 0.81991130 0.00014783 0.39992946
v 0.86336887 0.02849156 0.32849663
v 0.82291704 -0.00567413 0.38658774
v 0.83694369 0.00911058 0.37137711
v 0.83911449 0.00183313 0.35787961
v 0.85556239 0.01186835 0.32849663
v 0.84178621 -0.00345259 0.34453785
v 0.85472745 0.01094909 0.32948300
v 0.78593010 -0.10970330 0.32849663
v 0.79628313 -0.09422916 0.32849663
v 0.79599088 -0.09376952 0.33000213
v 0.80029070 -0.08044031 0.34080011
v 0.80371386 -0.06956245 0.34848329
v 0.80154312 -0.06259142 0.36364201
v 0.79440451 -0.06956245 0.37018311
v 0.79862088 -0.05768871 0.37698376
v 0.79615784 -0.05056448 0.39131182
v 0.79941404 -0.03899717 0.39883929
v 0.78663975 -0.05079430 0.41062361
v 0.76192617 -0.06305104 0.44343287
v 0.78275740 -0.04466592 0.42536703
v 0.77599454 -0.05079430 0.43123323
v 0.75366044 -0.06979226 0.45007780
v 0.72928077 -0.08894344 0.46887046
v 0.75804377 -0.05684607 0.45672274
v 0.74343270 -0.06848998 0.46840322
v 0.74063569 -0.06090611 0.48096627
v 0.73621064 -0.07423533 0.47400987
v 0.72285193 -0.08396412 0.48434064
v 0.71408528 -0.09039892 0.49062216
v 0.68206608 -0.10257907 0.52275658
v 0.71842682 -0.07760593 0.49768239
v 0.70344001 -0.08825399 0.50822079
v 0.69542480 -0.09384613 0.51372361
v 0.67016846 -0.11016293 0.53023207
v 0.52814865 -0.18278417 0.60322231
v 0.75378567 -0.02995782 0.48989537
v 0.76192617 -0.02336981 0.48314664
v 0.77607805 -0.01118967 0.47094700
v 0.72940606 -0.04895578 0.50915527
v 0.72293538 -0.06427673 0.50422347
v 0.73625237 -0.05408829 0.49430799
v 0.75804377 -0.03669903 0.47691703
v 0.71425223 -0.07055831 0.51050496
v 0.68870372 -0.08817738 0.52831131
v 0.52814865 -0.16731003 0.62004226
v 0.52814865 -0.17343841 0.61350119
v 0.77925074 -0.01869693 0.45879924
v 0.79770243 -0.01180250 0.43196005
v 0.79987323 -0.01976939 0.41976038
v 0.78300786 -0.02536154 0.44545752
v 0.81753182 -0.01141948 0.39193481
v 0.81949389 -0.01900335 0.37890452
v 0.80312943 -0.02566795 0.40647054
v 0.82663244 -0.01141948 0.37132519
v 0.82233256 -0.02436567 0.36556280
v 0.83585829 -0.01004060 0.35071558
v 0.84487540 -0.00942776 0.32849663
v 0.83832133 -0.01678181 0.33571258
v 0.84379005 -0.01157269 0.32849663
v 0.80342168 -0.08296826 0.32849663
v 0.80237800 -0.08373432 0.33000213
v 0.81239706 -0.06818356 0.32849663
v 0.81761527 -0.05585021 0.33384371
v 0.81477654 -0.04949202 0.35014451
v 0.81874245 -0.03769489 0.35694516
v 0.80571771 -0.05056448 0.37018311
v 0.80250323 -0.04435950 0.38554946
v 0.80709529 -0.03141330 0.39131182
v 0.79724324 -0.03141330 0.41186953
v 0.77925074 -0.03869075 0.43870878
v 0.76597553 -0.05010485 0.45007780
v 0.76209313 -0.04351684 0.46357530
v 0.75403619 -0.05010485 0.47016829
v 0.72957301 -0.06925602 0.48932433
v 0.76597553 -0.02995782 0.47016829
v 0.77641201 -0.03118349 0.45127183
v 0.81644642 -0.03057066 0.37132519
v 0.82525480 -0.03057066 0.35014451
v 0.82141417 -0.04252099 0.34360343
v 0.83418846 -0.02896196 0.32943109
v 0.83506513 -0.02796610 0.32849663
v 0.82308400 -0.04972183 0.32849663
v 0.83435541 -0.02926838 0.32849663
f 1 2 3
f 1 3 4
f 1 4 5
f 1 5 13
f 1 13 21
f 1 21 40
f 1 40 48
f 1 48 47
f 1 47 73
f 1 73 103
f 1 103 143
f 1 143 186
f 1 186 185
f 1 185 227
f 1 227 279
f 1 279 333
f 1 333 384
f 1 384 386
f 1 386 385
f 1 385 442
f 1 442 497
f 1 497 499
f 1 499 556
f 1 556 555
f 1 555 611
f 1 611 664
f 1 664 718
f 1 718 775
f 1 775 828
f 1 828 881
f 1 881 936
f 1 936 992
f 1 992 1048
f 1 1048 1047
f 1 1047 1046
f 1 1046 1101
f 1 1101 1159
f 1 1159 1221
f 1 1221 1220
f 1 1220 1223
f 1 1223 1294
f 1 1294 1295
f 1 1295 1365
f 1 1365 1442
f 1 1442 1520
f 1 1520 1587
f 1 1587 1586
f 1 1586 1671
f 1 1671 1676
f 1 1676 1758
f 1 1758 1674
f 1 1674 1757
f 1 1757 1847
f 1 1847 1868
f 1 1868 1867
f 1 1867 1941
f 1 1941 1952
f 1 1952 1951
f 1 1951 1892
f 1 1892 1890
f 1 1890 1803
f 1 1803 1802
f 1 1802 1720
f 1 1720 1633
f 1 1633 1630
f 1 1630 1544
f 1 1544 1463
f 1 1463 1389
f 1 1389 1387
f 1 1387 1315
f 1 1315 1314
f 1 1314 1247
f 1 1247 1245
f 1 1245 1182
f 1 1182 1181
f 1 1181 1123
f 1 1123 1066
f 1 1066 1009
f 1 1009 1007
f 1 1007 951
f 1 951 902
f 1 902 847
f 1 847 795
f 1 795 737
f 1 737 736
f 1 736 683
f 1 683 631
f 1 631 630
f 1 630 574
f 1 574 514
f 1 514 456
f 1 456 398
f 1 398 345
f 1 345 290
f 1 290 238
f 1 238 197
f 1 197 196
f 1 196 153
f 1 153 109
f 1 109 79
f 1 79 55
f 1 55 54
f 1 54 28
f 1 28 24
f 1 24 14
f 1 14 6
f 1 6 2
f 2 6 3
f 3 7 4
f 3 6 8
f 3 8 9
f 3 9 7
f 4 7 10
f 4 10 11
f 4 11 5
f 5 11 12
f 5 12 13
f 6 14 8
f 7 15 18
f 7 18 10
f 7 9 15
f 8 14 9
f 9 14 16
f 9 16 17
f 9 17 15
f 10 18 34
f 10 34 19
f 10 19 11
f 11 19 20
f 11 20 12
f 12 21 13
f 12 20 22
f 12 22 23
f 12 23 21
f 14 24 16
f 15 25 26
f 15 26 18
f 15 17 25
f 16 27 17
f 16 24 28
f 16 28 29
f 16 29 30
f 16 30 27
f 17 27 31
f 17 31 32
f 17 32 25
f 18 26 33
f 18 33 34
f 19 34 20
f 20 35 22
f 20 34 33
f 20 33 36
f 20 36 37
f 20 37 38
f 20 38 39
f 20 39 35
f 21 23 40
f 22 35 41
f 22 41 42
f 22 42 43
f 22 43 23
f 23 43 44
f 23 44 45
f 23 45 46
f 23 46 47
f 23 47 48
f 23 48 40
f 25 49 50
f 25 50 26
f 25 32 51
f 25 51 49
f 26 50 36
f 26 36 33
f 27 30 52
f 27 52 53
f 27 53 31
f 28 54 29
f 29 54 55
f 29 55 56
f 29 56 57
f 29 57 30
f 30 57 52
f 31 58 32
f 31 53 59
f 31 59 58
f 32 58 51
f 35 60 61
f 35 61 42
f 35 42 41
f 35 39 62
f 35 62 63
f 35 63 60
f 36 50 64
f 36 64 37
f 37 64 38
f 38 64 65
f 38 65 39
f 39 65 66
f 39 66 62
f 42 67 44
f 42 44 43
f 42 61 67
f 44 67 68
f 44 68 69
f 44 69 70
f 44 70 46
f 44 46 45
f 46 70 69
f 46 69 47
f 47 71 72
f 47 72 73
f 47 69 71
f 49 74 64
f 49 64 50
f 49 51 75
f 49 75 74
f 51 58 75
f 52 57 76
f 52 76 77
f 52 77 53
f 53 78 59
f 53 77 78
f 55 79 56
f 56 79 80
f 56 80 57
f 57 80 76
f 58 59 81
f 58 81 75
f 59 78 82
f 59 82 81
f 60 83 84
f 60 84 67
f 60 67 61
f 60 63 85
f 60 85 83
f 62 86 63
f 62 66 87
f 62 87 88
f 62 88 86
f 63 86 89
f 63 89 90
f 63 90 91
f 63 91 85
f 64 74 65
f 65 74 92
f 65 92 66
f 66 92 93
f 66 93 94
f 66 94 87
f 67 95 68
f 67 84 95
f 68 96 97
f 68 97 69
f 68 95 96
f 69 97 72
f 69 72 71
f 72 98 73
f 72 97 99
f 72 99 98
f 73 98 100
f 73 100 101
f 73 101 102
f 73 102 103
f 74 75 104
f 74 104 92
f 75 81 105
f 75 105 104
f 76 80 106
f 76 106 77
f 77 107 78
f 77 106 107
f 78 107 108
f 78 108 82
f 79 109 80
f 80 109 110
f 80 110 111
f 80 111 106
f 81 82 112
f 81 112 105
f 82 108 112
f 83 85 113
f 83 113 114
f 83 114 115
f 83 115 95
f 83 95 84
f 85 116 117
f 85 117 113
f 85 91 118
f 85 118 119
f 85 119 116
f 86 88 89
f 87 94 120
f 87 120 88
f 88 120 121
f 88 121 122
f 88 122 123
f 88 123 89
f 89 91 90
f 89 123 124
f 89 124 125
f 89 125 91
f 91 125 160
f 91 160 118
f 92 104 93
f 93 104 126
f 93 126 127
f 93 127 94
f 94 127 162
f 94 162 120
f 95 115 114
f 95 114 128
f 95 128 96
f 96 128 129
f 96 129 130
f 96 130 131
f 96 131 99
f 96 99 97
f 98 99 132
f 98 132 133
f 98 133 100
f 99 131 134
f 99 134 132
f 100 133 135
f 100 135 136
f 100 136 137
f 100 137 138
f 100 138 101
f 101 138 139
f 101 139 140
f 101 140 141
f 101 141 102
f 102 141 183
f 102 183 226
f 102 226 278
f 102 278 332
f 102 332 383
f 102 383 441
f 102 441 496
f 102 496 551
f 102 551 553
f 102 553 607
f 102 607 609
f 102 609 663
f 102 663 662
f 102 662 715
f 102 715 768
f 102 768 769
f 102 769 771
f 102 771 770
f 102 770 821
f 102 821 872
f 102 872 927
f 102 927 979
f 102 979 981
f 102 981 1033
f 102 1033 1088
f 102 1088 1143
f 102 1143 1203
f 102 1203 1270
f 102 1270 1340
f 102 1340 1415
f 102 1415 1414
f 102 1414 1485
f 102 1485 1561
f 102 1561 1562
f 102 1562 1647
f 102 1647 1732
f 102 1732 1822
f 102 1822 1907
f 102 1907 1911
f 102 1911 1963
f 102 1963 1965
f 102 1965 1987
f 102 1987 1989
f 102 1989 1988
f 102 1988 1968
f 102 1968 1966
f 102 1966 1915
f 102 1915 1914
f 102 1914 1829
f 102 1829 1828
f 102 1828 1740
f 102 1740 1739
f 102 1739 1738
f 102 1738 1737
f 102 1737 1655
f 102 1655 1654
f 102 1654 1568
f 102 1568 1653
f 102 1653 1652
f 102 1652 1566
f 102 1566 1489
f 102 1489 1487
f 102 1487 1486
f 102 1486 1420
f 102 1420 1416
f 102 1416 1341
f 102 1341 1272
f 102 1272 1271
f 102 1271 1204
f 102 1204 1144
f 102 1144 1090
f 102 1090 1089
f 102 1089 1035
f 102 1035 1034
f 102 1034 983
f 102 983 982
f 102 982 928
f 102 928 874
f 102 874 873
f 102 873 823
f 102 823 822
f 102 822 772
f 102 772 717
f 102 717 664
f 102 664 611
f 102 611 610
f 102 610 554
f 102 554 498
f 102 498 443
f 102 443 387
f 102 387 334
f 102 334 280
f 102 280 228
f 102 228 184
f 102 184 142
f 102 142 103
f 103 142 143
f 104 105 144
f 104 144 126
f 105 112 144
f 106 145 107
f 106 111 146
f 106 146 145
f 107 147 108
f 107 145 148
f 107 148 147
f 108 147 149
f 108 149 150
f 108 150 151
f 108 151 152
f 108 152 112
f 109 153 110
f 110 153 154
f 110 154 155
f 110 155 146
f 110 146 111
f 112 152 144
f 113 117 114
f 114 117 156
f 114 156 129
f 114 129 128
f 116 157 158
f 116 158 117
f 116 119 159
f 116 159 157
f 117 158 156
f 118 160 161
f 118 161 119
f 119 161 159
f 120 162 163
f 120 163 121
f 121 163 122
f 122 164 123
f 122 163 164
f 123 164 165
f 123 165 124
f 124 165 125
f 125 165 160
f 126 144 166
f 126 166 127
f 127 166 167
f 127 167 162
f 129 156 168
f 129 168 131
f 129 131 130
f 131 168 134
f 132 169 133
f 132 134 170
f 132 170 171
f 132 171 169
f 133 169 172
f 133 172 173
f 133 173 174
f 133 174 175
f 133 175 176
f 133 176 135
f 134 168 170
f 135 176 177
f 135 177 136
f 136 177 137
f 137 178 179
f 137 179 180
f 137 180 181
f 137 181 139
f 137 139 138
f 137 177 178
f 139 181 140
f 140 181 182
f 140 182 141
f 141 182 183
f 142 184 185
f 142 185 186
f 142 186 143
f 144 152 187
f 144 187 166
f 145 146 188
f 145 188 148
f 146 155 189
f 146 189 190
f 146 190 188
f 147 148 149
f 148 188 229
f 148 229 191
f 148 191 149
f 149 191 192
f 149 192 193
f 149 193 150
f 150 193 151
f 151 194 195
f 151 195 187
f 151 187 152
f 151 193 194
f 153 196 154
f 154 196 197
f 154 197 198
f 154 198 155
f 155 198 189
f 156 199 168
f 156 158 199
f 157 159 200
f 157 200 201
f 157 201 158
f 158 201 199
f 159 202 200
f 159 161 203
f 159 203 204
f 159 204 205
f 159 205 202
f 160 165 206
f 160 206 207
f 160 207 161
f 161 207 249
f 161 249 203
f 162 208 163
f 162 167 209
f 162 209 208
f 163 208 210
f 163 210 211
f 163 211 212
f 163 212 165
f 163 165 164
f 165 212 213
f 165 213 206
f 166 187 195
f 166 195 167
f 167 195 214
f 167 214 209
f 168 199 215
f 168 215 170
f 169 171 172
f 170 215 171
f 171 216 173
f 171 173 172
f 171 215 216
f 173 216 174
f 174 176 175
f 174 216 217
f 174 217 176
f 176 217 218
f 176 218 219
f 176 219 177
f 177 219 220
f 177 220 178
f 178 220 221
f 178 221 179
f 179 221 222
f 179 222 223
f 179 223 180
f 180 182 181
f 180 223 224
f 180 224 182
f 182 224 183
f 183 224 225
f 183 225 226
f 184 227 185
f 184 228 227
f 188 190 230
f 188 230 229
f 189 198 231
f 189 231 232
f 189 232 230
f 189 230 190
f 191 229 233
f 191 233 192
f 192 233 234
f 192 234 193
f 193 234 235
f 193 235 236
f 193 236 194
f 194 237 195
f 194 236 237
f 195 237 214
f 197 238 239
f 197 239 240
f 197 240 198
f 198 240 231
f 199 241 215
f 199 201 241
f 200 242 243
f 200 243 244
f 200 244 201
f 200 202 245
f 200 245 242
f 201 244 241
f 202 246 245
f 202 205 247
f 202 247 248
f 202 248 246
f 203 249 250
f 203 250 204
f 204 250 205
f 205 250 251
f 205 251 252
f 205 252 247
f 206 213 207
f 207 213 249
f 208 209 210
f 209 253 210
f 209 214 253
f 210 253 254
f 210 254 211
f 211 255 256
f 211 256 212
f 211 254 257
f 211 257 258
f 211 258 255
f 212 256 213
f 213 259 249
f 213 256 255
f 213 255 259
f 214 237 260
f 214 260 261
f 214 261 253
f 215 241 262
f 215 262 216
f 216 263 217
f 216 262 264
f 216 264 263
f 217 263 218
f 218 263 265
f 218 265 219
f 219 265 220
f 220 265 221
f 221 265 266
f 221 266 267
f 221 267 268
f 221 268 222
f 222 268 269
f 222 269 270
f 222 270 271
f 222 271 223
f 223 271 272
f 223 272 273
f 223 273 274
f 223 274 275
f 223 275 224
f 224 275 274
f 224 274 276
f 224 276 277
f 224 277 225
f 225 277 226
f 226 277 278
f 227 228 279
f 228 280 279
f 229 230 281
f 229 281 282
f 229 282 233
f 230 232 283
f 230 283 281
f 231 240 284
f 231 284 285
f 231 285 232
f 232 285 283
f 233 286 234
f 233 282 286
f 234 286 287
f 234 287 288
f 234 288 235
f 235 288 236
f 236 289 260
f 236 260 237
f 236 288 289
f 238 290 239
f 239 291 240
f 239 290 292
f 239 292 291
f 240 291 284
f 241 244 243
f 241 243 293
f 241 293 262
f 242 294 295
f 242 295 296
f 242 296 243
f 242 245 297
f 242 297 294
f 243 296 264
f 243 264 293
f 245 246 248
f 245 248 298
f 245 298 299
f 245 299 297
f 247 252 300
f 247 300 248
f 248 299 298
f 248 300 301
f 248 301 302
f 248 302 303
f 248 303 299
f 249 259 250
f 250 259 251
f 251 259 304
f 251 304 252
f 252 305 300
f 252 304 306
f 252 306 305
f 253 261 307
f 253 307 254
f 254 307 310
f 254 310 257
f 255 308 309
f 255 309 259
f 255 258 308
f 257 310 311
f 257 311 258
f 258 311 312
f 258 312 313
f 258 313 314
f 258 314 308
f 259 309 315
f 259 315 316
f 259 316 304
f 260 317 261
f 260 289 318
f 260 318 317
f 261 317 307
f 262 293 264
f 263 264 295
f 263 295 319
f 263 319 265
f 264 296 295
f 265 319 266
f 266 319 320
f 266 320 321
f 266 321 267
f 267 321 322
f 267 322 323
f 267 323 324
f 267 324 325
f 267 325 268
f 268 325 269
f 269 272 270
f 269 325 324
f 269 324 326
f 269 326 327
f 269 327 272
f 270 272 271
f 272 327 328
f 272 328 276
f 272 276 273
f 273 276 274
f 276 328 329
f 276 329 330
f 276 330 277
f 277 330 278
f 278 330 329
f 278 329 331
f 278 331 332
f 279 280 333
f 280 334 333
f 281 283 335
f 281 335 282
f 282 335 336
f 282 336 286
f 283 285 337
f 283 337 338
f 283 338 335
f 284 291 339
f 284 339 340
f 284 340 285
f 285 340 337
f 286 336 341
f 286 341 287
f 287 341 342
f 287 342 288
f 288 342 343
f 288 343 344
f 288 344 289
f 289 344 318
f 290 345 292
f 291 292 346
f 291 346 339
f 292 345 346
f 294 297 347
f 294 347 348
f 294 348 295
f 295 348 319
f 297 349 350
f 297 350 347
f 297 299 351
f 297 351 349
f 299 303 352
f 299 352 351
f 300 305 301
f 301 305 302
f 302 305 353
f 302 353 303
f 303 353 407
f 303 407 352
f 304 316 315
f 304 315 306
f 305 354 353
f 305 306 354
f 306 315 355
f 306 355 356
f 306 356 357
f 306 357 353
f 306 353 354
f 307 317 358
f 307 358 310
f 308 314 309
f 309 359 315
f 309 314 359
f 310 358 311
f 311 358 360
f 311 360 361
f 311 361 312
f 312 361 362
f 312 362 313
f 313 363 314
f 313 362 363
f 314 363 364
f 314 364 359
f 315 359 365
f 315 365 355
f 317 318 358
f 318 344 397
f 318 397 366
f 318 366 358
f 319 348 320
f 320 348 367
f 320 367 368
f 320 368 321
f 321 368 369
f 321 369 323
f 321 323 322
f 323 369 324
f 324 369 370
f 324 370 326
f 326 370 371
f 326 371 372
f 326 372 373
f 326 373 327
f 327 373 374
f 327 374 375
f 327 375 328
f 328 375 376
f 328 376 377
f 328 377 329
f 329 377 378
f 329 378 379
f 329 379 380
f 329 380 381
f 329 381 331
f 331 381 382
f 331 382 332
f 332 382 383
f 333 334 384
f 334 385 386
f 334 386 384
f 334 387 385
f 335 338 388
f 335 388 389
f 335 389 390
f 335 390 336
f 336 390 341
f 337 340 391
f 337 391 392
f 337 392 338
f 338 392 388
f 339 346 393
f 339 393 340
f 340 393 391
f 341 390 447
f 341 447 394
f 341 394 342
f 342 394 395
f 342 395 396
f 342 396 343
f 343 396 344
f 344 396 397
f 345 398 399
f 345 399 346
f 346 399 400
f 346 400 393
f 347 350 367
f 347 367 348
f 349 370 369
f 349 369 350
f 349 351 401
f 349 401 402
f 349 402 403
f 349 403 404
f 349 404 405
f 349 405 406
f 349 406 370
f 350 368 367
f 350 369 368
f 351 352 401
f 352 407 408
f 352 408 409
f 352 409 401
f 353 357 410
f 353 410 407
f 355 365 411
f 355 411 356
f 356 411 357
f 357 411 412
f 357 412 413
f 357 413 410
f 358 366 414
f 358 414 360
f 359 364 415
f 359 415 416
f 359 416 365
f 360 414 361
f 361 414 417
f 361 417 418
f 361 418 362
f 362 419 363
f 362 418 419
f 363 419 420
f 363 420 364
f 364 420 415
f 365 416 421
f 365 421 411
f 366 397 414
f 370 406 422
f 370 422 423
f 370 423 424
f 370 424 425
f 370 425 426
f 370 426 371
f 371 426 427
f 371 427 428
f 371 428 429
f 371 429 372
f 372 429 430
f 372 430 373
f 373 430 374
f 374 430 431
f 374 431 432
f 374 432 375
f 375 432 433
f 375 433 376
f 376 433 377
f 377 433 434
f 377 434 435
f 377 435 378
f 378 435 436
f 378 436 379
f 379 436 380
f 380 436 437
f 380 437 438
f 380 438 381
f 381 438 382
f 382 438 439
f 382 439 440
f 382 440 383
f 383 440 441
f 385 387 442
f 387 443 442
f 388 444 389
f 388 392 445
f 388 445 446
f 388 446 444
f 389 444 390
f 390 444 447
f 391 393 448
f 391 448 392
f 392 448 445
f 393 400 449
f 393 449 450
f 393 450 448
f 394 447 451
f 394 451 395
f 395 451 452
f 395 452 396
f 396 452 453
f 396 453 454
f 396 454 397
f 397 455 414
f 397 454 455
f 398 456 457
f 398 457 399
f 399 457 458
f 399 458 400
f 400 458 449
f 401 409 459
f 401 459 402
f 402 459 460
f 402 460 403
f 403 460 461
f 403 461 404
f 404 461 462
f 404 462 405
f 405 462 406
f 406 462 463
f 406 463 464
f 406 464 422
f 407 410 465
f 407 465 408
f 408 466 459
f 408 459 409
f 408 465 467
f 408 467 466
f 410 413 465
f 411 421 468
f 411 468 412
f 412 468 469
f 412 469 413
f 413 470 465
f 413 469 471
f 413 471 526
f 413 526 470
f 414 455 472
f 414 472 417
f 415 420 473
f 415 473 474
f 415 474 416
f 416 474 421
f 417 472 475
f 417 475 418
f 418 475 476
f 418 476 419
f 419 476 477
f 419 477 420
f 420 477 473
f 421 474 478
f 421 478 479
f 421 479 468
f 422 464 423
f 423 464 480
f 423 480 424
f 424 480 481
f 424 481 482
f 424 482 425
f 425 482 426
f 426 482 427
f 427 482 483
f 427 483 428
f 428 483 484
f 428 484 485
f 428 485 429
f 429 485 430
f 430 485 486
f 430 486 487
f 430 487 431
f 431 487 488
f 431 488 432
f 432 488 433
f 433 488 489
f 433 489 490
f 433 490 434
f 434 490 435
f 435 490 491
f 435 491 436
f 436 491 492
f 436 492 493
f 436 493 437
f 437 493 438
f 438 493 439
f 439 493 494
f 439 494 495
f 439 495 440
f 440 495 441
f 441 495 496
f 442 443 497
f 443 498 499
f 443 499 497
f 444 446 500
f 444 500 501
f 444 501 502
f 444 502 447
f 445 448 503
f 445 503 504
f 445 504 446
f 446 504 500
f 447 502 451
f 448 450 505
f 448 505 503
f 449 506 505
f 449 505 450
f 449 458 507
f 449 507 506
f 451 508 452
f 451 502 508
f 452 508 509
f 452 509 453
f 453 510 454
f 453 509 511
f 453 511 512
f 453 512 510
f 454 510 513
f 454 513 472
f 454 472 455
f 456 514 515
f 456 515 457
f 457 515 516
f 457 516 458
f 458 516 507
f 459 466 517
f 459 517 460
f 460 517 461
f 461 517 518
f 461 518 462
f 462 518 519
f 462 519 520
f 462 520 463
f 463 520 464
f 464 520 521
f 464 521 522
f 464 522 480
f 465 470 523
f 465 523 467
f 466 467 517
f 467 523 524
f 467 524 517
f 468 479 469
f 469 479 525
f 469 525 527
f 469 527 471
f 470 526 583
f 470 583 523
f 471 527 526
f 472 513 475
f 473 477 528
f 473 528 529
f 473 529 474
f 474 529 478
f 475 530 476
f 475 513 530
f 476 530 477
f 477 530 531
f 477 531 532
f 477 532 528
f 478 529 533
f 478 533 479
f 479 533 534
f 479 534 525
f 480 522 481
f 481 522 535
f 481 535 482
f 482 535 536
f 482 536 483
f 483 536 537
f 483 537 538
f 483 538 539
f 483 539 484
f 484 539 485
f 485 539 540
f 485 540 486
f 486 540 541
f 486 541 542
f 486 542 487
f 487 542 488
f 488 542 543
f 488 543 544
f 488 544 489
f 489 544 490
f 490 544 545
f 490 545 491
f 491 545 546
f 491 546 492
f 492 546 547
f 492 547 493
f 493 547 548
f 493 548 494
f 494 548 549
f 494 549 550
f 494 550 495
f 495 551 496
f 495 550 552
f 495 552 553
f 495 553 551
f 498 554 555
f 498 555 556
f 498 556 499
f 500 557 501
f 500 504 558
f 500 558 559
f 500 559 557
f 501 557 502
f 502 557 560
f 502 560 508
f 503 505 561
f 503 561 504
f 504 561 558
f 505 506 562
f 505 562 563
f 505 563 561
f 506 507 562
f 507 516 564
f 507 564 565
f 507 565 562
f 508 560 566
f 508 566 509
f 509 566 511
f 510 567 568
f 510 568 513
f 510 512 569
f 510 569 570
f 510 570 567
f 511 566 571
f 511 571 572
f 511 572 512
f 512 572 569
f 513 568 573
f 513 573 530
f 514 574 515
f 515 574 575
f 515 575 516
f 516 575 564
f 517 524 518
f 518 524 576
f 518 576 577
f 518 577 519
f 519 577 520
f 520 577 578
f 520 578 579
f 520 579 521
f 521 579 522
f 522 579 580
f 522 580 581
f 522 581 535
f 523 582 524
f 523 583 584
f 523 584 582
f 524 582 585
f 524 585 576
f 525 534 586
f 525 586 587
f 525 587 527
f 526 527 588
f 526 588 589
f 526 589 583
f 527 587 588
f 528 532 529
f 529 532 590
f 529 590 533
f 530 573 531
f 531 573 532
f 532 573 591
f 532 591 590
f 533 590 592
f 533 592 534
f 534 592 586
f 535 581 536
f 536 581 537
f 537 581 593
f 537 593 538
f 538 593 594
f 538 594 595
f 538 595 539
f 539 595 596
f 539 596 597
f 539 597 540
f 540 597 598
f 540 598 541
f 541 598 599
f 541 599 542
f 542 599 543
f 543 599 600
f 543 600 544
f 544 600 601
f 544 601 602
f 544 602 545
f 545 602 546
f 546 602 603
f 546 603 547
f 547 603 604
f 547 604 549
f 547 549 548
f 549 604 605
f 549 605 550
f 550 605 606
f 550 606 552
f 552 607 553
f 552 606 608
f 552 608 609
f 552 609 607
f 554 610 555
f 555 610 611
f 557 612 560
f 557 559 613
f 557 613 612
f 558 561 614
f 558 614 615
f 558 615 559
f 559 616 613
f 559 615 617
f 559 617 618
f 559 618 616
f 560 612 566
f 561 619 614
f 561 563 619
f 562 565 620
f 562 620 621
f 562 621 619
f 562 619 563
f 564 575 622
f 564 622 565
f 565 622 620
f 566 612 571
f 567 623 624
f 567 624 573
f 567 573 568
f 567 570 625
f 567 625 626
f 567 626 623
f 569 572 627
f 569 627 628
f 569 628 570
f 570 628 625
f 571 612 572
f 572 612 629
f 572 629 627
f 573 624 591
f 574 630 575
f 575 630 631
f 575 631 632
f 575 632 633
f 575 633 622
f 576 585 577
f 577 585 634
f 577 634 578
f 578 634 635
f 578 635 579
f 579 635 593
f 579 593 580
f 580 593 581
f 582 584 636
f 582 636 585
f 583 589 584
f 584 637 636
f 584 589 638
f 584 638 637
f 585 636 639
f 585 639 634
f 586 592 640
f 586 640 587
f 587 640 641
f 587 641 642
f 587 642 588
f 588 642 589
f 589 642 638
f 590 643 592
f 590 591 643
f 591 624 623
f 591 623 644
f 591 644 645
f 591 645 643
f 592 643 645
f 592 645 640
f 593 635 646
f 593 646 647
f 593 647 594
f 594 647 648
f 594 648 595
f 595 648 649
f 595 649 650
f 595 650 596
f 596 650 597
f 597 650 651
f 597 651 652
f 597 652 598
f 598 652 653
f 598 653 599
f 599 653 600
f 600 653 654
f 600 654 601
f 601 654 655
f 601 655 656
f 601 656 602
f 602 656 603
f 603 656 657
f 603 657 604
f 604 657 658
f 604 658 605
f 605 658 659
f 605 659 606
f 606 659 660
f 606 660 608
f 608 660 661
f 608 661 662
f 608 662 663
f 608 663 609
f 612 613 616
f 612 616 665
f 612 665 629
f 614 619 666
f 614 666 615
f 615 666 617
f 616 667 665
f 616 618 668
f 616 668 669
f 616 669 667
f 617 666 670
f 617 670 671
f 617 671 618
f 618 671 668
f 619 621 672
f 619 672 673
f 619 673 666
f 620 622 674
f 620 674 621
f 621 674 672
f 622 633 675
f 622 675 676
f 622 676 674
f 623 626 677
f 623 677 678
f 623 678 644
f 625 628 679
f 625 679 680
f 625 680 626
f 626 680 677
f 627 629 681
f 627 681 682
f 627 682 628
f 628 682 679
f 629 665 667
f 629 667 681
f 631 683 632
f 632 683 684
f 632 684 685
f 632 685 633
f 633 685 675
f 634 639 636
f 634 636 686
f 634 686 687
f 634 687 635
f 635 687 688
f 635 688 689
f 635 689 647
f 635 647 646
f 636 637 686
f 637 638 690
f 637 690 691
f 637 691 686
f 638 642 692
f 638 692 690
f 640 645 693
f 640 693 694
f 640 694 695
f 640 695 696
f 640 696 641
f 641 696 642
f 642 696 692
f 644 697 645
f 644 678 697
f 645 694 693
f 645 697 698
f 645 698 699
f 645 699 694
f 647 689 700
f 647 700 648
f 648 700 701
f 648 701 702
f 648 702 649
f 649 702 703
f 649 703 704
f 649 704 650
f 650 704 651
f 651 704 652
f 652 704 705
f 652 705 706
f 652 706 707
f 652 707 653
f 653 707 654
f 654 707 708
f 654 708 709
f 654 709 655
f 655 709 710
f 655 710 656
f 656 710 657
f 657 710 711
f 657 711 658
f 658 711 712
f 658 712 659
f 659 712 713
f 659 713 660
f 660 713 714
f 660 714 661
f 661 715 662
f 661 714 716
f 661 716 715
f 664 717 718
f 666 673 719
f 666 719 670
f 667 720 681
f 667 669 721
f 667 721 722
f 667 722 720
f 668 671 723
f 668 723 724
f 668 724 669
f 669 724 721
f 670 719 725
f 670 725 671
f 671 725 723
f 672 674 726
f 672 726 727
f 672 727 673
f 673 727 719
f 674 676 728
f 674 728 726
f 675 685 729
f 675 729 730
f 675 730 728
f 675 728 676
f 677 680 731
f 677 731 732
f 677 732 678
f 678 733 697
f 678 732 733
f 679 682 734
f 679 734 735
f 679 735 680
f 680 735 731
f 681 720 682
f 682 720 734
f 683 736 684
f 684 736 737
f 684 737 738
f 684 738 739
f 684 739 685
f 685 739 729
f 686 691 687
f 687 691 740
f 687 740 741
f 687 741 688
f 688 741 689
f 689 741 742
f 689 742 701
f 689 701 700
f 690 692 743
f 690 743 744
f 690 744 691
f 691 744 740
f 692 696 745
f 692 745 743
f 694 699 746
f 694 746 695
f 695 747 696
f 695 746 747
f 696 747 745
f 697 733 748
f 697 748 698
f 698 748 699
f 699 748 749
f 699 749 750
f 699 750 746
f 701 742 751
f 701 751 752
f 701 752 753
f 701 753 754
f 701 754 702
f 702 754 703
f 703 755 704
f 703 754 756
f 703 756 755
f 704 755 705
f 705 755 757
f 705 757 758
f 705 758 706
f 706 758 759
f 706 759 760
f 706 760 707
f 707 760 708
f 708 760 761
f 708 761 709
f 709 762 710
f 709 761 763
f 709 763 762
f 710 762 711
f 711 762 764
f 711 764 712
f 712 764 765
f 712 765 713
f 713 765 714
f 714 765 766
f 714 766 767
f 714 767 716
f 715 716 768
f 716 769 768
f 716 767 770
f 716 770 771
f 716 771 769
f 717 772 773
f 717 773 774
f 717 774 718
f 718 774 775
f 719 727 776
f 719 776 725
f 720 722 777
f 720 777 778
f 720 778 734
f 721 724 779
f 721 779 780
f 721 780 722
f 722 780 777
f 723 725 781
f 723 781 724
f 724 781 779
f 725 776 782
f 725 782 783
f 725 783 784
f 725 784 781
f 726 728 785
f 726 785 727
f 727 785 776
f 728 730 786
f 728 786 787
f 728 787 785
f 729 739 788
f 729 788 789
f 729 789 730
f 730 789 786
f 731 735 790
f 731 790 732
f 732 790 791
f 732 791 733
f 733 791 792
f 733 792 748
f 734 778 793
f 734 793 735
f 735 793 794
f 735 794 790
f 737 795 796
f 737 796 738
f 738 796 739
f 739 796 788
f 740 744 751
f 740 751 741
f 741 751 742
f 743 745 797
f 743 797 798
f 743 798 744
f 744 798 799
f 744 799 751
f 745 747 800
f 745 800 797
f 746 750 801
f 746 801 747
f 747 801 800
f 748 792 749
f 749 792 802
f 749 802 750
f 750 802 803
f 750 803 804
f 750 804 801
f 751 799 805
f 751 805 752
f 752 805 806
f 752 806 753
f 753 806 807
f 753 807 808
f 753 808 754
f 754 808 756
f 755 756 757
f 756 808 809
f 756 809 757
f 757 809 810
f 757 810 811
f 757 811 758
f 758 811 759
f 759 811 812
f 759 812 813
f 759 813 760
f 760 813 761
f 761 813 814
f 761 814 763
f 762 763 815
f 762 815 764
f 763 814 816
f 763 816 815
f 764 815 817
f 764 817 765
f 765 817 818
f 765 818 819
f 765 819 766
f 766 819 767
f 767 819 820
f 767 820 770
f 770 820 821
f 772 822 773
f 773 823 824
f 773 824 825
f 773 825 826
f 773 826 774
f 773 822 823
f 774 826 827
f 774 827 828
f 774 828 775
f 776 785 829
f 776 829 830
f 776 830 782
f 777 780 831
f 777 831 832
f 777 832 778
f 778 832 833
f 778 833 793
f 779 781 834
f 779 834 780
f 780 834 831
f 781 784 835
f 781 835 836
f 781 836 834
f 782 830 783
f 783 830 837
f 783 837 838
f 783 838 835
f 783 835 784
f 785 787 839
f 785 839 829
f 786 789 840
f 786 840 839
f 786 839 787
f 788 796 841
f 788 841 789
f 789 841 840
f 790 842 791
f 790 794 843
f 790 843 844
f 790 844 842
f 791 842 792
f 792 842 845
f 792 845 802
f 793 833 846
f 793 846 794
f 794 846 843
f 795 847 796
f 796 847 848
f 796 848 849
f 796 849 841
f 797 800 850
f 797 850 851
f 797 851 798
f 798 851 852
f 798 852 805
f 798 805 799
f 800 801 804
f 800 804 850
f 802 845 853
f 802 853 854
f 802 854 803
f 803 854 855
f 803 855 804
f 804 856 850
f 804 855 857
f 804 857 858
f 804 858 856
f 805 852 859
f 805 859 806
f 806 859 911
f 806 911 860
f 806 860 861
f 806 861 807
f 807 861 862
f 807 862 808
f 808 862 809
f 809 862 863
f 809 863 810
f 810 863 864
f 810 864 811
f 811 864 812
f 812 865 813
f 812 864 865
f 813 865 814
f 814 865 866
f 814 866 816
f 815 816 867
f 815 867 817
f 816 866 868
f 816 868 867
f 817 867 869
f 817 869 818
f 818 869 870
f 818 870 819
f 819 870 871
f 819 871 872
f 819 872 820
f 820 872 821
f 823 873 824
f 824 873 874
f 824 874 825
f 825 874 875
f 825 875 876
f 825 876 877
f 825 877 878
f 825 878 826
f 826 878 827
f 827 878 879
f 827 879 880
f 827 880 881
f 827 881 828
f 829 839 882
f 829 882 830
f 830 882 837
f 831 834 883
f 831 883 832
f 832 884 833
f 832 883 884
f 833 884 885
f 833 885 846
f 834 836 886
f 834 886 887
f 834 887 883
f 835 886 836
f 835 838 888
f 835 888 889
f 835 889 886
f 837 882 890
f 837 890 838
f 838 890 888
f 839 840 891
f 839 891 892
f 839 892 893
f 839 893 882
f 840 841 894
f 840 894 891
f 841 849 895
f 841 895 896
f 841 896 897
f 841 897 894
f 842 853 845
f 842 844 898
f 842 898 899
f 842 899 853
f 843 846 900
f 843 900 901
f 843 901 844
f 844 901 898
f 846 885 900
f 847 902 848
f 848 902 895
f 848 895 849
f 850 856 851
f 851 859 852
f 851 856 903
f 851 903 859
f 853 899 904
f 853 904 905
f 853 905 854
f 854 905 906
f 854 906 855
f 855 906 907
f 855 907 857
f 856 858 908
f 856 908 903
f 857 907 858
f 858 909 908
f 858 907 910
f 858 910 909
f 859 903 911
f 860 911 912
f 860 912 861
f 861 912 913
f 861 913 914
f 861 914 862
f 862 914 863
f 863 915 864
f 863 914 916
f 863 916 915
f 864 915 917
f 864 917 918
f 864 918 865
f 865 918 866
f 866 918 919
f 866 919 920
f 866 920 868
f 867 868 921
f 867 921 869
f 868 920 922
f 868 922 921
f 869 921 923
f 869 923 870
f 870 923 924
f 870 924 871
f 871 924 925
f 871 925 872
f 872 925 926
f 872 926 927
f 874 928 929
f 874 929 875
f 875 929 876
f 876 929 930
f 876 930 931
f 876 931 932
f 876 932 877
f 877 933 878
f 877 932 933
f 878 933 879
f 879 933 934
f 879 934 935
f 879 935 936
f 879 936 880
f 880 936 881
f 882 893 937
f 882 937 938
f 882 938 890
f 883 887 939
f 883 939 940
f 883 940 941
f 883 941 885
f 883 885 884
f 885 941 942
f 885 942 900
f 886 889 943
f 886 943 944
f 886 944 939
f 886 939 887
f 888 890 945
f 888 945 889
f 889 945 943
f 890 938 946
f 890 946 947
f 890 947 945
f 891 894 892
f 892 894 948
f 892 948 949
f 892 949 893
f 893 949 937
f 894 897 950
f 894 950 948
f 895 951 952
f 895 952 953
f 895 953 896
f 895 902 951
f 896 950 897
f 896 953 954
f 896 954 950
f 898 901 955
f 898 955 956
f 898 956 899
f 899 956 904
f 900 942 957
f 900 957 901
f 901 957 955
f 903 908 911
f 904 956 958
f 904 958 959
f 904 959 905
f 905 959 960
f 905 960 906
f 906 960 961
f 906 961 907
f 907 961 910
f 908 909 962
f 908 962 912
f 908 912 911
f 909 910 963
f 909 963 964
f 909 964 962
f 910 961 963
f 912 962 965
f 912 965 913
f 913 965 966
f 913 966 967
f 913 967 914
f 914 967 916
f 915 916 968
f 915 968 917
f 916 967 969
f 916 969 968
f 917 968 970
f 917 970 971
f 917 971 918
f 918 971 919
f 919 971 972
f 919 972 920
f 920 972 973
f 920 973 922
f 921 922 974
f 921 974 923
f 922 973 975
f 922 975 974
f 923 974 976
f 923 976 924
f 924 976 977
f 924 977 925
f 925 977 978
f 925 978 926
f 926 979 927
f 926 978 980
f 926 980 981
f 926 981 979
f 928 982 929
f 929 982 983
f 929 983 984
f 929 984 985
f 929 985 930
f 930 985 986
f 930 986 931
f 931 986 987
f 931 987 932
f 932 934 933
f 932 987 988
f 932 988 934
f 934 988 989
f 934 989 990
f 934 990 991
f 934 991 935
f 935 992 936
f 935 991 992
f 937 949 993
f 937 993 994
f 937 994 946
f 937 946 938
f 939 995 940
f 939 944 996
f 939 996 997
f 939 997 995
f 940 995 941
f 941 998 942
f 941 995 999
f 941 999 998
f 942 998 957
f 943 945 1000
f 943 1000 944
f 944 1000 996
f 945 947 1001
f 945 1001 1000
f 946 1001 947
f 946 994 1002
f 946 1002 1003
f 946 1003 1001
f 948 950 1004
f 948 1004 949
f 949 1004 993
f 950 954 1005
f 950 1005 1006
f 950 1006 1004
f 951 1007 952
f 952 1008 953
f 952 1007 1009
f 952 1009 1010
f 952 1010 1011
f 952 1011 1008
f 953 1008 954
f 954 1008 1005
f 955 957 1012
f 955 1012 956
f 956 1012 958
f 957 998 1012
f 958 1012 1013
f 958 1013 959
f 959 1014 960
f 959 1013 1015
f 959 1015 1014
f 960 1014 961
f 961 1014 1016
f 961 1016 963
f 962 964 965
f 963 1016 1017
f 963 1017 1018
f 963 1018 964
f 964 1018 1019
f 964 1019 965
f 965 1019 966
f 966 1019 1020
f 966 1020 1021
f 966 1021 967
f 967 1021 969
f 968 969 1022
f 968 1022 970
f 969 1021 1023
f 969 1023 1022
f 970 1024 971
f 970 1022 1025
f 970 1025 1024
f 971 1024 972
f 972 1024 1026
f 972 1026 973
f 973 1026 1027
f 973 1027 975
f 974 975 1028
f 974 1028 976
f 975 1027 1029
f 975 1029 1028
f 976 1028 1030
f 976 1030 977
f 977 1030 1031
f 977 1031 978
f 978 1031 1032
f 978 1032 980
f 980 1032 1033
f 980 1033 981
f 983 1034 984
f 984 1034 1035
f 984 1035 985
f 985 1035 1036
f 985 1036 1037
f 985 1037 986
f 986 1037 1038
f 986 1038 1039
f 986 1039 1040
f 986 1040 987
f 987 989 988
f 987 1040 1041
f 987 1041 1042
f 987 1042 989
f 989 1042 1043
f 989 1043 990
f 990 1043 1044
f 990 1044 991
f 991 1044 1045
f 991 1045 1046
f 991 1046 1047
f 991 1047 1048
f 991 1048 992
f 993 1004 1049
f 993 1049 994
f 994 1049 1002
f 995 997 1050
f 995 1050 1051
f 995 1051 999
f 996 1000 1052
f 996 1052 997
f 997 1052 1050
f 998 999 1053
f 998 1053 1054
f 998 1054 1055
f 998 1055 1012
f 999 1051 1053
f 1000 1056 1052
f 1000 1001 1057
f 1000 1057 1056
f 1001 1003 1058
f 1001 1058 1059
f 1001 1059 1057
f 1002 1049 1060
f 1002 1060 1003
f 1003 1060 1058
f 1004 1006 1061
f 1004 1061 1062
f 1004 1062 1049
f 1005 1008 1063
f 1005 1063 1006
f 1006 1063 1061
f 1008 1011 1064
f 1008 1064 1065
f 1008 1065 1063
f 1009 1066 1010
f 1010 1066 1067
f 1010 1067 1011
f 1011 1067 1064
f 1012 1068 1013
f 1012 1055 1068
f 1013 1068 1069
f 1013 1069 1070
f 1013 1070 1015
f 1014 1015 1071
f 1014 1071 1072
f 1014 1072 1016
f 1015 1070 1071
f 1016 1072 1017
f 1017 1073 1018
f 1017 1072 1074
f 1017 1074 1073
f 1018 1075 1020
f 1018 1020 1019
f 1018 1073 1075
f 1020 1075 1076
f 1020 1076 1077
f 1020 1077 1021
f 1021 1077 1023
f 1022 1023 1078
f 1022 1078 1025
f 1023 1077 1079
f 1023 1079 1078
f 1024 1025 1080
f 1024 1080 1026
f 1025 1078 1134
f 1025 1134 1080
f 1026 1080 1081
f 1026 1081 1027
f 1027 1081 1082
f 1027 1082 1029
f 1028 1029 1083
f 1028 1083 1030
f 1029 1082 1084
f 1029 1084 1083
f 1030 1083 1085
f 1030 1085 1086
f 1030 1086 1031
f 1031 1086 1032
f 1032 1086 1087
f 1032 1087 1088
f 1032 1088 1033
f 1035 1089 1036
f 1036 1089 1090
f 1036 1090 1091
f 1036 1091 1037
f 1037 1091 1092
f 1037 1092 1038
f 1038 1092 1093
f 1038 1093 1039
f 1039 1094 1041
f 1039 1041 1040
f 1039 1093 1095
f 1039 1095 1094
f 1041 1094 1096
f 1041 1096 1097
f 1041 1097 1042
f 1042 1097 1043
f 1043 1097 1098
f 1043 1098 1099
f 1043 1099 1100
f 1043 1100 1044
f 1044 1100 1045
f 1045 1101 1046
f 1045 1100 1101
f 1049 1062 1102
f 1049 1102 1103
f 1049 1103 1060
f 1050 1052 1104
f 1050 1104 1051
f 1051 1104 1105
f 1051 1105 1053
f 1052 1056 1106
f 1052 1106 1107
f 1052 1107 1104
f 1053 1105 1108
f 1053 1108 1109
f 1053 1109 1054
f 1054 1109 1110
f 1054 1110 1055
f 1055 1110 1111
f 1055 1111 1068
f 1056 1057 1106
f 1057 1059 1112
f 1057 1112 1113
f 1057 1113 1106
f 1058 1060 1114
f 1058 1114 1115
f 1058 1115 1059
f 1059 1115 1112
f 1060 1103 1116
f 1060 1116 1114
f 1061 1063 1117
f 1061 1117 1118
f 1061 1118 1062
f 1062 1118 1102
f 1063 1065 1117
f 1064 1067 1119
f 1064 1119 1120
f 1064 1120 1065
f 1065 1120 1121
f 1065 1121 1122
f 1065 1122 1117
f 1066 1123 1067
f 1067 1123 1124
f 1067 1124 1119
f 1068 1111 1069
f 1069 1111 1125
f 1069 1125 1070
f 1070 1125 1126
f 1070 1126 1071
f 1071 1126 1127
f 1071 1127 1072
f 1072 1127 1074
f 1073 1074 1128
f 1073 1128 1129
f 1073 1129 1075
f 1074 1127 1130
f 1074 1130 1128
f 1075 1129 1076
f 1076 1129 1131
f 1076 1131 1132
f 1076 1132 1077
f 1077 1132 1079
f 1078 1079 1133
f 1078 1133 1134
f 1079 1132 1135
f 1079 1135 1133
f 1080 1134 1136
f 1080 1136 1081
f 1081 1136 1137
f 1081 1137 1082
f 1082 1137 1138
f 1082 1138 1084
f 1083 1084 1139
f 1083 1139 1085
f 1084 1138 1140
f 1084 1140 1139
f 1085 1139 1141
f 1085 1141 1086
f 1086 1141 1142
f 1086 1142 1087
f 1087 1142 1143
f 1087 1143 1088
f 1090 1144 1145
f 1090 1145 1091
f 1091 1145 1146
f 1091 1146 1092
f 1092 1146 1147
f 1092 1147 1148
f 1092 1148 1093
f 1093 1148 1149
f 1093 1149 1150
f 1093 1150 1095
f 1094 1151 1096
f 1094 1095 1152
f 1094 1152 1153
f 1094 1153 1154
f 1094 1154 1151
f 1095 1150 1155
f 1095 1155 1152
f 1096 1151 1097
f 1097 1151 1098
f 1098 1151 1156
f 1098 1156 1099
f 1099 1156 1157
f 1099 1157 1100
f 1100 1157 1158
f 1100 1158 1159
f 1100 1159 1101
f 1102 1116 1103
f 1102 1118 1160
f 1102 1160 1161
f 1102 1161 1116
f 1104 1108 1105
f 1104 1107 1162
f 1104 1162 1163
f 1104 1163 1108
f 1106 1113 1164
f 1106 1164 1165
f 1106 1165 1162
f 1106 1162 1107
f 1108 1166 1167
f 1108 1167 1109
f 1108 1163 1168
f 1108 1168 1169
f 1108 1169 1166
f 1109 1167 1110
f 1110 1167 1170
f 1110 1170 1111
f 1111 1170 1125
f 1112 1115 1171
f 1112 1171 1113
f 1113 1171 1164
f 1114 1116 1172
f 1114 1172 1115
f 1115 1172 1171
f 1116 1161 1173
f 1116 1173 1174
f 1116 1174 1172
f 1117 1122 1175
f 1117 1175 1176
f 1117 1176 1177
f 1117 1177 1178
f 1117 1178 1160
f 1117 1160 1118
f 1119 1124 1179
f 1119 1179 1120
f 1120 1179 1121
f 1121 1179 1180
f 1121 1180 1122
f 1122 1180 1175
f 1123 1181 1124
f 1124 1181 1182
f 1124 1182 1183
f 1124 1183 1184
f 1124 1184 1185
f 1124 1185 1179
f 1125 1186 1126
f 1125 1170 1187
f 1125 1187 1188
f 1125 1188 1186
f 1126 1186 1127
f 1127 1186 1130
f 1128 1130 1189
f 1128 1189 1190
f 1128 1190 1129
f 1129 1190 1131
f 1130 1186 1189
f 1131 1190 1191
f 1131 1191 1192
f 1131 1192 1132
f 1132 1192 1135
f 1133 1135 1193
f 1133 1193 1194
f 1133 1194 1134
f 1134 1194 1136
f 1135 1192 1195
f 1135 1195 1193
f 1136 1194 1196
f 1136 1196 1137
f 1137 1196 1197
f 1137 1197 1138
f 1138 1197 1198
f 1138 1198 1140
f 1139 1140 1199
f 1139 1199 1200
f 1139 1200 1141
f 1140 1198 1201
f 1140 1201 1199
f 1141 1200 1142
f 1142 1200 1202
f 1142 1202 1203
f 1142 1203 1143
f 1144 1204 1146
f 1144 1146 1145
f 1146 1204 1205
f 1146 1205 1206
f 1146 1206 1147
f 1147 1206 1148
f 1148 1207 1208
f 1148 1208 1149
f 1148 1206 1207
f 1149 1209 1155
f 1149 1155 1150
f 1149 1208 1210
f 1149 1210 1211
f 1149 1211 1209
f 1151 1154 1212
f 1151 1212 1156
f 1152 1155 1213
f 1152 1213 1153
f 1153 1213 1214
f 1153 1214 1215
f 1153 1215 1154
f 1154 1215 1212
f 1155 1209 1216
f 1155 1216 1217
f 1155 1217 1213
f 1156 1212 1218
f 1156 1218 1157
f 1157 1218 1219
f 1157 1219 1158
f 1158 1220 1221
f 1158 1221 1159
f 1158 1219 1222
f 1158 1222 1223
f 1158 1223 1220
f 1160 1178 1161
f 1161 1178 1173
f 1162 1165 1224
f 1162 1224 1225
f 1162 1225 1163
f 1163 1225 1168
f 1164 1171 1226
f 1164 1226 1165
f 1165 1226 1224
f 1166 1169 1227
f 1166 1227 1228
f 1166 1228 1229
f 1166 1229 1170
f 1166 1170 1167
f 1168 1225 1230
f 1168 1230 1231
f 1168 1231 1169
f 1169 1231 1227
f 1170 1229 1187
f 1171 1172 1232
f 1171 1232 1233
f 1171 1233 1226
f 1172 1174 1234
f 1172 1234 1235
f 1172 1235 1232
f 1173 1178 1236
f 1173 1236 1174
f 1174 1236 1234
f 1175 1180 1237
f 1175 1237 1176
f 1176 1238 1177
f 1176 1237 1239
f 1176 1239 1240
f 1176 1240 1238
f 1177 1238 1178
f 1178 1238 1241
f 1178 1241 1236
f 1179 1185 1242
f 1179 1242 1243
f 1179 1243 1180
f 1180 1243 1244
f 1180 1244 1237
f 1182 1245 1183
f 1183 1245 1184
f 1184 1246 1242
f 1184 1242 1185
f 1184 1245 1247
f 1184 1247 1248
f 1184 1248 1249
f 1184 1249 1250
f 1184 1250 1246
f 1186 1188 1251
f 1186 1251 1252
f 1186 1252 1253
f 1186 1253 1189
f 1187 1229 1254
f 1187 1254 1255
f 1187 1255 1188
f 1188 1255 1251
f 1189 1253 1256
f 1189 1256 1257
f 1189 1257 1190
f 1190 1257 1191
f 1191 1257 1258
f 1191 1258 1192
f 1192 1258 1195
f 1193 1195 1259
f 1193 1259 1260
f 1193 1260 1194
f 1194 1260 1196
f 1195 1258 1261
f 1195 1261 1259
f 1196 1260 1262
f 1196 1262 1197
f 1197 1262 1263
f 1197 1263 1198
f 1198 1263 1264
f 1198 1264 1201
f 1199 1201 1265
f 1199 1265 1200
f 1200 1265 1266
f 1200 1266 1202
f 1201 1264 1267
f 1201 1267 1265
f 1202 1266 1268
f 1202 1268 1269
f 1202 1269 1203
f 1203 1269 1270
f 1204 1271 1205
f 1205 1271 1272
f 1205 1272 1273
f 1205 1273 1206
f 1206 1273 1207
f 1207 1273 1274
f 1207 1274 1275
f 1207 1275 1208
f 1208 1275 1210
f 1209 1211 1216
f 1210 1276 1277
f 1210 1277 1278
f 1210 1278 1279
f 1210 1279 1280
f 1210 1280 1211
f 1210 1275 1276
f 1211 1280 1216
f 1212 1215 1214
f 1212 1214 1281
f 1212 1281 1282
f 1212 1282 1218
f 1213 1283 1214
f 1213 1217 1284
f 1213 1284 1285
f 1213 1285 1283
f 1214 1286 1281
f 1214 1283 1287
f 1214 1287 1288
f 1214 1288 1289
f 1214 1289 1290
f 1214 1290 1286
f 1216 1280 1284
f 1216 1284 1217
f 1218 1291 1219
f 1218 1282 1286
f 1218 1286 1292
f 1218 1292 1293
f 1218 1293 1291
f 1219 1291 1222
f 1222 1294 1223
f 1222 1291 1295
f 1222 1295 1294
f 1224 1226 1296
f 1224 1296 1225
f 1225 1296 1230
f 1226 1233 1297
f 1226 1297 1298
f 1226 1298 1296
f 1227 1231 1299
f 1227 1299 1228
f 1228 1300 1254
f 1228 1254 1229
f 1228 1299 1300
f 1230 1296 1301
f 1230 1301 1231
f 1231 1301 1302
f 1231 1302 1299
f 1232 1297 1233
f 1232 1235 1303
f 1232 1303 1304
f 1232 1304 1297
f 1234 1236 1305
f 1234 1305 1235
f 1235 1305 1303
f 1236 1241 1306
f 1236 1306 1305
f 1237 1244 1239
f 1238 1240 1307
f 1238 1307 1241
f 1239 1308 1240
f 1239 1244 1309
f 1239 1309 1310
f 1239 1310 1311
f 1239 1311 1312
f 1239 1312 1308
f 1240 1308 1307
f 1241 1307 1306
f 1242 1246 1243
f 1243 1246 1244
f 1244 1246 1313
f 1244 1313 1309
f 1246 1250 1313
f 1247 1249 1248
f 1247 1314 1249
f 1249 1314 1315
f 1249 1315 1316
f 1249 1316 1317
f 1249 1317 1250
f 1250 1317 1316
f 1250 1316 1318
f 1250 1318 1319
f 1250 1319 1320
f 1250 1320 1321
f 1250 1321 1313
f 1251 1255 1322
f 1251 1322 1252
f 1252 1322 1323
f 1252 1323 1324
f 1252 1324 1325
f 1252 1325 1256
f 1252 1256 1253
f 1254 1300 1326
f 1254 1326 1255
f 1255 1326 1322
f 1256 1325 1257
f 1257 1325 1327
f 1257 1327 1258
f 1258 1327 1328
f 1258 1328 1329
f 1258 1329 1261
f 1259 1330 1260
f 1259 1261 1331
f 1259 1331 1330
f 1260 1330 1262
f 1261 1329 1331
f 1262 1330 1332
f 1262 1332 1263
f 1263 1332 1333
f 1263 1333 1264
f 1264 1333 1334
f 1264 1334 1267
f 1265 1267 1335
f 1265 1335 1266
f 1266 1336 1268
f 1266 1335 1336
f 1267 1334 1337
f 1267 1337 1335
f 1268 1336 1338
f 1268 1338 1339
f 1268 1339 1270
f 1268 1270 1269
f 1270 1339 1340
f 1272 1341 1273
f 1273 1341 1342
f 1273 1342 1343
f 1273 1343 1274
f 1274 1343 1276
f 1274 1276 1275
f 1276 1343 1344
f 1276 1344 1345
f 1276 1345 1346
f 1276 1346 1277
f 1277 1346 1278
f 1278 1347 1279
f 1278 1346 1345
f 1278 1345 1348
f 1278 1348 1349
f 1278 1349 1350
f 1278 1350 1351
f 1278 1351 1347
f 1279 1347 1280
f 1280 1352 1284
f 1280 1347 1353
f 1280 1353 1352
f 1281 1286 1282
f 1283 1285 1287
f 1284 1352 1353
f 1284 1353 1354
f 1284 1354 1355
f 1284 1355 1287
f 1284 1287 1285
f 1286 1356 1292
f 1286 1290 1357
f 1286 1357 1358
f 1286 1358 1356
f 1287 1359 1288
f 1287 1355 1360
f 1287 1360 1359
f 1288 1359 1289
f 1289 1357 1290
f 1289 1359 1361
f 1289 1361 1362
f 1289 1362 1357
f 1291 1293 1363
f 1291 1363 1364
f 1291 1364 1365
f 1291 1365 1295
f 1292 1356 1293
f 1293 1356 1363
f 1296 1298 1366
f 1296 1366 1367
f 1296 1367 1301
f 1297 1304 1368
f 1297 1368 1369
f 1297 1369 1298
f 1298 1369 1366
f 1299 1302 1370
f 1299 1370 1371
f 1299 1371 1372
f 1299 1372 1300
f 1300 1372 1326
f 1301 1370 1302
f 1301 1367 1373
f 1301 1373 1374
f 1301 1374 1370
f 1303 1305 1375
f 1303 1375 1304
f 1304 1375 1368
f 1305 1376 1375
f 1305 1306 1377
f 1305 1377 1376
f 1306 1307 1378
f 1306 1378 1377
f 1307 1308 1378
f 1308 1312 1311
f 1308 1311 1379
f 1308 1379 1380
f 1308 1380 1381
f 1308 1381 1382
f 1308 1382 1378
f 1309 1313 1321
f 1309 1321 1310
f 1310 1321 1311
f 1311 1321 1383
f 1311 1383 1384
f 1311 1384 1385
f 1311 1385 1386
f 1311 1386 1380
f 1311 1380 1379
f 1315 1387 1388
f 1315 1388 1316
f 1316 1388 1389
f 1316 1389 1390
f 1316 1390 1391
f 1316 1391 1392
f 1316 1392 1319
f 1316 1319 1318
f 1319 1392 1393
f 1319 1393 1394
f 1319 1394 1395
f 1319 1395 1396
f 1319 1396 1321
f 1319 1321 1320
f 1321 1396 1383
f 1322 1326 1323
f 1323 1326 1397
f 1323 1397 1398
f 1323 1398 1399
f 1323 1399 1324
f 1324 1399 1400
f 1324 1400 1325
f 1325 1328 1327
f 1325 1400 1401
f 1325 1401 1402
f 1325 1402 1328
f 1326 1372 1397
f 1328 1402 1329
f 1329 1403 1331
f 1329 1402 1401
f 1329 1401 1404
f 1329 1404 1403
f 1330 1331 1405
f 1330 1405 1406
f 1330 1406 1332
f 1331 1403 1405
f 1332 1406 1333
f 1333 1406 1407
f 1333 1407 1334
f 1334 1407 1408
f 1334 1408 1337
f 1335 1337 1409
f 1335 1409 1336
f 1336 1409 1410
f 1336 1410 1338
f 1337 1408 1411
f 1337 1411 1412
f 1337 1412 1409
f 1338 1410 1413
f 1338 1413 1414
f 1338 1414 1415
f 1338 1415 1339
f 1339 1415 1340
f 1341 1416 1342
f 1342 1416 1343
f 1343 1417 1418
f 1343 1418 1344
f 1343 1416 1419
f 1343 1419 1420
f 1343 1420 1417
f 1344 1418 1345
f 1345 1421 1422
f 1345 1422 1348
f 1345 1418 1421
f 1347 1351 1353
f 1348 1422 1349
f 1349 1422 1423
f 1349 1423 1424
f 1349 1424 1425
f 1349 1425 1426
f 1349 1426 1350
f 1350 1426 1427
f 1350 1427 1351
f 1351 1427 1428
f 1351 1428 1353
f 1353 1428 1429
f 1353 1429 1430
f 1353 1430 1431
f 1353 1431 1354
f 1354 1431 1360
f 1354 1360 1355
f 1356 1358 1432
f 1356 1432 1363
f 1357 1362 1433
f 1357 1433 1358
f 1358 1433 1434
f 1358 1434 1432
f 1359 1360 1435
f 1359 1435 1436
f 1359 1436 1437
f 1359 1437 1361
f 1360 1431 1435
f 1361 1437 1362
f 1362 1437 1438
f 1362 1438 1439
f 1362 1439 1440
f 1362 1440 1433
f 1363 1432 1441
f 1363 1441 1364
f 1364 1441 1365
f 1365 1441 1442
f 1366 1443 1367
f 1366 1369 1444
f 1366 1444 1443
f 1367 1443 1373
f 1368 1375 1445
f 1368 1445 1369
f 1369 1445 1444
f 1370 1374 1446
f 1370 1446 1447
f 1370 1447 1371
f 1371 1447 1372
f 1372 1447 1448
f 1372 1448 1449
f 1372 1449 1398
f 1372 1398 1397
f 1373 1443 1450
f 1373 1450 1374
f 1374 1450 1446
f 1375 1376 1451
f 1375 1451 1452
f 1375 1452 1453
f 1375 1453 1445
f 1376 1377 1451
f 1377 1378 1454
f 1377 1454 1451
f 1378 1382 1454
f 1380 1455 1456
f 1380 1456 1382
f 1380 1382 1381
f 1380 1386 1457
f 1380 1457 1458
f 1380 1458 1455
f 1382 1456 1455
f 1382 1455 1459
f 1382 1459 1454
f 1383 1396 1395
f 1383 1395 1384
f 1384 1395 1460
f 1384 1460 1385
f 1385 1457 1386
f 1385 1460 1461
f 1385 1461 1462
f 1385 1462 1457
f 1387 1389 1388
f 1389 1463 1391
f 1389 1391 1390
f 1391 1464 1393
f 1391 1393 1392
f 1391 1463 1465
f 1391 1465 1464
f 1393 1464 1466
f 1393 1466 1394
f 1394 1466 1467
f 1394 1467 1395
f 1395 1467 1460
f 1398 1449 1468
f 1398 1468 1469
f 1398 1469 1470
f 1398 1470 1399
f 1399 1471 1400
f 1399 1470 1471
f 1400 1471 1401
f 1401 1471 1472
f 1401 1472 1473
f 1401 1473 1404
f 1403 1474 1405
f 1403 1404 1475
f 1403 1475 1474
f 1404 1473 1476
f 1404 1476 1475
f 1405 1474 1406
f 1406 1474 1477
f 1406 1477 1407
f 1407 1477 1478
f 1407 1478 1408
f 1408 1478 1479
f 1408 1479 1411
f 1409 1412 1410
f 1410 1412 1480
f 1410 1480 1481
f 1410 1481 1413
f 1411 1479 1412
f 1412 1479 1482
f 1412 1482 1483
f 1412 1483 1484
f 1412 1484 1480
f 1413 1481 1485
f 1413 1485 1414
f 1416 1420 1419
f 1417 1420 1486
f 1417 1486 1487
f 1417 1487 1418
f 1418 1487 1488
f 1418 1488 1489
f 1418 1489 1490
f 1418 1490 1491
f 1418 1491 1421
f 1421 1491 1492
f 1421 1492 1422
f 1422 1492 1423
f 1423 1492 1493
f 1423 1493 1424
f 1424 1493 1494
f 1424 1494 1495
f 1424 1495 1496
f 1424 1496 1497
f 1424 1497 1498
f 1424 1498 1425
f 1425 1498 1499
f 1425 1499 1426
f 1426 1499 1500
f 1426 1500 1429
f 1426 1429 1427
f 1427 1429 1428
f 1429 1501 1430
f 1429 1500 1502
f 1429 1502 1503
f 1429 1503 1504
f 1429 1504 1501
f 1430 1501 1431
f 1431 1501 1505
f 1431 1505 1435
f 1432 1506 1441
f 1432 1434 1440
f 1432 1440 1507
f 1432 1507 1508
f 1432 1508 1509
f 1432 1509 1506
f 1433 1440 1434
f 1435 1437 1436
f 1435 1505 1510
f 1435 1510 1511
f 1435 1511 1512
f 1435 1512 1437
f 1437 1513 1514
f 1437 1514 1438
f 1437 1512 1515
f 1437 1515 1513
f 1438 1514 1439
f 1439 1514 1440
f 1440 1514 1516
f 1440 1516 1517
f 1440 1517 1518
f 1440 1518 1508
f 1440 1508 1507
f 1441 1506 1519
f 1441 1519 1442
f 1442 1519 1520
f 1443 1444 1521
f 1443 1521 1522
f 1443 1522 1450
f 1444 1445 1521
f 1445 1453 1523
f 1445 1523 1524
f 1445 1524 1521
f 1446 1450 1525
f 1446 1525 1447
f 1447 1525 1526
f 1447 1526 1468
f 1447 1468 1448
f 1448 1468 1449
f 1450 1522 1527
f 1450 1527 1528
f 1450 1528 1525
f 1451 1454 1459
f 1451 1459 1452
f 1452 1459 1529
f 1452 1529 1530
f 1452 1530 1453
f 1453 1530 1523
f 1455 1458 1531
f 1455 1531 1532
f 1455 1532 1533
f 1455 1533 1534
f 1455 1534 1459
f 1457 1462 1535
f 1457 1535 1531
f 1457 1531 1458
f 1459 1534 1533
f 1459 1533 1536
f 1459 1536 1537
f 1459 1537 1529
f 1460 1467 1461
f 1461 1538 1462
f 1461 1467 1539
f 1461 1539 1540
f 1461 1540 1541
f 1461 1541 1542
f 1461 1542 1543
f 1461 1543 1538
f 1462 1538 1535
f 1463 1544 1465
f 1464 1465 1545
f 1464 1545 1546
f 1464 1546 1466
f 1465 1544 1547
f 1465 1547 1545
f 1466 1546 1548
f 1466 1548 1467
f 1467 1548 1539
f 1468 1526 1525
f 1468 1525 1549
f 1468 1549 1550
f 1468 1550 1551
f 1468 1551 1469
f 1469 1551 1470
f 1470 1551 1552
f 1470 1552 1471
f 1471 1552 1472
f 1472 1552 1553
f 1472 1553 1554
f 1472 1554 1473
f 1473 1554 1476
f 1474 1475 1477
f 1475 1476 1555
f 1475 1555 1556
f 1475 1556 1477
f 1476 1554 1555
f 1477 1556 1557
f 1477 1557 1478
f 1478 1557 1558
f 1478 1558 1479
f 1479 1558 1559
f 1479 1559 1482
f 1480 1484 1560
f 1480 1560 1481
f 1481 1561 1485
f 1481 1560 1562
f 1481 1562 1561
f 1482 1559 1483
f 1483 1559 1563
f 1483 1563 1564
f 1483 1564 1565
f 1483 1565 1484
f 1484 1565 1560
f 1487 1489 1488
f 1489 1566 1490
f 1490 1566 1652
f 1490 1652 1567
f 1490 1567 1491
f 1491 1567 1568
f 1491 1568 1569
f 1491 1569 1570
f 1491 1570 1492
f 1492 1570 1494
f 1492 1494 1493
f 1494 1571 1572
f 1494 1572 1496
f 1494 1496 1495
f 1494 1570 1569
f 1494 1569 1571
f 1496 1573 1497
f 1496 1572 1574
f 1496 1574 1575
f 1496 1575 1576
f 1496 1576 1577
f 1496 1577 1578
f 1496 1578 1579
f 1496 1579 1573
f 1497 1573 1498
f 1498 1580 1499
f 1498 1573 1580
f 1499 1580 1502
f 1499 1502 1500
f 1501 1504 1581
f 1501 1581 1510
f 1501 1510 1505
f 1502 1580 1582
f 1502 1582 1583
f 1502 1583 1584
f 1502 1584 1503
f 1503 1584 1585
f 1503 1585 1504
f 1504 1585 1581
f 1506 1586 1587
f 1506 1587 1520
f 1506 1520 1519
f 1506 1509 1508
f 1506 1508 1588
f 1506 1588 1589
f 1506 1589 1590
f 1506 1590 1586
f 1508 1518 1591
f 1508 1591 1592
f 1508 1592 1589
f 1508 1589 1588
f 1510 1512 1511
f 1510 1581 1593
f 1510 1593 1594
f 1510 1594 1595
f 1510 1595 1596
f 1510 1596 1512
f 1512 1597 1515
f 1512 1596 1595
f 1512 1595 1598
f 1512 1598 1599
f 1512 1599 1597
f 1513 1600 1514
f 1513 1515 1597
f 1513 1597 1600
f 1514 1517 1516
f 1514 1600 1601
f 1514 1601 1517
f 1517 1591 1518
f 1517 1601 1602
f 1517 1602 1591
f 1521 1527 1522
f 1521 1524 1603
f 1521 1603 1604
f 1521 1604 1605
f 1521 1605 1527
f 1523 1530 1603
f 1523 1603 1524
f 1525 1528 1606
f 1525 1606 1607
f 1525 1607 1549
f 1527 1605 1608
f 1527 1608 1609
f 1527 1609 1528
f 1528 1609 1606
f 1529 1537 1530
f 1530 1610 1603
f 1530 1537 1610
f 1531 1611 1532
f 1531 1535 1612
f 1531 1612 1613
f 1531 1613 1611
f 1532 1611 1533
f 1533 1611 1614
f 1533 1614 1615
f 1533 1615 1616
f 1533 1616 1536
f 1535 1538 1612
f 1536 1616 1537
f 1537 1617 1610
f 1537 1616 1618
f 1537 1618 1617
f 1538 1619 1612
f 1538 1543 1620
f 1538 1620 1621
f 1538 1621 1622
f 1538 1622 1619
f 1539 1548 1540
f 1540 1623 1624
f 1540 1624 1625
f 1540 1625 1626
f 1540 1626 1542
f 1540 1542 1541
f 1540 1548 1623
f 1542 1626 1625
f 1542 1625 1627
f 1542 1627 1628
f 1542 1628 1629
f 1542 1629 1621
f 1542 1621 1620
f 1542 1620 1543
f 1544 1630 1547
f 1545 1547 1631
f 1545 1631 1632
f 1545 1632 1546
f 1546 1632 1624
f 1546 1624 1623
f 1546 1623 1548
f 1547 1630 1633
f 1547 1633 1631
f 1549 1607 1634
f 1549 1634 1635
f 1549 1635 1550
f 1550 1635 1636
f 1550 1636 1551
f 1551 1636 1637
f 1551 1637 1552
f 1552 1637 1553
f 1553 1638 1554
f 1553 1637 1639
f 1553 1639 1638
f 1554 1638 1640
f 1554 1640 1555
f 1555 1640 1641
f 1555 1641 1642
f 1555 1642 1556
f 1556 1642 1557
f 1557 1642 1643
f 1557 1643 1558
f 1558 1643 1644
f 1558 1644 1645
f 1558 1645 1559
f 1559 1645 1563
f 1560 1565 1646
f 1560 1646 1647
f 1560 1647 1562
f 1563 1645 1648
f 1563 1648 1649
f 1563 1649 1564
f 1564 1649 1650
f 1564 1650 1651
f 1564 1651 1565
f 1565 1651 1646
f 1567 1652 1653
f 1567 1653 1568
f 1568 1654 1569
f 1569 1654 1655
f 1569 1655 1656
f 1569 1656 1657
f 1569 1657 1571
f 1571 1657 1572
f 1572 1657 1574
f 1573 1579 1582
f 1573 1582 1580
f 1574 1657 1658
f 1574 1658 1659
f 1574 1659 1575
f 1575 1659 1576
f 1576 1660 1578
f 1576 1578 1577
f 1576 1659 1661
f 1576 1661 1662
f 1576 1662 1663
f 1576 1663 1660
f 1578 1660 1663
f 1578 1663 1664
f 1578 1664 1665
f 1578 1665 1666
f 1578 1666 1579
f 1579 1666 1582
f 1581 1585 1593
f 1582 1667 1583
f 1582 1666 1665
f 1582 1665 1668
f 1582 1668 1669
f 1582 1669 1667
f 1583 1667 1584
f 1584 1670 1585
f 1584 1667 1670
f 1585 1670 1593
f 1586 1590 1671
f 1589 1592 1672
f 1589 1672 1673
f 1589 1673 1674
f 1589 1674 1675
f 1589 1675 1590
f 1590 1675 1676
f 1590 1676 1671
f 1591 1602 1677
f 1591 1677 1592
f 1592 1677 1672
f 1593 1670 1678
f 1593 1678 1679
f 1593 1679 1680
f 1593 1680 1681
f 1593 1681 1595
f 1593 1595 1594
f 1595 1682 1598
f 1595 1681 1680
f 1595 1680 1683
f 1595 1683 1684
f 1595 1684 1685
f 1595 1685 1682
f 1597 1686 1600
f 1597 1599 1687
f 1597 1687 1688
f 1597 1688 1686
f 1598 1682 1599
f 1599 1682 1687
f 1600 1686 1601
f 1601 1686 1689
f 1601 1689 1602
f 1602 1689 1690
f 1602 1690 1691
f 1602 1691 1692
f 1602 1692 1693
f 1602 1693 1677
f 1603 1610 1617
f 1603 1617 1694
f 1603 1694 1695
f 1603 1695 1604
f 1604 1695 1605
f 1605 1695 1608
f 1606 1609 1696
f 1606 1696 1607
f 1607 1696 1634
f 1608 1695 1697
f 1608 1697 1609
f 1609 1697 1698
f 1609 1698 1696
f 1611 1613 1699
f 1611 1699 1700
f 1611 1700 1614
f 1612 1619 1613
f 1613 1619 1699
f 1614 1700 1615
f 1615 1700 1701
f 1615 1701 1702
f 1615 1702 1703
f 1615 1703 1704
f 1615 1704 1617
f 1615 1617 1618
f 1615 1618 1616
f 1617 1704 1703
f 1617 1703 1705
f 1617 1705 1694
f 1619 1706 1699
f 1619 1622 1707
f 1619 1707 1708
f 1619 1708 1706
f 1621 1709 1707
f 1621 1707 1622
f 1621 1629 1628
f 1621 1628 1710
f 1621 1710 1711
f 1621 1711 1712
f 1621 1712 1709
f 1624 1632 1631
f 1624 1631 1713
f 1624 1713 1714
f 1624 1714 1715
f 1624 1715 1716
f 1624 1716 1625
f 1625 1628 1627
f 1625 1716 1715
f 1625 1715 1717
f 1625 1717 1628
f 1628 1711 1710
f 1628 1717 1718
f 1628 1718 1719
f 1628 1719 1711
f 1631 1633 1720
f 1631 1720 1721
f 1631 1721 1713
f 1634 1696 1722
f 1634 1722 1635
f 1635 1723 1636
f 1635 1722 1724
f 1635 1724 1723
f 1636 1723 1637
f 1637 1723 1639
f 1638 1639 1725
f 1638 1725 1726
f 1638 1726 1640
f 1639 1723 1727
f 1639 1727 1725
f 1640 1726 1641
f 1641 1728 1642
f 1641 1726 1729
f 1641 1729 1728
f 1642 1728 1643
f 1643 1728 1644
f 1644 1730 1731
f 1644 1731 1648
f 1644 1648 1645
f 1644 1728 1730
f 1646 1651 1732
f 1646 1732 1647
f 1648 1731 1733
f 1648 1733 1649
f 1649 1733 1734
f 1649 1734 1650
f 1650 1735 1651
f 1650 1734 1736
f 1650 1736 1735
f 1651 1735 1732
f 1655 1737 1656
f 1656 1738 1657
f 1656 1737 1738
f 1657 1738 1739
f 1657 1739 1740
f 1657 1740 1741
f 1657 1741 1742
f 1657 1742 1658
f 1658 1742 1659
f 1659 1742 1743
f 1659 1743 1744
f 1659 1744 1661
f 1661 1744 1745
f 1661 1745 1662
f 1662 1745 1663
f 1663 1745 1746
f 1663 1746 1747
f 1663 1747 1748
f 1663 1748 1749
f 1663 1749 1750
f 1663 1750 1751
f 1663 1751 1664
f 1664 1751 1665
f 1665 1752 1668
f 1665 1751 1753
f 1665 1753 1754
f 1665 1754 1752
f 1667 1669 1752
f 1667 1752 1755
f 1667 1755 1678
f 1667 1678 1670
f 1668 1752 1669
f 1672 1677 1756
f 1672 1756 1673
f 1673 1757 1674
f 1673 1756 1757
f 1674 1758 1675
f 1675 1758 1676
f 1677 1693 1756
f 1678 1755 1759
f 1678 1759 1760
f 1678 1760 1761
f 1678 1761 1680
f 1678 1680 1679
f 1680 1684 1683
f 1680 1761 1760
f 1680 1760 1762
f 1680 1762 1763
f 1680 1763 1684
f 1682 1685 1764
f 1682 1764 1765
f 1682 1765 1687
f 1684 1763 1766
f 1684 1766 1767
f 1684 1767 1768
f 1684 1768 1764
f 1684 1764 1685
f 1686 1688 1769
f 1686 1769 1690
f 1686 1690 1689
f 1687 1765 1770
f 1687 1770 1688
f 1688 1770 1769
f 1690 1769 1771
f 1690 1771 1772
f 1690 1772 1773
f 1690 1773 1774
f 1690 1774 1775
f 1690 1775 1691
f 1691 1775 1692
f 1692 1775 1776
f 1692 1776 1693
f 1693 1776 1777
f 1693 1777 1778
f 1693 1778 1756
f 1694 1705 1779
f 1694 1779 1695
f 1695 1779 1780
f 1695 1780 1697
f 1696 1698 1781
f 1696 1781 1782
f 1696 1782 1783
f 1696 1783 1722
f 1697 1781 1698
f 1697 1780 1784
f 1697 1784 1785
f 1697 1785 1786
f 1697 1786 1787
f 1697 1787 1781
f 1699 1706 1700
f 1700 1788 1701
f 1700 1706 1789
f 1700 1789 1788
f 1701 1788 1702
f 1702 1788 1703
f 1703 1790 1784
f 1703 1784 1705
f 1703 1788 1791
f 1703 1791 1792
f 1703 1792 1793
f 1703 1793 1790
f 1705 1784 1779
f 1706 1708 1794
f 1706 1794 1795
f 1706 1795 1789
f 1707 1709 1708
f 1708 1709 1794
f 1709 1712 1711
f 1709 1711 1796
f 1709 1796 1797
f 1709 1797 1798
f 1709 1798 1799
f 1709 1799 1794
f 1711 1800 1797
f 1711 1797 1796
f 1711 1719 1801
f 1711 1801 1800
f 1713 1721 1714
f 1714 1721 1802
f 1714 1802 1803
f 1714 1803 1804
f 1714 1804 1805
f 1714 1805 1806
f 1714 1806 1715
f 1715 1806 1805
f 1715 1805 1807
f 1715 1807 1808
f 1715 1808 1717
f 1717 1808 1809
f 1717 1809 1810
f 1717 1810 1719
f 1717 1719 1718
f 1719 1810 1773
f 1719 1773 1811
f 1719 1811 1801
f 1720 1802 1721
f 1722 1783 1812
f 1722 1812 1813
f 1722 1813 1724
f 1723 1724 1814
f 1723 1814 1727
f 1724 1813 1814
f 1725 1727 1815
f 1725 1815 1726
f 1726 1815 1729
f 1727 1814 1816
f 1727 1816 1817
f 1727 1817 1815
f 1728 1729 1730
f 1729 1815 1818
f 1729 1818 1730
f 1730 1818 1731
f 1731 1818 1819
f 1731 1819 1820
f 1731 1820 1821
f 1731 1821 1733
f 1732 1735 1822
f 1733 1821 1823
f 1733 1823 1734
f 1734 1823 1824
f 1734 1824 1736
f 1735 1736 1825
f 1735 1825 1826
f 1735 1826 1822
f 1736 1824 1827
f 1736 1827 1825
f 1740 1828 1741
f 1741 1828 1742
f 1742 1828 1829
f 1742 1829 1830
f 1742 1830 1743
f 1743 1830 1744
f 1744 1830 1831
f 1744 1831 1832
f 1744 1832 1833
f 1744 1833 1834
f 1744 1834 1745
f 1745 1834 1746
f 1746 1834 1747
f 1747 1834 1835
f 1747 1835 1836
f 1747 1836 1837
f 1747 1837 1749
f 1747 1749 1748
f 1749 1837 1838
f 1749 1838 1839
f 1749 1839 1840
f 1749 1840 1753
f 1749 1753 1750
f 1750 1753 1751
f 1752 1754 1753
f 1752 1753 1841
f 1752 1841 1842
f 1752 1842 1755
f 1753 1843 1841
f 1753 1840 1844
f 1753 1844 1845
f 1753 1845 1846
f 1753 1846 1843
f 1755 1842 1759
f 1756 1778 1847
f 1756 1847 1757
f 1759 1842 1760
f 1760 1766 1762
f 1760 1842 1848
f 1760 1848 1849
f 1760 1849 1850
f 1760 1850 1851
f 1760 1851 1852
f 1760 1852 1766
f 1762 1766 1763
f 1764 1768 1853
f 1764 1853 1765
f 1765 1853 1854
f 1765 1854 1771
f 1765 1771 1770
f 1766 1855 1767
f 1766 1852 1851
f 1766 1851 1856
f 1766 1856 1857
f 1766 1857 1855
f 1767 1855 1768
f 1768 1855 1858
f 1768 1858 1859
f 1768 1859 1853
f 1769 1770 1771
f 1771 1854 1859
f 1771 1859 1860
f 1771 1860 1801
f 1771 1801 1861
f 1771 1861 1773
f 1771 1773 1772
f 1773 1810 1862
f 1773 1862 1775
f 1773 1775 1774
f 1773 1861 1801
f 1773 1801 1811
f 1775 1863 1776
f 1775 1862 1864
f 1775 1864 1863
f 1776 1863 1777
f 1777 1863 1865
f 1777 1865 1778
f 1778 1865 1866
f 1778 1866 1867
f 1778 1867 1868
f 1778 1868 1847
f 1779 1784 1780
f 1781 1787 1786
f 1781 1786 1869
f 1781 1869 1782
f 1782 1869 1870
f 1782 1870 1871
f 1782 1871 1872
f 1782 1872 1812
f 1782 1812 1783
f 1784 1786 1785
f 1784 1790 1873
f 1784 1873 1786
f 1786 1870 1869
f 1786 1873 1874
f 1786 1874 1875
f 1786 1875 1870
f 1788 1792 1791
f 1788 1789 1795
f 1788 1795 1876
f 1788 1876 1792
f 1790 1793 1792
f 1790 1792 1877
f 1790 1877 1878
f 1790 1878 1873
f 1792 1879 1880
f 1792 1880 1877
f 1792 1876 1881
f 1792 1881 1882
f 1792 1882 1883
f 1792 1883 1879
f 1794 1799 1795
f 1795 1799 1884
f 1795 1884 1881
f 1795 1881 1876
f 1797 1800 1801
f 1797 1801 1859
f 1797 1859 1885
f 1797 1885 1886
f 1797 1886 1887
f 1797 1887 1799
f 1797 1799 1798
f 1799 1888 1884
f 1799 1887 1886
f 1799 1886 1889
f 1799 1889 1888
f 1801 1860 1859
f 1803 1890 1804
f 1804 1890 1805
f 1805 1891 1808
f 1805 1808 1807
f 1805 1890 1892
f 1805 1892 1893
f 1805 1893 1894
f 1805 1894 1891
f 1808 1810 1809
f 1808 1891 1894
f 1808 1894 1895
f 1808 1895 1863
f 1808 1863 1896
f 1808 1896 1810
f 1810 1896 1863
f 1810 1863 1864
f 1810 1864 1862
f 1812 1872 1813
f 1813 1816 1814
f 1813 1872 1897
f 1813 1897 1816
f 1815 1817 1898
f 1815 1898 1899
f 1815 1899 1818
f 1816 1897 1900
f 1816 1900 1901
f 1816 1901 1902
f 1816 1902 1898
f 1816 1898 1817
f 1818 1899 1819
f 1819 1899 1898
f 1819 1898 1903
f 1819 1903 1904
f 1819 1904 1905
f 1819 1905 1906
f 1819 1906 1820
f 1820 1906 1823
f 1820 1823 1821
f 1822 1826 1907
f 1823 1906 1908
f 1823 1908 1909
f 1823 1909 1824
f 1824 1909 1910
f 1824 1910 1827
f 1825 1911 1907
f 1825 1907 1826
f 1825 1827 1911
f 1827 1910 1912
f 1827 1912 1913
f 1827 1913 1911
f 1829 1914 1830
f 1830 1914 1915
f 1830 1915 1916
f 1830 1916 1831
f 1831 1916 1917
f 1831 1917 1832
f 1832 1917 1918
f 1832 1918 1919
f 1832 1919 1920
f 1832 1920 1833
f 1833 1920 1834
f 1834 1920 1921
f 1834 1921 1835
f 1835 1921 1922
f 1835 1922 1836
f 1836 1922 1923
f 1836 1923 1924
f 1836 1924 1838
f 1836 1838 1837
f 1838 1925 1839
f 1838 1924 1926
f 1838 1926 1927
f 1838 1927 1925
f 1839 1925 1840
f 1840 1925 1928
f 1840 1928 1845
f 1840 1845 1844
f 1841 1843 1842
f 1842 1843 1848
f 1843 1846 1845
f 1843 1845 1929
f 1843 1929 1849
f 1843 1849 1848
f 1845 1928 1930
f 1845 1930 1931
f 1845 1931 1932
f 1845 1932 1933
f 1845 1933 1934
f 1845 1934 1929
f 1849 1851 1850
f 1849 1929 1934
f 1849 1934 1935
f 1849 1935 1851
f 1851 1936 1856
f 1851 1935 1937
f 1851 1937 1938
f 1851 1938 1883
f 1851 1883 1939
f 1851 1939 1936
f 1853 1859 1854
f 1855 1857 1940
f 1855 1940 1886
f 1855 1886 1858
f 1856 1936 1857
f 1857 1936 1940
f 1858 1886 1859
f 1859 1886 1885
f 1863 1895 1894
f 1863 1894 1865
f 1865 1894 1866
f 1866 1894 1941
f 1866 1941 1867
f 1870 1875 1942
f 1870 1942 1943
f 1870 1943 1871
f 1871 1944 1872
f 1871 1943 1944
f 1872 1944 1900
f 1872 1900 1897
f 1873 1878 1874
f 1874 1878 1875
f 1875 1878 1945
f 1875 1945 1946
f 1875 1946 1947
f 1875 1947 1932
f 1875 1932 1948
f 1875 1948 1942
f 1877 1880 1878
f 1878 1880 1945
f 1879 1883 1880
f 1880 1883 1949
f 1880 1949 1946
f 1880 1946 1945
f 1881 1884 1888
f 1881 1888 1950
f 1881 1950 1883
f 1881 1883 1882
f 1883 1937 1949
f 1883 1950 1936
f 1883 1936 1939
f 1883 1938 1937
f 1886 1940 1889
f 1888 1889 1936
f 1888 1936 1950
f 1889 1940 1936
f 1892 1951 1893
f 1893 1952 1941
f 1893 1941 1894
f 1893 1951 1952
f 1898 1902 1903
f 1900 1902 1901
f 1900 1944 1953
f 1900 1953 1902
f 1902 1954 1955
f 1902 1955 1904
f 1902 1904 1903
f 1902 1953 1956
f 1902 1956 1954
f 1904 1906 1905
f 1904 1955 1906
f 1906 1957 1958
f 1906 1958 1908
f 1906 1955 1959
f 1906 1959 1957
f 1908 1960 1909
f 1908 1958 1960
f 1909 1960 1910
f 1910 1960 1961
f 1910 1961 1962
f 1910 1962 1912
f 1911 1913 1963
f 1912 1962 1964
f 1912 1964 1965
f 1912 1965 1963
f 1912 1963 1913
f 1915 1966 1967
f 1915 1967 1917
f 1915 1917 1916
f 1917 1967 1966
f 1917 1966 1968
f 1917 1968 1969
f 1917 1969 1918
f 1918 1969 1970
f 1918 1970 1919
f 1919 1970 1971
f 1919 1971 1972
f 1919 1972 1921
f 1919 1921 1920
f 1921 1972 1973
f 1921 1973 1922
f 1922 1973 1923
f 1923 1974 1959
f 1923 1959 1975
f 1923 1975 1924
f 1923 1973 1974
f 1924 1975 1926
f 1925 1927 1976
f 1925 1976 1977
f 1925 1977 1930
f 1925 1930 1928
f 1926 1975 1955
f 1926 1955 1976
f 1926 1976 1927
f 1930 1932 1931
f 1930 1977 1978
f 1930 1978 1979
f 1930 1979 1932
f 1932 1979 1948
f 1932 1947 1980
f 1932 1980 1933
f 1933 1980 1934
f 1934 1980 1937
f 1934 1937 1935
f 1937 1980 1946
f 1937 1946 1949
f 1942 1948 1943
f 1943 1953 1944
f 1943 1948 1981
f 1943 1981 1953
f 1946 1980 1947
f 1948 1979 1978
f 1948 1978 1981
f 1953 1981 1978
f 1953 1978 1982
f 1953 1982 1976
f 1953 1976 1956
f 1954 1956 1955
f 1955 1956 1976
f 1955 1975 1959
f 1957 1959 1974
f 1957 1974 1958
f 1958 1974 1973
f 1958 1973 1983
f 1958 1983 1961
f 1958 1961 1960
f 1961 1983 1971
f 1961 1971 1984
f 1961 1984 1962
f 1962 1984 1964
f 1964 1984 1985
f 1964 1985 1986
f 1964 1986 1965
f 1965 1986 1987
f 1968 1988 1969
f 1969 1988 1985
f 1969 1985 1970
f 1970 1985 1971
f 1971 1983 1973
f 1971 1973 1972
f 1971 1985 1984
f 1976 1982 1978
f 1976 1978 1977
f 1985 1988 1986
f 1986 1989 1987
f 1986 1988 1989
