v -1.01062107 0.40990728 -0.01001108
v -1.01062107 0.40990728 0.00098470
v -1.00983500 0.42089376 0.00098470
v -1.00909817 0.42992708 -0.01001108
v -1.01022804 0.40990728 -0.03000724
v -1.00993323 0.38996887 -0.01001108
v -1.01032639 0.40095535 0.00098470
v -1.00914729 0.42992708 0.00098470
v -1.00374329 0.44538951 -0.01001108
v -1.00349772 0.44514537 -0.03000724
v -1.00870514 0.42992708 -0.03000724
v -1.00934374 0.40990728 -0.05004588
v -1.00870514 0.38996887 -0.05004588
v -1.00954032 0.38996887 -0.03000724
v -1.00993323 0.38996887 0.00098470
v -1.00855780 0.36994907 -0.01001108
v -1.00374329 0.44547090 0.00098470
v -0.99259156 0.45539942 -0.01001108
v -0.99244416 0.45515528 -0.03000724
v -1.00305557 0.44465709 -0.05004588
v -0.99219853 0.45466697 -0.05004588
v -1.00782084 0.42992708 -0.05004588
v -1.00806653 0.40990728 -0.07004204
v -1.00737870 0.38996887 -0.07004204
v -1.00605226 0.36994907 -0.07004204
v -1.00732958 0.36994907 -0.05004588
v -1.00816476 0.36994907 -0.03000724
v -1.00855780 0.36994907 0.00098470
v -1.00678921 0.34992930 -0.01001108
v -0.99264067 0.45539942 0.00098470
v -0.98261881 0.46101472 -0.01001108
v -0.98247147 0.46101472 -0.03000724
v -0.98222584 0.46093333 -0.05004588
v -0.98183280 0.46085197 -0.07004204
v -0.98134154 0.46060783 -0.09003821
v -1.00241685 0.44384328 -0.07004204
v -0.99185467 0.45377180 -0.07004204
v -0.98021162 0.46011952 -0.12260098
v -1.00654352 0.42992708 -0.07004204
v -1.00163090 0.44254118 -0.09003821
v -1.00639617 0.40990728 -0.09003821
v -1.00492239 0.42992708 -0.09003821
v -1.00570846 0.38996887 -0.09003821
v -1.00443113 0.36994907 -0.09003821
v -1.00433290 0.34992930 -0.07004204
v -1.00556099 0.34992930 -0.05004588
v -1.00639617 0.34992930 -0.03000724
v -1.00678921 0.34992930 0.00098470
v -1.00467670 0.32990950 -0.01001108
v -0.98266792 0.46101472 0.00098470
v -0.96999323 0.46158439 -0.07004204
v -0.96999323 0.46150300 -0.09003821
v -0.96508056 0.46134025 -0.17002289
v -0.96355766 0.46125886 -0.19006152
v -0.99131429 0.45263246 -0.09003821
v -0.96090484 0.46044505 -0.22572348
v -0.97868872 0.45971262 -0.13593176
v -0.98635244 0.44799373 -0.17002289
v -0.98792452 0.44913307 -0.15002672
v -0.96208382 0.46093333 -0.21005769
v -1.00055003 0.44099492 -0.11003438
v -1.00000966 0.44001836 -0.12039334
v -1.00433290 0.40990728 -0.11003438
v -1.00369418 0.38996887 -0.11003438
v -1.00280988 0.42992708 -0.11003438
v -1.00015712 0.42138204 -0.14149332
v -1.00241685 0.36994907 -0.11003438
v -1.00079572 0.35066172 -0.10969475
v -1.00271165 0.34992930 -0.09003821
v -1.00226951 0.32990950 -0.07004204
v -1.00344861 0.32990950 -0.05004588
v -1.00428367 0.32990950 -0.03000724
v -1.00462759 0.32990950 0.00098470
v -1.00354683 0.32095757 0.00098470
v -1.00182736 0.30997109 -0.03000724
v -1.00217128 0.30997109 -0.01001108
v -0.96999323 0.46158439 0.00098470
v -0.94994956 0.46182853 -0.21005769
v -0.92995495 0.46199131 -0.28995746
v -0.94425082 0.46134025 -0.26996130
v -0.95948017 0.45987538 -0.23909672
v -0.94199097 0.46085197 -0.28995746
v -0.97505331 0.45800361 -0.17002289
v -0.98458391 0.44636610 -0.19006152
v -0.97357953 0.45629460 -0.19006152
v -0.99440926 0.42992708 -0.17002289
v -0.99907631 0.43472856 -0.13376656
v -1.00074661 0.42878774 -0.12824745
v -0.98266792 0.44400603 -0.21005769
v -0.98104680 0.44172737 -0.22491685
v -1.00187647 0.40990728 -0.13007301
v -1.00010800 0.39672351 -0.14111122
v -1.00064838 0.36994907 -0.12519072
v -1.00109053 0.39005026 -0.13126174
v -0.99789727 0.42878774 -0.14896536
v -0.99087214 0.42992708 -0.19006152
v -0.99588305 0.40990728 -0.17002289
v -0.99878156 0.40990728 -0.15193719
v -1.00025535 0.40990728 -0.14196032
v -1.00015712 0.35782328 -0.12153961
v -0.99951845 0.34447676 -0.11610541
v -1.00025535 0.33723381 -0.10277463
v -1.00074661 0.33031639 -0.08901930
v -1.00010800 0.31884164 -0.08167464
v -1.00055003 0.31558639 -0.07004204
v -1.00094306 0.30907589 -0.04889959
v -1.00212216 0.30997109 0.00098470
v -1.00000966 0.29947290 -0.04151247
v -1.00020623 0.29825220 -0.03000724
v -1.00040269 0.29703146 -0.01001108
v -1.00133610 0.30411163 0.00098470
v -0.85636306 0.46060783 -0.43273267
v -0.86736751 0.46142164 -0.43273267
v -0.86997122 0.46150300 -0.42997313
v -0.88991666 0.46174714 -0.38998076
v -0.95815372 0.46052644 0.00098470
v -0.90996039 0.46174714 -0.34998843
v -0.92455101 0.46125886 -0.32999226
v -0.94056630 0.46028230 -0.30226934
v -0.95422357 0.45694566 -0.26996130
v -0.96542448 0.44693577 -0.26996130
v -0.96807730 0.44905168 -0.24996513
v -0.97210574 0.45401594 -0.21005769
v -0.92155427 0.46060783 -0.34998843
v -0.96257514 0.44376189 -0.28995746
v -0.96070832 0.44115770 -0.30235425
v -0.97952384 0.43725139 -0.23820516
v -0.99863416 0.39005026 -0.14866817
v -0.99976408 0.38337699 -0.13877623
v -0.99524438 0.38996887 -0.17002289
v -0.99932194 0.36994907 -0.13525248
v -0.98689288 0.42992708 -0.21005769
v -0.99229681 0.40990728 -0.19006152
v -0.99853587 0.35066172 -0.12892672
v -0.99627608 0.32990950 -0.13007301
v -0.99873239 0.33031639 -0.10969475
v -0.99951845 0.32396868 -0.09500542
v -0.99843764 0.31127319 -0.08901930
v -0.99922365 0.30557650 -0.07004204
v -0.99971497 0.30191433 -0.05488572
v -0.99843764 0.29166031 -0.04889959
v -0.99868327 0.28824228 -0.03000724
v -0.99956757 0.29166031 0.00098470
v -0.99883068 0.28710294 -0.01001108
v -0.84663600 0.45800361 -0.43273267
v -0.86997122 0.46142164 -0.43273267
v -0.88136858 0.46093333 -0.43273267
v -0.88323539 0.46093333 -0.42997313
v -0.94818097 0.45718980 0.00098470
v -0.84526044 0.45759672 -0.43273267
v -0.90283698 0.46093333 -0.38998076
v -0.92008048 0.46003816 -0.36038983
v -0.93747133 0.45914295 -0.31564257
v -0.95196372 0.45369041 -0.28995746
v -0.94601941 0.44726127 -0.32999226
v -0.94238400 0.44327360 -0.34998843
v -0.94032073 0.44050664 -0.36085683
v -0.95348668 0.42992708 -0.32999226
v -0.95849758 0.42992708 -0.31564257
v -0.96183825 0.42992708 -0.30562326
v -0.96660352 0.42992708 -0.28995746
v -0.97230220 0.42992708 -0.26996130
v -0.97775531 0.43033397 -0.24928585
v -0.98050636 0.42390487 -0.24211100
v -0.98222584 0.43033397 -0.23090295
v -0.99720949 0.36994907 -0.15002672
v -0.99160904 0.38996887 -0.19006152
v -0.99396712 0.36994907 -0.17002289
v -0.99549007 0.34992930 -0.15002672
v -0.98826838 0.40990728 -0.21005769
v -0.98762977 0.38996887 -0.21005769
v -0.99342668 0.32990950 -0.15002672
v -0.99381971 0.30997109 -0.13007301
v -0.99617779 0.30997109 -0.11003438
v -0.99534267 0.28995129 -0.09003821
v -0.99691474 0.28995129 -0.07004204
v -0.99485141 0.26993150 -0.05004588
v -0.99563742 0.26993150 -0.03000724
v -0.99603045 0.26993150 -0.01001108
v -0.99883068 0.28718436 0.00098470
v -0.88269502 0.46077058 -0.43273267
v -0.90072453 0.46028230 -0.40208036
v -0.92995495 0.44766819 0.00098470
v -0.82713270 0.44986549 -0.43273267
v -0.83017850 0.45124897 -0.43273267
v -0.93452376 0.45727119 -0.32999226
v -0.89674526 0.45889881 -0.41541114
v -0.91629773 0.45841053 -0.37376308
v -0.92425627 0.44538951 -0.38998076
v -0.92140687 0.44205290 -0.40326911
v -0.92292982 0.42992708 -0.40666547
v -0.93015146 0.42992708 -0.38998076
v -0.93717659 0.42992708 -0.37316871
v -0.94125414 0.42992708 -0.36319184
v -0.94626504 0.42992708 -0.34998843
v -0.95481312 0.40990728 -0.32999226
v -0.95913625 0.40990728 -0.31742567
v -0.96242774 0.40990728 -0.30744880
v -0.96783167 0.40990728 -0.28995746
v -0.97357953 0.40990728 -0.26996130
v -0.97814828 0.40990728 -0.25293696
v -0.98070288 0.40990728 -0.24296010
v -0.98379791 0.40990728 -0.22992650
v -0.99229681 0.34992930 -0.17002289
v -0.99033171 0.36994907 -0.19006152
v -0.98311007 0.38996887 -0.22992650
v -0.98006427 0.37881964 -0.24037036
v -0.98630333 0.36994907 -0.21005769
v -0.99018437 0.32990950 -0.17002289
v -0.99097037 0.30997109 -0.15002672
v -0.99092126 0.28995129 -0.13007301
v -0.99332845 0.28995129 -0.11003438
v -0.99008608 0.26993150 -0.11003438
v -0.99205118 0.26993150 -0.09003821
v -0.99367237 0.26993150 -0.07004204
v -0.99116689 0.24999310 -0.05004588
v -0.99200201 0.24999310 -0.03000724
v -0.99598134 0.26993150 0.00098470
v -0.99234593 0.24999310 -0.01001108
v -0.89276600 0.45531803 -0.43273267
v -0.89320815 0.45605046 -0.42997313
v -0.91939270 0.44042528 0.00098470
v -0.81499839 0.44302946 -0.43273267
v -0.91280973 0.45539942 -0.38998076
v -0.90519506 0.44612196 -0.42997313
v -0.90455639 0.44538951 -0.43273267
v -0.91074640 0.42992708 -0.43273267
v -0.91207284 0.42992708 -0.42997313
v -0.91841018 0.42992708 -0.41659987
v -0.91914707 0.40990728 -0.41821316
v -0.92366672 0.40990728 -0.40815139
v -0.93162525 0.40990728 -0.38998076
v -0.93791348 0.40990728 -0.37486690
v -0.94189274 0.40990728 -0.36489004
v -0.94759142 0.40990728 -0.34998843
v -0.95407617 0.38996887 -0.32999226
v -0.95874321 0.38996887 -0.31619447
v -0.96198559 0.38996887 -0.30626008
v -0.96704566 0.38996887 -0.28995746
v -0.97284257 0.38996887 -0.26996130
v -0.97775531 0.38996887 -0.25153595
v -0.98035902 0.38996887 -0.24155909
v -0.98861229 0.34992930 -0.19006152
v -0.97741139 0.37125120 -0.24818203
v -0.97947472 0.36547312 -0.23803535
v -0.98168540 0.37125120 -0.23081805
v -0.98114502 0.34992930 -0.22500175
v -0.98448563 0.34992930 -0.21005769
v -0.98649985 0.32990950 -0.19006152
v -0.98767889 0.30997109 -0.17002289
v -0.98807192 0.28995129 -0.15002672
v -0.98762977 0.26993150 -0.13007301
v -0.98630333 0.24999310 -0.11003438
v -0.98836666 0.24999310 -0.09003821
v -0.98993874 0.24999310 -0.07004204
v -0.98708940 0.22997330 -0.05004588
v -0.98787540 0.22997330 -0.03000724
v -0.99229681 0.24999310 0.00098470
v -0.99047911 0.24095978 0.00098470
v -0.98821926 0.22997330 -0.01001108
v -0.98821926 0.22997330 0.00098470
v -0.90303349 0.44677299 -0.43273267
v -0.91059899 0.42992708 0.00098470
v -0.79510200 0.42520696 -0.43273267
v -0.80379748 0.43383339 -0.43273267
v -0.80512387 0.43513548 -0.43273267
v -0.91217107 0.40990728 -0.43273267
v -0.91207284 0.40689617 -0.43273267
v -0.91276062 0.38996887 -0.42997313
v -0.91875404 0.38996887 -0.41736406
v -0.92327368 0.38996887 -0.40738720
v -0.93088835 0.38996887 -0.38998076
v -0.93756962 0.38996887 -0.37393290
v -0.94154888 0.38996887 -0.36395603
v -0.94685459 0.38996887 -0.34998843
v -0.95265150 0.36994907 -0.32999226
v -0.95805544 0.36994907 -0.31407174
v -0.96124870 0.36994907 -0.30400997
v -0.96562099 0.36994907 -0.28995746
v -0.97141790 0.36994907 -0.26996130
v -0.97495508 0.34992930 -0.24996513
v -0.97873783 0.34992930 -0.23497862
v -0.98040813 0.33593172 -0.22194502
v -0.98207843 0.32950258 -0.21120396
v -0.98099768 0.30997109 -0.20483576
v -0.98399436 0.30997109 -0.19006152
v -0.98134154 0.29100925 -0.18963698
v -0.98478043 0.28995129 -0.17002289
v -0.98158717 0.27017564 -0.16976817
v -0.98478043 0.26993150 -0.15002672
v -0.98129243 0.25048137 -0.14883798
v -0.98384702 0.24999310 -0.13007301
v -0.98089939 0.23550723 -0.13007301
v -0.97962213 0.22159104 -0.11686959
v -0.98193109 0.22891535 -0.11011929
v -0.98424000 0.22997330 -0.09003821
v -0.98581207 0.22997330 -0.07004204
v -0.98183280 0.21198805 -0.07004204
v -0.98212755 0.20816313 -0.05114970
v -0.98340487 0.20995352 -0.03000724
v -0.98374873 0.20995352 -0.01001108
v -0.98369962 0.20995352 0.00098470
v -0.90116668 0.41804540 0.00098470
v -0.78468716 0.41169769 -0.43273267
v -0.91138506 0.38996887 -0.43273267
v -0.91118854 0.38655087 -0.43273267
v -0.91123766 0.36994907 -0.42997313
v -0.91801715 0.36994907 -0.41570833
v -0.92253685 0.36994907 -0.40573147
v -0.92936546 0.36994907 -0.38998076
v -0.93678355 0.36994907 -0.37214980
v -0.94081199 0.36994907 -0.36217293
v -0.94542986 0.36994907 -0.34998843
v -0.95073557 0.34992930 -0.32999226
v -0.95761335 0.34846443 -0.30906209
v -0.96056092 0.35416111 -0.30180234
v -0.96301723 0.34846443 -0.29174057
v -0.96955109 0.34992930 -0.26996130
v -0.97284257 0.32990950 -0.24996513
v -0.97795177 0.32950258 -0.22911985
v -0.97967124 0.32258520 -0.21859109
v -0.97883606 0.30997109 -0.21485507
v -0.98021162 0.29833359 -0.20122711
v -0.97917998 0.28498703 -0.19600518
v -0.98045725 0.27701169 -0.18263194
v -0.97927821 0.26366514 -0.17622128
v -0.98040813 0.25748017 -0.16289049
v -0.97908169 0.24413365 -0.15461183
v -0.98016250 0.23908801 -0.14128105
v -0.97873783 0.22549734 -0.13007301
v -0.97524983 0.20995352 -0.13007301
v -0.97790265 0.21093009 -0.11011929
v -0.98035902 0.21825440 -0.10353881
v -0.98099768 0.21548745 -0.09003821
v -0.97868872 0.20547755 -0.09003821
v -0.97947472 0.20197815 -0.07004204
v -0.97986770 0.20026915 -0.05857927
v -0.98026073 0.19888566 -0.04529095
v -0.98050636 0.19774632 -0.03000724
v -0.98070288 0.19701390 -0.01001108
v -0.98065376 0.19709527 0.00098470
v -0.77849716 0.40225744 -0.43273267
v -0.78139567 0.40673342 -0.43273267
v -0.50874221 -0.19670866 0.00098470
v -0.90986210 0.36994907 -0.43273267
v -0.90946913 0.36612415 -0.43273267
v -0.90912521 0.34992930 -0.42997313
v -0.91698551 0.34992930 -0.41341579
v -0.92145604 0.34992930 -0.40339646
v -0.92730212 0.34992930 -0.38998076
v -0.93634140 0.35033619 -0.36841378
v -0.94022244 0.35725361 -0.36068702
v -0.94307178 0.35033619 -0.35126209
v -0.94243312 0.32990950 -0.34654960
v -0.94842660 0.32990950 -0.32999226
v -0.95520610 0.32990950 -0.30999610
v -0.95987314 0.34081459 -0.29963714
v -0.96223122 0.32990950 -0.28753754
v -0.96734041 0.32990950 -0.26996130
v -0.96483493 0.30997109 -0.26996130
v -0.97028804 0.30997109 -0.24996513
v -0.97529894 0.30997109 -0.22992650
v -0.97244960 0.28995129 -0.22992650
v -0.97741139 0.29100925 -0.20869914
v -0.97362864 0.26993150 -0.21005769
v -0.97790265 0.27017564 -0.18963698
v -0.97397256 0.24999310 -0.19006152
v -0.97785354 0.25048137 -0.16976817
v -0.97353041 0.22997330 -0.17002289
v -0.97736228 0.23143817 -0.14883798
v -0.97230220 0.20995352 -0.15002672
v -0.97038627 0.19001511 -0.13007301
v -0.97284257 0.19001511 -0.11003438
v -0.97490591 0.19001511 -0.09003821
v -0.97652709 0.19001511 -0.07004204
v -0.97805005 0.19131720 -0.05114970
v -0.97264612 0.16999531 -0.05004588
v -0.97800088 0.18773644 -0.03000724
v -0.97819746 0.18700400 -0.01001108
v -0.97819746 0.18708538 0.00098470
v -0.50874221 -0.06902146 -0.43273267
v -0.50874221 -0.36939973 0.00098470
v -0.90774965 0.34992930 -0.43273267
v -0.90720928 0.34529057 -0.43273267
v -0.90529335 0.32990950 -0.43273267
v -0.90661973 0.32990950 -0.42997313
v -0.91639596 0.32909569 -0.40878820
v -0.92062086 0.33519930 -0.40140110
v -0.92401063 0.32909569 -0.39159405
v -0.93324643 0.32990950 -0.36998460
v -0.93948555 0.34398845 -0.35881901
v -0.93865037 0.32990950 -0.35648400
v -0.94110674 0.30997109 -0.34289849
v -0.94572461 0.30997109 -0.32999226
v -0.95255327 0.30997109 -0.30999610
v -0.95918536 0.32990950 -0.29751441
v -0.95790809 0.30997109 -0.29322648
v -0.96095395 0.30997109 -0.28324962
v -0.96016788 0.29857773 -0.28070235
v -0.96198559 0.29117203 -0.27017355
v -0.96734041 0.28995129 -0.24996513
v -0.96326292 0.26838526 -0.25166333
v -0.96905982 0.26993150 -0.22992650
v -0.96984589 0.24999310 -0.21005769
v -0.96979678 0.22997330 -0.19006152
v -0.96896160 0.20995352 -0.17002289
v -0.96738952 0.19001511 -0.15002672
v -0.96213299 0.16950703 -0.14947481
v -0.96512973 0.16999531 -0.13007301
v -0.96768427 0.16999531 -0.11003438
v -0.96974760 0.16999531 -0.09003821
v -0.97136879 0.16999531 -0.07004204
v -0.96714389 0.14997552 -0.05004588
v -0.96797907 0.14997552 -0.03000724
v -0.97343212 0.16999531 -0.03000724
v -0.97382516 0.16999531 -0.01001108
v -0.97377598 0.16999531 0.00098470
v -0.50874221 -0.29493585 -0.43273267
v -0.58041811 -0.34010246 0.00098470
v -0.58036900 -0.34010246 -0.01005353
v -0.58022165 -0.34002107 -0.02283239
v -0.50874221 -0.36923695 -0.01005353
v -0.90490031 0.32706115 -0.43273267
v -0.90283698 0.31290081 -0.43273267
v -0.91310447 0.30997109 -0.40997696
v -0.91973662 0.32185274 -0.39940572
v -0.93044621 0.30997109 -0.36998460
v -0.93722570 0.30997109 -0.35296026
v -0.94022244 0.29833359 -0.34069085
v -0.94262964 0.29100925 -0.33054417
v -0.94950742 0.28995129 -0.30999610
v -0.95658165 0.29117203 -0.28838664
v -0.95913625 0.28523117 -0.27705124
v -0.96100307 0.27400059 -0.26363555
v -0.95982403 0.26073542 -0.25947499
v -0.96139610 0.24999310 -0.24538001
v -0.96522796 0.24999310 -0.22992650
v -0.96562099 0.22997330 -0.21005769
v -0.96522796 0.20995352 -0.19006152
v -0.96139610 0.19440970 -0.19006152
v -0.95987314 0.18033074 -0.17953275
v -0.96326292 0.18822472 -0.17176354
v -0.96110129 0.17585477 -0.16615951
v -0.95928359 0.16250825 -0.15575811
v -0.96031529 0.15868333 -0.14242733
v -0.96119958 0.15559083 -0.13007301
v -0.96208382 0.14924309 -0.10888810
v -0.96424544 0.14997552 -0.09003821
v -0.96586663 0.14997552 -0.07004204
v -0.96149433 0.13483861 -0.07004204
v -0.96213299 0.13264132 -0.05004588
v -0.96257514 0.13125783 -0.03000724
v -0.96837211 0.14997552 -0.01001108
v -0.96277165 0.13052541 -0.01001108
v -0.96837211 0.14997552 0.00098470
v -0.50874221 -0.29648209 -0.42903912
v -0.50992125 -0.29550552 -0.43010047
v -0.52942455 -0.28460044 -0.43273267
v -0.59043998 -0.33587062 0.00098470
v -0.59043998 -0.33587062 -0.01005353
v -0.58818018 -0.33644029 -0.02971007
v -0.57987773 -0.33985832 -0.03616318
v -0.50874221 -0.36883005 -0.03004970
v -0.89905423 0.28995129 -0.43273267
v -0.90264046 0.28995129 -0.42543048
v -0.90347564 0.31135458 -0.43086466
v -0.90986210 0.28995129 -0.40997696
v -0.91880322 0.30997109 -0.39736789
v -0.92312634 0.30997109 -0.38734859
v -0.92155427 0.28995129 -0.38361257
v -0.92725301 0.28995129 -0.36998460
v -0.93599755 0.29100925 -0.34841761
v -0.93909252 0.28498703 -0.33763412
v -0.94135237 0.26993150 -0.32383633
v -0.94606853 0.26993150 -0.30999610
v -0.95250416 0.26993150 -0.28995746
v -0.95815372 0.26838526 -0.27017355
v -0.95461655 0.24999310 -0.26996130
v -0.95874321 0.24999310 -0.25535688
v -0.96021700 0.23876248 -0.24100718
v -0.96149433 0.23127541 -0.22895004
v -0.96036440 0.21833579 -0.22164783
v -0.96149433 0.21101147 -0.20878404
v -0.96026617 0.19880429 -0.20135447
v -0.95879233 0.18439980 -0.19006152
v -0.95496047 0.16999531 -0.19006152
v -0.95835018 0.16950703 -0.17176354
v -0.95319188 0.14997552 -0.17002289
v -0.95707291 0.15119624 -0.14947481
v -0.95835018 0.14558093 -0.13007301
v -0.95933276 0.14208154 -0.11478931
v -0.96011877 0.13939595 -0.10141607
v -0.96070832 0.13760558 -0.09003821
v -0.95849758 0.12482871 -0.07004204
v -0.95918536 0.12263142 -0.05004588
v -0.95957839 0.12124794 -0.03000724
v -0.96277165 0.13052541 0.00098470
v -0.95977491 0.12051550 -0.01001108
v -0.50874221 -0.29998150 -0.42016608
v -0.51645511 -0.29819110 -0.41549605
v -0.52912980 -0.29436618 -0.40934011
v -0.53050536 -0.28517011 -0.43010047
v -0.54288530 -0.28150794 -0.42352000
v -0.53320730 -0.28256589 -0.43273267
v -0.61004156 -0.32716283 0.00098470
v -0.61004156 -0.32716283 -0.01005353
v -0.61004156 -0.32691869 -0.03004970
v -0.59009612 -0.33505681 -0.05008833
v -0.57928824 -0.33961418 -0.05008833
v -0.56931549 -0.34368324 -0.05008833
v -0.50874221 -0.36809760 -0.05008833
v -0.89718741 0.28018555 -0.43273267
v -0.90111756 0.27391919 -0.42237371
v -0.91718197 0.28995129 -0.39363188
v -0.90494943 0.26838526 -0.41176003
v -0.91580647 0.27033842 -0.38862222
v -0.92047346 0.27725583 -0.38110775
v -0.92337197 0.27033842 -0.37083369
v -0.93162525 0.26993150 -0.34998843
v -0.93771696 0.26993150 -0.33381319
v -0.94022244 0.25853813 -0.32077959
v -0.94233489 0.25113243 -0.30999610
v -0.94857401 0.24999310 -0.28995746
v -0.94361222 0.22891535 -0.29127356
v -0.95024431 0.22997330 -0.26996130
v -0.95653254 0.23127541 -0.24856412
v -0.95874321 0.22541596 -0.23497862
v -0.95682728 0.21101147 -0.22895004
v -0.95879233 0.20498925 -0.21464279
v -0.95663077 0.19131720 -0.20878404
v -0.95068645 0.16999531 -0.21005769
v -0.94931090 0.14997552 -0.19006152
v -0.94724756 0.12995574 -0.17002289
v -0.95063734 0.12995574 -0.15002672
v -0.95368314 0.12995574 -0.13007301
v -0.95692551 0.13166474 -0.10888810
v -0.95766246 0.12759568 -0.09003821
v -0.95387971 0.10993594 -0.07004204
v -0.95520610 0.10993594 -0.05004588
v -0.95604128 0.10993594 -0.03000724
v -0.95648336 0.10993594 -0.01001108
v -0.95977491 0.12051550 0.00098470
v -0.50874221 -0.30405056 -0.40934011
v -0.52180994 -0.30071393 -0.40220773
v -0.54814184 -0.29290134 -0.38811278
v -0.54976302 -0.28378662 -0.40891558
v -0.53512329 -0.29745868 -0.39346206
v -0.56130785 -0.28061277 -0.40165582
v -0.55619866 -0.27776441 -0.41498661
v -0.54504687 -0.27613679 -0.43273267
v -0.61578941 -0.32455865 0.00098470
v -0.62271625 -0.32122201 -0.01005353
v -0.62237239 -0.32105923 -0.03004970
v -0.62168461 -0.32073373 -0.05008833
v -0.61004156 -0.32618627 -0.05008833
v -0.57815832 -0.33912587 -0.07004204
v -0.59009612 -0.33408025 -0.07004204
v -0.50874221 -0.36712104 -0.06842877
v -0.89487845 0.26838526 -0.43273267
v -0.89654875 0.26838526 -0.42937875
v -0.89979112 0.26065403 -0.41969907
v -0.91104114 0.24999310 -0.38998076
v -0.91919619 0.26399067 -0.37813592
v -0.92179990 0.24999310 -0.36455041
v -0.92754775 0.24999310 -0.34998843
v -0.93585014 0.25113243 -0.32842144
v -0.93884689 0.24527299 -0.31666148
v -0.94110674 0.23493756 -0.30328825
v -0.93958378 0.22159104 -0.29874557
v -0.94135237 0.20995352 -0.28422606
v -0.94557726 0.20995352 -0.26996130
v -0.95122683 0.20995352 -0.24996513
v -0.95132506 0.19001511 -0.22992650
v -0.94597030 0.16999531 -0.22992650
v -0.94159800 0.15437011 -0.22992650
v -0.94405437 0.14802238 -0.21196815
v -0.94145060 0.13516414 -0.20657641
v -0.94307178 0.12914193 -0.19031624
v -0.94076282 0.11758578 -0.18390559
v -0.94204015 0.11351672 -0.17002289
v -0.93982941 0.10049571 -0.15911204
v -0.94356304 0.10822694 -0.15142773
v -0.94739497 0.10993594 -0.13007301
v -0.94999868 0.10993594 -0.11003438
v -0.95216024 0.10993594 -0.09003821
v -0.94724756 0.08999753 -0.07004204
v -0.94862312 0.08999753 -0.05004588
v -0.94950742 0.08999753 -0.03000724
v -0.95643425 0.10993594 0.00098470
v -0.95830107 0.11579540 0.00098470
v -0.94990039 0.08999753 -0.01001108
v -0.94990039 0.08999753 0.00098470
v -0.50874221 -0.31129348 -0.38862222
v -0.51006866 -0.31031692 -0.38998076
v -0.52912980 -0.30242294 -0.38811278
v -0.54023242 -0.29998150 -0.38017374
v -0.55374229 -0.29672626 -0.36998460
v -0.56543446 -0.28297281 -0.38998076
v -0.57933736 -0.27947342 -0.37877274
v -0.57545632 -0.27711335 -0.38998076
v -0.58459389 -0.26279026 -0.40997696
v -0.56877506 -0.27288154 -0.40891558
v -0.58066380 -0.26034883 -0.42080289
v -0.56936461 -0.26368544 -0.42844474
v -0.54981220 -0.27336982 -0.43273267
v -0.62271625 -0.32122201 0.00098470
v -0.63268900 -0.31609499 -0.01005353
v -0.63239425 -0.31593221 -0.03004970
v -0.62075120 -0.32024541 -0.07004204
v -0.63170648 -0.31560668 -0.05008833
v -0.61004156 -0.32520968 -0.07004204
v -0.57668447 -0.33855620 -0.09003821
v -0.59009612 -0.33285952 -0.09003821
v -0.56489408 -0.34189284 -0.11003438
v -0.50874221 -0.36573756 -0.08855230
v -0.89099741 0.24999310 -0.43273267
v -0.89237297 0.24999310 -0.42997313
v -0.89866120 0.24999310 -0.41715181
v -0.90327913 0.24999310 -0.40713248
v -0.90146142 0.23379824 -0.40314174
v -0.90524423 0.22826430 -0.39184877
v -0.91772240 0.24999310 -0.37456971
v -0.92047346 0.23770453 -0.36128139
v -0.92307723 0.23054297 -0.35037053
v -0.93059361 0.22997330 -0.32999226
v -0.93742222 0.22891535 -0.30999610
v -0.93285346 0.20995352 -0.30999610
v -0.93810999 0.20995352 -0.29428786
v -0.94002593 0.19961810 -0.28023535
v -0.94140148 0.19180550 -0.26856029
v -0.94611764 0.19001511 -0.24996513
v -0.94154888 0.17137879 -0.24856412
v -0.94022244 0.15909022 -0.24092227
v -0.93865037 0.14444160 -0.22992650
v -0.93992770 0.14012839 -0.21977982
v -0.93830651 0.12914193 -0.21196815
v -0.93938732 0.12181760 -0.19719391
v -0.93712747 0.11050561 -0.19031624
v -0.93879777 0.10350682 -0.17002289
v -0.93756962 0.09040444 -0.15142773
v -0.94091022 0.09724046 -0.14573880
v -0.93413073 0.08999753 -0.17002289
v -0.94208926 0.09382245 -0.13007301
v -0.94292438 0.08869544 -0.10999193
v -0.94552815 0.08999753 -0.09003821
v -0.94105762 0.07697653 -0.09003821
v -0.94189274 0.07461648 -0.07004204
v -0.94258052 0.07282609 -0.05004588
v -0.94302267 0.07168674 -0.03000724
v -0.94321918 0.07103570 -0.01001108
v -0.94321918 0.07111707 0.00098470
v -0.50874221 -0.31690881 -0.37142807
v -0.51006866 -0.31666467 -0.37066388
v -0.53006321 -0.30803823 -0.36998460
v -0.55811459 -0.29892355 -0.35707837
v -0.54372048 -0.30169049 -0.36998460
v -0.56951201 -0.29517999 -0.35020071
v -0.57157528 -0.28655359 -0.37125826
v -0.58361137 -0.28199622 -0.36548442
v -0.59692472 -0.27800855 -0.35491318
v -0.59014523 -0.27581125 -0.37125826
v -0.60326207 -0.26205781 -0.38484377
v -0.59132427 -0.26702207 -0.39082986
v -0.59884065 -0.25904670 -0.39817452
v -0.59456664 -0.25627977 -0.40997696
v -0.58980131 -0.24976924 -0.42954856
v -0.58007425 -0.25473350 -0.43273267
v -0.57398254 -0.25872120 -0.43273267
v -0.56725216 -0.26295301 -0.43273267
v -0.63268900 -0.31609499 0.00098470
v -0.65007985 -0.30673614 -0.01005353
v -0.65007985 -0.30632922 -0.03004970
v -0.65194666 -0.30462024 -0.05034305
v -0.62016165 -0.31991991 -0.08035854
v -0.63072395 -0.31511840 -0.07004204
v -0.64919555 -0.30510852 -0.07004204
v -0.61151540 -0.32341930 -0.08821265
v -0.57486683 -0.33774239 -0.11003438
v -0.59009612 -0.33131328 -0.11003438
v -0.56278163 -0.34099767 -0.13007301
v -0.50874221 -0.36427268 -0.10638328
v -0.57275438 -0.33692858 -0.13007301
v -0.88628125 0.22997330 -0.43273267
v -0.88765681 0.22997330 -0.42997313
v -0.89694178 0.22826430 -0.40984958
v -0.89984024 0.22045170 -0.39970291
v -0.90298438 0.20995352 -0.38675421
v -0.91575730 0.23054297 -0.36875343
v -0.91895056 0.22435801 -0.35737556
v -0.92150515 0.21369706 -0.34404477
v -0.91988397 0.20035052 -0.33967194
v -0.92464924 0.20824452 -0.33177537
v -0.92214382 0.19001511 -0.32587415
v -0.92769516 0.19001511 -0.30999610
v -0.93545717 0.19180550 -0.28808945
v -0.93825740 0.18635295 -0.27424923
v -0.94022244 0.17894726 -0.26091844
v -0.93835562 0.16560072 -0.25425306
v -0.93585014 0.15144038 -0.24856412
v -0.92892331 0.12995574 -0.24996513
v -0.93417984 0.12995574 -0.22992650
v -0.93260777 0.10993594 -0.21005769
v -0.93015146 0.08999753 -0.19006152
v -0.92685997 0.06997774 -0.17002289
v -0.93039709 0.06997774 -0.15002672
v -0.93860126 0.08389394 -0.13007301
v -0.92288071 0.06948945 -0.18925488
v -0.92420709 0.06542039 -0.17507501
v -0.93953466 0.08120836 -0.11661486
v -0.94036984 0.07884830 -0.10328408
v -0.93737310 0.06696664 -0.09003821
v -0.93820822 0.06452519 -0.07004204
v -0.93982941 0.06533901 -0.05008833
v -0.94071370 0.06542039 -0.03000724
v -0.94095933 0.06533901 -0.01816238
v -0.94115585 0.06542039 -0.01001108
v -0.94115585 0.06542039 -0.00372778
v -0.94110674 0.06533901 0.00098470
v -0.50874221 -0.32016405 -0.36077192
v -0.52883506 -0.31511840 -0.34913933
v -0.51670074 -0.31853643 -0.35521036
v -0.55094206 -0.30470160 -0.35020071
v -0.56243777 -0.30112082 -0.34374759
v -0.57648802 -0.29810971 -0.32999226
v -0.59014523 -0.28411216 -0.34892708
v -0.60095310 -0.28053138 -0.34149748
v -0.60861689 -0.27280015 -0.34892708
v -0.60999244 -0.26425511 -0.36849868
v -0.62060380 -0.26034883 -0.36085683
v -0.61657542 -0.25750047 -0.37423009
v -0.60999244 -0.25457075 -0.39082986
v -0.62148809 -0.24098009 -0.40216529
v -0.61023808 -0.24561882 -0.40925521
v -0.60365510 -0.24252632 -0.42500591
v -0.59299457 -0.24594432 -0.43273267
v -0.65007985 -0.30665475 0.00098470
v -0.66093689 -0.30046979 0.00098470
v -0.66093689 -0.30046979 -0.01005353
v -0.66069126 -0.30030701 -0.03004970
v -0.66034734 -0.30006287 -0.04388994
v -0.65985608 -0.29981872 -0.05717826
v -0.61908090 -0.31951299 -0.09373178
v -0.62807107 -0.31519979 -0.08821265
v -0.64791828 -0.30437610 -0.09003821
v -0.65916830 -0.29933044 -0.07004204
v -0.60763437 -0.32341930 -0.11003438
v -0.60566926 -0.32260549 -0.13007301
v -0.59009612 -0.32952291 -0.13007301
v -0.55005777 -0.34596190 -0.13007301
v -0.56111133 -0.34034660 -0.14391324
v -0.50874221 -0.36183125 -0.13007301
v -0.55158073 -0.34335771 -0.15032390
v -0.56872594 -0.33644029 -0.15032390
v -0.59009612 -0.32740697 -0.14998427
v -0.88559353 0.22720635 -0.43273267
v -0.88225287 0.21385981 -0.43273267
v -0.88308805 0.21174391 -0.42997313
v -0.89227474 0.20995352 -0.40997696
v -0.89846468 0.20995352 -0.39677352
v -0.90111756 0.19579318 -0.38255119
v -0.91020602 0.20995352 -0.36998460
v -0.91767329 0.20824452 -0.35037053
v -0.91305536 0.19001511 -0.34998843
v -0.90750402 0.16999531 -0.34998843
v -0.91845930 0.19001511 -0.33585101
v -0.92047346 0.17797068 -0.32150131
v -0.92258596 0.17080912 -0.30969891
v -0.92887414 0.16999531 -0.28995746
v -0.93585014 0.17137879 -0.26856029
v -0.92926717 0.14997552 -0.26996130
v -0.92312634 0.12979297 -0.27008867
v -0.92101389 0.11685335 -0.26346573
v -0.92268419 0.11009870 -0.24937075
v -0.92774427 0.10993594 -0.22992650
v -0.92219293 0.09365968 -0.22992650
v -0.92460012 0.08804438 -0.21201061
v -0.92145604 0.07591857 -0.20661886
v -0.91954005 0.06542039 -0.19787319
v -0.92514050 0.06542039 -0.17002289
v -0.92749864 0.06533901 -0.15656474
v -0.92867768 0.06533901 -0.14968708
v -0.93354118 0.06997774 -0.13007301
v -0.91895056 0.06249066 -0.19549572
v -0.92032611 0.05882851 -0.18208003
v -0.92150515 0.05589878 -0.16998044
v -0.93673444 0.07127984 -0.10999193
v -0.92848116 0.04995795 -0.11003438
v -0.93069184 0.04995795 -0.09003821
v -0.93884689 0.06273481 -0.05008833
v -0.93246043 0.04995795 -0.07004204
v -0.93383598 0.04995795 -0.05008833
v -0.93928903 0.06159547 -0.03004970
v -0.93953466 0.06102580 -0.01005353
v -0.93948555 0.06102580 0.00098470
v -0.50874221 -0.32268688 -0.35211116
v -0.55005777 -0.31113073 -0.32999226
v -0.52136779 -0.32048959 -0.34192204
v -0.53517240 -0.31780398 -0.32999226
v -0.56656438 -0.30323675 -0.32999226
v -0.57963210 -0.29965597 -0.31920877
v -0.58994871 -0.29631934 -0.31148201
v -0.59004700 -0.29054126 -0.32999226
v -0.60419548 -0.28240314 -0.32999226
v -0.61416823 -0.27613679 -0.32999226
v -0.62369883 -0.26246473 -0.34998843
v -0.63769990 -0.25823289 -0.33551139
v -0.63372064 -0.25530317 -0.34998843
v -0.64295650 -0.24211940 -0.36497495
v -0.63907546 -0.23918968 -0.37830573
v -0.62536913 -0.24390981 -0.38998076
v -0.63539100 -0.23634136 -0.38998076
v -0.63023269 -0.23007497 -0.41018921
v -0.61701757 -0.23764345 -0.41549605
v -0.60758519 -0.23552755 -0.43273267
v -0.67090958 -0.29395929 0.00098470
v -0.67095876 -0.29395929 -0.01005353
v -0.67071307 -0.29379651 -0.03004970
v -0.66825676 -0.29469171 -0.05034305
v -0.67007446 -0.29225028 -0.07004204
v -0.61765623 -0.31878057 -0.11003438
v -0.63008529 -0.31227008 -0.11003438
v -0.64634621 -0.30348089 -0.11003438
v -0.65789104 -0.29859802 -0.09003821
v -0.67007446 -0.29070404 -0.09003821
v -0.61564201 -0.31780398 -0.13007301
v -0.60331118 -0.32146615 -0.14998427
v -0.55929363 -0.33961418 -0.15724403
v -0.50874221 -0.35971534 -0.14998427
v -0.53011233 -0.34929854 -0.16998044
v -0.55737770 -0.33888173 -0.16998044
v -0.57010150 -0.33359197 -0.16998044
v -0.59171730 -0.32415172 -0.17087199
v -0.60139525 -0.32057095 -0.16475850
v -0.88112295 0.20946524 -0.43273267
v -0.88161421 0.19408417 -0.42330772
v -0.88559353 0.18846886 -0.41171759
v -0.89620489 0.18944544 -0.38955623
v -0.89925075 0.18244664 -0.37839064
v -0.90435994 0.18944544 -0.37100351
v -0.90175617 0.16999531 -0.36416829
v -0.91575730 0.17080912 -0.32888845
v -0.90018415 0.15917161 -0.36051720
v -0.90234572 0.15152177 -0.34926671
v -0.90927261 0.14997552 -0.32999226
v -0.91860664 0.16470554 -0.31615204
v -0.92091560 0.15664878 -0.30282125
v -0.92312634 0.14997552 -0.29008484
v -0.92106301 0.13630347 -0.28354681
v -0.91899967 0.12295695 -0.27683896
v -0.91683811 0.11009870 -0.27008867
v -0.91875404 0.10350682 -0.25573897
v -0.92062086 0.09805427 -0.24240819
v -0.91865581 0.08356841 -0.22992650
v -0.91993308 0.08006902 -0.21982227
v -0.91782063 0.06948945 -0.21201061
v -0.91855752 0.06542039 -0.20220357
v -0.91899967 0.04238949 -0.15431465
v -0.92268419 0.04938828 -0.14858326
v -0.92008048 0.03962253 -0.14102632
v -0.92577916 0.04995795 -0.13007301
v -0.91064811 0.04995795 -0.21005769
v -0.91580647 0.05126005 -0.18925488
v -0.91752589 0.04597027 -0.16998044
v -0.92086649 0.03775076 -0.13007301
v -0.92224205 0.03457689 -0.11003438
v -0.92332286 0.03197269 -0.09003821
v -0.92356849 0.02831053 -0.07029676
v -0.93467110 0.04995795 -0.03004970
v -0.92558265 0.03001954 -0.05008833
v -0.93511325 0.04995795 -0.01005353
v -0.93752050 0.05606154 0.00098470
v -0.50874221 -0.32350069 -0.34913933
v -0.53890604 -0.31943160 -0.31806248
v -0.54966480 -0.31650189 -0.31080273
v -0.57182097 -0.30575955 -0.31148201
v -0.51006866 -0.32813942 -0.32999226
v -0.52519965 -0.32203582 -0.32999226
v -0.58326745 -0.30160913 -0.30587798
v -0.59741598 -0.29843524 -0.28995746
v -0.61082757 -0.28492597 -0.30944419
v -0.61795098 -0.27849683 -0.31576991
v -0.62880796 -0.27345121 -0.30944419
v -0.63062567 -0.26539445 -0.32927054
v -0.65057111 -0.25033891 -0.33092627
v -0.65990520 -0.23984075 -0.33967194
v -0.64713228 -0.24537465 -0.34998843
v -0.64123702 -0.26067436 -0.32218060
v -0.65715408 -0.23756206 -0.34998843
v -0.64978510 -0.23389989 -0.37096107
v -0.66064215 -0.22039062 -0.38093793
v -0.64998162 -0.22527349 -0.38849485
v -0.64325124 -0.22250652 -0.40488237
v -0.63887894 -0.21900713 -0.41825563
v -0.61023808 -0.23446956 -0.43094957
v -0.62487781 -0.22372726 -0.42997313
v -0.61200666 -0.23210952 -0.43273267
v -0.68569678 -0.28386801 0.00098470
v -0.68574589 -0.28394938 -0.01005353
v -0.68550026 -0.28378662 -0.03004970
v -0.68500900 -0.28346109 -0.05008833
v -0.68412471 -0.28281003 -0.07004204
v -0.63008529 -0.31023553 -0.13007301
v -0.64443028 -0.30242294 -0.13007301
v -0.65631896 -0.29770282 -0.11003438
v -0.67007446 -0.28875089 -0.11003438
v -0.68299478 -0.28199622 -0.09003821
v -0.68161923 -0.28101966 -0.11003438
v -0.61333305 -0.31658328 -0.14998427
v -0.50874221 -0.35727391 -0.17087199
v -0.53011233 -0.34685710 -0.19006152
v -0.55413532 -0.33757964 -0.19006152
v -0.54416257 -0.34148595 -0.19006152
v -0.57010150 -0.33098775 -0.19006152
v -0.58763975 -0.32333791 -0.19006152
v -0.59952843 -0.31967577 -0.17813174
v -0.60886252 -0.31601360 -0.17087199
v -0.87734020 0.19571179 -0.43273267
v -0.87532604 0.18846886 -0.43273267
v -0.87969828 0.18073764 -0.41952926
v -0.88289154 0.16999531 -0.40611356
v -0.89040792 0.16999531 -0.38998076
v -0.89748216 0.16999531 -0.37423009
v -0.89448547 0.15152177 -0.36832887
v -0.89812082 0.14590646 -0.35542262
v -0.90082276 0.13728005 -0.34209186
v -0.91659248 0.14997552 -0.30969891
v -0.90323001 0.13036263 -0.32990736
v -0.91035336 0.12995574 -0.30999610
v -0.91895056 0.14330226 -0.29683512
v -0.91693640 0.12979297 -0.29008484
v -0.91059899 0.10993594 -0.28995746
v -0.90357387 0.08975339 -0.28995746
v -0.90986210 0.08999753 -0.26996130
v -0.91610122 0.09089272 -0.24937075
v -0.90829003 0.06997774 -0.24996513
v -0.91364491 0.06997774 -0.22992650
v -0.91531515 0.06542039 -0.21578908
v -0.91079551 0.03001954 -0.16998044
v -0.91541344 0.03180993 -0.14858326
v -0.91659248 0.02765948 -0.13007301
v -0.90470380 0.04833032 -0.23128505
v -0.90131408 0.03669280 -0.22551121
v -0.90264046 0.03010092 -0.20827459
v -0.90676713 0.03001954 -0.19006152
v -0.91796803 0.02456699 -0.11003438
v -0.91904879 0.02196279 -0.09003821
v -0.91968745 0.02049793 -0.07717444
v -0.92022789 0.01927721 -0.06380120
v -0.92641783 0.03001954 -0.03004970
v -0.92062086 0.01838202 -0.05008833
v -0.93506414 0.04995795 0.00098470
v -0.92685997 0.03001954 -0.01005353
v -0.50874221 -0.32854632 -0.32990736
v -0.53138965 -0.32431450 -0.31080273
v -0.54273790 -0.32105923 -0.30468926
v -0.55678815 -0.31853643 -0.28995746
v -0.57005239 -0.31227008 -0.28995746
v -0.50874221 -0.33375472 -0.30859509
v -0.51006866 -0.33294091 -0.30999610
v -0.58739412 -0.30372503 -0.28995746
v -0.59992146 -0.29981872 -0.27972588
v -0.61004156 -0.29111093 -0.28995746
v -0.62134075 -0.28069413 -0.30243915
v -0.63421190 -0.27605540 -0.28995746
v -0.64418465 -0.26279026 -0.30999610
v -0.65415740 -0.25546595 -0.30999610
v -0.66319668 -0.24244493 -0.32634115
v -0.66992706 -0.23463234 -0.33177537
v -0.68407559 -0.22340173 -0.32999226
v -0.68112797 -0.22079751 -0.34192204
v -0.67061484 -0.22657558 -0.34913933
v -0.66363883 -0.22299480 -0.36998460
v -0.66909194 -0.20899725 -0.38824013
v -0.65656459 -0.21697259 -0.39426869
v -0.67763996 -0.21778640 -0.35529527
v -0.67366070 -0.21420565 -0.36998460
v -0.68137360 -0.20118463 -0.38221157
v -0.64998162 -0.21355459 -0.41095340
v -0.66010171 -0.19996391 -0.41999626
v -0.64944124 -0.20452127 -0.42797774
v -0.64723051 -0.20370746 -0.43273267
v -0.63637352 -0.21282217 -0.43273267
v -0.63485056 -0.21567050 -0.42997313
v -0.63146085 -0.21689123 -0.43273267
v -0.62389529 -0.22291344 -0.43273267
v -0.69119895 -0.27996171 0.00098470
v -0.69571865 -0.27670646 0.00098470
v -0.69571865 -0.27670646 -0.01005353
v -0.69547296 -0.27654368 -0.03004970
v -0.69498169 -0.27613679 -0.05008833
v -0.69414657 -0.27556711 -0.07004204
v -0.63008529 -0.30779409 -0.14998427
v -0.64221960 -0.30120221 -0.14998427
v -0.65440303 -0.29648209 -0.13007301
v -0.67159736 -0.28541425 -0.12964846
v -0.68053842 -0.28028724 -0.12272834
v -0.69296753 -0.27467191 -0.09003821
v -0.69159198 -0.27361396 -0.11003438
v -0.63141167 -0.30437610 -0.16959834
v -0.50874221 -0.35499522 -0.18861806
v -0.54165715 -0.34050936 -0.20424139
v -0.53148788 -0.34343910 -0.21056715
v -0.50874221 -0.35198411 -0.21005769
v -0.54902613 -0.33668444 -0.21056715
v -0.57010150 -0.32797664 -0.21005769
v -0.59761250 -0.31878057 -0.19006152
v -0.58415174 -0.32179168 -0.21005769
v -0.61004156 -0.31251422 -0.19006152
v -0.62689203 -0.30372503 -0.19006152
v -0.86903781 0.16690283 -0.43273267
v -0.87812626 0.16999531 -0.41617534
v -0.88092649 0.15689293 -0.40203792
v -0.88411969 0.15013829 -0.39049023
v -0.88190901 0.13410617 -0.38420695
v -0.88559353 0.12840949 -0.37159789
v -0.89566445 0.13036263 -0.34926671
v -0.89866120 0.12401490 -0.33657274
v -0.90116668 0.11636506 -0.32319951
v -0.90362298 0.10977318 -0.31025082
v -0.90131408 0.09626389 -0.30375525
v -0.89885771 0.08291736 -0.29666531
v -0.90106845 0.07705791 -0.28337699
v -0.90283698 0.07022189 -0.26911220
v -0.90190357 0.06542039 -0.26605546
v -0.90052801 0.05858436 -0.26185244
v -0.90219831 0.05435254 -0.24996513
v -0.90259135 0.05345734 -0.24720557
v -0.90116668 0.01740544 -0.19006152
v -0.90318090 0.01292947 -0.16998044
v -0.90450728 0.00837212 -0.15096073
v -0.90858483 0.00999975 -0.13007301
v -0.89964378 0.04068048 -0.23879953
v -0.89684355 0.03010092 -0.23128505
v -0.89836645 0.02342766 -0.21379371
v -0.90003675 0.01976550 -0.20042047
v -0.91133595 0.00999975 -0.11003438
v -0.91359574 0.00999975 -0.09003821
v -0.91610122 0.01162737 -0.07029676
v -0.91600299 0.00845350 -0.05008833
v -0.92106301 0.01748682 -0.03004970
v -0.92681086 0.03001954 0.00098470
v -0.92121041 0.01707992 -0.01005353
v -0.92121041 0.01716130 0.00098470
v -0.53006321 -0.32968566 -0.28995746
v -0.54681545 -0.32276824 -0.28995746
v -0.55968666 -0.31975713 -0.27925888
v -0.56965935 -0.31674603 -0.27153212
v -0.59201205 -0.30575955 -0.27182931
v -0.50874221 -0.33790517 -0.29016975
v -0.50987214 -0.33725411 -0.29118866
v -0.60974681 -0.29615659 -0.27182931
v -0.60286903 -0.30144635 -0.26635265
v -0.63062567 -0.28443769 -0.26864520
v -0.62419009 -0.28256589 -0.28995746
v -0.63769990 -0.27841547 -0.27441904
v -0.66069126 -0.26043019 -0.28142408
v -0.65066940 -0.26506892 -0.28876874
v -0.65774363 -0.25815153 -0.29471239
v -0.66702861 -0.24553743 -0.30999610
v -0.67705047 -0.23731792 -0.30999610
v -0.69763458 -0.21778640 -0.31470856
v -0.69404829 -0.21453115 -0.32999226
v -0.69060946 -0.22616869 -0.30880737
v -0.70176119 -0.20151016 -0.34332305
v -0.68972516 -0.20964828 -0.34935161
v -0.67749262 -0.19752248 -0.39558479
v -0.66314757 -0.20264950 -0.40997696
v -0.69837147 -0.19833629 -0.35669628
v -0.68476337 -0.20419574 -0.36998460
v -0.69478524 -0.19491827 -0.36998460
v -0.70166296 -0.18157175 -0.38284838
v -0.65494341 -0.19695280 -0.43273267
v -0.67312032 -0.19345342 -0.40997696
v -0.68373168 -0.18344352 -0.40997696
v -0.68048930 -0.18035103 -0.42063308
v -0.66815853 -0.18816364 -0.42700130
v -0.70849156 -0.26669654 0.00098470
v -0.70854068 -0.26677793 -0.01005353
v -0.70829505 -0.26653379 -0.03004970
v -0.70780379 -0.26612690 -0.05008833
v -0.70701778 -0.26547584 -0.07004204
v -0.70598608 -0.26466203 -0.09003821
v -0.64074576 -0.30030701 -0.16255087
v -0.65224147 -0.29517999 -0.14998427
v -0.66786373 -0.28517011 -0.14998427
v -0.67931026 -0.27939203 -0.13605912
v -0.68834960 -0.27361396 -0.12964846
v -0.70470881 -0.26360407 -0.11003438
v -0.70308763 -0.26238334 -0.13007301
v -0.63892812 -0.29933044 -0.17592409
v -0.53910255 -0.33953279 -0.21744481
v -0.52652609 -0.34229976 -0.22992650
v -0.50874221 -0.34913579 -0.22839813
v -0.55005777 -0.33318505 -0.22992650
v -0.57147706 -0.32407033 -0.23035105
v -0.61004156 -0.30909619 -0.21005769
v -0.59417361 -0.31707156 -0.21005769
v -0.58159721 -0.32057095 -0.22394039
v -0.62369883 -0.30193463 -0.21005769
v -0.63691390 -0.29810971 -0.19006152
v -0.86324084 0.14802238 -0.43273267
v -0.87537515 0.15013829 -0.40921277
v -0.87881398 0.14354640 -0.39753771
v -0.87714368 0.12840949 -0.39049023
v -0.87969828 0.12075965 -0.37936711
v -0.88215464 0.10993594 -0.36505985
v -0.88849199 0.10993594 -0.34998843
v -0.89640141 0.10977318 -0.32990736
v -0.89890683 0.10301854 -0.31708604
v -0.89654875 0.08975339 -0.31025082
v -0.88908148 0.06997774 -0.30999610
v -0.89620489 0.07022189 -0.28995746
v -0.89880860 0.06542039 -0.27620214
v -0.89846468 0.06371138 -0.27518323
v -0.89517319 0.05109729 -0.26911220
v -0.89807171 0.04442402 -0.24996513
v -0.89640141 0.00739555 -0.19006152
v -0.89851385 0.00300096 -0.16998044
v -0.89964378 0.00064090 -0.15826294
v -0.90072453 -0.00163778 -0.14493215
v -0.90190357 -0.00399783 -0.13007301
v -0.89173436 0.03001954 -0.24996513
v -0.88795161 0.00999975 -0.22992650
v -0.89433807 0.01187152 -0.20827459
v -0.88338280 -0.01042695 -0.20861423
v -0.90327913 -0.00668341 -0.11003438
v -0.90440905 -0.00896209 -0.09003821
v -0.90455639 -0.01197319 -0.07195251
v -0.90706187 -0.01002004 -0.05008833
v -0.91639596 0.00755831 -0.03004970
v -0.91659248 0.00707002 -0.01005353
v -0.91659248 0.00715140 0.00098470
v -0.53006321 -0.33383611 -0.26996130
v -0.55187547 -0.32464001 -0.27153212
v -0.51724112 -0.33888173 -0.26996130
v -0.56278163 -0.32114062 -0.26597056
v -0.59004700 -0.31153762 -0.24996513
v -0.57634062 -0.31821090 -0.24996513
v -0.60625881 -0.30331811 -0.24996513
v -0.50874221 -0.34221837 -0.26868767
v -0.61682105 -0.29810971 -0.24720557
v -0.62772721 -0.29151785 -0.24720557
v -0.63008529 -0.28940192 -0.24996513
v -0.64320213 -0.28199622 -0.24720557
v -0.64050013 -0.28020585 -0.26104581
v -0.64831132 -0.27271876 -0.26864520
v -0.66295105 -0.26205781 -0.26996130
v -0.67729610 -0.25782600 -0.24720557
v -0.67675567 -0.25741908 -0.24996513
v -0.67297292 -0.25432661 -0.26996130
v -0.68554938 -0.24431670 -0.26996130
v -0.68240523 -0.24179390 -0.28549972
v -0.67012358 -0.25001341 -0.29008484
v -0.67955589 -0.23951522 -0.29883051
v -0.70063126 -0.22047201 -0.30133533
v -0.70937586 -0.20932275 -0.30838281
v -0.70490533 -0.20452127 -0.32999226
v -0.71487802 -0.19475552 -0.32999226
v -0.72160840 -0.18165313 -0.34332305
v -0.71006364 -0.18995403 -0.35003090
v -0.71841514 -0.17823511 -0.35669628
v -0.70505267 -0.18490839 -0.36998460
v -0.71497631 -0.17457296 -0.36998460
v -0.72116625 -0.16122644 -0.38208419
v -0.70957237 -0.16944595 -0.38908923
v -0.69783103 -0.17774683 -0.39613670
v -0.66638994 -0.18629186 -0.43273267
v -0.69370443 -0.17351501 -0.40997696
v -0.70038563 -0.16033125 -0.42046326
v -0.67857337 -0.17457296 -0.43273267
v -0.67474151 -0.17831650 -0.43273267
v -0.71846431 -0.25863981 0.00098470
v -0.71851343 -0.25863981 -0.01005353
v -0.71831691 -0.25847706 -0.03004970
v -0.71782565 -0.25798875 -0.05008833
v -0.71703964 -0.25741908 -0.07004204
v -0.71600795 -0.25652391 -0.09003821
v -0.64845866 -0.29444757 -0.16959834
v -0.66540742 -0.28354248 -0.16998044
v -0.67783648 -0.27833408 -0.14998427
v -0.69006902 -0.26921937 -0.14998427
v -0.70122081 -0.26083711 -0.14998427
v -0.71468157 -0.25538456 -0.11003438
v -0.71315861 -0.25408247 -0.13007301
v -0.65007985 -0.28989023 -0.19006152
v -0.53654796 -0.33855620 -0.22992650
v -0.52112216 -0.34156731 -0.24720557
v -0.50874221 -0.34604329 -0.24720557
v -0.55005777 -0.33017394 -0.24720557
v -0.53124225 -0.33766103 -0.24720557
v -0.57904255 -0.31943160 -0.23722871
v -0.56631875 -0.32276824 -0.24996513
v -0.58896619 -0.31593221 -0.23035105
v -0.61136800 -0.30470160 -0.23005386
v -0.62134075 -0.30063254 -0.22347338
v -0.63367152 -0.29615659 -0.21005769
v -0.65135717 -0.28533286 -0.20971805
v -0.85734564 0.12995574 -0.43273267
v -0.86186528 0.12995574 -0.42377472
v -0.86849737 0.12995574 -0.40997696
v -0.86014587 0.11953893 -0.42029345
v -0.86265129 0.11172633 -0.40925521
v -0.87105197 0.10993594 -0.38998076
v -0.87778234 0.10993594 -0.37503672
v -0.88023865 0.09911224 -0.36068702
v -0.88230199 0.09146240 -0.34879971
v -0.88922888 0.08999753 -0.32999226
v -0.88249850 0.07111707 -0.32876107
v -0.88043517 0.05866574 -0.32124659
v -0.88205636 0.05117867 -0.30812809
v -0.88790244 0.04987657 -0.28995746
v -0.88181072 0.03579761 -0.28995746
v -0.88490570 0.02879882 -0.27081040
v -0.88780421 -0.01002004 -0.19006152
v -0.89197999 -0.01002004 -0.16998044
v -0.88343191 -0.02662182 -0.16998044
v -0.89600837 -0.00896209 -0.15096073
v -0.89684355 -0.01400772 -0.13007301
v -0.88136858 0.01691715 -0.26465446
v -0.88254762 0.00845350 -0.24720557
v -0.88014042 -0.00041705 -0.24066754
v -0.88156509 -0.00326540 -0.22992650
v -0.87851924 -0.01726298 -0.21434562
v -0.88014042 -0.02043685 -0.20097238
v -0.89821911 -0.01669331 -0.11003438
v -0.89939809 -0.01897198 -0.09003821
v -0.89988935 -0.02002994 -0.07984908
v -0.90042979 -0.02100652 -0.06656076
v -0.90097016 -0.02190171 -0.05008833
v -0.90136319 -0.02271552 -0.03004970
v -0.90784788 -0.01002004 -0.03004970
v -0.90824091 -0.01002004 -0.01005353
v -0.90819180 -0.01002004 0.00098470
v -0.51989400 -0.33985832 -0.25955990
v -0.52981758 -0.33741689 -0.25170577
v -0.58989960 -0.31218868 -0.24720557
v -0.61893350 -0.29924905 -0.23676170
v -0.50874221 -0.34531087 -0.25145105
v -0.64639533 -0.28403077 -0.22992650
v -0.62885714 -0.29477310 -0.23005386
v -0.65636808 -0.27743888 -0.22992650
v -0.65317488 -0.27524158 -0.24720557
v -0.65268362 -0.27483469 -0.24996513
v -0.66673386 -0.26490617 -0.24996513
v -0.66943580 -0.26368544 -0.24720557
v -0.67911375 -0.25920948 -0.23710135
v -0.69370443 -0.24472362 -0.24720557
v -0.69837147 -0.23845726 -0.25527197
v -0.69552213 -0.23609719 -0.26996130
v -0.68947953 -0.23373714 -0.29127356
v -0.70298940 -0.22258791 -0.28995746
v -0.71296209 -0.21322906 -0.28995746
v -0.72096974 -0.20077772 -0.30209953
v -0.71807128 -0.19801077 -0.31547275
v -0.72465426 -0.18466423 -0.32999226
v -0.73786938 -0.17758407 -0.31492084
v -0.73457789 -0.17400329 -0.32999226
v -0.74091524 -0.16098230 -0.34200692
v -0.73786938 -0.15740152 -0.35538018
v -0.72426128 -0.16456307 -0.36998460
v -0.70343149 -0.16350511 -0.40997696
v -0.73423398 -0.15325107 -0.36998460
v -0.74017835 -0.14023007 -0.38034356
v -0.72332788 -0.14381084 -0.40590128
v -0.71748179 -0.15707599 -0.39541498
v -0.68658102 -0.16643484 -0.43273267
v -0.71448505 -0.15023996 -0.41150531
v -0.71959424 -0.13949764 -0.41923207
v -0.70451230 -0.14747301 -0.43273267
v -0.69812584 -0.15447178 -0.43273267
v -0.69478524 -0.15797119 -0.43273267
v -0.73978531 -0.23967797 0.00098470
v -0.73978531 -0.23975936 -0.01005353
v -0.72912478 -0.24806026 -0.05008833
v -0.73958880 -0.23951522 -0.03004970
v -0.72838789 -0.24732780 -0.07004204
v -0.72735626 -0.24651399 -0.09003821
v -0.72612810 -0.24545604 -0.11003438
v -0.66280371 -0.28183347 -0.19006152
v -0.67542928 -0.27662507 -0.16998044
v -0.70014000 -0.26002330 -0.16034321
v -0.71124268 -0.25245485 -0.14998427
v -0.72470337 -0.24399120 -0.13007301
v -0.72288573 -0.24236357 -0.14998427
v -0.52411890 -0.34042799 -0.24720557
v -0.66093689 -0.28053138 -0.20284039
v -0.65877533 -0.27906650 -0.21612872
v -0.85086089 0.11123804 -0.43273267
v -0.84933794 0.10692483 -0.43273267
v -0.85773861 0.10619240 -0.41541114
v -0.86098099 0.09724046 -0.40208036
v -0.86392862 0.09040444 -0.39002323
v -0.87399960 0.09146240 -0.36841378
v -0.87778234 0.08584709 -0.35465845
v -0.88053346 0.07852277 -0.34132767
v -0.87778234 0.06533901 -0.33500192
v -0.87434345 0.05117867 -0.32880354
v -0.87763494 0.04540060 -0.31368965
v -0.88009131 0.03970391 -0.30031642
v -0.87734020 0.02578771 -0.28995746
v -0.87930524 0.02131174 -0.27807015
v -0.88136858 -0.02271552 -0.19006152
v -0.87606293 -0.03272542 -0.19006152
v -0.87807709 -0.03663172 -0.16998044
v -0.87935442 -0.03899177 -0.15673457
v -0.88451272 -0.03134193 -0.15006918
v -0.88844287 -0.03003983 -0.13007301
v -0.87630856 0.01008113 -0.27081040
v -0.87827361 0.00357063 -0.25404078
v -0.87419611 -0.00863656 -0.24720557
v -0.87650508 -0.01327530 -0.22992650
v -0.86785877 -0.03003983 -0.22992650
v -0.87414694 -0.02824945 -0.20861423
v -0.89119399 -0.03003983 -0.11003438
v -0.89345378 -0.03003983 -0.09003821
v -0.88397229 -0.04721128 -0.09003821
v -0.89586097 -0.02857497 -0.07195251
v -0.88490570 -0.04867615 -0.07004204
v -0.89551711 -0.03191160 -0.05008833
v -0.89595926 -0.03272542 -0.03004970
v -0.90155971 -0.02312243 -0.01005353
v -0.90519506 -0.01587950 0.00098470
v -0.67149913 -0.26653379 -0.23026614
v -0.66535830 -0.26661518 -0.24720557
v -0.68132448 -0.26083711 -0.22372811
v -0.69345880 -0.25473350 -0.21005769
v -0.68884087 -0.25326866 -0.23026614
v -0.70077866 -0.24049178 -0.24194118
v -0.70701778 -0.23324886 -0.24720557
v -0.71910298 -0.21908852 -0.25730979
v -0.70682126 -0.22608730 -0.26996130
v -0.71684313 -0.21689123 -0.26996130
v -0.72332788 -0.20321918 -0.28995746
v -0.73334968 -0.19296513 -0.28995746
v -0.74062049 -0.18059517 -0.30159006
v -0.72937042 -0.18930297 -0.30851018
v -0.74656481 -0.17050390 -0.30893472
v -0.75781482 -0.15723875 -0.30999610
v -0.74356806 -0.16399340 -0.32999226
v -0.75476897 -0.14999582 -0.33177537
v -0.75977987 -0.13982317 -0.33967194
v -0.74651569 -0.15048411 -0.34918177
v -0.75752008 -0.13681206 -0.34998843
v -0.74278206 -0.14324118 -0.36998460
v -0.75349170 -0.12956913 -0.37049407
v -0.75879735 -0.11841989 -0.37754154
v -0.74459970 -0.12948774 -0.38824013
v -0.73664117 -0.13583548 -0.39371678
v -0.73084426 -0.13103399 -0.41142040
v -0.73836064 -0.11785021 -0.41702443
v -0.72386825 -0.12460487 -0.43273267
v -0.71546757 -0.13477753 -0.43273267
v -0.71350253 -0.13705620 -0.43273267
v -0.76002550 -0.22006509 0.00098470
v -0.76007468 -0.22006509 -0.01005353
v -0.75997639 -0.21998370 -0.02228048
v -0.75191963 -0.22763354 -0.02937043
v -0.73914665 -0.23910829 -0.05008833
v -0.73836064 -0.23845726 -0.07004204
v -0.75982904 -0.21982095 -0.03561127
v -0.74951243 -0.22917980 -0.05008833
v -0.73737812 -0.23748067 -0.09003821
v -0.73610079 -0.23634136 -0.11003438
v -0.67277640 -0.27467191 -0.19006152
v -0.69110072 -0.26531309 -0.16819733
v -0.68638456 -0.26466203 -0.19006152
v -0.72126454 -0.24098009 -0.16543779
v -0.70996535 -0.24985063 -0.16959834
v -0.69851881 -0.25863981 -0.17371646
v -0.73457789 -0.23487648 -0.13007301
v -0.73276019 -0.23324886 -0.14998427
v -0.66860068 -0.27353257 -0.20971805
v -0.84373748 0.09170654 -0.43273267
v -0.84447443 0.09032306 -0.43027031
v -0.85493839 0.09040444 -0.40925521
v -0.85847557 0.08389394 -0.39677352
v -0.86152136 0.07599995 -0.38344276
v -0.86471462 0.06957083 -0.37049407
v -0.87453997 0.07111707 -0.34879971
v -0.86486202 0.04930690 -0.35054034
v -0.86171788 0.03596037 -0.34429950
v -0.86441988 0.02953125 -0.33016208
v -0.87370485 0.03180993 -0.30812809
v -0.86343735 0.01024389 -0.30906209
v -0.87002033 0.00999975 -0.28995746
v -0.86373210 -0.04680438 -0.21005769
v -0.85955632 -0.05933709 -0.19825529
v -0.86545151 -0.05160587 -0.19099553
v -0.87065899 -0.05005962 -0.16998044
v -0.88048434 -0.04102631 -0.14344624
v -0.87508035 -0.04859477 -0.15006918
v -0.88151598 -0.04281669 -0.13007301
v -0.86260217 -0.00529993 -0.28995746
v -0.86564803 -0.01148491 -0.27106512
v -0.86152136 -0.02312243 -0.26520637
v -0.86363387 -0.02914464 -0.24720557
v -0.85994935 -0.04004973 -0.23998827
v -0.86122662 -0.04232841 -0.22992650
v -0.88289154 -0.04517675 -0.11003438
v -0.87832272 -0.05713980 -0.09003821
v -0.87920702 -0.05868604 -0.07004204
v -0.87969828 -0.05958124 -0.05552253
v -0.88446361 -0.05168726 -0.04932414
v -0.88004220 -0.06023228 -0.04219174
v -0.88628125 -0.05005962 -0.03004970
v -0.89610660 -0.03305094 -0.01005353
v -0.90155971 -0.02295966 0.00098470
v -0.68348604 -0.26246473 -0.21005769
v -0.69635725 -0.25701219 -0.19006152
v -0.70564222 -0.24472362 -0.21005769
v -0.70269459 -0.24211940 -0.22992650
v -0.71266735 -0.23324886 -0.22992650
v -0.72141188 -0.22120443 -0.24397901
v -0.73683769 -0.20509094 -0.24720557
v -0.73929405 -0.19915010 -0.25786170
v -0.72706151 -0.20688131 -0.26996130
v -0.73708332 -0.19695280 -0.26996130
v -0.74283117 -0.18303661 -0.28995746
v -0.75417942 -0.16960871 -0.29174057
v -0.75977987 -0.15976158 -0.29963714
v -0.76582247 -0.14731024 -0.30999610
v -0.76258010 -0.14324118 -0.32634115
v -0.77034217 -0.13062708 -0.33101118
v -0.76513469 -0.12688354 -0.34998843
v -0.76189232 -0.12257034 -0.36416829
v -0.74194688 -0.12257034 -0.40369365
v -0.77510744 -0.11321148 -0.34998843
v -0.76940876 -0.10922381 -0.36875343
v -0.77687603 -0.09538899 -0.37333852
v -0.76282573 -0.10409679 -0.38998076
v -0.76022202 -0.10035326 -0.40046710
v -0.75560415 -0.11410668 -0.38998076
v -0.74337155 -0.10450369 -0.42581254
v -0.73605168 -0.10889828 -0.43273267
v -0.73374271 -0.11190939 -0.43273267
v -0.77491093 -0.20411438 0.00098470
v -0.77943057 -0.19939426 -0.01005353
v -0.77928323 -0.19923149 -0.03004970
v -0.74877548 -0.22844735 -0.07004204
v -0.75948513 -0.21941406 -0.05008833
v -0.77889019 -0.19874319 -0.05008833
v -0.74779296 -0.22747079 -0.09003821
v -0.74661392 -0.22633144 -0.11003438
v -0.74514014 -0.22486660 -0.13007301
v -0.74130821 -0.22128582 -0.16998044
v -0.71979070 -0.23967797 -0.17872611
v -0.70834416 -0.24700230 -0.19006152
v -0.74337155 -0.22323897 -0.14998427
v -0.84231281 0.08796300 -0.43273267
v -0.84191984 0.07518614 -0.42377472
v -0.84246022 0.06533901 -0.41481680
v -0.85597008 0.06957083 -0.39002323
v -0.85773861 0.06533901 -0.38255119
v -0.85891765 0.06257205 -0.37754154
v -0.86181617 0.05549188 -0.36425322
v -0.85896683 0.04222673 -0.35763028
v -0.85626483 0.02953125 -0.35054034
v -0.85872114 0.02261384 -0.33695483
v -0.86132491 0.01707992 -0.32358161
v -0.85813165 0.00373339 -0.31509066
v -0.86058795 -0.00131225 -0.30180234
v -0.85813165 -0.05689565 -0.21005769
v -0.85032052 -0.06999803 -0.21005769
v -0.85533142 -0.06902146 -0.19099553
v -0.86098099 -0.06177853 -0.18488204
v -0.86245477 -0.06430135 -0.16998044
v -0.86427248 -0.06739384 -0.14998427
v -0.87586641 -0.05282659 -0.13007301
v -0.85749298 -0.01530983 -0.28995746
v -0.85945809 -0.01905336 -0.27853715
v -0.85601920 -0.02987707 -0.27106512
v -0.85798424 -0.03638758 -0.25331905
v -0.86304432 -0.02987707 -0.24792729
v -0.85371023 -0.04721128 -0.24720557
v -0.84275496 -0.06470826 -0.24996513
v -0.84304976 -0.06552207 -0.24720557
v -0.85557705 -0.05233830 -0.22992650
v -0.87719285 -0.05518664 -0.11003438
v -0.86854649 -0.06999803 -0.11003438
v -0.87070811 -0.06999803 -0.09003821
v -0.87247664 -0.06999803 -0.07004204
v -0.87493300 -0.06812627 -0.04932414
v -0.88023865 -0.06047643 -0.03004970
v -0.87424523 -0.07056770 -0.03004970
v -0.88657606 -0.05005962 -0.01005353
v -0.88043517 -0.06080195 -0.01005353
v -0.89605749 -0.03296956 0.00098470
v -0.88657606 -0.05005962 0.00098470
v -0.71836603 -0.23837587 -0.19006152
v -0.71561497 -0.23593444 -0.21005769
v -0.72362262 -0.22323897 -0.22992650
v -0.73354620 -0.21363598 -0.22992650
v -0.74145561 -0.20142879 -0.24448846
v -0.74533665 -0.19638315 -0.24720557
v -0.75015104 -0.19011678 -0.25051704
v -0.75879735 -0.17864202 -0.25646070
v -0.74651569 -0.18686153 -0.26996130
v -0.75653756 -0.17603783 -0.26996130
v -0.76223624 -0.16260992 -0.28626391
v -0.78090441 -0.14120665 -0.28261280
v -0.77849716 -0.13811415 -0.29594359
v -0.77584434 -0.13453338 -0.30999610
v -0.78090441 -0.12134962 -0.32235041
v -0.77820241 -0.11752470 -0.33568120
v -0.78213257 -0.10312021 -0.34998843
v -0.77997100 -0.10002773 -0.36000776
v -0.78340983 -0.08928540 -0.36798924
v -0.78124827 -0.08204247 -0.38267857
v -0.77309322 -0.08928540 -0.38955623
v -0.76366091 -0.08912264 -0.40827876
v -0.75663579 -0.09522623 -0.41375542
v -0.74784207 -0.09270342 -0.43273267
v -0.77938145 -0.19931287 0.00098470
v -0.78331161 -0.19483690 0.00098470
v -0.79809874 -0.17774683 0.00098470
v -0.79814792 -0.17774683 -0.01005353
v -0.78797865 -0.18922159 -0.03004970
v -0.78763479 -0.18873331 -0.05008833
v -0.75874823 -0.21868160 -0.07004204
v -0.75781482 -0.21770504 -0.09003821
v -0.77825153 -0.19801077 -0.07004204
v -0.78694701 -0.18808225 -0.07004204
v -0.75658667 -0.21648431 -0.11003438
v -0.75511283 -0.21510082 -0.13007301
v -0.75339341 -0.21331045 -0.14998427
v -0.75137925 -0.21119455 -0.16998044
v -0.74017835 -0.22006509 -0.18084885
v -0.73113900 -0.22681972 -0.18844824
v -0.83695805 0.07429095 -0.43273267
v -0.83489472 0.06916393 -0.43273267
v -0.83995473 0.06533901 -0.41986889
v -0.83916873 0.06167685 -0.41846788
v -0.84246022 0.05410839 -0.40513712
v -0.84496570 0.06533901 -0.40955240
v -0.84648860 0.04841170 -0.39150915
v -0.85641223 0.04930690 -0.37049407
v -0.84663600 0.02839191 -0.37159789
v -0.83965999 0.02057931 -0.37936711
v -0.84260762 0.01447572 -0.36599386
v -0.84619385 0.00869765 -0.35113472
v -0.85547882 0.01024389 -0.33016208
v -0.84501481 -0.01058971 -0.33016208
v -0.85405415 -0.00879933 -0.30906209
v -0.84481829 -0.07081185 -0.22941704
v -0.84054428 -0.08098450 -0.22232710
v -0.84211636 -0.08342594 -0.21005769
v -0.84442526 -0.08708811 -0.19006152
v -0.85651046 -0.07431124 -0.16998044
v -0.85832816 -0.07732235 -0.14998427
v -0.85940897 -0.07919411 -0.13665348
v -0.86496025 -0.07154428 -0.12994564
v -0.84329534 -0.02963293 -0.30838281
v -0.84963274 -0.02995846 -0.28995746
v -0.84206718 -0.04371189 -0.28995746
v -0.84486741 -0.05071068 -0.26966411
v -0.84083903 -0.06153438 -0.26278645
v -0.83671236 -0.07471815 -0.24996513
v -0.83877569 -0.07813616 -0.23570034
v -0.86039150 -0.08074036 -0.12328026
v -0.86122662 -0.08204247 -0.11003438
v -0.86230743 -0.08375147 -0.09003821
v -0.86319172 -0.08521633 -0.07004204
v -0.86383033 -0.08619291 -0.05008833
v -0.87439263 -0.07081185 -0.01005353
v -0.86427248 -0.08676258 -0.03004970
v -0.86441988 -0.08708811 -0.01005353
v -0.87709457 -0.06633588 0.00098470
v -0.88038605 -0.06080195 0.00098470
v -0.88377583 -0.05494250 0.00098470
v -0.73855716 -0.21851885 -0.19409472
v -0.72642285 -0.22592455 -0.21005769
v -0.73639554 -0.21640295 -0.21005769
v -0.74646652 -0.20647442 -0.21005769
v -0.74366629 -0.20362608 -0.22992650
v -0.75363904 -0.19312789 -0.22992650
v -0.75501460 -0.18604772 -0.24720557
v -0.76090980 -0.18100208 -0.24308746
v -0.76474172 -0.17506126 -0.24720557
v -0.77063692 -0.16814384 -0.24720557
v -0.76513469 -0.16602793 -0.26996130
v -0.77510744 -0.15390213 -0.26996130
v -0.78306597 -0.14397360 -0.26996130
v -0.79397213 -0.12916222 -0.27059811
v -0.78616095 -0.13087122 -0.28953290
v -0.78326249 -0.12452349 -0.30999610
v -0.79696882 -0.11581568 -0.28995746
v -0.79397213 -0.10930519 -0.31033573
v -0.79888481 -0.09840010 -0.31721339
v -0.78562057 -0.11052591 -0.32935545
v -0.79633021 -0.09457518 -0.32999226
v -0.80060422 -0.08106589 -0.34145504
v -0.79765660 -0.07642715 -0.35482827
v -0.79465991 -0.06983528 -0.37045160
v -0.79878652 -0.05803499 -0.37737173
v -0.77795678 -0.07691544 -0.39596689
v -0.76115543 -0.08187971 -0.42220390
v -0.75329518 -0.08472805 -0.43273267
v -0.80625379 -0.16773693 0.00098470
v -0.80630291 -0.16773693 -0.01005353
v -0.79800051 -0.17758407 -0.03004970
v -0.79760748 -0.17717716 -0.05008833
v -0.76729631 -0.20769513 -0.09003821
v -0.76616639 -0.20655581 -0.11003438
v -0.78611183 -0.18702430 -0.09003821
v -0.77731812 -0.19695280 -0.09003821
v -0.79696882 -0.17636335 -0.07004204
v -0.76479083 -0.20509094 -0.13007301
v -0.76312053 -0.20321918 -0.14998427
v -0.76115543 -0.20118463 -0.16998044
v -0.76002550 -0.20004530 -0.18050921
v -0.83332264 0.06542039 -0.43273267
v -0.82639575 0.04898137 -0.43273267
v -0.83705628 0.04841170 -0.41108078
v -0.83956176 0.04076187 -0.39919344
v -0.84270585 0.03392584 -0.38582021
v -0.82315338 0.01341776 -0.40653813
v -0.81991106 0.00007123 -0.39987272
v -0.82300603 -0.00603236 -0.38658440
v -0.83730191 0.00869765 -0.37159789
v -0.83936524 0.00112919 -0.35864919
v -0.82752568 0.02806639 -0.41188741
v -0.84221458 -0.00432336 -0.34523350
v -0.83872658 -0.01766989 -0.33691239
v -0.84137940 -0.02263414 -0.32358161
v -0.83376479 -0.08855297 -0.22941704
v -0.82310426 -0.10474783 -0.22992650
v -0.83568072 -0.09335446 -0.21005769
v -0.83798969 -0.09701662 -0.19006152
v -0.83936524 -0.09921391 -0.17719774
v -0.84560430 -0.09148268 -0.17032008
v -0.85032052 -0.09001783 -0.14998427
v -0.85444713 -0.08847159 -0.12994564
v -0.83769494 -0.03598066 -0.31407174
v -0.84020036 -0.04045664 -0.30069852
v -0.83636850 -0.05372179 -0.28995746
v -0.83867747 -0.05779085 -0.27611724
v -0.83415782 -0.06894008 -0.26966411
v -0.82364464 -0.08586739 -0.26996130
v -0.82899946 -0.08839020 -0.24720557
v -0.82354641 -0.09693524 -0.24720557
v -0.85479105 -0.09205236 -0.11003438
v -0.85592091 -0.09376137 -0.09003821
v -0.85680521 -0.09514485 -0.07004204
v -0.85744387 -0.09612143 -0.05008833
v -0.85783690 -0.09677248 -0.03004970
v -0.87439263 -0.07081185 0.00098470
v -0.85803342 -0.09709799 -0.01005353
v -0.86441988 -0.08708811 0.00098470
v -0.75845349 -0.19833629 -0.19379753
v -0.75643927 -0.19605762 -0.21005769
v -0.76282573 -0.18311800 -0.22992650
v -0.77422315 -0.16920181 -0.23183696
v -0.77987272 -0.15984295 -0.23977599
v -0.77874279 -0.15845947 -0.24720557
v -0.78621006 -0.14796129 -0.24996513
v -0.79662496 -0.13559134 -0.24720557
v -0.80134112 -0.12191929 -0.26431483
v -0.79913044 -0.11890818 -0.27760315
v -0.80394483 -0.10580580 -0.28995746
v -0.80143940 -0.10214363 -0.30392507
v -0.80630291 -0.09107578 -0.31033573
v -0.80291319 -0.08456528 -0.32999226
v -0.81676692 -0.07479953 -0.30999610
v -0.81313157 -0.06869594 -0.32897335
v -0.81799507 -0.05657013 -0.33500192
v -0.80428874 -0.06983528 -0.34888461
v -0.80183238 -0.06308063 -0.36408341
v -0.78213257 -0.06356892 -0.40424556
v -0.80610645 -0.05079206 -0.37045160
v -0.80261844 -0.04468846 -0.38556546
v -0.79623193 -0.05079206 -0.39129686
v -0.76503646 -0.06975389 -0.42933631
v -0.76090980 -0.07325329 -0.43273267
v -0.81175601 -0.16081953 0.00098470
v -0.81627566 -0.15528560 -0.01005353
v -0.80610645 -0.16757417 -0.03004970
v -0.80576253 -0.16716726 -0.05008833
v -0.77613908 -0.19573209 -0.11003438
v -0.78498191 -0.18572220 -0.11003438
v -0.79608458 -0.17530540 -0.09003821
v -0.80512387 -0.16635345 -0.07004204
v -0.80428874 -0.16529550 -0.09003821
v -0.77481270 -0.19410446 -0.13007301
v -0.77309322 -0.19231407 -0.14998427
v -0.77255285 -0.18848915 -0.17036253
v -0.77938145 -0.17929308 -0.17728265
v -0.77795678 -0.17758407 -0.19006152
v -0.81779861 0.03010092 -0.43273267
v -0.82295692 0.03343755 -0.42581254
v -0.81986189 0.02009103 -0.41986889
v -0.81789684 0.00804660 -0.41188741
v -0.80325705 -0.00627651 -0.42627954
v -0.80777675 -0.01172905 -0.41171759
v -0.80306053 -0.02572663 -0.40624094
v -0.81760210 -0.01164767 -0.39193368
v -0.81956714 -0.01946027 -0.37923974
v -0.82256389 -0.02499419 -0.36595142
v -0.83646673 -0.01058971 -0.35113472
v -0.83499295 -0.02963293 -0.33016208
v -0.82590449 -0.03093503 -0.35066772
v -0.82113922 -0.10189949 -0.24419129
v -0.81632477 -0.11475773 -0.22992650
v -0.81843722 -0.11785021 -0.21404843
v -0.82462722 -0.11068867 -0.20848687
v -0.82010752 -0.12021028 -0.20076011
v -0.82934338 -0.10995623 -0.19006152
v -0.82128656 -0.12191929 -0.19006152
v -0.83430517 -0.10865414 -0.17032008
v -0.84069163 -0.10108568 -0.16390942
v -0.84191984 -0.10295744 -0.14998427
v -0.84344274 -0.10523613 -0.13007301
v -0.82413596 -0.04997825 -0.32897335
v -0.83288050 -0.04826924 -0.30838281
v -0.82276040 -0.06478964 -0.30999610
v -0.82595360 -0.07113738 -0.29050937
v -0.82138485 -0.08228661 -0.28418362
v -0.81725818 -0.09587727 -0.26996130
v -0.81922328 -0.09888838 -0.25752205
v -0.84481829 -0.10718928 -0.11003438
v -0.84589911 -0.10881691 -0.09003821
v -0.84560430 -0.11182801 -0.07029676
v -0.84020036 -0.12045442 -0.06384365
v -0.84810978 -0.10995623 -0.05008833
v -0.84889579 -0.10995623 -0.03004970
v -0.84118295 -0.12175652 -0.01005353
v -0.85405415 -0.10287607 0.00098470
v -0.85798424 -0.09701662 0.00098470
v -0.76547861 -0.18612911 -0.21005769
v -0.77550048 -0.17465435 -0.21005769
v -0.78169042 -0.16212162 -0.22648767
v -0.79009110 -0.15023996 -0.23052086
v -0.78449064 -0.15121654 -0.24720557
v -0.78842080 -0.14617090 -0.24720557
v -0.80355185 -0.12501177 -0.24996513
v -0.79844266 -0.13803278 -0.23459652
v -0.80664682 -0.11133972 -0.27059811
v -0.81799507 -0.10523613 -0.24720557
v -0.81460536 -0.08936678 -0.29050937
v -0.81902677 -0.07854307 -0.29751441
v -0.82054967 -0.06112748 -0.32162869
v -0.82177788 -0.04322360 -0.34442687
v -0.81529313 -0.04997825 -0.35066772
v -0.81897765 -0.03825934 -0.35771519
v -0.79937607 -0.03907315 -0.39889628
v -0.78655398 -0.05071068 -0.41048640
v -0.77869368 -0.05787223 -0.41753387
v -0.81681603 -0.03093503 -0.37151295
v -0.80728549 -0.03150470 -0.39129686
v -0.77373189 -0.05250107 -0.43273267
v -0.76420128 -0.06804489 -0.43273267
v -0.81971455 -0.15072826 0.00098470
v -0.82393944 -0.14535709 -0.01005353
v -0.81612825 -0.15504146 -0.03004970
v -0.81573528 -0.15455317 -0.05008833
v -0.81514573 -0.15373936 -0.07004204
v -0.78360635 -0.18417595 -0.13007301
v -0.79495466 -0.17392191 -0.11003438
v -0.80315882 -0.16399340 -0.11003438
v -0.81426144 -0.15260002 -0.09003821
v -0.78198516 -0.18230419 -0.14998427
v -0.78070790 -0.18083932 -0.16395187
v -0.78719264 -0.17156185 -0.17036253
v -0.79844266 -0.15797119 -0.16998044
v -0.78625923 -0.16757417 -0.19006152
v -0.78385198 -0.16464445 -0.21005769
v -0.81686521 0.02814777 -0.43273267
v -0.80674505 0.00723279 -0.43273267
v -0.79765660 -0.01034557 -0.43273267
v -0.79967082 -0.01962303 -0.41952926
v -0.79711622 -0.03150470 -0.41171759
v -0.80527127 -0.13087122 -0.22873777
v -0.81244379 -0.12818564 -0.20848687
v -0.80168504 -0.14234598 -0.21005769
v -0.81406498 -0.13184780 -0.19006152
v -0.81617743 -0.13485891 -0.16998044
v -0.82330078 -0.12484901 -0.16998044
v -0.83514035 -0.11296734 -0.14998427
v -0.83671236 -0.11524603 -0.13007301
v -0.83798969 -0.11719917 -0.11003438
v -0.83911961 -0.11882679 -0.09003821
v -0.83970910 -0.11964060 -0.07721689
v -0.84059340 -0.12094271 -0.05008833
v -0.83410865 -0.12818564 -0.07029676
v -0.82280952 -0.14381084 -0.07004204
v -0.83342087 -0.13095261 -0.05008833
v -0.84098643 -0.12151238 -0.03004970
v -0.83381391 -0.13152227 -0.03004970
v -0.83396131 -0.13176642 -0.01005353
v -0.84113377 -0.12175652 0.00098470
v -0.79387385 -0.15227449 -0.21005769
v -0.80030948 -0.14047422 -0.22122328
v -0.78267294 -0.04460708 -0.42500591
v -0.77648300 -0.04794371 -0.43273267
v -0.82389033 -0.14519432 0.00098470
v -0.82939249 -0.13778864 0.00098470
v -0.83391213 -0.13168503 0.00098470
v -0.82379204 -0.14511295 -0.03004970
v -0.82344818 -0.14462465 -0.05008833
v -0.82197434 -0.14275289 -0.09003821
v -0.79357910 -0.17229429 -0.13007301
v -0.80183238 -0.16228439 -0.13007301
v -0.81313157 -0.15121654 -0.11003438
v -0.82015669 -0.14031145 -0.12166698
v -0.81303328 -0.14820543 -0.12901163
v -0.79338259 -0.16855074 -0.15087582
v -0.79957259 -0.15951742 -0.15809312
v -0.80610645 -0.14812405 -0.16998044
v -0.80404311 -0.14543848 -0.19006152
v -0.79628110 -0.15528560 -0.19006152
v -0.78665221 -0.03036536 -0.43273267
v -0.78527665 -0.03280680 -0.43273267
v -0.80684334 -0.15178621 -0.15087582
v -0.81799507 -0.13730034 -0.14998427
v -0.82511848 -0.12729044 -0.14998427
v -0.81922328 -0.13900936 -0.13495530
v -0.82546234 -0.13144089 -0.12901163
v -0.82895035 -0.13005741 -0.11003438
v -0.83116108 -0.13005741 -0.09003821
v -0.82084447 -0.14120665 -0.11003438
v -0.80070245 -0.16090091 -0.14471988
f 1 2 3
f 1 3 4
f 1 4 11
f 1 11 5
f 1 5 14
f 1 14 6
f 1 6 7
f 1 7 2
f 2 7 15
f 2 15 28
f 2 28 48
f 2 48 73
f 2 73 74
f 2 74 107
f 2 107 111
f 2 111 143
f 2 143 180
f 2 180 218
f 2 218 258
f 2 258 259
f 2 259 261
f 2 261 302
f 2 302 341
f 2 341 380
f 2 380 417
f 2 417 455
f 2 455 497
f 2 497 542
f 2 542 590
f 2 590 589
f 2 589 592
f 2 592 651
f 2 651 718
f 2 718 794
f 2 794 871
f 2 871 951
f 2 951 1041
f 2 1041 1043
f 2 1043 1132
f 2 1132 1233
f 2 1233 1322
f 2 1322 1407
f 2 1407 1487
f 2 1487 1488
f 2 1488 1569
f 2 1569 1568
f 2 1568 1567
f 2 1567 1646
f 2 1646 1648
f 2 1648 1727
f 2 1727 1726
f 2 1726 1789
f 2 1789 1796
f 2 1796 1795
f 2 1795 1794
f 2 1794 1751
f 2 1751 1674
f 2 1674 1598
f 2 1598 1515
f 2 1515 1514
f 2 1514 1513
f 2 1513 1436
f 2 1436 1354
f 2 1354 1272
f 2 1272 1172
f 2 1172 1077
f 2 1077 987
f 2 987 986
f 2 986 897
f 2 897 815
f 2 815 737
f 2 737 736
f 2 736 670
f 2 670 606
f 2 606 551
f 2 551 505
f 2 505 459
f 2 459 419
f 2 419 382
f 2 382 344
f 2 344 303
f 2 303 263
f 2 263 222
f 2 222 183
f 2 183 149
f 2 149 116
f 2 116 77
f 2 77 50
f 2 50 30
f 2 30 17
f 2 17 8
f 2 8 3
f 3 8 4
f 4 8 9
f 4 9 10
f 4 10 11
f 5 12 13
f 5 13 14
f 5 11 22
f 5 22 12
f 6 15 7
f 6 14 27
f 6 27 16
f 6 16 28
f 6 28 15
f 8 17 9
f 9 17 18
f 9 18 19
f 9 19 10
f 10 20 11
f 10 19 21
f 10 21 20
f 11 20 22
f 12 23 13
f 12 22 39
f 12 39 23
f 13 23 24
f 13 24 25
f 13 25 26
f 13 26 27
f 13 27 14
f 16 27 47
f 16 47 29
f 16 29 48
f 16 48 28
f 17 30 18
f 18 30 50
f 18 50 31
f 18 31 32
f 18 32 33
f 18 33 34
f 18 34 19
f 19 34 35
f 19 35 21
f 20 36 22
f 20 21 37
f 20 37 36
f 21 38 37
f 21 35 38
f 22 36 40
f 22 40 39
f 23 41 43
f 23 43 24
f 23 39 42
f 23 42 41
f 24 43 44
f 24 44 25
f 25 44 69
f 25 69 45
f 25 45 26
f 26 45 46
f 26 46 47
f 26 47 27
f 29 47 72
f 29 72 49
f 29 49 48
f 31 50 51
f 31 51 32
f 32 51 52
f 32 52 33
f 33 52 34
f 34 52 53
f 34 53 54
f 34 54 35
f 35 54 38
f 36 37 55
f 36 55 40
f 37 38 55
f 38 56 57
f 38 57 58
f 38 58 59
f 38 59 40
f 38 40 55
f 38 54 60
f 38 60 56
f 39 40 61
f 39 61 62
f 39 62 42
f 40 59 61
f 41 63 64
f 41 64 43
f 41 42 63
f 42 62 65
f 42 65 66
f 42 66 63
f 43 64 67
f 43 67 44
f 44 67 68
f 44 68 69
f 45 69 70
f 45 70 46
f 46 70 71
f 46 71 72
f 46 72 47
f 48 49 73
f 49 74 73
f 49 72 75
f 49 75 76
f 49 76 74
f 50 77 51
f 51 77 78
f 51 78 52
f 52 78 53
f 53 78 54
f 54 78 79
f 54 79 80
f 54 80 60
f 56 81 57
f 56 60 82
f 56 82 81
f 57 81 83
f 57 83 58
f 58 84 62
f 58 62 61
f 58 61 59
f 58 83 85
f 58 85 84
f 60 80 82
f 62 86 87
f 62 87 88
f 62 88 65
f 62 84 89
f 62 89 90
f 62 90 86
f 63 66 91
f 63 91 92
f 63 92 64
f 64 93 67
f 64 92 94
f 64 94 93
f 65 88 66
f 66 88 87
f 66 87 95
f 66 95 86
f 66 86 96
f 66 96 97
f 66 97 98
f 66 98 99
f 66 99 91
f 67 93 100
f 67 100 68
f 68 100 101
f 68 101 102
f 68 102 69
f 69 102 103
f 69 103 70
f 70 104 105
f 70 105 71
f 70 103 104
f 71 105 106
f 71 106 72
f 72 106 75
f 74 76 107
f 75 106 108
f 75 108 109
f 75 109 110
f 75 110 76
f 76 110 111
f 76 111 107
f 77 112 113
f 77 113 114
f 77 114 115
f 77 115 79
f 77 79 78
f 77 116 112
f 79 115 117
f 79 117 118
f 79 118 80
f 80 118 82
f 81 82 119
f 81 119 120
f 81 120 121
f 81 121 122
f 81 122 89
f 81 89 123
f 81 123 85
f 81 85 83
f 82 118 124
f 82 124 119
f 84 85 123
f 84 123 89
f 86 90 96
f 86 95 87
f 89 122 121
f 89 121 90
f 90 121 125
f 90 125 126
f 90 126 127
f 90 127 96
f 91 99 92
f 92 128 129
f 92 129 94
f 92 99 98
f 92 98 97
f 92 97 130
f 92 130 128
f 93 131 100
f 93 94 129
f 93 129 131
f 96 127 132
f 96 132 133
f 96 133 97
f 97 133 130
f 100 134 101
f 100 131 134
f 101 135 136
f 101 136 102
f 101 134 135
f 102 136 137
f 102 137 103
f 103 137 104
f 104 137 138
f 104 138 139
f 104 139 105
f 105 139 140
f 105 140 106
f 106 140 108
f 108 140 141
f 108 141 142
f 108 142 109
f 109 142 110
f 110 143 111
f 110 142 144
f 110 144 143
f 112 145 150
f 112 150 185
f 112 185 184
f 112 184 223
f 112 223 266
f 112 266 265
f 112 265 264
f 112 264 304
f 112 304 343
f 112 343 342
f 112 342 381
f 112 381 418
f 112 418 458
f 112 458 504
f 112 504 550
f 112 550 605
f 112 605 669
f 112 669 668
f 112 668 667
f 112 667 735
f 112 735 814
f 112 814 896
f 112 896 985
f 112 985 984
f 112 984 982
f 112 982 981
f 112 981 1072
f 112 1072 1167
f 112 1167 1171
f 112 1171 1170
f 112 1170 1266
f 112 1266 1271
f 112 1271 1270
f 112 1270 1269
f 112 1269 1353
f 112 1353 1352
f 112 1352 1351
f 112 1351 1435
f 112 1435 1434
f 112 1434 1512
f 112 1512 1597
f 112 1597 1673
f 112 1673 1750
f 112 1750 1749
f 112 1749 1793
f 112 1793 1811
f 112 1811 1810
f 112 1810 1768
f 112 1768 1767
f 112 1767 1766
f 112 1766 1688
f 112 1688 1612
f 112 1612 1611
f 112 1611 1530
f 112 1530 1529
f 112 1529 1449
f 112 1449 1373
f 112 1373 1289
f 112 1289 1288
f 112 1288 1198
f 112 1198 1101
f 112 1101 1010
f 112 1010 918
f 112 918 917
f 112 917 834
f 112 834 756
f 112 756 755
f 112 755 683
f 112 683 616
f 112 616 559
f 112 559 512
f 112 512 464
f 112 464 424
f 112 424 423
f 112 423 385
f 112 385 384
f 112 384 383
f 112 383 346
f 112 346 345
f 112 345 306
f 112 306 305
f 112 305 268
f 112 268 267
f 112 267 227
f 112 227 226
f 112 226 262
f 112 262 220
f 112 220 181
f 112 181 147
f 112 147 146
f 112 146 113
f 112 116 145
f 113 146 114
f 114 146 147
f 114 147 148
f 114 148 115
f 115 148 117
f 116 149 150
f 116 150 145
f 117 148 151
f 117 151 118
f 118 151 124
f 119 152 153
f 119 153 154
f 119 154 120
f 119 124 152
f 120 154 121
f 121 154 125
f 124 151 152
f 125 154 155
f 125 155 126
f 126 155 156
f 126 156 157
f 126 157 158
f 126 158 159
f 126 159 160
f 126 160 161
f 126 161 162
f 126 162 127
f 127 162 163
f 127 163 164
f 127 164 165
f 127 165 132
f 128 130 166
f 128 166 129
f 129 166 131
f 130 167 205
f 130 205 168
f 130 168 166
f 130 133 167
f 131 166 169
f 131 169 134
f 132 165 164
f 132 164 170
f 132 170 133
f 133 170 171
f 133 171 167
f 134 169 135
f 135 169 172
f 135 172 210
f 135 210 173
f 135 173 136
f 136 173 174
f 136 174 137
f 137 174 138
f 138 174 175
f 138 175 139
f 139 175 176
f 139 176 140
f 140 176 141
f 141 176 177
f 141 177 142
f 142 177 178
f 142 178 179
f 142 179 144
f 143 144 179
f 143 179 180
f 147 181 148
f 148 181 182
f 148 182 151
f 149 183 184
f 149 184 185
f 149 185 150
f 151 182 152
f 152 186 153
f 152 182 187
f 152 187 188
f 152 188 189
f 152 189 155
f 152 155 186
f 153 186 155
f 153 155 154
f 155 189 156
f 156 189 157
f 157 189 190
f 157 190 191
f 157 191 192
f 157 192 193
f 157 193 194
f 157 194 195
f 157 195 158
f 158 195 235
f 158 235 196
f 158 196 159
f 159 196 197
f 159 197 160
f 160 197 198
f 160 198 199
f 160 199 161
f 161 199 200
f 161 200 162
f 162 200 164
f 162 164 163
f 164 200 201
f 164 201 202
f 164 202 203
f 164 203 170
f 166 168 204
f 166 204 169
f 167 171 205
f 168 205 204
f 169 204 172
f 170 203 171
f 171 203 206
f 171 206 207
f 171 207 208
f 171 208 205
f 172 204 209
f 172 209 210
f 173 210 251
f 173 251 211
f 173 211 212
f 173 212 174
f 174 212 175
f 175 212 213
f 175 213 214
f 175 214 215
f 175 215 176
f 176 215 177
f 177 215 216
f 177 216 217
f 177 217 178
f 178 217 179
f 179 218 180
f 179 217 219
f 179 219 258
f 179 258 218
f 181 220 221
f 181 221 187
f 181 187 182
f 183 222 223
f 183 223 184
f 187 224 188
f 187 221 225
f 187 225 224
f 188 224 189
f 189 225 190
f 189 224 225
f 190 225 226
f 190 226 227
f 190 227 228
f 190 228 229
f 190 229 191
f 191 229 230
f 191 230 231
f 191 231 232
f 191 232 192
f 192 232 193
f 193 232 233
f 193 233 194
f 194 233 234
f 194 234 235
f 194 235 195
f 196 235 275
f 196 275 236
f 196 236 197
f 197 236 237
f 197 237 198
f 198 237 238
f 198 238 239
f 198 239 199
f 199 239 240
f 199 240 200
f 200 240 201
f 201 240 241
f 201 241 242
f 201 242 202
f 202 242 203
f 203 242 206
f 204 205 243
f 204 243 249
f 204 249 209
f 205 208 243
f 206 242 207
f 207 244 245
f 207 245 246
f 207 246 208
f 207 242 241
f 207 241 240
f 207 240 244
f 208 246 247
f 208 247 248
f 208 248 243
f 209 249 286
f 209 286 250
f 209 250 210
f 210 250 288
f 210 288 251
f 211 251 290
f 211 290 252
f 211 252 213
f 211 213 212
f 213 252 292
f 213 292 253
f 213 253 254
f 213 254 214
f 214 254 215
f 215 254 255
f 215 255 216
f 216 255 256
f 216 256 217
f 217 256 257
f 217 257 260
f 217 260 219
f 219 259 258
f 219 260 261
f 219 261 259
f 220 262 225
f 220 225 221
f 222 263 264
f 222 264 265
f 222 265 266
f 222 266 223
f 225 262 226
f 227 267 228
f 228 267 230
f 228 230 229
f 230 267 268
f 230 268 269
f 230 269 270
f 230 270 271
f 230 271 231
f 231 271 232
f 232 271 272
f 232 272 273
f 232 273 233
f 233 273 274
f 233 274 234
f 234 274 235
f 235 274 275
f 236 275 313
f 236 313 276
f 236 276 277
f 236 277 237
f 237 277 238
f 238 277 278
f 238 278 279
f 238 279 239
f 239 279 280
f 239 280 240
f 240 280 244
f 243 248 249
f 244 280 281
f 244 281 245
f 245 281 282
f 245 282 247
f 245 247 246
f 247 282 283
f 247 283 248
f 248 283 284
f 248 284 249
f 249 284 285
f 249 285 286
f 250 286 287
f 250 287 288
f 251 288 289
f 251 289 290
f 252 290 291
f 252 291 292
f 253 292 293
f 253 293 294
f 253 294 295
f 253 295 296
f 253 296 254
f 254 296 297
f 254 297 255
f 255 297 256
f 256 297 298
f 256 298 299
f 256 299 300
f 256 300 257
f 257 300 301
f 257 301 260
f 260 301 261
f 261 301 302
f 263 303 264
f 264 303 304
f 268 305 269
f 269 305 306
f 269 306 307
f 269 307 270
f 270 307 308
f 270 308 309
f 270 309 271
f 271 309 272
f 272 309 310
f 272 310 273
f 273 310 311
f 273 311 312
f 273 312 274
f 274 312 275
f 275 312 313
f 276 313 314
f 276 314 277
f 277 314 315
f 277 315 316
f 277 316 278
f 278 316 279
f 279 316 317
f 279 317 318
f 279 318 280
f 280 318 281
f 281 318 319
f 281 319 282
f 282 319 320
f 282 320 283
f 283 320 321
f 283 321 284
f 284 321 285
f 285 322 323
f 285 323 286
f 285 321 322
f 286 323 287
f 287 323 324
f 287 324 325
f 287 325 288
f 288 325 289
f 289 325 326
f 289 326 327
f 289 327 290
f 290 327 291
f 291 327 328
f 291 328 329
f 291 329 292
f 292 329 293
f 293 329 330
f 293 330 294
f 294 330 331
f 294 331 332
f 294 332 333
f 294 333 295
f 295 333 296
f 296 333 334
f 296 334 298
f 296 298 297
f 298 334 335
f 298 335 336
f 298 336 337
f 298 337 299
f 299 337 338
f 299 338 300
f 300 338 339
f 300 339 340
f 300 340 301
f 301 340 302
f 302 340 341
f 303 342 343
f 303 343 304
f 303 344 342
f 306 345 307
f 307 345 346
f 307 346 347
f 307 347 308
f 308 347 348
f 308 348 309
f 309 348 349
f 309 349 350
f 309 350 310
f 310 350 351
f 310 351 311
f 311 351 352
f 311 352 312
f 312 352 313
f 313 352 353
f 313 353 314
f 314 354 355
f 314 355 356
f 314 356 315
f 314 353 354
f 315 356 357
f 315 357 316
f 316 357 317
f 317 357 358
f 317 358 318
f 318 358 359
f 318 359 319
f 319 359 360
f 319 360 361
f 319 361 362
f 319 362 320
f 320 362 321
f 321 362 322
f 322 362 363
f 322 363 323
f 323 363 364
f 323 364 324
f 324 365 366
f 324 366 325
f 324 364 365
f 325 366 326
f 326 367 368
f 326 368 327
f 326 366 367
f 327 368 328
f 328 369 370
f 328 370 329
f 328 368 369
f 329 370 330
f 330 370 331
f 331 371 372
f 331 372 373
f 331 373 332
f 331 370 371
f 332 373 335
f 332 335 333
f 333 335 334
f 335 373 374
f 335 374 336
f 336 374 375
f 336 375 337
f 337 375 376
f 337 376 338
f 338 376 377
f 338 377 378
f 338 378 339
f 339 378 379
f 339 379 340
f 340 379 380
f 340 380 341
f 342 344 381
f 344 382 422
f 344 422 463
f 344 463 511
f 344 511 558
f 344 558 615
f 344 615 681
f 344 681 751
f 344 751 828
f 344 828 909
f 344 909 1000
f 344 1000 1003
f 344 1003 1093
f 344 1093 1188
f 344 1188 1238
f 344 1238 1140
f 344 1140 1049
f 344 1049 958
f 344 958 953
f 344 953 872
f 344 872 795
f 344 795 719
f 344 719 652
f 344 652 593
f 344 593 543
f 344 543 499
f 344 499 456
f 344 456 418
f 344 418 381
f 346 383 347
f 347 383 384
f 347 384 385
f 347 385 386
f 347 386 348
f 348 386 387
f 348 387 388
f 348 388 349
f 349 388 350
f 350 388 389
f 350 389 390
f 350 390 351
f 351 390 391
f 351 391 352
f 352 391 353
f 353 391 354
f 354 391 392
f 354 392 393
f 354 393 355
f 355 393 394
f 355 394 395
f 355 395 356
f 356 396 357
f 356 395 397
f 356 397 396
f 357 396 358
f 358 396 397
f 358 397 398
f 358 398 360
f 358 360 359
f 360 398 399
f 360 399 400
f 360 400 401
f 360 401 361
f 361 401 363
f 361 363 362
f 363 401 402
f 363 402 403
f 363 403 365
f 363 365 364
f 365 403 404
f 365 404 366
f 366 404 367
f 367 404 405
f 367 405 369
f 367 369 368
f 369 405 439
f 369 439 406
f 369 406 371
f 369 371 370
f 371 406 407
f 371 407 372
f 372 407 408
f 372 408 409
f 372 409 410
f 372 410 373
f 373 410 411
f 373 411 374
f 374 411 412
f 374 412 375
f 375 412 377
f 375 377 376
f 377 412 449
f 377 449 413
f 377 413 414
f 377 414 415
f 377 415 378
f 378 415 416
f 378 416 379
f 379 416 380
f 380 416 417
f 382 419 420
f 382 420 421
f 382 421 422
f 385 423 386
f 386 423 424
f 386 424 425
f 386 425 387
f 387 426 388
f 387 425 426
f 388 426 389
f 389 426 390
f 390 426 427
f 390 427 392
f 390 392 391
f 392 427 428
f 392 428 393
f 393 428 429
f 393 429 394
f 394 429 430
f 394 430 431
f 394 431 395
f 395 431 397
f 397 431 399
f 397 399 398
f 399 431 432
f 399 432 433
f 399 433 400
f 400 433 401
f 401 433 434
f 401 434 402
f 402 435 436
f 402 436 403
f 402 434 435
f 403 436 437
f 403 437 404
f 404 437 438
f 404 438 405
f 405 438 439
f 406 439 440
f 406 440 441
f 406 441 442
f 406 442 407
f 407 442 443
f 407 443 408
f 408 444 445
f 408 445 409
f 408 443 444
f 409 445 446
f 409 446 410
f 410 446 447
f 410 447 448
f 410 448 411
f 411 448 449
f 411 449 412
f 413 449 450
f 413 450 451
f 413 451 452
f 413 452 414
f 414 453 416
f 414 416 415
f 414 452 454
f 414 454 453
f 416 453 455
f 416 455 417
f 418 456 457
f 418 457 458
f 419 459 460
f 419 460 420
f 420 460 421
f 421 460 461
f 421 461 462
f 421 462 463
f 421 463 422
f 424 464 465
f 424 465 466
f 424 466 425
f 425 465 467
f 425 467 468
f 425 468 426
f 425 466 465
f 426 468 469
f 426 469 427
f 427 469 470
f 427 470 471
f 427 471 428
f 428 471 472
f 428 472 429
f 429 472 473
f 429 473 430
f 430 473 474
f 430 474 431
f 431 474 475
f 431 475 476
f 431 476 432
f 432 476 433
f 433 476 477
f 433 477 434
f 434 477 435
f 435 477 478
f 435 478 479
f 435 479 436
f 436 479 480
f 436 480 437
f 437 480 481
f 437 481 438
f 438 481 482
f 438 482 483
f 438 483 484
f 438 484 439
f 439 484 440
f 440 484 441
f 441 443 442
f 441 484 485
f 441 485 486
f 441 486 487
f 441 487 443
f 443 487 444
f 444 487 488
f 444 488 489
f 444 489 445
f 445 489 490
f 445 490 446
f 446 490 491
f 446 491 447
f 447 491 492
f 447 492 448
f 448 492 493
f 448 493 449
f 449 493 450
f 450 493 494
f 450 494 495
f 450 495 451
f 451 495 452
f 452 495 496
f 452 496 498
f 452 498 454
f 453 454 497
f 453 497 455
f 454 498 542
f 454 542 497
f 456 499 500
f 456 500 457
f 457 500 501
f 457 501 502
f 457 502 458
f 458 502 503
f 458 503 504
f 459 505 506
f 459 506 460
f 460 506 507
f 460 507 461
f 461 507 508
f 461 508 462
f 462 508 509
f 462 509 510
f 462 510 463
f 463 510 511
f 464 512 513
f 464 513 465
f 465 513 467
f 467 514 468
f 467 513 515
f 467 515 516
f 467 516 517
f 467 517 514
f 468 514 470
f 468 470 469
f 470 514 517
f 470 517 471
f 471 517 518
f 471 518 519
f 471 519 472
f 472 519 473
f 473 519 520
f 473 520 474
f 474 520 521
f 474 521 475
f 475 521 522
f 475 522 523
f 475 523 476
f 476 523 478
f 476 478 477
f 478 523 524
f 478 524 525
f 478 525 479
f 479 525 526
f 479 526 480
f 480 526 527
f 480 527 481
f 481 527 482
f 482 527 528
f 482 528 529
f 482 529 483
f 483 529 484
f 484 529 530
f 484 530 531
f 484 531 486
f 484 486 485
f 486 531 532
f 486 532 488
f 486 488 487
f 488 532 533
f 488 533 489
f 489 533 534
f 489 534 535
f 489 535 490
f 490 535 491
f 491 535 536
f 491 536 492
f 492 536 537
f 492 537 493
f 493 537 494
f 494 537 538
f 494 538 495
f 495 538 539
f 495 539 540
f 495 540 496
f 496 540 541
f 496 541 498
f 498 541 542
f 499 543 500
f 500 543 544
f 500 544 501
f 501 545 546
f 501 546 503
f 501 503 502
f 501 544 547
f 501 547 545
f 503 548 549
f 503 549 550
f 503 550 504
f 503 546 548
f 505 551 506
f 506 551 552
f 506 552 507
f 507 552 553
f 507 553 554
f 507 554 555
f 507 555 508
f 508 556 509
f 508 555 611
f 508 611 557
f 508 557 556
f 509 556 510
f 510 556 511
f 511 556 558
f 512 559 560
f 512 560 513
f 513 560 561
f 513 561 515
f 515 561 516
f 516 561 562
f 516 562 563
f 516 563 517
f 517 563 518
f 518 563 519
f 519 563 564
f 519 564 565
f 519 565 520
f 520 565 566
f 520 566 521
f 521 566 567
f 521 567 522
f 522 567 568
f 522 568 523
f 523 568 524
f 524 568 569
f 524 569 570
f 524 570 525
f 525 570 571
f 525 571 572
f 525 572 526
f 526 572 527
f 527 572 528
f 528 572 573
f 528 573 529
f 529 573 530
f 530 573 531
f 531 574 575
f 531 575 576
f 531 576 532
f 531 573 574
f 532 576 577
f 532 577 578
f 532 578 533
f 533 578 579
f 533 579 580
f 533 580 581
f 533 581 534
f 534 581 582
f 534 582 583
f 534 583 535
f 535 583 584
f 535 584 536
f 536 584 585
f 536 585 537
f 537 585 538
f 538 585 645
f 538 645 586
f 538 586 587
f 538 587 539
f 539 587 588
f 539 588 540
f 540 588 541
f 541 589 590
f 541 590 542
f 541 588 591
f 541 591 592
f 541 592 589
f 543 593 594
f 543 594 544
f 544 594 595
f 544 595 596
f 544 596 547
f 545 547 596
f 545 596 597
f 545 597 598
f 545 598 548
f 545 548 546
f 548 599 600
f 548 600 601
f 548 601 602
f 548 602 549
f 548 598 599
f 549 602 603
f 549 603 604
f 549 604 605
f 549 605 550
f 551 606 552
f 552 606 670
f 552 670 607
f 552 607 608
f 552 608 553
f 553 608 610
f 553 610 554
f 554 609 555
f 554 610 609
f 555 609 611
f 556 557 612
f 556 612 558
f 557 611 613
f 557 613 612
f 558 614 615
f 558 612 614
f 559 616 561
f 559 561 560
f 561 616 617
f 561 617 618
f 561 618 619
f 561 619 562
f 562 619 620
f 562 620 621
f 562 621 622
f 562 622 563
f 563 622 564
f 564 622 623
f 564 623 565
f 565 623 624
f 565 624 625
f 565 625 566
f 566 625 567
f 567 625 626
f 567 626 568
f 568 626 569
f 569 626 627
f 569 627 628
f 569 628 570
f 570 629 571
f 570 628 629
f 571 629 630
f 571 630 572
f 572 630 631
f 572 631 573
f 573 631 632
f 573 632 574
f 574 632 633
f 574 633 575
f 575 634 635
f 575 635 576
f 575 633 634
f 576 635 577
f 577 635 636
f 577 636 637
f 577 637 578
f 578 637 579
f 579 637 638
f 579 638 639
f 579 639 580
f 580 639 581
f 581 640 641
f 581 641 582
f 581 639 642
f 581 642 640
f 582 641 583
f 583 641 643
f 583 643 584
f 584 643 644
f 584 644 645
f 584 645 585
f 586 645 646
f 586 646 647
f 586 647 587
f 587 647 648
f 587 648 588
f 588 648 649
f 588 649 650
f 588 650 591
f 591 650 592
f 592 650 651
f 593 652 653
f 593 653 594
f 594 653 654
f 594 654 595
f 595 654 596
f 596 655 597
f 596 654 656
f 596 656 655
f 597 655 657
f 597 657 658
f 597 658 598
f 598 658 599
f 599 658 659
f 599 659 660
f 599 660 661
f 599 661 662
f 599 662 663
f 599 663 600
f 600 663 601
f 601 664 603
f 601 603 602
f 601 663 664
f 603 664 665
f 603 665 666
f 603 666 667
f 603 667 668
f 603 668 669
f 603 669 604
f 604 669 605
f 607 670 671
f 607 671 608
f 608 671 672
f 608 672 673
f 608 673 610
f 609 674 611
f 609 610 675
f 609 675 674
f 610 673 676
f 610 676 675
f 611 674 677
f 611 677 613
f 612 678 614
f 612 613 679
f 612 679 678
f 613 677 679
f 614 680 681
f 614 681 615
f 614 678 682
f 614 682 680
f 616 683 684
f 616 684 617
f 617 684 618
f 618 684 685
f 618 685 620
f 618 620 619
f 620 685 686
f 620 686 621
f 621 686 687
f 621 687 688
f 621 688 622
f 622 688 623
f 623 688 689
f 623 689 624
f 624 689 690
f 624 690 625
f 625 690 691
f 625 691 692
f 625 692 627
f 625 627 626
f 627 692 691
f 627 691 693
f 627 693 694
f 627 694 628
f 628 694 695
f 628 695 629
f 629 695 696
f 629 696 630
f 630 696 697
f 630 697 631
f 631 697 632
f 632 698 633
f 632 697 698
f 633 698 699
f 633 699 700
f 633 700 634
f 634 700 701
f 634 701 635
f 635 701 702
f 635 702 636
f 636 702 637
f 637 702 638
f 638 702 703
f 638 703 639
f 639 703 642
f 640 642 704
f 640 704 705
f 640 705 706
f 640 706 641
f 641 706 643
f 642 703 707
f 642 707 708
f 642 708 704
f 643 706 709
f 643 709 644
f 644 709 710
f 644 710 645
f 645 710 646
f 646 710 711
f 646 711 712
f 646 712 647
f 647 712 648
f 648 712 713
f 648 713 649
f 649 713 714
f 649 714 715
f 649 715 650
f 650 715 716
f 650 716 717
f 650 717 651
f 651 717 718
f 652 719 653
f 653 720 654
f 653 719 721
f 653 721 720
f 654 720 722
f 654 722 656
f 655 656 722
f 655 722 723
f 655 723 657
f 657 723 724
f 657 724 725
f 657 725 659
f 657 659 658
f 659 726 660
f 659 725 726
f 660 726 727
f 660 727 728
f 660 728 662
f 660 662 661
f 662 728 729
f 662 729 730
f 662 730 731
f 662 731 664
f 662 664 663
f 664 731 732
f 664 732 733
f 664 733 665
f 665 733 734
f 665 734 666
f 666 734 735
f 666 735 667
f 670 736 671
f 671 736 737
f 671 737 738
f 671 738 739
f 671 739 672
f 672 739 740
f 672 740 673
f 673 740 741
f 673 741 676
f 674 742 677
f 674 675 743
f 674 743 742
f 675 676 744
f 675 744 743
f 676 741 745
f 676 745 823
f 676 823 744
f 677 746 679
f 677 742 746
f 678 679 682
f 679 746 747
f 679 747 748
f 679 748 682
f 680 749 681
f 680 682 750
f 680 750 749
f 681 749 750
f 681 750 752
f 681 752 751
f 682 753 750
f 682 748 754
f 682 754 753
f 683 755 684
f 684 755 756
f 684 756 757
f 684 757 685
f 685 757 758
f 685 758 686
f 686 758 759
f 686 759 687
f 687 759 760
f 687 760 761
f 687 761 688
f 688 761 689
f 689 761 762
f 689 762 690
f 690 762 691
f 691 762 763
f 691 763 764
f 691 764 765
f 691 765 766
f 691 766 693
f 693 766 694
f 694 766 767
f 694 767 695
f 695 767 768
f 695 768 696
f 696 769 697
f 696 768 769
f 697 769 698
f 698 770 699
f 698 769 770
f 699 770 771
f 699 771 700
f 700 771 772
f 700 772 773
f 700 773 774
f 700 774 701
f 701 774 702
f 702 774 775
f 702 775 776
f 702 776 703
f 703 776 777
f 703 777 778
f 703 778 707
f 704 708 779
f 704 779 780
f 704 780 705
f 705 780 781
f 705 781 782
f 705 782 706
f 706 782 709
f 707 778 783
f 707 783 784
f 707 784 708
f 708 784 785
f 708 785 779
f 709 782 786
f 709 786 710
f 710 786 711
f 711 786 787
f 711 787 788
f 711 788 712
f 712 789 713
f 712 788 790
f 712 790 791
f 712 791 789
f 713 789 792
f 713 792 714
f 714 792 715
f 715 792 793
f 715 793 716
f 716 793 717
f 717 793 718
f 718 793 794
f 719 795 721
f 720 796 722
f 720 721 797
f 720 797 798
f 720 798 796
f 721 795 797
f 722 799 723
f 722 796 799
f 723 799 724
f 724 800 801
f 724 801 802
f 724 802 725
f 724 799 800
f 725 802 726
f 726 802 803
f 726 803 804
f 726 804 727
f 727 804 805
f 727 805 729
f 727 729 728
f 729 805 806
f 729 806 807
f 729 807 808
f 729 808 809
f 729 809 730
f 730 809 810
f 730 810 731
f 731 810 732
f 732 810 809
f 732 809 811
f 732 811 812
f 732 812 813
f 732 813 733
f 733 813 734
f 734 813 814
f 734 814 735
f 737 815 816
f 737 816 738
f 738 816 817
f 738 817 739
f 739 817 740
f 740 817 818
f 740 818 741
f 741 818 819
f 741 819 745
f 742 820 746
f 742 743 821
f 742 821 820
f 743 744 821
f 744 822 821
f 744 823 904
f 744 904 822
f 745 819 824
f 745 824 823
f 746 820 747
f 747 820 825
f 747 825 826
f 747 826 754
f 747 754 748
f 750 753 827
f 750 827 752
f 751 752 828
f 752 829 828
f 752 827 830
f 752 830 829
f 753 754 831
f 753 831 827
f 754 832 831
f 754 826 833
f 754 833 832
f 756 834 757
f 757 834 835
f 757 835 758
f 758 835 836
f 758 836 759
f 759 836 837
f 759 837 760
f 760 837 838
f 760 838 839
f 760 839 761
f 761 839 763
f 761 763 762
f 763 839 840
f 763 840 764
f 764 841 765
f 764 840 842
f 764 842 843
f 764 843 844
f 764 844 841
f 765 841 766
f 766 841 845
f 766 845 767
f 767 845 846
f 767 846 768
f 768 846 847
f 768 847 769
f 769 847 770
f 770 847 848
f 770 848 771
f 771 848 849
f 771 849 772
f 772 849 850
f 772 850 851
f 772 851 773
f 773 851 852
f 773 852 774
f 774 852 775
f 775 852 853
f 775 853 854
f 775 854 776
f 776 854 777
f 777 854 855
f 777 855 856
f 777 856 778
f 778 856 783
f 779 785 780
f 780 785 857
f 780 857 781
f 781 857 858
f 781 858 782
f 782 858 859
f 782 859 860
f 782 860 787
f 782 787 786
f 783 856 861
f 783 861 862
f 783 862 784
f 784 862 863
f 784 863 785
f 785 863 857
f 787 860 864
f 787 864 865
f 787 865 788
f 788 865 866
f 788 866 867
f 788 867 790
f 789 791 792
f 790 867 791
f 791 868 792
f 791 867 869
f 791 869 949
f 791 949 868
f 792 868 793
f 793 868 870
f 793 870 871
f 793 871 794
f 795 872 797
f 796 798 873
f 796 873 874
f 796 874 875
f 796 875 799
f 797 873 798
f 797 872 876
f 797 876 877
f 797 877 873
f 799 878 800
f 799 875 878
f 800 878 801
f 801 878 879
f 801 879 880
f 801 880 803
f 801 803 802
f 803 881 804
f 803 880 881
f 804 882 883
f 804 883 805
f 804 881 882
f 805 883 806
f 806 884 885
f 806 885 886
f 806 886 807
f 806 883 887
f 806 887 884
f 807 886 808
f 808 886 888
f 808 888 809
f 809 888 889
f 809 889 890
f 809 890 891
f 809 891 811
f 811 891 892
f 811 892 812
f 812 892 893
f 812 893 813
f 813 894 814
f 813 893 895
f 813 895 894
f 814 894 895
f 814 895 896
f 815 897 898
f 815 898 816
f 816 898 899
f 816 899 817
f 817 899 900
f 817 900 818
f 818 900 819
f 819 900 901
f 819 901 824
f 820 821 825
f 821 822 902
f 821 902 825
f 822 903 902
f 822 904 903
f 823 824 904
f 824 905 904
f 824 901 906
f 824 906 907
f 824 907 905
f 825 902 908
f 825 908 826
f 826 908 833
f 827 831 830
f 828 829 909
f 829 910 909
f 829 830 910
f 830 911 912
f 830 912 910
f 830 831 913
f 830 913 911
f 831 832 913
f 832 914 913
f 832 833 915
f 832 915 914
f 833 908 916
f 833 916 915
f 834 917 835
f 835 917 918
f 835 918 919
f 835 919 836
f 836 919 920
f 836 920 837
f 837 920 921
f 837 921 838
f 838 921 922
f 838 922 840
f 838 840 839
f 840 922 842
f 841 844 845
f 842 922 923
f 842 923 924
f 842 924 925
f 842 925 843
f 843 925 844
f 844 926 845
f 844 925 927
f 844 927 928
f 844 928 926
f 845 926 846
f 846 926 929
f 846 929 847
f 847 929 848
f 848 929 930
f 848 930 849
f 849 931 850
f 849 930 931
f 850 931 932
f 850 932 933
f 850 933 851
f 851 933 934
f 851 934 852
f 852 934 935
f 852 935 853
f 853 935 936
f 853 936 854
f 854 936 855
f 855 936 937
f 855 937 861
f 855 861 856
f 857 863 938
f 857 938 939
f 857 939 859
f 857 859 858
f 859 939 940
f 859 940 864
f 859 864 860
f 861 941 942
f 861 942 943
f 861 943 944
f 861 944 862
f 861 937 936
f 861 936 941
f 862 944 863
f 863 944 938
f 864 940 865
f 865 940 945
f 865 945 946
f 865 946 866
f 866 946 947
f 866 947 867
f 867 947 948
f 867 948 869
f 868 949 952
f 868 952 870
f 869 948 950
f 869 950 949
f 870 951 871
f 870 952 1041
f 870 1041 951
f 872 953 876
f 873 877 954
f 873 954 955
f 873 955 956
f 873 956 874
f 874 957 875
f 874 956 957
f 875 957 878
f 876 953 958
f 876 958 959
f 876 959 954
f 876 954 877
f 878 957 960
f 878 960 879
f 879 961 962
f 879 962 880
f 879 960 961
f 880 962 963
f 880 963 881
f 881 963 882
f 882 963 964
f 882 964 965
f 882 965 887
f 882 887 883
f 884 887 966
f 884 966 967
f 884 967 885
f 885 967 968
f 885 968 969
f 885 969 970
f 885 970 971
f 885 971 888
f 885 888 886
f 887 965 966
f 888 971 972
f 888 972 890
f 888 890 889
f 890 973 974
f 890 974 892
f 890 892 891
f 890 972 975
f 890 975 976
f 890 976 977
f 890 977 973
f 892 974 893
f 893 974 978
f 893 978 979
f 893 979 980
f 893 980 981
f 893 981 982
f 893 982 983
f 893 983 984
f 893 984 895
f 895 984 985
f 895 985 896
f 897 986 898
f 898 986 987
f 898 987 988
f 898 988 989
f 898 989 899
f 899 989 900
f 900 989 990
f 900 990 991
f 900 991 901
f 901 991 906
f 902 992 908
f 902 903 993
f 902 993 992
f 903 904 994
f 903 994 993
f 904 905 995
f 904 995 994
f 905 907 996
f 905 996 995
f 906 991 997
f 906 997 907
f 907 997 998
f 907 998 996
f 908 992 999
f 908 999 916
f 909 910 1000
f 910 912 1001
f 910 1001 1002
f 910 1002 1003
f 910 1003 1000
f 911 1004 1001
f 911 1001 912
f 911 913 1004
f 913 914 1005
f 913 1005 1004
f 914 915 1006
f 914 1006 1007
f 914 1007 1005
f 915 916 1008
f 915 1008 1006
f 916 999 1009
f 916 1009 1008
f 918 1010 919
f 919 1010 1011
f 919 1011 920
f 920 1011 1012
f 920 1012 921
f 921 1012 1013
f 921 1013 922
f 922 1013 923
f 923 1013 1014
f 923 1014 1015
f 923 1015 924
f 924 1015 1016
f 924 1016 925
f 925 1016 1017
f 925 1017 927
f 926 928 929
f 927 1017 1018
f 927 1018 928
f 928 1018 1019
f 928 1019 931
f 928 931 930
f 928 930 929
f 931 1019 1020
f 931 1020 932
f 932 1020 1021
f 932 1021 1022
f 932 1022 933
f 933 1022 1023
f 933 1023 935
f 933 935 934
f 935 1023 1024
f 935 1024 1025
f 935 1025 1026
f 935 1026 1027
f 935 1027 936
f 936 1027 941
f 938 944 1028
f 938 1028 1029
f 938 1029 939
f 939 1029 1030
f 939 1030 940
f 940 1030 1031
f 940 1031 945
f 941 1032 942
f 941 1027 1032
f 942 1032 1033
f 942 1033 1034
f 942 1034 1035
f 942 1035 943
f 943 1035 944
f 944 1035 1028
f 945 1031 1036
f 945 1036 946
f 946 1036 1037
f 946 1037 947
f 947 1037 1038
f 947 1038 948
f 948 1038 1039
f 948 1039 950
f 949 950 1040
f 949 1040 952
f 950 1039 1040
f 952 1040 1042
f 952 1042 1043
f 952 1043 1041
f 954 959 1044
f 954 1044 955
f 955 1045 956
f 955 1044 1045
f 956 1045 1046
f 956 1046 957
f 957 1046 1047
f 957 1047 1048
f 957 1048 960
f 958 1049 1050
f 958 1050 959
f 959 1050 1044
f 960 1048 961
f 961 1051 962
f 961 1048 1052
f 961 1052 1051
f 962 1053 1054
f 962 1054 963
f 962 1051 1053
f 963 1054 964
f 964 1054 1055
f 964 1055 1056
f 964 1056 1057
f 964 1057 965
f 965 1057 1056
f 965 1056 1058
f 965 1058 966
f 966 1058 1059
f 966 1059 967
f 967 1059 1060
f 967 1060 968
f 968 1060 969
f 969 1061 1062
f 969 1062 970
f 969 1060 1063
f 969 1063 1061
f 970 1062 1064
f 970 1064 1065
f 970 1065 975
f 970 975 971
f 971 975 972
f 973 977 1066
f 973 1066 1067
f 973 1067 974
f 974 1067 979
f 974 979 978
f 975 1065 1068
f 975 1068 1069
f 975 1069 976
f 976 1069 977
f 977 1068 1070
f 977 1070 1071
f 977 1071 1066
f 977 1069 1068
f 979 1072 981
f 979 981 980
f 979 1067 1066
f 979 1066 1073
f 979 1073 1074
f 979 1074 1075
f 979 1075 1076
f 979 1076 1072
f 982 984 983
f 987 1077 1078
f 987 1078 988
f 988 1078 989
f 989 1078 1079
f 989 1079 1080
f 989 1080 990
f 990 1080 991
f 991 1080 1081
f 991 1081 1082
f 991 1082 997
f 992 993 1083
f 992 1083 999
f 993 994 1084
f 993 1084 1083
f 994 995 1085
f 994 1085 1084
f 995 996 1086
f 995 1086 1085
f 996 998 1087
f 996 1087 1086
f 997 1082 1088
f 997 1088 998
f 998 1088 1089
f 998 1089 1087
f 999 1083 1090
f 999 1090 1009
f 1001 1004 1091
f 1001 1091 1002
f 1002 1092 1003
f 1002 1091 1092
f 1003 1092 1093
f 1004 1005 1094
f 1004 1094 1091
f 1005 1007 1095
f 1005 1095 1094
f 1006 1008 1096
f 1006 1096 1097
f 1006 1097 1007
f 1007 1097 1098
f 1007 1098 1095
f 1008 1009 1096
f 1009 1099 1096
f 1009 1090 1100
f 1009 1100 1099
f 1010 1101 1011
f 1011 1101 1102
f 1011 1102 1012
f 1012 1102 1103
f 1012 1103 1013
f 1013 1103 1014
f 1014 1104 1105
f 1014 1105 1015
f 1014 1103 1104
f 1015 1105 1106
f 1015 1106 1016
f 1016 1106 1107
f 1016 1107 1017
f 1017 1107 1108
f 1017 1108 1018
f 1018 1108 1109
f 1018 1109 1019
f 1019 1109 1020
f 1020 1109 1110
f 1020 1110 1021
f 1021 1110 1111
f 1021 1111 1112
f 1021 1112 1022
f 1022 1112 1113
f 1022 1113 1023
f 1023 1113 1114
f 1023 1114 1024
f 1024 1114 1025
f 1025 1115 1116
f 1025 1116 1026
f 1025 1114 1115
f 1026 1116 1032
f 1026 1032 1027
f 1028 1035 1117
f 1028 1117 1118
f 1028 1118 1029
f 1029 1118 1119
f 1029 1119 1030
f 1030 1119 1120
f 1030 1120 1031
f 1031 1120 1121
f 1031 1121 1036
f 1032 1116 1122
f 1032 1122 1033
f 1033 1122 1123
f 1033 1123 1034
f 1034 1123 1124
f 1034 1124 1035
f 1035 1124 1125
f 1035 1125 1117
f 1036 1121 1126
f 1036 1126 1037
f 1037 1126 1127
f 1037 1127 1128
f 1037 1128 1038
f 1038 1128 1129
f 1038 1129 1039
f 1039 1130 1040
f 1039 1129 1130
f 1040 1130 1131
f 1040 1131 1042
f 1042 1131 1132
f 1042 1132 1043
f 1044 1133 1134
f 1044 1134 1046
f 1044 1046 1045
f 1044 1050 1135
f 1044 1135 1133
f 1046 1134 1136
f 1046 1136 1047
f 1047 1137 1048
f 1047 1136 1138
f 1047 1138 1137
f 1048 1139 1052
f 1048 1137 1139
f 1049 1140 1135
f 1049 1135 1050
f 1051 1052 1141
f 1051 1141 1053
f 1052 1139 1141
f 1053 1141 1142
f 1053 1142 1143
f 1053 1143 1144
f 1053 1144 1145
f 1053 1145 1055
f 1053 1055 1054
f 1055 1145 1146
f 1055 1146 1056
f 1056 1146 1147
f 1056 1147 1148
f 1056 1148 1149
f 1056 1149 1150
f 1056 1150 1151
f 1056 1151 1152
f 1056 1152 1153
f 1056 1153 1058
f 1058 1153 1059
f 1059 1154 1060
f 1059 1153 1154
f 1060 1154 1063
f 1061 1063 1155
f 1061 1155 1156
f 1061 1156 1157
f 1061 1157 1062
f 1062 1157 1064
f 1063 1154 1155
f 1064 1158 1159
f 1064 1159 1160
f 1064 1160 1068
f 1064 1068 1065
f 1064 1157 1158
f 1066 1074 1073
f 1066 1071 1074
f 1068 1160 1161
f 1068 1161 1162
f 1068 1162 1071
f 1068 1071 1070
f 1071 1161 1163
f 1071 1163 1164
f 1071 1164 1165
f 1071 1165 1166
f 1071 1166 1074
f 1071 1162 1161
f 1072 1076 1167
f 1074 1166 1075
f 1075 1166 1168
f 1075 1168 1169
f 1075 1169 1170
f 1075 1170 1171
f 1075 1171 1167
f 1075 1167 1076
f 1077 1172 1078
f 1078 1172 1173
f 1078 1173 1174
f 1078 1174 1079
f 1079 1174 1080
f 1080 1174 1175
f 1080 1175 1176
f 1080 1176 1081
f 1081 1176 1082
f 1082 1176 1177
f 1082 1177 1088
f 1083 1084 1178
f 1083 1178 1090
f 1084 1085 1179
f 1084 1179 1178
f 1085 1086 1180
f 1085 1180 1179
f 1086 1087 1181
f 1086 1181 1180
f 1087 1089 1182
f 1087 1182 1181
f 1088 1177 1183
f 1088 1183 1089
f 1089 1183 1184
f 1089 1184 1182
f 1090 1178 1185
f 1090 1185 1100
f 1091 1094 1186
f 1091 1186 1092
f 1092 1187 1093
f 1092 1186 1187
f 1093 1187 1188
f 1094 1095 1189
f 1094 1189 1190
f 1094 1190 1186
f 1095 1098 1191
f 1095 1191 1192
f 1095 1192 1189
f 1096 1193 1097
f 1096 1099 1194
f 1096 1194 1193
f 1097 1193 1191
f 1097 1191 1098
f 1099 1195 1194
f 1099 1100 1196
f 1099 1196 1195
f 1100 1185 1197
f 1100 1197 1196
f 1101 1198 1199
f 1101 1199 1102
f 1102 1199 1200
f 1102 1200 1103
f 1103 1200 1104
f 1104 1200 1201
f 1104 1201 1202
f 1104 1202 1203
f 1104 1203 1105
f 1105 1203 1204
f 1105 1204 1106
f 1106 1204 1205
f 1106 1205 1107
f 1107 1205 1206
f 1107 1206 1108
f 1108 1206 1207
f 1108 1207 1109
f 1109 1207 1110
f 1110 1207 1208
f 1110 1208 1111
f 1111 1208 1209
f 1111 1209 1210
f 1111 1210 1211
f 1111 1211 1112
f 1112 1211 1114
f 1112 1114 1113
f 1114 1211 1115
f 1115 1211 1212
f 1115 1212 1213
f 1115 1213 1116
f 1116 1213 1122
f 1117 1125 1214
f 1117 1214 1118
f 1118 1214 1215
f 1118 1215 1119
f 1119 1215 1216
f 1119 1216 1217
f 1119 1217 1120
f 1120 1217 1218
f 1120 1218 1121
f 1121 1218 1225
f 1121 1225 1126
f 1122 1213 1219
f 1122 1219 1220
f 1122 1220 1123
f 1123 1220 1221
f 1123 1221 1222
f 1123 1222 1124
f 1124 1222 1125
f 1125 1222 1223
f 1125 1223 1224
f 1125 1224 1214
f 1126 1225 1226
f 1126 1226 1127
f 1127 1226 1227
f 1127 1227 1128
f 1128 1227 1228
f 1128 1228 1129
f 1129 1228 1229
f 1129 1229 1230
f 1129 1230 1231
f 1129 1231 1130
f 1130 1231 1131
f 1131 1231 1232
f 1131 1232 1132
f 1132 1232 1233
f 1133 1189 1134
f 1133 1135 1234
f 1133 1234 1235
f 1133 1235 1189
f 1134 1189 1136
f 1135 1140 1234
f 1136 1192 1138
f 1136 1189 1192
f 1137 1138 1236
f 1137 1236 1139
f 1138 1192 1191
f 1138 1191 1236
f 1139 1236 1194
f 1139 1194 1237
f 1139 1237 1141
f 1140 1238 1234
f 1141 1237 1142
f 1142 1239 1144
f 1142 1144 1143
f 1142 1237 1240
f 1142 1240 1239
f 1144 1241 1242
f 1144 1242 1145
f 1144 1239 1241
f 1145 1242 1243
f 1145 1243 1146
f 1146 1243 1147
f 1147 1244 1245
f 1147 1245 1148
f 1147 1243 1244
f 1148 1245 1246
f 1148 1246 1247
f 1148 1247 1149
f 1149 1247 1151
f 1149 1151 1150
f 1151 1247 1248
f 1151 1248 1249
f 1151 1249 1152
f 1152 1249 1250
f 1152 1250 1154
f 1152 1154 1153
f 1154 1250 1155
f 1155 1251 1252
f 1155 1252 1253
f 1155 1253 1156
f 1155 1250 1251
f 1156 1253 1254
f 1156 1254 1157
f 1157 1254 1158
f 1158 1254 1255
f 1158 1255 1159
f 1159 1256 1257
f 1159 1257 1258
f 1159 1258 1259
f 1159 1259 1161
f 1159 1161 1160
f 1159 1255 1256
f 1161 1260 1164
f 1161 1164 1163
f 1161 1259 1260
f 1164 1261 1165
f 1164 1260 1259
f 1164 1259 1262
f 1164 1262 1263
f 1164 1263 1264
f 1164 1264 1265
f 1164 1265 1261
f 1165 1261 1166
f 1166 1261 1169
f 1166 1169 1168
f 1169 1266 1170
f 1169 1261 1265
f 1169 1265 1267
f 1169 1267 1268
f 1169 1268 1269
f 1169 1269 1270
f 1169 1270 1271
f 1169 1271 1266
f 1172 1272 1273
f 1172 1273 1173
f 1173 1273 1174
f 1174 1274 1175
f 1174 1273 1275
f 1174 1275 1274
f 1175 1274 1176
f 1176 1274 1276
f 1176 1276 1277
f 1176 1277 1177
f 1177 1277 1278
f 1177 1278 1183
f 1178 1179 1279
f 1178 1279 1185
f 1179 1180 1280
f 1179 1280 1279
f 1180 1181 1281
f 1180 1281 1280
f 1181 1182 1281
f 1182 1184 1282
f 1182 1282 1281
f 1183 1278 1184
f 1184 1278 1283
f 1184 1283 1284
f 1184 1284 1282
f 1185 1279 1197
f 1186 1190 1285
f 1186 1285 1187
f 1187 1238 1188
f 1187 1285 1234
f 1187 1234 1238
f 1189 1235 1190
f 1190 1235 1285
f 1191 1193 1236
f 1193 1194 1236
f 1194 1195 1237
f 1195 1196 1237
f 1196 1240 1237
f 1196 1197 1239
f 1196 1239 1240
f 1197 1279 1286
f 1197 1286 1287
f 1197 1287 1239
f 1198 1288 1201
f 1198 1201 1199
f 1199 1201 1200
f 1201 1288 1289
f 1201 1289 1290
f 1201 1290 1291
f 1201 1291 1202
f 1202 1291 1203
f 1203 1291 1292
f 1203 1292 1204
f 1204 1292 1293
f 1204 1293 1205
f 1205 1293 1294
f 1205 1294 1206
f 1206 1294 1295
f 1206 1295 1207
f 1207 1295 1208
f 1208 1296 1209
f 1208 1295 1296
f 1209 1297 1298
f 1209 1298 1210
f 1209 1296 1297
f 1210 1298 1299
f 1210 1299 1211
f 1211 1299 1212
f 1212 1299 1300
f 1212 1300 1301
f 1212 1301 1213
f 1213 1301 1219
f 1214 1224 1302
f 1214 1302 1215
f 1215 1302 1216
f 1216 1302 1303
f 1216 1303 1304
f 1216 1304 1305
f 1216 1305 1217
f 1217 1305 1306
f 1217 1306 1218
f 1218 1306 1307
f 1218 1307 1225
f 1219 1301 1308
f 1219 1308 1309
f 1219 1309 1220
f 1220 1309 1221
f 1221 1309 1310
f 1221 1310 1311
f 1221 1311 1222
f 1222 1311 1223
f 1223 1312 1313
f 1223 1313 1224
f 1223 1311 1312
f 1224 1313 1303
f 1224 1303 1302
f 1225 1307 1314
f 1225 1314 1226
f 1226 1314 1315
f 1226 1315 1227
f 1227 1315 1316
f 1227 1316 1317
f 1227 1317 1228
f 1228 1317 1318
f 1228 1318 1319
f 1228 1319 1229
f 1229 1319 1320
f 1229 1320 1230
f 1230 1321 1231
f 1230 1320 1321
f 1231 1321 1232
f 1232 1321 1233
f 1233 1321 1322
f 1234 1285 1235
f 1239 1287 1241
f 1241 1287 1323
f 1241 1323 1324
f 1241 1324 1242
f 1242 1324 1244
f 1242 1244 1243
f 1244 1324 1245
f 1245 1324 1323
f 1245 1323 1246
f 1246 1323 1325
f 1246 1325 1326
f 1246 1326 1327
f 1246 1327 1328
f 1246 1328 1247
f 1247 1328 1248
f 1248 1329 1330
f 1248 1330 1331
f 1248 1331 1249
f 1248 1328 1329
f 1249 1331 1251
f 1249 1251 1250
f 1251 1332 1252
f 1251 1331 1332
f 1252 1332 1333
f 1252 1333 1253
f 1253 1333 1334
f 1253 1334 1335
f 1253 1335 1336
f 1253 1336 1254
f 1254 1336 1256
f 1254 1256 1255
f 1256 1336 1335
f 1256 1335 1337
f 1256 1337 1338
f 1256 1338 1339
f 1256 1339 1257
f 1257 1339 1258
f 1258 1339 1340
f 1258 1340 1341
f 1258 1341 1342
f 1258 1342 1259
f 1259 1342 1343
f 1259 1343 1344
f 1259 1344 1262
f 1262 1344 1263
f 1263 1344 1345
f 1263 1345 1346
f 1263 1346 1347
f 1263 1347 1348
f 1263 1348 1264
f 1264 1348 1268
f 1264 1268 1267
f 1264 1267 1265
f 1268 1348 1349
f 1268 1349 1350
f 1268 1350 1351
f 1268 1351 1352
f 1268 1352 1353
f 1268 1353 1269
f 1272 1354 1273
f 1273 1354 1355
f 1273 1355 1356
f 1273 1356 1357
f 1273 1357 1275
f 1274 1275 1358
f 1274 1358 1359
f 1274 1359 1276
f 1275 1357 1360
f 1275 1360 1361
f 1275 1361 1358
f 1276 1359 1277
f 1277 1359 1362
f 1277 1362 1278
f 1278 1362 1363
f 1278 1363 1283
f 1279 1280 1364
f 1279 1364 1286
f 1280 1281 1365
f 1280 1365 1366
f 1280 1366 1364
f 1281 1366 1365
f 1281 1282 1367
f 1281 1367 1368
f 1281 1368 1369
f 1281 1369 1366
f 1282 1284 1367
f 1283 1363 1370
f 1283 1370 1371
f 1283 1371 1284
f 1284 1371 1367
f 1286 1364 1372
f 1286 1372 1287
f 1287 1372 1323
f 1289 1373 1374
f 1289 1374 1290
f 1290 1374 1375
f 1290 1375 1291
f 1291 1375 1376
f 1291 1376 1292
f 1292 1376 1377
f 1292 1377 1293
f 1293 1377 1378
f 1293 1378 1294
f 1294 1378 1379
f 1294 1379 1295
f 1295 1379 1296
f 1296 1379 1380
f 1296 1380 1297
f 1297 1380 1381
f 1297 1381 1382
f 1297 1382 1298
f 1298 1383 1299
f 1298 1382 1383
f 1299 1383 1300
f 1300 1384 1385
f 1300 1385 1301
f 1300 1383 1384
f 1301 1385 1308
f 1303 1386 1387
f 1303 1387 1388
f 1303 1388 1304
f 1303 1313 1386
f 1304 1388 1389
f 1304 1389 1305
f 1305 1390 1306
f 1305 1389 1391
f 1305 1391 1390
f 1306 1390 1307
f 1307 1390 1392
f 1307 1392 1314
f 1308 1385 1393
f 1308 1393 1394
f 1308 1394 1309
f 1309 1394 1310
f 1310 1394 1395
f 1310 1395 1396
f 1310 1396 1311
f 1311 1396 1312
f 1312 1396 1397
f 1312 1397 1313
f 1313 1397 1398
f 1313 1398 1386
f 1314 1392 1399
f 1314 1399 1315
f 1315 1399 1316
f 1316 1318 1317
f 1316 1399 1400
f 1316 1400 1318
f 1318 1400 1401
f 1318 1401 1402
f 1318 1402 1319
f 1319 1402 1403
f 1319 1403 1404
f 1319 1404 1405
f 1319 1405 1320
f 1320 1405 1406
f 1320 1406 1321
f 1321 1407 1322
f 1321 1406 1407
f 1323 1372 1325
f 1325 1408 1326
f 1325 1372 1408
f 1326 1408 1409
f 1326 1409 1410
f 1326 1410 1411
f 1326 1411 1327
f 1327 1411 1328
f 1328 1411 1412
f 1328 1412 1413
f 1328 1413 1329
f 1329 1413 1330
f 1330 1332 1331
f 1330 1413 1414
f 1330 1414 1415
f 1330 1415 1332
f 1332 1415 1416
f 1332 1416 1333
f 1333 1417 1334
f 1333 1416 1417
f 1334 1417 1418
f 1334 1418 1335
f 1335 1419 1420
f 1335 1420 1337
f 1335 1418 1419
f 1337 1420 1338
f 1338 1421 1422
f 1338 1422 1340
f 1338 1340 1339
f 1338 1420 1421
f 1340 1422 1341
f 1341 1343 1342
f 1341 1422 1423
f 1341 1423 1424
f 1341 1424 1343
f 1343 1424 1425
f 1343 1425 1345
f 1343 1345 1344
f 1345 1425 1346
f 1346 1426 1347
f 1346 1425 1427
f 1346 1427 1428
f 1346 1428 1429
f 1346 1429 1430
f 1346 1430 1431
f 1346 1431 1432
f 1346 1432 1426
f 1347 1426 1348
f 1348 1426 1349
f 1349 1426 1350
f 1350 1432 1431
f 1350 1431 1433
f 1350 1433 1434
f 1350 1434 1435
f 1350 1435 1351
f 1350 1426 1432
f 1354 1436 1437
f 1354 1437 1355
f 1355 1437 1356
f 1356 1360 1357
f 1356 1437 1438
f 1356 1438 1360
f 1358 1361 1359
f 1359 1361 1439
f 1359 1439 1442
f 1359 1442 1362
f 1360 1440 1361
f 1360 1438 1441
f 1360 1441 1440
f 1361 1440 1519
f 1361 1519 1439
f 1362 1442 1443
f 1362 1443 1363
f 1363 1443 1444
f 1363 1444 1370
f 1364 1366 1372
f 1366 1369 1409
f 1366 1409 1408
f 1366 1408 1372
f 1367 1371 1445
f 1367 1445 1446
f 1367 1446 1368
f 1368 1446 1447
f 1368 1447 1369
f 1369 1447 1409
f 1370 1444 1448
f 1370 1448 1371
f 1371 1448 1445
f 1373 1449 1374
f 1374 1449 1450
f 1374 1450 1375
f 1375 1450 1451
f 1375 1451 1376
f 1376 1451 1452
f 1376 1452 1377
f 1377 1452 1453
f 1377 1453 1454
f 1377 1454 1378
f 1378 1454 1455
f 1378 1455 1379
f 1379 1455 1380
f 1380 1455 1456
f 1380 1456 1381
f 1381 1456 1457
f 1381 1457 1458
f 1381 1458 1382
f 1382 1458 1459
f 1382 1459 1383
f 1383 1459 1384
f 1384 1460 1461
f 1384 1461 1385
f 1384 1459 1460
f 1385 1461 1393
f 1386 1398 1462
f 1386 1462 1387
f 1387 1463 1464
f 1387 1464 1465
f 1387 1465 1388
f 1387 1462 1463
f 1388 1465 1389
f 1389 1465 1466
f 1389 1466 1467
f 1389 1467 1391
f 1390 1391 1468
f 1390 1468 1392
f 1391 1467 1468
f 1392 1468 1399
f 1393 1469 1470
f 1393 1470 1394
f 1393 1461 1469
f 1394 1470 1395
f 1395 1470 1471
f 1395 1471 1472
f 1395 1472 1473
f 1395 1473 1396
f 1396 1473 1397
f 1397 1472 1474
f 1397 1474 1475
f 1397 1475 1476
f 1397 1476 1477
f 1397 1477 1462
f 1397 1462 1398
f 1397 1473 1472
f 1399 1468 1478
f 1399 1478 1400
f 1400 1478 1479
f 1400 1479 1480
f 1400 1480 1401
f 1401 1480 1481
f 1401 1481 1402
f 1402 1481 1482
f 1402 1482 1404
f 1402 1404 1403
f 1404 1483 1405
f 1404 1482 1484
f 1404 1484 1483
f 1405 1485 1406
f 1405 1483 1486
f 1405 1486 1485
f 1406 1487 1407
f 1406 1485 1488
f 1406 1488 1487
f 1409 1447 1410
f 1410 1447 1489
f 1410 1489 1490
f 1410 1490 1411
f 1411 1490 1412
f 1412 1490 1491
f 1412 1491 1413
f 1413 1491 1492
f 1413 1492 1493
f 1413 1493 1414
f 1414 1493 1415
f 1415 1493 1494
f 1415 1494 1495
f 1415 1495 1496
f 1415 1496 1497
f 1415 1497 1417
f 1415 1417 1416
f 1417 1497 1418
f 1418 1497 1498
f 1418 1498 1419
f 1419 1499 1420
f 1419 1498 1499
f 1420 1499 1500
f 1420 1500 1501
f 1420 1501 1421
f 1421 1501 1502
f 1421 1502 1422
f 1422 1502 1423
f 1423 1502 1503
f 1423 1503 1504
f 1423 1504 1424
f 1424 1504 1427
f 1424 1427 1425
f 1427 1504 1505
f 1427 1505 1506
f 1427 1506 1428
f 1428 1506 1429
f 1429 1507 1508
f 1429 1508 1509
f 1429 1509 1430
f 1429 1506 1507
f 1430 1509 1431
f 1431 1509 1510
f 1431 1510 1511
f 1431 1511 1433
f 1433 1511 1512
f 1433 1512 1434
f 1436 1513 1437
f 1437 1513 1514
f 1437 1514 1515
f 1437 1515 1516
f 1437 1516 1517
f 1437 1517 1438
f 1438 1517 1518
f 1438 1518 1441
f 1439 1519 1520
f 1439 1520 1442
f 1440 1441 1521
f 1440 1521 1519
f 1441 1518 1522
f 1441 1522 1521
f 1442 1520 1443
f 1443 1520 1523
f 1443 1523 1524
f 1443 1524 1444
f 1444 1524 1448
f 1445 1448 1525
f 1445 1525 1526
f 1445 1526 1527
f 1445 1527 1446
f 1446 1528 1489
f 1446 1489 1447
f 1446 1527 1528
f 1448 1524 1525
f 1449 1529 1450
f 1450 1529 1530
f 1450 1530 1531
f 1450 1531 1451
f 1451 1531 1532
f 1451 1532 1533
f 1451 1533 1534
f 1451 1534 1452
f 1452 1534 1533
f 1452 1533 1453
f 1453 1533 1535
f 1453 1535 1454
f 1454 1535 1536
f 1454 1536 1455
f 1455 1536 1456
f 1456 1536 1537
f 1456 1537 1457
f 1457 1537 1538
f 1457 1538 1539
f 1457 1539 1540
f 1457 1540 1458
f 1458 1540 1541
f 1458 1541 1459
f 1459 1541 1460
f 1460 1541 1542
f 1460 1542 1543
f 1460 1543 1461
f 1461 1543 1469
f 1462 1477 1544
f 1462 1544 1463
f 1463 1544 1545
f 1463 1545 1546
f 1463 1546 1464
f 1464 1546 1547
f 1464 1547 1548
f 1464 1548 1465
f 1465 1548 1466
f 1466 1548 1467
f 1467 1548 1549
f 1467 1549 1550
f 1467 1550 1551
f 1467 1551 1468
f 1468 1551 1478
f 1469 1543 1552
f 1469 1552 1553
f 1469 1553 1470
f 1470 1553 1471
f 1471 1553 1554
f 1471 1554 1555
f 1471 1555 1472
f 1472 1555 1556
f 1472 1556 1474
f 1474 1556 1475
f 1475 1556 1557
f 1475 1557 1558
f 1475 1558 1476
f 1476 1558 1477
f 1477 1558 1544
f 1478 1551 1479
f 1479 1551 1559
f 1479 1559 1560
f 1479 1560 1480
f 1480 1560 1561
f 1480 1561 1562
f 1480 1562 1481
f 1481 1562 1482
f 1482 1562 1563
f 1482 1563 1484
f 1483 1484 1486
f 1484 1564 1486
f 1484 1563 1565
f 1484 1565 1566
f 1484 1566 1564
f 1485 1486 1488
f 1486 1564 1646
f 1486 1646 1567
f 1486 1567 1568
f 1486 1568 1569
f 1486 1569 1488
f 1489 1528 1570
f 1489 1570 1571
f 1489 1571 1490
f 1490 1571 1491
f 1491 1572 1492
f 1491 1571 1572
f 1492 1572 1573
f 1492 1573 1574
f 1492 1574 1493
f 1493 1574 1575
f 1493 1575 1576
f 1493 1576 1494
f 1494 1576 1495
f 1495 1576 1496
f 1496 1577 1578
f 1496 1578 1579
f 1496 1579 1580
f 1496 1580 1498
f 1496 1498 1497
f 1496 1576 1577
f 1498 1580 1499
f 1499 1580 1581
f 1499 1581 1500
f 1500 1581 1582
f 1500 1582 1583
f 1500 1583 1584
f 1500 1584 1501
f 1501 1584 1585
f 1501 1585 1502
f 1502 1585 1503
f 1503 1586 1587
f 1503 1587 1588
f 1503 1588 1589
f 1503 1589 1504
f 1503 1585 1586
f 1504 1589 1590
f 1504 1590 1505
f 1505 1590 1591
f 1505 1591 1506
f 1506 1591 1507
f 1507 1591 1592
f 1507 1592 1593
f 1507 1593 1508
f 1508 1593 1594
f 1508 1594 1595
f 1508 1595 1509
f 1509 1595 1510
f 1510 1595 1596
f 1510 1596 1511
f 1511 1596 1512
f 1512 1596 1597
f 1515 1598 1599
f 1515 1599 1516
f 1516 1599 1600
f 1516 1600 1517
f 1517 1600 1601
f 1517 1601 1518
f 1518 1601 1522
f 1519 1602 1520
f 1519 1521 1602
f 1520 1602 1603
f 1520 1603 1523
f 1521 1522 1604
f 1521 1604 1605
f 1521 1605 1602
f 1522 1601 1606
f 1522 1606 1604
f 1523 1603 1607
f 1523 1607 1524
f 1524 1607 1525
f 1525 1607 1608
f 1525 1608 1609
f 1525 1609 1526
f 1526 1609 1610
f 1526 1610 1527
f 1527 1570 1528
f 1527 1610 1570
f 1530 1611 1532
f 1530 1532 1531
f 1532 1611 1612
f 1532 1612 1613
f 1532 1613 1533
f 1533 1613 1614
f 1533 1614 1535
f 1535 1614 1615
f 1535 1615 1536
f 1536 1615 1537
f 1537 1615 1538
f 1538 1616 1617
f 1538 1617 1618
f 1538 1618 1619
f 1538 1619 1620
f 1538 1620 1539
f 1538 1615 1614
f 1538 1614 1621
f 1538 1621 1616
f 1539 1620 1540
f 1540 1620 1622
f 1540 1622 1541
f 1541 1622 1542
f 1542 1622 1623
f 1542 1623 1624
f 1542 1624 1543
f 1543 1624 1552
f 1544 1558 1545
f 1545 1558 1625
f 1545 1625 1626
f 1545 1626 1627
f 1545 1627 1546
f 1546 1627 1628
f 1546 1628 1547
f 1547 1628 1629
f 1547 1629 1548
f 1548 1629 1630
f 1548 1630 1631
f 1548 1631 1549
f 1549 1631 1550
f 1550 1559 1551
f 1550 1631 1632
f 1550 1632 1559
f 1552 1624 1633
f 1552 1633 1634
f 1552 1634 1553
f 1553 1634 1554
f 1554 1634 1635
f 1554 1635 1555
f 1555 1635 1636
f 1555 1636 1556
f 1556 1637 1557
f 1556 1636 1637
f 1557 1637 1638
f 1557 1638 1639
f 1557 1639 1558
f 1558 1639 1640
f 1558 1640 1625
f 1559 1632 1641
f 1559 1641 1560
f 1560 1641 1642
f 1560 1642 1561
f 1561 1642 1562
f 1562 1642 1643
f 1562 1643 1644
f 1562 1644 1563
f 1563 1644 1645
f 1563 1645 1565
f 1564 1566 1648
f 1564 1648 1646
f 1565 1645 1647
f 1565 1647 1566
f 1566 1647 1648
f 1570 1573 1572
f 1570 1572 1571
f 1570 1610 1649
f 1570 1649 1573
f 1573 1649 1650
f 1573 1650 1574
f 1574 1650 1575
f 1575 1651 1577
f 1575 1577 1576
f 1575 1650 1651
f 1577 1652 1653
f 1577 1653 1579
f 1577 1579 1578
f 1577 1651 1652
f 1579 1653 1654
f 1579 1654 1580
f 1580 1654 1581
f 1581 1654 1582
f 1582 1654 1655
f 1582 1655 1656
f 1582 1656 1583
f 1583 1656 1657
f 1583 1657 1658
f 1583 1658 1584
f 1584 1658 1586
f 1584 1586 1585
f 1586 1658 1659
f 1586 1659 1660
f 1586 1660 1587
f 1587 1660 1588
f 1588 1660 1661
f 1588 1661 1662
f 1588 1662 1590
f 1588 1590 1589
f 1590 1662 1591
f 1591 1662 1663
f 1591 1663 1664
f 1591 1664 1665
f 1591 1665 1666
f 1591 1666 1592
f 1592 1666 1667
f 1592 1667 1593
f 1593 1667 1594
f 1594 1668 1595
f 1594 1667 1669
f 1594 1669 1670
f 1594 1670 1671
f 1594 1671 1668
f 1595 1668 1596
f 1596 1668 1672
f 1596 1672 1673
f 1596 1673 1597
f 1598 1674 1675
f 1598 1675 1599
f 1599 1676 1600
f 1599 1675 1676
f 1600 1676 1677
f 1600 1677 1601
f 1601 1677 1681
f 1601 1681 1606
f 1602 1605 1603
f 1603 1605 1678
f 1603 1678 1607
f 1604 1679 1678
f 1604 1678 1605
f 1604 1606 1680
f 1604 1680 1679
f 1606 1681 1682
f 1606 1682 1680
f 1607 1678 1683
f 1607 1683 1684
f 1607 1684 1608
f 1608 1684 1609
f 1609 1684 1685
f 1609 1685 1610
f 1610 1685 1686
f 1610 1686 1687
f 1610 1687 1649
f 1612 1688 1689
f 1612 1689 1613
f 1613 1689 1621
f 1613 1621 1614
f 1616 1621 1690
f 1616 1690 1617
f 1617 1690 1691
f 1617 1691 1692
f 1617 1692 1693
f 1617 1693 1694
f 1617 1694 1695
f 1617 1695 1696
f 1617 1696 1618
f 1618 1696 1619
f 1619 1696 1620
f 1620 1696 1697
f 1620 1697 1698
f 1620 1698 1622
f 1621 1689 1690
f 1622 1698 1623
f 1623 1699 1624
f 1623 1698 1700
f 1623 1700 1699
f 1624 1699 1633
f 1625 1640 1701
f 1625 1701 1626
f 1626 1701 1702
f 1626 1702 1703
f 1626 1703 1704
f 1626 1704 1627
f 1627 1704 1628
f 1628 1704 1705
f 1628 1705 1706
f 1628 1706 1629
f 1629 1706 1707
f 1629 1707 1708
f 1629 1708 1709
f 1629 1709 1630
f 1630 1709 1631
f 1631 1709 1710
f 1631 1710 1632
f 1632 1710 1711
f 1632 1711 1641
f 1633 1712 1713
f 1633 1713 1634
f 1633 1699 1712
f 1634 1713 1714
f 1634 1714 1635
f 1635 1714 1715
f 1635 1715 1636
f 1636 1715 1637
f 1637 1715 1716
f 1637 1716 1638
f 1638 1717 1718
f 1638 1718 1639
f 1638 1716 1717
f 1639 1718 1640
f 1640 1718 1701
f 1641 1711 1719
f 1641 1719 1642
f 1642 1719 1720
f 1642 1720 1643
f 1643 1720 1721
f 1643 1721 1644
f 1644 1721 1722
f 1644 1722 1723
f 1644 1723 1645
f 1645 1723 1724
f 1645 1724 1647
f 1647 1724 1725
f 1647 1725 1726
f 1647 1726 1727
f 1647 1727 1648
f 1649 1687 1728
f 1649 1728 1650
f 1650 1728 1651
f 1651 1728 1729
f 1651 1729 1652
f 1652 1730 1653
f 1652 1729 1730
f 1653 1730 1731
f 1653 1731 1732
f 1653 1732 1654
f 1654 1732 1655
f 1655 1733 1656
f 1655 1732 1733
f 1656 1734 1657
f 1656 1733 1735
f 1656 1735 1734
f 1657 1736 1658
f 1657 1734 1737
f 1657 1737 1718
f 1657 1718 1736
f 1658 1736 1659
f 1659 1717 1738
f 1659 1738 1660
f 1659 1736 1717
f 1660 1738 1661
f 1661 1738 1739
f 1661 1739 1663
f 1661 1663 1662
f 1663 1739 1714
f 1663 1714 1740
f 1663 1740 1664
f 1664 1740 1665
f 1665 1712 1741
f 1665 1741 1742
f 1665 1742 1666
f 1665 1740 1712
f 1666 1742 1667
f 1667 1742 1743
f 1667 1743 1669
f 1668 1671 1744
f 1668 1744 1745
f 1668 1745 1746
f 1668 1746 1672
f 1669 1743 1747
f 1669 1747 1670
f 1670 1747 1748
f 1670 1748 1744
f 1670 1744 1671
f 1672 1746 1749
f 1672 1749 1750
f 1672 1750 1673
f 1674 1751 1675
f 1675 1751 1752
f 1675 1752 1797
f 1675 1797 1753
f 1675 1753 1676
f 1676 1753 1677
f 1677 1753 1754
f 1677 1754 1755
f 1677 1755 1681
f 1678 1679 1756
f 1678 1756 1683
f 1679 1680 1757
f 1679 1757 1756
f 1680 1682 1758
f 1680 1758 1757
f 1681 1755 1682
f 1682 1755 1759
f 1682 1759 1758
f 1683 1756 1760
f 1683 1760 1684
f 1684 1760 1761
f 1684 1761 1685
f 1685 1761 1686
f 1686 1761 1762
f 1686 1762 1763
f 1686 1763 1764
f 1686 1764 1687
f 1687 1764 1765
f 1687 1765 1729
f 1687 1729 1728
f 1688 1766 1690
f 1688 1690 1689
f 1690 1766 1767
f 1690 1767 1692
f 1690 1692 1691
f 1692 1768 1769
f 1692 1769 1693
f 1692 1767 1768
f 1693 1769 1694
f 1694 1769 1770
f 1694 1770 1744
f 1694 1744 1748
f 1694 1748 1695
f 1695 1748 1696
f 1696 1748 1747
f 1696 1747 1697
f 1697 1747 1743
f 1697 1743 1700
f 1697 1700 1698
f 1699 1700 1741
f 1699 1741 1712
f 1700 1743 1741
f 1701 1718 1737
f 1701 1737 1702
f 1702 1734 1771
f 1702 1771 1703
f 1702 1737 1734
f 1703 1705 1704
f 1703 1771 1772
f 1703 1772 1705
f 1705 1707 1706
f 1705 1772 1773
f 1705 1773 1774
f 1705 1774 1707
f 1707 1774 1775
f 1707 1775 1776
f 1707 1776 1708
f 1708 1776 1709
f 1709 1776 1777
f 1709 1777 1710
f 1710 1777 1778
f 1710 1778 1711
f 1711 1778 1719
f 1712 1740 1713
f 1713 1740 1714
f 1714 1739 1715
f 1715 1739 1716
f 1716 1739 1738
f 1716 1738 1717
f 1717 1736 1718
f 1719 1778 1779
f 1719 1779 1780
f 1719 1780 1720
f 1720 1780 1781
f 1720 1781 1721
f 1721 1781 1722
f 1722 1782 1723
f 1722 1781 1783
f 1722 1783 1784
f 1722 1784 1785
f 1722 1785 1782
f 1723 1782 1724
f 1724 1782 1786
f 1724 1786 1725
f 1725 1786 1787
f 1725 1787 1788
f 1725 1788 1789
f 1725 1789 1726
f 1729 1765 1730
f 1730 1765 1790
f 1730 1790 1731
f 1731 1790 1791
f 1731 1791 1735
f 1731 1735 1732
f 1732 1735 1733
f 1734 1735 1771
f 1735 1791 1771
f 1741 1743 1742
f 1744 1792 1745
f 1744 1770 1792
f 1745 1792 1746
f 1746 1792 1749
f 1749 1792 1793
f 1751 1794 1752
f 1752 1794 1795
f 1752 1795 1796
f 1752 1796 1788
f 1752 1788 1787
f 1752 1787 1797
f 1753 1797 1798
f 1753 1798 1754
f 1754 1798 1755
f 1755 1798 1784
f 1755 1784 1799
f 1755 1799 1759
f 1756 1757 1800
f 1756 1800 1760
f 1757 1758 1800
f 1758 1801 1800
f 1758 1759 1799
f 1758 1799 1802
f 1758 1802 1803
f 1758 1803 1804
f 1758 1804 1801
f 1760 1800 1805
f 1760 1805 1761
f 1761 1805 1806
f 1761 1806 1762
f 1762 1806 1763
f 1763 1806 1807
f 1763 1807 1808
f 1763 1808 1809
f 1763 1809 1764
f 1764 1809 1765
f 1765 1809 1790
f 1768 1810 1769
f 1769 1810 1770
f 1770 1810 1811
f 1770 1811 1792
f 1771 1791 1772
f 1772 1791 1773
f 1773 1791 1790
f 1773 1790 1808
f 1773 1808 1774
f 1774 1808 1775
f 1775 1808 1807
f 1775 1807 1812
f 1775 1812 1813
f 1775 1813 1814
f 1775 1814 1776
f 1776 1814 1777
f 1777 1814 1778
f 1778 1814 1815
f 1778 1815 1816
f 1778 1816 1817
f 1778 1817 1779
f 1779 1817 1780
f 1780 1817 1818
f 1780 1818 1781
f 1781 1818 1783
f 1782 1785 1787
f 1782 1787 1786
f 1783 1818 1799
f 1783 1799 1784
f 1784 1798 1785
f 1785 1798 1787
f 1787 1798 1797
f 1788 1796 1789
f 1790 1809 1808
f 1792 1811 1793
f 1799 1819 1802
f 1799 1818 1817
f 1799 1817 1819
f 1800 1801 1820
f 1800 1820 1805
f 1801 1804 1820
f 1802 1819 1803
f 1803 1815 1804
f 1803 1819 1817
f 1803 1817 1816
f 1803 1816 1815
f 1804 1815 1812
f 1804 1812 1820
f 1805 1820 1806
f 1806 1812 1807
f 1806 1820 1812
f 1812 1815 1813
f 1813 1815 1814
