v -0.52906007 0.40999618 0.85811144
v -0.53298545 0.40999618 0.85567361
v -0.52906007 0.38999435 0.85691845
v -0.52906007 0.42999798 0.85722971
v -0.54885393 0.40999618 0.84566283
v -0.54789352 0.38999435 0.84509230
v -0.53206676 0.38999435 0.85505116
v -0.53231728 0.42999798 0.85520679
v -0.52906007 0.37160188 0.85520679
v -0.52906007 0.43306342 0.85671097
v -0.55883443 0.40999618 0.83917922
v -0.55791569 0.38999435 0.83860868
v -0.54814404 0.42999798 0.84519601
v -0.54647368 0.36999252 0.84410679
v -0.52906007 0.36830655 0.85484374
v -0.52906007 0.44854373 0.84784138
v -0.54476154 0.44394562 0.84301758
v -0.58109206 0.44111010 0.82076573
v -0.57002592 0.40999618 0.83160633
v -0.55812448 0.42999798 0.83871239
v -0.57002592 0.38999435 0.83036149
v -0.57002592 0.36999252 0.82844234
v -0.55645412 0.36999252 0.83762318
v -0.55461675 0.34999073 0.83643019
v -0.54459453 0.34999073 0.84291381
v -0.52906007 0.36286545 0.85422122
v -0.52906007 0.45107269 0.84519601
v -0.53402942 0.45728016 0.83544469
v -0.55094194 0.45153251 0.83041334
v -0.57002592 0.44517177 0.82455218
v -0.60339153 0.44317928 0.80250782
v -0.61604452 0.42999798 0.79685408
v -0.60602236 0.42999798 0.80458260
v -0.59265935 0.42999798 0.81459332
v -0.58267891 0.42999798 0.82185495
v -0.57002592 0.42999798 0.83062083
v -0.58338881 0.40999618 0.82237363
v -0.58247012 0.38999435 0.82175124
v -0.58109206 0.36999252 0.82076573
v -0.58021516 0.35888040 0.82009143
v -0.57140392 0.35129350 0.82522643
v -0.56735331 0.32998890 0.82501900
v -0.55244523 0.32998890 0.83502972
v -0.54246479 0.32998890 0.84151334
v -0.52906007 0.34999073 0.85266519
v -0.52906007 0.45835307 0.83726007
v -0.55712229 0.45911941 0.81744611
v -0.57002592 0.45521101 0.81308907
v -0.58727247 0.44885027 0.80795407
v -0.62506455 0.44455871 0.78404242
v -0.65959942 0.43758488 0.75961208
v -0.59345281 0.45651382 0.79451996
v -0.62848878 0.42999798 0.78684330
v -0.61671269 0.40999618 0.79737276
v -0.60673225 0.40999618 0.80510128
v -0.59336931 0.40999618 0.81511199
v -0.59245062 0.38999435 0.81443769
v -0.59111428 0.36999252 0.81345218
v -0.58814937 0.35129350 0.81329656
v -0.57896233 0.34554586 0.81920964
v -0.57737553 0.32998890 0.81806850
v -0.56501478 0.30998707 0.82341105
v -0.54851985 0.31006372 0.83435541
v -0.54087794 0.31680763 0.84052783
v -0.53002053 0.32998890 0.84929371
v -0.52906007 0.33167487 0.85012364
v -0.52906007 0.46118855 0.82896101
v -0.54380107 0.46072876 0.82211429
v -0.58008987 0.45996240 0.80001807
v -0.63066030 0.45160916 0.77040082
v -0.64623648 0.44532505 0.76526582
v -0.68027025 0.44026712 0.74021304
v -0.61500061 0.45789325 0.77553588
v -0.68127251 0.42999798 0.74114668
v -0.66072690 0.42425033 0.76059759
v -0.63846928 0.42999798 0.77869987
v -0.63913739 0.40999618 0.77921855
v -0.62911522 0.40999618 0.78736204
v -0.62836355 0.38999435 0.78673959
v -0.61587751 0.38999435 0.79675031
v -0.60589707 0.38999435 0.80442697
v -0.60460252 0.36999252 0.80344141
v -0.60297394 0.34999073 0.80219656
v -0.59002852 0.32998890 0.80888772
v -0.59111428 0.31190294 0.80515313
v -0.57503700 0.30998707 0.81646061
v -0.56234217 0.28998524 0.82159561
v -0.55002320 0.28998524 0.82973909
v -0.53908229 0.30347306 0.83938670
v -0.53144038 0.31006372 0.84524792
v -0.52906007 0.31320575 0.84721893
v -0.52906007 0.32998890 0.84986424
v -0.52906007 0.46164837 0.82180309
v -0.55027378 0.46157175 0.81044376
v -0.57002592 0.46072876 0.80313021
v -0.63625604 0.45865959 0.75649995
v -0.60167938 0.46042222 0.78118962
v -0.67003924 0.44463533 0.74488127
v -0.65174872 0.45229888 0.75136489
v -0.68816274 0.44425216 0.72833502
v -0.70060700 0.44072694 0.72055465
v -0.70177627 0.42999798 0.72169578
v -0.69192106 0.40999618 0.73227704
v -0.68189889 0.40999618 0.74171722
v -0.67083269 0.40999618 0.75172794
v -0.66085219 0.40999618 0.76070130
v -0.65003657 0.40999618 0.76993400
v -0.66043460 0.39566538 0.76033825
v -0.63834399 0.38999435 0.77859616
v -0.63713294 0.36999252 0.77761066
v -0.62715250 0.36999252 0.78570223
v -0.61458302 0.36999252 0.79571295
v -0.61295438 0.34999073 0.79446810
v -0.61107522 0.32998890 0.79306763
v -0.60105300 0.32998890 0.80074424
v -0.60005081 0.31987303 0.79996622
v -0.59846389 0.30653846 0.79882509
v -0.58635378 0.28998524 0.80458260
v -0.57236439 0.28998524 0.81459332
v -0.56063008 0.27803016 0.82040262
v -0.53707784 0.28998524 0.83814186
v -0.55110896 0.27082640 0.82512271
v -0.53390414 0.26998341 0.83611894
v -0.52906007 0.28998524 0.84312129
v -0.52906007 0.29895157 0.84472919
v -0.52906007 0.31006372 0.84670025
v -0.52906007 0.46226147 0.80997694
v -0.53002053 0.46233809 0.80997694
v -0.57002592 0.46195492 0.78995550
v -0.60902900 0.46126521 0.76931161
v -0.58806586 0.46088204 0.78871059
v -0.65726089 0.45919606 0.73730838
v -0.62293482 0.46065211 0.76220554
v -0.67074913 0.45536429 0.73035789
v -0.69108588 0.45590073 0.71075141
v -0.70837420 0.44471198 0.70836544
v -0.72069317 0.44088021 0.70063692
v -0.71179849 0.42999798 0.71178877
v -0.70240265 0.40999618 0.72231817
v -0.69125295 0.38999435 0.73170650
v -0.68127251 0.38999435 0.74109483
v -0.65187395 0.38938126 0.76708120
v -0.65980822 0.38233081 0.75976765
v -0.64903438 0.36999252 0.76759994
v -0.64761454 0.34999073 0.76635504
v -0.63562965 0.34999073 0.77636576
v -0.62560743 0.34999073 0.78445733
v -0.62385356 0.32998890 0.78305686
v -0.62180734 0.30998707 0.78139710
v -0.60802680 0.31190294 0.79244518
v -0.62047106 0.29810858 0.78035969
v -0.61128402 0.29082823 0.78601342
v -0.59637594 0.28998524 0.79726899
v -0.58355588 0.26998341 0.80255967
v -0.56839728 0.27082640 0.81340027
v -0.55850035 0.26469558 0.81895030
v -0.52906007 0.26998341 0.83917922
v -0.54597259 0.24998161 0.82387787
v -0.52906007 0.25021154 0.83477038
v -0.90994602 0.46164837 0.32826883
v -0.52906007 0.46080539 0.79571295
v -0.89867103 0.46034557 0.32826883
v -0.90998781 0.46172503 0.33003238
v -0.88998508 0.46195492 0.39004490
v -0.84997976 0.46218482 0.47002703
v -0.80997443 0.46226147 0.53003955
v -0.59002852 0.46203154 0.76998591
v -0.65037066 0.46149510 0.73035789
v -0.62978333 0.46141848 0.74991256
v -0.64389795 0.46080539 0.74316955
v -0.67793173 0.45942596 0.71796119
v -0.69847727 0.45957923 0.69845843
v -0.71104681 0.45605400 0.69109303
v -0.72841865 0.44448206 0.68813646
v -0.74032003 0.44034377 0.68030423
v -0.72182071 0.42999798 0.70177805
v -0.71242487 0.40999618 0.71235931
v -0.70177627 0.38999435 0.72169578
v -0.70077401 0.36999252 0.72071028
v -0.68056256 0.37558690 0.74047238
v -0.67183489 0.36937946 0.74757844
v -0.65901482 0.36999252 0.75909340
v -0.65759498 0.34999073 0.75784850
v -0.64590240 0.32998890 0.76495457
v -0.63387573 0.32998890 0.77491343
v -0.63182956 0.30998707 0.77325362
v -0.64164299 0.28998524 0.76132375
v -0.62828004 0.29082823 0.77247560
v -0.61880064 0.28477407 0.77901113
v -0.60677397 0.26998341 0.78518355
v -0.59353632 0.26998341 0.79519427
v -0.58138442 0.25580591 0.80095172
v -0.57152921 0.24944517 0.80639797
v -0.55595303 0.24998161 0.81723863
v -0.54229772 0.22997978 0.82149190
v -0.52906007 0.22997978 0.82989466
v -0.92552221 0.46126521 0.32826883
v -0.52906007 0.45835307 0.78575408
v -0.89040267 0.45766336 0.32826883
v -0.90998781 0.46180165 0.35000199
v -0.89044446 0.46134183 0.40980703
v -0.82997710 0.46218482 0.51001811
v -0.87052530 0.46141848 0.45000556
v -0.85014683 0.46149510 0.48952979
v -0.78997177 0.46195492 0.57003057
v -0.71104681 0.46157175 0.67096782
v -0.69108588 0.46157175 0.69109303
v -0.70507526 0.46095866 0.68512809
v -0.66456878 0.46088204 0.72397804
v -0.71839643 0.45957923 0.67828137
v -0.68515611 0.46088204 0.70463085
v -0.73054838 0.45551756 0.67096782
v -0.74487180 0.44471198 0.66998231
v -0.76520854 0.44540170 0.64612252
v -0.78395844 0.44448206 0.62490809
v -0.75952929 0.43735498 0.65945292
v -0.74123871 0.42999798 0.68128979
v -0.73180115 0.42999798 0.69130051
v -0.73234403 0.40999618 0.69192290
v -0.72236353 0.40999618 0.70234859
v -0.71175671 0.38999435 0.71168506
v -0.71079624 0.36999252 0.71069956
v -0.70014763 0.35911033 0.72008783
v -0.67972738 0.36225235 0.73969436
v -0.66882825 0.34999073 0.74788964
v -0.66719961 0.32998890 0.74638546
v -0.65588284 0.32998890 0.75639617
v -0.65392017 0.30998707 0.75468451
v -0.64389795 0.30998707 0.76324290
v -0.65162343 0.28998524 0.75271350
v -0.64030665 0.27894977 0.76018262
v -0.63107789 0.27136287 0.76604384
v -0.61675447 0.26998341 0.77740318
v -0.60372555 0.24998161 0.78284943
v -0.58885932 0.24944517 0.79389751
v -0.57917118 0.24247135 0.79939568
v -0.56693572 0.22997978 0.80479002
v -0.55232000 0.22997978 0.81480074
v -0.54029334 0.21932748 0.82014328
v -0.52906007 0.21350320 0.82569325
v -0.92502111 0.46126521 0.33003238
v -0.92664969 0.46103531 0.32826883
v -0.52906007 0.45214561 0.76993400
v -0.86806154 0.44685775 0.32826883
v -0.88873231 0.45697361 0.32826883
v -0.90330631 0.46103531 0.39004490
v -0.88405532 0.46111193 0.43003595
v -0.82935071 0.46118855 0.52848345
v -0.81055903 0.46164837 0.55037224
v -0.86405265 0.46111193 0.47002703
v -0.84300596 0.46088204 0.51001811
v -0.74996638 0.46141848 0.62973189
v -0.73054838 0.46149510 0.65042764
v -0.72420096 0.46088204 0.66495103
v -0.73756391 0.45919606 0.65737814
v -0.74328494 0.46080539 0.64399588
v -0.76211834 0.46065211 0.62288517
v -0.75660610 0.45873624 0.63621557
v -0.77034491 0.45160916 0.63056183
v -0.80254126 0.44317928 0.60327870
v -0.77543956 0.45781660 0.61479360
v -0.79439825 0.45651382 0.59342355
v -0.78675628 0.42999798 0.62838328
v -0.77865499 0.42999798 0.63839406
v -0.76065677 0.42402044 0.66074961
v -0.82091534 0.44126338 0.58128619
v -0.74182338 0.40999618 0.68191218
v -0.74128050 0.38999435 0.68128979
v -0.73171765 0.38999435 0.69130051
v -0.72169542 0.38999435 0.70167434
v -0.72073495 0.36999252 0.70068878
v -0.72010857 0.35926360 0.70006639
v -0.69150347 0.35144678 0.72719389
v -0.71918988 0.34592903 0.69913274
v -0.69918716 0.34577575 0.71915418
v -0.67880869 0.34999073 0.73886442
v -0.67718005 0.32998890 0.73741210
v -0.66527867 0.30998707 0.74467379
v -0.66306543 0.28998524 0.74270272
v -0.66126978 0.27504134 0.74109483
v -0.64991128 0.27036661 0.74991256
v -0.63846928 0.26561522 0.75867844
v -0.62615031 0.24998161 0.76500642
v -0.61370605 0.24998161 0.77496529
v -0.60142881 0.23588072 0.78103399
v -0.59149015 0.22951998 0.78684330
v -0.57691616 0.22997978 0.79778773
v -0.56317735 0.20997797 0.80214471
v -0.54818583 0.21158731 0.81272602
v -0.56083882 0.19809949 0.80053675
v -0.53749543 0.20599294 0.81832784
v -0.53047991 0.21158731 0.82429278
v -0.52906007 0.21135740 0.82512271
v -0.92193091 0.46072876 0.35000199
v -0.93537736 0.45781660 0.32826883
v -0.52906007 0.44287273 0.75214291
v -0.85762173 0.44179982 0.33371508
v -0.84972918 0.43168396 0.32826883
v -0.92042756 0.46019232 0.36136132
v -0.90105128 0.46049884 0.40296030
v -0.88129920 0.46049884 0.44336632
v -0.82225162 0.46080539 0.54388857
v -0.80325121 0.46072876 0.57003057
v -0.78863543 0.46080539 0.58808106
v -0.76925915 0.46118855 0.60888052
v -0.86117125 0.46049884 0.48252746
v -0.84041691 0.46019232 0.52080685
v -0.78107703 0.46042222 0.60146326
v -0.80007750 0.46003905 0.58014506
v -0.80796999 0.44892693 0.58735490
v -0.82488245 0.44540170 0.57003057
v -0.81327343 0.45536429 0.57003057
v -0.79673678 0.42999798 0.61588287
v -0.78734094 0.40999618 0.62910950
v -0.77923965 0.40999618 0.63906837
v -0.77005261 0.40999618 0.64996082
v -0.76078206 0.40999618 0.66090524
v -0.75180382 0.40999618 0.67086411
v -0.84329832 0.44417551 0.54518533
v -0.86079538 0.44118676 0.52132553
v -0.83916414 0.42999798 0.55877501
v -0.83122987 0.42999798 0.57003057
v -0.82204282 0.42999798 0.58284223
v -0.81456792 0.42999798 0.59285301
v -0.80458748 0.42999798 0.60587215
v -0.75288957 0.38892147 0.66827065
v -0.75986338 0.38148782 0.65981597
v -0.74057060 0.37489718 0.68056357
v -0.76036447 0.39482239 0.66043842
v -0.73246932 0.36891964 0.68834394
v -0.73981893 0.36156264 0.67978555
v -0.72733289 0.35152343 0.69145608
v -0.68791217 0.32998890 0.72740138
v -0.72758347 0.32998890 0.68787712
v -0.71797884 0.32998890 0.69788790
v -0.70795661 0.32998890 0.70795047
v -0.73906726 0.34999073 0.67895567
v -0.69793439 0.32998890 0.71796119
v -0.68607479 0.30998707 0.72563779
v -0.67525911 0.30998707 0.73564857
v -0.67308766 0.28998524 0.73362565
v -0.66878647 0.26898718 0.73289949
v -0.65955770 0.26170683 0.73953873
v -0.64786512 0.24998161 0.74674857
v -0.63613075 0.24998161 0.75675929
v -0.63295704 0.22997978 0.75411391
v -0.62293482 0.22997978 0.76236111
v -0.60886198 0.22951998 0.77346110
v -0.59913206 0.22254616 0.77927047
v -0.58681309 0.20997797 0.78507978
v -0.57315785 0.20997797 0.79503864
v -0.58297122 0.18997616 0.78217512
v -0.56848079 0.19081914 0.79286015
v -0.55795747 0.18476495 0.79856575
v -0.55077487 0.19081914 0.80520499
v -0.53394592 0.18997616 0.81609750
v -0.52906007 0.18997616 0.81920964
v -0.52906007 0.20675929 0.82387787
v -0.93500155 0.45758671 0.33003238
v -0.94514906 0.44915682 0.32826883
v -0.52906007 0.43651199 0.74374014
v -0.84910285 0.43107089 0.32826883
v -0.94623482 0.44762412 0.33003238
v -0.93195313 0.45367831 0.35000199
v -0.92907178 0.44976991 0.36800057
v -0.92447823 0.44578487 0.39004490
v -0.91662753 0.45865959 0.37469167
v -0.89741826 0.45911941 0.41629064
v -0.87758261 0.45919606 0.45669669
v -0.85691178 0.45873624 0.49585783
v -0.85298645 0.45498112 0.51001811
v -0.83561456 0.45751008 0.53413719
v -0.81757462 0.45919606 0.55727082
v -0.83060348 0.45168579 0.55120212
v -0.79732138 0.40999618 0.61660904
v -0.78671455 0.38999435 0.62833142
v -0.77865499 0.38999435 0.63834214
v -0.84851819 0.44938672 0.52775729
v -0.86409438 0.44494188 0.51001811
v -0.88180029 0.44256619 0.48330551
v -0.88342893 0.42999798 0.48621017
v -0.87779140 0.42999798 0.49622089
v -0.86964834 0.42999798 0.51001811
v -0.86188114 0.42999798 0.52308905
v -0.85570079 0.42999798 0.53309983
v -0.84567857 0.42999798 0.54881614
v -0.84617966 0.40999618 0.54949045
v -0.83962345 0.40999618 0.55950117
v -0.83219033 0.40999618 0.57003057
v -0.82254398 0.40999618 0.58351654
v -0.81515259 0.40999618 0.59347540
v -0.80513036 0.40999618 0.60659832
v -0.77765280 0.36999252 0.63709730
v -0.76763058 0.36999252 0.64907908
v -0.75923693 0.36999252 0.65908980
v -0.74796194 0.34999073 0.66894495
v -0.73760569 0.32998890 0.67734772
v -0.72587132 0.30998707 0.68611360
v -0.71622497 0.30998707 0.69607246
v -0.70620275 0.30998707 0.70618689
v -0.69609702 0.30998707 0.71619767
v -0.68394506 0.28998524 0.72366679
v -0.68156481 0.26998341 0.72143644
v -0.68022847 0.25925449 0.72013968
v -0.65784556 0.24998161 0.73803455
v -0.64481664 0.22997978 0.74410319
v -0.64214408 0.21380974 0.74182099
v -0.63036799 0.20898171 0.75027561
v -0.62084687 0.21756487 0.76064944
v -0.61111695 0.21051441 0.76640689
v -0.59683532 0.20997797 0.77750689
v -0.59295171 0.18997616 0.77460223
v -0.58063275 0.17848085 0.78041160
v -0.57065225 0.17112386 0.78528726
v -0.55461675 0.16997433 0.79628348
v -0.54463625 0.16997433 0.80307835
v -0.52906007 0.17051077 0.81345218
v -0.94652712 0.44785401 0.32826883
v -0.52906007 0.43268022 0.73979807
v -0.84864348 0.43061107 0.32826883
v -0.94782162 0.44532505 0.32826883
v -0.94264352 0.44371572 0.35000199
v -0.94051379 0.44080356 0.36136132
v -0.92155510 0.44233629 0.40353087
v -0.90539426 0.44647458 0.43003595
v -0.91328675 0.45574746 0.39004490
v -0.89403576 0.45651382 0.43003595
v -0.88534987 0.44639796 0.47002703
v -0.87407482 0.45636055 0.47002703
v -0.86960661 0.45068952 0.48958164
v -0.79669499 0.38999435 0.61583102
v -0.79569274 0.36999252 0.61453426
v -0.78567058 0.36999252 0.62708658
v -0.90201175 0.44287273 0.44409248
v -0.89871275 0.42999798 0.45752656
v -0.89215660 0.42999798 0.47002703
v -0.89324236 0.40999618 0.47002703
v -0.88397181 0.40999618 0.48709196
v -0.87829256 0.40999618 0.49710268
v -0.87069237 0.40999618 0.51001811
v -0.86238229 0.40999618 0.52397084
v -0.85620189 0.40999618 0.53392971
v -0.85561728 0.38999435 0.53304797
v -0.84559506 0.38999435 0.54855680
v -0.83895534 0.38999435 0.55851567
v -0.83089578 0.38999435 0.57003057
v -0.82187581 0.38999435 0.58263481
v -0.81448442 0.38999435 0.59264553
v -0.80450398 0.38999435 0.60582024
v -0.77640003 0.34999073 0.63554126
v -0.76637781 0.34999073 0.64762676
v -0.75794244 0.34999073 0.65763748
v -0.74650037 0.32998890 0.66733700
v -0.74483001 0.30998707 0.66541785
v -0.73589355 0.30998707 0.67542857
v -0.72390866 0.28998524 0.68403882
v -0.71422052 0.28998524 0.69404954
v -0.70419830 0.28998524 0.70416403
v -0.69396728 0.28998524 0.71412289
v -0.69158703 0.26998341 0.71189255
v -0.70048171 0.25825822 0.70042944
v -0.69864434 0.24492368 0.69861406
v -0.67826581 0.24591994 0.71837616
v -0.66586334 0.22997978 0.72532660
v -0.65479714 0.22997978 0.73528546
v -0.66264784 0.20997797 0.72237009
v -0.64928490 0.20829199 0.73378128
v -0.63984734 0.20047519 0.73979807
v -0.62790418 0.18997616 0.74659294
v -0.61850834 0.20423032 0.75873029
v -0.60585529 0.18997616 0.76459152
v -0.60263985 0.17349955 0.76204991
v -0.59027910 0.16936125 0.77019334
v -0.57770956 0.16522294 0.77828491
v -0.56422138 0.14997251 0.78300500
v -0.54893744 0.15004915 0.79369009
v -0.54154611 0.15679306 0.80100358
v -0.53098100 0.15004915 0.80572367
v -0.52906007 0.15004915 0.80696857
v -0.52906007 0.42654940 0.73357379
v -0.83427829 0.41229522 0.32826883
v -0.95450312 0.42999798 0.32826883
v -0.95387673 0.42999798 0.33003238
v -0.94665241 0.42999798 0.35000199
v -0.94147426 0.42999798 0.36369541
v -0.93738186 0.42999798 0.37370616
v -0.93044984 0.42999798 0.39004490
v -0.92305839 0.42999798 0.40685049
v -0.91850668 0.42999798 0.41686124
v -0.91224277 0.42999798 0.43003595
v -0.80346000 0.36999252 0.60452354
v -0.79443997 0.34999073 0.61287445
v -0.78441775 0.34999073 0.62553048
v -0.90372390 0.42999798 0.44751585
v -0.89929742 0.40999618 0.45866770
v -0.89879632 0.38999435 0.45773405
v -0.89219832 0.38999435 0.47002703
v -0.88338715 0.38999435 0.48610643
v -0.87770790 0.38999435 0.49606529
v -0.86956483 0.38999435 0.51001811
v -0.86183941 0.38999435 0.52303720
v -0.86092067 0.36999252 0.52153301
v -0.85465682 0.36999252 0.53154373
v -0.84463459 0.36999252 0.54705262
v -0.83795309 0.36999252 0.55706334
v -0.82889134 0.36999252 0.57003057
v -0.82091534 0.36999252 0.58128619
v -0.81348222 0.36999252 0.59129691
v -0.77498019 0.32998890 0.63377768
v -0.76495796 0.32998890 0.64591503
v -0.75652260 0.32998890 0.65592581
v -0.75485224 0.30998707 0.65400660
v -0.74290907 0.28998524 0.66329122
v -0.73388910 0.28998524 0.67330194
v -0.72165364 0.26998341 0.68170470
v -0.70194328 0.26998341 0.70188177
v -0.72031736 0.25879467 0.68030423
v -0.71852171 0.24546012 0.67838508
v -0.70632803 0.22997978 0.68642479
v -0.69643110 0.22997978 0.69643551
v -0.68645060 0.22997978 0.70608318
v -0.67584378 0.22997978 0.71609390
v -0.67262828 0.20997797 0.71308553
v -0.66064340 0.19817613 0.72055465
v -0.65099704 0.19089577 0.72688270
v -0.63788462 0.18997616 0.73813826
v -0.61583579 0.18997616 0.75655180
v -0.62406230 0.16997433 0.74337703
v -0.60957187 0.16805845 0.75463265
v -0.59992552 0.16016501 0.75992328
v -0.58760655 0.14997251 0.76573265
v -0.57424355 0.14997251 0.77574337
v -0.56129819 0.13732767 0.78087842
v -0.53828889 0.14345852 0.79882509
v -0.52906007 0.14384168 0.80489379
v -0.52906007 0.41490084 0.72345930
v -0.83344311 0.41099244 0.32826883
v -0.95467019 0.42708585 0.32826883
v -0.95500422 0.40999618 0.33003238
v -0.94773811 0.40999618 0.35000199
v -0.94197536 0.40999618 0.36504400
v -0.93796647 0.40999618 0.37505475
v -0.93166083 0.40999618 0.39004490
v -0.92364305 0.40999618 0.40814722
v -0.91913307 0.40999618 0.41815794
v -0.91345382 0.40999618 0.43003595
v -0.80220723 0.34999073 0.60286373
v -0.79302019 0.32998890 0.61105901
v -0.78299797 0.32998890 0.62376696
v -0.90430856 0.40999618 0.44865698
v -0.90389097 0.38999435 0.44772333
v -0.90309751 0.36999252 0.44611537
v -0.89796114 0.36999252 0.45612609
v -0.89048624 0.36999252 0.47002703
v -0.88251019 0.36999252 0.48449850
v -0.87678921 0.36999252 0.49450922
v -0.86772746 0.36999252 0.51001811
v -0.86025256 0.35773087 0.52049565
v -0.85444802 0.35060379 0.52827597
v -0.84346533 0.34999073 0.54523718
v -0.83674210 0.34999073 0.55524790
v -0.82550883 0.35091034 0.57148296
v -0.82020545 0.35819069 0.58035254
v -0.81339866 0.35091034 0.58823663
v -0.78141111 0.30998707 0.62179595
v -0.77335155 0.30998707 0.63180667
v -0.76337111 0.30998707 0.64399588
v -0.76149195 0.28998524 0.64176553
v -0.75293130 0.28998524 0.65177625
v -0.74128050 0.27435166 0.66142392
v -0.73317921 0.26860398 0.66884118
v -0.73977715 0.26101708 0.65971226
v -0.72687358 0.25128442 0.67101967
v -0.72562081 0.22997978 0.66604024
v -0.71630847 0.22997978 0.67605102
v -0.70332134 0.20997797 0.68336451
v -0.69329911 0.20997797 0.69332337
v -0.68331867 0.20997797 0.70307475
v -0.68110543 0.19679670 0.70105189
v -0.65830493 0.18484157 0.71837616
v -0.64552659 0.16997433 0.72485977
v -0.63404280 0.16997433 0.73487055
v -0.62138975 0.15671642 0.74114668
v -0.61855012 0.14338186 0.73870885
v -0.60552120 0.12997068 0.74451816
v -0.59762871 0.14997251 0.75810790
v -0.58297122 0.12997068 0.76220554
v -0.56877309 0.13043050 0.77289057
v -0.55795747 0.12399314 0.77854431
v -0.53473932 0.12997068 0.79649097
v -0.52906007 0.12997068 0.80022556
v -0.82417256 0.39505228 0.32826883
v -0.52906007 -0.11886421 0.32826883
v -0.95563066 0.40999618 0.32826883
v -0.95400202 0.38999435 0.33003238
v -0.94677770 0.38999435 0.35000199
v -0.94151598 0.38999435 0.36385101
v -0.93750715 0.38999435 0.37386176
v -0.93074214 0.38999435 0.39004490
v -0.92322546 0.38999435 0.40726542
v -0.91871548 0.38999435 0.41727617
v -0.91261864 0.38999435 0.43003595
v -0.80078739 0.32998890 0.60104829
v -0.80003572 0.31964314 0.60006279
v -0.91107351 0.36999252 0.43003595
v -0.90894377 0.34999073 0.43003595
v -0.90201175 0.34999073 0.44398874
v -0.89683366 0.34999073 0.45399946
v -0.88823122 0.34999073 0.47002703
v -0.88138270 0.34999073 0.48247561
v -0.87566173 0.34999073 0.49248633
v -0.86467904 0.35060379 0.51147044
v -0.85941738 0.34439632 0.51909518
v -0.85052264 0.32998890 0.53003955
v -0.84208727 0.32998890 0.54321426
v -0.83536404 0.32998890 0.55317312
v -0.82534182 0.32998890 0.56764460
v -0.81932849 0.34485614 0.57910770
v -0.80909747 0.32998890 0.59000021
v -0.78036714 0.29787868 0.62049919
v -0.77264166 0.29067498 0.62827957
v -0.76032269 0.27841330 0.64036506
v -0.75004995 0.26967689 0.65006459
v -0.75698197 0.24998161 0.63642299
v -0.74700153 0.24998161 0.64809358
v -0.73835737 0.24998161 0.65810430
v -0.75881934 0.26507878 0.63860154
v -0.73564297 0.22997978 0.65504402
v -0.72269762 0.20997797 0.66287625
v -0.71330178 0.20997797 0.67288697
v -0.70119160 0.19649015 0.68118602
v -0.69004190 0.18997616 0.68995190
v -0.67876691 0.18346214 0.69876963
v -0.66623914 0.16997433 0.70582384
v -0.65550703 0.16997433 0.71583456
v -0.64239466 0.15418746 0.72211075
v -0.63053501 0.14882298 0.73040980
v -0.63963854 0.14085290 0.71962100
v -0.62719429 0.12997068 0.72615653
v -0.61554343 0.12997068 0.73616725
v -0.60218048 0.11556324 0.74171722
v -0.59295171 0.12997068 0.75447702
v -0.58038217 0.11924174 0.76023448
v -0.57015115 0.11157821 0.76485085
v -0.55419910 0.10996887 0.77589893
v -0.54417694 0.10996887 0.78284943
v -0.52906007 0.11119504 0.79343069
v -0.52906007 -0.32056838 0.32826883
v -0.95462841 0.38999435 0.32826883
v -0.95446134 0.38777193 0.32826883
v -0.95241517 0.36999252 0.33003238
v -0.94519079 0.36999252 0.35000199
v -0.94072258 0.36999252 0.36188000
v -0.93667191 0.36999252 0.37183887
v -0.92915529 0.36999252 0.39004490
v -0.92243207 0.36999252 0.40555376
v -0.91796380 0.36999252 0.41556448
v -0.80538094 0.31174970 0.59119320
v -0.79890823 0.30630857 0.59855860
v -0.91687804 0.34999073 0.41317850
v -0.90639651 0.32998890 0.43003595
v -0.90075898 0.32998890 0.44155091
v -0.89553910 0.32998890 0.45156163
v -0.88476521 0.32968235 0.47163495
v -0.88050580 0.33611971 0.48097140
v -0.87528586 0.32968235 0.48859614
v -0.86438668 0.32998890 0.50747651
v -0.85845691 0.32998890 0.51748723
v -0.84609616 0.30860764 0.53185499
v -0.84087628 0.31435528 0.54139888
v -0.83490467 0.30860764 0.54886800
v -0.82379675 0.30998707 0.56546611
v -0.81824273 0.32998890 0.57765538
v -0.78617167 0.29067498 0.61131841
v -0.77911437 0.28454414 0.61883938
v -0.76625252 0.27097970 0.63113236
v -0.76525027 0.24998161 0.62641227
v -0.76270300 0.22997978 0.62330014
v -0.75439286 0.22997978 0.63325900
v -0.74437070 0.22997978 0.64503330
v -0.74157280 0.20997797 0.64176553
v -0.73267812 0.20997797 0.65177625
v -0.72077674 0.19763969 0.66080147
v -0.70987755 0.19035932 0.66982669
v -0.69893664 0.18315560 0.67885190
v -0.68653417 0.16997433 0.68637294
v -0.67626137 0.16997433 0.69638366
v -0.66239733 0.14997251 0.70224488
v -0.64945197 0.14851645 0.71360421
v -0.66030931 0.13932019 0.70022196
v -0.65045416 0.13158002 0.70613503
v -0.63721651 0.12997068 0.71749437
v -0.62255901 0.10996887 0.72216260
v -0.60932136 0.10927916 0.73315883
v -0.59888148 0.10222870 0.73907191
v -0.57691616 0.10590720 0.75758916
v -0.56359494 0.09356891 0.76262045
v -0.55044079 0.08927733 0.77029711
v -0.54096144 0.09832030 0.78061903
v -0.52906007 0.11035205 0.79311949
v -0.52906007 -0.32010859 0.33003238
v -0.53524041 -0.31780952 0.32826883
v -0.95299977 0.36999252 0.32826883
v -0.95283276 0.36822993 0.32826883
v -0.95032722 0.34999073 0.33003238
v -0.94281054 0.35106361 0.35109124
v -0.94013798 0.35842061 0.36047953
v -0.93617082 0.35106361 0.36825991
v -0.92706728 0.34999073 0.39004490
v -0.92138803 0.34999073 0.40316778
v -0.81669766 0.30998707 0.57542497
v -0.80487978 0.28998524 0.58662868
v -0.79740489 0.28998524 0.59658754
v -0.92055285 0.33588982 0.40124863
v -0.91625166 0.32952908 0.40876964
v -0.91282743 0.30998707 0.41001451
v -0.90334809 0.31167305 0.43081400
v -0.90004909 0.31948984 0.44015044
v -0.88409704 0.30998707 0.46753728
v -0.87958705 0.32278517 0.47931159
v -0.87156928 0.30998707 0.49004847
v -0.86292511 0.30998707 0.50498676
v -0.85691178 0.30998707 0.51499748
v -0.84517747 0.28998524 0.52817225
v -0.83979052 0.30102074 0.53979093
v -0.82200110 0.28998524 0.56292450
v -0.81490201 0.28998524 0.57293528
v -0.78542000 0.26998341 0.60696137
v -0.77756929 0.26998341 0.61692023
v -0.77527249 0.24998161 0.61406744
v -0.78132761 0.23488446 0.60167074
v -0.77389443 0.22890690 0.60898429
v -0.77957368 0.22154990 0.59944034
v -0.76090735 0.21672188 0.62106979
v -0.75263900 0.21005461 0.62864268
v -0.74006945 0.19978547 0.64005387
v -0.72937912 0.19204530 0.64923465
v -0.71860522 0.18430513 0.65841550
v -0.70611924 0.16997433 0.66645521
v -0.69655633 0.16997433 0.67646593
v -0.68273407 0.14997251 0.68263835
v -0.67241955 0.14997251 0.69264913
v -0.68052083 0.13870712 0.68045986
v -0.66899526 0.13234639 0.68901825
v -0.65742797 0.12598565 0.69752479
v -0.64381444 0.10996887 0.70343786
v -0.63258123 0.10996887 0.71344858
v -0.62013698 0.09977637 0.72008783
v -0.60998946 0.09180630 0.72517097
v -0.60334975 0.07395027 0.72278500
v -0.59554076 0.08996705 0.73637474
v -0.58188552 0.07670914 0.74145788
v -0.58556032 0.08996705 0.74431068
v -0.57015115 0.08812780 0.75535882
v -0.55987841 0.08023436 0.75987142
v -0.53699434 0.08498576 0.77792186
v -0.53022933 0.09096331 0.78487229
v -0.52906007 0.09218948 0.78611720
v -0.53469759 -0.31757963 0.33003238
v -0.52906007 -0.31512728 0.34803095
v -0.54993969 -0.31098896 0.32826883
v -0.95091182 0.34991407 0.32826883
v -0.95070302 0.34815148 0.32826883
v -0.94848979 0.32998890 0.32826883
v -0.94786340 0.32998890 0.33003238
v -0.94218415 0.32998890 0.34590432
v -0.93938625 0.34508604 0.35845664
v -0.93283010 0.32998890 0.37002343
v -0.92385185 0.32952908 0.39154911
v -0.80287534 0.26998341 0.58393151
v -0.79540044 0.26998341 0.59389037
v -0.91963416 0.32255527 0.39922571
v -0.91867369 0.30998707 0.39699537
v -0.90952843 0.28998524 0.41001451
v -0.90247113 0.28998524 0.42521214
v -0.89900512 0.30615532 0.43802381
v -0.89466214 0.31167305 0.44808638
v -0.87862659 0.30998707 0.47754803
v -0.88238490 0.28998524 0.46447703
v -0.86818677 0.28998524 0.49004847
v -0.86121297 0.28998524 0.50213397
v -0.85519969 0.28998524 0.51214468
v -0.83878827 0.28998524 0.53818297
v -0.84321475 0.26998341 0.52511197
v -0.83081228 0.28998524 0.55000913
v -0.82070655 0.27642080 0.56105727
v -0.81389982 0.26983017 0.56863016
v -0.78316498 0.24998161 0.60405672
v -0.78734094 0.22890690 0.59171188
v -0.79431474 0.24883208 0.58901471
v -0.79965991 0.24139845 0.57957453
v -0.78550351 0.20997797 0.58740675
v -0.77794510 0.20997797 0.59736562
v -0.76692069 0.21005461 0.61121464
v -0.75898641 0.20338733 0.61873567
v -0.74558169 0.19181541 0.63050991
v -0.73793977 0.18645093 0.63756412
v -0.72516143 0.16997433 0.64570761
v -0.71614146 0.16997433 0.65571833
v -0.70252794 0.14997251 0.66261691
v -0.69275630 0.14997251 0.67262763
v -0.70043999 0.13893703 0.66043842
v -0.68912321 0.13219312 0.66904867
v -0.67768121 0.12537257 0.67771077
v -0.66431820 0.10996887 0.68414259
v -0.65383667 0.10996887 0.69415331
v -0.64101660 0.09793712 0.70089626
v -0.62886465 0.09218948 0.70898783
v -0.61667097 0.08644182 0.71707940
v -0.62377000 0.07004187 0.70328224
v -0.60998946 0.06843252 0.71443409
v -0.59967494 0.06069236 0.71967292
v -0.57804364 0.06345123 0.73839760
v -0.57081932 0.07011850 0.74695599
v -0.55678821 0.07004187 0.75758916
v -0.54250658 0.05624751 0.76173872
v -0.54676598 0.07004187 0.76474714
v -0.53022933 0.06858579 0.77558774
v -0.52906007 0.06958205 0.77678072
v -0.52906007 0.08797453 0.78440547
v -0.52906007 0.09088667 0.78559846
v -0.52906007 -0.31482074 0.34912020
v -0.55002320 -0.31045252 0.33003238
v -0.55198586 -0.30999273 0.32826883
v -0.94823921 0.32814965 0.32826883
v -0.94072258 0.30998707 0.34206602
v -0.93696427 0.30998707 0.35207674
v -0.93842584 0.32998890 0.35586318
v -0.92990696 0.30998707 0.37002343
v -0.92293316 0.30998707 0.38698465
v -0.80120498 0.25473300 0.58170116
v -0.91704512 0.28998524 0.39315706
v -0.90480965 0.26860398 0.41177803
v -0.90105128 0.27435166 0.42225561
v -0.89762706 0.28998524 0.43517101
v -0.89002687 0.28998524 0.45000556
v -0.87691450 0.28998524 0.47443590
v -0.88096511 0.27496472 0.46188357
v -0.86413616 0.27128625 0.49087840
v -0.86021078 0.27887315 0.50042230
v -0.85390514 0.27128625 0.50825453
v -0.83678383 0.26998341 0.53512269
v -0.82588470 0.26983017 0.55146146
v -0.84146088 0.25358349 0.52231103
v -0.81932849 0.26308626 0.55908620
v -0.79819834 0.22997978 0.57755160
v -0.80700952 0.24883208 0.57174230
v -0.81782514 0.24998161 0.55685586
v -0.80533916 0.22997978 0.56754088
v -0.79552573 0.20997797 0.57386893
v -0.78266388 0.18997616 0.58356845
v -0.77502197 0.18997616 0.59352732
v -0.76499975 0.18997616 0.60623521
v -0.75689846 0.18997616 0.61624593
v -0.74370253 0.16997433 0.62438941
v -0.73518366 0.16997433 0.63434827
v -0.72232181 0.15372765 0.64254355
v -0.71392822 0.14820990 0.64949405
v -0.71985799 0.14039309 0.63979453
v -0.70649505 0.13135013 0.65053141
v -0.69768387 0.12560248 0.65753371
v -0.68432093 0.10996887 0.66432858
v -0.67429870 0.10996887 0.67428744
v -0.66139507 0.09709413 0.68128979
v -0.64961898 0.09081004 0.68958879
v -0.63763410 0.08460258 0.69783598
v -0.63375044 0.07004187 0.69430888
v -0.62072158 0.05877647 0.70058507
v -0.61011475 0.05126621 0.70597947
v -0.59641773 0.05004004 0.71702754
v -0.58643723 0.05004004 0.72517097
v -0.57395124 0.05004004 0.73518175
v -0.56058830 0.03915783 0.74042052
v -0.56392902 0.05004004 0.74301398
v -0.54952210 0.04973350 0.75359523
v -0.53808010 0.04291296 0.75862658
v -0.53085572 0.04973350 0.76671815
v -0.52906007 0.05157275 0.76879287
v -0.52906007 0.06774280 0.77600271
v -0.52906007 -0.30777028 0.37183887
v -0.53198326 -0.30639085 0.37199447
v -0.54438573 -0.30217591 0.36665195
v -0.55064958 -0.30432171 0.34979451
v -0.56175756 -0.30087310 0.34299967
v -0.56547415 -0.30278900 0.33003238
v -0.56601703 -0.30301890 0.32826883
v -0.94565016 0.30998707 0.32826883
v -0.94502378 0.30998707 0.33003238
v -0.93997091 0.29994786 0.34004313
v -0.93554443 0.29197776 0.34803095
v -0.92664969 0.28998524 0.37002343
v -0.92130452 0.28998524 0.38314632
v -0.92030233 0.27833667 0.38076034
v -0.91558349 0.27097970 0.38848883
v -0.91061419 0.24998161 0.39004490
v -0.90313923 0.24998161 0.40695423
v -0.89975679 0.26101708 0.41955841
v -0.89645779 0.26860398 0.42936167
v -0.88518280 0.26898718 0.45166537
v -0.87578696 0.26898718 0.46914524
v -0.87962884 0.26163018 0.45939386
v -0.86288339 0.24998161 0.48512092
v -0.85883272 0.26553857 0.49808818
v -0.84659725 0.24814236 0.51193726
v -0.83561456 0.24814236 0.52941710
v -0.82459015 0.24998161 0.54684514
v -0.83991581 0.24024892 0.51992506
v -0.80270833 0.20997797 0.56385815
v -0.82216811 0.22997978 0.54326618
v -0.81536138 0.22997978 0.55327690
v -0.80087090 0.19687332 0.56131661
v -0.79347950 0.19005278 0.56878573
v -0.78078473 0.17748460 0.58107871
v -0.77264166 0.17043415 0.58865160
v -0.76182604 0.16997433 0.60229313
v -0.75368297 0.16997433 0.61230391
v -0.74136400 0.15610334 0.62158847
v -0.73067367 0.14828654 0.63066554
v -0.72653949 0.12997068 0.62744969
v -0.71781182 0.12997068 0.63746041
v -0.73898375 0.14276880 0.61873567
v -0.70373893 0.10996887 0.64404780
v -0.69434309 0.10996887 0.65400660
v -0.68139774 0.09701750 0.66137207
v -0.66983044 0.09035023 0.66977483
v -0.65817964 0.08375959 0.67817760
v -0.64464962 0.07004187 0.68429816
v -0.64139241 0.05762694 0.68123788
v -0.61683798 0.04544193 0.69716167
v -0.60351682 0.03440644 0.70297104
v -0.59082198 0.02881206 0.71064764
v -0.58226132 0.03655223 0.72179949
v -0.56927419 0.03118775 0.72937238
v -0.55603653 0.02582328 0.73694527
v -0.54964739 0.03149430 0.74462187
v -0.52906007 0.04490548 0.76568073
v -0.53085572 0.02804571 0.75634432
v -0.52906007 0.02965505 0.75836718
v -0.52906007 -0.30692729 0.37443233
v -0.52906007 -0.30462825 0.38148651
v -0.54000103 -0.29995349 0.37998229
v -0.55770689 -0.29880396 0.35633001
v -0.56906545 -0.29466566 0.34979451
v -0.57595569 -0.29773107 0.32826883
v -0.94535786 0.30814782 0.32826883
v -0.94214237 0.29197776 0.33008426
v -0.93884343 0.28661329 0.33682722
v -0.93082565 0.26998341 0.35000199
v -0.92297488 0.27097970 0.37059399
v -0.91900778 0.26500213 0.37764817
v -0.91746271 0.24998161 0.37380987
v -0.90501845 0.22837044 0.39180845
v -0.90138537 0.23404147 0.40306404
v -0.89854574 0.24998161 0.41696495
v -0.89215660 0.24998161 0.43003595
v -0.88359594 0.24998161 0.44694528
v -0.87833428 0.24998161 0.45690414
v -0.87123525 0.24998161 0.47002703
v -0.85712057 0.24998161 0.49513164
v -0.86117125 0.23511435 0.48211253
v -0.84475988 0.22997978 0.50783956
v -0.83862126 0.22997978 0.51785028
v -0.83077049 0.22997978 0.53003955
v -0.81344044 0.21059105 0.54855680
v -0.82058126 0.21764150 0.54093206
v -0.80596554 0.19005278 0.55115026
v -0.79895002 0.18353878 0.55851567
v -0.78592110 0.17043415 0.57091236
v -0.77865499 0.16415004 0.57822591
v -0.76011389 0.15955192 0.60016656
v -0.73651993 0.12997068 0.61583102
v -0.72253060 0.10996887 0.62283331
v -0.71371937 0.10996887 0.63284403
v -0.75777537 0.14621738 0.59720999
v -0.74478829 0.12997068 0.60582024
v -0.70110810 0.09755395 0.64114308
v -0.68970782 0.09065677 0.64964962
v -0.67826581 0.08368295 0.65815616
v -0.66486108 0.07004187 0.66479540
v -0.65467185 0.07004187 0.67480612
v -0.66156214 0.05716713 0.66152763
v -0.64966071 0.05072976 0.66961920
v -0.63759232 0.04429240 0.67771077
v -0.62331069 0.03003823 0.68294954
v -0.61011475 0.02865879 0.69404954
v -0.59938264 0.02107189 0.69944394
v -0.57796013 0.02321768 0.71827245
v -0.56346965 0.01003641 0.72273314
v -0.54271531 0.01632050 0.74192470
v -0.56004542 -0.00000282 0.71998411
v -0.54964739 0.00980650 0.73321068
v -0.52906007 0.02674291 0.75691485
v -0.53068870 0.00980650 0.74700791
v -0.52906007 0.00980650 0.74814904
v -0.52906007 -0.30171609 0.39004490
v -0.53636795 -0.29811424 0.39004490
v -0.55002320 -0.29091051 0.39004490
v -0.55064958 -0.29711798 0.37199447
v -0.57123691 -0.28615913 0.37080148
v -0.58288771 -0.28163764 0.36468095
v -0.58973622 -0.28340027 0.34818655
v -0.58998680 -0.28983763 0.32826883
v -0.94272703 0.29174787 0.32826883
v -0.94189185 0.28676659 0.32826883
v -0.94034672 0.27810678 0.32826883
v -0.93875992 0.26952362 0.32826883
v -0.93821704 0.26661146 0.32826883
v -0.92677498 0.24998161 0.35000199
v -0.92151332 0.24998161 0.36379915
v -0.92026055 0.23863958 0.36079073
v -0.91545826 0.23112932 0.36846739
v -0.89979851 0.22070691 0.39964068
v -0.90280521 0.20997797 0.38651782
v -0.89687538 0.22837044 0.40985888
v -0.88752133 0.22997978 0.43003595
v -0.88125741 0.22997978 0.44248456
v -0.87599576 0.22997978 0.45249528
v -0.86551422 0.22906017 0.47153121
v -0.85553372 0.22906017 0.48927045
v -0.85954261 0.22177981 0.47920784
v -0.85023034 0.20997797 0.49004847
v -0.84217077 0.20997797 0.50363815
v -0.83603221 0.20997797 0.51364893
v -0.82517481 0.21059105 0.53097320
v -0.81878561 0.20430696 0.53823483
v -0.81673944 0.18997616 0.53512269
v -0.80375230 0.16997433 0.54549652
v -0.79682028 0.16997433 0.55550724
v -0.78358257 0.14997251 0.56499928
v -0.77627474 0.14997251 0.57501000
v -0.76508325 0.15173513 0.59036326
v -0.74194866 0.11510344 0.60234505
v -0.73359680 0.10904925 0.60939920
v -0.72031736 0.09931656 0.62029171
v -0.76270300 0.12997068 0.58351654
v -0.75481045 0.12997068 0.59347540
v -0.70925117 0.09172966 0.62905759
v -0.69801795 0.08421940 0.63782346
v -0.68457144 0.07004187 0.64472204
v -0.67484152 0.07004187 0.65468091
v -0.68139774 0.05739704 0.64140242
v -0.66970515 0.05057649 0.64964962
v -0.65797085 0.04383259 0.65789682
v -0.64398146 0.03003823 0.66375804
v -0.63333285 0.03003823 0.67376876
v -0.62017870 0.01976909 0.68014866
v -0.60957187 0.01187565 0.68512809
v -0.60259807 -0.00368132 0.68227530
v -0.59566605 0.01003641 0.69627994
v -0.58155143 -0.00207198 0.70120752
v -0.58568561 0.01003641 0.70463085
v -0.57345015 0.01003641 0.71464157
v -0.53778780 0.00298595 0.73834574
v -0.56839728 -0.00774299 0.70867664
v -0.55495083 -0.01333737 0.71609390
v -0.54162961 -0.02192052 0.72117710
v -0.54897922 -0.00797290 0.72371864
v -0.52906007 0.00574483 0.74597049
v -0.52906007 -0.29481891 0.40887338
v -0.54973090 -0.28378344 0.40887338
v -0.56100589 -0.28056476 0.40145612
v -0.56480598 -0.28271055 0.39004490
v -0.57875359 -0.27918532 0.37801129
v -0.59625065 -0.27765262 0.35363281
v -0.60017604 -0.28002831 0.34030247
v -0.59169894 -0.28884137 0.32826883
v -0.93479276 0.24998161 0.32826883
v -0.93416637 0.24998161 0.33003238
v -0.92264080 0.23112932 0.35010570
v -0.91875720 0.22530504 0.35679683
v -0.90969551 0.20997797 0.37002343
v -0.89842045 0.20997797 0.39652854
v -0.89219832 0.20997797 0.41001451
v -0.90100956 0.19618361 0.38242015
v -0.88301134 0.21189386 0.42998409
v -0.88000464 0.21978728 0.44009858
v -0.87374079 0.21189386 0.44808638
v -0.86346799 0.20997797 0.46644807
v -0.85799754 0.20997797 0.47645879
v -0.84459281 0.19074249 0.49072278
v -0.84058392 0.19786958 0.50099283
v -0.83381897 0.19074249 0.50861764
v -0.82325387 0.18997616 0.52511197
v -0.82120764 0.17595188 0.52194798
v -0.81448442 0.16959116 0.52915776
v -0.80145556 0.15549025 0.54217690
v -0.79443997 0.14928278 0.54933482
v -0.78128582 0.13633142 0.56183529
v -0.77351862 0.12981743 0.56909698
v -0.76057327 0.11847539 0.58076751
v -0.73931783 0.10176889 0.59907728
v -0.72557902 0.09157639 0.61012542
v -0.71739423 0.08598201 0.61686838
v -0.70369720 0.07004187 0.62413007
v -0.69455189 0.07004187 0.63414079
v -0.70089930 0.05824003 0.62096602
v -0.67784822 0.04406249 0.63771975
v -0.66394240 0.03003823 0.64399588
v -0.66076869 0.01877283 0.64072818
v -0.65396196 0.03003823 0.65400660
v -0.64068252 0.01892610 0.66059399
v -0.62836355 0.01271864 0.66842622
v -0.61591929 0.00643454 0.67625844
v -0.62318540 -0.00467758 0.66292810
v -0.61061585 -0.01088504 0.67055285
v -0.59792101 -0.01701587 0.67817760
v -0.58973622 -0.00958224 0.68974441
v -0.57674909 -0.01540653 0.69721359
v -0.52906007 -0.00981215 0.73741210
v -0.56342793 -0.02437285 0.70271170
v -0.54989791 -0.02981397 0.70992148
v -0.53603387 -0.03525507 0.71707940
v -0.52906007 -0.02927752 0.72584534
v -0.52906007 -0.02858780 0.72626024
v -0.52906007 -0.28623578 0.43034717
v -0.54288238 -0.28156102 0.42381167
v -0.55624533 -0.27780586 0.41478646
v -0.56860608 -0.27274793 0.40887338
v -0.58418226 -0.26263207 0.41001451
v -0.57478642 -0.27680963 0.39004490
v -0.59107256 -0.26646385 0.39056361
v -0.58973622 -0.27520028 0.37080148
v -0.60689926 -0.26454797 0.37002343
v -0.61003125 -0.27006572 0.35005385
v -0.61291260 -0.27535355 0.33003238
v -0.61270380 -0.27611989 0.32826883
v -0.60351682 -0.28194419 0.32826883
v -0.93441695 0.24821900 0.32826883
v -0.92978168 0.22997978 0.33003238
v -0.92126274 0.21465273 0.34346646
v -0.91729563 0.20875180 0.35010570
v -0.91245157 0.18997616 0.35000199
v -0.90405798 0.18966961 0.37090522
v -0.89612371 0.18966961 0.38947433
v -0.88560039 0.18844345 0.41172618
v -0.88163328 0.19411445 0.42329299
v -0.89917213 0.18284906 0.37816688
v -0.87829256 0.20645274 0.43667519
v -0.86146355 0.19472754 0.46271348
v -0.85599309 0.18882662 0.46966392
v -0.84237957 0.16997433 0.48413542
v -0.83866304 0.18453504 0.49782884
v -0.82592642 0.16959116 0.51126295
v -0.81916147 0.16261734 0.51873207
v -0.80655015 0.14928278 0.53138816
v -0.79924232 0.14215571 0.53896105
v -0.78646398 0.12981743 0.55109841
v -0.77890557 0.12299687 0.55846381
v -0.76550084 0.11104177 0.57044554
v -0.75794244 0.10514084 0.57739604
v -0.74478829 0.08996705 0.58605814
v -0.73677051 0.08996705 0.59601700
v -0.72307348 0.07341382 0.60353804
v -0.71493042 0.06812598 0.61012542
v -0.71998328 0.06015591 0.59990716
v -0.70649505 0.05095967 0.61028099
v -0.69743329 0.04490548 0.61712772
v -0.68340218 0.03003823 0.62361133
v -0.67396462 0.03003823 0.63357019
v -0.68043727 0.01938592 0.62039548
v -0.66861945 0.01241210 0.62848705
v -0.65671802 0.00543828 0.63657862
v -0.64870030 0.01218219 0.64866412
v -0.63650656 0.00559156 0.65660012
v -0.63107789 -0.01157476 0.65099823
v -0.61867541 -0.01801212 0.65872669
v -0.60439372 -0.02996723 0.66396546
v -0.60055190 -0.04061954 0.66043842
v -0.59078026 -0.03157657 0.67496175
v -0.58459985 -0.02605883 0.68388319
v -0.57148743 -0.03188312 0.69119674
v -0.55820799 -0.03770740 0.69851029
v -0.54488683 -0.04567748 0.70374906
v -0.52906007 -0.03035041 0.72517097
v -0.52906007 -0.05173167 0.71158129
v -0.52906007 -0.04912607 0.71324110
v -0.52906007 -0.28462642 0.43423736
v -0.53068870 -0.28539279 0.43029529
v -0.53778780 -0.27872550 0.43714201
v -0.54973090 -0.27481711 0.43029529
v -0.56234217 -0.26148257 0.44305509
v -0.56939948 -0.26370499 0.42842802
v -0.58050746 -0.26025638 0.42069954
v -0.59842217 -0.25887695 0.39756590
v -0.60263985 -0.26171246 0.38423556
v -0.61992818 -0.25987321 0.35985708
v -0.62351948 -0.26240218 0.34647489
v -0.63036799 -0.26431805 0.32826883
v -0.93040806 0.22997978 0.32826883
v -0.92422771 0.20875180 0.33148471
v -0.91963416 0.20131817 0.33910948
v -0.91813082 0.18997616 0.33490807
v -0.90693939 0.16997433 0.35000199
v -0.90155244 0.16997433 0.36379915
v -0.89027745 0.16997433 0.39004490
v -0.88292778 0.16997433 0.40622807
v -0.87975407 0.18077990 0.41955841
v -0.87666392 0.18844345 0.42998409
v -0.89737648 0.16997433 0.37375802
v -0.86317569 0.16997433 0.44611537
v -0.86568123 0.18882662 0.45156163
v -0.85958439 0.18139300 0.45929012
v -0.85031384 0.16997433 0.47002703
v -0.84058392 0.15809585 0.48102325
v -0.83649153 0.16997433 0.49414614
v -0.82337916 0.14997251 0.50550544
v -0.81711525 0.14997251 0.51546431
v -0.79711258 0.12997068 0.53574514
v -0.80371052 0.12997068 0.52573442
v -0.78345734 0.10996887 0.54502970
v -0.77640003 0.10996887 0.55498856
v -0.76241064 0.08996705 0.56328762
v -0.75481045 0.08996705 0.57329834
v -0.74182338 0.07601942 0.58227170
v -0.73092419 0.06812598 0.59114128
v -0.72566253 0.05004004 0.58693993
v -0.71743596 0.05004004 0.59689879
v -0.73877496 0.06276151 0.57843339
v -0.70332134 0.03386999 0.60379738
v -0.69455189 0.02835225 0.61028099
v -0.69973004 0.02053544 0.59964782
v -0.68561542 0.01164575 0.60965860
v -0.67647016 0.00605137 0.61609036
v -0.66314900 -0.00490748 0.62324828
v -0.65116405 -0.01165139 0.63108051
v -0.64335507 -0.00506075 0.64326972
v -0.63897038 -0.01839530 0.63896459
v -0.62493926 -0.02996723 0.64472204
v -0.61441594 -0.02996723 0.65468091
v -0.62093037 -0.04123263 0.64088374
v -0.60823560 -0.04759336 0.64830101
v -0.60255635 -0.06315033 0.64233607
v -0.59524846 -0.05395409 0.65566647
v -0.58915162 -0.04835971 0.66505474
v -0.57958877 -0.03939338 0.67957807
v -0.56534886 -0.04996905 0.68440193
v -0.56088060 -0.06100455 0.68071920
v -0.55094194 -0.05134849 0.69513881
v -0.53916579 -0.05901203 0.69934022
v -0.52906007 -0.05663633 0.70826167
v -0.52906007 -0.27780586 0.44969434
v -0.53068870 -0.27627316 0.45125043
v -0.55027378 -0.26546758 0.44984996
v -0.55716407 -0.25818723 0.45643732
v -0.56939948 -0.25335920 0.44984996
v -0.57566339 -0.25711435 0.43402988
v -0.58969450 -0.24983397 0.42962101
v -0.59420449 -0.25604144 0.41001451
v -0.61015654 -0.24538913 0.40913272
v -0.60961366 -0.25412557 0.39056361
v -0.61692148 -0.25780407 0.37002343
v -0.63111961 -0.24730501 0.37049025
v -0.64235288 -0.24171063 0.36411035
v -0.63011742 -0.25565827 0.35192114
v -0.63688242 -0.25772741 0.33402631
v -0.63838577 -0.25880033 0.32826883
v -0.92539692 0.20898171 0.32826883
v -0.92301667 0.19947892 0.32826883
v -0.92126274 0.19265839 0.32826883
v -0.92055285 0.18997616 0.32826883
v -0.91913307 0.18468831 0.32826883
v -0.91554177 0.17158368 0.32826883
v -0.90865147 0.14997251 0.33003238
v -0.90201175 0.15181175 0.34906834
v -0.90004909 0.15962857 0.36022019
v -0.88409704 0.15004915 0.39061546
v -0.88096511 0.15671642 0.40213040
v -0.87816727 0.16997433 0.41623878
v -0.87136048 0.16997433 0.43003595
v -0.89432806 0.15181175 0.36815614
v -0.86112946 0.15625662 0.44222519
v -0.85791403 0.16997433 0.45612609
v -0.84425879 0.15081550 0.47039011
v -0.83845425 0.14476131 0.47734055
v -0.83377719 0.15081550 0.48864803
v -0.82116592 0.13648468 0.50192648
v -0.81427562 0.12989405 0.50918818
v -0.80128849 0.11632960 0.52205169
v -0.79406416 0.10981560 0.52926153
v -0.78103530 0.09740068 0.54155445
v -0.77293396 0.09042686 0.54891986
v -0.76023918 0.07939138 0.56033111
v -0.74950707 0.07103813 0.56940818
v -0.73568475 0.05004004 0.57454324
v -0.72215474 0.03601578 0.58263481
v -0.75723255 0.06613346 0.55633718
v -0.74349374 0.05004004 0.56453246
v -0.71096331 0.02827561 0.59114128
v -0.71860522 0.02268123 0.57827777
v -0.70511699 0.01003641 0.58616185
v -0.70156747 -0.00253179 0.58185673
v -0.69668162 0.01003641 0.59612072
v -0.68252528 -0.00406449 0.60275996
v -0.65893126 -0.01824203 0.61883938
v -0.64490020 -0.02996723 0.62490809
v -0.63491976 -0.02996723 0.63491881
v -0.64093304 -0.04123263 0.62091416
v -0.62848878 -0.04789990 0.62843519
v -0.62272602 -0.06345688 0.62267768
v -0.61591929 -0.05456717 0.63600808
v -0.61003125 -0.06997088 0.62999123
v -0.59712762 -0.07648487 0.63730478
v -0.58952743 -0.06935780 0.64954591
v -0.58188552 -0.06223071 0.66163141
v -0.57532930 -0.04996905 0.67594725
v -0.56860608 -0.06828490 0.66873747
v -0.56301033 -0.08322878 0.66251314
v -0.55495083 -0.07433909 0.67584354
v -0.54897922 -0.06859145 0.68476498
v -0.54158783 -0.08161944 0.68123788
v -0.52906007 -0.07334283 0.69685048
v -0.52906007 -0.06928116 0.69965142
v -0.52906007 -0.27665636 0.45228779
v -0.52906007 -0.27634981 0.45296210
v -0.52906007 -0.26677039 0.47277609
v -0.53093922 -0.26669377 0.47075319
v -0.54380107 -0.26224890 0.46463263
v -0.53824711 -0.25887695 0.47796297
v -0.55027378 -0.25504518 0.47075319
v -0.56192458 -0.24125084 0.48231998
v -0.56914896 -0.24385643 0.46841908
v -0.58050746 -0.24033120 0.46063870
v -0.58455813 -0.24309006 0.45000556
v -0.59892327 -0.23918167 0.43849063
v -0.60355854 -0.24247700 0.42516029
v -0.62118095 -0.24086764 0.40187106
v -0.62477225 -0.24347326 0.39004490
v -0.63851100 -0.23879850 0.37744072
v -0.64941019 -0.23328075 0.37049025
v -0.65613341 -0.23688263 0.35000199
v -0.65922362 -0.23933494 0.33843517
v -0.64615297 -0.24462280 0.35000199
v -0.64840794 -0.25136670 0.32826883
v -0.90927786 0.15004915 0.32826883
v -0.90873504 0.14820990 0.32826883
v -0.90334809 0.13066041 0.32826883
v -0.90063369 0.13786413 0.34175479
v -0.89804465 0.14629401 0.35508513
v -0.88188380 0.13403237 0.38433930
v -0.87891889 0.14338186 0.39766967
v -0.87549466 0.15004915 0.40928835
v -0.86484605 0.14974260 0.43091774
v -0.88551688 0.12836134 0.37168324
v -0.85904151 0.14292206 0.43823129
v -0.85532498 0.14974260 0.44938314
v -0.84217077 0.13334265 0.46401021
v -0.83674210 0.12797818 0.47039011
v -0.82546711 0.12989405 0.49093026
v -0.81886911 0.12315015 0.49819192
v -0.80596554 0.10981560 0.51095170
v -0.79882473 0.10299505 0.51826525
v -0.78558701 0.09042686 0.53055823
v -0.77832091 0.08406613 0.53756058
v -0.76441509 0.07165121 0.54980165
v -0.74073762 0.03862138 0.56095350
v -0.76211834 0.05548115 0.54300678
v -0.75418407 0.04927369 0.54980165
v -0.73722982 0.02528683 0.55638903
v -0.72307348 0.01003641 0.56391007
v -0.72023386 -0.00030936 0.56027919
v -0.71509743 0.01003641 0.57386893
v -0.70891708 -0.00804953 0.56863016
v -0.69747508 -0.01586633 0.57698107
v -0.69000018 -0.00996541 0.59000021
v -0.67839110 -0.01739904 0.59809178
v -0.66423470 -0.02996723 0.60462725
v -0.66064340 -0.04084945 0.60063332
v -0.65488064 -0.02996723 0.61458611
v -0.63604724 -0.05456717 0.61588287
v -0.64247817 -0.06315033 0.60255253
v -0.62999213 -0.06997088 0.60996979
v -0.61746436 -0.07679142 0.61738706
v -0.60414314 -0.08476150 0.62397444
v -0.57633150 -0.07556525 0.65670383
v -0.59107256 -0.09119886 0.63097674
v -0.58380640 -0.08422504 0.64337349
v -0.57040173 -0.09043251 0.65032393
v -0.55678821 -0.09656334 0.65727437
v -0.54918802 -0.08912970 0.66930801
v -0.52906007 -0.08897644 0.68528366
v -0.53503168 -0.09495400 0.67610288
v -0.52906007 -0.26546758 0.47542140
v -0.52906007 -0.25818723 0.48947793
v -0.53093922 -0.25611809 0.49129334
v -0.54977268 -0.24523586 0.48942605
v -0.55628711 -0.23741907 0.49565035
v -0.57040173 -0.23029196 0.49051529
v -0.57524580 -0.23649943 0.47396907
v -0.60284865 -0.22216862 0.46369898
v -0.59458029 -0.23603964 0.45000556
v -0.60969716 -0.22523403 0.44881257
v -0.62097216 -0.22071257 0.44134343
v -0.61015654 -0.23450693 0.43112522
v -0.61687976 -0.23757234 0.41520143
v -0.62995040 -0.22998545 0.40996262
v -0.64293748 -0.22232190 0.40467197
v -0.63479447 -0.23588637 0.39004490
v -0.64978600 -0.22477424 0.38817763
v -0.66018409 -0.22009948 0.38029352
v -0.66294014 -0.22247517 0.37002343
v -0.66168737 -0.24132746 0.32826883
v -0.64978600 -0.24983397 0.32956555
v -0.67024803 -0.22569385 0.34854966
v -0.68043727 -0.22032937 0.34092489
v -0.68302637 -0.22262844 0.33003238
v -0.66949636 -0.23366395 0.33106977
v -0.67037332 -0.23404711 0.32826883
v -0.90247113 0.12782490 0.32826883
v -0.89549732 0.13073704 0.34906834
v -0.89850402 0.12452959 0.33610106
v -0.87975407 0.12069781 0.37946361
v -0.87724853 0.12836134 0.39061546
v -0.86877143 0.12997068 0.41001451
v -0.86025256 0.11916511 0.42059579
v -0.86200643 0.12997068 0.42407101
v -0.88213438 0.10996887 0.36514777
v -0.85695356 0.12997068 0.43408173
v -0.84688962 0.12797818 0.45197660
v -0.83995754 0.12000810 0.45996442
v -0.83064526 0.10996887 0.47002703
v -0.82246041 0.10996887 0.48418728
v -0.81644714 0.10996887 0.49419802
v -0.80262482 0.08996705 0.50420874
v -0.79623562 0.08996705 0.51421946
v -0.78278917 0.07341382 0.52423018
v -0.77623296 0.06812598 0.53055823
v -0.75898641 0.04214661 0.53859794
v -0.74516410 0.03118775 0.54985350
v -0.77994955 0.06015591 0.51997691
v -0.76738000 0.04927369 0.53118068
v -0.74228269 0.01586069 0.54305869
v -0.73363853 0.00957659 0.54985350
v -0.72411746 -0.00812617 0.54907548
v -0.72136134 -0.02215043 0.54181385
v -0.71626669 -0.01364391 0.55514419
v -0.70290375 -0.02460276 0.56365073
v -0.73864967 0.00252614 0.53813112
v -0.69141996 -0.03211302 0.57169038
v -0.67981088 -0.03962328 0.57978201
v -0.68415385 -0.02628874 0.58481330
v -0.67530090 -0.03180648 0.59088194
v -0.66536224 -0.04851299 0.58927405
v -0.66185445 -0.06246062 0.58211607
v -0.65579933 -0.05418400 0.59539455
v -0.64966071 -0.06943443 0.58963710
v -0.63730001 -0.07648487 0.59710628
v -0.62397879 -0.08476150 0.60405672
v -0.61846662 -0.09809604 0.59835112
v -0.61128402 -0.09142877 0.61121464
v -0.59838039 -0.09809604 0.61842442
v -0.57783484 -0.09755959 0.63797909
v -0.56451368 -0.10468668 0.64394403
v -0.55077487 -0.11074087 0.65058327
v -0.54346704 -0.10338388 0.66277254
v -0.52906007 -0.10905489 0.66951549
v -0.52906007 -0.25657791 0.49248633
v -0.52906007 -0.24661529 0.51006997
v -0.54292417 -0.24186391 0.50327510
v -0.53678554 -0.23787889 0.51660544
v -0.55140126 -0.23098171 0.51157415
v -0.55987841 -0.21986958 0.51987320
v -0.56559944 -0.22408453 0.50654286
v -0.57892060 -0.21910322 0.49865875
v -0.58430755 -0.22316489 0.48532841
v -0.59767050 -0.21810696 0.47702935
v -0.61103344 -0.21082661 0.47137561
v -0.61616981 -0.21680415 0.45472562
v -0.62477225 -0.22377798 0.43003595
v -0.62924045 -0.20937052 0.44891632
v -0.64218581 -0.20186028 0.44315884
v -0.63475269 -0.21557799 0.43003595
v -0.63871980 -0.21887332 0.41800234
v -0.65137285 -0.21113315 0.41219300
v -0.65625870 -0.21672752 0.39362389
v -0.66866118 -0.20875746 0.38760704
v -0.68085486 -0.20071074 0.38153839
v -0.67292064 -0.21358547 0.37002343
v -0.67709655 -0.21734062 0.35425526
v -0.68908143 -0.20914063 0.34813470
v -0.70102459 -0.20094064 0.34206602
v -0.69304860 -0.21358547 0.33003238
v -0.69342440 -0.21396866 0.32826883
v -0.68344396 -0.22293499 0.32826883
v -0.67191839 -0.23274431 0.32826883
v -0.89996558 0.12000810 0.32826883
v -0.88827300 0.10996887 0.35000199
v -0.89716768 0.11150157 0.32826883
v -0.87791669 0.10996887 0.37515849
v -0.87136048 0.10996887 0.39004490
v -0.86288339 0.11150157 0.40949580
v -0.85795581 0.10583057 0.41577196
v -0.85361284 0.11150157 0.42837614
v -0.88029695 0.09916329 0.36073887
v -0.84354883 0.10996887 0.44663405
v -0.83816189 0.10996887 0.45664480
v -0.82379675 0.09126985 0.46976769
v -0.82041425 0.09878011 0.48076391
v -0.81277227 0.09126985 0.48849240
v -0.80041158 0.07893156 0.50073349
v -0.76287001 0.03003823 0.52423018
v -0.76023918 0.01953918 0.52044374
v -0.75589621 0.03003823 0.53424096
v -0.78408372 0.05004004 0.50638723
v -0.77761102 0.05004004 0.51639795
v -0.79757196 0.06567365 0.49611717
v -0.74946529 0.01103266 0.52926153
v -0.73572654 -0.01149812 0.53086942
v -0.73956835 -0.01916166 0.51935452
v -0.72578782 -0.02927752 0.52972829
v -0.71722716 -0.03548498 0.53621197
v -0.71008635 -0.03004387 0.55011284
v -0.69868606 -0.03793731 0.55836004
v -0.75668967 0.00620463 0.51515311
v -0.74336845 -0.00582711 0.52480078
v -0.68461323 -0.04996905 0.56556988
v -0.67621958 -0.04996905 0.57558060
v -0.68081313 -0.06100455 0.56095350
v -0.66886997 -0.06843817 0.56868201
v -0.65680158 -0.07579516 0.57641047
v -0.64348036 -0.08422504 0.58382779
v -0.63099438 -0.09119886 0.59108943
v -0.63805169 -0.09755959 0.57786280
v -0.62473047 -0.10537639 0.58507264
v -0.61199391 -0.11212030 0.59207493
v -0.59909034 -0.11894085 0.59902543
v -0.60510361 -0.10560630 0.60509408
v -0.59207475 -0.11219694 0.61194080
v -0.57879531 -0.11871095 0.61883938
v -0.58505923 -0.10537639 0.62464875
v -0.57165450 -0.11166050 0.63149548
v -0.55808276 -0.11802122 0.63829029
v -0.53661847 -0.11671843 0.65722251
v -0.52906007 -0.12890345 0.65260619
v -0.52906007 -0.24538913 0.51209283
v -0.52906007 -0.23489010 0.52905405
v -0.52906007 -0.23389384 0.53061008
v -0.54020977 -0.22009948 0.54025775
v -0.54505384 -0.22347143 0.53003955
v -0.55507606 -0.21634436 0.53003955
v -0.56246746 -0.20193690 0.54264373
v -0.56948304 -0.20584530 0.52920961
v -0.58171844 -0.20132384 0.52194798
v -0.57136220 -0.21619108 0.51193726
v -0.58902633 -0.20461914 0.50851387
v -0.60071892 -0.20055747 0.50083727
v -0.59061319 -0.21473500 0.49124146
v -0.60497838 -0.20400605 0.49004847
v -0.61926001 -0.19933131 0.47900036
v -0.62418759 -0.20346960 0.46567002
v -0.63750881 -0.19772196 0.45648921
v -0.65020359 -0.19013506 0.45026490
v -0.65650928 -0.19672570 0.43003595
v -0.65980822 -0.19979110 0.41971403
v -0.64648706 -0.20553878 0.43003595
v -0.66377532 -0.20339298 0.40638366
v -0.67709655 -0.19718552 0.39486873
v -0.68908143 -0.18906218 0.38833323
v -0.70098281 -0.18093884 0.38179773
v -0.69392550 -0.19404346 0.37002343
v -0.69772559 -0.19772196 0.35539636
v -0.68390334 -0.20354626 0.37002343
v -0.70933467 -0.18929207 0.34860152
v -0.72086024 -0.18086219 0.34180665
v -0.71480513 -0.19335374 0.32826883
v -0.70378071 -0.20354626 0.33003238
v -0.70432359 -0.20377615 0.32826883
v -0.89616549 0.11012214 0.32966930
v -0.88225967 0.09149976 0.34880900
v -0.88960928 0.08996705 0.32826883
v -0.87420011 0.09149976 0.36846739
v -0.86417788 0.09004369 0.39030427
v -0.86112946 0.09678759 0.40244162
v -0.85524142 0.09004369 0.40949580
v -0.84471810 0.09004369 0.43050277
v -0.84116858 0.09678759 0.44222519
v -0.87783319 0.08582874 0.35467020
v -0.83473766 0.09004369 0.44933125
v -0.82166702 0.07594278 0.46297282
v -0.81782514 0.08544557 0.47630316
v -0.80396110 0.07134467 0.48968542
v -0.77305925 0.03057467 0.50913632
v -0.78120232 0.03754849 0.50192648
v -0.77794510 0.02421394 0.49673960
v -0.76362169 0.01172238 0.50908446
v -0.76115787 -0.00207198 0.50182277
v -0.79448175 0.04981014 0.48968542
v -0.80166435 0.05632414 0.48278680
v -0.75038397 -0.01065513 0.51058865
v -0.75739956 -0.01540653 0.49596155
v -0.74303436 -0.02996723 0.50457180
v -0.74002773 -0.04000647 0.50005925
v -0.73622763 -0.02996723 0.51458257
v -0.72211301 -0.04314851 0.52288163
v -0.70390600 -0.04583075 0.54502970
v -0.69534534 -0.05150176 0.55104649
v -0.69943774 -0.05916530 0.53927225
v -0.68131423 -0.08169608 0.54165822
v -0.67592728 -0.07433909 0.55498856
v -0.66256434 -0.08330542 0.56308013
v -0.65041238 -0.09043251 0.57044554
v -0.65734446 -0.09663998 0.55685586
v -0.64398146 -0.10461004 0.56453246
v -0.63145369 -0.11166050 0.57163852
v -0.61884242 -0.11863431 0.57874459
v -0.60552120 -0.12568475 0.58574694
v -0.59904855 -0.13901931 0.57905585
v -0.59240884 -0.13235202 0.59243804
v -0.57904589 -0.13901931 0.59902543
v -0.58572733 -0.12568475 0.60545719
v -0.57228088 -0.13219877 0.61209643
v -0.56547415 -0.12530158 0.62495995
v -0.55858386 -0.13863613 0.61868382
v -0.55165184 -0.13150904 0.63139170
v -0.53749543 -0.13771650 0.63787532
v -0.54471982 -0.12438196 0.64389217
v -0.52906007 -0.13089596 0.65089446
v -0.52906007 -0.22393125 0.54549652
v -0.53002053 -0.22354805 0.54518533
v -0.52906007 -0.21680415 0.55566287
v -0.54267359 -0.20193690 0.56261331
v -0.54810226 -0.20860419 0.54808998
v -0.55599475 -0.19687897 0.55597407
v -0.57006764 -0.18998179 0.55006099
v -0.58380640 -0.18316126 0.54409605
v -0.57583040 -0.19649580 0.53527832
v -0.58940220 -0.18952200 0.52936524
v -0.59503967 -0.19580609 0.51421946
v -0.60293216 -0.18247154 0.52345216
v -0.60848612 -0.18867901 0.50815082
v -0.62168205 -0.18147528 0.50208211
v -0.61495882 -0.19557616 0.49004847
v -0.62898993 -0.18454069 0.48807746
v -0.64009786 -0.18001920 0.48014149
v -0.63053501 -0.19427338 0.47142750
v -0.64368916 -0.18339115 0.47002703
v -0.65817964 -0.17817995 0.45731908
v -0.66260612 -0.18247154 0.44398874
v -0.66957986 -0.18538368 0.42806494
v -0.68006146 -0.18001920 0.42012897
v -0.67028981 -0.19419673 0.41182992
v -0.68302637 -0.18293133 0.41001451
v -0.69730800 -0.17718370 0.39512807
v -0.70895886 -0.16883044 0.38802201
v -0.72044265 -0.16047719 0.38086408
v -0.71401173 -0.17342857 0.37002343
v -0.71768653 -0.17749023 0.35513702
v -0.70398951 -0.18400425 0.37002343
v -0.73388910 -0.17327529 0.32826883
v -0.72349107 -0.18362108 0.33003238
v -0.74027824 -0.16024730 0.34056181
v -0.72374159 -0.18415752 0.32826883
v -0.88894111 0.08996705 0.33003238
v -0.88050580 0.07862502 0.34133986
v -0.88255197 0.07111476 0.32826883
v -0.88238490 0.07111476 0.32873565
v -0.86488783 0.06942878 0.37074959
v -0.86167234 0.07555961 0.38382059
v -0.85866570 0.08345304 0.39715096
v -0.84609616 0.06889234 0.41131121
v -0.84208727 0.07471662 0.42412287
v -0.83862126 0.08345304 0.43745324
v -0.87461770 0.07111476 0.34880900
v -0.82571769 0.06958205 0.45083547
v -0.81886911 0.06268487 0.45804524
v -0.81502730 0.06958205 0.46976769
v -0.79865766 0.04298960 0.47775552
v -0.78512770 0.03057467 0.49004847
v -0.78203750 0.01601396 0.48340923
v -0.77464610 0.00965323 0.49004847
v -0.76483268 -0.00919906 0.48958164
v -0.77861327 0.00267942 0.47770363
v -0.80588204 0.04981014 0.47064945
v -0.76161724 -0.02276351 0.48263121
v -0.75305659 -0.02966069 0.48958164
v -0.74261677 -0.04797654 0.48807746
v -0.74006945 -0.06000829 0.48008960
v -0.73568475 -0.05334101 0.49341998
v -0.72236353 -0.06338024 0.50337887
v -0.72887802 -0.04820644 0.50841016
v -0.75765014 -0.03609806 0.47625130
v -0.71768653 -0.05648306 0.51670921
v -0.70436531 -0.06621574 0.52594191
v -0.69973004 -0.07955030 0.51961386
v -0.69626403 -0.07173349 0.53159559
v -0.68540663 -0.08897644 0.52905405
v -0.67617786 -0.09503062 0.53507084
v -0.66285664 -0.10338388 0.54352552
v -0.65062118 -0.11066423 0.55073529
v -0.63821870 -0.11794458 0.55794513
v -0.62489754 -0.12522495 0.56541425
v -0.61207741 -0.13212213 0.57226098
v -0.61863363 -0.13855949 0.55846381
v -0.60531247 -0.14515013 0.56572545
v -0.59846389 -0.15848468 0.55836004
v -0.59207475 -0.15197067 0.57220912
v -0.57871181 -0.15871458 0.57869273
v -0.58572733 -0.14538004 0.58574694
v -0.57219738 -0.15197067 0.59217870
v -0.55845857 -0.15863794 0.59855860
v -0.56572467 -0.14530340 0.60535342
v -0.55186063 -0.15158750 0.61162961
v -0.54526269 -0.14453705 0.62454498
v -0.52906007 -0.15143423 0.63144356
v -0.52906007 -0.14875199 0.63408893
v -0.52906007 -0.13319501 0.64876783
v -0.52906007 -0.22316489 0.54663765
v -0.52906007 -0.20592195 0.57013434
v -0.53557456 -0.19664907 0.57594365
v -0.55014849 -0.19005844 0.57013434
v -0.56426311 -0.18354443 0.56437689
v -0.57762605 -0.17787342 0.55747831
v -0.59712762 -0.17741360 0.53678250
v -0.61036527 -0.17028652 0.53040260
v -0.61625338 -0.17649397 0.51541245
v -0.62915695 -0.16921362 0.50898069
v -0.64197707 -0.16185664 0.50254893
v -0.63500327 -0.17519118 0.49347183
v -0.64769804 -0.16768092 0.48688447
v -0.66022581 -0.16017066 0.48034897
v -0.65371138 -0.17381175 0.47002703
v -0.66373360 -0.16377251 0.47002703
v -0.67809880 -0.15794823 0.45711163
v -0.67037332 -0.17036316 0.45052424
v -0.67596906 -0.17580426 0.43345934
v -0.68536490 -0.16944353 0.42806494
v -0.69981360 -0.15971084 0.41966215
v -0.69430137 -0.17028652 0.41182992
v -0.70357192 -0.16384915 0.40633178
v -0.71693486 -0.15641552 0.39419442
v -0.72562081 -0.14982489 0.38854069
v -0.73956835 -0.13940248 0.37910053
v -0.73426497 -0.14997816 0.37147576
v -0.73714632 -0.15664543 0.35389215
v -0.72319877 -0.16346598 0.37002343
v -0.74253327 -0.16285288 0.33003238
v -0.74290907 -0.16323607 0.32826883
v -0.74533111 -0.14997816 0.34834218
v -0.75919521 -0.13901931 0.33822769
v -0.75397527 -0.15036133 0.32826883
v -0.87791669 0.06536711 0.33454499
v -0.87908596 0.06237833 0.32826883
v -0.85908329 0.06230170 0.37790754
v -0.86188114 0.05548115 0.36457717
v -0.85628539 0.06942878 0.39030427
v -0.84267187 0.05379517 0.40555376
v -0.83941472 0.06145871 0.41888410
v -0.83636624 0.06889234 0.43050277
v -0.86492956 0.04935033 0.35067630
v -0.82258570 0.05417835 0.44471490
v -0.81665587 0.04850734 0.45083547
v -0.80254126 0.03471298 0.46442515
v -0.79602683 0.02881206 0.47064945
v -0.79932582 0.02137843 0.45887518
v -0.78638047 0.00965323 0.47064945
v -0.77552307 -0.01080840 0.47064945
v -0.78253859 -0.00467758 0.46437329
v -0.77890557 -0.01801212 0.45814902
v -0.76537555 -0.02966069 0.46976769
v -0.74315965 -0.06468304 0.47002703
v -0.73973542 -0.07955030 0.45954949
v -0.73643643 -0.07472226 0.47002703
v -0.72215474 -0.08292225 0.48330551
v -0.72891974 -0.06836154 0.48833680
v -0.75314009 -0.04966252 0.46976769
v -0.75752485 -0.05609988 0.45586675
v -0.71772826 -0.07671478 0.49663585
v -0.76174253 -0.04276533 0.46292096
v -0.70440710 -0.08591102 0.50628352
v -0.69952124 -0.09924556 0.49928117
v -0.69630581 -0.09158203 0.51178163
v -0.68131423 -0.10162127 0.52174050
v -0.66937113 -0.10913153 0.52915776
v -0.65726089 -0.11671843 0.53662694
v -0.64389795 -0.12422869 0.54461473
v -0.63132846 -0.13135578 0.55156523
v -0.63775933 -0.13756323 0.53735310
v -0.62443817 -0.14446041 0.54513347
v -0.61153460 -0.15151086 0.55172080
v -0.61779845 -0.15779495 0.53740495
v -0.60447729 -0.16407906 0.54502970
v -0.59111428 -0.17097624 0.55125397
v -0.58514273 -0.16453886 0.56536239
v -0.57148743 -0.17128278 0.57153481
v -0.56534886 -0.16461550 0.58528012
v -0.54513741 -0.16423233 0.60452354
v -0.53757894 -0.15787159 0.61785388
v -0.55758166 -0.17795005 0.57770723
v -0.55135953 -0.17105287 0.59129691
v -0.52906007 -0.15419310 0.62869453
v -0.52906007 -0.19059488 0.58906657
v -0.54426044 -0.18331453 0.58393151
v -0.62335241 -0.16315943 0.52407461
v -0.63667363 -0.15664543 0.51587927
v -0.64928490 -0.14921181 0.50908446
v -0.65529823 -0.15511273 0.49367931
v -0.66168737 -0.14177817 0.50228959
v -0.66498637 -0.14905854 0.48823306
v -0.67976916 -0.13963239 0.47962278
v -0.67484152 -0.15074451 0.47179055
v -0.68239999 -0.16246971 0.44378126
v -0.68419564 -0.14461368 0.46629244
v -0.70177627 -0.14193144 0.44279575
v -0.69663990 -0.15626225 0.43003595
v -0.70557636 -0.14629966 0.43003595
v -0.71129739 -0.15143423 0.41229674
v -0.72269762 -0.14308098 0.40487945
v -0.75652260 -0.13557072 0.35000199
v -0.74278384 -0.14331089 0.36577016
v -0.73668700 -0.13587725 0.39004490
v -0.74462122 -0.12583803 0.39004490
v -0.75815123 -0.11748478 0.37629962
v -0.76136667 -0.12177636 0.36296925
v -0.76428986 -0.12560812 0.35000199
v -0.77155596 -0.12829036 0.32826883
v -0.76132494 -0.14162491 0.32826883
v -0.87474298 0.05187929 0.32826883
v -0.85661948 0.04935033 0.37074959
v -0.84676433 0.04827743 0.39175659
v -0.85908329 0.04214661 0.35778233
v -0.83979052 0.04046063 0.39958882
v -0.83741021 0.04827743 0.41131121
v -0.82709569 0.04850734 0.43164390
v -0.86175585 0.03609242 0.34445199
v -0.87436718 0.05141948 0.32873565
v -0.81962079 0.04084381 0.43937239
v -0.80717659 0.02881206 0.45135415
v -0.80308414 0.01394480 0.44554481
v -0.79694557 0.00835042 0.45135415
v -0.79970163 0.00061026 0.43947613
v -0.78266388 -0.02467940 0.44481865
v -0.77573186 -0.03081022 0.45088732
v -0.74370253 -0.08522131 0.44621912
v -0.73898375 -0.09855585 0.43823129
v -0.73614413 -0.09112222 0.45176911
v -0.72157013 -0.10200444 0.46250600
v -0.72608012 -0.08974279 0.46950832
v -0.75059283 -0.07089050 0.45104295
v -0.75702369 -0.07556525 0.43475604
v -0.71735245 -0.09625679 0.47583637
v -0.71087974 -0.09112222 0.49129334
v -0.76140845 -0.06223071 0.44253641
v -0.76525027 -0.04966252 0.44953874
v -0.77886379 -0.03801394 0.43797195
v -0.70398951 -0.10506986 0.48595083
v -0.69876957 -0.11840440 0.47817045
v -0.69542885 -0.11104742 0.49155268
v -0.68081313 -0.12093337 0.50114846
v -0.67588556 -0.11495581 0.51447880
v -0.66252255 -0.12284926 0.52324468
v -0.65024537 -0.13020624 0.53029889
v -0.64327157 -0.14331089 0.52402270
v -0.63057679 -0.15051460 0.53071386
v -0.53695256 -0.17756687 0.59720999
v -0.52906007 -0.17112951 0.61111093
v -0.52906007 -0.18967524 0.59015578
v -0.65659279 -0.13618380 0.51561993
v -0.66878647 -0.12852027 0.50835824
v -0.67609435 -0.13541745 0.49004847
v -0.69751680 -0.13702679 0.45612609
v -0.68469673 -0.12545486 0.49004847
v -0.69150347 -0.13166231 0.47225738
v -0.70908415 -0.12882681 0.44850135
v -0.72056794 -0.12062682 0.44087660
v -0.71555680 -0.13457446 0.43003595
v -0.71902281 -0.13871276 0.41820979
v -0.74140579 -0.12169972 0.40254533
v -0.75552040 -0.11051096 0.39165285
v -0.75965452 -0.09955211 0.39943320
v -0.76299530 -0.10415024 0.38610286
v -0.76633602 -0.11051096 0.36981595
v -0.77510548 -0.11005116 0.35129869
v -0.77765280 -0.11671843 0.33438939
v -0.77890557 -0.11848104 0.32826883
v -0.87445068 0.05118958 0.32826883
v -0.84676433 0.02835225 0.37173513
v -0.84283894 0.03386999 0.38625848
v -0.85628539 0.02965505 0.35067630
v -0.83974874 0.02053544 0.37951547
v -0.83770257 0.02835225 0.39175659
v -0.82329559 0.01340836 0.40669489
v -0.82776386 0.02804571 0.41203737
v -0.82312858 0.03341018 0.42604205
v -0.86438668 0.02965505 0.33003238
v -0.85870743 0.02275787 0.33672351
v -0.81999665 0.02007563 0.42002523
v -0.81761634 0.02804571 0.43164390
v -0.80780292 0.00835042 0.43169576
v -0.81795043 0.00804389 0.41203737
v -0.80325121 -0.00598038 0.42614579
v -0.79961812 -0.01931492 0.41935092
v -0.79719609 -0.01157476 0.43169576
v -0.74274206 -0.10369042 0.42490092
v -0.73434848 -0.11020443 0.43096960
v -0.72466034 -0.10920817 0.44855320
v -0.74988288 -0.08981943 0.42982846
v -0.71643376 -0.11533898 0.45420694
v -0.71021163 -0.11020443 0.47033823
v -0.76433158 -0.06928116 0.42889485
v -0.76074028 -0.08108300 0.42142570
v -0.77518898 -0.05035223 0.43076211
v -0.77836269 -0.05732605 0.41691309
v -0.79677850 -0.03119340 0.41162243
v -0.78241336 -0.04399150 0.42464158
v -0.70311254 -0.12369224 0.46484011
v -0.52906007 -0.17319866 0.60882866
v -0.72369987 -0.12453523 0.43003595
v -0.73773098 -0.11702497 0.41587570
v -0.74629158 -0.11020443 0.40954769
v -0.75681490 -0.09549044 0.41001451
v -0.76374698 -0.08545122 0.41001451
v -0.77756929 -0.07617834 0.39507622
v -0.77026141 -0.09035587 0.39061546
v -0.77685934 -0.09533717 0.37002343
v -0.77944845 -0.09916894 0.35881972
v -0.78232980 -0.10338388 0.34548938
v -0.78471011 -0.11005116 0.32863191
v -0.78445953 -0.11058760 0.32826883
v -0.86505485 0.02973168 0.32826883
v -0.84267187 0.01463452 0.36618513
v -0.84609616 0.00881024 0.35109124
v -0.83732671 0.00881024 0.37173513
v -0.82308680 -0.00582711 0.38667342
v -0.82768035 0.00804389 0.39201593
v -0.81995487 0.00007381 0.40000376
v -0.86033607 0.01938592 0.32826883
v -0.85691178 0.01233546 0.32826883
v -0.80776119 -0.01157476 0.41162243
v -0.80304241 -0.02529248 0.40602058
v -0.77401972 -0.06966433 0.41017011
v -0.78178692 -0.06284378 0.40358275
v -0.78608817 -0.05035223 0.41017011
v -0.79920053 -0.03862703 0.39844769
v -0.78462660 -0.06966433 0.38905939
v -0.78082651 -0.08123627 0.38174585
v -0.78358257 -0.08537458 0.37002343
v -0.78980470 -0.08974279 0.34963888
v -0.80016100 -0.08024001 0.34040621
v -0.79556751 -0.09342128 0.33003238
v -0.79590154 -0.09395774 0.32826883
v -0.83933115 0.00129998 0.35845664
v -0.84208727 -0.00398786 0.34512627
v -0.82697046 -0.01149812 0.37147576
v -0.81957906 -0.01916166 0.37910053
v -0.81757462 -0.01149812 0.39201593
v -0.84546977 -0.01027196 0.32826883
v -0.80705130 -0.03119340 0.39108229
v -0.79565102 -0.05042887 0.39108229
v -0.79840714 -0.05740269 0.37661082
v -0.80245775 -0.04406814 0.38511735
v -0.79389715 -0.06935780 0.36997157
v -0.80145556 -0.06238398 0.36328048
v -0.79723787 -0.07564189 0.35373655
v -0.80220723 -0.08338206 0.33003238
v -0.80354351 -0.06935780 0.34829029
v -0.81761634 -0.05602324 0.33407816
v -0.81247997 -0.06820826 0.32826883
v -0.80249953 -0.08399513 0.32826883
v -0.83628273 -0.01042522 0.35109124
v -0.84475988 -0.01042522 0.32987678
v -0.83857948 -0.01732241 0.33646414
v -0.82250220 -0.02452613 0.36577016
v -0.81648886 -0.03073359 0.37147576
v -0.84020811 -0.02031118 0.32826883
v -0.80563146 -0.05042887 0.36997157
v -0.81878561 -0.03786068 0.35721177
v -0.81473500 -0.04958588 0.35031319
v -0.82158351 -0.04268870 0.34388143
v -0.81878561 -0.05793913 0.32826883
v -0.82563412 -0.03073359 0.35031319
v -0.83490467 -0.02989060 0.32826883
v -0.83461237 -0.02927752 0.32987678
v -0.82350445 -0.04989242 0.32826883
f 1 2 7
f 1 7 3
f 1 3 9
f 1 9 15
f 1 15 26
f 1 26 45
f 1 45 66
f 1 66 92
f 1 92 91
f 1 91 126
f 1 126 125
f 1 125 124
f 1 124 157
f 1 157 159
f 1 159 196
f 1 196 240
f 1 240 293
f 1 293 358
f 1 358 357
f 1 357 417
f 1 417 479
f 1 479 535
f 1 535 591
f 1 591 647
f 1 647 700
f 1 700 758
f 1 758 821
f 1 821 820
f 1 820 819
f 1 819 879
f 1 879 878
f 1 878 936
f 1 936 938
f 1 938 992
f 1 992 994
f 1 994 1058
f 1 1058 1109
f 1 1109 1114
f 1 1114 1113
f 1 1113 1174
f 1 1174 1176
f 1 1176 1175
f 1 1175 1240
f 1 1240 1312
f 1 1312 1311
f 1 1311 1380
f 1 1380 1455
f 1 1455 1533
f 1 1533 1616
f 1 1616 1705
f 1 1705 1704
f 1 1704 1703
f 1 1703 1789
f 1 1789 1854
f 1 1854 1905
f 1 1905 1855
f 1 1855 1790
f 1 1790 1707
f 1 1707 1619
f 1 1619 1706
f 1 1706 1617
f 1 1617 1536
f 1 1536 1535
f 1 1535 1534
f 1 1534 1457
f 1 1457 1456
f 1 1456 1383
f 1 1383 1382
f 1 1382 1315
f 1 1315 1314
f 1 1314 1313
f 1 1313 1241
f 1 1241 1177
f 1 1177 1115
f 1 1115 1059
f 1 1059 995
f 1 995 940
f 1 940 939
f 1 939 880
f 1 880 822
f 1 822 760
f 1 760 701
f 1 701 648
f 1 648 593
f 1 593 536
f 1 536 480
f 1 480 419
f 1 419 361
f 1 361 296
f 1 296 243
f 1 243 198
f 1 198 161
f 1 161 127
f 1 127 93
f 1 93 67
f 1 67 46
f 1 46 27
f 1 27 16
f 1 16 10
f 1 10 4
f 1 4 8
f 1 8 2
f 2 5 6
f 2 6 7
f 2 8 5
f 3 7 9
f 4 10 8
f 5 11 12
f 5 12 6
f 5 8 13
f 5 13 20
f 5 20 11
f 6 12 14
f 6 14 7
f 7 14 9
f 8 10 13
f 9 14 15
f 10 16 17
f 10 17 18
f 10 18 13
f 11 19 12
f 11 20 19
f 12 19 21
f 12 21 22
f 12 22 23
f 12 23 14
f 13 18 20
f 14 23 24
f 14 24 25
f 14 25 26
f 14 26 15
f 16 27 17
f 17 27 28
f 17 28 29
f 17 29 30
f 17 30 18
f 18 30 31
f 18 31 32
f 18 32 33
f 18 33 34
f 18 34 35
f 18 35 36
f 18 36 20
f 19 37 21
f 19 20 36
f 19 36 37
f 21 37 38
f 21 38 22
f 22 39 40
f 22 40 41
f 22 41 24
f 22 24 23
f 22 38 39
f 24 41 42
f 24 42 43
f 24 43 44
f 24 44 25
f 25 45 26
f 25 44 45
f 27 46 28
f 28 46 47
f 28 47 48
f 28 48 29
f 29 48 30
f 30 48 49
f 30 49 31
f 31 50 51
f 31 51 32
f 31 49 52
f 31 52 50
f 32 51 53
f 32 53 54
f 32 54 55
f 32 55 33
f 33 55 56
f 33 56 34
f 34 56 37
f 34 37 35
f 35 37 36
f 37 56 38
f 38 56 57
f 38 57 58
f 38 58 39
f 39 58 40
f 40 59 60
f 40 60 41
f 40 58 59
f 41 60 42
f 42 60 61
f 42 61 86
f 42 86 62
f 42 62 43
f 43 62 63
f 43 63 64
f 43 64 44
f 44 64 65
f 44 65 45
f 45 65 66
f 46 67 68
f 46 68 47
f 47 68 69
f 47 69 48
f 48 69 52
f 48 52 49
f 50 70 71
f 50 71 72
f 50 72 51
f 50 52 73
f 50 73 70
f 51 74 75
f 51 75 76
f 51 76 53
f 51 72 74
f 52 69 73
f 53 76 77
f 53 77 78
f 53 78 54
f 54 78 79
f 54 79 80
f 54 80 55
f 55 80 81
f 55 81 56
f 56 81 57
f 57 81 82
f 57 82 58
f 58 82 83
f 58 83 59
f 59 83 84
f 59 84 60
f 60 84 61
f 61 84 85
f 61 85 86
f 62 86 87
f 62 87 63
f 63 87 88
f 63 88 89
f 63 89 64
f 64 89 90
f 64 90 91
f 64 91 65
f 65 92 66
f 65 91 92
f 67 93 94
f 67 94 68
f 68 94 95
f 68 95 69
f 69 96 73
f 69 95 97
f 69 97 96
f 70 73 96
f 70 96 71
f 71 98 72
f 71 96 99
f 71 99 98
f 72 98 100
f 72 100 101
f 72 101 102
f 72 102 74
f 74 102 103
f 74 103 104
f 74 104 75
f 75 104 105
f 75 105 106
f 75 106 107
f 75 107 77
f 75 77 76
f 77 107 108
f 77 108 109
f 77 109 79
f 77 79 78
f 79 109 110
f 79 110 111
f 79 111 80
f 80 111 112
f 80 112 82
f 80 82 81
f 82 112 113
f 82 113 83
f 83 113 114
f 83 114 115
f 83 115 84
f 84 115 116
f 84 116 85
f 85 116 117
f 85 117 118
f 85 118 86
f 86 118 119
f 86 119 87
f 87 119 120
f 87 120 88
f 88 121 89
f 88 120 122
f 88 122 123
f 88 123 121
f 89 121 124
f 89 124 125
f 89 125 90
f 90 126 91
f 90 125 126
f 93 127 128
f 93 128 94
f 94 128 129
f 94 129 130
f 94 130 131
f 94 131 95
f 95 131 97
f 96 97 132
f 96 132 99
f 97 131 130
f 97 130 133
f 97 133 132
f 98 99 134
f 98 134 135
f 98 135 100
f 99 132 134
f 100 136 101
f 100 135 136
f 101 136 137
f 101 137 138
f 101 138 102
f 102 138 139
f 102 139 103
f 103 139 140
f 103 140 104
f 104 140 141
f 104 141 108
f 104 108 105
f 105 108 106
f 106 108 107
f 108 142 109
f 108 141 143
f 108 143 142
f 109 142 143
f 109 143 144
f 109 144 110
f 110 144 145
f 110 145 146
f 110 146 111
f 111 146 147
f 111 147 112
f 112 147 113
f 113 147 148
f 113 148 114
f 114 148 149
f 114 149 150
f 114 150 116
f 114 116 115
f 116 150 117
f 117 150 151
f 117 151 152
f 117 152 153
f 117 153 118
f 118 153 154
f 118 154 119
f 119 154 120
f 120 154 155
f 120 155 156
f 120 156 122
f 121 123 157
f 121 157 124
f 122 156 158
f 122 158 123
f 123 158 159
f 123 159 157
f 127 160 128
f 127 161 162
f 127 162 160
f 128 160 163
f 128 163 164
f 128 164 165
f 128 165 166
f 128 166 167
f 128 167 129
f 129 167 168
f 129 168 169
f 129 169 130
f 130 169 170
f 130 170 133
f 132 171 134
f 132 133 170
f 132 170 171
f 134 171 135
f 135 171 172
f 135 172 173
f 135 173 136
f 136 174 137
f 136 173 174
f 137 175 176
f 137 176 138
f 137 174 175
f 138 176 177
f 138 177 139
f 139 177 178
f 139 178 140
f 140 178 179
f 140 179 180
f 140 180 141
f 141 180 143
f 143 180 181
f 143 181 182
f 143 182 144
f 144 182 183
f 144 183 145
f 145 183 184
f 145 184 146
f 146 184 185
f 146 185 148
f 146 148 147
f 148 185 186
f 148 186 149
f 149 186 151
f 149 151 150
f 151 187 188
f 151 188 189
f 151 189 152
f 151 186 187
f 152 189 153
f 153 189 190
f 153 190 191
f 153 191 154
f 154 191 192
f 154 192 155
f 155 192 156
f 156 192 193
f 156 193 194
f 156 194 158
f 158 194 195
f 158 195 159
f 159 195 196
f 160 197 163
f 160 162 199
f 160 199 245
f 160 245 244
f 160 244 298
f 160 298 362
f 160 362 420
f 160 420 481
f 160 481 537
f 160 537 592
f 160 592 593
f 160 593 648
f 160 648 702
f 160 702 761
f 160 761 824
f 160 824 886
f 160 886 944
f 160 944 1002
f 160 1002 1066
f 160 1066 1127
f 160 1127 1126
f 160 1126 1188
f 160 1188 1256
f 160 1256 1333
f 160 1333 1401
f 160 1401 1407
f 160 1407 1484
f 160 1484 1483
f 160 1483 1482
f 160 1482 1566
f 160 1566 1564
f 160 1564 1651
f 160 1651 1648
f 160 1648 1736
f 160 1736 1739
f 160 1739 1815
f 160 1815 1814
f 160 1814 1873
f 160 1873 1917
f 160 1917 1939
f 160 1939 1957
f 160 1957 1956
f 160 1956 1968
f 160 1968 1972
f 160 1972 1970
f 160 1970 1963
f 160 1963 1945
f 160 1945 1926
f 160 1926 1925
f 160 1925 1918
f 160 1918 1874
f 160 1874 1816
f 160 1816 1741
f 160 1741 1654
f 160 1654 1569
f 160 1569 1487
f 160 1487 1485
f 160 1485 1408
f 160 1408 1336
f 160 1336 1335
f 160 1335 1334
f 160 1334 1262
f 160 1262 1261
f 160 1261 1260
f 160 1260 1259
f 160 1259 1258
f 160 1258 1257
f 160 1257 1189
f 160 1189 1128
f 160 1128 1067
f 160 1067 1007
f 160 1007 1006
f 160 1006 1005
f 160 1005 1004
f 160 1004 1003
f 160 1003 945
f 160 945 887
f 160 887 825
f 160 825 764
f 160 764 763
f 160 763 762
f 160 762 704
f 160 704 703
f 160 703 650
f 160 650 649
f 160 649 594
f 160 594 538
f 160 538 482
f 160 482 421
f 160 421 418
f 160 418 360
f 160 360 295
f 160 295 242
f 160 242 197
f 161 198 162
f 162 198 199
f 163 197 200
f 163 200 164
f 164 200 201
f 164 201 165
f 165 202 166
f 165 201 203
f 165 203 204
f 165 204 202
f 166 202 205
f 166 205 167
f 167 205 206
f 167 206 207
f 167 207 168
f 168 207 208
f 168 208 209
f 168 209 169
f 169 209 170
f 170 209 171
f 171 209 172
f 172 210 173
f 172 209 211
f 172 211 208
f 172 208 210
f 173 210 212
f 173 212 174
f 174 213 175
f 174 212 213
f 175 213 214
f 175 214 215
f 175 215 216
f 175 216 217
f 175 217 218
f 175 218 176
f 176 218 219
f 176 219 220
f 176 220 177
f 177 220 270
f 177 270 221
f 177 221 178
f 178 221 222
f 178 222 179
f 179 222 223
f 179 223 180
f 180 223 224
f 180 224 181
f 181 224 182
f 182 224 225
f 182 225 183
f 183 225 226
f 183 226 227
f 183 227 184
f 184 227 228
f 184 228 229
f 184 229 186
f 184 186 185
f 186 229 187
f 187 229 228
f 187 228 230
f 187 230 231
f 187 231 188
f 188 231 189
f 189 231 232
f 189 232 233
f 189 233 190
f 190 233 234
f 190 234 191
f 191 234 235
f 191 235 192
f 192 235 236
f 192 236 193
f 193 236 237
f 193 237 194
f 194 237 238
f 194 238 195
f 195 238 239
f 195 239 196
f 196 239 240
f 197 241 200
f 197 242 241
f 198 243 244
f 198 244 245
f 198 245 199
f 200 241 246
f 200 246 201
f 201 246 247
f 201 247 203
f 202 204 248
f 202 248 249
f 202 249 205
f 203 247 204
f 204 247 250
f 204 250 251
f 204 251 248
f 205 249 252
f 205 252 253
f 205 253 206
f 206 253 208
f 206 208 207
f 208 254 210
f 208 211 209
f 208 253 254
f 210 255 212
f 210 254 256
f 210 256 257
f 210 257 255
f 212 255 258
f 212 258 214
f 212 214 213
f 214 258 259
f 214 259 215
f 215 260 216
f 215 259 261
f 215 261 262
f 215 262 260
f 216 263 264
f 216 264 265
f 216 265 217
f 216 260 266
f 216 266 263
f 217 265 267
f 217 267 218
f 218 267 219
f 219 267 268
f 219 268 269
f 219 269 220
f 220 269 270
f 221 270 271
f 221 271 222
f 222 271 272
f 222 272 223
f 223 273 224
f 223 272 274
f 223 274 275
f 223 275 273
f 224 273 276
f 224 276 225
f 225 276 277
f 225 277 226
f 226 277 278
f 226 278 227
f 227 278 228
f 228 278 279
f 228 279 230
f 230 279 280
f 230 280 231
f 231 280 281
f 231 281 282
f 231 282 232
f 232 282 233
f 233 282 283
f 233 283 284
f 233 284 234
f 234 284 285
f 234 285 235
f 235 285 236
f 236 285 286
f 236 286 287
f 236 287 237
f 237 287 288
f 237 288 238
f 238 288 239
f 239 288 289
f 239 289 290
f 239 290 291
f 239 291 292
f 239 292 240
f 240 292 293
f 241 242 294
f 241 294 246
f 242 295 294
f 243 296 244
f 244 296 297
f 244 297 298
f 246 294 299
f 246 299 300
f 246 300 247
f 247 300 301
f 247 301 250
f 248 251 302
f 248 302 249
f 249 302 303
f 249 303 304
f 249 304 305
f 249 305 252
f 250 301 306
f 250 306 251
f 251 306 307
f 251 307 302
f 252 305 256
f 252 256 254
f 252 254 253
f 255 257 308
f 255 308 309
f 255 309 258
f 256 305 257
f 257 305 308
f 258 309 261
f 258 261 259
f 260 310 311
f 260 311 266
f 260 262 310
f 261 309 262
f 262 309 312
f 262 312 310
f 263 266 313
f 263 313 375
f 263 375 314
f 263 314 264
f 264 314 315
f 264 315 265
f 265 315 316
f 265 316 317
f 265 317 318
f 265 318 267
f 266 311 319
f 266 319 320
f 266 320 321
f 266 321 322
f 266 322 323
f 266 323 324
f 266 324 325
f 266 325 313
f 267 318 268
f 268 326 327
f 268 327 328
f 268 328 269
f 268 318 329
f 268 329 326
f 269 328 271
f 269 271 270
f 271 330 272
f 271 328 330
f 272 330 331
f 272 331 332
f 272 332 274
f 273 275 333
f 273 333 276
f 274 334 335
f 274 335 336
f 274 336 275
f 274 332 337
f 274 337 334
f 275 336 338
f 275 338 333
f 276 333 277
f 277 333 339
f 277 339 340
f 277 340 278
f 278 340 279
f 279 341 280
f 279 340 341
f 280 342 343
f 280 343 281
f 280 341 342
f 281 343 282
f 282 343 344
f 282 344 345
f 282 345 283
f 283 345 346
f 283 346 347
f 283 347 284
f 284 347 348
f 284 348 285
f 285 348 349
f 285 349 286
f 286 349 350
f 286 350 287
f 287 350 351
f 287 351 288
f 288 351 290
f 288 290 289
f 290 351 352
f 290 352 353
f 290 353 354
f 290 354 355
f 290 355 291
f 291 355 356
f 291 356 357
f 291 357 358
f 291 358 292
f 292 358 293
f 294 295 299
f 295 359 299
f 295 360 359
f 296 361 298
f 296 298 297
f 298 361 362
f 299 359 363
f 299 363 364
f 299 364 365
f 299 365 366
f 299 366 367
f 299 367 368
f 299 368 300
f 300 368 369
f 300 369 301
f 301 369 306
f 302 307 309
f 302 309 303
f 303 308 304
f 303 309 308
f 304 308 305
f 306 369 370
f 306 370 307
f 307 370 371
f 307 371 372
f 307 372 373
f 307 373 309
f 309 373 312
f 310 312 311
f 311 312 374
f 311 374 319
f 312 373 372
f 312 372 374
f 313 325 375
f 314 375 431
f 314 431 376
f 314 376 377
f 314 377 315
f 315 377 329
f 315 329 316
f 316 329 317
f 317 329 318
f 319 374 372
f 319 372 378
f 319 378 379
f 319 379 320
f 320 379 380
f 320 380 381
f 320 381 382
f 320 382 383
f 320 383 384
f 320 384 385
f 320 385 386
f 320 386 321
f 321 386 387
f 321 387 388
f 321 388 322
f 322 388 389
f 322 389 390
f 322 390 323
f 323 390 391
f 323 391 324
f 324 391 392
f 324 392 325
f 325 392 375
f 326 329 327
f 327 393 394
f 327 394 395
f 327 395 331
f 327 331 328
f 327 329 377
f 327 377 393
f 328 331 330
f 331 396 337
f 331 337 332
f 331 395 396
f 333 338 401
f 333 401 339
f 334 337 397
f 334 397 398
f 334 398 335
f 335 398 399
f 335 399 400
f 335 400 336
f 336 400 338
f 337 396 453
f 337 453 397
f 338 400 401
f 339 401 402
f 339 402 340
f 340 402 341
f 341 402 403
f 341 403 342
f 342 403 404
f 342 404 343
f 343 404 405
f 343 405 344
f 344 405 406
f 344 406 345
f 345 406 346
f 346 406 407
f 346 407 408
f 346 408 409
f 346 409 347
f 347 409 348
f 348 409 349
f 349 409 410
f 349 410 411
f 349 411 350
f 350 411 352
f 350 352 351
f 352 411 412
f 352 412 413
f 352 413 353
f 353 413 354
f 354 413 414
f 354 414 415
f 354 415 416
f 354 416 355
f 355 416 356
f 356 416 417
f 356 417 357
f 359 360 363
f 360 418 363
f 361 419 420
f 361 420 362
f 363 418 421
f 363 421 422
f 363 422 364
f 364 422 365
f 365 422 366
f 366 422 423
f 366 423 424
f 366 424 425
f 366 425 426
f 366 426 367
f 367 426 368
f 368 426 425
f 368 425 427
f 368 427 369
f 369 427 425
f 369 425 428
f 369 428 429
f 369 429 370
f 370 429 430
f 370 430 371
f 371 430 379
f 371 379 378
f 371 378 372
f 375 392 449
f 375 449 431
f 376 431 432
f 376 432 433
f 376 433 393
f 376 393 377
f 379 430 428
f 379 428 380
f 380 434 435
f 380 435 436
f 380 436 381
f 380 428 434
f 381 436 437
f 381 437 438
f 381 438 382
f 382 438 439
f 382 439 440
f 382 440 383
f 383 440 384
f 384 440 441
f 384 441 385
f 385 441 442
f 385 442 386
f 386 442 387
f 387 442 443
f 387 443 444
f 387 444 388
f 388 444 445
f 388 445 446
f 388 446 389
f 389 446 390
f 390 446 447
f 390 447 448
f 390 448 391
f 391 448 449
f 391 449 392
f 393 433 493
f 393 493 450
f 393 450 451
f 393 451 394
f 394 451 395
f 395 451 452
f 395 452 396
f 396 452 453
f 397 453 454
f 397 454 455
f 397 455 398
f 398 455 456
f 398 456 457
f 398 457 399
f 399 457 458
f 399 458 400
f 400 458 401
f 401 458 459
f 401 459 402
f 402 459 460
f 402 460 403
f 403 460 404
f 404 460 461
f 404 461 462
f 404 462 463
f 404 463 405
f 405 463 464
f 405 464 465
f 405 465 406
f 406 465 407
f 407 466 467
f 407 467 468
f 407 468 408
f 407 465 466
f 408 468 469
f 408 469 470
f 408 470 409
f 409 470 410
f 410 470 471
f 410 471 411
f 411 471 412
f 412 471 472
f 412 472 473
f 412 473 413
f 413 473 474
f 413 474 414
f 414 474 475
f 414 475 415
f 415 475 476
f 415 476 477
f 415 477 416
f 416 477 417
f 417 477 478
f 417 478 479
f 419 480 420
f 420 480 481
f 421 482 422
f 422 482 423
f 423 482 483
f 423 483 484
f 423 484 485
f 423 485 486
f 423 486 487
f 423 487 488
f 423 488 424
f 424 488 489
f 424 489 490
f 424 490 434
f 424 434 425
f 425 434 428
f 428 430 429
f 431 449 432
f 432 491 547
f 432 547 492
f 432 492 493
f 432 493 433
f 432 449 491
f 434 490 494
f 434 494 435
f 435 494 550
f 435 550 495
f 435 495 436
f 436 495 437
f 437 495 496
f 437 496 497
f 437 497 438
f 438 497 498
f 438 498 439
f 439 498 499
f 439 499 500
f 439 500 440
f 440 500 501
f 440 501 441
f 441 501 442
f 442 501 443
f 443 501 502
f 443 502 503
f 443 503 504
f 443 504 444
f 444 504 445
f 445 504 505
f 445 505 506
f 445 506 446
f 446 506 507
f 446 507 447
f 447 507 448
f 448 507 508
f 448 508 449
f 449 508 491
f 450 493 549
f 450 549 509
f 450 509 510
f 450 510 451
f 451 510 511
f 451 511 452
f 452 511 453
f 453 511 512
f 453 512 454
f 454 512 513
f 454 513 455
f 455 513 514
f 455 514 456
f 456 514 515
f 456 515 457
f 457 515 516
f 457 516 458
f 458 516 459
f 459 516 460
f 460 516 461
f 461 517 462
f 461 516 517
f 462 517 518
f 462 518 519
f 462 519 520
f 462 520 521
f 462 521 463
f 463 521 522
f 463 522 464
f 464 522 466
f 464 466 465
f 466 522 523
f 466 523 524
f 466 524 467
f 467 524 468
f 468 524 525
f 468 525 526
f 468 526 469
f 469 527 470
f 469 526 528
f 469 528 527
f 470 527 471
f 471 527 472
f 472 527 529
f 472 529 530
f 472 530 473
f 473 530 474
f 474 530 531
f 474 531 532
f 474 532 475
f 475 532 533
f 475 533 476
f 476 533 534
f 476 534 477
f 477 534 478
f 478 534 479
f 479 534 535
f 480 536 481
f 481 536 537
f 482 538 483
f 483 538 539
f 483 539 484
f 484 539 540
f 484 540 485
f 485 540 541
f 485 541 542
f 485 542 486
f 486 542 543
f 486 543 487
f 487 543 488
f 488 543 544
f 488 544 545
f 488 545 489
f 489 545 490
f 490 545 546
f 490 546 494
f 491 508 547
f 492 547 603
f 492 603 548
f 492 548 549
f 492 549 493
f 494 546 550
f 495 550 551
f 495 551 496
f 496 551 552
f 496 552 553
f 496 553 497
f 497 553 554
f 497 554 498
f 498 554 555
f 498 555 499
f 499 555 556
f 499 556 500
f 500 556 557
f 500 557 502
f 500 502 501
f 502 557 558
f 502 558 503
f 503 558 559
f 503 559 560
f 503 560 504
f 504 560 505
f 505 560 561
f 505 561 506
f 506 561 562
f 506 562 563
f 506 563 507
f 507 563 508
f 508 563 564
f 508 564 547
f 509 549 565
f 509 565 566
f 509 566 567
f 509 567 510
f 510 567 511
f 511 567 512
f 512 567 568
f 512 568 569
f 512 569 513
f 513 569 570
f 513 570 514
f 514 570 571
f 514 571 515
f 515 571 517
f 515 517 516
f 517 571 572
f 517 572 573
f 517 573 518
f 518 573 574
f 518 574 575
f 518 575 519
f 519 575 576
f 519 576 520
f 520 576 577
f 520 577 578
f 520 578 521
f 521 578 522
f 522 578 523
f 523 578 579
f 523 579 524
f 524 579 580
f 524 580 525
f 525 580 581
f 525 581 526
f 526 581 582
f 526 582 528
f 527 528 529
f 528 582 583
f 528 583 530
f 528 530 529
f 530 583 584
f 530 584 585
f 530 585 586
f 530 586 531
f 531 586 587
f 531 587 532
f 532 587 533
f 533 587 588
f 533 588 589
f 533 589 534
f 534 590 591
f 534 591 535
f 534 589 590
f 536 592 537
f 536 593 592
f 538 594 539
f 539 594 649
f 539 649 595
f 539 595 596
f 539 596 540
f 540 596 597
f 540 597 541
f 541 597 598
f 541 598 542
f 542 598 599
f 542 599 543
f 543 599 600
f 543 600 544
f 544 600 601
f 544 601 545
f 545 601 602
f 545 602 546
f 546 602 550
f 547 564 603
f 548 603 604
f 548 604 565
f 548 565 549
f 550 602 551
f 551 602 605
f 551 605 552
f 552 605 606
f 552 606 607
f 552 607 553
f 553 607 608
f 553 608 609
f 553 609 554
f 554 609 610
f 554 610 555
f 555 610 611
f 555 611 556
f 556 611 558
f 556 558 557
f 558 611 612
f 558 612 613
f 558 613 559
f 559 613 614
f 559 614 615
f 559 615 560
f 560 615 561
f 561 615 616
f 561 616 617
f 561 617 562
f 562 617 618
f 562 618 563
f 563 618 564
f 564 618 619
f 564 619 603
f 565 604 620
f 565 620 566
f 566 620 567
f 567 620 568
f 568 620 621
f 568 621 622
f 568 622 569
f 569 622 570
f 570 622 623
f 570 623 572
f 570 572 571
f 572 624 625
f 572 625 626
f 572 626 573
f 572 623 627
f 572 627 624
f 573 626 574
f 574 626 628
f 574 628 629
f 574 629 575
f 575 629 630
f 575 630 576
f 576 630 631
f 576 631 577
f 577 631 579
f 577 579 578
f 579 631 632
f 579 632 633
f 579 633 580
f 580 633 634
f 580 634 635
f 580 635 581
f 581 635 636
f 581 636 582
f 582 636 583
f 583 636 637
f 583 637 584
f 584 637 638
f 584 638 639
f 584 639 640
f 584 640 585
f 585 640 641
f 585 641 642
f 585 642 586
f 586 642 587
f 587 642 643
f 587 643 588
f 588 643 589
f 589 643 644
f 589 644 645
f 589 645 646
f 589 646 590
f 590 646 647
f 590 647 591
f 595 649 650
f 595 650 651
f 595 651 652
f 595 652 596
f 596 652 653
f 596 653 597
f 597 653 598
f 598 653 654
f 598 654 655
f 598 655 599
f 599 655 656
f 599 656 600
f 600 656 657
f 600 657 601
f 601 657 605
f 601 605 602
f 603 619 604
f 604 658 659
f 604 659 620
f 604 619 658
f 605 657 606
f 606 657 660
f 606 660 661
f 606 661 662
f 606 662 607
f 607 662 608
f 608 662 663
f 608 663 664
f 608 664 609
f 609 664 665
f 609 665 610
f 610 665 611
f 611 665 666
f 611 666 667
f 611 667 612
f 612 667 613
f 613 667 668
f 613 668 614
f 614 668 669
f 614 669 670
f 614 670 615
f 615 670 616
f 616 670 671
f 616 671 672
f 616 672 617
f 617 673 618
f 617 672 673
f 618 673 619
f 619 673 658
f 620 674 675
f 620 675 621
f 620 659 674
f 621 675 622
f 622 675 676
f 622 676 627
f 622 627 623
f 624 627 677
f 624 677 678
f 624 678 679
f 624 679 680
f 624 680 625
f 625 680 626
f 626 680 628
f 627 676 677
f 628 680 681
f 628 681 682
f 628 682 629
f 629 682 683
f 629 683 630
f 630 683 631
f 631 683 684
f 631 684 685
f 631 685 632
f 632 685 633
f 633 685 686
f 633 686 687
f 633 687 634
f 634 687 688
f 634 688 635
f 635 688 689
f 635 689 636
f 636 689 638
f 636 638 637
f 638 690 691
f 638 691 692
f 638 692 639
f 638 689 690
f 639 692 693
f 639 693 640
f 640 693 694
f 640 694 641
f 641 694 695
f 641 695 643
f 641 643 642
f 643 695 696
f 643 696 644
f 644 696 697
f 644 697 645
f 645 697 698
f 645 698 699
f 645 699 646
f 646 700 647
f 646 699 700
f 648 701 702
f 650 703 651
f 651 703 704
f 651 704 705
f 651 705 652
f 652 705 706
f 652 706 707
f 652 707 653
f 653 707 654
f 654 707 708
f 654 708 709
f 654 709 655
f 655 709 710
f 655 710 656
f 656 710 657
f 657 710 660
f 658 673 711
f 658 711 712
f 658 712 659
f 659 712 713
f 659 713 674
f 660 710 714
f 660 714 715
f 660 715 661
f 661 715 716
f 661 716 717
f 661 717 718
f 661 718 662
f 662 718 663
f 663 718 719
f 663 719 664
f 664 719 720
f 664 720 665
f 665 720 666
f 666 720 721
f 666 721 722
f 666 722 667
f 667 722 668
f 668 722 723
f 668 723 669
f 669 723 724
f 669 724 725
f 669 725 670
f 670 725 671
f 671 725 672
f 672 711 673
f 672 725 726
f 672 726 727
f 672 727 711
f 674 713 728
f 674 728 675
f 675 728 729
f 675 729 676
f 676 729 677
f 677 730 678
f 677 729 730
f 678 730 731
f 678 731 732
f 678 732 733
f 678 733 734
f 678 734 679
f 679 734 681
f 679 681 680
f 681 735 736
f 681 736 682
f 681 734 735
f 682 736 683
f 683 736 737
f 683 737 738
f 683 738 684
f 684 738 685
f 685 738 739
f 685 739 740
f 685 740 686
f 686 740 741
f 686 741 687
f 687 741 742
f 687 742 688
f 688 742 690
f 688 690 689
f 690 743 744
f 690 744 745
f 690 745 691
f 690 742 743
f 691 745 746
f 691 746 692
f 692 746 747
f 692 747 693
f 693 747 748
f 693 748 694
f 694 748 695
f 695 748 749
f 695 749 750
f 695 750 751
f 695 751 752
f 695 752 753
f 695 753 696
f 696 753 754
f 696 754 697
f 697 754 755
f 697 755 698
f 698 755 756
f 698 756 699
f 699 756 757
f 699 757 700
f 700 757 758
f 701 759 702
f 701 760 759
f 702 759 761
f 704 762 705
f 705 762 763
f 705 763 764
f 705 764 765
f 705 765 766
f 705 766 706
f 706 766 767
f 706 767 707
f 707 767 708
f 708 767 768
f 708 768 709
f 709 768 769
f 709 769 714
f 709 714 710
f 711 727 712
f 712 727 770
f 712 770 771
f 712 771 713
f 713 771 728
f 714 769 772
f 714 772 715
f 715 772 716
f 716 772 773
f 716 773 774
f 716 774 775
f 716 775 717
f 717 775 776
f 717 776 718
f 718 776 777
f 718 777 719
f 719 778 720
f 719 777 779
f 719 779 778
f 720 778 721
f 721 778 780
f 721 780 781
f 721 781 722
f 722 781 782
f 722 782 723
f 723 782 724
f 724 783 725
f 724 782 784
f 724 784 783
f 725 783 785
f 725 785 726
f 726 785 786
f 726 786 727
f 727 786 787
f 727 787 770
f 728 771 788
f 728 788 729
f 729 788 730
f 730 788 731
f 731 789 733
f 731 733 732
f 731 788 790
f 731 790 791
f 731 791 789
f 733 789 792
f 733 792 793
f 733 793 794
f 733 794 734
f 734 794 795
f 734 795 735
f 735 795 736
f 736 795 796
f 736 796 797
f 736 797 737
f 737 797 738
f 738 797 798
f 738 798 799
f 738 799 739
f 739 799 800
f 739 800 740
f 740 800 801
f 740 801 741
f 741 801 743
f 741 743 742
f 743 801 802
f 743 802 803
f 743 803 804
f 743 804 744
f 744 804 745
f 745 804 805
f 745 805 806
f 745 806 746
f 746 806 807
f 746 807 747
f 747 807 748
f 748 807 808
f 748 808 809
f 748 809 749
f 749 809 750
f 750 810 811
f 750 811 812
f 750 812 752
f 750 752 751
f 750 809 810
f 752 812 813
f 752 813 814
f 752 814 755
f 752 755 753
f 753 755 754
f 755 814 815
f 755 815 816
f 755 816 817
f 755 817 756
f 756 817 818
f 756 818 819
f 756 819 757
f 757 820 821
f 757 821 758
f 757 819 820
f 759 760 822
f 759 822 761
f 761 822 823
f 761 823 824
f 764 825 765
f 765 825 766
f 766 825 826
f 766 826 827
f 766 827 828
f 766 828 767
f 767 828 768
f 768 828 829
f 768 829 830
f 768 830 769
f 769 830 772
f 770 787 831
f 770 831 771
f 771 831 788
f 772 830 773
f 773 830 892
f 773 892 832
f 773 832 774
f 774 832 833
f 774 833 834
f 774 834 775
f 775 835 776
f 775 834 835
f 776 835 836
f 776 836 777
f 777 836 779
f 778 779 837
f 778 837 780
f 779 836 838
f 779 838 837
f 780 837 839
f 780 839 840
f 780 840 781
f 781 840 782
f 782 840 841
f 782 841 784
f 783 784 842
f 783 842 843
f 783 843 786
f 783 786 785
f 784 841 844
f 784 844 842
f 786 843 845
f 786 845 787
f 787 845 831
f 788 831 790
f 789 791 846
f 789 846 792
f 790 831 791
f 791 831 847
f 791 847 848
f 791 848 849
f 791 849 846
f 792 850 851
f 792 851 793
f 792 846 850
f 793 851 852
f 793 852 853
f 793 853 795
f 793 795 794
f 795 853 854
f 795 854 796
f 796 854 855
f 796 855 797
f 797 855 856
f 797 856 798
f 798 856 857
f 798 857 799
f 799 857 800
f 800 858 802
f 800 802 801
f 800 857 858
f 802 859 860
f 802 860 861
f 802 861 803
f 802 858 859
f 803 861 804
f 804 861 862
f 804 862 863
f 804 863 805
f 805 863 864
f 805 864 806
f 806 864 807
f 807 864 865
f 807 865 866
f 807 866 808
f 808 866 809
f 809 866 810
f 810 867 868
f 810 868 811
f 810 866 867
f 811 868 812
f 812 868 869
f 812 869 870
f 812 870 871
f 812 871 813
f 813 871 872
f 813 872 873
f 813 873 874
f 813 874 814
f 814 874 815
f 815 874 875
f 815 875 816
f 816 875 876
f 816 876 877
f 816 877 878
f 816 878 818
f 816 818 817
f 818 879 819
f 818 878 879
f 822 880 881
f 822 881 882
f 822 882 883
f 822 883 823
f 823 883 884
f 823 884 824
f 824 884 885
f 824 885 886
f 825 887 888
f 825 888 826
f 826 888 889
f 826 889 827
f 827 829 828
f 827 889 890
f 827 890 891
f 827 891 829
f 829 891 892
f 829 892 830
f 831 845 847
f 832 892 893
f 832 893 894
f 832 894 833
f 833 894 895
f 833 895 896
f 833 896 897
f 833 897 834
f 834 897 898
f 834 898 835
f 835 898 899
f 835 899 836
f 836 899 838
f 837 838 900
f 837 900 839
f 838 899 901
f 838 901 900
f 839 900 902
f 839 902 903
f 839 903 840
f 840 903 841
f 841 903 904
f 841 904 844
f 842 844 905
f 842 905 906
f 842 906 843
f 843 906 845
f 844 904 907
f 844 907 905
f 845 906 848
f 845 848 847
f 846 849 908
f 846 908 850
f 848 906 909
f 848 909 910
f 848 910 849
f 849 910 908
f 850 908 911
f 850 911 912
f 850 912 851
f 851 912 913
f 851 913 852
f 852 913 914
f 852 914 915
f 852 915 853
f 853 915 854
f 854 915 916
f 854 916 855
f 855 916 917
f 855 917 856
f 856 917 857
f 857 917 918
f 857 918 859
f 857 859 858
f 859 919 920
f 859 920 860
f 859 918 921
f 859 921 919
f 860 920 922
f 860 922 861
f 861 922 923
f 861 923 862
f 862 923 924
f 862 924 864
f 862 864 863
f 864 924 925
f 864 925 926
f 864 926 865
f 865 926 927
f 865 927 866
f 866 927 867
f 867 927 928
f 867 928 868
f 868 928 929
f 868 929 869
f 869 929 930
f 869 930 870
f 870 930 931
f 870 931 932
f 870 932 871
f 871 932 872
f 872 932 873
f 873 876 875
f 873 875 874
f 873 932 933
f 873 933 934
f 873 934 935
f 873 935 876
f 876 936 877
f 876 935 937
f 876 937 938
f 876 938 936
f 877 936 878
f 880 939 881
f 881 939 940
f 881 940 941
f 881 941 882
f 882 941 942
f 882 942 883
f 883 942 884
f 884 942 943
f 884 943 944
f 884 944 885
f 885 944 886
f 887 945 889
f 887 889 888
f 889 946 947
f 889 947 890
f 889 945 946
f 890 947 948
f 890 948 891
f 891 948 949
f 891 949 893
f 891 893 892
f 893 949 950
f 893 950 894
f 894 950 895
f 895 951 952
f 895 952 953
f 895 953 896
f 895 950 951
f 896 954 897
f 896 953 954
f 897 954 955
f 897 955 898
f 898 955 956
f 898 956 899
f 899 956 901
f 900 901 902
f 901 956 957
f 901 957 958
f 901 958 902
f 902 959 903
f 902 958 960
f 902 960 959
f 903 959 904
f 904 959 961
f 904 961 907
f 905 907 909
f 905 909 906
f 907 961 962
f 907 962 963
f 907 963 909
f 908 910 964
f 908 964 911
f 909 963 965
f 909 965 910
f 910 965 964
f 911 964 966
f 911 966 967
f 911 967 912
f 912 967 913
f 913 967 968
f 913 968 969
f 913 969 914
f 914 969 970
f 914 970 915
f 915 970 916
f 916 970 917
f 917 970 921
f 917 921 918
f 919 971 972
f 919 972 920
f 919 921 971
f 920 972 973
f 920 973 922
f 921 970 974
f 921 974 975
f 921 975 971
f 922 973 976
f 922 976 923
f 923 976 924
f 924 976 977
f 924 977 978
f 924 978 925
f 925 978 926
f 926 978 979
f 926 979 980
f 926 980 927
f 927 980 928
f 928 981 982
f 928 982 983
f 928 983 929
f 928 980 981
f 929 983 984
f 929 984 985
f 929 985 986
f 929 986 930
f 930 986 931
f 931 986 987
f 931 987 932
f 932 987 933
f 933 987 988
f 933 988 934
f 934 989 935
f 934 988 990
f 934 990 991
f 934 991 989
f 935 989 937
f 937 992 938
f 937 989 993
f 937 993 994
f 937 994 992
f 940 995 941
f 941 995 996
f 941 996 997
f 941 997 998
f 941 998 942
f 942 998 999
f 942 999 943
f 943 999 1000
f 943 1000 1001
f 943 1001 1002
f 943 1002 944
f 945 1003 946
f 946 1003 1004
f 946 1004 947
f 947 1004 1005
f 947 1005 1006
f 947 1006 1007
f 947 1007 948
f 948 1007 1008
f 948 1008 1009
f 948 1009 949
f 949 1009 950
f 950 1009 951
f 951 1009 1010
f 951 1010 1011
f 951 1011 952
f 952 1012 953
f 952 1011 1013
f 952 1013 1012
f 953 1012 1014
f 953 1014 954
f 954 1014 1015
f 954 1015 955
f 955 1015 1016
f 955 1016 956
f 956 1016 1017
f 956 1017 957
f 957 1017 1018
f 957 1018 958
f 958 1018 960
f 959 960 1019
f 959 1019 961
f 960 1018 1020
f 960 1020 1019
f 961 1019 1021
f 961 1021 1022
f 961 1022 1023
f 961 1023 962
f 962 1023 1024
f 962 1024 965
f 962 965 963
f 964 1025 966
f 964 965 1025
f 965 1024 1025
f 966 1025 1026
f 966 1026 1027
f 966 1027 967
f 967 1027 1028
f 967 1028 968
f 968 1028 1029
f 968 1029 969
f 969 1029 1030
f 969 1030 1031
f 969 1031 970
f 970 1031 974
f 971 975 1032
f 971 1032 1033
f 971 1033 972
f 972 1033 1034
f 972 1034 973
f 973 1034 976
f 974 1035 1036
f 974 1036 975
f 974 1031 1035
f 975 1036 1032
f 976 1034 1037
f 976 1037 1038
f 976 1038 977
f 977 1038 978
f 978 1038 1039
f 978 1039 1040
f 978 1040 979
f 979 1040 981
f 979 981 980
f 981 1041 1042
f 981 1042 1043
f 981 1043 982
f 981 1040 1041
f 982 1043 983
f 983 1043 1044
f 983 1044 1045
f 983 1045 984
f 984 1045 1046
f 984 1046 985
f 985 1046 986
f 986 1046 1047
f 986 1047 1048
f 986 1048 1049
f 986 1049 1050
f 986 1050 1051
f 986 1051 987
f 987 1051 1052
f 987 1052 990
f 987 990 988
f 989 991 1053
f 989 1053 993
f 990 1050 1054
f 990 1054 1055
f 990 1055 1056
f 990 1056 1057
f 990 1057 1053
f 990 1053 991
f 990 1052 1051
f 990 1051 1050
f 993 1053 1058
f 993 1058 994
f 995 1059 996
f 996 1059 997
f 997 1059 1060
f 997 1060 1061
f 997 1061 1062
f 997 1062 999
f 997 999 998
f 999 1062 1063
f 999 1063 1000
f 1000 1063 1064
f 1000 1064 1065
f 1000 1065 1001
f 1001 1065 1002
f 1002 1065 1066
f 1007 1067 1068
f 1007 1068 1008
f 1008 1068 1069
f 1008 1069 1010
f 1008 1010 1009
f 1010 1069 1070
f 1010 1070 1011
f 1011 1070 1071
f 1011 1071 1013
f 1012 1013 1072
f 1012 1072 1073
f 1012 1073 1014
f 1013 1071 1074
f 1013 1074 1072
f 1014 1073 1015
f 1015 1073 1075
f 1015 1075 1076
f 1015 1076 1016
f 1016 1076 1017
f 1017 1076 1077
f 1017 1077 1078
f 1017 1078 1018
f 1018 1078 1020
f 1019 1020 1021
f 1020 1078 1079
f 1020 1079 1021
f 1021 1079 1080
f 1021 1080 1081
f 1021 1081 1022
f 1022 1081 1023
f 1023 1081 1082
f 1023 1082 1083
f 1023 1083 1024
f 1024 1083 1025
f 1025 1083 1026
f 1026 1083 1084
f 1026 1084 1085
f 1026 1085 1027
f 1027 1085 1086
f 1027 1086 1028
f 1028 1086 1087
f 1028 1087 1029
f 1029 1087 1088
f 1029 1088 1030
f 1030 1088 1089
f 1030 1089 1035
f 1030 1035 1031
f 1032 1090 1091
f 1032 1091 1033
f 1032 1036 1090
f 1033 1091 1034
f 1034 1091 1092
f 1034 1092 1093
f 1034 1093 1037
f 1035 1089 1090
f 1035 1090 1036
f 1037 1093 1094
f 1037 1094 1038
f 1038 1094 1095
f 1038 1095 1039
f 1039 1095 1041
f 1039 1041 1040
f 1041 1096 1097
f 1041 1097 1042
f 1041 1095 1096
f 1042 1097 1043
f 1043 1097 1098
f 1043 1098 1099
f 1043 1099 1100
f 1043 1100 1044
f 1044 1100 1101
f 1044 1101 1045
f 1045 1101 1046
f 1046 1101 1102
f 1046 1102 1103
f 1046 1103 1047
f 1047 1103 1048
f 1048 1104 1105
f 1048 1105 1106
f 1048 1106 1107
f 1048 1107 1050
f 1048 1050 1049
f 1048 1103 1104
f 1050 1107 1108
f 1050 1108 1054
f 1053 1057 1056
f 1053 1056 1109
f 1053 1109 1058
f 1054 1108 1110
f 1054 1110 1055
f 1055 1110 1111
f 1055 1111 1056
f 1056 1111 1112
f 1056 1112 1113
f 1056 1113 1114
f 1056 1114 1109
f 1059 1115 1116
f 1059 1116 1060
f 1060 1116 1061
f 1061 1116 1117
f 1061 1117 1118
f 1061 1118 1119
f 1061 1119 1120
f 1061 1120 1063
f 1061 1063 1062
f 1063 1120 1121
f 1063 1121 1122
f 1063 1122 1064
f 1064 1122 1123
f 1064 1123 1124
f 1064 1124 1065
f 1065 1124 1125
f 1065 1125 1126
f 1065 1126 1127
f 1065 1127 1066
f 1067 1128 1068
f 1068 1128 1129
f 1068 1129 1069
f 1069 1129 1130
f 1069 1130 1070
f 1070 1130 1131
f 1070 1131 1071
f 1071 1131 1132
f 1071 1132 1133
f 1071 1133 1074
f 1072 1074 1134
f 1072 1134 1135
f 1072 1135 1073
f 1073 1135 1136
f 1073 1136 1075
f 1074 1133 1137
f 1074 1137 1134
f 1075 1136 1138
f 1075 1138 1076
f 1076 1138 1077
f 1077 1138 1139
f 1077 1139 1078
f 1078 1139 1079
f 1079 1139 1140
f 1079 1140 1080
f 1080 1140 1141
f 1080 1141 1142
f 1080 1142 1081
f 1081 1142 1082
f 1082 1142 1084
f 1082 1084 1083
f 1084 1142 1143
f 1084 1143 1144
f 1084 1144 1085
f 1085 1144 1086
f 1086 1144 1145
f 1086 1145 1146
f 1086 1146 1087
f 1087 1146 1088
f 1088 1146 1147
f 1088 1147 1148
f 1088 1148 1089
f 1089 1148 1149
f 1089 1149 1090
f 1090 1149 1150
f 1090 1150 1091
f 1091 1150 1151
f 1091 1151 1152
f 1091 1152 1092
f 1092 1152 1153
f 1092 1153 1093
f 1093 1153 1154
f 1093 1154 1094
f 1094 1154 1096
f 1094 1096 1095
f 1096 1154 1155
f 1096 1155 1156
f 1096 1156 1157
f 1096 1157 1097
f 1097 1157 1158
f 1097 1158 1159
f 1097 1159 1099
f 1097 1099 1098
f 1099 1160 1161
f 1099 1161 1162
f 1099 1162 1163
f 1099 1163 1101
f 1099 1101 1100
f 1099 1159 1160
f 1101 1163 1164
f 1101 1164 1102
f 1102 1164 1104
f 1102 1104 1103
f 1104 1164 1165
f 1104 1165 1166
f 1104 1166 1105
f 1105 1166 1106
f 1106 1166 1167
f 1106 1167 1168
f 1106 1168 1169
f 1106 1169 1170
f 1106 1170 1108
f 1106 1108 1107
f 1108 1170 1171
f 1108 1171 1110
f 1110 1171 1172
f 1110 1172 1111
f 1111 1172 1173
f 1111 1173 1112
f 1112 1174 1113
f 1112 1173 1175
f 1112 1175 1176
f 1112 1176 1174
f 1115 1177 1178
f 1115 1178 1116
f 1116 1179 1117
f 1116 1178 1177
f 1116 1177 1179
f 1117 1179 1180
f 1117 1180 1181
f 1117 1181 1182
f 1117 1182 1183
f 1117 1183 1118
f 1118 1183 1119
f 1119 1183 1184
f 1119 1184 1121
f 1119 1121 1120
f 1121 1184 1185
f 1121 1185 1122
f 1122 1185 1123
f 1123 1185 1186
f 1123 1186 1124
f 1124 1186 1187
f 1124 1187 1125
f 1125 1187 1188
f 1125 1188 1126
f 1128 1189 1129
f 1129 1189 1190
f 1129 1190 1130
f 1130 1190 1191
f 1130 1191 1131
f 1131 1191 1132
f 1132 1191 1192
f 1132 1192 1193
f 1132 1193 1194
f 1132 1194 1133
f 1133 1194 1137
f 1134 1137 1195
f 1134 1195 1196
f 1134 1196 1135
f 1135 1197 1136
f 1135 1196 1197
f 1136 1197 1198
f 1136 1198 1138
f 1137 1194 1199
f 1137 1199 1195
f 1138 1198 1200
f 1138 1200 1201
f 1138 1201 1139
f 1139 1201 1202
f 1139 1202 1140
f 1140 1202 1203
f 1140 1203 1141
f 1141 1203 1204
f 1141 1204 1205
f 1141 1205 1142
f 1142 1205 1143
f 1143 1205 1206
f 1143 1206 1144
f 1144 1206 1207
f 1144 1207 1145
f 1145 1207 1146
f 1146 1208 1147
f 1146 1207 1209
f 1146 1209 1208
f 1147 1210 1148
f 1147 1208 1210
f 1148 1210 1211
f 1148 1211 1149
f 1149 1211 1212
f 1149 1212 1150
f 1150 1212 1213
f 1150 1213 1151
f 1151 1213 1214
f 1151 1214 1152
f 1152 1214 1153
f 1153 1214 1215
f 1153 1215 1155
f 1153 1155 1154
f 1155 1216 1217
f 1155 1217 1156
f 1155 1215 1218
f 1155 1218 1216
f 1156 1217 1219
f 1156 1219 1157
f 1157 1219 1220
f 1157 1220 1158
f 1158 1220 1160
f 1158 1160 1159
f 1160 1221 1222
f 1160 1222 1223
f 1160 1223 1224
f 1160 1224 1161
f 1160 1220 1221
f 1161 1224 1162
f 1162 1224 1225
f 1162 1225 1226
f 1162 1226 1163
f 1163 1226 1164
f 1164 1226 1165
f 1165 1227 1166
f 1165 1226 1227
f 1166 1227 1228
f 1166 1228 1229
f 1166 1229 1168
f 1166 1168 1167
f 1168 1230 1231
f 1168 1231 1232
f 1168 1232 1233
f 1168 1233 1234
f 1168 1234 1235
f 1168 1235 1169
f 1168 1229 1230
f 1169 1235 1170
f 1170 1235 1171
f 1171 1235 1172
f 1172 1235 1236
f 1172 1236 1237
f 1172 1237 1238
f 1172 1238 1173
f 1173 1238 1239
f 1173 1239 1175
f 1175 1239 1240
f 1177 1241 1242
f 1177 1242 1179
f 1179 1242 1243
f 1179 1243 1181
f 1179 1181 1180
f 1181 1244 1245
f 1181 1245 1246
f 1181 1246 1183
f 1181 1183 1182
f 1181 1243 1244
f 1183 1246 1247
f 1183 1247 1248
f 1183 1248 1184
f 1184 1248 1249
f 1184 1249 1250
f 1184 1250 1185
f 1185 1250 1251
f 1185 1251 1186
f 1186 1251 1252
f 1186 1252 1253
f 1186 1253 1254
f 1186 1254 1255
f 1186 1255 1187
f 1187 1255 1256
f 1187 1256 1188
f 1189 1257 1190
f 1190 1257 1258
f 1190 1258 1191
f 1191 1258 1259
f 1191 1259 1260
f 1191 1260 1192
f 1192 1260 1261
f 1192 1261 1262
f 1192 1262 1193
f 1193 1263 1264
f 1193 1264 1265
f 1193 1265 1194
f 1193 1262 1263
f 1194 1265 1199
f 1195 1199 1266
f 1195 1266 1267
f 1195 1267 1196
f 1196 1267 1268
f 1196 1268 1197
f 1197 1268 1269
f 1197 1269 1198
f 1198 1269 1200
f 1199 1265 1270
f 1199 1270 1266
f 1200 1269 1271
f 1200 1271 1272
f 1200 1272 1202
f 1200 1202 1201
f 1202 1272 1203
f 1203 1272 1273
f 1203 1273 1204
f 1204 1273 1274
f 1204 1274 1275
f 1204 1275 1205
f 1205 1275 1206
f 1206 1276 1207
f 1206 1275 1276
f 1207 1276 1277
f 1207 1277 1209
f 1208 1209 1278
f 1208 1278 1279
f 1208 1279 1210
f 1209 1277 1278
f 1210 1279 1280
f 1210 1280 1211
f 1211 1280 1212
f 1212 1280 1281
f 1212 1281 1282
f 1212 1282 1213
f 1213 1282 1214
f 1214 1282 1283
f 1214 1283 1218
f 1214 1218 1215
f 1216 1284 1285
f 1216 1285 1217
f 1216 1218 1284
f 1217 1285 1219
f 1218 1283 1286
f 1218 1286 1287
f 1218 1287 1284
f 1219 1288 1221
f 1219 1221 1220
f 1219 1285 1288
f 1221 1288 1289
f 1221 1289 1290
f 1221 1290 1291
f 1221 1291 1292
f 1221 1292 1293
f 1221 1293 1222
f 1222 1293 1223
f 1223 1293 1224
f 1224 1293 1294
f 1224 1294 1225
f 1225 1294 1227
f 1225 1227 1226
f 1227 1294 1295
f 1227 1295 1296
f 1227 1296 1230
f 1227 1230 1228
f 1228 1230 1229
f 1230 1296 1297
f 1230 1297 1298
f 1230 1298 1299
f 1230 1299 1300
f 1230 1300 1231
f 1231 1300 1232
f 1232 1300 1301
f 1232 1301 1302
f 1232 1302 1303
f 1232 1303 1233
f 1233 1303 1304
f 1233 1304 1234
f 1234 1305 1235
f 1234 1304 1305
f 1235 1305 1237
f 1235 1237 1236
f 1237 1239 1238
f 1237 1305 1304
f 1237 1304 1306
f 1237 1306 1307
f 1237 1307 1308
f 1237 1308 1309
f 1237 1309 1239
f 1239 1309 1310
f 1239 1310 1311
f 1239 1311 1312
f 1239 1312 1240
f 1241 1313 1242
f 1242 1313 1314
f 1242 1314 1315
f 1242 1315 1316
f 1242 1316 1317
f 1242 1317 1243
f 1243 1317 1244
f 1244 1317 1318
f 1244 1318 1319
f 1244 1319 1320
f 1244 1320 1321
f 1244 1321 1322
f 1244 1322 1245
f 1245 1322 1323
f 1245 1323 1246
f 1246 1323 1324
f 1246 1324 1247
f 1247 1324 1325
f 1247 1325 1248
f 1248 1325 1249
f 1249 1325 1326
f 1249 1326 1250
f 1250 1326 1327
f 1250 1327 1251
f 1251 1327 1252
f 1252 1327 1328
f 1252 1328 1253
f 1253 1328 1329
f 1253 1329 1330
f 1253 1330 1331
f 1253 1331 1332
f 1253 1332 1254
f 1254 1332 1255
f 1255 1332 1333
f 1255 1333 1256
f 1262 1334 1263
f 1263 1334 1335
f 1263 1335 1336
f 1263 1336 1337
f 1263 1337 1264
f 1264 1337 1338
f 1264 1338 1265
f 1265 1338 1270
f 1266 1339 1340
f 1266 1340 1267
f 1266 1270 1339
f 1267 1340 1341
f 1267 1341 1268
f 1268 1341 1342
f 1268 1342 1269
f 1269 1342 1271
f 1270 1338 1343
f 1270 1343 1339
f 1271 1342 1344
f 1271 1344 1345
f 1271 1345 1272
f 1272 1345 1273
f 1273 1345 1346
f 1273 1346 1274
f 1274 1346 1347
f 1274 1347 1348
f 1274 1348 1276
f 1274 1276 1275
f 1276 1348 1349
f 1276 1349 1277
f 1277 1349 1278
f 1278 1349 1350
f 1278 1350 1351
f 1278 1351 1279
f 1279 1351 1280
f 1280 1351 1352
f 1280 1352 1353
f 1280 1353 1281
f 1281 1353 1282
f 1282 1353 1354
f 1282 1354 1286
f 1282 1286 1283
f 1284 1287 1355
f 1284 1355 1285
f 1285 1355 1289
f 1285 1289 1288
f 1286 1354 1356
f 1286 1356 1357
f 1286 1357 1287
f 1287 1357 1355
f 1289 1358 1359
f 1289 1359 1360
f 1289 1360 1361
f 1289 1361 1290
f 1289 1355 1358
f 1290 1361 1291
f 1291 1360 1362
f 1291 1362 1363
f 1291 1363 1364
f 1291 1364 1293
f 1291 1293 1292
f 1291 1361 1360
f 1293 1364 1365
f 1293 1365 1294
f 1294 1365 1366
f 1294 1366 1367
f 1294 1367 1368
f 1294 1368 1297
f 1294 1297 1295
f 1295 1297 1296
f 1297 1367 1369
f 1297 1369 1299
f 1297 1299 1298
f 1297 1368 1367
f 1299 1369 1370
f 1299 1370 1371
f 1299 1371 1372
f 1299 1372 1301
f 1299 1301 1300
f 1301 1372 1373
f 1301 1373 1302
f 1302 1374 1303
f 1302 1373 1375
f 1302 1375 1376
f 1302 1376 1374
f 1303 1374 1304
f 1304 1374 1306
f 1306 1374 1307
f 1307 1376 1377
f 1307 1377 1378
f 1307 1378 1379
f 1307 1379 1310
f 1307 1310 1308
f 1307 1374 1376
f 1308 1310 1309
f 1310 1380 1311
f 1310 1379 1381
f 1310 1381 1380
f 1315 1382 1316
f 1316 1382 1318
f 1316 1318 1317
f 1318 1383 1384
f 1318 1384 1385
f 1318 1385 1319
f 1318 1382 1383
f 1319 1385 1320
f 1320 1386 1387
f 1320 1387 1388
f 1320 1388 1322
f 1320 1322 1321
f 1320 1385 1386
f 1322 1324 1323
f 1322 1388 1389
f 1322 1389 1390
f 1322 1390 1324
f 1324 1390 1389
f 1324 1389 1391
f 1324 1391 1392
f 1324 1392 1393
f 1324 1393 1394
f 1324 1394 1325
f 1325 1394 1326
f 1326 1394 1395
f 1326 1395 1396
f 1326 1396 1397
f 1326 1397 1328
f 1326 1328 1327
f 1328 1397 1398
f 1328 1398 1399
f 1328 1399 1329
f 1329 1399 1400
f 1329 1400 1330
f 1330 1400 1331
f 1331 1401 1402
f 1331 1402 1332
f 1331 1400 1403
f 1331 1403 1404
f 1331 1404 1405
f 1331 1405 1406
f 1331 1406 1407
f 1331 1407 1401
f 1332 1402 1333
f 1333 1402 1401
f 1336 1408 1337
f 1337 1409 1338
f 1337 1408 1410
f 1337 1410 1409
f 1338 1409 1343
f 1339 1343 1411
f 1339 1411 1412
f 1339 1412 1340
f 1340 1412 1413
f 1340 1413 1341
f 1341 1413 1414
f 1341 1414 1415
f 1341 1415 1342
f 1342 1415 1344
f 1343 1416 1411
f 1343 1409 1416
f 1344 1415 1417
f 1344 1417 1418
f 1344 1418 1345
f 1345 1418 1346
f 1346 1418 1419
f 1346 1419 1347
f 1347 1419 1420
f 1347 1420 1421
f 1347 1421 1348
f 1348 1421 1349
f 1349 1421 1422
f 1349 1422 1350
f 1350 1423 1351
f 1350 1422 1423
f 1351 1423 1424
f 1351 1424 1352
f 1352 1424 1425
f 1352 1425 1353
f 1353 1425 1426
f 1353 1426 1356
f 1353 1356 1354
f 1355 1357 1427
f 1355 1427 1428
f 1355 1428 1358
f 1356 1429 1430
f 1356 1430 1427
f 1356 1427 1357
f 1356 1426 1429
f 1358 1428 1431
f 1358 1431 1432
f 1358 1432 1360
f 1358 1360 1359
f 1360 1433 1434
f 1360 1434 1435
f 1360 1435 1436
f 1360 1436 1362
f 1360 1432 1437
f 1360 1437 1433
f 1362 1436 1363
f 1363 1436 1438
f 1363 1438 1439
f 1363 1439 1440
f 1363 1440 1365
f 1363 1365 1364
f 1365 1440 1441
f 1365 1441 1367
f 1365 1367 1366
f 1367 1441 1439
f 1367 1439 1442
f 1367 1442 1443
f 1367 1443 1444
f 1367 1444 1370
f 1367 1370 1369
f 1370 1444 1443
f 1370 1443 1445
f 1370 1445 1446
f 1370 1446 1371
f 1371 1446 1372
f 1372 1446 1447
f 1372 1447 1448
f 1372 1448 1449
f 1372 1449 1373
f 1373 1449 1450
f 1373 1450 1375
f 1375 1450 1451
f 1375 1451 1376
f 1376 1451 1377
f 1377 1451 1452
f 1377 1452 1378
f 1378 1452 1453
f 1378 1453 1454
f 1378 1454 1379
f 1379 1454 1381
f 1380 1381 1455
f 1381 1454 1455
f 1383 1456 1384
f 1384 1456 1457
f 1384 1457 1458
f 1384 1458 1385
f 1385 1458 1386
f 1386 1458 1459
f 1386 1459 1460
f 1386 1460 1461
f 1386 1461 1462
f 1386 1462 1387
f 1387 1462 1463
f 1387 1463 1464
f 1387 1464 1388
f 1388 1464 1389
f 1389 1464 1465
f 1389 1465 1466
f 1389 1466 1467
f 1389 1467 1392
f 1389 1392 1391
f 1392 1468 1393
f 1392 1467 1469
f 1392 1469 1470
f 1392 1470 1471
f 1392 1471 1468
f 1393 1468 1394
f 1394 1468 1395
f 1395 1468 1472
f 1395 1472 1396
f 1396 1399 1398
f 1396 1398 1397
f 1396 1472 1473
f 1396 1473 1474
f 1396 1474 1399
f 1399 1474 1475
f 1399 1475 1476
f 1399 1476 1477
f 1399 1477 1478
f 1399 1478 1400
f 1400 1478 1403
f 1403 1478 1404
f 1404 1478 1479
f 1404 1479 1480
f 1404 1480 1481
f 1404 1481 1405
f 1405 1481 1482
f 1405 1482 1483
f 1405 1483 1484
f 1405 1484 1406
f 1406 1484 1407
f 1408 1485 1410
f 1409 1410 1486
f 1409 1486 1416
f 1410 1485 1487
f 1410 1487 1486
f 1411 1416 1488
f 1411 1488 1489
f 1411 1489 1412
f 1412 1489 1490
f 1412 1490 1413
f 1413 1490 1414
f 1414 1417 1415
f 1414 1490 1491
f 1414 1491 1492
f 1414 1492 1417
f 1416 1486 1493
f 1416 1493 1488
f 1417 1492 1494
f 1417 1494 1418
f 1418 1494 1419
f 1419 1494 1495
f 1419 1495 1420
f 1420 1495 1496
f 1420 1496 1497
f 1420 1497 1421
f 1421 1497 1422
f 1422 1497 1423
f 1423 1497 1498
f 1423 1498 1499
f 1423 1499 1424
f 1424 1499 1425
f 1425 1499 1429
f 1425 1429 1426
f 1427 1430 1500
f 1427 1500 1501
f 1427 1501 1502
f 1427 1502 1431
f 1427 1431 1428
f 1429 1503 1504
f 1429 1504 1430
f 1429 1499 1505
f 1429 1505 1503
f 1430 1504 1500
f 1431 1502 1501
f 1431 1501 1506
f 1431 1506 1437
f 1431 1437 1432
f 1433 1437 1434
f 1434 1437 1507
f 1434 1507 1508
f 1434 1508 1509
f 1434 1509 1510
f 1434 1510 1511
f 1434 1511 1435
f 1435 1511 1436
f 1436 1511 1512
f 1436 1512 1438
f 1437 1506 1513
f 1437 1513 1514
f 1437 1514 1508
f 1437 1508 1507
f 1438 1512 1439
f 1439 1515 1516
f 1439 1516 1443
f 1439 1443 1442
f 1439 1441 1440
f 1439 1512 1515
f 1443 1516 1517
f 1443 1517 1518
f 1443 1518 1519
f 1443 1519 1445
f 1445 1519 1520
f 1445 1520 1446
f 1446 1520 1521
f 1446 1521 1447
f 1447 1521 1448
f 1448 1450 1449
f 1448 1521 1522
f 1448 1522 1523
f 1448 1523 1524
f 1448 1524 1525
f 1448 1525 1526
f 1448 1526 1450
f 1450 1526 1525
f 1450 1525 1527
f 1450 1527 1528
f 1450 1528 1529
f 1450 1529 1451
f 1451 1529 1530
f 1451 1530 1452
f 1452 1530 1531
f 1452 1531 1453
f 1453 1531 1532
f 1453 1532 1454
f 1454 1532 1455
f 1455 1532 1533
f 1457 1534 1459
f 1457 1459 1458
f 1459 1534 1535
f 1459 1535 1536
f 1459 1536 1537
f 1459 1537 1538
f 1459 1538 1461
f 1459 1461 1460
f 1461 1539 1540
f 1461 1540 1541
f 1461 1541 1542
f 1461 1542 1543
f 1461 1543 1463
f 1461 1463 1462
f 1461 1538 1537
f 1461 1537 1539
f 1463 1543 1544
f 1463 1544 1545
f 1463 1545 1546
f 1463 1546 1465
f 1463 1465 1464
f 1465 1546 1547
f 1465 1547 1466
f 1466 1547 1548
f 1466 1548 1549
f 1466 1549 1467
f 1467 1549 1469
f 1468 1471 1472
f 1469 1549 1470
f 1470 1550 1551
f 1470 1551 1552
f 1470 1552 1553
f 1470 1553 1554
f 1470 1554 1471
f 1470 1549 1550
f 1471 1554 1472
f 1472 1554 1553
f 1472 1553 1473
f 1473 1553 1474
f 1474 1553 1555
f 1474 1555 1475
f 1475 1555 1556
f 1475 1556 1476
f 1476 1556 1557
f 1476 1557 1558
f 1476 1558 1559
f 1476 1559 1560
f 1476 1560 1561
f 1476 1561 1477
f 1477 1561 1478
f 1478 1561 1560
f 1478 1560 1479
f 1479 1560 1480
f 1480 1560 1562
f 1480 1562 1563
f 1480 1563 1564
f 1480 1564 1565
f 1480 1565 1481
f 1481 1565 1566
f 1481 1566 1482
f 1486 1487 1567
f 1486 1567 1568
f 1486 1568 1493
f 1487 1569 1567
f 1488 1493 1570
f 1488 1570 1571
f 1488 1571 1489
f 1489 1571 1572
f 1489 1572 1490
f 1490 1572 1491
f 1491 1572 1573
f 1491 1573 1574
f 1491 1574 1492
f 1492 1574 1575
f 1492 1575 1494
f 1493 1568 1576
f 1493 1576 1570
f 1494 1575 1495
f 1495 1575 1577
f 1495 1577 1496
f 1496 1577 1578
f 1496 1578 1579
f 1496 1579 1497
f 1497 1579 1498
f 1498 1579 1499
f 1499 1579 1580
f 1499 1580 1505
f 1500 1581 1501
f 1500 1504 1582
f 1500 1582 1581
f 1501 1583 1584
f 1501 1584 1585
f 1501 1585 1513
f 1501 1513 1506
f 1501 1581 1583
f 1503 1586 1582
f 1503 1582 1504
f 1503 1505 1586
f 1505 1580 1587
f 1505 1587 1586
f 1508 1514 1588
f 1508 1588 1589
f 1508 1589 1590
f 1508 1590 1591
f 1508 1591 1592
f 1508 1592 1593
f 1508 1593 1509
f 1509 1593 1510
f 1510 1593 1594
f 1510 1594 1511
f 1511 1594 1512
f 1512 1594 1595
f 1512 1595 1515
f 1513 1585 1588
f 1513 1588 1514
f 1515 1595 1517
f 1515 1517 1516
f 1517 1595 1596
f 1517 1596 1597
f 1517 1597 1598
f 1517 1598 1599
f 1517 1599 1518
f 1518 1599 1519
f 1519 1599 1600
f 1519 1600 1520
f 1520 1600 1522
f 1520 1522 1521
f 1522 1601 1602
f 1522 1602 1603
f 1522 1603 1523
f 1522 1600 1601
f 1523 1603 1604
f 1523 1604 1524
f 1524 1604 1525
f 1525 1604 1605
f 1525 1605 1606
f 1525 1606 1607
f 1525 1607 1608
f 1525 1608 1609
f 1525 1609 1528
f 1525 1528 1527
f 1528 1531 1530
f 1528 1530 1529
f 1528 1609 1608
f 1528 1608 1610
f 1528 1610 1611
f 1528 1611 1531
f 1531 1611 1612
f 1531 1612 1613
f 1531 1613 1614
f 1531 1614 1615
f 1531 1615 1532
f 1532 1615 1616
f 1532 1616 1533
f 1536 1617 1618
f 1536 1618 1537
f 1537 1618 1619
f 1537 1619 1620
f 1537 1620 1621
f 1537 1621 1540
f 1537 1540 1539
f 1540 1620 1622
f 1540 1622 1623
f 1540 1623 1624
f 1540 1624 1625
f 1540 1625 1542
f 1540 1542 1541
f 1540 1621 1620
f 1542 1545 1544
f 1542 1544 1543
f 1542 1625 1626
f 1542 1626 1627
f 1542 1627 1545
f 1545 1548 1547
f 1545 1547 1546
f 1545 1627 1628
f 1545 1628 1629
f 1545 1629 1630
f 1545 1630 1631
f 1545 1631 1548
f 1548 1550 1549
f 1548 1631 1630
f 1548 1630 1632
f 1548 1632 1633
f 1548 1633 1634
f 1548 1634 1550
f 1550 1634 1635
f 1550 1635 1551
f 1551 1635 1636
f 1551 1636 1637
f 1551 1637 1552
f 1552 1637 1553
f 1553 1556 1555
f 1553 1637 1638
f 1553 1638 1639
f 1553 1639 1640
f 1553 1640 1556
f 1556 1640 1641
f 1556 1641 1557
f 1557 1641 1642
f 1557 1642 1558
f 1558 1642 1643
f 1558 1643 1644
f 1558 1644 1645
f 1558 1645 1646
f 1558 1646 1647
f 1558 1647 1559
f 1559 1647 1560
f 1560 1647 1562
f 1562 1647 1646
f 1562 1646 1563
f 1563 1648 1649
f 1563 1649 1564
f 1563 1646 1650
f 1563 1650 1648
f 1564 1566 1565
f 1564 1649 1651
f 1567 1569 1652
f 1567 1652 1568
f 1568 1652 1653
f 1568 1653 1576
f 1569 1654 1655
f 1569 1655 1653
f 1569 1653 1652
f 1570 1576 1656
f 1570 1656 1657
f 1570 1657 1571
f 1571 1657 1658
f 1571 1658 1572
f 1572 1658 1573
f 1573 1658 1659
f 1573 1659 1660
f 1573 1660 1574
f 1574 1660 1661
f 1574 1661 1575
f 1575 1661 1577
f 1576 1653 1662
f 1576 1662 1656
f 1577 1661 1578
f 1578 1661 1663
f 1578 1663 1664
f 1578 1664 1665
f 1578 1665 1579
f 1579 1665 1580
f 1580 1665 1587
f 1581 1582 1583
f 1582 1586 1666
f 1582 1666 1667
f 1582 1667 1583
f 1583 1668 1669
f 1583 1669 1585
f 1583 1585 1584
f 1583 1667 1668
f 1585 1670 1589
f 1585 1589 1588
f 1585 1669 1671
f 1585 1671 1670
f 1586 1587 1666
f 1587 1672 1666
f 1587 1665 1664
f 1587 1664 1672
f 1589 1673 1674
f 1589 1674 1591
f 1589 1591 1590
f 1589 1670 1673
f 1591 1675 1676
f 1591 1676 1677
f 1591 1677 1678
f 1591 1678 1679
f 1591 1679 1593
f 1591 1593 1592
f 1591 1674 1680
f 1591 1680 1675
f 1593 1679 1681
f 1593 1681 1596
f 1593 1596 1594
f 1594 1596 1595
f 1596 1681 1682
f 1596 1682 1683
f 1596 1683 1684
f 1596 1684 1597
f 1597 1684 1683
f 1597 1683 1685
f 1597 1685 1686
f 1597 1686 1687
f 1597 1687 1601
f 1597 1601 1599
f 1597 1599 1598
f 1599 1601 1600
f 1601 1687 1688
f 1601 1688 1602
f 1602 1688 1689
f 1602 1689 1603
f 1603 1689 1604
f 1604 1689 1690
f 1604 1690 1691
f 1604 1691 1605
f 1605 1691 1606
f 1606 1692 1693
f 1606 1693 1694
f 1606 1694 1695
f 1606 1695 1696
f 1606 1696 1697
f 1606 1697 1608
f 1606 1608 1607
f 1606 1691 1692
f 1608 1612 1610
f 1608 1697 1696
f 1608 1696 1698
f 1608 1698 1699
f 1608 1699 1700
f 1608 1700 1612
f 1610 1612 1611
f 1612 1700 1699
f 1612 1699 1701
f 1612 1701 1702
f 1612 1702 1614
f 1612 1614 1613
f 1614 1702 1703
f 1614 1703 1704
f 1614 1704 1705
f 1614 1705 1616
f 1614 1616 1615
f 1617 1706 1618
f 1618 1706 1619
f 1619 1707 1620
f 1620 1707 1708
f 1620 1708 1709
f 1620 1709 1622
f 1622 1709 1710
f 1622 1710 1623
f 1623 1710 1711
f 1623 1711 1624
f 1624 1711 1712
f 1624 1712 1626
f 1624 1626 1625
f 1626 1712 1628
f 1626 1628 1627
f 1628 1712 1713
f 1628 1713 1714
f 1628 1714 1630
f 1628 1630 1629
f 1630 1714 1715
f 1630 1715 1716
f 1630 1716 1717
f 1630 1717 1633
f 1630 1633 1632
f 1633 1636 1635
f 1633 1635 1634
f 1633 1717 1716
f 1633 1716 1718
f 1633 1718 1719
f 1633 1719 1720
f 1633 1720 1636
f 1636 1720 1719
f 1636 1719 1721
f 1636 1721 1722
f 1636 1722 1723
f 1636 1723 1637
f 1637 1723 1724
f 1637 1724 1639
f 1637 1639 1638
f 1639 1642 1641
f 1639 1641 1640
f 1639 1724 1725
f 1639 1725 1726
f 1639 1726 1727
f 1639 1727 1642
f 1642 1727 1728
f 1642 1728 1643
f 1643 1728 1729
f 1643 1729 1644
f 1644 1729 1730
f 1644 1730 1731
f 1644 1731 1732
f 1644 1732 1733
f 1644 1733 1734
f 1644 1734 1645
f 1645 1734 1646
f 1646 1734 1733
f 1646 1733 1650
f 1648 1651 1649
f 1648 1650 1735
f 1648 1735 1736
f 1650 1733 1737
f 1650 1737 1738
f 1650 1738 1739
f 1650 1739 1735
f 1653 1655 1740
f 1653 1740 1662
f 1654 1741 1655
f 1655 1741 1740
f 1656 1742 1657
f 1656 1662 1743
f 1656 1743 1742
f 1657 1742 1744
f 1657 1744 1658
f 1658 1744 1659
f 1659 1744 1745
f 1659 1745 1746
f 1659 1746 1660
f 1660 1746 1747
f 1660 1747 1661
f 1661 1747 1663
f 1662 1740 1748
f 1662 1748 1743
f 1663 1747 1749
f 1663 1749 1664
f 1664 1749 1750
f 1664 1750 1672
f 1666 1751 1752
f 1666 1752 1668
f 1666 1668 1667
f 1666 1672 1751
f 1668 1752 1753
f 1668 1753 1754
f 1668 1754 1671
f 1668 1671 1669
f 1670 1671 1755
f 1670 1755 1673
f 1671 1754 1756
f 1671 1756 1755
f 1672 1750 1751
f 1673 1755 1757
f 1673 1757 1758
f 1673 1758 1680
f 1673 1680 1674
f 1675 1680 1676
f 1676 1759 1760
f 1676 1760 1761
f 1676 1761 1762
f 1676 1762 1763
f 1676 1763 1678
f 1676 1678 1677
f 1676 1680 1764
f 1676 1764 1765
f 1676 1765 1759
f 1678 1681 1679
f 1678 1763 1766
f 1678 1766 1683
f 1678 1683 1681
f 1680 1758 1767
f 1680 1767 1764
f 1681 1683 1682
f 1683 1766 1768
f 1683 1768 1769
f 1683 1769 1770
f 1683 1770 1771
f 1683 1771 1685
f 1685 1771 1686
f 1686 1771 1687
f 1687 1771 1772
f 1687 1772 1773
f 1687 1773 1688
f 1688 1773 1689
f 1689 1774 1775
f 1689 1775 1692
f 1689 1692 1690
f 1689 1773 1774
f 1690 1692 1691
f 1692 1775 1776
f 1692 1776 1777
f 1692 1777 1778
f 1692 1778 1694
f 1692 1694 1693
f 1694 1779 1780
f 1694 1780 1781
f 1694 1781 1711
f 1694 1711 1782
f 1694 1782 1696
f 1694 1696 1695
f 1694 1778 1779
f 1696 1782 1783
f 1696 1783 1784
f 1696 1784 1699
f 1696 1699 1698
f 1699 1785 1786
f 1699 1786 1701
f 1699 1784 1787
f 1699 1787 1788
f 1699 1788 1785
f 1701 1786 1702
f 1702 1786 1703
f 1703 1786 1789
f 1707 1790 1708
f 1708 1790 1791
f 1708 1791 1709
f 1709 1791 1787
f 1709 1787 1710
f 1710 1787 1783
f 1710 1783 1711
f 1711 1783 1782
f 1711 1781 1712
f 1712 1781 1780
f 1712 1780 1713
f 1713 1780 1779
f 1713 1779 1792
f 1713 1792 1714
f 1714 1792 1715
f 1715 1792 1716
f 1716 1792 1793
f 1716 1793 1794
f 1716 1794 1795
f 1716 1795 1719
f 1716 1719 1718
f 1719 1722 1721
f 1719 1795 1796
f 1719 1796 1797
f 1719 1797 1798
f 1719 1798 1799
f 1719 1799 1722
f 1722 1800 1723
f 1722 1799 1801
f 1722 1801 1802
f 1722 1802 1800
f 1723 1800 1724
f 1724 1800 1725
f 1725 1800 1726
f 1726 1728 1727
f 1726 1800 1803
f 1726 1803 1804
f 1726 1804 1805
f 1726 1805 1728
f 1728 1805 1729
f 1729 1805 1806
f 1729 1806 1730
f 1730 1806 1731
f 1731 1807 1808
f 1731 1808 1732
f 1731 1806 1809
f 1731 1809 1810
f 1731 1810 1811
f 1731 1811 1812
f 1731 1812 1807
f 1732 1808 1733
f 1733 1808 1737
f 1735 1739 1736
f 1737 1808 1738
f 1738 1807 1813
f 1738 1813 1814
f 1738 1814 1815
f 1738 1815 1739
f 1738 1808 1807
f 1740 1741 1816
f 1740 1816 1748
f 1742 1743 1817
f 1742 1817 1818
f 1742 1818 1745
f 1742 1745 1744
f 1743 1748 1819
f 1743 1819 1817
f 1745 1818 1820
f 1745 1820 1821
f 1745 1821 1746
f 1746 1821 1822
f 1746 1822 1749
f 1746 1749 1747
f 1748 1823 1819
f 1748 1816 1824
f 1748 1824 1823
f 1749 1822 1825
f 1749 1825 1750
f 1750 1825 1751
f 1751 1825 1826
f 1751 1826 1753
f 1751 1753 1752
f 1753 1827 1828
f 1753 1828 1754
f 1753 1826 1827
f 1754 1828 1756
f 1755 1756 1757
f 1756 1828 1829
f 1756 1829 1757
f 1757 1830 1831
f 1757 1831 1758
f 1757 1829 1830
f 1758 1831 1767
f 1759 1765 1760
f 1760 1832 1833
f 1760 1833 1834
f 1760 1834 1835
f 1760 1835 1836
f 1760 1836 1762
f 1760 1762 1761
f 1760 1765 1837
f 1760 1837 1838
f 1760 1838 1832
f 1762 1836 1839
f 1762 1839 1840
f 1762 1840 1766
f 1762 1766 1763
f 1764 1767 1765
f 1765 1841 1837
f 1765 1767 1842
f 1765 1842 1841
f 1766 1840 1769
f 1766 1769 1768
f 1767 1831 1843
f 1767 1843 1842
f 1769 1839 1844
f 1769 1844 1845
f 1769 1845 1846
f 1769 1846 1847
f 1769 1847 1771
f 1769 1771 1770
f 1769 1840 1839
f 1771 1847 1848
f 1771 1848 1772
f 1772 1848 1849
f 1772 1849 1773
f 1773 1849 1850
f 1773 1850 1774
f 1774 1850 1776
f 1774 1776 1775
f 1776 1851 1852
f 1776 1852 1779
f 1776 1779 1777
f 1776 1850 1851
f 1777 1779 1778
f 1779 1852 1793
f 1779 1793 1792
f 1783 1787 1784
f 1785 1788 1853
f 1785 1853 1854
f 1785 1854 1786
f 1786 1854 1789
f 1787 1791 1788
f 1788 1791 1853
f 1790 1855 1791
f 1791 1855 1853
f 1793 1852 1851
f 1793 1851 1794
f 1794 1851 1796
f 1794 1796 1795
f 1796 1851 1856
f 1796 1856 1857
f 1796 1857 1847
f 1796 1847 1858
f 1796 1858 1798
f 1796 1798 1797
f 1798 1859 1801
f 1798 1801 1799
f 1798 1858 1860
f 1798 1860 1845
f 1798 1845 1861
f 1798 1861 1859
f 1800 1802 1803
f 1801 1859 1802
f 1802 1859 1862
f 1802 1862 1863
f 1802 1863 1864
f 1802 1864 1865
f 1802 1865 1804
f 1802 1804 1803
f 1804 1865 1805
f 1805 1865 1806
f 1806 1865 1809
f 1807 1812 1813
f 1809 1865 1866
f 1809 1866 1810
f 1810 1866 1811
f 1811 1867 1868
f 1811 1868 1869
f 1811 1869 1870
f 1811 1870 1812
f 1811 1866 1867
f 1812 1870 1871
f 1812 1871 1813
f 1813 1871 1872
f 1813 1872 1814
f 1814 1872 1873
f 1816 1874 1824
f 1817 1819 1875
f 1817 1875 1876
f 1817 1876 1818
f 1818 1876 1820
f 1819 1823 1877
f 1819 1877 1875
f 1820 1876 1878
f 1820 1878 1879
f 1820 1879 1880
f 1820 1880 1881
f 1820 1881 1882
f 1820 1882 1821
f 1821 1882 1822
f 1822 1882 1825
f 1823 1824 1874
f 1823 1874 1883
f 1823 1883 1884
f 1823 1884 1877
f 1825 1882 1885
f 1825 1885 1886
f 1825 1886 1826
f 1826 1886 1827
f 1827 1886 1885
f 1827 1885 1887
f 1827 1887 1829
f 1827 1829 1828
f 1829 1887 1888
f 1829 1888 1889
f 1829 1889 1890
f 1829 1890 1891
f 1829 1891 1830
f 1830 1891 1890
f 1830 1890 1843
f 1830 1843 1831
f 1832 1838 1833
f 1833 1892 1893
f 1833 1893 1863
f 1833 1863 1894
f 1833 1894 1835
f 1833 1835 1834
f 1833 1838 1895
f 1833 1895 1892
f 1835 1839 1836
f 1835 1894 1896
f 1835 1896 1897
f 1835 1897 1839
f 1837 1841 1838
f 1838 1841 1898
f 1838 1898 1899
f 1838 1899 1895
f 1839 1897 1844
f 1841 1842 1843
f 1841 1843 1900
f 1841 1900 1901
f 1841 1901 1898
f 1843 1890 1902
f 1843 1902 1903
f 1843 1903 1900
f 1844 1897 1845
f 1845 1904 1861
f 1845 1860 1847
f 1845 1847 1846
f 1845 1897 1904
f 1847 1860 1858
f 1847 1857 1849
f 1847 1849 1848
f 1849 1857 1856
f 1849 1856 1850
f 1850 1856 1851
f 1853 1855 1905
f 1853 1905 1854
f 1859 1861 1904
f 1859 1904 1862
f 1862 1904 1863
f 1863 1906 1864
f 1863 1904 1896
f 1863 1896 1894
f 1863 1893 1907
f 1863 1907 1906
f 1864 1906 1865
f 1865 1906 1907
f 1865 1907 1866
f 1866 1907 1908
f 1866 1908 1868
f 1866 1868 1867
f 1868 1908 1892
f 1868 1892 1909
f 1868 1909 1899
f 1868 1899 1910
f 1868 1910 1911
f 1868 1911 1912
f 1868 1912 1869
f 1869 1912 1913
f 1869 1913 1870
f 1870 1913 1914
f 1870 1914 1871
f 1871 1914 1915
f 1871 1915 1872
f 1872 1915 1916
f 1872 1916 1873
f 1873 1916 1917
f 1874 1918 1883
f 1875 1877 1919
f 1875 1919 1878
f 1875 1878 1876
f 1877 1884 1920
f 1877 1920 1919
f 1878 1919 1921
f 1878 1921 1922
f 1878 1922 1923
f 1878 1923 1880
f 1878 1880 1879
f 1880 1885 1881
f 1880 1923 1924
f 1880 1924 1885
f 1881 1885 1882
f 1883 1918 1925
f 1883 1925 1884
f 1884 1925 1926
f 1884 1926 1920
f 1885 1924 1888
f 1885 1888 1887
f 1888 1924 1889
f 1889 1924 1927
f 1889 1927 1890
f 1890 1928 1902
f 1890 1927 1928
f 1892 1895 1909
f 1892 1908 1907
f 1892 1907 1893
f 1895 1899 1909
f 1896 1904 1897
f 1898 1901 1899
f 1899 1901 1929
f 1899 1929 1911
f 1899 1911 1910
f 1900 1903 1901
f 1901 1930 1929
f 1901 1903 1931
f 1901 1931 1930
f 1902 1928 1932
f 1902 1932 1903
f 1903 1932 1931
f 1911 1929 1930
f 1911 1930 1933
f 1911 1933 1934
f 1911 1934 1912
f 1912 1934 1913
f 1913 1934 1935
f 1913 1935 1914
f 1914 1935 1936
f 1914 1936 1915
f 1915 1936 1937
f 1915 1937 1938
f 1915 1938 1916
f 1916 1938 1939
f 1916 1939 1917
f 1919 1920 1940
f 1919 1940 1921
f 1920 1941 1940
f 1920 1926 1941
f 1921 1940 1942
f 1921 1942 1922
f 1922 1924 1923
f 1922 1942 1943
f 1922 1943 1924
f 1924 1943 1944
f 1924 1944 1928
f 1924 1928 1927
f 1926 1945 1941
f 1928 1944 1946
f 1928 1946 1932
f 1930 1931 1932
f 1930 1932 1947
f 1930 1947 1948
f 1930 1948 1933
f 1932 1949 1947
f 1932 1946 1949
f 1933 1948 1934
f 1934 1948 1950
f 1934 1950 1935
f 1935 1950 1951
f 1935 1951 1952
f 1935 1952 1936
f 1936 1952 1937
f 1937 1953 1938
f 1937 1952 1951
f 1937 1951 1954
f 1937 1954 1955
f 1937 1955 1956
f 1937 1956 1953
f 1938 1953 1957
f 1938 1957 1939
f 1940 1941 1958
f 1940 1958 1942
f 1941 1945 1959
f 1941 1959 1960
f 1941 1960 1958
f 1942 1961 1943
f 1942 1958 1961
f 1943 1961 1962
f 1943 1962 1949
f 1943 1949 1946
f 1943 1946 1944
f 1945 1963 1960
f 1945 1960 1959
f 1947 1949 1948
f 1948 1951 1950
f 1948 1949 1964
f 1948 1964 1951
f 1949 1962 1964
f 1951 1964 1965
f 1951 1965 1966
f 1951 1966 1954
f 1953 1956 1957
f 1954 1966 1955
f 1955 1966 1967
f 1955 1967 1968
f 1955 1968 1956
f 1958 1960 1969
f 1958 1969 1961
f 1960 1963 1969
f 1961 1969 1965
f 1961 1965 1962
f 1962 1965 1964
f 1963 1970 1971
f 1963 1971 1969
f 1965 1969 1967
f 1965 1967 1966
f 1967 1972 1968
f 1967 1969 1971
f 1967 1971 1970
f 1967 1970 1972
